source	target	correlation	p_value
g__Acetatifactor	g__Adlercreutzia	0.1493	0.0034649660962221
g__Acetatifactor	g__Agathobacter	0.2056	0.0034649660962221
g__Acetatifactor	g__Agathobaculum	0.168	0.0034649660962221
g__Acetatifactor	g__Alistipes	0.2555	0.0034649660962221
g__Acetatifactor	g__Alistipes_A	-0.1019	0.0110886075949367
g__Acetatifactor	g__Alitiscatomonas	0.1253	0.0179491039426523
g__Acetatifactor	g__Allocoprobacillus	-0.1097	0.0222686188609637
g__Acetatifactor	g__Amedibacterium	-0.1878	0.0034649660962221
g__Acetatifactor	g__Anaerobutyricum	0.2231	0.0034649660962221
g__Acetatifactor	g__Anaerofustis	-0.1727	0.0034649660962221
g__Acetatifactor	g__Anaerotignum	0.1645	0.0061743383199079
g__Acetatifactor	g__Anaerotruncus	-0.0937	0.0347957198443579
g__Acetatifactor	g__Anthropogastromicrobium	0.2499	0.0034649660962221
g__Acetatifactor	g__Bariatricus	0.1925	0.0034649660962221
g__Acetatifactor	g__Bifidobacterium	-0.1511	0.0034649660962221
g__Acetatifactor	g__Bittarella	-0.1676	0.0034649660962221
g__Acetatifactor	g__Blautia	-0.1877	0.0034649660962221
g__Acetatifactor	g__Brotaphodocola	0.1948	0.0034649660962221
g__Acetatifactor	g__CAG-170	0.1255	0.0061743383199079
g__Acetatifactor	g__CAG-217	0.0923	0.0327878655608904
g__Acetatifactor	g__Choladousia	0.1682	0.0034649660962221
g__Acetatifactor	g__Clostridium_AP	-0.1291	0.0061743383199079
g__Acetatifactor	g__Collinsella	0.12	0.0179491039426523
g__Acetatifactor	g__Coprococcus_A	0.2339	0.0034649660962221
g__Acetatifactor	g__Dialister	-0.1047	0.0286861216306527
g__Acetatifactor	g__Dorea	0.1622	0.0034649660962221
g__Acetatifactor	g__Dorea_A	0.1965	0.0034649660962221
g__Acetatifactor	g__Dysosmobacter	0.2912	0.0034649660962221
g__Acetatifactor	g__Eggerthella	-0.1568	0.0061743383199079
g__Acetatifactor	g__Enterobacter	-0.2247	0.0034649660962221
g__Acetatifactor	g__Enterococcus	-0.2386	0.0034649660962221
g__Acetatifactor	g__Enterococcus_A	-0.2436	0.0034649660962221
g__Acetatifactor	g__Enterococcus_B	-0.1905	0.0034649660962221
g__Acetatifactor	g__Eubacterium_G	0.1759	0.0034649660962221
g__Acetatifactor	g__Eubacterium_I	0.2011	0.0034649660962221
g__Acetatifactor	g__Evtepia	0.1699	0.0034649660962221
g__Acetatifactor	g__Faecalibacterium	0.2351	0.0034649660962221
g__Acetatifactor	g__Faecalimonas	-0.2893	0.0034649660962221
g__Acetatifactor	g__Finegoldia	-0.2447	0.0034649660962221
g__Acetatifactor	g__Flavonifractor	-0.1916	0.0034649660962221
g__Acetatifactor	g__Fusicatenibacter	0.1798	0.0034649660962221
g__Acetatifactor	g__Fusobacterium_A	-0.2058	0.0034649660962221
g__Acetatifactor	g__Gallintestinimicrobium	0.2313	0.0034649660962221
g__Acetatifactor	g__Gemella	-0.2378	0.0034649660962221
g__Acetatifactor	g__Gemmiger	0.2553	0.0034649660962221
g__Acetatifactor	g__Granulicatella	-0.2463	0.0034649660962221
g__Acetatifactor	g__Hominenteromicrobium	0.178	0.0034649660962221
g__Acetatifactor	g__Hominicoprocola	0.3526	0.0034649660962221
g__Acetatifactor	g__Hominilimicola	0.2009	0.0034649660962221
g__Acetatifactor	g__Hominimerdicola	0.1559	0.0061743383199079
g__Acetatifactor	g__Hominiventricola	0.353	0.0034649660962221
g__Acetatifactor	g__Hungatella	-0.1868	0.0034649660962221
g__Acetatifactor	g__Intestinibacter	-0.1342	0.0034649660962221
g__Acetatifactor	g__Klebsiella	-0.2308	0.0034649660962221
g__Acetatifactor	g__Lachnoclostridium_B	0.1407	0.0086984598757092
g__Acetatifactor	g__Lachnospira	0.2444	0.0034649660962221
g__Acetatifactor	g__Lacticaseibacillus	-0.2545	0.0034649660962221
g__Acetatifactor	g__Lactiplantibacillus	-0.1934	0.0034649660962221
g__Acetatifactor	g__Lactobacillus	-0.168	0.0034649660962221
g__Acetatifactor	g__Lactococcus	-0.2356	0.0034649660962221
g__Acetatifactor	g__Lactonifactor	-0.1364	0.0034649660962221
g__Acetatifactor	g__Lancefieldella	-0.2651	0.0034649660962221
g__Acetatifactor	g__Latilactobacillus	-0.1143	0.0086984598757092
g__Acetatifactor	g__Lawsonibacter	0.1712	0.0034649660962221
g__Acetatifactor	g__Lentihominibacter	0.192	0.0034649660962221
g__Acetatifactor	g__Leuconostoc	-0.186	0.0034649660962221
g__Acetatifactor	g__Ligilactobacillus	-0.1767	0.0034649660962221
g__Acetatifactor	g__Limivivens	0.2295	0.0034649660962221
g__Acetatifactor	g__Limosilactobacillus	-0.2454	0.0034649660962221
g__Acetatifactor	g__Longicatena	-0.2179	0.0034649660962221
g__Acetatifactor	g__Massilioclostridium	-0.2459	0.0034649660962221
g__Acetatifactor	g__Mediterraneibacter	0.1831	0.0034649660962221
g__Acetatifactor	g__Merdibacter	-0.1732	0.0034649660962221
g__Acetatifactor	g__Merdimmobilis	-0.1557	0.0034649660962221
g__Acetatifactor	g__Merdimonas	-0.1556	0.0034649660962221
g__Acetatifactor	g__Muricomes	-0.1484	0.0034649660962221
g__Acetatifactor	g__Murimonas	0.2518	0.0034649660962221
g__Acetatifactor	g__Nanosynbacter	-0.1909	0.0034649660962221
g__Acetatifactor	g__Oliverpabstia	0.1517	0.0110886075949367
g__Acetatifactor	g__Onthenecus	0.1566	0.0061743383199079
g__Acetatifactor	g__Otoolea	0.1041	0.0425744414282731
g__Acetatifactor	g__Parabacteroides	0.1203	0.0110886075949367
g__Acetatifactor	g__Pauljensenia	-0.2293	0.0034649660962221
g__Acetatifactor	g__Pediococcus	-0.23	0.0034649660962221
g__Acetatifactor	g__Peptostreptococcus	-0.1937	0.0034649660962221
g__Acetatifactor	g__Prevotella	0.1213	0.0110886075949367
g__Acetatifactor	g__Pseudobutyricicoccus	-0.0839	0.0425744414282731
g__Acetatifactor	g__Pseudoflavonifractor_A	-0.1655	0.0034649660962221
g__Acetatifactor	g__Roseburia	0.2024	0.0034649660962221
g__Acetatifactor	g__Roseburia_D	0.162	0.0034649660962221
g__Acetatifactor	g__Rothia	-0.1989	0.0034649660962221
g__Acetatifactor	g__Ruminococcus_B	-0.3344	0.0034649660962221
g__Acetatifactor	g__Ruminococcus_E	0.107	0.0179491039426523
g__Acetatifactor	g__Sarcina	-0.1756	0.0034649660962221
g__Acetatifactor	g__Sellimonas	-0.183	0.0034649660962221
g__Acetatifactor	g__Streptococcus	-0.2198	0.0034649660962221
g__Acetatifactor	g__Terrisporobacter	-0.1242	0.0061743383199079
g__Acetatifactor	g__Thomasclavelia	-0.2457	0.0034649660962221
g__Acetatifactor	g__Tyzzerella	-0.1099	0.0286861216306527
g__Acetatifactor	g__UBA3402	0.1117	0.0179491039426523
g__Acetatifactor	g__Veillonella	-0.1804	0.0034649660962221
g__Acetatifactor	g__Vescimonas	0.1686	0.0034649660962221
g__Acetatifactor	g__Weissella	-0.1352	0.0086984598757092
g__Acetatifactor	g__Wujia	0.1997	0.0034649660962221
g__Acutalibacter	g__Agathobacter	-0.1013	0.0327878655608904
g__Acutalibacter	g__Agathobaculum	-0.1019	0.0286861216306527
g__Acutalibacter	g__Alitiscatomonas	-0.1209	0.0110886075949367
g__Acutalibacter	g__Allocoprobacillus	0.285	0.0034649660962221
g__Acutalibacter	g__Anaerobutyricum	-0.1353	0.0061743383199079
g__Acutalibacter	g__Anaerofustis	0.1173	0.0061743383199079
g__Acutalibacter	g__Anaeromassilibacillus	0.4198	0.0034649660962221
g__Acutalibacter	g__Anthropogastromicrobium	-0.1134	0.0201190531989688
g__Acutalibacter	g__Bariatricus	-0.1471	0.0034649660962221
g__Acutalibacter	g__Bifidobacterium	0.0949	0.0425744414282731
g__Acutalibacter	g__Brotaphodocola	-0.1604	0.0034649660962221
g__Acutalibacter	g__CAG-177	0.1084	0.0134305381727158
g__Acutalibacter	g__Choladousia	-0.1134	0.0110886075949367
g__Acutalibacter	g__Clostridium_A	0.1458	0.0061743383199079
g__Acutalibacter	g__Clostridium_AP	0.1413	0.0034649660962221
g__Acutalibacter	g__Coprococcus_A	-0.1264	0.0134305381727158
g__Acutalibacter	g__Dialister	0.1104	0.0134305381727158
g__Acutalibacter	g__Dorea	-0.1126	0.0201190531989688
g__Acutalibacter	g__Dorea_A	-0.1652	0.0034649660962221
g__Acutalibacter	g__Eggerthella	0.1207	0.0086984598757092
g__Acutalibacter	g__Enterococcus_A	0.0882	0.0445362108321228
g__Acutalibacter	g__Eubacterium_I	-0.1107	0.0222686188609637
g__Acutalibacter	g__Faecalibacterium	-0.1282	0.0034649660962221
g__Acutalibacter	g__Faecalimonas	0.1101	0.0201190531989688
g__Acutalibacter	g__Finegoldia	0.1145	0.0061743383199079
g__Acutalibacter	g__Flavonifractor	0.1685	0.0034649660962221
g__Acutalibacter	g__Fusicatenibacter	-0.1597	0.0034649660962221
g__Acutalibacter	g__Gallintestinimicrobium	-0.1904	0.0034649660962221
g__Acutalibacter	g__Gemmiger	-0.1639	0.0061743383199079
g__Acutalibacter	g__Gordonibacter	0.0987	0.0222686188609637
g__Acutalibacter	g__Guopingia	0.2146	0.0034649660962221
g__Acutalibacter	g__Hominenteromicrobium	-0.1762	0.0034649660962221
g__Acutalibacter	g__Hominibacterium	0.194	0.0034649660962221
g__Acutalibacter	g__Hominicoprocola	-0.1195	0.0034649660962221
g__Acutalibacter	g__Hominiventricola	-0.1519	0.0034649660962221
g__Acutalibacter	g__Hungatella	0.1132	0.0201190531989688
g__Acutalibacter	g__Lacticaseibacillus	0.1357	0.0061743383199079
g__Acutalibacter	g__Lactobacillus	0.1055	0.0110886075949367
g__Acutalibacter	g__Lactonifactor	0.1238	0.0086984598757092
g__Acutalibacter	g__Limivivens	-0.0988	0.040656282887813
g__Acutalibacter	g__Limosilactobacillus	0.1132	0.0110886075949367
g__Acutalibacter	g__Longicatena	0.1224	0.0061743383199079
g__Acutalibacter	g__Massilioclostridium	0.1989	0.0034649660962221
g__Acutalibacter	g__Mediterraneibacter	-0.1158	0.0201190531989688
g__Acutalibacter	g__Merdibacter	0.2758	0.0034649660962221
g__Acutalibacter	g__Merdimonas	0.2532	0.0034649660962221
g__Acutalibacter	g__Merdivicinus	0.2757	0.0034649660962221
g__Acutalibacter	g__Muricomes	0.1463	0.0034649660962221
g__Acutalibacter	g__Murimonas	-0.1318	0.0061743383199079
g__Acutalibacter	g__Negativibacillus	0.3289	0.0034649660962221
g__Acutalibacter	g__Odoribacter	-0.1005	0.0327878655608904
g__Acutalibacter	g__Oliverpabstia	-0.1361	0.0061743383199079
g__Acutalibacter	g__Onthenecus	-0.0959	0.0387318471337579
g__Acutalibacter	g__Pararoseburia	-0.0851	0.0482884025363059
g__Acutalibacter	g__Pediococcus	0.1618	0.0034649660962221
g__Acutalibacter	g__Phocaeicola	-0.1311	0.0134305381727158
g__Acutalibacter	g__Prevotella	-0.1257	0.0110886075949367
g__Acutalibacter	g__Roseburia	-0.1293	0.0110886075949367
g__Acutalibacter	g__Ruminococcus_B	0.1296	0.0061743383199079
g__Acutalibacter	g__Ruthenibacterium	0.1702	0.0034649660962221
g__Acutalibacter	g__Sellimonas	0.1694	0.0061743383199079
g__Acutalibacter	g__Thomasclavelia	0.1279	0.0061743383199079
g__Acutalibacter	g__Turicibacter	0.1195	0.0110886075949367
g__Acutalibacter	g__UBA3402	-0.1199	0.0061743383199079
g__Acutalibacter	g__Wujia	-0.1155	0.0134305381727158
g__Adlercreutzia	g__Agathobacter	0.1135	0.0179491039426523
g__Adlercreutzia	g__Agathobaculum	0.0996	0.0308089664310954
g__Adlercreutzia	g__Alistipes	0.24	0.0034649660962221
g__Adlercreutzia	g__Amedibacterium	-0.1551	0.0034649660962221
g__Adlercreutzia	g__Anaerobutyricum	0.1578	0.0034649660962221
g__Adlercreutzia	g__Anaerofustis	-0.1515	0.0034649660962221
g__Adlercreutzia	g__Aristaeella	0.1491	0.0061743383199079
g__Adlercreutzia	g__Bariatricus	0.191	0.0034649660962221
g__Adlercreutzia	g__Bittarella	-0.0882	0.040656282887813
g__Adlercreutzia	g__Blautia	-0.1821	0.0034649660962221
g__Adlercreutzia	g__CAG-170	0.0963	0.0201190531989688
g__Adlercreutzia	g__Choladousia	0.141	0.0034649660962221
g__Adlercreutzia	g__Clostridium_AP	-0.1178	0.0061743383199079
g__Adlercreutzia	g__Collinsella	0.1349	0.0110886075949367
g__Adlercreutzia	g__Coprococcus_A	0.2482	0.0034649660962221
g__Adlercreutzia	g__Dialister	-0.1345	0.0034649660962221
g__Adlercreutzia	g__Dorea	0.1163	0.0134305381727158
g__Adlercreutzia	g__Dorea_A	0.1126	0.0286861216306527
g__Adlercreutzia	g__Eggerthella	-0.145	0.0061743383199079
g__Adlercreutzia	g__Enterocloster	-0.1331	0.0061743383199079
g__Adlercreutzia	g__Enterococcus	-0.1104	0.0086984598757092
g__Adlercreutzia	g__Enterococcus_A	-0.1316	0.0134305381727158
g__Adlercreutzia	g__Enterococcus_B	-0.1615	0.0061743383199079
g__Adlercreutzia	g__Eubacterium_G	0.142	0.0061743383199079
g__Adlercreutzia	g__Eubacterium_I	0.1594	0.0034649660962221
g__Adlercreutzia	g__Evtepia	0.2197	0.0034649660962221
g__Adlercreutzia	g__Faecalimonas	-0.2011	0.0034649660962221
g__Adlercreutzia	g__Finegoldia	-0.1145	0.0086984598757092
g__Adlercreutzia	g__Flavonifractor	-0.1973	0.0034649660962221
g__Adlercreutzia	g__Fusobacterium_A	-0.144	0.0034649660962221
g__Adlercreutzia	g__Gallintestinimicrobium	0.1585	0.0034649660962221
g__Adlercreutzia	g__Gemella	-0.1526	0.0034649660962221
g__Adlercreutzia	g__Gemmiger	0.2639	0.0034649660962221
g__Adlercreutzia	g__Granulicatella	-0.1312	0.0061743383199079
g__Adlercreutzia	g__Haemophilus_D	-0.1684	0.0034649660962221
g__Adlercreutzia	g__Hominenteromicrobium	0.1524	0.0034649660962221
g__Adlercreutzia	g__Hominibacterium	0.1866	0.0034649660962221
g__Adlercreutzia	g__Hominicoprocola	0.2254	0.0034649660962221
g__Adlercreutzia	g__Hominilimicola	0.1709	0.0034649660962221
g__Adlercreutzia	g__Hominiventricola	0.1213	0.0134305381727158
g__Adlercreutzia	g__Hungatella	-0.1503	0.0034649660962221
g__Adlercreutzia	g__Intestinibacter	-0.141	0.0110886075949367
g__Adlercreutzia	g__Lachnoclostridium_B	0.2462	0.0034649660962221
g__Adlercreutzia	g__Lacticaseibacillus	-0.1359	0.0061743383199079
g__Adlercreutzia	g__Lactiplantibacillus	-0.1088	0.0134305381727158
g__Adlercreutzia	g__Lactobacillus	-0.1062	0.0222686188609637
g__Adlercreutzia	g__Lactococcus	-0.1074	0.0179491039426523
g__Adlercreutzia	g__Lancefieldella	-0.162	0.0034649660962221
g__Adlercreutzia	g__Lentihominibacter	0.2147	0.0034649660962221
g__Adlercreutzia	g__Leuconostoc	-0.0957	0.0387318471337579
g__Adlercreutzia	g__Limivivens	0.1846	0.0034649660962221
g__Adlercreutzia	g__Limosilactobacillus	-0.1018	0.0222686188609637
g__Adlercreutzia	g__Longicatena	-0.1379	0.0034649660962221
g__Adlercreutzia	g__Merdibacter	-0.1142	0.0034649660962221
g__Adlercreutzia	g__Murimonas	0.137	0.0034649660962221
g__Adlercreutzia	g__Nanosynbacter	-0.1812	0.0034649660962221
g__Adlercreutzia	g__Odoribacter	0.1049	0.0387318471337579
g__Adlercreutzia	g__Oliverpabstia	0.1604	0.0034649660962221
g__Adlercreutzia	g__Onthenecus	0.105	0.0201190531989688
g__Adlercreutzia	g__Pediococcus	-0.1439	0.0034649660962221
g__Adlercreutzia	g__Peptostreptococcus	-0.1551	0.0034649660962221
g__Adlercreutzia	g__Phascolarctobacterium	0.1204	0.0179491039426523
g__Adlercreutzia	g__Pseudoflavonifractor_A	-0.1615	0.0034649660962221
g__Adlercreutzia	g__Roseburia_D	0.1337	0.0034649660962221
g__Adlercreutzia	g__Rothia	-0.153	0.0034649660962221
g__Adlercreutzia	g__Ruminococcus_B	-0.2677	0.0034649660962221
g__Adlercreutzia	g__Ruminococcus_C	0.1021	0.0201190531989688
g__Adlercreutzia	g__Ruminococcus_E	0.2134	0.0034649660962221
g__Adlercreutzia	g__Sarcina	-0.1592	0.0034649660962221
g__Adlercreutzia	g__Streptococcus	-0.1553	0.0034649660962221
g__Adlercreutzia	g__Thomasclavelia	-0.2187	0.0034649660962221
g__Adlercreutzia	g__Veillonella	-0.2112	0.0034649660962221
g__Adlercreutzia	g__Vescimonas	0.1662	0.0034649660962221
g__Agathobacter	g__Agathobaculum	0.2648	0.0034649660962221
g__Agathobacter	g__Alistipes	0.1752	0.0034649660962221
g__Agathobacter	g__Alistipes_A	-0.1115	0.0086984598757092
g__Agathobacter	g__Alitiscatomonas	0.183	0.0034649660962221
g__Agathobacter	g__Allocoprobacillus	-0.1288	0.0061743383199079
g__Agathobacter	g__Amedibacterium	-0.1767	0.0034649660962221
g__Agathobacter	g__Anaerobutyricum	0.3858	0.0034649660962221
g__Agathobacter	g__Anaerofustis	-0.1419	0.0034649660962221
g__Agathobacter	g__Anaerostipes	0.2164	0.0034649660962221
g__Agathobacter	g__Anaerotruncus	-0.1844	0.0034649660962221
g__Agathobacter	g__Anthropogastromicrobium	0.2851	0.0034649660962221
g__Agathobacter	g__Bariatricus	0.2684	0.0034649660962221
g__Agathobacter	g__Bittarella	-0.1043	0.0244274982927384
g__Agathobacter	g__Blautia	-0.1591	0.0034649660962221
g__Agathobacter	g__Blautia_A	0.1343	0.0086984598757092
g__Agathobacter	g__Brotaphodocola	0.1952	0.0034649660962221
g__Agathobacter	g__Choladousia	0.1201	0.0061743383199079
g__Agathobacter	g__Clostridium_AP	-0.1491	0.0034649660962221
g__Agathobacter	g__Collinsella	0.2539	0.0034649660962221
g__Agathobacter	g__Coprococcus_A	0.2501	0.0034649660962221
g__Agathobacter	g__Dorea	0.2566	0.0034649660962221
g__Agathobacter	g__Dorea_A	0.206	0.0034649660962221
g__Agathobacter	g__Dysosmobacter	0.1938	0.0034649660962221
g__Agathobacter	g__Enterobacter	-0.1291	0.0034649660962221
g__Agathobacter	g__Enterococcus	-0.2251	0.0034649660962221
g__Agathobacter	g__Enterococcus_A	-0.1964	0.0034649660962221
g__Agathobacter	g__Enterococcus_B	-0.233	0.0034649660962221
g__Agathobacter	g__Eubacterium_F	-0.0887	0.0367736131934033
g__Agathobacter	g__Eubacterium_G	0.2317	0.0034649660962221
g__Agathobacter	g__Eubacterium_I	0.2311	0.0034649660962221
g__Agathobacter	g__Faecalibacterium	0.3078	0.0034649660962221
g__Agathobacter	g__Faecalimonas	-0.238	0.0034649660962221
g__Agathobacter	g__Finegoldia	-0.2254	0.0034649660962221
g__Agathobacter	g__Flavonifractor	-0.1332	0.0086984598757092
g__Agathobacter	g__Fusicatenibacter	0.3575	0.0034649660962221
g__Agathobacter	g__Fusobacterium_A	-0.1564	0.0034649660962221
g__Agathobacter	g__Gallintestinimicrobium	0.1894	0.0034649660962221
g__Agathobacter	g__Gemella	-0.2442	0.0034649660962221
g__Agathobacter	g__Gemmiger	0.2992	0.0034649660962221
g__Agathobacter	g__Granulicatella	-0.2461	0.0034649660962221
g__Agathobacter	g__Guopingia	-0.1092	0.0157269174401563
g__Agathobacter	g__Haemophilus_D	-0.1247	0.0179491039426523
g__Agathobacter	g__Holdemania	-0.0951	0.026579824363882
g__Agathobacter	g__Hominicoprocola	0.1443	0.0034649660962221
g__Agathobacter	g__Hominilimicola	0.2567	0.0034649660962221
g__Agathobacter	g__Hominiventricola	0.2118	0.0034649660962221
g__Agathobacter	g__Hungatella	-0.1926	0.0034649660962221
g__Agathobacter	g__Intestinibacter	-0.1257	0.0157269174401563
g__Agathobacter	g__Klebsiella	-0.1807	0.0034649660962221
g__Agathobacter	g__Lachnoclostridium_B	0.1469	0.0086984598757092
g__Agathobacter	g__Lachnospira	0.1932	0.0034649660962221
g__Agathobacter	g__Lacticaseibacillus	-0.273	0.0034649660962221
g__Agathobacter	g__Lactiplantibacillus	-0.1757	0.0034649660962221
g__Agathobacter	g__Lactobacillus	-0.1209	0.0134305381727158
g__Agathobacter	g__Lactococcus	-0.1594	0.0034649660962221
g__Agathobacter	g__Lactonifactor	-0.1739	0.0034649660962221
g__Agathobacter	g__Lancefieldella	-0.2477	0.0034649660962221
g__Agathobacter	g__Latilactobacillus	-0.0991	0.040656282887813
g__Agathobacter	g__Leuconostoc	-0.187	0.0034649660962221
g__Agathobacter	g__Ligilactobacillus	-0.1577	0.0034649660962221
g__Agathobacter	g__Limivivens	0.2729	0.0034649660962221
g__Agathobacter	g__Limosilactobacillus	-0.2019	0.0034649660962221
g__Agathobacter	g__Longicatena	-0.2327	0.0034649660962221
g__Agathobacter	g__Massilioclostridium	-0.2051	0.0034649660962221
g__Agathobacter	g__Mediterraneibacter	0.168	0.0034649660962221
g__Agathobacter	g__Merdibacter	-0.1152	0.0086984598757092
g__Agathobacter	g__Merdimmobilis	-0.1421	0.0034649660962221
g__Agathobacter	g__Merdivicinus	-0.1429	0.0034649660962221
g__Agathobacter	g__Muricomes	-0.1933	0.0034649660962221
g__Agathobacter	g__Murimonas	0.1445	0.0110886075949367
g__Agathobacter	g__Nanosynbacter	-0.2617	0.0034649660962221
g__Agathobacter	g__Odoribacter	0.1771	0.0034649660962221
g__Agathobacter	g__Oliverpabstia	0.1841	0.0034649660962221
g__Agathobacter	g__Otoolea	0.1058	0.0387318471337579
g__Agathobacter	g__Parabacteroides	0.1525	0.0061743383199079
g__Agathobacter	g__Pauljensenia	-0.1422	0.0034649660962221
g__Agathobacter	g__Pediococcus	-0.1465	0.0034649660962221
g__Agathobacter	g__Peptostreptococcus	-0.2045	0.0034649660962221
g__Agathobacter	g__Phocaeicola	0.145	0.0034649660962221
g__Agathobacter	g__Pseudobutyricicoccus	-0.1062	0.0110886075949367
g__Agathobacter	g__Pseudoflavonifractor_A	-0.1572	0.0034649660962221
g__Agathobacter	g__Roseburia	0.2776	0.0034649660962221
g__Agathobacter	g__Rothia	-0.1294	0.0034649660962221
g__Agathobacter	g__Ruminiclostridium_E	-0.1212	0.0061743383199079
g__Agathobacter	g__Ruminococcus_B	-0.2846	0.0034649660962221
g__Agathobacter	g__Ruminococcus_C	0.1042	0.0327878655608904
g__Agathobacter	g__Ruminococcus_E	0.1045	0.026579824363882
g__Agathobacter	g__Ruthenibacterium	-0.1094	0.0286861216306527
g__Agathobacter	g__Sarcina	-0.2519	0.0034649660962221
g__Agathobacter	g__Streptococcus	-0.1917	0.0034649660962221
g__Agathobacter	g__Terrisporobacter	-0.1133	0.0157269174401563
g__Agathobacter	g__Thomasclavelia	-0.3462	0.0034649660962221
g__Agathobacter	g__Turicibacter	-0.1112	0.0134305381727158
g__Agathobacter	g__Veillonella	-0.2112	0.0034649660962221
g__Agathobaculum	g__Alistipes	0.1061	0.0327878655608904
g__Agathobaculum	g__Alistipes_A	-0.1331	0.0034649660962221
g__Agathobaculum	g__Alitiscatomonas	0.2255	0.0034649660962221
g__Agathobaculum	g__Allocoprobacillus	-0.1415	0.0034649660962221
g__Agathobaculum	g__Amedibacterium	-0.184	0.0034649660962221
g__Agathobaculum	g__Anaerobutyricum	0.3732	0.0034649660962221
g__Agathobaculum	g__Anaerofustis	-0.1296	0.0034649660962221
g__Agathobaculum	g__Anaeromassilibacillus	-0.1203	0.0110886075949367
g__Agathobaculum	g__Anaerostipes	0.1606	0.0034649660962221
g__Agathobaculum	g__Anaerotruncus	-0.1517	0.0034649660962221
g__Agathobaculum	g__Anthropogastromicrobium	0.2184	0.0034649660962221
g__Agathobaculum	g__Bariatricus	0.2123	0.0034649660962221
g__Agathobaculum	g__Bittarella	-0.085	0.0482884025363059
g__Agathobaculum	g__Blautia	-0.1023	0.0387318471337579
g__Agathobaculum	g__Blautia_A	0.2139	0.0034649660962221
g__Agathobaculum	g__Brotaphodocola	0.1668	0.0034649660962221
g__Agathobaculum	g__CAG-170	-0.1024	0.0222686188609637
g__Agathobaculum	g__CAG-177	-0.1149	0.0110886075949367
g__Agathobaculum	g__Clostridium_AP	-0.1062	0.0286861216306527
g__Agathobaculum	g__Collinsella	0.217	0.0034649660962221
g__Agathobaculum	g__Coprococcus_A	0.2316	0.0034649660962221
g__Agathobaculum	g__Dorea	0.3596	0.0034649660962221
g__Agathobaculum	g__Dorea_A	0.2458	0.0034649660962221
g__Agathobaculum	g__Dysosmobacter	0.1714	0.0034649660962221
g__Agathobaculum	g__Enterobacter	-0.1537	0.0061743383199079
g__Agathobaculum	g__Enterococcus	-0.2742	0.0034649660962221
g__Agathobaculum	g__Enterococcus_A	-0.2928	0.0034649660962221
g__Agathobaculum	g__Enterococcus_B	-0.3337	0.0034649660962221
g__Agathobaculum	g__Eubacterium_F	-0.094	0.0347957198443579
g__Agathobaculum	g__Eubacterium_G	0.196	0.0034649660962221
g__Agathobaculum	g__Eubacterium_I	0.2572	0.0034649660962221
g__Agathobaculum	g__Faecalibacterium	0.3408	0.0034649660962221
g__Agathobaculum	g__Faecalimonas	-0.2401	0.0034649660962221
g__Agathobaculum	g__Faecousia	-0.1083	0.0110886075949367
g__Agathobaculum	g__Finegoldia	-0.1814	0.0034649660962221
g__Agathobaculum	g__Flavonifractor	-0.1471	0.0034649660962221
g__Agathobaculum	g__Fusicatenibacter	0.2689	0.0034649660962221
g__Agathobaculum	g__Fusobacterium_A	-0.1682	0.0034649660962221
g__Agathobaculum	g__Gallintestinimicrobium	0.1808	0.0034649660962221
g__Agathobaculum	g__Gemella	-0.1347	0.0034649660962221
g__Agathobaculum	g__Gemmiger	0.3701	0.0034649660962221
g__Agathobaculum	g__Granulicatella	-0.1948	0.0034649660962221
g__Agathobaculum	g__Guopingia	-0.1212	0.0086984598757092
g__Agathobaculum	g__Haemophilus_D	-0.1198	0.0201190531989688
g__Agathobaculum	g__Hominenteromicrobium	0.1069	0.0347957198443579
g__Agathobaculum	g__Hominicoprocola	0.1612	0.0034649660962221
g__Agathobaculum	g__Hominilimicola	0.2456	0.0034649660962221
g__Agathobaculum	g__Hominiventricola	0.172	0.0034649660962221
g__Agathobaculum	g__Hungatella	-0.2406	0.0034649660962221
g__Agathobaculum	g__Intestinibacter	-0.2016	0.0034649660962221
g__Agathobaculum	g__Klebsiella	-0.1692	0.0061743383199079
g__Agathobaculum	g__Lachnoclostridium_B	0.18	0.0034649660962221
g__Agathobaculum	g__Lachnospira	0.1002	0.040656282887813
g__Agathobaculum	g__Lacticaseibacillus	-0.2402	0.0034649660962221
g__Agathobaculum	g__Lactiplantibacillus	-0.2626	0.0034649660962221
g__Agathobaculum	g__Lactobacillus	-0.2269	0.0034649660962221
g__Agathobaculum	g__Lactococcus	-0.1768	0.0034649660962221
g__Agathobaculum	g__Lactonifactor	-0.1165	0.0034649660962221
g__Agathobaculum	g__Lancefieldella	-0.2242	0.0034649660962221
g__Agathobaculum	g__Leuconostoc	-0.146	0.0061743383199079
g__Agathobaculum	g__Ligilactobacillus	-0.2354	0.0034649660962221
g__Agathobaculum	g__Limivivens	0.2596	0.0034649660962221
g__Agathobaculum	g__Limosilactobacillus	-0.287	0.0034649660962221
g__Agathobaculum	g__Longicatena	-0.1645	0.0034649660962221
g__Agathobaculum	g__Massilioclostridium	-0.2327	0.0034649660962221
g__Agathobaculum	g__Mediterraneibacter	0.2463	0.0034649660962221
g__Agathobaculum	g__Merdibacter	-0.1636	0.0034649660962221
g__Agathobaculum	g__Merdimonas	-0.1171	0.0061743383199079
g__Agathobaculum	g__Merdivicinus	-0.1257	0.0061743383199079
g__Agathobaculum	g__Muricomes	-0.163	0.0034649660962221
g__Agathobaculum	g__Murimonas	0.1674	0.0034649660962221
g__Agathobaculum	g__Nanosynbacter	-0.228	0.0034649660962221
g__Agathobaculum	g__Odoribacter	0.1741	0.0034649660962221
g__Agathobaculum	g__Oliverpabstia	0.2325	0.0034649660962221
g__Agathobaculum	g__Parabacteroides	0.1069	0.0387318471337579
g__Agathobaculum	g__Pauljensenia	-0.1582	0.0034649660962221
g__Agathobaculum	g__Pediococcus	-0.239	0.0034649660962221
g__Agathobaculum	g__Peptostreptococcus	-0.1561	0.0086984598757092
g__Agathobaculum	g__Phocaeicola	0.2335	0.0034649660962221
g__Agathobaculum	g__Prevotella	0.1502	0.0034649660962221
g__Agathobaculum	g__Pseudoflavonifractor_A	-0.1023	0.0179491039426523
g__Agathobaculum	g__Roseburia	0.2068	0.0034649660962221
g__Agathobaculum	g__Rothia	-0.1736	0.0034649660962221
g__Agathobaculum	g__Ruminiclostridium_E	-0.0933	0.0201190531989688
g__Agathobaculum	g__Ruminococcus_B	-0.2562	0.0034649660962221
g__Agathobaculum	g__Ruthenibacterium	-0.1118	0.0201190531989688
g__Agathobaculum	g__Sarcina	-0.1724	0.0034649660962221
g__Agathobaculum	g__Streptococcus	-0.2267	0.0034649660962221
g__Agathobaculum	g__Thomasclavelia	-0.2623	0.0034649660962221
g__Agathobaculum	g__Veillonella	-0.2755	0.0034649660962221
g__Agathobaculum	g__Vescimonas	0.1222	0.0061743383199079
g__Alistipes	g__Amedibacterium	-0.229	0.0034649660962221
g__Alistipes	g__Anaerobutyricum	0.1942	0.0034649660962221
g__Alistipes	g__Anaerofustis	-0.1289	0.0061743383199079
g__Alistipes	g__Anaerotignum	0.1832	0.0034649660962221
g__Alistipes	g__Bacteroides	0.2112	0.0034649660962221
g__Alistipes	g__Bariatricus	0.2153	0.0034649660962221
g__Alistipes	g__Blautia	-0.224	0.0034649660962221
g__Alistipes	g__CAG-170	0.098	0.0308089664310954
g__Alistipes	g__Clostridium_A	0.1869	0.0034649660962221
g__Alistipes	g__Collinsella	0.1837	0.0034649660962221
g__Alistipes	g__Coprococcus_A	0.187	0.0034649660962221
g__Alistipes	g__Dorea	0.1503	0.0034649660962221
g__Alistipes	g__Dorea_A	0.1489	0.0061743383199079
g__Alistipes	g__Dysosmobacter	0.4057	0.0034649660962221
g__Alistipes	g__Enterobacter	-0.1991	0.0034649660962221
g__Alistipes	g__Enterococcus	-0.218	0.0034649660962221
g__Alistipes	g__Enterococcus_A	-0.2395	0.0034649660962221
g__Alistipes	g__Enterococcus_B	-0.2287	0.0034649660962221
g__Alistipes	g__Eubacterium_G	0.2332	0.0034649660962221
g__Alistipes	g__Eubacterium_I	0.1262	0.0157269174401563
g__Alistipes	g__Evtepia	0.3019	0.0034649660962221
g__Alistipes	g__Faecalibacterium	0.1956	0.0034649660962221
g__Alistipes	g__Faecalimonas	-0.2783	0.0034649660962221
g__Alistipes	g__Finegoldia	-0.172	0.0034649660962221
g__Alistipes	g__Fusicatenibacter	0.2221	0.0034649660962221
g__Alistipes	g__Fusobacterium_A	-0.2048	0.0034649660962221
g__Alistipes	g__Gallintestinimicrobium	0.1963	0.0034649660962221
g__Alistipes	g__Gemella	-0.2632	0.0034649660962221
g__Alistipes	g__Gemmiger	0.3141	0.0034649660962221
g__Alistipes	g__Granulicatella	-0.2762	0.0034649660962221
g__Alistipes	g__Guopingia	0.1119	0.0086984598757092
g__Alistipes	g__Haemophilus_D	-0.2653	0.0034649660962221
g__Alistipes	g__Hominenteromicrobium	0.1971	0.0034649660962221
g__Alistipes	g__Hominibacterium	0.1851	0.0034649660962221
g__Alistipes	g__Hominicoprocola	0.2398	0.0034649660962221
g__Alistipes	g__Hominifimenecus	-0.0906	0.0327878655608904
g__Alistipes	g__Hominilimicola	0.3317	0.0034649660962221
g__Alistipes	g__Hominiventricola	0.2629	0.0034649660962221
g__Alistipes	g__Hungatella	-0.0917	0.0482884025363059
g__Alistipes	g__Klebsiella	-0.2388	0.0034649660962221
g__Alistipes	g__Lacticaseibacillus	-0.2602	0.0034649660962221
g__Alistipes	g__Lactiplantibacillus	-0.1715	0.0034649660962221
g__Alistipes	g__Lactobacillus	-0.1959	0.0034649660962221
g__Alistipes	g__Lactococcus	-0.1871	0.0034649660962221
g__Alistipes	g__Lancefieldella	-0.2758	0.0034649660962221
g__Alistipes	g__Latilactobacillus	-0.1646	0.0034649660962221
g__Alistipes	g__Lawsonibacter	0.2951	0.0034649660962221
g__Alistipes	g__Lentihominibacter	0.2661	0.0034649660962221
g__Alistipes	g__Leuconostoc	-0.2326	0.0034649660962221
g__Alistipes	g__Ligilactobacillus	-0.1288	0.0034649660962221
g__Alistipes	g__Limivivens	0.1767	0.0034649660962221
g__Alistipes	g__Limosilactobacillus	-0.2125	0.0034649660962221
g__Alistipes	g__Longicatena	-0.1452	0.0034649660962221
g__Alistipes	g__Massilioclostridium	-0.1218	0.0061743383199079
g__Alistipes	g__Mediterraneibacter	0.2701	0.0034649660962221
g__Alistipes	g__Megamonas	-0.1074	0.0327878655608904
g__Alistipes	g__Merdibacter	-0.1491	0.0034649660962221
g__Alistipes	g__Merdimmobilis	-0.1029	0.0134305381727158
g__Alistipes	g__Muricomes	-0.0924	0.0327878655608904
g__Alistipes	g__Murimonas	0.1548	0.0034649660962221
g__Alistipes	g__Nanosynbacter	-0.3241	0.0034649660962221
g__Alistipes	g__Negativibacillus	0.0971	0.0367736131934033
g__Alistipes	g__Onthenecus	0.1094	0.0244274982927384
g__Alistipes	g__Parabacteroides	0.3038	0.0034649660962221
g__Alistipes	g__Pauljensenia	-0.2232	0.0034649660962221
g__Alistipes	g__Pediococcus	-0.2318	0.0034649660962221
g__Alistipes	g__Peptostreptococcus	-0.1728	0.0034649660962221
g__Alistipes	g__Phascolarctobacterium	0.1281	0.0086984598757092
g__Alistipes	g__Phocaeicola	0.1342	0.0086984598757092
g__Alistipes	g__Pseudobutyricicoccus	-0.1298	0.0034649660962221
g__Alistipes	g__Pseudoflavonifractor_A	-0.21	0.0034649660962221
g__Alistipes	g__Pseudoscilispira	0.1688	0.0034649660962221
g__Alistipes	g__Roseburia	0.1379	0.0061743383199079
g__Alistipes	g__Rothia	-0.2606	0.0034649660962221
g__Alistipes	g__Ruminococcus_B	-0.2635	0.0034649660962221
g__Alistipes	g__Ruminococcus_C	0.114	0.0244274982927384
g__Alistipes	g__Ruminococcus_E	0.2245	0.0034649660962221
g__Alistipes	g__Ruthenibacterium	0.187	0.0034649660962221
g__Alistipes	g__Sarcina	-0.2243	0.0034649660962221
g__Alistipes	g__Streptococcus	-0.3162	0.0034649660962221
g__Alistipes	g__Terrisporobacter	-0.1319	0.0086984598757092
g__Alistipes	g__Thomasclavelia	-0.2182	0.0034649660962221
g__Alistipes	g__URXU01	-0.1175	0.0134305381727158
g__Alistipes	g__Veillonella	-0.3443	0.0034649660962221
g__Alistipes	g__Vescimonas	0.3369	0.0034649660962221
g__Alistipes	g__Weissella	-0.1632	0.0034649660962221
g__Alistipes_A	g__Anaerobutyricum	-0.1275	0.0034649660962221
g__Alistipes_A	g__Anaerotruncus	0.081	0.0347957198443579
g__Alistipes_A	g__CAG-170	0.1272	0.0034649660962221
g__Alistipes_A	g__CAG-177	0.1357	0.0034649660962221
g__Alistipes_A	g__Dorea	-0.0975	0.0286861216306527
g__Alistipes_A	g__Enterococcus	0.093	0.0179491039426523
g__Alistipes_A	g__Enterococcus_A	0.0991	0.0179491039426523
g__Alistipes_A	g__Eubacterium_G	-0.1038	0.0134305381727158
g__Alistipes_A	g__Faecalibacterium	-0.1516	0.0034649660962221
g__Alistipes_A	g__Faecousia	0.0838	0.0222686188609637
g__Alistipes_A	g__Fusicatenibacter	-0.1282	0.0061743383199079
g__Alistipes_A	g__Fusobacterium_A	0.075	0.0464449711459192
g__Alistipes_A	g__Gemmiger	-0.0998	0.0086984598757092
g__Alistipes_A	g__Guopingia	0.1322	0.0034649660962221
g__Alistipes_A	g__Hominibacterium	0.106	0.0086984598757092
g__Alistipes_A	g__Hominilimicola	-0.0999	0.0222686188609637
g__Alistipes_A	g__Hominimerdicola	-0.1234	0.0034649660962221
g__Alistipes_A	g__Lachnospira	-0.1194	0.0061743383199079
g__Alistipes_A	g__Lacticaseibacillus	0.0815	0.0464449711459192
g__Alistipes_A	g__Lactiplantibacillus	0.0928	0.0244274982927384
g__Alistipes_A	g__Laedolimicola	0.0886	0.0327878655608904
g__Alistipes_A	g__Lentihominibacter	0.0849	0.040656282887813
g__Alistipes_A	g__Massilioclostridium	0.0979	0.0086984598757092
g__Alistipes_A	g__Merdibacter	0.0735	0.0367736131934033
g__Alistipes_A	g__Muricomes	0.0796	0.0347957198443579
g__Alistipes_A	g__Odoribacter	-0.0844	0.0445362108321228
g__Alistipes_A	g__Pediococcus	0.0815	0.0482884025363059
g__Alistipes_A	g__Roseburia	-0.1309	0.0034649660962221
g__Alistipes_A	g__Ruminococcus_B	0.1221	0.0086984598757092
g__Alistipes_A	g__Thomasclavelia	0.0879	0.0367736131934033
g__Alitiscatomonas	g__Allocoprobacillus	-0.1843	0.0034649660962221
g__Alitiscatomonas	g__Anaerobutyricum	0.176	0.0034649660962221
g__Alitiscatomonas	g__Anaerofustis	-0.1089	0.0110886075949367
g__Alitiscatomonas	g__Anaeromassilibacillus	-0.1404	0.0034649660962221
g__Alitiscatomonas	g__Anaerostipes	0.187	0.0034649660962221
g__Alitiscatomonas	g__Anaerotruncus	-0.1375	0.0034649660962221
g__Alitiscatomonas	g__Anthropogastromicrobium	0.2317	0.0034649660962221
g__Alitiscatomonas	g__Bariatricus	0.1287	0.0110886075949367
g__Alitiscatomonas	g__Bittarella	-0.1892	0.0034649660962221
g__Alitiscatomonas	g__Brotaphodocola	0.334	0.0034649660962221
g__Alitiscatomonas	g__CAG-177	-0.1196	0.0061743383199079
g__Alitiscatomonas	g__Clostridium_AP	-0.0984	0.0347957198443579
g__Alitiscatomonas	g__Dorea	0.1769	0.0034649660962221
g__Alitiscatomonas	g__Dorea_A	0.1329	0.0061743383199079
g__Alitiscatomonas	g__Dysosmobacter	0.2316	0.0034649660962221
g__Alitiscatomonas	g__Enterobacter	-0.1224	0.0086984598757092
g__Alitiscatomonas	g__Enterocloster	0.1592	0.0061743383199079
g__Alitiscatomonas	g__Enterococcus	-0.1421	0.0034649660962221
g__Alitiscatomonas	g__Enterococcus_A	-0.1515	0.0034649660962221
g__Alitiscatomonas	g__Enterococcus_B	-0.1551	0.0034649660962221
g__Alitiscatomonas	g__Eubacterium_G	0.1933	0.0034649660962221
g__Alitiscatomonas	g__Eubacterium_I	0.1312	0.0110886075949367
g__Alitiscatomonas	g__Faecalibacterium	0.3068	0.0034649660962221
g__Alitiscatomonas	g__Faecalimonas	-0.1274	0.0110886075949367
g__Alitiscatomonas	g__Finegoldia	-0.1422	0.0061743383199079
g__Alitiscatomonas	g__Fusicatenibacter	0.1082	0.0425744414282731
g__Alitiscatomonas	g__Fusobacterium_A	-0.1401	0.0034649660962221
g__Alitiscatomonas	g__Gallintestinimicrobium	0.1154	0.0157269174401563
g__Alitiscatomonas	g__Gemella	-0.1335	0.0061743383199079
g__Alitiscatomonas	g__Gemmiger	0.15	0.0061743383199079
g__Alitiscatomonas	g__Gordonibacter	-0.0939	0.0222686188609637
g__Alitiscatomonas	g__Granulicatella	-0.0905	0.040656282887813
g__Alitiscatomonas	g__Guopingia	-0.1623	0.0034649660962221
g__Alitiscatomonas	g__Haemophilus_D	0.1035	0.0482884025363059
g__Alitiscatomonas	g__Hominibacterium	-0.1564	0.0034649660962221
g__Alitiscatomonas	g__Hominiventricola	0.1622	0.0061743383199079
g__Alitiscatomonas	g__Hungatella	-0.138	0.0034649660962221
g__Alitiscatomonas	g__Intestinibacter	-0.1181	0.026579824363882
g__Alitiscatomonas	g__Klebsiella	-0.1154	0.0179491039426523
g__Alitiscatomonas	g__Lachnospira	0.2587	0.0034649660962221
g__Alitiscatomonas	g__Lacticaseibacillus	-0.1404	0.0034649660962221
g__Alitiscatomonas	g__Lactiplantibacillus	-0.1588	0.0034649660962221
g__Alitiscatomonas	g__Lactococcus	-0.131	0.0086984598757092
g__Alitiscatomonas	g__Lactonifactor	-0.161	0.0034649660962221
g__Alitiscatomonas	g__Lancefieldella	-0.1127	0.0086984598757092
g__Alitiscatomonas	g__Lentihominibacter	-0.1388	0.0061743383199079
g__Alitiscatomonas	g__Leuconostoc	-0.109	0.0110886075949367
g__Alitiscatomonas	g__Ligilactobacillus	-0.1458	0.0034649660962221
g__Alitiscatomonas	g__Limivivens	0.1554	0.0061743383199079
g__Alitiscatomonas	g__Limosilactobacillus	-0.1014	0.0222686188609637
g__Alitiscatomonas	g__Massilioclostridium	-0.1405	0.0034649660962221
g__Alitiscatomonas	g__Mediterraneibacter	0.1064	0.0222686188609637
g__Alitiscatomonas	g__Merdibacter	-0.0865	0.0308089664310954
g__Alitiscatomonas	g__Merdivicinus	-0.1615	0.0034649660962221
g__Alitiscatomonas	g__Muricomes	-0.1777	0.0034649660962221
g__Alitiscatomonas	g__Parabacteroides	0.1187	0.0222686188609637
g__Alitiscatomonas	g__Parasutterella	0.1197	0.0201190531989688
g__Alitiscatomonas	g__Pauljensenia	-0.1379	0.0061743383199079
g__Alitiscatomonas	g__Pediococcus	-0.1029	0.0425744414282731
g__Alitiscatomonas	g__Peptostreptococcus	-0.0966	0.026579824363882
g__Alitiscatomonas	g__Phocaeicola	0.287	0.0034649660962221
g__Alitiscatomonas	g__Prevotella	0.1249	0.0134305381727158
g__Alitiscatomonas	g__Roseburia	0.1756	0.0034649660962221
g__Alitiscatomonas	g__Rothia	-0.109	0.0179491039426523
g__Alitiscatomonas	g__Ruminococcus_B	-0.1087	0.0286861216306527
g__Alitiscatomonas	g__Ruthenibacterium	-0.1914	0.0034649660962221
g__Alitiscatomonas	g__Sarcina	-0.1219	0.0157269174401563
g__Alitiscatomonas	g__Streptococcus	-0.1133	0.026579824363882
g__Alitiscatomonas	g__Sutterella	0.1452	0.0086984598757092
g__Alitiscatomonas	g__Terrisporobacter	-0.1605	0.0034649660962221
g__Alitiscatomonas	g__Thomasclavelia	-0.1442	0.0034649660962221
g__Alitiscatomonas	g__Turicibacter	-0.1253	0.0157269174401563
g__Allocoprobacillus	g__Anaerobutyricum	-0.0925	0.0482884025363059
g__Allocoprobacillus	g__Anaerofustis	0.1627	0.0034649660962221
g__Allocoprobacillus	g__Anaeromassilibacillus	0.3252	0.0034649660962221
g__Allocoprobacillus	g__Anaerotruncus	0.1799	0.0034649660962221
g__Allocoprobacillus	g__Anthropogastromicrobium	-0.1947	0.0034649660962221
g__Allocoprobacillus	g__Aristaeella	-0.1074	0.0179491039426523
g__Allocoprobacillus	g__Bariatricus	-0.2133	0.0034649660962221
g__Allocoprobacillus	g__Bittarella	0.2271	0.0034649660962221
g__Allocoprobacillus	g__Blautia	0.1247	0.0061743383199079
g__Allocoprobacillus	g__Brotaphodocola	-0.1987	0.0034649660962221
g__Allocoprobacillus	g__CAG-170	-0.1014	0.0086984598757092
g__Allocoprobacillus	g__CAG-217	-0.0891	0.0445362108321228
g__Allocoprobacillus	g__Catenibacterium	-0.1163	0.0086984598757092
g__Allocoprobacillus	g__Choladousia	-0.1761	0.0034649660962221
g__Allocoprobacillus	g__Clostridium_A	0.1132	0.0110886075949367
g__Allocoprobacillus	g__Clostridium_AP	0.1771	0.0034649660962221
g__Allocoprobacillus	g__Collinsella	-0.1324	0.0034649660962221
g__Allocoprobacillus	g__Coprococcus_A	-0.2211	0.0034649660962221
g__Allocoprobacillus	g__Dialister	0.1493	0.0034649660962221
g__Allocoprobacillus	g__Dorea	-0.1777	0.0034649660962221
g__Allocoprobacillus	g__Dorea_A	-0.2551	0.0034649660962221
g__Allocoprobacillus	g__Eggerthella	0.2293	0.0034649660962221
g__Allocoprobacillus	g__Enterococcus	0.1154	0.0061743383199079
g__Allocoprobacillus	g__Enterococcus_A	0.1479	0.0034649660962221
g__Allocoprobacillus	g__Enterococcus_B	0.1117	0.0179491039426523
g__Allocoprobacillus	g__Eubacterium_I	-0.1883	0.0034649660962221
g__Allocoprobacillus	g__Faecalibacterium	-0.1712	0.0034649660962221
g__Allocoprobacillus	g__Faecalimonas	0.1802	0.0034649660962221
g__Allocoprobacillus	g__Finegoldia	0.0897	0.0222686188609637
g__Allocoprobacillus	g__Flavonifractor	0.2657	0.0034649660962221
g__Allocoprobacillus	g__Fusicatenibacter	-0.1002	0.040656282887813
g__Allocoprobacillus	g__Fusobacterium_A	0.1415	0.0061743383199079
g__Allocoprobacillus	g__Gallintestinimicrobium	-0.1144	0.0179491039426523
g__Allocoprobacillus	g__Gemmiger	-0.1761	0.0034649660962221
g__Allocoprobacillus	g__Gordonibacter	0.0949	0.0327878655608904
g__Allocoprobacillus	g__Guopingia	0.1127	0.0034649660962221
g__Allocoprobacillus	g__Holdemanella	-0.1665	0.0034649660962221
g__Allocoprobacillus	g__Hominibacterium	0.1233	0.0034649660962221
g__Allocoprobacillus	g__Hominicoprocola	-0.225	0.0034649660962221
g__Allocoprobacillus	g__Hominifimenecus	-0.1089	0.0110886075949367
g__Allocoprobacillus	g__Hominiventricola	-0.2034	0.0034649660962221
g__Allocoprobacillus	g__Hungatella	0.2001	0.0034649660962221
g__Allocoprobacillus	g__Intestinibacter	0.1672	0.0061743383199079
g__Allocoprobacillus	g__JAGTTR01	-0.1143	0.0034649660962221
g__Allocoprobacillus	g__Lactococcus	0.0974	0.0179491039426523
g__Allocoprobacillus	g__Lactonifactor	0.1111	0.0086984598757092
g__Allocoprobacillus	g__Lawsonibacter	0.1258	0.0061743383199079
g__Allocoprobacillus	g__Limivivens	-0.1767	0.0061743383199079
g__Allocoprobacillus	g__Longicatena	0.2305	0.0034649660962221
g__Allocoprobacillus	g__Massilioclostridium	0.1804	0.0034649660962221
g__Allocoprobacillus	g__Merdibacter	0.1709	0.0034649660962221
g__Allocoprobacillus	g__Merdimonas	0.1808	0.0034649660962221
g__Allocoprobacillus	g__Merdivicinus	0.2632	0.0034649660962221
g__Allocoprobacillus	g__Muricomes	0.2156	0.0034649660962221
g__Allocoprobacillus	g__Murimonas	-0.1491	0.0034649660962221
g__Allocoprobacillus	g__Negativibacillus	0.1083	0.0244274982927384
g__Allocoprobacillus	g__Odoribacter	-0.1844	0.0034649660962221
g__Allocoprobacillus	g__Oliverpabstia	-0.17	0.0034649660962221
g__Allocoprobacillus	g__Onthenecus	-0.1792	0.0034649660962221
g__Allocoprobacillus	g__Pediococcus	0.1439	0.0034649660962221
g__Allocoprobacillus	g__Prevotella	-0.1411	0.0034649660962221
g__Allocoprobacillus	g__Pseudoflavonifractor_A	0.0814	0.0425744414282731
g__Allocoprobacillus	g__Roseburia	-0.1293	0.0110886075949367
g__Allocoprobacillus	g__Ruminococcus_B	0.2506	0.0034649660962221
g__Allocoprobacillus	g__Ruthenibacterium	0.2205	0.0034649660962221
g__Allocoprobacillus	g__Sellimonas	0.2208	0.0034649660962221
g__Allocoprobacillus	g__Sutterella	-0.1158	0.0157269174401563
g__Allocoprobacillus	g__Thomasclavelia	0.3204	0.0034649660962221
g__Allocoprobacillus	g__UBA3402	-0.1294	0.0034649660962221
g__Allocoprobacillus	g__Vescimonas	-0.1097	0.0222686188609637
g__Allocoprobacillus	g__Wujia	-0.1626	0.0034649660962221
g__Amedibacterium	g__Anaerobutyricum	-0.1605	0.0034649660962221
g__Amedibacterium	g__Anaerofustis	0.1035	0.0086984598757092
g__Amedibacterium	g__Anthropogastromicrobium	-0.2016	0.0034649660962221
g__Amedibacterium	g__Bariatricus	-0.1432	0.0034649660962221
g__Amedibacterium	g__Bittarella	0.099	0.0244274982927384
g__Amedibacterium	g__Blautia	0.2286	0.0034649660962221
g__Amedibacterium	g__Choladousia	-0.1577	0.0034649660962221
g__Amedibacterium	g__Clostridium_AP	0.0925	0.0308089664310954
g__Amedibacterium	g__Coprococcus_A	-0.2068	0.0034649660962221
g__Amedibacterium	g__Dorea	-0.1787	0.0034649660962221
g__Amedibacterium	g__Dorea_A	-0.1179	0.0110886075949367
g__Amedibacterium	g__Dysosmobacter	-0.1641	0.0034649660962221
g__Amedibacterium	g__Eggerthella	0.107	0.0201190531989688
g__Amedibacterium	g__Enterocloster	0.1613	0.0034649660962221
g__Amedibacterium	g__Enterococcus	0.1194	0.0086984598757092
g__Amedibacterium	g__Enterococcus_A	0.1324	0.0034649660962221
g__Amedibacterium	g__Enterococcus_B	0.1199	0.0134305381727158
g__Amedibacterium	g__Eubacterium_G	-0.1062	0.026579824363882
g__Amedibacterium	g__Eubacterium_I	-0.1416	0.0034649660962221
g__Amedibacterium	g__Evtepia	-0.1132	0.0157269174401563
g__Amedibacterium	g__Faecalibacterium	-0.1552	0.0034649660962221
g__Amedibacterium	g__Faecalimonas	0.3493	0.0034649660962221
g__Amedibacterium	g__Finegoldia	0.1469	0.0034649660962221
g__Amedibacterium	g__Flavonifractor	0.1362	0.0034649660962221
g__Amedibacterium	g__Fusicatenibacter	-0.1061	0.0286861216306527
g__Amedibacterium	g__Fusobacterium_A	0.2259	0.0034649660962221
g__Amedibacterium	g__Gallintestinimicrobium	-0.2194	0.0034649660962221
g__Amedibacterium	g__Gemella	0.1707	0.0034649660962221
g__Amedibacterium	g__Gemmiger	-0.3119	0.0034649660962221
g__Amedibacterium	g__Granulicatella	0.1553	0.0034649660962221
g__Amedibacterium	g__Hominenteromicrobium	-0.1977	0.0034649660962221
g__Amedibacterium	g__Hominicoprocola	-0.2453	0.0034649660962221
g__Amedibacterium	g__Hominilimicola	-0.1731	0.0034649660962221
g__Amedibacterium	g__Hominimerdicola	-0.0988	0.0308089664310954
g__Amedibacterium	g__Hominiventricola	-0.175	0.0034649660962221
g__Amedibacterium	g__Lachnoclostridium_B	-0.1634	0.0034649660962221
g__Amedibacterium	g__Lacticaseibacillus	0.0979	0.0286861216306527
g__Amedibacterium	g__Lactiplantibacillus	0.1453	0.0061743383199079
g__Amedibacterium	g__Lactobacillus	0.1522	0.0034649660962221
g__Amedibacterium	g__Lactococcus	0.1318	0.0034649660962221
g__Amedibacterium	g__Lancefieldella	0.1892	0.0034649660962221
g__Amedibacterium	g__Latilactobacillus	0.1176	0.0134305381727158
g__Amedibacterium	g__Lentihominibacter	-0.1855	0.0034649660962221
g__Amedibacterium	g__Leuconostoc	0.2228	0.0034649660962221
g__Amedibacterium	g__Limivivens	-0.2375	0.0034649660962221
g__Amedibacterium	g__Limosilactobacillus	0.1214	0.0086984598757092
g__Amedibacterium	g__Longicatena	0.1511	0.0034649660962221
g__Amedibacterium	g__Massilioclostridium	0.1548	0.0034649660962221
g__Amedibacterium	g__Mediterraneibacter	-0.17	0.0034649660962221
g__Amedibacterium	g__Megamonas	0.1024	0.0179491039426523
g__Amedibacterium	g__Merdibacter	0.1101	0.0034649660962221
g__Amedibacterium	g__Merdimmobilis	0.087	0.0445362108321228
g__Amedibacterium	g__Merdivicinus	0.0777	0.0482884025363059
g__Amedibacterium	g__Muricomes	0.1017	0.0134305381727158
g__Amedibacterium	g__Murimonas	-0.2049	0.0034649660962221
g__Amedibacterium	g__Nanosynbacter	0.1249	0.0061743383199079
g__Amedibacterium	g__Oliverpabstia	-0.1602	0.0034649660962221
g__Amedibacterium	g__Onthenecus	-0.1563	0.0034649660962221
g__Amedibacterium	g__Pauljensenia	0.1113	0.0086984598757092
g__Amedibacterium	g__Pediococcus	0.2126	0.0034649660962221
g__Amedibacterium	g__Prevotella	-0.0992	0.0327878655608904
g__Amedibacterium	g__Pseudoflavonifractor_A	0.2079	0.0034649660962221
g__Amedibacterium	g__Roseburia	-0.1044	0.0286861216306527
g__Amedibacterium	g__Roseburia_D	-0.1164	0.0110886075949367
g__Amedibacterium	g__Rothia	0.1089	0.0134305381727158
g__Amedibacterium	g__Ruminococcus_B	0.317	0.0034649660962221
g__Amedibacterium	g__Ruminococcus_C	-0.1253	0.0086984598757092
g__Amedibacterium	g__Schaedlerella	0.139	0.0061743383199079
g__Amedibacterium	g__Streptococcus	0.1077	0.0308089664310954
g__Amedibacterium	g__Thomasclavelia	0.2501	0.0034649660962221
g__Amedibacterium	g__Tyzzerella	0.1726	0.0034649660962221
g__Amedibacterium	g__UBA3402	-0.0958	0.0179491039426523
g__Amedibacterium	g__URXU01	0.1064	0.0327878655608904
g__Amedibacterium	g__Vescimonas	-0.1635	0.0061743383199079
g__Amedibacterium	g__Weissella	0.1255	0.0110886075949367
g__Anaerobutyricum	g__Anaerofustis	-0.1513	0.0034649660962221
g__Anaerobutyricum	g__Anaeromassilibacillus	-0.1096	0.0201190531989688
g__Anaerobutyricum	g__Anaerostipes	0.2814	0.0034649660962221
g__Anaerobutyricum	g__Anaerotignum	0.1297	0.0134305381727158
g__Anaerobutyricum	g__Anaerotruncus	-0.1464	0.0034649660962221
g__Anaerobutyricum	g__Anthropogastromicrobium	0.3413	0.0034649660962221
g__Anaerobutyricum	g__Bacteroides	0.1347	0.0086984598757092
g__Anaerobutyricum	g__Bariatricus	0.3028	0.0034649660962221
g__Anaerobutyricum	g__Bittarella	-0.1249	0.0061743383199079
g__Anaerobutyricum	g__Blautia	-0.1241	0.0157269174401563
g__Anaerobutyricum	g__Blautia_A	0.2213	0.0034649660962221
g__Anaerobutyricum	g__Brotaphodocola	0.1779	0.0034649660962221
g__Anaerobutyricum	g__Collinsella	0.3333	0.0034649660962221
g__Anaerobutyricum	g__Coprococcus_A	0.2633	0.0034649660962221
g__Anaerobutyricum	g__Dorea	0.362	0.0034649660962221
g__Anaerobutyricum	g__Dorea_A	0.2777	0.0034649660962221
g__Anaerobutyricum	g__Dysosmobacter	0.2658	0.0034649660962221
g__Anaerobutyricum	g__Enterobacter	-0.2719	0.0034649660962221
g__Anaerobutyricum	g__Enterococcus	-0.2909	0.0034649660962221
g__Anaerobutyricum	g__Enterococcus_A	-0.3455	0.0034649660962221
g__Anaerobutyricum	g__Enterococcus_B	-0.3588	0.0034649660962221
g__Anaerobutyricum	g__Eubacterium_G	0.2471	0.0034649660962221
g__Anaerobutyricum	g__Eubacterium_I	0.2841	0.0034649660962221
g__Anaerobutyricum	g__Evtepia	0.1429	0.0061743383199079
g__Anaerobutyricum	g__Faecalibacterium	0.3771	0.0034649660962221
g__Anaerobutyricum	g__Faecalimonas	-0.3332	0.0034649660962221
g__Anaerobutyricum	g__Faecousia	-0.11	0.0157269174401563
g__Anaerobutyricum	g__Finegoldia	-0.2696	0.0034649660962221
g__Anaerobutyricum	g__Flavonifractor	-0.1628	0.0034649660962221
g__Anaerobutyricum	g__Fusicatenibacter	0.4553	0.0034649660962221
g__Anaerobutyricum	g__Fusobacterium_A	-0.1834	0.0034649660962221
g__Anaerobutyricum	g__Gallintestinimicrobium	0.2095	0.0034649660962221
g__Anaerobutyricum	g__Gemella	-0.2353	0.0034649660962221
g__Anaerobutyricum	g__Gemmiger	0.3757	0.0034649660962221
g__Anaerobutyricum	g__Granulicatella	-0.2967	0.0034649660962221
g__Anaerobutyricum	g__Haemophilus_D	-0.2357	0.0034649660962221
g__Anaerobutyricum	g__Hominenteromicrobium	0.1312	0.0110886075949367
g__Anaerobutyricum	g__Hominicoprocola	0.1824	0.0061743383199079
g__Anaerobutyricum	g__Hominilimicola	0.3201	0.0034649660962221
g__Anaerobutyricum	g__Hominiventricola	0.1815	0.0034649660962221
g__Anaerobutyricum	g__Hungatella	-0.2966	0.0034649660962221
g__Anaerobutyricum	g__Intestinibacter	-0.2442	0.0034649660962221
g__Anaerobutyricum	g__Klebsiella	-0.2639	0.0034649660962221
g__Anaerobutyricum	g__Lachnoclostridium_B	0.2023	0.0034649660962221
g__Anaerobutyricum	g__Lachnospira	0.125	0.0157269174401563
g__Anaerobutyricum	g__Lacticaseibacillus	-0.4174	0.0034649660962221
g__Anaerobutyricum	g__Lactiplantibacillus	-0.2671	0.0034649660962221
g__Anaerobutyricum	g__Lactobacillus	-0.26	0.0034649660962221
g__Anaerobutyricum	g__Lactococcus	-0.1594	0.0034649660962221
g__Anaerobutyricum	g__Lactonifactor	-0.1262	0.0061743383199079
g__Anaerobutyricum	g__Lancefieldella	-0.2809	0.0034649660962221
g__Anaerobutyricum	g__Latilactobacillus	-0.1246	0.0134305381727158
g__Anaerobutyricum	g__Lawsonibacter	0.149	0.0034649660962221
g__Anaerobutyricum	g__Lentihominibacter	0.1348	0.0061743383199079
g__Anaerobutyricum	g__Leuconostoc	-0.2748	0.0034649660962221
g__Anaerobutyricum	g__Ligilactobacillus	-0.2241	0.0034649660962221
g__Anaerobutyricum	g__Limivivens	0.2654	0.0034649660962221
g__Anaerobutyricum	g__Limosilactobacillus	-0.3089	0.0034649660962221
g__Anaerobutyricum	g__Longicatena	-0.1349	0.0061743383199079
g__Anaerobutyricum	g__Massilioclostridium	-0.2069	0.0034649660962221
g__Anaerobutyricum	g__Mediterraneibacter	0.4009	0.0034649660962221
g__Anaerobutyricum	g__Merdibacter	-0.1807	0.0034649660962221
g__Anaerobutyricum	g__Merdimmobilis	-0.1326	0.0034649660962221
g__Anaerobutyricum	g__Merdimonas	-0.1865	0.0034649660962221
g__Anaerobutyricum	g__Merdivicinus	-0.1039	0.0110886075949367
g__Anaerobutyricum	g__Muricomes	-0.1867	0.0034649660962221
g__Anaerobutyricum	g__Murimonas	0.179	0.0034649660962221
g__Anaerobutyricum	g__Nanosynbacter	-0.3559	0.0034649660962221
g__Anaerobutyricum	g__Odoribacter	0.2464	0.0034649660962221
g__Anaerobutyricum	g__Oliverpabstia	0.2728	0.0034649660962221
g__Anaerobutyricum	g__Onthenecus	0.1074	0.026579824363882
g__Anaerobutyricum	g__Otoolea	0.1169	0.026579824363882
g__Anaerobutyricum	g__Parabacteroides	0.1779	0.0034649660962221
g__Anaerobutyricum	g__Pauljensenia	-0.1721	0.0034649660962221
g__Anaerobutyricum	g__Pediococcus	-0.3228	0.0034649660962221
g__Anaerobutyricum	g__Peptostreptococcus	-0.2329	0.0034649660962221
g__Anaerobutyricum	g__Phocaeicola	0.2595	0.0034649660962221
g__Anaerobutyricum	g__Pseudobutyricicoccus	-0.1459	0.0034649660962221
g__Anaerobutyricum	g__Pseudoflavonifractor_A	-0.2046	0.0034649660962221
g__Anaerobutyricum	g__Roseburia	0.2579	0.0034649660962221
g__Anaerobutyricum	g__Rothia	-0.2579	0.0034649660962221
g__Anaerobutyricum	g__Ruminococcus_B	-0.3479	0.0034649660962221
g__Anaerobutyricum	g__Sarcina	-0.275	0.0034649660962221
g__Anaerobutyricum	g__Streptococcus	-0.2391	0.0034649660962221
g__Anaerobutyricum	g__Terrisporobacter	-0.1067	0.0347957198443579
g__Anaerobutyricum	g__Thomasclavelia	-0.3537	0.0034649660962221
g__Anaerobutyricum	g__Turicibacter	-0.1447	0.0034649660962221
g__Anaerobutyricum	g__Veillonella	-0.4246	0.0034649660962221
g__Anaerobutyricum	g__Vescimonas	0.1383	0.0086984598757092
g__Anaerofustis	g__Anaeromassilibacillus	0.11	0.0061743383199079
g__Anaerofustis	g__Anaerostipes	-0.1166	0.0034649660962221
g__Anaerofustis	g__Anaerotruncus	0.0939	0.0157269174401563
g__Anaerofustis	g__Anthropogastromicrobium	-0.1645	0.0034649660962221
g__Anaerofustis	g__Aristaeella	-0.0749	0.0387318471337579
g__Anaerofustis	g__Bariatricus	-0.1882	0.0034649660962221
g__Anaerofustis	g__Bittarella	0.1554	0.0034649660962221
g__Anaerofustis	g__Brotaphodocola	-0.1663	0.0034649660962221
g__Anaerofustis	g__Choladousia	-0.1344	0.0034649660962221
g__Anaerofustis	g__Clostridium_AP	0.188	0.0034649660962221
g__Anaerofustis	g__Collinsella	-0.1824	0.0034649660962221
g__Anaerofustis	g__Coprococcus_A	-0.1657	0.0034649660962221
g__Anaerofustis	g__Dorea	-0.1361	0.0034649660962221
g__Anaerofustis	g__Dorea_A	-0.1604	0.0034649660962221
g__Anaerofustis	g__Dysosmobacter	-0.1245	0.0134305381727158
g__Anaerofustis	g__Eggerthella	0.1462	0.0034649660962221
g__Anaerofustis	g__Enterobacter	0.1001	0.0134305381727158
g__Anaerofustis	g__Enterococcus	0.139	0.0034649660962221
g__Anaerofustis	g__Enterococcus_A	0.2012	0.0034649660962221
g__Anaerofustis	g__Enterococcus_B	0.2285	0.0034649660962221
g__Anaerofustis	g__Eubacterium_G	-0.1232	0.0034649660962221
g__Anaerofustis	g__Eubacterium_I	-0.1971	0.0034649660962221
g__Anaerofustis	g__Faecalibacterium	-0.1335	0.0034649660962221
g__Anaerofustis	g__Faecalimonas	0.2173	0.0034649660962221
g__Anaerofustis	g__Finegoldia	0.1298	0.0034649660962221
g__Anaerofustis	g__Flavonifractor	0.1835	0.0034649660962221
g__Anaerofustis	g__Fusicatenibacter	-0.1332	0.0034649660962221
g__Anaerofustis	g__Fusobacterium_A	0.1496	0.0034649660962221
g__Anaerofustis	g__Gallintestinimicrobium	-0.1418	0.0034649660962221
g__Anaerofustis	g__Gemella	0.1377	0.0034649660962221
g__Anaerofustis	g__Gemmiger	-0.1684	0.0034649660962221
g__Anaerofustis	g__Granulicatella	0.1453	0.0034649660962221
g__Anaerofustis	g__Hominenteromicrobium	-0.1003	0.0157269174401563
g__Anaerofustis	g__Hominicoprocola	-0.2325	0.0034649660962221
g__Anaerofustis	g__Hominilimicola	-0.1351	0.0034649660962221
g__Anaerofustis	g__Hominiventricola	-0.2101	0.0034649660962221
g__Anaerofustis	g__Hungatella	0.2014	0.0034649660962221
g__Anaerofustis	g__Intestinibacter	0.1606	0.0034649660962221
g__Anaerofustis	g__Klebsiella	0.083	0.0327878655608904
g__Anaerofustis	g__Lachnoclostridium_B	-0.1384	0.0034649660962221
g__Anaerofustis	g__Lachnospira	-0.0916	0.0222686188609637
g__Anaerofustis	g__Lacticaseibacillus	0.171	0.0034649660962221
g__Anaerofustis	g__Lactiplantibacillus	0.1389	0.0034649660962221
g__Anaerofustis	g__Lactobacillus	0.1302	0.0034649660962221
g__Anaerofustis	g__Lactococcus	0.1328	0.0034649660962221
g__Anaerofustis	g__Lactonifactor	0.219	0.0034649660962221
g__Anaerofustis	g__Lancefieldella	0.1669	0.0034649660962221
g__Anaerofustis	g__Lentihominibacter	-0.0852	0.040656282887813
g__Anaerofustis	g__Leuconostoc	0.0889	0.0157269174401563
g__Anaerofustis	g__Ligilactobacillus	0.1056	0.0110886075949367
g__Anaerofustis	g__Limivivens	-0.1856	0.0034649660962221
g__Anaerofustis	g__Limosilactobacillus	0.1329	0.0061743383199079
g__Anaerofustis	g__Longicatena	0.1614	0.0034649660962221
g__Anaerofustis	g__Massilioclostridium	0.1394	0.0034649660962221
g__Anaerofustis	g__Mediterraneibacter	-0.1241	0.0034649660962221
g__Anaerofustis	g__Merdibacter	0.1622	0.0034649660962221
g__Anaerofustis	g__Merdimonas	0.1489	0.0034649660962221
g__Anaerofustis	g__Merdivicinus	0.1592	0.0034649660962221
g__Anaerofustis	g__Muricomes	0.1411	0.0034649660962221
g__Anaerofustis	g__Murimonas	-0.1856	0.0034649660962221
g__Anaerofustis	g__Nanosynbacter	0.1273	0.0034649660962221
g__Anaerofustis	g__Oliverpabstia	-0.142	0.0034649660962221
g__Anaerofustis	g__Onthenecus	-0.1082	0.0086984598757092
g__Anaerofustis	g__Otoolea	-0.1015	0.0179491039426523
g__Anaerofustis	g__Parabacteroides	-0.11	0.0034649660962221
g__Anaerofustis	g__Pauljensenia	0.13	0.0034649660962221
g__Anaerofustis	g__Pediococcus	0.1691	0.0034649660962221
g__Anaerofustis	g__Peptostreptococcus	0.1273	0.0034649660962221
g__Anaerofustis	g__Phocaeicola	-0.113	0.0061743383199079
g__Anaerofustis	g__Pseudobutyricicoccus	0.084	0.0110886075949367
g__Anaerofustis	g__Pseudoflavonifractor_A	0.1642	0.0034649660962221
g__Anaerofustis	g__Roseburia	-0.1509	0.0034649660962221
g__Anaerofustis	g__Roseburia_D	-0.0934	0.0179491039426523
g__Anaerofustis	g__Rothia	0.0846	0.0222686188609637
g__Anaerofustis	g__Ruminococcus_B	0.2561	0.0034649660962221
g__Anaerofustis	g__Ruminococcus_E	-0.0908	0.0244274982927384
g__Anaerofustis	g__Ruthenibacterium	0.0951	0.0201190531989688
g__Anaerofustis	g__Sarcina	0.109	0.0061743383199079
g__Anaerofustis	g__Sellimonas	0.1434	0.0034649660962221
g__Anaerofustis	g__Streptococcus	0.0927	0.0308089664310954
g__Anaerofustis	g__Terrisporobacter	0.1195	0.0086984598757092
g__Anaerofustis	g__Thomasclavelia	0.2588	0.0034649660962221
g__Anaerofustis	g__UBA3402	-0.1017	0.0061743383199079
g__Anaerofustis	g__Veillonella	0.127	0.0061743383199079
g__Anaerofustis	g__Vescimonas	-0.1018	0.0157269174401563
g__Anaerofustis	g__Wujia	-0.0795	0.0464449711459192
g__Anaeromassilibacillus	g__Anaerotignum	0.1401	0.0034649660962221
g__Anaeromassilibacillus	g__Anaerotruncus	0.1859	0.0034649660962221
g__Anaeromassilibacillus	g__Bariatricus	-0.1478	0.0034649660962221
g__Anaeromassilibacillus	g__Bifidobacterium	0.1331	0.0086984598757092
g__Anaeromassilibacillus	g__Bittarella	0.0866	0.0387318471337579
g__Anaeromassilibacillus	g__Brotaphodocola	-0.2264	0.0034649660962221
g__Anaeromassilibacillus	g__Choladousia	-0.098	0.026579824363882
g__Anaeromassilibacillus	g__Clostridium_A	0.1419	0.0034649660962221
g__Anaeromassilibacillus	g__Clostridium_AP	0.1499	0.0034649660962221
g__Anaeromassilibacillus	g__Coprococcus_A	-0.1204	0.0134305381727158
g__Anaeromassilibacillus	g__Dialister	0.1225	0.0086984598757092
g__Anaeromassilibacillus	g__Dorea	-0.1016	0.0244274982927384
g__Anaeromassilibacillus	g__Dorea_A	-0.1846	0.0034649660962221
g__Anaeromassilibacillus	g__Eggerthella	0.1625	0.0034649660962221
g__Anaeromassilibacillus	g__Eubacterium_I	-0.1505	0.0061743383199079
g__Anaeromassilibacillus	g__Faecalibacterium	-0.1411	0.0034649660962221
g__Anaeromassilibacillus	g__Faecalimonas	0.1111	0.0086984598757092
g__Anaeromassilibacillus	g__Flavonifractor	0.195	0.0034649660962221
g__Anaeromassilibacillus	g__Fusicatenibacter	-0.1031	0.0327878655608904
g__Anaeromassilibacillus	g__Gallintestinimicrobium	-0.1748	0.0034649660962221
g__Anaeromassilibacillus	g__Gemmiger	-0.12	0.0244274982927384
g__Anaeromassilibacillus	g__Gordonibacter	0.1411	0.0034649660962221
g__Anaeromassilibacillus	g__Guopingia	0.2076	0.0034649660962221
g__Anaeromassilibacillus	g__Haemophilus_D	-0.0929	0.0425744414282731
g__Anaeromassilibacillus	g__Hominibacterium	0.1484	0.0034649660962221
g__Anaeromassilibacillus	g__Hominicoprocola	-0.1085	0.0244274982927384
g__Anaeromassilibacillus	g__Hominifimenecus	-0.1067	0.0134305381727158
g__Anaeromassilibacillus	g__Hominiventricola	-0.1846	0.0034649660962221
g__Anaeromassilibacillus	g__Hungatella	0.1628	0.0061743383199079
g__Anaeromassilibacillus	g__Lactonifactor	0.1557	0.0034649660962221
g__Anaeromassilibacillus	g__Limivivens	-0.1169	0.0179491039426523
g__Anaeromassilibacillus	g__Longicatena	0.1084	0.0110886075949367
g__Anaeromassilibacillus	g__Massilioclostridium	0.1498	0.0034649660962221
g__Anaeromassilibacillus	g__Mediterraneibacter	-0.1011	0.0244274982927384
g__Anaeromassilibacillus	g__Merdibacter	0.2103	0.0034649660962221
g__Anaeromassilibacillus	g__Merdimonas	0.1962	0.0034649660962221
g__Anaeromassilibacillus	g__Merdivicinus	0.2312	0.0034649660962221
g__Anaeromassilibacillus	g__Muricomes	0.194	0.0034649660962221
g__Anaeromassilibacillus	g__Murimonas	-0.1114	0.0157269174401563
g__Anaeromassilibacillus	g__Negativibacillus	0.1958	0.0034649660962221
g__Anaeromassilibacillus	g__Odoribacter	-0.1084	0.0201190531989688
g__Anaeromassilibacillus	g__Oliverpabstia	-0.1072	0.0244274982927384
g__Anaeromassilibacillus	g__Onthenecus	-0.0884	0.0425744414282731
g__Anaeromassilibacillus	g__Pararoseburia	-0.1185	0.0061743383199079
g__Anaeromassilibacillus	g__Pediococcus	0.1539	0.0034649660962221
g__Anaeromassilibacillus	g__Phascolarctobacterium	-0.1	0.0179491039426523
g__Anaeromassilibacillus	g__Phocaeicola	-0.154	0.0034649660962221
g__Anaeromassilibacillus	g__Prevotella	-0.1214	0.0134305381727158
g__Anaeromassilibacillus	g__Roseburia	-0.129	0.0086984598757092
g__Anaeromassilibacillus	g__Ruminococcus_B	0.114	0.0134305381727158
g__Anaeromassilibacillus	g__Ruthenibacterium	0.201	0.0034649660962221
g__Anaeromassilibacillus	g__Sellimonas	0.188	0.0034649660962221
g__Anaeromassilibacillus	g__Thomasclavelia	0.1855	0.0061743383199079
g__Anaeromassilibacillus	g__UBA3402	-0.1381	0.0061743383199079
g__Anaeromassilibacillus	g__URXU01	-0.1069	0.0179491039426523
g__Anaeromassilibacillus	g__Wujia	-0.1321	0.0086984598757092
g__Anaerostipes	g__Anaerotruncus	-0.0902	0.0464449711459192
g__Anaerostipes	g__Anthropogastromicrobium	0.1693	0.0034649660962221
g__Anaerostipes	g__Bacteroides	0.1542	0.0061743383199079
g__Anaerostipes	g__Blautia	0.1964	0.0034649660962221
g__Anaerostipes	g__Blautia_A	0.3208	0.0034649660962221
g__Anaerostipes	g__Brotaphodocola	0.1153	0.0179491039426523
g__Anaerostipes	g__CAG-177	-0.1266	0.0110886075949367
g__Anaerostipes	g__Catenibacterium	-0.1125	0.0222686188609637
g__Anaerostipes	g__Collinsella	0.1114	0.0222686188609637
g__Anaerostipes	g__Dorea	0.1792	0.0034649660962221
g__Anaerostipes	g__Dorea_A	0.1841	0.0034649660962221
g__Anaerostipes	g__Eggerthella	0.1249	0.0086984598757092
g__Anaerostipes	g__Enterobacter	-0.1978	0.0061743383199079
g__Anaerostipes	g__Enterococcus	-0.213	0.0034649660962221
g__Anaerostipes	g__Enterococcus_A	-0.2417	0.0034649660962221
g__Anaerostipes	g__Enterococcus_B	-0.2088	0.0034649660962221
g__Anaerostipes	g__Eubacterium_I	0.1324	0.0061743383199079
g__Anaerostipes	g__Faecalibacterium	0.2444	0.0034649660962221
g__Anaerostipes	g__Faecousia	-0.1138	0.0110886075949367
g__Anaerostipes	g__Finegoldia	-0.1472	0.0034649660962221
g__Anaerostipes	g__Fusicatenibacter	0.2304	0.0034649660962221
g__Anaerostipes	g__Gemella	-0.1563	0.0034649660962221
g__Anaerostipes	g__Granulicatella	-0.1736	0.0034649660962221
g__Anaerostipes	g__Guopingia	-0.1171	0.0157269174401563
g__Anaerostipes	g__Hominifimenecus	-0.1032	0.0134305381727158
g__Anaerostipes	g__JAGTTR01	-0.1147	0.0110886075949367
g__Anaerostipes	g__Klebsiella	-0.2119	0.0034649660962221
g__Anaerostipes	g__Lachnospira	0.1909	0.0034649660962221
g__Anaerostipes	g__Lacticaseibacillus	-0.2496	0.0034649660962221
g__Anaerostipes	g__Lactiplantibacillus	-0.1677	0.0034649660962221
g__Anaerostipes	g__Lactobacillus	-0.1161	0.0134305381727158
g__Anaerostipes	g__Lactococcus	-0.0918	0.0464449711459192
g__Anaerostipes	g__Lactonifactor	-0.0985	0.0201190531989688
g__Anaerostipes	g__Lancefieldella	-0.1729	0.0034649660962221
g__Anaerostipes	g__Leuconostoc	-0.1441	0.0061743383199079
g__Anaerostipes	g__Ligilactobacillus	-0.1249	0.0086984598757092
g__Anaerostipes	g__Limosilactobacillus	-0.1114	0.0134305381727158
g__Anaerostipes	g__Massilioclostridium	-0.1229	0.0034649660962221
g__Anaerostipes	g__Mediterraneibacter	0.1313	0.0110886075949367
g__Anaerostipes	g__Merdibacter	-0.1201	0.0034649660962221
g__Anaerostipes	g__Merdimonas	-0.1085	0.0179491039426523
g__Anaerostipes	g__Nanosynbacter	-0.1137	0.0222686188609637
g__Anaerostipes	g__Odoribacter	0.2265	0.0034649660962221
g__Anaerostipes	g__Oliverpabstia	0.1232	0.0134305381727158
g__Anaerostipes	g__Otoolea	0.1251	0.0244274982927384
g__Anaerostipes	g__Pauljensenia	-0.1674	0.0034649660962221
g__Anaerostipes	g__Pediococcus	-0.2004	0.0034649660962221
g__Anaerostipes	g__Peptostreptococcus	-0.1586	0.0034649660962221
g__Anaerostipes	g__Phocaeicola	0.1649	0.0034649660962221
g__Anaerostipes	g__Roseburia	0.1502	0.0110886075949367
g__Anaerostipes	g__Roseburia_D	-0.1006	0.0347957198443579
g__Anaerostipes	g__Rothia	-0.1136	0.0110886075949367
g__Anaerostipes	g__Sarcina	-0.1684	0.0061743383199079
g__Anaerostipes	g__Schaedlerella	0.1253	0.0110886075949367
g__Anaerostipes	g__Streptococcus	-0.1092	0.0367736131934033
g__Anaerostipes	g__Tyzzerella	0.1367	0.0061743383199079
g__Anaerostipes	g__URXU01	-0.102	0.0244274982927384
g__Anaerostipes	g__Veillonella	-0.1547	0.0061743383199079
g__Anaerotignum	g__Bacteroides	0.1551	0.0061743383199079
g__Anaerotignum	g__Bifidobacterium	-0.1179	0.026579824363882
g__Anaerotignum	g__Choladousia	-0.0998	0.0445362108321228
g__Anaerotignum	g__Clostridium	-0.1913	0.0034649660962221
g__Anaerotignum	g__Clostridium_A	0.1233	0.0110886075949367
g__Anaerotignum	g__Clostridium_AP	0.1514	0.0034649660962221
g__Anaerotignum	g__Dysosmobacter	0.2932	0.0034649660962221
g__Anaerotignum	g__Enterobacter	-0.1812	0.0034649660962221
g__Anaerotignum	g__Enterococcus	-0.1643	0.0034649660962221
g__Anaerotignum	g__Enterococcus_A	-0.1597	0.0034649660962221
g__Anaerotignum	g__Enterococcus_B	-0.1819	0.0034649660962221
g__Anaerotignum	g__Evtepia	0.1239	0.0034649660962221
g__Anaerotignum	g__Finegoldia	-0.1238	0.0034649660962221
g__Anaerotignum	g__Flavonifractor	0.1256	0.0157269174401563
g__Anaerotignum	g__Gemella	-0.0903	0.0387318471337579
g__Anaerotignum	g__Granulicatella	-0.1069	0.0222686188609637
g__Anaerotignum	g__Guopingia	0.1155	0.0061743383199079
g__Anaerotignum	g__Haemophilus_D	-0.131	0.0061743383199079
g__Anaerotignum	g__Holdemania	0.1095	0.0179491039426523
g__Anaerotignum	g__Hominibacterium	0.1354	0.0034649660962221
g__Anaerotignum	g__Intestinibacter	-0.2161	0.0034649660962221
g__Anaerotignum	g__Klebsiella	-0.2229	0.0034649660962221
g__Anaerotignum	g__Lacticaseibacillus	-0.1263	0.0086984598757092
g__Anaerotignum	g__Lactiplantibacillus	-0.1152	0.0061743383199079
g__Anaerotignum	g__Lactobacillus	-0.1	0.026579824363882
g__Anaerotignum	g__Lactococcus	-0.1366	0.0034649660962221
g__Anaerotignum	g__Latilactobacillus	-0.106	0.0179491039426523
g__Anaerotignum	g__Lawsonibacter	0.3036	0.0034649660962221
g__Anaerotignum	g__Leuconostoc	-0.1299	0.0034649660962221
g__Anaerotignum	g__Ligilactobacillus	-0.1036	0.0201190531989688
g__Anaerotignum	g__Limosilactobacillus	-0.1436	0.0034649660962221
g__Anaerotignum	g__Mediterraneibacter	0.1726	0.0034649660962221
g__Anaerotignum	g__Merdivicinus	0.1557	0.0034649660962221
g__Anaerotignum	g__Nanosynbacter	-0.138	0.0110886075949367
g__Anaerotignum	g__Negativibacillus	0.1693	0.0034649660962221
g__Anaerotignum	g__Otoolea	0.1779	0.0034649660962221
g__Anaerotignum	g__Parabacteroides	0.2363	0.0034649660962221
g__Anaerotignum	g__Pauljensenia	-0.1005	0.0201190531989688
g__Anaerotignum	g__Peptostreptococcus	-0.0917	0.0327878655608904
g__Anaerotignum	g__Rothia	-0.1323	0.0034649660962221
g__Anaerotignum	g__Ruthenibacterium	0.1976	0.0034649660962221
g__Anaerotignum	g__Sarcina	-0.1176	0.0222686188609637
g__Anaerotignum	g__Streptococcus	-0.1184	0.0157269174401563
g__Anaerotignum	g__Terrisporobacter	-0.124	0.0061743383199079
g__Anaerotignum	g__Turicibacter	-0.1571	0.0034649660962221
g__Anaerotignum	g__URXU01	-0.1168	0.0086984598757092
g__Anaerotignum	g__Veillonella	-0.1758	0.0061743383199079
g__Anaerotignum	g__Vescimonas	0.1789	0.0034649660962221
g__Anaerotruncus	g__Anthropogastromicrobium	-0.1605	0.0034649660962221
g__Anaerotruncus	g__Bariatricus	-0.1515	0.0034649660962221
g__Anaerotruncus	g__Bittarella	0.1303	0.0034649660962221
g__Anaerotruncus	g__Brotaphodocola	-0.149	0.0034649660962221
g__Anaerotruncus	g__Choladousia	-0.1433	0.0034649660962221
g__Anaerotruncus	g__Clostridium_A	0.1011	0.0179491039426523
g__Anaerotruncus	g__Clostridium_AP	0.1642	0.0034649660962221
g__Anaerotruncus	g__Collinsella	-0.1707	0.0034649660962221
g__Anaerotruncus	g__Coprococcus_A	-0.1494	0.0034649660962221
g__Anaerotruncus	g__Dorea	-0.2029	0.0034649660962221
g__Anaerotruncus	g__Dorea_A	-0.2176	0.0034649660962221
g__Anaerotruncus	g__Eggerthella	0.131	0.0034649660962221
g__Anaerotruncus	g__Enterocloster	0.0937	0.0387318471337579
g__Anaerotruncus	g__Enterococcus	0.1191	0.0034649660962221
g__Anaerotruncus	g__Enterococcus_A	0.1036	0.0244274982927384
g__Anaerotruncus	g__Enterococcus_B	0.1216	0.0061743383199079
g__Anaerotruncus	g__Eubacterium_G	-0.1525	0.0034649660962221
g__Anaerotruncus	g__Eubacterium_I	-0.1444	0.0034649660962221
g__Anaerotruncus	g__Faecalibacterium	-0.2396	0.0034649660962221
g__Anaerotruncus	g__Faecalimonas	0.1688	0.0034649660962221
g__Anaerotruncus	g__Faecousia	0.0749	0.0464449711459192
g__Anaerotruncus	g__Finegoldia	0.1285	0.0034649660962221
g__Anaerotruncus	g__Flavonifractor	0.2316	0.0034649660962221
g__Anaerotruncus	g__Fusobacterium_A	0.1569	0.0034649660962221
g__Anaerotruncus	g__Gemmiger	-0.1858	0.0034649660962221
g__Anaerotruncus	g__Gordonibacter	0.0946	0.0201190531989688
g__Anaerotruncus	g__Holdemanella	-0.0917	0.0367736131934033
g__Anaerotruncus	g__Hominicoprocola	-0.1042	0.0201190531989688
g__Anaerotruncus	g__Hominiventricola	-0.1228	0.0034649660962221
g__Anaerotruncus	g__Hungatella	0.2744	0.0034649660962221
g__Anaerotruncus	g__Intestinibacter	0.1451	0.0034649660962221
g__Anaerotruncus	g__Lachnoclostridium_B	-0.0921	0.0445362108321228
g__Anaerotruncus	g__Lachnospira	-0.0858	0.0445362108321228
g__Anaerotruncus	g__Lactonifactor	0.121	0.0034649660962221
g__Anaerotruncus	g__Limivivens	-0.1437	0.0034649660962221
g__Anaerotruncus	g__Massilioclostridium	0.1051	0.0034649660962221
g__Anaerotruncus	g__Mediterraneibacter	-0.0966	0.0367736131934033
g__Anaerotruncus	g__Merdibacter	0.0786	0.0201190531989688
g__Anaerotruncus	g__Merdimonas	0.1855	0.0034649660962221
g__Anaerotruncus	g__Merdivicinus	0.0946	0.0222686188609637
g__Anaerotruncus	g__Muricomes	0.1599	0.0034649660962221
g__Anaerotruncus	g__Murimonas	-0.0967	0.0157269174401563
g__Anaerotruncus	g__Odoribacter	-0.1487	0.0034649660962221
g__Anaerotruncus	g__Oliverpabstia	-0.1052	0.0086984598757092
g__Anaerotruncus	g__Pediococcus	0.1216	0.0034649660962221
g__Anaerotruncus	g__Peptostreptococcus	0.1148	0.0110886075949367
g__Anaerotruncus	g__Prevotella	-0.1073	0.0179491039426523
g__Anaerotruncus	g__Roseburia	-0.1491	0.0034649660962221
g__Anaerotruncus	g__Ruminococcus_B	0.2026	0.0034649660962221
g__Anaerotruncus	g__Ruthenibacterium	0.1628	0.0034649660962221
g__Anaerotruncus	g__Sellimonas	0.1731	0.0034649660962221
g__Anaerotruncus	g__Thomasclavelia	0.2516	0.0034649660962221
g__Anthropogastromicrobium	g__Bariatricus	0.2234	0.0034649660962221
g__Anthropogastromicrobium	g__Bittarella	-0.2022	0.0034649660962221
g__Anthropogastromicrobium	g__Blautia	-0.1336	0.0061743383199079
g__Anthropogastromicrobium	g__Brotaphodocola	0.2073	0.0034649660962221
g__Anthropogastromicrobium	g__Choladousia	0.1733	0.0034649660962221
g__Anthropogastromicrobium	g__Clostridium_A	-0.1256	0.0110886075949367
g__Anthropogastromicrobium	g__Clostridium_AP	-0.1907	0.0034649660962221
g__Anthropogastromicrobium	g__Collinsella	0.2157	0.0034649660962221
g__Anthropogastromicrobium	g__Coprococcus_A	0.2112	0.0034649660962221
g__Anthropogastromicrobium	g__Dorea	0.2882	0.0034649660962221
g__Anthropogastromicrobium	g__Dorea_A	0.2473	0.0034649660962221
g__Anthropogastromicrobium	g__Dysosmobacter	0.1443	0.0034649660962221
g__Anthropogastromicrobium	g__Eggerthella	-0.1931	0.0034649660962221
g__Anthropogastromicrobium	g__Enterobacter	-0.2315	0.0034649660962221
g__Anthropogastromicrobium	g__Enterocloster	-0.1021	0.0445362108321228
g__Anthropogastromicrobium	g__Enterococcus	-0.2189	0.0034649660962221
g__Anthropogastromicrobium	g__Enterococcus_A	-0.2685	0.0034649660962221
g__Anthropogastromicrobium	g__Enterococcus_B	-0.2259	0.0034649660962221
g__Anthropogastromicrobium	g__Eubacterium_G	0.2659	0.0034649660962221
g__Anthropogastromicrobium	g__Eubacterium_I	0.2566	0.0034649660962221
g__Anthropogastromicrobium	g__Evtepia	0.1007	0.0387318471337579
g__Anthropogastromicrobium	g__Faecalibacterium	0.2905	0.0034649660962221
g__Anthropogastromicrobium	g__Faecalimonas	-0.3022	0.0034649660962221
g__Anthropogastromicrobium	g__Finegoldia	-0.2257	0.0034649660962221
g__Anthropogastromicrobium	g__Flavonifractor	-0.1995	0.0034649660962221
g__Anthropogastromicrobium	g__Fusicatenibacter	0.3506	0.0034649660962221
g__Anthropogastromicrobium	g__Fusobacterium_A	-0.2577	0.0034649660962221
g__Anthropogastromicrobium	g__Gallintestinimicrobium	0.2778	0.0034649660962221
g__Anthropogastromicrobium	g__Gemella	-0.2592	0.0034649660962221
g__Anthropogastromicrobium	g__Gemmiger	0.2978	0.0034649660962221
g__Anthropogastromicrobium	g__Granulicatella	-0.2259	0.0034649660962221
g__Anthropogastromicrobium	g__Guopingia	-0.1425	0.0061743383199079
g__Anthropogastromicrobium	g__Hominenteromicrobium	0.1071	0.0244274982927384
g__Anthropogastromicrobium	g__Hominicoprocola	0.2736	0.0034649660962221
g__Anthropogastromicrobium	g__Hominilimicola	0.2173	0.0034649660962221
g__Anthropogastromicrobium	g__Hominimerdicola	0.1283	0.0061743383199079
g__Anthropogastromicrobium	g__Hominiventricola	0.2447	0.0034649660962221
g__Anthropogastromicrobium	g__Hungatella	-0.277	0.0034649660962221
g__Anthropogastromicrobium	g__Intestinibacter	-0.1204	0.0222686188609637
g__Anthropogastromicrobium	g__Klebsiella	-0.2135	0.0034649660962221
g__Anthropogastromicrobium	g__Lachnoclostridium_B	0.1762	0.0034649660962221
g__Anthropogastromicrobium	g__Lachnospira	0.2532	0.0034649660962221
g__Anthropogastromicrobium	g__Lacticaseibacillus	-0.2673	0.0034649660962221
g__Anthropogastromicrobium	g__Lactiplantibacillus	-0.1567	0.0034649660962221
g__Anthropogastromicrobium	g__Lactobacillus	-0.2136	0.0034649660962221
g__Anthropogastromicrobium	g__Lactococcus	-0.1939	0.0034649660962221
g__Anthropogastromicrobium	g__Lactonifactor	-0.1784	0.0034649660962221
g__Anthropogastromicrobium	g__Lancefieldella	-0.2072	0.0034649660962221
g__Anthropogastromicrobium	g__Leuconostoc	-0.1806	0.0034649660962221
g__Anthropogastromicrobium	g__Ligilactobacillus	-0.1148	0.0110886075949367
g__Anthropogastromicrobium	g__Limivivens	0.3112	0.0034649660962221
g__Anthropogastromicrobium	g__Limosilactobacillus	-0.2002	0.0034649660962221
g__Anthropogastromicrobium	g__Longicatena	-0.1444	0.0034649660962221
g__Anthropogastromicrobium	g__Massilioclostridium	-0.1933	0.0034649660962221
g__Anthropogastromicrobium	g__Mediterraneibacter	0.2303	0.0034649660962221
g__Anthropogastromicrobium	g__Merdibacter	-0.1677	0.0034649660962221
g__Anthropogastromicrobium	g__Merdimmobilis	-0.1673	0.0034649660962221
g__Anthropogastromicrobium	g__Merdimonas	-0.1805	0.0034649660962221
g__Anthropogastromicrobium	g__Merdivicinus	-0.1859	0.0034649660962221
g__Anthropogastromicrobium	g__Muricomes	-0.1333	0.0034649660962221
g__Anthropogastromicrobium	g__Murimonas	0.1924	0.0034649660962221
g__Anthropogastromicrobium	g__Nanosynbacter	-0.1305	0.0110886075949367
g__Anthropogastromicrobium	g__Odoribacter	0.21	0.0034649660962221
g__Anthropogastromicrobium	g__Oliverpabstia	0.2078	0.0034649660962221
g__Anthropogastromicrobium	g__Onthenecus	0.0927	0.0347957198443579
g__Anthropogastromicrobium	g__Pauljensenia	-0.1822	0.0034649660962221
g__Anthropogastromicrobium	g__Pediococcus	-0.2198	0.0034649660962221
g__Anthropogastromicrobium	g__Peptostreptococcus	-0.1831	0.0034649660962221
g__Anthropogastromicrobium	g__Prevotella	0.1444	0.0034649660962221
g__Anthropogastromicrobium	g__Pseudobutyricicoccus	-0.1149	0.0034649660962221
g__Anthropogastromicrobium	g__Pseudoflavonifractor_A	-0.1447	0.0034649660962221
g__Anthropogastromicrobium	g__Roseburia	0.3218	0.0034649660962221
g__Anthropogastromicrobium	g__Rothia	-0.1446	0.0034649660962221
g__Anthropogastromicrobium	g__Ruminococcus_B	-0.3299	0.0034649660962221
g__Anthropogastromicrobium	g__Ruthenibacterium	-0.1719	0.0061743383199079
g__Anthropogastromicrobium	g__Sarcina	-0.1751	0.0034649660962221
g__Anthropogastromicrobium	g__Sellimonas	-0.1215	0.0157269174401563
g__Anthropogastromicrobium	g__Streptococcus	-0.1636	0.0086984598757092
g__Anthropogastromicrobium	g__Thomasclavelia	-0.2833	0.0034649660962221
g__Anthropogastromicrobium	g__Veillonella	-0.1677	0.0034649660962221
g__Anthropogastromicrobium	g__Vescimonas	0.1378	0.0034649660962221
g__Anthropogastromicrobium	g__Weissella	-0.1222	0.0086984598757092
g__Aristaeella	g__Bittarella	-0.1159	0.0034649660962221
g__Aristaeella	g__Butyribacter	0.1355	0.0034649660962221
g__Aristaeella	g__CAG-170	0.2134	0.0034649660962221
g__Aristaeella	g__CAG-177	0.1397	0.0034649660962221
g__Aristaeella	g__Choladousia	0.1762	0.0034649660962221
g__Aristaeella	g__Clostridium_A	-0.091	0.0387318471337579
g__Aristaeella	g__Clostridium_AP	-0.1065	0.0134305381727158
g__Aristaeella	g__Coprococcus_A	0.1045	0.0110886075949367
g__Aristaeella	g__Enterocloster	-0.129	0.0061743383199079
g__Aristaeella	g__Eubacterium_F	0.1168	0.0110886075949367
g__Aristaeella	g__Faecousia	0.1032	0.0086984598757092
g__Aristaeella	g__Flavonifractor	-0.1668	0.0034649660962221
g__Aristaeella	g__Holdemanella	0.0979	0.0201190531989688
g__Aristaeella	g__Hominicoprocola	0.1633	0.0034649660962221
g__Aristaeella	g__Hominifimenecus	0.1063	0.0061743383199079
g__Aristaeella	g__Hominimerdicola	0.1174	0.0134305381727158
g__Aristaeella	g__JAGTTR01	0.1793	0.0034649660962221
g__Aristaeella	g__Lawsonibacter	-0.1845	0.0034649660962221
g__Aristaeella	g__Lentihominibacter	0.1058	0.0367736131934033
g__Aristaeella	g__Merdimonas	-0.0848	0.0425744414282731
g__Aristaeella	g__Murimonas	0.1284	0.0061743383199079
g__Aristaeella	g__Onthenecus	0.1285	0.0034649660962221
g__Aristaeella	g__Otoolea	-0.0922	0.0347957198443579
g__Aristaeella	g__Pseudoflavonifractor_A	-0.0881	0.0425744414282731
g__Aristaeella	g__Roseburia_D	0.1842	0.0034649660962221
g__Aristaeella	g__Ruminiclostridium_E	0.1527	0.0034649660962221
g__Aristaeella	g__Ruminococcus_B	-0.1003	0.0347957198443579
g__Aristaeella	g__Ruminococcus_C	0.1352	0.0034649660962221
g__Bacteroides	g__CAG-177	-0.0916	0.0445362108321228
g__Bacteroides	g__Catenibacterium	-0.1901	0.0034649660962221
g__Bacteroides	g__Choladousia	-0.1619	0.0034649660962221
g__Bacteroides	g__Clostridium_A	0.1896	0.0034649660962221
g__Bacteroides	g__Clostridium_AP	0.123	0.0134305381727158
g__Bacteroides	g__Dialister	0.1194	0.0201190531989688
g__Bacteroides	g__Dysosmobacter	0.2346	0.0034649660962221
g__Bacteroides	g__Eggerthella	0.2759	0.0034649660962221
g__Bacteroides	g__Enterobacter	-0.1003	0.0464449711459192
g__Bacteroides	g__Enterocloster	0.3081	0.0034649660962221
g__Bacteroides	g__Enterococcus	-0.1688	0.0034649660962221
g__Bacteroides	g__Enterococcus_A	-0.1799	0.0034649660962221
g__Bacteroides	g__Enterococcus_B	-0.1901	0.0034649660962221
g__Bacteroides	g__Eubacterium_G	0.124	0.0134305381727158
g__Bacteroides	g__Faecalibacterium	0.1567	0.0034649660962221
g__Bacteroides	g__Flavonifractor	0.2917	0.0034649660962221
g__Bacteroides	g__Gemella	-0.1332	0.0061743383199079
g__Bacteroides	g__Granulicatella	-0.1507	0.0061743383199079
g__Bacteroides	g__Haemophilus_D	-0.1534	0.0061743383199079
g__Bacteroides	g__Holdemanella	-0.1889	0.0034649660962221
g__Bacteroides	g__Holdemania	0.0908	0.0482884025363059
g__Bacteroides	g__Hominifimenecus	-0.1382	0.0034649660962221
g__Bacteroides	g__JAGTTR01	-0.1219	0.0086984598757092
g__Bacteroides	g__Lacticaseibacillus	-0.227	0.0034649660962221
g__Bacteroides	g__Lactiplantibacillus	-0.0956	0.0327878655608904
g__Bacteroides	g__Lactobacillus	-0.2024	0.0034649660962221
g__Bacteroides	g__Lancefieldella	-0.1272	0.0034649660962221
g__Bacteroides	g__Latilactobacillus	-0.1168	0.0286861216306527
g__Bacteroides	g__Lawsonibacter	0.1628	0.0034649660962221
g__Bacteroides	g__Leuconostoc	-0.1098	0.0244274982927384
g__Bacteroides	g__Limivivens	-0.1064	0.0308089664310954
g__Bacteroides	g__Limosilactobacillus	-0.1877	0.0034649660962221
g__Bacteroides	g__Mediterraneibacter	0.2041	0.0034649660962221
g__Bacteroides	g__Nanosynbacter	-0.1675	0.0034649660962221
g__Bacteroides	g__Oliverpabstia	-0.1065	0.0327878655608904
g__Bacteroides	g__Otoolea	0.1227	0.026579824363882
g__Bacteroides	g__Parabacteroides	0.3371	0.0034649660962221
g__Bacteroides	g__Pauljensenia	-0.1343	0.0061743383199079
g__Bacteroides	g__Pediococcus	-0.1097	0.026579824363882
g__Bacteroides	g__Phascolarctobacterium	0.1321	0.0086984598757092
g__Bacteroides	g__Phocaeicola	0.3472	0.0034649660962221
g__Bacteroides	g__Prevotella	-0.2157	0.0034649660962221
g__Bacteroides	g__Rothia	-0.1533	0.0034649660962221
g__Bacteroides	g__Ruminococcus_B	0.1014	0.0387318471337579
g__Bacteroides	g__Ruthenibacterium	0.1821	0.0034649660962221
g__Bacteroides	g__Sarcina	-0.1549	0.0061743383199079
g__Bacteroides	g__Schaedlerella	0.1083	0.0308089664310954
g__Bacteroides	g__Sellimonas	0.1588	0.0034649660962221
g__Bacteroides	g__Streptococcus	-0.1877	0.0034649660962221
g__Bacteroides	g__Thomasclavelia	0.1019	0.0425744414282731
g__Bacteroides	g__Wujia	-0.116	0.0179491039426523
g__Bariatricus	g__Bittarella	-0.2089	0.0034649660962221
g__Bariatricus	g__Blautia	-0.2267	0.0034649660962221
g__Bariatricus	g__Brotaphodocola	0.2004	0.0034649660962221
g__Bariatricus	g__CAG-177	0.0923	0.0482884025363059
g__Bariatricus	g__Catenibacterium	0.1395	0.0061743383199079
g__Bariatricus	g__Choladousia	0.1752	0.0034649660962221
g__Bariatricus	g__Clostridium_AP	-0.2131	0.0034649660962221
g__Bariatricus	g__Collinsella	0.2965	0.0034649660962221
g__Bariatricus	g__Coprococcus_A	0.3568	0.0034649660962221
g__Bariatricus	g__Dorea	0.3755	0.0034649660962221
g__Bariatricus	g__Dorea_A	0.3609	0.0034649660962221
g__Bariatricus	g__Dysosmobacter	0.1317	0.0061743383199079
g__Bariatricus	g__Eggerthella	-0.1914	0.0034649660962221
g__Bariatricus	g__Enterobacter	-0.1274	0.0086984598757092
g__Bariatricus	g__Enterocloster	-0.1861	0.0034649660962221
g__Bariatricus	g__Enterococcus	-0.1985	0.0034649660962221
g__Bariatricus	g__Enterococcus_A	-0.2693	0.0034649660962221
g__Bariatricus	g__Enterococcus_B	-0.1757	0.0034649660962221
g__Bariatricus	g__Eubacterium_G	0.1859	0.0034649660962221
g__Bariatricus	g__Eubacterium_I	0.3268	0.0034649660962221
g__Bariatricus	g__Evtepia	0.0941	0.0445362108321228
g__Bariatricus	g__Faecalibacterium	0.2674	0.0034649660962221
g__Bariatricus	g__Faecalimonas	-0.3723	0.0034649660962221
g__Bariatricus	g__Finegoldia	-0.1762	0.0034649660962221
g__Bariatricus	g__Flavonifractor	-0.2786	0.0034649660962221
g__Bariatricus	g__Fusicatenibacter	0.2135	0.0034649660962221
g__Bariatricus	g__Fusobacterium_A	-0.1869	0.0034649660962221
g__Bariatricus	g__Gallintestinimicrobium	0.2407	0.0034649660962221
g__Bariatricus	g__Gemella	-0.2372	0.0034649660962221
g__Bariatricus	g__Gemmiger	0.3818	0.0034649660962221
g__Bariatricus	g__Granulicatella	-0.2064	0.0034649660962221
g__Bariatricus	g__Haemophilus_D	-0.1519	0.0061743383199079
g__Bariatricus	g__Holdemanella	0.1608	0.0034649660962221
g__Bariatricus	g__Hominenteromicrobium	0.2254	0.0034649660962221
g__Bariatricus	g__Hominicoprocola	0.3301	0.0034649660962221
g__Bariatricus	g__Hominifimenecus	0.0887	0.0464449711459192
g__Bariatricus	g__Hominilimicola	0.2195	0.0034649660962221
g__Bariatricus	g__Hominiventricola	0.3257	0.0034649660962221
g__Bariatricus	g__Hungatella	-0.3326	0.0034649660962221
g__Bariatricus	g__Intestinibacter	-0.3048	0.0034649660962221
g__Bariatricus	g__JAGTTR01	0.1172	0.0061743383199079
g__Bariatricus	g__Klebsiella	-0.1382	0.0061743383199079
g__Bariatricus	g__Lachnoclostridium_B	0.2682	0.0034649660962221
g__Bariatricus	g__Lacticaseibacillus	-0.2604	0.0034649660962221
g__Bariatricus	g__Lactiplantibacillus	-0.1696	0.0034649660962221
g__Bariatricus	g__Lactobacillus	-0.1941	0.0034649660962221
g__Bariatricus	g__Lactococcus	-0.1738	0.0034649660962221
g__Bariatricus	g__Lactonifactor	-0.1977	0.0034649660962221
g__Bariatricus	g__Lancefieldella	-0.1967	0.0034649660962221
g__Bariatricus	g__Latilactobacillus	-0.1065	0.0286861216306527
g__Bariatricus	g__Lentihominibacter	0.2018	0.0034649660962221
g__Bariatricus	g__Leuconostoc	-0.2049	0.0034649660962221
g__Bariatricus	g__Ligilactobacillus	-0.1769	0.0034649660962221
g__Bariatricus	g__Limivivens	0.339	0.0034649660962221
g__Bariatricus	g__Limosilactobacillus	-0.1637	0.0034649660962221
g__Bariatricus	g__Longicatena	-0.2565	0.0034649660962221
g__Bariatricus	g__Massilioclostridium	-0.1806	0.0034649660962221
g__Bariatricus	g__Mediterraneibacter	0.2127	0.0034649660962221
g__Bariatricus	g__Merdibacter	-0.1535	0.0034649660962221
g__Bariatricus	g__Merdimmobilis	-0.1432	0.0034649660962221
g__Bariatricus	g__Merdimonas	-0.177	0.0034649660962221
g__Bariatricus	g__Merdivicinus	-0.1481	0.0034649660962221
g__Bariatricus	g__Muricomes	-0.2234	0.0034649660962221
g__Bariatricus	g__Murimonas	0.2387	0.0034649660962221
g__Bariatricus	g__Nanosynbacter	-0.2129	0.0034649660962221
g__Bariatricus	g__Odoribacter	0.2553	0.0034649660962221
g__Bariatricus	g__Oliverpabstia	0.2658	0.0034649660962221
g__Bariatricus	g__Onthenecus	0.2114	0.0034649660962221
g__Bariatricus	g__Pauljensenia	-0.0872	0.0482884025363059
g__Bariatricus	g__Pediococcus	-0.227	0.0034649660962221
g__Bariatricus	g__Peptostreptococcus	-0.1615	0.0034649660962221
g__Bariatricus	g__Phocaeicola	0.1062	0.040656282887813
g__Bariatricus	g__Prevotella	0.1538	0.0034649660962221
g__Bariatricus	g__Pseudobutyricicoccus	-0.115	0.0086984598757092
g__Bariatricus	g__Pseudoflavonifractor_A	-0.1926	0.0034649660962221
g__Bariatricus	g__Roseburia	0.2283	0.0034649660962221
g__Bariatricus	g__Rothia	-0.1747	0.0034649660962221
g__Bariatricus	g__Ruminiclostridium_E	-0.0908	0.0482884025363059
g__Bariatricus	g__Ruminococcus_B	-0.4017	0.0034649660962221
g__Bariatricus	g__Ruthenibacterium	-0.1448	0.0034649660962221
g__Bariatricus	g__Sarcina	-0.1404	0.0034649660962221
g__Bariatricus	g__Sellimonas	-0.2611	0.0034649660962221
g__Bariatricus	g__Streptococcus	-0.2263	0.0034649660962221
g__Bariatricus	g__Terrisporobacter	-0.132	0.0086984598757092
g__Bariatricus	g__Thomasclavelia	-0.3705	0.0034649660962221
g__Bariatricus	g__Turicibacter	-0.1701	0.0034649660962221
g__Bariatricus	g__UBA3402	0.1207	0.0086984598757092
g__Bariatricus	g__Veillonella	-0.2549	0.0034649660962221
g__Bariatricus	g__Vescimonas	0.1812	0.0034649660962221
g__Bifidobacterium	g__CAG-488	-0.1204	0.0179491039426523
g__Bifidobacterium	g__Catenibacterium	-0.1307	0.0061743383199079
g__Bifidobacterium	g__Choladousia	-0.098	0.0425744414282731
g__Bifidobacterium	g__Coprococcus_A	-0.1024	0.040656282887813
g__Bifidobacterium	g__Dysosmobacter	-0.0995	0.0464449711459192
g__Bifidobacterium	g__Enterocloster	-0.1252	0.0179491039426523
g__Bifidobacterium	g__Enterococcus_A	0.16	0.0034649660962221
g__Bifidobacterium	g__Enterococcus_B	0.1026	0.0286861216306527
g__Bifidobacterium	g__Eubacterium_I	-0.1097	0.040656282887813
g__Bifidobacterium	g__Gordonibacter	0.1134	0.0110886075949367
g__Bifidobacterium	g__Hominicoprocola	-0.1562	0.0034649660962221
g__Bifidobacterium	g__Hominiventricola	-0.149	0.0061743383199079
g__Bifidobacterium	g__Intestinibacter	0.1285	0.0110886075949367
g__Bifidobacterium	g__Lacticaseibacillus	0.1858	0.0034649660962221
g__Bifidobacterium	g__Lactiplantibacillus	0.1563	0.0034649660962221
g__Bifidobacterium	g__Lactobacillus	0.1011	0.026579824363882
g__Bifidobacterium	g__Lactococcus	0.1042	0.0347957198443579
g__Bifidobacterium	g__Lancefieldella	0.0831	0.0445362108321228
g__Bifidobacterium	g__Limosilactobacillus	0.1171	0.0157269174401563
g__Bifidobacterium	g__Longicatena	0.095	0.0387318471337579
g__Bifidobacterium	g__Mediterraneibacter	-0.1118	0.0367736131934033
g__Bifidobacterium	g__Muricomes	0.1108	0.0157269174401563
g__Bifidobacterium	g__Murimonas	-0.1098	0.026579824363882
g__Bifidobacterium	g__Nanosynbacter	0.1073	0.0367736131934033
g__Bifidobacterium	g__Otoolea	-0.1833	0.0034649660962221
g__Bifidobacterium	g__Pediococcus	0.1372	0.0110886075949367
g__Bifidobacterium	g__Streptococcus	0.1133	0.0367736131934033
g__Bifidobacterium	g__Thomasclavelia	0.1235	0.0134305381727158
g__Bifidobacterium	g__UBA3402	-0.1191	0.0110886075949367
g__Bittarella	g__Blautia	0.1066	0.0110886075949367
g__Bittarella	g__Brotaphodocola	-0.1919	0.0034649660962221
g__Bittarella	g__Butyribacter	-0.0795	0.0482884025363059
g__Bittarella	g__CAG-170	-0.098	0.0110886075949367
g__Bittarella	g__CAG-217	-0.0833	0.0425744414282731
g__Bittarella	g__Choladousia	-0.1727	0.0034649660962221
g__Bittarella	g__Clostridium_AP	0.2756	0.0034649660962221
g__Bittarella	g__Collinsella	-0.1281	0.0110886075949367
g__Bittarella	g__Coprococcus_A	-0.2012	0.0034649660962221
g__Bittarella	g__Dorea	-0.187	0.0034649660962221
g__Bittarella	g__Dorea_A	-0.1968	0.0034649660962221
g__Bittarella	g__Dysosmobacter	-0.1048	0.0179491039426523
g__Bittarella	g__Eggerthella	0.1287	0.0034649660962221
g__Bittarella	g__Enterococcus	0.1059	0.0086984598757092
g__Bittarella	g__Enterococcus_A	0.1454	0.0034649660962221
g__Bittarella	g__Enterococcus_B	0.135	0.0034649660962221
g__Bittarella	g__Eubacterium_G	-0.1249	0.0061743383199079
g__Bittarella	g__Eubacterium_I	-0.1422	0.0034649660962221
g__Bittarella	g__Faecalibacterium	-0.1821	0.0034649660962221
g__Bittarella	g__Faecalimonas	0.2434	0.0034649660962221
g__Bittarella	g__Finegoldia	0.0926	0.0222686188609637
g__Bittarella	g__Flavonifractor	0.1943	0.0034649660962221
g__Bittarella	g__Fusicatenibacter	-0.088	0.0327878655608904
g__Bittarella	g__Fusobacterium_A	0.1515	0.0034649660962221
g__Bittarella	g__Gallintestinimicrobium	-0.1437	0.0034649660962221
g__Bittarella	g__Gemella	0.1089	0.0034649660962221
g__Bittarella	g__Gemmiger	-0.1709	0.0034649660962221
g__Bittarella	g__Granulicatella	0.0907	0.0286861216306527
g__Bittarella	g__Guopingia	0.0766	0.040656282887813
g__Bittarella	g__Holdemania	0.1099	0.0034649660962221
g__Bittarella	g__Hominenteromicrobium	-0.0943	0.0425744414282731
g__Bittarella	g__Hominibacterium	0.1025	0.0086984598757092
g__Bittarella	g__Hominicoprocola	-0.2272	0.0034649660962221
g__Bittarella	g__Hominiventricola	-0.1856	0.0034649660962221
g__Bittarella	g__Hungatella	0.2157	0.0034649660962221
g__Bittarella	g__Intestinibacter	0.0979	0.0244274982927384
g__Bittarella	g__JAGTTR01	-0.0763	0.0482884025363059
g__Bittarella	g__Lachnoclostridium_B	-0.132	0.0086984598757092
g__Bittarella	g__Lachnospira	-0.1548	0.0034649660962221
g__Bittarella	g__Lacticaseibacillus	0.1083	0.0110886075949367
g__Bittarella	g__Lactiplantibacillus	0.0955	0.0134305381727158
g__Bittarella	g__Lactococcus	0.0985	0.0157269174401563
g__Bittarella	g__Lactonifactor	0.1836	0.0034649660962221
g__Bittarella	g__Lancefieldella	0.0977	0.0061743383199079
g__Bittarella	g__Limivivens	-0.1878	0.0034649660962221
g__Bittarella	g__Longicatena	0.1534	0.0034649660962221
g__Bittarella	g__Massilioclostridium	0.1338	0.0034649660962221
g__Bittarella	g__Merdibacter	0.1255	0.0034649660962221
g__Bittarella	g__Merdimmobilis	0.1054	0.0134305381727158
g__Bittarella	g__Merdimonas	0.1207	0.0034649660962221
g__Bittarella	g__Merdivicinus	0.1654	0.0034649660962221
g__Bittarella	g__Muricomes	0.1864	0.0034649660962221
g__Bittarella	g__Murimonas	-0.1457	0.0034649660962221
g__Bittarella	g__Odoribacter	-0.119	0.0086984598757092
g__Bittarella	g__Oliverpabstia	-0.119	0.0061743383199079
g__Bittarella	g__Onthenecus	-0.1503	0.0034649660962221
g__Bittarella	g__Pediococcus	0.1247	0.0061743383199079
g__Bittarella	g__Peptostreptococcus	0.0868	0.0201190531989688
g__Bittarella	g__Prevotella	-0.0942	0.0308089664310954
g__Bittarella	g__Pseudobutyricicoccus	0.0838	0.0222686188609637
g__Bittarella	g__Pseudoflavonifractor_A	0.1135	0.0034649660962221
g__Bittarella	g__Roseburia	-0.1586	0.0034649660962221
g__Bittarella	g__Roseburia_D	-0.1258	0.0034649660962221
g__Bittarella	g__Ruminococcus_B	0.2778	0.0034649660962221
g__Bittarella	g__Ruminococcus_C	-0.0964	0.0157269174401563
g__Bittarella	g__Ruthenibacterium	0.1962	0.0034649660962221
g__Bittarella	g__Sarcina	0.099	0.0244274982927384
g__Bittarella	g__Schaedlerella	0.0975	0.0134305381727158
g__Bittarella	g__Sellimonas	0.1809	0.0034649660962221
g__Bittarella	g__Thomasclavelia	0.2929	0.0034649660962221
g__Bittarella	g__UBA3402	-0.1004	0.0201190531989688
g__Bittarella	g__Vescimonas	-0.0925	0.0179491039426523
g__Bittarella	g__Wujia	-0.1364	0.0034649660962221
g__Blautia	g__Blautia_A	0.2485	0.0034649660962221
g__Blautia	g__CAG-170	-0.1082	0.0134305381727158
g__Blautia	g__Choladousia	-0.1191	0.0110886075949367
g__Blautia	g__Clostridium_AP	0.1311	0.0061743383199079
g__Blautia	g__Collinsella	-0.2148	0.0034649660962221
g__Blautia	g__Coprococcus_A	-0.2092	0.0034649660962221
g__Blautia	g__Dorea	-0.2132	0.0034649660962221
g__Blautia	g__Dorea_A	-0.1674	0.0034649660962221
g__Blautia	g__Dysosmobacter	-0.1165	0.026579824363882
g__Blautia	g__Eggerthella	0.1772	0.0034649660962221
g__Blautia	g__Enterocloster	0.3209	0.0034649660962221
g__Blautia	g__Eubacterium_G	-0.1602	0.0061743383199079
g__Blautia	g__Eubacterium_I	-0.1596	0.0034649660962221
g__Blautia	g__Evtepia	-0.1337	0.0086984598757092
g__Blautia	g__Faecalibacterium	-0.1523	0.0061743383199079
g__Blautia	g__Faecalimonas	0.4727	0.0034649660962221
g__Blautia	g__Finegoldia	0.0982	0.0201190531989688
g__Blautia	g__Flavonifractor	0.3258	0.0034649660962221
g__Blautia	g__Fusicatenibacter	-0.1067	0.0425744414282731
g__Blautia	g__Fusobacterium_A	0.1726	0.0034649660962221
g__Blautia	g__Gallintestinimicrobium	-0.2215	0.0034649660962221
g__Blautia	g__Gemella	0.1052	0.0179491039426523
g__Blautia	g__Gemmiger	-0.3478	0.0034649660962221
g__Blautia	g__Holdemanella	-0.1099	0.026579824363882
g__Blautia	g__Hominenteromicrobium	-0.1418	0.0134305381727158
g__Blautia	g__Hominicoprocola	-0.2896	0.0034649660962221
g__Blautia	g__Hominilimicola	-0.1836	0.0034649660962221
g__Blautia	g__Hominiventricola	-0.2553	0.0034649660962221
g__Blautia	g__Hungatella	0.2297	0.0034649660962221
g__Blautia	g__Intestinibacter	0.1349	0.0134305381727158
g__Blautia	g__Lachnoclostridium_B	-0.1186	0.0222686188609637
g__Blautia	g__Lacticaseibacillus	0.1377	0.0061743383199079
g__Blautia	g__Lactobacillus	0.0953	0.040656282887813
g__Blautia	g__Lancefieldella	0.1165	0.0061743383199079
g__Blautia	g__Lentihominibacter	-0.2025	0.0034649660962221
g__Blautia	g__Leuconostoc	0.1158	0.0110886075949367
g__Blautia	g__Ligilactobacillus	0.147	0.0034649660962221
g__Blautia	g__Limivivens	-0.1891	0.0034649660962221
g__Blautia	g__Longicatena	0.1943	0.0034649660962221
g__Blautia	g__Massilioclostridium	0.106	0.0061743383199079
g__Blautia	g__Megamonas	-0.1411	0.0110886075949367
g__Blautia	g__Merdimmobilis	0.1073	0.0086984598757092
g__Blautia	g__Murimonas	-0.1992	0.0034649660962221
g__Blautia	g__Nanosynbacter	0.2097	0.0034649660962221
g__Blautia	g__Oliverpabstia	-0.1095	0.0347957198443579
g__Blautia	g__Onthenecus	-0.1486	0.0061743383199079
g__Blautia	g__Otoolea	0.1326	0.0061743383199079
g__Blautia	g__Pediococcus	0.2434	0.0034649660962221
g__Blautia	g__Prevotella	-0.1658	0.0034649660962221
g__Blautia	g__Pseudoflavonifractor_A	0.1328	0.0034649660962221
g__Blautia	g__Roseburia_D	-0.1235	0.0086984598757092
g__Blautia	g__Ruminococcus_B	0.3972	0.0034649660962221
g__Blautia	g__Sarcina	0.1035	0.0201190531989688
g__Blautia	g__Schaedlerella	0.1368	0.0061743383199079
g__Blautia	g__Sellimonas	0.1042	0.0201190531989688
g__Blautia	g__Terrisporobacter	0.1177	0.0110886075949367
g__Blautia	g__Thomasclavelia	0.33	0.0034649660962221
g__Blautia	g__Tyzzerella	0.1437	0.0034649660962221
g__Blautia	g__Veillonella	0.1901	0.0034649660962221
g__Blautia	g__Vescimonas	-0.2633	0.0034649660962221
g__Blautia_A	g__Butyribacter	-0.1223	0.0110886075949367
g__Blautia_A	g__CAG-170	-0.1176	0.0157269174401563
g__Blautia_A	g__Clostridium_A	0.1074	0.0244274982927384
g__Blautia_A	g__Dialister	0.1262	0.0222686188609637
g__Blautia_A	g__Dorea	0.113	0.026579824363882
g__Blautia_A	g__Eggerthella	0.1823	0.0034649660962221
g__Blautia_A	g__Enterobacter	-0.2308	0.0034649660962221
g__Blautia_A	g__Enterocloster	0.1347	0.0086984598757092
g__Blautia_A	g__Enterococcus	-0.2601	0.0034649660962221
g__Blautia_A	g__Enterococcus_A	-0.1696	0.0034649660962221
g__Blautia_A	g__Enterococcus_B	-0.2053	0.0034649660962221
g__Blautia_A	g__Faecalibacterium	0.212	0.0034649660962221
g__Blautia_A	g__Faecousia	-0.0972	0.0347957198443579
g__Blautia_A	g__Finegoldia	-0.1348	0.0061743383199079
g__Blautia_A	g__Flavonifractor	0.1129	0.0327878655608904
g__Blautia_A	g__Fusicatenibacter	0.1357	0.0086984598757092
g__Blautia_A	g__Gemella	-0.1312	0.0086984598757092
g__Blautia_A	g__Granulicatella	-0.2429	0.0034649660962221
g__Blautia_A	g__Guopingia	-0.0912	0.0347957198443579
g__Blautia_A	g__Haemophilus_D	-0.13	0.0110886075949367
g__Blautia_A	g__Hominifimenecus	-0.1096	0.0134305381727158
g__Blautia_A	g__Klebsiella	-0.1534	0.0061743383199079
g__Blautia_A	g__Lachnospira	0.1769	0.0034649660962221
g__Blautia_A	g__Lacticaseibacillus	-0.1488	0.0034649660962221
g__Blautia_A	g__Lactiplantibacillus	-0.1729	0.0034649660962221
g__Blautia_A	g__Lactobacillus	-0.101	0.040656282887813
g__Blautia_A	g__Lactococcus	-0.1294	0.0110886075949367
g__Blautia_A	g__Lancefieldella	-0.0816	0.0464449711459192
g__Blautia_A	g__Latilactobacillus	-0.1017	0.0482884025363059
g__Blautia_A	g__Limosilactobacillus	-0.1504	0.0061743383199079
g__Blautia_A	g__Mediterraneibacter	0.1486	0.0034649660962221
g__Blautia_A	g__Nanosynbacter	-0.125	0.0134305381727158
g__Blautia_A	g__Otoolea	0.1298	0.0134305381727158
g__Blautia_A	g__Peptostreptococcus	-0.1447	0.0034649660962221
g__Blautia_A	g__Phocaeicola	0.1247	0.0157269174401563
g__Blautia_A	g__Roseburia	0.1437	0.0110886075949367
g__Blautia_A	g__Roseburia_D	-0.1357	0.0061743383199079
g__Blautia_A	g__Rothia	-0.1704	0.0034649660962221
g__Blautia_A	g__Sarcina	-0.1032	0.0367736131934033
g__Blautia_A	g__Schaedlerella	0.1411	0.0034649660962221
g__Blautia_A	g__Sellimonas	0.1211	0.0134305381727158
g__Blautia_A	g__Streptococcus	-0.1189	0.0222686188609637
g__Blautia_A	g__UBA3402	-0.0945	0.0464449711459192
g__Blautia_A	g__Veillonella	-0.1435	0.0034649660962221
g__Blautia_A	g__Wujia	-0.1274	0.0086984598757092
g__Brotaphodocola	g__Choladousia	0.131	0.0110886075949367
g__Brotaphodocola	g__Clostridium_A	-0.1721	0.0034649660962221
g__Brotaphodocola	g__Clostridium_AP	-0.2298	0.0034649660962221
g__Brotaphodocola	g__Collinsella	0.1484	0.0061743383199079
g__Brotaphodocola	g__Coprococcus_A	0.2074	0.0034649660962221
g__Brotaphodocola	g__Dialister	-0.1079	0.0425744414282731
g__Brotaphodocola	g__Dorea	0.1363	0.0086984598757092
g__Brotaphodocola	g__Dorea_A	0.2267	0.0034649660962221
g__Brotaphodocola	g__Eggerthella	-0.1829	0.0034649660962221
g__Brotaphodocola	g__Enterocloster	0.115	0.0222686188609637
g__Brotaphodocola	g__Enterococcus_A	-0.1413	0.0034649660962221
g__Brotaphodocola	g__Enterococcus_B	-0.1188	0.0157269174401563
g__Brotaphodocola	g__Eubacterium_G	0.1587	0.0034649660962221
g__Brotaphodocola	g__Eubacterium_I	0.2159	0.0034649660962221
g__Brotaphodocola	g__Faecalibacterium	0.1932	0.0034649660962221
g__Brotaphodocola	g__Faecalimonas	-0.1676	0.0034649660962221
g__Brotaphodocola	g__Finegoldia	-0.1194	0.0110886075949367
g__Brotaphodocola	g__Flavonifractor	-0.2131	0.0034649660962221
g__Brotaphodocola	g__Fusicatenibacter	0.1956	0.0034649660962221
g__Brotaphodocola	g__Fusobacterium_A	-0.1519	0.0034649660962221
g__Brotaphodocola	g__Gallintestinimicrobium	0.1428	0.0034649660962221
g__Brotaphodocola	g__Gemella	-0.1459	0.0061743383199079
g__Brotaphodocola	g__Gemmiger	0.132	0.0086984598757092
g__Brotaphodocola	g__Gordonibacter	-0.0853	0.040656282887813
g__Brotaphodocola	g__Granulicatella	-0.1152	0.0157269174401563
g__Brotaphodocola	g__Guopingia	-0.1322	0.0061743383199079
g__Brotaphodocola	g__Holdemania	-0.0984	0.0244274982927384
g__Brotaphodocola	g__Hominibacterium	-0.1182	0.0110886075949367
g__Brotaphodocola	g__Hominicoprocola	0.166	0.0034649660962221
g__Brotaphodocola	g__Hominiventricola	0.263	0.0034649660962221
g__Brotaphodocola	g__Hungatella	-0.1805	0.0034649660962221
g__Brotaphodocola	g__Intestinibacter	-0.1653	0.0034649660962221
g__Brotaphodocola	g__Lachnospira	0.2105	0.0034649660962221
g__Brotaphodocola	g__Lacticaseibacillus	-0.1323	0.0086984598757092
g__Brotaphodocola	g__Lactiplantibacillus	-0.136	0.0034649660962221
g__Brotaphodocola	g__Lactobacillus	-0.0935	0.0347957198443579
g__Brotaphodocola	g__Lactococcus	-0.1111	0.0157269174401563
g__Brotaphodocola	g__Lactonifactor	-0.1685	0.0034649660962221
g__Brotaphodocola	g__Lancefieldella	-0.1099	0.0086984598757092
g__Brotaphodocola	g__Leuconostoc	-0.1043	0.0201190531989688
g__Brotaphodocola	g__Ligilactobacillus	-0.1025	0.026579824363882
g__Brotaphodocola	g__Limivivens	0.189	0.0034649660962221
g__Brotaphodocola	g__Longicatena	-0.1562	0.0034649660962221
g__Brotaphodocola	g__Massilioclostridium	-0.1436	0.0034649660962221
g__Brotaphodocola	g__Merdibacter	-0.1203	0.0034649660962221
g__Brotaphodocola	g__Merdimmobilis	-0.0852	0.0482884025363059
g__Brotaphodocola	g__Merdimonas	-0.1596	0.0034649660962221
g__Brotaphodocola	g__Merdivicinus	-0.1808	0.0034649660962221
g__Brotaphodocola	g__Muricomes	-0.1836	0.0034649660962221
g__Brotaphodocola	g__Murimonas	0.1276	0.0110886075949367
g__Brotaphodocola	g__Oliverpabstia	0.2165	0.0034649660962221
g__Brotaphodocola	g__Otoolea	0.1829	0.0034649660962221
g__Brotaphodocola	g__Pauljensenia	-0.0974	0.0179491039426523
g__Brotaphodocola	g__Pediococcus	-0.1198	0.0110886075949367
g__Brotaphodocola	g__Peptostreptococcus	-0.1159	0.0086984598757092
g__Brotaphodocola	g__Phocaeicola	0.1481	0.0034649660962221
g__Brotaphodocola	g__Prevotella	0.1235	0.0134305381727158
g__Brotaphodocola	g__Roseburia	0.1957	0.0034649660962221
g__Brotaphodocola	g__Rothia	-0.0918	0.040656282887813
g__Brotaphodocola	g__Ruminococcus_B	-0.2056	0.0034649660962221
g__Brotaphodocola	g__Ruthenibacterium	-0.2614	0.0034649660962221
g__Brotaphodocola	g__Sarcina	-0.1662	0.0034649660962221
g__Brotaphodocola	g__Sellimonas	-0.1923	0.0034649660962221
g__Brotaphodocola	g__Streptococcus	-0.1448	0.0061743383199079
g__Brotaphodocola	g__Terrisporobacter	-0.1305	0.0086984598757092
g__Brotaphodocola	g__Thomasclavelia	-0.2292	0.0034649660962221
g__Brotaphodocola	g__Turicibacter	-0.1168	0.0201190531989688
g__Brotaphodocola	g__UBA3402	0.1837	0.0034649660962221
g__Brotaphodocola	g__Wujia	0.1253	0.0061743383199079
g__Butyribacter	g__CAG-170	0.1384	0.0034649660962221
g__Butyribacter	g__Choladousia	0.1427	0.0034649660962221
g__Butyribacter	g__Dysosmobacter	-0.1221	0.0086984598757092
g__Butyribacter	g__Eubacterium_F	0.2252	0.0034649660962221
g__Butyribacter	g__Flavonifractor	-0.135	0.0034649660962221
g__Butyribacter	g__Gallintestinimicrobium	0.1234	0.0086984598757092
g__Butyribacter	g__Hominifimenecus	0.1232	0.0086984598757092
g__Butyribacter	g__Hominimerdicola	0.1225	0.0086984598757092
g__Butyribacter	g__Limivivens	0.0915	0.0482884025363059
g__Butyribacter	g__Onthenecus	0.0972	0.0286861216306527
g__Butyribacter	g__Pararoseburia	0.111	0.0086984598757092
g__Butyribacter	g__Roseburia_D	0.1889	0.0034649660962221
g__Butyribacter	g__Ruminococcus_C	0.1399	0.0034649660962221
g__Butyribacter	g__Ruminococcus_E	0.0988	0.0367736131934033
g__Butyribacter	g__UBA3402	0.1238	0.0034649660962221
g__Butyribacter	g__Wujia	0.2326	0.0034649660962221
g__CAG-170	g__CAG-177	0.2599	0.0034649660962221
g__CAG-170	g__CAG-217	0.092	0.0308089664310954
g__CAG-170	g__Choladousia	0.1356	0.0034649660962221
g__CAG-170	g__Clostridium_AP	-0.1044	0.0179491039426523
g__CAG-170	g__Coprococcus_A	0.1426	0.0034649660962221
g__CAG-170	g__Eggerthella	-0.1639	0.0034649660962221
g__CAG-170	g__Enterocloster	-0.1394	0.0034649660962221
g__CAG-170	g__Eubacterium_F	0.13	0.0086984598757092
g__CAG-170	g__Evtepia	0.124	0.0034649660962221
g__CAG-170	g__Faecousia	0.1035	0.0110886075949367
g__CAG-170	g__Flavonifractor	-0.1761	0.0034649660962221
g__CAG-170	g__Guopingia	0.1452	0.0061743383199079
g__CAG-170	g__Hominenteromicrobium	0.117	0.0086984598757092
g__CAG-170	g__Hominicoprocola	0.2731	0.0034649660962221
g__CAG-170	g__JAGTTR01	0.1534	0.0034649660962221
g__CAG-170	g__Laedolimicola	0.0981	0.0179491039426523
g__CAG-170	g__Lawsonibacter	-0.0989	0.026579824363882
g__CAG-170	g__Lentihominibacter	0.1726	0.0034649660962221
g__CAG-170	g__Murimonas	0.1242	0.0034649660962221
g__CAG-170	g__Onthenecus	0.148	0.0061743383199079
g__CAG-170	g__Otoolea	-0.1145	0.0110886075949367
g__CAG-170	g__Pseudobutyricicoccus	0.087	0.0244274982927384
g__CAG-170	g__Pseudoflavonifractor_A	-0.0914	0.0347957198443579
g__CAG-170	g__Roseburia_D	0.3008	0.0034649660962221
g__CAG-170	g__Ruminiclostridium_E	0.1524	0.0034649660962221
g__CAG-170	g__Ruminococcus_B	-0.1423	0.0034649660962221
g__CAG-170	g__Ruminococcus_E	0.1034	0.0244274982927384
g__CAG-170	g__Schaedlerella	-0.0899	0.0367736131934033
g__CAG-170	g__Sellimonas	-0.1171	0.0086984598757092
g__CAG-170	g__UBA3402	0.1348	0.0034649660962221
g__CAG-170	g__Wujia	0.1572	0.0034649660962221
g__CAG-177	g__Clostridium_AP	-0.1049	0.0179491039426523
g__CAG-177	g__Eggerthella	-0.1306	0.0034649660962221
g__CAG-177	g__Enterocloster	-0.1088	0.0157269174401563
g__CAG-177	g__Faecousia	0.092	0.0286861216306527
g__CAG-177	g__Flavonifractor	-0.1002	0.0244274982927384
g__CAG-177	g__Guopingia	0.1929	0.0034649660962221
g__CAG-177	g__Holdemanella	0.1565	0.0034649660962221
g__CAG-177	g__Holdemania	-0.0853	0.0464449711459192
g__CAG-177	g__Hominibacterium	0.1772	0.0061743383199079
g__CAG-177	g__Hominicoprocola	0.1362	0.0086984598757092
g__CAG-177	g__Hominifimenecus	0.1117	0.0134305381727158
g__CAG-177	g__JAGTTR01	0.0953	0.0061743383199079
g__CAG-177	g__Lachnoclostridium_B	0.0961	0.0387318471337579
g__CAG-177	g__Lactonifactor	-0.0919	0.0157269174401563
g__CAG-177	g__Lawsonibacter	-0.0917	0.0387318471337579
g__CAG-177	g__Lentihominibacter	0.1144	0.0061743383199079
g__CAG-177	g__Murimonas	0.11	0.0179491039426523
g__CAG-177	g__Onthenecus	0.0984	0.026579824363882
g__CAG-177	g__Otoolea	-0.0944	0.0347957198443579
g__CAG-177	g__Prevotella	0.1168	0.0157269174401563
g__CAG-177	g__Roseburia_D	0.218	0.0034649660962221
g__CAG-177	g__Schaedlerella	-0.0931	0.0327878655608904
g__CAG-177	g__Sellimonas	-0.1233	0.0086984598757092
g__CAG-217	g__CAG-488	-0.1314	0.0034649660962221
g__CAG-217	g__Choladousia	0.1621	0.0034649660962221
g__CAG-217	g__Clostridium_A	-0.151	0.0034649660962221
g__CAG-217	g__Coprococcus_A	0.1558	0.0034649660962221
g__CAG-217	g__Eggerthella	-0.1165	0.0086984598757092
g__CAG-217	g__Flavonifractor	-0.1136	0.0086984598757092
g__CAG-217	g__Holdemanella	0.1505	0.0034649660962221
g__CAG-217	g__Hominicoprocola	0.1262	0.0061743383199079
g__CAG-217	g__Hominifimenecus	0.0846	0.0425744414282731
g__CAG-217	g__Laedolimicola	0.089	0.0222686188609637
g__CAG-217	g__Murimonas	0.1358	0.0034649660962221
g__CAG-217	g__Onthenecus	0.1343	0.0034649660962221
g__CAG-217	g__Pararoseburia	0.091	0.0327878655608904
g__CAG-217	g__Prevotella	0.1542	0.0034649660962221
g__CAG-217	g__Ruminiclostridium_E	0.1545	0.0034649660962221
g__CAG-217	g__Ruthenibacterium	-0.1009	0.0387318471337579
g__CAG-217	g__Sellimonas	-0.1064	0.0086984598757092
g__CAG-217	g__Wujia	0.1517	0.0034649660962221
g__CAG-488	g__Catenibacterium	0.0995	0.0387318471337579
g__CAG-488	g__Dialister	-0.1232	0.0061743383199079
g__CAG-488	g__Flavonifractor	-0.1135	0.0201190531989688
g__CAG-488	g__Holdemanella	0.131	0.0110886075949367
g__CAG-488	g__Hominicoprocola	0.1209	0.0134305381727158
g__CAG-488	g__JAGTTR01	0.095	0.0308089664310954
g__CAG-488	g__Lentihominibacter	0.1211	0.0086984598757092
g__CAG-488	g__Paraprevotella	0.161	0.0034649660962221
g__CAG-488	g__Prevotella	0.1114	0.0222686188609637
g__CAG-488	g__UBA3402	0.1091	0.0086984598757092
g__Catenibacterium	g__Choladousia	0.1607	0.0034649660962221
g__Catenibacterium	g__Clostridium_A	-0.1778	0.0034649660962221
g__Catenibacterium	g__Coprococcus_A	0.1422	0.0086984598757092
g__Catenibacterium	g__Dialister	-0.1322	0.0110886075949367
g__Catenibacterium	g__Dorea	0.1162	0.0157269174401563
g__Catenibacterium	g__Dysosmobacter	-0.1206	0.0157269174401563
g__Catenibacterium	g__Eggerthella	-0.1954	0.0034649660962221
g__Catenibacterium	g__Flavonifractor	-0.1534	0.0034649660962221
g__Catenibacterium	g__Holdemanella	0.304	0.0034649660962221
g__Catenibacterium	g__Holdemania	-0.0966	0.0244274982927384
g__Catenibacterium	g__Hominicoprocola	0.1269	0.0110886075949367
g__Catenibacterium	g__Hominifimenecus	0.1477	0.0034649660962221
g__Catenibacterium	g__Hominiventricola	0.117	0.0201190531989688
g__Catenibacterium	g__JAGTTR01	0.0983	0.0179491039426523
g__Catenibacterium	g__Lachnoclostridium_B	0.114	0.0222686188609637
g__Catenibacterium	g__Latilactobacillus	0.095	0.040656282887813
g__Catenibacterium	g__Megamonas	0.1048	0.0286861216306527
g__Catenibacterium	g__Murimonas	0.1259	0.0061743383199079
g__Catenibacterium	g__Odoribacter	-0.1751	0.0034649660962221
g__Catenibacterium	g__Oliverpabstia	0.1179	0.0086984598757092
g__Catenibacterium	g__Onthenecus	0.104	0.026579824363882
g__Catenibacterium	g__Paraprevotella	0.1402	0.0061743383199079
g__Catenibacterium	g__Pauljensenia	0.0965	0.0179491039426523
g__Catenibacterium	g__Prevotella	0.2641	0.0034649660962221
g__Catenibacterium	g__Pseudobutyricicoccus	0.1196	0.0034649660962221
g__Catenibacterium	g__Roseburia_D	0.0941	0.0327878655608904
g__Catenibacterium	g__Ruminococcus_B	-0.1743	0.0034649660962221
g__Catenibacterium	g__Ruthenibacterium	-0.0922	0.0425744414282731
g__Catenibacterium	g__Thomasclavelia	-0.1499	0.0034649660962221
g__Catenibacterium	g__UBA3402	0.0977	0.0222686188609637
g__Catenibacterium	g__URXU01	0.1542	0.0034649660962221
g__Catenibacterium	g__Wujia	0.1214	0.0086984598757092
g__Choladousia	g__Clostridium_A	-0.2015	0.0034649660962221
g__Choladousia	g__Clostridium_AP	-0.1963	0.0034649660962221
g__Choladousia	g__Collinsella	0.1166	0.0222686188609637
g__Choladousia	g__Coprococcus_A	0.2376	0.0034649660962221
g__Choladousia	g__Dialister	-0.1506	0.0034649660962221
g__Choladousia	g__Dorea	0.1733	0.0034649660962221
g__Choladousia	g__Dorea_A	0.1782	0.0034649660962221
g__Choladousia	g__Eggerthella	-0.2178	0.0034649660962221
g__Choladousia	g__Enterocloster	-0.1858	0.0034649660962221
g__Choladousia	g__Enterococcus_A	-0.0869	0.0445362108321228
g__Choladousia	g__Eubacterium_I	0.175	0.0034649660962221
g__Choladousia	g__Faecalimonas	-0.1676	0.0034649660962221
g__Choladousia	g__Finegoldia	-0.092	0.0286861216306527
g__Choladousia	g__Flavonifractor	-0.3226	0.0034649660962221
g__Choladousia	g__Fusobacterium_A	-0.1215	0.0086984598757092
g__Choladousia	g__Gallintestinimicrobium	0.1438	0.0034649660962221
g__Choladousia	g__Gemella	-0.1372	0.0034649660962221
g__Choladousia	g__Gemmiger	0.1601	0.0034649660962221
g__Choladousia	g__Granulicatella	-0.1279	0.0034649660962221
g__Choladousia	g__Holdemanella	0.1834	0.0034649660962221
g__Choladousia	g__Holdemania	-0.153	0.0034649660962221
g__Choladousia	g__Hominenteromicrobium	0.1748	0.0034649660962221
g__Choladousia	g__Hominicoprocola	0.2668	0.0034649660962221
g__Choladousia	g__Hominifimenecus	0.2229	0.0034649660962221
g__Choladousia	g__Hominiventricola	0.1865	0.0034649660962221
g__Choladousia	g__Hungatella	-0.1879	0.0034649660962221
g__Choladousia	g__Intestinibacter	-0.1385	0.0034649660962221
g__Choladousia	g__JAGTTR01	0.1874	0.0034649660962221
g__Choladousia	g__Lachnoclostridium_B	0.1687	0.0061743383199079
g__Choladousia	g__Lactiplantibacillus	-0.0946	0.0308089664310954
g__Choladousia	g__Lactonifactor	-0.1858	0.0034649660962221
g__Choladousia	g__Lancefieldella	-0.0796	0.0367736131934033
g__Choladousia	g__Lentihominibacter	0.1685	0.0034649660962221
g__Choladousia	g__Limivivens	0.2464	0.0034649660962221
g__Choladousia	g__Longicatena	-0.1253	0.0034649660962221
g__Choladousia	g__Massilioclostridium	-0.113	0.0061743383199079
g__Choladousia	g__Merdibacter	-0.1005	0.0110886075949367
g__Choladousia	g__Merdimmobilis	-0.082	0.0425744414282731
g__Choladousia	g__Merdimonas	-0.1139	0.0179491039426523
g__Choladousia	g__Merdivicinus	-0.1212	0.0034649660962221
g__Choladousia	g__Muricomes	-0.1116	0.0086984598757092
g__Choladousia	g__Murimonas	0.3211	0.0034649660962221
g__Choladousia	g__Oliverpabstia	0.2538	0.0034649660962221
g__Choladousia	g__Onthenecus	0.2636	0.0034649660962221
g__Choladousia	g__Paraprevotella	0.1274	0.0110886075949367
g__Choladousia	g__Pararoseburia	0.1312	0.0061743383199079
g__Choladousia	g__Peptostreptococcus	-0.1359	0.0034649660962221
g__Choladousia	g__Phocaeicola	-0.11	0.0327878655608904
g__Choladousia	g__Prevotella	0.2038	0.0034649660962221
g__Choladousia	g__Pseudoflavonifractor_A	-0.1775	0.0034649660962221
g__Choladousia	g__Roseburia_D	0.2124	0.0034649660962221
g__Choladousia	g__Ruminococcus_B	-0.2925	0.0034649660962221
g__Choladousia	g__Ruminococcus_C	0.1164	0.0061743383199079
g__Choladousia	g__Ruthenibacterium	-0.1645	0.0034649660962221
g__Choladousia	g__Sellimonas	-0.1988	0.0034649660962221
g__Choladousia	g__Thomasclavelia	-0.2361	0.0034649660962221
g__Choladousia	g__UBA3402	0.1876	0.0034649660962221
g__Choladousia	g__Wujia	0.2547	0.0034649660962221
g__Clostridium	g__Dysosmobacter	-0.1585	0.0061743383199079
g__Clostridium	g__Enterocloster	-0.1398	0.0034649660962221
g__Clostridium	g__Flavonifractor	-0.123	0.0286861216306527
g__Clostridium	g__Haemophilus_D	0.1649	0.0034649660962221
g__Clostridium	g__Holdemanella	-0.0969	0.040656282887813
g__Clostridium	g__Hominicoprocola	-0.1038	0.0367736131934033
g__Clostridium	g__Intestinibacter	0.374	0.0034649660962221
g__Clostridium	g__Lachnospira	0.1829	0.0034649660962221
g__Clostridium	g__Lawsonibacter	-0.1294	0.0110886075949367
g__Clostridium	g__Leuconostoc	0.1014	0.0201190531989688
g__Clostridium	g__Nanosynbacter	0.1582	0.0034649660962221
g__Clostridium	g__Parabacteroides	-0.15	0.0034649660962221
g__Clostridium	g__Phascolarctobacterium	-0.1057	0.040656282887813
g__Clostridium	g__Roseburia	0.1072	0.0482884025363059
g__Clostridium	g__Sarcina	0.2686	0.0034649660962221
g__Clostridium	g__Streptococcus	0.1078	0.0445362108321228
g__Clostridium	g__Terrisporobacter	0.3566	0.0034649660962221
g__Clostridium	g__Turicibacter	0.3778	0.0034649660962221
g__Clostridium	g__Veillonella	0.2157	0.0034649660962221
g__Clostridium_A	g__Clostridium_AP	0.1789	0.0034649660962221
g__Clostridium_A	g__Dialister	0.1407	0.0061743383199079
g__Clostridium_A	g__Dysosmobacter	0.1425	0.0086984598757092
g__Clostridium_A	g__Eggerthella	0.2089	0.0034649660962221
g__Clostridium_A	g__Enterococcus	-0.0989	0.0286861216306527
g__Clostridium_A	g__Enterococcus_B	-0.1223	0.0157269174401563
g__Clostridium_A	g__Flavonifractor	0.1847	0.0034649660962221
g__Clostridium_A	g__Gordonibacter	0.1062	0.0110886075949367
g__Clostridium_A	g__Guopingia	0.1196	0.0061743383199079
g__Clostridium_A	g__Holdemanella	-0.1783	0.0034649660962221
g__Clostridium_A	g__Hominibacterium	0.1304	0.0061743383199079
g__Clostridium_A	g__Hominifimenecus	-0.1669	0.0034649660962221
g__Clostridium_A	g__Hominiventricola	-0.128	0.0110886075949367
g__Clostridium_A	g__Hungatella	0.1085	0.0157269174401563
g__Clostridium_A	g__JAGTTR01	-0.1204	0.0034649660962221
g__Clostridium_A	g__Lachnoclostridium_B	-0.1015	0.0445362108321228
g__Clostridium_A	g__Lawsonibacter	0.1179	0.0201190531989688
g__Clostridium_A	g__Merdimonas	0.0909	0.0445362108321228
g__Clostridium_A	g__Merdivicinus	0.1517	0.0061743383199079
g__Clostridium_A	g__Oliverpabstia	-0.1086	0.0201190531989688
g__Clostridium_A	g__Onthenecus	-0.0995	0.0387318471337579
g__Clostridium_A	g__Parabacteroides	0.1558	0.0034649660962221
g__Clostridium_A	g__Pararoseburia	-0.1476	0.0034649660962221
g__Clostridium_A	g__Prevotella	-0.1612	0.0034649660962221
g__Clostridium_A	g__Pseudoscilispira	0.1029	0.0110886075949367
g__Clostridium_A	g__Ruminococcus_B	0.2019	0.0034649660962221
g__Clostridium_A	g__Ruthenibacterium	0.2111	0.0034649660962221
g__Clostridium_A	g__Sellimonas	0.1811	0.0034649660962221
g__Clostridium_A	g__Thomasclavelia	0.1459	0.0061743383199079
g__Clostridium_A	g__UBA3402	-0.1767	0.0034649660962221
g__Clostridium_A	g__Wujia	-0.1731	0.0034649660962221
g__Clostridium_AP	g__Collinsella	-0.167	0.0034649660962221
g__Clostridium_AP	g__Coprococcus_A	-0.2334	0.0034649660962221
g__Clostridium_AP	g__Dialister	0.1081	0.0157269174401563
g__Clostridium_AP	g__Dorea	-0.1804	0.0034649660962221
g__Clostridium_AP	g__Dorea_A	-0.2798	0.0034649660962221
g__Clostridium_AP	g__Eggerthella	0.21	0.0034649660962221
g__Clostridium_AP	g__Enterocloster	0.1431	0.0061743383199079
g__Clostridium_AP	g__Eubacterium_G	-0.1269	0.0061743383199079
g__Clostridium_AP	g__Eubacterium_I	-0.2046	0.0034649660962221
g__Clostridium_AP	g__Faecalibacterium	-0.1239	0.0061743383199079
g__Clostridium_AP	g__Faecalimonas	0.2666	0.0034649660962221
g__Clostridium_AP	g__Flavonifractor	0.2654	0.0034649660962221
g__Clostridium_AP	g__Fusobacterium_A	0.1448	0.0034649660962221
g__Clostridium_AP	g__Gallintestinimicrobium	-0.1215	0.0110886075949367
g__Clostridium_AP	g__Gemella	0.1075	0.0110886075949367
g__Clostridium_AP	g__Gemmiger	-0.1553	0.0034649660962221
g__Clostridium_AP	g__Gordonibacter	0.1053	0.0134305381727158
g__Clostridium_AP	g__Holdemania	0.1456	0.0034649660962221
g__Clostridium_AP	g__Hominenteromicrobium	-0.1312	0.0034649660962221
g__Clostridium_AP	g__Hominicoprocola	-0.2644	0.0034649660962221
g__Clostridium_AP	g__Hominifimenecus	-0.1194	0.0034649660962221
g__Clostridium_AP	g__Hominiventricola	-0.1862	0.0034649660962221
g__Clostridium_AP	g__Hungatella	0.2416	0.0034649660962221
g__Clostridium_AP	g__JAGTTR01	-0.1568	0.0034649660962221
g__Clostridium_AP	g__Lachnoclostridium_B	-0.2514	0.0034649660962221
g__Clostridium_AP	g__Lacticaseibacillus	0.0992	0.0286861216306527
g__Clostridium_AP	g__Lactonifactor	0.2326	0.0034649660962221
g__Clostridium_AP	g__Laedolimicola	-0.0828	0.0464449711459192
g__Clostridium_AP	g__Lancefieldella	0.084	0.040656282887813
g__Clostridium_AP	g__Ligilactobacillus	0.1005	0.0179491039426523
g__Clostridium_AP	g__Limivivens	-0.2509	0.0034649660962221
g__Clostridium_AP	g__Longicatena	0.1725	0.0034649660962221
g__Clostridium_AP	g__Massilioclostridium	0.1594	0.0034649660962221
g__Clostridium_AP	g__Merdibacter	0.1242	0.0034649660962221
g__Clostridium_AP	g__Merdimmobilis	0.1501	0.0034649660962221
g__Clostridium_AP	g__Merdimonas	0.1651	0.0034649660962221
g__Clostridium_AP	g__Merdivicinus	0.158	0.0034649660962221
g__Clostridium_AP	g__Muricomes	0.1568	0.0034649660962221
g__Clostridium_AP	g__Murimonas	-0.1969	0.0034649660962221
g__Clostridium_AP	g__Oliverpabstia	-0.2377	0.0034649660962221
g__Clostridium_AP	g__Onthenecus	-0.1966	0.0034649660962221
g__Clostridium_AP	g__Pararoseburia	-0.0895	0.0367736131934033
g__Clostridium_AP	g__Pediococcus	0.1246	0.0061743383199079
g__Clostridium_AP	g__Prevotella	-0.1421	0.0034649660962221
g__Clostridium_AP	g__Pseudoflavonifractor_A	0.1117	0.0086984598757092
g__Clostridium_AP	g__Roseburia	-0.185	0.0034649660962221
g__Clostridium_AP	g__Roseburia_D	-0.1753	0.0034649660962221
g__Clostridium_AP	g__Ruminococcus_B	0.2948	0.0034649660962221
g__Clostridium_AP	g__Ruthenibacterium	0.2389	0.0034649660962221
g__Clostridium_AP	g__Sarcina	0.1102	0.0134305381727158
g__Clostridium_AP	g__Schaedlerella	0.1635	0.0034649660962221
g__Clostridium_AP	g__Sellimonas	0.2921	0.0034649660962221
g__Clostridium_AP	g__Thomasclavelia	0.2557	0.0034649660962221
g__Clostridium_AP	g__UBA3402	-0.1729	0.0034649660962221
g__Clostridium_AP	g__Wujia	-0.1533	0.0034649660962221
g__Collinsella	g__Coprococcus_A	0.2487	0.0034649660962221
g__Collinsella	g__Dorea	0.3298	0.0034649660962221
g__Collinsella	g__Dorea_A	0.3516	0.0034649660962221
g__Collinsella	g__Dysosmobacter	0.168	0.0034649660962221
g__Collinsella	g__Enterobacter	-0.1492	0.0034649660962221
g__Collinsella	g__Enterocloster	-0.1866	0.0034649660962221
g__Collinsella	g__Enterococcus	-0.2263	0.0034649660962221
g__Collinsella	g__Enterococcus_A	-0.262	0.0034649660962221
g__Collinsella	g__Enterococcus_B	-0.2335	0.0034649660962221
g__Collinsella	g__Eubacterium_G	0.1135	0.0157269174401563
g__Collinsella	g__Eubacterium_I	0.2	0.0034649660962221
g__Collinsella	g__Faecalibacterium	0.3523	0.0034649660962221
g__Collinsella	g__Faecalimonas	-0.305	0.0034649660962221
g__Collinsella	g__Finegoldia	-0.1217	0.0110886075949367
g__Collinsella	g__Flavonifractor	-0.2459	0.0034649660962221
g__Collinsella	g__Fusicatenibacter	0.1657	0.0034649660962221
g__Collinsella	g__Fusobacterium_A	-0.194	0.0034649660962221
g__Collinsella	g__Gemella	-0.12	0.0061743383199079
g__Collinsella	g__Gemmiger	0.3026	0.0034649660962221
g__Collinsella	g__Granulicatella	-0.1318	0.0110886075949367
g__Collinsella	g__Haemophilus_D	-0.1071	0.0327878655608904
g__Collinsella	g__Holdemanella	0.1172	0.0244274982927384
g__Collinsella	g__Hominenteromicrobium	0.0997	0.0387318471337579
g__Collinsella	g__Hominicoprocola	0.1003	0.0308089664310954
g__Collinsella	g__Hominilimicola	0.1247	0.0134305381727158
g__Collinsella	g__Hominiventricola	0.1645	0.0034649660962221
g__Collinsella	g__Hungatella	-0.2698	0.0034649660962221
g__Collinsella	g__Intestinibacter	-0.219	0.0034649660962221
g__Collinsella	g__Klebsiella	-0.1139	0.0286861216306527
g__Collinsella	g__Lachnoclostridium_B	0.1875	0.0034649660962221
g__Collinsella	g__Lacticaseibacillus	-0.2651	0.0034649660962221
g__Collinsella	g__Lactiplantibacillus	-0.199	0.0034649660962221
g__Collinsella	g__Lactobacillus	-0.1641	0.0034649660962221
g__Collinsella	g__Lactococcus	-0.0943	0.0464449711459192
g__Collinsella	g__Lactonifactor	-0.1645	0.0034649660962221
g__Collinsella	g__Lancefieldella	-0.1542	0.0034649660962221
g__Collinsella	g__Lentihominibacter	0.1248	0.0110886075949367
g__Collinsella	g__Leuconostoc	-0.1305	0.0061743383199079
g__Collinsella	g__Ligilactobacillus	-0.1673	0.0034649660962221
g__Collinsella	g__Limivivens	0.2568	0.0034649660962221
g__Collinsella	g__Limosilactobacillus	-0.1716	0.0034649660962221
g__Collinsella	g__Longicatena	-0.1461	0.0061743383199079
g__Collinsella	g__Massilioclostridium	-0.1279	0.0034649660962221
g__Collinsella	g__Mediterraneibacter	0.1586	0.0034649660962221
g__Collinsella	g__Megamonas	0.1061	0.0445362108321228
g__Collinsella	g__Merdibacter	-0.1221	0.0061743383199079
g__Collinsella	g__Merdimmobilis	-0.1143	0.0086984598757092
g__Collinsella	g__Merdimonas	-0.1025	0.026579824363882
g__Collinsella	g__Merdivicinus	-0.1879	0.0034649660962221
g__Collinsella	g__Muricomes	-0.1294	0.0034649660962221
g__Collinsella	g__Murimonas	0.1875	0.0034649660962221
g__Collinsella	g__Nanosynbacter	-0.2261	0.0034649660962221
g__Collinsella	g__Odoribacter	0.2186	0.0034649660962221
g__Collinsella	g__Oliverpabstia	0.1823	0.0034649660962221
g__Collinsella	g__Onthenecus	0.1006	0.0327878655608904
g__Collinsella	g__Parabacteroides	0.1061	0.0464449711459192
g__Collinsella	g__Paraprevotella	0.1137	0.0110886075949367
g__Collinsella	g__Pauljensenia	-0.1011	0.0157269174401563
g__Collinsella	g__Pediococcus	-0.2511	0.0034649660962221
g__Collinsella	g__Peptostreptococcus	-0.174	0.0034649660962221
g__Collinsella	g__Phocaeicola	0.1657	0.0034649660962221
g__Collinsella	g__Prevotella	0.1306	0.0201190531989688
g__Collinsella	g__Pseudobutyricicoccus	-0.1072	0.0061743383199079
g__Collinsella	g__Pseudoflavonifractor_A	-0.1429	0.0034649660962221
g__Collinsella	g__Roseburia	0.1723	0.0086984598757092
g__Collinsella	g__Ruminococcus_B	-0.307	0.0034649660962221
g__Collinsella	g__Ruminococcus_E	0.1001	0.0387318471337579
g__Collinsella	g__Sarcina	-0.1971	0.0034649660962221
g__Collinsella	g__Streptococcus	-0.1231	0.0179491039426523
g__Collinsella	g__Terrisporobacter	-0.101	0.0347957198443579
g__Collinsella	g__Thomasclavelia	-0.3354	0.0034649660962221
g__Collinsella	g__Veillonella	-0.2394	0.0034649660962221
g__Collinsella	g__Vescimonas	0.1239	0.0110886075949367
g__Coprococcus_A	g__Dialister	-0.1497	0.0061743383199079
g__Coprococcus_A	g__Dorea	0.4229	0.0034649660962221
g__Coprococcus_A	g__Dorea_A	0.3605	0.0034649660962221
g__Coprococcus_A	g__Eggerthella	-0.1843	0.0034649660962221
g__Coprococcus_A	g__Enterobacter	-0.129	0.0061743383199079
g__Coprococcus_A	g__Enterocloster	-0.2001	0.0034649660962221
g__Coprococcus_A	g__Enterococcus	-0.1992	0.0034649660962221
g__Coprococcus_A	g__Enterococcus_A	-0.2504	0.0034649660962221
g__Coprococcus_A	g__Enterococcus_B	-0.1574	0.0034649660962221
g__Coprococcus_A	g__Eubacterium_G	0.1322	0.0110886075949367
g__Coprococcus_A	g__Eubacterium_I	0.3224	0.0034649660962221
g__Coprococcus_A	g__Evtepia	0.1737	0.0034649660962221
g__Coprococcus_A	g__Faecalibacterium	0.2184	0.0034649660962221
g__Coprococcus_A	g__Faecalimonas	-0.341	0.0034649660962221
g__Coprococcus_A	g__Finegoldia	-0.1868	0.0034649660962221
g__Coprococcus_A	g__Flavonifractor	-0.3382	0.0034649660962221
g__Coprococcus_A	g__Fusicatenibacter	0.2143	0.0034649660962221
g__Coprococcus_A	g__Fusobacterium_A	-0.2156	0.0034649660962221
g__Coprococcus_A	g__Gallintestinimicrobium	0.1592	0.0034649660962221
g__Coprococcus_A	g__Gemella	-0.211	0.0034649660962221
g__Coprococcus_A	g__Gemmiger	0.3676	0.0034649660962221
g__Coprococcus_A	g__Gordonibacter	-0.0899	0.0347957198443579
g__Coprococcus_A	g__Granulicatella	-0.2323	0.0034649660962221
g__Coprococcus_A	g__Haemophilus_D	-0.1537	0.0061743383199079
g__Coprococcus_A	g__Holdemanella	0.1252	0.0110886075949367
g__Coprococcus_A	g__Hominenteromicrobium	0.2658	0.0034649660962221
g__Coprococcus_A	g__Hominicoprocola	0.3759	0.0034649660962221
g__Coprococcus_A	g__Hominifimenecus	0.1178	0.0061743383199079
g__Coprococcus_A	g__Hominilimicola	0.1633	0.0034649660962221
g__Coprococcus_A	g__Hominiventricola	0.2591	0.0034649660962221
g__Coprococcus_A	g__Hungatella	-0.2567	0.0034649660962221
g__Coprococcus_A	g__Intestinibacter	-0.1767	0.0034649660962221
g__Coprococcus_A	g__JAGTTR01	0.1299	0.0034649660962221
g__Coprococcus_A	g__Klebsiella	-0.1439	0.0034649660962221
g__Coprococcus_A	g__Lachnoclostridium_B	0.2524	0.0034649660962221
g__Coprococcus_A	g__Lacticaseibacillus	-0.2449	0.0034649660962221
g__Coprococcus_A	g__Lactiplantibacillus	-0.1797	0.0034649660962221
g__Coprococcus_A	g__Lactobacillus	-0.183	0.0034649660962221
g__Coprococcus_A	g__Lactococcus	-0.139	0.0086984598757092
g__Coprococcus_A	g__Lactonifactor	-0.1402	0.0061743383199079
g__Coprococcus_A	g__Laedolimicola	0.0888	0.0387318471337579
g__Coprococcus_A	g__Lancefieldella	-0.2074	0.0034649660962221
g__Coprococcus_A	g__Lentihominibacter	0.237	0.0034649660962221
g__Coprococcus_A	g__Leuconostoc	-0.1722	0.0034649660962221
g__Coprococcus_A	g__Ligilactobacillus	-0.1162	0.0110886075949367
g__Coprococcus_A	g__Limivivens	0.3185	0.0034649660962221
g__Coprococcus_A	g__Limosilactobacillus	-0.1598	0.0034649660962221
g__Coprococcus_A	g__Longicatena	-0.2634	0.0034649660962221
g__Coprococcus_A	g__Massilioclostridium	-0.184	0.0034649660962221
g__Coprococcus_A	g__Mediterraneibacter	0.19	0.0061743383199079
g__Coprococcus_A	g__Merdibacter	-0.1715	0.0034649660962221
g__Coprococcus_A	g__Merdimmobilis	-0.1703	0.0034649660962221
g__Coprococcus_A	g__Merdimonas	-0.1826	0.0034649660962221
g__Coprococcus_A	g__Merdivicinus	-0.1677	0.0034649660962221
g__Coprococcus_A	g__Muricomes	-0.1352	0.0061743383199079
g__Coprococcus_A	g__Murimonas	0.3332	0.0034649660962221
g__Coprococcus_A	g__Nanosynbacter	-0.2069	0.0034649660962221
g__Coprococcus_A	g__Odoribacter	0.1963	0.0034649660962221
g__Coprococcus_A	g__Oliverpabstia	0.3486	0.0034649660962221
g__Coprococcus_A	g__Onthenecus	0.2386	0.0034649660962221
g__Coprococcus_A	g__Parabacteroides	0.1094	0.0367736131934033
g__Coprococcus_A	g__Paraprevotella	0.1236	0.0134305381727158
g__Coprococcus_A	g__Pauljensenia	-0.1446	0.0061743383199079
g__Coprococcus_A	g__Pediococcus	-0.2394	0.0034649660962221
g__Coprococcus_A	g__Peptostreptococcus	-0.1534	0.0034649660962221
g__Coprococcus_A	g__Pseudoflavonifractor_A	-0.2489	0.0034649660962221
g__Coprococcus_A	g__Roseburia	0.1911	0.0034649660962221
g__Coprococcus_A	g__Roseburia_D	0.1403	0.0034649660962221
g__Coprococcus_A	g__Rothia	-0.1757	0.0034649660962221
g__Coprococcus_A	g__Ruminococcus_B	-0.4044	0.0034649660962221
g__Coprococcus_A	g__Sarcina	-0.1763	0.0034649660962221
g__Coprococcus_A	g__Sellimonas	-0.3111	0.0034649660962221
g__Coprococcus_A	g__Streptococcus	-0.1993	0.0034649660962221
g__Coprococcus_A	g__Thomasclavelia	-0.3661	0.0034649660962221
g__Coprococcus_A	g__Turicibacter	-0.1234	0.0086984598757092
g__Coprococcus_A	g__UBA3402	0.1468	0.0061743383199079
g__Coprococcus_A	g__Veillonella	-0.2333	0.0034649660962221
g__Coprococcus_A	g__Vescimonas	0.1741	0.0034649660962221
g__Coprococcus_A	g__Wujia	0.1307	0.0061743383199079
g__Dialister	g__Eggerthella	0.2004	0.0034649660962221
g__Dialister	g__Eubacterium_I	-0.1224	0.0086984598757092
g__Dialister	g__Evtepia	-0.1256	0.0086984598757092
g__Dialister	g__Faecalimonas	0.1523	0.0061743383199079
g__Dialister	g__Flavonifractor	0.2191	0.0034649660962221
g__Dialister	g__Holdemanella	-0.1564	0.0034649660962221
g__Dialister	g__Hominicoprocola	-0.1369	0.0061743383199079
g__Dialister	g__Hominifimenecus	-0.1173	0.0034649660962221
g__Dialister	g__Hominiventricola	-0.1115	0.026579824363882
g__Dialister	g__Hungatella	0.1164	0.0086984598757092
g__Dialister	g__Intestinibacter	0.1454	0.0034649660962221
g__Dialister	g__Lachnoclostridium_B	-0.1504	0.0034649660962221
g__Dialister	g__Lentihominibacter	-0.1133	0.0134305381727158
g__Dialister	g__Longicatena	0.1462	0.0034649660962221
g__Dialister	g__Megamonas	-0.0905	0.0445362108321228
g__Dialister	g__Merdivicinus	0.1108	0.0110886075949367
g__Dialister	g__Onthenecus	-0.1307	0.0086984598757092
g__Dialister	g__Paraprevotella	-0.1222	0.0086984598757092
g__Dialister	g__Pararoseburia	-0.1019	0.0327878655608904
g__Dialister	g__Parasutterella	0.101	0.0445362108321228
g__Dialister	g__Phascolarctobacterium	-0.3175	0.0034649660962221
g__Dialister	g__Ruminococcus_B	0.1246	0.0110886075949367
g__Dialister	g__Sellimonas	0.1404	0.0034649660962221
g__Dialister	g__Thomasclavelia	0.1646	0.0034649660962221
g__Dialister	g__URXU01	-0.1263	0.0110886075949367
g__Dorea	g__Dorea_A	0.5331	0.0034649660962221
g__Dorea	g__Dysosmobacter	0.1073	0.0201190531989688
g__Dorea	g__Eggerthella	-0.1085	0.0327878655608904
g__Dorea	g__Enterobacter	-0.17	0.0034649660962221
g__Dorea	g__Enterocloster	-0.2009	0.0034649660962221
g__Dorea	g__Enterococcus	-0.2312	0.0034649660962221
g__Dorea	g__Enterococcus_A	-0.2576	0.0034649660962221
g__Dorea	g__Enterococcus_B	-0.2025	0.0034649660962221
g__Dorea	g__Eubacterium_G	0.2181	0.0034649660962221
g__Dorea	g__Eubacterium_I	0.3803	0.0034649660962221
g__Dorea	g__Evtepia	0.0966	0.0482884025363059
g__Dorea	g__Faecalibacterium	0.3543	0.0034649660962221
g__Dorea	g__Faecalimonas	-0.3942	0.0034649660962221
g__Dorea	g__Finegoldia	-0.183	0.0034649660962221
g__Dorea	g__Flavonifractor	-0.2945	0.0034649660962221
g__Dorea	g__Fusicatenibacter	0.277	0.0034649660962221
g__Dorea	g__Fusobacterium_A	-0.1708	0.0034649660962221
g__Dorea	g__Gallintestinimicrobium	0.174	0.0034649660962221
g__Dorea	g__Gemella	-0.1459	0.0034649660962221
g__Dorea	g__Gemmiger	0.3867	0.0034649660962221
g__Dorea	g__Gordonibacter	-0.1287	0.0034649660962221
g__Dorea	g__Granulicatella	-0.1966	0.0034649660962221
g__Dorea	g__Haemophilus_D	-0.1525	0.0061743383199079
g__Dorea	g__Holdemanella	0.1615	0.0034649660962221
g__Dorea	g__Hominenteromicrobium	0.2018	0.0034649660962221
g__Dorea	g__Hominicoprocola	0.2742	0.0034649660962221
g__Dorea	g__Hominilimicola	0.1703	0.0034649660962221
g__Dorea	g__Hominiventricola	0.2304	0.0034649660962221
g__Dorea	g__Hungatella	-0.3182	0.0034649660962221
g__Dorea	g__Intestinibacter	-0.2432	0.0034649660962221
g__Dorea	g__Klebsiella	-0.1509	0.0061743383199079
g__Dorea	g__Lachnoclostridium_B	0.2598	0.0034649660962221
g__Dorea	g__Lacticaseibacillus	-0.2517	0.0034649660962221
g__Dorea	g__Lactiplantibacillus	-0.1967	0.0034649660962221
g__Dorea	g__Lactobacillus	-0.1308	0.0034649660962221
g__Dorea	g__Lactococcus	-0.1741	0.0034649660962221
g__Dorea	g__Lactonifactor	-0.2042	0.0034649660962221
g__Dorea	g__Lancefieldella	-0.2155	0.0034649660962221
g__Dorea	g__Lentihominibacter	0.136	0.0086984598757092
g__Dorea	g__Leuconostoc	-0.1953	0.0034649660962221
g__Dorea	g__Ligilactobacillus	-0.1449	0.0061743383199079
g__Dorea	g__Limivivens	0.2965	0.0034649660962221
g__Dorea	g__Limosilactobacillus	-0.1772	0.0034649660962221
g__Dorea	g__Longicatena	-0.182	0.0034649660962221
g__Dorea	g__Massilioclostridium	-0.2016	0.0034649660962221
g__Dorea	g__Mediterraneibacter	0.286	0.0034649660962221
g__Dorea	g__Merdibacter	-0.1647	0.0034649660962221
g__Dorea	g__Merdimmobilis	-0.1148	0.0061743383199079
g__Dorea	g__Merdimonas	-0.1914	0.0034649660962221
g__Dorea	g__Merdivicinus	-0.2146	0.0034649660962221
g__Dorea	g__Muricomes	-0.1799	0.0034649660962221
g__Dorea	g__Murimonas	0.2461	0.0034649660962221
g__Dorea	g__Nanosynbacter	-0.2123	0.0034649660962221
g__Dorea	g__Odoribacter	0.2545	0.0034649660962221
g__Dorea	g__Oliverpabstia	0.3767	0.0034649660962221
g__Dorea	g__Onthenecus	0.2165	0.0034649660962221
g__Dorea	g__Parabacteroides	0.1057	0.0387318471337579
g__Dorea	g__Pauljensenia	-0.0917	0.0445362108321228
g__Dorea	g__Pediococcus	-0.2448	0.0034649660962221
g__Dorea	g__Peptostreptococcus	-0.0985	0.0308089664310954
g__Dorea	g__Phocaeicola	0.1432	0.0061743383199079
g__Dorea	g__Prevotella	0.1728	0.0061743383199079
g__Dorea	g__Pseudobutyricicoccus	-0.0946	0.0179491039426523
g__Dorea	g__Pseudoflavonifractor_A	-0.1897	0.0034649660962221
g__Dorea	g__Roseburia	0.2039	0.0034649660962221
g__Dorea	g__Rothia	-0.1794	0.0034649660962221
g__Dorea	g__Ruminococcus_B	-0.3678	0.0034649660962221
g__Dorea	g__Ruthenibacterium	-0.1497	0.0034649660962221
g__Dorea	g__Sarcina	-0.2237	0.0034649660962221
g__Dorea	g__Sellimonas	-0.3384	0.0034649660962221
g__Dorea	g__Streptococcus	-0.1514	0.0061743383199079
g__Dorea	g__Thomasclavelia	-0.3993	0.0034649660962221
g__Dorea	g__Turicibacter	-0.1082	0.0244274982927384
g__Dorea	g__UBA3402	0.0894	0.0387318471337579
g__Dorea	g__Veillonella	-0.2678	0.0034649660962221
g__Dorea	g__Vescimonas	0.1168	0.0134305381727158
g__Dorea	g__Wujia	0.1187	0.0110886075949367
g__Dorea_A	g__Dysosmobacter	0.1298	0.0110886075949367
g__Dorea_A	g__Eggerthella	-0.1556	0.0034649660962221
g__Dorea_A	g__Enterobacter	-0.156	0.0034649660962221
g__Dorea_A	g__Enterocloster	-0.1463	0.0034649660962221
g__Dorea_A	g__Enterococcus	-0.1917	0.0034649660962221
g__Dorea_A	g__Enterococcus_A	-0.2865	0.0034649660962221
g__Dorea_A	g__Enterococcus_B	-0.1673	0.0034649660962221
g__Dorea_A	g__Eubacterium_G	0.1891	0.0034649660962221
g__Dorea_A	g__Eubacterium_I	0.3773	0.0034649660962221
g__Dorea_A	g__Evtepia	0.1156	0.0179491039426523
g__Dorea_A	g__Faecalibacterium	0.3265	0.0034649660962221
g__Dorea_A	g__Faecalimonas	-0.3785	0.0034649660962221
g__Dorea_A	g__Finegoldia	-0.1855	0.0034649660962221
g__Dorea_A	g__Flavonifractor	-0.2936	0.0034649660962221
g__Dorea_A	g__Fusicatenibacter	0.2847	0.0034649660962221
g__Dorea_A	g__Fusobacterium_A	-0.122	0.0061743383199079
g__Dorea_A	g__Gallintestinimicrobium	0.1549	0.0034649660962221
g__Dorea_A	g__Gemella	-0.1248	0.0061743383199079
g__Dorea_A	g__Gemmiger	0.4068	0.0034649660962221
g__Dorea_A	g__Gordonibacter	-0.1055	0.0110886075949367
g__Dorea_A	g__Granulicatella	-0.1694	0.0034649660962221
g__Dorea_A	g__Guopingia	-0.0864	0.0286861216306527
g__Dorea_A	g__Haemophilus_D	-0.1237	0.0086984598757092
g__Dorea_A	g__Holdemanella	0.2114	0.0034649660962221
g__Dorea_A	g__Hominenteromicrobium	0.1708	0.0034649660962221
g__Dorea_A	g__Hominicoprocola	0.2438	0.0034649660962221
g__Dorea_A	g__Hominilimicola	0.1441	0.0034649660962221
g__Dorea_A	g__Hominiventricola	0.2251	0.0034649660962221
g__Dorea_A	g__Hungatella	-0.3082	0.0034649660962221
g__Dorea_A	g__Intestinibacter	-0.2357	0.0034649660962221
g__Dorea_A	g__Klebsiella	-0.1681	0.0034649660962221
g__Dorea_A	g__Lachnoclostridium_B	0.1355	0.0086984598757092
g__Dorea_A	g__Lacticaseibacillus	-0.2275	0.0034649660962221
g__Dorea_A	g__Lactiplantibacillus	-0.1679	0.0034649660962221
g__Dorea_A	g__Lactobacillus	-0.1421	0.0034649660962221
g__Dorea_A	g__Lactococcus	-0.1341	0.0061743383199079
g__Dorea_A	g__Lactonifactor	-0.1467	0.0034649660962221
g__Dorea_A	g__Lancefieldella	-0.1791	0.0034649660962221
g__Dorea_A	g__Lentihominibacter	0.1694	0.0034649660962221
g__Dorea_A	g__Leuconostoc	-0.1753	0.0034649660962221
g__Dorea_A	g__Ligilactobacillus	-0.1719	0.0034649660962221
g__Dorea_A	g__Limivivens	0.288	0.0034649660962221
g__Dorea_A	g__Limosilactobacillus	-0.1833	0.0034649660962221
g__Dorea_A	g__Longicatena	-0.1519	0.0034649660962221
g__Dorea_A	g__Massilioclostridium	-0.1598	0.0034649660962221
g__Dorea_A	g__Mediterraneibacter	0.2974	0.0034649660962221
g__Dorea_A	g__Merdibacter	-0.1789	0.0034649660962221
g__Dorea_A	g__Merdimmobilis	-0.1455	0.0034649660962221
g__Dorea_A	g__Merdimonas	-0.3031	0.0034649660962221
g__Dorea_A	g__Merdivicinus	-0.1744	0.0034649660962221
g__Dorea_A	g__Muricomes	-0.1711	0.0034649660962221
g__Dorea_A	g__Murimonas	0.2658	0.0034649660962221
g__Dorea_A	g__Nanosynbacter	-0.1871	0.0034649660962221
g__Dorea_A	g__Odoribacter	0.2981	0.0034649660962221
g__Dorea_A	g__Oliverpabstia	0.2957	0.0034649660962221
g__Dorea_A	g__Onthenecus	0.1536	0.0034649660962221
g__Dorea_A	g__Paraprevotella	0.1008	0.0308089664310954
g__Dorea_A	g__Pauljensenia	-0.1189	0.0086984598757092
g__Dorea_A	g__Pediococcus	-0.2291	0.0034649660962221
g__Dorea_A	g__Peptostreptococcus	-0.1092	0.0157269174401563
g__Dorea_A	g__Phocaeicola	0.1618	0.0034649660962221
g__Dorea_A	g__Prevotella	0.1886	0.0034649660962221
g__Dorea_A	g__Pseudoflavonifractor_A	-0.1716	0.0034649660962221
g__Dorea_A	g__Roseburia	0.1833	0.0034649660962221
g__Dorea_A	g__Rothia	-0.1291	0.0110886075949367
g__Dorea_A	g__Ruminococcus_B	-0.3196	0.0034649660962221
g__Dorea_A	g__Ruthenibacterium	-0.1364	0.0034649660962221
g__Dorea_A	g__Sarcina	-0.2319	0.0034649660962221
g__Dorea_A	g__Sellimonas	-0.2999	0.0034649660962221
g__Dorea_A	g__Streptococcus	-0.1501	0.0061743383199079
g__Dorea_A	g__Terrisporobacter	-0.1267	0.0157269174401563
g__Dorea_A	g__Thomasclavelia	-0.3923	0.0034649660962221
g__Dorea_A	g__Veillonella	-0.2438	0.0034649660962221
g__Dorea_A	g__Vescimonas	0.1286	0.0061743383199079
g__Dorea_A	g__Wujia	0.0997	0.0464449711459192
g__Dorea_D	g__Hominenteromicrobium	0.0919	0.0367736131934033
g__Dorea_D	g__Hominicoprocola	0.1245	0.0157269174401563
g__Dorea_D	g__Intestinibacter	-0.0936	0.040656282887813
g__Dorea_D	g__Lachnoclostridium_B	0.0967	0.0222686188609637
g__Dorea_D	g__Lachnospira	-0.1204	0.0061743383199079
g__Dorea_D	g__Paraprevotella	0.0957	0.040656282887813
g__Dorea_D	g__Prevotella	0.0995	0.0482884025363059
g__Dysosmobacter	g__Enterobacter	-0.2238	0.0034649660962221
g__Dysosmobacter	g__Enterococcus	-0.262	0.0034649660962221
g__Dysosmobacter	g__Enterococcus_A	-0.2464	0.0034649660962221
g__Dysosmobacter	g__Enterococcus_B	-0.2237	0.0034649660962221
g__Dysosmobacter	g__Eubacterium_G	0.3288	0.0034649660962221
g__Dysosmobacter	g__Eubacterium_I	0.2433	0.0034649660962221
g__Dysosmobacter	g__Evtepia	0.1888	0.0034649660962221
g__Dysosmobacter	g__Faecalibacterium	0.3318	0.0034649660962221
g__Dysosmobacter	g__Faecalimonas	-0.2521	0.0034649660962221
g__Dysosmobacter	g__Finegoldia	-0.2423	0.0034649660962221
g__Dysosmobacter	g__Flavonifractor	0.1425	0.0034649660962221
g__Dysosmobacter	g__Fusicatenibacter	0.1536	0.0034649660962221
g__Dysosmobacter	g__Fusobacterium_A	-0.2187	0.0034649660962221
g__Dysosmobacter	g__Gallintestinimicrobium	0.1158	0.0179491039426523
g__Dysosmobacter	g__Gemella	-0.2414	0.0034649660962221
g__Dysosmobacter	g__Gemmiger	0.2735	0.0034649660962221
g__Dysosmobacter	g__Granulicatella	-0.2319	0.0034649660962221
g__Dysosmobacter	g__Haemophilus_D	-0.2225	0.0034649660962221
g__Dysosmobacter	g__Holdemania	0.1412	0.0086984598757092
g__Dysosmobacter	g__Hominenteromicrobium	0.1348	0.0061743383199079
g__Dysosmobacter	g__Hominicoprocola	0.1941	0.0034649660962221
g__Dysosmobacter	g__Hominifimenecus	-0.1551	0.0034649660962221
g__Dysosmobacter	g__Hominilimicola	0.2031	0.0034649660962221
g__Dysosmobacter	g__Hominiventricola	0.1955	0.0034649660962221
g__Dysosmobacter	g__Hungatella	-0.1045	0.0308089664310954
g__Dysosmobacter	g__Intestinibacter	-0.1329	0.0061743383199079
g__Dysosmobacter	g__Klebsiella	-0.2282	0.0034649660962221
g__Dysosmobacter	g__Lachnoclostridium_B	0.102	0.0445362108321228
g__Dysosmobacter	g__Lachnospira	0.1918	0.0034649660962221
g__Dysosmobacter	g__Lacticaseibacillus	-0.2496	0.0034649660962221
g__Dysosmobacter	g__Lactiplantibacillus	-0.1858	0.0034649660962221
g__Dysosmobacter	g__Lactobacillus	-0.1973	0.0034649660962221
g__Dysosmobacter	g__Lactococcus	-0.2065	0.0034649660962221
g__Dysosmobacter	g__Lancefieldella	-0.2687	0.0034649660962221
g__Dysosmobacter	g__Latilactobacillus	-0.163	0.0034649660962221
g__Dysosmobacter	g__Lawsonibacter	0.4465	0.0034649660962221
g__Dysosmobacter	g__Leuconostoc	-0.1913	0.0034649660962221
g__Dysosmobacter	g__Ligilactobacillus	-0.1889	0.0034649660962221
g__Dysosmobacter	g__Limivivens	0.1301	0.0086984598757092
g__Dysosmobacter	g__Limosilactobacillus	-0.2188	0.0034649660962221
g__Dysosmobacter	g__Longicatena	-0.1078	0.0222686188609637
g__Dysosmobacter	g__Massilioclostridium	-0.1307	0.0034649660962221
g__Dysosmobacter	g__Mediterraneibacter	0.247	0.0034649660962221
g__Dysosmobacter	g__Merdibacter	-0.1188	0.0061743383199079
g__Dysosmobacter	g__Merdimonas	-0.161	0.0034649660962221
g__Dysosmobacter	g__Muricomes	-0.091	0.0347957198443579
g__Dysosmobacter	g__Nanosynbacter	-0.2835	0.0034649660962221
g__Dysosmobacter	g__Negativibacillus	0.2245	0.0034649660962221
g__Dysosmobacter	g__Otoolea	0.1098	0.0425744414282731
g__Dysosmobacter	g__Parabacteroides	0.3428	0.0034649660962221
g__Dysosmobacter	g__Pararoseburia	-0.1332	0.0061743383199079
g__Dysosmobacter	g__Pauljensenia	-0.1943	0.0034649660962221
g__Dysosmobacter	g__Pediococcus	-0.1598	0.0061743383199079
g__Dysosmobacter	g__Peptostreptococcus	-0.2547	0.0034649660962221
g__Dysosmobacter	g__Phocaeicola	0.2199	0.0034649660962221
g__Dysosmobacter	g__Pseudoscilispira	0.1013	0.0179491039426523
g__Dysosmobacter	g__Roseburia	0.1783	0.0034649660962221
g__Dysosmobacter	g__Rothia	-0.2409	0.0034649660962221
g__Dysosmobacter	g__Ruminococcus_B	-0.2376	0.0034649660962221
g__Dysosmobacter	g__Sarcina	-0.2729	0.0034649660962221
g__Dysosmobacter	g__Sellimonas	0.1161	0.0201190531989688
g__Dysosmobacter	g__Streptococcus	-0.2573	0.0034649660962221
g__Dysosmobacter	g__Terrisporobacter	-0.1683	0.0034649660962221
g__Dysosmobacter	g__Thomasclavelia	-0.1816	0.0034649660962221
g__Dysosmobacter	g__Turicibacter	-0.159	0.0034649660962221
g__Dysosmobacter	g__Tyzzerella	-0.1117	0.0179491039426523
g__Dysosmobacter	g__URXU01	-0.1244	0.0110886075949367
g__Dysosmobacter	g__Veillonella	-0.3135	0.0034649660962221
g__Dysosmobacter	g__Vescimonas	0.255	0.0034649660962221
g__Dysosmobacter	g__Weissella	-0.1238	0.0110886075949367
g__Eggerthella	g__Enterocloster	0.1362	0.0061743383199079
g__Eggerthella	g__Eubacterium_I	-0.1708	0.0061743383199079
g__Eggerthella	g__Faecalimonas	0.2353	0.0034649660962221
g__Eggerthella	g__Finegoldia	0.1073	0.0134305381727158
g__Eggerthella	g__Flavonifractor	0.2896	0.0034649660962221
g__Eggerthella	g__Fusobacterium_A	0.1397	0.0034649660962221
g__Eggerthella	g__Gemmiger	-0.1477	0.0034649660962221
g__Eggerthella	g__Gordonibacter	0.1243	0.0086984598757092
g__Eggerthella	g__Holdemanella	-0.221	0.0034649660962221
g__Eggerthella	g__Holdemania	0.1189	0.0061743383199079
g__Eggerthella	g__Hominicoprocola	-0.2439	0.0034649660962221
g__Eggerthella	g__Hominifimenecus	-0.1806	0.0034649660962221
g__Eggerthella	g__Hominiventricola	-0.2428	0.0034649660962221
g__Eggerthella	g__Hungatella	0.212	0.0034649660962221
g__Eggerthella	g__Intestinibacter	0.1206	0.0244274982927384
g__Eggerthella	g__JAGTTR01	-0.0925	0.0347957198443579
g__Eggerthella	g__Lachnoclostridium_B	-0.1553	0.0061743383199079
g__Eggerthella	g__Lactonifactor	0.1682	0.0034649660962221
g__Eggerthella	g__Lawsonibacter	0.0989	0.040656282887813
g__Eggerthella	g__Limivivens	-0.1797	0.0034649660962221
g__Eggerthella	g__Longicatena	0.21	0.0034649660962221
g__Eggerthella	g__Massilioclostridium	0.123	0.0034649660962221
g__Eggerthella	g__Merdibacter	0.1474	0.0034649660962221
g__Eggerthella	g__Merdimmobilis	0.1075	0.0157269174401563
g__Eggerthella	g__Merdivicinus	0.1224	0.0061743383199079
g__Eggerthella	g__Muricomes	0.1443	0.0034649660962221
g__Eggerthella	g__Murimonas	-0.2364	0.0034649660962221
g__Eggerthella	g__Oliverpabstia	-0.2412	0.0034649660962221
g__Eggerthella	g__Onthenecus	-0.1768	0.0034649660962221
g__Eggerthella	g__Paraprevotella	-0.1579	0.0034649660962221
g__Eggerthella	g__Prevotella	-0.2447	0.0034649660962221
g__Eggerthella	g__Pseudoflavonifractor_A	0.1216	0.0061743383199079
g__Eggerthella	g__Roseburia_D	-0.1557	0.0034649660962221
g__Eggerthella	g__Ruminococcus_B	0.3108	0.0034649660962221
g__Eggerthella	g__Ruthenibacterium	0.1534	0.0034649660962221
g__Eggerthella	g__Schaedlerella	0.1387	0.0034649660962221
g__Eggerthella	g__Sellimonas	0.2992	0.0034649660962221
g__Eggerthella	g__Thomasclavelia	0.2641	0.0034649660962221
g__Eggerthella	g__UBA3402	-0.1888	0.0034649660962221
g__Eggerthella	g__Wujia	-0.2111	0.0034649660962221
g__Enterobacter	g__Enterococcus	0.2854	0.0034649660962221
g__Enterobacter	g__Enterococcus_A	0.2803	0.0034649660962221
g__Enterobacter	g__Enterococcus_B	0.2255	0.0034649660962221
g__Enterobacter	g__Eubacterium_G	-0.1591	0.0061743383199079
g__Enterobacter	g__Eubacterium_I	-0.1355	0.0034649660962221
g__Enterobacter	g__Evtepia	-0.147	0.0034649660962221
g__Enterobacter	g__Faecalibacterium	-0.2248	0.0034649660962221
g__Enterobacter	g__Faecalimonas	0.1717	0.0034649660962221
g__Enterobacter	g__Finegoldia	0.1986	0.0034649660962221
g__Enterobacter	g__Fusicatenibacter	-0.1688	0.0034649660962221
g__Enterobacter	g__Fusobacterium_A	0.0944	0.040656282887813
g__Enterobacter	g__Gemella	0.2533	0.0034649660962221
g__Enterobacter	g__Gemmiger	-0.1965	0.0034649660962221
g__Enterobacter	g__Granulicatella	0.2646	0.0034649660962221
g__Enterobacter	g__Haemophilus_D	0.2511	0.0034649660962221
g__Enterobacter	g__Hominenteromicrobium	-0.1185	0.0110886075949367
g__Enterobacter	g__Hominicoprocola	-0.1076	0.0222686188609637
g__Enterobacter	g__Hominilimicola	-0.2158	0.0034649660962221
g__Enterobacter	g__Hungatella	0.135	0.0034649660962221
g__Enterobacter	g__Intestinibacter	0.1177	0.0157269174401563
g__Enterobacter	g__Klebsiella	0.5997	0.0034649660962221
g__Enterobacter	g__Lacticaseibacillus	0.1993	0.0034649660962221
g__Enterobacter	g__Lactiplantibacillus	0.133	0.0110886075949367
g__Enterobacter	g__Lactobacillus	0.1132	0.026579824363882
g__Enterobacter	g__Lactococcus	0.2666	0.0034649660962221
g__Enterobacter	g__Lancefieldella	0.1798	0.0034649660962221
g__Enterobacter	g__Latilactobacillus	0.1661	0.0034649660962221
g__Enterobacter	g__Lawsonibacter	-0.0978	0.0367736131934033
g__Enterobacter	g__Lentihominibacter	-0.1325	0.0034649660962221
g__Enterobacter	g__Leuconostoc	0.2388	0.0034649660962221
g__Enterobacter	g__Ligilactobacillus	0.1166	0.0110886075949367
g__Enterobacter	g__Limivivens	-0.1114	0.0157269174401563
g__Enterobacter	g__Limosilactobacillus	0.1926	0.0034649660962221
g__Enterobacter	g__Longicatena	0.1	0.0244274982927384
g__Enterobacter	g__Massilioclostridium	0.1166	0.0034649660962221
g__Enterobacter	g__Mediterraneibacter	-0.1684	0.0034649660962221
g__Enterobacter	g__Merdibacter	0.0939	0.0157269174401563
g__Enterobacter	g__Merdimmobilis	0.1161	0.0034649660962221
g__Enterobacter	g__Merdimonas	0.1095	0.0222686188609637
g__Enterobacter	g__Murimonas	-0.1309	0.0086984598757092
g__Enterobacter	g__Nanosynbacter	0.266	0.0034649660962221
g__Enterobacter	g__Oliverpabstia	-0.104	0.0308089664310954
g__Enterobacter	g__Onthenecus	-0.0974	0.0367736131934033
g__Enterobacter	g__Pauljensenia	0.1878	0.0034649660962221
g__Enterobacter	g__Pediococcus	0.1425	0.0086984598757092
g__Enterobacter	g__Peptostreptococcus	0.1439	0.0034649660962221
g__Enterobacter	g__Pseudoflavonifractor_A	0.1403	0.0034649660962221
g__Enterobacter	g__Roseburia	-0.1666	0.0034649660962221
g__Enterobacter	g__Rothia	0.2237	0.0034649660962221
g__Enterobacter	g__Ruminococcus_B	0.1521	0.0034649660962221
g__Enterobacter	g__Sarcina	0.2282	0.0034649660962221
g__Enterobacter	g__Streptococcus	0.2626	0.0034649660962221
g__Enterobacter	g__Thomasclavelia	0.1425	0.0061743383199079
g__Enterobacter	g__Veillonella	0.3201	0.0034649660962221
g__Enterobacter	g__Vescimonas	-0.1526	0.0034649660962221
g__Enterobacter	g__Weissella	0.1944	0.0034649660962221
g__Enterocloster	g__Eubacterium_I	-0.1402	0.0086984598757092
g__Enterocloster	g__Faecalibacterium	-0.1484	0.0034649660962221
g__Enterocloster	g__Faecalimonas	0.3838	0.0034649660962221
g__Enterocloster	g__Flavonifractor	0.3939	0.0034649660962221
g__Enterocloster	g__Fusobacterium_A	0.177	0.0034649660962221
g__Enterocloster	g__Gemmiger	-0.2003	0.0034649660962221
g__Enterocloster	g__Holdemanella	-0.1476	0.0061743383199079
g__Enterocloster	g__Hominenteromicrobium	-0.1649	0.0034649660962221
g__Enterocloster	g__Hominibacterium	-0.1353	0.0086984598757092
g__Enterocloster	g__Hominicoprocola	-0.2068	0.0034649660962221
g__Enterocloster	g__Hungatella	0.2686	0.0034649660962221
g__Enterocloster	g__JAGTTR01	-0.0905	0.0425744414282731
g__Enterocloster	g__Klebsiella	0.0988	0.0482884025363059
g__Enterocloster	g__Lachnoclostridium_B	-0.104	0.040656282887813
g__Enterocloster	g__Lawsonibacter	0.1266	0.0134305381727158
g__Enterocloster	g__Lentihominibacter	-0.1839	0.0034649660962221
g__Enterocloster	g__Limivivens	-0.2281	0.0034649660962221
g__Enterocloster	g__Longicatena	0.1059	0.026579824363882
g__Enterocloster	g__Murimonas	-0.132	0.0110886075949367
g__Enterocloster	g__Negativibacillus	-0.1138	0.0286861216306527
g__Enterocloster	g__Oliverpabstia	-0.1896	0.0034649660962221
g__Enterocloster	g__Onthenecus	-0.2171	0.0034649660962221
g__Enterocloster	g__Otoolea	0.3882	0.0034649660962221
g__Enterocloster	g__Phocaeicola	0.201	0.0034649660962221
g__Enterocloster	g__Pseudoflavonifractor_A	0.123	0.0034649660962221
g__Enterocloster	g__Roseburia_D	-0.1198	0.0179491039426523
g__Enterocloster	g__Ruminococcus_B	0.435	0.0034649660962221
g__Enterocloster	g__Ruthenibacterium	0.1078	0.0286861216306527
g__Enterocloster	g__Schaedlerella	0.1099	0.0286861216306527
g__Enterocloster	g__Sellimonas	0.1073	0.0327878655608904
g__Enterocloster	g__Streptococcus	-0.1136	0.0286861216306527
g__Enterocloster	g__Sutterella	0.1888	0.0034649660962221
g__Enterocloster	g__Terrisporobacter	-0.103	0.0286861216306527
g__Enterocloster	g__Thomasclavelia	0.3663	0.0034649660962221
g__Enterocloster	g__Veillonella	0.1148	0.0286861216306527
g__Enterocloster	g__Vescimonas	-0.1144	0.0134305381727158
g__Enterococcus	g__Enterococcus_A	0.333	0.0034649660962221
g__Enterococcus	g__Enterococcus_B	0.3938	0.0034649660962221
g__Enterococcus	g__Eubacterium_G	-0.1977	0.0034649660962221
g__Enterococcus	g__Eubacterium_I	-0.1955	0.0034649660962221
g__Enterococcus	g__Evtepia	-0.1078	0.0179491039426523
g__Enterococcus	g__Faecalibacterium	-0.3362	0.0034649660962221
g__Enterococcus	g__Faecalimonas	0.2328	0.0034649660962221
g__Enterococcus	g__Finegoldia	0.237	0.0034649660962221
g__Enterococcus	g__Fusicatenibacter	-0.2422	0.0034649660962221
g__Enterococcus	g__Fusobacterium_A	0.1366	0.0034649660962221
g__Enterococcus	g__Gallintestinimicrobium	-0.1234	0.0034649660962221
g__Enterococcus	g__Gemella	0.2509	0.0034649660962221
g__Enterococcus	g__Gemmiger	-0.2081	0.0034649660962221
g__Enterococcus	g__Granulicatella	0.2756	0.0034649660962221
g__Enterococcus	g__Haemophilus_D	0.174	0.0034649660962221
g__Enterococcus	g__Hominenteromicrobium	-0.1024	0.0134305381727158
g__Enterococcus	g__Hominicoprocola	-0.167	0.0034649660962221
g__Enterococcus	g__Hominilimicola	-0.2047	0.0034649660962221
g__Enterococcus	g__Hominiventricola	-0.1661	0.0034649660962221
g__Enterococcus	g__Hungatella	0.1621	0.0034649660962221
g__Enterococcus	g__Intestinibacter	0.1196	0.0086984598757092
g__Enterococcus	g__Klebsiella	0.2531	0.0034649660962221
g__Enterococcus	g__Lachnoclostridium_B	-0.126	0.0086984598757092
g__Enterococcus	g__Lachnospira	-0.1742	0.0034649660962221
g__Enterococcus	g__Lacticaseibacillus	0.3639	0.0034649660962221
g__Enterococcus	g__Lactiplantibacillus	0.2947	0.0034649660962221
g__Enterococcus	g__Lactobacillus	0.2284	0.0034649660962221
g__Enterococcus	g__Lactococcus	0.2146	0.0034649660962221
g__Enterococcus	g__Lactonifactor	0.105	0.0157269174401563
g__Enterococcus	g__Lancefieldella	0.2455	0.0034649660962221
g__Enterococcus	g__Latilactobacillus	0.1438	0.0034649660962221
g__Enterococcus	g__Lawsonibacter	-0.1652	0.0034649660962221
g__Enterococcus	g__Lentihominibacter	-0.1151	0.0061743383199079
g__Enterococcus	g__Leuconostoc	0.1808	0.0034649660962221
g__Enterococcus	g__Ligilactobacillus	0.1973	0.0034649660962221
g__Enterococcus	g__Limivivens	-0.1834	0.0034649660962221
g__Enterococcus	g__Limosilactobacillus	0.2427	0.0034649660962221
g__Enterococcus	g__Longicatena	0.1155	0.0157269174401563
g__Enterococcus	g__Massilioclostridium	0.2101	0.0034649660962221
g__Enterococcus	g__Mediterraneibacter	-0.2208	0.0034649660962221
g__Enterococcus	g__Merdibacter	0.1447	0.0034649660962221
g__Enterococcus	g__Merdimmobilis	0.1039	0.0157269174401563
g__Enterococcus	g__Merdimonas	0.121	0.0061743383199079
g__Enterococcus	g__Muricomes	0.1177	0.0110886075949367
g__Enterococcus	g__Murimonas	-0.1572	0.0034649660962221
g__Enterococcus	g__Nanosynbacter	0.2808	0.0034649660962221
g__Enterococcus	g__Odoribacter	-0.098	0.0425744414282731
g__Enterococcus	g__Oliverpabstia	-0.1326	0.0061743383199079
g__Enterococcus	g__Otoolea	-0.1403	0.0034649660962221
g__Enterococcus	g__Parabacteroides	-0.1804	0.0034649660962221
g__Enterococcus	g__Pauljensenia	0.2223	0.0034649660962221
g__Enterococcus	g__Pediococcus	0.239	0.0034649660962221
g__Enterococcus	g__Peptostreptococcus	0.2233	0.0034649660962221
g__Enterococcus	g__Phocaeicola	-0.2156	0.0034649660962221
g__Enterococcus	g__Pseudobutyricicoccus	0.1064	0.0061743383199079
g__Enterococcus	g__Pseudoflavonifractor_A	0.1172	0.0061743383199079
g__Enterococcus	g__Roseburia	-0.1967	0.0034649660962221
g__Enterococcus	g__Rothia	0.2147	0.0034649660962221
g__Enterococcus	g__Ruminococcus_B	0.2395	0.0034649660962221
g__Enterococcus	g__Sarcina	0.2976	0.0034649660962221
g__Enterococcus	g__Streptococcus	0.2681	0.0034649660962221
g__Enterococcus	g__Terrisporobacter	0.097	0.0179491039426523
g__Enterococcus	g__Thomasclavelia	0.1814	0.0034649660962221
g__Enterococcus	g__Turicibacter	0.1201	0.0061743383199079
g__Enterococcus	g__Veillonella	0.3019	0.0034649660962221
g__Enterococcus	g__Vescimonas	-0.1384	0.0034649660962221
g__Enterococcus	g__Weissella	0.1055	0.0244274982927384
g__Enterococcus_A	g__Enterococcus_B	0.3482	0.0034649660962221
g__Enterococcus_A	g__Eubacterium_G	-0.2451	0.0034649660962221
g__Enterococcus_A	g__Eubacterium_I	-0.251	0.0034649660962221
g__Enterococcus_A	g__Evtepia	-0.1138	0.0134305381727158
g__Enterococcus_A	g__Faecalibacterium	-0.309	0.0034649660962221
g__Enterococcus_A	g__Faecalimonas	0.2841	0.0034649660962221
g__Enterococcus_A	g__Finegoldia	0.2682	0.0034649660962221
g__Enterococcus_A	g__Flavonifractor	0.1392	0.0034649660962221
g__Enterococcus_A	g__Fusicatenibacter	-0.2467	0.0034649660962221
g__Enterococcus_A	g__Fusobacterium_A	0.1615	0.0034649660962221
g__Enterococcus_A	g__Gallintestinimicrobium	-0.1904	0.0034649660962221
g__Enterococcus_A	g__Gemella	0.2754	0.0034649660962221
g__Enterococcus_A	g__Gemmiger	-0.3116	0.0034649660962221
g__Enterococcus_A	g__Granulicatella	0.2594	0.0034649660962221
g__Enterococcus_A	g__Haemophilus_D	0.1583	0.0034649660962221
g__Enterococcus_A	g__Hominenteromicrobium	-0.1331	0.0034649660962221
g__Enterococcus_A	g__Hominicoprocola	-0.2196	0.0034649660962221
g__Enterococcus_A	g__Hominilimicola	-0.2008	0.0034649660962221
g__Enterococcus_A	g__Hominiventricola	-0.1887	0.0034649660962221
g__Enterococcus_A	g__Hungatella	0.1983	0.0034649660962221
g__Enterococcus_A	g__Intestinibacter	0.2132	0.0034649660962221
g__Enterococcus_A	g__Klebsiella	0.3024	0.0034649660962221
g__Enterococcus_A	g__Lachnoclostridium_B	-0.1329	0.0134305381727158
g__Enterococcus_A	g__Lachnospira	-0.1243	0.0061743383199079
g__Enterococcus_A	g__Lacticaseibacillus	0.3485	0.0034649660962221
g__Enterococcus_A	g__Lactiplantibacillus	0.2901	0.0034649660962221
g__Enterococcus_A	g__Lactobacillus	0.2246	0.0034649660962221
g__Enterococcus_A	g__Lactococcus	0.2383	0.0034649660962221
g__Enterococcus_A	g__Lactonifactor	0.115	0.0034649660962221
g__Enterococcus_A	g__Lancefieldella	0.2763	0.0034649660962221
g__Enterococcus_A	g__Latilactobacillus	0.1155	0.0157269174401563
g__Enterococcus_A	g__Lawsonibacter	-0.1344	0.0061743383199079
g__Enterococcus_A	g__Lentihominibacter	-0.1364	0.0034649660962221
g__Enterococcus_A	g__Leuconostoc	0.194	0.0034649660962221
g__Enterococcus_A	g__Ligilactobacillus	0.2456	0.0034649660962221
g__Enterococcus_A	g__Limivivens	-0.2282	0.0034649660962221
g__Enterococcus_A	g__Limosilactobacillus	0.2362	0.0034649660962221
g__Enterococcus_A	g__Longicatena	0.1424	0.0034649660962221
g__Enterococcus_A	g__Massilioclostridium	0.2053	0.0034649660962221
g__Enterococcus_A	g__Mediterraneibacter	-0.3037	0.0034649660962221
g__Enterococcus_A	g__Merdibacter	0.1774	0.0034649660962221
g__Enterococcus_A	g__Merdimmobilis	0.087	0.0347957198443579
g__Enterococcus_A	g__Merdimonas	0.1533	0.0034649660962221
g__Enterococcus_A	g__Muricomes	0.1382	0.0034649660962221
g__Enterococcus_A	g__Murimonas	-0.1763	0.0034649660962221
g__Enterococcus_A	g__Nanosynbacter	0.2935	0.0034649660962221
g__Enterococcus_A	g__Odoribacter	-0.2076	0.0034649660962221
g__Enterococcus_A	g__Oliverpabstia	-0.1609	0.0034649660962221
g__Enterococcus_A	g__Otoolea	-0.1793	0.0034649660962221
g__Enterococcus_A	g__Parabacteroides	-0.1908	0.0034649660962221
g__Enterococcus_A	g__Pauljensenia	0.1767	0.0034649660962221
g__Enterococcus_A	g__Pediococcus	0.2677	0.0034649660962221
g__Enterococcus_A	g__Peptostreptococcus	0.1957	0.0034649660962221
g__Enterococcus_A	g__Phocaeicola	-0.2019	0.0034649660962221
g__Enterococcus_A	g__Pseudobutyricicoccus	0.1026	0.0134305381727158
g__Enterococcus_A	g__Pseudoflavonifractor_A	0.2241	0.0034649660962221
g__Enterococcus_A	g__Roseburia	-0.2188	0.0034649660962221
g__Enterococcus_A	g__Rothia	0.2226	0.0034649660962221
g__Enterococcus_A	g__Ruminiclostridium_E	0.0939	0.0201190531989688
g__Enterococcus_A	g__Ruminococcus_B	0.3445	0.0034649660962221
g__Enterococcus_A	g__Sarcina	0.2796	0.0034649660962221
g__Enterococcus_A	g__Streptococcus	0.2192	0.0034649660962221
g__Enterococcus_A	g__Terrisporobacter	0.0913	0.0445362108321228
g__Enterococcus_A	g__Thomasclavelia	0.3466	0.0034649660962221
g__Enterococcus_A	g__Veillonella	0.3338	0.0034649660962221
g__Enterococcus_A	g__Vescimonas	-0.1812	0.0034649660962221
g__Enterococcus_A	g__Weissella	0.1327	0.0034649660962221
g__Enterococcus_B	g__Eubacterium_G	-0.2056	0.0034649660962221
g__Enterococcus_B	g__Eubacterium_I	-0.1559	0.0034649660962221
g__Enterococcus_B	g__Evtepia	-0.1253	0.0157269174401563
g__Enterococcus_B	g__Faecalibacterium	-0.3034	0.0034649660962221
g__Enterococcus_B	g__Faecalimonas	0.2517	0.0034649660962221
g__Enterococcus_B	g__Finegoldia	0.2073	0.0034649660962221
g__Enterococcus_B	g__Fusicatenibacter	-0.2647	0.0034649660962221
g__Enterococcus_B	g__Fusobacterium_A	0.1604	0.0034649660962221
g__Enterococcus_B	g__Gallintestinimicrobium	-0.1348	0.0134305381727158
g__Enterococcus_B	g__Gemella	0.2408	0.0034649660962221
g__Enterococcus_B	g__Gemmiger	-0.2492	0.0034649660962221
g__Enterococcus_B	g__Granulicatella	0.321	0.0034649660962221
g__Enterococcus_B	g__Haemophilus_D	0.0994	0.0327878655608904
g__Enterococcus_B	g__Hominenteromicrobium	-0.0993	0.0367736131934033
g__Enterococcus_B	g__Hominicoprocola	-0.1353	0.0086984598757092
g__Enterococcus_B	g__Hominilimicola	-0.2021	0.0034649660962221
g__Enterococcus_B	g__Hominiventricola	-0.1701	0.0034649660962221
g__Enterococcus_B	g__Hungatella	0.1484	0.0034649660962221
g__Enterococcus_B	g__Intestinibacter	0.203	0.0034649660962221
g__Enterococcus_B	g__Klebsiella	0.2701	0.0034649660962221
g__Enterococcus_B	g__Lachnoclostridium_B	-0.1469	0.0034649660962221
g__Enterococcus_B	g__Lachnospira	-0.1707	0.0034649660962221
g__Enterococcus_B	g__Lacticaseibacillus	0.3695	0.0034649660962221
g__Enterococcus_B	g__Lactiplantibacillus	0.3379	0.0034649660962221
g__Enterococcus_B	g__Lactobacillus	0.2195	0.0034649660962221
g__Enterococcus_B	g__Lactococcus	0.2034	0.0034649660962221
g__Enterococcus_B	g__Lactonifactor	0.127	0.0034649660962221
g__Enterococcus_B	g__Lancefieldella	0.266	0.0034649660962221
g__Enterococcus_B	g__Latilactobacillus	0.1133	0.0179491039426523
g__Enterococcus_B	g__Lawsonibacter	-0.1761	0.0034649660962221
g__Enterococcus_B	g__Lentihominibacter	-0.1248	0.0157269174401563
g__Enterococcus_B	g__Leuconostoc	0.2361	0.0034649660962221
g__Enterococcus_B	g__Ligilactobacillus	0.1661	0.0034649660962221
g__Enterococcus_B	g__Limivivens	-0.1913	0.0034649660962221
g__Enterococcus_B	g__Limosilactobacillus	0.2974	0.0034649660962221
g__Enterococcus_B	g__Longicatena	0.1439	0.0034649660962221
g__Enterococcus_B	g__Massilioclostridium	0.1895	0.0034649660962221
g__Enterococcus_B	g__Mediterraneibacter	-0.333	0.0034649660962221
g__Enterococcus_B	g__Merdibacter	0.1518	0.0034649660962221
g__Enterococcus_B	g__Merdimonas	0.1452	0.0034649660962221
g__Enterococcus_B	g__Muricomes	0.1565	0.0034649660962221
g__Enterococcus_B	g__Murimonas	-0.1421	0.0086984598757092
g__Enterococcus_B	g__Nanosynbacter	0.2758	0.0034649660962221
g__Enterococcus_B	g__Odoribacter	-0.1095	0.0327878655608904
g__Enterococcus_B	g__Otoolea	-0.1952	0.0034649660962221
g__Enterococcus_B	g__Parabacteroides	-0.202	0.0034649660962221
g__Enterococcus_B	g__Pauljensenia	0.2598	0.0034649660962221
g__Enterococcus_B	g__Pediococcus	0.2911	0.0034649660962221
g__Enterococcus_B	g__Peptostreptococcus	0.205	0.0034649660962221
g__Enterococcus_B	g__Phocaeicola	-0.2457	0.0034649660962221
g__Enterococcus_B	g__Pseudobutyricicoccus	0.1075	0.0086984598757092
g__Enterococcus_B	g__Pseudoflavonifractor_A	0.209	0.0034649660962221
g__Enterococcus_B	g__Roseburia	-0.2265	0.0034649660962221
g__Enterococcus_B	g__Rothia	0.228	0.0034649660962221
g__Enterococcus_B	g__Ruminococcus_B	0.1992	0.0034649660962221
g__Enterococcus_B	g__Ruminococcus_E	-0.1275	0.0061743383199079
g__Enterococcus_B	g__Sarcina	0.2743	0.0034649660962221
g__Enterococcus_B	g__Streptococcus	0.2742	0.0034649660962221
g__Enterococcus_B	g__Terrisporobacter	0.109	0.0179491039426523
g__Enterococcus_B	g__Thomasclavelia	0.2404	0.0034649660962221
g__Enterococcus_B	g__Turicibacter	0.1577	0.0061743383199079
g__Enterococcus_B	g__Veillonella	0.3044	0.0034649660962221
g__Enterococcus_B	g__Vescimonas	-0.1176	0.0244274982927384
g__Eubacterium_F	g__Faecalibacterium	-0.1109	0.0110886075949367
g__Eubacterium_F	g__Hominifimenecus	0.0814	0.0244274982927384
g__Eubacterium_F	g__Hominimerdicola	0.1209	0.0086984598757092
g__Eubacterium_F	g__JAGTTR01	0.0776	0.0482884025363059
g__Eubacterium_F	g__Lactiplantibacillus	0.0843	0.0244274982927384
g__Eubacterium_F	g__Lentihominibacter	0.0881	0.0347957198443579
g__Eubacterium_F	g__Mediterraneibacter	-0.0921	0.0482884025363059
g__Eubacterium_F	g__Merdivicinus	0.1047	0.0086984598757092
g__Eubacterium_F	g__Phocaeicola	-0.092	0.0464449711459192
g__Eubacterium_F	g__Prevotella	-0.1006	0.0347957198443579
g__Eubacterium_F	g__Roseburia_D	0.1101	0.0086984598757092
g__Eubacterium_F	g__Ruminiclostridium_E	0.2219	0.0034649660962221
g__Eubacterium_F	g__Wujia	0.1212	0.0086984598757092
g__Eubacterium_G	g__Eubacterium_I	0.2217	0.0034649660962221
g__Eubacterium_G	g__Evtepia	0.1117	0.0222686188609637
g__Eubacterium_G	g__Faecalibacterium	0.2216	0.0034649660962221
g__Eubacterium_G	g__Faecalimonas	-0.2229	0.0034649660962221
g__Eubacterium_G	g__Finegoldia	-0.2159	0.0034649660962221
g__Eubacterium_G	g__Fusicatenibacter	0.2582	0.0034649660962221
g__Eubacterium_G	g__Fusobacterium_A	-0.2265	0.0034649660962221
g__Eubacterium_G	g__Gallintestinimicrobium	0.1805	0.0034649660962221
g__Eubacterium_G	g__Gemella	-0.2159	0.0034649660962221
g__Eubacterium_G	g__Gemmiger	0.2636	0.0034649660962221
g__Eubacterium_G	g__Granulicatella	-0.1886	0.0034649660962221
g__Eubacterium_G	g__Haemophilus_D	-0.2232	0.0034649660962221
g__Eubacterium_G	g__Hominenteromicrobium	0.1136	0.0222686188609637
g__Eubacterium_G	g__Hominicoprocola	0.1911	0.0034649660962221
g__Eubacterium_G	g__Hominifimenecus	-0.0946	0.0347957198443579
g__Eubacterium_G	g__Hominilimicola	0.219	0.0034649660962221
g__Eubacterium_G	g__Hominiventricola	0.13	0.0110886075949367
g__Eubacterium_G	g__Hungatella	-0.2648	0.0034649660962221
g__Eubacterium_G	g__Klebsiella	-0.1236	0.0110886075949367
g__Eubacterium_G	g__Lachnospira	0.1859	0.0034649660962221
g__Eubacterium_G	g__Lacticaseibacillus	-0.198	0.0034649660962221
g__Eubacterium_G	g__Lactiplantibacillus	-0.1679	0.0034649660962221
g__Eubacterium_G	g__Lactobacillus	-0.1696	0.0034649660962221
g__Eubacterium_G	g__Lactococcus	-0.1393	0.0061743383199079
g__Eubacterium_G	g__Lactonifactor	-0.1268	0.0034649660962221
g__Eubacterium_G	g__Lancefieldella	-0.2603	0.0034649660962221
g__Eubacterium_G	g__Lawsonibacter	0.1428	0.0034649660962221
g__Eubacterium_G	g__Lentihominibacter	0.1266	0.0086984598757092
g__Eubacterium_G	g__Leuconostoc	-0.172	0.0034649660962221
g__Eubacterium_G	g__Ligilactobacillus	-0.166	0.0034649660962221
g__Eubacterium_G	g__Limivivens	0.2105	0.0034649660962221
g__Eubacterium_G	g__Limosilactobacillus	-0.1959	0.0034649660962221
g__Eubacterium_G	g__Massilioclostridium	-0.1736	0.0034649660962221
g__Eubacterium_G	g__Mediterraneibacter	0.142	0.0034649660962221
g__Eubacterium_G	g__Merdibacter	-0.1548	0.0034649660962221
g__Eubacterium_G	g__Merdimmobilis	-0.1329	0.0034649660962221
g__Eubacterium_G	g__Merdimonas	-0.1482	0.0034649660962221
g__Eubacterium_G	g__Merdivicinus	-0.1058	0.0179491039426523
g__Eubacterium_G	g__Murimonas	0.1366	0.0061743383199079
g__Eubacterium_G	g__Nanosynbacter	-0.2275	0.0034649660962221
g__Eubacterium_G	g__Negativibacillus	0.1301	0.0034649660962221
g__Eubacterium_G	g__Odoribacter	0.1406	0.0061743383199079
g__Eubacterium_G	g__Oliverpabstia	0.1663	0.0034649660962221
g__Eubacterium_G	g__Parabacteroides	0.1619	0.0034649660962221
g__Eubacterium_G	g__Pauljensenia	-0.1738	0.0034649660962221
g__Eubacterium_G	g__Pediococcus	-0.1892	0.0034649660962221
g__Eubacterium_G	g__Peptostreptococcus	-0.1651	0.0034649660962221
g__Eubacterium_G	g__Phocaeicola	0.1322	0.0061743383199079
g__Eubacterium_G	g__Pseudobutyricicoccus	-0.093	0.0134305381727158
g__Eubacterium_G	g__Pseudoflavonifractor_A	-0.133	0.0086984598757092
g__Eubacterium_G	g__Roseburia	0.2821	0.0034649660962221
g__Eubacterium_G	g__Rothia	-0.2274	0.0034649660962221
g__Eubacterium_G	g__Ruminococcus_B	-0.2316	0.0034649660962221
g__Eubacterium_G	g__Ruminococcus_E	0.1372	0.0034649660962221
g__Eubacterium_G	g__Sarcina	-0.1915	0.0034649660962221
g__Eubacterium_G	g__Streptococcus	-0.2359	0.0034649660962221
g__Eubacterium_G	g__Thomasclavelia	-0.2257	0.0034649660962221
g__Eubacterium_G	g__Veillonella	-0.2601	0.0034649660962221
g__Eubacterium_G	g__Vescimonas	0.176	0.0034649660962221
g__Eubacterium_I	g__Evtepia	0.1626	0.0034649660962221
g__Eubacterium_I	g__Faecalibacterium	0.2675	0.0034649660962221
g__Eubacterium_I	g__Faecalimonas	-0.305	0.0034649660962221
g__Eubacterium_I	g__Finegoldia	-0.1703	0.0034649660962221
g__Eubacterium_I	g__Flavonifractor	-0.2282	0.0034649660962221
g__Eubacterium_I	g__Fusicatenibacter	0.2478	0.0034649660962221
g__Eubacterium_I	g__Fusobacterium_A	-0.1974	0.0034649660962221
g__Eubacterium_I	g__Gallintestinimicrobium	0.2076	0.0034649660962221
g__Eubacterium_I	g__Gemella	-0.2178	0.0034649660962221
g__Eubacterium_I	g__Gemmiger	0.3128	0.0034649660962221
g__Eubacterium_I	g__Gordonibacter	-0.1198	0.0157269174401563
g__Eubacterium_I	g__Granulicatella	-0.1959	0.0034649660962221
g__Eubacterium_I	g__Haemophilus_D	-0.1166	0.0244274982927384
g__Eubacterium_I	g__Holdemanella	0.1683	0.0034649660962221
g__Eubacterium_I	g__Hominenteromicrobium	0.1468	0.0034649660962221
g__Eubacterium_I	g__Hominicoprocola	0.3703	0.0034649660962221
g__Eubacterium_I	g__Hominilimicola	0.1087	0.040656282887813
g__Eubacterium_I	g__Hominiventricola	0.2261	0.0034649660962221
g__Eubacterium_I	g__Hungatella	-0.2694	0.0034649660962221
g__Eubacterium_I	g__Intestinibacter	-0.2672	0.0034649660962221
g__Eubacterium_I	g__Klebsiella	-0.1282	0.0134305381727158
g__Eubacterium_I	g__Lachnoclostridium_B	0.1797	0.0034649660962221
g__Eubacterium_I	g__Lachnospira	0.1019	0.0482884025363059
g__Eubacterium_I	g__Lacticaseibacillus	-0.2699	0.0034649660962221
g__Eubacterium_I	g__Lactiplantibacillus	-0.1955	0.0034649660962221
g__Eubacterium_I	g__Lactobacillus	-0.157	0.0034649660962221
g__Eubacterium_I	g__Lactococcus	-0.1867	0.0034649660962221
g__Eubacterium_I	g__Lactonifactor	-0.1813	0.0034649660962221
g__Eubacterium_I	g__Lancefieldella	-0.1877	0.0034649660962221
g__Eubacterium_I	g__Lentihominibacter	0.1281	0.0034649660962221
g__Eubacterium_I	g__Leuconostoc	-0.1475	0.0034649660962221
g__Eubacterium_I	g__Ligilactobacillus	-0.1172	0.0110886075949367
g__Eubacterium_I	g__Limivivens	0.3673	0.0034649660962221
g__Eubacterium_I	g__Limosilactobacillus	-0.1223	0.0179491039426523
g__Eubacterium_I	g__Longicatena	-0.2603	0.0034649660962221
g__Eubacterium_I	g__Massilioclostridium	-0.2167	0.0034649660962221
g__Eubacterium_I	g__Mediterraneibacter	0.2356	0.0034649660962221
g__Eubacterium_I	g__Merdibacter	-0.183	0.0034649660962221
g__Eubacterium_I	g__Merdimmobilis	-0.1061	0.0179491039426523
g__Eubacterium_I	g__Merdimonas	-0.1792	0.0034649660962221
g__Eubacterium_I	g__Merdivicinus	-0.1699	0.0034649660962221
g__Eubacterium_I	g__Muricomes	-0.1512	0.0034649660962221
g__Eubacterium_I	g__Murimonas	0.2587	0.0034649660962221
g__Eubacterium_I	g__Nanosynbacter	-0.1503	0.0061743383199079
g__Eubacterium_I	g__Odoribacter	0.2514	0.0034649660962221
g__Eubacterium_I	g__Oliverpabstia	0.2852	0.0034649660962221
g__Eubacterium_I	g__Onthenecus	0.1867	0.0034649660962221
g__Eubacterium_I	g__Paraprevotella	0.094	0.0482884025363059
g__Eubacterium_I	g__Pauljensenia	-0.1096	0.0086984598757092
g__Eubacterium_I	g__Pediococcus	-0.2484	0.0034649660962221
g__Eubacterium_I	g__Peptostreptococcus	-0.1851	0.0034649660962221
g__Eubacterium_I	g__Pseudoflavonifractor_A	-0.0956	0.0244274982927384
g__Eubacterium_I	g__Roseburia	0.2117	0.0034649660962221
g__Eubacterium_I	g__Rothia	-0.1844	0.0034649660962221
g__Eubacterium_I	g__Ruminococcus_B	-0.3392	0.0034649660962221
g__Eubacterium_I	g__Ruthenibacterium	-0.1599	0.0034649660962221
g__Eubacterium_I	g__Sarcina	-0.1613	0.0034649660962221
g__Eubacterium_I	g__Sellimonas	-0.1685	0.0034649660962221
g__Eubacterium_I	g__Streptococcus	-0.1603	0.0034649660962221
g__Eubacterium_I	g__Terrisporobacter	-0.1585	0.0034649660962221
g__Eubacterium_I	g__Thomasclavelia	-0.3704	0.0034649660962221
g__Eubacterium_I	g__Turicibacter	-0.1715	0.0034649660962221
g__Eubacterium_I	g__UBA3402	0.0984	0.0286861216306527
g__Eubacterium_I	g__Veillonella	-0.231	0.0034649660962221
g__Eubacterium_I	g__Vescimonas	0.1179	0.0086984598757092
g__Eubacterium_I	g__Weissella	-0.1089	0.0347957198443579
g__Evtepia	g__Faecalimonas	-0.1262	0.0061743383199079
g__Evtepia	g__Finegoldia	-0.1159	0.0061743383199079
g__Evtepia	g__Fusobacterium_A	-0.1351	0.0034649660962221
g__Evtepia	g__Gallintestinimicrobium	0.1129	0.0222686188609637
g__Evtepia	g__Gemella	-0.1381	0.0061743383199079
g__Evtepia	g__Gemmiger	0.1706	0.0034649660962221
g__Evtepia	g__Granulicatella	-0.1659	0.0034649660962221
g__Evtepia	g__Haemophilus_D	-0.2094	0.0034649660962221
g__Evtepia	g__Hominenteromicrobium	0.2032	0.0034649660962221
g__Evtepia	g__Hominibacterium	0.1497	0.0034649660962221
g__Evtepia	g__Hominicoprocola	0.1911	0.0034649660962221
g__Evtepia	g__Hominilimicola	0.1444	0.0034649660962221
g__Evtepia	g__Hominiventricola	0.1123	0.0157269174401563
g__Evtepia	g__Intestinibacter	-0.1388	0.0086984598757092
g__Evtepia	g__Klebsiella	-0.1322	0.0034649660962221
g__Evtepia	g__Lacticaseibacillus	-0.1404	0.0034649660962221
g__Evtepia	g__Lactobacillus	-0.13	0.0034649660962221
g__Evtepia	g__Lactococcus	-0.1308	0.0086984598757092
g__Evtepia	g__Lancefieldella	-0.1522	0.0034649660962221
g__Evtepia	g__Lawsonibacter	0.1564	0.0034649660962221
g__Evtepia	g__Lentihominibacter	0.3188	0.0034649660962221
g__Evtepia	g__Leuconostoc	-0.09	0.040656282887813
g__Evtepia	g__Limivivens	0.1078	0.0179491039426523
g__Evtepia	g__Limosilactobacillus	-0.1181	0.0086984598757092
g__Evtepia	g__Longicatena	-0.1227	0.0061743383199079
g__Evtepia	g__Murimonas	0.1572	0.0034649660962221
g__Evtepia	g__Nanosynbacter	-0.1837	0.0034649660962221
g__Evtepia	g__Pauljensenia	-0.1014	0.0201190531989688
g__Evtepia	g__Pediococcus	-0.1312	0.0061743383199079
g__Evtepia	g__Peptostreptococcus	-0.0953	0.0327878655608904
g__Evtepia	g__Pseudoflavonifractor_A	-0.15	0.0034649660962221
g__Evtepia	g__Pseudoscilispira	0.0886	0.0425744414282731
g__Evtepia	g__Rothia	-0.1456	0.0034649660962221
g__Evtepia	g__Ruminococcus_B	-0.1358	0.0086984598757092
g__Evtepia	g__Ruminococcus_C	0.0928	0.0445362108321228
g__Evtepia	g__Ruminococcus_E	0.1082	0.0222686188609637
g__Evtepia	g__Ruthenibacterium	0.1281	0.0086984598757092
g__Evtepia	g__Sarcina	-0.1132	0.0110886075949367
g__Evtepia	g__Streptococcus	-0.2067	0.0034649660962221
g__Evtepia	g__Turicibacter	-0.0979	0.0347957198443579
g__Evtepia	g__Veillonella	-0.1901	0.0034649660962221
g__Evtepia	g__Vescimonas	0.2456	0.0034649660962221
g__Faecalibacterium	g__Faecalimonas	-0.3974	0.0034649660962221
g__Faecalibacterium	g__Faecousia	-0.106	0.026579824363882
g__Faecalibacterium	g__Finegoldia	-0.2174	0.0034649660962221
g__Faecalibacterium	g__Flavonifractor	-0.1261	0.0086984598757092
g__Faecalibacterium	g__Fusicatenibacter	0.3109	0.0034649660962221
g__Faecalibacterium	g__Fusobacterium_A	-0.2408	0.0034649660962221
g__Faecalibacterium	g__Gallintestinimicrobium	0.2006	0.0034649660962221
g__Faecalibacterium	g__Gemella	-0.2537	0.0034649660962221
g__Faecalibacterium	g__Gemmiger	0.3877	0.0034649660962221
g__Faecalibacterium	g__Granulicatella	-0.2503	0.0034649660962221
g__Faecalibacterium	g__Guopingia	-0.0942	0.0308089664310954
g__Faecalibacterium	g__Hominenteromicrobium	0.1347	0.0061743383199079
g__Faecalibacterium	g__Hominicoprocola	0.1865	0.0034649660962221
g__Faecalibacterium	g__Hominifimenecus	-0.1091	0.0134305381727158
g__Faecalibacterium	g__Hominilimicola	0.2311	0.0034649660962221
g__Faecalibacterium	g__Hominiventricola	0.1442	0.0034649660962221
g__Faecalibacterium	g__Hungatella	-0.2611	0.0034649660962221
g__Faecalibacterium	g__Intestinibacter	-0.1215	0.0244274982927384
g__Faecalibacterium	g__JAGTTR01	-0.0989	0.0387318471337579
g__Faecalibacterium	g__Klebsiella	-0.2196	0.0034649660962221
g__Faecalibacterium	g__Lachnoclostridium_B	0.1225	0.0179491039426523
g__Faecalibacterium	g__Lachnospira	0.1647	0.0034649660962221
g__Faecalibacterium	g__Lacticaseibacillus	-0.289	0.0034649660962221
g__Faecalibacterium	g__Lactiplantibacillus	-0.1995	0.0034649660962221
g__Faecalibacterium	g__Lactobacillus	-0.1947	0.0034649660962221
g__Faecalibacterium	g__Lactococcus	-0.1917	0.0034649660962221
g__Faecalibacterium	g__Lactonifactor	-0.1091	0.0110886075949367
g__Faecalibacterium	g__Lancefieldella	-0.2376	0.0034649660962221
g__Faecalibacterium	g__Lawsonibacter	0.1149	0.0201190531989688
g__Faecalibacterium	g__Leuconostoc	-0.1967	0.0034649660962221
g__Faecalibacterium	g__Ligilactobacillus	-0.1706	0.0061743383199079
g__Faecalibacterium	g__Limivivens	0.2685	0.0034649660962221
g__Faecalibacterium	g__Limosilactobacillus	-0.2486	0.0034649660962221
g__Faecalibacterium	g__Longicatena	-0.1479	0.0034649660962221
g__Faecalibacterium	g__Massilioclostridium	-0.2032	0.0034649660962221
g__Faecalibacterium	g__Mediterraneibacter	0.328	0.0034649660962221
g__Faecalibacterium	g__Merdibacter	-0.2254	0.0034649660962221
g__Faecalibacterium	g__Merdimmobilis	-0.1366	0.0034649660962221
g__Faecalibacterium	g__Merdimonas	-0.1911	0.0034649660962221
g__Faecalibacterium	g__Merdivicinus	-0.1619	0.0034649660962221
g__Faecalibacterium	g__Muricomes	-0.1897	0.0034649660962221
g__Faecalibacterium	g__Murimonas	0.0992	0.0464449711459192
g__Faecalibacterium	g__Nanosynbacter	-0.2663	0.0034649660962221
g__Faecalibacterium	g__Odoribacter	0.2074	0.0034649660962221
g__Faecalibacterium	g__Oliverpabstia	0.1778	0.0034649660962221
g__Faecalibacterium	g__Parabacteroides	0.1901	0.0034649660962221
g__Faecalibacterium	g__Pauljensenia	-0.1514	0.0034649660962221
g__Faecalibacterium	g__Pediococcus	-0.2479	0.0034649660962221
g__Faecalibacterium	g__Peptostreptococcus	-0.1735	0.0034649660962221
g__Faecalibacterium	g__Phocaeicola	0.2479	0.0034649660962221
g__Faecalibacterium	g__Prevotella	0.1096	0.0347957198443579
g__Faecalibacterium	g__Pseudobutyricicoccus	-0.1363	0.0034649660962221
g__Faecalibacterium	g__Roseburia	0.2569	0.0034649660962221
g__Faecalibacterium	g__Rothia	-0.2055	0.0034649660962221
g__Faecalibacterium	g__Ruminococcus_B	-0.3334	0.0034649660962221
g__Faecalibacterium	g__Ruthenibacterium	-0.1391	0.0086984598757092
g__Faecalibacterium	g__Sarcina	-0.2659	0.0034649660962221
g__Faecalibacterium	g__Streptococcus	-0.1944	0.0034649660962221
g__Faecalibacterium	g__Thomasclavelia	-0.3353	0.0034649660962221
g__Faecalibacterium	g__Veillonella	-0.2885	0.0034649660962221
g__Faecalibacterium	g__Vescimonas	0.1444	0.0034649660962221
g__Faecalibacterium	g__Weissella	-0.1313	0.0086984598757092
g__Faecalimonas	g__Finegoldia	0.1993	0.0034649660962221
g__Faecalimonas	g__Flavonifractor	0.357	0.0034649660962221
g__Faecalimonas	g__Fusicatenibacter	-0.2595	0.0034649660962221
g__Faecalimonas	g__Fusobacterium_A	0.3474	0.0034649660962221
g__Faecalimonas	g__Gallintestinimicrobium	-0.2433	0.0034649660962221
g__Faecalimonas	g__Gemella	0.2737	0.0034649660962221
g__Faecalimonas	g__Gemmiger	-0.4575	0.0034649660962221
g__Faecalimonas	g__Granulicatella	0.2792	0.0034649660962221
g__Faecalimonas	g__Haemophilus_D	0.1571	0.0034649660962221
g__Faecalimonas	g__Holdemanella	-0.1413	0.0134305381727158
g__Faecalimonas	g__Hominenteromicrobium	-0.2268	0.0034649660962221
g__Faecalimonas	g__Hominicoprocola	-0.348	0.0034649660962221
g__Faecalimonas	g__Hominilimicola	-0.2292	0.0034649660962221
g__Faecalimonas	g__Hominiventricola	-0.2978	0.0034649660962221
g__Faecalimonas	g__Hungatella	0.3888	0.0034649660962221
g__Faecalimonas	g__Intestinibacter	0.2937	0.0034649660962221
g__Faecalimonas	g__Klebsiella	0.1678	0.0034649660962221
g__Faecalimonas	g__Lachnoclostridium_B	-0.2821	0.0034649660962221
g__Faecalimonas	g__Lacticaseibacillus	0.2646	0.0034649660962221
g__Faecalimonas	g__Lactiplantibacillus	0.1879	0.0034649660962221
g__Faecalimonas	g__Lactobacillus	0.2055	0.0034649660962221
g__Faecalimonas	g__Lactococcus	0.1876	0.0034649660962221
g__Faecalimonas	g__Lactonifactor	0.1517	0.0034649660962221
g__Faecalimonas	g__Lancefieldella	0.2821	0.0034649660962221
g__Faecalimonas	g__Lentihominibacter	-0.2109	0.0034649660962221
g__Faecalimonas	g__Leuconostoc	0.2032	0.0034649660962221
g__Faecalimonas	g__Ligilactobacillus	0.2405	0.0034649660962221
g__Faecalimonas	g__Limivivens	-0.3569	0.0034649660962221
g__Faecalimonas	g__Limosilactobacillus	0.2195	0.0034649660962221
g__Faecalimonas	g__Longicatena	0.2971	0.0034649660962221
g__Faecalimonas	g__Massilioclostridium	0.249	0.0034649660962221
g__Faecalimonas	g__Mediterraneibacter	-0.2099	0.0034649660962221
g__Faecalimonas	g__Merdibacter	0.2011	0.0034649660962221
g__Faecalimonas	g__Merdimmobilis	0.1971	0.0034649660962221
g__Faecalimonas	g__Merdimonas	0.2015	0.0034649660962221
g__Faecalimonas	g__Merdivicinus	0.1737	0.0034649660962221
g__Faecalimonas	g__Muricomes	0.1746	0.0034649660962221
g__Faecalimonas	g__Murimonas	-0.2281	0.0034649660962221
g__Faecalimonas	g__Nanosynbacter	0.3368	0.0034649660962221
g__Faecalimonas	g__Odoribacter	-0.2006	0.0034649660962221
g__Faecalimonas	g__Oliverpabstia	-0.291	0.0034649660962221
g__Faecalimonas	g__Onthenecus	-0.2099	0.0034649660962221
g__Faecalimonas	g__Otoolea	0.1258	0.0201190531989688
g__Faecalimonas	g__Parabacteroides	-0.1383	0.0061743383199079
g__Faecalimonas	g__Pauljensenia	0.1718	0.0034649660962221
g__Faecalimonas	g__Pediococcus	0.2662	0.0034649660962221
g__Faecalimonas	g__Peptostreptococcus	0.2095	0.0034649660962221
g__Faecalimonas	g__Phocaeicola	-0.1421	0.0086984598757092
g__Faecalimonas	g__Prevotella	-0.1542	0.0034649660962221
g__Faecalimonas	g__Pseudobutyricicoccus	0.1213	0.0061743383199079
g__Faecalimonas	g__Pseudoflavonifractor_A	0.2507	0.0034649660962221
g__Faecalimonas	g__Roseburia	-0.1947	0.0034649660962221
g__Faecalimonas	g__Roseburia_D	-0.0992	0.0244274982927384
g__Faecalimonas	g__Rothia	0.2361	0.0034649660962221
g__Faecalimonas	g__Ruminococcus_B	0.6243	0.0034649660962221
g__Faecalimonas	g__Ruthenibacterium	0.1166	0.0061743383199079
g__Faecalimonas	g__Sarcina	0.2432	0.0034649660962221
g__Faecalimonas	g__Schaedlerella	0.1433	0.0061743383199079
g__Faecalimonas	g__Sellimonas	0.172	0.0034649660962221
g__Faecalimonas	g__Streptococcus	0.2202	0.0034649660962221
g__Faecalimonas	g__Terrisporobacter	0.1364	0.0086984598757092
g__Faecalimonas	g__Thomasclavelia	0.5285	0.0034649660962221
g__Faecalimonas	g__Turicibacter	0.1548	0.0034649660962221
g__Faecalimonas	g__Tyzzerella	0.106	0.0201190531989688
g__Faecalimonas	g__UBA3402	-0.124	0.0086984598757092
g__Faecalimonas	g__Veillonella	0.3475	0.0034649660962221
g__Faecalimonas	g__Vescimonas	-0.1944	0.0034649660962221
g__Faecalimonas	g__Wujia	-0.102	0.026579824363882
g__Faecousia	g__Fusicatenibacter	-0.0945	0.0286861216306527
g__Faecousia	g__Gordonibacter	0.1044	0.0157269174401563
g__Faecousia	g__Guopingia	0.1162	0.0034649660962221
g__Faecousia	g__Lachnospira	-0.09	0.040656282887813
g__Faecousia	g__Lacticaseibacillus	0.0864	0.0347957198443579
g__Faecousia	g__Laedolimicola	0.0852	0.0244274982927384
g__Faecousia	g__Mediterraneibacter	-0.0944	0.0425744414282731
g__Faecousia	g__Otoolea	-0.0877	0.0308089664310954
g__Faecousia	g__Parabacteroides	-0.0915	0.0387318471337579
g__Faecousia	g__Roseburia	-0.103	0.0222686188609637
g__Faecousia	g__Roseburia_D	0.1402	0.0034649660962221
g__Faecousia	g__Ruminiclostridium_E	0.1145	0.0034649660962221
g__Faecousia	g__Schaedlerella	-0.0962	0.0157269174401563
g__Faecousia	g__Thomasclavelia	0.0885	0.0387318471337579
g__Faecousia	g__Vescimonas	0.1041	0.0061743383199079
g__Finegoldia	g__Flavonifractor	0.1367	0.0034649660962221
g__Finegoldia	g__Fusicatenibacter	-0.2591	0.0034649660962221
g__Finegoldia	g__Fusobacterium_A	0.1869	0.0034649660962221
g__Finegoldia	g__Gallintestinimicrobium	-0.1689	0.0034649660962221
g__Finegoldia	g__Gemella	0.1631	0.0034649660962221
g__Finegoldia	g__Gemmiger	-0.1847	0.0034649660962221
g__Finegoldia	g__Granulicatella	0.1995	0.0034649660962221
g__Finegoldia	g__Haemophilus_D	0.167	0.0034649660962221
g__Finegoldia	g__Hominenteromicrobium	-0.1182	0.0134305381727158
g__Finegoldia	g__Hominicoprocola	-0.147	0.0034649660962221
g__Finegoldia	g__Hominilimicola	-0.207	0.0034649660962221
g__Finegoldia	g__Hominiventricola	-0.1896	0.0034649660962221
g__Finegoldia	g__Hungatella	0.2129	0.0034649660962221
g__Finegoldia	g__Klebsiella	0.224	0.0034649660962221
g__Finegoldia	g__Lachnoclostridium_B	-0.0929	0.0201190531989688
g__Finegoldia	g__Lachnospira	-0.158	0.0034649660962221
g__Finegoldia	g__Lacticaseibacillus	0.183	0.0034649660962221
g__Finegoldia	g__Lactiplantibacillus	0.1402	0.0061743383199079
g__Finegoldia	g__Lactobacillus	0.1402	0.0034649660962221
g__Finegoldia	g__Lactococcus	0.1244	0.0061743383199079
g__Finegoldia	g__Lactonifactor	0.0868	0.0308089664310954
g__Finegoldia	g__Lancefieldella	0.1953	0.0034649660962221
g__Finegoldia	g__Lawsonibacter	-0.1302	0.0061743383199079
g__Finegoldia	g__Lentihominibacter	-0.1131	0.0061743383199079
g__Finegoldia	g__Leuconostoc	0.128	0.0061743383199079
g__Finegoldia	g__Ligilactobacillus	0.1291	0.0034649660962221
g__Finegoldia	g__Limivivens	-0.2075	0.0034649660962221
g__Finegoldia	g__Limosilactobacillus	0.1649	0.0034649660962221
g__Finegoldia	g__Longicatena	0.1446	0.0034649660962221
g__Finegoldia	g__Massilioclostridium	0.1979	0.0034649660962221
g__Finegoldia	g__Mediterraneibacter	-0.221	0.0034649660962221
g__Finegoldia	g__Merdibacter	0.1429	0.0034649660962221
g__Finegoldia	g__Merdimmobilis	0.1023	0.0061743383199079
g__Finegoldia	g__Merdimonas	0.2184	0.0034649660962221
g__Finegoldia	g__Merdivicinus	0.0849	0.0308089664310954
g__Finegoldia	g__Muricomes	0.1016	0.0110886075949367
g__Finegoldia	g__Murimonas	-0.1716	0.0034649660962221
g__Finegoldia	g__Nanosynbacter	0.1839	0.0034649660962221
g__Finegoldia	g__Odoribacter	-0.1099	0.0201190531989688
g__Finegoldia	g__Oliverpabstia	-0.1318	0.0034649660962221
g__Finegoldia	g__Onthenecus	-0.1184	0.0061743383199079
g__Finegoldia	g__Otoolea	-0.0914	0.0367736131934033
g__Finegoldia	g__Pauljensenia	0.149	0.0034649660962221
g__Finegoldia	g__Pediococcus	0.1979	0.0034649660962221
g__Finegoldia	g__Peptostreptococcus	0.2683	0.0034649660962221
g__Finegoldia	g__Pseudobutyricicoccus	0.0736	0.0464449711459192
g__Finegoldia	g__Pseudoflavonifractor_A	0.1788	0.0034649660962221
g__Finegoldia	g__Roseburia	-0.1714	0.0034649660962221
g__Finegoldia	g__Rothia	0.1352	0.0034649660962221
g__Finegoldia	g__Ruminococcus_B	0.2497	0.0034649660962221
g__Finegoldia	g__Sarcina	0.1879	0.0034649660962221
g__Finegoldia	g__Streptococcus	0.0966	0.0201190531989688
g__Finegoldia	g__Terrisporobacter	0.0891	0.0367736131934033
g__Finegoldia	g__Thomasclavelia	0.2258	0.0034649660962221
g__Finegoldia	g__Veillonella	0.1953	0.0034649660962221
g__Finegoldia	g__Vescimonas	-0.1902	0.0034649660962221
g__Flavonifractor	g__Fusicatenibacter	-0.1852	0.0034649660962221
g__Flavonifractor	g__Fusobacterium_A	0.1508	0.0061743383199079
g__Flavonifractor	g__Gallintestinimicrobium	-0.2027	0.0034649660962221
g__Flavonifractor	g__Gemmiger	-0.2632	0.0034649660962221
g__Flavonifractor	g__Holdemanella	-0.1975	0.0034649660962221
g__Flavonifractor	g__Holdemania	0.1324	0.0034649660962221
g__Flavonifractor	g__Hominenteromicrobium	-0.1837	0.0034649660962221
g__Flavonifractor	g__Hominicoprocola	-0.3138	0.0034649660962221
g__Flavonifractor	g__Hominifimenecus	-0.1739	0.0034649660962221
g__Flavonifractor	g__Hominilimicola	-0.0999	0.0367736131934033
g__Flavonifractor	g__Hominiventricola	-0.2577	0.0034649660962221
g__Flavonifractor	g__Hungatella	0.4382	0.0034649660962221
g__Flavonifractor	g__Intestinibacter	0.2248	0.0034649660962221
g__Flavonifractor	g__JAGTTR01	-0.1766	0.0034649660962221
g__Flavonifractor	g__Lachnoclostridium_B	-0.1593	0.0034649660962221
g__Flavonifractor	g__Lactonifactor	0.2066	0.0034649660962221
g__Flavonifractor	g__Lawsonibacter	0.1812	0.0034649660962221
g__Flavonifractor	g__Lentihominibacter	-0.1822	0.0034649660962221
g__Flavonifractor	g__Limivivens	-0.2921	0.0034649660962221
g__Flavonifractor	g__Longicatena	0.1814	0.0034649660962221
g__Flavonifractor	g__Massilioclostridium	0.1516	0.0034649660962221
g__Flavonifractor	g__Merdibacter	0.1708	0.0034649660962221
g__Flavonifractor	g__Merdimmobilis	0.1539	0.0061743383199079
g__Flavonifractor	g__Merdimonas	0.1938	0.0034649660962221
g__Flavonifractor	g__Merdivicinus	0.1604	0.0034649660962221
g__Flavonifractor	g__Muricomes	0.2122	0.0034649660962221
g__Flavonifractor	g__Murimonas	-0.2561	0.0034649660962221
g__Flavonifractor	g__Negativibacillus	0.1233	0.0134305381727158
g__Flavonifractor	g__Odoribacter	-0.1662	0.0034649660962221
g__Flavonifractor	g__Oliverpabstia	-0.2663	0.0034649660962221
g__Flavonifractor	g__Onthenecus	-0.2702	0.0034649660962221
g__Flavonifractor	g__Otoolea	0.166	0.0034649660962221
g__Flavonifractor	g__Paraprevotella	-0.1245	0.0110886075949367
g__Flavonifractor	g__Pararoseburia	-0.1105	0.0179491039426523
g__Flavonifractor	g__Pediococcus	0.1877	0.0034649660962221
g__Flavonifractor	g__Peptostreptococcus	0.1195	0.0034649660962221
g__Flavonifractor	g__Prevotella	-0.2	0.0034649660962221
g__Flavonifractor	g__Pseudoflavonifractor_A	0.2159	0.0034649660962221
g__Flavonifractor	g__Roseburia_D	-0.1927	0.0034649660962221
g__Flavonifractor	g__Ruminococcus_B	0.4838	0.0034649660962221
g__Flavonifractor	g__Ruminococcus_E	-0.1415	0.0061743383199079
g__Flavonifractor	g__Ruthenibacterium	0.3624	0.0034649660962221
g__Flavonifractor	g__Sellimonas	0.2851	0.0034649660962221
g__Flavonifractor	g__Thomasclavelia	0.4568	0.0034649660962221
g__Flavonifractor	g__UBA3402	-0.2214	0.0034649660962221
g__Flavonifractor	g__Veillonella	0.1218	0.0157269174401563
g__Flavonifractor	g__Wujia	-0.2579	0.0034649660962221
g__Fusicatenibacter	g__Fusobacterium_A	-0.1393	0.0034649660962221
g__Fusicatenibacter	g__Gallintestinimicrobium	0.1947	0.0034649660962221
g__Fusicatenibacter	g__Gemella	-0.2123	0.0034649660962221
g__Fusicatenibacter	g__Gemmiger	0.3529	0.0034649660962221
g__Fusicatenibacter	g__Granulicatella	-0.2605	0.0034649660962221
g__Fusicatenibacter	g__Guopingia	-0.1163	0.0134305381727158
g__Fusicatenibacter	g__Haemophilus_D	-0.1473	0.0034649660962221
g__Fusicatenibacter	g__Hominicoprocola	0.1252	0.0134305381727158
g__Fusicatenibacter	g__Hominilimicola	0.3443	0.0034649660962221
g__Fusicatenibacter	g__Hominiventricola	0.1561	0.0034649660962221
g__Fusicatenibacter	g__Hungatella	-0.2245	0.0034649660962221
g__Fusicatenibacter	g__JAGTTR01	-0.0942	0.0387318471337579
g__Fusicatenibacter	g__Klebsiella	-0.2093	0.0034649660962221
g__Fusicatenibacter	g__Lachnospira	0.2298	0.0034649660962221
g__Fusicatenibacter	g__Lacticaseibacillus	-0.3425	0.0034649660962221
g__Fusicatenibacter	g__Lactiplantibacillus	-0.2262	0.0034649660962221
g__Fusicatenibacter	g__Lactobacillus	-0.2666	0.0034649660962221
g__Fusicatenibacter	g__Lactococcus	-0.1501	0.0034649660962221
g__Fusicatenibacter	g__Lactonifactor	-0.155	0.0034649660962221
g__Fusicatenibacter	g__Lancefieldella	-0.2257	0.0034649660962221
g__Fusicatenibacter	g__Leuconostoc	-0.2106	0.0034649660962221
g__Fusicatenibacter	g__Ligilactobacillus	-0.206	0.0034649660962221
g__Fusicatenibacter	g__Limivivens	0.195	0.0034649660962221
g__Fusicatenibacter	g__Limosilactobacillus	-0.3124	0.0034649660962221
g__Fusicatenibacter	g__Longicatena	-0.1489	0.0086984598757092
g__Fusicatenibacter	g__Massilioclostridium	-0.1635	0.0034649660962221
g__Fusicatenibacter	g__Mediterraneibacter	0.3466	0.0034649660962221
g__Fusicatenibacter	g__Merdibacter	-0.1716	0.0034649660962221
g__Fusicatenibacter	g__Merdimmobilis	-0.204	0.0034649660962221
g__Fusicatenibacter	g__Merdimonas	-0.1445	0.0034649660962221
g__Fusicatenibacter	g__Merdivicinus	-0.097	0.0308089664310954
g__Fusicatenibacter	g__Muricomes	-0.147	0.0034649660962221
g__Fusicatenibacter	g__Murimonas	0.1291	0.0134305381727158
g__Fusicatenibacter	g__Nanosynbacter	-0.2485	0.0034649660962221
g__Fusicatenibacter	g__Odoribacter	0.2547	0.0034649660962221
g__Fusicatenibacter	g__Oliverpabstia	0.1816	0.0034649660962221
g__Fusicatenibacter	g__Otoolea	0.1794	0.0034649660962221
g__Fusicatenibacter	g__Pauljensenia	-0.2053	0.0034649660962221
g__Fusicatenibacter	g__Pediococcus	-0.2708	0.0034649660962221
g__Fusicatenibacter	g__Peptostreptococcus	-0.203	0.0034649660962221
g__Fusicatenibacter	g__Phocaeicola	0.1414	0.0061743383199079
g__Fusicatenibacter	g__Pseudobutyricicoccus	-0.134	0.0034649660962221
g__Fusicatenibacter	g__Pseudoflavonifractor_A	-0.1605	0.0034649660962221
g__Fusicatenibacter	g__Roseburia	0.3278	0.0034649660962221
g__Fusicatenibacter	g__Rothia	-0.2257	0.0034649660962221
g__Fusicatenibacter	g__Ruminiclostridium_E	-0.1058	0.0086984598757092
g__Fusicatenibacter	g__Ruminococcus_B	-0.2183	0.0034649660962221
g__Fusicatenibacter	g__Ruminococcus_E	0.0986	0.0425744414282731
g__Fusicatenibacter	g__Sarcina	-0.1828	0.0034649660962221
g__Fusicatenibacter	g__Streptococcus	-0.2184	0.0034649660962221
g__Fusicatenibacter	g__Thomasclavelia	-0.2355	0.0034649660962221
g__Fusicatenibacter	g__Tyzzerella	0.1157	0.0134305381727158
g__Fusicatenibacter	g__Veillonella	-0.2726	0.0034649660962221
g__Fusobacterium_A	g__Gallintestinimicrobium	-0.1696	0.0034649660962221
g__Fusobacterium_A	g__Gemella	0.1858	0.0034649660962221
g__Fusobacterium_A	g__Gemmiger	-0.2823	0.0034649660962221
g__Fusobacterium_A	g__Granulicatella	0.1314	0.0086984598757092
g__Fusobacterium_A	g__Hominenteromicrobium	-0.1526	0.0061743383199079
g__Fusobacterium_A	g__Hominicoprocola	-0.2421	0.0034649660962221
g__Fusobacterium_A	g__Hominilimicola	-0.154	0.0034649660962221
g__Fusobacterium_A	g__Hominiventricola	-0.1499	0.0034649660962221
g__Fusobacterium_A	g__Hungatella	0.168	0.0034649660962221
g__Fusobacterium_A	g__Intestinibacter	0.1547	0.0061743383199079
g__Fusobacterium_A	g__Klebsiella	0.1321	0.0086984598757092
g__Fusobacterium_A	g__Lachnoclostridium_B	-0.1176	0.0061743383199079
g__Fusobacterium_A	g__Lachnospira	-0.1452	0.0061743383199079
g__Fusobacterium_A	g__Lacticaseibacillus	0.1424	0.0034649660962221
g__Fusobacterium_A	g__Lactiplantibacillus	0.1426	0.0034649660962221
g__Fusobacterium_A	g__Lactobacillus	0.1276	0.0157269174401563
g__Fusobacterium_A	g__Lactococcus	0.1337	0.0034649660962221
g__Fusobacterium_A	g__Lactonifactor	0.103	0.0157269174401563
g__Fusobacterium_A	g__Lancefieldella	0.1682	0.0061743383199079
g__Fusobacterium_A	g__Lentihominibacter	-0.1437	0.0034649660962221
g__Fusobacterium_A	g__Ligilactobacillus	0.1512	0.0034649660962221
g__Fusobacterium_A	g__Limivivens	-0.2292	0.0034649660962221
g__Fusobacterium_A	g__Limosilactobacillus	0.1307	0.0086984598757092
g__Fusobacterium_A	g__Longicatena	0.179	0.0034649660962221
g__Fusobacterium_A	g__Massilioclostridium	0.1544	0.0034649660962221
g__Fusobacterium_A	g__Merdibacter	0.1241	0.0034649660962221
g__Fusobacterium_A	g__Merdimmobilis	0.1259	0.0086984598757092
g__Fusobacterium_A	g__Merdimonas	0.1132	0.0086984598757092
g__Fusobacterium_A	g__Muricomes	0.1114	0.0134305381727158
g__Fusobacterium_A	g__Murimonas	-0.179	0.0034649660962221
g__Fusobacterium_A	g__Nanosynbacter	0.0864	0.0482884025363059
g__Fusobacterium_A	g__Odoribacter	-0.1357	0.0034649660962221
g__Fusobacterium_A	g__Oliverpabstia	-0.1579	0.0034649660962221
g__Fusobacterium_A	g__Onthenecus	-0.13	0.0061743383199079
g__Fusobacterium_A	g__Pauljensenia	0.1232	0.0034649660962221
g__Fusobacterium_A	g__Pediococcus	0.232	0.0034649660962221
g__Fusobacterium_A	g__Peptostreptococcus	0.177	0.0034649660962221
g__Fusobacterium_A	g__Pseudoflavonifractor_A	0.1754	0.0034649660962221
g__Fusobacterium_A	g__Roseburia	-0.1772	0.0034649660962221
g__Fusobacterium_A	g__Roseburia_D	-0.0911	0.0425744414282731
g__Fusobacterium_A	g__Rothia	0.1459	0.0061743383199079
g__Fusobacterium_A	g__Ruminococcus_B	0.3499	0.0034649660962221
g__Fusobacterium_A	g__Ruminococcus_E	-0.1015	0.0201190531989688
g__Fusobacterium_A	g__Sarcina	0.1099	0.0201190531989688
g__Fusobacterium_A	g__Sellimonas	0.1044	0.0061743383199079
g__Fusobacterium_A	g__Thomasclavelia	0.3125	0.0034649660962221
g__Fusobacterium_A	g__Veillonella	0.1745	0.0061743383199079
g__Fusobacterium_A	g__Vescimonas	-0.1679	0.0034649660962221
g__Gallintestinimicrobium	g__Gemella	-0.1991	0.0034649660962221
g__Gallintestinimicrobium	g__Gemmiger	0.3153	0.0034649660962221
g__Gallintestinimicrobium	g__Granulicatella	-0.1416	0.0110886075949367
g__Gallintestinimicrobium	g__Guopingia	-0.1009	0.0157269174401563
g__Gallintestinimicrobium	g__Hominenteromicrobium	0.1827	0.0034649660962221
g__Gallintestinimicrobium	g__Hominicoprocola	0.2571	0.0034649660962221
g__Gallintestinimicrobium	g__Hominilimicola	0.2857	0.0034649660962221
g__Gallintestinimicrobium	g__Hominiventricola	0.2652	0.0034649660962221
g__Gallintestinimicrobium	g__Hungatella	-0.2063	0.0034649660962221
g__Gallintestinimicrobium	g__Intestinibacter	-0.1187	0.0179491039426523
g__Gallintestinimicrobium	g__Lachnoclostridium_B	0.1007	0.0464449711459192
g__Gallintestinimicrobium	g__Lacticaseibacillus	-0.1471	0.0034649660962221
g__Gallintestinimicrobium	g__Lactiplantibacillus	-0.1414	0.0034649660962221
g__Gallintestinimicrobium	g__Lactobacillus	-0.137	0.0086984598757092
g__Gallintestinimicrobium	g__Lactococcus	-0.174	0.0034649660962221
g__Gallintestinimicrobium	g__Lactonifactor	-0.165	0.0034649660962221
g__Gallintestinimicrobium	g__Lancefieldella	-0.2012	0.0034649660962221
g__Gallintestinimicrobium	g__Lentihominibacter	0.1656	0.0034649660962221
g__Gallintestinimicrobium	g__Leuconostoc	-0.1177	0.0110886075949367
g__Gallintestinimicrobium	g__Ligilactobacillus	-0.1402	0.0061743383199079
g__Gallintestinimicrobium	g__Limivivens	0.2691	0.0034649660962221
g__Gallintestinimicrobium	g__Limosilactobacillus	-0.1517	0.0034649660962221
g__Gallintestinimicrobium	g__Longicatena	-0.1833	0.0034649660962221
g__Gallintestinimicrobium	g__Massilioclostridium	-0.1952	0.0034649660962221
g__Gallintestinimicrobium	g__Mediterraneibacter	0.1523	0.0061743383199079
g__Gallintestinimicrobium	g__Merdibacter	-0.1781	0.0034649660962221
g__Gallintestinimicrobium	g__Merdimmobilis	-0.1172	0.0034649660962221
g__Gallintestinimicrobium	g__Merdimonas	-0.1314	0.0034649660962221
g__Gallintestinimicrobium	g__Merdivicinus	-0.1427	0.0034649660962221
g__Gallintestinimicrobium	g__Muricomes	-0.1623	0.0034649660962221
g__Gallintestinimicrobium	g__Murimonas	0.1844	0.0034649660962221
g__Gallintestinimicrobium	g__Nanosynbacter	-0.1459	0.0086984598757092
g__Gallintestinimicrobium	g__Odoribacter	0.1657	0.0034649660962221
g__Gallintestinimicrobium	g__Onthenecus	0.1757	0.0034649660962221
g__Gallintestinimicrobium	g__Pauljensenia	-0.1622	0.0034649660962221
g__Gallintestinimicrobium	g__Pediococcus	-0.1771	0.0034649660962221
g__Gallintestinimicrobium	g__Peptostreptococcus	-0.14	0.0086984598757092
g__Gallintestinimicrobium	g__Pseudoflavonifractor_A	-0.1545	0.0034649660962221
g__Gallintestinimicrobium	g__Roseburia	0.1657	0.0061743383199079
g__Gallintestinimicrobium	g__Rothia	-0.1163	0.0201190531989688
g__Gallintestinimicrobium	g__Ruminococcus_B	-0.2481	0.0034649660962221
g__Gallintestinimicrobium	g__Ruminococcus_C	0.1085	0.0157269174401563
g__Gallintestinimicrobium	g__Ruminococcus_E	0.1543	0.0034649660962221
g__Gallintestinimicrobium	g__Sarcina	-0.1772	0.0034649660962221
g__Gallintestinimicrobium	g__Streptococcus	-0.1302	0.0034649660962221
g__Gallintestinimicrobium	g__Terrisporobacter	-0.1079	0.0222686188609637
g__Gallintestinimicrobium	g__Thomasclavelia	-0.2311	0.0034649660962221
g__Gallintestinimicrobium	g__Turicibacter	-0.1478	0.0034649660962221
g__Gallintestinimicrobium	g__UBA3402	0.1356	0.0034649660962221
g__Gallintestinimicrobium	g__Veillonella	-0.1342	0.0110886075949367
g__Gallintestinimicrobium	g__Vescimonas	0.1769	0.0034649660962221
g__Gallintestinimicrobium	g__Wujia	0.1175	0.0134305381727158
g__Gemella	g__Gemmiger	-0.2689	0.0034649660962221
g__Gemella	g__Granulicatella	0.4943	0.0034649660962221
g__Gemella	g__Haemophilus_D	0.2409	0.0034649660962221
g__Gemella	g__Hominenteromicrobium	-0.1492	0.0034649660962221
g__Gemella	g__Hominicoprocola	-0.2308	0.0034649660962221
g__Gemella	g__Hominilimicola	-0.2467	0.0034649660962221
g__Gemella	g__Hominiventricola	-0.226	0.0034649660962221
g__Gemella	g__Hungatella	0.1429	0.0034649660962221
g__Gemella	g__Intestinibacter	0.1074	0.0201190531989688
g__Gemella	g__Klebsiella	0.2048	0.0034649660962221
g__Gemella	g__Lachnoclostridium_B	-0.1966	0.0034649660962221
g__Gemella	g__Lachnospira	-0.1788	0.0034649660962221
g__Gemella	g__Lacticaseibacillus	0.3155	0.0034649660962221
g__Gemella	g__Lactiplantibacillus	0.135	0.0061743383199079
g__Gemella	g__Lactobacillus	0.2141	0.0034649660962221
g__Gemella	g__Lactococcus	0.2601	0.0034649660962221
g__Gemella	g__Lancefieldella	0.2476	0.0034649660962221
g__Gemella	g__Latilactobacillus	0.2075	0.0034649660962221
g__Gemella	g__Lawsonibacter	-0.1708	0.0034649660962221
g__Gemella	g__Lentihominibacter	-0.182	0.0034649660962221
g__Gemella	g__Leuconostoc	0.2395	0.0034649660962221
g__Gemella	g__Ligilactobacillus	0.1554	0.0034649660962221
g__Gemella	g__Limivivens	-0.1894	0.0034649660962221
g__Gemella	g__Limosilactobacillus	0.1865	0.0034649660962221
g__Gemella	g__Longicatena	0.1673	0.0034649660962221
g__Gemella	g__Massilioclostridium	0.1529	0.0034649660962221
g__Gemella	g__Mediterraneibacter	-0.2041	0.0034649660962221
g__Gemella	g__Merdibacter	0.1461	0.0034649660962221
g__Gemella	g__Merdimmobilis	0.1643	0.0034649660962221
g__Gemella	g__Merdimonas	0.1222	0.0061743383199079
g__Gemella	g__Merdivicinus	0.1211	0.0061743383199079
g__Gemella	g__Muricomes	0.1029	0.0179491039426523
g__Gemella	g__Murimonas	-0.1994	0.0034649660962221
g__Gemella	g__Nanosynbacter	0.2389	0.0034649660962221
g__Gemella	g__Odoribacter	-0.0893	0.0464449711459192
g__Gemella	g__Oliverpabstia	-0.1304	0.0034649660962221
g__Gemella	g__Onthenecus	-0.1231	0.0086984598757092
g__Gemella	g__Otoolea	-0.1072	0.0201190531989688
g__Gemella	g__Parabacteroides	-0.1995	0.0034649660962221
g__Gemella	g__Pauljensenia	0.2083	0.0034649660962221
g__Gemella	g__Pediococcus	0.1881	0.0034649660962221
g__Gemella	g__Peptostreptococcus	0.2599	0.0034649660962221
g__Gemella	g__Phocaeicola	-0.1346	0.0061743383199079
g__Gemella	g__Pseudobutyricicoccus	0.1139	0.0034649660962221
g__Gemella	g__Pseudoflavonifractor_A	0.1495	0.0034649660962221
g__Gemella	g__Roseburia	-0.221	0.0034649660962221
g__Gemella	g__Roseburia_D	-0.0887	0.0327878655608904
g__Gemella	g__Rothia	0.374	0.0034649660962221
g__Gemella	g__Ruminococcus_B	0.3147	0.0034649660962221
g__Gemella	g__Sarcina	0.2403	0.0034649660962221
g__Gemella	g__Sellimonas	0.096	0.0367736131934033
g__Gemella	g__Streptococcus	0.4133	0.0034649660962221
g__Gemella	g__Terrisporobacter	0.1432	0.0034649660962221
g__Gemella	g__Thomasclavelia	0.2497	0.0034649660962221
g__Gemella	g__Turicibacter	0.1369	0.0086984598757092
g__Gemella	g__Veillonella	0.2729	0.0034649660962221
g__Gemella	g__Vescimonas	-0.1439	0.0034649660962221
g__Gemella	g__Weissella	0.2075	0.0034649660962221
g__Gemmiger	g__Granulicatella	-0.2528	0.0034649660962221
g__Gemmiger	g__Haemophilus_D	-0.1745	0.0034649660962221
g__Gemmiger	g__Holdemanella	0.1557	0.0034649660962221
g__Gemmiger	g__Hominenteromicrobium	0.2473	0.0034649660962221
g__Gemmiger	g__Hominicoprocola	0.3277	0.0034649660962221
g__Gemmiger	g__Hominilimicola	0.3584	0.0034649660962221
g__Gemmiger	g__Hominiventricola	0.32	0.0034649660962221
g__Gemmiger	g__Hungatella	-0.3165	0.0034649660962221
g__Gemmiger	g__Intestinibacter	-0.2342	0.0034649660962221
g__Gemmiger	g__Klebsiella	-0.1441	0.0034649660962221
g__Gemmiger	g__Lachnoclostridium_B	0.2436	0.0034649660962221
g__Gemmiger	g__Lacticaseibacillus	-0.2912	0.0034649660962221
g__Gemmiger	g__Lactiplantibacillus	-0.2407	0.0034649660962221
g__Gemmiger	g__Lactobacillus	-0.2315	0.0034649660962221
g__Gemmiger	g__Lactococcus	-0.2401	0.0034649660962221
g__Gemmiger	g__Lactonifactor	-0.1429	0.0034649660962221
g__Gemmiger	g__Lancefieldella	-0.2656	0.0034649660962221
g__Gemmiger	g__Latilactobacillus	-0.1707	0.0034649660962221
g__Gemmiger	g__Lentihominibacter	0.2203	0.0034649660962221
g__Gemmiger	g__Leuconostoc	-0.2705	0.0034649660962221
g__Gemmiger	g__Ligilactobacillus	-0.2122	0.0034649660962221
g__Gemmiger	g__Limivivens	0.3327	0.0034649660962221
g__Gemmiger	g__Limosilactobacillus	-0.2659	0.0034649660962221
g__Gemmiger	g__Longicatena	-0.2568	0.0034649660962221
g__Gemmiger	g__Massilioclostridium	-0.2239	0.0034649660962221
g__Gemmiger	g__Mediterraneibacter	0.3091	0.0034649660962221
g__Gemmiger	g__Merdibacter	-0.1836	0.0034649660962221
g__Gemmiger	g__Merdimmobilis	-0.1479	0.0034649660962221
g__Gemmiger	g__Merdimonas	-0.2117	0.0034649660962221
g__Gemmiger	g__Merdivicinus	-0.2009	0.0034649660962221
g__Gemmiger	g__Muricomes	-0.1853	0.0034649660962221
g__Gemmiger	g__Murimonas	0.2464	0.0034649660962221
g__Gemmiger	g__Nanosynbacter	-0.2907	0.0034649660962221
g__Gemmiger	g__Odoribacter	0.2593	0.0034649660962221
g__Gemmiger	g__Oliverpabstia	0.2357	0.0034649660962221
g__Gemmiger	g__Onthenecus	0.1752	0.0034649660962221
g__Gemmiger	g__Parabacteroides	0.1664	0.0034649660962221
g__Gemmiger	g__Pauljensenia	-0.1731	0.0034649660962221
g__Gemmiger	g__Pediococcus	-0.3041	0.0034649660962221
g__Gemmiger	g__Peptostreptococcus	-0.2457	0.0034649660962221
g__Gemmiger	g__Phocaeicola	0.1835	0.0034649660962221
g__Gemmiger	g__Prevotella	0.2144	0.0034649660962221
g__Gemmiger	g__Pseudobutyricicoccus	-0.1053	0.0110886075949367
g__Gemmiger	g__Pseudoflavonifractor_A	-0.1697	0.0034649660962221
g__Gemmiger	g__Roseburia	0.2075	0.0034649660962221
g__Gemmiger	g__Rothia	-0.2335	0.0034649660962221
g__Gemmiger	g__Ruminococcus_B	-0.4649	0.0034649660962221
g__Gemmiger	g__Ruminococcus_E	0.1409	0.0086984598757092
g__Gemmiger	g__Ruthenibacterium	-0.1291	0.0157269174401563
g__Gemmiger	g__Sarcina	-0.2283	0.0034649660962221
g__Gemmiger	g__Sellimonas	-0.1785	0.0034649660962221
g__Gemmiger	g__Streptococcus	-0.2369	0.0034649660962221
g__Gemmiger	g__Terrisporobacter	-0.1718	0.0034649660962221
g__Gemmiger	g__Thomasclavelia	-0.4205	0.0034649660962221
g__Gemmiger	g__Turicibacter	-0.1392	0.0061743383199079
g__Gemmiger	g__UBA3402	0.1211	0.0061743383199079
g__Gemmiger	g__Veillonella	-0.3208	0.0034649660962221
g__Gemmiger	g__Vescimonas	0.2459	0.0034649660962221
g__Gemmiger	g__Weissella	-0.1978	0.0034649660962221
g__Gemmiger	g__Wujia	0.1071	0.026579824363882
g__Gordonibacter	g__Guopingia	0.0868	0.0308089664310954
g__Gordonibacter	g__Hominiventricola	-0.0871	0.0367736131934033
g__Gordonibacter	g__Lachnospira	-0.1105	0.0061743383199079
g__Gordonibacter	g__Lactonifactor	0.1151	0.0061743383199079
g__Gordonibacter	g__Massilioclostridium	0.0757	0.0347957198443579
g__Gordonibacter	g__Merdivicinus	0.0866	0.0425744414282731
g__Gordonibacter	g__Muricomes	0.0936	0.0179491039426523
g__Gordonibacter	g__Oliverpabstia	-0.1175	0.0061743383199079
g__Gordonibacter	g__Paraprevotella	-0.084	0.0482884025363059
g__Gordonibacter	g__Pararoseburia	-0.0808	0.0308089664310954
g__Gordonibacter	g__Prevotella	-0.0951	0.0387318471337579
g__Gordonibacter	g__Pseudobutyricicoccus	0.0776	0.0445362108321228
g__Gordonibacter	g__Ruminococcus_E	0.1167	0.0110886075949367
g__Gordonibacter	g__Ruthenibacterium	0.1281	0.0061743383199079
g__Gordonibacter	g__Sellimonas	0.1431	0.0034649660962221
g__Gordonibacter	g__Sutterella	-0.1186	0.0061743383199079
g__Gordonibacter	g__Thomasclavelia	0.1127	0.0134305381727158
g__Granulicatella	g__Haemophilus_D	0.2731	0.0034649660962221
g__Granulicatella	g__Hominenteromicrobium	-0.1368	0.0034649660962221
g__Granulicatella	g__Hominicoprocola	-0.1923	0.0034649660962221
g__Granulicatella	g__Hominilimicola	-0.2146	0.0034649660962221
g__Granulicatella	g__Hominiventricola	-0.2051	0.0034649660962221
g__Granulicatella	g__Hungatella	0.1436	0.0034649660962221
g__Granulicatella	g__Intestinibacter	0.11	0.0134305381727158
g__Granulicatella	g__Klebsiella	0.2063	0.0034649660962221
g__Granulicatella	g__Lachnoclostridium_B	-0.1535	0.0034649660962221
g__Granulicatella	g__Lachnospira	-0.212	0.0034649660962221
g__Granulicatella	g__Lacticaseibacillus	0.3249	0.0034649660962221
g__Granulicatella	g__Lactiplantibacillus	0.2056	0.0034649660962221
g__Granulicatella	g__Lactobacillus	0.2259	0.0034649660962221
g__Granulicatella	g__Lactococcus	0.2405	0.0034649660962221
g__Granulicatella	g__Lactonifactor	0.0863	0.0327878655608904
g__Granulicatella	g__Lancefieldella	0.2636	0.0034649660962221
g__Granulicatella	g__Latilactobacillus	0.1873	0.0034649660962221
g__Granulicatella	g__Lawsonibacter	-0.1809	0.0034649660962221
g__Granulicatella	g__Lentihominibacter	-0.159	0.0034649660962221
g__Granulicatella	g__Leuconostoc	0.2894	0.0034649660962221
g__Granulicatella	g__Ligilactobacillus	0.1411	0.0034649660962221
g__Granulicatella	g__Limivivens	-0.1883	0.0034649660962221
g__Granulicatella	g__Limosilactobacillus	0.2298	0.0034649660962221
g__Granulicatella	g__Longicatena	0.1464	0.0034649660962221
g__Granulicatella	g__Massilioclostridium	0.1742	0.0034649660962221
g__Granulicatella	g__Mediterraneibacter	-0.2378	0.0034649660962221
g__Granulicatella	g__Merdibacter	0.0857	0.0201190531989688
g__Granulicatella	g__Merdimmobilis	0.1486	0.0034649660962221
g__Granulicatella	g__Merdimonas	0.121	0.0061743383199079
g__Granulicatella	g__Murimonas	-0.1781	0.0034649660962221
g__Granulicatella	g__Nanosynbacter	0.2678	0.0034649660962221
g__Granulicatella	g__Oliverpabstia	-0.1771	0.0034649660962221
g__Granulicatella	g__Otoolea	-0.1086	0.0157269174401563
g__Granulicatella	g__Parabacteroides	-0.2208	0.0034649660962221
g__Granulicatella	g__Pauljensenia	0.2545	0.0034649660962221
g__Granulicatella	g__Pediococcus	0.1795	0.0034649660962221
g__Granulicatella	g__Peptostreptococcus	0.3228	0.0034649660962221
g__Granulicatella	g__Phocaeicola	-0.2022	0.0034649660962221
g__Granulicatella	g__Pseudobutyricicoccus	0.0975	0.0157269174401563
g__Granulicatella	g__Pseudoflavonifractor_A	0.1637	0.0034649660962221
g__Granulicatella	g__Roseburia	-0.1926	0.0034649660962221
g__Granulicatella	g__Rothia	0.4282	0.0034649660962221
g__Granulicatella	g__Ruminococcus_B	0.285	0.0034649660962221
g__Granulicatella	g__Sarcina	0.2491	0.0034649660962221
g__Granulicatella	g__Streptococcus	0.4863	0.0034649660962221
g__Granulicatella	g__Terrisporobacter	0.1208	0.0034649660962221
g__Granulicatella	g__Thomasclavelia	0.2479	0.0034649660962221
g__Granulicatella	g__Veillonella	0.3369	0.0034649660962221
g__Granulicatella	g__Vescimonas	-0.1286	0.0034649660962221
g__Granulicatella	g__Weissella	0.1527	0.0034649660962221
g__Guopingia	g__Hominibacterium	0.2528	0.0034649660962221
g__Guopingia	g__Lachnospira	-0.0848	0.0482884025363059
g__Guopingia	g__Lactonifactor	0.0948	0.0179491039426523
g__Guopingia	g__Lentihominibacter	0.0867	0.0482884025363059
g__Guopingia	g__Massilioclostridium	0.0698	0.0464449711459192
g__Guopingia	g__Merdibacter	0.1042	0.0061743383199079
g__Guopingia	g__Merdimonas	0.1146	0.0034649660962221
g__Guopingia	g__Merdivicinus	0.2224	0.0034649660962221
g__Guopingia	g__Muricomes	0.1137	0.0034649660962221
g__Guopingia	g__Negativibacillus	0.1193	0.0086984598757092
g__Guopingia	g__Roseburia	-0.1598	0.0034649660962221
g__Guopingia	g__Roseburia_D	0.1292	0.0034649660962221
g__Guopingia	g__Ruthenibacterium	0.1574	0.0034649660962221
g__Guopingia	g__Schaedlerella	-0.0976	0.0201190531989688
g__Haemophilus_D	g__Hominenteromicrobium	-0.1726	0.0034649660962221
g__Haemophilus_D	g__Hominibacterium	-0.1737	0.0034649660962221
g__Haemophilus_D	g__Hominicoprocola	-0.1379	0.0034649660962221
g__Haemophilus_D	g__Hominilimicola	-0.1974	0.0034649660962221
g__Haemophilus_D	g__Hominiventricola	-0.1174	0.0201190531989688
g__Haemophilus_D	g__Hungatella	0.1423	0.0034649660962221
g__Haemophilus_D	g__Intestinibacter	0.164	0.0034649660962221
g__Haemophilus_D	g__Klebsiella	0.1357	0.0110886075949367
g__Haemophilus_D	g__Lachnoclostridium_B	-0.2105	0.0034649660962221
g__Haemophilus_D	g__Lachnospira	0.1323	0.0134305381727158
g__Haemophilus_D	g__Lacticaseibacillus	0.2237	0.0034649660962221
g__Haemophilus_D	g__Lactiplantibacillus	0.107	0.0179491039426523
g__Haemophilus_D	g__Lactobacillus	0.1842	0.0034649660962221
g__Haemophilus_D	g__Lactococcus	0.1	0.0286861216306527
g__Haemophilus_D	g__Lancefieldella	0.2189	0.0034649660962221
g__Haemophilus_D	g__Latilactobacillus	0.1361	0.0061743383199079
g__Haemophilus_D	g__Lawsonibacter	-0.1831	0.0034649660962221
g__Haemophilus_D	g__Lentihominibacter	-0.2134	0.0034649660962221
g__Haemophilus_D	g__Leuconostoc	0.1979	0.0034649660962221
g__Haemophilus_D	g__Ligilactobacillus	0.1479	0.0034649660962221
g__Haemophilus_D	g__Limivivens	-0.1132	0.0201190531989688
g__Haemophilus_D	g__Limosilactobacillus	0.22	0.0034649660962221
g__Haemophilus_D	g__Mediterraneibacter	-0.18	0.0034649660962221
g__Haemophilus_D	g__Megamonas	0.1352	0.0134305381727158
g__Haemophilus_D	g__Merdimonas	0.0921	0.0445362108321228
g__Haemophilus_D	g__Murimonas	-0.1419	0.0034649660962221
g__Haemophilus_D	g__Nanosynbacter	0.4175	0.0034649660962221
g__Haemophilus_D	g__Negativibacillus	-0.1349	0.0034649660962221
g__Haemophilus_D	g__Parabacteroides	-0.193	0.0034649660962221
g__Haemophilus_D	g__Pauljensenia	0.1462	0.0034649660962221
g__Haemophilus_D	g__Peptostreptococcus	0.1838	0.0034649660962221
g__Haemophilus_D	g__Pseudoflavonifractor_A	0.0852	0.0464449711459192
g__Haemophilus_D	g__Pseudoscilispira	-0.0859	0.0445362108321228
g__Haemophilus_D	g__Rothia	0.3323	0.0034649660962221
g__Haemophilus_D	g__Ruminococcus_B	0.2289	0.0034649660962221
g__Haemophilus_D	g__Ruminococcus_E	-0.1014	0.0327878655608904
g__Haemophilus_D	g__Ruthenibacterium	-0.1567	0.0034649660962221
g__Haemophilus_D	g__Sarcina	0.3008	0.0034649660962221
g__Haemophilus_D	g__Streptococcus	0.4164	0.0034649660962221
g__Haemophilus_D	g__Terrisporobacter	0.1579	0.0034649660962221
g__Haemophilus_D	g__Thomasclavelia	0.1849	0.0034649660962221
g__Haemophilus_D	g__Turicibacter	0.2378	0.0034649660962221
g__Haemophilus_D	g__Veillonella	0.5419	0.0034649660962221
g__Haemophilus_D	g__Vescimonas	-0.1523	0.0034649660962221
g__Holdemanella	g__Holdemania	-0.1041	0.0110886075949367
g__Holdemanella	g__Hominenteromicrobium	0.1546	0.0061743383199079
g__Holdemanella	g__Hominicoprocola	0.1931	0.0034649660962221
g__Holdemanella	g__Hominifimenecus	0.1583	0.0034649660962221
g__Holdemanella	g__Hungatella	-0.1399	0.0086984598757092
g__Holdemanella	g__Intestinibacter	-0.2389	0.0034649660962221
g__Holdemanella	g__JAGTTR01	0.1317	0.0061743383199079
g__Holdemanella	g__Lachnoclostridium_B	0.1382	0.0034649660962221
g__Holdemanella	g__Lachnospira	-0.1115	0.026579824363882
g__Holdemanella	g__Lentihominibacter	0.196	0.0034649660962221
g__Holdemanella	g__Longicatena	-0.1062	0.0134305381727158
g__Holdemanella	g__Megamonas	0.1367	0.0110886075949367
g__Holdemanella	g__Merdivicinus	-0.1001	0.0244274982927384
g__Holdemanella	g__Murimonas	0.2453	0.0034649660962221
g__Holdemanella	g__Oliverpabstia	0.1614	0.0034649660962221
g__Holdemanella	g__Onthenecus	0.1868	0.0034649660962221
g__Holdemanella	g__Paraprevotella	0.1441	0.0061743383199079
g__Holdemanella	g__Prevotella	0.3013	0.0034649660962221
g__Holdemanella	g__Roseburia_D	0.1074	0.0134305381727158
g__Holdemanella	g__Ruminococcus_B	-0.2313	0.0034649660962221
g__Holdemanella	g__Sellimonas	-0.1362	0.0061743383199079
g__Holdemanella	g__Thomasclavelia	-0.1883	0.0034649660962221
g__Holdemanella	g__UBA3402	0.1092	0.0134305381727158
g__Holdemanella	g__Veillonella	-0.0948	0.0464449711459192
g__Holdemanella	g__Wujia	0.1683	0.0034649660962221
g__Holdemania	g__Hominifimenecus	-0.1113	0.0086984598757092
g__Holdemania	g__Lactonifactor	0.1055	0.0061743383199079
g__Holdemania	g__Lawsonibacter	0.1136	0.0034649660962221
g__Holdemania	g__Longicatena	0.0903	0.0425744414282731
g__Holdemania	g__Merdimmobilis	0.1025	0.0134305381727158
g__Holdemania	g__Murimonas	-0.1704	0.0034649660962221
g__Holdemania	g__Oliverpabstia	-0.0928	0.0367736131934033
g__Holdemania	g__Onthenecus	-0.1225	0.0061743383199079
g__Holdemania	g__Pararoseburia	-0.0904	0.0367736131934033
g__Holdemania	g__Pseudoscilispira	0.0926	0.0222686188609637
g__Holdemania	g__Roseburia	-0.1302	0.0086984598757092
g__Holdemania	g__Roseburia_D	-0.0987	0.0222686188609637
g__Holdemania	g__Ruminococcus_B	0.0964	0.0367736131934033
g__Holdemania	g__Ruthenibacterium	0.1126	0.0110886075949367
g__Holdemania	g__Thomasclavelia	0.1171	0.0134305381727158
g__Holdemania	g__UBA3402	-0.0948	0.0244274982927384
g__Holdemania	g__Wujia	-0.0974	0.0201190531989688
g__Hominenteromicrobium	g__Hominicoprocola	0.2832	0.0034649660962221
g__Hominenteromicrobium	g__Hominilimicola	0.1917	0.0034649660962221
g__Hominenteromicrobium	g__Hominiventricola	0.1322	0.0061743383199079
g__Hominenteromicrobium	g__Hungatella	-0.1696	0.0034649660962221
g__Hominenteromicrobium	g__Intestinibacter	-0.1182	0.0201190531989688
g__Hominenteromicrobium	g__JAGTTR01	0.1593	0.0034649660962221
g__Hominenteromicrobium	g__Lachnoclostridium_B	0.1897	0.0034649660962221
g__Hominenteromicrobium	g__Lacticaseibacillus	-0.1186	0.0086984598757092
g__Hominenteromicrobium	g__Lactiplantibacillus	-0.0966	0.0327878655608904
g__Hominenteromicrobium	g__Lactobacillus	-0.1352	0.0034649660962221
g__Hominenteromicrobium	g__Lancefieldella	-0.1266	0.0034649660962221
g__Hominenteromicrobium	g__Latilactobacillus	-0.1041	0.0286861216306527
g__Hominenteromicrobium	g__Lentihominibacter	0.2825	0.0034649660962221
g__Hominenteromicrobium	g__Leuconostoc	-0.1091	0.0222686188609637
g__Hominenteromicrobium	g__Ligilactobacillus	-0.1042	0.0222686188609637
g__Hominenteromicrobium	g__Limivivens	0.1565	0.0034649660962221
g__Hominenteromicrobium	g__Limosilactobacillus	-0.1011	0.0286861216306527
g__Hominenteromicrobium	g__Longicatena	-0.1535	0.0061743383199079
g__Hominenteromicrobium	g__Mediterraneibacter	0.1524	0.0061743383199079
g__Hominenteromicrobium	g__Megamonas	-0.1339	0.0086984598757092
g__Hominenteromicrobium	g__Merdibacter	-0.1177	0.0086984598757092
g__Hominenteromicrobium	g__Merdimonas	-0.1918	0.0034649660962221
g__Hominenteromicrobium	g__Muricomes	-0.0915	0.0244274982927384
g__Hominenteromicrobium	g__Murimonas	0.254	0.0034649660962221
g__Hominenteromicrobium	g__Nanosynbacter	-0.1251	0.0110886075949367
g__Hominenteromicrobium	g__Oliverpabstia	0.1732	0.0034649660962221
g__Hominenteromicrobium	g__Onthenecus	0.2457	0.0034649660962221
g__Hominenteromicrobium	g__Pauljensenia	-0.1014	0.0134305381727158
g__Hominenteromicrobium	g__Pediococcus	-0.1449	0.0034649660962221
g__Hominenteromicrobium	g__Pseudoflavonifractor_A	-0.1455	0.0034649660962221
g__Hominenteromicrobium	g__Rothia	-0.1236	0.0086984598757092
g__Hominenteromicrobium	g__Ruminococcus_B	-0.2327	0.0034649660962221
g__Hominenteromicrobium	g__Schaedlerella	-0.094	0.0425744414282731
g__Hominenteromicrobium	g__Sellimonas	-0.1816	0.0034649660962221
g__Hominenteromicrobium	g__Streptococcus	-0.1555	0.0034649660962221
g__Hominenteromicrobium	g__Thomasclavelia	-0.1619	0.0034649660962221
g__Hominenteromicrobium	g__Turicibacter	-0.1216	0.0110886075949367
g__Hominenteromicrobium	g__Tyzzerella	-0.0967	0.0327878655608904
g__Hominenteromicrobium	g__UBA3402	0.1113	0.0157269174401563
g__Hominenteromicrobium	g__Veillonella	-0.1669	0.0034649660962221
g__Hominenteromicrobium	g__Vescimonas	0.1878	0.0034649660962221
g__Hominibacterium	g__Lachnospira	-0.1436	0.0086984598757092
g__Hominibacterium	g__Lentihominibacter	0.2207	0.0034649660962221
g__Hominibacterium	g__Merdivicinus	0.2051	0.0034649660962221
g__Hominibacterium	g__Nanosynbacter	-0.0982	0.0347957198443579
g__Hominibacterium	g__Phocaeicola	-0.1045	0.0308089664310954
g__Hominibacterium	g__Roseburia_D	0.0894	0.0464449711459192
g__Hominibacterium	g__Ruthenibacterium	0.1602	0.0034649660962221
g__Hominibacterium	g__Sutterella	-0.1113	0.0179491039426523
g__Hominibacterium	g__Terrisporobacter	-0.0959	0.0387318471337579
g__Hominibacterium	g__Veillonella	-0.16	0.0034649660962221
g__Hominicoprocola	g__Hominifimenecus	0.1747	0.0034649660962221
g__Hominicoprocola	g__Hominilimicola	0.1339	0.0061743383199079
g__Hominicoprocola	g__Hominiventricola	0.3471	0.0034649660962221
g__Hominicoprocola	g__Hungatella	-0.2445	0.0034649660962221
g__Hominicoprocola	g__Intestinibacter	-0.2402	0.0034649660962221
g__Hominicoprocola	g__JAGTTR01	0.2108	0.0034649660962221
g__Hominicoprocola	g__Klebsiella	-0.1069	0.0110886075949367
g__Hominicoprocola	g__Lachnoclostridium_B	0.2164	0.0034649660962221
g__Hominicoprocola	g__Lacticaseibacillus	-0.2492	0.0034649660962221
g__Hominicoprocola	g__Lactiplantibacillus	-0.1954	0.0034649660962221
g__Hominicoprocola	g__Lactobacillus	-0.1551	0.0034649660962221
g__Hominicoprocola	g__Lactococcus	-0.1779	0.0034649660962221
g__Hominicoprocola	g__Lactonifactor	-0.1623	0.0034649660962221
g__Hominicoprocola	g__Laedolimicola	0.1458	0.0034649660962221
g__Hominicoprocola	g__Lancefieldella	-0.1934	0.0034649660962221
g__Hominicoprocola	g__Lentihominibacter	0.311	0.0034649660962221
g__Hominicoprocola	g__Leuconostoc	-0.1752	0.0034649660962221
g__Hominicoprocola	g__Ligilactobacillus	-0.1278	0.0110886075949367
g__Hominicoprocola	g__Limivivens	0.3547	0.0034649660962221
g__Hominicoprocola	g__Limosilactobacillus	-0.147	0.0034649660962221
g__Hominicoprocola	g__Longicatena	-0.2664	0.0034649660962221
g__Hominicoprocola	g__Massilioclostridium	-0.2489	0.0034649660962221
g__Hominicoprocola	g__Mediterraneibacter	0.1479	0.0061743383199079
g__Hominicoprocola	g__Merdibacter	-0.1975	0.0034649660962221
g__Hominicoprocola	g__Merdimmobilis	-0.0903	0.0286861216306527
g__Hominicoprocola	g__Merdimonas	-0.1612	0.0034649660962221
g__Hominicoprocola	g__Merdivicinus	-0.1163	0.0086984598757092
g__Hominicoprocola	g__Muricomes	-0.1607	0.0034649660962221
g__Hominicoprocola	g__Murimonas	0.3738	0.0034649660962221
g__Hominicoprocola	g__Nanosynbacter	-0.1701	0.0034649660962221
g__Hominicoprocola	g__Odoribacter	0.1296	0.0134305381727158
g__Hominicoprocola	g__Oliverpabstia	0.2512	0.0034649660962221
g__Hominicoprocola	g__Onthenecus	0.3053	0.0034649660962221
g__Hominicoprocola	g__Paraprevotella	0.1516	0.0034649660962221
g__Hominicoprocola	g__Pauljensenia	-0.12	0.0086984598757092
g__Hominicoprocola	g__Pediococcus	-0.2147	0.0034649660962221
g__Hominicoprocola	g__Peptostreptococcus	-0.1578	0.0034649660962221
g__Hominicoprocola	g__Prevotella	0.1623	0.0034649660962221
g__Hominicoprocola	g__Pseudoflavonifractor_A	-0.2296	0.0034649660962221
g__Hominicoprocola	g__Roseburia	0.1504	0.0034649660962221
g__Hominicoprocola	g__Roseburia_D	0.2092	0.0034649660962221
g__Hominicoprocola	g__Rothia	-0.1711	0.0034649660962221
g__Hominicoprocola	g__Ruminococcus_B	-0.4615	0.0034649660962221
g__Hominicoprocola	g__Ruminococcus_C	0.1021	0.0327878655608904
g__Hominicoprocola	g__Ruminococcus_E	0.098	0.0425744414282731
g__Hominicoprocola	g__Ruthenibacterium	-0.1026	0.0201190531989688
g__Hominicoprocola	g__Sarcina	-0.159	0.0034649660962221
g__Hominicoprocola	g__Schaedlerella	-0.1159	0.0179491039426523
g__Hominicoprocola	g__Sellimonas	-0.2679	0.0034649660962221
g__Hominicoprocola	g__Streptococcus	-0.1924	0.0034649660962221
g__Hominicoprocola	g__Terrisporobacter	-0.1713	0.0034649660962221
g__Hominicoprocola	g__Thomasclavelia	-0.3341	0.0034649660962221
g__Hominicoprocola	g__Turicibacter	-0.1366	0.0034649660962221
g__Hominicoprocola	g__Tyzzerella	-0.1244	0.0061743383199079
g__Hominicoprocola	g__UBA3402	0.1936	0.0034649660962221
g__Hominicoprocola	g__Veillonella	-0.1662	0.0034649660962221
g__Hominicoprocola	g__Vescimonas	0.2635	0.0034649660962221
g__Hominicoprocola	g__Wujia	0.1982	0.0034649660962221
g__Hominifimenecus	g__Hominiventricola	0.1591	0.0034649660962221
g__Hominifimenecus	g__Intestinibacter	-0.1259	0.0086984598757092
g__Hominifimenecus	g__JAGTTR01	0.1945	0.0034649660962221
g__Hominifimenecus	g__Laedolimicola	0.1251	0.0061743383199079
g__Hominifimenecus	g__Lawsonibacter	-0.095	0.0244274982927384
g__Hominifimenecus	g__Merdimonas	-0.0842	0.0367736131934033
g__Hominifimenecus	g__Murimonas	0.1388	0.0034649660962221
g__Hominifimenecus	g__Negativibacillus	-0.0968	0.0179491039426523
g__Hominifimenecus	g__Oliverpabstia	0.1413	0.0034649660962221
g__Hominifimenecus	g__Onthenecus	0.1609	0.0061743383199079
g__Hominifimenecus	g__Paraprevotella	0.1461	0.0034649660962221
g__Hominifimenecus	g__Pararoseburia	0.162	0.0034649660962221
g__Hominifimenecus	g__Phocaeicola	-0.1007	0.0157269174401563
g__Hominifimenecus	g__Prevotella	0.1707	0.0034649660962221
g__Hominifimenecus	g__Roseburia_D	0.1948	0.0034649660962221
g__Hominifimenecus	g__Ruthenibacterium	-0.117	0.0086984598757092
g__Hominifimenecus	g__Sellimonas	-0.1735	0.0034649660962221
g__Hominifimenecus	g__Turicibacter	-0.083	0.0482884025363059
g__Hominifimenecus	g__UBA3402	0.1815	0.0034649660962221
g__Hominifimenecus	g__Wujia	0.2291	0.0034649660962221
g__Hominilimicola	g__Hominiventricola	0.2068	0.0034649660962221
g__Hominilimicola	g__Hungatella	-0.1757	0.0034649660962221
g__Hominilimicola	g__Klebsiella	-0.1696	0.0034649660962221
g__Hominilimicola	g__Lachnoclostridium_B	0.1896	0.0034649660962221
g__Hominilimicola	g__Lachnospira	0.1221	0.0086984598757092
g__Hominilimicola	g__Lacticaseibacillus	-0.2265	0.0034649660962221
g__Hominilimicola	g__Lactiplantibacillus	-0.2072	0.0034649660962221
g__Hominilimicola	g__Lactobacillus	-0.1965	0.0034649660962221
g__Hominilimicola	g__Lactococcus	-0.1503	0.0034649660962221
g__Hominilimicola	g__Lancefieldella	-0.2606	0.0034649660962221
g__Hominilimicola	g__Latilactobacillus	-0.1263	0.0110886075949367
g__Hominilimicola	g__Lawsonibacter	0.1381	0.0034649660962221
g__Hominilimicola	g__Lentihominibacter	0.0993	0.040656282887813
g__Hominilimicola	g__Leuconostoc	-0.202	0.0034649660962221
g__Hominilimicola	g__Ligilactobacillus	-0.1555	0.0034649660962221
g__Hominilimicola	g__Limivivens	0.1995	0.0034649660962221
g__Hominilimicola	g__Limosilactobacillus	-0.251	0.0034649660962221
g__Hominilimicola	g__Longicatena	-0.1099	0.0134305381727158
g__Hominilimicola	g__Massilioclostridium	-0.1089	0.0086984598757092
g__Hominilimicola	g__Mediterraneibacter	0.2377	0.0034649660962221
g__Hominilimicola	g__Merdibacter	-0.1845	0.0034649660962221
g__Hominilimicola	g__Merdimmobilis	-0.1263	0.0034649660962221
g__Hominilimicola	g__Merdimonas	-0.1301	0.0034649660962221
g__Hominilimicola	g__Merdivicinus	-0.1068	0.0110886075949367
g__Hominilimicola	g__Muricomes	-0.1423	0.0034649660962221
g__Hominilimicola	g__Murimonas	0.1392	0.0034649660962221
g__Hominilimicola	g__Nanosynbacter	-0.2792	0.0034649660962221
g__Hominilimicola	g__Odoribacter	0.1459	0.0110886075949367
g__Hominilimicola	g__Paraprevotella	-0.1069	0.0367736131934033
g__Hominilimicola	g__Pauljensenia	-0.1781	0.0034649660962221
g__Hominilimicola	g__Pediococcus	-0.2462	0.0034649660962221
g__Hominilimicola	g__Peptostreptococcus	-0.1996	0.0034649660962221
g__Hominilimicola	g__Pseudobutyricicoccus	-0.1141	0.0061743383199079
g__Hominilimicola	g__Pseudoflavonifractor_A	-0.1638	0.0034649660962221
g__Hominilimicola	g__Roseburia	0.211	0.0034649660962221
g__Hominilimicola	g__Rothia	-0.2091	0.0034649660962221
g__Hominilimicola	g__Ruminococcus_B	-0.2227	0.0034649660962221
g__Hominilimicola	g__Ruminococcus_E	0.154	0.0034649660962221
g__Hominilimicola	g__Sarcina	-0.2036	0.0034649660962221
g__Hominilimicola	g__Streptococcus	-0.1995	0.0034649660962221
g__Hominilimicola	g__Terrisporobacter	-0.1128	0.0134305381727158
g__Hominilimicola	g__Thomasclavelia	-0.1604	0.0034649660962221
g__Hominilimicola	g__Veillonella	-0.2599	0.0034649660962221
g__Hominilimicola	g__Vescimonas	0.236	0.0034649660962221
g__Hominilimicola	g__Weissella	-0.1122	0.0308089664310954
g__Hominimerdicola	g__JAGTTR01	-0.1013	0.0179491039426523
g__Hominimerdicola	g__Lachnospira	0.1333	0.0061743383199079
g__Hominimerdicola	g__Lactococcus	-0.1042	0.0222686188609637
g__Hominimerdicola	g__Negativibacillus	0.1133	0.026579824363882
g__Hominimerdicola	g__Phocaeicola	-0.1101	0.0347957198443579
g__Hominimerdicola	g__Prevotella	-0.1032	0.0387318471337579
g__Hominimerdicola	g__Roseburia	0.1277	0.0157269174401563
g__Hominimerdicola	g__Ruminococcus_C	0.1584	0.0034649660962221
g__Hominimerdicola	g__Schaedlerella	-0.1117	0.0110886075949367
g__Hominiventricola	g__Hungatella	-0.2288	0.0034649660962221
g__Hominiventricola	g__Intestinibacter	-0.2466	0.0034649660962221
g__Hominiventricola	g__JAGTTR01	0.0928	0.0387318471337579
g__Hominiventricola	g__Lachnoclostridium_B	0.1986	0.0034649660962221
g__Hominiventricola	g__Lachnospira	0.1125	0.026579824363882
g__Hominiventricola	g__Lacticaseibacillus	-0.2303	0.0034649660962221
g__Hominiventricola	g__Lactiplantibacillus	-0.1707	0.0034649660962221
g__Hominiventricola	g__Lactobacillus	-0.166	0.0034649660962221
g__Hominiventricola	g__Lactococcus	-0.17	0.0034649660962221
g__Hominiventricola	g__Lactonifactor	-0.1661	0.0034649660962221
g__Hominiventricola	g__Laedolimicola	0.1279	0.0061743383199079
g__Hominiventricola	g__Lancefieldella	-0.1854	0.0034649660962221
g__Hominiventricola	g__Latilactobacillus	-0.1105	0.0244274982927384
g__Hominiventricola	g__Lawsonibacter	0.1384	0.0061743383199079
g__Hominiventricola	g__Lentihominibacter	0.172	0.0034649660962221
g__Hominiventricola	g__Leuconostoc	-0.1325	0.0061743383199079
g__Hominiventricola	g__Ligilactobacillus	-0.1203	0.0086984598757092
g__Hominiventricola	g__Limivivens	0.2076	0.0034649660962221
g__Hominiventricola	g__Limosilactobacillus	-0.1548	0.0061743383199079
g__Hominiventricola	g__Longicatena	-0.2452	0.0034649660962221
g__Hominiventricola	g__Massilioclostridium	-0.1733	0.0034649660962221
g__Hominiventricola	g__Mediterraneibacter	0.1755	0.0034649660962221
g__Hominiventricola	g__Merdibacter	-0.1676	0.0034649660962221
g__Hominiventricola	g__Merdimonas	-0.2025	0.0034649660962221
g__Hominiventricola	g__Merdivicinus	-0.1824	0.0034649660962221
g__Hominiventricola	g__Muricomes	-0.1683	0.0034649660962221
g__Hominiventricola	g__Murimonas	0.1889	0.0034649660962221
g__Hominiventricola	g__Nanosynbacter	-0.1834	0.0034649660962221
g__Hominiventricola	g__Oliverpabstia	0.176	0.0034649660962221
g__Hominiventricola	g__Onthenecus	0.1311	0.0034649660962221
g__Hominiventricola	g__Otoolea	0.1023	0.0308089664310954
g__Hominiventricola	g__Parabacteroides	0.1529	0.0061743383199079
g__Hominiventricola	g__Pauljensenia	-0.1324	0.0034649660962221
g__Hominiventricola	g__Pediococcus	-0.1827	0.0034649660962221
g__Hominiventricola	g__Peptostreptococcus	-0.1745	0.0034649660962221
g__Hominiventricola	g__Phascolarctobacterium	0.1051	0.040656282887813
g__Hominiventricola	g__Phocaeicola	0.125	0.0061743383199079
g__Hominiventricola	g__Prevotella	0.1626	0.0034649660962221
g__Hominiventricola	g__Pseudoflavonifractor_A	-0.1495	0.0034649660962221
g__Hominiventricola	g__Roseburia	0.1621	0.0034649660962221
g__Hominiventricola	g__Roseburia_D	0.1189	0.0179491039426523
g__Hominiventricola	g__Rothia	-0.1637	0.0034649660962221
g__Hominiventricola	g__Ruminococcus_B	-0.3141	0.0034649660962221
g__Hominiventricola	g__Ruthenibacterium	-0.1777	0.0034649660962221
g__Hominiventricola	g__Sarcina	-0.2143	0.0034649660962221
g__Hominiventricola	g__Sellimonas	-0.2114	0.0034649660962221
g__Hominiventricola	g__Streptococcus	-0.2268	0.0034649660962221
g__Hominiventricola	g__Sutterella	0.1243	0.0086984598757092
g__Hominiventricola	g__Terrisporobacter	-0.1908	0.0034649660962221
g__Hominiventricola	g__Thomasclavelia	-0.296	0.0034649660962221
g__Hominiventricola	g__Turicibacter	-0.1152	0.0134305381727158
g__Hominiventricola	g__UBA3402	0.2112	0.0034649660962221
g__Hominiventricola	g__Veillonella	-0.149	0.0034649660962221
g__Hominiventricola	g__Vescimonas	0.2022	0.0034649660962221
g__Hominiventricola	g__Wujia	0.2379	0.0034649660962221
g__Hungatella	g__Intestinibacter	0.2333	0.0034649660962221
g__Hungatella	g__JAGTTR01	-0.0961	0.0134305381727158
g__Hungatella	g__Klebsiella	0.1108	0.0201190531989688
g__Hungatella	g__Lachnoclostridium_B	-0.1751	0.0034649660962221
g__Hungatella	g__Lacticaseibacillus	0.1575	0.0034649660962221
g__Hungatella	g__Lactiplantibacillus	0.1146	0.0061743383199079
g__Hungatella	g__Lactobacillus	0.1232	0.0061743383199079
g__Hungatella	g__Lactonifactor	0.2276	0.0034649660962221
g__Hungatella	g__Lancefieldella	0.1974	0.0034649660962221
g__Hungatella	g__Lentihominibacter	-0.145	0.0034649660962221
g__Hungatella	g__Leuconostoc	0.1235	0.0086984598757092
g__Hungatella	g__Ligilactobacillus	0.14	0.0034649660962221
g__Hungatella	g__Limivivens	-0.2649	0.0034649660962221
g__Hungatella	g__Limosilactobacillus	0.1377	0.0034649660962221
g__Hungatella	g__Longicatena	0.145	0.0034649660962221
g__Hungatella	g__Massilioclostridium	0.1464	0.0034649660962221
g__Hungatella	g__Mediterraneibacter	-0.1715	0.0034649660962221
g__Hungatella	g__Merdibacter	0.2189	0.0034649660962221
g__Hungatella	g__Merdimmobilis	0.1212	0.0034649660962221
g__Hungatella	g__Merdimonas	0.2332	0.0034649660962221
g__Hungatella	g__Merdivicinus	0.1694	0.0034649660962221
g__Hungatella	g__Muricomes	0.2305	0.0034649660962221
g__Hungatella	g__Murimonas	-0.1479	0.0034649660962221
g__Hungatella	g__Nanosynbacter	0.1827	0.0034649660962221
g__Hungatella	g__Odoribacter	-0.183	0.0034649660962221
g__Hungatella	g__Oliverpabstia	-0.256	0.0034649660962221
g__Hungatella	g__Onthenecus	-0.1885	0.0034649660962221
g__Hungatella	g__Otoolea	0.1543	0.0034649660962221
g__Hungatella	g__Pediococcus	0.1819	0.0034649660962221
g__Hungatella	g__Peptostreptococcus	0.1915	0.0034649660962221
g__Hungatella	g__Phocaeicola	-0.1455	0.0034649660962221
g__Hungatella	g__Prevotella	-0.1384	0.0034649660962221
g__Hungatella	g__Pseudobutyricicoccus	0.105	0.0086984598757092
g__Hungatella	g__Pseudoflavonifractor_A	0.1297	0.0034649660962221
g__Hungatella	g__Roseburia	-0.2299	0.0034649660962221
g__Hungatella	g__Rothia	0.1572	0.0034649660962221
g__Hungatella	g__Ruminococcus_B	0.4137	0.0034649660962221
g__Hungatella	g__Ruminococcus_E	-0.1283	0.0034649660962221
g__Hungatella	g__Ruthenibacterium	0.2692	0.0034649660962221
g__Hungatella	g__Sarcina	0.1333	0.0061743383199079
g__Hungatella	g__Sellimonas	0.1922	0.0034649660962221
g__Hungatella	g__Streptococcus	0.129	0.0086984598757092
g__Hungatella	g__Thomasclavelia	0.4281	0.0034649660962221
g__Hungatella	g__Turicibacter	0.0997	0.0387318471337579
g__Hungatella	g__Veillonella	0.2568	0.0034649660962221
g__Hungatella	g__Vescimonas	-0.1169	0.0110886075949367
g__Hungatella	g__Wujia	-0.1262	0.0034649660962221
g__Intestinibacter	g__Klebsiella	0.1251	0.0179491039426523
g__Intestinibacter	g__Lachnoclostridium_B	-0.2088	0.0034649660962221
g__Intestinibacter	g__Lacticaseibacillus	0.1944	0.0034649660962221
g__Intestinibacter	g__Lactiplantibacillus	0.1025	0.0387318471337579
g__Intestinibacter	g__Lactonifactor	0.1489	0.0034649660962221
g__Intestinibacter	g__Lancefieldella	0.1228	0.0086984598757092
g__Intestinibacter	g__Lentihominibacter	-0.1392	0.0034649660962221
g__Intestinibacter	g__Limivivens	-0.2257	0.0034649660962221
g__Intestinibacter	g__Limosilactobacillus	0.11	0.0157269174401563
g__Intestinibacter	g__Longicatena	0.1297	0.0086984598757092
g__Intestinibacter	g__Massilioclostridium	0.0851	0.026579824363882
g__Intestinibacter	g__Mediterraneibacter	-0.1701	0.0061743383199079
g__Intestinibacter	g__Megamonas	-0.1119	0.0157269174401563
g__Intestinibacter	g__Merdimonas	0.1246	0.0110886075949367
g__Intestinibacter	g__Merdivicinus	0.0922	0.040656282887813
g__Intestinibacter	g__Muricomes	0.1238	0.0061743383199079
g__Intestinibacter	g__Murimonas	-0.2212	0.0034649660962221
g__Intestinibacter	g__Nanosynbacter	0.2406	0.0034649660962221
g__Intestinibacter	g__Odoribacter	-0.1561	0.0034649660962221
g__Intestinibacter	g__Oliverpabstia	-0.1809	0.0034649660962221
g__Intestinibacter	g__Onthenecus	-0.1588	0.0034649660962221
g__Intestinibacter	g__Parabacteroides	-0.1548	0.0086984598757092
g__Intestinibacter	g__Peptostreptococcus	0.1623	0.0034649660962221
g__Intestinibacter	g__Phocaeicola	-0.1003	0.0425744414282731
g__Intestinibacter	g__Prevotella	-0.1758	0.0034649660962221
g__Intestinibacter	g__Pseudoflavonifractor_A	0.0949	0.0327878655608904
g__Intestinibacter	g__Ruminococcus_B	0.3349	0.0034649660962221
g__Intestinibacter	g__Ruthenibacterium	0.1285	0.0110886075949367
g__Intestinibacter	g__Sarcina	0.3006	0.0034649660962221
g__Intestinibacter	g__Sellimonas	0.1685	0.0034649660962221
g__Intestinibacter	g__Streptococcus	0.1541	0.0061743383199079
g__Intestinibacter	g__Terrisporobacter	0.302	0.0034649660962221
g__Intestinibacter	g__Thomasclavelia	0.3901	0.0034649660962221
g__Intestinibacter	g__Turicibacter	0.3222	0.0034649660962221
g__Intestinibacter	g__UBA3402	-0.1101	0.0157269174401563
g__Intestinibacter	g__Veillonella	0.3031	0.0034649660962221
g__Intestinibacter	g__Vescimonas	-0.1036	0.0367736131934033
g__JAGTTR01	g__Lachnoclostridium_B	0.1421	0.0034649660962221
g__JAGTTR01	g__Laedolimicola	0.1239	0.0034649660962221
g__JAGTTR01	g__Lentihominibacter	0.16	0.0034649660962221
g__JAGTTR01	g__Limivivens	0.0869	0.0464449711459192
g__JAGTTR01	g__Merdimonas	-0.0878	0.0201190531989688
g__JAGTTR01	g__Murimonas	0.1656	0.0034649660962221
g__JAGTTR01	g__Oliverpabstia	0.099	0.0222686188609637
g__JAGTTR01	g__Onthenecus	0.2138	0.0034649660962221
g__JAGTTR01	g__Paraprevotella	0.116	0.0134305381727158
g__JAGTTR01	g__Pararoseburia	0.0924	0.0134305381727158
g__JAGTTR01	g__Prevotella	0.1061	0.0110886075949367
g__JAGTTR01	g__Roseburia_D	0.1585	0.0034649660962221
g__JAGTTR01	g__Sellimonas	-0.1554	0.0034649660962221
g__JAGTTR01	g__UBA3402	0.1227	0.0086984598757092
g__JAGTTR01	g__Wujia	0.1174	0.0086984598757092
g__Klebsiella	g__Lachnospira	-0.1286	0.0061743383199079
g__Klebsiella	g__Lacticaseibacillus	0.181	0.0034649660962221
g__Klebsiella	g__Lactiplantibacillus	0.142	0.0061743383199079
g__Klebsiella	g__Lactobacillus	0.0979	0.0367736131934033
g__Klebsiella	g__Lactococcus	0.2181	0.0034649660962221
g__Klebsiella	g__Lancefieldella	0.1751	0.0034649660962221
g__Klebsiella	g__Latilactobacillus	0.0957	0.0425744414282731
g__Klebsiella	g__Lawsonibacter	-0.1152	0.0222686188609637
g__Klebsiella	g__Leuconostoc	0.2265	0.0034649660962221
g__Klebsiella	g__Ligilactobacillus	0.095	0.0327878655608904
g__Klebsiella	g__Limivivens	-0.1402	0.0061743383199079
g__Klebsiella	g__Limosilactobacillus	0.1882	0.0034649660962221
g__Klebsiella	g__Massilioclostridium	0.1223	0.0034649660962221
g__Klebsiella	g__Mediterraneibacter	-0.1575	0.0034649660962221
g__Klebsiella	g__Merdimmobilis	0.1125	0.0110886075949367
g__Klebsiella	g__Merdimonas	0.0888	0.0347957198443579
g__Klebsiella	g__Muricomes	0.1069	0.0110886075949367
g__Klebsiella	g__Murimonas	-0.1208	0.0061743383199079
g__Klebsiella	g__Nanosynbacter	0.276	0.0034649660962221
g__Klebsiella	g__Odoribacter	-0.1013	0.040656282887813
g__Klebsiella	g__Oliverpabstia	-0.1089	0.040656282887813
g__Klebsiella	g__Onthenecus	-0.1202	0.0134305381727158
g__Klebsiella	g__Pauljensenia	0.1749	0.0034649660962221
g__Klebsiella	g__Pediococcus	0.1369	0.0110886075949367
g__Klebsiella	g__Peptostreptococcus	0.1332	0.0061743383199079
g__Klebsiella	g__Phocaeicola	-0.1202	0.0201190531989688
g__Klebsiella	g__Pseudoflavonifractor_A	0.1284	0.0034649660962221
g__Klebsiella	g__Roseburia	-0.1282	0.0134305381727158
g__Klebsiella	g__Rothia	0.1401	0.0034649660962221
g__Klebsiella	g__Ruminococcus_B	0.2097	0.0034649660962221
g__Klebsiella	g__Sarcina	0.2257	0.0034649660962221
g__Klebsiella	g__Streptococcus	0.1974	0.0034649660962221
g__Klebsiella	g__Thomasclavelia	0.1958	0.0034649660962221
g__Klebsiella	g__Veillonella	0.326	0.0034649660962221
g__Klebsiella	g__Vescimonas	-0.1511	0.0034649660962221
g__Klebsiella	g__Weissella	0.1667	0.0034649660962221
g__Lachnoclostridium_B	g__Lacticaseibacillus	-0.1465	0.0034649660962221
g__Lachnoclostridium_B	g__Lactiplantibacillus	-0.1183	0.0110886075949367
g__Lachnoclostridium_B	g__Lactobacillus	-0.1072	0.0222686188609637
g__Lachnoclostridium_B	g__Lactococcus	-0.1009	0.0308089664310954
g__Lachnoclostridium_B	g__Lactonifactor	-0.1452	0.0034649660962221
g__Lachnoclostridium_B	g__Lancefieldella	-0.1454	0.0034649660962221
g__Lachnoclostridium_B	g__Lentihominibacter	0.1547	0.0034649660962221
g__Lachnoclostridium_B	g__Leuconostoc	-0.158	0.0034649660962221
g__Lachnoclostridium_B	g__Ligilactobacillus	-0.1567	0.0034649660962221
g__Lachnoclostridium_B	g__Limivivens	0.2481	0.0034649660962221
g__Lachnoclostridium_B	g__Limosilactobacillus	-0.1105	0.0157269174401563
g__Lachnoclostridium_B	g__Longicatena	-0.1378	0.0034649660962221
g__Lachnoclostridium_B	g__Mediterraneibacter	0.1327	0.0061743383199079
g__Lachnoclostridium_B	g__Merdivicinus	-0.1277	0.0034649660962221
g__Lachnoclostridium_B	g__Murimonas	0.1846	0.0034649660962221
g__Lachnoclostridium_B	g__Nanosynbacter	-0.1769	0.0034649660962221
g__Lachnoclostridium_B	g__Oliverpabstia	0.2306	0.0034649660962221
g__Lachnoclostridium_B	g__Onthenecus	0.1791	0.0034649660962221
g__Lachnoclostridium_B	g__Parabacteroides	0.1217	0.0157269174401563
g__Lachnoclostridium_B	g__Peptostreptococcus	-0.1455	0.0061743383199079
g__Lachnoclostridium_B	g__Prevotella	0.1411	0.0061743383199079
g__Lachnoclostridium_B	g__Pseudoflavonifractor_A	-0.1397	0.0034649660962221
g__Lachnoclostridium_B	g__Roseburia	0.1222	0.0134305381727158
g__Lachnoclostridium_B	g__Rothia	-0.1461	0.0034649660962221
g__Lachnoclostridium_B	g__Ruminococcus_B	-0.2618	0.0034649660962221
g__Lachnoclostridium_B	g__Ruminococcus_E	0.0966	0.040656282887813
g__Lachnoclostridium_B	g__Sarcina	-0.1557	0.0034649660962221
g__Lachnoclostridium_B	g__Sellimonas	-0.1414	0.0034649660962221
g__Lachnoclostridium_B	g__Streptococcus	-0.1671	0.0034649660962221
g__Lachnoclostridium_B	g__Thomasclavelia	-0.232	0.0034649660962221
g__Lachnoclostridium_B	g__Turicibacter	-0.1273	0.0110886075949367
g__Lachnoclostridium_B	g__Tyzzerella	-0.0935	0.0482884025363059
g__Lachnoclostridium_B	g__UBA3402	0.1443	0.0061743383199079
g__Lachnoclostridium_B	g__Veillonella	-0.2093	0.0034649660962221
g__Lachnospira	g__Lacticaseibacillus	-0.1609	0.0061743383199079
g__Lachnospira	g__Lactiplantibacillus	-0.1916	0.0034649660962221
g__Lachnospira	g__Lactobacillus	-0.1432	0.0034649660962221
g__Lachnospira	g__Lactococcus	-0.1165	0.0134305381727158
g__Lachnospira	g__Lactonifactor	-0.1223	0.0061743383199079
g__Lachnospira	g__Lancefieldella	-0.1446	0.0034649660962221
g__Lachnospira	g__Limosilactobacillus	-0.1093	0.0201190531989688
g__Lachnospira	g__Massilioclostridium	-0.1817	0.0034649660962221
g__Lachnospira	g__Merdibacter	-0.1079	0.0110886075949367
g__Lachnospira	g__Merdimonas	-0.1014	0.0157269174401563
g__Lachnospira	g__Muricomes	-0.1273	0.0034649660962221
g__Lachnospira	g__Pauljensenia	-0.1893	0.0034649660962221
g__Lachnospira	g__Pediococcus	-0.1043	0.0222686188609637
g__Lachnospira	g__Peptostreptococcus	-0.1672	0.0034649660962221
g__Lachnospira	g__Phocaeicola	0.1519	0.0034649660962221
g__Lachnospira	g__Roseburia	0.3379	0.0034649660962221
g__Lachnospira	g__Rothia	-0.1521	0.0034649660962221
g__Lachnospira	g__Ruminococcus_B	-0.1177	0.0222686188609637
g__Lachnospira	g__Streptococcus	-0.1321	0.0134305381727158
g__Lachnospira	g__Sutterella	0.1283	0.0157269174401563
g__Lachnospira	g__Thomasclavelia	-0.1234	0.0086984598757092
g__Lachnospira	g__Tyzzerella	-0.102	0.0445362108321228
g__Lacticaseibacillus	g__Lactiplantibacillus	0.3747	0.0034649660962221
g__Lacticaseibacillus	g__Lactobacillus	0.3793	0.0034649660962221
g__Lacticaseibacillus	g__Lactococcus	0.2249	0.0034649660962221
g__Lacticaseibacillus	g__Lactonifactor	0.1562	0.0034649660962221
g__Lacticaseibacillus	g__Lancefieldella	0.2632	0.0034649660962221
g__Lacticaseibacillus	g__Latilactobacillus	0.1124	0.0179491039426523
g__Lacticaseibacillus	g__Lawsonibacter	-0.1765	0.0034649660962221
g__Lacticaseibacillus	g__Lentihominibacter	-0.1431	0.0034649660962221
g__Lacticaseibacillus	g__Leuconostoc	0.2538	0.0034649660962221
g__Lacticaseibacillus	g__Ligilactobacillus	0.2917	0.0034649660962221
g__Lacticaseibacillus	g__Limivivens	-0.2015	0.0034649660962221
g__Lacticaseibacillus	g__Limosilactobacillus	0.4435	0.0034649660962221
g__Lacticaseibacillus	g__Longicatena	0.1728	0.0034649660962221
g__Lacticaseibacillus	g__Massilioclostridium	0.2129	0.0034649660962221
g__Lacticaseibacillus	g__Mediterraneibacter	-0.3056	0.0034649660962221
g__Lacticaseibacillus	g__Merdibacter	0.1841	0.0034649660962221
g__Lacticaseibacillus	g__Merdimmobilis	0.1424	0.0061743383199079
g__Lacticaseibacillus	g__Merdimonas	0.1333	0.0061743383199079
g__Lacticaseibacillus	g__Muricomes	0.0874	0.040656282887813
g__Lacticaseibacillus	g__Murimonas	-0.1677	0.0061743383199079
g__Lacticaseibacillus	g__Nanosynbacter	0.3429	0.0034649660962221
g__Lacticaseibacillus	g__Odoribacter	-0.135	0.0086984598757092
g__Lacticaseibacillus	g__Oliverpabstia	-0.1818	0.0034649660962221
g__Lacticaseibacillus	g__Otoolea	-0.1807	0.0034649660962221
g__Lacticaseibacillus	g__Parabacteroides	-0.2373	0.0034649660962221
g__Lacticaseibacillus	g__Pauljensenia	0.2935	0.0034649660962221
g__Lacticaseibacillus	g__Pediococcus	0.3858	0.0034649660962221
g__Lacticaseibacillus	g__Peptostreptococcus	0.1715	0.0034649660962221
g__Lacticaseibacillus	g__Phocaeicola	-0.316	0.0034649660962221
g__Lacticaseibacillus	g__Pseudobutyricicoccus	0.1416	0.0034649660962221
g__Lacticaseibacillus	g__Pseudoflavonifractor_A	0.1707	0.0034649660962221
g__Lacticaseibacillus	g__Roseburia	-0.2847	0.0034649660962221
g__Lacticaseibacillus	g__Rothia	0.3106	0.0034649660962221
g__Lacticaseibacillus	g__Ruminococcus_B	0.2771	0.0034649660962221
g__Lacticaseibacillus	g__Sarcina	0.2679	0.0034649660962221
g__Lacticaseibacillus	g__Schaedlerella	-0.1029	0.026579824363882
g__Lacticaseibacillus	g__Streptococcus	0.3568	0.0034649660962221
g__Lacticaseibacillus	g__Terrisporobacter	0.1474	0.0034649660962221
g__Lacticaseibacillus	g__Thomasclavelia	0.2417	0.0034649660962221
g__Lacticaseibacillus	g__Turicibacter	0.1305	0.0134305381727158
g__Lacticaseibacillus	g__Veillonella	0.3296	0.0034649660962221
g__Lacticaseibacillus	g__Vescimonas	-0.1418	0.0086984598757092
g__Lacticaseibacillus	g__Weissella	0.1575	0.0061743383199079
g__Lactiplantibacillus	g__Lactobacillus	0.2828	0.0034649660962221
g__Lactiplantibacillus	g__Lactococcus	0.2223	0.0034649660962221
g__Lactiplantibacillus	g__Lactonifactor	0.1389	0.0034649660962221
g__Lactiplantibacillus	g__Lancefieldella	0.2191	0.0034649660962221
g__Lactiplantibacillus	g__Latilactobacillus	0.1055	0.0201190531989688
g__Lactiplantibacillus	g__Lawsonibacter	-0.1252	0.0061743383199079
g__Lactiplantibacillus	g__Lentihominibacter	-0.1104	0.0061743383199079
g__Lactiplantibacillus	g__Leuconostoc	0.1269	0.0061743383199079
g__Lactiplantibacillus	g__Ligilactobacillus	0.2134	0.0034649660962221
g__Lactiplantibacillus	g__Limivivens	-0.1387	0.0061743383199079
g__Lactiplantibacillus	g__Limosilactobacillus	0.2944	0.0034649660962221
g__Lactiplantibacillus	g__Longicatena	0.1119	0.0201190531989688
g__Lactiplantibacillus	g__Massilioclostridium	0.1781	0.0034649660962221
g__Lactiplantibacillus	g__Mediterraneibacter	-0.2094	0.0034649660962221
g__Lactiplantibacillus	g__Merdibacter	0.1519	0.0034649660962221
g__Lactiplantibacillus	g__Muricomes	0.1072	0.0157269174401563
g__Lactiplantibacillus	g__Murimonas	-0.1403	0.0034649660962221
g__Lactiplantibacillus	g__Nanosynbacter	0.2004	0.0034649660962221
g__Lactiplantibacillus	g__Odoribacter	-0.0938	0.0482884025363059
g__Lactiplantibacillus	g__Oliverpabstia	-0.1181	0.0086984598757092
g__Lactiplantibacillus	g__Onthenecus	-0.1051	0.0157269174401563
g__Lactiplantibacillus	g__Otoolea	-0.1139	0.0179491039426523
g__Lactiplantibacillus	g__Parasutterella	0.0936	0.0327878655608904
g__Lactiplantibacillus	g__Pauljensenia	0.2256	0.0034649660962221
g__Lactiplantibacillus	g__Pediococcus	0.3046	0.0034649660962221
g__Lactiplantibacillus	g__Peptostreptococcus	0.1056	0.0110886075949367
g__Lactiplantibacillus	g__Phocaeicola	-0.1717	0.0034649660962221
g__Lactiplantibacillus	g__Pseudobutyricicoccus	0.1048	0.0086984598757092
g__Lactiplantibacillus	g__Pseudoflavonifractor_A	0.1437	0.0034649660962221
g__Lactiplantibacillus	g__Roseburia	-0.2308	0.0034649660962221
g__Lactiplantibacillus	g__Rothia	0.206	0.0034649660962221
g__Lactiplantibacillus	g__Ruminococcus_B	0.2111	0.0034649660962221
g__Lactiplantibacillus	g__Sarcina	0.1403	0.0034649660962221
g__Lactiplantibacillus	g__Streptococcus	0.1762	0.0061743383199079
g__Lactiplantibacillus	g__Thomasclavelia	0.2056	0.0034649660962221
g__Lactiplantibacillus	g__Veillonella	0.2516	0.0034649660962221
g__Lactiplantibacillus	g__Vescimonas	-0.1178	0.0086984598757092
g__Lactobacillus	g__Lactococcus	0.1419	0.0061743383199079
g__Lactobacillus	g__Lactonifactor	0.1381	0.0034649660962221
g__Lactobacillus	g__Lancefieldella	0.2474	0.0034649660962221
g__Lactobacillus	g__Latilactobacillus	0.118	0.0201190531989688
g__Lactobacillus	g__Lawsonibacter	-0.1274	0.0061743383199079
g__Lactobacillus	g__Lentihominibacter	-0.1227	0.0086984598757092
g__Lactobacillus	g__Leuconostoc	0.109	0.0110886075949367
g__Lactobacillus	g__Ligilactobacillus	0.3098	0.0034649660962221
g__Lactobacillus	g__Limivivens	-0.0962	0.0286861216306527
g__Lactobacillus	g__Limosilactobacillus	0.4357	0.0034649660962221
g__Lactobacillus	g__Longicatena	0.1346	0.0061743383199079
g__Lactobacillus	g__Massilioclostridium	0.1547	0.0034649660962221
g__Lactobacillus	g__Mediterraneibacter	-0.2776	0.0034649660962221
g__Lactobacillus	g__Merdibacter	0.1428	0.0034649660962221
g__Lactobacillus	g__Merdimmobilis	0.1038	0.0201190531989688
g__Lactobacillus	g__Merdimonas	0.1025	0.0134305381727158
g__Lactobacillus	g__Muricomes	0.0927	0.026579824363882
g__Lactobacillus	g__Murimonas	-0.1427	0.0034649660962221
g__Lactobacillus	g__Nanosynbacter	0.2964	0.0034649660962221
g__Lactobacillus	g__Odoribacter	-0.1062	0.0179491039426523
g__Lactobacillus	g__Oliverpabstia	-0.0956	0.0327878655608904
g__Lactobacillus	g__Parabacteroides	-0.1051	0.0244274982927384
g__Lactobacillus	g__Pauljensenia	0.2183	0.0034649660962221
g__Lactobacillus	g__Pediococcus	0.2389	0.0034649660962221
g__Lactobacillus	g__Peptostreptococcus	0.1712	0.0034649660962221
g__Lactobacillus	g__Phocaeicola	-0.198	0.0034649660962221
g__Lactobacillus	g__Pseudoflavonifractor_A	0.0909	0.0327878655608904
g__Lactobacillus	g__Roseburia	-0.2135	0.0034649660962221
g__Lactobacillus	g__Rothia	0.1603	0.0034649660962221
g__Lactobacillus	g__Ruminiclostridium_E	0.1067	0.0222686188609637
g__Lactobacillus	g__Ruminococcus_B	0.2393	0.0034649660962221
g__Lactobacillus	g__Sarcina	0.206	0.0034649660962221
g__Lactobacillus	g__Streptococcus	0.2802	0.0034649660962221
g__Lactobacillus	g__Thomasclavelia	0.1583	0.0034649660962221
g__Lactobacillus	g__Veillonella	0.2381	0.0034649660962221
g__Lactobacillus	g__Vescimonas	-0.1128	0.0110886075949367
g__Lactococcus	g__Lancefieldella	0.1559	0.0034649660962221
g__Lactococcus	g__Latilactobacillus	0.2166	0.0034649660962221
g__Lactococcus	g__Lawsonibacter	-0.1154	0.0157269174401563
g__Lactococcus	g__Lentihominibacter	-0.0886	0.0445362108321228
g__Lactococcus	g__Leuconostoc	0.2321	0.0034649660962221
g__Lactococcus	g__Ligilactobacillus	0.2063	0.0034649660962221
g__Lactococcus	g__Limivivens	-0.1086	0.0222686188609637
g__Lactococcus	g__Limosilactobacillus	0.1781	0.0034649660962221
g__Lactococcus	g__Longicatena	0.1546	0.0034649660962221
g__Lactococcus	g__Massilioclostridium	0.1376	0.0034649660962221
g__Lactococcus	g__Mediterraneibacter	-0.1508	0.0034649660962221
g__Lactococcus	g__Merdibacter	0.0858	0.026579824363882
g__Lactococcus	g__Merdimonas	0.0862	0.0482884025363059
g__Lactococcus	g__Murimonas	-0.1298	0.0034649660962221
g__Lactococcus	g__Nanosynbacter	0.1575	0.0034649660962221
g__Lactococcus	g__Odoribacter	-0.1243	0.0134305381727158
g__Lactococcus	g__Otoolea	-0.152	0.0034649660962221
g__Lactococcus	g__Parabacteroides	-0.107	0.0157269174401563
g__Lactococcus	g__Pauljensenia	0.1127	0.0134305381727158
g__Lactococcus	g__Pediococcus	0.1672	0.0061743383199079
g__Lactococcus	g__Peptostreptococcus	0.1216	0.0110886075949367
g__Lactococcus	g__Phocaeicola	-0.1215	0.0086984598757092
g__Lactococcus	g__Pseudobutyricicoccus	0.084	0.0327878655608904
g__Lactococcus	g__Pseudoflavonifractor_A	0.1137	0.0086984598757092
g__Lactococcus	g__Roseburia	-0.1488	0.0034649660962221
g__Lactococcus	g__Rothia	0.2311	0.0034649660962221
g__Lactococcus	g__Ruminococcus_B	0.2142	0.0034649660962221
g__Lactococcus	g__Sarcina	0.1201	0.0110886075949367
g__Lactococcus	g__Streptococcus	0.2434	0.0034649660962221
g__Lactococcus	g__Thomasclavelia	0.1509	0.0061743383199079
g__Lactococcus	g__Veillonella	0.1659	0.0034649660962221
g__Lactococcus	g__Vescimonas	-0.1078	0.0222686188609637
g__Lactococcus	g__Weissella	0.288	0.0034649660962221
g__Lactonifactor	g__Lancefieldella	0.1197	0.0061743383199079
g__Lactonifactor	g__Leuconostoc	0.0917	0.0387318471337579
g__Lactonifactor	g__Limivivens	-0.1621	0.0034649660962221
g__Lactonifactor	g__Limosilactobacillus	0.1233	0.0034649660962221
g__Lactonifactor	g__Longicatena	0.1333	0.0061743383199079
g__Lactonifactor	g__Massilioclostridium	0.1364	0.0034649660962221
g__Lactonifactor	g__Mediterraneibacter	-0.1213	0.0061743383199079
g__Lactonifactor	g__Merdibacter	0.0819	0.0327878655608904
g__Lactonifactor	g__Merdimmobilis	0.1418	0.0034649660962221
g__Lactonifactor	g__Merdimonas	0.0796	0.0482884025363059
g__Lactonifactor	g__Merdivicinus	0.1833	0.0034649660962221
g__Lactonifactor	g__Muricomes	0.2009	0.0034649660962221
g__Lactonifactor	g__Murimonas	-0.2002	0.0034649660962221
g__Lactonifactor	g__Oliverpabstia	-0.1418	0.0034649660962221
g__Lactonifactor	g__Onthenecus	-0.1251	0.0086984598757092
g__Lactonifactor	g__Pauljensenia	0.0828	0.0286861216306527
g__Lactonifactor	g__Pediococcus	0.131	0.0034649660962221
g__Lactonifactor	g__Phocaeicola	-0.1029	0.0201190531989688
g__Lactonifactor	g__Pseudobutyricicoccus	0.0706	0.0464449711459192
g__Lactonifactor	g__Pseudoflavonifractor_A	0.1276	0.0034649660962221
g__Lactonifactor	g__Roseburia	-0.1755	0.0034649660962221
g__Lactonifactor	g__Roseburia_D	-0.1066	0.0179491039426523
g__Lactonifactor	g__Ruminococcus_B	0.2121	0.0034649660962221
g__Lactonifactor	g__Ruthenibacterium	0.2261	0.0034649660962221
g__Lactonifactor	g__Sellimonas	0.2281	0.0034649660962221
g__Lactonifactor	g__Streptococcus	0.0975	0.0179491039426523
g__Lactonifactor	g__Thomasclavelia	0.2351	0.0034649660962221
g__Lactonifactor	g__UBA3402	-0.0898	0.0308089664310954
g__Lactonifactor	g__Wujia	-0.1176	0.0134305381727158
g__Laedolimicola	g__Murimonas	0.1036	0.0201190531989688
g__Laedolimicola	g__Onthenecus	0.1318	0.0086984598757092
g__Laedolimicola	g__Prevotella	0.0965	0.0308089664310954
g__Laedolimicola	g__Roseburia_D	0.1091	0.0179491039426523
g__Laedolimicola	g__Ruminococcus_C	-0.0882	0.0286861216306527
g__Laedolimicola	g__Ruminococcus_E	-0.11	0.0244274982927384
g__Laedolimicola	g__Sellimonas	-0.0971	0.0308089664310954
g__Laedolimicola	g__Turicibacter	-0.1012	0.0222686188609637
g__Lancefieldella	g__Latilactobacillus	0.1151	0.0034649660962221
g__Lancefieldella	g__Lawsonibacter	-0.1506	0.0034649660962221
g__Lancefieldella	g__Lentihominibacter	-0.1543	0.0034649660962221
g__Lancefieldella	g__Leuconostoc	0.1546	0.0034649660962221
g__Lancefieldella	g__Ligilactobacillus	0.1949	0.0034649660962221
g__Lancefieldella	g__Limivivens	-0.2137	0.0034649660962221
g__Lancefieldella	g__Limosilactobacillus	0.2724	0.0034649660962221
g__Lancefieldella	g__Longicatena	0.13	0.0034649660962221
g__Lancefieldella	g__Massilioclostridium	0.1739	0.0034649660962221
g__Lancefieldella	g__Mediterraneibacter	-0.2255	0.0034649660962221
g__Lancefieldella	g__Megamonas	0.1136	0.0061743383199079
g__Lancefieldella	g__Merdibacter	0.1546	0.0034649660962221
g__Lancefieldella	g__Merdimmobilis	0.0879	0.0134305381727158
g__Lancefieldella	g__Merdimonas	0.133	0.0034649660962221
g__Lancefieldella	g__Muricomes	0.1155	0.0061743383199079
g__Lancefieldella	g__Murimonas	-0.1765	0.0034649660962221
g__Lancefieldella	g__Nanosynbacter	0.3539	0.0034649660962221
g__Lancefieldella	g__Odoribacter	-0.1393	0.0034649660962221
g__Lancefieldella	g__Oliverpabstia	-0.1276	0.0034649660962221
g__Lancefieldella	g__Onthenecus	-0.0992	0.0134305381727158
g__Lancefieldella	g__Parabacteroides	-0.1892	0.0034649660962221
g__Lancefieldella	g__Pauljensenia	0.2408	0.0034649660962221
g__Lancefieldella	g__Pediococcus	0.2173	0.0034649660962221
g__Lancefieldella	g__Peptostreptococcus	0.228	0.0034649660962221
g__Lancefieldella	g__Phocaeicola	-0.1598	0.0034649660962221
g__Lancefieldella	g__Pseudobutyricicoccus	0.0801	0.026579824363882
g__Lancefieldella	g__Pseudoflavonifractor_A	0.1662	0.0034649660962221
g__Lancefieldella	g__Roseburia	-0.2006	0.0034649660962221
g__Lancefieldella	g__Rothia	0.2237	0.0034649660962221
g__Lancefieldella	g__Ruminococcus_B	0.3075	0.0034649660962221
g__Lancefieldella	g__Ruminococcus_E	-0.0931	0.0201190531989688
g__Lancefieldella	g__Sarcina	0.2503	0.0034649660962221
g__Lancefieldella	g__Streptococcus	0.2728	0.0034649660962221
g__Lancefieldella	g__Terrisporobacter	0.1063	0.0110886075949367
g__Lancefieldella	g__Thomasclavelia	0.2994	0.0034649660962221
g__Lancefieldella	g__Turicibacter	0.0798	0.0464449711459192
g__Lancefieldella	g__URXU01	0.1061	0.0157269174401563
g__Lancefieldella	g__Veillonella	0.3377	0.0034649660962221
g__Lancefieldella	g__Vescimonas	-0.1722	0.0034649660962221
g__Latilactobacillus	g__Lentihominibacter	-0.1321	0.0034649660962221
g__Latilactobacillus	g__Leuconostoc	0.3575	0.0034649660962221
g__Latilactobacillus	g__Ligilactobacillus	0.1198	0.0086984598757092
g__Latilactobacillus	g__Limosilactobacillus	0.1052	0.0179491039426523
g__Latilactobacillus	g__Mediterraneibacter	-0.1535	0.0061743383199079
g__Latilactobacillus	g__Megamonas	0.1108	0.0134305381727158
g__Latilactobacillus	g__Nanosynbacter	0.1159	0.0201190531989688
g__Latilactobacillus	g__Otoolea	-0.1192	0.0222686188609637
g__Latilactobacillus	g__Pauljensenia	0.1476	0.0034649660962221
g__Latilactobacillus	g__Phocaeicola	-0.1077	0.0244274982927384
g__Latilactobacillus	g__Rothia	0.2779	0.0034649660962221
g__Latilactobacillus	g__Streptococcus	0.2504	0.0034649660962221
g__Latilactobacillus	g__Tyzzerella	0.1043	0.026579824363882
g__Latilactobacillus	g__Veillonella	0.1437	0.0034649660962221
g__Latilactobacillus	g__Vescimonas	-0.1148	0.0244274982927384
g__Latilactobacillus	g__Weissella	0.3857	0.0034649660962221
g__Lawsonibacter	g__Ligilactobacillus	-0.1039	0.0201190531989688
g__Lawsonibacter	g__Limosilactobacillus	-0.1289	0.0061743383199079
g__Lawsonibacter	g__Mediterraneibacter	0.1232	0.0179491039426523
g__Lawsonibacter	g__Nanosynbacter	-0.1957	0.0034649660962221
g__Lawsonibacter	g__Otoolea	0.1782	0.0034649660962221
g__Lawsonibacter	g__Parabacteroides	0.2964	0.0034649660962221
g__Lawsonibacter	g__Pauljensenia	-0.111	0.0157269174401563
g__Lawsonibacter	g__Pediococcus	-0.122	0.0134305381727158
g__Lawsonibacter	g__Peptostreptococcus	-0.1875	0.0034649660962221
g__Lawsonibacter	g__Phascolarctobacterium	0.1229	0.0179491039426523
g__Lawsonibacter	g__Phocaeicola	0.1725	0.0034649660962221
g__Lawsonibacter	g__Pseudoscilispira	0.1076	0.0157269174401563
g__Lawsonibacter	g__Roseburia_D	-0.114	0.0222686188609637
g__Lawsonibacter	g__Rothia	-0.1698	0.0034649660962221
g__Lawsonibacter	g__Ruthenibacterium	0.2269	0.0034649660962221
g__Lawsonibacter	g__Sarcina	-0.1924	0.0034649660962221
g__Lawsonibacter	g__Sellimonas	0.151	0.0034649660962221
g__Lawsonibacter	g__Streptococcus	-0.2103	0.0034649660962221
g__Lawsonibacter	g__Terrisporobacter	-0.1545	0.0034649660962221
g__Lawsonibacter	g__Turicibacter	-0.1725	0.0034649660962221
g__Lawsonibacter	g__Veillonella	-0.2578	0.0034649660962221
g__Lawsonibacter	g__Vescimonas	0.1763	0.0034649660962221
g__Lawsonibacter	g__Wujia	-0.0998	0.026579824363882
g__Lentihominibacter	g__Leuconostoc	-0.1272	0.0061743383199079
g__Lentihominibacter	g__Ligilactobacillus	-0.0913	0.0425744414282731
g__Lentihominibacter	g__Limivivens	0.1613	0.0034649660962221
g__Lentihominibacter	g__Limosilactobacillus	-0.0934	0.040656282887813
g__Lentihominibacter	g__Longicatena	-0.1643	0.0034649660962221
g__Lentihominibacter	g__Massilioclostridium	-0.0935	0.0157269174401563
g__Lentihominibacter	g__Merdibacter	-0.0948	0.0222686188609637
g__Lentihominibacter	g__Murimonas	0.2433	0.0034649660962221
g__Lentihominibacter	g__Nanosynbacter	-0.1771	0.0034649660962221
g__Lentihominibacter	g__Onthenecus	0.2523	0.0034649660962221
g__Lentihominibacter	g__Paraprevotella	0.1718	0.0034649660962221
g__Lentihominibacter	g__Pauljensenia	-0.0927	0.0157269174401563
g__Lentihominibacter	g__Pediococcus	-0.1442	0.0034649660962221
g__Lentihominibacter	g__Pseudoflavonifractor_A	-0.1801	0.0034649660962221
g__Lentihominibacter	g__Roseburia_D	0.174	0.0034649660962221
g__Lentihominibacter	g__Rothia	-0.131	0.0034649660962221
g__Lentihominibacter	g__Ruminococcus_B	-0.2035	0.0034649660962221
g__Lentihominibacter	g__Ruminococcus_E	0.1087	0.0110886075949367
g__Lentihominibacter	g__Sarcina	-0.1026	0.0308089664310954
g__Lentihominibacter	g__Sellimonas	-0.1544	0.0034649660962221
g__Lentihominibacter	g__Streptococcus	-0.1512	0.0034649660962221
g__Lentihominibacter	g__Thomasclavelia	-0.1592	0.0034649660962221
g__Lentihominibacter	g__Veillonella	-0.1815	0.0034649660962221
g__Lentihominibacter	g__Vescimonas	0.182	0.0034649660962221
g__Leuconostoc	g__Ligilactobacillus	0.1092	0.0157269174401563
g__Leuconostoc	g__Limivivens	-0.2044	0.0034649660962221
g__Leuconostoc	g__Limosilactobacillus	0.1494	0.0034649660962221
g__Leuconostoc	g__Longicatena	0.1371	0.0061743383199079
g__Leuconostoc	g__Massilioclostridium	0.0977	0.0110886075949367
g__Leuconostoc	g__Mediterraneibacter	-0.3031	0.0034649660962221
g__Leuconostoc	g__Merdimmobilis	0.1143	0.0034649660962221
g__Leuconostoc	g__Murimonas	-0.1358	0.0034649660962221
g__Leuconostoc	g__Nanosynbacter	0.1975	0.0034649660962221
g__Leuconostoc	g__Oliverpabstia	-0.1509	0.0034649660962221
g__Leuconostoc	g__Otoolea	-0.1978	0.0034649660962221
g__Leuconostoc	g__Parabacteroides	-0.1342	0.0034649660962221
g__Leuconostoc	g__Pauljensenia	0.1487	0.0034649660962221
g__Leuconostoc	g__Pediococcus	0.1181	0.0110886075949367
g__Leuconostoc	g__Peptostreptococcus	0.1525	0.0034649660962221
g__Leuconostoc	g__Phocaeicola	-0.153	0.0034649660962221
g__Leuconostoc	g__Roseburia	-0.1181	0.0134305381727158
g__Leuconostoc	g__Rothia	0.2817	0.0034649660962221
g__Leuconostoc	g__Ruminococcus_B	0.1986	0.0034649660962221
g__Leuconostoc	g__Sarcina	0.1655	0.0034649660962221
g__Leuconostoc	g__Streptococcus	0.2921	0.0034649660962221
g__Leuconostoc	g__Terrisporobacter	0.1525	0.0034649660962221
g__Leuconostoc	g__Thomasclavelia	0.1915	0.0034649660962221
g__Leuconostoc	g__Turicibacter	0.1079	0.0201190531989688
g__Leuconostoc	g__Veillonella	0.2891	0.0034649660962221
g__Leuconostoc	g__Vescimonas	-0.1265	0.0061743383199079
g__Leuconostoc	g__Weissella	0.3851	0.0034649660962221
g__Ligilactobacillus	g__Limivivens	-0.1471	0.0034649660962221
g__Ligilactobacillus	g__Limosilactobacillus	0.3327	0.0034649660962221
g__Ligilactobacillus	g__Massilioclostridium	0.1157	0.0034649660962221
g__Ligilactobacillus	g__Mediterraneibacter	-0.1475	0.0034649660962221
g__Ligilactobacillus	g__Nanosynbacter	0.2543	0.0034649660962221
g__Ligilactobacillus	g__Negativibacillus	-0.1015	0.0110886075949367
g__Ligilactobacillus	g__Odoribacter	-0.1198	0.0061743383199079
g__Ligilactobacillus	g__Oliverpabstia	-0.1185	0.0086984598757092
g__Ligilactobacillus	g__Otoolea	-0.1197	0.0110886075949367
g__Ligilactobacillus	g__Parabacteroides	-0.1003	0.0286861216306527
g__Ligilactobacillus	g__Pauljensenia	0.1853	0.0034649660962221
g__Ligilactobacillus	g__Pediococcus	0.1953	0.0034649660962221
g__Ligilactobacillus	g__Peptostreptococcus	0.1173	0.0061743383199079
g__Ligilactobacillus	g__Phocaeicola	-0.187	0.0034649660962221
g__Ligilactobacillus	g__Pseudoflavonifractor_A	0.0858	0.0445362108321228
g__Ligilactobacillus	g__Roseburia	-0.1575	0.0086984598757092
g__Ligilactobacillus	g__Rothia	0.2052	0.0034649660962221
g__Ligilactobacillus	g__Ruminococcus_B	0.2263	0.0034649660962221
g__Ligilactobacillus	g__Sarcina	0.1781	0.0034649660962221
g__Ligilactobacillus	g__Streptococcus	0.2486	0.0034649660962221
g__Ligilactobacillus	g__Thomasclavelia	0.1706	0.0034649660962221
g__Ligilactobacillus	g__Veillonella	0.2416	0.0034649660962221
g__Ligilactobacillus	g__Vescimonas	-0.1122	0.0086984598757092
g__Limivivens	g__Limosilactobacillus	-0.147	0.0034649660962221
g__Limivivens	g__Longicatena	-0.2135	0.0034649660962221
g__Limivivens	g__Massilioclostridium	-0.2216	0.0034649660962221
g__Limivivens	g__Mediterraneibacter	0.1634	0.0034649660962221
g__Limivivens	g__Merdibacter	-0.1411	0.0034649660962221
g__Limivivens	g__Merdimmobilis	-0.1353	0.0034649660962221
g__Limivivens	g__Merdimonas	-0.2073	0.0034649660962221
g__Limivivens	g__Merdivicinus	-0.143	0.0061743383199079
g__Limivivens	g__Muricomes	-0.1868	0.0034649660962221
g__Limivivens	g__Murimonas	0.3503	0.0034649660962221
g__Limivivens	g__Nanosynbacter	-0.1726	0.0034649660962221
g__Limivivens	g__Odoribacter	0.2287	0.0034649660962221
g__Limivivens	g__Oliverpabstia	0.2734	0.0034649660962221
g__Limivivens	g__Onthenecus	0.2289	0.0034649660962221
g__Limivivens	g__Pauljensenia	-0.1464	0.0034649660962221
g__Limivivens	g__Pediococcus	-0.2004	0.0034649660962221
g__Limivivens	g__Peptostreptococcus	-0.2107	0.0034649660962221
g__Limivivens	g__Prevotella	0.1459	0.0034649660962221
g__Limivivens	g__Pseudoflavonifractor_A	-0.1955	0.0034649660962221
g__Limivivens	g__Roseburia	0.197	0.0034649660962221
g__Limivivens	g__Roseburia_D	0.1087	0.0157269174401563
g__Limivivens	g__Rothia	-0.142	0.0034649660962221
g__Limivivens	g__Ruminococcus_B	-0.4349	0.0034649660962221
g__Limivivens	g__Ruthenibacterium	-0.1735	0.0034649660962221
g__Limivivens	g__Sarcina	-0.1555	0.0034649660962221
g__Limivivens	g__Schaedlerella	-0.1106	0.0244274982927384
g__Limivivens	g__Sellimonas	-0.1873	0.0034649660962221
g__Limivivens	g__Streptococcus	-0.1462	0.0034649660962221
g__Limivivens	g__Terrisporobacter	-0.1627	0.0034649660962221
g__Limivivens	g__Thomasclavelia	-0.3663	0.0034649660962221
g__Limivivens	g__Turicibacter	-0.1254	0.0086984598757092
g__Limivivens	g__UBA3402	0.203	0.0034649660962221
g__Limivivens	g__Veillonella	-0.2075	0.0034649660962221
g__Limivivens	g__Vescimonas	0.1765	0.0034649660962221
g__Limivivens	g__Wujia	0.111	0.0179491039426523
g__Limosilactobacillus	g__Massilioclostridium	0.141	0.0034649660962221
g__Limosilactobacillus	g__Mediterraneibacter	-0.2843	0.0034649660962221
g__Limosilactobacillus	g__Merdibacter	0.1476	0.0061743383199079
g__Limosilactobacillus	g__Merdimmobilis	0.0914	0.0244274982927384
g__Limosilactobacillus	g__Merdimonas	0.1497	0.0034649660962221
g__Limosilactobacillus	g__Muricomes	0.0878	0.0157269174401563
g__Limosilactobacillus	g__Murimonas	-0.1531	0.0034649660962221
g__Limosilactobacillus	g__Nanosynbacter	0.3525	0.0034649660962221
g__Limosilactobacillus	g__Odoribacter	-0.1673	0.0034649660962221
g__Limosilactobacillus	g__Oliverpabstia	-0.1037	0.0367736131934033
g__Limosilactobacillus	g__Otoolea	-0.1628	0.0034649660962221
g__Limosilactobacillus	g__Parabacteroides	-0.1511	0.0034649660962221
g__Limosilactobacillus	g__Pauljensenia	0.2485	0.0034649660962221
g__Limosilactobacillus	g__Pediococcus	0.2485	0.0034649660962221
g__Limosilactobacillus	g__Peptostreptococcus	0.1677	0.0034649660962221
g__Limosilactobacillus	g__Phocaeicola	-0.2491	0.0034649660962221
g__Limosilactobacillus	g__Pseudobutyricicoccus	0.1002	0.0086984598757092
g__Limosilactobacillus	g__Pseudoflavonifractor_A	0.1372	0.0034649660962221
g__Limosilactobacillus	g__Roseburia	-0.1924	0.0034649660962221
g__Limosilactobacillus	g__Rothia	0.2107	0.0034649660962221
g__Limosilactobacillus	g__Ruminiclostridium_E	0.0937	0.0222686188609637
g__Limosilactobacillus	g__Ruminococcus_B	0.2057	0.0034649660962221
g__Limosilactobacillus	g__Sarcina	0.2573	0.0034649660962221
g__Limosilactobacillus	g__Streptococcus	0.3578	0.0034649660962221
g__Limosilactobacillus	g__Thomasclavelia	0.1771	0.0034649660962221
g__Limosilactobacillus	g__Veillonella	0.3374	0.0034649660962221
g__Limosilactobacillus	g__Vescimonas	-0.1205	0.0086984598757092
g__Longicatena	g__Massilioclostridium	0.1864	0.0034649660962221
g__Longicatena	g__Mediterraneibacter	-0.0924	0.0425744414282731
g__Longicatena	g__Merdibacter	0.1073	0.0110886075949367
g__Longicatena	g__Merdimmobilis	0.0916	0.0244274982927384
g__Longicatena	g__Merdimonas	0.1008	0.0110886075949367
g__Longicatena	g__Merdivicinus	0.1567	0.0034649660962221
g__Longicatena	g__Muricomes	0.127	0.0061743383199079
g__Longicatena	g__Murimonas	-0.2375	0.0034649660962221
g__Longicatena	g__Nanosynbacter	0.1116	0.0110886075949367
g__Longicatena	g__Oliverpabstia	-0.1839	0.0034649660962221
g__Longicatena	g__Onthenecus	-0.1483	0.0034649660962221
g__Longicatena	g__Paraprevotella	-0.1112	0.0157269174401563
g__Longicatena	g__Pediococcus	0.1567	0.0034649660962221
g__Longicatena	g__Peptostreptococcus	0.1324	0.0034649660962221
g__Longicatena	g__Prevotella	-0.1051	0.0201190531989688
g__Longicatena	g__Pseudoflavonifractor_A	0.1324	0.0061743383199079
g__Longicatena	g__Roseburia_D	-0.1085	0.0110886075949367
g__Longicatena	g__Rothia	0.0986	0.0244274982927384
g__Longicatena	g__Ruminococcus_B	0.3135	0.0034649660962221
g__Longicatena	g__Ruthenibacterium	0.0919	0.0482884025363059
g__Longicatena	g__Schaedlerella	0.0944	0.0425744414282731
g__Longicatena	g__Sellimonas	0.1721	0.0061743383199079
g__Longicatena	g__Streptococcus	0.1212	0.0110886075949367
g__Longicatena	g__Thomasclavelia	0.277	0.0034649660962221
g__Longicatena	g__Tyzzerella	0.1026	0.026579824363882
g__Longicatena	g__UBA3402	-0.0967	0.0222686188609637
g__Longicatena	g__Veillonella	0.1332	0.0034649660962221
g__Longicatena	g__Vescimonas	-0.1538	0.0061743383199079
g__Longicatena	g__Wujia	-0.0929	0.0308089664310954
g__Massilioclostridium	g__Mediterraneibacter	-0.1439	0.0034649660962221
g__Massilioclostridium	g__Merdibacter	0.1928	0.0034649660962221
g__Massilioclostridium	g__Merdimmobilis	0.0873	0.0110886075949367
g__Massilioclostridium	g__Merdimonas	0.1301	0.0034649660962221
g__Massilioclostridium	g__Merdivicinus	0.1353	0.0034649660962221
g__Massilioclostridium	g__Muricomes	0.1626	0.0034649660962221
g__Massilioclostridium	g__Murimonas	-0.1737	0.0034649660962221
g__Massilioclostridium	g__Nanosynbacter	0.1085	0.0110886075949367
g__Massilioclostridium	g__Odoribacter	-0.1251	0.0086984598757092
g__Massilioclostridium	g__Oliverpabstia	-0.1608	0.0034649660962221
g__Massilioclostridium	g__Onthenecus	-0.1461	0.0034649660962221
g__Massilioclostridium	g__Pauljensenia	0.1431	0.0034649660962221
g__Massilioclostridium	g__Pediococcus	0.2538	0.0034649660962221
g__Massilioclostridium	g__Peptostreptococcus	0.096	0.0134305381727158
g__Massilioclostridium	g__Phocaeicola	-0.1648	0.0034649660962221
g__Massilioclostridium	g__Pseudobutyricicoccus	0.0846	0.0110886075949367
g__Massilioclostridium	g__Pseudoflavonifractor_A	0.1511	0.0034649660962221
g__Massilioclostridium	g__Roseburia	-0.1989	0.0034649660962221
g__Massilioclostridium	g__Roseburia_D	-0.0756	0.040656282887813
g__Massilioclostridium	g__Rothia	0.086	0.0286861216306527
g__Massilioclostridium	g__Ruminococcus_B	0.2594	0.0034649660962221
g__Massilioclostridium	g__Ruminococcus_C	-0.0817	0.0308089664310954
g__Massilioclostridium	g__Ruthenibacterium	0.0851	0.0347957198443579
g__Massilioclostridium	g__Sarcina	0.1132	0.0061743383199079
g__Massilioclostridium	g__Sellimonas	0.1391	0.0034649660962221
g__Massilioclostridium	g__Streptococcus	0.0846	0.0387318471337579
g__Massilioclostridium	g__Thomasclavelia	0.2526	0.0034649660962221
g__Massilioclostridium	g__UBA3402	-0.1046	0.0034649660962221
g__Massilioclostridium	g__Veillonella	0.1095	0.0061743383199079
g__Massilioclostridium	g__Vescimonas	-0.1069	0.0061743383199079
g__Massilioclostridium	g__Wujia	-0.1059	0.0134305381727158
g__Mediterraneibacter	g__Merdibacter	-0.1435	0.0061743383199079
g__Mediterraneibacter	g__Merdimmobilis	-0.1126	0.0086984598757092
g__Mediterraneibacter	g__Merdimonas	-0.1792	0.0034649660962221
g__Mediterraneibacter	g__Muricomes	-0.1255	0.0034649660962221
g__Mediterraneibacter	g__Murimonas	0.1764	0.0034649660962221
g__Mediterraneibacter	g__Nanosynbacter	-0.2331	0.0034649660962221
g__Mediterraneibacter	g__Odoribacter	0.1881	0.0034649660962221
g__Mediterraneibacter	g__Oliverpabstia	0.1643	0.0034649660962221
g__Mediterraneibacter	g__Otoolea	0.1354	0.0061743383199079
g__Mediterraneibacter	g__Parabacteroides	0.1488	0.0034649660962221
g__Mediterraneibacter	g__Pauljensenia	-0.2024	0.0034649660962221
g__Mediterraneibacter	g__Pediococcus	-0.2188	0.0034649660962221
g__Mediterraneibacter	g__Peptostreptococcus	-0.1705	0.0061743383199079
g__Mediterraneibacter	g__Phocaeicola	0.2274	0.0034649660962221
g__Mediterraneibacter	g__Pseudobutyricicoccus	-0.1005	0.0061743383199079
g__Mediterraneibacter	g__Pseudoflavonifractor_A	-0.147	0.0034649660962221
g__Mediterraneibacter	g__Roseburia	0.2059	0.0034649660962221
g__Mediterraneibacter	g__Rothia	-0.2208	0.0034649660962221
g__Mediterraneibacter	g__Ruminococcus_B	-0.2199	0.0034649660962221
g__Mediterraneibacter	g__Sarcina	-0.2377	0.0034649660962221
g__Mediterraneibacter	g__Streptococcus	-0.2144	0.0034649660962221
g__Mediterraneibacter	g__Terrisporobacter	-0.1034	0.0222686188609637
g__Mediterraneibacter	g__Thomasclavelia	-0.2005	0.0034649660962221
g__Mediterraneibacter	g__Veillonella	-0.2646	0.0034649660962221
g__Mediterraneibacter	g__Vescimonas	0.113	0.0201190531989688
g__Mediterraneibacter	g__Weissella	-0.1346	0.0061743383199079
g__Megamonas	g__Prevotella	0.2079	0.0034649660962221
g__Megamonas	g__Ruminococcus_E	-0.0966	0.0347957198443579
g__Megamonas	g__URXU01	0.5481	0.0034649660962221
g__Merdibacter	g__Merdimmobilis	0.1038	0.0034649660962221
g__Merdibacter	g__Merdimonas	0.1951	0.0034649660962221
g__Merdibacter	g__Merdivicinus	0.1829	0.0034649660962221
g__Merdibacter	g__Muricomes	0.1374	0.0034649660962221
g__Merdibacter	g__Murimonas	-0.1435	0.0034649660962221
g__Merdibacter	g__Nanosynbacter	0.1096	0.0034649660962221
g__Merdibacter	g__Negativibacillus	0.1107	0.0086984598757092
g__Merdibacter	g__Odoribacter	-0.1559	0.0034649660962221
g__Merdibacter	g__Oliverpabstia	-0.1222	0.0034649660962221
g__Merdibacter	g__Onthenecus	-0.1345	0.0034649660962221
g__Merdibacter	g__Pauljensenia	0.1165	0.0034649660962221
g__Merdibacter	g__Pediococcus	0.2359	0.0034649660962221
g__Merdibacter	g__Peptostreptococcus	0.1075	0.0086984598757092
g__Merdibacter	g__Phocaeicola	-0.1033	0.0086984598757092
g__Merdibacter	g__Prevotella	-0.0789	0.0464449711459192
g__Merdibacter	g__Pseudobutyricicoccus	0.0918	0.0086984598757092
g__Merdibacter	g__Pseudoflavonifractor_A	0.1186	0.0034649660962221
g__Merdibacter	g__Roseburia	-0.2034	0.0034649660962221
g__Merdibacter	g__Rothia	0.0953	0.0134305381727158
g__Merdibacter	g__Ruminococcus_B	0.2441	0.0034649660962221
g__Merdibacter	g__Ruthenibacterium	0.0924	0.0222686188609637
g__Merdibacter	g__Sarcina	0.1124	0.0061743383199079
g__Merdibacter	g__Sellimonas	0.1509	0.0034649660962221
g__Merdibacter	g__Streptococcus	0.108	0.0110886075949367
g__Merdibacter	g__Thomasclavelia	0.2156	0.0034649660962221
g__Merdibacter	g__Turicibacter	0.0779	0.0367736131934033
g__Merdibacter	g__UBA3402	-0.1046	0.0061743383199079
g__Merdibacter	g__Veillonella	0.1297	0.0034649660962221
g__Merdibacter	g__Vescimonas	-0.1319	0.0034649660962221
g__Merdibacter	g__Wujia	-0.0851	0.0367736131934033
g__Merdimmobilis	g__Murimonas	-0.1384	0.0034649660962221
g__Merdimmobilis	g__Odoribacter	-0.0924	0.0286861216306527
g__Merdimmobilis	g__Oliverpabstia	-0.1195	0.0061743383199079
g__Merdimmobilis	g__Onthenecus	-0.1131	0.0034649660962221
g__Merdimmobilis	g__Pediococcus	0.1334	0.0061743383199079
g__Merdimmobilis	g__Pseudobutyricicoccus	0.1046	0.0061743383199079
g__Merdimmobilis	g__Pseudoflavonifractor_A	0.083	0.026579824363882
g__Merdimmobilis	g__Pseudoscilispira	0.1212	0.0034649660962221
g__Merdimmobilis	g__Roseburia	-0.1543	0.0034649660962221
g__Merdimmobilis	g__Roseburia_D	-0.1202	0.0061743383199079
g__Merdimmobilis	g__Ruminococcus_B	0.209	0.0034649660962221
g__Merdimmobilis	g__Schaedlerella	0.0938	0.0286861216306527
g__Merdimmobilis	g__Sellimonas	0.0983	0.0222686188609637
g__Merdimmobilis	g__Streptococcus	0.0965	0.0201190531989688
g__Merdimmobilis	g__Terrisporobacter	0.08	0.0482884025363059
g__Merdimmobilis	g__Thomasclavelia	0.1616	0.0034649660962221
g__Merdimmobilis	g__Veillonella	0.0948	0.0327878655608904
g__Merdimmobilis	g__Wujia	-0.0985	0.0110886075949367
g__Merdimonas	g__Merdivicinus	0.1631	0.0034649660962221
g__Merdimonas	g__Muricomes	0.1208	0.0034649660962221
g__Merdimonas	g__Murimonas	-0.1734	0.0034649660962221
g__Merdimonas	g__Nanosynbacter	0.1286	0.0034649660962221
g__Merdimonas	g__Negativibacillus	0.0918	0.0425744414282731
g__Merdimonas	g__Odoribacter	-0.1058	0.0157269174401563
g__Merdimonas	g__Oliverpabstia	-0.1344	0.0061743383199079
g__Merdimonas	g__Onthenecus	-0.1195	0.0086984598757092
g__Merdimonas	g__Pediococcus	0.1452	0.0061743383199079
g__Merdimonas	g__Peptostreptococcus	0.1561	0.0034649660962221
g__Merdimonas	g__Pseudoflavonifractor_A	0.0921	0.0201190531989688
g__Merdimonas	g__Roseburia	-0.1427	0.0034649660962221
g__Merdimonas	g__Ruminococcus_B	0.2486	0.0034649660962221
g__Merdimonas	g__Ruthenibacterium	0.1498	0.0034649660962221
g__Merdimonas	g__Sarcina	0.115	0.0110886075949367
g__Merdimonas	g__Sellimonas	0.1685	0.0034649660962221
g__Merdimonas	g__Streptococcus	0.1074	0.0179491039426523
g__Merdimonas	g__Sutterella	0.0943	0.0367736131934033
g__Merdimonas	g__Thomasclavelia	0.2284	0.0034649660962221
g__Merdimonas	g__UBA3402	-0.103	0.0061743383199079
g__Merdimonas	g__Veillonella	0.1371	0.0034649660962221
g__Merdimonas	g__Vescimonas	-0.1388	0.0034649660962221
g__Merdivicinus	g__Muricomes	0.1257	0.0034649660962221
g__Merdivicinus	g__Murimonas	-0.1138	0.0086984598757092
g__Merdivicinus	g__Negativibacillus	0.155	0.0034649660962221
g__Merdivicinus	g__Oliverpabstia	-0.1434	0.0034649660962221
g__Merdivicinus	g__Pediococcus	0.1017	0.0157269174401563
g__Merdivicinus	g__Phocaeicola	-0.1038	0.026579824363882
g__Merdivicinus	g__Prevotella	-0.1008	0.0179491039426523
g__Merdivicinus	g__Roseburia	-0.1431	0.0034649660962221
g__Merdivicinus	g__Ruminococcus_B	0.1845	0.0034649660962221
g__Merdivicinus	g__Ruthenibacterium	0.225	0.0034649660962221
g__Merdivicinus	g__Sellimonas	0.1548	0.0034649660962221
g__Merdivicinus	g__Thomasclavelia	0.222	0.0034649660962221
g__Muricomes	g__Murimonas	-0.1139	0.0110886075949367
g__Muricomes	g__Nanosynbacter	0.0899	0.026579824363882
g__Muricomes	g__Odoribacter	-0.1281	0.0034649660962221
g__Muricomes	g__Oliverpabstia	-0.1126	0.0134305381727158
g__Muricomes	g__Onthenecus	-0.1174	0.0034649660962221
g__Muricomes	g__Pauljensenia	0.084	0.0347957198443579
g__Muricomes	g__Pediococcus	0.1688	0.0034649660962221
g__Muricomes	g__Peptostreptococcus	0.1103	0.0086984598757092
g__Muricomes	g__Phocaeicola	-0.1011	0.0201190531989688
g__Muricomes	g__Pseudoflavonifractor_A	0.101	0.0086984598757092
g__Muricomes	g__Roseburia	-0.1403	0.0034649660962221
g__Muricomes	g__Ruminococcus_B	0.2313	0.0034649660962221
g__Muricomes	g__Ruminococcus_C	-0.1153	0.0086984598757092
g__Muricomes	g__Ruthenibacterium	0.1851	0.0034649660962221
g__Muricomes	g__Sellimonas	0.1377	0.0034649660962221
g__Muricomes	g__Thomasclavelia	0.2503	0.0034649660962221
g__Muricomes	g__UBA3402	-0.0864	0.0308089664310954
g__Muricomes	g__Veillonella	0.092	0.0482884025363059
g__Muricomes	g__Wujia	-0.0822	0.0387318471337579
g__Murimonas	g__Nanosynbacter	-0.1774	0.0034649660962221
g__Murimonas	g__Odoribacter	0.1163	0.0134305381727158
g__Murimonas	g__Oliverpabstia	0.2746	0.0034649660962221
g__Murimonas	g__Onthenecus	0.2888	0.0034649660962221
g__Murimonas	g__Paraprevotella	0.1168	0.0134305381727158
g__Murimonas	g__Pauljensenia	-0.1289	0.0034649660962221
g__Murimonas	g__Pediococcus	-0.1762	0.0034649660962221
g__Murimonas	g__Peptostreptococcus	-0.149	0.0034649660962221
g__Murimonas	g__Prevotella	0.2343	0.0034649660962221
g__Murimonas	g__Pseudoflavonifractor_A	-0.2397	0.0034649660962221
g__Murimonas	g__Roseburia	0.1043	0.0244274982927384
g__Murimonas	g__Roseburia_D	0.1762	0.0034649660962221
g__Murimonas	g__Rothia	-0.1006	0.026579824363882
g__Murimonas	g__Ruminococcus_B	-0.3207	0.0034649660962221
g__Murimonas	g__Sarcina	-0.1255	0.0086984598757092
g__Murimonas	g__Schaedlerella	-0.1021	0.0367736131934033
g__Murimonas	g__Sellimonas	-0.2235	0.0034649660962221
g__Murimonas	g__Streptococcus	-0.1651	0.0034649660962221
g__Murimonas	g__Terrisporobacter	-0.1075	0.0110886075949367
g__Murimonas	g__Thomasclavelia	-0.2629	0.0034649660962221
g__Murimonas	g__UBA3402	0.1507	0.0061743383199079
g__Murimonas	g__Veillonella	-0.1412	0.0061743383199079
g__Murimonas	g__Vescimonas	0.1728	0.0034649660962221
g__Murimonas	g__Wujia	0.1563	0.0034649660962221
g__Nanosynbacter	g__Negativibacillus	-0.1157	0.0157269174401563
g__Nanosynbacter	g__Odoribacter	-0.1635	0.0034649660962221
g__Nanosynbacter	g__Parabacteroides	-0.2588	0.0034649660962221
g__Nanosynbacter	g__Pauljensenia	0.1823	0.0034649660962221
g__Nanosynbacter	g__Pediococcus	0.2027	0.0034649660962221
g__Nanosynbacter	g__Peptostreptococcus	0.1835	0.0034649660962221
g__Nanosynbacter	g__Phocaeicola	-0.2075	0.0034649660962221
g__Nanosynbacter	g__Pseudoflavonifractor_A	0.1448	0.0034649660962221
g__Nanosynbacter	g__Roseburia	-0.1239	0.0110886075949367
g__Nanosynbacter	g__Rothia	0.2328	0.0034649660962221
g__Nanosynbacter	g__Ruminococcus_B	0.3346	0.0034649660962221
g__Nanosynbacter	g__Ruthenibacterium	-0.1097	0.0244274982927384
g__Nanosynbacter	g__Sarcina	0.3537	0.0034649660962221
g__Nanosynbacter	g__Streptococcus	0.4397	0.0034649660962221
g__Nanosynbacter	g__Terrisporobacter	0.1601	0.0034649660962221
g__Nanosynbacter	g__Thomasclavelia	0.2952	0.0034649660962221
g__Nanosynbacter	g__Turicibacter	0.1729	0.0034649660962221
g__Nanosynbacter	g__Veillonella	0.5586	0.0034649660962221
g__Nanosynbacter	g__Vescimonas	-0.1687	0.0034649660962221
g__Negativibacillus	g__Pauljensenia	-0.0827	0.040656282887813
g__Negativibacillus	g__Schaedlerella	-0.1044	0.026579824363882
g__Negativibacillus	g__Sellimonas	0.0988	0.0482884025363059
g__Negativibacillus	g__UBA3402	-0.1165	0.0086984598757092
g__Negativibacillus	g__URXU01	-0.1055	0.0327878655608904
g__Negativibacillus	g__Veillonella	-0.1251	0.0086984598757092
g__Odoribacter	g__Oliverpabstia	0.2013	0.0034649660962221
g__Odoribacter	g__Onthenecus	0.1165	0.0157269174401563
g__Odoribacter	g__Pediococcus	-0.1685	0.0034649660962221
g__Odoribacter	g__Peptostreptococcus	-0.1182	0.0061743383199079
g__Odoribacter	g__Phocaeicola	0.1538	0.0034649660962221
g__Odoribacter	g__Pseudoflavonifractor_A	-0.106	0.0086984598757092
g__Odoribacter	g__Rothia	-0.1003	0.0387318471337579
g__Odoribacter	g__Ruminococcus_B	-0.2246	0.0034649660962221
g__Odoribacter	g__Sarcina	-0.1424	0.0061743383199079
g__Odoribacter	g__Sellimonas	-0.1564	0.0034649660962221
g__Odoribacter	g__Thomasclavelia	-0.3553	0.0034649660962221
g__Odoribacter	g__Tyzzerella	0.1148	0.0222686188609637
g__Odoribacter	g__Veillonella	-0.1766	0.0034649660962221
g__Oliverpabstia	g__Onthenecus	0.2091	0.0034649660962221
g__Oliverpabstia	g__Paraprevotella	0.1146	0.0134305381727158
g__Oliverpabstia	g__Pararoseburia	0.1273	0.0061743383199079
g__Oliverpabstia	g__Pauljensenia	-0.0994	0.0286861216306527
g__Oliverpabstia	g__Pediococcus	-0.1748	0.0034649660962221
g__Oliverpabstia	g__Prevotella	0.2136	0.0034649660962221
g__Oliverpabstia	g__Pseudoflavonifractor_A	-0.1857	0.0034649660962221
g__Oliverpabstia	g__Pseudoscilispira	-0.1236	0.0086984598757092
g__Oliverpabstia	g__Roseburia	0.1435	0.0061743383199079
g__Oliverpabstia	g__Roseburia_D	0.1021	0.0286861216306527
g__Oliverpabstia	g__Rothia	-0.1522	0.0034649660962221
g__Oliverpabstia	g__Ruminococcus_B	-0.3456	0.0034649660962221
g__Oliverpabstia	g__Ruthenibacterium	-0.1775	0.0034649660962221
g__Oliverpabstia	g__Sarcina	-0.1461	0.0061743383199079
g__Oliverpabstia	g__Sellimonas	-0.2725	0.0034649660962221
g__Oliverpabstia	g__Streptococcus	-0.1022	0.0464449711459192
g__Oliverpabstia	g__Thomasclavelia	-0.3199	0.0034649660962221
g__Oliverpabstia	g__UBA3402	0.1436	0.0034649660962221
g__Oliverpabstia	g__Veillonella	-0.1512	0.0034649660962221
g__Onthenecus	g__Otoolea	-0.0977	0.0367736131934033
g__Onthenecus	g__Paraprevotella	0.1398	0.0034649660962221
g__Onthenecus	g__Pediococcus	-0.0898	0.0464449711459192
g__Onthenecus	g__Prevotella	0.1596	0.0034649660962221
g__Onthenecus	g__Pseudoflavonifractor_A	-0.1181	0.0086984598757092
g__Onthenecus	g__Roseburia_D	0.1879	0.0034649660962221
g__Onthenecus	g__Ruminococcus_B	-0.2686	0.0034649660962221
g__Onthenecus	g__Ruthenibacterium	-0.0965	0.0327878655608904
g__Onthenecus	g__Sellimonas	-0.2102	0.0034649660962221
g__Onthenecus	g__Thomasclavelia	-0.1881	0.0034649660962221
g__Onthenecus	g__UBA3402	0.153	0.0034649660962221
g__Onthenecus	g__Wujia	0.147	0.0034649660962221
g__Otoolea	g__Parabacteroides	0.1191	0.0201190531989688
g__Otoolea	g__Pauljensenia	-0.143	0.0061743383199079
g__Otoolea	g__Rothia	-0.1352	0.0034649660962221
g__Otoolea	g__Ruminiclostridium_E	-0.1015	0.0179491039426523
g__Otoolea	g__Ruminococcus_B	0.1307	0.0110886075949367
g__Otoolea	g__Ruthenibacterium	0.1511	0.0086984598757092
g__Otoolea	g__Streptococcus	-0.1162	0.0222686188609637
g__Otoolea	g__Sutterella	0.1036	0.0387318471337579
g__Otoolea	g__Terrisporobacter	-0.122	0.0201190531989688
g__Otoolea	g__Turicibacter	-0.1129	0.0286861216306527
g__Otoolea	g__Veillonella	-0.1176	0.0244274982927384
g__Parabacteroides	g__Pararoseburia	-0.1205	0.0086984598757092
g__Parabacteroides	g__Pauljensenia	-0.088	0.0464449711459192
g__Parabacteroides	g__Pediococcus	-0.1277	0.0086984598757092
g__Parabacteroides	g__Peptostreptococcus	-0.1734	0.0034649660962221
g__Parabacteroides	g__Phascolarctobacterium	0.1883	0.0034649660962221
g__Parabacteroides	g__Phocaeicola	0.3645	0.0034649660962221
g__Parabacteroides	g__Rothia	-0.1733	0.0034649660962221
g__Parabacteroides	g__Ruminococcus_B	-0.1186	0.0308089664310954
g__Parabacteroides	g__Ruthenibacterium	0.1234	0.0201190531989688
g__Parabacteroides	g__Sarcina	-0.1995	0.0034649660962221
g__Parabacteroides	g__Streptococcus	-0.1988	0.0034649660962221
g__Parabacteroides	g__Sutterella	0.1135	0.0286861216306527
g__Parabacteroides	g__Terrisporobacter	-0.1466	0.0061743383199079
g__Parabacteroides	g__Thomasclavelia	-0.1817	0.0034649660962221
g__Parabacteroides	g__Veillonella	-0.2637	0.0034649660962221
g__Paraprevotella	g__Prevotella	0.111	0.0179491039426523
g__Paraprevotella	g__Ruminiclostridium_E	-0.0895	0.0327878655608904
g__Paraprevotella	g__Ruminococcus_C	-0.0909	0.0347957198443579
g__Paraprevotella	g__Sellimonas	-0.1031	0.0327878655608904
g__Pararoseburia	g__Roseburia_D	0.0951	0.0179491039426523
g__Pararoseburia	g__Ruthenibacterium	-0.1129	0.0157269174401563
g__Pararoseburia	g__UBA3402	0.112	0.0110886075949367
g__Pararoseburia	g__Wujia	0.1542	0.0034649660962221
g__Parasutterella	g__Pseudoflavonifractor_A	0.0969	0.0134305381727158
g__Parasutterella	g__Sutterella	-0.1639	0.0034649660962221
g__Pauljensenia	g__Pediococcus	0.2102	0.0034649660962221
g__Pauljensenia	g__Peptostreptococcus	0.1727	0.0034649660962221
g__Pauljensenia	g__Phocaeicola	-0.1759	0.0034649660962221
g__Pauljensenia	g__Pseudoflavonifractor_A	0.1366	0.0061743383199079
g__Pauljensenia	g__Roseburia	-0.1945	0.0034649660962221
g__Pauljensenia	g__Rothia	0.2536	0.0034649660962221
g__Pauljensenia	g__Ruminococcus_B	0.1617	0.0034649660962221
g__Pauljensenia	g__Ruminococcus_E	-0.0874	0.0367736131934033
g__Pauljensenia	g__Sarcina	0.1194	0.0061743383199079
g__Pauljensenia	g__Streptococcus	0.2937	0.0034649660962221
g__Pauljensenia	g__Thomasclavelia	0.1549	0.0034649660962221
g__Pauljensenia	g__URXU01	0.0876	0.0327878655608904
g__Pauljensenia	g__Veillonella	0.1882	0.0034649660962221
g__Pauljensenia	g__Vescimonas	-0.098	0.0222686188609637
g__Pauljensenia	g__Weissella	0.0929	0.0327878655608904
g__Pediococcus	g__Peptostreptococcus	0.1344	0.0034649660962221
g__Pediococcus	g__Phocaeicola	-0.1795	0.0034649660962221
g__Pediococcus	g__Pseudobutyricicoccus	0.1062	0.0086984598757092
g__Pediococcus	g__Pseudoflavonifractor_A	0.234	0.0034649660962221
g__Pediococcus	g__Roseburia	-0.2268	0.0034649660962221
g__Pediococcus	g__Rothia	0.1371	0.0061743383199079
g__Pediococcus	g__Ruminococcus_B	0.3241	0.0034649660962221
g__Pediococcus	g__Sarcina	0.1194	0.0061743383199079
g__Pediococcus	g__Sellimonas	0.1187	0.0157269174401563
g__Pediococcus	g__Streptococcus	0.1591	0.0034649660962221
g__Pediococcus	g__Thomasclavelia	0.2249	0.0034649660962221
g__Pediococcus	g__Veillonella	0.2104	0.0034649660962221
g__Pediococcus	g__Vescimonas	-0.1763	0.0034649660962221
g__Peptostreptococcus	g__Phocaeicola	-0.1014	0.0367736131934033
g__Peptostreptococcus	g__Pseudoflavonifractor_A	0.1022	0.0061743383199079
g__Peptostreptococcus	g__Roseburia	-0.1304	0.0061743383199079
g__Peptostreptococcus	g__Rothia	0.2056	0.0034649660962221
g__Peptostreptococcus	g__Ruminococcus_B	0.2864	0.0034649660962221
g__Peptostreptococcus	g__Ruminococcus_E	-0.1118	0.0157269174401563
g__Peptostreptococcus	g__Sarcina	0.2638	0.0034649660962221
g__Peptostreptococcus	g__Streptococcus	0.2004	0.0034649660962221
g__Peptostreptococcus	g__Terrisporobacter	0.1812	0.0034649660962221
g__Peptostreptococcus	g__Thomasclavelia	0.2509	0.0034649660962221
g__Peptostreptococcus	g__Turicibacter	0.1102	0.0134305381727158
g__Peptostreptococcus	g__Veillonella	0.2252	0.0034649660962221
g__Peptostreptococcus	g__Vescimonas	-0.1442	0.0061743383199079
g__Phascolarctobacterium	g__Phocaeicola	0.2231	0.0034649660962221
g__Phascolarctobacterium	g__Prevotella	-0.1029	0.0347957198443579
g__Phascolarctobacterium	g__Pseudoscilispira	0.0867	0.0425744414282731
g__Phascolarctobacterium	g__Ruminococcus_E	0.1302	0.0034649660962221
g__Phocaeicola	g__Pseudoscilispira	0.0959	0.0308089664310954
g__Phocaeicola	g__Roseburia	0.1091	0.040656282887813
g__Phocaeicola	g__Rothia	-0.1715	0.0034649660962221
g__Phocaeicola	g__Sarcina	-0.2242	0.0034649660962221
g__Phocaeicola	g__Streptococcus	-0.2586	0.0034649660962221
g__Phocaeicola	g__Sutterella	0.2478	0.0034649660962221
g__Phocaeicola	g__Thomasclavelia	-0.1277	0.0086984598757092
g__Phocaeicola	g__Veillonella	-0.1984	0.0034649660962221
g__Phocaeicola	g__Vescimonas	0.1102	0.0179491039426523
g__Prevotella	g__Roseburia	0.1055	0.026579824363882
g__Prevotella	g__Roseburia_D	0.1208	0.0061743383199079
g__Prevotella	g__Ruminococcus_B	-0.2223	0.0034649660962221
g__Prevotella	g__Ruminococcus_E	-0.1014	0.0367736131934033
g__Prevotella	g__Ruthenibacterium	-0.1365	0.0086984598757092
g__Prevotella	g__Sellimonas	-0.1317	0.0061743383199079
g__Prevotella	g__Thomasclavelia	-0.1807	0.0034649660962221
g__Prevotella	g__Turicibacter	-0.1116	0.0286861216306527
g__Prevotella	g__Tyzzerella	-0.0965	0.0445362108321228
g__Prevotella	g__UBA3402	0.1795	0.0034649660962221
g__Prevotella	g__URXU01	0.1041	0.0308089664310954
g__Prevotella	g__Wujia	0.206	0.0034649660962221
g__Pseudobutyricicoccus	g__Ruminococcus_B	0.1152	0.0086984598757092
g__Pseudobutyricicoccus	g__Ruminococcus_C	-0.0902	0.0244274982927384
g__Pseudobutyricicoccus	g__Thomasclavelia	0.0884	0.026579824363882
g__Pseudoflavonifractor_A	g__Roseburia	-0.153	0.0034649660962221
g__Pseudoflavonifractor_A	g__Roseburia_D	-0.1132	0.0134305381727158
g__Pseudoflavonifractor_A	g__Rothia	0.0873	0.0327878655608904
g__Pseudoflavonifractor_A	g__Ruminococcus_B	0.2676	0.0034649660962221
g__Pseudoflavonifractor_A	g__Ruminococcus_E	-0.1329	0.0034649660962221
g__Pseudoflavonifractor_A	g__Sarcina	0.1229	0.0061743383199079
g__Pseudoflavonifractor_A	g__Sellimonas	0.1177	0.0086984598757092
g__Pseudoflavonifractor_A	g__Thomasclavelia	0.2179	0.0034649660962221
g__Pseudoflavonifractor_A	g__UBA3402	-0.0894	0.0222686188609637
g__Pseudoflavonifractor_A	g__URXU01	0.0836	0.0347957198443579
g__Pseudoflavonifractor_A	g__Veillonella	0.1087	0.0086984598757092
g__Pseudoflavonifractor_A	g__Vescimonas	-0.1794	0.0034649660962221
g__Pseudoscilispira	g__Roseburia_D	-0.0965	0.0157269174401563
g__Pseudoscilispira	g__Ruminococcus_B	0.0981	0.0387318471337579
g__Pseudoscilispira	g__Streptococcus	-0.0891	0.0464449711459192
g__Pseudoscilispira	g__Sutterella	0.094	0.0327878655608904
g__Pseudoscilispira	g__Vescimonas	0.1377	0.0034649660962221
g__Roseburia	g__Rothia	-0.195	0.0034649660962221
g__Roseburia	g__Ruminococcus_B	-0.2354	0.0034649660962221
g__Roseburia	g__Ruthenibacterium	-0.1015	0.0347957198443579
g__Roseburia	g__Sarcina	-0.1119	0.0134305381727158
g__Roseburia	g__Streptococcus	-0.2084	0.0034649660962221
g__Roseburia	g__Thomasclavelia	-0.2062	0.0034649660962221
g__Roseburia	g__Turicibacter	-0.1285	0.0061743383199079
g__Roseburia	g__Veillonella	-0.1149	0.0134305381727158
g__Roseburia	g__Vescimonas	0.106	0.0347957198443579
g__Roseburia_D	g__Ruminiclostridium_E	0.106	0.0134305381727158
g__Roseburia_D	g__Ruminococcus_B	-0.2138	0.0034649660962221
g__Roseburia_D	g__Ruminococcus_E	0.1104	0.0179491039426523
g__Roseburia_D	g__Sellimonas	-0.1147	0.0110886075949367
g__Roseburia_D	g__UBA3402	0.1627	0.0034649660962221
g__Roseburia_D	g__Wujia	0.2452	0.0034649660962221
g__Rothia	g__Ruminococcus_B	0.2032	0.0034649660962221
g__Rothia	g__Sarcina	0.1639	0.0034649660962221
g__Rothia	g__Streptococcus	0.4608	0.0034649660962221
g__Rothia	g__Thomasclavelia	0.1829	0.0034649660962221
g__Rothia	g__Turicibacter	0.0944	0.0425744414282731
g__Rothia	g__Veillonella	0.324	0.0034649660962221
g__Rothia	g__Vescimonas	-0.1507	0.0034649660962221
g__Rothia	g__Weissella	0.2032	0.0034649660962221
g__Ruminiclostridium_E	g__Wujia	0.1242	0.0086984598757092
g__Ruminococcus_B	g__Ruminococcus_C	-0.1337	0.0110886075949367
g__Ruminococcus_B	g__Ruminococcus_E	-0.1175	0.0134305381727158
g__Ruminococcus_B	g__Ruthenibacterium	0.1956	0.0034649660962221
g__Ruminococcus_B	g__Sarcina	0.2695	0.0034649660962221
g__Ruminococcus_B	g__Schaedlerella	0.168	0.0061743383199079
g__Ruminococcus_B	g__Sellimonas	0.2546	0.0034649660962221
g__Ruminococcus_B	g__Streptococcus	0.2407	0.0034649660962221
g__Ruminococcus_B	g__Terrisporobacter	0.1488	0.0034649660962221
g__Ruminococcus_B	g__Thomasclavelia	0.6258	0.0034649660962221
g__Ruminococcus_B	g__Turicibacter	0.1549	0.0034649660962221
g__Ruminococcus_B	g__Tyzzerella	0.1206	0.0134305381727158
g__Ruminococcus_B	g__UBA3402	-0.1686	0.0034649660962221
g__Ruminococcus_B	g__Veillonella	0.3796	0.0034649660962221
g__Ruminococcus_B	g__Vescimonas	-0.1921	0.0034649660962221
g__Ruminococcus_B	g__Wujia	-0.1781	0.0034649660962221
g__Ruminococcus_C	g__Ruminococcus_E	0.1235	0.0061743383199079
g__Ruminococcus_C	g__Schaedlerella	-0.1466	0.0061743383199079
g__Ruminococcus_C	g__Wujia	0.1249	0.0134305381727158
g__Ruminococcus_E	g__Streptococcus	-0.1087	0.0327878655608904
g__Ruminococcus_E	g__Veillonella	-0.101	0.040656282887813
g__Ruminococcus_E	g__Vescimonas	0.1101	0.026579824363882
g__Ruthenibacterium	g__Sellimonas	0.2438	0.0034649660962221
g__Ruthenibacterium	g__Thomasclavelia	0.2202	0.0034649660962221
g__Ruthenibacterium	g__UBA3402	-0.1356	0.0034649660962221
g__Ruthenibacterium	g__URXU01	-0.1012	0.040656282887813
g__Ruthenibacterium	g__Wujia	-0.1839	0.0034649660962221
g__Sarcina	g__Streptococcus	0.2633	0.0034649660962221
g__Sarcina	g__Terrisporobacter	0.1437	0.0034649660962221
g__Sarcina	g__Thomasclavelia	0.2576	0.0034649660962221
g__Sarcina	g__Turicibacter	0.1854	0.0034649660962221
g__Sarcina	g__Veillonella	0.3955	0.0034649660962221
g__Sarcina	g__Vescimonas	-0.1739	0.0034649660962221
g__Schaedlerella	g__Thomasclavelia	0.1207	0.0179491039426523
g__Schaedlerella	g__Vescimonas	-0.106	0.0134305381727158
g__Sellimonas	g__Thomasclavelia	0.2462	0.0034649660962221
g__Sellimonas	g__UBA3402	-0.1734	0.0034649660962221
g__Sellimonas	g__Wujia	-0.1652	0.0034649660962221
g__Streptococcus	g__Terrisporobacter	0.1746	0.0034649660962221
g__Streptococcus	g__Thomasclavelia	0.1903	0.0034649660962221
g__Streptococcus	g__Turicibacter	0.1786	0.0034649660962221
g__Streptococcus	g__Veillonella	0.48	0.0034649660962221
g__Streptococcus	g__Vescimonas	-0.1657	0.0034649660962221
g__Streptococcus	g__Weissella	0.2685	0.0034649660962221
g__Sutterella	g__URXU01	0.0988	0.0387318471337579
g__Terrisporobacter	g__Thomasclavelia	0.1261	0.0157269174401563
g__Terrisporobacter	g__Turicibacter	0.4055	0.0034649660962221
g__Terrisporobacter	g__UBA3402	-0.1183	0.0110886075949367
g__Terrisporobacter	g__Veillonella	0.1759	0.0034649660962221
g__Terrisporobacter	g__Wujia	-0.0941	0.0347957198443579
g__Thomasclavelia	g__Turicibacter	0.0986	0.0445362108321228
g__Thomasclavelia	g__UBA3402	-0.1101	0.0157269174401563
g__Thomasclavelia	g__Veillonella	0.3753	0.0034649660962221
g__Thomasclavelia	g__Vescimonas	-0.1191	0.0201190531989688
g__Thomasclavelia	g__Weissella	0.1079	0.0244274982927384
g__Thomasclavelia	g__Wujia	-0.1245	0.0086984598757092
g__Turicibacter	g__UBA3402	-0.0981	0.0347957198443579
g__Turicibacter	g__Veillonella	0.2105	0.0034649660962221
g__Turicibacter	g__Wujia	-0.1159	0.0061743383199079
g__UBA3402	g__Wujia	0.1939	0.0034649660962221
g__Veillonella	g__Vescimonas	-0.1999	0.0034649660962221
g__Veillonella	g__Weissella	0.1361	0.0086984598757092
