#OTU ID	g__Acetatifactor	g__Acutalibacter	g__Adlercreutzia	g__Agathobacter	g__Agathobaculum	g__Alistipes	g__Alistipes_A	g__Alitiscatomonas	g__Allocoprobacillus	g__Amedibacterium	g__Anaerobutyricum	g__Anaerofustis	g__Anaeromassilibacillus	g__Anaerostipes	g__Anaerotignum	g__Anaerotruncus	g__Anthropogastromicrobium	g__Aristaeella	g__Bacteroides	g__Bariatricus	g__Bifidobacterium	g__Bittarella	g__Blautia	g__Blautia_A	g__Brotaphodocola	g__Butyribacter	g__CAG-170	g__CAG-177	g__CAG-217	g__CAG-488	g__Catenibacterium	g__Choladousia	g__Clostridium	g__Clostridium_A	g__Clostridium_AP	g__Collinsella	g__Coprococcus_A	g__Dialister	g__Dorea	g__Dorea_A	g__Dorea_D	g__Dysosmobacter	g__Eggerthella	g__Enterobacter	g__Enterocloster	g__Enterococcus	g__Enterococcus_A	g__Enterococcus_B	g__Eubacterium_F	g__Eubacterium_G	g__Eubacterium_I	g__Evtepia	g__Faecalibacterium	g__Faecalimonas	g__Faecousia	g__Finegoldia	g__Flavonifractor	g__Fusicatenibacter	g__Fusobacterium_A	g__Gallintestinimicrobium	g__Gemella	g__Gemmiger	g__Gordonibacter	g__Granulicatella	g__Guopingia	g__Haemophilus_D	g__Holdemanella	g__Holdemania	g__Hominenteromicrobium	g__Hominibacterium	g__Hominicoprocola	g__Hominifimenecus	g__Hominilimicola	g__Hominimerdicola	g__Hominiventricola	g__Hungatella	g__Intestinibacter	g__JAGTTR01	g__Klebsiella	g__Lachnoclostridium_B	g__Lachnospira	g__Lacticaseibacillus	g__Lactiplantibacillus	g__Lactobacillus	g__Lactococcus	g__Lactonifactor	g__Laedolimicola	g__Lancefieldella	g__Latilactobacillus	g__Lawsonibacter	g__Lentihominibacter	g__Leuconostoc	g__Ligilactobacillus	g__Limivivens	g__Limosilactobacillus	g__Longicatena	g__Massilioclostridium	g__Mediterraneibacter	g__Megamonas	g__Merdibacter	g__Merdimmobilis	g__Merdimonas	g__Merdivicinus	g__Muricomes	g__Murimonas	g__Nanosynbacter	g__Negativibacillus	g__Odoribacter	g__Oliverpabstia	g__Onthenecus	g__Otoolea	g__Parabacteroides	g__Paraprevotella	g__Pararoseburia	g__Parasutterella	g__Pauljensenia	g__Pediococcus	g__Peptostreptococcus	g__Phascolarctobacterium	g__Phocaeicola	g__Prevotella	g__Pseudobutyricicoccus	g__Pseudoflavonifractor_A	g__Pseudoscilispira	g__Roseburia	g__Roseburia_D	g__Rothia	g__Ruminiclostridium_E	g__Ruminococcus_B	g__Ruminococcus_C	g__Ruminococcus_E	g__Ruthenibacterium	g__Sarcina	g__Schaedlerella	g__Sellimonas	g__Streptococcus	g__Sutterella	g__Terrisporobacter	g__Thomasclavelia	g__Turicibacter	g__Tyzzerella	g__UBA3402	g__URXU01	g__Veillonella	g__Vescimonas	g__Weissella	g__Wujia
g__Acetatifactor	3.4856	-0.2501	0.4473	0.9782	0.6159	1.0891	-0.2065	0.4692	-0.3143	-0.5812	1.0227	-0.3381	-0.2081	0.2421	0.5416	-0.2005	0.9391	0.2079	0.2850	0.8350	-0.7489	-0.3447	-0.9146	0.0149	0.6449	0.2451	0.3028	0.1581	0.2745	0.1947	-0.0316	0.4379	0.1049	-0.1895	-0.3711	0.6827	0.8088	-0.5565	0.6730	0.9455	-0.0425	0.9629	-0.6010	-0.8333	-0.3508	-0.6949	-0.8122	-0.9071	0.1241	0.6222	0.7840	0.5592	1.0776	-1.5755	0.0077	-0.5934	-0.7498	0.8264	-0.5812	0.7280	-0.5890	1.2634	-0.0593	-0.7525	0.1008	-0.3770	0.1451	0.0032	0.5855	0.0078	1.2465	0.1592	0.7732	0.5629	1.0554	-0.5959	-0.5984	0.1235	-0.9057	0.4719	1.0316	-0.8799	-0.5671	-0.4909	-0.6627	-0.3121	0.1580	-0.5607	-0.3838	0.5401	0.4815	-0.5194	-0.5220	0.7481	-0.7513	-0.5853	-0.4858	0.8291	-0.4583	-0.3375	-0.3337	-0.3906	-0.1281	-0.3141	0.6930	-0.7695	0.2326	0.4119	0.6340	0.4355	0.3676	0.4972	0.2478	0.1774	-0.0039	-0.5374	-0.9318	-0.5447	0.0121	0.3937	0.6497	-0.1647	-0.3864	0.0456	0.8727	0.3964	-0.5825	0.0678	-1.7636	0.1684	0.4075	-0.1291	-0.6349	-0.1893	-0.6748	-0.8082	0.1958	-0.4114	-1.1249	-0.2931	-0.3462	0.2648	-0.2632	-0.8708	0.5096	-0.4955	0.5589
g__Acutalibacter	-0.2501	2.4034	-0.0332	-0.4000	-0.3103	0.1015	0.1012	-0.3759	0.6783	0.0781	-0.5151	0.1907	0.8890	-0.0964	0.2101	0.1292	-0.3538	-0.0166	-0.0348	-0.5297	0.3907	0.1406	0.2335	-0.0633	-0.4408	-0.1091	0.0979	0.2338	-0.1859	-0.0560	-0.1562	-0.2452	-0.1158	0.3525	0.3371	-0.2934	-0.3629	0.4875	-0.3880	-0.6599	-0.0969	0.0948	0.3844	0.0381	-0.2738	0.0969	0.2443	0.2592	0.0783	-0.0234	-0.3583	-0.1936	-0.4878	0.4979	0.1012	0.2307	0.5478	-0.6095	0.1182	-0.4976	0.1393	-0.6735	0.1762	0.0906	0.3534	-0.2646	-0.2195	0.0818	-0.4814	0.3928	-0.3508	-0.1329	-0.2829	0.2733	-0.3770	0.2999	0.3380	-0.1155	-0.0811	0.0785	-0.2092	0.3895	0.1098	0.2559	0.1324	0.2352	-0.1115	0.1091	-0.0501	0.0152	-0.0205	-0.0258	0.1227	-0.2673	0.2876	0.2731	0.3262	-0.4357	-0.1326	0.4464	0.0691	0.5277	0.5433	0.2571	-0.3012	0.0296	0.8725	-0.3993	-0.4724	-0.2215	-0.2655	-0.0041	-0.1389	-0.1667	-0.0040	0.0645	0.5441	0.0557	-0.2861	-0.5139	-0.5593	0.0993	0.0973	-0.0268	-0.4630	-0.0155	0.0600	0.0885	0.5677	-0.0752	0.0433	0.4370	0.1163	-0.0672	0.5186	0.2042	-0.2137	0.0091	0.4860	0.3551	-0.1446	-0.2360	-0.1710	-0.0494	-0.1427	-0.2063	-0.2685
g__Adlercreutzia	0.4473	-0.0332	2.5738	0.4638	0.3137	0.8792	0.0313	-0.1539	-0.0708	-0.4124	0.6218	-0.2549	0.0260	0.1115	0.0337	-0.0934	0.1718	0.3217	-0.0560	0.7117	-0.0017	-0.1560	-0.7623	-0.0475	0.1478	0.1223	0.1998	0.1513	0.0801	0.1649	0.0031	0.3155	-0.1866	0.0459	-0.2909	0.6598	0.7376	-0.6147	0.4146	0.4653	0.1108	0.2021	-0.4779	-0.2859	-0.4041	-0.2763	-0.3770	-0.6608	0.1765	0.4315	0.5339	0.6215	0.3358	-0.9410	0.0209	-0.2385	-0.6635	0.2977	-0.3495	0.4287	-0.3247	1.1222	0.0472	-0.3445	0.0429	-0.6016	0.0546	0.0446	0.4308	0.3909	0.6847	0.0694	0.5652	0.1390	0.3115	-0.4122	-0.5403	0.1063	-0.1757	0.7094	0.1307	-0.4036	-0.2741	-0.2665	-0.2595	-0.1377	0.1304	-0.2945	-0.2223	0.1184	0.4627	-0.2297	-0.1916	0.5170	-0.2678	-0.3183	-0.1093	0.2712	-0.0461	-0.1912	-0.1360	-0.1615	-0.0389	-0.1177	0.3241	-0.6276	0.0270	0.4311	0.5761	0.2509	-0.0837	0.3053	0.1166	0.0701	-0.0910	-0.1545	-0.5008	-0.3748	0.4863	0.0179	-0.1525	0.0153	-0.3240	-0.0938	0.2809	0.2811	-0.3849	0.0730	-1.2129	0.2579	0.6981	-0.0307	-0.4947	-0.1368	-0.2835	-0.4908	-0.1055	-0.1980	-0.8601	-0.2353	-0.1357	0.0109	0.0324	-0.8761	0.4316	-0.2715	0.1522
g__Agathobacter	0.9782	-0.4000	0.4638	6.4922	1.3247	1.0194	-0.3082	0.9354	-0.5039	-0.7463	2.4142	-0.3792	-0.2328	1.0234	0.0555	-0.5387	1.4622	-0.0911	0.1815	1.5883	-0.1042	-0.2928	-1.0580	0.5118	0.8819	0.1170	-0.1731	-0.0733	0.1761	-0.0038	0.0777	0.4267	-0.5179	-0.1737	-0.5846	1.9724	1.1804	-0.3077	1.4533	1.3524	-0.1136	0.8744	-0.2575	-0.6532	-0.2473	-0.8949	-0.8939	-1.5141	-0.2831	1.1187	1.2294	0.3712	1.9254	-1.7686	-0.2432	-0.7461	-0.7117	2.2423	-0.6026	0.8137	-0.8256	2.0210	-0.1925	-1.0258	-0.2956	-0.7075	0.2828	-0.2805	0.3250	-0.0948	0.6960	-0.1351	1.3479	0.0938	0.8642	-0.8386	-0.7649	-0.1702	-0.9676	0.6723	1.1131	-1.2882	-0.7033	-0.4822	-0.6121	-0.5430	-0.1742	-0.7151	-0.4542	0.3057	0.2530	-0.7128	-0.6359	1.2139	-0.8436	-0.8531	-0.5531	1.0386	0.1008	-0.3064	-0.4156	-0.2925	-0.4630	-0.5585	0.5427	-1.4398	0.0281	1.1564	1.0499	0.2418	0.5097	0.8606	0.0159	-0.0294	0.1042	-0.4550	-0.8102	-0.7849	0.3680	0.9337	0.0106	-0.2846	-0.5008	-0.2179	1.6339	0.0319	-0.5171	-0.3955	-2.0487	0.4180	0.5430	-0.4614	-1.2430	-0.3105	-0.2649	-0.9621	0.0560	-0.5122	-2.1631	-0.5428	0.0081	0.2251	0.1346	-1.3912	0.3000	-0.3547	0.1846
g__Agathobaculum	0.6159	-0.3103	0.3137	1.3247	3.8538	0.4753	-0.2836	0.8879	-0.4266	-0.5987	1.7989	-0.2667	-0.3227	0.5852	0.3296	-0.3415	0.8629	-0.1008	0.2751	0.9680	-0.4650	-0.1839	-0.5243	0.6279	0.5805	-0.2146	-0.2599	-0.3138	0.0851	0.1296	0.1067	0.1476	-0.0307	0.1019	-0.3208	1.2986	0.8419	0.0149	1.5691	1.2435	-0.0150	0.5960	0.0539	-0.5995	-0.1977	-0.8398	-1.0269	-1.6706	-0.2312	0.7289	1.0542	0.1617	1.6422	-1.3748	-0.2358	-0.4624	-0.6053	1.2994	-0.4993	0.5985	-0.3509	1.9261	-0.1918	-0.6258	-0.2528	-0.5237	0.2354	0.0054	0.3697	-0.0648	0.5994	-0.0603	0.9936	-0.0080	0.5407	-0.8073	-0.9454	-0.0704	-0.6979	0.6344	0.4449	-0.8731	-0.8098	-0.6972	-0.5231	-0.2803	0.0521	-0.4987	-0.2920	0.2886	0.2015	-0.4286	-0.7313	0.8898	-0.9239	-0.4647	-0.4833	1.1730	-0.1396	-0.3353	-0.0938	-0.3090	-0.3137	-0.3628	0.4844	-0.9667	0.1249	0.8757	1.0216	0.1710	0.2710	0.4645	-0.0212	-0.0732	-0.0077	-0.3900	-1.0180	-0.4617	0.2536	1.1589	0.8459	-0.1609	-0.2512	-0.0038	0.9378	-0.1482	-0.5346	-0.2344	-1.4205	0.0767	0.1412	-0.3633	-0.6554	0.3094	-0.3296	-0.8767	0.0575	-0.1679	-1.2626	-0.2690	-0.0123	0.0799	-0.2577	-1.3986	0.3883	-0.2536	0.0655
g__Alistipes	1.0891	0.1015	0.8792	1.0194	0.4753	5.2130	0.0431	-0.2599	-0.0430	-0.8666	1.0889	-0.3087	0.2306	-0.1057	0.7373	0.0902	0.4615	0.0174	1.1372	1.1417	-0.4556	-0.2013	-1.3349	-0.1160	-0.0916	0.1222	0.2893	0.1173	-0.0211	-0.0469	-0.4441	0.0559	-0.1550	0.6653	0.0651	1.2783	0.7908	0.2342	0.7626	0.8757	-0.0893	1.6404	-0.0119	-0.9031	-0.4314	-0.7765	-0.9766	-1.3315	0.0302	1.0089	0.6015	1.2154	1.0965	-1.8532	0.0415	-0.5100	-0.2932	1.2482	-0.7074	0.7556	-0.7971	1.9013	0.0051	-1.0319	0.2713	-1.3486	-0.4442	0.0948	0.7930	0.5520	1.0366	-0.2252	1.5609	0.1503	0.9613	-0.3576	-0.4939	0.0248	-1.1459	0.1931	0.3059	-1.1001	-0.6151	-0.6999	-0.6438	-0.0446	-0.1382	-0.7135	-0.6760	1.1387	0.8159	-0.7945	-0.4654	0.7042	-0.7957	-0.4770	-0.2943	1.4959	-0.6133	-0.3553	-0.2696	-0.2402	0.0538	-0.2392	0.5212	-1.5981	0.3794	0.5664	-0.0016	0.3720	0.3850	1.5357	0.0418	-0.2290	-0.0764	-0.6399	-1.1483	-0.5943	0.7362	0.7748	-0.6046	-0.3119	-0.5997	0.4287	0.7271	0.1696	-0.9331	0.1167	-1.6994	0.4099	1.0454	0.7072	-0.9918	-0.2860	0.0528	-1.4220	0.2122	-0.5342	-1.2216	-0.2192	-0.1802	0.0902	-0.5318	-2.0330	1.2452	-0.7317	0.0250
g__Alistipes_A	-0.2065	0.1012	0.0313	-0.3082	-0.2836	0.0431	1.1776	-0.1709	0.0771	0.0399	-0.3397	0.0331	0.0469	-0.1612	-0.0255	0.1008	-0.1515	0.0872	-0.0804	-0.1421	0.0733	0.0442	-0.0963	-0.1217	-0.0952	-0.0960	0.1785	0.2049	-0.0253	0.0956	-0.0182	-0.0046	-0.1241	-0.0198	0.0630	-0.1802	-0.0921	-0.1295	-0.2351	-0.2111	-0.0084	-0.1260	0.0418	0.1249	0.0186	0.1575	0.1922	0.2228	-0.0614	-0.2135	-0.1604	0.0732	-0.4038	0.1839	0.1008	0.1075	0.0925	-0.3424	0.1231	-0.1211	0.1063	-0.2872	0.0410	0.1075	0.1523	-0.0374	0.0079	0.0398	0.0420	0.1502	0.0240	-0.0106	-0.2234	-0.2589	-0.0464	0.0911	0.0912	0.0678	0.1597	-0.0294	-0.2929	0.1639	0.1582	0.0810	0.0698	0.0115	0.1094	0.0693	0.0058	-0.0555	0.1237	-0.0191	0.0254	-0.1030	0.1021	0.0566	0.1124	-0.1685	0.0959	0.0833	0.0261	0.0928	0.0961	0.0979	0.0148	0.0496	0.0732	-0.2346	-0.1461	0.0563	-0.0596	-0.0822	0.0996	0.0127	0.0620	0.0615	0.1918	0.0885	0.0366	-0.1189	0.0984	0.0206	0.0501	0.0453	-0.3281	0.0649	0.0444	0.0170	0.3743	-0.0499	-0.0355	0.0840	0.0460	-0.0424	-0.0008	0.0382	0.0717	-0.0018	0.2339	0.0463	-0.0800	-0.0397	0.1541	0.1060	-0.0042	0.0411	-0.0903
g__Alitiscatomonas	0.4692	-0.3759	-0.1539	0.9354	0.8879	-0.2599	-0.1709	4.0223	-0.5675	-0.1649	0.8668	-0.2290	-0.3846	0.6962	0.2081	-0.3162	0.9352	-0.1995	0.5047	0.5994	-0.1079	-0.4181	-0.2037	0.2147	1.1874	-0.0295	-0.1133	-0.3338	-0.1148	-0.1355	-0.1232	-0.0205	-0.4338	-0.0961	-0.3037	0.5020	0.1606	0.4291	0.7884	0.6870	-0.0333	0.8224	0.0452	-0.4878	0.6041	-0.4445	-0.5428	-0.7934	-0.1941	0.7346	0.5492	-0.2702	1.5102	-0.7451	-0.1762	-0.3703	-0.1296	0.5345	-0.4249	0.3902	-0.3552	0.7973	-0.2168	-0.2971	-0.3458	0.4624	-0.3049	0.0416	0.0605	-0.4097	0.3492	-0.0608	0.2783	0.0272	0.5211	-0.4730	-0.5659	-0.1450	-0.4864	0.2482	1.1732	-0.5214	-0.5005	-0.1283	-0.3958	-0.3958	0.0445	-0.2562	-0.2027	0.1624	-0.3739	-0.3270	-0.4629	0.5441	-0.3335	-0.0370	-0.2983	0.5177	0.2539	-0.1811	-0.1646	-0.2168	-0.4119	-0.4041	0.0216	-0.1572	0.0365	0.4781	0.3358	-0.0434	0.2512	0.5273	-0.1995	-0.1350	0.4983	-0.3472	-0.4476	-0.2919	-0.2538	1.4553	0.7186	-0.0899	0.0109	0.0245	0.8135	-0.2022	-0.3429	-0.0842	-0.6158	0.0195	-0.1968	-0.6358	-0.4736	-0.1347	-0.3199	-0.4477	0.7005	-0.5710	-0.7091	-0.4817	-0.0656	0.2064	-0.0226	-0.1168	0.0679	-0.3615	0.0281
g__Allocoprobacillus	-0.3143	0.6783	-0.0708	-0.5039	-0.4266	-0.0430	0.0771	-0.5675	2.3573	0.1367	-0.3488	0.2619	0.6820	0.0144	0.1918	0.3167	-0.6016	-0.2218	0.0654	-0.7608	0.2166	0.3842	0.4998	0.0031	-0.5409	-0.1661	-0.2013	-0.0856	-0.2178	-0.1341	-0.3847	-0.3772	0.1572	0.2711	0.4184	-0.6198	-0.6288	0.6528	-0.6064	-1.0092	-0.1340	-0.0050	0.7229	0.1027	0.1049	0.2764	0.4055	0.4374	0.0165	-0.1017	-0.6036	-0.1408	-0.6451	0.8070	0.0542	0.1788	0.8553	-0.3789	0.3286	-0.2960	0.1713	-0.7166	0.1677	0.1282	0.1838	-0.2065	-0.5965	0.1201	-0.2087	0.2472	-0.6540	-0.1819	-0.0210	0.0748	-0.5002	0.5251	0.6132	-0.1798	0.2485	-0.1414	-0.1332	0.1654	0.1040	0.1399	0.2253	0.2090	-0.1067	0.1209	0.0441	0.3266	-0.1176	0.0941	0.0209	-0.4735	0.0546	0.5091	0.2931	-0.2453	-0.3318	0.2738	0.1333	0.3731	0.5137	0.3753	-0.3374	-0.0206	0.2846	-0.7252	-0.5841	-0.4098	0.0424	0.0318	-0.1058	-0.1534	-0.0721	0.1151	0.4795	0.1210	-0.0486	-0.3344	-0.6218	-0.0049	0.1564	-0.1028	-0.4585	-0.0538	0.0085	-0.0554	1.0868	-0.1405	0.1691	0.5606	0.1357	0.1528	0.6696	0.0936	-0.4275	0.1161	1.2062	0.2656	0.0751	-0.2522	-0.1929	0.0989	-0.2726	-0.0016	-0.3743
g__Amedibacterium	-0.5812	0.0781	-0.4124	-0.7463	-0.5987	-0.8666	0.0399	-0.1649	0.1367	2.7473	-0.6534	0.1799	-0.0915	0.0379	-0.0893	0.0245	-0.6725	-0.1403	-0.1522	-0.5512	0.0669	0.1809	0.9891	0.1950	-0.1819	-0.0640	-0.1060	-0.0024	-0.1320	-0.0426	-0.1918	-0.3645	0.1153	0.0918	0.2359	-0.4153	-0.6348	0.0462	-0.6585	-0.5034	-0.0670	-0.4816	0.3643	0.2593	0.5060	0.3087	0.3921	0.5067	0.0752	-0.3335	-0.4898	-0.3307	-0.6316	1.6887	0.0043	0.3163	0.4733	-0.4328	0.5663	-0.6131	0.3755	-1.3706	-0.1060	0.4213	0.0299	0.3297	-0.3474	0.0647	-0.5774	-0.0700	-0.7699	0.0085	-0.5915	-0.3169	-0.4644	0.1872	0.1032	-0.0930	0.3224	-0.4864	0.0023	0.3004	0.3783	0.3947	0.3291	0.0682	-0.0232	0.3554	0.3504	0.0056	-0.4130	0.5523	0.1831	-0.6874	0.3301	0.3602	0.2714	-0.6837	0.4247	0.1905	0.1655	0.1540	0.1638	0.1911	-0.5007	0.4471	-0.1847	-0.0809	-0.5943	-0.3860	0.1276	-0.2068	0.0210	0.1692	0.1452	0.2315	0.7647	0.2040	-0.0701	0.0877	-0.4716	0.0499	0.4309	0.0971	-0.3996	-0.2528	0.2830	0.0660	1.4844	-0.3270	-0.2047	0.0449	0.2197	0.4086	0.2547	0.3518	0.2515	0.1525	1.0164	0.0449	0.4825	-0.2015	0.3496	0.4018	-0.4386	0.4086	-0.1803
g__Anaerobutyricum	1.0227	-0.5151	0.6218	2.4142	1.7989	1.0889	-0.3397	0.8668	-0.3488	-0.6534	6.0300	-0.3897	-0.3677	1.2828	0.5614	-0.4123	1.6864	-0.0131	0.7799	1.7272	-0.1293	-0.3380	-0.7952	0.8128	0.7745	-0.1431	-0.0874	-0.2348	-0.1586	0.0767	0.2838	0.2294	-0.2586	0.1344	-0.2075	2.4945	1.1973	-0.1360	1.9760	1.7574	-0.0184	1.1557	-0.1575	-1.3263	-0.2768	-1.1145	-1.5157	-2.2468	-0.2283	1.1496	1.4567	0.6188	2.2731	-2.3866	-0.2994	-0.8599	-0.8379	2.7526	-0.6813	0.8675	-0.7664	2.4454	-0.0933	-1.1922	-0.1962	-1.2888	0.2020	-0.0816	0.5676	0.1171	0.8483	-0.1805	1.6200	-0.0849	0.7135	-1.2446	-1.4326	-0.1197	-1.3617	0.8921	0.6940	-1.8977	-1.0305	-0.9991	-0.5897	-0.3797	-0.1173	-0.7817	-0.5501	0.6184	0.4446	-1.0093	-0.8709	1.1380	-1.2436	-0.4765	-0.5377	2.3881	-0.1343	-0.4632	-0.3737	-0.6158	-0.3244	-0.5199	0.6479	-1.8873	0.0784	1.5502	1.4997	0.3929	0.5426	0.9673	0.1561	-0.1051	0.0583	-0.5306	-1.7197	-0.8614	0.3845	1.6107	0.2251	-0.3770	-0.6284	-0.0816	1.4629	0.0046	-0.9932	-0.2523	-2.4132	0.3000	0.4530	-0.1397	-1.3077	0.2286	-0.1679	-1.1567	-0.3361	-0.4647	-2.1293	-0.6809	0.1625	0.0518	-0.1984	-2.6964	0.5497	-0.3907	-0.0267
g__Anaerofustis	-0.3381	0.1907	-0.2549	-0.3792	-0.2667	-0.3087	0.0331	-0.2290	0.2619	0.1799	-0.3897	1.0995	0.1576	-0.2269	-0.1120	0.1129	-0.3472	-0.1056	-0.0811	-0.4583	0.1563	0.1795	0.1960	-0.1053	-0.3091	-0.0588	-0.0685	-0.0512	-0.0538	-0.0779	-0.0497	-0.1966	0.0140	0.0733	0.3034	-0.5831	-0.3217	0.2337	-0.3172	-0.4334	-0.0351	-0.2311	0.3149	0.2085	-0.0026	0.2274	0.3769	0.6109	0.0312	-0.2448	-0.4315	-0.1112	-0.3436	0.6645	-0.0270	0.1768	0.4035	-0.3438	0.2372	-0.2507	0.1915	-0.4681	0.0857	0.2494	0.0561	0.0981	-0.1171	0.0259	-0.1853	0.0325	-0.4616	-0.0459	-0.2919	0.0006	-0.3528	0.3609	0.4022	-0.0629	0.1829	-0.2606	-0.2172	0.3320	0.2288	0.2137	0.2099	0.2814	-0.0508	0.1984	0.0427	-0.1012	-0.1201	0.1394	0.1752	-0.3398	0.2285	0.2436	0.1547	-0.3157	0.0036	0.1775	0.0757	0.2100	0.2123	0.1677	-0.2868	0.2883	0.0183	-0.2240	-0.3334	-0.1691	-0.2012	-0.2555	-0.0884	-0.0272	0.0466	0.1712	0.3847	0.2010	-0.1087	-0.2995	-0.2271	0.0926	0.2153	-0.0221	-0.3655	-0.1283	0.1391	0.0569	0.7586	-0.0886	-0.1941	0.1651	0.2213	0.0878	0.2969	0.1916	-0.0900	0.2223	0.6654	0.1170	0.0192	-0.1355	0.0661	0.3442	-0.1727	0.0536	-0.1250
g__Anaeromassilibacillus	-0.2081	0.8890	0.0260	-0.2328	-0.3227	0.2306	0.0469	-0.3846	0.6820	-0.0915	-0.3677	0.1576	1.8662	-0.1382	0.3374	0.2912	-0.2468	-0.0546	0.0079	-0.4691	0.4825	0.1304	0.2479	-0.0023	-0.5483	-0.1216	0.0787	0.0934	-0.1058	-0.1230	-0.2301	-0.1867	-0.1241	0.3024	0.3151	-0.1482	-0.3045	0.4766	-0.3084	-0.6496	-0.0065	0.1214	0.4558	0.0170	-0.0313	0.0555	0.0835	0.1152	0.0485	-0.0775	-0.4293	-0.0010	-0.4730	0.4426	0.1010	0.1131	0.5584	-0.3466	0.0016	-0.4026	0.1260	-0.4347	0.2218	0.0362	0.3012	-0.2826	-0.2152	0.0235	-0.0527	0.2648	-0.2806	-0.1586	-0.2228	0.1359	-0.4038	0.3801	0.3155	-0.0762	-0.0301	0.0054	-0.1511	0.1331	0.0947	0.1621	0.1225	0.2607	-0.0762	0.0970	-0.0317	0.0655	0.0070	0.0217	-0.0014	-0.2789	0.0866	0.2130	0.2165	-0.3349	-0.2721	0.2999	0.1052	0.3603	0.4016	0.3005	-0.2243	-0.0495	0.4577	-0.3792	-0.3277	-0.1799	-0.0841	-0.0959	-0.1111	-0.2046	0.0782	0.0411	0.4560	0.1049	-0.3437	-0.5317	-0.4760	0.0514	-0.0131	-0.0197	-0.4070	0.0578	-0.0235	-0.0516	0.4398	-0.1479	0.0783	0.4548	0.1590	-0.1373	0.5073	0.0682	-0.2023	0.0443	0.6214	0.2247	-0.0886	-0.2396	-0.2896	-0.0187	-0.0741	-0.1047	-0.2705
g__Anaerostipes	0.2421	-0.0964	0.1115	1.0234	0.5852	-0.1057	-0.1612	0.6962	0.0144	0.0379	1.2828	-0.2269	-0.1382	3.4453	0.0154	-0.1919	0.6326	-0.0365	0.6748	0.3134	0.4560	-0.0924	0.9512	0.8904	0.3793	-0.2289	-0.1700	-0.3269	-0.0843	-0.1509	-0.4501	-0.0124	-0.0555	-0.0002	-0.1896	0.6302	0.2588	0.5200	0.7394	0.8803	-0.0747	0.3224	0.4760	-0.7292	0.3635	-0.6168	-0.8013	-0.9884	-0.1162	0.3541	0.5131	-0.1626	1.1137	-0.0310	-0.2342	-0.3549	0.1396	1.0526	-0.0374	0.0457	-0.3848	0.1442	-0.0581	-0.5274	-0.2308	-0.2627	-0.3869	0.0535	0.0245	-0.1548	-0.0274	-0.2084	0.2763	0.2768	0.0228	-0.2940	-0.1499	-0.2182	-0.8268	0.1396	0.8011	-0.8577	-0.4890	-0.3373	-0.2567	-0.2241	-0.1292	-0.3637	-0.3125	0.1239	-0.1688	-0.4000	-0.3669	0.3214	-0.3390	0.0230	-0.2415	0.5913	-0.4678	-0.2326	-0.0820	-0.2707	-0.1601	-0.1226	-0.0279	-0.4557	-0.0035	1.0772	0.5117	-0.0293	0.4389	0.2160	-0.1969	-0.1267	0.0532	-0.3901	-0.8071	-0.4433	0.1258	0.7736	-0.4975	-0.1448	-0.1597	-0.1586	0.6439	-0.2446	-0.3306	-0.1462	0.2810	-0.1914	0.1889	-0.1141	-0.6055	0.4123	-0.1351	-0.3992	0.0577	0.0371	-0.2844	0.0877	0.4279	-0.1612	-0.3754	-0.7425	0.0700	-0.1037	-0.1798
g__Anaerotignum	0.5416	0.2101	0.0337	0.0555	0.3296	0.7373	-0.0255	0.2081	0.1918	-0.0893	0.5614	-0.1120	0.3374	0.0154	3.1084	0.0323	0.1168	-0.0449	0.6450	0.3811	-0.5517	0.0573	0.1234	0.1567	-0.0390	0.0027	-0.0185	0.0720	-0.1341	-0.1807	-0.2203	-0.2453	-0.7633	0.3390	0.4108	0.0084	-0.0896	0.2232	0.0440	0.0125	-0.0478	0.9154	0.2894	-0.6347	0.2142	-0.4519	-0.5029	-0.8179	-0.0166	0.1847	0.0493	0.3853	0.4681	-0.0272	0.0305	-0.2836	0.4642	0.2128	-0.1568	0.0185	-0.2113	0.2045	0.0429	-0.3084	0.2163	-0.5143	-0.0079	0.2235	0.2838	0.3118	0.2252	-0.1488	0.3279	-0.0992	0.1777	0.0676	-0.9103	-0.1232	-0.8259	-0.0516	0.1956	-0.4125	-0.3191	-0.2758	-0.3630	0.1711	-0.0988	-0.1453	-0.3360	0.9047	0.0583	-0.3426	-0.2892	-0.0204	-0.4152	-0.0600	-0.0340	0.7384	-0.0800	0.0217	0.0442	-0.0359	0.3491	0.0936	0.0463	-0.5256	0.5108	0.1224	-0.1308	-0.2006	0.5930	0.9225	-0.0446	-0.0588	-0.3283	-0.2224	-0.0950	-0.2436	0.3797	0.3079	0.0189	-0.0372	-0.1145	0.0971	-0.1666	-0.0337	-0.3658	-0.0130	-0.2819	0.0290	0.0965	0.5768	-0.4016	-0.0694	0.3249	-0.4112	0.3837	-0.3880	-0.1327	-0.5308	-0.1611	-0.0717	-0.4085	-0.8013	0.5105	-0.2164	-0.1814
g__Anaerotruncus	-0.2005	0.1292	-0.0934	-0.5387	-0.3415	0.0902	0.1008	-0.3162	0.3167	0.0245	-0.4123	0.1129	0.2912	-0.1919	0.0323	1.3150	-0.3703	-0.0511	-0.0276	-0.4037	0.1076	0.1647	0.2393	-0.1163	-0.3029	-0.0281	0.0068	-0.0499	-0.1439	-0.0311	-0.0967	-0.2293	0.0252	0.1808	0.2899	-0.5967	-0.3172	0.1050	-0.5173	-0.6430	0.0024	-0.1458	0.3085	0.0826	0.2033	0.2132	0.2123	0.3556	-0.0515	-0.3313	-0.3458	0.0108	-0.6744	0.5645	0.0953	0.1914	0.5568	-0.2266	0.2721	-0.1529	0.1032	-0.5647	0.1249	0.1387	0.0975	0.0665	-0.2453	0.0619	-0.1237	0.0340	-0.2262	-0.0459	-0.2046	-0.0774	-0.2255	0.5377	0.3974	-0.0253	0.1132	-0.1896	-0.2226	0.1744	0.1180	0.1228	0.1366	0.1701	-0.0071	0.0897	0.0505	0.0921	-0.0823	0.0367	0.0983	-0.2878	0.1297	0.1410	0.1275	-0.2686	-0.0731	0.0941	0.0920	0.2861	0.1379	0.2079	-0.1635	0.1721	-0.0980	-0.4370	-0.2701	-0.1263	0.0755	-0.0711	-0.1307	-0.0949	0.0512	0.0323	0.3026	0.1982	0.1112	-0.1673	-0.3529	0.0792	0.0464	0.0330	-0.3949	0.0223	0.0512	-0.0061	0.6563	-0.0374	0.0519	0.3091	0.1142	0.0680	0.3919	0.0997	0.0555	0.1407	0.7073	0.0452	0.0400	-0.1108	0.0067	0.1956	0.0440	-0.0093	-0.1098
g__Anthropogastromicrobium	0.9391	-0.3538	0.1718	1.4622	0.8629	0.4615	-0.1515	0.9352	-0.6016	-0.6725	1.6864	-0.3472	-0.2468	0.6326	0.1168	-0.3703	4.0502	0.0912	-0.0952	1.0443	-0.2601	-0.4483	-0.7019	0.2179	0.7395	0.1219	0.1147	-0.0905	0.2675	-0.0060	0.1183	0.4863	0.3838	-0.3941	-0.5905	1.3232	0.7872	-0.2157	1.2893	1.2823	0.1154	0.5141	-0.7979	-0.9253	-0.3889	-0.6872	-0.9651	-1.1592	-0.1432	1.0139	1.0781	0.3572	1.4352	-1.7737	-0.0961	-0.5901	-0.8419	1.7372	-0.7845	0.9427	-0.6922	1.5886	-0.1115	-0.7440	-0.3047	-0.2111	0.3537	-0.1494	0.3799	-0.1080	1.0427	0.0564	0.9011	0.4996	0.7885	-0.9527	-0.5791	-0.0585	-0.9029	0.6368	1.1520	-0.9961	-0.4954	-0.6728	-0.5881	-0.4400	0.0144	-0.4724	-0.1405	0.0560	0.1936	-0.5436	-0.3655	1.0934	-0.6607	-0.4182	-0.4117	1.1242	-0.2601	-0.3522	-0.3866	-0.4884	-0.4757	-0.3041	0.5710	-0.5672	0.1052	1.0830	0.9362	0.2781	0.2542	0.1604	0.1148	-0.0041	-0.0211	-0.4602	-0.9599	-0.5549	-0.4687	0.2111	0.8336	-0.2432	-0.3642	-0.0882	1.4957	0.1261	-0.4564	-0.0470	-1.8756	0.0761	0.2068	-0.5730	-0.6825	-0.2746	-0.4828	-0.6484	-0.0679	-0.1964	-1.3979	-0.2105	0.1568	0.2023	-0.2473	-0.8725	0.4487	-0.4829	0.2225
g__Aristaeella	0.2079	-0.0166	0.3217	-0.0911	-0.1008	0.0174	0.0872	-0.1995	-0.2218	-0.1403	-0.0131	-0.1056	-0.0546	-0.0365	-0.0449	-0.0511	0.0912	1.8083	-0.2219	0.0232	0.0268	-0.1717	-0.0787	-0.1199	0.0571	0.2618	0.3710	0.2614	0.1412	0.1937	-0.0240	0.3304	0.0241	-0.1908	-0.2204	0.0869	0.2601	-0.2405	0.0151	0.0261	-0.0495	-0.1516	-0.1939	-0.0418	-0.3282	0.0169	0.0076	0.0596	0.1966	-0.1350	0.1012	0.1641	-0.1753	-0.0901	0.1539	0.0014	-0.4703	-0.0806	-0.0938	0.1058	-0.0371	0.1848	0.0554	-0.0621	0.0548	-0.0378	0.3071	-0.0396	0.2127	0.0296	0.4159	0.1555	-0.1254	0.3054	-0.0535	-0.1030	-0.0855	0.2471	-0.0072	0.1569	-0.0440	0.0523	0.0351	-0.0060	0.0003	-0.0937	0.1190	-0.0525	-0.0788	-0.4193	0.1911	0.0560	0.0014	0.1608	-0.0012	-0.1116	-0.0711	-0.1575	-0.1742	-0.0481	-0.1166	-0.1534	-0.0730	-0.0503	0.2546	-0.0139	-0.0060	0.1715	0.1739	0.2575	-0.2344	-0.2566	0.1511	0.0655	-0.0741	-0.0673	-0.0272	-0.0990	0.0312	-0.2404	-0.0631	-0.0247	-0.1482	-0.0994	-0.0415	0.3246	0.0193	0.2629	-0.3811	0.2864	0.2443	-0.1017	-0.0036	-0.1876	-0.2293	-0.0307	-0.1927	-0.0347	-0.1291	-0.0863	0.0119	0.1051	-0.0960	0.1016	0.1273	0.1054	0.1487
g__Bacteroides	0.2850	-0.0348	-0.0560	0.1815	0.2751	1.1372	-0.0804	0.5047	0.0654	-0.1522	0.7799	-0.0811	0.0079	0.6748	0.6450	-0.0276	-0.0952	-0.2219	5.5600	-0.3726	-0.4048	0.0278	0.4519	0.3709	-0.1556	-0.1603	-0.2024	-0.3004	-0.2452	-0.3277	-0.9662	-0.5324	-0.5181	0.6970	0.4465	0.0175	-0.1272	0.8019	-0.2849	-0.0683	-0.1674	0.9794	1.3359	-0.4696	1.3744	-0.6210	-0.7578	-1.1430	-0.1684	0.5540	-0.2522	0.1820	0.9072	0.3333	-0.0752	-0.0990	1.4421	0.2440	0.0472	0.0246	-0.4166	0.4034	0.0705	-0.5815	0.0352	-0.8056	-1.0393	0.2478	-0.0860	-0.0282	-0.2652	-0.3547	0.2870	-0.0672	-0.0777	0.3654	0.1432	-0.2946	-0.1803	-0.4377	0.3687	-0.9910	-0.3542	-0.7467	-0.2421	0.0492	-0.1271	-0.3399	-0.4950	0.6488	-0.0108	-0.3874	-0.3229	-0.4382	-0.7255	0.0824	-0.1272	1.1675	-0.2674	-0.0735	-0.0796	0.0037	0.2433	0.0515	-0.2338	-0.8527	0.0263	0.0391	-0.5620	-0.3353	0.5469	1.7601	-0.1856	-0.2590	0.3646	-0.3975	-0.5611	-0.1886	0.7838	2.0694	-1.4593	-0.1348	-0.0659	0.1653	0.1416	-0.2955	-0.5671	-0.0799	0.6757	-0.0199	0.1533	0.7110	-0.7072	0.4528	0.7396	-0.8717	0.3207	-0.0879	0.5890	-0.0368	0.0855	-0.2903	-0.2231	-0.3361	0.3059	-0.1933	-0.4102
g__Bariatricus	0.8350	-0.5297	0.7117	1.5883	0.9680	1.1417	-0.1421	0.5994	-0.7608	-0.5512	1.7272	-0.4583	-0.4691	0.3134	0.3811	-0.4037	1.0443	0.0232	-0.3726	5.3959	-0.4914	-0.5348	-1.3743	-0.0248	0.8254	0.1704	0.1088	0.2983	0.0862	0.2655	0.6986	0.5675	-0.1614	-0.1955	-0.7619	2.0996	1.5350	-0.5413	1.9388	2.1602	0.2493	0.5418	-0.9130	-0.5880	-0.8177	-0.7194	-1.1174	-1.0410	-0.0958	0.8181	1.5848	0.3854	1.5246	-2.5224	-0.1076	-0.5316	-1.3570	1.2208	-0.6567	0.9425	-0.7309	2.3509	-0.1986	-0.7845	-0.0380	-0.7856	0.8714	-0.1587	0.9226	0.1906	1.4518	0.2241	1.0508	-0.3069	1.2114	-1.3203	-1.6917	0.2790	-0.6746	1.1188	0.2393	-1.1199	-0.6188	-0.7055	-0.6084	-0.5628	0.0340	-0.5179	-0.4449	0.3473	0.6294	-0.7119	-0.6502	1.3749	-0.6234	-0.8573	-0.4439	1.1984	0.3158	-0.3723	-0.3819	-0.5528	-0.4374	-0.5883	0.8174	-1.0681	-0.2676	1.5194	1.3819	0.7317	0.0928	0.4367	0.2129	0.0725	0.0499	-0.2544	-1.1443	-0.5650	0.3214	0.6233	1.0250	-0.2810	-0.5596	-0.0213	1.2252	0.2361	-0.6365	-0.2701	-2.6360	0.2140	0.3464	-0.5569	-0.6317	-0.1934	-1.1979	-1.0357	-0.0608	-0.5440	-2.1103	-0.7572	-0.2924	0.3560	0.2036	-1.5312	0.6813	-0.3154	0.2966
g__Bifidobacterium	-0.7489	0.3907	-0.0017	-0.1042	-0.4650	-0.4556	0.0733	-0.1079	0.2166	0.0669	-0.1293	0.1563	0.4825	0.4560	-0.5517	0.1076	-0.2601	0.0268	-0.4048	-0.4914	7.0450	0.0807	-0.1443	0.3619	-0.4766	-0.2062	-0.0104	0.0583	-0.1880	-0.5356	-0.7478	-0.3627	0.4340	0.2427	0.0419	0.1702	-0.5036	0.7111	-0.0685	0.0468	0.1053	-0.4679	0.5715	0.0269	-0.6290	0.3327	0.7587	0.6946	-0.1202	-0.0622	-0.6080	-0.1474	0.1377	-0.1180	0.1584	0.0398	0.1672	-0.3755	-0.1559	-0.3746	0.0523	-0.4193	0.3464	0.1401	0.0004	0.0480	-0.3499	-0.0853	-0.0628	-0.0002	-0.7852	-0.1910	0.2993	-0.1624	-0.6334	-0.1362	0.8151	-0.1344	0.0995	0.0384	-0.0443	0.9130	0.6518	0.4198	0.4166	0.2440	-0.1567	0.2499	-0.0279	-0.3707	-0.0923	0.3127	0.2966	-0.2683	0.5097	0.3627	0.2261	-0.7202	0.0909	0.1129	-0.0630	0.0969	-0.1886	0.3333	-0.4295	0.6152	-0.0508	0.0902	-0.3846	-0.0322	-0.9201	-0.4790	-0.3250	-0.1275	0.2477	0.2531	0.7901	0.1891	-0.2409	0.0391	-0.6875	-0.0457	0.0828	-0.1518	-0.5601	-0.0839	0.1146	-0.1253	0.6753	-0.1717	0.0497	0.0097	0.4548	-0.3005	0.3292	0.5925	-0.1594	0.2316	0.8035	0.4944	0.0845	-0.4015	-0.0464	0.5007	0.1454	0.0454	-0.3569
g__Bittarella	-0.3447	0.1406	-0.1560	-0.2928	-0.1839	-0.2013	0.0442	-0.4181	0.3842	0.1809	-0.3380	0.1795	0.1304	-0.0924	0.0573	0.1647	-0.4483	-0.1717	0.0278	-0.5348	0.0807	1.2143	0.3064	0.0497	-0.3749	-0.1259	-0.1397	-0.0277	-0.1462	-0.0581	-0.1468	-0.2654	0.0017	0.1183	0.4673	-0.4302	-0.4107	0.2227	-0.4581	-0.5589	0.0649	-0.2044	0.2912	0.1757	0.1440	0.1821	0.2862	0.3794	-0.0292	-0.2607	-0.3272	-0.0180	-0.4927	0.7822	-0.0256	0.1325	0.4490	-0.2386	0.2525	-0.2669	0.1592	-0.4993	0.0396	0.1635	0.0897	0.0144	0.0332	0.1403	-0.1831	0.1476	-0.4741	-0.0630	-0.1635	-0.1498	-0.3275	0.4062	0.2577	-0.0862	0.1945	-0.2612	-0.3856	0.2209	0.1654	0.1170	0.1635	0.2479	-0.0519	0.1220	0.0723	-0.0190	-0.1089	0.1035	0.0928	-0.3613	0.1121	0.2432	0.1560	-0.2119	0.0624	0.1443	0.1333	0.1789	0.2317	0.2329	-0.2367	0.1684	0.0126	-0.3358	-0.2935	-0.2468	-0.0227	-0.1271	0.0132	-0.0638	0.0009	0.0778	0.2982	0.1440	-0.0281	-0.1426	-0.2978	0.0971	0.1564	0.0210	-0.4038	-0.1817	0.1324	-0.0466	0.8646	-0.1673	-0.1872	0.3579	0.2112	0.1905	0.3936	0.1573	-0.0356	0.0616	0.7914	0.1672	0.0756	-0.1404	0.0245	0.1614	-0.1649	0.0313	-0.2254
g__Blautia	-0.9146	0.2335	-0.7623	-1.0580	-0.5243	-1.3349	-0.0963	-0.2037	0.4998	0.9891	-0.7952	0.1960	0.2479	0.9512	0.1234	0.2393	-0.7019	-0.0787	0.4519	-1.3743	-0.1443	0.3064	6.8112	0.9700	-0.3053	-0.0233	-0.3650	-0.2133	-0.2143	-0.2227	-0.4933	-0.4336	0.5033	-0.1248	0.5267	-1.7089	-1.0110	0.6839	-1.2370	-1.1256	-0.0491	-0.5383	0.9496	0.1030	1.5844	0.1929	0.4029	0.3911	0.0161	-0.7921	-0.8695	-0.6152	-0.9759	3.5988	-0.2185	0.3330	1.7827	-0.6858	0.6815	-0.9748	0.3641	-2.4063	-0.0534	0.2300	-0.1900	0.4315	-0.6690	0.1447	-0.6522	-0.2809	-1.4312	0.0682	-0.9875	-0.0206	-1.0668	1.0243	0.8409	-0.1866	0.3011	-0.5560	0.3505	0.6653	0.2695	0.3891	0.3365	0.1374	-0.1440	0.3446	0.4139	-0.1192	-0.7099	0.4521	0.6072	-0.8619	0.2334	0.7297	0.2926	-0.3641	-0.9211	0.2022	0.3216	0.1826	0.2444	0.1828	-0.7663	1.1820	0.0227	-0.1461	-0.6399	-0.5778	0.6544	-0.5747	-0.0918	0.1949	-0.1000	0.1914	1.3781	0.2825	-0.1598	-0.4888	-1.2417	-0.0025	0.4335	-0.1684	-0.3770	-0.4223	0.2254	0.0508	2.9279	-0.3448	-0.4942	0.2262	0.5233	0.6331	0.5368	0.5291	-0.3121	0.5448	2.1117	0.3119	0.6326	-0.2141	-0.2228	1.2827	-1.1122	0.3948	-0.3096
g__Blautia_A	0.0149	-0.0633	-0.0475	0.5118	0.6279	-0.1160	-0.1217	0.2147	0.0031	0.1950	0.8128	-0.1053	-0.0023	0.8904	0.1567	-0.1163	0.2179	-0.1199	0.3709	-0.0248	0.3619	0.0497	0.9700	2.2366	0.0645	-0.2628	-0.2274	-0.1875	-0.1524	-0.1305	-0.1741	-0.1256	0.1590	0.2505	0.1798	0.4298	0.0393	0.5374	0.3756	0.3425	-0.0692	0.2139	0.5600	-0.6855	0.3810	-0.6070	-0.4531	-0.7828	-0.1428	0.1005	0.0809	-0.0329	0.7783	0.3057	-0.1612	-0.2618	0.3540	0.4995	0.0458	-0.1121	-0.2602	0.1191	-0.0776	-0.5943	-0.1449	-0.4329	-0.1826	0.0166	-0.1028	-0.0975	-0.2292	-0.1784	0.2017	0.0154	-0.1302	-0.1728	-0.1296	-0.1283	-0.4823	0.0794	0.5983	-0.4121	-0.4063	-0.2363	-0.2917	-0.0727	-0.0928	-0.1383	-0.2735	0.2113	-0.0582	-0.1380	-0.0843	0.0020	-0.3688	0.0790	-0.0878	0.5390	-0.0828	-0.0607	0.0176	-0.1424	-0.0581	-0.0828	-0.0588	-0.4036	0.0904	0.2855	0.1967	-0.1261	0.3672	0.2276	-0.0944	-0.1358	-0.0174	-0.1230	-0.0793	-0.3259	0.0103	0.4713	-0.1626	-0.1183	-0.0697	-0.0653	0.4965	-0.2660	-0.3996	-0.1350	0.2139	-0.1392	-0.0653	0.1470	-0.2991	0.3743	0.3578	-0.3504	-0.1970	0.0273	0.2768	0.1592	0.0077	-0.1794	-0.1615	-0.5551	-0.0728	-0.1520	-0.2857
g__Brotaphodocola	0.6449	-0.4408	0.1478	0.8819	0.5805	-0.0916	-0.0952	1.1874	-0.5409	-0.1819	0.7745	-0.3091	-0.5483	0.3793	-0.0390	-0.3029	0.7395	0.0571	-0.1556	0.8254	-0.4766	-0.3749	-0.3053	0.0645	3.1433	0.1384	0.0525	-0.0669	0.2357	0.0819	0.2278	0.3239	-0.1635	-0.4757	-0.6270	0.8019	0.6810	-0.5447	0.5371	1.0355	-0.0959	0.2165	-0.6659	-0.0944	0.3856	-0.2085	-0.4476	-0.5371	0.0003	0.5330	0.7992	-0.0864	0.8409	-0.8666	-0.0670	-0.2751	-0.7921	0.8539	-0.4074	0.4267	-0.3432	0.6203	-0.1740	-0.3342	-0.2490	0.1860	0.2748	-0.2020	0.1163	-0.2738	0.5574	0.1608	0.2541	0.0177	0.7465	-0.5470	-0.7002	0.0041	-0.1565	0.1565	0.8437	-0.4343	-0.3789	-0.2595	-0.2967	-0.3662	0.1003	-0.2208	-0.1456	0.0214	-0.1275	-0.2766	-0.2876	0.5850	-0.2011	-0.3983	-0.2694	0.2653	0.3828	-0.2227	-0.1735	-0.3804	-0.4075	-0.3689	0.3334	-0.2333	0.0496	0.4321	0.8591	0.1279	0.6133	-0.1476	0.1405	0.1205	0.0299	-0.2167	-0.4607	-0.3094	0.2890	0.6639	0.6281	0.0022	-0.1807	-0.1096	0.8014	0.1549	-0.2553	-0.0442	-1.0297	-0.0721	0.1347	-0.7675	-0.5707	-0.1230	-0.6734	-0.5059	0.3812	-0.4104	-0.9965	-0.3969	0.0303	0.4134	0.1955	-0.3504	-0.0291	-0.3395	0.3331
g__Butyribacter	0.2451	-0.1091	0.1223	0.1170	-0.2146	0.1222	-0.0960	-0.0295	-0.1661	-0.0640	-0.1431	-0.0588	-0.1216	-0.2289	0.0027	-0.0281	0.1219	0.2618	-0.1603	0.1704	-0.2062	-0.1259	-0.0233	-0.2628	0.1384	2.0625	0.2569	0.0348	0.0660	0.1658	-0.0381	0.2859	0.1644	-0.1374	-0.0727	-0.0757	-0.0010	-0.1044	-0.0908	-0.1737	-0.0444	-0.3105	-0.2300	0.0703	-0.1771	0.0115	0.0514	0.0233	0.4050	-0.0816	-0.0750	0.1833	-0.1494	0.0501	0.0248	-0.0093	-0.4064	-0.1408	-0.0096	0.2988	-0.1101	-0.1056	0.0409	-0.0039	-0.0095	0.2225	0.1072	-0.1293	0.0951	0.0281	0.0989	0.1926	0.1663	0.3402	0.1666	-0.0508	-0.0024	0.0609	0.0272	-0.0691	0.1220	0.0062	0.1046	-0.0512	-0.0516	-0.1044	0.0400	-0.0644	0.0426	-0.1969	0.1674	0.0293	0.0364	0.2294	-0.0097	-0.0078	-0.0603	-0.2781	-0.2121	-0.0650	-0.0977	-0.0628	0.0482	-0.0914	0.0837	0.0220	-0.1430	0.0710	0.0349	0.2080	-0.0700	-0.0847	0.1023	0.2014	-0.0115	0.0332	-0.0109	-0.0374	-0.0131	-0.2432	-0.3170	-0.0489	-0.1424	-0.0293	-0.0133	0.3555	0.0277	0.1368	-0.2775	0.3164	0.2894	-0.1376	0.0734	-0.1127	-0.1780	0.0076	-0.1454	-0.1627	-0.0711	-0.1016	0.2046	0.2258	-0.1548	0.0948	0.0280	-0.0632	0.5009
g__CAG-170	0.3028	0.0979	0.1998	-0.1731	-0.2599	0.2893	0.1785	-0.1133	-0.2013	-0.1060	-0.0874	-0.0685	0.0787	-0.1700	-0.0185	0.0068	0.1147	0.3710	-0.2024	0.1088	-0.0104	-0.1397	-0.3650	-0.2274	0.0525	0.2569	1.6716	0.4675	0.1896	0.0152	0.0977	0.2445	-0.1470	-0.0700	-0.2077	-0.0531	0.3414	-0.3062	0.1307	0.0620	0.0356	0.0624	-0.4351	-0.1393	-0.3411	-0.0271	-0.0260	0.0439	0.2105	0.0268	0.1156	0.2827	-0.2491	-0.2357	0.1484	-0.0411	-0.4775	-0.1858	-0.0861	0.1173	-0.0634	0.2625	0.1009	-0.0921	0.1994	-0.2245	0.2121	-0.0589	0.2667	0.1437	0.6685	0.1013	-0.1611	0.0211	0.1502	-0.1632	-0.1703	0.2033	-0.1174	0.1372	-0.0969	0.0225	0.0295	0.0288	-0.0745	-0.0994	0.1442	-0.0684	-0.0825	-0.2162	0.2998	-0.0362	0.0670	0.0720	0.0549	-0.1006	-0.0559	-0.0927	-0.0174	-0.0923	-0.0930	-0.0363	0.0674	-0.0488	0.2367	-0.0795	0.1139	-0.0499	0.0829	0.2851	-0.2799	-0.0418	0.1226	-0.0548	0.1942	-0.0505	-0.0323	-0.0426	-0.1623	-0.1994	0.1665	0.1184	-0.1478	0.0063	-0.0450	0.5097	-0.0079	0.2523	-0.5198	0.0097	0.2726	-0.0018	-0.0448	-0.2061	-0.2990	-0.1768	-0.0724	-0.1437	-0.1269	-0.0674	-0.1556	0.2214	-0.0567	-0.2208	0.0550	-0.0190	0.3048
g__CAG-177	0.1581	0.2338	0.1513	-0.0733	-0.3138	0.1173	0.2049	-0.3338	-0.0856	-0.0024	-0.2348	-0.0512	0.0934	-0.3269	0.0720	-0.0499	-0.0905	0.2614	-0.3004	0.2983	0.0583	-0.0277	-0.2133	-0.1875	-0.0669	0.0348	0.4675	1.9358	0.1033	0.0145	0.1829	0.1569	-0.0305	0.0073	-0.2246	0.0685	0.0916	-0.0147	0.0902	0.2406	0.0813	-0.0940	-0.3733	-0.0409	-0.2865	0.0115	0.0711	0.2734	-0.0522	-0.1131	-0.0273	0.1309	-0.2561	-0.0430	0.1420	0.0114	-0.2922	-0.3060	-0.0133	-0.0754	-0.0452	0.1130	0.0307	-0.0212	0.2851	-0.2283	0.5081	-0.1374	0.0951	0.3220	0.3587	0.1692	-0.2107	-0.0117	0.0955	-0.1325	-0.1123	0.1358	-0.0908	0.2402	-0.2875	0.0735	0.1179	0.0252	-0.0121	-0.1568	0.1147	-0.0138	-0.0918	-0.2156	0.2137	-0.0558	-0.0410	0.0757	0.0394	-0.1368	0.0452	-0.0593	0.1731	0.0640	-0.0848	0.0062	0.1061	0.0063	0.2257	0.0091	0.1384	-0.0980	0.1844	0.2040	-0.2484	-0.0379	0.1696	0.1080	0.1011	0.0840	0.1209	0.0513	-0.3001	-0.2227	0.4662	-0.0988	-0.0576	-0.0449	-0.1815	0.3974	0.0217	0.0405	-0.3317	-0.0347	-0.0887	-0.0082	-0.0626	-0.2298	-0.3389	-0.1394	-0.1125	-0.0215	-0.1201	0.0347	-0.1422	0.0593	0.0477	-0.1145	0.0769	-0.0789	0.1563
g__CAG-217	0.2745	-0.1859	0.0801	0.1761	0.0851	-0.0211	-0.0253	-0.1148	-0.2178	-0.1320	-0.1586	-0.0538	-0.1058	-0.0843	-0.1341	-0.1439	0.2675	0.1412	-0.2452	0.0862	-0.1880	-0.1462	-0.2143	-0.1524	0.2357	0.0660	0.1896	0.1033	2.5368	-0.3508	0.1856	0.3602	-0.1001	-0.3750	-0.1792	-0.0178	0.4595	-0.2518	0.1654	0.2974	0.0721	-0.1179	-0.3812	-0.1259	-0.2017	0.0214	-0.0753	0.0272	0.0837	-0.0197	0.1961	0.0725	0.0321	-0.1268	0.0639	-0.0048	-0.3793	-0.0856	-0.0834	-0.0130	-0.1336	0.3366	-0.0406	-0.0323	-0.0779	-0.2078	0.5595	-0.0335	0.2396	-0.1511	0.3805	0.1467	0.1725	0.1300	0.1080	-0.2301	-0.1460	0.0289	0.0035	0.1605	-0.0098	0.1370	-0.0117	0.1087	-0.0351	0.0251	0.1613	-0.0743	0.0389	-0.1382	0.1292	-0.0092	0.1313	0.2399	0.0873	-0.0848	0.0099	0.0083	-0.1015	-0.0650	-0.0108	-0.1190	-0.1455	-0.0583	0.3188	-0.0884	0.0671	-0.1088	0.1740	0.3186	0.0257	-0.1052	0.0875	0.1832	-0.1365	-0.0951	0.0184	0.0520	-0.2416	-0.3512	0.7045	0.0040	-0.1355	-0.0322	0.1606	0.1569	0.0473	0.3150	-0.4127	-0.0404	0.0853	-0.2660	0.0250	-0.0206	-0.3346	-0.2862	0.1186	-0.0799	-0.2451	-0.2081	0.1289	0.1000	0.0799	-0.1480	-0.0604	-0.1504	0.3623
g__CAG-488	0.1947	-0.0560	0.1649	-0.0038	0.1296	-0.0469	0.0956	-0.1355	-0.1341	-0.0426	0.0767	-0.0779	-0.1230	-0.1509	-0.1807	-0.0311	-0.0060	0.1937	-0.3277	0.2655	-0.5356	-0.0581	-0.2227	-0.1305	0.0819	0.1658	0.0152	0.0145	-0.3508	2.8109	0.3595	0.1514	-0.0290	-0.0435	-0.1802	0.3261	0.2735	-0.5884	0.1885	0.3472	0.0164	-0.0893	-0.2011	0.1050	-0.1995	-0.0280	-0.0605	-0.0233	0.0549	0.1304	0.3187	-0.0115	-0.0089	-0.1690	0.0830	0.0290	-0.3991	-0.0086	-0.0732	0.1827	-0.1161	0.2731	-0.1338	-0.0829	-0.0221	-0.1230	0.5124	-0.0798	0.1058	0.0862	0.3837	0.1327	-0.0402	-0.2096	0.1933	-0.1276	-0.1280	0.1633	0.2332	0.1726	-0.1612	-0.1208	-0.1037	-0.0741	-0.0065	-0.1110	0.1316	-0.0464	-0.0872	-0.1377	0.2727	-0.0932	-0.0998	0.0238	-0.0952	-0.0961	-0.1194	0.1324	0.1177	-0.0286	0.0572	-0.0316	-0.0816	-0.0531	0.1730	-0.0516	0.0771	-0.0560	0.1335	0.1170	0.0199	-0.0872	0.4378	-0.0373	-0.2630	-0.0938	-0.0651	-0.1428	0.1884	-0.0756	0.5361	0.0384	-0.0407	0.1219	0.2997	0.0963	-0.1143	-0.0372	-0.2622	0.0989	0.0479	-0.0938	-0.1481	-0.0406	-0.2726	-0.1501	0.0193	0.0831	-0.3666	-0.0543	-0.0741	0.2323	0.1099	-0.1037	0.1311	-0.0750	0.2328
g__Catenibacterium	-0.0316	-0.1562	0.0031	0.0777	0.1067	-0.4441	-0.0182	-0.1232	-0.3847	-0.1918	0.2838	-0.0497	-0.2301	-0.4501	-0.2203	-0.0967	0.1183	-0.0240	-0.9662	0.6986	-0.7478	-0.1468	-0.4933	-0.1741	0.2278	-0.0381	0.0977	0.1829	0.1856	0.3595	4.6458	0.4832	-0.4082	-0.5977	-0.2708	0.6167	0.5678	-0.8113	0.5567	0.5164	0.1424	-0.4602	-0.8648	0.3727	-0.1859	-0.0237	-0.0640	0.1564	0.0151	-0.3955	0.1607	-0.0216	0.0072	-0.4080	-0.1648	0.0749	-0.6933	-0.2170	0.0319	-0.2255	0.0678	0.3835	-0.1356	-0.0761	-0.0274	0.0714	1.5288	-0.2412	0.1208	0.1151	0.5177	0.3464	-0.3317	-0.3149	0.4038	-0.2165	-0.4505	0.2171	0.3807	0.4412	-0.1173	-0.1531	0.0718	0.0340	0.2312	-0.1419	0.0088	0.0806	0.3682	-0.1544	0.1525	0.0060	0.1269	0.2110	0.2740	-0.2354	-0.0384	0.0728	0.5652	0.0794	-0.0450	-0.0326	-0.2115	-0.1299	0.4002	0.0293	-0.2228	-0.9671	0.5691	0.3341	0.0100	-0.0311	0.4901	0.0054	-0.1554	0.2613	-0.0449	0.0011	-0.1534	-0.3690	1.6332	0.2711	-0.0100	-0.0603	0.2458	0.2658	0.0870	-0.0554	-1.0613	0.0052	-0.2200	-0.3290	-0.0136	0.0245	-0.3581	0.1221	-0.0675	-0.0895	-0.7922	-0.3347	-0.2072	0.2675	0.6591	0.0910	-0.1059	0.3699	0.3924
g__Choladousia	0.4379	-0.2452	0.3155	0.4267	0.1476	0.0559	-0.0046	-0.0205	-0.3772	-0.3645	0.2294	-0.1966	-0.1867	-0.0124	-0.2453	-0.2293	0.4863	0.3304	-0.5324	0.5675	-0.3627	-0.2654	-0.4336	-0.1256	0.3239	0.2859	0.2445	0.1569	0.3602	0.1514	0.4832	1.9453	0.0151	-0.4382	-0.4213	0.4959	0.6137	-0.5981	0.5373	0.6405	0.1331	-0.1554	-0.6239	-0.0249	-0.4903	-0.1199	-0.2166	-0.2473	0.1220	0.1526	0.5096	0.1438	0.1248	-0.6818	-0.0500	-0.1666	-0.9433	0.1449	-0.2564	0.3382	-0.2539	0.5921	-0.0891	-0.2920	-0.0607	-0.1284	0.5967	-0.2471	0.4296	-0.0140	0.7046	0.3382	0.1463	0.1080	0.4166	-0.4478	-0.4614	0.2679	-0.0108	0.4227	0.1578	-0.1455	-0.2072	-0.1575	-0.1652	-0.3176	0.1127	-0.1258	-0.0591	-0.1779	0.3156	-0.1331	-0.0452	0.6000	-0.1360	-0.2515	-0.1667	0.0461	0.1115	-0.1464	-0.1313	-0.2135	-0.2149	-0.1764	0.6603	-0.1757	0.0043	0.3114	0.7923	0.5478	-0.0621	-0.0914	0.2880	0.2312	-0.1718	-0.0641	-0.2043	-0.2854	-0.1122	-0.3878	0.8155	-0.0248	-0.3097	-0.0807	0.3046	0.3883	-0.0655	0.1257	-1.1523	0.2556	0.1947	-0.3798	-0.1859	-0.1689	-0.5475	-0.1824	-0.2352	-0.1367	-0.8074	-0.1995	-0.0060	0.3321	0.1208	-0.0518	0.0015	-0.0993	0.5325
g__Clostridium	0.1049	-0.1158	-0.1866	-0.5179	-0.0307	-0.1550	-0.1241	-0.4338	0.1572	0.1153	-0.2586	0.0140	-0.1241	-0.0555	-0.7633	0.0252	0.3838	0.0241	-0.5181	-0.1614	0.4340	0.0017	0.5033	0.1590	-0.1635	0.1644	-0.1470	-0.0305	-0.1001	-0.0290	-0.4082	0.0151	5.1233	-0.1593	0.0066	0.0522	-0.0908	0.1132	0.1045	-0.0008	-0.2656	-0.6353	-0.3721	0.2078	-0.5987	0.1786	0.0234	0.2837	-0.1351	0.0999	-0.3430	-0.3438	-0.0403	0.5605	0.0042	-0.0453	-0.5836	0.3806	0.0504	0.0366	0.0962	-0.5344	-0.1686	0.0528	-0.0505	0.8313	-0.5116	-0.1036	-0.2083	-0.2367	-0.4450	-0.0608	0.1647	0.2478	-0.2257	-0.0438	2.0224	-0.0661	0.0583	-0.3605	0.9359	0.1935	-0.0423	-0.2311	0.0451	-0.1696	0.0175	-0.0144	0.2526	-0.4951	-0.1424	0.3433	0.1440	-0.2337	-0.1006	0.0030	-0.0794	-0.2061	-0.2948	-0.0923	-0.1053	0.0050	-0.1412	-0.0606	-0.1172	0.7734	-0.1331	-0.0728	0.2034	0.0186	-0.3690	-0.7520	-0.1716	0.0509	-0.2864	-0.1254	-0.1343	0.2389	-0.6021	-0.3407	-0.3921	-0.1200	-0.1343	-0.1824	0.5603	0.0250	-0.0460	0.0742	0.4232	-0.0367	-0.3861	-0.1514	1.1775	0.1847	-0.1257	0.4808	-0.4458	1.4319	0.3939	1.6383	-0.1124	-0.0902	-0.1304	1.2624	-0.1862	0.1248	0.0584
g__Clostridium_A	-0.1895	0.3525	0.0459	-0.1737	0.1019	0.6653	-0.0198	-0.0961	0.2711	0.0918	0.1344	0.0733	0.3024	-0.0002	0.3390	0.1808	-0.3941	-0.1908	0.6970	-0.1955	0.2427	0.1183	-0.1248	0.2505	-0.4757	-0.1374	-0.0700	0.0073	-0.3750	-0.0435	-0.5977	-0.4382	-0.1593	2.4316	0.4294	0.1412	-0.2394	0.6249	-0.1671	-0.2877	0.0920	0.3936	0.6691	-0.2575	0.2449	-0.2406	0.0019	-0.4862	-0.0598	0.0300	-0.2248	0.1382	0.2135	0.4349	-0.0287	0.0367	0.6040	0.1349	-0.0219	-0.1148	-0.0168	0.0237	0.1906	-0.2250	0.1982	-0.2236	-0.6487	0.1602	-0.1920	0.2656	-0.2453	-0.2832	0.1685	-0.1356	-0.3196	0.2891	0.2723	-0.1925	-0.3109	-0.2843	-0.1302	-0.0552	-0.0847	-0.1350	-0.0553	0.1485	-0.1157	-0.1051	-0.1933	0.3107	0.0496	-0.2079	-0.1840	-0.2457	-0.1094	0.0034	0.0548	0.2326	-0.1499	0.1107	0.0367	0.1905	0.3007	0.0884	-0.1586	-0.2016	0.1329	-0.0546	-0.3792	-0.2312	0.0613	0.5380	-0.2256	-0.2909	0.1389	-0.1406	-0.0267	-0.1182	0.1723	0.2608	-0.7214	-0.1264	0.0299	0.1785	-0.2684	-0.1118	-0.2042	-0.1316	0.8893	0.1010	0.0831	0.5452	-0.1164	-0.1031	0.5577	-0.0593	0.0405	-0.0680	0.5578	0.1095	-0.1400	-0.3499	-0.1423	-0.2132	0.2052	-0.1524	-0.4048
g__Clostridium_AP	-0.3711	0.3371	-0.2909	-0.5846	-0.3208	0.0651	0.0630	-0.3037	0.4184	0.2359	-0.2075	0.3034	0.3151	-0.1896	0.4108	0.2899	-0.5905	-0.2204	0.4465	-0.7619	0.0419	0.4673	0.5267	0.1798	-0.6270	-0.0727	-0.2077	-0.2246	-0.1792	-0.1802	-0.2708	-0.4213	0.0066	0.4294	2.3685	-0.7832	-0.6653	0.4741	-0.6172	-1.1095	0.0318	0.0435	0.6638	0.0789	0.4168	0.0940	0.2261	0.2213	-0.0337	-0.3700	-0.6575	0.0744	-0.4682	1.1968	-0.0295	0.1542	0.8565	-0.2899	0.3371	-0.3151	0.2195	-0.6336	0.1866	0.1595	0.1297	0.0193	-0.3100	0.2594	-0.3558	0.1485	-0.7705	-0.2000	-0.0653	-0.1349	-0.4589	0.6354	0.3408	-0.2473	0.0813	-0.6947	-0.2361	0.2826	0.1055	0.1782	0.1425	0.4387	-0.1450	0.1464	-0.0104	0.1690	-0.1509	0.0858	0.2447	-0.6741	0.1332	0.3820	0.2596	-0.2253	-0.1023	0.1994	0.2651	0.3416	0.3091	0.2736	-0.4467	0.0046	0.0966	-0.2836	-0.8189	-0.4508	0.1343	0.1297	-0.0706	-0.1741	0.0786	0.1201	0.4159	0.1385	0.1998	0.1061	-0.6276	0.0694	0.2150	0.0722	-0.6575	-0.3536	0.0223	0.0044	1.2814	-0.0977	-0.2113	0.6087	0.3285	0.4463	0.8878	0.0846	-0.1961	-0.0235	0.9648	0.2392	0.0671	-0.3378	-0.0786	0.1736	-0.2149	-0.0499	-0.3536
g__Collinsella	0.6827	-0.2934	0.6598	1.9724	1.2986	1.2783	-0.1802	0.5020	-0.6198	-0.4153	2.4945	-0.5831	-0.1482	0.6302	0.0084	-0.5967	1.3232	0.0869	0.0175	2.0996	0.1702	-0.4302	-1.7089	0.4298	0.8019	-0.0757	-0.0531	0.0685	-0.0178	0.3261	0.6167	0.4959	0.0522	0.1412	-0.7832	9.2923	1.4038	-0.4780	2.2345	2.7613	-0.0436	0.9068	-0.6078	-0.9032	-1.0764	-1.0761	-1.4265	-1.8150	-0.3143	0.6554	1.2729	0.3102	2.6359	-2.7117	-0.1392	-0.4820	-1.5718	1.2434	-0.8946	0.4723	-0.4852	2.4457	-0.2048	-0.6573	-0.0950	-0.7271	0.8336	-0.2250	0.5355	0.2925	0.5792	-0.0190	0.7831	0.0821	0.8030	-1.4054	-1.5947	0.0717	-0.7299	1.0266	0.4094	-1.4962	-0.9531	-0.7826	-0.4329	-0.6147	-0.0476	-0.5328	-0.2467	0.2864	0.5110	-0.5951	-0.8073	1.3667	-0.8578	-0.6408	-0.4125	1.1730	0.8091	-0.3884	-0.3998	-0.4202	-0.7283	-0.4471	0.8426	-1.4884	-0.0199	1.7072	1.2439	0.4567	-0.0368	0.7161	0.5620	-0.0043	0.3931	-0.3870	-1.6608	-0.7989	0.3060	1.2770	1.1422	-0.3437	-0.5449	0.0014	1.2133	0.1001	-0.3886	-0.2346	-2.6435	0.0146	0.6225	-0.4705	-1.1636	-0.1814	-0.5765	-0.7394	-0.0626	-0.5462	-2.5066	-0.4292	0.1201	0.0473	0.2387	-1.8870	0.6115	-0.3410	0.0300
g__Coprococcus_A	0.8088	-0.3629	0.7376	1.1804	0.8419	0.7908	-0.0921	0.1606	-0.6288	-0.6348	1.1973	-0.3217	-0.3045	0.2588	-0.0896	-0.3172	0.7872	0.2601	-0.1272	1.5350	-0.5036	-0.4107	-1.0110	0.0393	0.6810	-0.0010	0.3414	0.0916	0.4595	0.2735	0.5678	0.6137	-0.0908	-0.2394	-0.6653	1.4038	3.4302	-0.7895	1.7409	1.7202	0.2262	0.3158	-0.7010	-0.4746	-0.7013	-0.5755	-0.8285	-0.7436	-0.1208	0.4638	1.2468	0.5672	0.9930	-1.8423	0.0025	-0.4495	-1.3132	0.9770	-0.6039	0.4971	-0.5185	1.8050	-0.1915	-0.7040	-0.0897	-0.6340	0.5408	-0.1226	0.8676	0.0206	1.3183	0.2374	0.6235	-0.2640	0.7684	-0.8126	-0.7820	0.2466	-0.5601	0.8394	0.2808	-0.8397	-0.5229	-0.5304	-0.3879	-0.3182	0.1871	-0.4352	-0.2278	-0.0011	0.5895	-0.4771	-0.3407	1.0300	-0.4853	-0.7019	-0.3606	0.8535	-0.1200	-0.3316	-0.3621	-0.4547	-0.3949	-0.2839	0.9096	-0.8277	-0.1806	0.9315	1.4451	0.6583	-0.0165	0.4488	0.3713	0.1919	-0.1456	-0.3361	-0.9621	-0.4280	0.0835	0.3792	0.4587	-0.1038	-0.5766	-0.1611	0.8174	0.3405	-0.5103	-0.0722	-2.1157	-0.0464	0.1826	-0.2924	-0.6324	-0.0873	-1.1380	-0.7270	-0.0800	-0.2378	-1.6624	-0.4378	-0.2121	0.3452	0.0984	-1.1173	0.5218	-0.2882	0.3630
g__Dialister	-0.5565	0.4875	-0.6147	-0.3077	0.0149	0.2342	-0.1295	0.4291	0.6528	0.0462	-0.1360	0.2337	0.4766	0.5200	0.2232	0.1050	-0.2157	-0.2405	0.8019	-0.5413	0.7111	0.2227	0.6839	0.5374	-0.5447	-0.1044	-0.3062	-0.0147	-0.2518	-0.5884	-0.8113	-0.5981	0.1132	0.6249	0.4741	-0.4780	-0.7895	8.1131	-0.2924	-0.5172	0.0138	0.1163	1.1722	-0.1519	0.3356	-0.1574	0.0379	0.0371	0.0254	0.2410	-0.7278	-0.6308	0.4811	1.2658	-0.0086	0.1419	1.3085	0.1186	0.3939	-0.1334	0.0589	-0.2173	-0.0524	0.1336	0.0488	0.5869	-1.0395	0.1762	-0.3906	0.0209	-0.7383	-0.3636	0.2224	-0.1201	-0.5085	0.5667	0.9893	-0.2159	-0.1004	-0.7693	-0.0401	0.3846	-0.1204	-0.0881	-0.1216	0.0874	-0.2391	-0.0525	0.0156	-0.0332	-0.4336	0.1031	-0.1127	-0.2541	-0.1113	0.5992	0.0378	0.3207	-0.6449	0.1361	0.0204	0.2760	0.4011	0.2002	-0.3082	0.0254	0.2134	-0.3625	-0.5312	-0.5547	0.1625	-0.4633	-0.5644	-0.3668	0.5972	-0.1053	0.3448	0.3153	-2.2766	0.1428	-0.0403	-0.0749	0.2109	-0.1861	0.0586	-0.2273	0.0192	-0.0754	1.0021	0.0726	-0.2985	0.3188	0.0751	-0.2330	0.7896	0.0386	-0.0968	-0.0528	1.1493	0.4074	0.1536	-0.2459	-0.7133	0.5789	-0.1167	-0.3755	-0.3933
g__Dorea	0.6730	-0.3880	0.4146	1.4533	1.5691	0.7626	-0.2351	0.7884	-0.6064	-0.6585	1.9760	-0.3172	-0.3084	0.7394	0.0440	-0.5173	1.2893	0.0151	-0.2849	1.9388	-0.0685	-0.4581	-1.2370	0.3756	0.5371	-0.0908	0.1307	0.0902	0.1654	0.1885	0.5567	0.5373	0.1045	-0.1671	-0.6172	2.2345	1.7409	-0.2924	4.9413	3.0536	0.0546	0.4223	-0.4956	-0.7507	-0.8449	-0.8020	-1.0227	-1.1481	-0.2171	0.9185	1.7650	0.3785	1.9333	-2.5557	-0.2175	-0.5283	-1.3727	1.5157	-0.5742	0.6519	-0.4302	2.2785	-0.3292	-0.7149	-0.1585	-0.7546	0.8376	-0.1968	0.7905	-0.0273	1.1543	0.1640	0.7800	-0.0628	0.8199	-1.2088	-1.2917	0.1414	-0.7051	1.0373	0.3098	-1.0358	-0.6869	-0.4550	-0.5831	-0.5564	0.0965	-0.5428	-0.3184	0.0499	0.4061	-0.6491	-0.5097	1.1509	-0.6458	-0.5821	-0.4741	1.5422	-0.0670	-0.3821	-0.2931	-0.5721	-0.6065	-0.4534	0.8065	-1.0189	-0.2380	1.4493	1.8743	0.7169	0.0267	0.5201	0.2970	0.0296	0.0502	-0.2558	-1.1808	-0.3299	-0.0759	0.8046	1.1019	-0.2211	-0.5273	-0.1281	1.0471	0.1660	-0.6255	-0.2279	-2.3094	-0.0093	0.0294	-0.5512	-0.9630	0.2754	-1.4856	-0.6628	-0.0483	-0.3190	-2.1765	-0.4607	-0.0651	0.2522	-0.1425	-1.5392	0.4204	-0.3640	0.3957
g__Dorea_A	0.9455	-0.6599	0.4653	1.3524	1.2435	0.8757	-0.2111	0.6870	-1.0092	-0.5034	1.7574	-0.4334	-0.6496	0.8803	0.0125	-0.6430	1.2823	0.0261	-0.0683	2.1602	0.0468	-0.5589	-1.1256	0.3425	1.0355	-0.1737	0.0620	0.2406	0.2974	0.3472	0.5164	0.6405	-0.0008	-0.2877	-1.1095	2.7613	1.7202	-0.5172	3.0536	6.6393	0.0276	0.5922	-0.8237	-0.7984	-0.7134	-0.7707	-1.3186	-1.0993	-0.1436	0.9234	2.0299	0.5252	2.0653	-2.8449	-0.1076	-0.6210	-1.5863	1.8062	-0.4756	0.6729	-0.4265	2.7784	-0.3128	-0.7142	-0.2366	-0.7097	1.2706	-0.2363	0.7755	-0.0115	1.1894	0.0960	0.7653	-0.2329	0.9288	-1.3572	-1.4507	0.1337	-0.9105	0.6269	0.4229	-1.0854	-0.6797	-0.5728	-0.5205	-0.4632	0.1163	-0.5228	-0.3110	0.1154	0.5861	-0.6757	-0.7011	1.2958	-0.7742	-0.5633	-0.4356	1.8590	0.4067	-0.4813	-0.4305	-1.0500	-0.5714	-0.4998	1.0097	-1.0411	-0.0546	1.9678	1.7055	0.5898	0.0441	0.4727	0.4213	0.2187	0.0223	-0.3845	-1.2809	-0.4239	-0.0512	1.0536	1.3943	-0.2053	-0.5531	-0.1172	1.0908	0.1026	-0.5216	-0.2191	-2.3260	0.0012	-0.0311	-0.5818	-1.1572	0.0693	-1.5261	-0.7619	-0.2264	-0.5790	-2.4786	-0.4180	0.1260	0.2188	-0.0705	-1.6245	0.5363	-0.4606	0.3850
g__Dorea_D	-0.0425	-0.0969	0.1108	-0.1136	-0.0150	-0.0893	-0.0084	-0.0333	-0.1340	-0.0670	-0.0184	-0.0351	-0.0065	-0.0747	-0.0478	0.0024	0.1154	-0.0495	-0.1674	0.2493	0.1053	0.0649	-0.0491	-0.0692	-0.0959	-0.0444	0.0356	0.0813	0.0721	0.0164	0.1424	0.1331	-0.2656	0.0920	0.0318	-0.0436	0.2262	0.0138	0.0546	0.0276	2.0186	0.0009	-0.0551	-0.0215	-0.1199	0.0187	-0.0313	0.0139	-0.0792	-0.0826	-0.0206	-0.0642	-0.1257	0.0631	-0.0205	0.0171	-0.1016	-0.0719	-0.0587	0.0047	-0.0768	0.2705	-0.0074	0.0317	-0.0035	-0.0768	0.2054	-0.0656	0.2301	0.0942	0.3349	0.0984	-0.0539	-0.2044	0.1540	-0.0281	-0.3176	0.1083	0.1489	0.2468	-0.3867	-0.0010	0.0970	0.0056	0.0875	0.0722	0.0559	-0.0264	-0.1739	-0.0723	0.1495	-0.1272	-0.0506	0.2171	0.0431	-0.1228	-0.0412	-0.0070	0.1293	-0.0098	-0.0054	-0.1503	-0.1138	0.0434	0.1321	0.1018	-0.0989	-0.2257	0.2431	0.0127	-0.1063	-0.0217	0.2205	0.0629	0.0322	0.0426	0.0778	0.0075	-0.1151	-0.1300	0.4055	0.0327	-0.0296	0.1076	-0.1295	0.1239	0.0143	-0.0664	-0.0118	-0.0905	-0.0454	-0.1847	0.0615	0.0666	-0.1135	0.0448	-0.0775	-0.1767	0.0001	-0.1429	-0.1788	0.0064	0.0097	0.1011	0.2031	-0.0958	-0.0073
g__Dysosmobacter	0.9629	0.0948	0.2021	0.8744	0.5960	1.6404	-0.1260	0.8224	-0.0050	-0.4816	1.1557	-0.2311	0.1214	0.3224	0.9154	-0.1458	0.5141	-0.1516	0.9794	0.5418	-0.4679	-0.2044	-0.5383	0.2139	0.2165	-0.3105	0.0624	-0.0940	-0.1179	-0.0893	-0.4602	-0.1554	-0.6353	0.3936	0.0435	0.9068	0.3158	0.1163	0.4223	0.5922	0.0009	3.1360	0.3589	-0.7871	-0.0036	-0.7238	-0.7793	-1.0100	-0.1912	1.1032	0.8994	0.5895	1.4421	-1.3023	-0.0908	-0.5574	0.5292	0.6697	-0.5858	0.3457	-0.5671	1.2837	0.1087	-0.6719	0.0604	-0.8773	-0.1883	0.2896	0.4207	0.1525	0.6507	-0.2990	0.7411	0.2402	0.5545	-0.3163	-0.5621	-0.1478	-0.8491	0.3245	0.7678	-0.8186	-0.5170	-0.5468	-0.5511	-0.0557	-0.0709	-0.5392	-0.5190	1.3363	0.2096	-0.5067	-0.5293	0.4024	-0.6352	-0.2747	-0.2450	1.0611	-0.3384	-0.2196	-0.0773	-0.3834	-0.1278	-0.1828	0.1127	-1.0840	0.6803	0.1607	0.2034	-0.0171	0.3677	1.3441	-0.0355	-0.2982	0.1499	-0.4319	-0.6138	-0.6794	0.3444	0.9845	-0.2406	-0.1474	-0.0915	0.1997	0.7294	-0.0788	-0.6690	-0.0943	-1.1883	0.0226	0.1130	0.2822	-0.9361	-0.2073	0.4061	-0.8977	0.0946	-0.5289	-0.7884	-0.5394	-0.3335	-0.1510	-0.4369	-1.4356	0.7308	-0.4305	-0.2149
g__Eggerthella	-0.6010	0.3844	-0.4779	-0.2575	0.0539	-0.0119	0.0418	0.0452	0.7229	0.3643	-0.1575	0.3149	0.4558	0.4760	0.2894	0.3085	-0.7979	-0.1939	1.3359	-0.9130	0.5715	0.2912	0.9496	0.5600	-0.6659	-0.2300	-0.4351	-0.3733	-0.3812	-0.2011	-0.8648	-0.6239	-0.3721	0.6691	0.6638	-0.6078	-0.7010	1.1722	-0.4956	-0.8237	-0.0551	0.3589	4.2179	-0.1942	0.5292	-0.0800	0.3156	-0.3189	-0.0510	-0.1919	-0.7322	-0.0800	0.3803	1.4095	0.0342	0.2861	1.2470	-0.2148	0.4341	-0.2653	0.1702	-0.8042	0.2939	0.0953	0.0243	-0.2219	-1.0588	0.2828	-0.3370	-0.0510	-0.9484	-0.4037	-0.2667	0.0111	-0.7986	0.7441	0.5915	-0.1948	-0.0674	-0.5729	-0.1570	0.1477	0.1813	-0.0387	0.0432	0.4234	-0.1416	0.0892	-0.3231	0.3432	-0.2315	0.0153	0.0138	-0.6445	-0.0159	0.6205	0.2673	-0.0240	-0.4140	0.3159	0.2534	0.1679	0.3196	0.3359	-0.7157	0.0470	0.0138	-0.2017	-1.1088	-0.5411	0.0071	0.3559	-0.5259	-0.2177	0.2421	0.0497	0.4093	-0.0108	0.3322	0.4793	-1.4418	-0.0355	0.3122	0.0301	-0.4233	-0.4190	-0.0537	-0.1330	1.8031	-0.0928	-0.0460	0.5218	-0.2603	0.5052	1.2135	0.2029	-0.4268	0.2679	1.3299	-0.0044	-0.1315	-0.4922	-0.3373	-0.0740	-0.1330	0.0823	-0.6499
g__Enterobacter	-0.8333	0.0381	-0.2859	-0.6532	-0.5995	-0.9031	0.1249	-0.4878	0.1027	0.2593	-1.3263	0.2085	0.0170	-0.7292	-0.6347	0.0826	-0.9253	-0.0418	-0.4696	-0.5880	0.0269	0.1757	0.1030	-0.6855	-0.0944	0.0703	-0.1393	-0.0409	-0.1259	0.1050	0.3727	-0.0249	0.2078	-0.2575	0.0789	-0.9032	-0.4746	-0.1519	-0.7507	-0.7984	-0.0215	-0.7871	-0.1942	3.9455	0.0953	0.8846	0.9945	1.1422	0.0353	-0.5989	-0.5618	-0.5149	-1.0963	0.9949	0.0398	0.5124	-0.0306	-0.8255	0.2835	-0.3193	0.6674	-1.0345	0.0613	0.8600	-0.0486	1.1107	-0.1118	-0.0676	-0.4148	-0.0818	-0.4049	0.0423	-0.8836	-0.0589	-0.2154	0.4583	0.5585	0.0639	2.5033	-0.2756	-0.4231	0.7331	0.4151	0.3518	0.7979	0.0838	-0.0341	0.4047	0.5932	-0.3285	-0.3534	0.7096	0.3665	-0.3864	0.6271	0.2859	0.2450	-0.8113	0.1928	0.1946	0.2647	0.2926	0.0878	0.1265	-0.3833	1.1409	-0.2727	-0.3693	-0.4623	-0.2881	-0.0417	-0.3281	0.1943	-0.0731	-0.0256	0.4684	0.6144	0.4305	0.1800	-0.4797	-0.2929	0.1654	0.3485	-0.0365	-0.7644	-0.0867	0.6970	-0.0027	0.8535	0.0408	-0.3827	0.0471	0.8780	0.1614	0.0775	1.0274	-0.0103	0.2705	0.6938	0.2165	-0.1368	0.0435	0.2556	1.6442	-0.4907	0.7583	0.0202
g__Enterocloster	-0.3508	-0.2738	-0.4041	-0.2473	-0.1977	-0.4314	0.0186	0.6041	0.1049	0.5060	-0.2768	-0.0026	-0.0313	0.3635	0.2142	0.2033	-0.3889	-0.3282	1.3744	-0.8177	-0.6290	0.1440	1.5844	0.3810	0.3856	-0.1771	-0.3411	-0.2865	-0.2017	-0.1995	-0.1859	-0.4903	-0.5987	0.2449	0.4168	-1.0764	-0.7013	0.3356	-0.8449	-0.7134	-0.1199	-0.0036	0.5292	0.0953	3.5794	-0.0361	0.1014	-0.2905	-0.1577	-0.3069	-0.5536	-0.1714	-0.6894	2.1182	-0.1165	0.0613	1.5624	-0.1531	0.5066	-0.2903	-0.0753	-1.0046	-0.0390	-0.0006	-0.1262	0.0868	-0.6516	0.0101	-0.5497	-0.3342	-0.7407	-0.0464	-0.3345	-0.2502	-0.1208	0.8685	0.2383	-0.1756	0.3929	-0.3535	0.0797	-0.2358	-0.1064	-0.0929	-0.1118	0.1613	-0.1448	0.0097	-0.3046	0.4049	-0.4672	0.0701	-0.0513	-0.7533	-0.2338	0.2883	0.0878	0.1177	0.1837	0.0458	0.1611	0.0937	0.0601	0.0483	-0.3682	0.0890	-0.3685	-0.4147	-0.8031	-0.6119	1.3888	0.2929	0.0159	-0.0279	0.1774	-0.1434	0.2645	-0.0049	0.3749	0.9615	-0.2024	-0.0083	0.2910	0.0364	-0.1177	-0.2970	-0.2317	-0.1612	2.3245	-0.1734	-0.1069	0.3377	-0.1751	0.3688	0.4008	-0.4235	0.8592	-0.3458	1.6990	-0.3168	0.2066	-0.1158	0.2865	0.5618	-0.3505	0.0613	-0.1384
g__Enterococcus	-0.6949	0.0969	-0.2763	-0.8949	-0.8398	-0.7765	0.1575	-0.4445	0.2764	0.3087	-1.1145	0.2274	0.0555	-0.6168	-0.4519	0.2132	-0.6872	0.0169	-0.6210	-0.7194	0.3327	0.1821	0.1929	-0.6070	-0.2085	0.0115	-0.0271	0.0115	0.0214	-0.0280	-0.0237	-0.1199	0.1786	-0.2406	0.0940	-1.0761	-0.5755	-0.1574	-0.8020	-0.7707	0.0187	-0.7238	-0.0800	0.8846	-0.0361	2.4343	0.9282	1.5669	0.0827	-0.5844	-0.6367	-0.2967	-1.2877	1.0595	0.1419	0.4802	0.1632	-0.9304	0.3224	-0.3245	0.5194	-0.8607	0.1185	0.7036	0.0021	0.6046	-0.0632	-0.0032	-0.2816	-0.1020	-0.4933	0.0652	-0.6583	-0.1402	-0.4149	0.4323	0.4457	0.0699	0.8299	-0.3531	-0.6145	1.0514	0.7224	0.5575	0.5045	0.2008	0.0801	0.4339	0.4033	-0.4356	-0.2412	0.4219	0.4871	-0.4996	0.6208	0.2592	0.3468	-0.8358	0.2928	0.2356	0.1861	0.2538	0.1012	0.2082	-0.3615	0.9461	-0.0532	-0.3918	-0.4629	-0.1821	-0.4138	-0.6231	-0.1073	0.0552	-0.0173	0.4354	0.8091	0.5247	-0.0621	-0.8503	-0.2127	0.1747	0.2286	0.0328	-0.7087	-0.0760	0.5253	0.0741	1.0557	-0.0598	-0.2075	-0.1235	0.8994	-0.0117	0.1151	0.8240	0.0536	0.2684	0.6939	0.3591	0.1212	-0.0656	0.2555	1.2179	-0.3495	0.3233	-0.0518
g__Enterococcus_A	-0.8122	0.2443	-0.3770	-0.8939	-1.0269	-0.9766	0.1922	-0.5428	0.4055	0.3921	-1.5157	0.3769	0.0835	-0.8013	-0.5029	0.2123	-0.9651	0.0076	-0.7578	-1.1174	0.7587	0.2862	0.4029	-0.4531	-0.4476	0.0514	-0.0260	0.0711	-0.0753	-0.0605	-0.0640	-0.2166	0.0234	0.0019	0.2261	-1.4265	-0.8285	0.0379	-1.0227	-1.3186	-0.0313	-0.7793	0.3156	0.9945	0.1014	0.9282	3.1907	1.5861	0.0829	-0.8294	-0.9362	-0.3584	-1.3547	1.4801	0.1103	0.6222	0.5215	-1.0846	0.4363	-0.5735	0.6525	-1.4756	0.0731	0.7581	0.0579	0.6298	-0.2225	0.0064	-0.4189	-0.0919	-0.7428	0.0924	-0.7394	-0.0917	-0.5398	0.6053	0.9098	0.0336	1.1352	-0.4265	-0.5020	1.1526	0.8142	0.6279	0.6413	0.2518	0.0452	0.5592	0.3711	-0.4057	-0.3272	0.5184	0.6942	-0.7116	0.6918	0.3660	0.3881	-1.3159	0.2124	0.3308	0.1785	0.3681	0.1867	0.2798	-0.4642	1.1321	-0.1678	-0.9500	-0.6435	-0.2303	-0.6057	-0.7548	-0.1301	0.0875	-0.1204	0.3962	1.0375	0.5266	0.0252	-0.9118	-0.2553	0.1929	0.5007	0.0223	-0.9029	-0.0328	0.6235	0.2148	1.7382	-0.1115	-0.2598	0.0313	0.9674	-0.1728	0.1948	0.7713	0.0970	0.2893	1.5180	0.3185	0.0279	-0.0696	0.2350	1.5420	-0.5238	0.4654	-0.0214
g__Enterococcus_B	-0.9071	0.2592	-0.6608	-1.5141	-1.6706	-1.3315	0.2228	-0.7934	0.4374	0.5067	-2.2468	0.6109	0.1152	-0.9884	-0.8179	0.3556	-1.1592	0.0596	-1.1430	-1.0410	0.6946	0.3794	0.3911	-0.7828	-0.5371	0.0233	0.0439	0.2734	0.0272	-0.0233	0.1564	-0.2473	0.2837	-0.4862	0.2213	-1.8150	-0.7436	0.0371	-1.1481	-1.0993	0.0139	-1.0100	-0.3189	1.1422	-0.2905	1.5669	1.5861	6.5034	0.1256	-0.9934	-0.8300	-0.5634	-1.8995	1.8726	0.1114	0.6867	0.4610	-1.6619	0.6187	-0.5793	0.8147	-1.6849	0.1108	1.3393	0.2226	0.5646	0.3060	0.0882	-0.4462	-0.0701	-0.6535	0.1650	-1.0624	0.1273	-0.6947	0.6466	1.2370	0.1160	1.4474	-0.6727	-0.9843	1.7449	1.3537	0.8758	0.7816	0.3969	0.1081	0.7687	0.5195	-0.7590	-0.4273	0.9006	0.6705	-0.8518	1.2436	0.5281	0.5112	-2.0599	0.0827	0.4041	0.2081	0.4978	0.2216	0.4525	-0.5344	1.5187	-0.1242	-0.7154	-0.4863	-0.2575	-0.9412	-1.1404	-0.0100	0.0569	0.2248	0.8320	1.6109	0.7872	-0.5068	-1.5837	-0.1518	0.2883	0.6664	0.0218	-1.3340	-0.0424	0.9120	0.1689	1.4352	-0.1354	-0.6633	-0.0301	1.3547	-0.1101	0.0990	1.3774	-0.4273	0.4932	1.5030	0.7705	0.0833	-0.0621	0.2898	2.0072	-0.4853	0.3784	-0.0240
g__Eubacterium_F	0.1241	0.0783	0.1765	-0.2831	-0.2312	0.0302	-0.0614	-0.1941	0.0165	0.0752	-0.2283	0.0312	0.0485	-0.1162	-0.0166	-0.0515	-0.1432	0.1966	-0.1684	-0.0958	-0.1202	-0.0292	0.0161	-0.1428	0.0003	0.4050	0.2105	-0.0522	0.0837	0.0549	0.0151	0.1220	-0.1351	-0.0598	-0.0337	-0.3143	-0.1208	0.0254	-0.2171	-0.1436	-0.0792	-0.1912	-0.0510	0.0353	-0.1577	0.0827	0.0829	0.1256	1.5685	-0.0074	-0.1986	0.1098	-0.3410	0.2211	0.0316	0.0815	-0.1634	-0.2175	0.0578	0.0441	0.0696	-0.2487	0.0734	0.0143	0.0822	0.0623	0.0229	-0.0281	0.0354	0.0346	0.1050	0.1109	-0.0461	0.2928	-0.0408	0.0003	-0.0783	0.0996	0.0765	-0.1290	0.0267	0.1133	0.1659	0.1453	0.0088	0.0461	0.0706	0.0228	0.0131	-0.1667	0.1483	0.0951	0.0848	-0.0551	0.1165	0.0495	0.0298	-0.2798	-0.1810	0.0489	-0.0273	0.0520	0.1667	-0.0123	-0.0287	0.0088	0.0601	-0.1269	-0.2209	-0.0196	-0.1179	-0.1184	-0.0645	0.1255	-0.0230	0.0934	0.1189	0.0308	0.0143	-0.2911	-0.3616	0.1025	0.0128	-0.0023	-0.0331	0.1807	0.0206	0.3557	0.0751	0.1293	0.2033	-0.0190	0.0426	-0.0988	-0.0062	-0.0226	0.1216	-0.0285	0.1694	0.0363	0.0581	0.0409	-0.1271	0.1031	-0.0658	0.0325	0.2276
g__Eubacterium_G	0.6222	-0.0234	0.4315	1.1187	0.7289	1.0089	-0.2135	0.7346	-0.1017	-0.3335	1.1496	-0.2448	-0.0775	0.3541	0.1847	-0.3313	1.0139	-0.1350	0.5540	0.8181	-0.0622	-0.2607	-0.7921	0.1005	0.5330	-0.0816	0.0268	-0.1131	-0.0197	0.1304	-0.3955	0.1526	0.0999	0.0300	-0.3700	0.6554	0.4638	0.2410	0.9185	0.9234	-0.0826	1.1032	-0.1919	-0.5989	-0.3069	-0.5844	-0.8294	-0.9934	-0.0074	3.5901	0.8769	0.3732	1.0306	-1.2318	-0.0184	-0.5313	-0.2867	1.2043	-0.6492	0.5767	-0.5427	1.3239	-0.0124	-0.5846	-0.1109	-0.9415	-0.2128	-0.0218	0.3793	0.0903	0.6857	-0.1950	0.8554	0.2717	0.3945	-0.8575	-0.2181	-0.0491	-0.4921	0.2397	0.7965	-0.6948	-0.4999	-0.5028	-0.3976	-0.2945	-0.1252	-0.5590	-0.2537	0.4574	0.3221	-0.4873	-0.4977	0.6964	-0.6085	-0.2204	-0.3481	0.6529	-0.1335	-0.3062	-0.2892	-0.3775	-0.2548	-0.1678	0.3815	-0.9309	0.4220	0.6823	0.7054	0.1521	0.0923	0.6794	-0.0047	-0.0939	-0.0430	-0.4135	-0.7780	-0.4713	0.0613	0.6332	0.0093	-0.1853	-0.3153	-0.0145	1.2348	0.0474	-0.6757	-0.0220	-1.2396	0.0702	0.5301	-0.1596	-0.7029	-0.2308	-0.1875	-0.8805	-0.2828	-0.1700	-1.0487	-0.3493	0.2544	-0.0804	-0.1779	-1.2743	0.5398	-0.0373	0.0243
g__Eubacterium_I	0.7840	-0.3583	0.5339	1.2294	1.0542	0.6015	-0.1604	0.5492	-0.6036	-0.4898	1.4567	-0.4315	-0.4293	0.5131	0.0493	-0.3458	1.0781	0.1012	-0.2522	1.5848	-0.6080	-0.3272	-0.8695	0.0809	0.7992	-0.0750	0.1156	-0.0273	0.1961	0.3187	0.1607	0.5096	-0.3430	-0.2248	-0.6575	1.2729	1.2468	-0.7278	1.7650	2.0299	-0.0206	0.8994	-0.7322	-0.5618	-0.5536	-0.6367	-0.9362	-0.8300	-0.1986	0.8769	4.3588	0.5985	1.3707	-1.8573	-0.0544	-0.4617	-0.9987	1.2734	-0.6233	0.7307	-0.6032	1.7312	-0.2880	-0.6692	-0.1811	-0.5423	0.8198	-0.0836	0.5402	0.0893	1.4638	0.0440	0.4679	0.1690	0.7559	-0.9612	-1.3328	-0.0006	-0.5624	0.6739	0.4810	-1.0436	-0.6411	-0.5130	-0.5875	-0.4640	-0.0301	-0.4439	-0.1375	0.2528	0.3593	-0.4605	-0.3873	1.3390	-0.4186	-0.7821	-0.4786	1.1931	0.2719	-0.3988	-0.2542	-0.5029	-0.4510	-0.3578	0.7962	-0.6776	0.1308	1.3445	1.3329	0.5808	0.1331	0.2579	0.3183	0.1997	-0.1055	-0.2872	-1.1253	-0.5819	0.1162	0.4921	0.6062	-0.0699	-0.2495	-0.1501	1.0211	0.1466	-0.6038	-0.1601	-2.0001	0.1241	0.1631	-0.5527	-0.6521	-0.1742	-0.6947	-0.6594	-0.3972	-0.5873	-1.8962	-0.6860	-0.0805	0.2609	-0.0088	-1.2472	0.3984	-0.4467	0.2520
g__Evtepia	0.5592	-0.1936	0.6215	0.3712	0.1617	1.2154	0.0732	-0.2702	-0.1408	-0.3307	0.6188	-0.1112	-0.0010	-0.1626	0.3853	0.0108	0.3572	0.1641	0.1820	0.3854	-0.1474	-0.0180	-0.6152	-0.0329	-0.0864	0.1833	0.2827	0.1309	0.0725	-0.0115	-0.0216	0.1438	-0.3438	0.1382	0.0744	0.3102	0.5672	-0.6308	0.3785	0.5252	-0.0642	0.5895	-0.0800	-0.5149	-0.1714	-0.2967	-0.3584	-0.5634	0.1098	0.3732	0.5985	3.1091	0.0269	-0.6493	0.1417	-0.2655	-0.1900	0.3648	-0.3603	0.3357	-0.3231	0.7975	0.0565	-0.4787	0.0543	-0.8224	0.1450	0.0176	0.6313	0.3448	0.6381	0.0204	0.5247	0.0233	0.3171	-0.0481	-0.5847	0.0842	-0.4898	0.1657	0.0152	-0.4584	-0.1801	-0.3587	-0.3474	-0.0121	0.0308	-0.3041	-0.3152	0.4661	0.7549	-0.2374	-0.1538	0.3318	-0.3414	-0.3113	-0.0534	0.4308	-0.3385	-0.1223	-0.1599	-0.1851	0.0512	-0.0040	0.4086	-0.6996	0.0526	0.1302	0.0904	0.2076	-0.0967	0.3691	0.1519	-0.0303	-0.1069	-0.2245	-0.5021	-0.2531	0.1987	0.0992	-0.2286	-0.0800	-0.3308	0.1738	0.0548	0.0558	-0.4027	0.1975	-0.6762	0.2575	0.3890	0.3739	-0.3866	-0.0478	-0.0976	-0.7179	0.0317	-0.1920	-0.2601	-0.3309	-0.1791	-0.1128	-0.1447	-0.8667	0.7009	-0.1958	0.2023
g__Faecalibacterium	1.0776	-0.4878	0.3358	1.9254	1.6422	1.0965	-0.4038	1.5102	-0.6451	-0.6316	2.2731	-0.3436	-0.4730	1.1137	0.4681	-0.6744	1.4352	-0.1753	0.9072	1.5246	0.1377	-0.4927	-0.9759	0.7783	0.8409	-0.1494	-0.2491	-0.2561	0.0321	-0.0089	0.0072	0.1248	-0.0403	0.2135	-0.4682	2.6359	0.9930	0.4811	1.9333	2.0653	-0.1257	1.4421	0.3803	-1.0963	-0.6894	-1.2877	-1.3547	-1.8995	-0.3410	1.0306	1.3707	0.0269	6.0257	-2.8452	-0.2886	-0.6933	-0.6489	1.8788	-0.8941	0.8300	-0.8261	2.5228	-0.1780	-1.0052	-0.2457	-0.4201	0.2459	0.0557	0.5828	-0.1200	0.8668	-0.2913	1.1692	0.4227	0.5668	-1.0953	-0.7128	-0.2488	-1.1329	0.5401	0.9142	-1.3135	-0.7694	-0.7480	-0.7092	-0.3282	-0.0935	-0.6610	-0.4222	0.4768	0.1686	-0.7220	-0.6628	1.1509	-1.0007	-0.5224	-0.5279	1.9530	0.1341	-0.5776	-0.3850	-0.6308	-0.5054	-0.5280	0.3590	-1.4118	0.2416	1.3046	0.9771	0.2563	0.1259	1.0332	-0.2912	-0.1750	0.4636	-0.4667	-1.3205	-0.6416	0.1443	1.5382	0.7716	-0.3520	-0.1454	-0.0522	1.4564	-0.2556	-0.7914	-0.2894	-2.3119	0.1619	0.2310	-0.5654	-1.2641	-0.2293	-0.2892	-0.9398	0.0257	-0.4278	-2.0180	-0.4394	-0.3045	-0.0285	-0.4551	-1.8311	0.5737	-0.6328	-0.0763
g__Faecalimonas	-1.5755	0.4979	-0.9410	-1.7686	-1.3748	-1.8532	0.1839	-0.7451	0.8070	1.6887	-2.3866	0.6645	0.4426	-0.0310	-0.0272	0.5645	-1.7737	-0.0901	0.3333	-2.5224	-0.1180	0.7822	3.5988	0.3057	-0.8666	0.0501	-0.2357	-0.0430	-0.1268	-0.1690	-0.4080	-0.6818	0.5605	0.4349	1.1968	-2.7117	-1.8423	1.2658	-2.5557	-2.8449	0.0631	-1.3023	1.4095	0.9949	2.1182	1.0595	1.4801	1.8726	0.2211	-1.2318	-1.8573	-0.6493	-2.8452	8.5082	0.1956	0.7552	2.1832	-1.8633	1.5325	-1.1966	1.0591	-3.5373	0.1349	1.3328	0.1527	1.0206	-0.9619	0.2044	-1.1658	-0.1452	-1.9222	0.0395	-1.3777	-0.1255	-1.3912	1.9382	2.0464	-0.0342	1.0287	-1.4777	-0.4984	1.4293	0.8608	0.9379	0.8245	0.5422	-0.1215	0.9323	0.2912	-0.2335	-0.8261	0.8863	1.1102	-1.8177	1.0500	1.2469	0.7684	-1.4855	-0.0181	0.6124	0.6599	0.7902	0.6441	0.5774	-0.9808	2.1216	-0.2170	-1.4988	-1.9002	-0.9120	0.6940	-0.8933	-0.1738	0.0750	0.2010	0.6290	1.6847	0.9202	-0.0561	-1.0481	-1.2907	0.3724	0.9145	0.2177	-1.3117	-0.3791	1.0802	0.2067	5.1437	-0.3882	-0.5590	0.5633	1.3739	0.7414	0.9911	1.2654	-0.2285	0.7058	3.7793	0.8652	0.5216	-0.4593	0.3967	2.6211	-0.9179	0.4614	-0.4461
g__Faecousia	0.0077	0.1012	0.0209	-0.2432	-0.2358	0.0415	0.1008	-0.1762	0.0542	0.0043	-0.2994	-0.0270	0.1010	-0.2342	0.0305	0.0953	-0.0961	0.1539	-0.0752	-0.1076	0.1584	-0.0256	-0.2185	-0.1612	-0.0670	0.0248	0.1484	0.1420	0.0639	0.0830	-0.1648	-0.0500	0.0042	-0.0287	-0.0295	-0.1392	0.0025	-0.0086	-0.2175	-0.1076	-0.0205	-0.0908	0.0342	0.0398	-0.1165	0.1419	0.1103	0.1114	0.0316	-0.0184	-0.0544	0.1417	-0.2886	0.1956	1.2295	0.0536	0.0102	-0.2579	0.0277	-0.0107	0.0629	-0.1949	0.1333	0.1075	0.1368	-0.0623	-0.0990	0.0483	0.0702	0.1166	0.0889	0.0070	-0.1019	-0.0315	-0.0825	0.0720	0.1897	0.0632	0.0437	-0.0703	-0.2257	0.1774	0.0657	0.1052	0.0437	0.0921	0.1075	0.0214	0.0997	-0.0997	0.0531	0.0440	0.0851	-0.0707	0.1185	0.0193	0.0738	-0.2540	-0.1400	0.0568	0.0387	0.0534	0.0996	0.0890	-0.0319	0.0216	0.0696	-0.1377	-0.0818	-0.0117	-0.1839	-0.2246	-0.0885	0.0293	-0.0353	0.0649	0.1243	0.0525	0.0928	-0.1118	-0.0067	0.0073	-0.0187	0.0332	-0.2638	0.2038	0.0303	0.1626	0.0899	0.0331	0.1222	0.0752	0.0998	-0.1891	-0.0023	0.0225	-0.0676	-0.0136	0.2405	-0.0340	-0.0166	-0.0015	-0.0429	-0.0063	0.1869	0.0425	-0.0326
g__Finegoldia	-0.5934	0.2307	-0.2385	-0.7461	-0.4624	-0.5100	0.1075	-0.3703	0.1788	0.3163	-0.8599	0.1768	0.1131	-0.3549	-0.2836	0.1914	-0.5901	0.0014	-0.0990	-0.5316	0.0398	0.1325	0.3330	-0.2618	-0.2751	-0.0093	-0.0411	0.0114	-0.0048	0.0290	0.0749	-0.1666	-0.0453	0.0367	0.1542	-0.4820	-0.4495	0.1419	-0.5283	-0.6210	0.0171	-0.5574	0.2861	0.5124	0.0613	0.4802	0.6222	0.6867	0.0815	-0.5313	-0.4617	-0.2655	-0.6933	0.7552	0.0536	1.6872	0.3723	-0.8285	0.3672	-0.3699	0.2810	-0.6361	0.0672	0.4240	0.0162	0.4831	0.1190	-0.0048	-0.2706	-0.0607	-0.3616	0.0517	-0.5542	-0.1359	-0.3944	0.4726	0.2095	0.0004	0.6115	-0.2167	-0.4641	0.4400	0.2862	0.2851	0.2435	0.1382	0.0026	0.2875	0.1298	-0.2859	-0.1973	0.2488	0.2654	-0.4706	0.3512	0.2702	0.2720	-0.6963	0.1250	0.1937	0.1526	0.3815	0.1402	0.1496	-0.3287	0.5158	-0.0229	-0.3658	-0.3832	-0.2291	-0.2245	-0.2151	0.0115	0.0569	0.0783	0.2430	0.5576	0.5250	0.1319	-0.2702	-0.0904	0.1005	0.2904	0.0507	-0.5144	-0.0254	0.2753	0.0646	0.9160	-0.0783	-0.1499	-0.0284	0.4726	0.1537	0.1864	0.2473	0.0705	0.2053	0.7192	0.0999	0.1094	-0.0880	0.0586	0.6561	-0.4000	0.0414	-0.0363
g__Flavonifractor	-0.7498	0.5478	-0.6635	-0.7117	-0.6053	-0.2932	0.0925	-0.1296	0.8553	0.4733	-0.8379	0.4035	0.5584	0.1396	0.4642	0.5568	-0.8419	-0.4703	1.4421	-1.3570	0.1672	0.4490	1.7827	0.3540	-0.7921	-0.4064	-0.4775	-0.2922	-0.3793	-0.3991	-0.6933	-0.9433	-0.5836	0.6040	0.8565	-1.5718	-1.3132	1.3085	-1.3727	-1.5863	-0.1016	0.5292	1.2470	-0.0306	1.5624	0.1632	0.5215	0.4610	-0.1634	-0.2867	-0.9987	-0.1900	-0.6489	2.1832	0.0102	0.3723	4.3961	-0.9561	0.4781	-0.7166	0.1174	-1.4630	0.0590	0.1439	0.1301	-0.1003	-0.9662	0.3214	-0.6788	-0.0755	-1.2456	-0.3967	-0.4318	0.1238	-0.8651	1.5700	1.1259	-0.3794	0.2817	-0.5997	-0.0787	0.2892	0.3178	0.1691	0.0327	0.5308	-0.1276	0.1859	-0.1074	0.6420	-0.5132	0.0815	0.1617	-1.0692	0.0529	0.5471	0.3363	-0.2658	-0.2039	0.3737	0.3705	0.5462	0.4275	0.5045	-0.7917	0.2070	0.4426	-0.8930	-1.2497	-0.8439	0.6579	0.3982	-0.4233	-0.2928	0.1757	-0.0071	0.8537	0.3773	0.0726	0.4191	-1.2033	0.1174	0.5662	0.1795	-0.3793	-0.5295	0.0444	-0.2277	2.8651	-0.3073	-0.6051	1.2584	0.1899	0.2565	1.1805	-0.0556	0.4674	0.1132	2.3485	-0.2031	0.0358	-0.5895	-0.1002	0.6604	-0.2600	0.1315	-0.8106
g__Fusicatenibacter	0.8264	-0.6095	0.2977	2.2423	1.2994	1.2482	-0.3424	0.5345	-0.3789	-0.4328	2.7526	-0.3438	-0.3466	1.0526	0.2128	-0.2266	1.7372	-0.0806	0.2440	1.2208	-0.3755	-0.2386	-0.6858	0.4995	0.8539	-0.1408	-0.1858	-0.3060	-0.0856	-0.0086	-0.2170	0.1449	0.3806	0.1349	-0.2899	1.2434	0.9770	0.1186	1.5157	1.8062	-0.0719	0.6697	-0.2148	-0.8255	-0.1531	-0.9304	-1.0846	-1.6619	-0.2175	1.2043	1.2734	0.3648	1.8788	-1.8633	-0.2579	-0.8285	-0.9561	6.0604	-0.5186	0.8079	-0.6934	2.3031	-0.2121	-1.0492	-0.3042	-0.8072	-0.0945	-0.2197	0.2993	-0.0208	0.5834	-0.1829	1.7469	0.1379	0.6154	-0.9445	-0.3486	-0.2378	-1.0829	0.3927	1.2791	-1.5613	-0.8746	-1.0270	-0.5568	-0.4676	-0.1875	-0.6296	-0.3755	0.3707	0.1260	-0.7752	-0.8026	0.8383	-1.2608	-0.5273	-0.4260	2.0700	-0.0997	-0.4408	-0.5767	-0.4783	-0.3036	-0.4104	0.4686	-1.3210	0.0191	1.6063	1.0010	0.2380	0.8350	0.4791	-0.1309	-0.0561	-0.1902	-0.6347	-1.4466	-0.7529	0.0545	0.8799	0.0729	-0.3471	-0.4942	-0.1169	1.8639	-0.1151	-0.8716	-0.3335	-1.5183	0.2416	0.4952	-0.1782	-0.8715	0.0698	-0.1751	-1.0591	-0.1321	-0.3285	-1.4212	-0.2384	0.4806	0.0947	0.0871	-1.7355	0.3560	-0.4412	0.0254
g__Fusobacterium_A	-0.5812	0.1182	-0.3495	-0.6026	-0.4993	-0.7074	0.1231	-0.4249	0.3286	0.5663	-0.6813	0.2372	0.0016	-0.0374	-0.1568	0.2721	-0.7845	-0.0938	0.0472	-0.6567	-0.1559	0.2525	0.6815	0.0458	-0.4074	-0.0096	-0.0861	-0.0133	-0.0834	-0.0732	0.0319	-0.2564	0.0504	-0.0219	0.3371	-0.8946	-0.6039	0.3939	-0.5742	-0.4756	-0.0587	-0.5858	0.4341	0.2835	0.5066	0.3224	0.4363	0.6187	0.0578	-0.6492	-0.6233	-0.3603	-0.8941	1.5325	0.0277	0.3672	0.4781	-0.5186	2.2879	-0.4324	0.3728	-1.1320	0.0234	0.3251	0.0310	0.2780	-0.2029	0.0297	-0.4068	-0.0610	-0.6933	-0.0018	-0.4801	-0.0943	-0.3631	0.4342	0.5590	-0.0295	0.4201	-0.3195	-0.4965	0.3988	0.3390	0.3019	0.3047	0.1910	-0.0294	0.2883	0.0859	-0.1857	-0.2919	0.1864	0.3620	-0.6054	0.3241	0.3895	0.2472	-0.2421	0.0608	0.1960	0.2186	0.2302	0.1318	0.1910	-0.3992	0.2824	-0.1763	-0.5258	-0.5346	-0.2930	0.0355	-0.1139	-0.1226	0.0050	-0.0563	0.2339	0.7613	0.4033	0.0150	0.0902	-0.3184	0.0990	0.3318	0.0834	-0.6192	-0.1805	0.3462	0.0136	1.4951	-0.0087	-0.3131	0.0351	0.3219	0.2376	0.3118	0.1715	0.1773	0.0964	1.1591	0.1075	0.0316	-0.1537	0.1514	0.6826	-0.4111	0.1678	-0.1300
g__Gallintestinimicrobium	0.7280	-0.4976	0.4287	0.8137	0.5985	0.7556	-0.1211	0.3902	-0.2960	-0.6131	0.8675	-0.2507	-0.4026	0.0457	0.0185	-0.1529	0.9427	0.1058	0.0246	0.9425	-0.3746	-0.2669	-0.9748	-0.1121	0.4267	0.2988	0.1173	-0.0754	-0.0130	0.1827	-0.2255	0.3382	0.0366	-0.1148	-0.3151	0.4723	0.4971	-0.1334	0.6519	0.6729	0.0047	0.3457	-0.2653	-0.3193	-0.2903	-0.3245	-0.5735	-0.5793	0.0441	0.5767	0.7307	0.3357	0.8300	-1.1966	-0.0107	-0.3699	-0.7166	0.8079	-0.4324	2.8423	-0.4454	1.4091	-0.0018	-0.3905	-0.1807	-0.2553	0.0275	-0.1153	0.5428	-0.0233	0.8206	0.0623	0.9926	0.3028	0.7158	-0.5944	-0.4782	0.1037	-0.2745	0.3047	0.0379	-0.4591	-0.3746	-0.3614	-0.4420	-0.3409	0.0680	-0.3844	-0.1363	0.1741	0.3750	-0.2967	-0.3740	0.7921	-0.4193	-0.4446	-0.3483	0.6227	0.1192	-0.3134	-0.2268	-0.2978	-0.3059	-0.3101	0.4582	-0.5312	0.0540	0.7159	0.2676	0.4413	0.2815	-0.0105	-0.0674	0.1122	0.1035	-0.3434	-0.6477	-0.3555	0.1388	0.0809	0.2529	-0.1196	-0.3258	0.0734	0.6453	0.1890	-0.3076	-0.0542	-1.1815	0.2881	0.5305	-0.2670	-0.5787	-0.1664	-0.2125	-0.4323	-0.3289	-0.3228	-0.9552	-0.4774	-0.1150	0.2902	-0.0712	-0.5851	0.4828	-0.0725	0.2971
g__Gemella	-0.5890	0.1393	-0.3247	-0.8256	-0.3509	-0.7971	0.1063	-0.3552	0.1713	0.3755	-0.7664	0.1915	0.1260	-0.3848	-0.2113	0.1032	-0.6922	-0.0371	-0.4166	-0.7309	0.0523	0.1592	0.3641	-0.2602	-0.3432	-0.1101	-0.0634	-0.0452	-0.1336	-0.1161	0.0678	-0.2539	0.0962	-0.0168	0.2195	-0.4852	-0.5185	0.0589	-0.4302	-0.4265	-0.0768	-0.5671	0.1702	0.6674	-0.0753	0.5194	0.6525	0.8147	0.0696	-0.5427	-0.6032	-0.3231	-0.8261	1.0591	0.0629	0.2810	0.1174	-0.6934	0.3728	-0.4454	1.7601	-0.9456	0.0387	1.0730	0.0275	0.7118	-0.1845	0.0619	-0.3488	-0.0077	-0.5797	-0.0352	-0.6744	-0.0545	-0.4801	0.3241	0.3403	-0.0191	0.5710	-0.4685	-0.5364	0.7751	0.2813	0.4446	0.5200	0.1264	-0.0403	0.3722	0.4950	-0.3830	-0.3243	0.4753	0.3263	-0.4386	0.4057	0.3193	0.2147	-0.6570	0.0064	0.2023	0.2502	0.2180	0.2043	0.1547	-0.3900	0.6844	-0.1008	-0.3036	-0.3871	-0.2434	-0.2690	-0.5861	-0.0770	0.0608	0.0329	0.3470	0.5413	0.5194	-0.0579	-0.4513	-0.1330	0.1590	0.2480	-0.0378	-0.6773	-0.1541	0.7782	0.0439	1.1793	-0.1579	-0.1746	-0.0724	0.6174	0.0877	0.2515	1.0800	-0.0416	0.3371	0.8122	0.3479	-0.0006	-0.1107	0.0869	0.9361	-0.3089	0.5407	-0.1226
g__Gemmiger	1.2634	-0.6735	1.1222	2.0210	1.9261	1.9013	-0.2872	0.7973	-0.7166	-1.3706	2.4454	-0.4681	-0.4347	0.1442	0.2045	-0.5647	1.5886	0.1848	0.4034	2.3509	-0.4193	-0.4993	-2.4063	0.1191	0.6203	-0.1056	0.2625	0.1130	0.3366	0.2731	0.3835	0.5921	-0.5344	0.0237	-0.6336	2.4457	1.8050	-0.2173	2.2785	2.7784	0.2705	1.2837	-0.8042	-1.0345	-1.0046	-0.8607	-1.4756	-1.6849	-0.2487	1.3239	1.7312	0.7975	2.5228	-3.5373	-0.1949	-0.6361	-1.4630	2.3031	-1.1320	1.4091	-0.9456	7.0276	-0.1115	-1.0966	-0.1786	-1.0304	0.9628	0.0049	1.1550	0.1632	1.6447	0.0608	1.9584	0.0855	1.3585	-1.4337	-1.4835	0.0932	-0.8029	1.1596	0.2322	-1.4296	-1.0024	-0.9604	-0.9592	-0.4643	0.1398	-0.7978	-0.8137	0.4020	0.7843	-1.0724	-0.8902	1.5400	-1.1558	-0.9796	-0.6280	1.9878	0.1083	-0.5082	-0.4502	-0.7545	-0.6770	-0.5568	0.9630	-1.6641	0.2335	1.7609	1.3987	0.6920	-0.2530	0.9766	0.0492	0.0433	0.1917	-0.5761	-1.7490	-0.9811	0.3595	1.2295	1.6309	-0.2937	-0.5627	0.0385	1.2709	0.2504	-0.9708	-0.2199	-3.4815	0.3788	0.7617	-0.5669	-1.1722	-0.4317	-0.9343	-1.2369	-0.2003	-0.8080	-2.7334	-0.7071	-0.2818	0.4076	-0.1555	-2.1991	1.0550	-1.0294	0.4256
g__Gordonibacter	-0.0593	0.1762	0.0472	-0.1925	-0.1918	0.0051	0.0410	-0.2168	0.1677	-0.1060	-0.0933	0.0857	0.2218	-0.0581	0.0429	0.1249	-0.1115	0.0554	0.0705	-0.1986	0.3464	0.0396	-0.0534	-0.0776	-0.1740	0.0409	0.1009	0.0307	-0.0406	-0.1338	-0.1356	-0.0891	-0.1686	0.1906	0.1866	-0.2048	-0.1915	-0.0524	-0.3292	-0.3128	-0.0074	0.1087	0.2939	0.0613	-0.0390	0.1185	0.0731	0.1108	0.0734	-0.0124	-0.2880	0.0565	-0.1780	0.1349	0.1333	0.0672	0.0590	-0.2121	0.0234	-0.0018	0.0387	-0.1115	1.3247	0.0674	0.1061	-0.1252	-0.1382	0.0788	-0.0969	0.1170	-0.0888	-0.0758	-0.0897	-0.0196	-0.1605	0.1310	0.0699	0.0233	0.0995	0.0736	-0.2875	0.1275	0.1164	0.0486	0.0747	0.1624	-0.0204	0.0531	-0.0111	-0.0001	0.0213	0.0215	0.0168	-0.1615	0.0386	0.1076	0.0921	-0.1851	-0.1214	0.0546	0.0192	0.0784	0.1268	0.1221	-0.1374	0.0254	0.0973	-0.1748	-0.3028	-0.0272	-0.0776	0.0470	-0.1568	-0.1175	0.0995	0.0617	0.1504	0.0276	0.0464	-0.1302	-0.3139	0.0939	-0.0486	0.0486	-0.1772	0.1035	0.0311	-0.0004	0.1591	-0.0405	0.2740	0.2442	-0.0036	0.0739	0.3252	0.1328	-0.3282	-0.0078	0.3181	0.1156	0.0380	-0.1000	-0.1440	-0.0370	0.0209	0.1187	-0.1106
g__Granulicatella	-0.7525	0.0906	-0.3445	-1.0258	-0.6258	-1.0319	0.1075	-0.2971	0.1282	0.4213	-1.1922	0.2494	0.0362	-0.5274	-0.3084	0.1387	-0.7440	-0.0621	-0.5815	-0.7845	0.1401	0.1635	0.2300	-0.5943	-0.3342	-0.0039	-0.0921	-0.0212	-0.0323	-0.0829	-0.0761	-0.2920	0.0528	-0.2250	0.1595	-0.6573	-0.7040	0.1336	-0.7149	-0.7142	0.0317	-0.6719	0.0953	0.8600	-0.0006	0.7036	0.7581	1.3393	0.0143	-0.5846	-0.6692	-0.4787	-1.0052	1.3328	0.1075	0.4240	0.1439	-1.0492	0.3251	-0.3905	1.0730	-1.0966	0.0674	2.6773	0.0262	0.9950	0.0549	0.0584	-0.3944	-0.0786	-0.5957	0.0175	-0.7237	-0.0373	-0.5374	0.4014	0.4299	0.0206	0.7095	-0.4512	-0.7844	0.9843	0.5286	0.5785	0.5930	0.1731	0.0063	0.4888	0.5510	-0.5004	-0.3494	0.7083	0.3653	-0.5379	0.6164	0.3447	0.3017	-0.9440	0.1643	0.1464	0.2791	0.2661	0.1551	0.1487	-0.4296	0.9463	-0.0575	-0.3707	-0.6485	-0.1840	-0.3361	-0.7999	-0.0755	0.0371	0.0957	0.5227	0.6372	0.7956	-0.1904	-0.8362	0.3159	0.1679	0.3351	-0.0431	-0.7281	-0.1569	1.0989	0.1015	1.3170	-0.1538	-0.1923	-0.2289	0.7893	0.0497	0.1421	1.5673	-0.1265	0.3505	0.9945	0.2337	0.0595	-0.0814	0.1109	1.4255	-0.3407	0.4906	-0.0385
g__Guopingia	0.1008	0.3534	0.0429	-0.2956	-0.2528	0.2713	0.1523	-0.3458	0.1838	0.0299	-0.1962	0.0561	0.3012	-0.2308	0.2163	0.0975	-0.3047	0.0548	0.0352	-0.0380	0.0004	0.0897	-0.1900	-0.1449	-0.2490	-0.0095	0.1994	0.2851	-0.0779	-0.0221	-0.0274	-0.0607	-0.0505	0.1982	0.1297	-0.0950	-0.0897	0.0488	-0.1585	-0.2366	-0.0035	0.0604	0.0243	-0.0486	-0.1262	0.0021	0.0579	0.2226	0.0822	-0.1109	-0.1811	0.0543	-0.2457	0.1527	0.1368	0.0162	0.1301	-0.3042	0.0310	-0.1807	0.0275	-0.1786	0.1061	0.0262	1.1283	-0.1774	0.0112	0.0236	-0.0644	0.3507	0.0228	-0.0036	-0.0546	0.0492	-0.0391	0.0928	0.0242	0.0403	-0.0849	-0.0416	-0.2038	0.0353	0.0580	0.0201	0.0266	0.1234	0.0254	-0.0268	-0.0744	0.0927	0.1237	-0.0398	-0.0240	-0.1250	0.0119	-0.0007	0.0785	-0.1656	0.0194	0.1155	0.0490	0.1636	0.3003	0.1370	-0.0056	-0.0575	0.2168	-0.2451	-0.1358	0.0153	-0.1249	0.0894	0.0123	-0.0508	-0.0277	0.0095	0.0981	-0.0055	-0.0295	-0.1001	-0.0985	0.0624	-0.0210	0.0042	-0.3920	0.1799	0.0082	0.0740	0.1036	-0.0357	0.0973	0.2768	-0.0002	-0.1838	0.0786	0.0130	0.0574	-0.0902	0.2015	0.1103	-0.1366	-0.0463	-0.0097	-0.1074	0.0502	-0.0792	-0.0546
g__Haemophilus_D	-0.3770	-0.2646	-0.6016	-0.7075	-0.5237	-1.3486	-0.0374	0.4624	-0.2065	0.3297	-1.2888	0.0981	-0.2826	-0.2627	-0.5143	0.0665	-0.2111	-0.0378	-0.8056	-0.7856	0.0480	0.0144	0.4315	-0.4329	0.1860	0.2225	-0.2245	-0.2283	-0.2078	-0.1230	0.0714	-0.1284	0.8313	-0.2236	0.0193	-0.7271	-0.6340	0.5869	-0.7546	-0.7097	-0.0768	-0.8773	-0.2219	1.1107	0.0868	0.6046	0.6298	0.5646	0.0623	-0.9415	-0.5423	-0.8224	-0.4201	1.0206	-0.0623	0.4831	-0.1003	-0.8072	0.2780	-0.2553	0.7118	-1.0304	-0.1252	0.9950	-0.1774	4.9585	-0.3241	0.0423	-0.6773	-0.5052	-0.5816	-0.0526	-0.9058	0.1572	-0.4186	0.5414	0.8727	-0.0650	0.6350	-0.8420	0.6662	0.9223	0.3745	0.6418	0.3356	0.0104	-0.0652	0.5523	0.5448	-0.6890	-0.6381	0.6590	0.5212	-0.4399	0.8032	0.2028	0.0308	-0.9723	0.7532	0.0756	0.1229	0.2757	-0.0497	-0.0127	-0.4659	2.0077	-0.5141	-0.3973	-0.3225	-0.2016	-0.2103	-0.9515	-0.0436	-0.0125	0.2827	0.4087	0.2809	0.6164	-0.3399	-0.2491	-0.0020	0.1598	0.2372	-0.2128	-0.4843	-0.1901	1.1604	-0.1090	1.4398	-0.0145	-0.4603	-0.5777	1.2972	-0.2016	-0.0151	1.8265	0.4719	0.6237	1.0096	1.0148	-0.1769	0.0871	0.3705	3.1202	-0.5490	0.1238	-0.0288
g__Holdemanella	0.1451	-0.2195	0.0546	0.2828	0.2354	-0.4442	0.0079	-0.3049	-0.5965	-0.3474	0.2020	-0.1171	-0.2152	-0.3869	-0.0079	-0.2453	0.3537	0.3071	-1.0393	0.8714	-0.3499	0.0332	-0.6690	-0.1826	0.2748	0.1072	0.2121	0.5081	0.5595	0.5124	1.5288	0.5967	-0.5116	-0.6487	-0.3100	0.8336	0.5408	-1.0395	0.8376	1.2706	0.2054	-0.1883	-1.0588	-0.1118	-0.6516	-0.0632	-0.2225	0.3060	0.0229	-0.2128	0.8198	0.1450	0.2459	-0.9619	-0.0990	0.1190	-0.9662	-0.0945	-0.2029	0.0275	-0.1845	0.9628	-0.1382	0.0549	0.0112	-0.3241	5.4438	-0.2812	0.6356	0.1502	0.8533	0.4020	-0.0634	-0.1525	0.2398	-0.5579	-1.3317	0.3150	-0.0328	0.5791	-0.5884	-0.1062	-0.2172	-0.0818	0.0733	-0.2113	0.1301	-0.0316	0.0522	-0.2211	0.6142	-0.0341	-0.2526	0.3267	0.1112	-0.3564	-0.0696	0.1106	0.7981	-0.0655	-0.1683	-0.1247	-0.2968	-0.0922	0.8436	-0.2395	-0.0465	-0.2815	0.8429	0.6492	-0.2345	-0.0722	0.5450	0.1474	-0.2121	0.1591	-0.2426	0.1351	-0.2413	-0.5071	2.0173	0.0042	-0.0917	-0.0973	0.1806	0.3284	0.1394	-0.0048	-1.5241	0.0184	-0.1806	-0.3333	-0.1600	-0.0638	-0.6276	-0.1956	0.0296	-0.0708	-1.0770	-0.3643	0.1043	0.3236	0.4172	-0.5717	0.0615	-0.0648	0.5886
g__Holdemania	0.0032	0.0818	0.0446	-0.2805	0.0054	0.0948	0.0398	0.0416	0.1201	0.0647	-0.0816	0.0259	0.0235	0.0535	0.2235	0.0619	-0.1494	-0.0396	0.2478	-0.1587	-0.0853	0.1403	0.1447	0.0166	-0.2020	-0.1293	-0.0589	-0.1374	-0.0335	-0.0798	-0.2412	-0.2471	-0.1036	0.1602	0.2594	-0.2250	-0.1226	0.1762	-0.1968	-0.2363	-0.0656	0.2896	0.2828	-0.0676	0.0101	-0.0032	0.0064	0.0882	-0.0281	-0.0218	-0.0836	0.0176	0.0557	0.2044	0.0483	-0.0048	0.3214	-0.2197	0.0297	-0.1153	0.0619	0.0049	0.0788	0.0584	0.0236	0.0423	-0.2812	1.3408	-0.0704	0.1135	-0.1732	-0.1402	-0.0127	-0.0904	-0.0279	0.1263	0.0946	-0.0781	-0.0894	-0.1276	-0.0136	0.0798	0.0481	0.0269	-0.0635	0.1497	0.0269	0.0134	-0.0608	0.2223	-0.0661	0.0237	0.0437	-0.1051	-0.0198	0.1504	0.0004	-0.0566	-0.0481	0.0346	0.1362	0.0009	0.1191	0.0106	-0.2910	-0.0164	0.0831	-0.0292	-0.2406	-0.2113	-0.0381	0.0651	-0.1192	-0.1323	0.1424	0.0083	-0.0150	0.0147	0.0719	0.0729	-0.2909	0.0223	0.0882	0.1193	-0.3481	-0.1498	0.0016	0.0431	0.3153	0.0814	-0.0275	0.2158	0.0002	0.0474	0.1697	0.0486	-0.0107	0.0125	0.3323	-0.0927	0.0262	-0.1394	-0.0127	0.0167	0.1133	-0.0200	-0.1691
g__Hominenteromicrobium	0.5855	-0.4814	0.4308	0.3250	0.3697	0.7930	0.0420	0.0605	-0.2087	-0.5774	0.5676	-0.1853	-0.0527	0.0245	0.2838	-0.1237	0.3799	0.2127	-0.0860	0.9226	-0.0628	-0.1831	-0.6522	-0.1028	0.1163	0.0951	0.2667	0.0951	0.2396	0.1058	0.1208	0.4296	-0.2083	-0.1920	-0.3558	0.5355	0.8676	-0.3906	0.7905	0.7755	0.2301	0.4207	-0.3370	-0.4148	-0.5497	-0.2816	-0.4189	-0.4462	0.0354	0.3793	0.5402	0.6313	0.5828	-1.1658	0.0702	-0.2706	-0.6788	0.2993	-0.4068	0.5428	-0.3488	1.1550	-0.0969	-0.3944	-0.0644	-0.6773	0.6356	-0.0704	3.1053	0.1034	0.9450	0.0903	0.6961	-0.1895	0.3731	-0.5109	-0.4976	0.2878	-0.1923	0.6002	0.0658	-0.3870	-0.2673	-0.3728	-0.2285	-0.0708	0.1724	-0.2527	-0.3299	0.0881	0.6687	-0.2875	-0.2905	0.4814	-0.2922	-0.3891	-0.1512	0.6517	-0.5903	-0.2166	-0.1598	-0.4544	-0.1663	-0.1829	0.6599	-0.4762	0.0671	0.3339	0.6832	0.6451	-0.2285	0.0301	0.2264	0.0709	-0.1325	-0.2244	-0.5541	-0.1834	-0.0704	0.1659	0.3437	-0.0868	-0.3207	0.0431	0.3255	0.1840	-0.3416	-0.0466	-1.1582	0.0973	0.2217	-0.0283	-0.2200	-0.2939	-0.6320	-0.5397	-0.0285	-0.0839	-0.6995	-0.4105	-0.2874	0.2490	-0.2803	-0.7604	0.5356	-0.1440	0.1648
g__Hominibacterium	0.0078	0.3928	0.3909	-0.0948	-0.0648	0.5520	0.1502	-0.4097	0.2472	-0.0700	0.1171	0.0325	0.2648	-0.1548	0.3118	0.0340	-0.1080	0.0296	-0.0282	0.1906	-0.0002	0.1476	-0.2809	-0.0975	-0.2738	0.0281	0.1437	0.3220	-0.1511	0.0862	0.1151	-0.0140	-0.2367	0.2656	0.1485	0.2925	0.0206	0.0209	-0.0273	-0.0115	0.0942	0.1525	-0.0510	-0.0818	-0.3342	-0.1020	-0.0919	-0.0701	0.0346	0.0903	0.0893	0.3448	-0.1200	-0.1452	0.1166	-0.0607	-0.0755	-0.0208	-0.0610	-0.0233	-0.0077	0.1632	0.1170	-0.0786	0.3507	-0.5052	0.1502	0.1135	0.1034	1.7057	0.1387	-0.0242	0.0312	-0.1282	-0.0355	-0.0851	-0.1326	0.0033	-0.1284	0.0920	-0.4242	-0.1636	-0.0541	-0.0842	0.0047	0.1256	-0.0110	-0.0950	-0.1258	0.1198	0.3871	-0.1332	-0.1469	0.1287	-0.1293	-0.0158	0.0843	0.0521	-0.0990	0.0764	-0.0305	0.1179	0.3405	0.1103	0.1032	-0.2771	0.1701	-0.0461	0.0250	0.0113	-0.1282	0.1236	0.0945	-0.1224	-0.0106	0.0064	-0.1407	-0.0620	-0.2732	-0.3449	-0.0622	0.0043	-0.0583	0.0284	-0.2337	0.1531	-0.1268	0.0295	-0.0905	0.0441	0.2079	0.3464	-0.0326	-0.0928	0.1628	-0.0958	-0.3495	-0.2222	-0.0413	-0.1477	-0.0256	-0.0038	-0.0567	-0.5403	0.1619	-0.0726	-0.0679
g__Hominicoprocola	1.2465	-0.3508	0.6847	0.6960	0.5994	1.0366	0.0240	0.3492	-0.6540	-0.7699	0.8483	-0.4616	-0.2806	-0.0274	0.2252	-0.2262	1.0427	0.4159	-0.2652	1.4518	-0.7852	-0.4741	-1.4312	-0.2292	0.5574	0.0989	0.6685	0.3587	0.3805	0.3837	0.5177	0.7046	-0.4450	-0.2453	-0.7705	0.5792	1.3183	-0.7383	1.1543	1.1894	0.3349	0.6507	-0.9484	-0.4049	-0.7407	-0.4933	-0.7428	-0.6535	0.1050	0.6857	1.4638	0.6381	0.8668	-1.9222	0.0889	-0.3616	-1.2456	0.5834	-0.6933	0.8206	-0.5797	1.6447	-0.0888	-0.5957	0.0228	-0.5816	0.8533	-0.1732	0.9450	0.1387	3.5855	0.3600	0.5226	0.1303	1.0523	-0.7911	-1.0865	0.4091	-0.4256	0.7359	0.1387	-0.8738	-0.5813	-0.4595	-0.5077	-0.3765	0.3141	-0.4150	-0.1799	-0.0146	0.7908	-0.4961	-0.3830	1.1726	-0.4562	-0.7258	-0.4986	0.6792	-0.2595	-0.3903	-0.1964	-0.4103	-0.2800	-0.3451	1.0435	-0.6957	0.1800	0.6289	1.0649	0.8611	-0.0875	0.2445	0.4654	0.0607	0.1303	-0.2854	-0.8819	-0.4500	-0.0529	0.1100	0.8816	-0.1121	-0.5437	0.0391	0.6578	0.5192	-0.5082	0.0738	-2.4683	0.3044	0.3784	-0.3217	-0.5830	-0.3893	-1.0019	-0.7175	-0.1757	-0.5755	-1.5512	-0.4957	-0.3972	0.4655	-0.1470	-0.8140	0.8075	-0.2471	0.5628
g__Hominifimenecus	0.1592	-0.1329	0.0694	-0.1351	-0.0603	-0.2252	-0.0106	-0.0608	-0.1819	0.0085	-0.1805	-0.0459	-0.1586	-0.2084	-0.1488	-0.0459	0.0564	0.1555	-0.3547	0.2241	-0.1910	-0.0630	0.0682	-0.1784	0.1608	0.1926	0.1013	0.1692	0.1467	0.1327	0.3464	0.3382	-0.0608	-0.2832	-0.2000	-0.0190	0.2374	-0.3636	0.1640	0.0960	0.0984	-0.2990	-0.4037	0.0423	-0.0464	0.0652	0.0924	0.1650	0.1109	-0.1950	0.0440	0.0204	-0.2913	0.0395	0.0070	0.0517	-0.3967	-0.1829	-0.0018	0.0623	-0.0352	0.0608	-0.0758	0.0175	-0.0036	-0.0526	0.4020	-0.1402	0.0903	-0.0242	0.3600	1.1839	-0.1005	-0.0625	0.2771	-0.1288	-0.3272	0.2169	0.0781	0.1629	-0.2030	0.1022	0.0723	0.0335	-0.0090	-0.0832	0.1549	0.0251	0.0549	-0.1747	0.1127	0.0291	0.0150	0.1208	0.0737	-0.0705	0.0105	-0.1519	0.0727	-0.0249	-0.0182	-0.1232	-0.0956	-0.0408	0.2227	0.0552	-0.1803	-0.0547	0.3441	0.2608	-0.0910	-0.1764	0.2578	0.2227	0.0124	0.0532	0.1294	-0.0365	-0.0915	-0.2770	0.5331	0.0370	-0.0659	-0.0477	-0.1059	0.2778	0.0437	0.0765	-0.2614	0.0250	0.0069	-0.2108	-0.0043	-0.0451	-0.3728	-0.0407	-0.1747	-0.0942	-0.0633	-0.1730	0.0731	0.2508	0.1553	0.1101	-0.0897	-0.0175	0.3738
g__Hominilimicola	0.7732	-0.2829	0.5652	1.3479	0.9936	1.5609	-0.2234	0.2783	-0.0210	-0.5915	1.6200	-0.2919	-0.2228	0.2763	0.3279	-0.2046	0.9011	-0.1254	0.2870	1.0508	0.2993	-0.1635	-0.9875	0.2017	0.2541	0.1663	-0.1611	-0.2107	0.1725	-0.0402	-0.3317	0.1463	0.1647	0.1685	-0.0653	0.7831	0.6235	0.2224	0.7800	0.7653	-0.0539	0.7411	-0.2667	-0.8836	-0.3345	-0.6583	-0.7394	-1.0624	-0.0461	0.8554	0.4679	0.5247	1.1692	-1.3777	-0.1019	-0.5542	-0.4318	1.7469	-0.4801	0.9926	-0.6744	1.9584	-0.0897	-0.7237	-0.0546	-0.9058	-0.0634	-0.0127	0.6961	0.0312	0.5226	-0.1005	4.2478	0.0128	0.6826	-0.6189	-0.3926	-0.0854	-0.7346	0.7019	0.5689	-0.8644	-0.6708	-0.6337	-0.4668	-0.1400	-0.0394	-0.6087	-0.4680	0.4812	0.2749	-0.6228	-0.5072	0.7180	-0.8482	-0.3259	-0.2376	1.1884	-0.2453	-0.3969	-0.2988	-0.3605	-0.2800	-0.3325	0.4228	-1.2424	0.2402	0.7703	0.3606	0.2296	0.2280	0.3301	-0.3571	0.0794	-0.2570	-0.4608	-1.1010	-0.6196	0.4288	0.4929	0.0234	-0.2475	-0.4222	0.1373	1.0045	-0.0422	-0.6761	-0.0995	-1.2966	0.0803	0.6472	0.1124	-0.8127	-0.0233	-0.0320	-0.8099	-0.0393	-0.4126	-0.8104	-0.3539	0.2023	0.1145	-0.1963	-1.3851	0.7871	-0.4541	-0.0161
g__Hominimerdicola	0.5629	0.2733	0.1390	0.0938	-0.0080	0.1503	-0.2589	0.0272	0.0748	-0.3169	-0.0849	0.0006	0.1359	0.2768	-0.0992	-0.0774	0.4996	0.3054	-0.0672	-0.3069	-0.1624	-0.1498	-0.0206	0.0154	0.0177	0.3402	0.0211	-0.0117	0.1300	-0.2096	-0.3149	0.1080	0.2478	-0.1356	-0.1349	0.0821	-0.2640	-0.1201	-0.0628	-0.2329	-0.2044	0.2402	0.0111	-0.0589	-0.2502	-0.1402	-0.0917	0.1273	0.2928	0.2717	0.1690	0.0233	0.4227	-0.1255	-0.0315	-0.1359	0.1238	0.1379	-0.0943	0.3028	-0.0545	0.0855	-0.0196	-0.0373	0.0492	0.1572	-0.1525	-0.0904	-0.1895	-0.1282	0.1303	-0.0625	0.0128	3.7415	-0.1524	0.0507	0.3576	-0.2008	-0.1512	-0.0499	0.5829	-0.0490	0.0079	-0.0668	-0.3037	-0.0592	-0.1234	-0.1150	-0.0986	-0.0446	-0.0806	0.0803	-0.0568	0.2456	-0.0695	0.1781	-0.1078	-0.3453	-0.3567	0.0006	-0.0505	0.1092	0.1857	-0.0163	-0.1373	0.0276	0.3752	0.4326	0.1367	0.0509	-0.1564	-0.0152	-0.2756	0.0305	-0.1313	-0.1571	-0.1455	-0.1546	0.0399	-0.5382	-0.5730	-0.0567	-0.1134	-0.1507	0.5704	-0.0002	0.0420	0.1044	-0.1360	0.4825	0.2147	-0.0192	0.0452	-0.3832	0.1605	0.0365	-0.2571	-0.0601	-0.1270	0.2217	0.0360	0.0201	-0.2384	0.2687	0.0016	-0.1698	0.1610
g__Hominiventricola	1.0554	-0.3770	0.3115	0.8642	0.5407	0.9613	-0.0464	0.5211	-0.5002	-0.4644	0.7135	-0.3528	-0.4038	0.0228	0.1777	-0.2255	0.7885	-0.0535	-0.0777	1.2114	-0.6334	-0.3275	-1.0668	-0.1302	0.7465	0.1666	0.1502	0.0955	0.1080	0.1933	0.4038	0.4166	-0.2257	-0.3196	-0.4589	0.8030	0.7684	-0.5085	0.8199	0.9288	0.1540	0.5545	-0.7986	-0.2154	-0.1208	-0.4149	-0.5398	-0.6947	-0.0408	0.3945	0.7559	0.3171	0.5668	-1.3912	-0.0825	-0.3944	-0.8651	0.6154	-0.3631	0.7158	-0.4801	1.3585	-0.1605	-0.5374	-0.0391	-0.4186	0.2398	-0.0279	0.3731	-0.0355	1.0523	0.2771	0.6826	-0.1524	2.5641	-0.6262	-0.9435	0.1523	-0.2864	0.5713	0.4075	-0.6827	-0.4295	-0.4160	-0.4101	-0.3260	0.2330	-0.3364	-0.3181	0.3746	0.3699	-0.3172	-0.3050	0.5804	-0.4065	-0.5649	-0.2937	0.6819	0.0183	-0.2801	-0.0848	-0.4359	-0.3714	-0.3055	0.4459	-0.6343	-0.0922	0.2699	0.6310	0.3127	0.3096	0.5421	0.2278	0.1295	-0.0660	-0.2661	-0.6349	-0.4209	0.4235	0.5058	0.7471	-0.0820	-0.2993	0.1192	0.5998	0.2496	-0.4110	0.0126	-1.4206	0.0961	0.0081	-0.4711	-0.6646	-0.1022	-0.6684	-0.7155	0.4789	-0.5420	-1.1620	-0.3534	-0.2057	0.4294	0.1633	-0.6169	0.5239	-0.2143	0.5711
g__Hungatella	-0.5959	0.2999	-0.4122	-0.8386	-0.8073	-0.3576	0.0911	-0.4730	0.5251	0.1872	-1.2446	0.3609	0.3801	-0.2940	0.0676	0.5377	-0.9527	-0.1030	0.3654	-1.3203	-0.1362	0.4062	1.0243	-0.1728	-0.5470	-0.0508	-0.1632	-0.1325	-0.2301	-0.1276	-0.2165	-0.4478	-0.0438	0.2891	0.6354	-1.4054	-0.8126	0.5667	-1.2088	-1.3572	-0.0281	-0.3163	0.7441	0.4583	0.8685	0.4323	0.6053	0.6466	0.0003	-0.8575	-0.9612	-0.0481	-1.0953	1.9382	0.0720	0.4726	1.5700	-0.9445	0.4342	-0.5944	0.3241	-1.4337	0.1310	0.4014	0.0928	0.5414	-0.5579	0.1263	-0.5109	-0.0851	-0.7911	-0.1288	-0.6189	0.0507	-0.6262	2.9204	0.9524	-0.1683	0.3978	-0.5373	-0.2650	0.4984	0.3077	0.3295	0.1353	0.4766	-0.0045	0.3822	0.0351	-0.0578	-0.3328	0.3157	0.3787	-0.7903	0.3858	0.3565	0.2647	-0.7108	-0.1793	0.3905	0.2377	0.5357	0.3681	0.4466	-0.3726	0.6744	-0.1573	-0.8014	-0.9793	-0.4798	0.4985	-0.3408	-0.2099	-0.1349	0.0960	0.1656	0.6744	0.4929	-0.1326	-0.6286	-0.6786	0.1888	0.2772	-0.0091	-0.9075	-0.1499	0.4214	0.0161	1.9971	-0.0551	-0.4471	0.7618	0.4411	0.1634	0.6488	0.4342	0.1562	0.2086	1.7938	0.3263	-0.0286	-0.1940	-0.1046	1.1347	-0.3235	0.1394	-0.3234
g__Intestinibacter	-0.5984	0.3380	-0.5403	-0.7649	-0.9454	-0.4939	0.0912	-0.5659	0.6132	0.1032	-1.4326	0.4022	0.3155	-0.1499	-0.9103	0.3974	-0.5791	-0.0855	0.1432	-1.6917	0.8151	0.2577	0.8409	-0.1296	-0.7002	-0.0024	-0.1703	-0.1123	-0.1460	-0.1280	-0.4505	-0.4614	2.0224	0.2723	0.3408	-1.5947	-0.7820	0.9893	-1.2917	-1.4507	-0.3176	-0.5621	0.5915	0.5585	0.2383	0.4457	0.9098	1.2370	-0.0783	-0.2181	-1.3328	-0.5847	-0.7128	2.0464	0.1897	0.2095	1.1259	-0.3486	0.5590	-0.4782	0.3403	-1.4835	0.0699	0.4299	0.0242	0.8727	-1.3317	0.0946	-0.4976	-0.1326	-1.0865	-0.3272	-0.3926	0.3576	-0.9435	0.9524	5.7078	-0.1196	0.6284	-0.8959	0.2421	0.8598	0.3848	0.1880	0.1107	0.4359	-0.0761	0.3324	-0.0896	-0.3718	-0.4467	0.3298	0.2078	-0.9414	0.4308	0.4458	0.2152	-0.9858	-0.6691	0.1871	0.1313	0.4003	0.2799	0.3354	-0.7792	1.2412	-0.0872	-0.9554	-0.9673	-0.5653	-0.1397	-0.8187	-0.3635	0.0082	-0.1665	0.0405	0.4007	0.5840	-0.2692	-0.6058	-1.2050	0.0546	0.2835	0.0333	-0.2264	-0.0912	0.2171	0.0181	2.2599	0.0291	-0.3332	0.5084	1.3909	-0.1216	0.7950	0.7251	-0.4000	1.2802	2.2849	1.4751	0.0418	-0.3341	-0.3085	1.8726	-0.4006	0.0293	-0.2698
g__JAGTTR01	0.1235	-0.1155	0.1063	-0.1702	-0.0704	0.0248	0.0678	-0.1450	-0.1798	-0.0930	-0.1197	-0.0629	-0.0762	-0.2182	-0.1232	-0.0253	-0.0585	0.2471	-0.2946	0.2790	-0.1344	-0.0862	-0.1866	-0.1283	0.0041	0.0609	0.2033	0.1358	0.0289	0.1633	0.2171	0.2679	-0.0661	-0.1925	-0.2473	0.0717	0.2466	-0.2159	0.1414	0.1337	0.1083	-0.1478	-0.1948	0.0639	-0.1756	0.0699	0.0336	0.1160	0.0996	-0.0491	-0.0006	0.0842	-0.2488	-0.0342	0.0632	0.0004	-0.3794	-0.2378	-0.0295	0.1037	-0.0191	0.0932	0.0233	0.0206	0.0403	-0.0650	0.3150	-0.0781	0.2878	0.0033	0.4091	0.2169	-0.0854	-0.2008	0.1523	-0.1683	-0.1196	1.0504	0.0470	0.2615	-0.1926	0.0814	0.0039	-0.0056	-0.0219	-0.0818	0.1445	-0.0100	-0.0442	-0.1167	0.2203	-0.0195	-0.0531	0.1556	-0.0135	-0.1075	-0.0379	-0.0616	-0.0049	-0.0547	-0.0056	-0.1210	-0.0621	-0.0581	0.2503	0.0016	-0.0769	-0.0577	0.2272	0.3265	-0.1398	-0.1535	0.1927	0.1197	0.1326	0.0251	0.0365	-0.0143	-0.0587	-0.1611	0.3119	0.0576	-0.0696	0.0632	-0.0085	0.2129	-0.0376	0.0770	-0.2306	-0.0332	0.1185	-0.1094	-0.0335	0.0101	-0.3145	-0.0751	-0.1337	0.0107	-0.0462	-0.1318	-0.0772	0.1597	0.0668	-0.0096	0.0134	0.0626	0.1803
g__Klebsiella	-0.9057	-0.0811	-0.1757	-0.9676	-0.6979	-1.1459	0.1597	-0.4864	0.2485	0.3224	-1.3617	0.1829	-0.0301	-0.8268	-0.8259	0.1132	-0.9029	-0.0072	-0.1803	-0.6746	0.0995	0.1945	0.3011	-0.4823	-0.1565	0.0272	-0.1174	-0.0908	0.0035	0.2332	0.3807	-0.0108	0.0583	-0.3109	0.0813	-0.7299	-0.5601	-0.1004	-0.7051	-0.9105	0.1489	-0.8491	-0.0674	2.5033	0.3929	0.8299	1.1352	1.4474	0.0765	-0.4921	-0.5624	-0.4898	-1.1329	1.0287	0.0437	0.6115	0.2817	-1.0829	0.4201	-0.2745	0.5710	-0.8029	0.0995	0.7095	-0.0849	0.6350	-0.0328	-0.0894	-0.1923	-0.1284	-0.4256	0.0781	-0.7346	-0.1512	-0.2864	0.3978	0.6284	0.0470	4.4168	-0.0959	-0.6109	0.7043	0.4687	0.3219	0.6907	0.0928	-0.0225	0.4170	0.3618	-0.4093	-0.2278	0.7120	0.3160	-0.5144	0.6483	0.1885	0.2720	-0.8031	0.1348	0.1712	0.2714	0.2508	-0.0840	0.2548	-0.3744	1.2526	-0.2465	-0.5453	-0.5121	-0.3763	-0.2802	-0.3389	0.2208	0.0594	-0.0538	0.4615	0.6241	0.4215	0.0032	-0.6387	-0.1127	0.1569	0.3375	-0.0285	-0.6225	-0.0809	0.4618	0.0238	1.2447	-0.0621	-0.1176	-0.1541	0.9188	0.2372	0.0908	0.8172	-0.0982	0.1201	1.0088	0.1559	-0.0077	0.0094	0.1061	1.7714	-0.5139	0.6880	-0.0372
g__Lachnoclostridium_B	0.4719	0.0785	0.7094	0.6723	0.6344	0.1931	-0.0294	0.2482	-0.1414	-0.4864	0.8921	-0.2606	0.0054	0.1396	-0.0516	-0.1896	0.6368	0.1569	-0.4377	1.1188	0.0384	-0.2612	-0.5560	0.0794	0.1565	-0.0691	0.1372	0.2402	0.1605	0.1726	0.4412	0.4227	-0.3605	-0.2843	-0.6947	1.0266	0.8394	-0.7693	1.0373	0.6269	0.2468	0.3245	-0.5729	-0.2756	-0.3535	-0.3531	-0.4265	-0.6727	-0.1290	0.2397	0.6739	0.1657	0.5401	-1.4777	-0.0703	-0.2167	-0.5997	0.3927	-0.3195	0.3047	-0.4685	1.1596	0.0736	-0.4512	-0.0416	-0.8420	0.5791	-0.1276	0.6002	0.0920	0.7359	0.1629	0.7019	-0.0499	0.5713	-0.5373	-0.8959	0.2615	-0.0959	3.2253	0.0663	-0.4872	-0.3336	-0.3012	-0.2731	-0.3195	0.1827	-0.2959	-0.2305	0.1320	0.3732	-0.4244	-0.4453	0.7778	-0.3252	-0.3561	-0.0937	0.5780	-0.1886	-0.0938	-0.0777	-0.1149	-0.2916	-0.1681	0.4888	-0.6862	0.1409	0.4104	0.9270	0.4792	0.1514	0.4839	0.2484	0.1456	-0.0877	-0.1835	-0.3724	-0.3937	-0.0275	0.0604	0.7269	-0.0189	-0.3138	0.0094	0.5071	0.1854	-0.4114	-0.1186	-1.3283	0.0510	0.3538	-0.2408	-0.5417	0.0283	-0.5015	-0.5911	0.0401	-0.2485	-1.0215	-0.4381	-0.2832	0.3290	-0.0453	-0.9720	0.1146	-0.1837	0.2045
g__Lachnospira	1.0316	-0.2092	0.1307	1.1131	0.4449	0.3059	-0.2929	1.1732	-0.1332	0.0023	0.6940	-0.2172	-0.1511	0.8011	0.1956	-0.2226	1.1520	-0.0440	0.3687	0.2393	-0.0443	-0.3856	0.3505	0.5983	0.8437	0.1220	-0.0969	-0.2875	-0.0098	-0.1612	-0.1173	0.1578	0.9359	-0.1302	-0.2361	0.4094	0.2808	-0.0401	0.3098	0.4229	-0.3867	0.7678	-0.1570	-0.4231	0.0797	-0.6145	-0.5020	-0.9843	0.0267	0.7965	0.4810	0.0152	0.9142	-0.4984	-0.2257	-0.4641	-0.0787	1.2791	-0.4965	0.0379	-0.5364	0.2322	-0.2875	-0.7844	-0.2038	0.6662	-0.5884	-0.0136	0.0658	-0.4242	0.1387	-0.2030	0.5689	0.5829	0.4075	-0.2650	0.2421	-0.1926	-0.6109	0.0663	5.1127	-0.6738	-0.6805	-0.5067	-0.3969	-0.3389	-0.1053	-0.3704	-0.2149	0.2807	-0.2442	-0.1095	-0.3171	0.2847	-0.4054	-0.2558	-0.4346	0.4573	-0.2364	-0.2546	-0.2111	-0.3083	-0.2238	-0.3264	-0.0073	0.1215	0.2323	0.3894	0.2280	0.0529	0.3493	0.2024	-0.1572	-0.0837	-0.2690	-0.5373	-0.5119	-0.5693	-0.2048	0.8684	-0.5190	-0.1319	-0.2232	-0.2089	1.7647	-0.0554	-0.5393	-0.0576	-0.7517	-0.0017	-0.0641	-0.2997	-0.3729	-0.1404	-0.1971	-0.5883	0.6979	0.1340	-0.6842	0.2599	-0.3891	0.1045	0.0425	0.1601	0.0596	-0.3244	0.0687
g__Lacticaseibacillus	-0.8799	0.3895	-0.4036	-1.2882	-0.8731	-1.1001	0.1639	-0.5214	0.1654	0.3004	-1.8977	0.3320	0.1331	-0.8577	-0.4125	0.1744	-0.9961	0.0523	-0.9910	-1.1199	0.9130	0.2209	0.6653	-0.4121	-0.4343	0.0062	0.0225	0.0735	0.1370	-0.1208	-0.1531	-0.1455	0.1935	-0.0552	0.2826	-1.4962	-0.8397	0.3846	-1.0358	-1.0854	-0.0010	-0.8186	0.1477	0.7331	-0.2358	1.0514	1.1526	1.7449	0.1133	-0.6948	-1.0436	-0.4584	-1.3135	1.4293	0.1774	0.4400	0.2892	-1.5613	0.3988	-0.4591	0.7751	-1.4296	0.1275	0.9843	0.0353	0.9223	-0.1062	0.0798	-0.3870	-0.1636	-0.8738	0.1022	-0.8644	-0.0490	-0.6827	0.4984	0.8598	0.0814	0.7043	-0.4872	-0.6738	3.4285	1.0899	1.0991	0.6275	0.3545	0.1475	0.5522	0.3744	-0.5523	-0.3559	0.7028	0.8549	-0.6515	1.3464	0.4603	0.4172	-1.3728	-0.0784	0.3558	0.3026	0.3320	0.1483	0.1834	-0.4577	1.3710	-0.0193	-0.6404	-0.7535	-0.2279	-0.6326	-0.9728	-0.1966	0.0371	-0.0455	0.6824	1.5498	0.4783	-0.2661	-1.4792	-0.0398	0.2759	0.3953	-0.0240	-1.2178	-0.0786	0.9019	0.2007	1.4492	-0.0905	-0.2932	-0.0406	0.9606	-0.3378	0.2590	1.3013	-0.1864	0.4842	1.0974	0.4631	-0.0108	-0.1070	0.1346	1.5781	-0.4251	0.5729	-0.0347
g__Lactiplantibacillus	-0.5671	0.1098	-0.2741	-0.7033	-0.8098	-0.6151	0.1582	-0.5005	0.1040	0.3783	-1.0305	0.2288	0.0947	-0.4890	-0.3191	0.1180	-0.4954	0.0351	-0.3542	-0.6188	0.6518	0.1654	0.2695	-0.4063	-0.3789	0.1046	0.0295	0.1179	-0.0117	-0.1037	0.0718	-0.2072	-0.0423	-0.0847	0.1055	-0.9531	-0.5229	-0.1204	-0.6869	-0.6797	0.0970	-0.5170	0.1813	0.4151	-0.1064	0.7224	0.8142	1.3537	0.1659	-0.4999	-0.6411	-0.1801	-0.7694	0.8608	0.0657	0.2862	0.3178	-0.8746	0.3390	-0.3746	0.2813	-1.0024	0.1164	0.5286	0.0580	0.3745	-0.2172	0.0481	-0.2673	-0.0541	-0.5813	0.0723	-0.6708	0.0079	-0.4295	0.3077	0.3848	0.0039	0.4687	-0.3336	-0.6805	1.0899	2.4680	0.6952	0.5261	0.2674	0.0845	0.3900	0.2981	-0.3324	-0.2330	0.2982	0.5306	-0.3805	0.7583	0.2529	0.2960	-0.7980	0.0822	0.2491	0.1448	0.1314	0.0796	0.1909	-0.3249	0.6800	-0.1888	-0.3775	-0.4153	-0.2460	-0.3382	-0.2477	-0.0911	0.0311	0.3053	0.4449	1.0382	0.2500	0.0479	-0.6818	-0.2197	0.1733	0.2823	-0.0078	-0.8374	-0.0538	0.5076	0.1118	0.9368	0.0138	-0.1837	-0.0622	0.4268	-0.1572	0.2107	0.5452	-0.1654	0.1892	0.7919	0.2023	0.0440	-0.1265	0.0200	1.0222	-0.2995	0.2723	0.0316
g__Lactobacillus	-0.4909	0.2559	-0.2665	-0.4822	-0.6972	-0.6999	0.0810	-0.1283	0.1399	0.3947	-0.9991	0.2137	0.1621	-0.3373	-0.2758	0.1228	-0.6728	-0.0060	-0.7467	-0.7055	0.4198	0.1170	0.3891	-0.2363	-0.2595	-0.0512	0.0288	0.0252	0.1087	-0.0741	0.0340	-0.1575	-0.2311	-0.1350	0.1782	-0.7826	-0.5304	-0.0881	-0.4550	-0.5728	0.0056	-0.5468	-0.0387	0.3518	-0.0929	0.5575	0.6279	0.8758	0.1453	-0.5028	-0.5130	-0.3587	-0.7480	0.9379	0.1052	0.2851	0.1691	-1.0270	0.3019	-0.3614	0.4446	-0.9604	0.0486	0.5785	0.0201	0.6418	-0.0818	0.0269	-0.3728	-0.0842	-0.4595	0.0335	-0.6337	-0.0668	-0.4160	0.3295	0.1880	-0.0056	0.3219	-0.3012	-0.5067	1.0991	0.6952	2.4488	0.3345	0.2649	0.0481	0.4388	0.3320	-0.3370	-0.2579	0.2550	0.7671	-0.2628	1.1179	0.3031	0.2561	-1.0537	0.2821	0.2332	0.1864	0.2157	0.0945	0.1645	-0.3291	1.0015	-0.1210	-0.4259	-0.3348	-0.0510	-0.2470	-0.3642	-0.0760	0.0564	-0.0316	0.4289	0.8111	0.4036	-0.2245	-0.7833	-0.1793	0.0948	0.1779	0.0121	-0.7717	-0.0767	0.3934	0.2138	1.0578	-0.0944	-0.1777	-0.0431	0.6245	-0.1706	0.0743	0.8636	-0.0819	0.1926	0.6074	0.0766	-0.0008	-0.0477	0.1349	0.9633	-0.2858	0.1675	-0.1239
g__Lactococcus	-0.6627	0.1324	-0.2595	-0.6121	-0.5231	-0.6438	0.0698	-0.3958	0.2253	0.3291	-0.5897	0.2099	0.1225	-0.2567	-0.3630	0.1366	-0.5881	0.0003	-0.2421	-0.6084	0.4166	0.1635	0.3365	-0.2917	-0.2967	-0.0516	-0.0745	-0.0121	-0.0351	-0.0065	0.2312	-0.1652	0.0451	-0.0553	0.1425	-0.4329	-0.3879	-0.1216	-0.5831	-0.5205	0.0875	-0.5511	0.0432	0.7979	-0.1118	0.5045	0.6413	0.7816	0.0088	-0.3976	-0.5875	-0.3474	-0.7092	0.8245	0.0437	0.2435	0.0327	-0.5568	0.3047	-0.4420	0.5200	-0.9592	0.0747	0.5930	0.0266	0.3356	0.0733	-0.0635	-0.2285	0.0047	-0.5077	-0.0090	-0.4668	-0.3037	-0.4101	0.1353	0.1107	-0.0219	0.6907	-0.2731	-0.3969	0.6275	0.5261	0.3345	2.2704	0.1503	-0.0483	0.2661	0.5869	-0.2940	-0.1794	0.5230	0.4920	-0.2856	0.4401	0.3352	0.2195	-0.5511	0.0843	0.1349	0.0828	0.1747	0.0682	0.0684	-0.2884	0.5126	-0.1109	-0.4797	-0.2531	-0.1830	-0.4331	-0.3569	-0.1303	-0.0374	0.0885	0.2131	0.5467	0.2760	0.0664	-0.4627	-0.2716	0.1332	0.2142	-0.0851	-0.5177	-0.0721	0.5461	-0.0089	0.9115	-0.1401	-0.1771	-0.0312	0.3506	0.1303	0.1882	0.7225	-0.0813	0.1739	0.5573	0.1941	0.1330	-0.1285	0.1540	0.6463	-0.2629	0.8521	-0.0955
g__Lactonifactor	-0.3121	0.2352	-0.1377	-0.5430	-0.2803	-0.0446	0.0115	-0.3958	0.2090	0.0682	-0.3797	0.2814	0.2607	-0.2241	0.1711	0.1701	-0.4400	-0.0937	0.0492	-0.5628	0.2440	0.2479	0.1374	-0.0727	-0.3662	-0.1044	-0.0994	-0.1568	0.0251	-0.1110	-0.1419	-0.3176	-0.1696	0.1485	0.4387	-0.6147	-0.3182	0.0874	-0.5564	-0.4632	0.0722	-0.0557	0.4234	0.0838	0.1613	0.2008	0.2518	0.3969	0.0461	-0.2945	-0.4640	-0.0121	-0.3282	0.5422	0.0921	0.1382	0.5308	-0.4676	0.1910	-0.3409	0.1264	-0.4643	0.1624	0.1731	0.1234	0.0104	-0.2113	0.1497	-0.0708	0.1256	-0.3765	-0.0832	-0.1400	-0.0592	-0.3260	0.4766	0.4359	-0.0818	0.0928	-0.3195	-0.3389	0.3545	0.2674	0.2649	0.1503	1.5019	-0.0226	0.1663	0.1132	0.0542	-0.0362	0.1682	0.1237	-0.3469	0.2478	0.2350	0.1769	-0.3605	-0.1199	0.1048	0.1995	0.1311	0.2856	0.2791	-0.3617	0.1849	0.0368	-0.2598	-0.3890	-0.2283	-0.0663	-0.0360	-0.0549	-0.0870	-0.1256	0.1275	0.3483	0.1330	-0.0672	-0.3187	-0.1971	0.0910	0.1956	0.0208	-0.4967	-0.1712	0.1402	0.0489	0.7341	-0.0758	-0.1649	0.4588	0.1623	0.0721	0.5521	0.2353	0.0045	0.0828	0.7064	0.1153	-0.0391	-0.1397	-0.0221	0.1826	-0.1238	0.0226	-0.2160
g__Laedolimicola	0.1580	-0.1115	0.1304	-0.1742	0.0521	-0.1382	0.1094	0.0445	-0.1067	-0.0232	-0.1173	-0.0508	-0.0762	-0.1292	-0.0988	-0.0071	0.0144	0.1190	-0.1271	0.0340	-0.1567	-0.0519	-0.1440	-0.0928	0.1003	0.0400	0.1442	0.1147	0.1613	0.1316	0.0088	0.1127	0.0175	-0.1157	-0.1450	-0.0476	0.1871	-0.2391	0.0965	0.1163	0.0559	-0.0709	-0.1416	-0.0341	-0.1448	0.0801	0.0452	0.1081	0.0706	-0.1252	-0.0301	0.0308	-0.0935	-0.1215	0.1075	0.0026	-0.1276	-0.1875	-0.0294	0.0680	-0.0403	0.1398	-0.0204	0.0063	0.0254	-0.0652	0.1301	0.0269	0.1724	-0.0110	0.3141	0.1549	-0.0394	-0.1234	0.2330	-0.0045	-0.0761	0.1445	-0.0225	0.1827	-0.1053	0.1475	0.0845	0.0481	-0.0483	-0.0226	1.2939	0.0239	-0.0258	-0.1047	0.0818	-0.0411	0.0000	0.0358	0.0777	-0.0893	0.0199	-0.1559	-0.0432	-0.0551	-0.0018	-0.0226	-0.0736	-0.0062	0.1737	-0.0365	-0.1227	0.0142	0.1837	0.2233	-0.1158	-0.1189	0.1636	0.0354	0.1452	0.0539	0.0292	-0.0050	-0.0527	-0.0256	0.3149	-0.0074	-0.0279	-0.0119	-0.0664	0.1626	-0.0129	0.1021	-0.1601	-0.1581	-0.2552	-0.1322	-0.0805	-0.0293	-0.2182	-0.1188	-0.0398	-0.1061	0.0927	-0.2206	0.0127	0.0829	0.0627	0.0544	0.0823	0.0289	0.1406
g__Lancefieldella	-0.5607	0.1091	-0.2945	-0.7151	-0.4987	-0.7135	0.0693	-0.2562	0.1209	0.3554	-0.7817	0.1984	0.0970	-0.3637	-0.1453	0.0897	-0.4724	-0.0525	-0.3399	-0.5179	0.2499	0.1220	0.3446	-0.1383	-0.2208	-0.0644	-0.0684	-0.0138	-0.0743	-0.0464	0.0806	-0.1258	-0.0144	-0.1051	0.1464	-0.5328	-0.4352	-0.0525	-0.5428	-0.5228	-0.0264	-0.5392	0.0892	0.4047	0.0097	0.4339	0.5592	0.7687	0.0228	-0.5590	-0.4439	-0.3041	-0.6610	0.9323	0.0214	0.2875	0.1859	-0.6296	0.2883	-0.3844	0.3722	-0.7978	0.0531	0.4888	-0.0268	0.5523	-0.0316	0.0134	-0.2527	-0.0950	-0.4150	0.0251	-0.6087	-0.1150	-0.3364	0.3822	0.3324	-0.0100	0.4170	-0.2959	-0.3704	0.5522	0.3900	0.4388	0.2661	0.1663	0.0239	1.2840	0.2346	-0.2884	-0.2348	0.2620	0.3494	-0.4227	0.5061	0.2119	0.2086	-0.6198	0.3220	0.1829	0.1143	0.2026	0.1056	0.1484	-0.2948	0.8661	-0.1362	-0.4043	-0.3235	-0.1675	-0.1418	-0.4747	-0.0600	-0.0019	0.0432	0.3426	0.5342	0.3892	-0.0995	-0.4577	-0.0168	0.0955	0.2355	-0.0172	-0.5250	-0.1058	0.3975	0.0255	0.9842	-0.1065	-0.2150	-0.0162	0.5493	0.0084	0.1284	0.6088	0.0128	0.2138	0.8319	0.1732	0.0375	-0.0287	0.2383	0.9895	-0.3158	0.1772	-0.1050
g__Latilactobacillus	-0.3838	-0.0501	-0.2223	-0.4542	-0.2920	-0.6760	0.0058	-0.2027	0.0441	0.3504	-0.5501	0.0427	-0.0317	-0.3125	-0.3360	0.0505	-0.1405	-0.0788	-0.4950	-0.4449	-0.0279	0.0723	0.4139	-0.2735	-0.1456	0.0426	-0.0825	-0.0918	0.0389	-0.0872	0.3682	-0.0591	0.2526	-0.1933	-0.0104	-0.2467	-0.2278	0.0156	-0.3184	-0.3110	-0.1739	-0.5190	-0.3231	0.5932	-0.3046	0.4033	0.3711	0.5195	0.0131	-0.2537	-0.1375	-0.3152	-0.4222	0.2912	0.0997	0.1298	-0.1074	-0.3755	0.0859	-0.1363	0.4950	-0.8137	-0.0111	0.5510	-0.0744	0.5448	0.0522	-0.0608	-0.3299	-0.1258	-0.1799	0.0549	-0.4680	-0.0986	-0.3181	0.0351	-0.0896	-0.0442	0.3618	-0.2305	-0.2149	0.3744	0.2981	0.3320	0.5869	0.1132	-0.0258	0.2346	3.2335	-0.2726	-0.3190	0.9615	0.3410	-0.0934	0.3103	0.0611	0.0761	-0.6697	0.4985	0.0282	0.1522	0.0443	-0.0072	0.1490	-0.1986	0.4500	-0.1934	-0.1843	-0.0422	-0.0127	-0.4052	-0.2714	0.0226	-0.0092	-0.0163	0.3332	0.1824	0.2222	-0.2119	-0.4895	0.0029	0.0654	0.1825	-0.1073	-0.3749	-0.0601	0.7837	0.0148	0.2787	-0.0416	-0.0225	-0.2696	0.1809	0.0365	-0.0381	0.8869	-0.2373	0.2299	0.2790	-0.0485	0.3163	0.0945	0.3437	0.6684	-0.3342	1.3619	0.0423
g__Lawsonibacter	0.5401	0.0152	0.1184	0.3057	0.2886	1.1387	-0.0555	0.1624	0.3266	0.0056	0.6184	-0.1012	0.0655	0.1239	0.9047	0.0921	0.0560	-0.4193	0.6488	0.3473	-0.3707	-0.0190	-0.1192	0.2113	0.0214	-0.1969	-0.2162	-0.2156	-0.1382	-0.1377	-0.1544	-0.1779	-0.4951	0.3107	0.1690	0.2864	-0.0011	-0.0332	0.0499	0.1154	-0.0723	1.3363	0.3432	-0.3285	0.4049	-0.4356	-0.4057	-0.7590	-0.1667	0.4574	0.2528	0.4661	0.4768	-0.2335	-0.0997	-0.2859	0.6420	0.3707	-0.1857	0.1741	-0.3830	0.4020	-0.0001	-0.5004	0.0927	-0.6890	-0.2211	0.2223	0.0881	0.1198	-0.0146	-0.1747	0.4812	-0.0446	0.3746	-0.0578	-0.3718	-0.1167	-0.4093	0.1320	0.2807	-0.5523	-0.3324	-0.3370	-0.2940	0.0542	-0.1047	-0.2884	-0.2726	2.8569	0.0636	-0.1531	-0.2780	-0.0017	-0.3572	-0.0595	-0.0227	0.5050	0.0289	-0.0351	0.1054	-0.0831	0.0549	-0.0231	-0.0254	-0.7142	0.2513	-0.3047	-0.2443	-0.2124	0.5696	1.1095	0.0472	-0.1606	-0.1608	-0.2356	-0.4476	-0.4772	0.5230	0.7370	-0.1380	-0.0242	-0.0313	0.2024	0.2388	-0.2525	-0.4503	-0.1644	-0.0851	-0.1163	0.0313	0.6350	-0.6297	0.2408	0.5039	-0.7001	0.1967	-0.4634	-0.1532	-0.5585	-0.0143	-0.1974	-0.0907	-1.1267	0.4822	-0.1184	-0.2528
g__Lentihominibacter	0.4815	-0.0205	0.4627	0.2530	0.2015	0.8159	0.1237	-0.3739	-0.1176	-0.4130	0.4446	-0.1201	0.0070	-0.1688	0.0583	-0.0823	0.1936	0.1911	-0.0108	0.6294	-0.0923	-0.1089	-0.7099	-0.0582	-0.1275	0.1674	0.2998	0.2137	0.1292	0.2727	0.1525	0.3156	-0.1424	0.0496	-0.1509	0.5110	0.5895	-0.4336	0.4061	0.5861	0.1495	0.2096	-0.2315	-0.3534	-0.4672	-0.2412	-0.3272	-0.4273	0.1483	0.3221	0.3593	0.7549	0.1686	-0.8261	0.0531	-0.1973	-0.5132	0.1260	-0.2919	0.3750	-0.3243	0.7843	0.0213	-0.3494	0.1237	-0.6381	0.6142	-0.0661	0.6687	0.3871	0.7908	0.1127	0.2749	-0.0806	0.3699	-0.3328	-0.4467	0.2203	-0.2278	0.3732	-0.2442	-0.3559	-0.2330	-0.2579	-0.1794	-0.0362	0.0818	-0.2348	-0.3190	0.0636	1.8039	-0.2556	-0.1941	0.3783	-0.2057	-0.3175	-0.1328	0.2955	-0.1485	-0.1329	-0.0965	-0.1373	-0.0437	-0.0525	0.4818	-0.5137	0.0367	0.0362	0.2606	0.5047	-0.1614	0.1731	0.3741	0.0447	-0.0940	-0.1564	-0.4201	-0.1566	0.0504	-0.1924	0.1659	-0.0997	-0.3025	0.0716	0.1276	0.3062	-0.2760	0.1123	-0.7719	0.0921	0.2977	0.1016	-0.2668	-0.0876	-0.4096	-0.4000	-0.2120	-0.1799	-0.5241	-0.1780	-0.1212	0.1130	-0.1611	-0.6304	0.3957	-0.2207	0.1305
g__Leuconostoc	-0.5194	-0.0258	-0.2297	-0.7128	-0.4286	-0.7945	-0.0191	-0.3270	0.0941	0.5523	-1.0093	0.1394	0.0217	-0.4000	-0.3426	0.0367	-0.5436	0.0560	-0.3874	-0.7119	0.3127	0.1035	0.4521	-0.1380	-0.2766	0.0293	-0.0362	-0.0558	-0.0092	-0.0932	0.0060	-0.1331	0.3433	-0.2079	0.0858	-0.5951	-0.4771	0.1031	-0.6491	-0.6757	-0.1272	-0.5067	0.0153	0.7096	0.0701	0.4219	0.5184	0.9006	0.0951	-0.4873	-0.4605	-0.2374	-0.7220	0.8863	0.0440	0.2488	0.0815	-0.7752	0.1864	-0.2967	0.4753	-1.0724	0.0215	0.7083	-0.0398	0.6590	-0.0341	0.0237	-0.2875	-0.1332	-0.4961	0.0291	-0.6228	0.0803	-0.3172	0.3157	0.3298	-0.0195	0.7120	-0.4244	-0.1095	0.7028	0.2982	0.2550	0.5230	0.1682	-0.0411	0.2620	0.9615	-0.1531	-0.2556	2.2369	0.2585	-0.5338	0.3663	0.2950	0.1546	-1.0996	0.2557	0.0923	0.1963	0.0784	0.0970	0.0909	-0.2995	0.6378	-0.1076	-0.3083	-0.5053	-0.1771	-0.5592	-0.4445	0.1124	0.0217	-0.0921	0.2792	0.3831	0.3435	-0.1874	-0.5783	-0.1572	0.0490	0.1435	-0.0858	-0.4081	-0.1302	0.6607	0.0312	0.8390	-0.1204	-0.2396	-0.1263	0.4794	0.0472	0.1593	0.8604	-0.1054	0.4047	0.7024	0.3093	0.1906	-0.0235	0.2320	1.1179	-0.3061	1.1311	-0.0142
g__Ligilactobacillus	-0.5220	0.1227	-0.1916	-0.6359	-0.7313	-0.4654	0.0254	-0.4629	0.0209	0.1831	-0.8709	0.1752	-0.0014	-0.3669	-0.2892	0.0983	-0.3655	0.0014	-0.3229	-0.6502	0.2966	0.0928	0.6072	-0.0843	-0.2876	0.0364	0.0670	-0.0410	0.1313	-0.0998	0.1269	-0.0452	0.1440	-0.1840	0.2447	-0.8073	-0.3407	-0.1127	-0.5097	-0.7011	-0.0506	-0.5293	0.0138	0.3665	-0.0513	0.4871	0.6942	0.6705	0.0848	-0.4977	-0.3873	-0.1538	-0.6628	1.1102	0.0851	0.2654	0.1617	-0.8026	0.3620	-0.3740	0.3263	-0.8902	0.0168	0.3653	-0.0240	0.5212	-0.2526	0.0437	-0.2905	-0.1469	-0.3830	0.0150	-0.5072	-0.0568	-0.3050	0.3787	0.2078	-0.0531	0.3160	-0.4453	-0.3171	0.8549	0.5306	0.7671	0.4920	0.1237	0.0000	0.3494	0.3410	-0.2780	-0.1941	0.2585	2.5046	-0.4065	0.8634	0.1897	0.1938	-0.5663	0.0437	0.1161	0.0749	0.1372	0.0480	0.0923	-0.1716	0.8691	-0.2750	-0.4858	-0.4199	-0.1321	-0.3581	-0.3514	-0.1112	0.0391	0.0173	0.3682	0.6705	0.2797	0.0580	-0.7480	-0.1714	0.0701	0.1698	-0.0022	-0.5757	-0.0910	0.5093	0.1582	1.0115	-0.0867	-0.2074	0.0574	0.5459	0.0929	0.1187	0.7749	0.0752	0.1144	0.6618	0.1753	-0.0479	-0.0060	0.0585	0.9886	-0.2873	0.2740	-0.0423
g__Limivivens	0.7481	-0.2673	0.5170	1.2139	0.8898	0.7042	-0.1030	0.5441	-0.4735	-0.6874	1.1380	-0.3398	-0.2789	0.3214	-0.0204	-0.2878	1.0934	0.1608	-0.4382	1.3749	-0.2683	-0.3613	-0.8619	0.0020	0.5850	0.2294	0.0720	0.0757	0.2399	0.0238	0.2110	0.6000	-0.2337	-0.2457	-0.6741	1.3667	1.0300	-0.2541	1.1509	1.2958	0.2171	0.4024	-0.6445	-0.3864	-0.7533	-0.4996	-0.7116	-0.8518	-0.0551	0.6964	1.3390	0.3318	1.1509	-1.8177	-0.0707	-0.4706	-1.0692	0.8383	-0.6054	0.7921	-0.4386	1.5400	-0.1615	-0.5379	-0.1250	-0.4399	0.3267	-0.1051	0.4814	0.1287	1.1726	0.1208	0.7180	0.2456	0.5804	-0.7903	-0.9414	0.1556	-0.5144	0.7778	0.2847	-0.6515	-0.3805	-0.2628	-0.2856	-0.3469	0.0358	-0.4227	-0.0934	-0.0017	0.3783	-0.5338	-0.4065	3.0484	-0.4208	-0.5364	-0.4093	0.6921	-0.1474	-0.2572	-0.2712	-0.4867	-0.3174	-0.3697	0.9015	-0.6506	-0.0403	1.0232	1.0685	0.5955	-0.0620	0.1273	0.0535	0.1723	-0.0745	-0.3209	-0.7592	-0.5542	-0.2223	0.2135	0.7310	-0.1510	-0.4270	-0.0319	0.7946	0.2486	-0.3888	-0.0936	-2.1450	0.1996	0.3154	-0.5015	-0.5258	-0.3425	-0.6458	-0.5029	-0.2313	-0.5041	-1.5680	-0.4197	-0.0599	0.4499	0.0080	-0.9367	0.4987	-0.1624	0.2906
g__Limosilactobacillus	-0.7513	0.2876	-0.2678	-0.8436	-0.9239	-0.7957	0.1021	-0.3335	0.0546	0.3301	-1.2436	0.2285	0.0866	-0.3390	-0.4152	0.1297	-0.6607	-0.0012	-0.7255	-0.6234	0.5097	0.1121	0.2334	-0.3688	-0.2011	-0.0097	0.0549	0.0394	0.0873	-0.0952	0.2740	-0.1360	-0.1006	-0.1094	0.1332	-0.8578	-0.4853	-0.1113	-0.6458	-0.7742	0.0431	-0.6352	-0.0159	0.6271	-0.2338	0.6208	0.6918	1.2436	0.1165	-0.6085	-0.4186	-0.3414	-1.0007	1.0500	0.1185	0.3512	0.0529	-1.2608	0.3241	-0.4193	0.4057	-1.1558	0.0386	0.6164	0.0119	0.8032	0.1112	-0.0198	-0.2922	-0.1293	-0.4562	0.0737	-0.8482	-0.0695	-0.4065	0.3858	0.4308	-0.0135	0.6483	-0.3252	-0.4054	1.3464	0.7583	1.1179	0.4401	0.2478	0.0777	0.5061	0.3103	-0.3572	-0.2057	0.3663	0.8634	-0.4208	2.6884	0.2022	0.2447	-1.1310	0.2128	0.2525	0.1720	0.3299	0.0663	0.1633	-0.3700	1.2482	-0.1754	-0.7030	-0.3807	0.0108	-0.5046	-0.5488	-0.0664	0.0763	-0.0378	0.5116	0.8840	0.4141	-0.0209	-1.0324	-0.2588	0.1729	0.2814	-0.0331	-0.7287	-0.0104	0.5419	0.1967	0.9525	-0.1525	-0.2384	-0.1856	0.8171	-0.1488	0.1684	1.1555	-0.1489	0.1683	0.7121	0.0338	-0.1004	0.0668	0.1316	1.4305	-0.3199	0.2547	-0.0599
g__Longicatena	-0.5853	0.2731	-0.3183	-0.8531	-0.4647	-0.4770	0.0566	-0.0370	0.5091	0.3602	-0.4765	0.2436	0.2130	0.0230	-0.0600	0.1410	-0.4182	-0.1116	0.0824	-0.8573	0.3627	0.2432	0.7297	0.0790	-0.3983	-0.0078	-0.1006	-0.1368	-0.0848	-0.0961	-0.2354	-0.2515	0.0030	0.0034	0.3820	-0.6408	-0.7019	0.5992	-0.5821	-0.5633	-0.1228	-0.2747	0.6205	0.2859	0.2883	0.2592	0.3660	0.5281	0.0495	-0.2204	-0.7821	-0.3113	-0.5224	1.2469	0.0193	0.2702	0.5471	-0.5273	0.3895	-0.4446	0.3193	-0.9796	0.1076	0.3447	-0.0007	0.2028	-0.3564	0.1504	-0.3891	-0.0158	-0.7258	-0.0705	-0.3259	0.1781	-0.5649	0.3565	0.4458	-0.1075	0.1885	-0.3561	-0.2558	0.4603	0.2529	0.3031	0.3352	0.2350	-0.0893	0.2119	0.0611	-0.0595	-0.3175	0.2950	0.1897	-0.5364	0.2022	2.0702	0.2837	-0.3226	-0.1935	0.1611	0.1513	0.1951	0.2867	0.2072	-0.5037	0.3468	0.1401	-0.3058	-0.5924	-0.3178	-0.0825	-0.1897	-0.2593	-0.0861	0.0981	0.1429	0.4892	0.2869	-0.1936	-0.2877	-0.4340	0.0581	0.2382	0.0487	-0.2399	-0.2046	0.2225	0.1145	1.2741	-0.0743	-0.1485	0.2189	0.2259	0.2408	0.4890	0.3434	-0.2902	0.1241	0.9770	0.1623	0.2490	-0.1766	-0.0347	0.4954	-0.3581	0.0483	-0.2004
g__Massilioclostridium	-0.4858	0.3262	-0.1093	-0.5531	-0.4833	-0.2943	0.1124	-0.2983	0.2931	0.2714	-0.5377	0.1547	0.2165	-0.2415	-0.0340	0.1275	-0.4117	-0.0711	-0.1272	-0.4439	0.2261	0.1560	0.2926	-0.0878	-0.2694	-0.0603	-0.0559	0.0452	0.0099	-0.1194	-0.0384	-0.1667	-0.0794	0.0548	0.2596	-0.4125	-0.3606	0.0378	-0.4741	-0.4356	-0.0412	-0.2450	0.2673	0.2450	0.0878	0.3468	0.3881	0.5112	0.0298	-0.3481	-0.4786	-0.0534	-0.5279	0.7684	0.0738	0.2720	0.3363	-0.4260	0.2472	-0.3483	0.2147	-0.6280	0.0921	0.3017	0.0785	0.0308	-0.0696	0.0004	-0.1512	0.0843	-0.4986	0.0105	-0.2376	-0.1078	-0.2937	0.2647	0.2152	-0.0379	0.2720	-0.0937	-0.4346	0.4172	0.2960	0.2561	0.2195	0.1769	0.0199	0.2086	0.0761	-0.0227	-0.1328	0.1546	0.1938	-0.4093	0.2447	0.2837	1.1197	-0.3693	0.0839	0.2130	0.1061	0.1851	0.1821	0.1950	-0.2710	0.2480	0.0909	-0.3390	-0.3808	-0.2304	-0.1434	-0.0927	-0.0886	0.0011	0.0719	0.1901	0.5828	0.1529	-0.0227	-0.4408	-0.2106	0.0942	0.1999	0.0029	-0.4862	-0.1048	0.1428	0.0475	0.7753	-0.1362	-0.0963	0.1490	0.2320	0.1316	0.2907	0.1763	-0.1806	0.1010	0.6553	0.0365	0.1208	-0.1406	0.0820	0.2996	-0.1831	0.0997	-0.1680
g__Mediterraneibacter	0.8291	-0.4357	0.2712	1.0386	1.1730	1.4959	-0.1685	0.5177	-0.2453	-0.6837	2.3881	-0.3157	-0.3349	0.5913	0.7384	-0.2686	1.1242	-0.1575	1.1675	1.1984	-0.7202	-0.2119	-0.3641	0.5390	0.2653	-0.2781	-0.0927	-0.0593	0.0083	0.1324	0.0728	0.0461	-0.2061	0.2326	-0.2253	1.1730	0.8535	0.3207	1.5422	1.8590	-0.0070	1.0611	-0.0240	-0.8113	0.1177	-0.8358	-1.3159	-2.0599	-0.2798	0.6529	1.1931	0.4308	1.9530	-1.4855	-0.2540	-0.6963	-0.2658	2.0700	-0.2421	0.6227	-0.6570	1.9878	-0.1851	-0.9440	-0.1656	-0.9723	0.1106	-0.0566	0.6517	0.0521	0.6792	-0.1519	1.1884	-0.3453	0.6819	-0.7108	-0.9858	-0.0616	-0.8031	0.5780	0.4573	-1.3728	-0.7980	-1.0537	-0.5511	-0.3605	-0.1559	-0.6198	-0.6697	0.5050	0.2955	-1.0996	-0.5663	0.6921	-1.1310	-0.3226	-0.3693	5.8848	-0.2698	-0.3634	-0.3136	-0.5844	-0.1427	-0.3450	0.6310	-1.2209	-0.0295	1.1691	0.8920	0.1238	0.6211	0.7993	-0.1275	-0.1037	0.0878	-0.6165	-1.1514	-0.6231	0.1329	1.3943	0.6675	-0.2564	-0.4460	0.0250	1.1539	-0.0157	-0.8399	-0.2002	-1.5068	0.0293	0.3721	0.3221	-1.1167	0.2116	-0.1293	-1.0245	-0.0139	-0.4449	-1.1926	-0.4080	-0.3411	0.0955	-0.2753	-1.6599	0.4436	-0.6413	-0.0290
g__Megamonas	-0.4583	-0.1326	-0.0461	0.1008	-0.1396	-0.6133	0.0959	0.2539	-0.3318	0.4247	-0.1343	0.0036	-0.2721	-0.4678	-0.0800	-0.0731	-0.2601	-0.1742	-0.2674	0.3158	0.0909	0.0624	-0.9211	-0.0828	0.3828	-0.2121	-0.0174	0.1731	-0.1015	0.1177	0.5652	0.1115	-0.2948	-0.1499	-0.1023	0.8091	-0.1200	-0.6449	-0.0670	0.4067	0.1293	-0.3384	-0.4140	0.1928	0.1837	0.2928	0.2124	0.0827	-0.1810	-0.1335	0.2719	-0.3385	0.1341	-0.0181	-0.1400	0.1250	-0.2039	-0.0997	0.0608	0.1192	0.0064	0.1083	-0.1214	0.1643	0.0194	0.7532	0.7981	-0.0481	-0.5903	-0.0990	-0.2595	0.0727	-0.2453	-0.3567	0.0183	-0.1793	-0.6691	-0.0049	0.1348	-0.1886	-0.2364	-0.0784	0.0822	0.2821	0.0843	-0.1199	-0.0432	0.3220	0.4985	0.0289	-0.1485	0.2557	0.0437	-0.1474	0.2128	-0.1935	0.0839	-0.2698	6.2611	0.0666	-0.0187	0.0934	-0.2319	0.0176	0.0106	0.0829	-0.2547	-0.2721	0.1337	-0.0513	-0.0242	0.0542	0.1725	0.2187	-0.1152	0.0881	-0.0830	0.1773	0.1272	0.4733	1.4928	0.1187	0.2516	-0.0300	-0.1621	0.1353	0.1392	-0.0937	0.0959	0.1721	-0.4928	-0.3175	0.1199	-0.1770	0.0710	0.0186	0.5278	-0.2604	-0.0399	-0.1625	-0.0662	0.1541	2.7192	0.0738	-0.1443	0.1126	0.1834
g__Merdibacter	-0.3375	0.4464	-0.1912	-0.3064	-0.3353	-0.3553	0.0833	-0.1811	0.2738	0.1905	-0.4632	0.1775	0.2999	-0.2326	0.0217	0.0941	-0.3522	-0.0481	-0.0735	-0.3723	0.1129	0.1443	0.2022	-0.0607	-0.2227	-0.0650	-0.0923	0.0640	-0.0650	-0.0286	0.0794	-0.1464	-0.0923	0.1107	0.1994	-0.3884	-0.3316	0.1361	-0.3821	-0.4813	-0.0098	-0.2196	0.3159	0.1946	0.0458	0.2356	0.3308	0.4041	0.0489	-0.3062	-0.3988	-0.1223	-0.5776	0.6124	0.0568	0.1937	0.3737	-0.4408	0.1960	-0.3134	0.2023	-0.5082	0.0546	0.1464	0.1155	0.0756	-0.0655	0.0346	-0.2166	0.0764	-0.3903	-0.0249	-0.3969	0.0006	-0.2801	0.3905	0.1871	-0.0547	0.1712	-0.0938	-0.2546	0.3558	0.2491	0.2332	0.1349	0.1048	-0.0551	0.1829	0.0282	-0.0351	-0.1329	0.0923	0.1161	-0.2572	0.2525	0.1611	0.2130	-0.3634	0.0666	1.0896	0.1244	0.2738	0.2428	0.1627	-0.2209	0.2472	0.1978	-0.4170	-0.2855	-0.2091	-0.0954	-0.1577	-0.0721	-0.0436	-0.0060	0.1527	0.5344	0.1690	-0.1342	-0.2727	-0.2364	0.1008	0.1548	-0.0099	-0.4904	-0.0821	0.1560	0.0382	0.7199	-0.0846	-0.1591	0.1598	0.2272	-0.0176	0.3110	0.2221	-0.1213	0.0402	0.5518	0.1559	-0.0551	-0.1386	0.0717	0.3500	-0.2229	0.0615	-0.1331
g__Merdimmobilis	-0.3337	0.0691	-0.1360	-0.4156	-0.0938	-0.2696	0.0261	-0.1646	0.1333	0.1655	-0.3737	0.0757	0.1052	-0.0820	0.0442	0.0920	-0.3866	-0.1166	-0.0796	-0.3819	-0.0630	0.1333	0.3216	0.0176	-0.1735	-0.0977	-0.0930	-0.0848	-0.0108	0.0572	-0.0450	-0.1313	-0.1053	0.0367	0.2651	-0.3998	-0.3621	0.0204	-0.2931	-0.4305	-0.0054	-0.0773	0.2534	0.2647	0.1611	0.1861	0.1785	0.2081	-0.0273	-0.2892	-0.2542	-0.1599	-0.3850	0.6599	0.0387	0.1526	0.3705	-0.5767	0.2186	-0.2268	0.2502	-0.4502	0.0192	0.2791	0.0490	0.1229	-0.1683	0.1362	-0.1598	-0.0305	-0.1964	-0.0182	-0.2988	-0.0505	-0.0848	0.2377	0.1313	-0.0056	0.2714	-0.0777	-0.2111	0.3026	0.1448	0.1864	0.0828	0.1995	-0.0018	0.1143	0.1522	0.1054	-0.0965	0.1963	0.0749	-0.2712	0.1720	0.1513	0.1061	-0.3136	-0.0187	0.1244	1.3180	0.0631	0.1001	0.0959	-0.2343	0.1454	0.0699	-0.2717	-0.3071	-0.1934	0.1022	-0.0483	-0.0792	-0.0282	-0.0359	0.0902	0.3322	0.1074	0.1271	-0.0662	-0.2166	0.1263	0.1191	0.1548	-0.4092	-0.1808	0.1181	0.0126	0.6777	-0.0137	-0.1771	0.0645	0.1921	0.1909	0.2228	0.2183	0.0651	0.1630	0.4548	0.0666	0.0142	-0.0818	0.0070	0.2814	-0.1333	0.0627	-0.1696
g__Merdimonas	-0.3906	0.5277	-0.1615	-0.2925	-0.3090	-0.2402	0.0928	-0.2168	0.3731	0.1540	-0.6158	0.2100	0.3603	-0.2707	-0.0359	0.2861	-0.4884	-0.1534	0.0037	-0.5528	0.0969	0.1789	0.1826	-0.1424	-0.3804	-0.0628	-0.0363	0.0062	-0.1190	-0.0316	-0.0326	-0.2135	0.0050	0.1905	0.3416	-0.4202	-0.4547	0.2760	-0.5721	-1.0500	-0.1503	-0.3834	0.1679	0.2926	0.0937	0.2538	0.3681	0.4978	0.0520	-0.3775	-0.5029	-0.1851	-0.6308	0.7902	0.0534	0.3815	0.5462	-0.4783	0.2302	-0.2978	0.2180	-0.7545	0.0784	0.2661	0.1636	0.2757	-0.1247	0.0009	-0.4544	0.1179	-0.4103	-0.1232	-0.3605	0.1092	-0.4359	0.5357	0.4003	-0.1210	0.2508	-0.1149	-0.3083	0.3320	0.1314	0.2157	0.1747	0.1311	-0.0226	0.2026	0.0443	-0.0831	-0.1373	0.0784	0.1372	-0.4867	0.3299	0.1951	0.1851	-0.5844	0.0934	0.2738	0.0631	1.8078	0.2788	0.1841	-0.3438	0.3734	0.2113	-0.3644	-0.4046	-0.2394	-0.0176	-0.2590	-0.1342	-0.1168	0.0875	0.1179	0.4237	0.3161	0.0365	-0.2153	-0.2951	0.0601	0.1548	0.0138	-0.4432	-0.0588	0.1631	-0.0054	0.9442	-0.0945	-0.0504	0.3335	0.2995	0.0291	0.4475	0.2845	0.3050	0.1405	0.7530	0.1728	-0.0440	-0.1758	-0.0218	0.4765	-0.3021	0.0229	-0.1732
g__Merdivicinus	-0.1281	0.5433	-0.0389	-0.4630	-0.3137	0.0538	0.0961	-0.4119	0.5137	0.1638	-0.3244	0.2123	0.4016	-0.1601	0.3491	0.1379	-0.4757	-0.0730	0.2433	-0.4374	-0.1886	0.2317	0.2444	-0.0581	-0.4075	0.0482	0.0674	0.1061	-0.1455	-0.0816	-0.2115	-0.2149	-0.1412	0.3007	0.3091	-0.7283	-0.3949	0.4011	-0.6065	-0.5714	-0.1138	-0.1278	0.3196	0.0878	0.0601	0.1012	0.1867	0.2216	0.1667	-0.2548	-0.4510	0.0512	-0.5054	0.6441	0.0996	0.1402	0.4275	-0.3036	0.1318	-0.3059	0.2043	-0.6770	0.1268	0.1551	0.3003	-0.0497	-0.2968	0.1191	-0.1663	0.3405	-0.2800	-0.0956	-0.2800	0.1857	-0.3714	0.3681	0.2799	-0.0621	-0.0840	-0.2916	-0.2238	0.1483	0.0796	0.0945	0.0682	0.2856	-0.0736	0.1056	-0.0072	0.0549	-0.0437	0.0970	0.0480	-0.3174	0.0663	0.2867	0.1821	-0.1427	-0.2319	0.2428	0.1001	0.2788	1.6164	0.1812	-0.2133	0.0780	0.3372	-0.2487	-0.4082	-0.1630	-0.0428	-0.0998	-0.0726	-0.0976	-0.0784	0.0742	0.2806	0.1103	-0.1218	-0.3337	-0.3679	0.0696	0.0814	0.0171	-0.4202	0.0116	0.0670	0.1059	0.6625	0.0394	0.0787	0.4738	0.2126	-0.0058	0.3886	0.0365	-0.0625	0.0554	0.6921	0.1444	-0.0530	-0.0953	-0.1222	0.1712	-0.1425	-0.0340	-0.1436
g__Muricomes	-0.3141	0.2571	-0.1177	-0.5585	-0.3628	-0.2392	0.0979	-0.4041	0.3753	0.1911	-0.5199	0.1677	0.3005	-0.1226	0.0936	0.2079	-0.3041	-0.0503	0.0515	-0.5883	0.3333	0.2329	0.1828	-0.0828	-0.3689	-0.0914	-0.0488	0.0063	-0.0583	-0.0531	-0.1299	-0.1764	-0.0606	0.0884	0.2736	-0.4471	-0.2839	0.2002	-0.4534	-0.4998	0.0434	-0.1828	0.3359	0.1265	0.0483	0.2082	0.2798	0.4525	-0.0123	-0.1678	-0.3578	-0.0040	-0.5280	0.5774	0.0890	0.1496	0.5045	-0.4104	0.1910	-0.3101	0.1547	-0.5568	0.1221	0.1487	0.1370	-0.0127	-0.0922	0.0106	-0.1829	0.1103	-0.3451	-0.0408	-0.3325	-0.0163	-0.3055	0.4466	0.3354	-0.0581	0.2548	-0.1681	-0.3264	0.1834	0.1909	0.1645	0.0684	0.2791	-0.0062	0.1484	0.1490	-0.0231	-0.0525	0.0909	0.0923	-0.3697	0.1633	0.2072	0.1950	-0.3450	0.0176	0.1627	0.0959	0.1841	0.1812	1.2853	-0.1904	0.2202	-0.0275	-0.3721	-0.2858	-0.1982	-0.0840	-0.0384	-0.0485	0.0006	-0.0358	0.1196	0.4152	0.1884	-0.2010	-0.2898	-0.2221	0.0705	0.1432	-0.0535	-0.3673	-0.0178	0.1200	0.0222	0.7406	-0.2059	-0.0905	0.3476	0.1787	0.1016	0.3084	0.1832	0.0043	0.1002	0.6958	0.1484	-0.0460	-0.1244	-0.0294	0.2696	-0.1239	0.0208	-0.1397
g__Murimonas	0.6930	-0.3012	0.3241	0.5427	0.4844	0.5212	0.0148	0.0216	-0.3374	-0.5007	0.6479	-0.2868	-0.2243	-0.0279	0.0463	-0.1635	0.5710	0.2546	-0.2338	0.8174	-0.4295	-0.2367	-0.7663	-0.0588	0.3334	0.0837	0.2367	0.2257	0.3188	0.1730	0.4002	0.6603	-0.1172	-0.1586	-0.4467	0.8426	0.9096	-0.3082	0.8065	1.0097	0.1321	0.1127	-0.7157	-0.3833	-0.3682	-0.3615	-0.4642	-0.5344	-0.0287	0.3815	0.7962	0.4086	0.3590	-0.9808	-0.0319	-0.3287	-0.7917	0.4686	-0.3992	0.4582	-0.3900	0.9630	-0.1374	-0.4296	-0.0056	-0.4659	0.8436	-0.2910	0.6599	0.1032	1.0435	0.2227	0.4228	-0.1373	0.4459	-0.3726	-0.7792	0.2503	-0.3744	0.4888	-0.0073	-0.4577	-0.3249	-0.3291	-0.2884	-0.3617	0.1737	-0.2948	-0.1986	-0.0254	0.4818	-0.2995	-0.1716	0.9015	-0.3700	-0.5037	-0.2710	0.6310	0.0106	-0.2209	-0.2343	-0.3438	-0.2133	-0.1904	2.1733	-0.5646	-0.1302	0.4394	0.9063	0.6342	0.0741	-0.1018	0.2793	0.1418	-0.0926	-0.2385	-0.5635	-0.3309	-0.1766	-0.0784	0.9910	-0.0803	-0.4420	-0.0532	0.3551	0.3403	-0.2326	0.0194	-1.3355	0.1427	0.1678	-0.1305	-0.3583	-0.2669	-0.6507	-0.4793	-0.0774	-0.2811	-0.9503	-0.2770	-0.0652	0.2820	-0.0016	-0.5384	0.4122	-0.1208	0.3454
g__Nanosynbacter	-0.7695	0.0296	-0.6276	-1.4398	-0.9667	-1.5981	0.0496	-0.1572	-0.0206	0.4471	-1.8873	0.2883	-0.0495	-0.4557	-0.5256	0.1721	-0.5672	-0.0139	-0.8527	-1.0681	0.6152	0.1684	1.1820	-0.4036	-0.2333	0.0220	-0.0795	0.0091	-0.0884	-0.0516	0.0293	-0.1757	0.7734	-0.2016	0.0046	-1.4884	-0.8277	0.0254	-1.0189	-1.0411	0.1018	-1.0840	0.0470	1.1409	0.0890	0.9461	1.1321	1.5187	0.0088	-0.9309	-0.6776	-0.6996	-1.4118	2.1216	0.0216	0.5158	0.2070	-1.3210	0.2824	-0.5312	0.6844	-1.6641	0.0254	0.9463	-0.0575	2.0077	-0.2395	-0.0164	-0.4762	-0.2771	-0.6957	0.0552	-1.2424	0.0276	-0.6343	0.6744	1.2412	0.0016	1.2526	-0.6862	0.1215	1.3710	0.6800	1.0015	0.5126	0.1849	-0.0365	0.8661	0.4500	-0.7142	-0.5137	0.6378	0.8691	-0.6506	1.2482	0.3468	0.2480	-1.2209	0.0829	0.2472	0.1454	0.3734	0.0780	0.2202	-0.5646	4.6634	-0.4277	-0.9047	-0.3921	-0.2741	-0.3400	-1.2374	-0.0198	0.0697	0.0403	0.4944	0.9500	0.5967	-0.2739	-1.1329	-0.3256	0.1746	0.3911	-0.0129	-0.6180	-0.0979	0.7885	0.0144	2.0410	-0.1709	-0.4048	-0.3923	1.4794	-0.0739	-0.0440	1.8705	0.0614	0.6134	1.5631	0.7155	0.0015	0.0336	0.1254	3.1193	-0.5898	0.3807	-0.0751
g__Negativibacillus	0.2326	0.8725	0.0270	0.0281	0.1249	0.3794	0.0732	0.0365	0.2846	-0.1847	0.0784	0.0183	0.4577	-0.0035	0.5108	-0.0980	0.1052	-0.0060	0.0263	-0.2676	-0.0508	0.0126	0.0227	0.0904	0.0496	-0.1430	0.1139	0.1384	0.0671	0.0771	-0.2228	0.0043	-0.1331	0.1329	0.0966	-0.0199	-0.1806	0.2134	-0.2380	-0.0546	-0.0989	0.6803	0.0138	-0.2727	-0.3685	-0.0532	-0.1678	-0.1242	0.0601	0.4220	0.1308	0.0526	0.2416	-0.2170	0.0696	-0.0229	0.4426	0.0191	-0.1763	0.0540	-0.1008	0.2335	0.0973	-0.0575	0.2168	-0.5141	-0.0465	0.0831	0.0671	0.1701	0.1800	-0.1803	0.2402	0.3752	-0.0922	-0.1573	-0.0872	-0.0769	-0.2465	0.1409	0.2323	-0.0193	-0.1888	-0.1210	-0.1109	0.0368	-0.1227	-0.1362	-0.1934	0.2513	0.0367	-0.1076	-0.2750	-0.0403	-0.1754	0.1401	0.0909	-0.0295	-0.2547	0.1978	0.0699	0.2113	0.3372	-0.0275	-0.1302	-0.4277	2.9288	0.0988	-0.2124	-0.0575	-0.0321	0.1904	-0.0717	-0.0764	-0.0934	-0.1776	0.2207	-0.1666	-0.3178	-0.1935	-0.0085	0.0879	-0.0037	0.0554	0.2393	-0.0613	0.0279	0.0566	-0.2186	0.1061	0.0668	0.1126	-0.0416	-0.3168	0.3339	-0.2658	-0.2086	-0.0225	-0.1725	0.0226	-0.0551	-0.2530	-0.3579	-0.5535	0.1440	-0.2834	-0.2170
g__Odoribacter	0.4119	-0.3993	0.4311	1.1564	0.8757	0.5664	-0.2346	0.4781	-0.7252	-0.0809	1.5502	-0.2240	-0.3792	1.0772	0.1224	-0.4370	1.0830	0.1715	0.0391	1.5194	0.0902	-0.3358	-0.1461	0.2855	0.4321	0.0710	-0.0499	-0.0980	-0.1088	-0.0560	-0.9671	0.3114	-0.0728	-0.0546	-0.2836	1.7072	0.9315	-0.3625	1.4493	1.9678	-0.2257	0.1607	-0.2017	-0.3693	-0.4147	-0.3918	-0.9500	-0.7154	-0.1269	0.6823	1.3445	0.1302	1.3046	-1.4988	-0.1377	-0.3658	-0.8930	1.6063	-0.5258	0.7159	-0.3036	1.7609	-0.1748	-0.3707	-0.2451	-0.3973	-0.2815	-0.0292	0.3339	-0.0461	0.6289	-0.0547	0.7703	0.4326	0.2699	-0.8014	-0.9554	-0.0577	-0.5453	0.4104	0.3894	-0.6404	-0.3775	-0.4259	-0.4797	-0.2598	0.0142	-0.4043	-0.1843	-0.3047	0.0362	-0.3083	-0.4858	1.0232	-0.7030	-0.3058	-0.3390	1.1691	-0.2721	-0.4170	-0.2717	-0.3644	-0.2487	-0.3721	0.4394	-0.9047	0.0988	6.5637	1.1546	0.4447	-0.0553	0.1982	-0.2202	0.2053	0.3686	-0.2799	-0.9365	-0.4562	0.1440	0.9964	0.0924	-0.2230	-0.3397	-0.0261	0.4322	-0.0356	-0.4031	-0.1599	-1.6250	0.1010	0.2372	-0.3644	-0.7066	-0.0880	-0.7913	-0.3869	-0.2001	-0.1263	-2.2316	-0.0802	0.4959	-0.0573	-0.0903	-1.1698	0.0836	-0.2221	0.0105
g__Oliverpabstia	0.6340	-0.4724	0.5761	1.0499	1.0216	-0.0016	-0.1461	0.3358	-0.5841	-0.5943	1.4997	-0.3334	-0.3277	0.5117	-0.1308	-0.2701	0.9362	0.1739	-0.5620	1.3819	-0.3846	-0.2935	-0.6399	0.1967	0.8591	0.0349	0.0829	0.1844	0.1740	0.1335	0.5691	0.7923	0.2034	-0.3792	-0.8189	1.2439	1.4451	-0.5312	1.8743	1.7055	0.2431	0.2034	-1.1088	-0.4623	-0.8031	-0.4629	-0.6435	-0.4863	-0.2209	0.7054	1.3329	0.0904	0.9771	-1.9002	-0.0818	-0.3832	-1.2497	1.0010	-0.5346	0.2676	-0.3871	1.3987	-0.3028	-0.6485	-0.1358	-0.3225	0.8429	-0.2406	0.6832	0.0250	1.0649	0.3441	0.3606	0.1367	0.6310	-0.9793	-0.9673	0.2272	-0.5121	0.9270	0.2280	-0.7535	-0.4153	-0.3348	-0.2531	-0.3890	0.1837	-0.3235	-0.0422	-0.2443	0.2606	-0.5053	-0.4199	1.0685	-0.3807	-0.5924	-0.3808	0.8920	0.1337	-0.2855	-0.3071	-0.4046	-0.4082	-0.2858	0.9063	-0.3921	-0.2124	1.1546	5.0106	0.6972	-0.0074	-0.0869	0.4159	0.3603	-0.2402	-0.2794	-0.8489	-0.2593	-0.4434	0.1876	1.3718	-0.1278	-0.5197	-0.3078	0.7418	0.2994	-0.5342	-0.0577	-2.1851	0.0387	-0.2988	-0.6578	-0.6335	-0.2462	-1.2047	-0.4505	-0.0571	0.0621	-1.7555	-0.0907	-0.0636	0.4082	0.1751	-0.8753	0.0671	-0.0973	0.2792
g__Onthenecus	0.4355	-0.2215	0.2509	0.2418	0.1710	0.3720	0.0563	-0.0434	-0.4098	-0.3860	0.3929	-0.1691	-0.1799	-0.0293	-0.2006	-0.1263	0.2781	0.2575	-0.3353	0.7317	-0.0322	-0.2468	-0.5778	-0.1261	0.1279	0.2080	0.2851	0.2040	0.3186	0.1170	0.3341	0.5478	0.0186	-0.2312	-0.4508	0.4567	0.6583	-0.5547	0.7169	0.5898	0.0127	-0.0171	-0.5411	-0.2881	-0.6119	-0.1821	-0.2303	-0.2575	-0.0196	0.1521	0.5808	0.2076	0.2563	-0.9120	-0.0117	-0.2291	-0.8439	0.2380	-0.2930	0.4413	-0.2434	0.6920	-0.0272	-0.1840	0.0153	-0.2016	0.6492	-0.2113	0.6451	0.0113	0.8611	0.2608	0.2296	0.0509	0.3127	-0.4798	-0.5653	0.3265	-0.3763	0.4792	0.0529	-0.2279	-0.2460	-0.0510	-0.1830	-0.2283	0.2233	-0.1675	-0.0127	-0.2124	0.5047	-0.1771	-0.1321	0.5955	0.0108	-0.3178	-0.2304	0.1238	-0.0513	-0.2091	-0.1934	-0.2394	-0.1630	-0.1982	0.6342	-0.2741	-0.0575	0.4447	0.6972	2.2196	-0.2753	-0.1770	0.3378	0.1287	0.0119	-0.1482	-0.2902	-0.1971	-0.1703	-0.1801	0.6822	-0.0627	-0.2200	-0.0989	0.2110	0.3668	-0.1672	0.0132	-1.1305	0.1527	0.2249	-0.2381	-0.1184	-0.0874	-0.6183	-0.1206	-0.1536	-0.0181	-0.6872	-0.1918	-0.1141	0.2894	0.0599	-0.2475	0.1557	-0.1112	0.3284
g__Otoolea	0.3676	-0.2655	-0.0837	0.5097	0.2710	0.3850	-0.0596	0.2512	0.0424	0.1276	0.5426	-0.2012	-0.0841	0.4389	0.5930	0.0755	0.2542	-0.2344	0.5469	0.0928	-0.9201	-0.0227	0.6544	0.3672	0.6133	-0.0700	-0.2799	-0.2484	0.0257	0.0199	0.0100	-0.0621	-0.3690	0.0613	0.1343	-0.0368	-0.0165	0.1625	0.0267	0.0441	-0.1063	0.3677	0.0071	-0.0417	1.3888	-0.4138	-0.6057	-0.9412	-0.1179	0.0923	0.1331	-0.0967	0.1259	0.6940	-0.1839	-0.2245	0.6579	0.8350	0.0355	0.2815	-0.2690	-0.2530	-0.0776	-0.3361	-0.1249	-0.2103	-0.2345	-0.0381	-0.2285	-0.1282	-0.0875	-0.0910	0.2280	-0.1564	0.3096	0.4985	-0.1397	-0.1398	-0.2802	0.1514	0.3493	-0.6326	-0.3382	-0.2470	-0.4331	-0.0663	-0.1158	-0.1418	-0.4052	0.5696	-0.1614	-0.5592	-0.3581	-0.0620	-0.5046	-0.0825	-0.1434	0.6211	-0.0242	-0.0954	0.1022	-0.0176	-0.0428	-0.0840	0.0741	-0.3400	-0.0321	-0.0553	-0.0074	-0.2753	3.5751	0.4985	0.1353	-0.0575	0.1114	-0.3396	-0.3395	-0.2114	0.2789	0.3188	-0.0399	-0.0931	-0.0272	0.0041	0.2486	-0.1689	-0.4011	-0.2456	0.6978	-0.0222	0.0037	0.4730	-0.2946	0.2465	0.1893	-0.4329	0.4713	-0.4092	0.2470	-0.4092	0.2007	-0.0055	-0.1250	-0.5751	0.0247	-0.3176	-0.1098
g__Parabacteroides	0.4972	-0.0041	0.3053	0.8606	0.4645	1.5357	-0.0822	0.5273	0.0318	-0.2068	0.9673	-0.2555	-0.0959	0.2160	0.9225	-0.0711	0.1604	-0.2566	1.7601	0.4367	-0.4790	-0.1271	-0.5747	0.2276	-0.1476	-0.0847	-0.0418	-0.0379	-0.1052	-0.0872	-0.0311	-0.0914	-0.7520	0.5380	0.1297	0.7161	0.4488	-0.4633	0.5201	0.4727	-0.0217	1.3441	0.3559	-0.3281	0.2929	-0.6231	-0.7548	-1.1404	-0.1184	0.6794	0.2579	0.3691	1.0332	-0.8933	-0.2246	-0.2151	0.3982	0.4791	-0.1139	-0.0105	-0.5861	0.9766	0.0470	-0.7999	0.0894	-0.9515	-0.0722	0.0651	0.0301	0.1236	0.2445	-0.1764	0.3301	-0.0152	0.5421	-0.3408	-0.8187	-0.1535	-0.3389	0.4839	0.2024	-0.9728	-0.2477	-0.3642	-0.3569	-0.0360	-0.1189	-0.4747	-0.2714	1.1095	0.1731	-0.4445	-0.3514	0.1273	-0.5488	-0.1897	-0.0927	0.7993	0.0542	-0.1577	-0.0483	-0.2590	-0.0998	-0.0384	-0.1018	-1.2374	0.1904	0.1982	-0.0869	-0.1770	0.4985	4.9031	0.0815	-0.3373	-0.1858	-0.2445	-0.6133	-0.5782	1.0493	2.0402	-0.2448	-0.1364	-0.1330	0.1506	0.4103	-0.0457	-0.6017	0.0069	-0.7420	0.1723	0.1189	0.4524	-0.8556	0.1259	0.0805	-0.8669	0.6043	-0.5760	-0.9867	-0.3240	-0.0860	-0.0948	-0.0991	-1.5097	0.3445	-0.3025	-0.0007
g__Paraprevotella	0.2478	-0.1389	0.1166	0.0159	-0.0212	0.0418	0.0996	-0.1995	-0.1058	0.0210	0.1561	-0.0884	-0.1111	-0.1969	-0.0446	-0.1307	0.1148	0.1511	-0.1856	0.2129	-0.3250	0.0132	-0.0918	-0.0944	0.1405	0.1023	0.1226	0.1696	0.0875	0.4378	0.4901	0.2880	-0.1716	-0.2256	-0.0706	0.5620	0.3713	-0.5644	0.2970	0.4213	0.2205	-0.0355	-0.5259	0.1943	0.0159	-0.1073	-0.1301	-0.0100	-0.0645	-0.0047	0.3183	0.1519	-0.2912	-0.1738	-0.0885	0.0115	-0.4233	-0.1309	-0.1226	-0.0674	-0.0770	0.0492	-0.1568	-0.0755	0.0123	-0.0436	0.5450	-0.1192	0.2264	0.0945	0.4654	0.2578	-0.3571	-0.2756	0.2278	-0.2099	-0.3635	0.1927	0.2208	0.2484	-0.1572	-0.1966	-0.0911	-0.0760	-0.1303	-0.0549	0.1636	-0.0600	0.0226	0.0472	0.3741	0.1124	-0.1112	0.0535	-0.0664	-0.2593	-0.0886	-0.1275	0.1725	-0.0721	-0.0792	-0.1342	-0.0726	-0.0485	0.2793	-0.0198	-0.0717	-0.2202	0.4159	0.3378	0.1353	0.0815	2.6289	0.0828	0.0195	-0.0192	-0.1838	-0.0372	-0.0038	0.0410	0.5166	-0.0270	-0.0755	-0.0260	0.0164	0.1328	-0.1627	-0.1859	-0.1892	-0.2322	-0.1383	0.0106	-0.0741	0.1930	-0.3302	-0.2175	-0.2118	-0.1515	-0.2943	-0.2211	0.1098	0.1331	0.0218	-0.0224	-0.2050	0.0159	0.1727
g__Pararoseburia	0.1774	-0.1667	0.0701	-0.0294	-0.0732	-0.2290	0.0127	-0.1350	-0.1534	0.1692	-0.1051	-0.0272	-0.2046	-0.1267	-0.0588	-0.0949	-0.0041	0.0655	-0.2590	0.0725	-0.1275	-0.0638	0.1949	-0.1358	0.1205	0.2014	-0.0548	0.1080	0.1832	-0.0373	0.0054	0.2312	0.0509	-0.2909	-0.1741	-0.0043	0.1919	-0.3668	0.0296	0.2187	0.0629	-0.2982	-0.2177	-0.0731	-0.0279	0.0552	0.0875	0.0569	0.1255	-0.0939	0.1997	-0.0303	-0.1750	0.0750	0.0293	0.0569	-0.2928	-0.0561	0.0050	0.1122	0.0608	0.0433	-0.1175	0.0371	-0.0508	-0.0125	0.1474	-0.1323	0.0709	-0.1224	0.0607	0.2227	0.0794	0.0305	0.1295	-0.1349	0.0082	0.1197	0.0594	0.1456	-0.0837	0.0371	0.0311	0.0564	-0.0374	-0.0870	0.0354	-0.0019	-0.0092	-0.1606	0.0447	0.0217	0.0391	0.1723	0.0763	-0.0861	0.0011	-0.1037	0.2187	-0.0436	-0.0282	-0.1168	-0.0976	0.0006	0.1418	0.0697	-0.0764	0.2053	0.3603	0.1287	-0.0575	-0.3373	0.0828	1.5974	-0.1134	0.0547	0.0570	0.0548	0.0588	-0.2171	0.2390	0.0087	-0.0318	-0.0496	-0.0001	0.1575	-0.0423	0.0288	0.0092	-0.1034	0.1098	-0.2362	-0.0294	-0.0735	-0.1553	-0.0030	0.0057	-0.0104	-0.1144	-0.1713	0.1419	0.1797	0.1226	0.0641	-0.0831	-0.1487	0.2922
g__Parasutterella	-0.0039	-0.0040	-0.0910	0.1042	-0.0077	-0.0764	0.0620	0.4983	-0.0721	0.1452	0.0583	0.0466	0.0782	0.0532	-0.3283	0.0512	-0.0211	-0.0741	0.3646	0.0499	0.2477	0.0009	-0.1000	-0.0174	0.0299	-0.0115	0.1942	0.1011	-0.1365	-0.2630	-0.1554	-0.1718	-0.2864	0.1389	0.0786	0.3931	-0.1456	0.5972	0.0502	0.0223	0.0322	0.1499	0.2421	-0.0256	0.1774	-0.0173	-0.1204	0.2248	-0.0230	-0.0430	-0.1055	-0.1069	0.4636	0.2010	-0.0353	0.0783	0.1757	-0.1902	-0.0563	0.1035	0.0329	0.1917	0.0995	0.0957	-0.0277	0.2827	-0.2121	0.1424	-0.1325	-0.0106	0.1303	0.0124	-0.2570	-0.1313	-0.0660	0.0960	-0.1665	0.1326	-0.0538	-0.0877	-0.2690	-0.0455	0.3053	-0.0316	0.0885	-0.1256	0.1452	0.0432	-0.0163	-0.1608	-0.0940	-0.0921	0.0173	-0.0745	-0.0378	0.0981	0.0719	0.0878	-0.1152	-0.0060	-0.0359	0.0875	-0.0784	-0.0358	-0.0926	0.0403	-0.0934	0.3686	-0.2402	0.0119	0.1114	-0.1858	0.0195	-0.1134	4.3078	-0.0005	0.2954	0.0614	-0.2500	0.2436	-0.4094	-0.0240	0.2515	0.0501	-0.1628	-0.0289	0.0109	-0.1770	0.0842	0.0894	-0.1088	-0.0169	-0.1543	0.0438	0.0041	-0.0953	-0.8182	-0.2767	0.0801	-0.1461	-0.0389	0.0545	-0.1418	-0.0722	-0.2954	-0.0041	-0.1317
g__Pauljensenia	-0.5374	0.0645	-0.1545	-0.4550	-0.3900	-0.6399	0.0615	-0.3472	0.1151	0.2315	-0.5306	0.1712	0.0411	-0.3901	-0.2224	0.0323	-0.4602	-0.0673	-0.3975	-0.2544	0.2531	0.0778	0.1914	-0.1230	-0.2167	0.0332	-0.0505	0.0840	-0.0951	-0.0938	0.2613	-0.0641	-0.1254	-0.1406	0.1201	-0.3870	-0.3361	-0.1053	-0.2558	-0.3845	0.0426	-0.4319	0.0497	0.4684	-0.1434	0.4354	0.3962	0.8320	0.0934	-0.4135	-0.2872	-0.2245	-0.4667	0.6290	0.0649	0.2430	-0.0071	-0.6347	0.2339	-0.3434	0.3470	-0.5761	0.0617	0.5227	0.0095	0.4087	0.1591	0.0083	-0.2244	0.0064	-0.2854	0.0532	-0.4608	-0.1571	-0.2661	0.1656	0.0405	0.0251	0.4615	-0.1835	-0.5373	0.6824	0.4449	0.4289	0.2131	0.1275	0.0539	0.3426	0.3332	-0.2356	-0.1564	0.2792	0.3682	-0.3209	0.5116	0.1429	0.1901	-0.6165	0.0881	0.1527	0.0902	0.1179	0.0742	0.1196	-0.2385	0.4944	-0.1776	-0.2799	-0.2794	-0.1482	-0.3396	-0.2445	-0.0192	0.0547	-0.0005	1.5763	0.5726	0.3266	0.0575	-0.5584	-0.0940	0.0544	0.2144	-0.0355	-0.5641	-0.0552	0.4995	0.0055	0.5734	-0.1400	-0.2239	-0.0856	0.2903	0.0706	0.1360	0.7265	-0.1231	0.1116	0.4768	0.0368	0.0673	-0.0847	0.2181	0.6108	-0.1992	0.2291	-0.0207
g__Pediococcus	-0.9318	0.5441	-0.5008	-0.8102	-1.0180	-1.1483	0.1918	-0.4476	0.4795	0.7647	-1.7197	0.3847	0.4560	-0.8071	-0.0950	0.3026	-0.9599	-0.0272	-0.5611	-1.1443	0.7901	0.2982	1.3781	-0.0793	-0.4607	-0.0109	-0.0323	0.1209	0.0184	-0.0651	-0.0449	-0.2043	-0.1343	-0.0267	0.4159	-1.6608	-0.9621	0.3448	-1.1808	-1.2809	0.0778	-0.6138	0.4093	0.6144	0.2645	0.8091	1.0375	1.6109	0.1189	-0.7780	-1.1253	-0.5021	-1.3205	1.6847	0.1243	0.5576	0.8537	-1.4466	0.7613	-0.6477	0.5413	-1.7490	0.1504	0.6372	0.0981	0.2809	-0.2426	-0.0150	-0.5541	-0.1407	-0.8819	0.1294	-1.1010	-0.1455	-0.6349	0.6744	0.4007	0.0365	0.6241	-0.3724	-0.5119	1.5498	1.0382	0.8111	0.5467	0.3483	0.0292	0.5342	0.1824	-0.4476	-0.4201	0.3831	0.6705	-0.7592	0.8840	0.4892	0.5828	-1.1514	-0.0830	0.5344	0.3322	0.4237	0.2806	0.4152	-0.5635	0.9500	0.2207	-0.9365	-0.8489	-0.2902	-0.3395	-0.6133	-0.1838	0.0570	0.2954	0.5726	4.7079	0.4393	-0.2754	-0.9844	-0.4528	0.2423	0.6348	-0.0486	-1.1368	-0.0925	0.4665	0.1793	1.9865	-0.1342	-0.3876	-0.0046	0.5018	0.0407	0.5084	0.6800	-0.1174	0.2660	1.1966	0.2619	0.0624	-0.1166	0.1015	1.1804	-0.6193	0.2917	0.0050
g__Peptostreptococcus	-0.5447	0.0557	-0.3748	-0.7849	-0.4617	-0.5943	0.0885	-0.2919	0.1210	0.2040	-0.8614	0.2010	0.1049	-0.4433	-0.2436	0.1982	-0.5549	-0.0990	-0.1886	-0.5650	0.1891	0.1440	0.2825	-0.3259	-0.3094	-0.0374	-0.0426	0.0513	0.0520	-0.1428	0.0011	-0.2854	0.2389	-0.1182	0.1385	-0.7989	-0.4280	0.3153	-0.3299	-0.4239	0.0075	-0.6794	-0.0108	0.4305	-0.0049	0.5247	0.5266	0.7872	0.0308	-0.4713	-0.5819	-0.2531	-0.6416	0.9202	0.0525	0.5250	0.3773	-0.7529	0.4033	-0.3555	0.5194	-0.9811	0.0276	0.7956	-0.0055	0.6164	0.1351	0.0147	-0.1834	-0.0620	-0.4500	-0.0365	-0.6196	-0.1546	-0.4209	0.4929	0.5840	-0.0143	0.4215	-0.3937	-0.5693	0.4783	0.2500	0.4036	0.2760	0.1330	-0.0050	0.3892	0.2222	-0.4772	-0.1566	0.3435	0.2797	-0.5542	0.4141	0.2869	0.1529	-0.6231	0.1773	0.1690	0.1074	0.3161	0.1103	0.1884	-0.3309	0.5967	-0.1666	-0.4562	-0.2593	-0.1971	-0.2114	-0.5782	-0.0372	0.0548	0.0614	0.3266	0.4393	2.2686	-0.2922	-0.3862	0.0176	0.0798	0.1924	0.0913	-0.4536	-0.0744	0.4858	0.0385	1.2187	-0.0985	-0.3435	-0.1211	0.7697	-0.0153	0.0550	0.5945	0.0912	0.4843	0.9265	0.3181	-0.0226	-0.0845	0.1237	0.8772	-0.3514	0.1286	-0.0118
g__Phascolarctobacterium	0.0121	-0.2861	0.4863	0.3680	0.2536	0.7362	0.0366	-0.2538	-0.0486	-0.0701	0.3845	-0.1087	-0.3437	0.1258	0.3797	0.1112	-0.4687	0.0312	0.7838	0.3214	-0.2409	-0.0281	-0.1598	0.0103	0.2890	-0.0131	-0.1623	-0.3001	-0.2416	0.1884	-0.1534	-0.1122	-0.6021	0.1723	0.1998	0.3060	0.0835	-2.2766	-0.0759	-0.0512	-0.1151	0.3444	0.3322	0.1800	0.3749	-0.0621	0.0252	-0.5068	0.0143	0.0613	0.1162	0.1987	0.1443	-0.0561	0.0928	0.1319	0.0726	0.0545	0.0150	0.1388	-0.0579	0.3595	0.0464	-0.1904	-0.0295	-0.3399	-0.2413	0.0719	-0.0704	-0.2732	-0.0529	-0.0915	0.4288	0.0399	0.4235	-0.1326	-0.2692	-0.0587	0.0032	-0.0275	-0.2048	-0.2661	0.0479	-0.2245	0.0664	-0.0672	-0.0527	-0.0995	-0.2119	0.5230	0.0504	-0.1874	0.0580	-0.2223	-0.0209	-0.1936	-0.0227	0.1329	0.1272	-0.1342	0.1271	0.0365	-0.1218	-0.2010	-0.1766	-0.2739	-0.3178	0.1440	-0.4434	-0.1703	0.2789	1.0493	-0.0038	0.0588	-0.2500	0.0575	-0.2754	-0.2922	6.3357	1.4197	-0.7433	-0.0028	0.0764	0.2427	-0.0688	-0.0450	-0.1640	0.1674	0.4429	0.1091	0.6683	-0.0127	-0.3058	0.0994	0.1411	-0.4934	0.4727	-0.1903	-0.1653	-0.1299	0.1235	0.0188	0.0500	-0.6184	0.2972	-0.0966	-0.0345
g__Phocaeicola	0.3937	-0.5139	0.0179	0.9337	1.1589	0.7748	-0.1189	1.4553	-0.3344	0.0877	1.6107	-0.2995	-0.5317	0.7736	0.3079	-0.1673	0.2111	-0.2404	2.0694	0.6233	0.0391	-0.1426	-0.4888	0.4713	0.6639	-0.2432	-0.1994	-0.2227	-0.3512	-0.0756	-0.3690	-0.3878	-0.3407	0.2608	0.1061	1.2770	0.3792	0.1428	0.8046	1.0536	-0.1300	0.9845	0.4793	-0.4797	0.9615	-0.8503	-0.9118	-1.5837	-0.2911	0.6332	0.4921	0.0992	1.5382	-1.0481	-0.1118	-0.2702	0.4191	0.8799	0.0902	0.0809	-0.4513	1.2295	-0.1302	-0.8362	-0.1001	-0.2491	-0.5071	0.0729	0.1659	-0.3449	0.1100	-0.2770	0.4929	-0.5382	0.5058	-0.6286	-0.6058	-0.1611	-0.6387	0.0604	0.8684	-1.4792	-0.6818	-0.7833	-0.4627	-0.3187	-0.0256	-0.4577	-0.4895	0.7370	-0.1924	-0.5783	-0.7480	0.2135	-1.0324	-0.2877	-0.4408	1.3943	0.4733	-0.2727	-0.0662	-0.2153	-0.3337	-0.2898	-0.0784	-1.1329	-0.1935	0.9964	0.1876	-0.1801	0.3188	2.0402	0.0410	-0.2171	0.2436	-0.5584	-0.9844	-0.3862	1.4197	6.3901	-0.2726	-0.1614	-0.0837	0.2698	0.6371	-0.2559	-0.6799	-0.1699	-0.3306	-0.1648	-0.0090	0.1309	-1.0974	0.2305	-0.2095	-1.2874	1.5067	-0.1821	-0.7913	-0.2666	-0.0908	-0.1463	0.0832	-1.2968	0.4508	-0.3880	-0.2448
g__Prevotella	0.6497	-0.5593	-0.1525	0.0106	0.8459	-0.6046	0.0984	0.7186	-0.6218	-0.4716	0.2251	-0.2271	-0.4760	-0.4975	0.0189	-0.3529	0.8336	-0.0631	-1.4593	1.0250	-0.6875	-0.2978	-1.2417	-0.1626	0.6281	-0.3170	0.1665	0.4662	0.7045	0.5361	1.6332	0.8155	-0.3921	-0.7214	-0.6276	1.1422	0.4587	-0.0403	1.1019	1.3943	0.4055	-0.2406	-1.4418	-0.2929	-0.2024	-0.2127	-0.2553	-0.1518	-0.3616	0.0093	0.6062	-0.2286	0.7716	-1.2907	-0.0067	-0.0904	-1.2033	0.0729	-0.3184	0.2529	-0.1330	1.6309	-0.3139	0.3159	-0.0985	-0.0020	2.0173	-0.2909	0.3437	-0.0622	0.8816	0.5331	0.0234	-0.5730	0.7471	-0.6786	-1.2050	0.3119	-0.1127	0.7269	-0.5190	-0.0398	-0.2197	-0.1793	-0.2716	-0.1971	0.3149	-0.0168	0.0029	-0.1380	0.1659	-0.1572	-0.1714	0.7310	-0.2588	-0.4340	-0.2106	0.6675	1.4928	-0.2364	-0.2166	-0.2951	-0.3679	-0.2221	0.9910	-0.3256	-0.0085	0.0924	1.3718	0.6822	-0.0399	-0.2448	0.5166	0.2390	-0.4094	-0.0940	-0.4528	0.0176	-0.7433	-0.2726	8.2335	0.0043	-0.0208	-0.2120	0.6995	0.4542	0.1194	-0.0144	-1.8016	-0.0198	-0.5933	-0.6486	-0.0318	-0.2342	-0.7462	-0.2297	0.6333	-0.5109	-1.2715	-0.6134	-0.4669	0.6539	0.5923	-0.3135	-0.0037	-0.1664	0.8861
g__Pseudobutyricicoccus	-0.1647	0.0993	0.0153	-0.2846	-0.1609	-0.3119	0.0206	-0.0899	-0.0049	0.0499	-0.3770	0.0926	0.0514	-0.1448	-0.0372	0.0792	-0.2432	-0.0247	-0.1348	-0.2810	-0.0457	0.0971	-0.0025	-0.1183	0.0022	-0.0489	0.1184	-0.0988	0.0040	0.0384	0.2711	-0.0248	-0.1200	-0.1264	0.0694	-0.3437	-0.1038	-0.0749	-0.2211	-0.2053	0.0327	-0.1474	-0.0355	0.1654	-0.0083	0.1747	0.1929	0.2883	0.1025	-0.1853	-0.0699	-0.0800	-0.3520	0.3724	0.0073	0.1005	0.1174	-0.3471	0.0990	-0.1196	0.1590	-0.2937	0.0939	0.1679	0.0624	0.1598	0.0042	0.0223	-0.0868	0.0043	-0.1121	0.0370	-0.2475	-0.0567	-0.0820	0.1888	0.0546	0.0576	0.1569	-0.0189	-0.1319	0.2759	0.1733	0.0948	0.1332	0.0910	-0.0074	0.0955	0.0654	-0.0242	-0.0997	0.0490	0.0701	-0.1510	0.1729	0.0581	0.0942	-0.2564	0.1187	0.1008	0.1263	0.0601	0.0696	0.0705	-0.0803	0.1746	0.0879	-0.2230	-0.1278	-0.0627	-0.0931	-0.1364	-0.0270	0.0087	-0.0240	0.0544	0.2423	0.0798	-0.0028	-0.1614	0.0043	1.1070	0.0739	-0.0105	-0.1746	0.0298	0.0567	0.0420	0.3423	-0.1495	-0.1387	-0.0147	0.1570	0.0943	0.0481	0.1608	0.0177	0.0430	0.2280	0.0197	-0.0097	0.0305	0.1240	0.1900	-0.0172	-0.0131	0.0824
g__Pseudoflavonifractor_A	-0.3864	0.0973	-0.3240	-0.5008	-0.2512	-0.5997	0.0501	0.0109	0.1564	0.4309	-0.6284	0.2153	-0.0131	-0.1597	-0.1145	0.0464	-0.3642	-0.1482	-0.0659	-0.5596	0.0828	0.1564	0.4335	-0.0697	-0.1807	-0.1424	-0.1478	-0.0576	-0.1355	-0.0407	-0.0100	-0.3097	-0.1343	0.0299	0.2150	-0.5449	-0.5766	0.2109	-0.5273	-0.5531	-0.0296	-0.0915	0.3122	0.3485	0.2910	0.2286	0.5007	0.6664	0.0128	-0.3153	-0.2495	-0.3308	-0.1454	0.9145	-0.0187	0.2904	0.5662	-0.4942	0.3318	-0.3258	0.2480	-0.5627	-0.0486	0.3351	-0.0210	0.2372	-0.0917	0.0882	-0.3207	-0.0583	-0.5437	-0.0659	-0.4222	-0.1134	-0.2993	0.2772	0.2835	-0.0696	0.3375	-0.3138	-0.2232	0.3953	0.2823	0.1779	0.2142	0.1956	-0.0279	0.2355	0.1825	-0.0313	-0.3025	0.1435	0.1698	-0.4270	0.2814	0.2382	0.1999	-0.4460	0.2516	0.1548	0.1191	0.1548	0.0814	0.1432	-0.4420	0.3911	-0.0037	-0.3397	-0.5197	-0.2200	-0.0272	-0.1330	-0.0755	-0.0318	0.2515	0.2144	0.6348	0.1924	0.0764	-0.0837	-0.0208	0.0739	1.5639	0.0687	-0.4420	-0.1855	0.1712	-0.0355	0.9453	-0.1251	-0.3388	-0.0020	0.2976	0.0473	0.2908	0.1723	0.1740	0.1109	0.6680	0.0895	0.0644	-0.1419	0.2074	0.3514	-0.3632	0.1108	-0.1364
g__Pseudoscilispira	0.0456	-0.0268	-0.0938	-0.2179	-0.0038	0.4287	0.0453	0.0245	-0.1028	0.0971	-0.0816	-0.0221	-0.0197	-0.1586	0.0971	0.0330	-0.0882	-0.0994	0.1653	-0.0213	-0.1518	0.0210	-0.1684	-0.0653	-0.1096	-0.0293	0.0063	-0.0449	-0.0322	0.1219	-0.0603	-0.0807	-0.1824	0.1785	0.0722	0.0014	-0.1611	-0.1861	-0.1281	-0.1172	0.1076	0.1997	0.0301	-0.0365	0.0364	0.0328	0.0223	0.0218	-0.0023	-0.0145	-0.1501	0.1738	-0.0522	0.2177	0.0332	0.0507	0.1795	-0.1169	0.0834	0.0734	-0.0378	0.0385	0.0486	-0.0431	0.0042	-0.2128	-0.0973	0.1193	0.0431	0.0284	0.0391	-0.0477	0.1373	-0.1507	0.1192	-0.0091	0.0333	0.0632	-0.0285	0.0094	-0.2089	-0.0240	-0.0078	0.0121	-0.0851	0.0208	-0.0119	-0.0172	-0.1073	0.2024	0.0716	-0.0858	-0.0022	-0.0319	-0.0331	0.0487	0.0029	0.0250	-0.0300	-0.0099	0.1548	0.0138	0.0171	-0.0535	-0.0532	-0.0129	0.0554	-0.0261	-0.3078	-0.0989	0.0041	0.1506	-0.0260	-0.0496	0.0501	-0.0355	-0.0486	0.0913	0.2427	0.2698	-0.2120	-0.0105	0.0687	1.2381	-0.1551	-0.1408	-0.0964	0.0338	0.3084	-0.0094	0.1095	0.0679	-0.0557	0.1102	0.0501	-0.1953	0.2515	0.0261	0.1536	-0.0894	0.0241	-0.0558	-0.0376	-0.1103	0.2480	-0.1354	-0.0855
g__Roseburia	0.8727	-0.4630	0.2809	1.6339	0.9378	0.7271	-0.3281	0.8135	-0.4585	-0.3996	1.4629	-0.3655	-0.4070	0.6439	-0.1666	-0.3949	1.4957	-0.0415	0.1416	1.2252	-0.5601	-0.4038	-0.3770	0.4965	0.8014	-0.0133	-0.0450	-0.1815	0.1606	0.2997	0.2458	0.3046	0.5603	-0.2684	-0.6575	1.2133	0.8174	0.0586	1.0471	1.0908	-0.1295	0.7294	-0.4233	-0.7644	-0.1177	-0.7087	-0.9029	-1.3340	-0.0331	1.2348	1.0211	0.0548	1.4564	-1.3117	-0.2638	-0.5144	-0.3793	1.8639	-0.6192	0.6453	-0.6773	1.2709	-0.1772	-0.7281	-0.3920	-0.4843	0.1806	-0.3481	0.3255	-0.2337	0.6578	-0.1059	1.0045	0.5704	0.5998	-0.9075	-0.2264	-0.0085	-0.6225	0.5071	1.7647	-1.2178	-0.8374	-0.7717	-0.5177	-0.4967	-0.0664	-0.5250	-0.3749	0.2388	0.1276	-0.4081	-0.5757	0.7946	-0.7287	-0.2399	-0.4862	1.1539	-0.1621	-0.4904	-0.4092	-0.4432	-0.4202	-0.3673	0.3551	-0.6180	0.2393	0.4322	0.7418	0.2110	0.2486	0.4103	0.0164	-0.0001	-0.1628	-0.5641	-1.1368	-0.4536	-0.0688	0.6371	0.6995	-0.1746	-0.4420	-0.1551	5.3357	-0.0623	-0.7066	-0.0547	-1.5361	-0.0637	0.2504	-0.3883	-0.5005	0.2656	-0.3053	-0.9480	0.0140	-0.2229	-1.1677	-0.5688	-0.1673	0.2620	0.0003	-0.6861	0.3961	-0.2567	0.1462
g__Roseburia_D	0.3964	-0.0155	0.2811	0.0319	-0.1482	0.1696	0.0649	-0.2022	-0.0538	-0.2528	0.0046	-0.1283	0.0578	-0.2446	-0.0337	0.0223	0.1261	0.3246	-0.2955	0.2361	-0.0839	-0.1817	-0.4223	-0.2660	0.1549	0.3555	0.5097	0.3974	0.1569	0.0963	0.2658	0.3883	0.0250	-0.1118	-0.3536	0.1001	0.3405	-0.2273	0.1660	0.1026	0.1239	-0.0788	-0.4190	-0.0867	-0.2970	-0.0760	-0.0328	-0.0424	0.1807	0.0474	0.1466	0.0558	-0.2556	-0.3791	0.2038	-0.0254	-0.5295	-0.1151	-0.1805	0.1890	-0.1541	0.2504	0.1035	-0.1569	0.1799	-0.1901	0.3284	-0.1498	0.1840	0.1531	0.5192	0.2778	-0.0422	-0.0002	0.2496	-0.1499	-0.0912	0.2129	-0.0809	0.1854	-0.0554	-0.0786	-0.0538	-0.0767	-0.0721	-0.1712	0.1626	-0.1058	-0.0601	-0.2525	0.3062	-0.1302	-0.0910	0.2486	-0.0104	-0.2046	-0.1048	-0.0157	0.1353	-0.0821	-0.1808	-0.0588	0.0116	-0.0178	0.3403	-0.0979	-0.0613	-0.0356	0.2994	0.3668	-0.1689	-0.0457	0.1328	0.1575	-0.0289	-0.0552	-0.0925	-0.0744	-0.0450	-0.2559	0.4542	0.0298	-0.1855	-0.1408	-0.0623	1.7174	-0.0787	0.1778	-0.7914	0.0766	0.2950	-0.0879	-0.0752	-0.1879	-0.2967	-0.1260	-0.1325	-0.0405	-0.2751	-0.0832	-0.1735	0.2708	0.0528	-0.1538	-0.0145	-0.1695	0.4818
g__Rothia	-0.5825	0.0600	-0.3849	-0.5171	-0.5346	-0.9331	0.0444	-0.3429	0.0085	0.2830	-0.9932	0.1391	-0.0235	-0.3306	-0.3658	0.0512	-0.4564	0.0193	-0.5671	-0.6365	0.1146	0.1324	0.2254	-0.3996	-0.2553	0.0277	-0.0079	0.0217	0.0473	-0.1143	0.0870	-0.0655	-0.0460	-0.2042	0.0223	-0.3886	-0.5103	0.0192	-0.6255	-0.5216	0.0143	-0.6690	-0.0537	0.6970	-0.2317	0.5253	0.6235	0.9120	0.0206	-0.6757	-0.6038	-0.4027	-0.7914	1.0802	0.0303	0.2753	0.0444	-0.8716	0.3462	-0.3076	0.7782	-0.9708	0.0311	1.0989	0.0082	1.1604	0.1394	0.0016	-0.3416	-0.1268	-0.5082	0.0437	-0.6761	0.0420	-0.4110	0.4214	0.2171	-0.0376	0.4618	-0.4114	-0.5393	0.9019	0.5076	0.3934	0.5461	0.1402	-0.0129	0.3975	0.7837	-0.4503	-0.2760	0.6607	0.5093	-0.3888	0.5419	0.2225	0.1428	-0.8399	0.1392	0.1560	0.1181	0.1631	0.0670	0.1200	-0.2326	0.7885	0.0279	-0.4031	-0.5342	-0.1672	-0.4011	-0.6017	-0.1627	-0.0423	0.0109	0.4995	0.4665	0.4858	-0.1640	-0.6799	0.1194	0.0567	0.1712	-0.0964	-0.7066	-0.0787	2.4598	0.0112	0.9003	-0.0032	-0.0987	-0.1270	0.4979	-0.1041	0.1253	1.4237	0.1076	0.2278	0.7032	0.2837	0.0810	-0.0433	0.1504	1.3141	-0.3826	0.6259	-0.0009
g__Ruminiclostridium_E	0.0678	0.0885	0.0730	-0.3955	-0.2344	0.1167	0.0170	-0.0842	-0.0554	0.0660	-0.2523	0.0569	-0.0516	-0.1462	-0.0130	-0.0061	-0.0470	0.2629	-0.0799	-0.2701	-0.1253	-0.0466	0.0508	-0.1350	-0.0442	0.1368	0.2523	0.0405	0.3150	-0.0372	-0.0554	0.1257	0.0742	-0.1316	0.0044	-0.2346	-0.0722	-0.0754	-0.2279	-0.2191	-0.0664	-0.0943	-0.1330	-0.0027	-0.1612	0.0741	0.2148	0.1689	0.3557	-0.0220	-0.1601	0.1975	-0.2894	0.2067	0.1626	0.0646	-0.2277	-0.3335	0.0136	-0.0542	0.0439	-0.2199	-0.0004	0.1015	0.0740	-0.1090	-0.0048	0.0431	-0.0466	0.0295	0.0738	0.0765	-0.0995	0.1044	0.0126	0.0161	0.0181	0.0770	0.0238	-0.1186	-0.0576	0.2007	0.1118	0.2138	-0.0089	0.0489	0.1021	0.0255	0.0148	-0.1644	0.1123	0.0312	0.1582	-0.0936	0.1967	0.1145	0.0475	-0.2002	-0.0937	0.0382	0.0126	-0.0054	0.1059	0.0222	0.0194	0.0144	0.0566	-0.1599	-0.0577	0.0132	-0.2456	0.0069	-0.1859	0.0288	-0.1770	0.0055	0.1793	0.0385	0.1674	-0.1699	-0.0144	0.0420	-0.0355	0.0338	-0.0547	0.1778	0.0112	1.6387	0.1255	-0.0148	0.2202	-0.1049	0.0246	-0.1376	-0.0918	-0.0490	0.0908	0.0705	0.2782	0.0122	0.0322	0.0603	-0.0822	0.0690	0.0431	-0.0234	0.2384
g__Ruminococcus_B	-1.7636	0.5677	-1.2129	-2.0487	-1.4205	-1.6994	0.3743	-0.6158	1.0868	1.4844	-2.4132	0.7586	0.4398	0.2810	-0.2819	0.6563	-1.8756	-0.3811	0.6757	-2.6360	0.6753	0.8646	2.9279	0.2139	-1.0297	-0.2775	-0.5198	-0.3317	-0.4127	-0.2622	-1.0613	-1.1523	0.4232	0.8893	1.2814	-2.6435	-2.1157	1.0021	-2.3094	-2.3260	-0.0118	-1.1883	1.8031	0.8535	2.3245	1.0557	1.7382	1.4352	0.0751	-1.2396	-2.0001	-0.6762	-2.3119	5.1437	0.0899	0.9160	2.8651	-1.5183	1.4951	-1.1815	1.1793	-3.4815	0.1591	1.3170	0.1036	1.4398	-1.5241	0.3153	-1.1582	-0.0905	-2.4683	-0.2614	-1.2966	-0.1360	-1.4206	1.9971	2.2599	-0.2306	1.2447	-1.3283	-0.7517	1.4492	0.9368	1.0578	0.9115	0.7341	-0.1601	0.9842	0.2787	-0.0851	-0.7719	0.8390	1.0115	-2.1450	0.9525	1.2741	0.7753	-1.5068	0.0959	0.7199	0.6777	0.9442	0.6625	0.7406	-1.3355	2.0410	-0.2186	-1.6250	-2.1851	-1.1305	0.6978	-0.7420	-0.1892	0.0092	0.0842	0.5734	1.9865	1.2187	0.4429	-0.3306	-1.8016	0.3423	0.9453	0.3084	-1.5361	-0.7914	0.9003	0.1255	7.9788	-0.5948	-0.6770	0.9148	1.4743	0.8417	1.4203	1.3394	0.5587	0.7459	4.3338	0.8385	0.5745	-0.6047	0.1571	2.7726	-0.8781	0.5570	-0.7544
g__Ruminococcus_C	0.1684	-0.0752	0.2579	0.4180	0.0767	0.4099	-0.0499	0.0195	-0.1405	-0.3270	0.3000	-0.0886	-0.1479	-0.1914	0.0290	-0.0374	0.0761	0.2864	-0.0199	0.2140	-0.1717	-0.1673	-0.3448	-0.1392	-0.0721	0.3164	0.0097	-0.0347	-0.0404	0.0989	0.0052	0.2556	-0.0367	0.1010	-0.0977	0.0146	-0.0464	0.0726	-0.0093	0.0012	-0.0905	0.0226	-0.0928	0.0408	-0.1734	-0.0598	-0.1115	-0.1354	0.1293	0.0702	0.1241	0.2575	0.1619	-0.3882	0.0331	-0.0783	-0.3073	0.2416	-0.0087	0.2881	-0.1579	0.3788	-0.0405	-0.1538	-0.0357	-0.0145	0.0184	0.0814	0.0973	0.0441	0.3044	0.0250	0.0803	0.4825	0.0961	-0.0551	0.0291	-0.0332	-0.0621	0.0510	-0.0017	-0.0905	0.0138	-0.0944	-0.1401	-0.0758	-0.1581	-0.1065	-0.0416	-0.1163	0.0921	-0.1204	-0.0867	0.1996	-0.1525	-0.0743	-0.1362	0.0293	0.1721	-0.0846	-0.0137	-0.0945	0.0394	-0.2059	0.1427	-0.1709	0.1061	0.1010	0.0387	0.1527	-0.0222	0.1723	-0.2322	-0.1034	0.0894	-0.1400	-0.1342	-0.0985	0.1091	-0.1648	-0.0198	-0.1495	-0.1251	-0.0094	-0.0637	0.0766	-0.0032	-0.0148	-0.5948	2.4793	0.3967	-0.1137	0.1007	-0.4095	0.1139	-0.1889	0.0953	-0.0687	-0.3161	0.0338	0.0206	0.1167	0.2486	-0.0256	0.0738	-0.2261	0.2948
g__Ruminococcus_E	0.4075	0.0433	0.6981	0.5430	0.1412	1.0454	-0.0355	-0.1968	0.1691	-0.2047	0.4530	-0.1941	0.0783	0.1889	0.0965	0.0519	0.2068	0.2443	0.1533	0.3464	0.0497	-0.1872	-0.4942	-0.0653	0.1347	0.2894	0.2726	-0.0887	0.0853	0.0479	-0.2200	0.1947	-0.3861	0.0831	-0.2113	0.6225	0.1826	-0.2985	0.0294	-0.0311	-0.0454	0.1130	-0.0460	-0.3827	-0.1069	-0.2075	-0.2598	-0.6633	0.2033	0.5301	0.1631	0.3890	0.2310	-0.5590	0.1222	-0.1499	-0.6051	0.4952	-0.3131	0.5305	-0.1746	0.7617	0.2740	-0.1923	0.0973	-0.4603	-0.1806	-0.0275	0.2217	0.2079	0.3784	0.0069	0.6472	0.2147	0.0081	-0.4471	-0.3332	0.1185	-0.1176	0.3538	-0.0641	-0.2932	-0.1837	-0.1777	-0.1771	-0.1649	-0.2552	-0.2150	-0.0225	0.0313	0.2977	-0.2396	-0.2074	0.3154	-0.2384	-0.1485	-0.0963	0.3721	-0.4928	-0.1591	-0.1771	-0.0504	0.0787	-0.0905	0.1678	-0.4048	0.0668	0.2372	-0.2988	0.2249	0.0037	0.1189	-0.1383	0.1098	-0.1088	-0.2239	-0.3876	-0.3435	0.6683	-0.0090	-0.5933	-0.1387	-0.3388	0.1095	0.2504	0.2950	-0.0987	0.2202	-0.6770	0.3967	4.1587	0.0609	-0.3753	-0.1631	-0.0952	-0.4367	-0.1268	-0.1144	-0.2967	-0.0613	0.2961	0.0369	-0.1600	-0.5328	0.3635	-0.2138	0.0236
g__Ruthenibacterium	-0.1291	0.4370	-0.0307	-0.4614	-0.3633	0.7072	0.0840	-0.6358	0.5606	0.0449	-0.1397	0.1651	0.4548	-0.1141	0.5768	0.3091	-0.5730	-0.1017	0.7110	-0.5569	0.0097	0.3579	0.2262	0.1470	-0.7675	-0.1376	-0.0018	-0.0082	-0.2660	-0.0938	-0.3290	-0.3798	-0.1514	0.5452	0.6087	-0.4705	-0.2924	0.3188	-0.5512	-0.5818	-0.1847	0.2822	0.5218	0.0471	0.3377	-0.1235	0.0313	-0.0301	-0.0190	-0.1596	-0.5527	0.3739	-0.5654	0.5633	0.0752	-0.0284	1.2584	-0.1782	0.0351	-0.2670	-0.0724	-0.5669	0.2442	-0.2289	0.2768	-0.5777	-0.3333	0.2158	-0.0283	0.3464	-0.3217	-0.2108	0.1124	-0.0192	-0.4711	0.7618	0.5084	-0.1094	-0.1541	-0.2408	-0.2997	-0.0406	-0.0622	-0.0431	-0.0312	0.4588	-0.1322	-0.0162	-0.2696	0.6350	0.1016	-0.1263	0.0574	-0.5015	-0.1856	0.2189	0.1490	0.3221	-0.3175	0.1598	0.0645	0.3335	0.4738	0.3476	-0.1305	-0.3923	0.1126	-0.3644	-0.6578	-0.2381	0.4730	0.4524	0.0106	-0.2362	-0.0169	-0.0856	-0.0046	-0.1211	-0.0127	0.1309	-0.6486	-0.0147	-0.0020	0.0679	-0.3883	-0.0879	-0.1270	-0.1049	0.9148	-0.1137	0.0609	2.7420	-0.0594	0.1680	0.7972	-0.1345	-0.0092	-0.0019	0.8939	0.1899	-0.0551	-0.2851	-0.3322	-0.4147	0.2256	0.0284	-0.4565
g__Sarcina	-0.6349	0.1163	-0.4947	-1.2430	-0.6554	-0.9918	0.0460	-0.4736	0.1357	0.2197	-1.3077	0.2213	0.1590	-0.6055	-0.4016	0.1142	-0.6825	-0.0036	-0.7072	-0.6317	0.4548	0.2112	0.5233	-0.2991	-0.5707	0.0734	-0.0448	-0.0626	0.0250	-0.1481	-0.0136	-0.1859	1.1775	-0.1164	0.3285	-1.1636	-0.6324	0.0751	-0.9630	-1.1572	0.0615	-0.9361	-0.2603	0.8780	-0.1751	0.8994	0.9674	1.3547	0.0426	-0.7029	-0.6521	-0.3866	-1.2641	1.3739	0.0998	0.4726	0.1899	-0.8715	0.3219	-0.5787	0.6174	-1.1722	-0.0036	0.7893	-0.0002	1.2972	-0.1600	0.0002	-0.2200	-0.0326	-0.5830	-0.0043	-0.8127	0.0452	-0.6646	0.4411	1.3909	-0.0335	0.9188	-0.5417	-0.3729	0.9606	0.4268	0.6245	0.3506	0.1623	-0.0805	0.5493	0.1809	-0.6297	-0.2668	0.4794	0.5459	-0.5258	0.8171	0.2259	0.2320	-1.1167	0.1199	0.2272	0.1921	0.2995	0.2126	0.1787	-0.3583	1.4794	-0.0416	-0.7066	-0.6335	-0.1184	-0.2946	-0.8556	-0.0741	-0.0294	-0.1543	0.2903	0.5018	0.7697	-0.3058	-1.0974	-0.0318	0.1570	0.2976	-0.0557	-0.5005	-0.0752	0.4979	0.0246	1.4743	0.1007	-0.3753	-0.0594	3.7511	-0.1273	0.1277	1.0045	-0.1618	0.4938	1.2234	0.6879	-0.0011	-0.0797	0.0439	1.9808	-0.5451	0.0481	-0.1569
g__Schaedlerella	-0.1893	-0.0672	-0.1368	-0.3105	0.3094	-0.2860	-0.0424	-0.1347	0.1528	0.4086	0.2286	0.0878	-0.1373	0.4123	-0.0694	0.0680	-0.2746	-0.1876	0.4528	-0.1934	-0.3005	0.1905	0.6331	0.3743	-0.1230	-0.1127	-0.2061	-0.2298	-0.0206	-0.0406	0.0245	-0.1689	0.1847	-0.1031	0.4463	-0.1814	-0.0873	-0.2330	0.2754	0.0693	0.0666	-0.2073	0.5052	0.1614	0.3688	-0.0117	-0.1728	-0.1101	-0.0988	-0.2308	-0.1742	-0.0478	-0.2293	0.7414	-0.1891	0.1537	0.2565	0.0698	0.2376	-0.1664	0.0877	-0.4317	0.0739	0.0497	-0.1838	-0.2016	-0.0638	0.0474	-0.2939	-0.0928	-0.3893	-0.0451	-0.0233	-0.3832	-0.1022	0.1634	-0.1216	0.0101	0.2372	0.0283	-0.1404	-0.3378	-0.1572	-0.1706	0.1303	0.0721	-0.0293	0.0084	0.0365	0.2408	-0.0876	0.0472	0.0929	-0.3425	-0.1488	0.2408	0.1316	0.2116	-0.1770	-0.0176	0.1909	0.0291	-0.0058	0.1016	-0.2669	-0.0739	-0.3168	-0.0880	-0.2462	-0.0874	0.2465	0.1259	0.1930	-0.0735	0.0438	0.0706	0.0407	-0.0153	0.0994	0.2305	-0.2342	0.0943	0.0473	0.1102	0.2656	-0.1879	-0.1041	-0.1376	0.8417	-0.4095	-0.1631	0.1680	-0.1273	3.1449	0.2772	-0.0792	-0.2407	0.1224	0.5249	-0.1410	0.2594	-0.1092	-0.0628	-0.0521	-0.3041	0.1466	-0.1461
g__Sellimonas	-0.6748	0.5186	-0.2835	-0.2649	-0.3296	0.0528	-0.0008	-0.3199	0.6696	0.2547	-0.1679	0.2969	0.5073	-0.1351	0.3249	0.3919	-0.4828	-0.2293	0.7396	-1.1979	0.3292	0.3936	0.5368	0.3578	-0.6734	-0.1780	-0.2990	-0.3389	-0.3346	-0.2726	-0.3581	-0.5475	-0.1257	0.5577	0.8878	-0.5765	-1.1380	0.7896	-1.4856	-1.5261	-0.1135	0.4061	1.2135	0.0775	0.4008	0.1151	0.1948	0.0990	-0.0062	-0.1875	-0.6947	-0.0976	-0.2892	0.9911	-0.0023	0.1864	1.1805	-0.1751	0.3118	-0.2125	0.2515	-0.9343	0.3252	0.1421	0.0786	-0.0151	-0.6276	0.1697	-0.6320	0.1628	-1.0019	-0.3728	-0.0320	0.1605	-0.6684	0.6488	0.7950	-0.3145	0.0908	-0.5015	-0.1971	0.2590	0.2107	0.0743	0.1882	0.5521	-0.2182	0.1284	-0.0381	0.5039	-0.4096	0.1593	0.1187	-0.6458	0.1684	0.4890	0.2907	-0.1293	0.0710	0.3110	0.2228	0.4475	0.3886	0.3084	-0.6507	-0.0440	0.3339	-0.7913	-1.2047	-0.6183	0.1893	0.0805	-0.3302	-0.1553	0.0041	0.1360	0.5084	0.0550	0.1411	-0.2095	-0.7462	0.0481	0.2908	0.0501	-0.3053	-0.2967	0.1253	-0.0918	1.4203	0.1139	-0.0952	0.7972	0.1277	0.2772	3.9002	0.2519	-0.1006	0.0890	1.1922	0.3081	0.1040	-0.4349	-0.0960	0.0848	-0.1452	0.0376	-0.4891
g__Streptococcus	-0.8082	0.2042	-0.4908	-0.9621	-0.8767	-1.4220	0.0382	-0.4477	0.0936	0.3518	-1.1567	0.1916	0.0682	-0.3992	-0.4112	0.0997	-0.6484	-0.0307	-0.8717	-1.0357	0.5925	0.1573	0.5291	-0.3504	-0.5059	0.0076	-0.1768	-0.1394	-0.2862	-0.1501	0.1221	-0.1824	0.4808	-0.0593	0.0846	-0.7394	-0.7270	0.0386	-0.6628	-0.7619	0.0448	-0.8977	0.2029	1.0274	-0.4235	0.8240	0.7713	1.3774	-0.0226	-0.8805	-0.6594	-0.7179	-0.9398	1.2654	0.0225	0.2473	-0.0556	-1.0591	0.1715	-0.4323	1.0800	-1.2369	0.1328	1.5673	0.0130	1.8265	-0.1956	0.0486	-0.5397	-0.0958	-0.7175	-0.0407	-0.8099	0.0365	-0.7155	0.4342	0.7251	-0.0751	0.8172	-0.5911	-0.5883	1.3013	0.5452	0.8636	0.7225	0.2353	-0.1188	0.6088	0.8869	-0.7001	-0.4000	0.8604	0.7749	-0.5029	1.1555	0.3434	0.1763	-1.0245	0.0186	0.2221	0.2183	0.2845	0.0365	0.1832	-0.4793	1.8705	-0.2658	-0.3869	-0.4505	-0.1206	-0.4329	-0.8669	-0.2175	-0.0030	-0.0953	0.7265	0.6800	0.5945	-0.4934	-1.2874	-0.2297	0.1608	0.1723	-0.1953	-0.9480	-0.1260	1.4237	-0.0490	1.3394	-0.1889	-0.4367	-0.1345	1.0045	-0.0792	0.2519	3.8802	-0.2415	0.6101	0.9190	0.6741	-0.1658	-0.0190	-0.1343	2.4451	-0.5282	1.0385	-0.1427
g__Sutterella	0.1958	-0.2137	-0.1055	0.0560	0.0575	0.2122	0.0717	0.7005	-0.4275	0.2515	-0.3361	-0.0900	-0.2023	0.0577	0.3837	0.0555	-0.0679	-0.1927	0.3207	-0.0608	-0.1594	-0.0356	-0.3121	-0.1970	0.3812	-0.1454	-0.0724	-0.1125	0.1186	0.0193	-0.0675	-0.2352	-0.4458	0.0405	-0.1961	-0.0626	-0.0800	-0.0968	-0.0483	-0.2264	-0.0775	0.0946	-0.4268	-0.0103	0.8592	0.0536	0.0970	-0.4273	0.1216	-0.2828	-0.3972	0.0317	0.0257	-0.2285	-0.0676	0.0705	0.4674	-0.1321	0.1773	-0.3289	-0.0416	-0.2003	-0.3282	-0.1265	0.0574	0.4719	0.0296	-0.0107	-0.0285	-0.3495	-0.1757	-0.1747	-0.0393	-0.2571	0.4789	0.1562	-0.4000	-0.1337	-0.0982	0.0401	0.6979	-0.1864	-0.1654	-0.0819	-0.0813	0.0045	-0.0398	0.0128	-0.2373	0.1967	-0.2120	-0.1054	0.0752	-0.2313	-0.1489	-0.2902	-0.1806	-0.0139	0.5278	-0.1213	0.0651	0.3050	-0.0625	0.0043	-0.0774	0.0614	-0.2086	-0.2001	-0.0571	-0.1536	0.4713	0.6043	-0.2118	0.0057	-0.8182	-0.1231	-0.1174	0.0912	0.4727	1.5067	0.6333	0.0177	0.1740	0.2515	0.0140	-0.1325	0.1076	0.0908	0.5587	0.0953	-0.1268	-0.0092	-0.1618	-0.2407	-0.1006	-0.2415	5.7851	0.1383	-0.0235	0.0470	-0.2867	0.1026	0.4712	0.3055	0.1983	-0.2859	0.0607
g__Terrisporobacter	-0.4114	0.0091	-0.1980	-0.5122	-0.1679	-0.5342	-0.0018	-0.5710	0.1161	0.1525	-0.4647	0.2223	0.0443	0.0371	-0.3880	0.1407	-0.1964	-0.0347	-0.0879	-0.5440	0.2316	0.0616	0.5448	0.0273	-0.4104	-0.1627	-0.1437	-0.0215	-0.0799	0.0831	-0.0895	-0.1367	1.4319	-0.0680	-0.0235	-0.5462	-0.2378	-0.0528	-0.3190	-0.5790	-0.1767	-0.5289	0.2679	0.2705	-0.3458	0.2684	0.2893	0.4932	-0.0285	-0.1700	-0.5873	-0.1920	-0.4278	0.7058	-0.0136	0.2053	0.1132	-0.3285	0.0964	-0.3228	0.3371	-0.8080	-0.0078	0.3505	-0.0902	0.6237	-0.0708	0.0125	-0.0839	-0.2222	-0.5755	-0.0942	-0.4126	-0.0601	-0.5420	0.2086	1.2802	0.0107	0.1201	-0.2485	0.1340	0.4842	0.1892	0.1926	0.1739	0.0828	-0.1061	0.2138	0.2299	-0.4634	-0.1799	0.4047	0.1144	-0.5041	0.1683	0.1241	0.1010	-0.4449	-0.2604	0.0402	0.1630	0.1405	0.0554	0.1002	-0.2811	0.6134	-0.0225	-0.1263	0.0621	-0.0181	-0.4092	-0.5760	-0.1515	-0.0104	-0.2767	0.1116	0.2660	0.4843	-0.1903	-0.1821	-0.5109	0.0430	0.1109	0.0261	-0.2229	-0.0405	0.2278	0.0705	0.7459	-0.0687	-0.1144	-0.0019	0.4938	0.1224	0.0890	0.6101	0.1383	3.1478	0.5485	1.3785	0.0078	-0.2665	-0.0135	0.8069	-0.0462	0.2846	-0.2503
g__Thomasclavelia	-1.1249	0.4860	-0.8601	-2.1631	-1.2626	-1.2216	0.2339	-0.7091	1.2062	1.0164	-2.1293	0.6654	0.6214	-0.2844	-0.1327	0.7073	-1.3979	-0.1291	0.5890	-2.1103	0.8035	0.7914	2.1117	0.2768	-0.9965	-0.0711	-0.1269	-0.1201	-0.2451	-0.3666	-0.7922	-0.8074	0.3939	0.5578	0.9648	-2.5066	-1.6624	1.1493	-2.1765	-2.4786	0.0001	-0.7884	1.3299	0.6938	1.6990	0.6939	1.5180	1.5030	0.1694	-1.0487	-1.8962	-0.2601	-2.0180	3.7793	0.2405	0.7192	2.3485	-1.4212	1.1591	-0.9552	0.8122	-2.7334	0.3181	0.9945	0.2015	1.0096	-1.0770	0.3323	-0.6995	-0.0413	-1.5512	-0.0633	-0.8104	-0.1270	-1.1620	1.7938	2.2849	-0.0462	1.0088	-1.0215	-0.6842	1.0974	0.7919	0.6074	0.5573	0.7064	0.0927	0.8319	0.2790	-0.1532	-0.5241	0.7024	0.6618	-1.5680	0.7121	0.9770	0.6553	-1.1926	-0.0399	0.5518	0.4548	0.7530	0.6921	0.6958	-0.9503	1.5631	-0.1725	-2.2316	-1.7555	-0.6872	0.2470	-0.9867	-0.2943	-0.1144	0.0801	0.4768	1.1966	0.9265	-0.1653	-0.7913	-1.2715	0.2280	0.6680	0.1536	-1.1677	-0.2751	0.7032	0.2782	4.3338	-0.3161	-0.2967	0.8939	1.2234	0.5249	1.1922	0.9190	-0.0235	0.5485	6.0114	0.4630	0.2162	-0.3427	0.0793	2.3792	-0.4728	0.5194	-0.4578
g__Turicibacter	-0.2931	0.3551	-0.2353	-0.5428	-0.2690	-0.2192	0.0463	-0.4817	0.2656	0.0449	-0.6809	0.1170	0.2247	0.0877	-0.5308	0.0452	-0.2105	-0.0863	-0.0368	-0.7572	0.4944	0.1672	0.3119	0.1592	-0.3969	-0.1016	-0.0674	0.0347	-0.2081	-0.0543	-0.3347	-0.1995	1.6383	0.1095	0.2392	-0.4292	-0.4378	0.4074	-0.4607	-0.4180	-0.1429	-0.5394	-0.0044	0.2165	-0.3168	0.3591	0.3185	0.7705	0.0363	-0.3493	-0.6860	-0.3309	-0.4394	0.8652	-0.0340	0.0999	-0.2031	-0.2384	0.1075	-0.4774	0.3479	-0.7071	0.1156	0.2337	0.1103	1.0148	-0.3643	-0.0927	-0.4105	-0.1477	-0.4957	-0.1730	-0.3539	0.2217	-0.3534	0.3263	1.4751	-0.1318	0.1559	-0.4381	0.2599	0.4631	0.2023	0.0766	0.1941	0.1153	-0.2206	0.1732	-0.0485	-0.5585	-0.1780	0.3093	0.1753	-0.4197	0.0338	0.1623	0.0365	-0.4080	-0.1625	0.1559	0.0666	0.1728	0.1444	0.1484	-0.2770	0.7155	0.0226	-0.0802	-0.0907	-0.1918	-0.4092	-0.3240	-0.2211	-0.1713	-0.1461	0.0368	0.2619	0.3181	-0.1299	-0.2666	-0.6134	0.0197	0.0895	-0.0894	-0.5688	-0.0832	0.2837	0.0122	0.8385	0.0338	-0.0613	0.1899	0.6879	-0.1410	0.3081	0.6741	0.0470	1.3785	0.4630	3.6714	-0.0265	-0.2387	-0.0609	1.0430	-0.2328	-0.2338	-0.3331
g__Tyzzerella	-0.3462	-0.1446	-0.1357	0.0081	-0.0123	-0.1802	-0.0800	-0.0656	0.0751	0.4825	0.1625	0.0192	-0.0886	0.4279	-0.1611	0.0400	0.1568	0.0119	0.0855	-0.2924	0.0845	0.0756	0.6326	0.0077	0.0303	0.2046	-0.1556	-0.1422	0.1289	-0.0741	-0.2072	-0.0060	-0.1124	-0.1400	0.0671	0.1201	-0.2121	0.1536	-0.0651	0.1260	-0.1788	-0.3335	-0.1315	-0.1368	0.2066	0.1212	0.0279	0.0833	0.0581	0.2544	-0.0805	-0.1791	-0.3045	0.5216	-0.0166	0.1094	0.0358	0.4806	0.0316	-0.1150	-0.0006	-0.2818	0.0380	0.0595	-0.1366	-0.1769	0.1043	0.0262	-0.2874	-0.0256	-0.3972	0.0731	0.2023	0.0360	-0.2057	-0.0286	0.0418	-0.0772	-0.0077	-0.2832	-0.3891	-0.0108	0.0440	-0.0008	0.1330	-0.0391	0.0127	0.0375	0.3163	-0.0143	-0.1212	0.1906	-0.0479	-0.0599	-0.1004	0.2490	0.1208	-0.3411	-0.0662	-0.0551	0.0142	-0.0440	-0.0530	-0.0460	-0.0652	0.0015	-0.0551	0.4959	-0.0636	-0.1141	0.2007	-0.0860	0.1098	0.1419	-0.0389	0.0673	0.0624	-0.0226	0.1235	-0.0908	-0.4669	-0.0097	0.0644	0.0241	-0.1673	-0.1735	0.0810	0.0322	0.5745	0.0206	0.2961	-0.0551	-0.0011	0.2594	0.1040	-0.1658	-0.2867	0.0078	0.2162	-0.0265	2.8446	-0.1556	0.0007	-0.1409	-0.1819	0.3181	0.0220
g__UBA3402	0.2648	-0.2360	0.0109	0.2251	0.0799	0.0902	-0.0397	0.2064	-0.2522	-0.2015	0.0518	-0.1355	-0.2396	-0.1612	-0.0717	-0.1108	0.2023	0.1051	-0.2903	0.3560	-0.4015	-0.1404	-0.2141	-0.1794	0.4134	0.2258	0.2214	0.0593	0.1000	0.2323	0.2675	0.3321	-0.0902	-0.3499	-0.3378	0.0473	0.3452	-0.2459	0.2522	0.2188	0.0064	-0.1510	-0.4922	0.0435	-0.1158	-0.0656	-0.0696	-0.0621	0.0409	-0.0804	0.2609	-0.1128	-0.0285	-0.4593	-0.0015	-0.0880	-0.5895	0.0947	-0.1537	0.2902	-0.1107	0.4076	-0.1000	-0.0814	-0.0463	0.0871	0.3236	-0.1394	0.2490	-0.0038	0.4655	0.2508	0.1145	0.0201	0.4294	-0.1940	-0.3341	0.1597	0.0094	0.3290	0.1045	-0.1070	-0.1265	-0.0477	-0.1285	-0.1397	0.0829	-0.0287	0.0945	-0.1974	0.1130	-0.0235	-0.0060	0.4499	0.0668	-0.1766	-0.1406	0.0955	0.1541	-0.1386	-0.0818	-0.1758	-0.0953	-0.1244	0.2820	0.0336	-0.2530	-0.0573	0.4082	0.2894	-0.0055	-0.0948	0.1331	0.1797	0.0545	-0.0847	-0.1166	-0.0845	0.0188	-0.1463	0.6539	0.0305	-0.1419	-0.0558	0.2620	0.2708	-0.0433	0.0603	-0.6047	0.1167	0.0369	-0.2851	-0.0797	-0.1092	-0.4349	-0.0190	0.1026	-0.2665	-0.3427	-0.2387	-0.1556	1.6122	0.0958	0.1469	-0.0443	-0.0213	0.3690
g__URXU01	-0.2632	-0.1710	0.0324	0.1346	-0.2577	-0.5318	0.1541	-0.0226	-0.1929	0.3496	-0.1984	0.0661	-0.2896	-0.3754	-0.4085	0.0067	-0.2473	-0.0960	-0.2231	0.2036	-0.0464	0.0245	-0.2228	-0.1615	0.1955	-0.1548	-0.0567	0.0477	0.0799	0.1099	0.6591	0.1208	-0.1304	-0.1423	-0.0786	0.2387	0.0984	-0.7133	-0.1425	-0.0705	0.0097	-0.4369	-0.3373	0.2556	0.2865	0.2555	0.2350	0.2898	-0.1271	-0.1779	-0.0088	-0.1447	-0.4551	0.3967	-0.0429	0.0586	-0.1002	0.0871	0.1514	-0.0712	0.0869	-0.1555	-0.1440	0.1109	-0.0097	0.3705	0.4172	-0.0127	-0.2803	-0.0567	-0.1470	0.1553	-0.1963	-0.2384	0.1633	-0.1046	-0.3085	0.0668	0.1061	-0.0453	0.0425	0.1346	0.0200	0.1349	0.1540	-0.0221	0.0627	0.2383	0.3437	-0.0907	-0.1611	0.2320	0.0585	0.0080	0.1316	-0.0347	0.0820	-0.2753	2.7192	0.0717	0.0070	-0.0218	-0.1222	-0.0294	-0.0016	0.1254	-0.3579	-0.0903	0.1751	0.0599	-0.1250	-0.0991	0.0218	0.1226	-0.1418	0.2181	0.1015	0.1237	0.0500	0.0832	0.5923	0.1240	0.2074	-0.0376	0.0003	0.0528	0.1504	-0.0822	0.1571	0.2486	-0.1600	-0.3322	0.0439	-0.0628	-0.0960	-0.1343	0.4712	-0.0135	0.0793	-0.0609	0.0007	0.0958	3.9316	0.2871	-0.1466	0.1197	0.1387
g__Veillonella	-0.8708	-0.0494	-0.8761	-1.3912	-1.3986	-2.0330	0.1060	-0.1168	0.0989	0.4018	-2.6964	0.3442	-0.0187	-0.7425	-0.8013	0.1956	-0.8725	0.1016	-0.3361	-1.5312	0.5007	0.1614	1.2827	-0.5551	-0.3504	0.0948	-0.2208	-0.1145	-0.1480	-0.1037	0.0910	-0.0518	1.2624	-0.2132	0.1736	-1.8870	-1.1173	0.5789	-1.5392	-1.6245	0.1011	-1.4356	-0.0740	1.6442	0.5618	1.2179	1.5420	2.0072	0.1031	-1.2743	-1.2472	-0.8667	-1.8311	2.6211	-0.0063	0.6561	0.6604	-1.7355	0.6826	-0.5851	0.9361	-2.1991	-0.0370	1.4255	-0.1074	3.1202	-0.5717	0.0167	-0.7604	-0.5403	-0.8140	0.1101	-1.3851	0.2687	-0.6169	1.1347	1.8726	-0.0096	1.7714	-0.9720	0.1601	1.5781	1.0222	0.9633	0.6463	0.1826	0.0544	0.9895	0.6684	-1.1267	-0.6304	1.1179	0.9886	-0.9367	1.4305	0.4954	0.2996	-1.6599	0.0738	0.3500	0.2814	0.4765	0.1712	0.2696	-0.5384	3.1193	-0.5535	-1.1698	-0.8753	-0.2475	-0.5751	-1.5097	-0.0224	0.0641	-0.0722	0.6108	1.1804	0.8772	-0.6184	-1.2968	-0.3135	0.1900	0.3514	-0.1103	-0.6861	-0.1538	1.3141	0.0690	2.7726	-0.0256	-0.5328	-0.4147	1.9808	-0.0521	0.0848	2.4451	0.3055	0.8069	2.3792	1.0430	-0.1409	0.1469	0.2871	6.6864	-0.8368	0.6911	-0.0563
g__Vescimonas	0.5096	-0.1427	0.4316	0.3000	0.3883	1.2452	-0.0042	0.0679	-0.2726	-0.4386	0.5497	-0.1727	-0.0741	0.0700	0.5105	0.0440	0.4487	0.1273	0.3059	0.6813	0.1454	-0.1649	-1.1122	-0.0728	-0.0291	0.0280	0.0550	0.0769	-0.0604	0.1311	-0.1059	0.0015	-0.1862	0.2052	-0.2149	0.6115	0.5218	-0.1167	0.4204	0.5363	0.2031	0.7308	-0.1330	-0.4907	-0.3505	-0.3495	-0.5238	-0.4853	-0.0658	0.5398	0.3984	0.7009	0.5737	-0.9179	0.1869	-0.4000	-0.2600	0.3560	-0.4111	0.4828	-0.3089	1.0550	0.0209	-0.3407	0.0502	-0.5490	0.0615	0.1133	0.5356	0.1619	0.8075	-0.0897	0.7871	0.0016	0.5239	-0.3235	-0.4006	0.0134	-0.5139	0.1146	0.0596	-0.4251	-0.2995	-0.2858	-0.2629	-0.1238	0.0823	-0.3158	-0.3342	0.4822	0.3957	-0.3061	-0.2873	0.4987	-0.3199	-0.3581	-0.1831	0.4436	-0.1443	-0.2229	-0.1333	-0.3021	-0.1425	-0.1239	0.4122	-0.5898	0.1440	0.0836	0.0671	0.1557	0.0247	0.3445	-0.2050	-0.0831	-0.2954	-0.1992	-0.6193	-0.3514	0.2972	0.4508	-0.0037	-0.0172	-0.3632	0.2480	0.3961	-0.0145	-0.3826	0.0431	-0.8781	0.0738	0.3635	0.2256	-0.5451	-0.3041	-0.1452	-0.5282	0.1983	-0.0462	-0.4728	-0.2328	-0.1819	-0.0443	-0.1466	-0.8368	2.6199	-0.0218	-0.0937
g__Weissella	-0.4955	-0.2063	-0.2715	-0.3547	-0.2536	-0.7317	0.0411	-0.3615	-0.0016	0.4086	-0.3907	0.0536	-0.1047	-0.1037	-0.2164	-0.0093	-0.4829	0.1054	-0.1933	-0.3154	0.0454	0.0313	0.3948	-0.1520	-0.3395	-0.0632	-0.0190	-0.0789	-0.1504	-0.0750	0.3699	-0.0993	0.1248	-0.1524	-0.0499	-0.3410	-0.2882	-0.3755	-0.3640	-0.4606	-0.0958	-0.4305	0.0823	0.7583	0.0613	0.3233	0.4654	0.3784	0.0325	-0.0373	-0.4467	-0.1958	-0.6328	0.4614	0.0425	0.0414	0.1315	-0.4412	0.1678	-0.0725	0.5407	-1.0294	0.1187	0.4906	-0.0792	0.1238	-0.0648	-0.0200	-0.1440	-0.0726	-0.2471	-0.0175	-0.4541	-0.1698	-0.2143	0.1394	0.0293	0.0626	0.6880	-0.1837	-0.3244	0.5729	0.2723	0.1675	0.8521	0.0226	0.0289	0.1772	1.3619	-0.1184	-0.2207	1.1311	0.2740	-0.1624	0.2547	0.0483	0.0997	-0.6413	0.1126	0.0615	0.0627	0.0229	-0.0340	0.0208	-0.1208	0.3807	-0.2834	-0.2221	-0.0973	-0.1112	-0.3176	-0.3025	0.0159	-0.1487	-0.0041	0.2291	0.2917	0.1286	-0.0966	-0.3880	-0.1664	-0.0131	0.1108	-0.1354	-0.2567	-0.1695	0.6259	-0.0234	0.5570	-0.2261	-0.2138	0.0284	0.0481	0.1466	0.0376	1.0385	-0.2859	0.2846	0.5194	-0.2338	0.3181	-0.0213	0.1197	0.6911	-0.0218	3.8562	0.0011
g__Wujia	0.5589	-0.2685	0.1522	0.1846	0.0655	0.0250	-0.0903	0.0281	-0.3743	-0.1803	-0.0267	-0.1250	-0.2705	-0.1798	-0.1814	-0.1098	0.2225	0.1487	-0.4102	0.2966	-0.3569	-0.2254	-0.3096	-0.2857	0.3331	0.5009	0.3048	0.1563	0.3623	0.2328	0.3924	0.5325	0.0584	-0.4048	-0.3536	0.0300	0.3630	-0.3933	0.3957	0.3850	-0.0073	-0.2149	-0.6499	0.0202	-0.1384	-0.0518	-0.0214	-0.0240	0.2276	0.0243	0.2520	0.2023	-0.0763	-0.4461	-0.0326	-0.0363	-0.8106	0.0254	-0.1300	0.2971	-0.1226	0.4256	-0.1106	-0.0385	-0.0546	-0.0288	0.5886	-0.1691	0.1648	-0.0679	0.5628	0.3738	-0.0161	0.1610	0.5711	-0.3234	-0.2698	0.1803	-0.0372	0.2045	0.0687	-0.0347	0.0316	-0.1239	-0.0955	-0.2160	0.1406	-0.1050	0.0423	-0.2528	0.1305	-0.0142	-0.0423	0.2906	-0.0599	-0.2004	-0.1680	-0.0290	0.1834	-0.1331	-0.1696	-0.1732	-0.1436	-0.1397	0.3454	-0.0751	-0.2170	0.0105	0.2792	0.3284	-0.1098	-0.0007	0.1727	0.2922	-0.1317	-0.0207	0.0050	-0.0118	-0.0345	-0.2448	0.8861	0.0824	-0.1364	-0.0855	0.1462	0.4818	-0.0009	0.2384	-0.7544	0.2948	0.0236	-0.4565	-0.1569	-0.1461	-0.4891	-0.1427	0.0607	-0.2503	-0.4578	-0.3331	0.0220	0.3690	0.1387	-0.0563	-0.0937	0.0011	2.2480
