#OTU ID	g__Acetatifactor	g__Acutalibacter	g__Adlercreutzia	g__Agathobacter	g__Agathobaculum	g__Alistipes	g__Alistipes_A	g__Alitiscatomonas	g__Allocoprobacillus	g__Amedibacterium	g__Anaerobutyricum	g__Anaerofustis	g__Anaeromassilibacillus	g__Anaerostipes	g__Anaerotignum	g__Anaerotruncus	g__Anthropogastromicrobium	g__Aristaeella	g__Bacteroides	g__Bariatricus	g__Bifidobacterium	g__Bittarella	g__Blautia	g__Blautia_A	g__Brotaphodocola	g__Butyribacter	g__CAG-170	g__CAG-177	g__CAG-217	g__CAG-488	g__Catenibacterium	g__Choladousia	g__Clostridium	g__Clostridium_A	g__Clostridium_AP	g__Collinsella	g__Coprococcus_A	g__Dialister	g__Dorea	g__Dorea_A	g__Dorea_D	g__Dysosmobacter	g__Eggerthella	g__Enterobacter	g__Enterocloster	g__Enterococcus	g__Enterococcus_A	g__Enterococcus_B	g__Eubacterium_F	g__Eubacterium_G	g__Eubacterium_I	g__Evtepia	g__Faecalibacterium	g__Faecalimonas	g__Faecousia	g__Finegoldia	g__Flavonifractor	g__Fusicatenibacter	g__Fusobacterium_A	g__Gallintestinimicrobium	g__Gemella	g__Gemmiger	g__Gordonibacter	g__Granulicatella	g__Guopingia	g__Haemophilus_D	g__Holdemanella	g__Holdemania	g__Hominenteromicrobium	g__Hominibacterium	g__Hominicoprocola	g__Hominifimenecus	g__Hominilimicola	g__Hominimerdicola	g__Hominiventricola	g__Hungatella	g__Intestinibacter	g__JAGTTR01	g__Klebsiella	g__Lachnoclostridium_B	g__Lachnospira	g__Lacticaseibacillus	g__Lactiplantibacillus	g__Lactobacillus	g__Lactococcus	g__Lactonifactor	g__Laedolimicola	g__Lancefieldella	g__Latilactobacillus	g__Lawsonibacter	g__Lentihominibacter	g__Leuconostoc	g__Ligilactobacillus	g__Limivivens	g__Limosilactobacillus	g__Longicatena	g__Massilioclostridium	g__Mediterraneibacter	g__Megamonas	g__Merdibacter	g__Merdimmobilis	g__Merdimonas	g__Merdivicinus	g__Muricomes	g__Murimonas	g__Nanosynbacter	g__Negativibacillus	g__Odoribacter	g__Oliverpabstia	g__Onthenecus	g__Otoolea	g__Parabacteroides	g__Paraprevotella	g__Pararoseburia	g__Parasutterella	g__Pauljensenia	g__Pediococcus	g__Peptostreptococcus	g__Phascolarctobacterium	g__Phocaeicola	g__Prevotella	g__Pseudobutyricicoccus	g__Pseudoflavonifractor_A	g__Pseudoscilispira	g__Roseburia	g__Roseburia_D	g__Rothia	g__Ruminiclostridium_E	g__Ruminococcus_B	g__Ruminococcus_C	g__Ruminococcus_E	g__Ruthenibacterium	g__Sarcina	g__Schaedlerella	g__Sellimonas	g__Streptococcus	g__Sutterella	g__Terrisporobacter	g__Thomasclavelia	g__Turicibacter	g__Tyzzerella	g__UBA3402	g__URXU01	g__Veillonella	g__Vescimonas	g__Weissella	g__Wujia
g__Acetatifactor	1.0	0.07006990589590936	0.003464966096222151	0.003464966096222151	0.003464966096222151	0.003464966096222151	0.01108860759493671	0.01794910394265233	0.022268618860963797	0.003464966096222151	0.003464966096222151	0.003464966096222151	0.09734216255442671	0.19758291069459757	0.006174338319907941	0.034795719844357975	0.003464966096222151	0.05922885866351271	0.23311947400425662	0.003464966096222151	0.003464966096222151	0.003464966096222151	0.003464966096222151	0.9426702398150824	0.003464966096222151	0.057396394611727415	0.006174338319907941	0.22777137836185818	0.03278786556089044	0.22913108974358976	0.8998617440364248	0.003464966096222151	0.6693665398388541	0.21415480724570363	0.006174338319907941	0.01794910394265233	0.003464966096222151	0.028686121630652706	0.003464966096222151	0.003464966096222151	0.7696819125277984	0.003464966096222151	0.006174338319907941	0.003464966096222151	0.05562320574162679	0.003464966096222151	0.003464966096222151	0.003464966096222151	0.29409290433783397	0.003464966096222151	0.003464966096222151	0.003464966096222151	0.003464966096222151	0.003464966096222151	0.9518225361555407	0.003464966096222151	0.003464966096222151	0.003464966096222151	0.003464966096222151	0.003464966096222151	0.003464966096222151	0.003464966096222151	0.5800025455837082	0.003464966096222151	0.2770098992553658	0.07714301929625425	0.5491959595959596	0.9805128712871287	0.003464966096222151	0.9573855873925502	0.003464966096222151	0.06109128386336867	0.003464966096222151	0.006174338319907941	0.003464966096222151	0.003464966096222151	0.003464966096222151	0.14263408018867926	0.003464966096222151	0.008698459875709268	0.003464966096222151	0.003464966096222151	0.003464966096222151	0.003464966096222151	0.003464966096222151	0.003464966096222151	0.09072339643447895	0.003464966096222151	0.008698459875709268	0.003464966096222151	0.003464966096222151	0.003464966096222151	0.003464966096222151	0.003464966096222151	0.003464966096222151	0.003464966096222151	0.003464966096222151	0.003464966096222151	0.06477044392523365	0.003464966096222151	0.003464966096222151	0.003464966096222151	0.2579904606240713	0.003464966096222151	0.003464966096222151	0.003464966096222151	0.1379310584250635	0.09072339643447895	0.01108860759493671	0.006174338319907941	0.04257444142827312	0.01108860759493671	0.08394524119947849	0.08911145967890755	0.9898257483344282	0.003464966096222151	0.003464966096222151	0.003464966096222151	0.9747138662625496	0.09250862068965518	0.01108860759493671	0.04257444142827312	0.003464966096222151	0.6908837497236348	0.003464966096222151	0.003464966096222151	0.003464966096222151	0.582503780271707	0.003464966096222151	0.28048172699520274	0.01794910394265233	0.4552421434019832	0.003464966096222151	0.27800842197289816	0.003464966096222151	0.003464966096222151	0.4481423622651157	0.006174338319907941	0.003464966096222151	0.09866472182080925	0.028686121630652706	0.01794910394265233	0.16326726170979364	0.003464966096222151	0.003464966096222151	0.008698459875709268	0.003464966096222151
g__Acutalibacter	0.07006990589590936	1.0	0.8143327772020725	0.03278786556089044	0.028686121630652706	0.6038847095871238	0.1471649196249163	0.01108860759493671	0.003464966096222151	0.5422497102848866	0.006174338319907941	0.006174338319907941	0.003464966096222151	0.55296120906801	0.11143439703808179	0.10360037614185923	0.02011905319896883	0.8954386667989286	0.870209282700422	0.003464966096222151	0.04257444142827312	0.057396394611727415	0.259199821958457	0.591269158549466	0.003464966096222151	0.3111579781962339	0.30041890191592796	0.013430538172715894	0.07531240515933231	0.6780366815144767	0.3521938977460143	0.01108860759493671	0.5647490883089024	0.006174338319907941	0.003464966096222151	0.17954120772946863	0.013430538172715894	0.013430538172715894	0.02011905319896883	0.003464966096222151	0.35086371511068337	0.504755421686747	0.008698459875709268	0.8366579582651391	0.057396394611727415	0.4118727236842106	0.04453621083212285	0.19604711538461536	0.39574406237504994	0.8933085907240044	0.022268618860963797	0.14113538747256457	0.003464966096222151	0.02011905319896883	0.1558583773959022	0.006174338319907941	0.003464966096222151	0.003464966096222151	0.2817140699869319	0.003464966096222151	0.12399031088082903	0.006174338319907941	0.022268618860963797	0.46551113214691403	0.003464966096222151	0.10981352067868504	0.2060043580131209	0.3179779027270171	0.003464966096222151	0.003464966096222151	0.003464966096222151	0.057396394611727415	0.06653594264677389	0.05384885588117222	0.003464966096222151	0.02011905319896883	0.06295072350410637	0.08911145967890755	0.6437623677925622	0.6248007947477539	0.23739998483699773	0.006174338319907941	0.33551165507649516	0.01108860759493671	0.22777137836185818	0.008698459875709268	0.1349822808510638	0.12399031088082903	0.756370548676345	0.9282471428571429	0.8682835496528826	0.844550178589652	0.28048172699520274	0.04065628288781309	0.01108860759493671	0.006174338319907941	0.003464966096222151	0.02011905319896883	0.5327778909090909	0.003464966096222151	0.4020747117296223	0.003464966096222151	0.003464966096222151	0.003464966096222151	0.006174338319907941	0.8870732052175645	0.003464966096222151	0.03278786556089044	0.006174338319907941	0.03873184713375796	0.05922885866351271	0.9919158151307771	0.2569304347826087	0.048288402536305994	0.9824297139631163	0.4855390243902439	0.003464966096222151	0.6445429594272076	0.15154056886227546	0.013430538172715894	0.01108860759493671	0.14417469312258283	0.2500957068062827	0.7854509933774835	0.01108860759493671	0.8911734314407875	0.6358157353445321	0.3521938977460143	0.006174338319907941	0.5834268595041323	0.8205928416485899	0.003464966096222151	0.4570409413854352	0.6471412797281992	0.006174338319907941	0.18235123555840818	0.26558433628318584	0.9559748733632801	0.006174338319907941	0.01108860759493671	0.24003552631578948	0.006174338319907941	0.2569304347826087	0.8319440434693459	0.23450127562642367	0.16174822043628012	0.013430538172715894
g__Adlercreutzia	0.003464966096222151	0.8143327772020725	1.0	0.01794910394265233	0.030808966431095406	0.003464966096222151	0.7266679774060395	0.37629499054820414	0.5842109826589595	0.003464966096222151	0.003464966096222151	0.003464966096222151	0.8437133728052266	0.4783941242655331	0.8526447397788374	0.2890067474048443	0.31446929911154986	0.006174338319907941	0.8233257705391196	0.003464966096222151	0.9971371871497946	0.04065628288781309	0.003464966096222151	0.7689526700572155	0.2926776548354649	0.2719338319401672	0.02011905319896883	0.1379310584250635	0.5567741534043317	0.19892844339622642	0.9872802368198478	0.003464966096222151	0.3193067996628266	0.7598170219569388	0.006174338319907941	0.01108860759493671	0.003464966096222151	0.003464966096222151	0.013430538172715894	0.028686121630652706	0.3345309653155036	0.15734552201880259	0.006174338319907941	0.06295072350410637	0.006174338319907941	0.008698459875709268	0.013430538172715894	0.006174338319907941	0.05922885866351271	0.006174338319907941	0.003464966096222151	0.003464966096222151	0.0873892282065519	0.003464966096222151	0.8165687985097796	0.008698459875709268	0.003464966096222151	0.12730129132231405	0.003464966096222151	0.003464966096222151	0.003464966096222151	0.003464966096222151	0.5989541203974283	0.006174338319907941	0.6366055155875299	0.003464966096222151	0.8130355119825707	0.6332948483113909	0.003464966096222151	0.003464966096222151	0.003464966096222151	0.3807541307857912	0.003464966096222151	0.3909088565321934	0.013430538172715894	0.003464966096222151	0.01108860759493671	0.12562670689655173	0.3252909395973154	0.003464966096222151	0.5027968238335591	0.006174338319907941	0.013430538172715894	0.022268618860963797	0.01794910394265233	0.10508952907599	0.09734216255442671	0.003464966096222151	0.11459195160441875	0.39986614894464356	0.003464966096222151	0.03873184713375796	0.09866472182080925	0.003464966096222151	0.022268618860963797	0.003464966096222151	0.10360037614185923	0.16612918433931484	0.8464534080489048	0.003464966096222151	0.08911145967890755	0.08911145967890755	0.7282082682291666	0.1177564375436148	0.003464966096222151	0.003464966096222151	0.88089339057508	0.03873184713375796	0.003464966096222151	0.02011905319896883	0.6332948483113909	0.08236072631973045	0.38994418884579374	0.491237779433681	0.6207657766990291	0.06653594264677389	0.003464966096222151	0.003464966096222151	0.01794910394265233	0.940475474790321	0.568044124300512	0.8300050523721503	0.003464966096222151	0.2303821270760323	0.13345102354145344	0.003464966096222151	0.003464966096222151	0.4367943140794224	0.003464966096222151	0.02011905319896883	0.003464966096222151	0.8421242414955563	0.003464966096222151	0.3602895506078404	0.057396394611727415	0.003464966096222151	0.6332948483113909	0.15296928310653835	0.003464966096222151	0.13650677649456522	0.3367231517509728	0.9267017794632438	0.8614265293761356	0.003464966096222151	0.003464966096222151	0.08568857938718662	0.19604711538461536
g__Agathobacter	0.003464966096222151	0.03278786556089044	0.01794910394265233	1.0	0.003464966096222151	0.003464966096222151	0.008698459875709268	0.003464966096222151	0.006174338319907941	0.003464966096222151	0.003464966096222151	0.003464966096222151	0.1558583773959022	0.003464966096222151	0.8464534080489048	0.003464966096222151	0.003464966096222151	0.6200988546968996	0.6358157353445321	0.003464966096222151	0.8070006550218342	0.024427498292738447	0.003464966096222151	0.008698459875709268	0.003464966096222151	0.5432827702702703	0.2792465143356134	0.6958151451595099	0.4316015145631068	0.9919158151307771	0.8300050523721503	0.006174338319907941	0.08394524119947849	0.4552421434019832	0.003464966096222151	0.003464966096222151	0.003464966096222151	0.4755585411705728	0.003464966096222151	0.003464966096222151	0.5647490883089024	0.003464966096222151	0.37310682649329535	0.003464966096222151	0.3542671785028791	0.003464966096222151	0.003464966096222151	0.003464966096222151	0.036773613193403304	0.003464966096222151	0.003464966096222151	0.08911145967890755	0.003464966096222151	0.003464966096222151	0.07006990589590936	0.003464966096222151	0.008698459875709268	0.003464966096222151	0.003464966096222151	0.003464966096222151	0.003464966096222151	0.003464966096222151	0.17526026222078342	0.003464966096222151	0.015726917440156328	0.01794910394265233	0.38994418884579374	0.026579824363882006	0.15296928310653835	0.607332654723127	0.003464966096222151	0.27800842197289816	0.003464966096222151	0.7443081569048898	0.003464966096222151	0.003464966096222151	0.015726917440156328	0.1471649196249163	0.003464966096222151	0.008698459875709268	0.003464966096222151	0.003464966096222151	0.003464966096222151	0.013430538172715894	0.003464966096222151	0.003464966096222151	0.21415480724570363	0.003464966096222151	0.04065628288781309	0.18508230498721226	0.1379310584250635	0.003464966096222151	0.003464966096222151	0.003464966096222151	0.003464966096222151	0.003464966096222151	0.003464966096222151	0.003464966096222151	0.8123436059788249	0.008698459875709268	0.003464966096222151	0.08394524119947849	0.003464966096222151	0.003464966096222151	0.01108860759493671	0.003464966096222151	0.9167445360824742	0.003464966096222151	0.003464966096222151	0.2060043580131209	0.03873184713375796	0.006174338319907941	0.9511591549295775	0.8771127425485097	0.75216860626805	0.003464966096222151	0.003464966096222151	0.003464966096222151	0.29914121350887235	0.003464966096222151	0.9791354029062087	0.01108860759493671	0.003464966096222151	0.10664229333333333	0.003464966096222151	0.8661774330042313	0.003464966096222151	0.006174338319907941	0.003464966096222151	0.03278786556089044	0.026579824363882006	0.028686121630652706	0.003464966096222151	0.18929026562748527	0.2978613291320538	0.003464966096222151	0.8893931363772009	0.015726917440156328	0.003464966096222151	0.013430538172715894	0.9789541977523845	0.15887959486166006	0.6471412797281992	0.003464966096222151	0.12399031088082903	0.16467411341722504	0.3683906670289363
g__Agathobaculum	0.003464966096222151	0.028686121630652706	0.030808966431095406	0.003464966096222151	1.0	0.03278786556089044	0.003464966096222151	0.003464966096222151	0.003464966096222151	0.003464966096222151	0.003464966096222151	0.003464966096222151	0.01108860759493671	0.003464966096222151	0.05562320574162679	0.003464966096222151	0.003464966096222151	0.4324867726920093	0.2679593823529412	0.003464966096222151	0.09562084015275506	0.048288402536305994	0.03873184713375796	0.003464966096222151	0.003464966096222151	0.11300754219409283	0.022268618860963797	0.01108860759493671	0.6372487735310896	0.4406242871821217	0.6795941941941942	0.2643915509601182	0.9094944980314961	0.5733401782531194	0.028686121630652706	0.003464966096222151	0.003464966096222151	0.9646060585885488	0.003464966096222151	0.003464966096222151	0.9451657629074127	0.003464966096222151	0.838510245398773	0.006174338319907941	0.3252909395973154	0.003464966096222151	0.003464966096222151	0.003464966096222151	0.034795719844357975	0.003464966096222151	0.003464966096222151	0.39775631067961165	0.003464966096222151	0.003464966096222151	0.01108860759493671	0.003464966096222151	0.003464966096222151	0.003464966096222151	0.003464966096222151	0.003464966096222151	0.003464966096222151	0.003464966096222151	0.06295072350410637	0.003464966096222151	0.008698459875709268	0.02011905319896883	0.34375978441127697	0.9633894431223228	0.034795719844357975	0.696845866902108	0.003464966096222151	0.5442491981188954	0.003464966096222151	0.9789541977523845	0.003464966096222151	0.003464966096222151	0.003464966096222151	0.49599178522825677	0.006174338319907941	0.003464966096222151	0.04065628288781309	0.003464966096222151	0.003464966096222151	0.003464966096222151	0.003464966096222151	0.003464966096222151	0.6469517354809436	0.003464966096222151	0.11612743006993008	0.0806235912847483	0.12894909747292418	0.006174338319907941	0.003464966096222151	0.003464966096222151	0.003464966096222151	0.003464966096222151	0.003464966096222151	0.003464966096222151	0.6308370612525808	0.003464966096222151	0.39447156	0.006174338319907941	0.006174338319907941	0.003464966096222151	0.003464966096222151	0.003464966096222151	0.5209324808184144	0.003464966096222151	0.003464966096222151	0.2693394268919912	0.16612918433931484	0.03873184713375796	0.9373813623188406	0.5689153599048186	0.9791354029062087	0.003464966096222151	0.003464966096222151	0.008698459875709268	0.357895731874145	0.003464966096222151	0.003464966096222151	0.05562320574162679	0.01794910394265233	0.97729837336864	0.003464966096222151	0.24506782006920416	0.003464966096222151	0.02011905319896883	0.003464966096222151	0.6488370475113122	0.5337551302241066	0.02011905319896883	0.003464966096222151	0.09072339643447895	0.09072339643447895	0.003464966096222151	0.8580022462814935	0.37629499054820414	0.003464966096222151	0.17671119909502264	0.9605835573348585	0.5548699652569785	0.20719509116409535	0.003464966096222151	0.006174338319907941	0.18508230498721226	0.7096761727312583
g__Alistipes	0.003464966096222151	0.6038847095871238	0.003464966096222151	0.003464966096222151	0.03278786556089044	1.0	0.7468048084147257	0.2643915509601182	0.8505004266558309	0.003464966096222151	0.003464966096222151	0.006174338319907941	0.13650677649456522	0.6732659141707644	0.003464966096222151	0.46739406576792236	0.05384885588117222	0.9335055308020148	0.003464966096222151	0.003464966096222151	0.16326726170979364	0.05922885866351271	0.003464966096222151	0.5805856788079471	0.7327299015897047	0.4783941242655331	0.030808966431095406	0.4735215361445783	0.9323297556719022	0.8227284476534296	0.06831076388888889	0.7415656626506024	0.6358157353445321	0.003464966096222151	0.7334937743190661	0.003464966096222151	0.003464966096222151	0.5402458731117825	0.003464966096222151	0.006174338319907941	0.6045721859706362	0.003464966096222151	0.9789541977523845	0.003464966096222151	0.05384885588117222	0.003464966096222151	0.003464966096222151	0.003464966096222151	0.8359022922636103	0.003464966096222151	0.015726917440156328	0.003464966096222151	0.003464966096222151	0.003464966096222151	0.7334937743190661	0.003464966096222151	0.24371006024096384	0.003464966096222151	0.003464966096222151	0.003464966096222151	0.003464966096222151	0.003464966096222151	0.9791354029062087	0.003464966096222151	0.008698459875709268	0.003464966096222151	0.09395986866107262	0.4755585411705728	0.003464966096222151	0.003464966096222151	0.003464966096222151	0.03278786556089044	0.003464966096222151	0.5557560876331856	0.003464966096222151	0.048288402536305994	0.09250862068965518	0.8531275547445255	0.003464966096222151	0.38994418884579374	0.28539398061062077	0.003464966096222151	0.003464966096222151	0.003464966096222151	0.003464966096222151	0.75142265625	0.2604827800829876	0.003464966096222151	0.003464966096222151	0.003464966096222151	0.003464966096222151	0.003464966096222151	0.003464966096222151	0.003464966096222151	0.003464966096222151	0.003464966096222151	0.006174338319907941	0.003464966096222151	0.03278786556089044	0.003464966096222151	0.013430538172715894	0.0873892282065519	0.7272806252035168	0.03278786556089044	0.003464966096222151	0.003464966096222151	0.036773613193403304	0.05922885866351271	0.996693515230798	0.024427498292738447	0.08394524119947849	0.003464966096222151	0.8696554282267792	0.08394524119947849	0.7929360188580409	0.003464966096222151	0.003464966096222151	0.003464966096222151	0.008698459875709268	0.008698459875709268	0.09395986866107262	0.003464966096222151	0.003464966096222151	0.003464966096222151	0.006174338319907941	0.2792465143356134	0.003464966096222151	0.4230624772076062	0.003464966096222151	0.024427498292738447	0.003464966096222151	0.003464966096222151	0.003464966096222151	0.15734552201880259	0.8607777194222807	0.003464966096222151	0.5010182019977802	0.008698459875709268	0.003464966096222151	0.3553973154362416	0.38405229468599034	0.5316704983630411	0.013430538172715894	0.003464966096222151	0.003464966096222151	0.003464966096222151	0.8975636777964926
g__Alistipes_A	0.01108860759493671	0.1471649196249163	0.7266679774060395	0.008698459875709268	0.003464966096222151	0.7468048084147257	1.0	0.07714301929625425	0.2877915415704388	0.6358157353445321	0.003464966096222151	0.4604826681870012	0.47468957470831763	0.07006990589590936	0.8023919837381425	0.034795719844357975	0.10508952907599	0.1394884888438134	0.5188874177029993	0.22521445653840255	0.6181881079203335	0.3987592267835791	0.4811555610972568	0.09072339643447895	0.2877915415704388	0.12730129132231405	0.003464966096222151	0.003464966096222151	0.7727544974104217	0.20719509116409535	0.8861811771735884	0.9551103444976077	0.286697816972676	0.8233257705391196	0.3695472648296457	0.25277680250783696	0.3403927353389713	0.36743200925044206	0.028686121630652706	0.09072339643447895	0.926055619400078	0.14113538747256457	0.7047047817961967	0.19336511627906977	0.8580022462814935	0.01794910394265233	0.01794910394265233	0.057396394611727415	0.27451760573686523	0.013430538172715894	0.10822295285359802	0.39574406237504994	0.003464966096222151	0.20719509116409535	0.022268618860963797	0.057396394611727415	0.4158244922028568	0.006174338319907941	0.04644497114591921	0.10664229333333333	0.057396394611727415	0.008698459875709268	0.4604826681870012	0.1394884888438134	0.003464966096222151	0.767247725585834	0.9573855873925502	0.4842639203484754	0.6770678845939624	0.008698459875709268	0.844550178589652	0.86544509171538	0.022268618860963797	0.003464966096222151	0.5689153599048186	0.2604827800829876	0.46551113214691403	0.11459195160441875	0.10508952907599	0.7644796790307153	0.006174338319907941	0.04644497114591921	0.024427498292738447	0.2679593823529412	0.30485622067396556	0.8696554282267792	0.03278786556089044	0.10034935135135135	0.962551185375607	0.5348606926616615	0.04065628288781309	0.8070006550218342	0.7571119492158327	0.22521445653840255	0.15734552201880259	0.39775631067961165	0.008698459875709268	0.14417469312258283	0.4481423622651157	0.036773613193403304	0.6308370612525808	0.11143439703808179	0.07359801867022289	0.034795719844357975	0.8505004266558309	0.6844199866755497	0.37987248349279074	0.04453621083212285	0.17818620300145233	0.43969782720493694	0.55296120906801	0.4763064964325949	0.19469317858834673	0.8464534080489048	0.5842109826589595	0.2792465143356134	0.048288402536305994	0.19078469971401335	0.8149381006628003	0.35328031301482704	0.5252006564551422	0.7054966381015162	0.3752513787510138	0.3807541307857912	0.003464966096222151	0.27580552631578953	0.5878875485465459	0.7898457493702771	0.008698459875709268	0.5159689225506963	0.7424804172491666	0.3111579781962339	0.6595986390732201	0.6816022009782126	0.9950800973144942	0.7468048084147257	0.6045721859706362	0.9898257483344282	0.036773613193403304	0.6409759139050222	0.3602895506078404	0.5089063542688911	0.09734216255442671	0.40991174841772154	0.978587696087696	0.7173522977840847	0.18643999680918952
g__Alitiscatomonas	0.01794910394265233	0.01108860759493671	0.37629499054820414	0.003464966096222151	0.003464966096222151	0.2643915509601182	0.07714301929625425	1.0	0.003464966096222151	0.3415490027700831	0.003464966096222151	0.01108860759493671	0.003464966096222151	0.003464966096222151	0.2668129032258064	0.003464966096222151	0.003464966096222151	0.12894909747292418	0.05922885866351271	0.01108860759493671	0.756370548676345	0.003464966096222151	0.5020938740293356	0.18374882268140316	0.003464966096222151	0.8682835496528826	0.3864137898686679	0.006174338319907941	0.5169009521484375	0.4625571482793522	0.6275691201840138	0.9038025570145127	0.05922885866351271	0.6056814422180801	0.034795719844357975	0.11300754219409283	0.4625571482793522	0.1544425140775091	0.003464966096222151	0.006174338319907941	0.8518153237264056	0.003464966096222151	0.8645378225806452	0.008698459875709268	0.006174338319907941	0.003464966096222151	0.003464966096222151	0.003464966096222151	0.08911145967890755	0.003464966096222151	0.01108860759493671	0.13191295948025306	0.003464966096222151	0.01108860759493671	0.05384885588117222	0.006174338319907941	0.5815108734192176	0.04257444142827312	0.003464966096222151	0.015726917440156328	0.006174338319907941	0.006174338319907941	0.022268618860963797	0.04065628288781309	0.003464966096222151	0.048288402536305994	0.18508230498721226	0.7485111337552289	0.7626039238621863	0.003464966096222151	0.05562320574162679	0.5932309180443194	0.19336511627906977	0.9065188350088704	0.006174338319907941	0.003464966096222151	0.026579824363882006	0.11300754219409283	0.01794910394265233	0.19078469971401335	0.003464966096222151	0.003464966096222151	0.003464966096222151	0.4502527061526678	0.008698459875709268	0.003464966096222151	0.7340982179501025	0.008698459875709268	0.2668129032258064	0.3817870564516129	0.006174338319907941	0.01108860759493671	0.003464966096222151	0.006174338319907941	0.022268618860963797	0.8130355119825707	0.003464966096222151	0.022268618860963797	0.3602895506078404	0.030808966431095406	0.10360037614185923	0.0718273092369478	0.003464966096222151	0.003464966096222151	0.9058182902780517	0.52198510042605	0.8696554282267792	0.0718273092369478	0.1558583773959022	0.7974258566652738	0.21282290277562416	0.022268618860963797	0.21415480724570363	0.2569304347826087	0.02011905319896883	0.006174338319907941	0.04257444142827312	0.026579824363882006	0.36399083844580776	0.003464966096222151	0.013430538172715894	0.3542671785028791	0.94190887283237	0.8505004266558309	0.003464966096222151	0.10664229333333333	0.01794910394265233	0.5099099668995954	0.028686121630652706	0.9186139555381451	0.37863053795335044	0.003464966096222151	0.015726917440156328	0.4876635922933499	0.10664229333333333	0.026579824363882006	0.008698459875709268	0.003464966096222151	0.003464966096222151	0.015726917440156328	0.7318860110353781	0.07359801867022289	0.9294296213592232	0.7294289707475623	0.722173294156056	0.06109128386336867	0.8696554282267792
g__Allocoprobacillus	0.022268618860963797	0.003464966096222151	0.5842109826589595	0.006174338319907941	0.003464966096222151	0.8505004266558309	0.2877915415704388	0.003464966096222151	1.0	0.2643915509601182	0.048288402536305994	0.003464966096222151	0.003464966096222151	0.9451657629074127	0.15154056886227546	0.003464966096222151	0.003464966096222151	0.01794910394265233	0.7770294682422453	0.003464966096222151	0.2914706948640483	0.003464966096222151	0.006174338319907941	0.9824297139631163	0.003464966096222151	0.08394524119947849	0.008698459875709268	0.42614532346063916	0.04453621083212285	0.301436026263203	0.008698459875709268	0.003464966096222151	0.3807541307857912	0.01108860759493671	0.003464966096222151	0.003464966096222151	0.003464966096222151	0.003464966096222151	0.003464966096222151	0.003464966096222151	0.20719509116409535	0.9805128712871287	0.003464966096222151	0.49220372300819054	0.5306266650491327	0.006174338319907941	0.003464966096222151	0.01794910394265233	0.8787320271891244	0.507839175257732	0.003464966096222151	0.301436026263203	0.003464966096222151	0.003464966096222151	0.4930459459459459	0.022268618860963797	0.003464966096222151	0.04065628288781309	0.006174338319907941	0.01794910394265233	0.05206064281382656	0.003464966096222151	0.03278786556089044	0.2842113590263692	0.003464966096222151	0.22777137836185818	0.003464966096222151	0.1224753896778663	0.09866472182080925	0.003464966096222151	0.003464966096222151	0.01108860759493671	0.9122141760944417	0.6366055155875299	0.003464966096222151	0.003464966096222151	0.006174338319907941	0.003464966096222151	0.13045745884773666	0.2978613291320538	0.4552421434019832	0.2413664501510574	0.3742055074424898	0.19336511627906977	0.01794910394265233	0.008698459875709268	0.15734552201880259	0.06477044392523365	0.7961818305439331	0.006174338319907941	0.2303821270760323	0.4053208223162348	0.8876997611464968	0.006174338319907941	0.6675624327956989	0.003464966096222151	0.003464966096222151	0.21544928902627508	0.06477044392523365	0.003464966096222151	0.0790385269121813	0.003464966096222151	0.003464966096222151	0.003464966096222151	0.003464966096222151	0.9198149985324332	0.024427498292738447	0.003464966096222151	0.003464966096222151	0.003464966096222151	0.8233257705391196	0.8828734995014956	0.39330296197464976	0.06477044392523365	0.6836839333333333	0.17377644674987844	0.003464966096222151	0.2579904606240713	0.8319440434693459	0.0806235912847483	0.003464966096222151	0.9555885711553176	0.04257444142827312	0.17054625	0.01108860759493671	0.5960270982090601	0.9584284991890087	0.5629964912280702	0.003464966096222151	0.22129691975974125	0.25277680250783696	0.003464966096222151	0.356671704312115	0.2679593823529412	0.003464966096222151	0.5472073672806067	0.015726917440156328	0.4118727236842106	0.003464966096222151	0.06109128386336867	0.6200988546968996	0.003464966096222151	0.18788225266847217	0.6683152451309604	0.022268618860963797	0.9971371871497946	0.003464966096222151
g__Amedibacterium	0.003464966096222151	0.5422497102848866	0.003464966096222151	0.003464966096222151	0.003464966096222151	0.003464966096222151	0.6358157353445321	0.3415490027700831	0.2643915509601182	1.0	0.003464966096222151	0.008698459875709268	0.40301624305003975	0.8526447397788374	0.5749432182271271	0.7943523076923077	0.003464966096222151	0.14856377755511022	0.4763064964325949	0.003464966096222151	0.7754195670538543	0.024427498292738447	0.003464966096222151	0.08394524119947849	0.17818620300145233	0.6045721859706362	0.2668129032258064	0.9883683222232653	0.3179779027270171	0.7770294682422453	0.2569304347826087	0.003464966096222151	0.5861204925760075	0.49599178522825677	0.030808966431095406	0.09734216255442671	0.003464966096222151	0.8939304347826086	0.003464966096222151	0.01108860759493671	0.5658930775646371	0.003464966096222151	0.02011905319896883	0.09866472182080925	0.003464966096222151	0.008698459875709268	0.003464966096222151	0.013430538172715894	0.45349378264747103	0.026579824363882006	0.003464966096222151	0.015726917440156328	0.003464966096222151	0.003464966096222151	0.9559748733632801	0.003464966096222151	0.003464966096222151	0.028686121630652706	0.003464966096222151	0.003464966096222151	0.003464966096222151	0.003464966096222151	0.21145402173913047	0.003464966096222151	0.7380597285067874	0.0718273092369478	0.06831076388888889	0.48237329842931936	0.003464966096222151	0.5199421886424567	0.003464966096222151	0.9267017794632438	0.003464966096222151	0.030808966431095406	0.003464966096222151	0.15010518506168724	0.6479163082842915	0.19758291069459757	0.05562320574162679	0.003464966096222151	0.9950800973144942	0.028686121630652706	0.006174338319907941	0.003464966096222151	0.003464966096222151	0.46444982318767364	0.8300050523721503	0.003464966096222151	0.013430538172715894	0.979778155065082	0.003464966096222151	0.003464966096222151	0.11459195160441875	0.003464966096222151	0.008698459875709268	0.003464966096222151	0.003464966096222151	0.003464966096222151	0.01794910394265233	0.003464966096222151	0.04453621083212285	0.11143439703808179	0.048288402536305994	0.013430538172715894	0.003464966096222151	0.006174338319907941	0.18508230498721226	0.7598170219569388	0.003464966096222151	0.003464966096222151	0.4316015145631068	0.2706776978417266	0.9038025570145127	0.05206064281382656	0.4020747117296223	0.008698459875709268	0.003464966096222151	0.0718273092369478	0.767247725585834	0.7168068829891839	0.03278786556089044	0.5169009521484375	0.003464966096222151	0.22264101814826207	0.028686121630652706	0.01108860759493671	0.013430538172715894	0.5432827702702703	0.003464966096222151	0.008698459875709268	0.21832776492364644	0.7644796790307153	0.1349822808510638	0.006174338319907941	0.11300754219409283	0.030808966431095406	0.20719509116409535	0.286697816972676	0.003464966096222151	0.7898457493702771	0.003464966096222151	0.01794910394265233	0.03278786556089044	0.050134673979280925	0.006174338319907941	0.01108860759493671	0.10197052272319024
g__Anaerobutyricum	0.003464966096222151	0.006174338319907941	0.003464966096222151	0.003464966096222151	0.003464966096222151	0.003464966096222151	0.003464966096222151	0.003464966096222151	0.048288402536305994	0.003464966096222151	1.0	0.003464966096222151	0.02011905319896883	0.003464966096222151	0.013430538172715894	0.003464966096222151	0.003464966096222151	0.9373813623188406	0.008698459875709268	0.003464966096222151	0.7712196677951756	0.006174338319907941	0.015726917440156328	0.003464966096222151	0.003464966096222151	0.454513520050923	0.6230464137453874	0.14570961732124876	0.4561424561849124	0.7498480235672201	0.3345309653155036	0.17818620300145233	0.41094739823475174	0.5647490883089024	0.2770098992553658	0.003464966096222151	0.003464966096222151	0.7397343810548976	0.003464966096222151	0.003464966096222151	0.9323297556719022	0.003464966096222151	0.5981192537138846	0.003464966096222151	0.2817140699869319	0.003464966096222151	0.003464966096222151	0.003464966096222151	0.11459195160441875	0.003464966096222151	0.003464966096222151	0.006174338319907941	0.003464966096222151	0.003464966096222151	0.015726917440156328	0.003464966096222151	0.003464966096222151	0.003464966096222151	0.003464966096222151	0.003464966096222151	0.003464966096222151	0.003464966096222151	0.49695050067993574	0.003464966096222151	0.08911145967890755	0.003464966096222151	0.55296120906801	0.5842109826589595	0.01108860759493671	0.5282152427184466	0.006174338319907941	0.10197052272319024	0.003464966096222151	0.7613742199978702	0.003464966096222151	0.003464966096222151	0.003464966096222151	0.301436026263203	0.003464966096222151	0.003464966096222151	0.015726917440156328	0.003464966096222151	0.003464966096222151	0.003464966096222151	0.003464966096222151	0.006174338319907941	0.4201830023517115	0.003464966096222151	0.013430538172715894	0.003464966096222151	0.006174338319907941	0.003464966096222151	0.003464966096222151	0.003464966096222151	0.003464966096222151	0.006174338319907941	0.003464966096222151	0.003464966096222151	0.7287400693842151	0.003464966096222151	0.003464966096222151	0.003464966096222151	0.01108860759493671	0.003464966096222151	0.003464966096222151	0.003464966096222151	0.7538192048733569	0.003464966096222151	0.003464966096222151	0.026579824363882006	0.026579824363882006	0.003464966096222151	0.48047653889374453	0.4991101148573545	0.8639786362719387	0.003464966096222151	0.003464966096222151	0.003464966096222151	0.24901196222455402	0.003464966096222151	0.586831822462915	0.003464966096222151	0.003464966096222151	0.5640079446498867	0.003464966096222151	0.9824297139631163	0.003464966096222151	0.0718273092369478	0.003464966096222151	0.10034935135135135	0.0806235912847483	0.5851317495873615	0.003464966096222151	0.32942371508379886	0.5647490883089024	0.003464966096222151	0.301436026263203	0.034795719844357975	0.003464966096222151	0.003464966096222151	0.5001265860281412	0.7712196677951756	0.46444982318767364	0.003464966096222151	0.008698459875709268	0.10034935135135135	0.9183724857871005
g__Anaerofustis	0.003464966096222151	0.006174338319907941	0.003464966096222151	0.003464966096222151	0.003464966096222151	0.006174338319907941	0.4604826681870012	0.01108860759493671	0.003464966096222151	0.008698459875709268	0.003464966096222151	1.0	0.006174338319907941	0.003464966096222151	0.16174822043628012	0.015726917440156328	0.003464966096222151	0.03873184713375796	0.4793760899437851	0.003464966096222151	0.18374882268140316	0.003464966096222151	0.09395986866107262	0.09562084015275506	0.003464966096222151	0.357895731874145	0.21282290277562416	0.3987592267835791	0.4524148011218766	0.2706776978417266	0.6389683760683761	0.003464966096222151	0.9248661629947358	0.2877915415704388	0.003464966096222151	0.003464966096222151	0.003464966096222151	0.0718273092369478	0.003464966096222151	0.003464966096222151	0.5932309180443194	0.013430538172715894	0.003464966096222151	0.013430538172715894	0.9779432785025524	0.003464966096222151	0.003464966096222151	0.003464966096222151	0.5740103894561862	0.003464966096222151	0.003464966096222151	0.1379310584250635	0.003464966096222151	0.003464966096222151	0.5999980719794344	0.003464966096222151	0.003464966096222151	0.003464966096222151	0.003464966096222151	0.003464966096222151	0.003464966096222151	0.003464966096222151	0.07359801867022289	0.003464966096222151	0.17954120772946863	0.3472968711233632	0.25277680250783696	0.6230464137453874	0.015726917440156328	0.597073543178095	0.003464966096222151	0.2877915415704388	0.003464966096222151	0.9976734808176981	0.003464966096222151	0.003464966096222151	0.003464966096222151	0.12095204932268148	0.03278786556089044	0.003464966096222151	0.022268618860963797	0.003464966096222151	0.003464966096222151	0.003464966096222151	0.003464966096222151	0.003464966096222151	0.2770098992553658	0.003464966096222151	0.6455424335378322	0.17954120772946863	0.04065628288781309	0.015726917440156328	0.01108860759493671	0.003464966096222151	0.006174338319907941	0.003464966096222151	0.003464966096222151	0.003464966096222151	0.9819743927697232	0.003464966096222151	0.08911145967890755	0.003464966096222151	0.003464966096222151	0.003464966096222151	0.003464966096222151	0.003464966096222151	0.827321566004733	0.05562320574162679	0.003464966096222151	0.008698459875709268	0.01794910394265233	0.003464966096222151	0.2100159956474429	0.6428343952668107	0.6568643428313999	0.003464966096222151	0.003464966096222151	0.003464966096222151	0.3553973154362416	0.006174338319907941	0.0806235912847483	0.01108860759493671	0.003464966096222151	0.655037368955022	0.003464966096222151	0.01794910394265233	0.022268618860963797	0.3074270017035775	0.003464966096222151	0.20319152701644477	0.024427498292738447	0.02011905319896883	0.006174338319907941	0.2968345480631277	0.003464966096222151	0.030808966431095406	0.4481423622651157	0.008698459875709268	0.003464966096222151	0.16752448315155463	0.8217911173011451	0.006174338319907941	0.4755585411705728	0.006174338319907941	0.015726917440156328	0.5861204925760075	0.04644497114591921
g__Anaeromassilibacillus	0.09734216255442671	0.003464966096222151	0.8437133728052266	0.1558583773959022	0.01108860759493671	0.13650677649456522	0.47468957470831763	0.003464966096222151	0.003464966096222151	0.40301624305003975	0.02011905319896883	0.006174338319907941	1.0	0.2978613291320538	0.003464966096222151	0.003464966096222151	0.05922885866351271	0.5272968909400049	0.9674923624964378	0.003464966096222151	0.008698459875709268	0.03873184713375796	0.18097779742765271	0.9872802368198478	0.003464966096222151	0.16752448315155463	0.33551165507649516	0.286697816972676	0.29409290433783397	0.26172396033742784	0.0718273092369478	0.026579824363882006	0.46739406576792236	0.003464966096222151	0.003464966096222151	0.5070199754299755	0.013430538172715894	0.008698459875709268	0.024427498292738447	0.003464966096222151	0.9511591549295775	0.3415490027700831	0.003464966096222151	0.9186139555381451	0.8294993525845237	0.5815108734192176	0.4811555610972568	0.5472073672806067	0.5640079446498867	0.5699208704958972	0.006174338319907941	0.996693515230798	0.003464966096222151	0.008698459875709268	0.10360037614185923	0.11459195160441875	0.003464966096222151	0.03278786556089044	0.9940019668446193	0.003464966096222151	0.12894909747292418	0.024427498292738447	0.003464966096222151	0.7557090685750908	0.003464966096222151	0.04257444142827312	0.13345102354145344	0.7892993698140952	0.6844199866755497	0.003464966096222151	0.024427498292738447	0.013430538172715894	0.10197052272319024	0.2914706948640483	0.003464966096222151	0.006174338319907941	0.057396394611727415	0.20042662582469367	0.8639786362719387	0.9678581600683566	0.3320501953125	0.2817140699869319	0.357895731874145	0.07714301929625425	0.19469317858834673	0.003464966096222151	0.2903445901166979	0.10360037614185923	0.803008365454735	0.6009710932025227	0.9511591549295775	0.85874048750885	0.9903680360157568	0.01794910394265233	0.41094739823475174	0.01108860759493671	0.003464966096222151	0.024427498292738447	0.10664229333333333	0.003464966096222151	0.10197052272319024	0.003464966096222151	0.003464966096222151	0.003464966096222151	0.015726917440156328	0.7557090685750908	0.003464966096222151	0.02011905319896883	0.024427498292738447	0.04257444142827312	0.5557560876331856	0.5282152427184466	0.301436026263203	0.006174338319907941	0.5897193487715999	0.6132533650498955	0.003464966096222151	0.2770098992553658	0.01794910394265233	0.003464966096222151	0.013430538172715894	0.40427626042080195	0.8761052779168754	0.8113981831395348	0.008698459875709268	0.5199421886424567	0.8511582089552239	0.5472073672806067	0.013430538172715894	0.1544425140775091	0.586831822462915	0.003464966096222151	0.21981348643649815	0.2500957068062827	0.003464966096222151	0.6353154673378332	0.2060043580131209	0.7158691147540984	0.006174338319907941	0.05922885866351271	0.4324867726920093	0.006174338319907941	0.01794910394265233	0.9397127386692382	0.5099099668995954	0.48047653889374453	0.008698459875709268
g__Anaerostipes	0.19758291069459757	0.55296120906801	0.4783941242655331	0.003464966096222151	0.003464966096222151	0.6732659141707644	0.07006990589590936	0.003464966096222151	0.9451657629074127	0.8526447397788374	0.003464966096222151	0.003464966096222151	0.2978613291320538	1.0	0.9373813623188406	0.04644497114591921	0.003464966096222151	0.7997030046948358	0.006174338319907941	0.18097779742765271	0.07531240515933231	0.3448615129762562	0.003464966096222151	0.003464966096222151	0.01794910394265233	0.08236072631973045	0.1603300295857988	0.01108860759493671	0.5941407897820482	0.3683906670289363	0.022268618860963797	0.9435220125180549	0.8217911173011451	1.0	0.19469317858834673	0.022268618860963797	0.1224753896778663	0.06109128386336867	0.003464966096222151	0.003464966096222151	0.6358157353445321	0.05206064281382656	0.008698459875709268	0.006174338319907941	0.05562320574162679	0.003464966096222151	0.003464966096222151	0.003464966096222151	0.316825752884886	0.050134673979280925	0.006174338319907941	0.34958052001650847	0.003464966096222151	0.9441007795957651	0.01108860759493671	0.003464966096222151	0.5412810242782945	0.003464966096222151	0.8241770713107996	0.8316965517241379	0.003464966096222151	0.6461742905788876	0.6122213000580382	0.003464966096222151	0.015726917440156328	0.24506782006920416	0.10360037614185923	0.6389683760683761	0.8998617440364248	0.16752448315155463	0.9065188350088704	0.013430538172715894	0.16326726170979364	0.12562670689655173	0.9031889668115369	0.050134673979280925	0.5548699652569785	0.01108860759493671	0.003464966096222151	0.4481423622651157	0.003464966096222151	0.003464966096222151	0.003464966096222151	0.013430538172715894	0.04644497114591921	0.02011905319896883	0.19336511627906977	0.003464966096222151	0.06477044392523365	0.4763064964325949	0.17818620300145233	0.006174338319907941	0.008698459875709268	0.050134673979280925	0.013430538172715894	0.8821554159186117	0.003464966096222151	0.01108860759493671	0.05384885588117222	0.003464966096222151	0.4305467936261173	0.01794910394265233	0.14856377755511022	0.21415480724570363	0.8614265293761356	0.022268618860963797	0.9857264949229033	0.003464966096222151	0.013430538172715894	0.8607777194222807	0.024427498292738447	0.3472968711233632	0.19078469971401335	0.2770098992553658	0.8468564796905222	0.003464966096222151	0.003464966096222151	0.003464966096222151	0.6372487735310896	0.003464966096222151	0.06477044392523365	0.0806235912847483	0.11935785900783291	0.09562084015275506	0.01108860759493671	0.034795719844357975	0.01108860759493671	0.21145402173913047	0.33322185365853657	0.23311947400425662	0.3379326298250486	0.507839175257732	0.006174338319907941	0.01108860759493671	0.507839175257732	0.036773613193403304	0.8354025806451613	0.8737562105263158	0.24645976251315196	0.7030410871478874	0.006174338319907941	0.18097779742765271	0.024427498292738447	0.006174338319907941	0.7013740940632228	0.607332654723127	0.20042662582469367
g__Anaerotignum	0.006174338319907941	0.11143439703808179	0.8526447397788374	0.8464534080489048	0.05562320574162679	0.003464966096222151	0.8023919837381425	0.2668129032258064	0.15154056886227546	0.5749432182271271	0.013430538172715894	0.16174822043628012	0.003464966096222151	0.9373813623188406	1.0	0.756370548676345	0.5740103894561862	0.7490997106109325	0.006174338319907941	0.07714301929625425	0.026579824363882006	0.5392097207109178	0.6568643428313999	0.2643915509601182	0.8359022922636103	0.9883683222232653	0.8975636777964926	0.568044124300512	0.34958052001650847	0.21415480724570363	0.27580552631578953	0.04453621083212285	0.003464966096222151	0.01108860759493671	0.003464966096222151	0.9760994794131567	0.6469517354809436	0.412958677359979	0.8696554282267792	0.9747138662625496	0.7256599739243806	0.003464966096222151	0.11300754219409283	0.003464966096222151	0.22654698407838336	0.003464966096222151	0.003464966096222151	0.003464966096222151	0.9005673493618284	0.2842113590263692	0.8217911173011451	0.003464966096222151	0.050134673979280925	0.9413284915662651	0.7505151803875388	0.003464966096222151	0.015726917440156328	0.36743200925044206	0.22913108974358976	0.9294296213592232	0.03873184713375796	0.40991174841772154	0.699780946080053	0.022268618860963797	0.006174338319907941	0.006174338319907941	0.9779432785025524	0.01794910394265233	0.07531240515933231	0.003464966096222151	0.20319152701644477	0.07006990589590936	0.0806235912847483	0.6282974603539415	0.22521445653840255	0.6949374268360022	0.003464966096222151	0.10664229333333333	0.003464966096222151	0.7712196677951756	0.3683906670289363	0.008698459875709268	0.006174338319907941	0.026579824363882006	0.003464966096222151	0.0873892282065519	0.30041890191592796	0.08236072631973045	0.01794910394265233	0.003464966096222151	0.6428343952668107	0.003464966096222151	0.02011905319896883	0.9186139555381451	0.003464966096222151	0.6595986390732201	0.6816022009782126	0.003464966096222151	0.7380597285067874	0.8113981831395348	0.6732659141707644	0.7799946614720438	0.003464966096222151	0.29914121350887235	0.7424804172491666	0.01108860759493671	0.003464966096222151	0.6649993717747363	0.5392097207109178	0.12894909747292418	0.003464966096222151	0.003464966096222151	0.7689526700572155	0.576011565836299	0.06653594264677389	0.02011905319896883	0.6437623677925622	0.03278786556089044	0.09395986866107262	0.17954120772946863	0.9613315323041738	0.662474384900573	0.26307848587904775	0.3035894122669702	0.4570409413854352	0.7997030046948358	0.003464966096222151	0.9275648551429126	0.2903445901166979	0.8645378225806452	0.6248007947477539	0.003464966096222151	0.022268618860963797	0.720857497820401	0.05562320574162679	0.015726917440156328	0.06477044392523365	0.006174338319907941	0.5689153599048186	0.003464966096222151	0.27580552631578953	0.5241510094867429	0.008698459875709268	0.006174338319907941	0.003464966096222151	0.23169946743761413	0.15154056886227546
g__Anaerotruncus	0.034795719844357975	0.10360037614185923	0.2890067474048443	0.003464966096222151	0.003464966096222151	0.46739406576792236	0.034795719844357975	0.003464966096222151	0.003464966096222151	0.7943523076923077	0.003464966096222151	0.015726917440156328	0.003464966096222151	0.04644497114591921	0.756370548676345	1.0	0.003464966096222151	0.49220372300819054	0.8565239696202531	0.003464966096222151	0.4832892763731473	0.003464966096222151	0.08394524119947849	0.1379310584250635	0.003464966096222151	0.7229477267783336	0.923764526202791	0.49803084146793525	0.05922885866351271	0.7345432024169184	0.4406242871821217	0.003464966096222151	0.8861811771735884	0.01794910394265233	0.003464966096222151	0.003464966096222151	0.003464966096222151	0.5327778909090909	0.003464966096222151	0.003464966096222151	0.978587696087696	0.08911145967890755	0.003464966096222151	0.4634457406471183	0.03873184713375796	0.003464966096222151	0.024427498292738447	0.006174338319907941	0.4167937819086268	0.003464966096222151	0.003464966096222151	0.9335055308020148	0.003464966096222151	0.003464966096222151	0.04644497114591921	0.003464966096222151	0.003464966096222151	0.08236072631973045	0.003464966096222151	0.06653594264677389	0.09395986866107262	0.003464966096222151	0.02011905319896883	0.09395986866107262	0.05384885588117222	0.6141422358807839	0.036773613193403304	0.2579904606240713	0.15887959486166006	0.6516678906338267	0.02011905319896883	0.3864137898686679	0.057396394611727415	0.47131759608138657	0.003464966096222151	0.003464966096222151	0.003464966096222151	0.6223831371191135	0.3074270017035775	0.04453621083212285	0.04453621083212285	0.06653594264677389	0.1224753896778663	0.09866472182080925	0.05922885866351271	0.003464966096222151	0.9198149985324332	0.06295072350410637	0.6064370271214061	0.32942371508379886	0.22129691975974125	0.6867744845932167	0.18643999680918952	0.003464966096222151	0.09250862068965518	0.05562320574162679	0.003464966096222151	0.036773613193403304	0.5904948907681465	0.02011905319896883	0.07714301929625425	0.003464966096222151	0.022268618860963797	0.003464966096222151	0.015726917440156328	0.11459195160441875	0.2706776978417266	0.003464966096222151	0.008698459875709268	0.0718273092369478	0.4694474962254655	0.5888039872971066	0.10508952907599	0.09250862068965518	0.6535020318320353	0.6216468176042508	0.003464966096222151	0.01108860759493671	0.4377263910355486	0.2060043580131209	0.01794910394265233	0.06831076388888889	0.4324867726920093	0.5548699652569785	0.003464966096222151	0.767247725585834	0.5509817002881844	0.9299297593634775	0.003464966096222151	0.676399933110368	0.660508431703204	0.003464966096222151	0.24645976251315196	0.5188874177029993	0.003464966096222151	0.3752513787510138	0.7190671174610098	0.10197052272319024	0.003464966096222151	0.6852310953279326	0.6657550896860986	0.07359801867022289	0.9573855873925502	0.1544425140775091	0.6577765957446808	0.9441007795957651	0.14113538747256457
g__Anthropogastromicrobium	0.003464966096222151	0.02011905319896883	0.31446929911154986	0.003464966096222151	0.003464966096222151	0.05384885588117222	0.10508952907599	0.003464966096222151	0.003464966096222151	0.003464966096222151	0.003464966096222151	0.003464966096222151	0.05922885866351271	0.003464966096222151	0.5740103894561862	0.003464966096222151	1.0	0.5107871876531112	0.7327299015897047	0.003464966096222151	0.3774890972878154	0.003464966096222151	0.006174338319907941	0.16467411341722504	0.003464966096222151	0.41916433895645355	0.412958677359979	0.5520713719841556	0.0806235912847483	0.9808773087071241	0.6409759139050222	0.003464966096222151	0.09562084015275506	0.01108860759493671	0.003464966096222151	0.003464966096222151	0.003464966096222151	0.49515425386996903	0.003464966096222151	0.003464966096222151	0.42965754863813227	0.003464966096222151	0.003464966096222151	0.003464966096222151	0.04453621083212285	0.003464966096222151	0.003464966096222151	0.003464966096222151	0.24901196222455402	0.003464966096222151	0.003464966096222151	0.03873184713375796	0.003464966096222151	0.003464966096222151	0.38302346856528746	0.003464966096222151	0.003464966096222151	0.003464966096222151	0.003464966096222151	0.003464966096222151	0.003464966096222151	0.003464966096222151	0.316825752884886	0.003464966096222151	0.006174338319907941	0.40301624305003975	0.1349822808510638	0.15734552201880259	0.024427498292738447	0.43574783225806446	0.003464966096222151	0.586831822462915	0.003464966096222151	0.006174338319907941	0.003464966096222151	0.003464966096222151	0.022268618860963797	0.5888039872971066	0.003464966096222151	0.003464966096222151	0.003464966096222151	0.003464966096222151	0.003464966096222151	0.003464966096222151	0.003464966096222151	0.003464966096222151	0.9152663686382394	0.003464966096222151	0.4604826681870012	0.7827251236191478	0.16174822043628012	0.003464966096222151	0.01108860759493671	0.003464966096222151	0.003464966096222151	0.003464966096222151	0.003464966096222151	0.003464966096222151	0.316825752884886	0.003464966096222151	0.003464966096222151	0.003464966096222151	0.003464966096222151	0.003464966096222151	0.003464966096222151	0.01108860759493671	0.5805856788079471	0.003464966096222151	0.003464966096222151	0.034795719844357975	0.22129691975974125	0.5272968909400049	0.5010182019977802	0.9789541977523845	0.9448607812951024	0.003464966096222151	0.003464966096222151	0.003464966096222151	0.057396394611727415	0.4665122587968218	0.003464966096222151	0.003464966096222151	0.003464966096222151	0.4118727236842106	0.003464966096222151	0.3542671785028791	0.003464966096222151	0.7477158154506437	0.003464966096222151	0.641905577689243	0.3683906670289363	0.006174338319907941	0.003464966096222151	0.14113538747256457	0.015726917440156328	0.008698459875709268	0.8143327772020725	0.2903445901166979	0.003464966096222151	0.2877915415704388	0.3817870564516129	0.09250862068965518	0.2060043580131209	0.003464966096222151	0.003464966096222151	0.008698459875709268	0.10360037614185923
g__Aristaeella	0.05922885866351271	0.8954386667989286	0.006174338319907941	0.6200988546968996	0.4324867726920093	0.9335055308020148	0.1394884888438134	0.12894909747292418	0.01794910394265233	0.14856377755511022	0.9373813623188406	0.03873184713375796	0.5272968909400049	0.7997030046948358	0.7490997106109325	0.49220372300819054	0.5107871876531112	1.0	0.15154056886227546	0.9072188275862069	0.8963253198452841	0.003464966096222151	0.6929498784530387	0.21415480724570363	0.6343055046921492	0.003464966096222151	0.003464966096222151	0.003464966096222151	0.1379310584250635	0.07006990589590936	0.8968559024680345	0.003464966096222151	0.8911734314407875	0.03873184713375796	0.013430538172715894	0.7168068829891839	0.01108860759493671	0.20461581417175034	0.9363028436018958	0.9072188275862069	0.6207657766990291	0.17526026222078342	0.12399031088082903	0.7571119492158327	0.006174338319907941	0.894640424687438	0.9646060585885488	0.745061052631579	0.01108860759493671	0.259199821958457	0.4665122587968218	0.14263408018867926	0.2926776548354649	0.6683152451309604	0.008698459875709268	0.9903680360157568	0.003464966096222151	0.6543440320397111	0.2914706948640483	0.3229674653215637	0.6657550896860986	0.301436026263203	0.44505121076233184	0.5584068331143233	0.3807541307857912	0.8170874146845915	0.02011905319896883	0.6009710932025227	0.050134673979280925	0.7530747754491018	0.003464966096222151	0.006174338319907941	0.37629499054820414	0.013430538172715894	0.6469517354809436	0.32942371508379886	0.6372487735310896	0.003464966096222151	0.9666566365795725	0.17526026222078342	0.8070006550218342	0.6908837497236348	0.7311996752192269	0.9573855873925502	0.9993037230568256	0.20319152701644477	0.06109128386336867	0.39775631067961165	0.49803084146793525	0.003464966096222151	0.036773613193403304	0.5941407897820482	0.9910956399437412	0.13191295948025306	0.9903680360157568	0.18235123555840818	0.20319152701644477	0.34375978441127697	0.30244967227130237	0.4158244922028568	0.08236072631973045	0.04257444142827312	0.36743200925044206	0.4570409413854352	0.006174338319907941	0.9294296213592232	0.9678581600683566	0.34279789619377166	0.23873752839618356	0.003464966096222151	0.034795719844357975	0.07006990589590936	0.12095204932268148	0.41094739823475174	0.6308370612525808	0.3472968711233632	0.873205657538369	0.2890067474048443	0.8821554159186117	0.1349822808510638	0.7652135436583811	0.6958151451595099	0.04257444142827312	0.11612743006993008	0.821361930820857	0.003464966096222151	0.8696554282267792	0.003464966096222151	0.034795719844357975	0.003464966096222151	0.06477044392523365	0.316825752884886	0.9816110221384833	0.08568857938718662	0.06831076388888889	0.8486957565889895	0.24003552631578948	0.7712196677951756	0.4502527061526678	0.538237672392935	0.9262888099639973	0.14263408018867926	0.5010182019977802	0.582503780271707	0.2100159956474429	0.41512545287477026	0.09562084015275506
g__Bacteroides	0.23311947400425662	0.870209282700422	0.8233257705391196	0.6358157353445321	0.2679593823529412	0.003464966096222151	0.5188874177029993	0.05922885866351271	0.7770294682422453	0.4763064964325949	0.008698459875709268	0.4793760899437851	0.9674923624964378	0.006174338319907941	0.006174338319907941	0.8565239696202531	0.7327299015897047	0.15154056886227546	1.0	0.21544928902627508	0.23602336065573773	0.8437133728052266	0.16174822043628012	0.050134673979280925	0.5037457989912658	0.37080256410256407	0.16174822043628012	0.04453621083212285	0.18929026562748527	0.08236072631973045	0.003464966096222151	0.003464966096222151	0.06831076388888889	0.003464966096222151	0.013430538172715894	0.9791354029062087	0.6240679538904899	0.02011905319896883	0.3379326298250486	0.8708499046088964	0.3122793834841629	0.003464966096222151	0.003464966096222151	0.04644497114591921	0.003464966096222151	0.003464966096222151	0.003464966096222151	0.003464966096222151	0.2500957068062827	0.013430538172715894	0.34375978441127697	0.44183228912569	0.003464966096222151	0.4053208223162348	0.5618498985316939	0.49599178522825677	0.003464966096222151	0.47131759608138657	0.8023919837381425	0.926055619400078	0.006174338319907941	0.22521445653840255	0.641905577689243	0.006174338319907941	0.7923928811071503	0.006174338319907941	0.003464966096222151	0.048288402536305994	0.7505151803875388	0.8737562105263158	0.2579904606240713	0.003464966096222151	0.27580552631578953	0.8063879837702872	0.7345432024169184	0.0718273092369478	0.6741638069705094	0.008698459875709268	0.5422497102848866	0.05384885588117222	0.24645976251315196	0.003464966096222151	0.03278786556089044	0.003464966096222151	0.17954120772946863	0.7304333188908145	0.3403927353389713	0.003464966096222151	0.028686121630652706	0.003464966096222151	0.962551185375607	0.024427498292738447	0.057396394611727415	0.030808966431095406	0.003464966096222151	0.6649993717747363	0.23169946743761413	0.003464966096222151	0.4481423622651157	0.5010182019977802	0.5567741534043317	0.9910956399437412	0.0873892282065519	0.7168068829891839	0.19758291069459757	0.003464966096222151	0.9177704324801411	0.9202346597575283	0.03278786556089044	0.05922885866351271	0.026579824363882006	0.003464966096222151	0.3542671785028791	0.05384885588117222	0.16467411341722504	0.006174338319907941	0.026579824363882006	0.2968345480631277	0.008698459875709268	0.003464966096222151	0.003464966096222151	0.22913108974358976	0.6795941941941942	0.19758291069459757	0.6875066902968543	0.05562320574162679	0.003464966096222151	0.6240679538904899	0.03873184713375796	0.9299297593634775	0.5842109826589595	0.003464966096222151	0.006174338319907941	0.030808966431095406	0.003464966096222151	0.003464966096222151	0.2817140699869319	0.7158691147540984	0.04257444142827312	0.9011832674050633	0.7311996752192269	0.050134673979280925	0.3652546395966753	0.3320501953125	0.13045745884773666	0.4492843618244538	0.01794910394265233
g__Bariatricus	0.003464966096222151	0.003464966096222151	0.003464966096222151	0.003464966096222151	0.003464966096222151	0.003464966096222151	0.22521445653840255	0.01108860759493671	0.003464966096222151	0.003464966096222151	0.003464966096222151	0.003464966096222151	0.003464966096222151	0.18097779742765271	0.07714301929625425	0.003464966096222151	0.003464966096222151	0.9072188275862069	0.21544928902627508	1.0	0.13045745884773666	0.003464966096222151	0.003464966096222151	0.9275648551429126	0.003464966096222151	0.30994583333333336	0.4876635922933499	0.048288402536305994	0.6852310953279326	0.18374882268140316	0.006174338319907941	0.003464966096222151	0.6094040339455941	0.31446929911154986	0.003464966096222151	0.003464966096222151	0.003464966096222151	0.10034935135135135	0.003464966096222151	0.003464966096222151	0.11300754219409283	0.006174338319907941	0.003464966096222151	0.008698459875709268	0.003464966096222151	0.003464966096222151	0.003464966096222151	0.003464966096222151	0.5209324808184144	0.003464966096222151	0.003464966096222151	0.04453621083212285	0.003464966096222151	0.003464966096222151	0.3909088565321934	0.003464966096222151	0.003464966096222151	0.003464966096222151	0.003464966096222151	0.003464966096222151	0.003464966096222151	0.003464966096222151	0.11612743006993008	0.003464966096222151	0.7681412232351071	0.006174338319907941	0.003464966096222151	0.2100159956474429	0.003464966096222151	0.20719509116409535	0.003464966096222151	0.04644497114591921	0.003464966096222151	0.18643999680918952	0.003464966096222151	0.003464966096222151	0.003464966096222151	0.006174338319907941	0.006174338319907941	0.003464966096222151	0.42199461678832123	0.003464966096222151	0.003464966096222151	0.003464966096222151	0.003464966096222151	0.003464966096222151	0.8055229784576959	0.003464966096222151	0.028686121630652706	0.06653594264677389	0.003464966096222151	0.003464966096222151	0.003464966096222151	0.003464966096222151	0.003464966096222151	0.003464966096222151	0.003464966096222151	0.003464966096222151	0.3217343710559528	0.003464966096222151	0.003464966096222151	0.003464966096222151	0.003464966096222151	0.003464966096222151	0.003464966096222151	0.003464966096222151	0.19469317858834673	0.003464966096222151	0.003464966096222151	0.003464966096222151	0.7287400693842151	0.09395986866107262	0.27800842197289816	0.6308370612525808	0.8645378225806452	0.048288402536305994	0.003464966096222151	0.003464966096222151	0.3415490027700831	0.04065628288781309	0.003464966096222151	0.008698459875709268	0.003464966096222151	0.8975636777964926	0.003464966096222151	0.11459195160441875	0.003464966096222151	0.048288402536305994	0.003464966096222151	0.2668129032258064	0.14856377755511022	0.003464966096222151	0.003464966096222151	0.4118727236842106	0.003464966096222151	0.003464966096222151	0.8744813307946688	0.008698459875709268	0.003464966096222151	0.003464966096222151	0.1349822808510638	0.008698459875709268	0.40991174841772154	0.003464966096222151	0.003464966096222151	0.1720927355278093	0.07531240515933231
g__Bifidobacterium	0.003464966096222151	0.04257444142827312	0.9971371871497946	0.8070006550218342	0.09562084015275506	0.16326726170979364	0.6181881079203335	0.756370548676345	0.2914706948640483	0.7754195670538543	0.7712196677951756	0.18374882268140316	0.008698459875709268	0.07531240515933231	0.026579824363882006	0.4832892763731473	0.3774890972878154	0.8963253198452841	0.23602336065573773	0.13045745884773666	1.0	0.5454116455696202	0.7621111430395913	0.07714301929625425	0.050134673979280925	0.2926776548354649	0.9621707412347561	0.7779975	0.412958677359979	0.01794910394265233	0.006174338319907941	0.04257444142827312	0.17054625	0.2926776548354649	0.8828734995014956	0.7498480235672201	0.04065628288781309	0.08394524119947849	0.8667346153846155	0.9248661629947358	0.6293136703044228	0.04644497114591921	0.050134673979280925	0.9307000776020953	0.01794910394265233	0.09395986866107262	0.003464966096222151	0.028686121630652706	0.4793760899437851	0.8511582089552239	0.04065628288781309	0.5834268595041323	0.7598170219569388	0.8130355119825707	0.2604827800829876	0.8366579582651391	0.6240679538904899	0.25277680250783696	0.45834424711404287	0.0873892282065519	0.7983801232504701	0.2926776548354649	0.01108860759493671	0.5472073672806067	0.9996520887728461	0.9072188275862069	0.31348648114140415	0.5960270982090601	0.8453002346220545	1.0	0.003464966096222151	0.14570961732124876	0.3217343710559528	0.568044124300512	0.006174338319907941	0.6181881079203335	0.01108860759493671	0.2719338319401672	0.7665162635264163	0.9129106205133247	0.9177704324801411	0.003464966096222151	0.003464966096222151	0.026579824363882006	0.034795719844357975	0.10034935135135135	0.27800842197289816	0.04453621083212285	0.9186139555381451	0.11459195160441875	0.655037368955022	0.10981352067868504	0.1471649196249163	0.2890067474048443	0.015726917440156328	0.03873184713375796	0.057396394611727415	0.036773613193403304	0.8285668825161887	0.36632103758169937	0.6903079663642399	0.6019432056969414	0.24506782006920416	0.015726917440156328	0.026579824363882006	0.036773613193403304	0.8511582089552239	0.8421242414955563	0.23450127562642367	0.9016033899980233	0.003464966096222151	0.12399031088082903	0.15154056886227546	0.4615498480628007	0.434699728822314	0.0873892282065519	0.01108860759493671	0.36155778839590447	0.5293890560543557	0.9299297593634775	0.06295072350410637	0.7665162635264163	0.6516678906338267	0.28290252320185616	0.08568857938718662	0.6749101808439384	0.6282974603539415	0.4832892763731473	0.08568857938718662	0.454513520050923	0.8893931363772009	0.978587696087696	0.0718273092369478	0.2303821270760323	0.21282290277562416	0.036773613193403304	0.6852310953279326	0.37310682649329535	0.013430538172715894	0.06295072350410637	0.7548047120418848	0.01108860759493671	0.8939304347826086	0.16467411341722504	0.5574578771216829	0.9016033899980233	0.07359801867022289
g__Bittarella	0.003464966096222151	0.057396394611727415	0.04065628288781309	0.024427498292738447	0.048288402536305994	0.05922885866351271	0.3987592267835791	0.003464966096222151	0.003464966096222151	0.024427498292738447	0.006174338319907941	0.003464966096222151	0.03873184713375796	0.3448615129762562	0.5392097207109178	0.003464966096222151	0.003464966096222151	0.003464966096222151	0.8437133728052266	0.003464966096222151	0.5454116455696202	1.0	0.01108860759493671	0.5372644474034621	0.003464966096222151	0.048288402536305994	0.01108860759493671	0.7005007603305786	0.04257444142827312	0.5027968238335591	0.18643999680918952	0.003464966096222151	0.9926426429240862	0.09866472182080925	0.003464966096222151	0.01108860759493671	0.003464966096222151	0.1177564375436148	0.003464966096222151	0.003464966096222151	0.36267618657937806	0.01794910394265233	0.003464966096222151	0.07714301929625425	0.10822295285359802	0.008698459875709268	0.003464966096222151	0.003464966096222151	0.6461742905788876	0.006174338319907941	0.003464966096222151	0.8580022462814935	0.003464966096222151	0.003464966096222151	0.6471412797281992	0.022268618860963797	0.003464966096222151	0.03278786556089044	0.003464966096222151	0.003464966096222151	0.003464966096222151	0.003464966096222151	0.51185083251714	0.028686121630652706	0.04065628288781309	0.9248661629947358	0.8241770713107996	0.003464966096222151	0.04257444142827312	0.008698459875709268	0.003464966096222151	0.19892844339622642	0.09072339643447895	0.09866472182080925	0.003464966096222151	0.003464966096222151	0.024427498292738447	0.048288402536305994	0.05384885588117222	0.008698459875709268	0.003464966096222151	0.01108860759493671	0.013430538172715894	0.11612743006993008	0.015726917440156328	0.003464966096222151	0.316825752884886	0.006174338319907941	0.40991174841772154	0.8427899938738003	0.0806235912847483	0.1177564375436148	0.2100159956474429	0.003464966096222151	0.1471649196249163	0.003464966096222151	0.003464966096222151	0.06477044392523365	0.660508431703204	0.003464966096222151	0.013430538172715894	0.003464966096222151	0.003464966096222151	0.003464966096222151	0.003464966096222151	0.11459195160441875	0.9045940682984602	0.008698459875709268	0.006174338319907941	0.003464966096222151	0.8505004266558309	0.2719338319401672	0.911427484747097	0.27451760573686523	0.9971371871497946	0.18235123555840818	0.006174338319907941	0.02011905319896883	0.8468564796905222	0.2842113590263692	0.030808966431095406	0.022268618860963797	0.003464966096222151	0.720857497820401	0.003464966096222151	0.003464966096222151	0.05922885866351271	0.4665122587968218	0.003464966096222151	0.015726917440156328	0.06653594264677389	0.003464966096222151	0.024427498292738447	0.013430538172715894	0.003464966096222151	0.11612743006993008	0.7938939247931287	0.5159689225506963	0.003464966096222151	0.050134673979280925	0.37629499054820414	0.02011905319896883	0.8366579582651391	0.2500957068062827	0.01794910394265233	0.7727544974104217	0.003464966096222151
g__Blautia	0.003464966096222151	0.259199821958457	0.003464966096222151	0.003464966096222151	0.03873184713375796	0.003464966096222151	0.4811555610972568	0.5020938740293356	0.006174338319907941	0.003464966096222151	0.015726917440156328	0.09395986866107262	0.18097779742765271	0.003464966096222151	0.6568643428313999	0.08394524119947849	0.006174338319907941	0.6929498784530387	0.16174822043628012	0.003464966096222151	0.7621111430395913	0.01108860759493671	1.0	0.003464966096222151	0.19469317858834673	0.9262888099639973	0.013430538172715894	0.23169946743761413	0.3252909395973154	0.3266086920067076	0.09866472182080925	0.01108860759493671	0.09866472182080925	0.5805856788079471	0.006174338319907941	0.003464966096222151	0.003464966096222151	0.0790385269121813	0.003464966096222151	0.003464966096222151	0.8165687985097796	0.026579824363882006	0.003464966096222151	0.7443081569048898	0.003464966096222151	0.35916718621821164	0.08394524119947849	0.25277680250783696	0.9262888099639973	0.006174338319907941	0.003464966096222151	0.008698459875709268	0.006174338319907941	0.003464966096222151	0.09395986866107262	0.02011905319896883	0.003464966096222151	0.04257444142827312	0.003464966096222151	0.003464966096222151	0.01794910394265233	0.003464966096222151	0.7468048084147257	0.33322185365853657	0.1224753896778663	0.1471649196249163	0.026579824363882006	0.31348648114140415	0.013430538172715894	0.07531240515933231	0.003464966096222151	0.6400454027572062	0.003464966096222151	0.9510422077299319	0.003464966096222151	0.003464966096222151	0.013430538172715894	0.10981352067868504	0.286697816972676	0.022268618860963797	0.2914706948640483	0.006174338319907941	0.1603300295857988	0.04065628288781309	0.08394524119947849	0.40882022961203485	0.3266086920067076	0.006174338319907941	0.07359801867022289	0.6641680772252778	0.003464966096222151	0.01108860759493671	0.003464966096222151	0.003464966096222151	0.2693394268919912	0.003464966096222151	0.006174338319907941	0.2719338319401672	0.01108860759493671	0.08236072631973045	0.008698459875709268	0.29409290433783397	0.13045745884773666	0.1379310584250635	0.003464966096222151	0.003464966096222151	0.940475474790321	0.7173522977840847	0.034795719844357975	0.006174338319907941	0.006174338319907941	0.0790385269121813	0.7039120545534536	0.24254778347406514	0.7548047120418848	0.21282290277562416	0.003464966096222151	0.14113538747256457	0.6754295081967213	0.1544425140775091	0.003464966096222151	0.9872802368198478	0.003464966096222151	0.22777137836185818	0.26558433628318584	0.008698459875709268	0.2926776548354649	0.7929360188580409	0.003464966096222151	0.10360037614185923	0.0806235912847483	0.3217343710559528	0.02011905319896883	0.006174338319907941	0.02011905319896883	0.05562320574162679	0.3719052182163188	0.01108860759493671	0.003464966096222151	0.22777137836185818	0.003464966096222151	0.19336511627906977	0.4324867726920093	0.003464966096222151	0.003464966096222151	0.13045745884773666	0.09562084015275506
g__Blautia_A	0.9426702398150824	0.591269158549466	0.7689526700572155	0.008698459875709268	0.003464966096222151	0.5805856788079471	0.09072339643447895	0.18374882268140316	0.9824297139631163	0.08394524119947849	0.003464966096222151	0.09562084015275506	0.9872802368198478	0.003464966096222151	0.2643915509601182	0.1379310584250635	0.16467411341722504	0.21415480724570363	0.050134673979280925	0.9275648551429126	0.07714301929625425	0.5372644474034621	0.003464966096222151	1.0	0.6929498784530387	0.01108860759493671	0.015726917440156328	0.06295072350410637	0.21683974992281566	0.34605624827586207	0.34375978441127697	0.24254778347406514	0.41916433895645355	0.024427498292738447	0.10197052272319024	0.0790385269121813	0.8170874146845915	0.022268618860963797	0.026579824363882006	0.09562084015275506	0.5509817002881844	0.12562670689655173	0.003464966096222151	0.003464966096222151	0.008698459875709268	0.003464966096222151	0.003464966096222151	0.003464966096222151	0.12095204932268148	0.5442491981188954	0.6844199866755497	0.8354025806451613	0.003464966096222151	0.18097779742765271	0.034795719844357975	0.006174338319907941	0.03278786556089044	0.008698459875709268	0.7380597285067874	0.4377263910355486	0.008698459875709268	0.6332948483113909	0.3742055074424898	0.003464966096222151	0.034795719844357975	0.01108860759493671	0.3229674653215637	0.85874048750885	0.4735215361445783	0.35328031301482704	0.10197052272319024	0.013430538172715894	0.21832776492364644	0.9386387778743122	0.3156710059171598	0.18374882268140316	0.5412810242782945	0.057396394611727415	0.006174338319907941	0.6282974603539415	0.003464966096222151	0.003464966096222151	0.003464966096222151	0.04065628288781309	0.01108860759493671	0.43969782720493694	0.2541889618138425	0.04644497114591921	0.048288402536305994	0.12095204932268148	0.597073543178095	0.2100159956474429	0.5001265860281412	0.9940019668446193	0.006174338319907941	0.46739406576792236	0.19892844339622642	0.003464966096222151	0.7047047817961967	0.37863053795335044	0.8593912454508693	0.14263408018867926	0.5472073672806067	0.3035894122669702	0.6723672182468694	0.013430538172715894	0.5229730656934306	0.16612918433931484	0.2890067474048443	0.2817140699869319	0.013430538172715894	0.21683974992281566	0.47729125703564734	0.11143439703808179	0.9329179280938076	0.16174822043628012	0.6683152451309604	0.003464966096222151	0.974066515065378	0.015726917440156328	0.5099099668995954	0.09395986866107262	0.46551113214691403	0.4406242871821217	0.01108860759493671	0.006174338319907941	0.003464966096222151	0.1349822808510638	0.38405229468599034	0.2914706948640483	0.699780946080053	0.2842113590263692	0.036773613193403304	0.003464966096222151	0.013430538172715894	0.022268618860963797	0.3111579781962339	0.880173511785857	0.1603300295857988	0.3179779027270171	0.9710114768092573	0.04644497114591921	0.33551165507649516	0.003464966096222151	0.61723140639481	0.3553973154362416	0.008698459875709268
g__Brotaphodocola	0.003464966096222151	0.003464966096222151	0.2926776548354649	0.003464966096222151	0.003464966096222151	0.7327299015897047	0.2877915415704388	0.003464966096222151	0.003464966096222151	0.17818620300145233	0.003464966096222151	0.003464966096222151	0.003464966096222151	0.01794910394265233	0.8359022922636103	0.003464966096222151	0.003464966096222151	0.6343055046921492	0.5037457989912658	0.003464966096222151	0.050134673979280925	0.003464966096222151	0.19469317858834673	0.6929498784530387	1.0	0.2643915509601182	0.6713926182753607	0.6200988546968996	0.06831076388888889	0.6461742905788876	0.23450127562642367	0.01108860759493671	0.4930459459459459	0.003464966096222151	0.003464966096222151	0.006174338319907941	0.003464966096222151	0.04257444142827312	0.008698459875709268	0.003464966096222151	0.4665122587968218	0.15887959486166006	0.003464966096222151	0.597073543178095	0.022268618860963797	0.09072339643447895	0.003464966096222151	0.015726917440156328	0.9996520887728461	0.003464966096222151	0.003464966096222151	0.6353154673378332	0.003464966096222151	0.003464966096222151	0.47729125703564734	0.01108860759493671	0.003464966096222151	0.003464966096222151	0.003464966096222151	0.003464966096222151	0.006174338319907941	0.008698459875709268	0.04065628288781309	0.015726917440156328	0.006174338319907941	0.36632103758169937	0.18374882268140316	0.024427498292738447	0.5027968238335591	0.01108860759493671	0.003464966096222151	0.05384885588117222	0.18643999680918952	0.9329179280938076	0.003464966096222151	0.003464966096222151	0.003464966096222151	0.96832536293766	0.4377263910355486	0.3193067996628266	0.003464966096222151	0.008698459875709268	0.003464966096222151	0.034795719844357975	0.015726917440156328	0.003464966096222151	0.27451760573686523	0.008698459875709268	0.4065782608695652	0.9005673493618284	0.2903445901166979	0.02011905319896883	0.026579824363882006	0.003464966096222151	0.15154056886227546	0.003464966096222151	0.003464966096222151	0.2240158064516129	0.0718273092369478	0.003464966096222151	0.048288402536305994	0.003464966096222151	0.003464966096222151	0.003464966096222151	0.01108860759493671	0.2240158064516129	0.7844878877089686	0.07006990589590936	0.003464966096222151	0.35328031301482704	0.003464966096222151	0.5027968238335591	0.3553973154362416	0.2604827800829876	0.8990665544554455	0.01794910394265233	0.01108860759493671	0.008698459875709268	0.22654698407838336	0.003464966096222151	0.013430538172715894	0.9789541977523845	0.05562320574162679	0.23873752839618356	0.003464966096222151	0.14263408018867926	0.04065628288781309	0.720857497820401	0.003464966096222151	0.6230464137453874	0.5001265860281412	0.003464966096222151	0.003464966096222151	0.47729125703564734	0.003464966096222151	0.006174338319907941	0.07531240515933231	0.008698459875709268	0.003464966096222151	0.02011905319896883	0.88089339057508	0.003464966096222151	0.27800842197289816	0.13650677649456522	0.8752935483870968	0.050134673979280925	0.006174338319907941
g__Butyribacter	0.057396394611727415	0.3111579781962339	0.2719338319401672	0.5432827702702703	0.11300754219409283	0.4783941242655331	0.12730129132231405	0.8682835496528826	0.08394524119947849	0.6045721859706362	0.454513520050923	0.357895731874145	0.16752448315155463	0.08236072631973045	0.9883683222232653	0.7229477267783336	0.41916433895645355	0.003464966096222151	0.37080256410256407	0.30994583333333336	0.2926776548354649	0.048288402536305994	0.9262888099639973	0.01108860759493671	0.2643915509601182	1.0	0.003464966096222151	0.7477158154506437	0.586831822462915	0.1379310584250635	0.844550178589652	0.003464966096222151	0.2817140699869319	0.21683974992281566	0.538237672392935	0.7836067837610433	0.9943551104455259	0.6256044544198894	0.5904948907681465	0.3683906670289363	0.6787026148881719	0.008698459875709268	0.10664229333333333	0.6445429594272076	0.17671119909502264	0.9397127386692382	0.6867744845932167	0.9152663686382394	0.003464966096222151	0.5805856788079471	0.6859652212487524	0.13345102354145344	0.44183228912569	0.8464534080489048	0.7696819125277984	0.9262888099639973	0.003464966096222151	0.4683920055394687	0.9307000776020953	0.008698459875709268	0.20189030284010673	0.6064370271214061	0.6082272410184861	0.9808773087071241	0.9198149985324332	0.1471649196249163	0.5316704983630411	0.08236072631973045	0.4305467936261173	0.7915167593078134	0.4755585411705728	0.008698459875709268	0.2500957068062827	0.008698459875709268	0.13045745884773666	0.7071553506750083	0.9903680360157568	0.3553973154362416	0.8861811771735884	0.6151726756318108	0.4683920055394687	0.96832536293766	0.3204992	0.6577765957446808	0.6543440320397111	0.19336511627906977	0.5932309180443194	0.33551165507649516	0.7952257062146894	0.0806235912847483	0.05922885866351271	0.8149381006628003	0.7827251236191478	0.048288402536305994	0.947259133691894	0.9511591549295775	0.3266086920067076	0.10360037614185923	0.19604711538461536	0.26307848587904775	0.1558583773959022	0.4876635922933499	0.5989541203974283	0.19218431154822335	0.44728521883798306	0.8968559024680345	0.24254778347406514	0.7294289707475623	0.8565239696202531	0.028686121630652706	0.6488370475113122	0.6461742905788876	0.3752513787510138	0.008698459875709268	0.94190887283237	0.7013740940632228	0.9660041916167665	0.7256599739243806	0.9577701727593777	0.18097779742765271	0.11935785900783291	0.44728521883798306	0.050134673979280925	0.7318860110353781	0.9511591549295775	0.003464966096222151	0.824857894736842	0.09395986866107262	0.169106179866645	0.003464966096222151	0.036773613193403304	0.21415480724570363	0.6445429594272076	0.4020747117296223	0.19218431154822335	0.965443048687714	0.4285992601246105	0.17954120772946863	0.7272806252035168	0.4832892763731473	0.05562320574162679	0.003464966096222151	0.23311947400425662	0.638036312849162	0.8354025806451613	0.6859652212487524	0.003464966096222151
g__CAG-170	0.006174338319907941	0.30041890191592796	0.02011905319896883	0.2792465143356134	0.022268618860963797	0.030808966431095406	0.003464966096222151	0.3864137898686679	0.008698459875709268	0.2668129032258064	0.6230464137453874	0.21282290277562416	0.33551165507649516	0.1603300295857988	0.8975636777964926	0.923764526202791	0.412958677359979	0.003464966096222151	0.16174822043628012	0.4876635922933499	0.9621707412347561	0.01108860759493671	0.013430538172715894	0.015726917440156328	0.6713926182753607	0.003464966096222151	1.0	0.003464966096222151	0.030808966431095406	0.9167445360824742	0.49599178522825677	0.003464966096222151	0.316825752884886	0.4865716453177465	0.01794910394265233	0.803008365454735	0.003464966096222151	0.057396394611727415	0.34279789619377166	0.7363027924528301	0.7287400693842151	0.5960270982090601	0.003464966096222151	0.26558433628318584	0.003464966096222151	0.7990836517381773	0.8531275547445255	0.8316965517241379	0.008698459875709268	0.8558706382978724	0.3864137898686679	0.003464966096222151	0.08568857938718662	0.18235123555840818	0.01108860759493671	0.61723140639481	0.003464966096222151	0.2604827800829876	0.33551165507649516	0.301436026263203	0.4167937819086268	0.12730129132231405	0.10034935135135135	0.3807541307857912	0.006174338319907941	0.08568857938718662	0.1224753896778663	0.38405229468599034	0.008698459875709268	0.050134673979280925	0.003464966096222151	0.07006990589590936	0.2100159956474429	0.8814367591299143	0.10508952907599	0.08568857938718662	0.2679593823529412	0.003464966096222151	0.3683906670289363	0.23169946743761413	0.507839175257732	0.8639786362719387	0.7809601326455416	0.7974258566652738	0.4305467936261173	0.13045745884773666	0.01794910394265233	0.24254778347406514	0.4513920260270477	0.026579824363882006	0.003464966096222151	0.720857497820401	0.4811555610972568	0.5432827702702703	0.5740103894561862	0.21145402173913047	0.31446929911154986	0.5897193487715999	0.9363028436018958	0.057396394611727415	0.12399031088082903	0.6683152451309604	0.36267618657937806	0.4694474962254655	0.003464966096222151	0.5888039872971066	0.2914706948640483	0.8130355119825707	0.5989541203974283	0.006174338319907941	0.01108860759493671	0.7836067837610433	0.19892844339622642	0.48047653889374453	0.11459195160441875	0.49695050067993574	0.8279745140388769	0.6704173640635489	0.3035894122669702	0.20319152701644477	0.3909088565321934	0.024427498292738447	0.034795719844357975	0.9378744785631518	0.7943523076923077	0.003464966096222151	0.94190887283237	0.003464966096222151	0.003464966096222151	0.9457428502786854	0.024427498292738447	0.9940019668446193	0.7505151803875388	0.036773613193403304	0.008698459875709268	0.1603300295857988	0.6787026148881719	0.19218431154822335	0.40991174841772154	0.6056814422180801	0.11935785900783291	0.003464966096222151	0.6875066902968543	0.16752448315155463	0.5904948907681465	0.9031889668115369	0.003464966096222151
g__CAG-177	0.22777137836185818	0.013430538172715894	0.1379310584250635	0.6958151451595099	0.01108860759493671	0.4735215361445783	0.003464966096222151	0.006174338319907941	0.42614532346063916	0.9883683222232653	0.14570961732124876	0.3987592267835791	0.286697816972676	0.01108860759493671	0.568044124300512	0.49803084146793525	0.5520713719841556	0.003464966096222151	0.04453621083212285	0.048288402536305994	0.7779975	0.7005007603305786	0.23169946743761413	0.06295072350410637	0.6200988546968996	0.7477158154506437	0.003464966096222151	1.0	0.3156710059171598	0.9193947620912473	0.19892844339622642	0.06477044392523365	0.873205657538369	0.9510422077299319	0.01794910394265233	0.7974258566652738	0.47235261770244824	0.9551103444976077	0.5941407897820482	0.15296928310653835	0.39223754006410255	0.4595306492518387	0.003464966096222151	0.7898457493702771	0.015726917440156328	0.9299297593634775	0.5960270982090601	0.10197052272319024	0.5027968238335591	0.42103492954070987	0.8744813307946688	0.27451760573686523	0.11935785900783291	0.8854651987645711	0.028686121630652706	0.9025747702342127	0.024427498292738447	0.05562320574162679	0.9183724857871005	0.5169009521484375	0.6216468176042508	0.5770791533262184	0.7054966381015162	0.8771127425485097	0.003464966096222151	0.10034935135135135	0.003464966096222151	0.04644497114591921	0.4316015145631068	0.006174338319907941	0.008698459875709268	0.013430538172715894	0.11612743006993008	0.935536387383901	0.40427626042080195	0.2569304347826087	0.526185348074353	0.006174338319907941	0.5574578771216829	0.03873184713375796	0.05922885866351271	0.5904948907681465	0.23873752839618356	0.8149381006628003	0.9183724857871005	0.015726917440156328	0.09866472182080925	0.8468564796905222	0.454513520050923	0.03873184713375796	0.006174338319907941	0.6248007947477539	0.7294289707475623	0.5647490883089024	0.7613742199978702	0.10822295285359802	0.47729125703564734	0.7505151803875388	0.31446929911154986	0.3122793834841629	0.23169946743761413	0.9511591549295775	0.16467411341722504	0.9386387778743122	0.01794910394265233	0.9591778042731782	0.2240158064516129	0.6102967933077728	0.19892844339622642	0.026579824363882006	0.034795719844357975	0.8461359575769937	0.08394524119947849	0.16174822043628012	0.5037457989912658	0.2569304347826087	0.42103492954070987	0.6560251859364435	0.06295072350410637	0.19469317858834673	0.015726917440156328	0.11300754219409283	0.48237329842931936	0.5574578771216829	0.28539398061062077	0.003464966096222151	0.8526447397788374	0.6586880274558344	0.09866472182080925	0.7727544974104217	0.5482351822885333	0.9479256048387098	0.6577765957446808	0.03278786556089044	0.008698459875709268	0.31446929911154986	0.5137864775644945	0.8911734314407875	0.4783941242655331	0.8285668825161887	0.18929026562748527	0.4930459459459459	0.7794392307692308	0.5749432182271271	0.49803084146793525	0.5699208704958972	0.07531240515933231
g__CAG-217	0.03278786556089044	0.07531240515933231	0.5567741534043317	0.4316015145631068	0.6372487735310896	0.9323297556719022	0.7727544974104217	0.5169009521484375	0.04453621083212285	0.3179779027270171	0.4561424561849124	0.4524148011218766	0.29409290433783397	0.5941407897820482	0.34958052001650847	0.05922885866351271	0.0806235912847483	0.1379310584250635	0.18929026562748527	0.6852310953279326	0.412958677359979	0.04257444142827312	0.3252909395973154	0.21683974992281566	0.06831076388888889	0.586831822462915	0.030808966431095406	0.3156710059171598	1.0	0.003464966096222151	0.2668129032258064	0.003464966096222151	0.6141422358807839	0.003464966096222151	0.10981352067868504	0.9479256048387098	0.003464966096222151	0.2978613291320538	0.37629499054820414	0.1558583773959022	0.5548699652569785	0.4285992601246105	0.008698459875709268	0.42614532346063916	0.19336511627906977	0.8771127425485097	0.6045721859706362	0.9094944980314961	0.3719052182163188	0.9152663686382394	0.2541889618138425	0.6308370612525808	0.8917970781156828	0.6266232309285468	0.42614532346063916	0.9577701727593777	0.008698459875709268	0.722173294156056	0.44505121076233184	0.9391307380607815	0.12730129132231405	0.10360037614185923	0.6754295081967213	0.8257080210049423	0.33322185365853657	0.23450127562642367	0.003464966096222151	0.7311996752192269	0.07714301929625425	0.10034935135135135	0.006174338319907941	0.04257444142827312	0.33551165507649516	0.4201830023517115	0.39330296197464976	0.06653594264677389	0.47729125703564734	0.7077117447088497	0.9890044110746129	0.25277680250783696	0.9701776871264586	0.34958052001650847	0.9267017794632438	0.34958052001650847	0.7763067982687639	0.8319440434693459	0.022268618860963797	0.3241531075027995	0.8143327772020725	0.3241531075027995	0.19469317858834673	0.9441007795957651	0.2579904606240713	0.06477044392523365	0.504755421686747	0.4665122587968218	0.9174378349200117	0.974066515065378	0.6508967213114755	0.3695472648296457	0.9186139555381451	0.23739998483699773	0.08394524119947849	0.4930459459459459	0.003464966096222151	0.6293136703044228	0.6508967213114755	0.6282974603539415	0.3448615129762562	0.003464966096222151	0.8968559024680345	0.5740103894561862	0.4941313011152416	0.03278786556089044	0.4140429190751445	0.26558433628318584	0.935536387383901	0.676399933110368	0.22654698407838336	0.06653594264677389	0.003464966096222151	0.9555885711553176	0.09395986866107262	0.720080405626431	0.4158244922028568	0.10981352067868504	0.7388178529126735	0.003464966096222151	0.050134673979280925	0.7592397120000001	0.6488370475113122	0.03873184713375796	0.892597436661699	0.9174378349200117	0.008698459875709268	0.05562320574162679	0.5647490883089024	0.6141422358807839	0.22129691975974125	0.1394884888438134	0.3241531075027995	0.27580552631578953	0.6471412797281992	0.49695050067993574	0.7005007603305786	0.348535785123967	0.003464966096222151
g__CAG-488	0.22913108974358976	0.6780366815144767	0.19892844339622642	0.9919158151307771	0.4406242871821217	0.8227284476534296	0.20719509116409535	0.4625571482793522	0.301436026263203	0.7770294682422453	0.7498480235672201	0.2706776978417266	0.26172396033742784	0.3683906670289363	0.21415480724570363	0.7345432024169184	0.9808773087071241	0.07006990589590936	0.08236072631973045	0.18374882268140316	0.01794910394265233	0.5027968238335591	0.3266086920067076	0.34605624827586207	0.6461742905788876	0.1379310584250635	0.9167445360824742	0.9193947620912473	0.003464966096222151	1.0	0.03873184713375796	0.18235123555840818	0.921103724340176	0.7621111430395913	0.12095204932268148	0.22654698407838336	0.057396394611727415	0.006174338319907941	0.3252909395973154	0.10822295285359802	0.9065188350088704	0.61723140639481	0.2731870221180607	0.5282152427184466	0.20461581417175034	0.8599544554455446	0.722173294156056	0.9262888099639973	0.5960270982090601	0.4634457406471183	0.05384885588117222	0.9551103444976077	0.978587696087696	0.5360303389830509	0.3252909395973154	0.7943523076923077	0.02011905319896883	0.979778155065082	0.5574578771216829	0.16174822043628012	0.2541889618138425	0.2500957068062827	0.11143439703808179	0.586831822462915	0.8143327772020725	0.5557560876331856	0.01108860759493671	0.38405229468599034	0.5169009521484375	0.4250826443057723	0.013430538172715894	0.06109128386336867	0.8580022462814935	0.18235123555840818	0.13650677649456522	0.3742055074424898	0.586831822462915	0.030808966431095406	0.16612918433931484	0.28539398061062077	0.4367943140794224	0.42103492954070987	0.44286885182809493	0.5904948907681465	0.9678581600683566	0.24371006024096384	0.11143439703808179	0.5904948907681465	0.5989541203974283	0.3683906670289363	0.008698459875709268	0.4755585411705728	0.4524148011218766	0.9011832674050633	0.4930459459459459	0.4118727236842106	0.09072339643447895	0.578008947617919	0.6207657766990291	0.745061052631579	0.5509817002881844	0.7983801232504701	0.4324867726920093	0.538237672392935	0.1379310584250635	0.818027946650124	0.6316332530949105	0.824857894736842	0.49695050067993574	0.3602895506078404	0.9144815823095822	0.6657550896860986	0.003464966096222151	0.7327299015897047	0.12562670689655173	0.2968345480631277	0.7626039238621863	0.24901196222455402	0.412958677359979	0.7696819125277984	0.022268618860963797	0.660508431703204	0.6908837497236348	0.15734552201880259	0.10664229333333333	0.3909088565321934	0.3774890972878154	0.7311996752192269	0.2731870221180607	0.4615498480628007	0.8023919837381425	0.5199421886424567	0.3379326298250486	0.8113981831395348	0.0873892282065519	0.39574406237504994	0.9397127386692382	0.6064370271214061	0.08394524119947849	0.7794392307692308	0.6332948483113909	0.008698459875709268	0.5574578771216829	0.6614174064501629	0.3403927353389713	0.6978761337305528	0.05384885588117222
g__Catenibacterium	0.8998617440364248	0.3521938977460143	0.9872802368198478	0.8300050523721503	0.6795941941941942	0.06831076388888889	0.8861811771735884	0.6275691201840138	0.008698459875709268	0.2569304347826087	0.3345309653155036	0.6389683760683761	0.0718273092369478	0.022268618860963797	0.27580552631578953	0.4406242871821217	0.6409759139050222	0.8968559024680345	0.003464966096222151	0.006174338319907941	0.006174338319907941	0.18643999680918952	0.09866472182080925	0.34375978441127697	0.23450127562642367	0.844550178589652	0.49599178522825677	0.19892844339622642	0.2668129032258064	0.03873184713375796	1.0	0.003464966096222151	0.09395986866107262	0.003464966096222151	0.09072339643447895	0.05922885866351271	0.008698459875709268	0.01108860759493671	0.015726917440156328	0.06831076388888889	0.36399083844580776	0.015726917440156328	0.003464966096222151	0.08236072631973045	0.38994418884579374	0.9045940682984602	0.7626039238621863	0.6141422358807839	0.9248661629947358	0.05384885588117222	0.5178947907771135	0.9367971097148381	0.9819743927697232	0.20319152701644477	0.10360037614185923	0.5584068331143233	0.003464966096222151	0.49695050067993574	0.8795409413410612	0.23739998483699773	0.6445429594272076	0.2060043580131209	0.2500957068062827	0.7005007603305786	0.8263874961407842	0.8113981831395348	0.003464966096222151	0.024427498292738447	0.582503780271707	0.4250826443057723	0.01108860759493671	0.003464966096222151	0.10508952907599	0.13345102354145344	0.02011905319896883	0.2303821270760323	0.0806235912847483	0.01794910394265233	0.08911145967890755	0.022268618860963797	0.6704173640635489	0.47131759608138657	0.7077117447088497	0.8682835496528826	0.12562670689655173	0.259199821958457	0.9465012104909214	0.4793760899437851	0.04065628288781309	0.42965754863813227	0.3252909395973154	0.9824297139631163	0.4561424561849124	0.30041890191592796	0.11143439703808179	0.09562084015275506	0.6893494631986719	0.8279745140388769	0.028686121630652706	0.4273727697701597	0.7287400693842151	0.8495284028484231	0.09250862068965518	0.24003552631578948	0.006174338319907941	0.9129106205133247	0.24254778347406514	0.003464966096222151	0.008698459875709268	0.026579824363882006	0.964227381745503	0.9267017794632438	0.006174338319907941	0.9779432785025524	0.5500233809924305	0.01794910394265233	0.8814367591299143	0.9965288506499579	0.6303291800643087	0.1603300295857988	0.003464966096222151	0.003464966096222151	0.9584284991890087	0.641905577689243	0.3719052182163188	0.03278786556089044	0.652659080641518	0.7054966381015162	0.003464966096222151	0.97729837336864	0.35328031301482704	0.04257444142827312	0.9646060585885488	0.9202346597575283	0.09250862068965518	0.6471412797281992	0.8319440434693459	0.6827191730576859	0.003464966096222151	0.10360037614185923	0.2579904606240713	0.022268618860963797	0.003464966096222151	0.8023919837381425	0.6029144107351224	0.09395986866107262	0.008698459875709268
g__Choladousia	0.003464966096222151	0.01108860759493671	0.003464966096222151	0.006174338319907941	0.2643915509601182	0.7415656626506024	0.9551103444976077	0.9038025570145127	0.003464966096222151	0.003464966096222151	0.17818620300145233	0.003464966096222151	0.026579824363882006	0.9435220125180549	0.04453621083212285	0.003464966096222151	0.003464966096222151	0.003464966096222151	0.003464966096222151	0.003464966096222151	0.04257444142827312	0.003464966096222151	0.01108860759493671	0.24254778347406514	0.01108860759493671	0.003464966096222151	0.003464966096222151	0.06477044392523365	0.003464966096222151	0.18235123555840818	0.003464966096222151	1.0	0.9435220125180549	0.003464966096222151	0.003464966096222151	0.022268618860963797	0.003464966096222151	0.003464966096222151	0.003464966096222151	0.003464966096222151	0.13345102354145344	0.21544928902627508	0.003464966096222151	0.8963253198452841	0.003464966096222151	0.2693394268919912	0.04453621083212285	0.15010518506168724	0.12399031088082903	0.2579904606240713	0.003464966096222151	0.22521445653840255	0.504755421686747	0.003464966096222151	0.46444982318767364	0.028686121630652706	0.003464966096222151	0.41512545287477026	0.008698459875709268	0.003464966096222151	0.003464966096222151	0.003464966096222151	0.20189030284010673	0.003464966096222151	0.34958052001650847	0.42103492954070987	0.003464966096222151	0.003464966096222151	0.003464966096222151	0.9011832674050633	0.003464966096222151	0.003464966096222151	0.34375978441127697	0.44625457223360654	0.003464966096222151	0.003464966096222151	0.003464966096222151	0.003464966096222151	0.9555885711553176	0.006174338319907941	0.3472968711233632	0.24901196222455402	0.030808966431095406	0.10034935135135135	0.08911145967890755	0.003464966096222151	0.10508952907599	0.036773613193403304	0.6754295081967213	0.12562670689655173	0.003464966096222151	0.14263408018867926	0.6816022009782126	0.003464966096222151	0.20319152701644477	0.003464966096222151	0.006174338319907941	0.8427899938738003	0.5178947907771135	0.01108860759493671	0.04257444142827312	0.01794910394265233	0.003464966096222151	0.008698459875709268	0.003464966096222151	0.25277680250783696	0.97729837336864	0.06653594264677389	0.003464966096222151	0.003464966096222151	0.6749101808439384	0.6045721859706362	0.01108860759493671	0.006174338319907941	0.22264101814826207	0.4367943140794224	0.15734552201880259	0.003464966096222151	0.5699208704958972	0.03278786556089044	0.003464966096222151	0.7158691147540984	0.003464966096222151	0.26307848587904775	0.05384885588117222	0.003464966096222151	0.5557560876331856	0.08394524119947849	0.003464966096222151	0.006174338319907941	0.16326726170979364	0.003464966096222151	0.1379310584250635	0.15734552201880259	0.003464966096222151	0.19078469971401335	0.14263408018867926	0.2604827800829876	0.003464966096222151	0.1224753896778663	0.9678581600683566	0.003464966096222151	0.39330296197464976	0.8088116283903147	0.993462143928036	0.4811555610972568	0.003464966096222151
g__Clostridium	0.6693665398388541	0.5647490883089024	0.3193067996628266	0.08394524119947849	0.9094944980314961	0.6358157353445321	0.286697816972676	0.05922885866351271	0.3807541307857912	0.5861204925760075	0.41094739823475174	0.9248661629947358	0.46739406576792236	0.8217911173011451	0.003464966096222151	0.8861811771735884	0.09562084015275506	0.8911734314407875	0.06831076388888889	0.6094040339455941	0.17054625	0.9926426429240862	0.09866472182080925	0.41916433895645355	0.4930459459459459	0.2817140699869319	0.316825752884886	0.873205657538369	0.6141422358807839	0.921103724340176	0.09395986866107262	0.9435220125180549	1.0	0.4201830023517115	0.9791354029062087	0.9198149985324332	0.7217909794095217	0.7787187453874539	0.7363027924528301	0.9996520887728461	0.0806235912847483	0.006174338319907941	0.1349822808510638	0.3909088565321934	0.003464966096222151	0.301436026263203	0.9299297593634775	0.37863053795335044	0.3074270017035775	0.7039120545534536	0.16174822043628012	0.07531240515933231	0.9198149985324332	0.10508952907599	0.97729837336864	0.7505151803875388	0.028686121630652706	0.21544928902627508	0.8055229784576959	0.870209282700422	0.5272968909400049	0.08568857938718662	0.17818620300145233	0.803008365454735	0.7158691147540984	0.003464966096222151	0.04065628288781309	0.4570409413854352	0.3122793834841629	0.09395986866107262	0.036773613193403304	0.6200988546968996	0.5491959595959596	0.2890067474048443	0.24254778347406514	0.8593912454508693	0.003464966096222151	0.5904948907681465	0.8486957565889895	0.08236072631973045	0.003464966096222151	0.3807541307857912	0.8359022922636103	0.1603300295857988	0.8241770713107996	0.15296928310653835	0.9005673493618284	0.9177704324801411	0.23169946743761413	0.01108860759493671	0.4053208223162348	0.02011905319896883	0.43888242790937176	0.2668129032258064	0.6469517354809436	0.9883683222232653	0.4492843618244538	0.5127252110091743	0.34605624827586207	0.39223754006410255	0.39330296197464976	0.9791354029062087	0.3122793834841629	0.638036312849162	0.5089063542688911	0.003464966096222151	0.5472073672806067	0.8468564796905222	0.4865716453177465	0.9391307380607815	0.09734216255442671	0.003464966096222151	0.38994418884579374	0.7607986253196931	0.24003552631578948	0.34958052001650847	0.638036312849162	0.14570961732124876	0.04065628288781309	0.259199821958457	0.26558433628318584	0.23450127562642367	0.3204992	0.1224753896778663	0.048288402536305994	0.892597436661699	0.827321566004733	0.6223831371191135	0.21415480724570363	0.870209282700422	0.11143439703808179	0.454513520050923	0.003464966096222151	0.4241286699635607	0.6469517354809436	0.04453621083212285	0.09395986866107262	0.003464966096222151	0.18929026562748527	0.003464966096222151	0.6113304878048781	0.5500233809924305	0.6064370271214061	0.003464966096222151	0.3403927353389713	0.6308370612525808	0.763582638741229
g__Clostridium_A	0.21415480724570363	0.006174338319907941	0.7598170219569388	0.4552421434019832	0.5733401782531194	0.003464966096222151	0.8233257705391196	0.6056814422180801	0.01108860759493671	0.49599178522825677	0.5647490883089024	0.2877915415704388	0.003464966096222151	1.0	0.01108860759493671	0.01794910394265233	0.01108860759493671	0.03873184713375796	0.003464966096222151	0.31446929911154986	0.2926776548354649	0.09866472182080925	0.5805856788079471	0.024427498292738447	0.003464966096222151	0.21683974992281566	0.4865716453177465	0.9510422077299319	0.003464966096222151	0.7621111430395913	0.003464966096222151	0.003464966096222151	0.4201830023517115	1.0	0.003464966096222151	0.607332654723127	0.09562084015275506	0.006174338319907941	0.3553973154362416	0.15154056886227546	0.40301624305003975	0.008698459875709268	0.003464966096222151	0.09072339643447895	0.11935785900783291	0.028686121630652706	0.9883683222232653	0.015726917440156328	0.5491959595959596	0.8744813307946688	0.18235123555840818	0.35086371511068337	0.28290252320185616	0.06109128386336867	0.7327299015897047	0.7077117447088497	0.003464966096222151	0.5422497102848866	0.870209282700422	0.43969782720493694	0.8876997611464968	0.9329179280938076	0.01108860759493671	0.06653594264677389	0.006174338319907941	0.20719509116409535	0.003464966096222151	0.06477044392523365	0.18374882268140316	0.006174338319907941	0.0873892282065519	0.003464966096222151	0.3403927353389713	0.41792500000000005	0.01108860759493671	0.015726917440156328	0.14856377755511022	0.003464966096222151	0.05562320574162679	0.04453621083212285	0.5070199754299755	0.763582638741229	0.4763064964325949	0.27800842197289816	0.6787026148881719	0.0806235912847483	0.15296928310653835	0.15154056886227546	0.19336511627906977	0.02011905319896883	0.6741638069705094	0.06653594264677389	0.10822295285359802	0.09866472182080925	0.38994418884579374	0.9808773087071241	0.4377263910355486	0.23739998483699773	0.48887592891760906	0.09250862068965518	0.6883903232949513	0.04453621083212285	0.006174338319907941	0.2579904606240713	0.17526026222078342	0.2693394268919912	0.34375978441127697	0.818027946650124	0.02011905319896883	0.03873184713375796	0.7340982179501025	0.003464966096222151	0.06295072350410637	0.003464966096222151	0.4324867726920093	0.10822295285359802	0.8939304347826086	0.2792465143356134	0.4273727697701597	0.22777137836185818	0.003464966096222151	0.07359801867022289	0.7696819125277984	0.01108860759493671	0.17054625	0.2842113590263692	0.0873892282065519	0.1603300295857988	0.003464966096222151	0.4406242871821217	0.6543440320397111	0.003464966096222151	0.4595306492518387	0.5010182019977802	0.003464966096222151	0.7613742199978702	0.8632445206861756	0.6479163082842915	0.006174338319907941	0.52198510042605	0.2877915415704388	0.003464966096222151	0.3652546395966753	0.3074270017035775	0.10508952907599	0.35086371511068337	0.003464966096222151
g__Clostridium_AP	0.006174338319907941	0.003464966096222151	0.006174338319907941	0.003464966096222151	0.028686121630652706	0.7334937743190661	0.3695472648296457	0.034795719844357975	0.003464966096222151	0.030808966431095406	0.2770098992553658	0.003464966096222151	0.003464966096222151	0.19469317858834673	0.003464966096222151	0.003464966096222151	0.003464966096222151	0.013430538172715894	0.013430538172715894	0.003464966096222151	0.8828734995014956	0.003464966096222151	0.006174338319907941	0.10197052272319024	0.003464966096222151	0.538237672392935	0.01794910394265233	0.01794910394265233	0.10981352067868504	0.12095204932268148	0.09072339643447895	0.003464966096222151	0.9791354029062087	0.003464966096222151	1.0	0.003464966096222151	0.003464966096222151	0.015726917440156328	0.003464966096222151	0.003464966096222151	0.7974258566652738	0.7990836517381773	0.003464966096222151	0.6479163082842915	0.006174338319907941	0.4158244922028568	0.06477044392523365	0.2579904606240713	0.7345432024169184	0.006174338319907941	0.003464966096222151	0.5932309180443194	0.006174338319907941	0.003464966096222151	0.7388178529126735	0.08911145967890755	0.003464966096222151	0.11935785900783291	0.003464966096222151	0.01108860759493671	0.01108860759493671	0.003464966096222151	0.013430538172715894	0.17954120772946863	0.06653594264677389	0.9088855834564253	0.06477044392523365	0.003464966096222151	0.003464966096222151	0.10664229333333333	0.003464966096222151	0.003464966096222151	0.7125797634691197	0.3817870564516129	0.003464966096222151	0.003464966096222151	0.05206064281382656	0.003464966096222151	0.6614174064501629	0.003464966096222151	0.18374882268140316	0.028686121630652706	0.34279789619377166	0.10197052272319024	0.18235123555840818	0.003464966096222151	0.04644497114591921	0.04065628288781309	0.9526678253375467	0.17671119909502264	0.11143439703808179	0.4604826681870012	0.01794910394265233	0.003464966096222151	0.2693394268919912	0.003464966096222151	0.003464966096222151	0.22521445653840255	0.6428343952668107	0.003464966096222151	0.003464966096222151	0.003464966096222151	0.003464966096222151	0.003464966096222151	0.003464966096222151	0.9791354029062087	0.4763064964325949	0.11935785900783291	0.003464966096222151	0.003464966096222151	0.36267618657937806	0.4755585411705728	0.6019432056969414	0.036773613193403304	0.6535020318320353	0.15734552201880259	0.006174338319907941	0.20719509116409535	0.30994583333333336	0.6358157353445321	0.003464966096222151	0.30994583333333336	0.008698459875709268	0.3774890972878154	0.003464966096222151	0.003464966096222151	0.8771127425485097	0.9717527972691067	0.003464966096222151	0.40882022961203485	0.14417469312258283	0.003464966096222151	0.013430538172715894	0.003464966096222151	0.003464966096222151	0.6223831371191135	0.301436026263203	0.8814367591299143	0.003464966096222151	0.08236072631973045	0.6303291800643087	0.003464966096222151	0.6428343952668107	0.4158244922028568	0.06109128386336867	0.7915167593078134	0.003464966096222151
g__Collinsella	0.01794910394265233	0.17954120772946863	0.01108860759493671	0.003464966096222151	0.003464966096222151	0.003464966096222151	0.25277680250783696	0.11300754219409283	0.003464966096222151	0.09734216255442671	0.003464966096222151	0.003464966096222151	0.5070199754299755	0.022268618860963797	0.9760994794131567	0.003464966096222151	0.003464966096222151	0.7168068829891839	0.9791354029062087	0.003464966096222151	0.7498480235672201	0.01108860759493671	0.003464966096222151	0.0790385269121813	0.006174338319907941	0.7836067837610433	0.803008365454735	0.7974258566652738	0.9479256048387098	0.22654698407838336	0.05922885866351271	0.022268618860963797	0.9198149985324332	0.607332654723127	0.003464966096222151	1.0	0.003464966096222151	0.31348648114140415	0.003464966096222151	0.003464966096222151	0.86544509171538	0.003464966096222151	0.06477044392523365	0.003464966096222151	0.003464966096222151	0.003464966096222151	0.003464966096222151	0.003464966096222151	0.07531240515933231	0.015726917440156328	0.003464966096222151	0.30244967227130237	0.003464966096222151	0.003464966096222151	0.4158244922028568	0.01108860759493671	0.003464966096222151	0.003464966096222151	0.003464966096222151	0.07006990589590936	0.006174338319907941	0.003464966096222151	0.2240158064516129	0.01108860759493671	0.5749432182271271	0.03278786556089044	0.024427498292738447	0.19218431154822335	0.03873184713375796	0.13045745884773666	0.030808966431095406	0.9186139555381451	0.013430538172715894	0.8468564796905222	0.003464966096222151	0.003464966096222151	0.003464966096222151	0.6632613587871982	0.028686121630652706	0.003464966096222151	0.2914706948640483	0.003464966096222151	0.003464966096222151	0.003464966096222151	0.04644497114591921	0.003464966096222151	0.815795972667978	0.003464966096222151	0.4077269809825674	0.3156710059171598	0.01108860759493671	0.006174338319907941	0.003464966096222151	0.003464966096222151	0.003464966096222151	0.006174338319907941	0.003464966096222151	0.003464966096222151	0.04453621083212285	0.006174338319907941	0.008698459875709268	0.026579824363882006	0.003464966096222151	0.003464966096222151	0.003464966096222151	0.003464966096222151	0.9503776359973136	0.003464966096222151	0.003464966096222151	0.03278786556089044	0.9294296213592232	0.04644497114591921	0.01108860759493671	0.9850880361173815	0.26172396033742784	0.015726917440156328	0.003464966096222151	0.003464966096222151	0.507839175257732	0.003464966096222151	0.02011905319896883	0.006174338319907941	0.003464966096222151	0.9940019668446193	0.008698459875709268	0.6479163082842915	0.09734216255442671	0.2413664501510574	0.003464966096222151	0.9678581600683566	0.03873184713375796	0.07714301929625425	0.003464966096222151	0.5520713719841556	0.05384885588117222	0.01794910394265233	0.9080971335697399	0.034795719844357975	0.003464966096222151	0.16467411341722504	0.6978761337305528	0.8285668825161887	0.47062001006162746	0.003464966096222151	0.01108860759493671	0.3229674653215637	0.9248661629947358
g__Coprococcus_A	0.003464966096222151	0.013430538172715894	0.003464966096222151	0.003464966096222151	0.003464966096222151	0.003464966096222151	0.3403927353389713	0.4625571482793522	0.003464966096222151	0.003464966096222151	0.003464966096222151	0.003464966096222151	0.013430538172715894	0.1224753896778663	0.6469517354809436	0.003464966096222151	0.003464966096222151	0.01108860759493671	0.6240679538904899	0.003464966096222151	0.04065628288781309	0.003464966096222151	0.003464966096222151	0.8170874146845915	0.003464966096222151	0.9943551104455259	0.003464966096222151	0.47235261770244824	0.003464966096222151	0.057396394611727415	0.008698459875709268	0.003464966096222151	0.7217909794095217	0.09562084015275506	0.003464966096222151	0.003464966096222151	1.0	0.006174338319907941	0.003464966096222151	0.003464966096222151	0.0718273092369478	0.07006990589590936	0.003464966096222151	0.006174338319907941	0.003464966096222151	0.003464966096222151	0.003464966096222151	0.003464966096222151	0.26558433628318584	0.01108860759493671	0.003464966096222151	0.003464966096222151	0.003464966096222151	0.003464966096222151	0.9819743927697232	0.003464966096222151	0.003464966096222151	0.003464966096222151	0.003464966096222151	0.003464966096222151	0.003464966096222151	0.003464966096222151	0.034795719844357975	0.003464966096222151	0.3448615129762562	0.006174338319907941	0.01108860759493671	0.24371006024096384	0.003464966096222151	0.9038025570145127	0.003464966096222151	0.006174338319907941	0.003464966096222151	0.13650677649456522	0.003464966096222151	0.003464966096222151	0.003464966096222151	0.003464966096222151	0.003464966096222151	0.003464966096222151	0.2060043580131209	0.003464966096222151	0.003464966096222151	0.003464966096222151	0.008698459875709268	0.006174338319907941	0.03873184713375796	0.003464966096222151	0.16752448315155463	0.996693515230798	0.003464966096222151	0.003464966096222151	0.01108860759493671	0.003464966096222151	0.003464966096222151	0.003464966096222151	0.003464966096222151	0.006174338319907941	0.6816022009782126	0.003464966096222151	0.003464966096222151	0.003464966096222151	0.003464966096222151	0.006174338319907941	0.003464966096222151	0.003464966096222151	0.27451760573686523	0.003464966096222151	0.003464966096222151	0.003464966096222151	0.9367971097148381	0.036773613193403304	0.013430538172715894	0.06831076388888889	0.491237779433681	0.006174338319907941	0.003464966096222151	0.003464966096222151	0.7721915908610112	0.12894909747292418	0.10664229333333333	0.22913108974358976	0.003464966096222151	0.08568857938718662	0.003464966096222151	0.003464966096222151	0.003464966096222151	0.5500233809924305	0.003464966096222151	0.7990836517381773	0.35916718621821164	0.05562320574162679	0.003464966096222151	0.6316332530949105	0.003464966096222151	0.003464966096222151	0.7884207081319605	0.14263408018867926	0.003464966096222151	0.008698459875709268	0.169106179866645	0.006174338319907941	0.6326457545548297	0.003464966096222151	0.003464966096222151	0.11459195160441875	0.006174338319907941
g__Dialister	0.028686121630652706	0.013430538172715894	0.003464966096222151	0.4755585411705728	0.9646060585885488	0.5402458731117825	0.36743200925044206	0.1544425140775091	0.003464966096222151	0.8939304347826086	0.7397343810548976	0.0718273092369478	0.008698459875709268	0.06109128386336867	0.412958677359979	0.5327778909090909	0.49515425386996903	0.20461581417175034	0.02011905319896883	0.10034935135135135	0.08394524119947849	0.1177564375436148	0.0790385269121813	0.022268618860963797	0.04257444142827312	0.6256044544198894	0.057396394611727415	0.9551103444976077	0.2978613291320538	0.006174338319907941	0.01108860759493671	0.003464966096222151	0.7787187453874539	0.006174338319907941	0.015726917440156328	0.31348648114140415	0.006174338319907941	1.0	0.41094739823475174	0.18374882268140316	0.9511591549295775	0.7115605038335159	0.003464966096222151	0.6248007947477539	0.2679593823529412	0.5089063542688911	0.9174378349200117	0.9351314841707813	0.9058182902780517	0.43574783225806446	0.008698459875709268	0.008698459875709268	0.21683974992281566	0.006174338319907941	0.9577701727593777	0.44728521883798306	0.003464966096222151	0.8047412077043208	0.06295072350410637	0.6316332530949105	0.7727544974104217	0.6372487735310896	0.767247725585834	0.6009710932025227	0.7626039238621863	0.08394524119947849	0.003464966096222151	0.2890067474048443	0.1224753896778663	0.9282471428571429	0.006174338319907941	0.003464966096222151	0.5060124892440073	0.7240361500815661	0.026579824363882006	0.008698459875709268	0.003464966096222151	0.08568857938718662	0.7915167593078134	0.003464966096222151	0.9255513642564802	0.15296928310653835	0.6471412797281992	0.7363027924528301	0.6223831371191135	0.6358157353445321	0.10508952907599	0.7294289707475623	0.9674923624964378	0.9282471428571429	0.013430538172715894	0.6852310953279326	0.6400454027572062	0.3472968711233632	0.6754295081967213	0.003464966096222151	0.7969708594730238	0.4201830023517115	0.04453621083212285	0.2706776978417266	0.9202346597575283	0.11459195160441875	0.01108860759493671	0.17526026222078342	0.13650677649456522	0.9573855873925502	0.4561424561849124	0.37310682649329535	0.09072339643447895	0.008698459875709268	0.6102967933077728	0.14856377755511022	0.008698459875709268	0.03278786556089044	0.04453621083212285	0.5348606926616615	0.2877915415704388	0.10981352067868504	0.003464966096222151	0.745061052631579	0.9465012104909214	0.6230464137453874	0.18788225266847217	0.20189030284010673	0.9052957872928177	0.22777137836185818	0.9457428502786854	0.7143823613086772	0.01108860759493671	0.7844878877089686	0.34279789619377166	0.1720927355278093	0.8319440434693459	0.4020747117296223	0.003464966096222151	0.9217022081094285	0.8123436059788249	0.8717523541813071	0.003464966096222151	0.12095204932268148	0.5733401782531194	0.16174822043628012	0.01108860759493671	0.12562670689655173	0.6649993717747363	0.19336511627906977	0.05384885588117222
g__Dorea	0.003464966096222151	0.02011905319896883	0.013430538172715894	0.003464966096222151	0.003464966096222151	0.003464966096222151	0.028686121630652706	0.003464966096222151	0.003464966096222151	0.003464966096222151	0.003464966096222151	0.003464966096222151	0.024427498292738447	0.003464966096222151	0.8696554282267792	0.003464966096222151	0.003464966096222151	0.9363028436018958	0.3379326298250486	0.003464966096222151	0.8667346153846155	0.003464966096222151	0.003464966096222151	0.026579824363882006	0.008698459875709268	0.5904948907681465	0.34279789619377166	0.5941407897820482	0.37629499054820414	0.3252909395973154	0.015726917440156328	0.003464966096222151	0.7363027924528301	0.3553973154362416	0.003464966096222151	0.003464966096222151	0.003464966096222151	0.41094739823475174	1.0	0.003464966096222151	0.7468048084147257	0.02011905319896883	0.03278786556089044	0.003464966096222151	0.003464966096222151	0.003464966096222151	0.003464966096222151	0.003464966096222151	0.09072339643447895	0.003464966096222151	0.003464966096222151	0.048288402536305994	0.003464966096222151	0.003464966096222151	0.050134673979280925	0.003464966096222151	0.003464966096222151	0.003464966096222151	0.003464966096222151	0.003464966096222151	0.003464966096222151	0.003464966096222151	0.003464966096222151	0.003464966096222151	0.15154056886227546	0.006174338319907941	0.003464966096222151	0.09250862068965518	0.003464966096222151	0.8814367591299143	0.003464966096222151	0.14570961732124876	0.003464966096222151	0.8023919837381425	0.003464966096222151	0.003464966096222151	0.003464966096222151	0.17954120772946863	0.006174338319907941	0.003464966096222151	0.2877915415704388	0.003464966096222151	0.003464966096222151	0.003464966096222151	0.003464966096222151	0.003464966096222151	0.434699728822314	0.003464966096222151	0.09734216255442671	0.8319440434693459	0.008698459875709268	0.003464966096222151	0.006174338319907941	0.003464966096222151	0.003464966096222151	0.003464966096222151	0.003464966096222151	0.003464966096222151	0.8531275547445255	0.003464966096222151	0.006174338319907941	0.003464966096222151	0.003464966096222151	0.003464966096222151	0.003464966096222151	0.003464966096222151	0.23311947400425662	0.003464966096222151	0.003464966096222151	0.003464966096222151	0.9248661629947358	0.03873184713375796	0.0873892282065519	0.8614265293761356	0.8645378225806452	0.04453621083212285	0.003464966096222151	0.030808966431095406	0.8319440434693459	0.006174338319907941	0.006174338319907941	0.01794910394265233	0.003464966096222151	0.2731870221180607	0.003464966096222151	0.22654698407838336	0.003464966096222151	0.0806235912847483	0.003464966096222151	0.964227381745503	0.9223901845883387	0.003464966096222151	0.003464966096222151	0.16326726170979364	0.003464966096222151	0.006174338319907941	0.8885908656716419	0.1177564375436148	0.003464966096222151	0.024427498292738447	0.7621111430395913	0.03873184713375796	0.5640079446498867	0.003464966096222151	0.013430538172715894	0.11300754219409283	0.01108860759493671
g__Dorea_A	0.003464966096222151	0.003464966096222151	0.028686121630652706	0.003464966096222151	0.003464966096222151	0.006174338319907941	0.09072339643447895	0.006174338319907941	0.003464966096222151	0.01108860759493671	0.003464966096222151	0.003464966096222151	0.003464966096222151	0.003464966096222151	0.9747138662625496	0.003464966096222151	0.003464966096222151	0.9072188275862069	0.8708499046088964	0.003464966096222151	0.9248661629947358	0.003464966096222151	0.003464966096222151	0.09562084015275506	0.003464966096222151	0.3683906670289363	0.7363027924528301	0.15296928310653835	0.1558583773959022	0.10822295285359802	0.06831076388888889	0.003464966096222151	0.9996520887728461	0.15154056886227546	0.003464966096222151	0.003464966096222151	0.003464966096222151	0.18374882268140316	0.003464966096222151	1.0	0.9038025570145127	0.01108860759493671	0.003464966096222151	0.003464966096222151	0.003464966096222151	0.003464966096222151	0.003464966096222151	0.003464966096222151	0.3683906670289363	0.003464966096222151	0.003464966096222151	0.01794910394265233	0.003464966096222151	0.003464966096222151	0.4250826443057723	0.003464966096222151	0.003464966096222151	0.003464966096222151	0.006174338319907941	0.003464966096222151	0.006174338319907941	0.003464966096222151	0.01108860759493671	0.003464966096222151	0.028686121630652706	0.008698459875709268	0.003464966096222151	0.09395986866107262	0.003464966096222151	0.9605835573348585	0.003464966096222151	0.49515425386996903	0.003464966096222151	0.41792500000000005	0.003464966096222151	0.003464966096222151	0.003464966096222151	0.24788642234905378	0.003464966096222151	0.008698459875709268	0.16752448315155463	0.003464966096222151	0.003464966096222151	0.003464966096222151	0.006174338319907941	0.003464966096222151	0.41512545287477026	0.003464966096222151	0.18643999680918952	0.662474384900573	0.003464966096222151	0.003464966096222151	0.003464966096222151	0.003464966096222151	0.003464966096222151	0.003464966096222151	0.003464966096222151	0.003464966096222151	0.23873752839618356	0.003464966096222151	0.003464966096222151	0.003464966096222151	0.003464966096222151	0.003464966096222151	0.003464966096222151	0.003464966096222151	0.8461359575769937	0.003464966096222151	0.003464966096222151	0.003464966096222151	0.9058182902780517	0.11143439703808179	0.030808966431095406	0.16612918433931484	0.9451657629074127	0.008698459875709268	0.003464966096222151	0.015726917440156328	0.9058182902780517	0.003464966096222151	0.003464966096222151	0.08394524119947849	0.003464966096222151	0.43969782720493694	0.003464966096222151	0.5574578771216829	0.01108860759493671	0.15296928310653835	0.003464966096222151	0.996693515230798	0.935536387383901	0.003464966096222151	0.003464966096222151	0.807948367983368	0.003464966096222151	0.006174338319907941	0.5337551302241066	0.015726917440156328	0.003464966096222151	0.09395986866107262	0.5941407897820482	0.1544425140775091	0.8113981831395348	0.003464966096222151	0.006174338319907941	0.0790385269121813	0.04644497114591921
g__Dorea_D	0.7696819125277984	0.35086371511068337	0.3345309653155036	0.5647490883089024	0.9451657629074127	0.6045721859706362	0.926055619400078	0.8518153237264056	0.20719509116409535	0.5658930775646371	0.9323297556719022	0.5932309180443194	0.9511591549295775	0.6358157353445321	0.7256599739243806	0.978587696087696	0.42965754863813227	0.6207657766990291	0.3122793834841629	0.11300754219409283	0.6293136703044228	0.36267618657937806	0.8165687985097796	0.5509817002881844	0.4665122587968218	0.6787026148881719	0.7287400693842151	0.39223754006410255	0.5548699652569785	0.9065188350088704	0.36399083844580776	0.13345102354145344	0.0806235912847483	0.40301624305003975	0.7974258566652738	0.86544509171538	0.0718273092369478	0.9511591549295775	0.7468048084147257	0.9038025570145127	1.0	0.995711533065195	0.7272806252035168	0.9052957872928177	0.4250826443057723	0.8821554159186117	0.8393500153327199	0.962551185375607	0.30994583333333336	0.5689153599048186	0.9052957872928177	0.6343055046921492	0.5099099668995954	0.7827251236191478	0.7943523076923077	0.8599544554455446	0.5282152427184466	0.7047047817961967	0.576011565836299	0.9747138662625496	0.37629499054820414	0.13650677649456522	0.940475474790321	0.8088116283903147	0.965443048687714	0.6461742905788876	0.19469317858834673	0.42103492954070987	0.036773613193403304	0.2914706948640483	0.015726917440156328	0.1394884888438134	0.722173294156056	0.11300754219409283	0.16752448315155463	0.8486957565889895	0.04065628288781309	0.06831076388888889	0.3035894122669702	0.022268618860963797	0.006174338319907941	0.9943551104455259	0.36155778839590447	0.9760994794131567	0.39775631067961165	0.3602895506078404	0.4406242871821217	0.7030410871478874	0.1558583773959022	0.5584068331143233	0.0806235912847483	0.18643999680918952	0.6479163082842915	0.06295072350410637	0.745061052631579	0.17054625	0.5402458731117825	0.9767453874538745	0.49599178522825677	0.8939304347826086	0.9559748733632801	0.05562320574162679	0.1471649196249163	0.5548699652569785	0.17671119909502264	0.5548699652569785	0.43365	0.17054625	0.09866472182080925	0.9291094150796735	0.4552421434019832	0.9031889668115369	0.04065628288781309	0.4524148011218766	0.8468564796905222	0.5999980719794344	0.6389683760683761	0.9503776359973136	0.5629964912280702	0.49515425386996903	0.048288402536305994	0.6308370612525808	0.7404909521247982	0.11612743006993008	0.4683920055394687	0.1394884888438134	0.9244508925958443	0.4377263910355486	0.9605835573348585	0.41512545287477026	0.803008365454735	0.08394524119947849	0.6713926182753607	0.6293136703044228	0.44286885182809493	0.7799946614720438	0.6543440320397111	0.11459195160441875	1.0	0.2978613291320538	0.10664229333333333	0.9488647499280023	0.9510422077299319	0.6038847095871238	0.05206064281382656	0.5316704983630411	0.9577701727593777
g__Dysosmobacter	0.003464966096222151	0.504755421686747	0.15734552201880259	0.003464966096222151	0.003464966096222151	0.003464966096222151	0.14113538747256457	0.003464966096222151	0.9805128712871287	0.003464966096222151	0.003464966096222151	0.013430538172715894	0.3415490027700831	0.05206064281382656	0.003464966096222151	0.08911145967890755	0.003464966096222151	0.17526026222078342	0.003464966096222151	0.006174338319907941	0.04644497114591921	0.01794910394265233	0.026579824363882006	0.12562670689655173	0.15887959486166006	0.008698459875709268	0.5960270982090601	0.4595306492518387	0.4285992601246105	0.61723140639481	0.015726917440156328	0.21544928902627508	0.006174338319907941	0.008698459875709268	0.7990836517381773	0.003464966096222151	0.07006990589590936	0.7115605038335159	0.02011905319896883	0.01108860759493671	0.995711533065195	1.0	0.05206064281382656	0.003464966096222151	0.9883683222232653	0.003464966096222151	0.003464966096222151	0.003464966096222151	0.06295072350410637	0.003464966096222151	0.003464966096222151	0.003464966096222151	0.003464966096222151	0.003464966096222151	0.33923422148209825	0.003464966096222151	0.003464966096222151	0.003464966096222151	0.003464966096222151	0.01794910394265233	0.003464966096222151	0.003464966096222151	0.26172396033742784	0.003464966096222151	0.526185348074353	0.003464966096222151	0.3968040878828229	0.008698459875709268	0.006174338319907941	0.20719509116409535	0.003464966096222151	0.003464966096222151	0.003464966096222151	0.169106179866645	0.003464966096222151	0.030808966431095406	0.006174338319907941	0.06477044392523365	0.003464966096222151	0.04453621083212285	0.003464966096222151	0.003464966096222151	0.003464966096222151	0.003464966096222151	0.003464966096222151	0.652659080641518	0.49220372300819054	0.003464966096222151	0.003464966096222151	0.003464966096222151	0.07359801867022289	0.003464966096222151	0.003464966096222151	0.008698459875709268	0.003464966096222151	0.022268618860963797	0.003464966096222151	0.003464966096222151	0.13191295948025306	0.006174338319907941	0.4305467936261173	0.003464966096222151	0.24003552631578948	0.034795719844357975	0.4250826443057723	0.003464966096222151	0.003464966096222151	0.5020938740293356	0.3448615129762562	0.9351314841707813	0.04257444142827312	0.003464966096222151	0.8300050523721503	0.006174338319907941	0.47131759608138657	0.003464966096222151	0.006174338319907941	0.003464966096222151	0.13191295948025306	0.003464966096222151	0.40427626042080195	0.06109128386336867	0.4230624772076062	0.01794910394265233	0.003464966096222151	0.5107871876531112	0.003464966096222151	0.39447156	0.003464966096222151	0.894640424687438	0.5790062189054727	0.05384885588117222	0.003464966096222151	0.19604711538461536	0.02011905319896883	0.003464966096222151	0.7106186479675688	0.003464966096222151	0.003464966096222151	0.003464966096222151	0.01794910394265233	0.16752448315155463	0.01108860759493671	0.003464966096222151	0.003464966096222151	0.01108860759493671	0.10508952907599
g__Eggerthella	0.006174338319907941	0.008698459875709268	0.006174338319907941	0.37310682649329535	0.838510245398773	0.9789541977523845	0.7047047817961967	0.8645378225806452	0.003464966096222151	0.02011905319896883	0.5981192537138846	0.003464966096222151	0.003464966096222151	0.008698459875709268	0.11300754219409283	0.003464966096222151	0.003464966096222151	0.12399031088082903	0.003464966096222151	0.003464966096222151	0.050134673979280925	0.003464966096222151	0.003464966096222151	0.003464966096222151	0.003464966096222151	0.10664229333333333	0.003464966096222151	0.003464966096222151	0.008698459875709268	0.2731870221180607	0.003464966096222151	0.003464966096222151	0.1349822808510638	0.003464966096222151	0.003464966096222151	0.06477044392523365	0.003464966096222151	0.003464966096222151	0.03278786556089044	0.003464966096222151	0.7272806252035168	0.05206064281382656	1.0	0.37987248349279074	0.006174338319907941	0.6455424335378322	0.0806235912847483	0.25147523539082345	0.7047047817961967	0.38994418884579374	0.006174338319907941	0.7388178529126735	0.16467411341722504	0.003464966096222151	0.7754195670538543	0.013430538172715894	0.003464966096222151	0.4570409413854352	0.003464966096222151	0.13191295948025306	0.17954120772946863	0.003464966096222151	0.008698459875709268	0.6162738178025035	0.8518153237264056	0.37080256410256407	0.003464966096222151	0.006174338319907941	0.05922885866351271	0.7404909521247982	0.003464966096222151	0.003464966096222151	0.2569304347826087	0.9725858930602957	0.003464966096222151	0.003464966096222151	0.024427498292738447	0.034795719844357975	0.8107049236522281	0.006174338319907941	0.5851317495873615	0.4694474962254655	0.23739998483699773	0.8501011793411956	0.7943523076923077	0.003464966096222151	0.19892844339622642	0.4010245025205625	0.0806235912847483	0.04065628288781309	0.09866472182080925	0.9314699476338246	0.9397127386692382	0.003464966096222151	0.9378744785631518	0.003464966096222151	0.003464966096222151	0.9441007795957651	0.10822295285359802	0.003464966096222151	0.015726917440156328	0.18929026562748527	0.006174338319907941	0.003464966096222151	0.003464966096222151	0.8752935483870968	0.9479256048387098	0.47131759608138657	0.003464966096222151	0.003464966096222151	0.9819743927697232	0.1224753896778663	0.003464966096222151	0.06831076388888889	0.30244967227130237	0.7125797634691197	0.07714301929625425	0.9577701727593777	0.23450127562642367	0.06109128386336867	0.003464966096222151	0.7613742199978702	0.006174338319907941	0.7990836517381773	0.0806235912847483	0.003464966096222151	0.7770294682422453	0.301436026263203	0.003464966096222151	0.6207657766990291	0.8661774330042313	0.003464966096222151	0.19218431154822335	0.003464966096222151	0.003464966096222151	0.3752513787510138	0.08568857938718662	0.14263408018867926	0.003464966096222151	0.9890044110746129	0.4811555610972568	0.003464966096222151	0.07531240515933231	0.8511582089552239	0.4561424561849124	0.7397343810548976	0.003464966096222151
g__Enterobacter	0.003464966096222151	0.8366579582651391	0.06295072350410637	0.003464966096222151	0.006174338319907941	0.003464966096222151	0.19336511627906977	0.008698459875709268	0.49220372300819054	0.09866472182080925	0.003464966096222151	0.013430538172715894	0.9186139555381451	0.006174338319907941	0.003464966096222151	0.4634457406471183	0.003464966096222151	0.7571119492158327	0.04644497114591921	0.008698459875709268	0.9307000776020953	0.07714301929625425	0.7443081569048898	0.003464966096222151	0.597073543178095	0.6445429594272076	0.26558433628318584	0.7898457493702771	0.42614532346063916	0.5282152427184466	0.08236072631973045	0.8963253198452841	0.3909088565321934	0.09072339643447895	0.6479163082842915	0.003464966096222151	0.006174338319907941	0.6248007947477539	0.003464966096222151	0.003464966096222151	0.9052957872928177	0.003464966096222151	0.37987248349279074	1.0	0.6577765957446808	0.003464966096222151	0.003464966096222151	0.003464966096222151	0.7974258566652738	0.006174338319907941	0.003464966096222151	0.003464966096222151	0.003464966096222151	0.003464966096222151	0.720080405626431	0.003464966096222151	0.9016033899980233	0.003464966096222151	0.04065628288781309	0.050134673979280925	0.003464966096222151	0.003464966096222151	0.6045721859706362	0.003464966096222151	0.6372487735310896	0.003464966096222151	0.6614174064501629	0.5805856788079471	0.01108860759493671	0.5509817002881844	0.022268618860963797	0.722173294156056	0.003464966096222151	0.7997030046948358	0.18508230498721226	0.003464966096222151	0.015726917440156328	0.49515425386996903	0.003464966096222151	0.11612743006993008	0.05562320574162679	0.003464966096222151	0.01108860759493671	0.026579824363882006	0.003464966096222151	0.47131759608138657	0.7794392307692308	0.003464966096222151	0.003464966096222151	0.036773613193403304	0.003464966096222151	0.003464966096222151	0.01108860759493671	0.015726917440156328	0.003464966096222151	0.024427498292738447	0.003464966096222151	0.003464966096222151	0.4561424561849124	0.015726917440156328	0.003464966096222151	0.022268618860963797	0.47131759608138657	0.2100159956474429	0.008698459875709268	0.003464966096222151	0.09072339643447895	0.16612918433931484	0.030808966431095406	0.036773613193403304	0.8765654723779024	0.1379310584250635	0.2240158064516129	0.578008947617919	0.923764526202791	0.003464966096222151	0.008698459875709268	0.003464966096222151	0.5209324808184144	0.05562320574162679	0.34375978441127697	0.05562320574162679	0.003464966096222151	0.7404909521247982	0.003464966096222151	0.5188874177029993	0.003464966096222151	0.988010146561443	0.003464966096222151	0.8233257705391196	0.05206064281382656	0.8227284476534296	0.003464966096222151	0.3987592267835791	0.7249666666666666	0.003464966096222151	0.96832536293766	0.11300754219409283	0.006174338319907941	0.26172396033742784	0.4250826443057723	0.7318860110353781	0.18097779742765271	0.003464966096222151	0.003464966096222151	0.003464966096222151	0.911427484747097
g__Enterocloster	0.05562320574162679	0.057396394611727415	0.006174338319907941	0.3542671785028791	0.3252909395973154	0.05384885588117222	0.8580022462814935	0.006174338319907941	0.5306266650491327	0.003464966096222151	0.2817140699869319	0.9779432785025524	0.8294993525845237	0.05562320574162679	0.22654698407838336	0.03873184713375796	0.04453621083212285	0.006174338319907941	0.003464966096222151	0.003464966096222151	0.01794910394265233	0.10822295285359802	0.003464966096222151	0.008698459875709268	0.022268618860963797	0.17671119909502264	0.003464966096222151	0.015726917440156328	0.19336511627906977	0.20461581417175034	0.38994418884579374	0.003464966096222151	0.003464966096222151	0.11935785900783291	0.006174338319907941	0.003464966096222151	0.003464966096222151	0.2679593823529412	0.003464966096222151	0.003464966096222151	0.4250826443057723	0.9883683222232653	0.006174338319907941	0.6577765957446808	1.0	0.8453002346220545	0.5861204925760075	0.2890067474048443	0.16467411341722504	0.0873892282065519	0.008698459875709268	0.3403927353389713	0.003464966096222151	0.003464966096222151	0.22521445653840255	0.6366055155875299	0.003464966096222151	0.5842109826589595	0.003464966096222151	0.07006990589590936	0.5888039872971066	0.003464966096222151	0.7530747754491018	0.9976734808176981	0.169106179866645	0.7311996752192269	0.006174338319907941	0.9378744785631518	0.003464966096222151	0.008698459875709268	0.003464966096222151	0.652659080641518	0.08911145967890755	0.18508230498721226	0.46739406576792236	0.003464966096222151	0.3156710059171598	0.04257444142827312	0.048288402536305994	0.04065628288781309	0.7952257062146894	0.18508230498721226	0.4755585411705728	0.5442491981188954	0.4524148011218766	0.1379310584250635	0.1471649196249163	0.9373813623188406	0.05922885866351271	0.013430538172715894	0.003464966096222151	0.6649993717747363	0.7621111430395913	0.003464966096222151	0.12399031088082903	0.026579824363882006	0.30244967227130237	0.6754295081967213	0.5188874177029993	0.6275691201840138	0.09072339643447895	0.46551113214691403	0.638036312849162	0.6614174064501629	0.01108860759493671	0.7077117447088497	0.028686121630652706	0.1177564375436148	0.003464966096222151	0.003464966096222151	0.003464966096222151	0.21683974992281566	0.9378744785631518	0.8501011793411956	0.43888242790937176	0.20719509116409535	0.2060043580131209	0.9808773087071241	0.13650677649456522	0.003464966096222151	0.4991101148573545	0.9451657629074127	0.003464966096222151	0.7704919339472848	0.6471412797281992	0.01794910394265233	0.09395986866107262	0.15296928310653835	0.003464966096222151	0.25147523539082345	0.6372487735310896	0.028686121630652706	0.3909088565321934	0.028686121630652706	0.03278786556089044	0.028686121630652706	0.003464966096222151	0.028686121630652706	0.003464966096222151	0.0790385269121813	0.20319152701644477	0.348535785123967	0.11935785900783291	0.028686121630652706	0.013430538172715894	0.7770294682422453	0.34958052001650847
g__Enterococcus	0.003464966096222151	0.4118727236842106	0.008698459875709268	0.003464966096222151	0.003464966096222151	0.003464966096222151	0.01794910394265233	0.003464966096222151	0.006174338319907941	0.008698459875709268	0.003464966096222151	0.003464966096222151	0.5815108734192176	0.003464966096222151	0.003464966096222151	0.003464966096222151	0.003464966096222151	0.894640424687438	0.003464966096222151	0.003464966096222151	0.09395986866107262	0.008698459875709268	0.35916718621821164	0.003464966096222151	0.09072339643447895	0.9397127386692382	0.7990836517381773	0.9299297593634775	0.8771127425485097	0.8599544554455446	0.9045940682984602	0.2693394268919912	0.301436026263203	0.028686121630652706	0.4158244922028568	0.003464966096222151	0.003464966096222151	0.5089063542688911	0.003464966096222151	0.003464966096222151	0.8821554159186117	0.003464966096222151	0.6455424335378322	0.003464966096222151	0.8453002346220545	1.0	0.003464966096222151	0.003464966096222151	0.34375978441127697	0.003464966096222151	0.003464966096222151	0.01794910394265233	0.003464966096222151	0.003464966096222151	0.05206064281382656	0.003464966096222151	0.3204992	0.003464966096222151	0.003464966096222151	0.003464966096222151	0.003464966096222151	0.003464966096222151	0.14417469312258283	0.003464966096222151	0.9819743927697232	0.003464966096222151	0.7598170219569388	0.9791354029062087	0.013430538172715894	0.28290252320185616	0.003464966096222151	0.39986614894464356	0.003464966096222151	0.34958052001650847	0.003464966096222151	0.003464966096222151	0.008698459875709268	0.3204992	0.003464966096222151	0.008698459875709268	0.003464966096222151	0.003464966096222151	0.003464966096222151	0.003464966096222151	0.003464966096222151	0.015726917440156328	0.3156710059171598	0.003464966096222151	0.003464966096222151	0.003464966096222151	0.006174338319907941	0.003464966096222151	0.003464966096222151	0.003464966096222151	0.003464966096222151	0.015726917440156328	0.003464966096222151	0.003464966096222151	0.10822295285359802	0.003464966096222151	0.015726917440156328	0.006174338319907941	0.24506782006920416	0.01108860759493671	0.003464966096222151	0.003464966096222151	0.7345432024169184	0.04257444142827312	0.006174338319907941	0.0790385269121813	0.003464966096222151	0.003464966096222151	0.38892511715089034	0.5640079446498867	0.9294296213592232	0.003464966096222151	0.003464966096222151	0.003464966096222151	0.7621111430395913	0.003464966096222151	0.33322185365853657	0.006174338319907941	0.006174338319907941	0.70628762490392	0.003464966096222151	0.4316015145631068	0.003464966096222151	0.4241286699635607	0.003464966096222151	0.6754295081967213	0.18097779742765271	0.3448615129762562	0.003464966096222151	0.9518225361555407	0.44286885182809493	0.003464966096222151	0.7997030046948358	0.01794910394265233	0.003464966096222151	0.006174338319907941	0.33551165507649516	0.5037457989912658	0.057396394611727415	0.003464966096222151	0.003464966096222151	0.024427498292738447	0.6893494631986719
g__Enterococcus_A	0.003464966096222151	0.04453621083212285	0.013430538172715894	0.003464966096222151	0.003464966096222151	0.003464966096222151	0.01794910394265233	0.003464966096222151	0.003464966096222151	0.003464966096222151	0.003464966096222151	0.003464966096222151	0.4811555610972568	0.003464966096222151	0.003464966096222151	0.024427498292738447	0.003464966096222151	0.9646060585885488	0.003464966096222151	0.003464966096222151	0.003464966096222151	0.003464966096222151	0.08394524119947849	0.003464966096222151	0.003464966096222151	0.6867744845932167	0.8531275547445255	0.5960270982090601	0.6045721859706362	0.722173294156056	0.7626039238621863	0.04453621083212285	0.9299297593634775	0.9883683222232653	0.06477044392523365	0.003464966096222151	0.003464966096222151	0.9174378349200117	0.003464966096222151	0.003464966096222151	0.8393500153327199	0.003464966096222151	0.0806235912847483	0.003464966096222151	0.5861204925760075	0.003464966096222151	1.0	0.003464966096222151	0.4316015145631068	0.003464966096222151	0.003464966096222151	0.013430538172715894	0.003464966096222151	0.003464966096222151	0.16752448315155463	0.003464966096222151	0.003464966096222151	0.003464966096222151	0.003464966096222151	0.003464966096222151	0.003464966096222151	0.003464966096222151	0.4683920055394687	0.003464966096222151	0.5027968238335591	0.003464966096222151	0.29914121350887235	0.9660041916167665	0.003464966096222151	0.4230624772076062	0.003464966096222151	0.28048172699520274	0.003464966096222151	0.6372487735310896	0.003464966096222151	0.003464966096222151	0.003464966096222151	0.7071553506750083	0.003464966096222151	0.013430538172715894	0.006174338319907941	0.003464966096222151	0.003464966096222151	0.003464966096222151	0.003464966096222151	0.003464966096222151	0.6675624327956989	0.003464966096222151	0.015726917440156328	0.006174338319907941	0.003464966096222151	0.003464966096222151	0.003464966096222151	0.003464966096222151	0.003464966096222151	0.003464966096222151	0.003464966096222151	0.003464966096222151	0.3752513787510138	0.003464966096222151	0.034795719844357975	0.003464966096222151	0.06109128386336867	0.003464966096222151	0.003464966096222151	0.003464966096222151	0.2668129032258064	0.003464966096222151	0.003464966096222151	0.057396394611727415	0.003464966096222151	0.003464966096222151	0.3602895506078404	0.4140429190751445	0.55296120906801	0.003464966096222151	0.003464966096222151	0.003464966096222151	0.9248661629947358	0.003464966096222151	0.3087312810327706	0.013430538172715894	0.003464966096222151	0.8319440434693459	0.003464966096222151	0.8063879837702872	0.003464966096222151	0.02011905319896883	0.003464966096222151	0.4561424561849124	0.10197052272319024	0.8599544554455446	0.003464966096222151	0.28539398061062077	0.2413664501510574	0.003464966096222151	0.70628762490392	0.04453621083212285	0.003464966096222151	0.05562320574162679	0.8814367591299143	0.5618498985316939	0.14856377755511022	0.003464966096222151	0.003464966096222151	0.003464966096222151	0.8876997611464968
g__Enterococcus_B	0.003464966096222151	0.19604711538461536	0.006174338319907941	0.003464966096222151	0.003464966096222151	0.003464966096222151	0.057396394611727415	0.003464966096222151	0.01794910394265233	0.013430538172715894	0.003464966096222151	0.003464966096222151	0.5472073672806067	0.003464966096222151	0.003464966096222151	0.006174338319907941	0.003464966096222151	0.745061052631579	0.003464966096222151	0.003464966096222151	0.028686121630652706	0.003464966096222151	0.25277680250783696	0.003464966096222151	0.015726917440156328	0.9152663686382394	0.8316965517241379	0.10197052272319024	0.9094944980314961	0.9262888099639973	0.6141422358807839	0.15010518506168724	0.37863053795335044	0.015726917440156328	0.2579904606240713	0.003464966096222151	0.003464966096222151	0.9351314841707813	0.003464966096222151	0.003464966096222151	0.962551185375607	0.003464966096222151	0.25147523539082345	0.003464966096222151	0.2890067474048443	0.003464966096222151	0.003464966096222151	1.0	0.42199461678832123	0.003464966096222151	0.003464966096222151	0.015726917440156328	0.003464966096222151	0.003464966096222151	0.4158244922028568	0.003464966096222151	0.09395986866107262	0.003464966096222151	0.003464966096222151	0.013430538172715894	0.003464966096222151	0.003464966096222151	0.4615498480628007	0.003464966096222151	0.07531240515933231	0.03278786556089044	0.3403927353389713	0.5647490883089024	0.036773613193403304	0.7047047817961967	0.008698459875709268	0.16326726170979364	0.003464966096222151	0.655037368955022	0.003464966096222151	0.003464966096222151	0.003464966096222151	0.3415490027700831	0.003464966096222151	0.003464966096222151	0.003464966096222151	0.003464966096222151	0.003464966096222151	0.003464966096222151	0.003464966096222151	0.003464966096222151	0.4406242871821217	0.003464966096222151	0.01794910394265233	0.003464966096222151	0.015726917440156328	0.003464966096222151	0.003464966096222151	0.003464966096222151	0.003464966096222151	0.003464966096222151	0.003464966096222151	0.003464966096222151	0.8217911173011451	0.003464966096222151	0.11143439703808179	0.003464966096222151	0.1379310584250635	0.003464966096222151	0.008698459875709268	0.003464966096222151	0.6122213000580382	0.03278786556089044	0.09866472182080925	0.17671119909502264	0.003464966096222151	0.003464966096222151	0.96832536293766	0.7490997106109325	0.43574783225806446	0.003464966096222151	0.003464966096222151	0.003464966096222151	0.1394884888438134	0.003464966096222151	0.7477158154506437	0.008698459875709268	0.003464966096222151	0.8968559024680345	0.003464966096222151	0.8337169996925915	0.003464966096222151	0.2914706948640483	0.003464966096222151	0.526185348074353	0.006174338319907941	0.9174378349200117	0.003464966096222151	0.655037368955022	0.7397343810548976	0.003464966096222151	0.18788225266847217	0.01794910394265233	0.003464966096222151	0.006174338319907941	0.7340982179501025	0.7180533871495581	0.28290252320185616	0.003464966096222151	0.024427498292738447	0.1558583773959022	0.9177704324801411
g__Eubacterium_F	0.29409290433783397	0.39574406237504994	0.05922885866351271	0.036773613193403304	0.034795719844357975	0.8359022922636103	0.27451760573686523	0.08911145967890755	0.8787320271891244	0.45349378264747103	0.11459195160441875	0.5740103894561862	0.5640079446498867	0.316825752884886	0.9005673493618284	0.4167937819086268	0.24901196222455402	0.01108860759493671	0.2500957068062827	0.5209324808184144	0.4793760899437851	0.6461742905788876	0.9262888099639973	0.12095204932268148	0.9996520887728461	0.003464966096222151	0.008698459875709268	0.5027968238335591	0.3719052182163188	0.5960270982090601	0.9248661629947358	0.12399031088082903	0.3074270017035775	0.5491959595959596	0.7345432024169184	0.07531240515933231	0.26558433628318584	0.9058182902780517	0.09072339643447895	0.3683906670289363	0.30994583333333336	0.06295072350410637	0.7047047817961967	0.7974258566652738	0.16467411341722504	0.34375978441127697	0.4316015145631068	0.42199461678832123	1.0	0.9605835573348585	0.08236072631973045	0.2954645133505599	0.01108860759493671	0.19604711538461536	0.6332948483113909	0.21544928902627508	0.21145402173913047	0.14417469312258283	0.507839175257732	0.6859652212487524	0.3415490027700831	0.10981352067868504	0.24254778347406514	0.9065188350088704	0.15154056886227546	0.6787026148881719	0.8954386667989286	0.722173294156056	0.7557090685750908	0.6471412797281992	0.3719052182163188	0.024427498292738447	0.7153217457886678	0.008698459875709268	0.6903079663642399	0.9996520887728461	0.6207657766990291	0.048288402536305994	0.5740103894561862	0.20719509116409535	0.8667346153846155	0.28539398061062077	0.024427498292738447	0.09250862068965518	0.9510422077299319	0.5089063542688911	0.2679593823529412	0.702246658592976	0.9244508925958443	0.07359801867022289	0.034795719844357975	0.2668129032258064	0.34605624827586207	0.6366055155875299	0.24254778347406514	0.5749432182271271	0.5952587277413308	0.048288402536305994	0.21282290277562416	0.3204992	0.7143823613086772	0.4930459459459459	0.008698459875709268	0.8453002346220545	0.7652135436583811	0.9591778042731782	0.5805856788079471	0.4077269809825674	0.08911145967890755	0.8505004266558309	0.31446929911154986	0.3742055074424898	0.5229730656934306	0.05562320574162679	0.8990665544554455	0.16612918433931484	0.37310682649329535	0.7659466291538379	0.9391307380607815	0.04644497114591921	0.034795719844357975	0.05206064281382656	0.8765654723779024	0.979778155065082	0.8501011793411956	0.008698459875709268	0.8468564796905222	0.003464966096222151	0.6940589327146172	0.15296928310653835	0.05206064281382656	0.8737562105263158	0.7345432024169184	0.35328031301482704	0.9613315323041738	0.8761052779168754	0.41792500000000005	0.8427899938738003	0.24506782006920416	0.7794392307692308	0.5952587277413308	0.6038847095871238	0.2842113590263692	0.5442491981188954	0.5169009521484375	0.821361930820857	0.008698459875709268
g__Eubacterium_G	0.003464966096222151	0.8933085907240044	0.006174338319907941	0.003464966096222151	0.003464966096222151	0.003464966096222151	0.013430538172715894	0.003464966096222151	0.507839175257732	0.026579824363882006	0.003464966096222151	0.003464966096222151	0.5699208704958972	0.050134673979280925	0.2842113590263692	0.003464966096222151	0.003464966096222151	0.259199821958457	0.013430538172715894	0.003464966096222151	0.8511582089552239	0.006174338319907941	0.006174338319907941	0.5442491981188954	0.003464966096222151	0.5805856788079471	0.8558706382978724	0.42103492954070987	0.9152663686382394	0.4634457406471183	0.05384885588117222	0.2579904606240713	0.7039120545534536	0.8744813307946688	0.006174338319907941	0.015726917440156328	0.01108860759493671	0.43574783225806446	0.003464966096222151	0.003464966096222151	0.5689153599048186	0.003464966096222151	0.38994418884579374	0.006174338319907941	0.0873892282065519	0.003464966096222151	0.003464966096222151	0.003464966096222151	0.9605835573348585	1.0	0.003464966096222151	0.022268618860963797	0.003464966096222151	0.003464966096222151	0.873205657538369	0.003464966096222151	0.15887959486166006	0.003464966096222151	0.003464966096222151	0.003464966096222151	0.003464966096222151	0.003464966096222151	0.9335055308020148	0.003464966096222151	0.26307848587904775	0.003464966096222151	0.4010245025205625	0.8676403462854841	0.022268618860963797	0.47235261770244824	0.003464966096222151	0.034795719844357975	0.003464966096222151	0.13191295948025306	0.01108860759493671	0.003464966096222151	0.3742055074424898	0.6326457545548297	0.01108860759493671	0.14570961732124876	0.003464966096222151	0.003464966096222151	0.003464966096222151	0.003464966096222151	0.006174338319907941	0.003464966096222151	0.21145402173913047	0.003464966096222151	0.1224753896778663	0.003464966096222151	0.008698459875709268	0.003464966096222151	0.003464966096222151	0.003464966096222151	0.003464966096222151	0.07006990589590936	0.003464966096222151	0.003464966096222151	0.6332948483113909	0.003464966096222151	0.003464966096222151	0.003464966096222151	0.01794910394265233	0.057396394611727415	0.006174338319907941	0.003464966096222151	0.003464966096222151	0.006174338319907941	0.003464966096222151	0.2877915415704388	0.6770678845939624	0.003464966096222151	0.9865499153976311	0.42965754863813227	0.8531275547445255	0.003464966096222151	0.003464966096222151	0.003464966096222151	0.8421242414955563	0.006174338319907941	0.9789541977523845	0.013430538172715894	0.008698459875709268	0.9129106205133247	0.003464966096222151	0.7334937743190661	0.003464966096222151	0.8787320271891244	0.003464966096222151	0.6908837497236348	0.003464966096222151	0.31348648114140415	0.003464966096222151	0.20461581417175034	0.37863053795335044	0.003464966096222151	0.24003552631578948	0.33923422148209825	0.003464966096222151	0.06477044392523365	0.12095204932268148	0.5127252110091743	0.38533718309859155	0.003464966096222151	0.003464966096222151	0.8639786362719387	0.880173511785857
g__Eubacterium_I	0.003464966096222151	0.022268618860963797	0.003464966096222151	0.003464966096222151	0.003464966096222151	0.015726917440156328	0.10822295285359802	0.01108860759493671	0.003464966096222151	0.003464966096222151	0.003464966096222151	0.003464966096222151	0.006174338319907941	0.006174338319907941	0.8217911173011451	0.003464966096222151	0.003464966096222151	0.4665122587968218	0.34375978441127697	0.003464966096222151	0.04065628288781309	0.003464966096222151	0.003464966096222151	0.6844199866755497	0.003464966096222151	0.6859652212487524	0.3864137898686679	0.8744813307946688	0.2541889618138425	0.05384885588117222	0.5178947907771135	0.003464966096222151	0.16174822043628012	0.18235123555840818	0.003464966096222151	0.003464966096222151	0.003464966096222151	0.008698459875709268	0.003464966096222151	0.003464966096222151	0.9052957872928177	0.003464966096222151	0.006174338319907941	0.003464966096222151	0.008698459875709268	0.003464966096222151	0.003464966096222151	0.003464966096222151	0.08236072631973045	0.003464966096222151	1.0	0.003464966096222151	0.003464966096222151	0.003464966096222151	0.6675624327956989	0.003464966096222151	0.003464966096222151	0.003464966096222151	0.003464966096222151	0.003464966096222151	0.003464966096222151	0.003464966096222151	0.015726917440156328	0.003464966096222151	0.057396394611727415	0.024427498292738447	0.003464966096222151	0.5037457989912658	0.003464966096222151	0.5491959595959596	0.003464966096222151	0.7363027924528301	0.04065628288781309	0.43969782720493694	0.003464966096222151	0.003464966096222151	0.003464966096222151	0.995711533065195	0.013430538172715894	0.003464966096222151	0.048288402536305994	0.003464966096222151	0.003464966096222151	0.003464966096222151	0.003464966096222151	0.003464966096222151	0.815795972667978	0.003464966096222151	0.4941313011152416	0.1471649196249163	0.003464966096222151	0.003464966096222151	0.01108860759493671	0.003464966096222151	0.01794910394265233	0.003464966096222151	0.003464966096222151	0.003464966096222151	0.3345309653155036	0.003464966096222151	0.01794910394265233	0.003464966096222151	0.003464966096222151	0.003464966096222151	0.003464966096222151	0.006174338319907941	0.5027968238335591	0.003464966096222151	0.003464966096222151	0.003464966096222151	0.5670365217391304	0.31446929911154986	0.048288402536305994	0.09395986866107262	0.6770678845939624	0.008698459875709268	0.003464966096222151	0.003464966096222151	0.7180533871495581	0.07359801867022289	0.050134673979280925	0.5107871876531112	0.024427498292738447	0.15734552201880259	0.003464966096222151	0.27800842197289816	0.003464966096222151	0.18929026562748527	0.003464966096222151	0.4842639203484754	0.45349378264747103	0.003464966096222151	0.003464966096222151	0.3909088565321934	0.003464966096222151	0.003464966096222151	0.12562670689655173	0.003464966096222151	0.003464966096222151	0.003464966096222151	0.6989830538393645	0.028686121630652706	0.9767453874538745	0.003464966096222151	0.008698459875709268	0.034795719844357975	0.09866472182080925
g__Evtepia	0.003464966096222151	0.14113538747256457	0.003464966096222151	0.08911145967890755	0.39775631067961165	0.003464966096222151	0.39574406237504994	0.13191295948025306	0.301436026263203	0.015726917440156328	0.006174338319907941	0.1379310584250635	0.996693515230798	0.34958052001650847	0.003464966096222151	0.9335055308020148	0.03873184713375796	0.14263408018867926	0.44183228912569	0.04453621083212285	0.5834268595041323	0.8580022462814935	0.008698459875709268	0.8354025806451613	0.6353154673378332	0.13345102354145344	0.003464966096222151	0.27451760573686523	0.6308370612525808	0.9551103444976077	0.9367971097148381	0.22521445653840255	0.07531240515933231	0.35086371511068337	0.5932309180443194	0.30244967227130237	0.003464966096222151	0.008698459875709268	0.048288402536305994	0.01794910394265233	0.6343055046921492	0.003464966096222151	0.7388178529126735	0.003464966096222151	0.3403927353389713	0.01794910394265233	0.013430538172715894	0.015726917440156328	0.2954645133505599	0.022268618860963797	0.003464966096222151	1.0	0.9223901845883387	0.006174338319907941	0.10197052272319024	0.006174338319907941	0.348535785123967	0.10508952907599	0.003464966096222151	0.022268618860963797	0.006174338319907941	0.003464966096222151	0.5923199788831535	0.003464966096222151	0.5463759759036144	0.003464966096222151	0.51185083251714	0.8845723168908819	0.003464966096222151	0.003464966096222151	0.003464966096222151	0.8337169996925915	0.003464966096222151	0.9138760176991151	0.015726917440156328	0.8037913464542331	0.008698459875709268	0.30244967227130237	0.003464966096222151	0.3217343710559528	0.9555885711553176	0.003464966096222151	0.1394884888438134	0.003464966096222151	0.008698459875709268	0.9217022081094285	0.7626039238621863	0.003464966096222151	0.050134673979280925	0.003464966096222151	0.003464966096222151	0.04065628288781309	0.24506782006920416	0.01794910394265233	0.008698459875709268	0.006174338319907941	0.5337551302241066	0.05384885588117222	0.11612743006993008	0.10981352067868504	0.05384885588117222	0.09072339643447895	0.6641680772252778	0.9760994794131567	0.003464966096222151	0.003464966096222151	0.7799946614720438	0.6216468176042508	0.7088107894736843	0.07359801867022289	0.6181881079203335	0.0718273092369478	0.30994583333333336	0.7997030046948358	0.5888039872971066	0.02011905319896883	0.006174338319907941	0.03278786556089044	0.4020747117296223	0.7077117447088497	0.42103492954070987	0.33551165507649516	0.003464966096222151	0.04257444142827312	0.8319440434693459	0.6488370475113122	0.003464966096222151	0.06295072350410637	0.008698459875709268	0.04453621083212285	0.022268618860963797	0.008698459875709268	0.01108860759493671	0.7969708594730238	0.6223831371191135	0.003464966096222151	0.9011832674050633	0.22264101814826207	0.22913108974358976	0.034795719844357975	0.24371006024096384	0.3087312810327706	0.42614532346063916	0.003464966096222151	0.003464966096222151	0.2604827800829876	0.13191295948025306
g__Faecalibacterium	0.003464966096222151	0.003464966096222151	0.0873892282065519	0.003464966096222151	0.003464966096222151	0.003464966096222151	0.003464966096222151	0.003464966096222151	0.003464966096222151	0.003464966096222151	0.003464966096222151	0.003464966096222151	0.003464966096222151	0.003464966096222151	0.050134673979280925	0.003464966096222151	0.003464966096222151	0.2926776548354649	0.003464966096222151	0.003464966096222151	0.7598170219569388	0.003464966096222151	0.006174338319907941	0.003464966096222151	0.003464966096222151	0.44183228912569	0.08568857938718662	0.11935785900783291	0.8917970781156828	0.978587696087696	0.9819743927697232	0.504755421686747	0.9198149985324332	0.28290252320185616	0.006174338319907941	0.003464966096222151	0.003464966096222151	0.21683974992281566	0.003464966096222151	0.003464966096222151	0.5099099668995954	0.003464966096222151	0.16467411341722504	0.003464966096222151	0.003464966096222151	0.003464966096222151	0.003464966096222151	0.003464966096222151	0.01108860759493671	0.003464966096222151	0.003464966096222151	0.9223901845883387	1.0	0.003464966096222151	0.026579824363882006	0.003464966096222151	0.008698459875709268	0.003464966096222151	0.003464966096222151	0.003464966096222151	0.003464966096222151	0.003464966096222151	0.18374882268140316	0.003464966096222151	0.030808966431095406	0.1349822808510638	0.42965754863813227	0.7334937743190661	0.006174338319907941	0.4811555610972568	0.003464966096222151	0.013430538172715894	0.003464966096222151	0.0873892282065519	0.003464966096222151	0.003464966096222151	0.024427498292738447	0.03873184713375796	0.003464966096222151	0.01794910394265233	0.003464966096222151	0.003464966096222151	0.003464966096222151	0.003464966096222151	0.003464966096222151	0.01108860759493671	0.5070199754299755	0.003464966096222151	0.057396394611727415	0.02011905319896883	0.3448615129762562	0.003464966096222151	0.006174338319907941	0.003464966096222151	0.003464966096222151	0.003464966096222151	0.003464966096222151	0.003464966096222151	0.7190671174610098	0.003464966096222151	0.003464966096222151	0.003464966096222151	0.003464966096222151	0.003464966096222151	0.04644497114591921	0.003464966096222151	0.2770098992553658	0.003464966096222151	0.003464966096222151	0.15154056886227546	0.6641680772252778	0.003464966096222151	0.1394884888438134	0.27800842197289816	0.0790385269121813	0.003464966096222151	0.003464966096222151	0.003464966096222151	0.7077117447088497	0.003464966096222151	0.034795719844357975	0.003464966096222151	0.33322185365853657	0.7334937743190661	0.003464966096222151	0.11300754219409283	0.003464966096222151	0.057396394611727415	0.003464966096222151	0.4595306492518387	0.3987592267835791	0.008698459875709268	0.003464966096222151	0.3367231517509728	0.26307848587904775	0.003464966096222151	0.9511591549295775	0.06831076388888889	0.003464966096222151	0.06653594264677389	0.13650677649456522	0.8765654723779024	0.05384885588117222	0.003464966096222151	0.003464966096222151	0.008698459875709268	0.7294289707475623
g__Faecalimonas	0.003464966096222151	0.02011905319896883	0.003464966096222151	0.003464966096222151	0.003464966096222151	0.003464966096222151	0.20719509116409535	0.01108860759493671	0.003464966096222151	0.003464966096222151	0.003464966096222151	0.003464966096222151	0.008698459875709268	0.9441007795957651	0.9413284915662651	0.003464966096222151	0.003464966096222151	0.6683152451309604	0.4053208223162348	0.003464966096222151	0.8130355119825707	0.003464966096222151	0.003464966096222151	0.18097779742765271	0.003464966096222151	0.8464534080489048	0.18235123555840818	0.8854651987645711	0.6266232309285468	0.5360303389830509	0.20319152701644477	0.003464966096222151	0.10508952907599	0.06109128386336867	0.003464966096222151	0.003464966096222151	0.003464966096222151	0.006174338319907941	0.003464966096222151	0.003464966096222151	0.7827251236191478	0.003464966096222151	0.003464966096222151	0.003464966096222151	0.003464966096222151	0.003464966096222151	0.003464966096222151	0.003464966096222151	0.19604711538461536	0.003464966096222151	0.003464966096222151	0.006174338319907941	0.003464966096222151	1.0	0.18929026562748527	0.003464966096222151	0.003464966096222151	0.003464966096222151	0.003464966096222151	0.003464966096222151	0.003464966096222151	0.003464966096222151	0.42103492954070987	0.003464966096222151	0.3061208694416821	0.003464966096222151	0.013430538172715894	0.22521445653840255	0.003464966096222151	0.47468957470831763	0.003464966096222151	0.8170874146845915	0.003464966096222151	0.7173522977840847	0.003464966096222151	0.003464966096222151	0.003464966096222151	0.8329588108662224	0.003464966096222151	0.003464966096222151	0.14417469312258283	0.003464966096222151	0.003464966096222151	0.003464966096222151	0.003464966096222151	0.003464966096222151	0.43969782720493694	0.003464966096222151	0.286697816972676	0.38405229468599034	0.003464966096222151	0.003464966096222151	0.003464966096222151	0.003464966096222151	0.003464966096222151	0.003464966096222151	0.003464966096222151	0.003464966096222151	0.9733264145578618	0.003464966096222151	0.003464966096222151	0.003464966096222151	0.003464966096222151	0.003464966096222151	0.003464966096222151	0.003464966096222151	0.4250826443057723	0.003464966096222151	0.003464966096222151	0.003464966096222151	0.02011905319896883	0.006174338319907941	0.5027968238335591	0.699780946080053	0.5800025455837082	0.003464966096222151	0.003464966096222151	0.003464966096222151	0.9016033899980233	0.008698459875709268	0.003464966096222151	0.006174338319907941	0.003464966096222151	0.1544425140775091	0.003464966096222151	0.024427498292738447	0.003464966096222151	0.26172396033742784	0.003464966096222151	0.07531240515933231	0.050134673979280925	0.006174338319907941	0.003464966096222151	0.006174338319907941	0.003464966096222151	0.003464966096222151	0.5897193487715999	0.008698459875709268	0.003464966096222151	0.003464966096222151	0.02011905319896883	0.008698459875709268	0.17671119909502264	0.003464966096222151	0.003464966096222151	0.12562670689655173	0.026579824363882006
g__Faecousia	0.9518225361555407	0.1558583773959022	0.8165687985097796	0.07006990589590936	0.01108860759493671	0.7334937743190661	0.022268618860963797	0.05384885588117222	0.4930459459459459	0.9559748733632801	0.015726917440156328	0.5999980719794344	0.10360037614185923	0.01108860759493671	0.7505151803875388	0.04644497114591921	0.38302346856528746	0.008698459875709268	0.5618498985316939	0.3909088565321934	0.2604827800829876	0.6471412797281992	0.09395986866107262	0.034795719844357975	0.47729125703564734	0.7696819125277984	0.01108860759493671	0.028686121630652706	0.42614532346063916	0.3252909395973154	0.10360037614185923	0.46444982318767364	0.97729837336864	0.7327299015897047	0.7388178529126735	0.4158244922028568	0.9819743927697232	0.9577701727593777	0.050134673979280925	0.4250826443057723	0.7943523076923077	0.33923422148209825	0.7754195670538543	0.720080405626431	0.22521445653840255	0.05206064281382656	0.16752448315155463	0.4158244922028568	0.6332948483113909	0.873205657538369	0.6675624327956989	0.10197052272319024	0.026579824363882006	0.18929026562748527	1.0	0.37080256410256407	0.9451657629074127	0.028686121630652706	0.7355423300970874	0.9144815823095822	0.3241531075027995	0.14417469312258283	0.015726917440156328	0.17054625	0.003464966096222151	0.6082272410184861	0.39447156	0.38302346856528746	0.43574783225806446	0.05206064281382656	0.3774890972878154	0.9186139555381451	0.34605624827586207	0.7898457493702771	0.3379326298250486	0.4077269809825674	0.09734216255442671	0.16326726170979364	0.7077117447088497	0.4367943140794224	0.04065628288781309	0.034795719844357975	0.4230624772076062	0.12095204932268148	0.5960270982090601	0.08236072631973045	0.024427498292738447	0.6875066902968543	0.25147523539082345	0.2579904606240713	0.43969782720493694	0.5897193487715999	0.27800842197289816	0.4570409413854352	0.11935785900783291	0.8165687985097796	0.08236072631973045	0.04257444142827312	0.2500957068062827	0.21145402173913047	0.4793760899437851	0.41094739823475174	0.07006990589590936	0.07531240515933231	0.7030410871478874	0.8828734995014956	0.412958677359979	0.2978613291320538	0.4793760899437851	0.894640424687438	0.030808966431095406	0.03873184713375796	0.28048172699520274	0.6586880274558344	0.7538192048733569	0.2579904606240713	0.259199821958457	0.49220372300819054	0.49515425386996903	0.41792500000000005	0.97729837336864	0.8983598652931853	0.7898457493702771	0.5463759759036144	0.022268618860963797	0.003464966096222151	0.75216860626805	0.003464966096222151	0.5790062189054727	0.6844199866755497	0.2060043580131209	0.3864137898686679	0.30244967227130237	0.015726917440156328	0.9883683222232653	0.8574369950389794	0.6102967933077728	0.9094944980314961	0.03873184713375796	0.758175944100704	0.8744813307946688	0.988010146561443	0.6949374268360022	0.96832536293766	0.006174338319907941	0.7256599739243806	0.6883903232949513
g__Finegoldia	0.003464966096222151	0.006174338319907941	0.008698459875709268	0.003464966096222151	0.003464966096222151	0.003464966096222151	0.057396394611727415	0.006174338319907941	0.022268618860963797	0.003464966096222151	0.003464966096222151	0.003464966096222151	0.11459195160441875	0.003464966096222151	0.003464966096222151	0.003464966096222151	0.003464966096222151	0.9903680360157568	0.49599178522825677	0.003464966096222151	0.8366579582651391	0.022268618860963797	0.02011905319896883	0.006174338319907941	0.01108860759493671	0.9262888099639973	0.61723140639481	0.9025747702342127	0.9577701727593777	0.7943523076923077	0.5584068331143233	0.028686121630652706	0.7505151803875388	0.7077117447088497	0.08911145967890755	0.01108860759493671	0.003464966096222151	0.44728521883798306	0.003464966096222151	0.003464966096222151	0.8599544554455446	0.003464966096222151	0.013430538172715894	0.003464966096222151	0.6366055155875299	0.003464966096222151	0.003464966096222151	0.003464966096222151	0.21544928902627508	0.003464966096222151	0.003464966096222151	0.006174338319907941	0.003464966096222151	0.003464966096222151	0.37080256410256407	1.0	0.003464966096222151	0.003464966096222151	0.003464966096222151	0.003464966096222151	0.003464966096222151	0.003464966096222151	0.28290252320185616	0.003464966096222151	0.7915167593078134	0.003464966096222151	0.39447156	0.9497125539879068	0.013430538172715894	0.42614532346063916	0.003464966096222151	0.3742055074424898	0.003464966096222151	0.23602336065573773	0.003464966096222151	0.003464966096222151	0.13345102354145344	0.9965288506499579	0.003464966096222151	0.02011905319896883	0.003464966096222151	0.003464966096222151	0.006174338319907941	0.003464966096222151	0.006174338319907941	0.030808966431095406	0.974066515065378	0.003464966096222151	0.2087047492992837	0.006174338319907941	0.006174338319907941	0.006174338319907941	0.003464966096222151	0.003464966096222151	0.003464966096222151	0.003464966096222151	0.003464966096222151	0.003464966096222151	0.4020747117296223	0.003464966096222151	0.006174338319907941	0.003464966096222151	0.030808966431095406	0.01108860759493671	0.003464966096222151	0.003464966096222151	0.8337169996925915	0.02011905319896883	0.003464966096222151	0.006174338319907941	0.036773613193403304	0.10664229333333333	0.923764526202791	0.44286885182809493	0.5790062189054727	0.003464966096222151	0.003464966096222151	0.003464966096222151	0.40301624305003975	0.06653594264677389	0.6113304878048781	0.04644497114591921	0.003464966096222151	0.4241286699635607	0.003464966096222151	0.7598170219569388	0.003464966096222151	0.3807541307857912	0.003464966096222151	0.4053208223162348	0.18788225266847217	0.7736434171597634	0.003464966096222151	0.11143439703808179	0.08236072631973045	0.02011905319896883	0.6595986390732201	0.036773613193403304	0.003464966096222151	0.35916718621821164	0.27800842197289816	0.19078469971401335	0.660508431703204	0.003464966096222151	0.003464966096222151	0.7598170219569388	0.7143823613086772
g__Flavonifractor	0.003464966096222151	0.003464966096222151	0.003464966096222151	0.008698459875709268	0.003464966096222151	0.24371006024096384	0.4158244922028568	0.5815108734192176	0.003464966096222151	0.003464966096222151	0.003464966096222151	0.003464966096222151	0.003464966096222151	0.5412810242782945	0.015726917440156328	0.003464966096222151	0.003464966096222151	0.003464966096222151	0.003464966096222151	0.003464966096222151	0.6240679538904899	0.003464966096222151	0.003464966096222151	0.03278786556089044	0.003464966096222151	0.003464966096222151	0.003464966096222151	0.024427498292738447	0.008698459875709268	0.02011905319896883	0.003464966096222151	0.003464966096222151	0.028686121630652706	0.003464966096222151	0.003464966096222151	0.003464966096222151	0.003464966096222151	0.003464966096222151	0.003464966096222151	0.003464966096222151	0.5282152427184466	0.003464966096222151	0.003464966096222151	0.9016033899980233	0.003464966096222151	0.3204992	0.003464966096222151	0.09395986866107262	0.21145402173913047	0.15887959486166006	0.003464966096222151	0.348535785123967	0.008698459875709268	0.003464966096222151	0.9451657629074127	0.003464966096222151	1.0	0.003464966096222151	0.006174338319907941	0.003464966096222151	0.39330296197464976	0.003464966096222151	0.6471412797281992	0.454513520050923	0.21544928902627508	0.7282082682291666	0.003464966096222151	0.003464966096222151	0.003464966096222151	0.6471412797281992	0.003464966096222151	0.003464966096222151	0.036773613193403304	0.5834268595041323	0.003464966096222151	0.003464966096222151	0.003464966096222151	0.003464966096222151	0.2100159956474429	0.003464966096222151	0.7626039238621863	0.13345102354145344	0.05384885588117222	0.31446929911154986	0.8645378225806452	0.003464966096222151	0.2731870221180607	0.05562320574162679	0.6230464137453874	0.003464966096222151	0.003464966096222151	0.6657550896860986	0.34605624827586207	0.003464966096222151	0.7929360188580409	0.003464966096222151	0.003464966096222151	0.3367231517509728	0.49695050067993574	0.003464966096222151	0.006174338319907941	0.003464966096222151	0.003464966096222151	0.003464966096222151	0.003464966096222151	0.4065782608695652	0.013430538172715894	0.003464966096222151	0.003464966096222151	0.003464966096222151	0.003464966096222151	0.09866472182080925	0.01108860759493671	0.01794910394265233	0.4502527061526678	0.962551185375607	0.003464966096222151	0.003464966096222151	0.8170874146845915	0.12399031088082903	0.003464966096222151	0.2500957068062827	0.003464966096222151	0.12095204932268148	0.13650677649456522	0.003464966096222151	0.8197384066955982	0.07531240515933231	0.003464966096222151	0.05384885588117222	0.006174338319907941	0.003464966096222151	0.3652546395966753	0.19336511627906977	0.003464966096222151	0.8464534080489048	0.0718273092369478	0.6009710932025227	0.003464966096222151	0.3719052182163188	0.8580022462814935	0.003464966096222151	0.7013740940632228	0.015726917440156328	0.14856377755511022	0.5710611817857568	0.003464966096222151
g__Fusicatenibacter	0.003464966096222151	0.003464966096222151	0.12730129132231405	0.003464966096222151	0.003464966096222151	0.003464966096222151	0.006174338319907941	0.04257444142827312	0.04065628288781309	0.028686121630652706	0.003464966096222151	0.003464966096222151	0.03278786556089044	0.003464966096222151	0.36743200925044206	0.08236072631973045	0.003464966096222151	0.6543440320397111	0.47131759608138657	0.003464966096222151	0.25277680250783696	0.03278786556089044	0.04257444142827312	0.008698459875709268	0.003464966096222151	0.4683920055394687	0.2604827800829876	0.05562320574162679	0.722173294156056	0.979778155065082	0.49695050067993574	0.41512545287477026	0.21544928902627508	0.5422497102848866	0.11935785900783291	0.003464966096222151	0.003464966096222151	0.8047412077043208	0.003464966096222151	0.003464966096222151	0.7047047817961967	0.003464966096222151	0.4570409413854352	0.003464966096222151	0.5842109826589595	0.003464966096222151	0.003464966096222151	0.003464966096222151	0.14417469312258283	0.003464966096222151	0.003464966096222151	0.10508952907599	0.003464966096222151	0.003464966096222151	0.028686121630652706	0.003464966096222151	0.003464966096222151	1.0	0.003464966096222151	0.003464966096222151	0.003464966096222151	0.003464966096222151	0.10664229333333333	0.003464966096222151	0.013430538172715894	0.003464966096222151	0.7898457493702771	0.13345102354145344	0.17954120772946863	0.9198149985324332	0.013430538172715894	0.14417469312258283	0.003464966096222151	0.6508967213114755	0.003464966096222151	0.003464966096222151	0.27800842197289816	0.03873184713375796	0.003464966096222151	0.07359801867022289	0.003464966096222151	0.003464966096222151	0.003464966096222151	0.003464966096222151	0.003464966096222151	0.003464966096222151	0.14856377755511022	0.003464966096222151	0.0806235912847483	0.07359801867022289	0.4901485586481113	0.003464966096222151	0.003464966096222151	0.003464966096222151	0.003464966096222151	0.008698459875709268	0.003464966096222151	0.003464966096222151	0.7884207081319605	0.003464966096222151	0.003464966096222151	0.003464966096222151	0.030808966431095406	0.003464966096222151	0.013430538172715894	0.003464966096222151	0.9518225361555407	0.003464966096222151	0.003464966096222151	0.22521445653840255	0.003464966096222151	0.10822295285359802	0.5770791533262184	0.7096761727312583	0.5178947907771135	0.003464966096222151	0.003464966096222151	0.003464966096222151	0.894640424687438	0.006174338319907941	0.8771127425485097	0.003464966096222151	0.003464966096222151	0.40882022961203485	0.003464966096222151	0.491237779433681	0.003464966096222151	0.008698459875709268	0.003464966096222151	0.2303821270760323	0.04257444142827312	0.42965754863813227	0.003464966096222151	0.7929360188580409	0.5402458731117825	0.003464966096222151	0.7287400693842151	0.11612743006993008	0.003464966096222151	0.3719052182163188	0.013430538172715894	0.5878875485465459	0.7721915908610112	0.003464966096222151	0.07359801867022289	0.10197052272319024	0.9058182902780517
g__Fusobacterium_A	0.003464966096222151	0.2817140699869319	0.003464966096222151	0.003464966096222151	0.003464966096222151	0.003464966096222151	0.04644497114591921	0.003464966096222151	0.006174338319907941	0.003464966096222151	0.003464966096222151	0.003464966096222151	0.9940019668446193	0.8241770713107996	0.22913108974358976	0.003464966096222151	0.003464966096222151	0.2914706948640483	0.8023919837381425	0.003464966096222151	0.45834424711404287	0.003464966096222151	0.003464966096222151	0.7380597285067874	0.003464966096222151	0.9307000776020953	0.33551165507649516	0.9183724857871005	0.44505121076233184	0.5574578771216829	0.8795409413410612	0.008698459875709268	0.8055229784576959	0.870209282700422	0.003464966096222151	0.003464966096222151	0.003464966096222151	0.06295072350410637	0.003464966096222151	0.006174338319907941	0.576011565836299	0.003464966096222151	0.003464966096222151	0.04065628288781309	0.003464966096222151	0.003464966096222151	0.003464966096222151	0.003464966096222151	0.507839175257732	0.003464966096222151	0.003464966096222151	0.003464966096222151	0.003464966096222151	0.003464966096222151	0.7355423300970874	0.003464966096222151	0.006174338319907941	0.003464966096222151	1.0	0.003464966096222151	0.003464966096222151	0.003464966096222151	0.7929360188580409	0.008698459875709268	0.7030410871478874	0.07006990589590936	0.24645976251315196	0.7272806252035168	0.006174338319907941	0.5178947907771135	0.003464966096222151	0.9833468811741463	0.003464966096222151	0.526185348074353	0.003464966096222151	0.003464966096222151	0.006174338319907941	0.6903079663642399	0.008698459875709268	0.006174338319907941	0.006174338319907941	0.003464966096222151	0.003464966096222151	0.015726917440156328	0.003464966096222151	0.015726917440156328	0.7490997106109325	0.006174338319907941	0.5316704983630411	0.10981352067868504	0.003464966096222151	0.07006990589590936	0.003464966096222151	0.003464966096222151	0.008698459875709268	0.003464966096222151	0.003464966096222151	0.1544425140775091	0.7892993698140952	0.003464966096222151	0.008698459875709268	0.008698459875709268	0.09562084015275506	0.013430538172715894	0.003464966096222151	0.048288402536305994	0.12894909747292418	0.003464966096222151	0.003464966096222151	0.006174338319907941	0.8354025806451613	0.5107871876531112	0.301436026263203	0.9646060585885488	0.7345432024169184	0.003464966096222151	0.003464966096222151	0.003464966096222151	0.9518225361555407	0.6787026148881719	0.10664229333333333	0.1177564375436148	0.003464966096222151	0.30244967227130237	0.003464966096222151	0.04257444142827312	0.006174338319907941	0.8983598652931853	0.003464966096222151	0.9503776359973136	0.02011905319896883	0.7974258566652738	0.02011905319896883	0.050134673979280925	0.006174338319907941	0.23873752839618356	0.31446929911154986	0.4694474962254655	0.003464966096222151	0.4561424561849124	0.815795972667978	0.06477044392523365	0.2817140699869319	0.006174338319907941	0.003464966096222151	0.2413664501510574	0.18929026562748527
g__Gallintestinimicrobium	0.003464966096222151	0.003464966096222151	0.003464966096222151	0.003464966096222151	0.003464966096222151	0.003464966096222151	0.10664229333333333	0.015726917440156328	0.01794910394265233	0.003464966096222151	0.003464966096222151	0.003464966096222151	0.003464966096222151	0.8316965517241379	0.9294296213592232	0.06653594264677389	0.003464966096222151	0.3229674653215637	0.926055619400078	0.003464966096222151	0.0873892282065519	0.003464966096222151	0.003464966096222151	0.4377263910355486	0.003464966096222151	0.008698459875709268	0.301436026263203	0.5169009521484375	0.9391307380607815	0.16174822043628012	0.23739998483699773	0.003464966096222151	0.870209282700422	0.43969782720493694	0.01108860759493671	0.07006990589590936	0.003464966096222151	0.6316332530949105	0.003464966096222151	0.003464966096222151	0.9747138662625496	0.01794910394265233	0.13191295948025306	0.050134673979280925	0.07006990589590936	0.003464966096222151	0.003464966096222151	0.013430538172715894	0.6859652212487524	0.003464966096222151	0.003464966096222151	0.022268618860963797	0.003464966096222151	0.003464966096222151	0.9144815823095822	0.003464966096222151	0.003464966096222151	0.003464966096222151	0.003464966096222151	1.0	0.003464966096222151	0.003464966096222151	0.9943551104455259	0.01108860759493671	0.015726917440156328	0.1558583773959022	0.9193947620912473	0.22777137836185818	0.003464966096222151	0.8319440434693459	0.003464966096222151	0.46551113214691403	0.003464966096222151	0.0718273092369478	0.003464966096222151	0.003464966096222151	0.01794910394265233	0.17818620300145233	0.1177564375436148	0.04644497114591921	0.8761052779168754	0.003464966096222151	0.003464966096222151	0.008698459875709268	0.003464966096222151	0.003464966096222151	0.4842639203484754	0.003464966096222151	0.39986614894464356	0.2413664501510574	0.003464966096222151	0.01108860759493671	0.006174338319907941	0.003464966096222151	0.003464966096222151	0.003464966096222151	0.003464966096222151	0.006174338319907941	0.6343055046921492	0.003464966096222151	0.003464966096222151	0.003464966096222151	0.003464966096222151	0.003464966096222151	0.003464966096222151	0.008698459875709268	0.7340982179501025	0.003464966096222151	0.1603300295857988	0.003464966096222151	0.06109128386336867	0.9666566365795725	0.6568643428313999	0.24645976251315196	0.6029144107351224	0.003464966096222151	0.003464966096222151	0.008698459875709268	0.5749432182271271	0.7696819125277984	0.316825752884886	0.0873892282065519	0.003464966096222151	0.4140429190751445	0.006174338319907941	0.057396394611727415	0.02011905319896883	0.6358157353445321	0.003464966096222151	0.015726917440156328	0.003464966096222151	0.05922885866351271	0.003464966096222151	0.27800842197289816	0.22654698407838336	0.003464966096222151	0.10508952907599	0.022268618860963797	0.003464966096222151	0.003464966096222151	0.4140429190751445	0.003464966096222151	0.7153217457886678	0.01108860759493671	0.003464966096222151	0.70628762490392	0.013430538172715894
g__Gemella	0.003464966096222151	0.12399031088082903	0.003464966096222151	0.003464966096222151	0.003464966096222151	0.003464966096222151	0.057396394611727415	0.006174338319907941	0.05206064281382656	0.003464966096222151	0.003464966096222151	0.003464966096222151	0.12894909747292418	0.003464966096222151	0.03873184713375796	0.09395986866107262	0.003464966096222151	0.6657550896860986	0.006174338319907941	0.003464966096222151	0.7983801232504701	0.003464966096222151	0.01794910394265233	0.008698459875709268	0.006174338319907941	0.20189030284010673	0.4167937819086268	0.6216468176042508	0.12730129132231405	0.2541889618138425	0.6445429594272076	0.003464966096222151	0.5272968909400049	0.8876997611464968	0.01108860759493671	0.006174338319907941	0.003464966096222151	0.7727544974104217	0.003464966096222151	0.006174338319907941	0.37629499054820414	0.003464966096222151	0.17954120772946863	0.003464966096222151	0.5888039872971066	0.003464966096222151	0.003464966096222151	0.003464966096222151	0.3415490027700831	0.003464966096222151	0.003464966096222151	0.006174338319907941	0.003464966096222151	0.003464966096222151	0.3241531075027995	0.003464966096222151	0.39330296197464976	0.003464966096222151	0.003464966096222151	0.003464966096222151	1.0	0.003464966096222151	0.5878875485465459	0.003464966096222151	0.702246658592976	0.003464966096222151	0.21832776492364644	0.3542671785028791	0.003464966096222151	0.9329179280938076	0.003464966096222151	0.5805856788079471	0.003464966096222151	0.6836839333333333	0.003464966096222151	0.003464966096222151	0.02011905319896883	0.7652135436583811	0.003464966096222151	0.003464966096222151	0.003464966096222151	0.003464966096222151	0.006174338319907941	0.003464966096222151	0.003464966096222151	0.05206064281382656	0.5472073672806067	0.003464966096222151	0.003464966096222151	0.003464966096222151	0.003464966096222151	0.003464966096222151	0.003464966096222151	0.003464966096222151	0.003464966096222151	0.003464966096222151	0.003464966096222151	0.003464966096222151	0.9754530820944985	0.003464966096222151	0.003464966096222151	0.006174338319907941	0.006174338319907941	0.01794910394265233	0.003464966096222151	0.003464966096222151	0.38892511715089034	0.04644497114591921	0.003464966096222151	0.008698459875709268	0.02011905319896883	0.003464966096222151	0.47468957470831763	0.45349378264747103	0.8263874961407842	0.003464966096222151	0.003464966096222151	0.003464966096222151	0.7607986253196931	0.006174338319907941	0.5137864775644945	0.003464966096222151	0.003464966096222151	0.5482351822885333	0.003464966096222151	0.03278786556089044	0.003464966096222151	0.5851317495873615	0.003464966096222151	0.0873892282065519	0.14263408018867926	0.5282152427184466	0.003464966096222151	0.45349378264747103	0.036773613193403304	0.003464966096222151	0.8016912077596997	0.003464966096222151	0.003464966096222151	0.008698459875709268	0.9976734808176981	0.11612743006993008	0.4811555610972568	0.003464966096222151	0.003464966096222151	0.003464966096222151	0.14856377755511022
g__Gemmiger	0.003464966096222151	0.006174338319907941	0.003464966096222151	0.003464966096222151	0.003464966096222151	0.003464966096222151	0.008698459875709268	0.006174338319907941	0.003464966096222151	0.003464966096222151	0.003464966096222151	0.003464966096222151	0.024427498292738447	0.6461742905788876	0.40991174841772154	0.003464966096222151	0.003464966096222151	0.301436026263203	0.22521445653840255	0.003464966096222151	0.2926776548354649	0.003464966096222151	0.003464966096222151	0.6332948483113909	0.008698459875709268	0.6064370271214061	0.12730129132231405	0.5770791533262184	0.10360037614185923	0.2500957068062827	0.2060043580131209	0.003464966096222151	0.08568857938718662	0.9329179280938076	0.003464966096222151	0.003464966096222151	0.003464966096222151	0.6372487735310896	0.003464966096222151	0.003464966096222151	0.13650677649456522	0.003464966096222151	0.003464966096222151	0.003464966096222151	0.003464966096222151	0.003464966096222151	0.003464966096222151	0.003464966096222151	0.10981352067868504	0.003464966096222151	0.003464966096222151	0.003464966096222151	0.003464966096222151	0.003464966096222151	0.14417469312258283	0.003464966096222151	0.003464966096222151	0.003464966096222151	0.003464966096222151	0.003464966096222151	0.003464966096222151	1.0	0.4865716453177465	0.003464966096222151	0.15010518506168724	0.003464966096222151	0.003464966096222151	0.9824297139631163	0.003464966096222151	0.37080256410256407	0.003464966096222151	0.699780946080053	0.003464966096222151	0.7938939247931287	0.003464966096222151	0.003464966096222151	0.003464966096222151	0.4552421434019832	0.003464966096222151	0.003464966096222151	0.51185083251714	0.003464966096222151	0.003464966096222151	0.003464966096222151	0.003464966096222151	0.003464966096222151	0.37310682649329535	0.003464966096222151	0.003464966096222151	0.10664229333333333	0.003464966096222151	0.003464966096222151	0.003464966096222151	0.003464966096222151	0.003464966096222151	0.003464966096222151	0.003464966096222151	0.003464966096222151	0.807948367983368	0.003464966096222151	0.003464966096222151	0.003464966096222151	0.003464966096222151	0.003464966096222151	0.003464966096222151	0.003464966096222151	0.3179779027270171	0.003464966096222151	0.003464966096222151	0.003464966096222151	0.35328031301482704	0.003464966096222151	0.8501011793411956	0.8137267005391953	0.55296120906801	0.003464966096222151	0.003464966096222151	0.003464966096222151	0.3179779027270171	0.003464966096222151	0.003464966096222151	0.01108860759493671	0.003464966096222151	0.8300050523721503	0.003464966096222151	0.13191295948025306	0.003464966096222151	0.18643999680918952	0.003464966096222151	0.07359801867022289	0.008698459875709268	0.015726917440156328	0.003464966096222151	0.057396394611727415	0.003464966096222151	0.003464966096222151	0.5815108734192176	0.003464966096222151	0.003464966096222151	0.006174338319907941	0.18788225266847217	0.006174338319907941	0.6256044544198894	0.003464966096222151	0.003464966096222151	0.003464966096222151	0.026579824363882006
g__Gordonibacter	0.5800025455837082	0.022268618860963797	0.5989541203974283	0.17526026222078342	0.06295072350410637	0.9791354029062087	0.4604826681870012	0.022268618860963797	0.03278786556089044	0.21145402173913047	0.49695050067993574	0.07359801867022289	0.003464966096222151	0.6122213000580382	0.699780946080053	0.02011905319896883	0.316825752884886	0.44505121076233184	0.641905577689243	0.11612743006993008	0.01108860759493671	0.51185083251714	0.7468048084147257	0.3742055074424898	0.04065628288781309	0.6082272410184861	0.10034935135135135	0.7054966381015162	0.6754295081967213	0.11143439703808179	0.2500957068062827	0.20189030284010673	0.17818620300145233	0.01108860759493671	0.013430538172715894	0.2240158064516129	0.034795719844357975	0.767247725585834	0.003464966096222151	0.01108860759493671	0.940475474790321	0.26172396033742784	0.008698459875709268	0.6045721859706362	0.7530747754491018	0.14417469312258283	0.4683920055394687	0.4615498480628007	0.24254778347406514	0.9335055308020148	0.015726917440156328	0.5923199788831535	0.18374882268140316	0.42103492954070987	0.015726917440156328	0.28290252320185616	0.6471412797281992	0.10664229333333333	0.7929360188580409	0.9943551104455259	0.5878875485465459	0.4865716453177465	1.0	0.4552421434019832	0.030808966431095406	0.3061208694416821	0.28048172699520274	0.1720927355278093	0.316825752884886	0.06653594264677389	0.3968040878828229	0.12730129132231405	0.42965754863813227	0.8814367591299143	0.036773613193403304	0.10508952907599	0.6409759139050222	0.6754295081967213	0.3864137898686679	0.4481423622651157	0.006174338319907941	0.20189030284010673	0.12399031088082903	0.591269158549466	0.36267618657937806	0.006174338319907941	0.7490997106109325	0.28539398061062077	0.926055619400078	1.0	0.7874587326607818	0.8205928416485899	0.8599544554455446	0.06109128386336867	0.6741638069705094	0.1349822808510638	0.034795719844357975	0.16174822043628012	0.3742055074424898	0.24645976251315196	0.7665162635264163	0.25567523482928284	0.04257444142827312	0.01794910394265233	0.05922885866351271	0.880173511785857	0.27800842197289816	0.20319152701644477	0.006174338319907941	0.7652135436583811	0.46739406576792236	0.7498480235672201	0.048288402536305994	0.030808966431095406	0.39775631067961165	0.3156710059171598	0.20042662582469367	0.767247725585834	0.7787187453874539	0.3695472648296457	0.03873184713375796	0.04453621083212285	0.4316015145631068	0.40882022961203485	0.15887959486166006	0.10197052272319024	0.7490997106109325	0.9971371871497946	0.2731870221180607	0.6308370612525808	0.01108860759493671	0.006174338319907941	0.9824297139631163	0.4683920055394687	0.003464966096222151	0.259199821958457	0.006174338319907941	0.9451657629074127	0.013430538172715894	0.26172396033742784	0.7158691147540984	0.09734216255442671	0.18097779742765271	0.8217911173011451	0.8593912454508693	0.2643915509601182	0.14417469312258283
g__Granulicatella	0.003464966096222151	0.46551113214691403	0.006174338319907941	0.003464966096222151	0.003464966096222151	0.003464966096222151	0.1394884888438134	0.04065628288781309	0.2842113590263692	0.003464966096222151	0.003464966096222151	0.003464966096222151	0.7557090685750908	0.003464966096222151	0.022268618860963797	0.09395986866107262	0.003464966096222151	0.5584068331143233	0.006174338319907941	0.003464966096222151	0.5472073672806067	0.028686121630652706	0.33322185365853657	0.003464966096222151	0.015726917440156328	0.9808773087071241	0.3807541307857912	0.8771127425485097	0.8257080210049423	0.586831822462915	0.7005007603305786	0.003464966096222151	0.803008365454735	0.06653594264677389	0.17954120772946863	0.01108860759493671	0.003464966096222151	0.6009710932025227	0.003464966096222151	0.003464966096222151	0.8088116283903147	0.003464966096222151	0.6162738178025035	0.003464966096222151	0.9976734808176981	0.003464966096222151	0.003464966096222151	0.003464966096222151	0.9065188350088704	0.003464966096222151	0.003464966096222151	0.003464966096222151	0.003464966096222151	0.003464966096222151	0.17054625	0.003464966096222151	0.454513520050923	0.003464966096222151	0.008698459875709268	0.01108860759493671	0.003464966096222151	0.003464966096222151	0.4552421434019832	1.0	0.756370548676345	0.003464966096222151	0.803008365454735	0.526185348074353	0.003464966096222151	0.44401765610975763	0.003464966096222151	0.8607777194222807	0.003464966096222151	0.8495284028484231	0.003464966096222151	0.003464966096222151	0.013430538172715894	0.8217911173011451	0.003464966096222151	0.003464966096222151	0.003464966096222151	0.003464966096222151	0.003464966096222151	0.003464966096222151	0.003464966096222151	0.03278786556089044	0.9600182242990655	0.003464966096222151	0.003464966096222151	0.003464966096222151	0.003464966096222151	0.003464966096222151	0.003464966096222151	0.003464966096222151	0.003464966096222151	0.003464966096222151	0.003464966096222151	0.003464966096222151	0.47062001006162746	0.02011905319896883	0.003464966096222151	0.006174338319907941	0.10508952907599	0.057396394611727415	0.003464966096222151	0.003464966096222151	0.713520459770115	0.06831076388888889	0.003464966096222151	0.11143439703808179	0.015726917440156328	0.003464966096222151	0.5800025455837082	0.7318860110353781	0.6216468176042508	0.003464966096222151	0.003464966096222151	0.003464966096222151	0.3695472648296457	0.003464966096222151	0.19604711538461536	0.015726917440156328	0.003464966096222151	0.6207657766990291	0.003464966096222151	0.10508952907599	0.003464966096222151	0.30244967227130237	0.003464966096222151	0.19469317858834673	0.23873752839618356	0.06831076388888889	0.003464966096222151	0.7571119492158327	0.40301624305003975	0.003464966096222151	0.5710611817857568	0.003464966096222151	0.003464966096222151	0.1224753896778663	0.6780366815144767	0.4158244922028568	0.568044124300512	0.003464966096222151	0.003464966096222151	0.003464966096222151	0.7787187453874539
g__Guopingia	0.2770098992553658	0.003464966096222151	0.6366055155875299	0.015726917440156328	0.008698459875709268	0.008698459875709268	0.003464966096222151	0.003464966096222151	0.003464966096222151	0.7380597285067874	0.08911145967890755	0.17954120772946863	0.003464966096222151	0.015726917440156328	0.006174338319907941	0.05384885588117222	0.006174338319907941	0.3807541307857912	0.7923928811071503	0.7681412232351071	0.9996520887728461	0.04065628288781309	0.1224753896778663	0.034795719844357975	0.006174338319907941	0.9198149985324332	0.006174338319907941	0.003464966096222151	0.33322185365853657	0.8143327772020725	0.8263874961407842	0.34958052001650847	0.7158691147540984	0.006174338319907941	0.06653594264677389	0.5749432182271271	0.3448615129762562	0.7626039238621863	0.15154056886227546	0.028686121630652706	0.965443048687714	0.526185348074353	0.8518153237264056	0.6372487735310896	0.169106179866645	0.9819743927697232	0.5027968238335591	0.07531240515933231	0.15154056886227546	0.26307848587904775	0.057396394611727415	0.5463759759036144	0.030808966431095406	0.3061208694416821	0.003464966096222151	0.7915167593078134	0.21544928902627508	0.013430538172715894	0.7030410871478874	0.015726917440156328	0.702246658592976	0.15010518506168724	0.030808966431095406	0.756370548676345	1.0	0.09734216255442671	0.935536387383901	0.7039120545534536	0.4811555610972568	0.003464966096222151	0.8197384066955982	0.962551185375607	0.6461742905788876	0.6282974603539415	0.6437623677925622	0.22777137836185818	0.8696554282267792	0.36399083844580776	0.4201830023517115	0.6859652212487524	0.048288402536305994	0.7287400693842151	0.43969782720493694	0.8402751354113439	0.7345432024169184	0.01794910394265233	0.6675624327956989	0.6029144107351224	0.40882022961203485	0.2770098992553658	0.048288402536305994	0.5834268595041323	0.7990836517381773	0.10034935135135135	0.8939304347826086	0.9943551104455259	0.04644497114591921	0.18643999680918952	0.9038025570145127	0.006174338319907941	0.34279789619377166	0.003464966096222151	0.003464966096222151	0.003464966096222151	0.9413284915662651	0.6223831371191135	0.008698459875709268	0.050134673979280925	0.22264101814826207	0.8708499046088964	0.16467411341722504	0.4285992601246105	0.8917970781156828	0.3968040878828229	0.824857894736842	0.8870732052175645	0.35916718621821164	0.9479256048387098	0.8453002346220545	0.46444982318767364	0.4941313011152416	0.1558583773959022	0.7388178529126735	0.94190887283237	0.003464966096222151	0.003464966096222151	0.9441007795957651	0.2087047492992837	0.4865716453177465	0.6770678845939624	0.3217343710559528	0.003464966096222151	1.0	0.02011905319896883	0.46444982318767364	0.9217022081094285	0.6516678906338267	0.2890067474048443	0.08236072631973045	0.21832776492364644	0.0718273092369478	0.44625457223360654	0.9351314841707813	0.4230624772076062	0.5608366893586528	0.42103492954070987	0.46739406576792236
g__Haemophilus_D	0.07714301929625425	0.10981352067868504	0.003464966096222151	0.01794910394265233	0.02011905319896883	0.003464966096222151	0.767247725585834	0.048288402536305994	0.22777137836185818	0.0718273092369478	0.003464966096222151	0.3472968711233632	0.04257444142827312	0.24506782006920416	0.006174338319907941	0.6141422358807839	0.40301624305003975	0.8170874146845915	0.006174338319907941	0.006174338319907941	0.9072188275862069	0.9248661629947358	0.1471649196249163	0.01108860759493671	0.36632103758169937	0.1471649196249163	0.08568857938718662	0.10034935135135135	0.23450127562642367	0.5557560876331856	0.8113981831395348	0.42103492954070987	0.003464966096222151	0.20719509116409535	0.9088855834564253	0.03278786556089044	0.006174338319907941	0.08394524119947849	0.006174338319907941	0.008698459875709268	0.6461742905788876	0.003464966096222151	0.37080256410256407	0.003464966096222151	0.7311996752192269	0.003464966096222151	0.003464966096222151	0.03278786556089044	0.6787026148881719	0.003464966096222151	0.024427498292738447	0.003464966096222151	0.1349822808510638	0.003464966096222151	0.6082272410184861	0.003464966096222151	0.7282082682291666	0.003464966096222151	0.07006990589590936	0.1558583773959022	0.003464966096222151	0.003464966096222151	0.3061208694416821	0.003464966096222151	0.09734216255442671	1.0	0.23169946743761413	0.7763067982687639	0.003464966096222151	0.003464966096222151	0.003464966096222151	0.6787026148881719	0.003464966096222151	0.5337551302241066	0.02011905319896883	0.003464966096222151	0.003464966096222151	0.5500233809924305	0.01108860759493671	0.003464966096222151	0.013430538172715894	0.003464966096222151	0.01794910394265233	0.003464966096222151	0.028686121630652706	0.9559748733632801	0.6064370271214061	0.003464966096222151	0.006174338319907941	0.003464966096222151	0.003464966096222151	0.003464966096222151	0.003464966096222151	0.02011905319896883	0.003464966096222151	0.1720927355278093	0.803008365454735	0.003464966096222151	0.013430538172715894	0.43969782720493694	0.3087312810327706	0.04453621083212285	0.7380597285067874	0.9314699476338246	0.003464966096222151	0.003464966096222151	0.003464966096222151	0.18235123555840818	0.20461581417175034	0.22264101814826207	0.36267618657937806	0.003464966096222151	0.8316965517241379	0.9426702398150824	0.25147523539082345	0.003464966096222151	0.2706776978417266	0.003464966096222151	0.22777137836185818	0.4167937819086268	0.9985819488519694	0.13045745884773666	0.04644497114591921	0.04453621083212285	0.050134673979280925	0.16612918433931484	0.003464966096222151	0.44286885182809493	0.003464966096222151	0.9613315323041738	0.03278786556089044	0.003464966096222151	0.003464966096222151	0.356671704312115	0.9584284991890087	0.003464966096222151	0.09072339643447895	0.003464966096222151	0.003464966096222151	0.003464966096222151	0.3542671785028791	0.5454116455696202	0.09562084015275506	0.003464966096222151	0.003464966096222151	0.641905577689243	0.8917970781156828
g__Holdemanella	0.5491959595959596	0.2060043580131209	0.8130355119825707	0.38994418884579374	0.34375978441127697	0.09395986866107262	0.9573855873925502	0.18508230498721226	0.003464966096222151	0.06831076388888889	0.55296120906801	0.25277680250783696	0.13345102354145344	0.10360037614185923	0.9779432785025524	0.036773613193403304	0.1349822808510638	0.02011905319896883	0.003464966096222151	0.003464966096222151	0.31348648114140415	0.8241770713107996	0.026579824363882006	0.3229674653215637	0.18374882268140316	0.5316704983630411	0.1224753896778663	0.003464966096222151	0.003464966096222151	0.01108860759493671	0.003464966096222151	0.003464966096222151	0.04065628288781309	0.003464966096222151	0.06477044392523365	0.024427498292738447	0.01108860759493671	0.003464966096222151	0.003464966096222151	0.003464966096222151	0.19469317858834673	0.3968040878828229	0.003464966096222151	0.6614174064501629	0.006174338319907941	0.7598170219569388	0.29914121350887235	0.3403927353389713	0.8954386667989286	0.4010245025205625	0.003464966096222151	0.51185083251714	0.42965754863813227	0.013430538172715894	0.39447156	0.39447156	0.003464966096222151	0.7898457493702771	0.24645976251315196	0.9193947620912473	0.21832776492364644	0.003464966096222151	0.28048172699520274	0.803008365454735	0.935536387383901	0.23169946743761413	1.0	0.01108860759493671	0.006174338319907941	0.3179779027270171	0.003464966096222151	0.003464966096222151	0.8464534080489048	0.5805856788079471	0.18929026562748527	0.008698459875709268	0.003464966096222151	0.006174338319907941	0.9202346597575283	0.003464966096222151	0.026579824363882006	0.6586880274558344	0.21544928902627508	0.696845866902108	0.7143823613086772	0.10034935135135135	0.3035894122669702	0.8130355119825707	0.8593912454508693	0.28048172699520274	0.003464966096222151	0.8765654723779024	0.13345102354145344	0.09866472182080925	0.5897193487715999	0.013430538172715894	0.5127252110091743	0.7538192048733569	0.01108860759493671	0.5199421886424567	0.15887959486166006	0.42103492954070987	0.024427498292738447	0.4634457406471183	0.003464966096222151	0.3379326298250486	0.8614265293761356	0.3876440798285561	0.003464966096222151	0.003464966096222151	0.3229674653215637	0.8170874146845915	0.006174338319907941	0.3111579781962339	0.4167937819086268	0.21981348643649815	0.38533718309859155	0.4625571482793522	0.47131759608138657	0.09734216255442671	0.003464966096222151	0.9754530820944985	0.5070199754299755	0.44625457223360654	0.5618498985316939	0.013430538172715894	0.4552421434019832	0.9816110221384833	0.003464966096222151	0.9363028436018958	0.4634457406471183	0.10508952907599	0.5442491981188954	0.8233257705391196	0.006174338319907941	0.4406242871821217	0.9255513642564802	0.7874587326607818	0.003464966096222151	0.10981352067868504	0.6256044544198894	0.013430538172715894	0.06109128386336867	0.04644497114591921	0.7809601326455416	0.8070006550218342	0.003464966096222151
g__Holdemania	0.9805128712871287	0.3179779027270171	0.6332948483113909	0.026579824363882006	0.9633894431223228	0.4755585411705728	0.4842639203484754	0.7485111337552289	0.1224753896778663	0.48237329842931936	0.5842109826589595	0.6230464137453874	0.7892993698140952	0.6389683760683761	0.01794910394265233	0.2579904606240713	0.15734552201880259	0.6009710932025227	0.048288402536305994	0.2100159956474429	0.5960270982090601	0.003464966096222151	0.31348648114140415	0.85874048750885	0.024427498292738447	0.08236072631973045	0.38405229468599034	0.04644497114591921	0.7311996752192269	0.38405229468599034	0.024427498292738447	0.003464966096222151	0.4570409413854352	0.06477044392523365	0.003464966096222151	0.19218431154822335	0.24371006024096384	0.2890067474048443	0.09250862068965518	0.09395986866107262	0.42103492954070987	0.008698459875709268	0.006174338319907941	0.5805856788079471	0.9378744785631518	0.9791354029062087	0.9660041916167665	0.5647490883089024	0.722173294156056	0.8676403462854841	0.5037457989912658	0.8845723168908819	0.7334937743190661	0.22521445653840255	0.38302346856528746	0.9497125539879068	0.003464966096222151	0.13345102354145344	0.7272806252035168	0.22777137836185818	0.3542671785028791	0.9824297139631163	0.1720927355278093	0.526185348074353	0.7039120545534536	0.7763067982687639	0.01108860759493671	1.0	0.4842639203484754	0.07006990589590936	0.07359801867022289	0.008698459875709268	0.9367971097148381	0.4324867726920093	0.7874587326607818	0.17526026222078342	0.5037457989912658	0.10360037614185923	0.4604826681870012	0.20461581417175034	0.9367971097148381	0.44401765610975763	0.5932309180443194	0.7652135436583811	0.4305467936261173	0.006174338319907941	0.676399933110368	0.8285668825161887	0.5557560876331856	0.003464966096222151	0.36632103758169937	0.8217911173011451	0.6207657766990291	0.3111579781962339	0.838510245398773	0.04257444142827312	0.996693515230798	0.7380597285067874	0.7404909521247982	0.4842639203484754	0.013430538172715894	0.9926426429240862	0.05384885588117222	0.8876997611464968	0.003464966096222151	0.9217022081094285	0.3968040878828229	0.873205657538369	0.036773613193403304	0.006174338319907941	0.7659466291538379	0.6389683760683761	0.16467411341722504	0.036773613193403304	0.21544928902627508	0.9255513642564802	0.9183724857871005	0.8771127425485097	0.6372487735310896	0.6508967213114755	0.06653594264677389	0.6836839333333333	0.14856377755511022	0.022268618860963797	0.008698459875709268	0.022268618860963797	0.9883683222232653	0.5500233809924305	0.036773613193403304	0.348535785123967	0.8518153237264056	0.01108860759493671	0.9993037230568256	0.6787026148881719	0.10822295285359802	0.7039120545534536	0.9397127386692382	0.9223901845883387	0.013430538172715894	0.3987592267835791	0.8143327772020725	0.024427498292738447	0.9314699476338246	0.9244508925958443	0.17954120772946863	0.8968559024680345	0.02011905319896883
g__Hominenteromicrobium	0.003464966096222151	0.003464966096222151	0.003464966096222151	0.15296928310653835	0.034795719844357975	0.003464966096222151	0.6770678845939624	0.7626039238621863	0.09866472182080925	0.003464966096222151	0.01108860759493671	0.015726917440156328	0.6844199866755497	0.8998617440364248	0.07531240515933231	0.15887959486166006	0.024427498292738447	0.050134673979280925	0.7505151803875388	0.003464966096222151	0.8453002346220545	0.04257444142827312	0.013430538172715894	0.4735215361445783	0.5027968238335591	0.4305467936261173	0.008698459875709268	0.4316015145631068	0.07714301929625425	0.5169009521484375	0.582503780271707	0.003464966096222151	0.3122793834841629	0.18374882268140316	0.003464966096222151	0.03873184713375796	0.003464966096222151	0.1224753896778663	0.003464966096222151	0.003464966096222151	0.036773613193403304	0.006174338319907941	0.05922885866351271	0.01108860759493671	0.003464966096222151	0.013430538172715894	0.003464966096222151	0.036773613193403304	0.7557090685750908	0.022268618860963797	0.003464966096222151	0.003464966096222151	0.006174338319907941	0.003464966096222151	0.43574783225806446	0.013430538172715894	0.003464966096222151	0.17954120772946863	0.006174338319907941	0.003464966096222151	0.003464966096222151	0.003464966096222151	0.316825752884886	0.003464966096222151	0.4811555610972568	0.003464966096222151	0.006174338319907941	0.4842639203484754	1.0	0.3817870564516129	0.003464966096222151	0.30244967227130237	0.003464966096222151	0.28290252320185616	0.006174338319907941	0.003464966096222151	0.02011905319896883	0.003464966096222151	0.33551165507649516	0.003464966096222151	0.8137267005391953	0.008698459875709268	0.03278786556089044	0.003464966096222151	0.06295072350410637	0.5010182019977802	0.050134673979280925	0.003464966096222151	0.028686121630652706	0.6122213000580382	0.003464966096222151	0.022268618860963797	0.022268618860963797	0.003464966096222151	0.028686121630652706	0.006174338319907941	0.05206064281382656	0.006174338319907941	0.008698459875709268	0.008698459875709268	0.05562320574162679	0.003464966096222151	0.10664229333333333	0.024427498292738447	0.003464966096222151	0.01108860759493671	0.6949374268360022	0.14113538747256457	0.003464966096222151	0.003464966096222151	0.18643999680918952	0.9167445360824742	0.10664229333333333	0.5252006564551422	0.4930459459459459	0.013430538172715894	0.003464966096222151	0.15887959486166006	0.7943523076923077	0.5070199754299755	0.17054625	0.2643915509601182	0.003464966096222151	0.6749101808439384	0.10508952907599	0.07714301929625425	0.008698459875709268	0.7217909794095217	0.003464966096222151	0.5107871876531112	0.22264101814826207	0.8682835496528826	0.18508230498721226	0.04257444142827312	0.003464966096222151	0.003464966096222151	0.9177704324801411	0.6316332530949105	0.003464966096222151	0.01108860759493671	0.03278786556089044	0.015726917440156328	0.10034935135135135	0.003464966096222151	0.003464966096222151	0.4273727697701597	0.19892844339622642
g__Hominibacterium	0.9573855873925502	0.003464966096222151	0.003464966096222151	0.607332654723127	0.696845866902108	0.003464966096222151	0.008698459875709268	0.003464966096222151	0.003464966096222151	0.5199421886424567	0.5282152427184466	0.597073543178095	0.003464966096222151	0.16752448315155463	0.003464966096222151	0.6516678906338267	0.43574783225806446	0.7530747754491018	0.8737562105263158	0.20719509116409535	1.0	0.008698459875709268	0.07531240515933231	0.35328031301482704	0.01108860759493671	0.7915167593078134	0.050134673979280925	0.006174338319907941	0.10034935135135135	0.4250826443057723	0.4250826443057723	0.9011832674050633	0.09395986866107262	0.006174338319907941	0.10664229333333333	0.13045745884773666	0.9038025570145127	0.9282471428571429	0.8814367591299143	0.9605835573348585	0.2914706948640483	0.20719509116409535	0.7404909521247982	0.5509817002881844	0.008698459875709268	0.28290252320185616	0.4230624772076062	0.7047047817961967	0.6471412797281992	0.47235261770244824	0.5491959595959596	0.003464966096222151	0.4811555610972568	0.47468957470831763	0.05206064281382656	0.42614532346063916	0.6471412797281992	0.9198149985324332	0.5178947907771135	0.8319440434693459	0.9329179280938076	0.37080256410256407	0.06653594264677389	0.44401765610975763	0.003464966096222151	0.003464966096222151	0.3179779027270171	0.07006990589590936	0.3817870564516129	1.0	0.26558433628318584	0.7249666666666666	0.8501011793411956	0.3061208694416821	0.7424804172491666	0.4570409413854352	0.42199461678832123	0.9621707412347561	0.3542671785028791	0.434699728822314	0.008698459875709268	0.12894909747292418	0.5999980719794344	0.37629499054820414	0.9646060585885488	0.05384885588117222	0.8845723168908819	0.10664229333333333	0.2770098992553658	0.2731870221180607	0.003464966096222151	0.1471649196249163	0.1177564375436148	0.2500957068062827	0.20719509116409535	0.8737562105263158	0.11300754219409283	0.7819251973476476	0.591269158549466	0.1544425140775091	0.6469517354809436	0.10981352067868504	0.003464966096222151	0.05922885866351271	0.2679593823529412	0.034795719844357975	0.10822295285359802	0.8037913464542331	0.8828734995014956	0.9282471428571429	0.3061208694416821	0.4377263910355486	0.3807541307857912	0.08394524119947849	0.9559748733632801	0.9448607812951024	0.30244967227130237	0.5327778909090909	0.07531240515933231	0.030808966431095406	0.7799946614720438	0.9457428502786854	0.4305467936261173	0.702246658592976	0.09072339643447895	0.04644497114591921	0.17526026222078342	0.7404909521247982	0.6732659141707644	0.6754295081967213	0.10822295285359802	0.003464966096222151	0.8189680897250362	0.412958677359979	0.2100159956474429	0.4811555610972568	0.01794910394265233	0.03873184713375796	0.8359022922636103	0.22129691975974125	0.8279745140388769	0.9747138662625496	0.6632613587871982	0.003464966096222151	0.10822295285359802	0.6029144107351224	0.4735215361445783
g__Hominicoprocola	0.003464966096222151	0.003464966096222151	0.003464966096222151	0.003464966096222151	0.003464966096222151	0.003464966096222151	0.844550178589652	0.05562320574162679	0.003464966096222151	0.003464966096222151	0.006174338319907941	0.003464966096222151	0.024427498292738447	0.9065188350088704	0.20319152701644477	0.02011905319896883	0.003464966096222151	0.003464966096222151	0.2579904606240713	0.003464966096222151	0.003464966096222151	0.003464966096222151	0.003464966096222151	0.10197052272319024	0.003464966096222151	0.4755585411705728	0.003464966096222151	0.008698459875709268	0.006174338319907941	0.013430538172715894	0.01108860759493671	0.003464966096222151	0.036773613193403304	0.0873892282065519	0.003464966096222151	0.030808966431095406	0.003464966096222151	0.006174338319907941	0.003464966096222151	0.003464966096222151	0.015726917440156328	0.003464966096222151	0.003464966096222151	0.022268618860963797	0.003464966096222151	0.003464966096222151	0.003464966096222151	0.008698459875709268	0.3719052182163188	0.003464966096222151	0.003464966096222151	0.003464966096222151	0.003464966096222151	0.003464966096222151	0.3774890972878154	0.003464966096222151	0.003464966096222151	0.013430538172715894	0.003464966096222151	0.003464966096222151	0.003464966096222151	0.003464966096222151	0.3968040878828229	0.003464966096222151	0.8197384066955982	0.003464966096222151	0.003464966096222151	0.07359801867022289	0.003464966096222151	0.26558433628318584	1.0	0.003464966096222151	0.006174338319907941	0.5127252110091743	0.003464966096222151	0.003464966096222151	0.003464966096222151	0.003464966096222151	0.01108860759493671	0.003464966096222151	0.5800025455837082	0.003464966096222151	0.003464966096222151	0.003464966096222151	0.003464966096222151	0.003464966096222151	0.003464966096222151	0.003464966096222151	0.2792465143356134	0.9329179280938076	0.003464966096222151	0.003464966096222151	0.01108860759493671	0.003464966096222151	0.003464966096222151	0.003464966096222151	0.003464966096222151	0.006174338319907941	0.30485622067396556	0.003464966096222151	0.028686121630652706	0.003464966096222151	0.008698459875709268	0.003464966096222151	0.003464966096222151	0.003464966096222151	0.259199821958457	0.013430538172715894	0.003464966096222151	0.003464966096222151	0.6749101808439384	0.24371006024096384	0.003464966096222151	0.6282974603539415	0.5540489928057554	0.008698459875709268	0.003464966096222151	0.003464966096222151	0.8366579582651391	0.7287400693842151	0.003464966096222151	0.19218431154822335	0.003464966096222151	0.7340982179501025	0.003464966096222151	0.003464966096222151	0.003464966096222151	0.5491959595959596	0.003464966096222151	0.03278786556089044	0.04257444142827312	0.02011905319896883	0.003464966096222151	0.01794910394265233	0.003464966096222151	0.003464966096222151	0.504755421686747	0.003464966096222151	0.003464966096222151	0.003464966096222151	0.006174338319907941	0.003464966096222151	0.44505121076233184	0.003464966096222151	0.003464966096222151	0.17671119909502264	0.003464966096222151
g__Hominifimenecus	0.06109128386336867	0.057396394611727415	0.3807541307857912	0.27800842197289816	0.5442491981188954	0.03278786556089044	0.86544509171538	0.5932309180443194	0.01108860759493671	0.9267017794632438	0.10197052272319024	0.2877915415704388	0.013430538172715894	0.013430538172715894	0.07006990589590936	0.3864137898686679	0.586831822462915	0.006174338319907941	0.003464966096222151	0.04644497114591921	0.14570961732124876	0.19892844339622642	0.6400454027572062	0.013430538172715894	0.05384885588117222	0.008698459875709268	0.07006990589590936	0.013430538172715894	0.04257444142827312	0.06109128386336867	0.003464966096222151	0.003464966096222151	0.6200988546968996	0.003464966096222151	0.003464966096222151	0.9186139555381451	0.006174338319907941	0.003464966096222151	0.14570961732124876	0.49515425386996903	0.1394884888438134	0.003464966096222151	0.003464966096222151	0.722173294156056	0.652659080641518	0.39986614894464356	0.28048172699520274	0.16326726170979364	0.024427498292738447	0.034795719844357975	0.7363027924528301	0.8337169996925915	0.013430538172715894	0.8170874146845915	0.9186139555381451	0.3742055074424898	0.003464966096222151	0.14417469312258283	0.9833468811741463	0.46551113214691403	0.5805856788079471	0.699780946080053	0.12730129132231405	0.8607777194222807	0.962551185375607	0.6787026148881719	0.003464966096222151	0.008698459875709268	0.30244967227130237	0.7249666666666666	0.003464966096222151	1.0	0.33923422148209825	0.5360303389830509	0.003464966096222151	0.09866472182080925	0.008698459875709268	0.003464966096222151	0.46444982318767364	0.057396394611727415	0.06109128386336867	0.2706776978417266	0.34958052001650847	0.6908837497236348	0.9159607248084856	0.11459195160441875	0.006174338319907941	0.6326457545548297	0.5584068331143233	0.024427498292738447	0.0718273092369478	0.7071553506750083	0.8614265293761356	0.14263408018867926	0.357895731874145	0.3087312810327706	0.8580022462814935	0.2240158064516129	0.591269158549466	0.6266232309285468	0.7373007868923143	0.036773613193403304	0.0718273092369478	0.4492843618244538	0.003464966096222151	0.6275691201840138	0.01794910394265233	0.7173522977840847	0.003464966096222151	0.006174338319907941	0.3542671785028791	0.11300754219409283	0.003464966096222151	0.003464966096222151	0.9262888099639973	0.3752513787510138	0.21683974992281566	0.6200988546968996	0.5159689225506963	0.015726917440156328	0.003464966096222151	0.4367943140794224	0.23450127562642367	0.36267618657937806	0.37987248349279074	0.003464966096222151	0.5815108734192176	0.18235123555840818	0.05384885588117222	0.7659466291538379	0.962551185375607	0.008698459875709268	0.9760994794131567	0.6248007947477539	0.003464966096222151	0.7071553506750083	0.13191295948025306	0.259199821958457	0.655037368955022	0.048288402536305994	0.3719052182163188	0.003464966096222151	0.07359801867022289	0.42103492954070987	0.2579904606240713	0.88089339057508	0.003464966096222151
g__Hominilimicola	0.003464966096222151	0.06653594264677389	0.003464966096222151	0.003464966096222151	0.003464966096222151	0.003464966096222151	0.022268618860963797	0.19336511627906977	0.9122141760944417	0.003464966096222151	0.003464966096222151	0.003464966096222151	0.10197052272319024	0.16326726170979364	0.0806235912847483	0.057396394611727415	0.003464966096222151	0.37629499054820414	0.27580552631578953	0.003464966096222151	0.3217343710559528	0.09072339643447895	0.003464966096222151	0.21832776492364644	0.18643999680918952	0.2500957068062827	0.2100159956474429	0.11612743006993008	0.33551165507649516	0.8580022462814935	0.10508952907599	0.34375978441127697	0.5491959595959596	0.3403927353389713	0.7125797634691197	0.013430538172715894	0.003464966096222151	0.5060124892440073	0.003464966096222151	0.003464966096222151	0.722173294156056	0.003464966096222151	0.2569304347826087	0.003464966096222151	0.08911145967890755	0.003464966096222151	0.003464966096222151	0.003464966096222151	0.7153217457886678	0.003464966096222151	0.04065628288781309	0.003464966096222151	0.003464966096222151	0.003464966096222151	0.34605624827586207	0.003464966096222151	0.036773613193403304	0.003464966096222151	0.003464966096222151	0.003464966096222151	0.003464966096222151	0.003464966096222151	0.42965754863813227	0.003464966096222151	0.6461742905788876	0.003464966096222151	0.8464534080489048	0.9367971097148381	0.003464966096222151	0.8501011793411956	0.006174338319907941	0.33923422148209825	1.0	0.9646060585885488	0.003464966096222151	0.003464966096222151	0.11459195160441875	0.38405229468599034	0.003464966096222151	0.003464966096222151	0.008698459875709268	0.003464966096222151	0.003464966096222151	0.003464966096222151	0.003464966096222151	0.24901196222455402	0.7538192048733569	0.003464966096222151	0.01108860759493671	0.003464966096222151	0.04065628288781309	0.003464966096222151	0.003464966096222151	0.003464966096222151	0.003464966096222151	0.013430538172715894	0.008698459875709268	0.003464966096222151	0.3987592267835791	0.003464966096222151	0.003464966096222151	0.003464966096222151	0.01108860759493671	0.003464966096222151	0.003464966096222151	0.003464966096222151	0.1558583773959022	0.01108860759493671	0.12399031088082903	0.12894909747292418	0.2954645133505599	0.16467411341722504	0.036773613193403304	0.55296120906801	0.2719338319401672	0.003464966096222151	0.003464966096222151	0.003464966096222151	0.10508952907599	0.057396394611727415	0.9559748733632801	0.006174338319907941	0.003464966096222151	0.20319152701644477	0.003464966096222151	0.8037913464542331	0.003464966096222151	0.4634457406471183	0.003464966096222151	0.6437623677925622	0.003464966096222151	0.5463759759036144	0.003464966096222151	0.9267017794632438	0.9144815823095822	0.003464966096222151	0.9005673493618284	0.013430538172715894	0.003464966096222151	0.0718273092369478	0.2719338319401672	0.3695472648296457	0.3602895506078404	0.003464966096222151	0.003464966096222151	0.030808966431095406	0.9373813623188406
g__Hominimerdicola	0.006174338319907941	0.05384885588117222	0.3909088565321934	0.7443081569048898	0.9789541977523845	0.5557560876331856	0.003464966096222151	0.9065188350088704	0.6366055155875299	0.030808966431095406	0.7613742199978702	0.9976734808176981	0.2914706948640483	0.12562670689655173	0.6282974603539415	0.47131759608138657	0.006174338319907941	0.013430538172715894	0.8063879837702872	0.18643999680918952	0.568044124300512	0.09866472182080925	0.9510422077299319	0.9386387778743122	0.9329179280938076	0.008698459875709268	0.8814367591299143	0.935536387383901	0.4201830023517115	0.18235123555840818	0.13345102354145344	0.44625457223360654	0.2890067474048443	0.41792500000000005	0.3817870564516129	0.8468564796905222	0.13650677649456522	0.7240361500815661	0.8023919837381425	0.41792500000000005	0.11300754219409283	0.169106179866645	0.9725858930602957	0.7997030046948358	0.18508230498721226	0.34958052001650847	0.6372487735310896	0.655037368955022	0.008698459875709268	0.13191295948025306	0.43969782720493694	0.9138760176991151	0.0873892282065519	0.7173522977840847	0.7898457493702771	0.23602336065573773	0.5834268595041323	0.6508967213114755	0.526185348074353	0.0718273092369478	0.6836839333333333	0.7938939247931287	0.8814367591299143	0.8495284028484231	0.6282974603539415	0.5337551302241066	0.5805856788079471	0.4324867726920093	0.28290252320185616	0.3061208694416821	0.5127252110091743	0.5360303389830509	0.9646060585885488	1.0	0.37629499054820414	0.7898457493702771	0.1177564375436148	0.01794910394265233	0.5252006564551422	0.8279745140388769	0.006174338319907941	0.8205928416485899	0.9710114768092573	0.6770678845939624	0.022268618860963797	0.6358157353445321	0.22654698407838336	0.21981348643649815	0.6064370271214061	0.8263874961407842	0.578008947617919	0.61723140639481	0.75216860626805	0.14856377755511022	0.6958151451595099	0.19604711538461536	0.20719509116409535	0.14570961732124876	0.16612918433931484	0.996693515230798	0.6668086079354405	0.4010245025205625	0.09072339643447895	0.9016033899980233	0.356671704312115	0.9267017794632438	0.026579824363882006	0.0873892282065519	0.559621906354515	0.75142265625	0.44401765610975763	0.95360408847185	0.06831076388888889	0.8294993525845237	0.5348606926616615	0.14417469312258283	0.5209324808184144	0.26558433628318584	0.8954386667989286	0.034795719844357975	0.03873184713375796	0.5574578771216829	0.3061208694416821	0.12730129132231405	0.015726917440156328	0.9993037230568256	0.8063879837702872	0.40301624305003975	0.6859652212487524	0.003464966096222151	0.3035894122669702	0.923764526202791	0.8667346153846155	0.01108860759493671	0.41094739823475174	0.8661774330042313	0.30485622067396556	0.7659466291538379	0.6358157353445321	0.24788642234905378	0.8505004266558309	0.8787320271891244	0.21832776492364644	0.30244967227130237	0.995711533065195	0.4118727236842106	0.24901196222455402
g__Hominiventricola	0.003464966096222151	0.003464966096222151	0.013430538172715894	0.003464966096222151	0.003464966096222151	0.003464966096222151	0.5689153599048186	0.006174338319907941	0.003464966096222151	0.003464966096222151	0.003464966096222151	0.003464966096222151	0.003464966096222151	0.9031889668115369	0.22521445653840255	0.003464966096222151	0.003464966096222151	0.6469517354809436	0.7345432024169184	0.003464966096222151	0.006174338319907941	0.003464966096222151	0.003464966096222151	0.3156710059171598	0.003464966096222151	0.13045745884773666	0.10508952907599	0.40427626042080195	0.39330296197464976	0.13650677649456522	0.02011905319896883	0.003464966096222151	0.24254778347406514	0.01108860759493671	0.003464966096222151	0.003464966096222151	0.003464966096222151	0.026579824363882006	0.003464966096222151	0.003464966096222151	0.16752448315155463	0.003464966096222151	0.003464966096222151	0.18508230498721226	0.46739406576792236	0.003464966096222151	0.003464966096222151	0.003464966096222151	0.6903079663642399	0.01108860759493671	0.003464966096222151	0.015726917440156328	0.003464966096222151	0.003464966096222151	0.3379326298250486	0.003464966096222151	0.003464966096222151	0.003464966096222151	0.003464966096222151	0.003464966096222151	0.003464966096222151	0.003464966096222151	0.036773613193403304	0.003464966096222151	0.6437623677925622	0.02011905319896883	0.18929026562748527	0.7874587326607818	0.006174338319907941	0.7424804172491666	0.003464966096222151	0.003464966096222151	0.003464966096222151	0.37629499054820414	1.0	0.003464966096222151	0.003464966096222151	0.03873184713375796	0.07531240515933231	0.003464966096222151	0.026579824363882006	0.003464966096222151	0.003464966096222151	0.003464966096222151	0.003464966096222151	0.003464966096222151	0.006174338319907941	0.003464966096222151	0.024427498292738447	0.006174338319907941	0.003464966096222151	0.006174338319907941	0.008698459875709268	0.003464966096222151	0.006174338319907941	0.003464966096222151	0.003464966096222151	0.003464966096222151	0.9391307380607815	0.003464966096222151	0.3252909395973154	0.003464966096222151	0.003464966096222151	0.003464966096222151	0.003464966096222151	0.003464966096222151	0.5252006564551422	0.19604711538461536	0.003464966096222151	0.003464966096222151	0.030808966431095406	0.006174338319907941	0.06831076388888889	0.15296928310653835	0.7272806252035168	0.003464966096222151	0.003464966096222151	0.003464966096222151	0.04065628288781309	0.006174338319907941	0.003464966096222151	0.24901196222455402	0.003464966096222151	0.14856377755511022	0.003464966096222151	0.01794910394265233	0.003464966096222151	0.9159607248084856	0.003464966096222151	0.44286885182809493	0.9646060585885488	0.003464966096222151	0.003464966096222151	0.5148467065868263	0.003464966096222151	0.003464966096222151	0.008698459875709268	0.003464966096222151	0.003464966096222151	0.013430538172715894	0.10981352067868504	0.003464966096222151	0.3367231517509728	0.003464966096222151	0.003464966096222151	0.19604711538461536	0.003464966096222151
g__Hungatella	0.003464966096222151	0.02011905319896883	0.003464966096222151	0.003464966096222151	0.003464966096222151	0.048288402536305994	0.2604827800829876	0.003464966096222151	0.003464966096222151	0.15010518506168724	0.003464966096222151	0.003464966096222151	0.006174338319907941	0.050134673979280925	0.6949374268360022	0.003464966096222151	0.003464966096222151	0.32942371508379886	0.0718273092369478	0.003464966096222151	0.6181881079203335	0.003464966096222151	0.003464966096222151	0.18374882268140316	0.003464966096222151	0.7071553506750083	0.08568857938718662	0.2569304347826087	0.06653594264677389	0.3742055074424898	0.2303821270760323	0.003464966096222151	0.8593912454508693	0.015726917440156328	0.003464966096222151	0.003464966096222151	0.003464966096222151	0.008698459875709268	0.003464966096222151	0.003464966096222151	0.8486957565889895	0.030808966431095406	0.003464966096222151	0.003464966096222151	0.003464966096222151	0.003464966096222151	0.003464966096222151	0.003464966096222151	0.9996520887728461	0.003464966096222151	0.003464966096222151	0.8037913464542331	0.003464966096222151	0.003464966096222151	0.4077269809825674	0.003464966096222151	0.003464966096222151	0.003464966096222151	0.003464966096222151	0.003464966096222151	0.003464966096222151	0.003464966096222151	0.10508952907599	0.003464966096222151	0.22777137836185818	0.003464966096222151	0.008698459875709268	0.17526026222078342	0.003464966096222151	0.4570409413854352	0.003464966096222151	0.09866472182080925	0.003464966096222151	0.7898457493702771	0.003464966096222151	1.0	0.003464966096222151	0.013430538172715894	0.02011905319896883	0.003464966096222151	0.17054625	0.003464966096222151	0.006174338319907941	0.006174338319907941	0.24901196222455402	0.003464966096222151	0.9692516129032258	0.003464966096222151	0.8347310655737704	0.7217909794095217	0.003464966096222151	0.008698459875709268	0.003464966096222151	0.003464966096222151	0.003464966096222151	0.003464966096222151	0.003464966096222151	0.003464966096222151	0.42199461678832123	0.003464966096222151	0.003464966096222151	0.003464966096222151	0.003464966096222151	0.003464966096222151	0.003464966096222151	0.003464966096222151	0.2770098992553658	0.003464966096222151	0.003464966096222151	0.003464966096222151	0.003464966096222151	0.05384885588117222	0.09866472182080925	0.15296928310653835	0.6207657766990291	0.05384885588117222	0.003464966096222151	0.003464966096222151	0.6064370271214061	0.003464966096222151	0.003464966096222151	0.008698459875709268	0.003464966096222151	0.9386387778743122	0.003464966096222151	0.16612918433931484	0.003464966096222151	0.9011832674050633	0.003464966096222151	0.7318860110353781	0.003464966096222151	0.003464966096222151	0.006174338319907941	0.3111579781962339	0.003464966096222151	0.008698459875709268	0.49220372300819054	0.14856377755511022	0.003464966096222151	0.03873184713375796	0.8667346153846155	0.05562320574162679	0.5509817002881844	0.003464966096222151	0.01108860759493671	0.4158244922028568	0.003464966096222151
g__Intestinibacter	0.003464966096222151	0.06295072350410637	0.01108860759493671	0.015726917440156328	0.003464966096222151	0.09250862068965518	0.46551113214691403	0.026579824363882006	0.006174338319907941	0.6479163082842915	0.003464966096222151	0.003464966096222151	0.057396394611727415	0.5548699652569785	0.003464966096222151	0.003464966096222151	0.022268618860963797	0.6372487735310896	0.6741638069705094	0.003464966096222151	0.01108860759493671	0.024427498292738447	0.013430538172715894	0.5412810242782945	0.003464966096222151	0.9903680360157568	0.2679593823529412	0.526185348074353	0.47729125703564734	0.586831822462915	0.0806235912847483	0.003464966096222151	0.003464966096222151	0.14856377755511022	0.05206064281382656	0.003464966096222151	0.003464966096222151	0.003464966096222151	0.003464966096222151	0.003464966096222151	0.04065628288781309	0.006174338319907941	0.024427498292738447	0.015726917440156328	0.3156710059171598	0.008698459875709268	0.003464966096222151	0.003464966096222151	0.6207657766990291	0.3742055074424898	0.003464966096222151	0.008698459875709268	0.024427498292738447	0.003464966096222151	0.09734216255442671	0.13345102354145344	0.003464966096222151	0.27800842197289816	0.006174338319907941	0.01794910394265233	0.02011905319896883	0.003464966096222151	0.6409759139050222	0.013430538172715894	0.8696554282267792	0.003464966096222151	0.003464966096222151	0.5037457989912658	0.02011905319896883	0.42199461678832123	0.003464966096222151	0.008698459875709268	0.11459195160441875	0.1177564375436148	0.003464966096222151	0.003464966096222151	1.0	0.3156710059171598	0.01794910394265233	0.003464966096222151	0.4158244922028568	0.003464966096222151	0.03873184713375796	0.3252909395973154	0.5770791533262184	0.003464966096222151	0.591269158549466	0.008698459875709268	0.722173294156056	0.06831076388888889	0.003464966096222151	0.05206064281382656	0.26172396033742784	0.003464966096222151	0.015726917440156328	0.008698459875709268	0.026579824363882006	0.006174338319907941	0.015726917440156328	0.07006990589590936	0.28290252320185616	0.01108860759493671	0.04065628288781309	0.006174338319907941	0.003464966096222151	0.003464966096222151	0.7115605038335159	0.003464966096222151	0.003464966096222151	0.003464966096222151	0.6181881079203335	0.008698459875709268	0.050134673979280925	0.9733264145578618	0.578008947617919	0.8170874146845915	0.11612743006993008	0.003464966096222151	0.4077269809825674	0.04257444142827312	0.003464966096222151	0.6867744845932167	0.03278786556089044	0.821361930820857	0.4763064964325949	0.6102967933077728	0.24254778347406514	0.923077623743044	0.003464966096222151	0.9144815823095822	0.20189030284010673	0.01108860759493671	0.003464966096222151	0.586831822462915	0.003464966096222151	0.006174338319907941	0.18097779742765271	0.003464966096222151	0.003464966096222151	0.003464966096222151	0.8599544554455446	0.015726917440156328	0.18929026562748527	0.003464966096222151	0.036773613193403304	0.9294296213592232	0.13045745884773666
g__JAGTTR01	0.14263408018867926	0.08911145967890755	0.12562670689655173	0.1471649196249163	0.49599178522825677	0.8531275547445255	0.11459195160441875	0.11300754219409283	0.003464966096222151	0.19758291069459757	0.301436026263203	0.12095204932268148	0.20042662582469367	0.01108860759493671	0.10664229333333333	0.6223831371191135	0.5888039872971066	0.003464966096222151	0.008698459875709268	0.006174338319907941	0.2719338319401672	0.048288402536305994	0.10981352067868504	0.057396394611727415	0.96832536293766	0.3553973154362416	0.003464966096222151	0.006174338319907941	0.7077117447088497	0.030808966431095406	0.01794910394265233	0.003464966096222151	0.5904948907681465	0.003464966096222151	0.003464966096222151	0.6632613587871982	0.003464966096222151	0.08568857938718662	0.17954120772946863	0.24788642234905378	0.06831076388888889	0.06477044392523365	0.034795719844357975	0.49515425386996903	0.04257444142827312	0.3204992	0.7071553506750083	0.3415490027700831	0.048288402536305994	0.6326457545548297	0.995711533065195	0.30244967227130237	0.03873184713375796	0.8329588108662224	0.16326726170979364	0.9965288506499579	0.003464966096222151	0.03873184713375796	0.6903079663642399	0.17818620300145233	0.7652135436583811	0.4552421434019832	0.6754295081967213	0.8217911173011451	0.36399083844580776	0.5500233809924305	0.006174338319907941	0.10360037614185923	0.003464966096222151	0.9621707412347561	0.003464966096222151	0.003464966096222151	0.38405229468599034	0.01794910394265233	0.03873184713375796	0.013430538172715894	0.3156710059171598	1.0	0.6693665398388541	0.003464966096222151	0.05206064281382656	0.3345309653155036	0.9591778042731782	0.94190887283237	0.7665162635264163	0.11300754219409283	0.003464966096222151	0.8551299614838841	0.6141422358807839	0.13191295948025306	0.003464966096222151	0.8107049236522281	0.4865716453177465	0.04644497114591921	0.873205657538369	0.07359801867022289	0.36632103758169937	0.6282974603539415	0.9808773087071241	0.1603300295857988	0.923077623743044	0.02011905319896883	0.2679593823529412	0.20319152701644477	0.003464966096222151	0.9940019668446193	0.3367231517509728	0.6445429594272076	0.022268618860963797	0.003464966096222151	0.11935785900783291	0.13045745884773666	0.013430538172715894	0.013430538172715894	0.14570961732124876	0.6535020318320353	0.7613742199978702	0.8558706382978724	0.6649993717747363	0.19336511627906977	0.01108860759493671	0.15154056886227546	0.18788225266847217	0.16326726170979364	0.9465012104909214	0.003464966096222151	0.607332654723127	0.15010518506168724	0.07006990589590936	0.7115605038335159	0.19336511627906977	0.14263408018867926	0.722173294156056	0.9177704324801411	0.003464966096222151	0.4513920260270477	0.24003552631578948	0.926055619400078	0.7485111337552289	0.1379310584250635	0.34375978441127697	0.008698459875709268	0.49599178522825677	0.947259133691894	0.8737562105263158	0.4991101148573545	0.008698459875709268
g__Klebsiella	0.003464966096222151	0.6437623677925622	0.3252909395973154	0.003464966096222151	0.006174338319907941	0.003464966096222151	0.10508952907599	0.01794910394265233	0.13045745884773666	0.05562320574162679	0.003464966096222151	0.03278786556089044	0.8639786362719387	0.003464966096222151	0.003464966096222151	0.3074270017035775	0.003464966096222151	0.9666566365795725	0.5422497102848866	0.006174338319907941	0.7665162635264163	0.05384885588117222	0.286697816972676	0.006174338319907941	0.4377263910355486	0.8861811771735884	0.3683906670289363	0.5574578771216829	0.9890044110746129	0.16612918433931484	0.08911145967890755	0.9555885711553176	0.8486957565889895	0.05562320574162679	0.6614174064501629	0.028686121630652706	0.003464966096222151	0.7915167593078134	0.006174338319907941	0.003464966096222151	0.3035894122669702	0.003464966096222151	0.8107049236522281	0.003464966096222151	0.048288402536305994	0.003464966096222151	0.003464966096222151	0.003464966096222151	0.5740103894561862	0.01108860759493671	0.013430538172715894	0.003464966096222151	0.003464966096222151	0.003464966096222151	0.7077117447088497	0.003464966096222151	0.2100159956474429	0.003464966096222151	0.008698459875709268	0.1177564375436148	0.003464966096222151	0.003464966096222151	0.3864137898686679	0.003464966096222151	0.4201830023517115	0.01108860759493671	0.9202346597575283	0.4604826681870012	0.33551165507649516	0.3542671785028791	0.01108860759493671	0.46444982318767364	0.003464966096222151	0.5252006564551422	0.07531240515933231	0.02011905319896883	0.01794910394265233	0.6693665398388541	1.0	0.6632613587871982	0.006174338319907941	0.003464966096222151	0.006174338319907941	0.036773613193403304	0.003464966096222151	0.4305467936261173	0.8708499046088964	0.003464966096222151	0.04257444142827312	0.022268618860963797	0.09562084015275506	0.003464966096222151	0.03278786556089044	0.006174338319907941	0.003464966096222151	0.17954120772946863	0.003464966096222151	0.003464966096222151	0.6560251859364435	0.05206064281382656	0.01108860759493671	0.034795719844357975	0.5422497102848866	0.01108860759493671	0.006174338319907941	0.003464966096222151	0.19469317858834673	0.04065628288781309	0.04065628288781309	0.013430538172715894	0.16174822043628012	0.1349822808510638	0.17671119909502264	0.6749101808439384	0.8197384066955982	0.003464966096222151	0.01108860759493671	0.006174338319907941	0.996693515230798	0.02011905319896883	0.7704919339472848	0.0806235912847483	0.003464966096222151	0.824857894736842	0.013430538172715894	0.5960270982090601	0.003464966096222151	0.8632445206861756	0.003464966096222151	0.7461335409730426	0.6499774346793349	0.4118727236842106	0.003464966096222151	0.19604711538461536	0.6723672182468694	0.003464966096222151	0.7571119492158327	0.5392097207109178	0.003464966096222151	0.47062001006162746	0.9767453874538745	0.9569090309633028	0.6455424335378322	0.003464966096222151	0.003464966096222151	0.003464966096222151	0.8531275547445255
g__Lachnoclostridium_B	0.008698459875709268	0.6248007947477539	0.003464966096222151	0.008698459875709268	0.003464966096222151	0.38994418884579374	0.7644796790307153	0.19078469971401335	0.2978613291320538	0.003464966096222151	0.003464966096222151	0.003464966096222151	0.9678581600683566	0.4481423622651157	0.7712196677951756	0.04453621083212285	0.003464966096222151	0.17526026222078342	0.05384885588117222	0.003464966096222151	0.9129106205133247	0.008698459875709268	0.022268618860963797	0.6282974603539415	0.3193067996628266	0.6151726756318108	0.23169946743761413	0.03873184713375796	0.25277680250783696	0.28539398061062077	0.022268618860963797	0.006174338319907941	0.08236072631973045	0.04453621083212285	0.003464966096222151	0.003464966096222151	0.003464966096222151	0.003464966096222151	0.003464966096222151	0.008698459875709268	0.022268618860963797	0.04453621083212285	0.006174338319907941	0.11612743006993008	0.04065628288781309	0.008698459875709268	0.013430538172715894	0.003464966096222151	0.20719509116409535	0.14570961732124876	0.003464966096222151	0.3217343710559528	0.01794910394265233	0.003464966096222151	0.4367943140794224	0.02011905319896883	0.003464966096222151	0.07359801867022289	0.006174338319907941	0.04644497114591921	0.003464966096222151	0.003464966096222151	0.4481423622651157	0.003464966096222151	0.6859652212487524	0.003464966096222151	0.003464966096222151	0.20461581417175034	0.003464966096222151	0.434699728822314	0.003464966096222151	0.057396394611727415	0.003464966096222151	0.8279745140388769	0.003464966096222151	0.003464966096222151	0.003464966096222151	0.003464966096222151	0.6632613587871982	1.0	0.7915167593078134	0.003464966096222151	0.01108860759493671	0.022268618860963797	0.030808966431095406	0.003464966096222151	0.050134673979280925	0.003464966096222151	0.13650677649456522	0.40991174841772154	0.003464966096222151	0.003464966096222151	0.003464966096222151	0.003464966096222151	0.015726917440156328	0.003464966096222151	0.22777137836185818	0.006174338319907941	0.4305467936261173	0.2303821270760323	0.4167937819086268	0.3122793834841629	0.003464966096222151	0.06109128386336867	0.003464966096222151	0.003464966096222151	0.39986614894464356	0.0806235912847483	0.003464966096222151	0.003464966096222151	0.4140429190751445	0.015726917440156328	0.06653594264677389	0.17818620300145233	0.7158691147540984	0.07714301929625425	0.05206064281382656	0.006174338319907941	0.9186139555381451	0.8393500153327199	0.006174338319907941	0.8565239696202531	0.003464966096222151	0.9391307380607815	0.013430538172715894	0.08394524119947849	0.003464966096222151	0.3122793834841629	0.003464966096222151	0.7787187453874539	0.04065628288781309	0.13191295948025306	0.003464966096222151	0.8752935483870968	0.003464966096222151	0.003464966096222151	0.8845723168908819	0.1224753896778663	0.003464966096222151	0.01108860759493671	0.048288402536305994	0.006174338319907941	0.8300050523721503	0.003464966096222151	0.4783941242655331	0.33551165507649516	0.10034935135135135
g__Lachnospira	0.003464966096222151	0.23739998483699773	0.5027968238335591	0.003464966096222151	0.04065628288781309	0.28539398061062077	0.006174338319907941	0.003464966096222151	0.4552421434019832	0.9950800973144942	0.015726917440156328	0.022268618860963797	0.3320501953125	0.003464966096222151	0.3683906670289363	0.04453621083212285	0.003464966096222151	0.8070006550218342	0.24645976251315196	0.42199461678832123	0.9177704324801411	0.003464966096222151	0.2914706948640483	0.003464966096222151	0.003464966096222151	0.4683920055394687	0.507839175257732	0.05922885866351271	0.9701776871264586	0.4367943140794224	0.6704173640635489	0.3472968711233632	0.003464966096222151	0.5070199754299755	0.18374882268140316	0.2914706948640483	0.2060043580131209	0.9255513642564802	0.2877915415704388	0.16752448315155463	0.006174338319907941	0.003464966096222151	0.5851317495873615	0.05562320574162679	0.7952257062146894	0.003464966096222151	0.006174338319907941	0.003464966096222151	0.8667346153846155	0.003464966096222151	0.048288402536305994	0.9555885711553176	0.003464966096222151	0.14417469312258283	0.04065628288781309	0.003464966096222151	0.7626039238621863	0.003464966096222151	0.006174338319907941	0.8761052779168754	0.003464966096222151	0.51185083251714	0.006174338319907941	0.003464966096222151	0.048288402536305994	0.013430538172715894	0.026579824363882006	0.9367971097148381	0.8137267005391953	0.008698459875709268	0.5800025455837082	0.06109128386336867	0.008698459875709268	0.006174338319907941	0.026579824363882006	0.17054625	0.4158244922028568	0.05206064281382656	0.006174338319907941	0.7915167593078134	1.0	0.006174338319907941	0.003464966096222151	0.003464966096222151	0.013430538172715894	0.006174338319907941	0.38533718309859155	0.003464966096222151	0.3111579781962339	0.1471649196249163	0.09562084015275506	0.5402458731117825	0.050134673979280925	0.20042662582469367	0.02011905319896883	0.09562084015275506	0.003464966096222151	0.10664229333333333	0.45349378264747103	0.01108860759493671	0.06109128386336867	0.015726917440156328	0.09395986866107262	0.003464966096222151	0.9754530820944985	0.6754295081967213	0.24254778347406514	0.24254778347406514	0.41512545287477026	0.7915167593078134	0.10981352067868504	0.4665122587968218	0.39775631067961165	0.586831822462915	0.27451760573686523	0.003464966096222151	0.022268618860963797	0.003464966096222151	0.5127252110091743	0.003464966096222151	0.14570961732124876	0.21683974992281566	0.08394524119947849	0.07006990589590936	0.003464966096222151	0.75216860626805	0.003464966096222151	0.7180533871495581	0.022268618860963797	0.996693515230798	0.8359022922636103	0.08568857938718662	0.08911145967890755	0.5567741534043317	0.4502527061526678	0.013430538172715894	0.015726917440156328	0.5422497102848866	0.008698459875709268	0.2303821270760323	0.04453621083212285	0.48887592891760906	0.8933085907240044	0.6668086079354405	0.7929360188580409	0.14570961732124876	0.7173522977840847
g__Lacticaseibacillus	0.003464966096222151	0.006174338319907941	0.006174338319907941	0.003464966096222151	0.003464966096222151	0.003464966096222151	0.04644497114591921	0.003464966096222151	0.2413664501510574	0.028686121630652706	0.003464966096222151	0.003464966096222151	0.2817140699869319	0.003464966096222151	0.008698459875709268	0.06653594264677389	0.003464966096222151	0.6908837497236348	0.003464966096222151	0.003464966096222151	0.003464966096222151	0.01108860759493671	0.006174338319907941	0.003464966096222151	0.008698459875709268	0.96832536293766	0.8639786362719387	0.5904948907681465	0.34958052001650847	0.42103492954070987	0.47131759608138657	0.24901196222455402	0.3807541307857912	0.763582638741229	0.028686121630652706	0.003464966096222151	0.003464966096222151	0.15296928310653835	0.003464966096222151	0.003464966096222151	0.9943551104455259	0.003464966096222151	0.4694474962254655	0.003464966096222151	0.18508230498721226	0.003464966096222151	0.003464966096222151	0.003464966096222151	0.28539398061062077	0.003464966096222151	0.003464966096222151	0.003464966096222151	0.003464966096222151	0.003464966096222151	0.034795719844357975	0.003464966096222151	0.13345102354145344	0.003464966096222151	0.003464966096222151	0.003464966096222151	0.003464966096222151	0.003464966096222151	0.20189030284010673	0.003464966096222151	0.7287400693842151	0.003464966096222151	0.6586880274558344	0.44401765610975763	0.008698459875709268	0.12894909747292418	0.003464966096222151	0.2706776978417266	0.003464966096222151	0.8205928416485899	0.003464966096222151	0.003464966096222151	0.003464966096222151	0.3345309653155036	0.003464966096222151	0.003464966096222151	0.006174338319907941	1.0	0.003464966096222151	0.003464966096222151	0.003464966096222151	0.003464966096222151	0.10981352067868504	0.003464966096222151	0.01794910394265233	0.003464966096222151	0.003464966096222151	0.003464966096222151	0.003464966096222151	0.003464966096222151	0.003464966096222151	0.003464966096222151	0.003464966096222151	0.003464966096222151	0.7665162635264163	0.003464966096222151	0.006174338319907941	0.006174338319907941	0.15296928310653835	0.04065628288781309	0.006174338319907941	0.003464966096222151	0.9198149985324332	0.008698459875709268	0.003464966096222151	0.05562320574162679	0.003464966096222151	0.003464966096222151	0.17954120772946863	0.7689526700572155	0.8393500153327199	0.003464966096222151	0.003464966096222151	0.003464966096222151	0.2877915415704388	0.003464966096222151	0.8990665544554455	0.003464966096222151	0.003464966096222151	0.8316965517241379	0.003464966096222151	0.504755421686747	0.003464966096222151	0.050134673979280925	0.003464966096222151	0.5699208704958972	0.10197052272319024	0.8257080210049423	0.003464966096222151	0.026579824363882006	0.1471649196249163	0.003464966096222151	0.4524148011218766	0.003464966096222151	0.003464966096222151	0.013430538172715894	0.9451657629074127	0.33322185365853657	0.4876635922933499	0.003464966096222151	0.008698459875709268	0.006174338319907941	0.8257080210049423
g__Lactiplantibacillus	0.003464966096222151	0.33551165507649516	0.013430538172715894	0.003464966096222151	0.003464966096222151	0.003464966096222151	0.024427498292738447	0.003464966096222151	0.3742055074424898	0.006174338319907941	0.003464966096222151	0.003464966096222151	0.357895731874145	0.003464966096222151	0.006174338319907941	0.1224753896778663	0.003464966096222151	0.7311996752192269	0.03278786556089044	0.003464966096222151	0.003464966096222151	0.013430538172715894	0.1603300295857988	0.003464966096222151	0.003464966096222151	0.3204992	0.7809601326455416	0.23873752839618356	0.9267017794632438	0.44286885182809493	0.7077117447088497	0.030808966431095406	0.8359022922636103	0.4763064964325949	0.34279789619377166	0.003464966096222151	0.003464966096222151	0.6471412797281992	0.003464966096222151	0.003464966096222151	0.36155778839590447	0.003464966096222151	0.23739998483699773	0.01108860759493671	0.4755585411705728	0.003464966096222151	0.003464966096222151	0.003464966096222151	0.024427498292738447	0.003464966096222151	0.003464966096222151	0.1394884888438134	0.003464966096222151	0.003464966096222151	0.4230624772076062	0.006174338319907941	0.05384885588117222	0.003464966096222151	0.003464966096222151	0.003464966096222151	0.006174338319907941	0.003464966096222151	0.12399031088082903	0.003464966096222151	0.43969782720493694	0.01794910394265233	0.21544928902627508	0.5932309180443194	0.03278786556089044	0.5999980719794344	0.003464966096222151	0.34958052001650847	0.003464966096222151	0.9710114768092573	0.003464966096222151	0.006174338319907941	0.03873184713375796	0.9591778042731782	0.006174338319907941	0.01108860759493671	0.003464966096222151	0.003464966096222151	1.0	0.003464966096222151	0.003464966096222151	0.003464966096222151	0.2792465143356134	0.003464966096222151	0.02011905319896883	0.006174338319907941	0.006174338319907941	0.006174338319907941	0.003464966096222151	0.006174338319907941	0.003464966096222151	0.02011905319896883	0.003464966096222151	0.003464966096222151	0.7054966381015162	0.003464966096222151	0.06109128386336867	0.14570961732124876	0.3817870564516129	0.015726917440156328	0.003464966096222151	0.003464966096222151	0.11612743006993008	0.048288402536305994	0.008698459875709268	0.015726917440156328	0.01794910394265233	0.14856377755511022	0.4763064964325949	0.7712196677951756	0.03278786556089044	0.003464966096222151	0.003464966096222151	0.01108860759493671	0.8263874961407842	0.003464966096222151	0.3229674653215637	0.008698459875709268	0.003464966096222151	0.9391307380607815	0.003464966096222151	0.6082272410184861	0.003464966096222151	0.1603300295857988	0.003464966096222151	0.9255513642564802	0.22654698407838336	0.6535020318320353	0.003464966096222151	0.23169946743761413	0.1544425140775091	0.006174338319907941	0.4010245025205625	0.13650677649456522	0.003464966096222151	0.1720927355278093	0.756370548676345	0.1394884888438134	0.9144815823095822	0.003464966096222151	0.008698459875709268	0.05384885588117222	0.7943523076923077
g__Lactobacillus	0.003464966096222151	0.01108860759493671	0.022268618860963797	0.013430538172715894	0.003464966096222151	0.003464966096222151	0.2679593823529412	0.4502527061526678	0.19336511627906977	0.003464966096222151	0.003464966096222151	0.003464966096222151	0.07714301929625425	0.013430538172715894	0.026579824363882006	0.09866472182080925	0.003464966096222151	0.9573855873925502	0.003464966096222151	0.003464966096222151	0.026579824363882006	0.11612743006993008	0.04065628288781309	0.04065628288781309	0.034795719844357975	0.6577765957446808	0.7974258566652738	0.8149381006628003	0.34958052001650847	0.5904948907681465	0.8682835496528826	0.10034935135135135	0.1603300295857988	0.27800842197289816	0.10197052272319024	0.003464966096222151	0.003464966096222151	0.7363027924528301	0.003464966096222151	0.003464966096222151	0.9760994794131567	0.003464966096222151	0.8501011793411956	0.026579824363882006	0.5442491981188954	0.003464966096222151	0.003464966096222151	0.003464966096222151	0.09250862068965518	0.003464966096222151	0.003464966096222151	0.003464966096222151	0.003464966096222151	0.003464966096222151	0.12095204932268148	0.003464966096222151	0.31446929911154986	0.003464966096222151	0.015726917440156328	0.008698459875709268	0.003464966096222151	0.003464966096222151	0.591269158549466	0.003464966096222151	0.8402751354113439	0.003464966096222151	0.696845866902108	0.7652135436583811	0.003464966096222151	0.37629499054820414	0.003464966096222151	0.6908837497236348	0.003464966096222151	0.6770678845939624	0.003464966096222151	0.006174338319907941	0.3252909395973154	0.94190887283237	0.036773613193403304	0.022268618860963797	0.003464966096222151	0.003464966096222151	0.003464966096222151	1.0	0.006174338319907941	0.003464966096222151	0.5842109826589595	0.003464966096222151	0.02011905319896883	0.006174338319907941	0.008698459875709268	0.01108860759493671	0.003464966096222151	0.028686121630652706	0.003464966096222151	0.006174338319907941	0.003464966096222151	0.003464966096222151	0.13345102354145344	0.003464966096222151	0.02011905319896883	0.013430538172715894	0.2978613291320538	0.026579824363882006	0.003464966096222151	0.003464966096222151	0.36632103758169937	0.01794910394265233	0.03278786556089044	0.6867744845932167	0.0873892282065519	0.024427498292738447	0.5740103894561862	0.5412810242782945	0.872742039751054	0.003464966096222151	0.003464966096222151	0.003464966096222151	0.24901196222455402	0.003464966096222151	0.42614532346063916	0.1603300295857988	0.03278786556089044	0.9031889668115369	0.003464966096222151	0.43574783225806446	0.003464966096222151	0.022268618860963797	0.003464966096222151	0.4406242871821217	0.2303821270760323	0.7745317735291012	0.003464966096222151	0.18788225266847217	0.6471412797281992	0.003464966096222151	0.6908837497236348	0.10822295285359802	0.003464966096222151	0.6122213000580382	0.996693515230798	0.6471412797281992	0.35328031301482704	0.003464966096222151	0.01108860759493671	0.23873752839618356	0.2541889618138425
g__Lactococcus	0.003464966096222151	0.22777137836185818	0.01794910394265233	0.003464966096222151	0.003464966096222151	0.003464966096222151	0.30485622067396556	0.008698459875709268	0.01794910394265233	0.003464966096222151	0.003464966096222151	0.003464966096222151	0.19469317858834673	0.04644497114591921	0.003464966096222151	0.05922885866351271	0.003464966096222151	0.9993037230568256	0.17954120772946863	0.003464966096222151	0.034795719844357975	0.015726917440156328	0.08394524119947849	0.01108860759493671	0.015726917440156328	0.6543440320397111	0.4305467936261173	0.9183724857871005	0.7763067982687639	0.9678581600683566	0.12562670689655173	0.08911145967890755	0.8241770713107996	0.6787026148881719	0.18235123555840818	0.04644497114591921	0.008698459875709268	0.6223831371191135	0.003464966096222151	0.006174338319907941	0.39775631067961165	0.003464966096222151	0.7943523076923077	0.003464966096222151	0.4524148011218766	0.003464966096222151	0.003464966096222151	0.003464966096222151	0.9510422077299319	0.006174338319907941	0.003464966096222151	0.008698459875709268	0.003464966096222151	0.003464966096222151	0.5960270982090601	0.006174338319907941	0.8645378225806452	0.003464966096222151	0.003464966096222151	0.003464966096222151	0.003464966096222151	0.003464966096222151	0.36267618657937806	0.003464966096222151	0.7345432024169184	0.028686121630652706	0.7143823613086772	0.4305467936261173	0.06295072350410637	0.9646060585885488	0.003464966096222151	0.9159607248084856	0.003464966096222151	0.022268618860963797	0.003464966096222151	0.24901196222455402	0.5770791533262184	0.7665162635264163	0.003464966096222151	0.030808966431095406	0.013430538172715894	0.003464966096222151	0.003464966096222151	0.006174338319907941	1.0	0.057396394611727415	0.5574578771216829	0.003464966096222151	0.003464966096222151	0.015726917440156328	0.04453621083212285	0.003464966096222151	0.003464966096222151	0.022268618860963797	0.003464966096222151	0.003464966096222151	0.003464966096222151	0.003464966096222151	0.6657550896860986	0.026579824363882006	0.25567523482928284	0.048288402536305994	0.4625571482793522	0.3683906670289363	0.003464966096222151	0.003464966096222151	0.3752513787510138	0.013430538172715894	0.08568857938718662	0.05562320574162679	0.003464966096222151	0.015726917440156328	0.28290252320185616	0.7266679774060395	0.6045721859706362	0.013430538172715894	0.006174338319907941	0.01108860759493671	0.7571119492158327	0.008698459875709268	0.21415480724570363	0.03278786556089044	0.008698459875709268	0.24788642234905378	0.003464966096222151	0.44183228912569	0.003464966096222151	0.9307000776020953	0.003464966096222151	0.19892844339622642	0.22913108974358976	0.8285668825161887	0.01108860759493671	0.3204992	0.20461581417175034	0.003464966096222151	0.6741638069705094	0.19218431154822335	0.006174338319907941	0.14417469312258283	0.2679593823529412	0.1224753896778663	0.2731870221180607	0.003464966096222151	0.022268618860963797	0.003464966096222151	0.3817870564516129
g__Lactonifactor	0.003464966096222151	0.008698459875709268	0.10508952907599	0.003464966096222151	0.003464966096222151	0.75142265625	0.8696554282267792	0.003464966096222151	0.008698459875709268	0.46444982318767364	0.006174338319907941	0.003464966096222151	0.003464966096222151	0.02011905319896883	0.0873892282065519	0.003464966096222151	0.003464966096222151	0.20319152701644477	0.7304333188908145	0.003464966096222151	0.10034935135135135	0.003464966096222151	0.40882022961203485	0.43969782720493694	0.003464966096222151	0.19336511627906977	0.13045745884773666	0.015726917440156328	0.8319440434693459	0.24371006024096384	0.259199821958457	0.003464966096222151	0.15296928310653835	0.0806235912847483	0.003464966096222151	0.003464966096222151	0.006174338319907941	0.6358157353445321	0.003464966096222151	0.003464966096222151	0.3602895506078404	0.652659080641518	0.003464966096222151	0.47131759608138657	0.1379310584250635	0.015726917440156328	0.003464966096222151	0.003464966096222151	0.5089063542688911	0.003464966096222151	0.003464966096222151	0.9217022081094285	0.01108860759493671	0.003464966096222151	0.08236072631973045	0.030808966431095406	0.003464966096222151	0.003464966096222151	0.015726917440156328	0.003464966096222151	0.05206064281382656	0.003464966096222151	0.006174338319907941	0.03278786556089044	0.01794910394265233	0.9559748733632801	0.10034935135135135	0.006174338319907941	0.5010182019977802	0.05384885588117222	0.003464966096222151	0.11459195160441875	0.24901196222455402	0.6358157353445321	0.003464966096222151	0.003464966096222151	0.003464966096222151	0.11300754219409283	0.4305467936261173	0.003464966096222151	0.006174338319907941	0.003464966096222151	0.003464966096222151	0.003464966096222151	0.057396394611727415	1.0	0.7433945818103633	0.006174338319907941	0.24003552631578948	0.6151726756318108	0.6675624327956989	0.03873184713375796	0.13191295948025306	0.003464966096222151	0.003464966096222151	0.006174338319907941	0.003464966096222151	0.006174338319907941	0.4250826443057723	0.03278786556089044	0.003464966096222151	0.048288402536305994	0.003464966096222151	0.003464966096222151	0.003464966096222151	0.13191295948025306	0.7388178529126735	0.06109128386336867	0.003464966096222151	0.008698459875709268	0.5851317495873615	0.824857894736842	0.5169009521484375	0.19218431154822335	0.3035894122669702	0.028686121630652706	0.003464966096222151	0.08394524119947849	0.6770678845939624	0.02011905319896883	0.22264101814826207	0.04644497114591921	0.003464966096222151	0.7490997106109325	0.003464966096222151	0.01794910394265233	0.0806235912847483	0.4763064964325949	0.003464966096222151	0.3909088565321934	0.14570961732124876	0.003464966096222151	0.13191295948025306	0.4842639203484754	0.003464966096222151	0.01794910394265233	0.9819743927697232	0.4201830023517115	0.003464966096222151	0.2914706948640483	0.722173294156056	0.030808966431095406	0.8667346153846155	0.2303821270760323	0.15010518506168724	0.88089339057508	0.013430538172715894
g__Laedolimicola	0.09072339643447895	0.1349822808510638	0.09734216255442671	0.21415480724570363	0.6469517354809436	0.2604827800829876	0.03278786556089044	0.7340982179501025	0.15734552201880259	0.8300050523721503	0.4201830023517115	0.2770098992553658	0.2903445901166979	0.19336511627906977	0.30041890191592796	0.9198149985324332	0.9152663686382394	0.06109128386336867	0.3403927353389713	0.8055229784576959	0.27800842197289816	0.316825752884886	0.3266086920067076	0.2541889618138425	0.27451760573686523	0.5932309180443194	0.01794910394265233	0.09866472182080925	0.022268618860963797	0.11143439703808179	0.9465012104909214	0.10508952907599	0.9005673493618284	0.15296928310653835	0.04644497114591921	0.815795972667978	0.03873184713375796	0.10508952907599	0.434699728822314	0.41512545287477026	0.4406242871821217	0.49220372300819054	0.19892844339622642	0.7794392307692308	0.1471649196249163	0.3156710059171598	0.6675624327956989	0.4406242871821217	0.2679593823529412	0.21145402173913047	0.815795972667978	0.7626039238621863	0.5070199754299755	0.43969782720493694	0.024427498292738447	0.974066515065378	0.2731870221180607	0.14856377755511022	0.7490997106109325	0.4842639203484754	0.5472073672806067	0.37310682649329535	0.7490997106109325	0.9600182242990655	0.6675624327956989	0.6064370271214061	0.3035894122669702	0.676399933110368	0.050134673979280925	0.8845723168908819	0.003464966096222151	0.006174338319907941	0.7538192048733569	0.22654698407838336	0.006174338319907941	0.9692516129032258	0.591269158549466	0.003464966096222151	0.8708499046088964	0.050134673979280925	0.38533718309859155	0.10981352067868504	0.2792465143356134	0.5842109826589595	0.5574578771216829	0.7433945818103633	1.0	0.6732659141707644	0.8137267005391953	0.2303821270760323	0.24254778347406514	0.6248007947477539	1.0	0.7498480235672201	0.3542671785028791	0.22521445653840255	0.7373007868923143	0.24371006024096384	0.7787187453874539	0.24506782006920416	0.9857264949229033	0.7468048084147257	0.23311947400425662	0.935536387383901	0.02011905319896883	0.7613742199978702	0.17054625	0.9335055308020148	0.0718273092369478	0.008698459875709268	0.26307848587904775	0.3379326298250486	0.05206064281382656	0.5981192537138846	0.18508230498721226	0.39775631067961165	0.8165687985097796	0.9503776359973136	0.7345432024169184	0.8821554159186117	0.030808966431095406	0.8933085907240044	0.6560251859364435	0.8599544554455446	0.6303291800643087	0.01794910394265233	0.8765654723779024	0.07531240515933231	0.31348648114140415	0.028686121630652706	0.024427498292738447	0.10508952907599	0.4832892763731473	0.7892993698140952	0.030808966431095406	0.2719338319401672	0.7943523076923077	0.23311947400425662	0.5127252110091743	0.022268618860963797	0.9122141760944417	0.18643999680918952	0.5851317495873615	0.7345432024169184	0.3320501953125	0.8149381006628003	0.05922885866351271
g__Lancefieldella	0.003464966096222151	0.12399031088082903	0.003464966096222151	0.003464966096222151	0.003464966096222151	0.003464966096222151	0.10034935135135135	0.008698459875709268	0.06477044392523365	0.003464966096222151	0.003464966096222151	0.003464966096222151	0.10360037614185923	0.003464966096222151	0.08236072631973045	0.06295072350410637	0.003464966096222151	0.39775631067961165	0.003464966096222151	0.003464966096222151	0.04453621083212285	0.006174338319907941	0.006174338319907941	0.04644497114591921	0.008698459875709268	0.33551165507649516	0.24254778347406514	0.8468564796905222	0.3241531075027995	0.5904948907681465	0.4793760899437851	0.036773613193403304	0.9177704324801411	0.15154056886227546	0.04065628288781309	0.003464966096222151	0.003464966096222151	0.7294289707475623	0.003464966096222151	0.003464966096222151	0.7030410871478874	0.003464966096222151	0.4010245025205625	0.003464966096222151	0.9373813623188406	0.003464966096222151	0.003464966096222151	0.003464966096222151	0.702246658592976	0.003464966096222151	0.003464966096222151	0.003464966096222151	0.003464966096222151	0.003464966096222151	0.6875066902968543	0.003464966096222151	0.05562320574162679	0.003464966096222151	0.006174338319907941	0.003464966096222151	0.003464966096222151	0.003464966096222151	0.28539398061062077	0.003464966096222151	0.6029144107351224	0.003464966096222151	0.8130355119825707	0.8285668825161887	0.003464966096222151	0.10664229333333333	0.003464966096222151	0.6326457545548297	0.003464966096222151	0.21981348643649815	0.003464966096222151	0.003464966096222151	0.008698459875709268	0.8551299614838841	0.003464966096222151	0.003464966096222151	0.003464966096222151	0.003464966096222151	0.003464966096222151	0.003464966096222151	0.003464966096222151	0.006174338319907941	0.6732659141707644	1.0	0.003464966096222151	0.003464966096222151	0.003464966096222151	0.003464966096222151	0.003464966096222151	0.003464966096222151	0.003464966096222151	0.003464966096222151	0.003464966096222151	0.003464966096222151	0.006174338319907941	0.003464966096222151	0.013430538172715894	0.003464966096222151	0.06109128386336867	0.006174338319907941	0.003464966096222151	0.003464966096222151	0.08394524119947849	0.003464966096222151	0.003464966096222151	0.013430538172715894	0.1224753896778663	0.003464966096222151	0.4502527061526678	0.9791354029062087	0.7005007603305786	0.003464966096222151	0.003464966096222151	0.003464966096222151	0.43888242790937176	0.003464966096222151	0.9202346597575283	0.026579824363882006	0.003464966096222151	0.7704919339472848	0.003464966096222151	0.057396394611727415	0.003464966096222151	0.6883903232949513	0.003464966096222151	0.11612743006993008	0.02011905319896883	0.8765654723779024	0.003464966096222151	0.935536387383901	0.1720927355278093	0.003464966096222151	0.9262888099639973	0.01108860759493671	0.003464966096222151	0.04644497114591921	0.6859652212487524	0.6683152451309604	0.015726917440156328	0.003464966096222151	0.003464966096222151	0.05384885588117222	0.11935785900783291
g__Latilactobacillus	0.008698459875709268	0.756370548676345	0.11459195160441875	0.04065628288781309	0.11612743006993008	0.003464966096222151	0.962551185375607	0.2668129032258064	0.7961818305439331	0.013430538172715894	0.013430538172715894	0.6455424335378322	0.803008365454735	0.06477044392523365	0.01794910394265233	0.6064370271214061	0.4604826681870012	0.49803084146793525	0.028686121630652706	0.028686121630652706	0.9186139555381451	0.40991174841772154	0.07359801867022289	0.048288402536305994	0.4065782608695652	0.7952257062146894	0.4513920260270477	0.454513520050923	0.8143327772020725	0.5989541203974283	0.04065628288781309	0.6754295081967213	0.23169946743761413	0.19336511627906977	0.9526678253375467	0.4077269809825674	0.16752448315155463	0.9674923624964378	0.09734216255442671	0.18643999680918952	0.1558583773959022	0.003464966096222151	0.0806235912847483	0.003464966096222151	0.05922885866351271	0.003464966096222151	0.015726917440156328	0.01794910394265233	0.9244508925958443	0.1224753896778663	0.4941313011152416	0.050134673979280925	0.057396394611727415	0.286697816972676	0.25147523539082345	0.2087047492992837	0.6230464137453874	0.0806235912847483	0.5316704983630411	0.39986614894464356	0.003464966096222151	0.003464966096222151	0.926055619400078	0.003464966096222151	0.40882022961203485	0.006174338319907941	0.8593912454508693	0.5557560876331856	0.028686121630652706	0.2770098992553658	0.2792465143356134	0.5584068331143233	0.01108860759493671	0.6064370271214061	0.024427498292738447	0.8347310655737704	0.722173294156056	0.6141422358807839	0.04257444142827312	0.13650677649456522	0.3111579781962339	0.01794910394265233	0.02011905319896883	0.02011905319896883	0.003464966096222151	0.24003552631578948	0.8137267005391953	0.003464966096222151	1.0	0.06653594264677389	0.003464966096222151	0.003464966096222151	0.008698459875709268	0.5658930775646371	0.01794910394265233	0.655037368955022	0.3415490027700831	0.006174338319907941	0.013430538172715894	0.7659466291538379	0.09866472182080925	0.7340982179501025	0.9660041916167665	0.08394524119947849	0.11935785900783291	0.02011905319896883	0.19758291069459757	0.454513520050923	0.8574369950389794	0.9457428502786854	0.022268618860963797	0.19336511627906977	0.8854651987645711	0.9544487937966686	0.9344544406779661	0.003464966096222151	0.39986614894464356	0.06831076388888889	0.39330296197464976	0.024427498292738447	0.988010146561443	0.4634457406471183	0.06295072350410637	0.23739998483699773	0.07359801867022289	0.6316332530949105	0.003464966096222151	0.9177704324801411	0.3179779027270171	0.8047412077043208	0.9202346597575283	0.06831076388888889	0.2792465143356134	0.8501011793411956	0.8708499046088964	0.003464966096222151	0.28539398061062077	0.12399031088082903	0.2240158064516129	0.8137267005391953	0.026579824363882006	0.4158244922028568	0.05384885588117222	0.003464966096222151	0.024427498292738447	0.003464966096222151	0.7799946614720438
g__Lawsonibacter	0.003464966096222151	0.9282471428571429	0.39986614894464356	0.18508230498721226	0.0806235912847483	0.003464966096222151	0.5348606926616615	0.3817870564516129	0.006174338319907941	0.979778155065082	0.003464966096222151	0.17954120772946863	0.6009710932025227	0.4763064964325949	0.003464966096222151	0.32942371508379886	0.7827251236191478	0.003464966096222151	0.003464966096222151	0.06653594264677389	0.11459195160441875	0.8427899938738003	0.6641680772252778	0.12095204932268148	0.9005673493618284	0.0806235912847483	0.026579824363882006	0.03873184713375796	0.3241531075027995	0.3683906670289363	0.42965754863813227	0.12562670689655173	0.01108860759493671	0.02011905319896883	0.17671119909502264	0.3156710059171598	0.996693515230798	0.9282471428571429	0.8319440434693459	0.662474384900573	0.5584068331143233	0.003464966096222151	0.04065628288781309	0.036773613193403304	0.013430538172715894	0.003464966096222151	0.006174338319907941	0.003464966096222151	0.07359801867022289	0.003464966096222151	0.1471649196249163	0.003464966096222151	0.02011905319896883	0.38405229468599034	0.2579904606240713	0.006174338319907941	0.003464966096222151	0.07359801867022289	0.10981352067868504	0.2413664501510574	0.003464966096222151	0.10664229333333333	1.0	0.003464966096222151	0.2770098992553658	0.003464966096222151	0.28048172699520274	0.003464966096222151	0.6122213000580382	0.2731870221180607	0.9329179280938076	0.024427498292738447	0.003464966096222151	0.8263874961407842	0.006174338319907941	0.7217909794095217	0.06831076388888889	0.13191295948025306	0.022268618860963797	0.40991174841772154	0.1471649196249163	0.003464966096222151	0.006174338319907941	0.006174338319907941	0.015726917440156328	0.6151726756318108	0.2303821270760323	0.003464966096222151	0.06653594264677389	1.0	0.5989541203974283	0.2413664501510574	0.02011905319896883	0.9976734808176981	0.006174338319907941	0.6461742905788876	0.7923928811071503	0.01794910394265233	0.9294296213592232	0.6893494631986719	0.24901196222455402	0.4241286699635607	0.6445429594272076	0.8197384066955982	0.8691883311538076	0.003464966096222151	0.07531240515933231	0.19336511627906977	0.18643999680918952	0.0790385269121813	0.003464966096222151	0.003464966096222151	0.7754195670538543	0.10360037614185923	0.37987248349279074	0.015726917440156328	0.013430538172715894	0.003464966096222151	0.01794910394265233	0.003464966096222151	0.6409759139050222	0.8098426122194513	0.7689526700572155	0.015726917440156328	0.21282290277562416	0.022268618860963797	0.003464966096222151	0.08394524119947849	0.7665162635264163	0.39775631067961165	0.8893931363772009	0.003464966096222151	0.003464966096222151	0.09866472182080925	0.003464966096222151	0.003464966096222151	0.3864137898686679	0.003464966096222151	0.5037457989912658	0.003464966096222151	0.9291094150796735	0.050134673979280925	0.6132533650498955	0.003464966096222151	0.003464966096222151	0.5107871876531112	0.026579824363882006
g__Lentihominibacter	0.003464966096222151	0.8682835496528826	0.003464966096222151	0.1379310584250635	0.12894909747292418	0.003464966096222151	0.04065628288781309	0.006174338319907941	0.2303821270760323	0.003464966096222151	0.006174338319907941	0.04065628288781309	0.9511591549295775	0.17818620300145233	0.6428343952668107	0.22129691975974125	0.16174822043628012	0.036773613193403304	0.962551185375607	0.003464966096222151	0.655037368955022	0.0806235912847483	0.003464966096222151	0.597073543178095	0.2903445901166979	0.05922885866351271	0.003464966096222151	0.006174338319907941	0.19469317858834673	0.008698459875709268	0.3252909395973154	0.003464966096222151	0.4053208223162348	0.6741638069705094	0.11143439703808179	0.01108860759493671	0.003464966096222151	0.013430538172715894	0.008698459875709268	0.003464966096222151	0.0806235912847483	0.07359801867022289	0.09866472182080925	0.003464966096222151	0.003464966096222151	0.006174338319907941	0.003464966096222151	0.015726917440156328	0.034795719844357975	0.008698459875709268	0.003464966096222151	0.003464966096222151	0.3448615129762562	0.003464966096222151	0.43969782720493694	0.006174338319907941	0.003464966096222151	0.4901485586481113	0.003464966096222151	0.003464966096222151	0.003464966096222151	0.003464966096222151	0.7874587326607818	0.003464966096222151	0.048288402536305994	0.003464966096222151	0.003464966096222151	0.36632103758169937	0.003464966096222151	0.003464966096222151	0.003464966096222151	0.0718273092369478	0.04065628288781309	0.578008947617919	0.003464966096222151	0.003464966096222151	0.003464966096222151	0.003464966096222151	0.09562084015275506	0.003464966096222151	0.09562084015275506	0.003464966096222151	0.006174338319907941	0.008698459875709268	0.04453621083212285	0.6675624327956989	0.24254778347406514	0.003464966096222151	0.003464966096222151	0.5989541203974283	1.0	0.006174338319907941	0.04257444142827312	0.003464966096222151	0.04065628288781309	0.003464966096222151	0.015726917440156328	0.05206064281382656	0.4010245025205625	0.022268618860963797	0.16752448315155463	0.07531240515933231	0.6308370612525808	0.4634457406471183	0.003464966096222151	0.003464966096222151	0.7836067837610433	0.8676403462854841	0.07714301929625425	0.003464966096222151	0.21544928902627508	0.25147523539082345	0.003464966096222151	0.6019432056969414	0.49803084146793525	0.015726917440156328	0.003464966096222151	0.07714301929625425	0.7961818305439331	0.2500957068062827	0.4053208223162348	0.10197052272319024	0.003464966096222151	0.3035894122669702	0.44505121076233184	0.003464966096222151	0.003464966096222151	0.1544425140775091	0.003464966096222151	0.38302346856528746	0.01108860759493671	0.3968040878828229	0.030808966431095406	0.49599178522825677	0.003464966096222151	0.003464966096222151	0.20042662582469367	0.10822295285359802	0.003464966096222151	0.17054625	0.25147523539082345	0.15887959486166006	0.2087047492992837	0.003464966096222151	0.003464966096222151	0.08394524119947849	0.15296928310653835
g__Leuconostoc	0.003464966096222151	0.844550178589652	0.03873184713375796	0.003464966096222151	0.006174338319907941	0.003464966096222151	0.8070006550218342	0.01108860759493671	0.4053208223162348	0.003464966096222151	0.003464966096222151	0.015726917440156328	0.85874048750885	0.006174338319907941	0.003464966096222151	0.6867744845932167	0.003464966096222151	0.5941407897820482	0.024427498292738447	0.003464966096222151	0.10981352067868504	0.1177564375436148	0.01108860759493671	0.2100159956474429	0.02011905319896883	0.8149381006628003	0.720857497820401	0.6248007947477539	0.9441007795957651	0.4755585411705728	0.9824297139631163	0.14263408018867926	0.02011905319896883	0.06653594264677389	0.4604826681870012	0.006174338319907941	0.003464966096222151	0.6852310953279326	0.003464966096222151	0.003464966096222151	0.18643999680918952	0.003464966096222151	0.9314699476338246	0.003464966096222151	0.6649993717747363	0.003464966096222151	0.003464966096222151	0.003464966096222151	0.2668129032258064	0.003464966096222151	0.003464966096222151	0.04065628288781309	0.003464966096222151	0.003464966096222151	0.5897193487715999	0.006174338319907941	0.6657550896860986	0.003464966096222151	0.07006990589590936	0.01108860759493671	0.003464966096222151	0.003464966096222151	0.8205928416485899	0.003464966096222151	0.5834268595041323	0.003464966096222151	0.8765654723779024	0.8217911173011451	0.022268618860963797	0.1471649196249163	0.003464966096222151	0.7071553506750083	0.003464966096222151	0.61723140639481	0.006174338319907941	0.008698459875709268	0.05206064281382656	0.8107049236522281	0.003464966096222151	0.003464966096222151	0.5402458731117825	0.003464966096222151	0.006174338319907941	0.01108860759493671	0.003464966096222151	0.03873184713375796	0.6248007947477539	0.003464966096222151	0.003464966096222151	0.2413664501510574	0.006174338319907941	1.0	0.015726917440156328	0.003464966096222151	0.003464966096222151	0.006174338319907941	0.01108860759493671	0.003464966096222151	0.169106179866645	0.1471649196249163	0.003464966096222151	0.42199461678832123	0.24788642234905378	0.2087047492992837	0.003464966096222151	0.003464966096222151	0.4053208223162348	0.09395986866107262	0.003464966096222151	0.09250862068965518	0.003464966096222151	0.003464966096222151	0.31446929911154986	0.8233257705391196	0.5834268595041323	0.003464966096222151	0.01108860759493671	0.003464966096222151	0.3542671785028791	0.003464966096222151	0.5001265860281412	0.49599178522825677	0.06295072350410637	0.25277680250783696	0.013430538172715894	0.1379310584250635	0.003464966096222151	0.7794392307692308	0.003464966096222151	0.30041890191592796	0.09734216255442671	0.3122793834841629	0.003464966096222151	0.7468048084147257	0.2817140699869319	0.003464966096222151	0.5941407897820482	0.003464966096222151	0.003464966096222151	0.02011905319896883	0.10360037614185923	0.8070006550218342	0.08394524119947849	0.003464966096222151	0.006174338319907941	0.003464966096222151	0.9159607248084856
g__Ligilactobacillus	0.003464966096222151	0.28048172699520274	0.09866472182080925	0.003464966096222151	0.003464966096222151	0.003464966096222151	0.7571119492158327	0.003464966096222151	0.8876997611464968	0.11459195160441875	0.003464966096222151	0.01108860759493671	0.9903680360157568	0.008698459875709268	0.02011905319896883	0.18643999680918952	0.01108860759493671	0.9910956399437412	0.057396394611727415	0.003464966096222151	0.1471649196249163	0.2100159956474429	0.003464966096222151	0.5001265860281412	0.026579824363882006	0.7827251236191478	0.4811555610972568	0.7294289707475623	0.2579904606240713	0.4524148011218766	0.4561424561849124	0.6816022009782126	0.43888242790937176	0.10822295285359802	0.01794910394265233	0.003464966096222151	0.01108860759493671	0.6400454027572062	0.006174338319907941	0.003464966096222151	0.6479163082842915	0.003464966096222151	0.9397127386692382	0.01108860759493671	0.7621111430395913	0.003464966096222151	0.003464966096222151	0.003464966096222151	0.34605624827586207	0.003464966096222151	0.01108860759493671	0.24506782006920416	0.006174338319907941	0.003464966096222151	0.27800842197289816	0.003464966096222151	0.34605624827586207	0.003464966096222151	0.003464966096222151	0.006174338319907941	0.003464966096222151	0.003464966096222151	0.8599544554455446	0.003464966096222151	0.7990836517381773	0.003464966096222151	0.13345102354145344	0.6207657766990291	0.022268618860963797	0.1177564375436148	0.01108860759493671	0.8614265293761356	0.003464966096222151	0.75216860626805	0.008698459875709268	0.003464966096222151	0.26172396033742784	0.4865716453177465	0.03278786556089044	0.003464966096222151	0.050134673979280925	0.003464966096222151	0.003464966096222151	0.003464966096222151	0.003464966096222151	0.13191295948025306	1.0	0.003464966096222151	0.008698459875709268	0.02011905319896883	0.04257444142827312	0.015726917440156328	1.0	0.003464966096222151	0.003464966096222151	0.06295072350410637	0.003464966096222151	0.003464966096222151	0.8518153237264056	0.07359801867022289	0.3521938977460143	0.1349822808510638	0.6471412797281992	0.2579904606240713	0.11612743006993008	0.003464966096222151	0.01108860759493671	0.006174338319907941	0.008698459875709268	0.24371006024096384	0.01108860759493671	0.028686121630652706	0.4065782608695652	0.7096761727312583	0.923077623743044	0.003464966096222151	0.003464966096222151	0.006174338319907941	0.7952257062146894	0.003464966096222151	0.4832892763731473	0.3217343710559528	0.04453621083212285	0.9865499153976311	0.008698459875709268	0.330830047472773	0.003464966096222151	0.06831076388888889	0.003464966096222151	0.48047653889374453	0.15010518506168724	0.70628762490392	0.003464966096222151	0.5282152427184466	0.4570409413854352	0.003464966096222151	0.7294289707475623	0.4167937819086268	0.003464966096222151	0.24901196222455402	0.7229477267783336	0.9573855873925502	0.7272806252035168	0.003464966096222151	0.008698459875709268	0.07006990589590936	0.7363027924528301
g__Limivivens	0.003464966096222151	0.04065628288781309	0.003464966096222151	0.003464966096222151	0.003464966096222151	0.003464966096222151	0.22521445653840255	0.006174338319907941	0.006174338319907941	0.003464966096222151	0.003464966096222151	0.003464966096222151	0.01794910394265233	0.050134673979280925	0.9186139555381451	0.003464966096222151	0.003464966096222151	0.13191295948025306	0.030808966431095406	0.003464966096222151	0.2890067474048443	0.003464966096222151	0.003464966096222151	0.9940019668446193	0.003464966096222151	0.048288402536305994	0.5432827702702703	0.5647490883089024	0.06477044392523365	0.9011832674050633	0.30041890191592796	0.003464966096222151	0.2668129032258064	0.09866472182080925	0.003464966096222151	0.003464966096222151	0.003464966096222151	0.3472968711233632	0.003464966096222151	0.003464966096222151	0.06295072350410637	0.008698459875709268	0.003464966096222151	0.015726917440156328	0.003464966096222151	0.003464966096222151	0.003464966096222151	0.003464966096222151	0.6366055155875299	0.003464966096222151	0.003464966096222151	0.01794910394265233	0.003464966096222151	0.003464966096222151	0.4570409413854352	0.003464966096222151	0.003464966096222151	0.003464966096222151	0.003464966096222151	0.003464966096222151	0.003464966096222151	0.003464966096222151	0.06109128386336867	0.003464966096222151	0.10034935135135135	0.02011905319896883	0.09866472182080925	0.3111579781962339	0.003464966096222151	0.2500957068062827	0.003464966096222151	0.14263408018867926	0.003464966096222151	0.14856377755511022	0.003464966096222151	0.003464966096222151	0.003464966096222151	0.04644497114591921	0.006174338319907941	0.003464966096222151	0.20042662582469367	0.003464966096222151	0.006174338319907941	0.028686121630652706	0.022268618860963797	0.003464966096222151	0.7498480235672201	0.003464966096222151	0.5658930775646371	0.9976734808176981	0.003464966096222151	0.003464966096222151	0.003464966096222151	1.0	0.003464966096222151	0.003464966096222151	0.003464966096222151	0.003464966096222151	0.572200950909307	0.003464966096222151	0.003464966096222151	0.003464966096222151	0.006174338319907941	0.003464966096222151	0.003464966096222151	0.003464966096222151	0.7997030046948358	0.003464966096222151	0.003464966096222151	0.003464966096222151	0.7626039238621863	0.6038847095871238	0.7433945818103633	0.08236072631973045	0.7158691147540984	0.003464966096222151	0.003464966096222151	0.003464966096222151	0.35086371511068337	0.3876440798285561	0.003464966096222151	0.05206064281382656	0.003464966096222151	0.7915167593078134	0.003464966096222151	0.015726917440156328	0.003464966096222151	0.37863053795335044	0.003464966096222151	0.14856377755511022	0.07531240515933231	0.003464966096222151	0.003464966096222151	0.024427498292738447	0.003464966096222151	0.003464966096222151	0.2926776548354649	0.003464966096222151	0.003464966096222151	0.008698459875709268	0.720857497820401	0.003464966096222151	0.9717527972691067	0.003464966096222151	0.003464966096222151	0.3774890972878154	0.01794910394265233
g__Limosilactobacillus	0.003464966096222151	0.01108860759493671	0.022268618860963797	0.003464966096222151	0.003464966096222151	0.003464966096222151	0.15734552201880259	0.022268618860963797	0.6675624327956989	0.008698459875709268	0.003464966096222151	0.006174338319907941	0.41094739823475174	0.013430538172715894	0.003464966096222151	0.09250862068965518	0.003464966096222151	0.9903680360157568	0.003464966096222151	0.003464966096222151	0.015726917440156328	0.1471649196249163	0.2693394268919912	0.006174338319907941	0.15154056886227546	0.947259133691894	0.5740103894561862	0.7613742199978702	0.504755421686747	0.4930459459459459	0.11143439703808179	0.20319152701644477	0.6469517354809436	0.38994418884579374	0.2693394268919912	0.003464966096222151	0.003464966096222151	0.6754295081967213	0.003464966096222151	0.003464966096222151	0.745061052631579	0.003464966096222151	0.9378744785631518	0.003464966096222151	0.12399031088082903	0.003464966096222151	0.003464966096222151	0.003464966096222151	0.24254778347406514	0.003464966096222151	0.01794910394265233	0.008698459875709268	0.003464966096222151	0.003464966096222151	0.11935785900783291	0.003464966096222151	0.7929360188580409	0.003464966096222151	0.008698459875709268	0.003464966096222151	0.003464966096222151	0.003464966096222151	0.6741638069705094	0.003464966096222151	0.8939304347826086	0.003464966096222151	0.5897193487715999	0.838510245398773	0.028686121630652706	0.20719509116409535	0.003464966096222151	0.357895731874145	0.003464966096222151	0.6958151451595099	0.006174338319907941	0.003464966096222151	0.015726917440156328	0.873205657538369	0.003464966096222151	0.015726917440156328	0.02011905319896883	0.003464966096222151	0.003464966096222151	0.003464966096222151	0.003464966096222151	0.003464966096222151	0.3542671785028791	0.003464966096222151	0.01794910394265233	0.006174338319907941	0.04065628288781309	0.003464966096222151	0.003464966096222151	0.003464966096222151	1.0	0.05922885866351271	0.003464966096222151	0.003464966096222151	0.31348648114140415	0.006174338319907941	0.024427498292738447	0.003464966096222151	0.5178947907771135	0.015726917440156328	0.003464966096222151	0.003464966096222151	0.20461581417175034	0.003464966096222151	0.036773613193403304	0.9378744785631518	0.003464966096222151	0.003464966096222151	0.6230464137453874	0.4241286699635607	0.85874048750885	0.003464966096222151	0.003464966096222151	0.003464966096222151	0.926055619400078	0.003464966096222151	0.2500957068062827	0.008698459875709268	0.003464966096222151	0.7173522977840847	0.003464966096222151	0.9335055308020148	0.003464966096222151	0.022268618860963797	0.003464966096222151	0.23169946743761413	0.1177564375436148	0.1558583773959022	0.003464966096222151	0.2731870221180607	0.2978613291320538	0.003464966096222151	0.4811555610972568	0.24371006024096384	0.003464966096222151	0.8593912454508693	0.4832892763731473	0.5148467065868263	0.43969782720493694	0.003464966096222151	0.008698459875709268	0.08568857938718662	0.6200988546968996
g__Longicatena	0.003464966096222151	0.006174338319907941	0.003464966096222151	0.003464966096222151	0.003464966096222151	0.003464966096222151	0.39775631067961165	0.8130355119825707	0.003464966096222151	0.003464966096222151	0.006174338319907941	0.003464966096222151	0.01108860759493671	0.8821554159186117	0.6595986390732201	0.05562320574162679	0.003464966096222151	0.18235123555840818	0.6649993717747363	0.003464966096222151	0.03873184713375796	0.003464966096222151	0.003464966096222151	0.46739406576792236	0.003464966096222151	0.9511591549295775	0.21145402173913047	0.10822295285359802	0.4665122587968218	0.4118727236842106	0.09562084015275506	0.003464966096222151	0.9883683222232653	0.9808773087071241	0.003464966096222151	0.006174338319907941	0.003464966096222151	0.003464966096222151	0.003464966096222151	0.003464966096222151	0.17054625	0.022268618860963797	0.003464966096222151	0.024427498292738447	0.026579824363882006	0.015726917440156328	0.003464966096222151	0.003464966096222151	0.5749432182271271	0.07006990589590936	0.003464966096222151	0.006174338319907941	0.003464966096222151	0.003464966096222151	0.8165687985097796	0.003464966096222151	0.003464966096222151	0.008698459875709268	0.003464966096222151	0.003464966096222151	0.003464966096222151	0.003464966096222151	0.1349822808510638	0.003464966096222151	0.9943551104455259	0.1720927355278093	0.013430538172715894	0.04257444142827312	0.006174338319907941	0.8737562105263158	0.003464966096222151	0.3087312810327706	0.013430538172715894	0.19604711538461536	0.003464966096222151	0.003464966096222151	0.008698459875709268	0.07359801867022289	0.17954120772946863	0.003464966096222151	0.09562084015275506	0.003464966096222151	0.02011905319896883	0.006174338319907941	0.003464966096222151	0.006174338319907941	0.22521445653840255	0.003464966096222151	0.655037368955022	0.6461742905788876	0.003464966096222151	0.006174338319907941	0.06295072350410637	0.003464966096222151	0.05922885866351271	1.0	0.003464966096222151	0.04257444142827312	0.28048172699520274	0.01108860759493671	0.024427498292738447	0.01108860759493671	0.003464966096222151	0.006174338319907941	0.003464966096222151	0.01108860759493671	0.2087047492992837	0.06295072350410637	0.003464966096222151	0.003464966096222151	0.5790062189054727	0.22654698407838336	0.015726917440156328	0.2978613291320538	0.5137864775644945	0.057396394611727415	0.003464966096222151	0.003464966096222151	0.2968345480631277	0.10197052272319024	0.02011905319896883	0.38405229468599034	0.006174338319907941	0.5137864775644945	0.13045745884773666	0.01108860759493671	0.024427498292738447	0.15010518506168724	0.003464966096222151	0.5557560876331856	0.30041890191592796	0.048288402536305994	0.06831076388888889	0.04257444142827312	0.006174338319907941	0.01108860759493671	0.0873892282065519	0.2978613291320538	0.003464966096222151	0.18374882268140316	0.026579824363882006	0.022268618860963797	0.8217911173011451	0.003464966096222151	0.006174338319907941	0.7819251973476476	0.030808966431095406
g__Massilioclostridium	0.003464966096222151	0.003464966096222151	0.10360037614185923	0.003464966096222151	0.003464966096222151	0.006174338319907941	0.008698459875709268	0.003464966096222151	0.003464966096222151	0.003464966096222151	0.003464966096222151	0.003464966096222151	0.003464966096222151	0.003464966096222151	0.6816022009782126	0.003464966096222151	0.003464966096222151	0.20319152701644477	0.23169946743761413	0.003464966096222151	0.057396394611727415	0.003464966096222151	0.006174338319907941	0.19892844339622642	0.003464966096222151	0.3266086920067076	0.31446929911154986	0.47729125703564734	0.9174378349200117	0.09072339643447895	0.6893494631986719	0.006174338319907941	0.4492843618244538	0.4377263910355486	0.003464966096222151	0.003464966096222151	0.003464966096222151	0.7969708594730238	0.003464966096222151	0.003464966096222151	0.5402458731117825	0.003464966096222151	0.003464966096222151	0.003464966096222151	0.30244967227130237	0.003464966096222151	0.003464966096222151	0.003464966096222151	0.5952587277413308	0.003464966096222151	0.003464966096222151	0.5337551302241066	0.003464966096222151	0.003464966096222151	0.08236072631973045	0.003464966096222151	0.003464966096222151	0.003464966096222151	0.003464966096222151	0.003464966096222151	0.003464966096222151	0.003464966096222151	0.034795719844357975	0.003464966096222151	0.04644497114591921	0.803008365454735	0.5127252110091743	0.996693515230798	0.05206064281382656	0.11300754219409283	0.003464966096222151	0.8580022462814935	0.008698459875709268	0.20719509116409535	0.003464966096222151	0.003464966096222151	0.026579824363882006	0.36632103758169937	0.003464966096222151	0.22777137836185818	0.003464966096222151	0.003464966096222151	0.003464966096222151	0.003464966096222151	0.003464966096222151	0.003464966096222151	0.7373007868923143	0.003464966096222151	0.3415490027700831	0.7923928811071503	0.015726917440156328	0.01108860759493671	0.003464966096222151	0.003464966096222151	0.003464966096222151	0.003464966096222151	1.0	0.003464966096222151	0.4763064964325949	0.003464966096222151	0.01108860759493671	0.003464966096222151	0.003464966096222151	0.003464966096222151	0.003464966096222151	0.01108860759493671	0.22521445653840255	0.008698459875709268	0.003464966096222151	0.003464966096222151	0.07006990589590936	0.3553973154362416	0.21282290277562416	0.9890044110746129	0.4793760899437851	0.003464966096222151	0.003464966096222151	0.013430538172715894	0.8661774330042313	0.003464966096222151	0.0806235912847483	0.01108860759493671	0.003464966096222151	0.9633894431223228	0.003464966096222151	0.04065628288781309	0.028686121630652706	0.3807541307857912	0.003464966096222151	0.030808966431095406	0.286697816972676	0.034795719844357975	0.006174338319907941	0.06653594264677389	0.003464966096222151	0.03873184713375796	0.06295072350410637	0.19078469971401335	0.003464966096222151	0.6875066902968543	0.10981352067868504	0.003464966096222151	0.3448615129762562	0.006174338319907941	0.006174338319907941	0.23873752839618356	0.013430538172715894
g__Mediterraneibacter	0.003464966096222151	0.02011905319896883	0.16612918433931484	0.003464966096222151	0.003464966096222151	0.003464966096222151	0.14417469312258283	0.022268618860963797	0.21544928902627508	0.003464966096222151	0.003464966096222151	0.003464966096222151	0.024427498292738447	0.01108860759493671	0.003464966096222151	0.036773613193403304	0.003464966096222151	0.34375978441127697	0.003464966096222151	0.003464966096222151	0.036773613193403304	0.06477044392523365	0.2719338319401672	0.003464966096222151	0.2240158064516129	0.10360037614185923	0.5897193487715999	0.7505151803875388	0.974066515065378	0.578008947617919	0.8279745140388769	0.8427899938738003	0.5127252110091743	0.23739998483699773	0.22521445653840255	0.003464966096222151	0.006174338319907941	0.4201830023517115	0.003464966096222151	0.003464966096222151	0.9767453874538745	0.003464966096222151	0.9441007795957651	0.003464966096222151	0.6754295081967213	0.003464966096222151	0.003464966096222151	0.003464966096222151	0.048288402536305994	0.003464966096222151	0.003464966096222151	0.05384885588117222	0.003464966096222151	0.003464966096222151	0.04257444142827312	0.003464966096222151	0.3367231517509728	0.003464966096222151	0.1544425140775091	0.006174338319907941	0.003464966096222151	0.003464966096222151	0.16174822043628012	0.003464966096222151	0.18643999680918952	0.003464966096222151	0.7538192048733569	0.7380597285067874	0.006174338319907941	0.7819251973476476	0.006174338319907941	0.2240158064516129	0.003464966096222151	0.14570961732124876	0.003464966096222151	0.003464966096222151	0.006174338319907941	0.6282974603539415	0.003464966096222151	0.006174338319907941	0.10664229333333333	0.003464966096222151	0.003464966096222151	0.003464966096222151	0.003464966096222151	0.006174338319907941	0.24371006024096384	0.003464966096222151	0.006174338319907941	0.01794910394265233	0.05206064281382656	0.003464966096222151	0.003464966096222151	0.003464966096222151	0.003464966096222151	0.04257444142827312	0.003464966096222151	1.0	0.4077269809825674	0.006174338319907941	0.008698459875709268	0.003464966096222151	0.38302346856528746	0.003464966096222151	0.003464966096222151	0.003464966096222151	0.9183724857871005	0.003464966096222151	0.003464966096222151	0.5229730656934306	0.006174338319907941	0.003464966096222151	0.5618498985316939	0.5229730656934306	0.7727544974104217	0.003464966096222151	0.003464966096222151	0.006174338319907941	0.7304333188908145	0.003464966096222151	0.06653594264677389	0.006174338319907941	0.003464966096222151	0.873205657538369	0.003464966096222151	0.9451657629074127	0.003464966096222151	0.1558583773959022	0.003464966096222151	0.8917970781156828	0.1558583773959022	0.09395986866107262	0.003464966096222151	0.3695472648296457	0.6595986390732201	0.003464966096222151	0.9725858930602957	0.022268618860963797	0.003464966096222151	0.06477044392523365	0.0718273092369478	0.582503780271707	0.26558433628318584	0.003464966096222151	0.02011905319896883	0.006174338319907941	0.8998617440364248
g__Megamonas	0.06477044392523365	0.5327778909090909	0.8464534080489048	0.8123436059788249	0.6308370612525808	0.03278786556089044	0.4481423622651157	0.3602895506078404	0.06477044392523365	0.01794910394265233	0.7287400693842151	0.9819743927697232	0.10664229333333333	0.05384885588117222	0.7380597285067874	0.5904948907681465	0.316825752884886	0.30244967227130237	0.4481423622651157	0.3217343710559528	0.8285668825161887	0.660508431703204	0.01108860759493671	0.7047047817961967	0.0718273092369478	0.19604711538461536	0.9363028436018958	0.31446929911154986	0.6508967213114755	0.6207657766990291	0.028686121630652706	0.5178947907771135	0.34605624827586207	0.48887592891760906	0.6428343952668107	0.04453621083212285	0.6816022009782126	0.04453621083212285	0.8531275547445255	0.23873752839618356	0.49599178522825677	0.13191295948025306	0.10822295285359802	0.4561424561849124	0.5188874177029993	0.10822295285359802	0.3752513787510138	0.8217911173011451	0.21282290277562416	0.6332948483113909	0.3345309653155036	0.11612743006993008	0.7190671174610098	0.9733264145578618	0.2500957068062827	0.4020747117296223	0.49695050067993574	0.7884207081319605	0.7892993698140952	0.6343055046921492	0.9754530820944985	0.807948367983368	0.3742055074424898	0.47062001006162746	0.9038025570145127	0.013430538172715894	0.01108860759493671	0.7404909521247982	0.008698459875709268	0.591269158549466	0.30485622067396556	0.591269158549466	0.3987592267835791	0.16612918433931484	0.9391307380607815	0.42199461678832123	0.015726917440156328	0.9808773087071241	0.6560251859364435	0.4305467936261173	0.45349378264747103	0.7665162635264163	0.7054966381015162	0.13345102354145344	0.6657550896860986	0.4250826443057723	0.7787187453874539	0.006174338319907941	0.013430538172715894	0.9294296213592232	0.4010245025205625	0.169106179866645	0.8518153237264056	0.572200950909307	0.31348648114140415	0.28048172699520274	0.4763064964325949	0.4077269809825674	1.0	0.5740103894561862	0.8876997611464968	0.5861204925760075	0.10822295285359802	0.9122141760944417	0.9605835573348585	0.8143327772020725	0.2569304347826087	0.4552421434019832	0.6867744845932167	0.8316965517241379	0.9511591549295775	0.8780104200000001	0.43365	0.12894909747292418	0.722173294156056	0.5842109826589595	0.7974258566652738	0.3652546395966753	0.7505151803875388	0.14856377755511022	0.003464966096222151	0.28539398061062077	0.06653594264677389	0.8558706382978724	0.6256044544198894	0.4201830023517115	0.5229730656934306	0.591269158549466	0.8189680897250362	0.41916433895645355	0.034795719844357975	0.13191295948025306	0.6807120106761566	0.44728521883798306	0.8300050523721503	0.9666566365795725	0.08568857938718662	0.2679593823529412	0.926055619400078	0.538237672392935	0.7763067982687639	0.3320501953125	0.003464966096222151	0.870209282700422	0.5188874177029993	0.6844199866755497	0.3320501953125
g__Merdibacter	0.003464966096222151	0.003464966096222151	0.003464966096222151	0.008698459875709268	0.003464966096222151	0.003464966096222151	0.036773613193403304	0.030808966431095406	0.003464966096222151	0.003464966096222151	0.003464966096222151	0.003464966096222151	0.003464966096222151	0.003464966096222151	0.8113981831395348	0.02011905319896883	0.003464966096222151	0.4158244922028568	0.5010182019977802	0.003464966096222151	0.36632103758169937	0.003464966096222151	0.08236072631973045	0.37863053795335044	0.003464966096222151	0.26307848587904775	0.057396394611727415	0.3122793834841629	0.3695472648296457	0.745061052631579	0.4273727697701597	0.01108860759493671	0.39223754006410255	0.09250862068965518	0.003464966096222151	0.006174338319907941	0.003464966096222151	0.2706776978417266	0.003464966096222151	0.003464966096222151	0.8939304347826086	0.006174338319907941	0.003464966096222151	0.015726917440156328	0.6275691201840138	0.003464966096222151	0.003464966096222151	0.003464966096222151	0.3204992	0.003464966096222151	0.003464966096222151	0.10981352067868504	0.003464966096222151	0.003464966096222151	0.21145402173913047	0.003464966096222151	0.003464966096222151	0.003464966096222151	0.003464966096222151	0.003464966096222151	0.003464966096222151	0.003464966096222151	0.24645976251315196	0.02011905319896883	0.006174338319907941	0.43969782720493694	0.5199421886424567	0.4842639203484754	0.008698459875709268	0.1544425140775091	0.003464966096222151	0.6266232309285468	0.003464966096222151	0.996693515230798	0.003464966096222151	0.003464966096222151	0.07006990589590936	0.1603300295857988	0.05206064281382656	0.2303821270760323	0.01108860759493671	0.003464966096222151	0.003464966096222151	0.003464966096222151	0.026579824363882006	0.03278786556089044	0.24506782006920416	0.003464966096222151	0.7659466291538379	0.6893494631986719	0.022268618860963797	0.1471649196249163	0.07359801867022289	0.003464966096222151	0.006174338319907941	0.01108860759493671	0.003464966096222151	0.006174338319907941	0.5740103894561862	1.0	0.003464966096222151	0.003464966096222151	0.003464966096222151	0.003464966096222151	0.003464966096222151	0.003464966096222151	0.008698459875709268	0.003464966096222151	0.003464966096222151	0.003464966096222151	0.2604827800829876	0.0806235912847483	0.3074270017035775	0.4118727236842106	0.9584284991890087	0.003464966096222151	0.003464966096222151	0.008698459875709268	0.2240158064516129	0.008698459875709268	0.04644497114591921	0.008698459875709268	0.003464966096222151	0.854128859604663	0.003464966096222151	0.1349822808510638	0.013430538172715894	0.5148467065868263	0.003464966096222151	0.22777137836185818	0.05922885866351271	0.022268618860963797	0.006174338319907941	0.847862601791531	0.003464966096222151	0.01108860759493671	0.27580552631578953	0.6568643428313999	0.003464966096222151	0.036773613193403304	0.46739406576792236	0.006174338319907941	0.44728521883798306	0.003464966096222151	0.003464966096222151	0.5099099668995954	0.036773613193403304
g__Merdimmobilis	0.003464966096222151	0.4020747117296223	0.08911145967890755	0.003464966096222151	0.39447156	0.013430538172715894	0.6308370612525808	0.10360037614185923	0.0790385269121813	0.04453621083212285	0.003464966096222151	0.08911145967890755	0.10197052272319024	0.4305467936261173	0.6732659141707644	0.07714301929625425	0.003464966096222151	0.08236072631973045	0.5567741534043317	0.003464966096222151	0.6903079663642399	0.013430538172715894	0.008698459875709268	0.8593912454508693	0.048288402536305994	0.1558583773959022	0.12399031088082903	0.23169946743761413	0.9186139555381451	0.5509817002881844	0.7287400693842151	0.04257444142827312	0.39330296197464976	0.6883903232949513	0.003464966096222151	0.008698459875709268	0.003464966096222151	0.9202346597575283	0.006174338319907941	0.003464966096222151	0.9559748733632801	0.4305467936261173	0.015726917440156328	0.003464966096222151	0.09072339643447895	0.015726917440156328	0.034795719844357975	0.11143439703808179	0.7143823613086772	0.003464966096222151	0.01794910394265233	0.05384885588117222	0.003464966096222151	0.003464966096222151	0.4793760899437851	0.006174338319907941	0.006174338319907941	0.003464966096222151	0.008698459875709268	0.003464966096222151	0.003464966096222151	0.003464966096222151	0.7665162635264163	0.003464966096222151	0.34279789619377166	0.3087312810327706	0.15887959486166006	0.013430538172715894	0.05562320574162679	0.6469517354809436	0.028686121630652706	0.7373007868923143	0.003464966096222151	0.6668086079354405	0.3252909395973154	0.003464966096222151	0.28290252320185616	0.923077623743044	0.01108860759493671	0.4167937819086268	0.06109128386336867	0.006174338319907941	0.06109128386336867	0.02011905319896883	0.25567523482928284	0.003464966096222151	0.9857264949229033	0.013430538172715894	0.09866472182080925	0.24901196222455402	0.16752448315155463	0.003464966096222151	0.3521938977460143	0.003464966096222151	0.024427498292738447	0.024427498292738447	0.01108860759493671	0.008698459875709268	0.8876997611464968	0.003464966096222151	1.0	0.33551165507649516	0.10508952907599	0.050134673979280925	0.003464966096222151	0.22264101814826207	0.4492843618244538	0.028686121630652706	0.006174338319907941	0.003464966096222151	0.330830047472773	0.7106186479675688	0.34605624827586207	0.6749101808439384	0.7770294682422453	0.12095204932268148	0.006174338319907941	0.1349822808510638	0.34375978441127697	0.6683152451309604	0.15296928310653835	0.006174338319907941	0.026579824363882006	0.003464966096222151	0.003464966096222151	0.006174338319907941	0.1379310584250635	0.8667346153846155	0.003464966096222151	0.8968559024680345	0.07006990589590936	0.5020938740293356	0.05384885588117222	0.028686121630652706	0.022268618860963797	0.02011905319896883	0.6275691201840138	0.048288402536305994	0.003464966096222151	0.5548699652569785	0.8917970781156828	0.18097779742765271	0.9544487937966686	0.03278786556089044	0.09562084015275506	0.5689153599048186	0.01108860759493671
g__Merdimonas	0.003464966096222151	0.003464966096222151	0.08911145967890755	0.08394524119947849	0.006174338319907941	0.0873892282065519	0.11143439703808179	0.0718273092369478	0.003464966096222151	0.11143439703808179	0.003464966096222151	0.003464966096222151	0.003464966096222151	0.01794910394265233	0.7799946614720438	0.003464966096222151	0.003464966096222151	0.04257444142827312	0.9910956399437412	0.003464966096222151	0.6019432056969414	0.003464966096222151	0.29409290433783397	0.14263408018867926	0.003464966096222151	0.4876635922933499	0.6683152451309604	0.9511591549295775	0.23739998483699773	0.7983801232504701	0.8495284028484231	0.01794910394265233	0.9791354029062087	0.04453621083212285	0.003464966096222151	0.026579824363882006	0.003464966096222151	0.11459195160441875	0.003464966096222151	0.003464966096222151	0.05562320574162679	0.003464966096222151	0.18929026562748527	0.022268618860963797	0.46551113214691403	0.006174338319907941	0.003464966096222151	0.003464966096222151	0.4930459459459459	0.003464966096222151	0.003464966096222151	0.09072339643447895	0.003464966096222151	0.003464966096222151	0.41094739823475174	0.003464966096222151	0.003464966096222151	0.003464966096222151	0.008698459875709268	0.003464966096222151	0.006174338319907941	0.003464966096222151	0.25567523482928284	0.006174338319907941	0.003464966096222151	0.04453621083212285	0.42103492954070987	0.9926426429240862	0.003464966096222151	0.10981352067868504	0.003464966096222151	0.036773613193403304	0.003464966096222151	0.4010245025205625	0.003464966096222151	0.003464966096222151	0.01108860759493671	0.02011905319896883	0.034795719844357975	0.3122793834841629	0.015726917440156328	0.006174338319907941	0.14570961732124876	0.013430538172715894	0.048288402536305994	0.048288402536305994	0.7468048084147257	0.003464966096222151	0.7340982179501025	0.4241286699635607	0.07531240515933231	0.42199461678832123	0.1349822808510638	0.003464966096222151	0.003464966096222151	0.01108860759493671	0.003464966096222151	0.003464966096222151	0.5861204925760075	0.003464966096222151	0.33551165507649516	1.0	0.003464966096222151	0.003464966096222151	0.003464966096222151	0.003464966096222151	0.04257444142827312	0.015726917440156328	0.006174338319907941	0.008698459875709268	0.9088855834564253	0.05922885866351271	0.19604711538461536	0.12399031088082903	0.5482351822885333	0.0806235912847483	0.006174338319907941	0.003464966096222151	0.8624227515897851	0.17526026222078342	0.09866472182080925	0.2954645133505599	0.02011905319896883	0.8737562105263158	0.003464966096222151	0.4524148011218766	0.06109128386336867	0.9559748733632801	0.003464966096222151	0.33322185365853657	0.7180533871495581	0.003464966096222151	0.01108860759493671	0.8337169996925915	0.003464966096222151	0.01794910394265233	0.036773613193403304	0.18508230498721226	0.003464966096222151	0.15010518506168724	0.7096761727312583	0.006174338319907941	0.892597436661699	0.003464966096222151	0.003464966096222151	0.8780104200000001	0.05562320574162679
g__Merdivicinus	0.2579904606240713	0.003464966096222151	0.7282082682291666	0.003464966096222151	0.006174338319907941	0.7272806252035168	0.07359801867022289	0.003464966096222151	0.003464966096222151	0.048288402536305994	0.01108860759493671	0.003464966096222151	0.003464966096222151	0.14856377755511022	0.003464966096222151	0.022268618860963797	0.003464966096222151	0.36743200925044206	0.0873892282065519	0.003464966096222151	0.24506782006920416	0.003464966096222151	0.13045745884773666	0.5472073672806067	0.003464966096222151	0.5989541203974283	0.36267618657937806	0.16467411341722504	0.08394524119947849	0.4324867726920093	0.09250862068965518	0.003464966096222151	0.3122793834841629	0.006174338319907941	0.003464966096222151	0.003464966096222151	0.003464966096222151	0.01108860759493671	0.003464966096222151	0.003464966096222151	0.1471649196249163	0.24003552631578948	0.006174338319907941	0.47131759608138657	0.638036312849162	0.24506782006920416	0.06109128386336867	0.1379310584250635	0.008698459875709268	0.01794910394265233	0.003464966096222151	0.6641680772252778	0.003464966096222151	0.003464966096222151	0.07006990589590936	0.030808966431095406	0.003464966096222151	0.030808966431095406	0.09562084015275506	0.003464966096222151	0.006174338319907941	0.003464966096222151	0.04257444142827312	0.10508952907599	0.003464966096222151	0.7380597285067874	0.024427498292738447	0.05384885588117222	0.10664229333333333	0.003464966096222151	0.008698459875709268	0.0718273092369478	0.01108860759493671	0.09072339643447895	0.003464966096222151	0.003464966096222151	0.04065628288781309	0.2679593823529412	0.5422497102848866	0.003464966096222151	0.09395986866107262	0.15296928310653835	0.3817870564516129	0.2978613291320538	0.4625571482793522	0.003464966096222151	0.23311947400425662	0.06109128386336867	0.9660041916167665	0.6445429594272076	0.6308370612525808	0.24788642234905378	0.6471412797281992	0.006174338319907941	0.5178947907771135	0.003464966096222151	0.003464966096222151	0.38302346856528746	0.10822295285359802	0.003464966096222151	0.10508952907599	0.003464966096222151	1.0	0.003464966096222151	0.008698459875709268	0.5815108734192176	0.003464966096222151	0.10508952907599	0.003464966096222151	0.05384885588117222	0.7355423300970874	0.4755585411705728	0.4634457406471183	0.17671119909502264	0.5689153599048186	0.2719338319401672	0.015726917440156328	0.19892844339622642	0.4377263910355486	0.026579824363882006	0.01794910394265233	0.20042662582469367	0.24788642234905378	0.8316965517241379	0.003464966096222151	0.9052957872928177	0.491237779433681	0.12730129132231405	0.003464966096222151	0.7173522977840847	0.5500233809924305	0.003464966096222151	0.06653594264677389	0.9660041916167665	0.003464966096222151	0.8149381006628003	0.6883903232949513	0.6082272410184861	0.003464966096222151	0.22913108974358976	0.638036312849162	0.17818620300145233	0.3179779027270171	0.28539398061062077	0.1394884888438134	0.8149381006628003	0.09072339643447895
g__Muricomes	0.003464966096222151	0.003464966096222151	0.1177564375436148	0.003464966096222151	0.003464966096222151	0.03278786556089044	0.034795719844357975	0.003464966096222151	0.003464966096222151	0.013430538172715894	0.003464966096222151	0.003464966096222151	0.003464966096222151	0.21415480724570363	0.29914121350887235	0.003464966096222151	0.003464966096222151	0.4570409413854352	0.7168068829891839	0.003464966096222151	0.015726917440156328	0.003464966096222151	0.1379310584250635	0.3035894122669702	0.003464966096222151	0.19218431154822335	0.4694474962254655	0.9386387778743122	0.4930459459459459	0.538237672392935	0.24003552631578948	0.008698459875709268	0.638036312849162	0.2579904606240713	0.003464966096222151	0.003464966096222151	0.006174338319907941	0.17526026222078342	0.003464966096222151	0.003464966096222151	0.5548699652569785	0.034795719844357975	0.003464966096222151	0.2100159956474429	0.6614174064501629	0.01108860759493671	0.003464966096222151	0.003464966096222151	0.8453002346220545	0.057396394611727415	0.003464966096222151	0.9760994794131567	0.003464966096222151	0.003464966096222151	0.07531240515933231	0.01108860759493671	0.003464966096222151	0.003464966096222151	0.013430538172715894	0.003464966096222151	0.01794910394265233	0.003464966096222151	0.01794910394265233	0.057396394611727415	0.003464966096222151	0.9314699476338246	0.4634457406471183	0.8876997611464968	0.024427498292738447	0.05922885866351271	0.003464966096222151	0.4492843618244538	0.003464966096222151	0.9016033899980233	0.003464966096222151	0.003464966096222151	0.006174338319907941	0.20319152701644477	0.01108860759493671	0.06109128386336867	0.003464966096222151	0.04065628288781309	0.015726917440156328	0.026579824363882006	0.3683906670289363	0.003464966096222151	0.935536387383901	0.006174338319907941	0.08394524119947849	0.8197384066955982	0.4634457406471183	0.2087047492992837	0.2579904606240713	0.003464966096222151	0.015726917440156328	0.006174338319907941	0.003464966096222151	0.003464966096222151	0.9122141760944417	0.003464966096222151	0.050134673979280925	0.003464966096222151	0.003464966096222151	1.0	0.01108860759493671	0.026579824363882006	0.7854509933774835	0.003464966096222151	0.013430538172715894	0.003464966096222151	0.39775631067961165	0.7485111337552289	0.5805856788079471	0.9943551104455259	0.7969708594730238	0.034795719844357975	0.003464966096222151	0.008698459875709268	0.10197052272319024	0.02011905319896883	0.13345102354145344	0.12399031088082903	0.008698459875709268	0.29914121350887235	0.003464966096222151	0.8055229784576959	0.10822295285359802	0.7681412232351071	0.003464966096222151	0.008698459875709268	0.37863053795335044	0.003464966096222151	0.05562320574162679	0.2569304347826087	0.003464966096222151	0.06477044392523365	0.9808773087071241	0.259199821958457	0.003464966096222151	0.1177564375436148	0.6162738178025035	0.030808966431095406	0.8070006550218342	0.048288402536305994	0.11612743006993008	0.8795409413410612	0.03873184713375796
g__Murimonas	0.003464966096222151	0.006174338319907941	0.003464966096222151	0.01108860759493671	0.003464966096222151	0.003464966096222151	0.8505004266558309	0.9058182902780517	0.003464966096222151	0.003464966096222151	0.003464966096222151	0.003464966096222151	0.015726917440156328	0.8614265293761356	0.7424804172491666	0.015726917440156328	0.003464966096222151	0.006174338319907941	0.19758291069459757	0.003464966096222151	0.026579824363882006	0.003464966096222151	0.003464966096222151	0.6723672182468694	0.01108860759493671	0.44728521883798306	0.003464966096222151	0.01794910394265233	0.003464966096222151	0.1379310584250635	0.006174338319907941	0.003464966096222151	0.5089063542688911	0.17526026222078342	0.003464966096222151	0.003464966096222151	0.003464966096222151	0.13650677649456522	0.003464966096222151	0.003464966096222151	0.17671119909502264	0.4250826443057723	0.003464966096222151	0.008698459875709268	0.01108860759493671	0.003464966096222151	0.003464966096222151	0.008698459875709268	0.7652135436583811	0.006174338319907941	0.003464966096222151	0.003464966096222151	0.04644497114591921	0.003464966096222151	0.7030410871478874	0.003464966096222151	0.003464966096222151	0.013430538172715894	0.003464966096222151	0.003464966096222151	0.003464966096222151	0.003464966096222151	0.05922885866351271	0.003464966096222151	0.9413284915662651	0.003464966096222151	0.003464966096222151	0.003464966096222151	0.003464966096222151	0.2679593823529412	0.003464966096222151	0.003464966096222151	0.003464966096222151	0.356671704312115	0.003464966096222151	0.003464966096222151	0.003464966096222151	0.003464966096222151	0.006174338319907941	0.003464966096222151	0.9754530820944985	0.006174338319907941	0.003464966096222151	0.003464966096222151	0.003464966096222151	0.003464966096222151	0.02011905319896883	0.003464966096222151	0.11935785900783291	0.8691883311538076	0.003464966096222151	0.003464966096222151	0.11612743006993008	0.003464966096222151	0.003464966096222151	0.003464966096222151	0.003464966096222151	0.003464966096222151	0.9605835573348585	0.003464966096222151	0.003464966096222151	0.003464966096222151	0.008698459875709268	0.01108860759493671	1.0	0.003464966096222151	0.30485622067396556	0.013430538172715894	0.003464966096222151	0.003464966096222151	0.6230464137453874	0.5923199788831535	0.013430538172715894	0.08236072631973045	0.6102967933077728	0.003464966096222151	0.003464966096222151	0.003464966096222151	0.3752513787510138	0.7229477267783336	0.003464966096222151	0.2303821270760323	0.003464966096222151	0.507839175257732	0.024427498292738447	0.003464966096222151	0.026579824363882006	0.8632445206861756	0.003464966096222151	0.22521445653840255	0.28290252320185616	0.2679593823529412	0.008698459875709268	0.036773613193403304	0.003464966096222151	0.003464966096222151	0.6770678845939624	0.01108860759493671	0.003464966096222151	0.05562320574162679	0.6248007947477539	0.006174338319907941	0.9943551104455259	0.006174338319907941	0.003464966096222151	0.4241286699635607	0.003464966096222151
g__Nanosynbacter	0.003464966096222151	0.8870732052175645	0.003464966096222151	0.003464966096222151	0.003464966096222151	0.003464966096222151	0.6844199866755497	0.52198510042605	0.9198149985324332	0.006174338319907941	0.003464966096222151	0.003464966096222151	0.7557090685750908	0.022268618860963797	0.01108860759493671	0.11459195160441875	0.01108860759493671	0.9294296213592232	0.003464966096222151	0.003464966096222151	0.036773613193403304	0.11459195160441875	0.003464966096222151	0.013430538172715894	0.2240158064516129	0.8968559024680345	0.5888039872971066	0.9591778042731782	0.6293136703044228	0.818027946650124	0.9129106205133247	0.25277680250783696	0.003464966096222151	0.2693394268919912	0.9791354029062087	0.003464966096222151	0.003464966096222151	0.9573855873925502	0.003464966096222151	0.003464966096222151	0.5548699652569785	0.003464966096222151	0.8752935483870968	0.003464966096222151	0.7077117447088497	0.003464966096222151	0.003464966096222151	0.003464966096222151	0.9591778042731782	0.003464966096222151	0.006174338319907941	0.003464966096222151	0.003464966096222151	0.003464966096222151	0.8828734995014956	0.003464966096222151	0.4065782608695652	0.003464966096222151	0.048288402536305994	0.008698459875709268	0.003464966096222151	0.003464966096222151	0.880173511785857	0.003464966096222151	0.6223831371191135	0.003464966096222151	0.3379326298250486	0.9217022081094285	0.01108860759493671	0.034795719844357975	0.003464966096222151	0.6275691201840138	0.003464966096222151	0.9267017794632438	0.003464966096222151	0.003464966096222151	0.003464966096222151	0.9940019668446193	0.003464966096222151	0.003464966096222151	0.6754295081967213	0.003464966096222151	0.003464966096222151	0.003464966096222151	0.003464966096222151	0.13191295948025306	0.7613742199978702	0.003464966096222151	0.02011905319896883	0.003464966096222151	0.003464966096222151	0.003464966096222151	0.003464966096222151	0.003464966096222151	0.003464966096222151	0.01108860759493671	0.01108860759493671	0.003464966096222151	0.8143327772020725	0.003464966096222151	0.22264101814826207	0.003464966096222151	0.5815108734192176	0.026579824363882006	0.003464966096222151	1.0	0.015726917440156328	0.003464966096222151	0.13191295948025306	0.07531240515933231	0.11300754219409283	0.003464966096222151	0.9223901845883387	0.6151726756318108	0.8795409413410612	0.003464966096222151	0.003464966096222151	0.003464966096222151	0.3448615129762562	0.003464966096222151	0.3122793834841629	0.06477044392523365	0.003464966096222151	0.9262888099639973	0.01108860759493671	0.5020938740293356	0.003464966096222151	0.935536387383901	0.003464966096222151	0.3193067996628266	0.06653594264677389	0.024427498292738447	0.003464966096222151	0.756370548676345	0.8531275547445255	0.003464966096222151	0.8558706382978724	0.003464966096222151	0.003464966096222151	0.003464966096222151	0.9971371871497946	0.838510245398773	0.5670365217391304	0.003464966096222151	0.003464966096222151	0.06477044392523365	0.6929498784530387
g__Negativibacillus	0.1379310584250635	0.003464966096222151	0.88089339057508	0.9167445360824742	0.5209324808184144	0.036773613193403304	0.37987248349279074	0.8696554282267792	0.024427498292738447	0.18508230498721226	0.7538192048733569	0.827321566004733	0.003464966096222151	0.9857264949229033	0.003464966096222151	0.2706776978417266	0.5805856788079471	0.9678581600683566	0.9177704324801411	0.19469317858834673	0.8511582089552239	0.9045940682984602	0.940475474790321	0.5229730656934306	0.7844878877089686	0.24254778347406514	0.2914706948640483	0.2240158064516129	0.6508967213114755	0.6316332530949105	0.24254778347406514	0.97729837336864	0.5472073672806067	0.34375978441127697	0.4763064964325949	0.9503776359973136	0.27451760573686523	0.4561424561849124	0.23311947400425662	0.8461359575769937	0.43365	0.003464966096222151	0.9479256048387098	0.09072339643447895	0.028686121630652706	0.7345432024169184	0.2668129032258064	0.6122213000580382	0.5805856788079471	0.003464966096222151	0.5027968238335591	0.7799946614720438	0.2770098992553658	0.4250826443057723	0.412958677359979	0.8337169996925915	0.013430538172715894	0.9518225361555407	0.12894909747292418	0.7340982179501025	0.38892511715089034	0.3179779027270171	0.27800842197289816	0.713520459770115	0.008698459875709268	0.003464966096222151	0.8614265293761356	0.3968040878828229	0.6949374268360022	0.10822295285359802	0.259199821958457	0.01794910394265233	0.1558583773959022	0.026579824363882006	0.5252006564551422	0.2770098992553658	0.7115605038335159	0.3367231517509728	0.19469317858834673	0.39986614894464356	0.24254778347406514	0.9198149985324332	0.11612743006993008	0.36632103758169937	0.3752513787510138	0.7388178529126735	0.17054625	0.08394524119947849	0.19758291069459757	0.07531240515933231	0.7836067837610433	0.4053208223162348	0.01108860759493671	0.7997030046948358	0.20461581417175034	0.2087047492992837	0.22521445653840255	0.9183724857871005	0.2569304347826087	0.008698459875709268	0.4492843618244538	0.04257444142827312	0.003464966096222151	0.7854509933774835	0.30485622067396556	0.015726917440156328	1.0	0.7249666666666666	0.2877915415704388	0.6908837497236348	0.8691883311538076	0.3415490027700831	0.6266232309285468	0.46739406576792236	0.6256044544198894	0.04065628288781309	0.23739998483699773	0.16467411341722504	0.14263408018867926	0.4118727236842106	0.9789541977523845	0.2500957068062827	0.9678581600683566	0.5584068331143233	0.21981348643649815	0.6132533650498955	0.8412858369098712	0.5989541203974283	0.41512545287477026	0.44728521883798306	0.7598170219569388	0.4561424561849124	0.8464534080489048	0.026579824363882006	0.048288402536305994	0.10360037614185923	0.3241531075027995	0.8983598652931853	0.4625571482793522	0.9129106205133247	0.7498480235672201	0.008698459875709268	0.03278786556089044	0.008698459875709268	0.2978613291320538	0.09866472182080925	0.0718273092369478
g__Odoribacter	0.09072339643447895	0.03278786556089044	0.03873184713375796	0.003464966096222151	0.003464966096222151	0.05922885866351271	0.04453621083212285	0.0718273092369478	0.003464966096222151	0.7598170219569388	0.003464966096222151	0.05562320574162679	0.02011905319896883	0.003464966096222151	0.6649993717747363	0.003464966096222151	0.003464966096222151	0.34279789619377166	0.9202346597575283	0.003464966096222151	0.8421242414955563	0.008698459875709268	0.7173522977840847	0.16612918433931484	0.07006990589590936	0.7294289707475623	0.8130355119825707	0.6102967933077728	0.6282974603539415	0.824857894736842	0.003464966096222151	0.06653594264677389	0.8468564796905222	0.818027946650124	0.11935785900783291	0.003464966096222151	0.003464966096222151	0.37310682649329535	0.003464966096222151	0.003464966096222151	0.17054625	0.5020938740293356	0.47131759608138657	0.16612918433931484	0.1177564375436148	0.04257444142827312	0.003464966096222151	0.03278786556089044	0.4077269809825674	0.006174338319907941	0.003464966096222151	0.6216468176042508	0.003464966096222151	0.003464966096222151	0.2978613291320538	0.02011905319896883	0.003464966096222151	0.003464966096222151	0.003464966096222151	0.003464966096222151	0.04644497114591921	0.003464966096222151	0.20319152701644477	0.06831076388888889	0.050134673979280925	0.18235123555840818	0.3876440798285561	0.873205657538369	0.14113538747256457	0.8037913464542331	0.013430538172715894	0.7173522977840847	0.01108860759493671	0.0873892282065519	0.19604711538461536	0.003464966096222151	0.003464966096222151	0.6445429594272076	0.04065628288781309	0.0806235912847483	0.24254778347406514	0.008698459875709268	0.048288402536305994	0.01794910394265233	0.013430538172715894	0.06109128386336867	0.9335055308020148	0.003464966096222151	0.454513520050923	0.19336511627906977	0.8676403462854841	0.09395986866107262	0.006174338319907941	0.003464966096222151	0.003464966096222151	0.06295072350410637	0.008698459875709268	0.003464966096222151	0.4552421434019832	0.003464966096222151	0.028686121630652706	0.015726917440156328	0.10508952907599	0.003464966096222151	0.013430538172715894	0.003464966096222151	0.7249666666666666	1.0	0.003464966096222151	0.015726917440156328	0.8565239696202531	0.5412810242782945	0.2903445901166979	0.19218431154822335	0.1558583773959022	0.06831076388888889	0.003464966096222151	0.006174338319907941	0.7030410871478874	0.003464966096222151	0.8359022922636103	0.05206064281382656	0.008698459875709268	0.85874048750885	0.18508230498721226	0.8765654723779024	0.03873184713375796	0.3241531075027995	0.003464966096222151	0.6780366815144767	0.3987592267835791	0.09395986866107262	0.006174338319907941	0.7538192048733569	0.003464966096222151	0.13045745884773666	0.578008947617919	0.6230464137453874	0.003464966096222151	0.8088116283903147	0.022268618860963797	0.7727544974104217	0.7530747754491018	0.003464966096222151	0.7443081569048898	0.4158244922028568	0.9577701727593777
g__Oliverpabstia	0.01108860759493671	0.006174338319907941	0.003464966096222151	0.003464966096222151	0.003464966096222151	0.996693515230798	0.17818620300145233	0.1558583773959022	0.003464966096222151	0.003464966096222151	0.003464966096222151	0.003464966096222151	0.024427498292738447	0.013430538172715894	0.5392097207109178	0.008698459875709268	0.003464966096222151	0.23873752839618356	0.03278786556089044	0.003464966096222151	0.23450127562642367	0.006174338319907941	0.034795719844357975	0.2890067474048443	0.003464966096222151	0.8565239696202531	0.5989541203974283	0.19892844339622642	0.3448615129762562	0.49695050067993574	0.008698459875709268	0.003464966096222151	0.4865716453177465	0.02011905319896883	0.003464966096222151	0.003464966096222151	0.003464966096222151	0.09072339643447895	0.003464966096222151	0.003464966096222151	0.09866472182080925	0.3448615129762562	0.003464966096222151	0.030808966431095406	0.003464966096222151	0.006174338319907941	0.003464966096222151	0.09866472182080925	0.08911145967890755	0.003464966096222151	0.003464966096222151	0.7088107894736843	0.003464966096222151	0.003464966096222151	0.4793760899437851	0.003464966096222151	0.003464966096222151	0.003464966096222151	0.003464966096222151	0.1603300295857988	0.003464966096222151	0.003464966096222151	0.006174338319907941	0.003464966096222151	0.22264101814826207	0.20461581417175034	0.003464966096222151	0.036773613193403304	0.003464966096222151	0.8828734995014956	0.003464966096222151	0.003464966096222151	0.12399031088082903	0.559621906354515	0.003464966096222151	0.003464966096222151	0.003464966096222151	0.022268618860963797	0.04065628288781309	0.003464966096222151	0.41512545287477026	0.003464966096222151	0.008698459875709268	0.03278786556089044	0.08568857938718662	0.003464966096222151	0.0718273092369478	0.003464966096222151	0.8574369950389794	0.18643999680918952	0.07714301929625425	0.003464966096222151	0.008698459875709268	0.003464966096222151	0.036773613193403304	0.003464966096222151	0.003464966096222151	0.003464966096222151	0.6867744845932167	0.003464966096222151	0.006174338319907941	0.006174338319907941	0.003464966096222151	0.013430538172715894	0.003464966096222151	0.13191295948025306	0.2877915415704388	0.003464966096222151	1.0	0.003464966096222151	0.979778155065082	0.7969708594730238	0.013430538172715894	0.006174338319907941	0.36743200925044206	0.028686121630652706	0.003464966096222151	0.09562084015275506	0.1177564375436148	0.576011565836299	0.003464966096222151	0.21544928902627508	0.003464966096222151	0.008698459875709268	0.006174338319907941	0.028686121630652706	0.003464966096222151	0.7256599739243806	0.003464966096222151	0.8565239696202531	0.18788225266847217	0.003464966096222151	0.006174338319907941	0.21683974992281566	0.003464966096222151	0.04644497114591921	0.8933085907240044	0.8006555022426202	0.003464966096222151	0.7272806252035168	0.7745317735291012	0.003464966096222151	0.4513920260270477	0.003464966096222151	0.7613742199978702	0.7282082682291666	0.08568857938718662
g__Onthenecus	0.006174338319907941	0.03873184713375796	0.02011905319896883	0.2060043580131209	0.2693394268919912	0.024427498292738447	0.43969782720493694	0.7974258566652738	0.003464966096222151	0.003464966096222151	0.026579824363882006	0.008698459875709268	0.04257444142827312	0.8607777194222807	0.12894909747292418	0.0718273092369478	0.034795719844357975	0.003464966096222151	0.05922885866351271	0.003464966096222151	0.9016033899980233	0.003464966096222151	0.006174338319907941	0.2817140699869319	0.35328031301482704	0.028686121630652706	0.006174338319907941	0.026579824363882006	0.003464966096222151	0.3602895506078404	0.026579824363882006	0.003464966096222151	0.9391307380607815	0.03873184713375796	0.003464966096222151	0.03278786556089044	0.003464966096222151	0.008698459875709268	0.003464966096222151	0.003464966096222151	0.9291094150796735	0.9351314841707813	0.003464966096222151	0.036773613193403304	0.003464966096222151	0.0790385269121813	0.057396394611727415	0.17671119909502264	0.8505004266558309	0.2877915415704388	0.003464966096222151	0.07359801867022289	0.15154056886227546	0.003464966096222151	0.894640424687438	0.006174338319907941	0.003464966096222151	0.22521445653840255	0.006174338319907941	0.003464966096222151	0.008698459875709268	0.003464966096222151	0.7652135436583811	0.11143439703808179	0.8708499046088964	0.22264101814826207	0.003464966096222151	0.006174338319907941	0.003464966096222151	0.9282471428571429	0.003464966096222151	0.006174338319907941	0.12894909747292418	0.75142265625	0.003464966096222151	0.003464966096222151	0.003464966096222151	0.003464966096222151	0.013430538172715894	0.003464966096222151	0.7915167593078134	0.05562320574162679	0.015726917440156328	0.6867744845932167	0.05562320574162679	0.008698459875709268	0.008698459875709268	0.013430538172715894	0.9457428502786854	0.0790385269121813	0.003464966096222151	0.09250862068965518	0.24371006024096384	0.003464966096222151	0.9378744785631518	0.003464966096222151	0.003464966096222151	0.5229730656934306	0.8316965517241379	0.003464966096222151	0.003464966096222151	0.008698459875709268	0.05384885588117222	0.003464966096222151	0.003464966096222151	0.07531240515933231	0.6908837497236348	0.015726917440156328	0.003464966096222151	1.0	0.036773613193403304	0.30041890191592796	0.003464966096222151	0.12399031088082903	0.9448607812951024	0.06653594264677389	0.04644497114591921	0.050134673979280925	0.3987592267835791	0.3876440798285561	0.003464966096222151	0.3864137898686679	0.008698459875709268	0.18235123555840818	0.22913108974358976	0.003464966096222151	0.12399031088082903	0.9016033899980233	0.003464966096222151	0.15010518506168724	0.12095204932268148	0.03278786556089044	0.4481423622651157	0.538237672392935	0.003464966096222151	0.47235261770244824	0.42199461678832123	0.9088855834564253	0.003464966096222151	0.1720927355278093	0.36155778839590447	0.003464966096222151	0.7106186479675688	0.19469317858834673	0.16612918433931484	0.4763064964325949	0.003464966096222151
g__Otoolea	0.04257444142827312	0.05922885866351271	0.6332948483113909	0.03873184713375796	0.16612918433931484	0.08394524119947849	0.55296120906801	0.21282290277562416	0.8233257705391196	0.4316015145631068	0.026579824363882006	0.01794910394265233	0.5557560876331856	0.024427498292738447	0.003464966096222151	0.4694474962254655	0.22129691975974125	0.034795719844357975	0.026579824363882006	0.7287400693842151	0.003464966096222151	0.8505004266558309	0.006174338319907941	0.013430538172715894	0.003464966096222151	0.6488370475113122	0.01108860759493671	0.034795719844357975	0.8968559024680345	0.9144815823095822	0.964227381745503	0.6749101808439384	0.09734216255442671	0.7340982179501025	0.36267618657937806	0.9294296213592232	0.9367971097148381	0.6102967933077728	0.9248661629947358	0.9058182902780517	0.4552421434019832	0.04257444142827312	0.9819743927697232	0.8765654723779024	0.003464966096222151	0.003464966096222151	0.003464966096222151	0.003464966096222151	0.31446929911154986	0.6770678845939624	0.5670365217391304	0.6181881079203335	0.6641680772252778	0.02011905319896883	0.030808966431095406	0.036773613193403304	0.003464966096222151	0.003464966096222151	0.8354025806451613	0.06109128386336867	0.02011905319896883	0.35328031301482704	0.46739406576792236	0.015726917440156328	0.16467411341722504	0.36267618657937806	0.3229674653215637	0.7659466291538379	0.18643999680918952	0.3061208694416821	0.6749101808439384	0.3542671785028791	0.2954645133505599	0.44401765610975763	0.030808966431095406	0.003464966096222151	0.6181881079203335	0.11935785900783291	0.16174822043628012	0.4140429190751445	0.10981352067868504	0.003464966096222151	0.01794910394265233	0.0873892282065519	0.003464966096222151	0.5851317495873615	0.26307848587904775	0.1224753896778663	0.022268618860963797	0.003464966096222151	0.21544928902627508	0.003464966096222151	0.01108860759493671	0.7626039238621863	0.003464966096222151	0.5790062189054727	0.07006990589590936	0.006174338319907941	0.9511591549295775	0.2604827800829876	0.330830047472773	0.9088855834564253	0.7355423300970874	0.39775631067961165	0.6230464137453874	0.11300754219409283	0.8691883311538076	0.8565239696202531	0.979778155065082	0.036773613193403304	1.0	0.02011905319896883	0.41094739823475174	0.6471412797281992	0.6216468176042508	0.006174338319907941	0.09395986866107262	0.14113538747256457	0.27580552631578953	0.20189030284010673	0.9193947620912473	0.2954645133505599	0.8495284028484231	0.9805128712871287	0.3035894122669702	0.17671119909502264	0.003464966096222151	0.01794910394265233	0.01108860759493671	0.8975636777964926	0.9890044110746129	0.008698459875709268	0.10508952907599	0.1394884888438134	0.36743200925044206	0.022268618860963797	0.03873184713375796	0.02011905319896883	0.3229674653215637	0.028686121630652706	0.21282290277562416	0.9733264145578618	0.5392097207109178	0.024427498292738447	0.9045940682984602	0.09072339643447895	0.47131759608138657
g__Parabacteroides	0.01108860759493671	0.9919158151307771	0.08236072631973045	0.006174338319907941	0.03873184713375796	0.003464966096222151	0.4763064964325949	0.022268618860963797	0.8828734995014956	0.2706776978417266	0.003464966096222151	0.003464966096222151	0.5282152427184466	0.3472968711233632	0.003464966096222151	0.5888039872971066	0.5272968909400049	0.07006990589590936	0.003464966096222151	0.09395986866107262	0.12399031088082903	0.2719338319401672	0.0790385269121813	0.21683974992281566	0.5027968238335591	0.6461742905788876	0.7836067837610433	0.8461359575769937	0.5740103894561862	0.6657550896860986	0.9267017794632438	0.6045721859706362	0.003464966096222151	0.003464966096222151	0.4755585411705728	0.04644497114591921	0.036773613193403304	0.14856377755511022	0.03873184713375796	0.11143439703808179	0.9031889668115369	0.003464966096222151	0.1224753896778663	0.1379310584250635	0.21683974992281566	0.003464966096222151	0.003464966096222151	0.003464966096222151	0.3742055074424898	0.003464966096222151	0.31446929911154986	0.0718273092369478	0.003464966096222151	0.006174338319907941	0.03873184713375796	0.10664229333333333	0.09866472182080925	0.10822295285359802	0.5107871876531112	0.9666566365795725	0.003464966096222151	0.003464966096222151	0.7498480235672201	0.003464966096222151	0.4285992601246105	0.003464966096222151	0.8170874146845915	0.6389683760683761	0.9167445360824742	0.4377263910355486	0.24371006024096384	0.11300754219409283	0.16467411341722504	0.95360408847185	0.006174338319907941	0.05384885588117222	0.008698459875709268	0.13045745884773666	0.1349822808510638	0.015726917440156328	0.4665122587968218	0.003464966096222151	0.14856377755511022	0.024427498292738447	0.015726917440156328	0.824857894736842	0.3379326298250486	0.003464966096222151	0.19336511627906977	0.003464966096222151	0.25147523539082345	0.003464966096222151	0.028686121630652706	0.6038847095871238	0.003464966096222151	0.22654698407838336	0.3553973154362416	0.003464966096222151	0.8780104200000001	0.0806235912847483	0.7106186479675688	0.05922885866351271	0.4755585411705728	0.7485111337552289	0.5923199788831535	0.003464966096222151	0.3415490027700831	0.5412810242782945	0.7969708594730238	0.30041890191592796	0.02011905319896883	1.0	0.7077117447088497	0.008698459875709268	0.4481423622651157	0.04644497114591921	0.008698459875709268	0.003464966096222151	0.003464966096222151	0.003464966096222151	0.47729125703564734	0.19336511627906977	0.348535785123967	0.19218431154822335	0.1224753896778663	0.7779975	0.003464966096222151	0.9600182242990655	0.030808966431095406	0.32942371508379886	0.6586880274558344	0.02011905319896883	0.003464966096222151	0.5500233809924305	0.7626039238621863	0.003464966096222151	0.028686121630652706	0.006174338319907941	0.003464966096222151	0.13650677649456522	0.6795941941941942	0.5107871876531112	0.7005007603305786	0.003464966096222151	0.05206064281382656	0.18508230498721226	0.9996520887728461
g__Paraprevotella	0.08394524119947849	0.2569304347826087	0.38994418884579374	0.9511591549295775	0.9373813623188406	0.8696554282267792	0.19469317858834673	0.21415480724570363	0.39330296197464976	0.9038025570145127	0.48047653889374453	0.2100159956474429	0.301436026263203	0.19078469971401335	0.7689526700572155	0.10508952907599	0.5010182019977802	0.12095204932268148	0.3542671785028791	0.27800842197289816	0.15154056886227546	0.911427484747097	0.7039120545534536	0.47729125703564734	0.3553973154362416	0.3752513787510138	0.19892844339622642	0.08394524119947849	0.4941313011152416	0.003464966096222151	0.006174338319907941	0.01108860759493671	0.38994418884579374	0.06295072350410637	0.6019432056969414	0.01108860759493671	0.013430538172715894	0.008698459875709268	0.0873892282065519	0.030808966431095406	0.04065628288781309	0.8300050523721503	0.003464966096222151	0.2240158064516129	0.9378744785631518	0.38892511715089034	0.3602895506078404	0.96832536293766	0.5229730656934306	0.9865499153976311	0.048288402536305994	0.30994583333333336	0.1394884888438134	0.5027968238335591	0.28048172699520274	0.923764526202791	0.01108860759493671	0.5770791533262184	0.301436026263203	0.6568643428313999	0.47468957470831763	0.8501011793411956	0.048288402536305994	0.5800025455837082	0.8917970781156828	0.8316965517241379	0.006174338319907941	0.16467411341722504	0.10664229333333333	0.3807541307857912	0.003464966096222151	0.003464966096222151	0.036773613193403304	0.06831076388888889	0.06831076388888889	0.09866472182080925	0.050134673979280925	0.013430538172715894	0.17671119909502264	0.06653594264677389	0.39775631067961165	0.17954120772946863	0.4763064964325949	0.5740103894561862	0.28290252320185616	0.5169009521484375	0.05206064281382656	0.4502527061526678	0.8854651987645711	0.7754195670538543	0.003464966096222151	0.31446929911154986	0.4065782608695652	0.7433945818103633	0.6230464137453874	0.015726917440156328	0.21282290277562416	0.5618498985316939	0.43365	0.3074270017035775	0.34605624827586207	0.19604711538461536	0.4634457406471183	0.5805856788079471	0.013430538172715894	0.9223901845883387	0.6266232309285468	0.2903445901166979	0.013430538172715894	0.003464966096222151	0.41094739823475174	0.7077117447088497	1.0	0.3807541307857912	0.9267017794632438	0.8518153237264056	0.2926776548354649	0.7704919339472848	0.9857264949229033	0.8787320271891244	0.01794910394265233	0.745061052631579	0.4367943140794224	0.7844878877089686	0.9551103444976077	0.17054625	0.16752448315155463	0.03278786556089044	0.47131759608138657	0.034795719844357975	0.434699728822314	0.9555885711553176	0.6723672182468694	0.16326726170979364	0.03278786556089044	0.19336511627906977	0.29914121350887235	0.301436026263203	0.13345102354145344	0.15734552201880259	0.42199461678832123	0.169106179866645	0.921103724340176	0.9294296213592232	0.10034935135135135	0.9351314841707813	0.13045745884773666
g__Pararoseburia	0.08911145967890755	0.048288402536305994	0.491237779433681	0.8771127425485097	0.5689153599048186	0.08394524119947849	0.8464534080489048	0.2569304347826087	0.06477044392523365	0.05206064281382656	0.4991101148573545	0.6428343952668107	0.006174338319907941	0.2770098992553658	0.576011565836299	0.09250862068965518	0.9789541977523845	0.41094739823475174	0.05384885588117222	0.6308370612525808	0.4615498480628007	0.27451760573686523	0.24254778347406514	0.11143439703808179	0.2604827800829876	0.008698459875709268	0.48047653889374453	0.16174822043628012	0.03278786556089044	0.7327299015897047	0.9779432785025524	0.006174338319907941	0.7607986253196931	0.003464966096222151	0.036773613193403304	0.9850880361173815	0.06831076388888889	0.03278786556089044	0.8614265293761356	0.16612918433931484	0.4524148011218766	0.006174338319907941	0.06831076388888889	0.578008947617919	0.8501011793411956	0.5640079446498867	0.4140429190751445	0.7490997106109325	0.05562320574162679	0.42965754863813227	0.09395986866107262	0.7997030046948358	0.27800842197289816	0.699780946080053	0.6586880274558344	0.44286885182809493	0.01794910394265233	0.7096761727312583	0.9646060585885488	0.24645976251315196	0.45349378264747103	0.8137267005391953	0.030808966431095406	0.7318860110353781	0.3968040878828229	0.9426702398150824	0.3111579781962339	0.036773613193403304	0.5252006564551422	0.08394524119947849	0.6282974603539415	0.003464966096222151	0.55296120906801	0.8294993525845237	0.15296928310653835	0.15296928310653835	0.9733264145578618	0.013430538172715894	0.6749101808439384	0.17818620300145233	0.586831822462915	0.7689526700572155	0.7712196677951756	0.5412810242782945	0.7266679774060395	0.19218431154822335	0.5981192537138846	0.9791354029062087	0.9544487937966686	0.10360037614185923	0.6019432056969414	0.8233257705391196	0.7096761727312583	0.08236072631973045	0.4241286699635607	0.2978613291320538	0.9890044110746129	0.5229730656934306	0.12894909747292418	0.4118727236842106	0.6749101808439384	0.12399031088082903	0.17671119909502264	0.9943551104455259	0.08236072631973045	0.6151726756318108	0.46739406576792236	0.19218431154822335	0.006174338319907941	0.12399031088082903	0.6471412797281992	0.008698459875709268	0.3807541307857912	1.0	0.36743200925044206	0.4167937819086268	0.6949374268360022	0.5647490883089024	0.7256599739243806	0.16174822043628012	0.16467411341722504	0.8911734314407875	0.6844199866755497	0.44505121076233184	1.0	0.01794910394265233	0.6908837497236348	0.70628762490392	0.9666566365795725	0.2579904606240713	0.40301624305003975	0.015726917440156328	0.8285668825161887	0.49220372300819054	0.19078469971401335	0.9808773087071241	0.9767453874538745	0.9367971097148381	0.4930459459459459	0.12562670689655173	0.11300754219409283	0.01108860759493671	0.31446929911154986	0.713520459770115	0.4158244922028568	0.20319152701644477	0.003464966096222151
g__Parasutterella	0.9898257483344282	0.9824297139631163	0.6207657766990291	0.75216860626805	0.9791354029062087	0.7929360188580409	0.5842109826589595	0.02011905319896883	0.6836839333333333	0.4020747117296223	0.8639786362719387	0.6568643428313999	0.5897193487715999	0.8468564796905222	0.06653594264677389	0.6535020318320353	0.9448607812951024	0.6308370612525808	0.16467411341722504	0.8645378225806452	0.434699728822314	0.9971371871497946	0.7548047120418848	0.9329179280938076	0.8990665544554455	0.94190887283237	0.11459195160441875	0.5037457989912658	0.4140429190751445	0.12562670689655173	0.5500233809924305	0.22264101814826207	0.24003552631578948	0.4324867726920093	0.6535020318320353	0.26172396033742784	0.491237779433681	0.04453621083212285	0.8645378225806452	0.9451657629074127	0.8468564796905222	0.47131759608138657	0.30244967227130237	0.923764526202791	0.43888242790937176	0.9294296213592232	0.55296120906801	0.43574783225806446	0.8990665544554455	0.8531275547445255	0.6770678845939624	0.5888039872971066	0.0790385269121813	0.5800025455837082	0.7538192048733569	0.5790062189054727	0.4502527061526678	0.5178947907771135	0.7345432024169184	0.6029144107351224	0.8263874961407842	0.55296120906801	0.39775631067961165	0.6216468176042508	0.824857894736842	0.25147523539082345	0.4167937819086268	0.21544928902627508	0.4930459459459459	0.9559748733632801	0.5540489928057554	0.9262888099639973	0.2719338319401672	0.5348606926616615	0.7272806252035168	0.6207657766990291	0.578008947617919	0.14570961732124876	0.8197384066955982	0.7158691147540984	0.27451760573686523	0.8393500153327199	0.03278786556089044	0.872742039751054	0.6045721859706362	0.3035894122669702	0.18508230498721226	0.7005007603305786	0.9344544406779661	0.37987248349279074	0.49803084146793525	0.5834268595041323	0.923077623743044	0.7158691147540984	0.85874048750885	0.5137864775644945	0.4793760899437851	0.7727544974104217	0.722173294156056	0.9584284991890087	0.7770294682422453	0.5482351822885333	0.5689153599048186	0.7969708594730238	0.6102967933077728	0.8795409413410612	0.6256044544198894	0.1558583773959022	0.36743200925044206	0.9448607812951024	0.6216468176042508	0.4481423622651157	0.9267017794632438	0.36743200925044206	1.0	0.9996520887728461	0.19336511627906977	0.7229477267783336	0.3909088565321934	0.39447156	0.18788225266847217	0.8263874961407842	0.013430538172715894	0.6852310953279326	0.5567741534043317	0.8427899938738003	0.9577701727593777	0.1603300295857988	0.8354025806451613	0.6122213000580382	0.6479163082842915	0.9426702398150824	0.4991101148573545	0.8461359575769937	0.9926426429240862	0.7153217457886678	0.003464966096222151	0.13191295948025306	0.7974258566652738	0.5027968238335591	0.8511582089552239	0.7013740940632228	0.5010182019977802	0.821361930820857	0.05384885588117222	0.9857264949229033	0.40301624305003975
g__Pauljensenia	0.003464966096222151	0.4855390243902439	0.06653594264677389	0.003464966096222151	0.003464966096222151	0.003464966096222151	0.2792465143356134	0.006174338319907941	0.17377644674987844	0.008698459875709268	0.003464966096222151	0.003464966096222151	0.6132533650498955	0.003464966096222151	0.02011905319896883	0.6216468176042508	0.003464966096222151	0.3472968711233632	0.006174338319907941	0.048288402536305994	0.0873892282065519	0.18235123555840818	0.21282290277562416	0.16174822043628012	0.01794910394265233	0.7013740940632228	0.49695050067993574	0.2569304347826087	0.26558433628318584	0.2968345480631277	0.01794910394265233	0.4367943140794224	0.34958052001650847	0.10822295285359802	0.15734552201880259	0.015726917440156328	0.006174338319907941	0.5348606926616615	0.04453621083212285	0.008698459875709268	0.5999980719794344	0.003464966096222151	0.7125797634691197	0.003464966096222151	0.20719509116409535	0.003464966096222151	0.003464966096222151	0.003464966096222151	0.16612918433931484	0.003464966096222151	0.008698459875709268	0.02011905319896883	0.003464966096222151	0.003464966096222151	0.2579904606240713	0.003464966096222151	0.962551185375607	0.003464966096222151	0.003464966096222151	0.003464966096222151	0.003464966096222151	0.003464966096222151	0.3156710059171598	0.003464966096222151	0.8870732052175645	0.003464966096222151	0.21981348643649815	0.9255513642564802	0.013430538172715894	0.9448607812951024	0.008698459875709268	0.3752513787510138	0.003464966096222151	0.14417469312258283	0.003464966096222151	0.05384885588117222	0.8170874146845915	0.6535020318320353	0.003464966096222151	0.07714301929625425	0.003464966096222151	0.003464966096222151	0.003464966096222151	0.003464966096222151	0.013430538172715894	0.028686121630652706	0.39775631067961165	0.003464966096222151	0.003464966096222151	0.015726917440156328	0.015726917440156328	0.003464966096222151	0.003464966096222151	0.003464966096222151	0.003464966096222151	0.057396394611727415	0.003464966096222151	0.003464966096222151	0.5842109826589595	0.003464966096222151	0.12095204932268148	0.0806235912847483	0.2719338319401672	0.034795719844357975	0.003464966096222151	0.003464966096222151	0.04065628288781309	0.06831076388888889	0.028686121630652706	0.06653594264677389	0.006174338319907941	0.04644497114591921	0.8518153237264056	0.4167937819086268	0.9996520887728461	1.0	0.003464966096222151	0.003464966096222151	0.7158691147540984	0.003464966096222151	0.6082272410184861	0.28048172699520274	0.006174338319907941	0.5981192537138846	0.003464966096222151	0.4615498480628007	0.003464966096222151	0.9511591549295775	0.003464966096222151	0.0873892282065519	0.036773613193403304	0.3968040878828229	0.006174338319907941	0.5127252110091743	0.23602336065573773	0.003464966096222151	0.39986614894464356	0.2500957068062827	0.003464966096222151	0.7799946614720438	0.507839175257732	0.18508230498721226	0.03278786556089044	0.003464966096222151	0.022268618860963797	0.03278786556089044	0.8359022922636103
g__Pediococcus	0.003464966096222151	0.003464966096222151	0.003464966096222151	0.003464966096222151	0.003464966096222151	0.003464966096222151	0.048288402536305994	0.04257444142827312	0.003464966096222151	0.003464966096222151	0.003464966096222151	0.003464966096222151	0.003464966096222151	0.003464966096222151	0.6437623677925622	0.003464966096222151	0.003464966096222151	0.873205657538369	0.026579824363882006	0.003464966096222151	0.01108860759493671	0.006174338319907941	0.003464966096222151	0.6683152451309604	0.01108860759493671	0.9660041916167665	0.8279745140388769	0.42103492954070987	0.935536387383901	0.7626039238621863	0.8814367591299143	0.15734552201880259	0.638036312849162	0.8939304347826086	0.006174338319907941	0.003464966096222151	0.003464966096222151	0.2877915415704388	0.003464966096222151	0.003464966096222151	0.6389683760683761	0.006174338319907941	0.07714301929625425	0.008698459875709268	0.2060043580131209	0.003464966096222151	0.003464966096222151	0.003464966096222151	0.37310682649329535	0.003464966096222151	0.003464966096222151	0.006174338319907941	0.003464966096222151	0.003464966096222151	0.259199821958457	0.003464966096222151	0.003464966096222151	0.003464966096222151	0.003464966096222151	0.003464966096222151	0.003464966096222151	0.003464966096222151	0.20042662582469367	0.003464966096222151	0.35916718621821164	0.2706776978417266	0.38533718309859155	0.9183724857871005	0.003464966096222151	0.30244967227130237	0.003464966096222151	0.21683974992281566	0.003464966096222151	0.5209324808184144	0.003464966096222151	0.003464966096222151	0.11612743006993008	0.7613742199978702	0.01108860759493671	0.05206064281382656	0.022268618860963797	0.003464966096222151	0.003464966096222151	0.003464966096222151	0.006174338319907941	0.003464966096222151	0.8165687985097796	0.003464966096222151	0.39986614894464356	0.013430538172715894	0.003464966096222151	0.01108860759493671	0.003464966096222151	0.003464966096222151	0.003464966096222151	0.003464966096222151	0.003464966096222151	0.003464966096222151	0.7974258566652738	0.003464966096222151	0.006174338319907941	0.006174338319907941	0.015726917440156328	0.003464966096222151	0.003464966096222151	0.003464966096222151	0.23739998483699773	0.003464966096222151	0.003464966096222151	0.04644497114591921	0.09395986866107262	0.008698459875709268	0.2926776548354649	0.6949374268360022	0.19336511627906977	0.003464966096222151	1.0	0.003464966096222151	0.3266086920067076	0.003464966096222151	0.1544425140775091	0.008698459875709268	0.003464966096222151	0.7054966381015162	0.003464966096222151	0.52198510042605	0.006174338319907941	0.15010518506168724	0.003464966096222151	0.44401765610975763	0.06295072350410637	0.9816110221384833	0.006174338319907941	0.8645378225806452	0.015726917440156328	0.003464966096222151	0.699780946080053	0.15154056886227546	0.003464966096222151	0.18374882268140316	0.75216860626805	0.3876440798285561	0.6875066902968543	0.003464966096222151	0.003464966096222151	0.16752448315155463	0.9779432785025524
g__Peptostreptococcus	0.003464966096222151	0.6445429594272076	0.003464966096222151	0.003464966096222151	0.008698459875709268	0.003464966096222151	0.19078469971401335	0.026579824363882006	0.2579904606240713	0.0718273092369478	0.003464966096222151	0.003464966096222151	0.2770098992553658	0.003464966096222151	0.03278786556089044	0.01108860759493671	0.003464966096222151	0.2890067474048443	0.2968345480631277	0.003464966096222151	0.36155778839590447	0.02011905319896883	0.14113538747256457	0.003464966096222151	0.008698459875709268	0.7256599739243806	0.6704173640635489	0.6560251859364435	0.676399933110368	0.24901196222455402	0.9965288506499579	0.003464966096222151	0.14570961732124876	0.2792465143356134	0.20719509116409535	0.003464966096222151	0.003464966096222151	0.10981352067868504	0.030808966431095406	0.015726917440156328	0.9503776359973136	0.003464966096222151	0.9577701727593777	0.003464966096222151	0.9808773087071241	0.003464966096222151	0.003464966096222151	0.003464966096222151	0.7659466291538379	0.003464966096222151	0.003464966096222151	0.03278786556089044	0.003464966096222151	0.003464966096222151	0.49220372300819054	0.003464966096222151	0.003464966096222151	0.003464966096222151	0.003464966096222151	0.008698459875709268	0.003464966096222151	0.003464966096222151	0.767247725585834	0.003464966096222151	0.9479256048387098	0.003464966096222151	0.4625571482793522	0.8771127425485097	0.15887959486166006	0.5327778909090909	0.003464966096222151	0.6200988546968996	0.003464966096222151	0.26558433628318584	0.003464966096222151	0.003464966096222151	0.003464966096222151	0.8558706382978724	0.006174338319907941	0.006174338319907941	0.003464966096222151	0.003464966096222151	0.01108860759493671	0.003464966096222151	0.01108860759493671	0.08394524119947849	0.9503776359973136	0.003464966096222151	0.06831076388888889	0.003464966096222151	0.07714301929625425	0.003464966096222151	0.006174338319907941	0.003464966096222151	0.003464966096222151	0.003464966096222151	0.013430538172715894	0.006174338319907941	0.3652546395966753	0.008698459875709268	0.1349822808510638	0.003464966096222151	0.19892844339622642	0.008698459875709268	0.003464966096222151	0.003464966096222151	0.16467411341722504	0.006174338319907941	0.09562084015275506	0.050134673979280925	0.14113538747256457	0.003464966096222151	0.7704919339472848	0.5647490883089024	0.7229477267783336	0.003464966096222151	0.003464966096222151	1.0	0.09395986866107262	0.036773613193403304	0.9526678253375467	0.24901196222455402	0.006174338319907941	0.21981348643649815	0.006174338319907941	0.4230624772076062	0.003464966096222151	0.6641680772252778	0.003464966096222151	0.4324867726920093	0.015726917440156328	0.3204992	0.003464966096222151	0.9244508925958443	0.7318860110353781	0.003464966096222151	0.6366055155875299	0.003464966096222151	0.003464966096222151	0.013430538172715894	0.8861811771735884	0.357895731874145	0.40301624305003975	0.003464966096222151	0.006174338319907941	0.3968040878828229	0.9299297593634775
g__Phascolarctobacterium	0.9747138662625496	0.15154056886227546	0.01794910394265233	0.29914121350887235	0.357895731874145	0.008698459875709268	0.8149381006628003	0.36399083844580776	0.8319440434693459	0.767247725585834	0.24901196222455402	0.3553973154362416	0.01794910394265233	0.6372487735310896	0.09395986866107262	0.4377263910355486	0.057396394611727415	0.8821554159186117	0.008698459875709268	0.3415490027700831	0.5293890560543557	0.8468564796905222	0.6754295081967213	0.974066515065378	0.22654698407838336	0.9577701727593777	0.3035894122669702	0.06295072350410637	0.22654698407838336	0.412958677359979	0.6303291800643087	0.5699208704958972	0.04065628288781309	0.4273727697701597	0.30994583333333336	0.507839175257732	0.7721915908610112	0.003464966096222151	0.8319440434693459	0.9058182902780517	0.5629964912280702	0.13191295948025306	0.23450127562642367	0.5209324808184144	0.13650677649456522	0.7621111430395913	0.9248661629947358	0.1394884888438134	0.9391307380607815	0.8421242414955563	0.7180533871495581	0.4020747117296223	0.7077117447088497	0.9016033899980233	0.49515425386996903	0.40301624305003975	0.8170874146845915	0.894640424687438	0.9518225361555407	0.5749432182271271	0.7607986253196931	0.3179779027270171	0.7787187453874539	0.3695472648296457	0.8453002346220545	0.22777137836185818	0.47131759608138657	0.6372487735310896	0.7943523076923077	0.07531240515933231	0.8366579582651391	0.5159689225506963	0.10508952907599	0.8954386667989286	0.04065628288781309	0.6064370271214061	0.4077269809825674	0.6649993717747363	0.996693515230798	0.9186139555381451	0.5127252110091743	0.2877915415704388	0.8263874961407842	0.24901196222455402	0.7571119492158327	0.6770678845939624	0.7345432024169184	0.43888242790937176	0.39330296197464976	0.01794910394265233	0.7961818305439331	0.3542671785028791	0.7952257062146894	0.35086371511068337	0.926055619400078	0.2968345480631277	0.8661774330042313	0.7304333188908145	0.7505151803875388	0.2240158064516129	0.34375978441127697	0.8624227515897851	0.4377263910355486	0.10197052272319024	0.3752513787510138	0.3448615129762562	0.14263408018867926	0.7030410871478874	0.1177564375436148	0.3987592267835791	0.27580552631578953	0.003464966096222151	0.9857264949229033	0.7256599739243806	0.3909088565321934	0.7158691147540984	0.3266086920067076	0.09395986866107262	1.0	0.003464966096222151	0.034795719844357975	0.984263875823142	0.6332948483113909	0.04257444142827312	0.8468564796905222	0.8107049236522281	0.43365	0.3087312810327706	0.26172396033742784	0.6192872771474879	0.003464966096222151	0.962551185375607	0.21544928902627508	0.702246658592976	0.6223831371191135	0.06831076388888889	0.12095204932268148	0.4481423622651157	0.6516678906338267	0.6675624327956989	0.6019432056969414	0.9262888099639973	0.870209282700422	0.0806235912847483	0.15154056886227546	0.7433945818103633	0.873205657538369
g__Phocaeicola	0.09250862068965518	0.013430538172715894	0.940475474790321	0.003464966096222151	0.003464966096222151	0.008698459875709268	0.35328031301482704	0.003464966096222151	0.0806235912847483	0.7168068829891839	0.003464966096222151	0.006174338319907941	0.003464966096222151	0.003464966096222151	0.17954120772946863	0.2060043580131209	0.4665122587968218	0.1349822808510638	0.003464966096222151	0.04065628288781309	0.9299297593634775	0.2842113590263692	0.1544425140775091	0.015726917440156328	0.003464966096222151	0.18097779742765271	0.20319152701644477	0.19469317858834673	0.06653594264677389	0.7696819125277984	0.1603300295857988	0.03278786556089044	0.259199821958457	0.22777137836185818	0.6358157353445321	0.003464966096222151	0.12894909747292418	0.745061052631579	0.006174338319907941	0.003464966096222151	0.49515425386996903	0.003464966096222151	0.06109128386336867	0.05562320574162679	0.003464966096222151	0.003464966096222151	0.003464966096222151	0.003464966096222151	0.04644497114591921	0.006174338319907941	0.07359801867022289	0.7077117447088497	0.003464966096222151	0.008698459875709268	0.41792500000000005	0.06653594264677389	0.12399031088082903	0.006174338319907941	0.6787026148881719	0.7696819125277984	0.006174338319907941	0.003464966096222151	0.3695472648296457	0.003464966096222151	0.46444982318767364	0.4167937819086268	0.09734216255442671	0.6508967213114755	0.5070199754299755	0.030808966431095406	0.7287400693842151	0.015726917440156328	0.057396394611727415	0.034795719844357975	0.006174338319907941	0.003464966096222151	0.04257444142827312	0.19336511627906977	0.02011905319896883	0.8393500153327199	0.003464966096222151	0.003464966096222151	0.003464966096222151	0.003464966096222151	0.008698459875709268	0.02011905319896883	0.8821554159186117	0.003464966096222151	0.024427498292738447	0.003464966096222151	0.2500957068062827	0.003464966096222151	0.003464966096222151	0.3876440798285561	0.003464966096222151	0.10197052272319024	0.003464966096222151	0.003464966096222151	0.14856377755511022	0.008698459875709268	0.6683152451309604	0.17526026222078342	0.026579824363882006	0.02011905319896883	0.7229477267783336	0.003464966096222151	0.4118727236842106	0.003464966096222151	0.576011565836299	0.3876440798285561	0.20189030284010673	0.003464966096222151	0.8787320271891244	0.16174822043628012	0.39447156	0.003464966096222151	0.003464966096222151	0.036773613193403304	0.003464966096222151	1.0	0.5209324808184144	0.17526026222078342	0.6192872771474879	0.030808966431095406	0.04065628288781309	0.0806235912847483	0.003464966096222151	0.30244967227130237	0.41792500000000005	0.4604826681870012	0.9819743927697232	0.5923199788831535	0.003464966096222151	0.33923422148209825	0.4694474962254655	0.003464966096222151	0.003464966096222151	0.4552421434019832	0.008698459875709268	0.31348648114140415	0.7173522977840847	0.38994418884579374	0.7745317735291012	0.003464966096222151	0.01794910394265233	0.13045745884773666	0.22264101814826207
g__Prevotella	0.01108860759493671	0.01108860759493671	0.568044124300512	0.9791354029062087	0.003464966096222151	0.09395986866107262	0.5252006564551422	0.013430538172715894	0.003464966096222151	0.03278786556089044	0.586831822462915	0.0806235912847483	0.013430538172715894	0.06477044392523365	0.9613315323041738	0.01794910394265233	0.003464966096222151	0.7652135436583811	0.003464966096222151	0.003464966096222151	0.06295072350410637	0.030808966431095406	0.003464966096222151	0.5099099668995954	0.013430538172715894	0.11935785900783291	0.3909088565321934	0.015726917440156328	0.003464966096222151	0.022268618860963797	0.003464966096222151	0.003464966096222151	0.26558433628318584	0.003464966096222151	0.003464966096222151	0.02011905319896883	0.10664229333333333	0.9465012104909214	0.006174338319907941	0.003464966096222151	0.048288402536305994	0.40427626042080195	0.003464966096222151	0.34375978441127697	0.4991101148573545	0.33322185365853657	0.3087312810327706	0.7477158154506437	0.034795719844357975	0.9789541977523845	0.050134673979280925	0.42103492954070987	0.034795719844357975	0.003464966096222151	0.97729837336864	0.6113304878048781	0.003464966096222151	0.8771127425485097	0.10664229333333333	0.316825752884886	0.5137864775644945	0.003464966096222151	0.03873184713375796	0.19604711538461536	0.4941313011152416	0.9985819488519694	0.003464966096222151	0.06653594264677389	0.17054625	0.7799946614720438	0.003464966096222151	0.003464966096222151	0.9559748733632801	0.03873184713375796	0.003464966096222151	0.003464966096222151	0.003464966096222151	0.01108860759493671	0.7704919339472848	0.006174338319907941	0.14570961732124876	0.8990665544554455	0.3229674653215637	0.42614532346063916	0.21415480724570363	0.22264101814826207	0.030808966431095406	0.9202346597575283	0.988010146561443	0.6409759139050222	0.4053208223162348	0.5001265860281412	0.4832892763731473	0.003464966096222151	0.2500957068062827	0.02011905319896883	0.0806235912847483	0.06653594264677389	0.003464966096222151	0.04644497114591921	0.15296928310653835	0.09866472182080925	0.01794910394265233	0.13345102354145344	0.003464966096222151	0.3122793834841629	0.9789541977523845	0.8359022922636103	0.003464966096222151	0.003464966096222151	0.9193947620912473	0.47729125703564734	0.01794910394265233	0.16467411341722504	0.18788225266847217	0.6082272410184861	0.1544425140775091	0.9526678253375467	0.034795719844357975	0.5209324808184144	1.0	0.9850880361173815	0.9217022081094285	0.1471649196249163	0.026579824363882006	0.006174338319907941	0.638036312849162	0.9457428502786854	0.003464966096222151	0.9497125539879068	0.036773613193403304	0.008698459875709268	0.9378744785631518	0.4167937819086268	0.006174338319907941	0.4941313011152416	0.050134673979280925	0.05206064281382656	0.003464966096222151	0.028686121630652706	0.04453621083212285	0.003464966096222151	0.030808966431095406	0.4552421434019832	0.995711533065195	0.6113304878048781	0.003464966096222151
g__Pseudobutyricicoccus	0.04257444142827312	0.14417469312258283	0.8300050523721503	0.01108860759493671	0.05562320574162679	0.003464966096222151	0.7054966381015162	0.3542671785028791	0.9555885711553176	0.5169009521484375	0.003464966096222151	0.01108860759493671	0.40427626042080195	0.0806235912847483	0.662474384900573	0.06831076388888889	0.003464966096222151	0.6958151451595099	0.22913108974358976	0.008698459875709268	0.7665162635264163	0.022268618860963797	0.9872802368198478	0.09395986866107262	0.9789541977523845	0.44728521883798306	0.024427498292738447	0.11300754219409283	0.9555885711553176	0.660508431703204	0.003464966096222151	0.7158691147540984	0.23450127562642367	0.07359801867022289	0.30994583333333336	0.006174338319907941	0.22913108974358976	0.6230464137453874	0.01794910394265233	0.08394524119947849	0.6308370612525808	0.06109128386336867	0.7613742199978702	0.05562320574162679	0.9451657629074127	0.006174338319907941	0.013430538172715894	0.008698459875709268	0.05206064281382656	0.013430538172715894	0.5107871876531112	0.33551165507649516	0.003464966096222151	0.006174338319907941	0.8983598652931853	0.04644497114591921	0.2500957068062827	0.003464966096222151	0.1177564375436148	0.0873892282065519	0.003464966096222151	0.01108860759493671	0.04453621083212285	0.015726917440156328	0.1558583773959022	0.13045745884773666	0.9754530820944985	0.6836839333333333	0.2643915509601182	0.9457428502786854	0.19218431154822335	0.4367943140794224	0.006174338319907941	0.5574578771216829	0.24901196222455402	0.008698459875709268	0.6867744845932167	0.15154056886227546	0.0806235912847483	0.8565239696202531	0.21683974992281566	0.003464966096222151	0.008698459875709268	0.1603300295857988	0.03278786556089044	0.04644497114591921	0.8933085907240044	0.026579824363882006	0.4634457406471183	0.8098426122194513	0.10197052272319024	0.49599178522825677	0.3217343710559528	0.05206064281382656	0.008698459875709268	0.38405229468599034	0.01108860759493671	0.006174338319907941	0.28539398061062077	0.008698459875709268	0.006174338319907941	0.2954645133505599	0.20042662582469367	0.12399031088082903	0.2303821270760323	0.06477044392523365	0.2500957068062827	0.05206064281382656	0.21544928902627508	0.3864137898686679	0.2954645133505599	0.19336511627906977	0.745061052631579	0.8911734314407875	0.8263874961407842	0.28048172699520274	0.008698459875709268	0.24901196222455402	0.984263875823142	0.17526026222078342	0.9850880361173815	1.0	0.1544425140775091	0.8402751354113439	0.07531240515933231	0.6353154673378332	0.4324867726920093	0.4615498480628007	0.008698459875709268	0.024427498292738447	0.11612743006993008	0.8505004266558309	0.050134673979280925	0.24901196222455402	0.6516678906338267	0.07006990589590936	0.9031889668115369	0.6535020318320353	0.026579824363882006	0.8505004266558309	0.923077623743044	0.6045721859706362	0.15887959486166006	0.11143439703808179	0.8427899938738003	0.9177704324801411	0.22521445653840255
g__Pseudoflavonifractor_A	0.003464966096222151	0.2500957068062827	0.003464966096222151	0.003464966096222151	0.01794910394265233	0.003464966096222151	0.3752513787510138	0.94190887283237	0.04257444142827312	0.003464966096222151	0.003464966096222151	0.003464966096222151	0.8761052779168754	0.11935785900783291	0.26307848587904775	0.4324867726920093	0.003464966096222151	0.04257444142827312	0.6795941941941942	0.003464966096222151	0.6516678906338267	0.003464966096222151	0.003464966096222151	0.46551113214691403	0.05562320574162679	0.050134673979280925	0.034795719844357975	0.48237329842931936	0.09395986866107262	0.6908837497236348	0.9584284991890087	0.003464966096222151	0.3204992	0.7696819125277984	0.008698459875709268	0.003464966096222151	0.003464966096222151	0.18788225266847217	0.003464966096222151	0.003464966096222151	0.7404909521247982	0.4230624772076062	0.006174338319907941	0.003464966096222151	0.003464966096222151	0.006174338319907941	0.003464966096222151	0.003464966096222151	0.8765654723779024	0.008698459875709268	0.024427498292738447	0.003464966096222151	0.33322185365853657	0.003464966096222151	0.7898457493702771	0.003464966096222151	0.003464966096222151	0.003464966096222151	0.003464966096222151	0.003464966096222151	0.003464966096222151	0.003464966096222151	0.4316015145631068	0.003464966096222151	0.7388178529126735	0.04644497114591921	0.5070199754299755	0.14856377755511022	0.003464966096222151	0.4305467936261173	0.003464966096222151	0.23450127562642367	0.003464966096222151	0.3061208694416821	0.003464966096222151	0.003464966096222151	0.03278786556089044	0.18788225266847217	0.003464966096222151	0.003464966096222151	0.08394524119947849	0.003464966096222151	0.003464966096222151	0.03278786556089044	0.008698459875709268	0.003464966096222151	0.6560251859364435	0.003464966096222151	0.06295072350410637	0.7689526700572155	0.003464966096222151	0.06295072350410637	0.04453621083212285	0.003464966096222151	0.003464966096222151	0.006174338319907941	0.003464966096222151	0.003464966096222151	0.06653594264677389	0.003464966096222151	0.026579824363882006	0.02011905319896883	0.24788642234905378	0.008698459875709268	0.003464966096222151	0.003464966096222151	0.9678581600683566	0.008698459875709268	0.003464966096222151	0.008698459875709268	0.8495284028484231	0.348535785123967	0.4367943140794224	0.6844199866755497	0.013430538172715894	0.006174338319907941	0.003464966096222151	0.006174338319907941	0.6332948483113909	0.6192872771474879	0.9217022081094285	0.1544425140775091	1.0	0.2413664501510574	0.003464966096222151	0.013430538172715894	0.03278786556089044	0.6366055155875299	0.003464966096222151	0.1224753896778663	0.003464966096222151	0.9903680360157568	0.006174338319907941	0.6568643428313999	0.008698459875709268	0.11935785900783291	0.20719509116409535	0.2413664501510574	0.003464966096222151	0.4513920260270477	0.52198510042605	0.022268618860963797	0.034795719844357975	0.008698459875709268	0.003464966096222151	0.3367231517509728	0.0806235912847483
g__Pseudoscilispira	0.6908837497236348	0.7854509933774835	0.2303821270760323	0.10664229333333333	0.97729837336864	0.003464966096222151	0.3807541307857912	0.8505004266558309	0.17054625	0.22264101814826207	0.5640079446498867	0.655037368955022	0.8113981831395348	0.09562084015275506	0.3035894122669702	0.5548699652569785	0.4118727236842106	0.11612743006993008	0.19758291069459757	0.8975636777964926	0.28290252320185616	0.720857497820401	0.22777137836185818	0.4406242871821217	0.23873752839618356	0.7318860110353781	0.9378744785631518	0.5574578771216829	0.720080405626431	0.15734552201880259	0.641905577689243	0.26307848587904775	0.1224753896778663	0.01108860759493671	0.3774890972878154	0.9940019668446193	0.08568857938718662	0.20189030284010673	0.2731870221180607	0.43969782720493694	0.11612743006993008	0.01794910394265233	0.7990836517381773	0.7404909521247982	0.7704919339472848	0.70628762490392	0.8319440434693459	0.8968559024680345	0.979778155065082	0.9129106205133247	0.15734552201880259	0.04257444142827312	0.7334937743190661	0.1544425140775091	0.5463759759036144	0.4241286699635607	0.12095204932268148	0.40882022961203485	0.30244967227130237	0.4140429190751445	0.5482351822885333	0.8300050523721503	0.40882022961203485	0.6207657766990291	0.94190887283237	0.04453621083212285	0.44625457223360654	0.022268618860963797	0.6749101808439384	0.702246658592976	0.7340982179501025	0.36267618657937806	0.20319152701644477	0.12730129132231405	0.14856377755511022	0.9386387778743122	0.821361930820857	0.16326726170979364	0.824857894736842	0.9391307380607815	0.07006990589590936	0.8316965517241379	0.9391307380607815	0.9031889668115369	0.24788642234905378	0.7490997106109325	0.8599544554455446	0.7704919339472848	0.23739998483699773	0.015726917440156328	0.3035894122669702	0.25277680250783696	0.9865499153976311	0.7915167593078134	0.7173522977840847	0.5137864775644945	0.9633894431223228	0.873205657538369	0.8558706382978724	0.854128859604663	0.003464966096222151	0.8737562105263158	0.8316965517241379	0.29914121350887235	0.507839175257732	0.9262888099639973	0.5584068331143233	0.85874048750885	0.008698459875709268	0.18235123555840818	0.9805128712871287	0.19218431154822335	0.7844878877089686	0.44505121076233184	0.6852310953279326	0.5981192537138846	0.7054966381015162	0.21981348643649815	0.04257444142827312	0.030808966431095406	0.1471649196249163	0.8402751354113439	0.2413664501510574	1.0	0.19469317858834673	0.015726917440156328	0.19892844339622642	0.6308370612525808	0.03873184713375796	0.9159607248084856	0.3061208694416821	0.43888242790937176	0.6316332530949105	0.2100159956474429	0.6657550896860986	0.04644497114591921	0.03278786556089044	0.8137267005391953	0.26558433628318584	0.3817870564516129	0.8170874146845915	0.39330296197464976	0.7490997106109325	0.4502527061526678	0.003464966096222151	0.17818620300145233	0.26172396033742784
g__Roseburia	0.003464966096222151	0.01108860759493671	0.13345102354145344	0.003464966096222151	0.003464966096222151	0.006174338319907941	0.003464966096222151	0.003464966096222151	0.01108860759493671	0.028686121630652706	0.003464966096222151	0.003464966096222151	0.008698459875709268	0.01108860759493671	0.4570409413854352	0.003464966096222151	0.003464966096222151	0.821361930820857	0.6875066902968543	0.003464966096222151	0.08568857938718662	0.003464966096222151	0.26558433628318584	0.01108860759493671	0.003464966096222151	0.9511591549295775	0.7943523076923077	0.28539398061062077	0.4158244922028568	0.10664229333333333	0.3719052182163188	0.05384885588117222	0.048288402536305994	0.17054625	0.003464966096222151	0.008698459875709268	0.003464966096222151	0.9052957872928177	0.003464966096222151	0.003464966096222151	0.4683920055394687	0.003464966096222151	0.0806235912847483	0.003464966096222151	0.6471412797281992	0.003464966096222151	0.003464966096222151	0.003464966096222151	0.8501011793411956	0.003464966096222151	0.003464966096222151	0.8319440434693459	0.003464966096222151	0.003464966096222151	0.022268618860963797	0.003464966096222151	0.13650677649456522	0.003464966096222151	0.003464966096222151	0.006174338319907941	0.003464966096222151	0.003464966096222151	0.15887959486166006	0.003464966096222151	0.003464966096222151	0.050134673979280925	0.5618498985316939	0.008698459875709268	0.10508952907599	0.09072339643447895	0.003464966096222151	0.37987248349279074	0.003464966096222151	0.015726917440156328	0.003464966096222151	0.003464966096222151	0.4763064964325949	0.9465012104909214	0.013430538172715894	0.013430538172715894	0.003464966096222151	0.003464966096222151	0.003464966096222151	0.003464966096222151	0.003464966096222151	0.003464966096222151	0.6303291800643087	0.003464966096222151	0.07359801867022289	0.21282290277562416	0.44505121076233184	0.013430538172715894	0.008698459875709268	0.003464966096222151	0.003464966096222151	0.13045745884773666	0.003464966096222151	0.003464966096222151	0.6256044544198894	0.003464966096222151	0.003464966096222151	0.003464966096222151	0.003464966096222151	0.003464966096222151	0.024427498292738447	0.01108860759493671	0.21981348643649815	0.18508230498721226	0.006174338319907941	0.22913108974358976	0.3035894122669702	0.1224753896778663	0.9551103444976077	1.0	0.5567741534043317	0.003464966096222151	0.003464966096222151	0.006174338319907941	0.8468564796905222	0.04065628288781309	0.026579824363882006	0.07531240515933231	0.003464966096222151	0.19469317858834673	1.0	0.713520459770115	0.003464966096222151	0.7340982179501025	0.003464966096222151	0.7727544974104217	0.30994583333333336	0.034795719844357975	0.013430538172715894	0.21415480724570363	0.21145402173913047	0.003464966096222151	0.96832536293766	0.3193067996628266	0.003464966096222151	0.006174338319907941	0.4140429190751445	0.057396394611727415	0.9996520887728461	0.013430538172715894	0.034795719844357975	0.2792465143356134	0.4377263910355486
g__Roseburia_D	0.003464966096222151	0.8911734314407875	0.003464966096222151	0.8661774330042313	0.24506782006920416	0.2792465143356134	0.27580552631578953	0.10664229333333333	0.5960270982090601	0.01108860759493671	0.9824297139631163	0.01794910394265233	0.5199421886424567	0.034795719844357975	0.7997030046948358	0.767247725585834	0.3542671785028791	0.003464966096222151	0.05562320574162679	0.11459195160441875	0.6749101808439384	0.003464966096222151	0.008698459875709268	0.006174338319907941	0.14263408018867926	0.003464966096222151	0.003464966096222151	0.003464966096222151	0.10981352067868504	0.3909088565321934	0.03278786556089044	0.003464966096222151	0.892597436661699	0.2842113590263692	0.003464966096222151	0.6479163082842915	0.003464966096222151	0.22777137836185818	0.22654698407838336	0.5574578771216829	0.1394884888438134	0.5107871876531112	0.003464966096222151	0.5188874177029993	0.01794910394265233	0.4316015145631068	0.8063879837702872	0.8337169996925915	0.008698459875709268	0.7334937743190661	0.27800842197289816	0.6488370475113122	0.11300754219409283	0.024427498292738447	0.003464966096222151	0.7598170219569388	0.003464966096222151	0.491237779433681	0.04257444142827312	0.057396394611727415	0.03278786556089044	0.13191295948025306	0.10197052272319024	0.10508952907599	0.003464966096222151	0.16612918433931484	0.013430538172715894	0.022268618860963797	0.07714301929625425	0.04644497114591921	0.003464966096222151	0.003464966096222151	0.8037913464542331	0.9993037230568256	0.01794910394265233	0.16612918433931484	0.6102967933077728	0.003464966096222151	0.5960270982090601	0.08394524119947849	0.75216860626805	0.504755421686747	0.6082272410184861	0.43574783225806446	0.44183228912569	0.01794910394265233	0.01794910394265233	0.057396394611727415	0.6316332530949105	0.022268618860963797	0.003464966096222151	0.1379310584250635	0.330830047472773	0.015726917440156328	0.9335055308020148	0.01108860759493671	0.04065628288781309	0.9451657629074127	0.4201830023517115	0.1349822808510638	0.006174338319907941	0.4524148011218766	0.9052957872928177	0.8055229784576959	0.003464966096222151	0.5020938740293356	0.6132533650498955	0.8765654723779024	0.028686121630652706	0.003464966096222151	0.17671119909502264	0.7779975	0.17054625	0.01794910394265233	0.8427899938738003	0.4615498480628007	0.52198510042605	0.4230624772076062	0.8107049236522281	0.0806235912847483	0.006174338319907941	0.6353154673378332	0.013430538172715894	0.015726917440156328	0.713520459770115	1.0	0.4305467936261173	0.013430538172715894	0.003464966096222151	0.4625571482793522	0.01794910394265233	0.4020747117296223	0.5574578771216829	0.09395986866107262	0.01108860759493671	0.34375978441127697	0.4053208223162348	0.7665162635264163	0.05562320574162679	0.5148467065868263	0.05384885588117222	0.003464966096222151	0.7180533871495581	0.36155778839590447	0.9058182902780517	0.16752448315155463	0.003464966096222151
g__Rothia	0.003464966096222151	0.6358157353445321	0.003464966096222151	0.003464966096222151	0.003464966096222151	0.003464966096222151	0.5878875485465459	0.01794910394265233	0.9584284991890087	0.013430538172715894	0.003464966096222151	0.022268618860963797	0.8511582089552239	0.01108860759493671	0.003464966096222151	0.5509817002881844	0.003464966096222151	0.8696554282267792	0.003464966096222151	0.003464966096222151	0.6282974603539415	0.05922885866351271	0.2926776548354649	0.003464966096222151	0.04065628288781309	0.824857894736842	0.94190887283237	0.8526447397788374	0.7388178529126735	0.3774890972878154	0.652659080641518	0.5557560876331856	0.827321566004733	0.0873892282065519	0.8771127425485097	0.09734216255442671	0.003464966096222151	0.9457428502786854	0.003464966096222151	0.01108860759493671	0.9244508925958443	0.003464966096222151	0.7770294682422453	0.003464966096222151	0.09395986866107262	0.003464966096222151	0.003464966096222151	0.003464966096222151	0.8468564796905222	0.003464966096222151	0.003464966096222151	0.003464966096222151	0.003464966096222151	0.003464966096222151	0.75216860626805	0.003464966096222151	0.8197384066955982	0.003464966096222151	0.006174338319907941	0.02011905319896883	0.003464966096222151	0.003464966096222151	0.7490997106109325	0.003464966096222151	0.9441007795957651	0.003464966096222151	0.4552421434019832	0.9883683222232653	0.008698459875709268	0.17526026222078342	0.003464966096222151	0.5815108734192176	0.003464966096222151	0.8063879837702872	0.003464966096222151	0.003464966096222151	0.24254778347406514	0.607332654723127	0.003464966096222151	0.003464966096222151	0.003464966096222151	0.003464966096222151	0.003464966096222151	0.003464966096222151	0.003464966096222151	0.0806235912847483	0.8765654723779024	0.003464966096222151	0.003464966096222151	0.003464966096222151	0.003464966096222151	0.003464966096222151	0.003464966096222151	0.003464966096222151	0.003464966096222151	0.024427498292738447	0.028686121630652706	0.003464966096222151	0.5229730656934306	0.013430538172715894	0.1379310584250635	0.06109128386336867	0.491237779433681	0.10822295285359802	0.026579824363882006	0.003464966096222151	0.8412858369098712	0.03873184713375796	0.003464966096222151	0.12399031088082903	0.003464966096222151	0.003464966096222151	0.16752448315155463	0.6908837497236348	0.9577701727593777	0.003464966096222151	0.006174338319907941	0.003464966096222151	0.43365	0.003464966096222151	0.638036312849162	0.4324867726920093	0.03278786556089044	0.19892844339622642	0.003464966096222151	0.4305467936261173	1.0	0.9186139555381451	0.003464966096222151	0.9910956399437412	0.5540489928057554	0.3320501953125	0.003464966096222151	0.4552421434019832	0.42199461678832123	0.003464966096222151	0.6256044544198894	0.07531240515933231	0.003464966096222151	0.04257444142827312	0.5337551302241066	0.6713926182753607	0.3122793834841629	0.003464966096222151	0.003464966096222151	0.003464966096222151	0.993462143928036
g__Ruminiclostridium_E	0.582503780271707	0.3521938977460143	0.4367943140794224	0.006174338319907941	0.02011905319896883	0.4230624772076062	0.7898457493702771	0.5099099668995954	0.5629964912280702	0.5432827702702703	0.0718273092369478	0.3074270017035775	0.5472073672806067	0.21145402173913047	0.9275648551429126	0.9299297593634775	0.7477158154506437	0.003464966096222151	0.6240679538904899	0.048288402536305994	0.4832892763731473	0.4665122587968218	0.7929360188580409	0.1349822808510638	0.720857497820401	0.09395986866107262	0.003464966096222151	0.6586880274558344	0.003464966096222151	0.7311996752192269	0.7054966381015162	0.08394524119947849	0.6223831371191135	0.1603300295857988	0.9717527972691067	0.2413664501510574	0.5500233809924305	0.7143823613086772	0.0806235912847483	0.15296928310653835	0.4377263910355486	0.39447156	0.301436026263203	0.988010146561443	0.15296928310653835	0.4241286699635607	0.02011905319896883	0.2914706948640483	0.003464966096222151	0.8787320271891244	0.18929026562748527	0.06295072350410637	0.057396394611727415	0.26172396033742784	0.003464966096222151	0.3807541307857912	0.07531240515933231	0.008698459875709268	0.8983598652931853	0.6358157353445321	0.5851317495873615	0.18643999680918952	0.9971371871497946	0.30244967227130237	0.2087047492992837	0.44286885182809493	0.9816110221384833	0.5500233809924305	0.7217909794095217	0.7404909521247982	0.5491959595959596	0.18235123555840818	0.4634457406471183	0.40301624305003975	0.9159607248084856	0.9011832674050633	0.923077623743044	0.15010518506168724	0.8632445206861756	0.3122793834841629	0.7180533871495581	0.050134673979280925	0.1603300295857988	0.022268618860963797	0.9307000776020953	0.4763064964325949	0.07531240515933231	0.6883903232949513	0.9177704324801411	0.08394524119947849	0.1544425140775091	0.7794392307692308	0.06831076388888889	0.37863053795335044	0.022268618860963797	0.15010518506168724	0.3807541307857912	0.1558583773959022	0.591269158549466	0.5148467065868263	0.8667346153846155	0.9559748733632801	0.12730129132231405	0.7681412232351071	0.8632445206861756	0.935536387383901	0.5989541203974283	0.3241531075027995	0.7256599739243806	0.9016033899980233	0.01794910394265233	0.9600182242990655	0.03278786556089044	0.70628762490392	0.1603300295857988	0.9511591549295775	0.15010518506168724	0.6641680772252778	0.3087312810327706	0.30244967227130237	0.9457428502786854	0.4615498480628007	0.6366055155875299	0.6308370612525808	0.7340982179501025	0.013430538172715894	0.9186139555381451	1.0	0.5001265860281412	0.9094944980314961	0.0806235912847483	0.29914121350887235	0.838510245398773	0.20189030284010673	0.4604826681870012	0.7287400693842151	0.5805856788079471	0.5392097207109178	0.05206064281382656	0.9367971097148381	0.7736434171597634	0.43365	0.5027968238335591	0.6958151451595099	0.7005007603305786	0.8708499046088964	0.008698459875709268
g__Ruminococcus_B	0.003464966096222151	0.006174338319907941	0.003464966096222151	0.003464966096222151	0.003464966096222151	0.003464966096222151	0.008698459875709268	0.028686121630652706	0.003464966096222151	0.003464966096222151	0.003464966096222151	0.003464966096222151	0.013430538172715894	0.33322185365853657	0.2903445901166979	0.003464966096222151	0.003464966096222151	0.034795719844357975	0.03873184713375796	0.003464966096222151	0.08568857938718662	0.003464966096222151	0.003464966096222151	0.38405229468599034	0.003464966096222151	0.169106179866645	0.003464966096222151	0.09866472182080925	0.050134673979280925	0.2731870221180607	0.003464966096222151	0.003464966096222151	0.21415480724570363	0.003464966096222151	0.003464966096222151	0.003464966096222151	0.003464966096222151	0.01108860759493671	0.003464966096222151	0.003464966096222151	0.9605835573348585	0.003464966096222151	0.003464966096222151	0.003464966096222151	0.003464966096222151	0.003464966096222151	0.003464966096222151	0.003464966096222151	0.6940589327146172	0.003464966096222151	0.003464966096222151	0.008698459875709268	0.003464966096222151	0.003464966096222151	0.5790062189054727	0.003464966096222151	0.003464966096222151	0.003464966096222151	0.003464966096222151	0.003464966096222151	0.003464966096222151	0.003464966096222151	0.2731870221180607	0.003464966096222151	0.4865716453177465	0.003464966096222151	0.003464966096222151	0.036773613193403304	0.003464966096222151	0.6732659141707644	0.003464966096222151	0.05384885588117222	0.003464966096222151	0.6859652212487524	0.003464966096222151	0.003464966096222151	0.003464966096222151	0.07006990589590936	0.003464966096222151	0.003464966096222151	0.022268618860963797	0.003464966096222151	0.003464966096222151	0.003464966096222151	0.003464966096222151	0.003464966096222151	0.31348648114140415	0.003464966096222151	0.3179779027270171	0.7665162635264163	0.003464966096222151	0.003464966096222151	0.003464966096222151	0.003464966096222151	0.003464966096222151	0.003464966096222151	0.003464966096222151	0.003464966096222151	0.8189680897250362	0.003464966096222151	0.003464966096222151	0.003464966096222151	0.003464966096222151	0.003464966096222151	0.003464966096222151	0.003464966096222151	0.41512545287477026	0.003464966096222151	0.003464966096222151	0.003464966096222151	0.01108860759493671	0.030808966431095406	0.47131759608138657	0.9666566365795725	0.8354025806451613	0.003464966096222151	0.003464966096222151	0.003464966096222151	0.26172396033742784	0.41792500000000005	0.003464966096222151	0.008698459875709268	0.003464966096222151	0.03873184713375796	0.003464966096222151	0.003464966096222151	0.003464966096222151	0.5001265860281412	1.0	0.01108860759493671	0.013430538172715894	0.003464966096222151	0.003464966096222151	0.006174338319907941	0.003464966096222151	0.003464966096222151	0.12095204932268148	0.003464966096222151	0.003464966096222151	0.003464966096222151	0.013430538172715894	0.003464966096222151	0.6461742905788876	0.003464966096222151	0.003464966096222151	0.05562320574162679	0.003464966096222151
g__Ruminococcus_C	0.28048172699520274	0.5834268595041323	0.02011905319896883	0.03278786556089044	0.6488370475113122	0.024427498292738447	0.5159689225506963	0.9186139555381451	0.22129691975974125	0.008698459875709268	0.10034935135135135	0.20319152701644477	0.1544425140775091	0.23311947400425662	0.8645378225806452	0.676399933110368	0.641905577689243	0.003464966096222151	0.9299297593634775	0.2668129032258064	0.454513520050923	0.015726917440156328	0.10360037614185923	0.2914706948640483	0.6230464137453874	0.003464966096222151	0.9457428502786854	0.7727544974104217	0.7592397120000001	0.4615498480628007	0.97729837336864	0.006174338319907941	0.870209282700422	0.4406242871821217	0.40882022961203485	0.9678581600683566	0.7990836517381773	0.7844878877089686	0.964227381745503	0.996693515230798	0.41512545287477026	0.894640424687438	0.6207657766990291	0.8233257705391196	0.25147523539082345	0.6754295081967213	0.4561424561849124	0.526185348074353	0.15296928310653835	0.6908837497236348	0.4842639203484754	0.04453621083212285	0.4595306492518387	0.07531240515933231	0.6844199866755497	0.4053208223162348	0.05384885588117222	0.2303821270760323	0.9503776359973136	0.015726917440156328	0.0873892282065519	0.07359801867022289	0.6308370612525808	0.19469317858834673	0.6770678845939624	0.9613315323041738	0.9363028436018958	0.348535785123967	0.5107871876531112	0.6754295081967213	0.03278786556089044	0.7659466291538379	0.6437623677925622	0.003464966096222151	0.44286885182809493	0.7318860110353781	0.9144815823095822	0.7115605038335159	0.7461335409730426	0.7787187453874539	0.996693515230798	0.5699208704958972	0.9255513642564802	0.4406242871821217	0.19892844339622642	0.3909088565321934	0.028686121630652706	0.11612743006993008	0.8047412077043208	0.39775631067961165	0.38302346856528746	0.30041890191592796	0.48047653889374453	0.14856377755511022	0.23169946743761413	0.5557560876331856	0.030808966431095406	0.8917970781156828	0.41916433895645355	0.22777137836185818	0.8968559024680345	0.33322185365853657	0.7173522977840847	0.008698459875709268	0.22521445653840255	0.3193067996628266	0.44728521883798306	0.6780366815144767	0.8565239696202531	0.15010518506168724	0.8975636777964926	0.32942371508379886	0.034795719844357975	0.2579904606240713	0.6122213000580382	0.0873892282065519	0.44401765610975763	0.4324867726920093	0.6192872771474879	0.4604826681870012	0.9497125539879068	0.024427498292738447	0.1224753896778663	0.9159607248084856	0.7727544974104217	0.4625571482793522	0.9910956399437412	0.9094944980314961	0.01108860759493671	1.0	0.006174338319907941	0.3683906670289363	0.572200950909307	0.006174338319907941	0.4811555610972568	0.20461581417175034	0.6516678906338267	0.6632613587871982	0.09734216255442671	0.8682835496528826	0.9072188275862069	0.20719509116409535	0.09562084015275506	0.9094944980314961	0.591269158549466	0.1379310584250635	0.013430538172715894
g__Ruminococcus_E	0.01794910394265233	0.8205928416485899	0.003464966096222151	0.026579824363882006	0.5337551302241066	0.003464966096222151	0.7424804172491666	0.37863053795335044	0.25277680250783696	0.21832776492364644	0.0806235912847483	0.024427498292738447	0.586831822462915	0.3379326298250486	0.6248007947477539	0.660508431703204	0.3683906670289363	0.06477044392523365	0.5842109826589595	0.14856377755511022	0.8893931363772009	0.06653594264677389	0.0806235912847483	0.699780946080053	0.5001265860281412	0.036773613193403304	0.024427498292738447	0.5482351822885333	0.6488370475113122	0.8023919837381425	0.35328031301482704	0.16326726170979364	0.11143439703808179	0.6543440320397111	0.14417469312258283	0.03873184713375796	0.35916718621821164	0.34279789619377166	0.9223901845883387	0.935536387383901	0.803008365454735	0.5790062189054727	0.8661774330042313	0.05206064281382656	0.6372487735310896	0.18097779742765271	0.10197052272319024	0.006174338319907941	0.05206064281382656	0.003464966096222151	0.45349378264747103	0.022268618860963797	0.3987592267835791	0.050134673979280925	0.2060043580131209	0.18788225266847217	0.006174338319907941	0.04257444142827312	0.02011905319896883	0.003464966096222151	0.14263408018867926	0.008698459875709268	0.01108860759493671	0.23873752839618356	0.3217343710559528	0.03278786556089044	0.4634457406471183	0.8518153237264056	0.22264101814826207	0.10822295285359802	0.04257444142827312	0.962551185375607	0.003464966096222151	0.3035894122669702	0.9646060585885488	0.003464966096222151	0.20189030284010673	0.19336511627906977	0.6499774346793349	0.04065628288781309	0.8359022922636103	0.10197052272319024	0.22654698407838336	0.2303821270760323	0.22913108974358976	0.14570961732124876	0.024427498292738447	0.02011905319896883	0.9202346597575283	0.8893931363772009	0.01108860759493671	0.09734216255442671	0.15010518506168724	0.07531240515933231	0.1177564375436148	0.30041890191592796	0.286697816972676	0.1558583773959022	0.034795719844357975	0.05922885866351271	0.07006990589590936	0.7180533871495581	0.5500233809924305	0.37863053795335044	0.28290252320185616	0.06653594264677389	0.7598170219569388	0.3987592267835791	0.18788225266847217	0.12095204932268148	0.9890044110746129	0.6586880274558344	0.434699728822314	0.40301624305003975	0.6479163082842915	0.036773613193403304	0.06295072350410637	0.015726917440156328	0.003464966096222151	0.9819743927697232	0.036773613193403304	0.11612743006993008	0.003464966096222151	0.3061208694416821	0.30994583333333336	0.01794910394265233	0.5540489928057554	0.0806235912847483	0.013430538172715894	0.006174338319907941	1.0	0.7644796790307153	0.050134673979280925	0.38892511715089034	0.6929498784530387	0.03278786556089044	0.6795941941941942	0.5540489928057554	0.2541889618138425	0.7929360188580409	0.08911145967890755	0.8055229784576959	0.47131759608138657	0.04065628288781309	0.026579824363882006	0.2978613291320538	0.9080971335697399
g__Ruthenibacterium	0.4552421434019832	0.003464966096222151	0.8421242414955563	0.028686121630652706	0.02011905319896883	0.003464966096222151	0.3111579781962339	0.003464966096222151	0.003464966096222151	0.7644796790307153	0.5851317495873615	0.02011905319896883	0.003464966096222151	0.507839175257732	0.003464966096222151	0.003464966096222151	0.006174338319907941	0.316825752884886	0.003464966096222151	0.003464966096222151	0.978587696087696	0.003464966096222151	0.3217343710559528	0.2842113590263692	0.003464966096222151	0.21415480724570363	0.9940019668446193	0.9479256048387098	0.03873184713375796	0.5199421886424567	0.04257444142827312	0.003464966096222151	0.454513520050923	0.003464966096222151	0.003464966096222151	0.07714301929625425	0.05562320574162679	0.1720927355278093	0.003464966096222151	0.003464966096222151	0.08394524119947849	0.05384885588117222	0.003464966096222151	0.8227284476534296	0.028686121630652706	0.3448615129762562	0.8599544554455446	0.9174378349200117	0.8737562105263158	0.31348648114140415	0.003464966096222151	0.008698459875709268	0.008698459875709268	0.006174338319907941	0.3864137898686679	0.7736434171597634	0.003464966096222151	0.42965754863813227	0.7974258566652738	0.05922885866351271	0.5282152427184466	0.015726917440156328	0.006174338319907941	0.06831076388888889	0.003464966096222151	0.003464966096222151	0.10508952907599	0.01108860759493671	0.8682835496528826	0.003464966096222151	0.02011905319896883	0.008698459875709268	0.5463759759036144	0.923764526202791	0.003464966096222151	0.003464966096222151	0.01108860759493671	0.14263408018867926	0.4118727236842106	0.13191295948025306	0.08568857938718662	0.8257080210049423	0.6535020318320353	0.7745317735291012	0.8285668825161887	0.003464966096222151	0.10508952907599	0.8765654723779024	0.06831076388888889	0.003464966096222151	0.3968040878828229	0.3122793834841629	0.70628762490392	0.003464966096222151	0.1558583773959022	0.048288402536305994	0.034795719844357975	0.09395986866107262	0.13191295948025306	0.022268618860963797	0.5020938740293356	0.003464966096222151	0.003464966096222151	0.003464966096222151	0.2679593823529412	0.024427498292738447	0.4561424561849124	0.09395986866107262	0.003464966096222151	0.03278786556089044	0.008698459875709268	0.02011905319896883	0.9555885711553176	0.015726917440156328	0.9426702398150824	0.3968040878828229	0.9816110221384833	0.3204992	0.962551185375607	0.5923199788831535	0.008698459875709268	0.8505004266558309	0.9903680360157568	0.43888242790937176	0.034795719844357975	0.4020747117296223	0.3320501953125	0.29914121350887235	0.003464966096222151	0.3683906670289363	0.7644796790307153	1.0	0.75142265625	0.259199821958457	0.003464966096222151	0.44505121076233184	0.9717527972691067	0.9943551104455259	0.003464966096222151	0.25567523482928284	0.7180533871495581	0.003464966096222151	0.04065628288781309	0.05384885588117222	0.09395986866107262	0.880173511785857	0.003464966096222151
g__Sarcina	0.003464966096222151	0.4570409413854352	0.003464966096222151	0.003464966096222151	0.003464966096222151	0.003464966096222151	0.6595986390732201	0.015726917440156328	0.356671704312115	0.1349822808510638	0.003464966096222151	0.006174338319907941	0.21981348643649815	0.006174338319907941	0.022268618860963797	0.24645976251315196	0.003464966096222151	0.9816110221384833	0.006174338319907941	0.003464966096222151	0.0718273092369478	0.024427498292738447	0.02011905319896883	0.036773613193403304	0.003464966096222151	0.6445429594272076	0.7505151803875388	0.6577765957446808	0.892597436661699	0.3379326298250486	0.9646060585885488	0.1379310584250635	0.003464966096222151	0.4595306492518387	0.013430538172715894	0.003464966096222151	0.003464966096222151	0.8319440434693459	0.003464966096222151	0.003464966096222151	0.6713926182753607	0.003464966096222151	0.19218431154822335	0.003464966096222151	0.3909088565321934	0.003464966096222151	0.003464966096222151	0.003464966096222151	0.7345432024169184	0.003464966096222151	0.003464966096222151	0.01108860759493671	0.003464966096222151	0.003464966096222151	0.30244967227130237	0.003464966096222151	0.3652546395966753	0.003464966096222151	0.02011905319896883	0.003464966096222151	0.003464966096222151	0.003464966096222151	0.9824297139631163	0.003464966096222151	1.0	0.003464966096222151	0.5442491981188954	0.9993037230568256	0.18508230498721226	0.8189680897250362	0.003464966096222151	0.9760994794131567	0.003464966096222151	0.8667346153846155	0.003464966096222151	0.006174338319907941	0.003464966096222151	0.722173294156056	0.003464966096222151	0.003464966096222151	0.08911145967890755	0.003464966096222151	0.003464966096222151	0.003464966096222151	0.01108860759493671	0.13191295948025306	0.4832892763731473	0.003464966096222151	0.2792465143356134	0.003464966096222151	0.030808966431095406	0.003464966096222151	0.003464966096222151	0.003464966096222151	0.003464966096222151	0.06831076388888889	0.006174338319907941	0.003464966096222151	0.6807120106761566	0.006174338319907941	0.05384885588117222	0.01108860759493671	0.06653594264677389	0.05562320574162679	0.008698459875709268	0.003464966096222151	0.8464534080489048	0.006174338319907941	0.006174338319907941	0.4481423622651157	0.10508952907599	0.003464966096222151	0.6723672182468694	0.8285668825161887	0.4991101148573545	0.006174338319907941	0.006174338319907941	0.003464966096222151	0.21544928902627508	0.003464966096222151	0.9378744785631518	0.050134673979280925	0.006174338319907941	0.6316332530949105	0.013430538172715894	0.5574578771216829	0.003464966096222151	0.838510245398773	0.003464966096222151	0.572200950909307	0.050134673979280925	0.75142265625	1.0	0.4832892763731473	0.5463759759036144	0.003464966096222151	0.5293890560543557	0.003464966096222151	0.003464966096222151	0.003464966096222151	0.9950800973144942	0.51185083251714	0.8464534080489048	0.003464966096222151	0.003464966096222151	0.8464534080489048	0.2668129032258064
g__Schaedlerella	0.27800842197289816	0.6471412797281992	0.3602895506078404	0.18929026562748527	0.09072339643447895	0.15734552201880259	0.6816022009782126	0.4876635922933499	0.2679593823529412	0.006174338319907941	0.32942371508379886	0.2968345480631277	0.2500957068062827	0.01108860759493671	0.720857497820401	0.5188874177029993	0.14113538747256457	0.08568857938718662	0.030808966431095406	0.4118727236842106	0.2303821270760323	0.013430538172715894	0.006174338319907941	0.003464966096222151	0.47729125703564734	0.4020747117296223	0.036773613193403304	0.03278786556089044	0.9174378349200117	0.8113981831395348	0.9202346597575283	0.15734552201880259	0.4241286699635607	0.5010182019977802	0.003464966096222151	0.5520713719841556	0.6316332530949105	0.4020747117296223	0.16326726170979364	0.807948367983368	0.6293136703044228	0.19604711538461536	0.003464966096222151	0.3987592267835791	0.028686121630652706	0.9518225361555407	0.28539398061062077	0.655037368955022	0.35328031301482704	0.20461581417175034	0.3909088565321934	0.7969708594730238	0.3367231517509728	0.006174338319907941	0.015726917440156328	0.11143439703808179	0.19336511627906977	0.7929360188580409	0.050134673979280925	0.27800842197289816	0.45349378264747103	0.057396394611727415	0.4683920055394687	0.7571119492158327	0.02011905319896883	0.356671704312115	0.8233257705391196	0.6787026148881719	0.04257444142827312	0.412958677359979	0.01794910394265233	0.6248007947477539	0.9267017794632438	0.01108860759493671	0.5148467065868263	0.3111579781962339	0.586831822462915	0.9177704324801411	0.19604711538461536	0.8752935483870968	0.5567741534043317	0.026579824363882006	0.23169946743761413	0.18788225266847217	0.3204992	0.4842639203484754	0.7892993698140952	0.935536387383901	0.8501011793411956	0.09866472182080925	0.49599178522825677	0.7468048084147257	0.5282152427184466	0.024427498292738447	0.2731870221180607	0.04257444142827312	0.06653594264677389	0.3695472648296457	0.44728521883798306	0.847862601791531	0.028686121630652706	0.8337169996925915	0.9660041916167665	0.2569304347826087	0.036773613193403304	0.756370548676345	0.026579824363882006	0.7538192048733569	0.21683974992281566	0.538237672392935	0.1394884888438134	0.5500233809924305	0.16326726170979364	0.49220372300819054	0.8461359575769937	0.5127252110091743	0.8645378225806452	0.9244508925958443	0.702246658592976	0.33923422148209825	0.4167937819086268	0.24901196222455402	0.6568643428313999	0.2100159956474429	0.21415480724570363	0.09395986866107262	0.4552421434019832	0.20189030284010673	0.006174338319907941	0.006174338319907941	0.38892511715089034	0.259199821958457	0.4832892763731473	1.0	0.12730129132231405	0.7256599739243806	0.30485622067396556	0.4502527061526678	0.01794910394265233	0.43574783225806446	0.06831076388888889	0.30994583333333336	0.7681412232351071	0.8531275547445255	0.013430538172715894	0.434699728822314	0.27800842197289816
g__Sellimonas	0.003464966096222151	0.006174338319907941	0.057396394611727415	0.2978613291320538	0.09072339643447895	0.8607777194222807	0.9950800973144942	0.10664229333333333	0.003464966096222151	0.11300754219409283	0.5647490883089024	0.003464966096222151	0.003464966096222151	0.507839175257732	0.05562320574162679	0.003464966096222151	0.015726917440156328	0.06831076388888889	0.003464966096222151	0.003464966096222151	0.21282290277562416	0.003464966096222151	0.02011905319896883	0.013430538172715894	0.003464966096222151	0.19218431154822335	0.008698459875709268	0.008698459875709268	0.008698459875709268	0.0873892282065519	0.09250862068965518	0.003464966096222151	0.6469517354809436	0.003464966096222151	0.003464966096222151	0.05384885588117222	0.003464966096222151	0.003464966096222151	0.003464966096222151	0.003464966096222151	0.44286885182809493	0.02011905319896883	0.003464966096222151	0.7249666666666666	0.03278786556089044	0.44286885182809493	0.2413664501510574	0.7397343810548976	0.9613315323041738	0.37863053795335044	0.003464966096222151	0.6223831371191135	0.26307848587904775	0.003464966096222151	0.9883683222232653	0.08236072631973045	0.003464966096222151	0.5402458731117825	0.006174338319907941	0.22654698407838336	0.036773613193403304	0.003464966096222151	0.003464966096222151	0.40301624305003975	0.46444982318767364	0.9584284991890087	0.006174338319907941	0.10822295285359802	0.003464966096222151	0.2100159956474429	0.003464966096222151	0.003464966096222151	0.9144815823095822	0.41094739823475174	0.003464966096222151	0.003464966096222151	0.003464966096222151	0.003464966096222151	0.6723672182468694	0.003464966096222151	0.4502527061526678	0.1471649196249163	0.1544425140775091	0.6471412797281992	0.20461581417175034	0.003464966096222151	0.030808966431095406	0.1720927355278093	0.8708499046088964	0.003464966096222151	0.003464966096222151	0.2817140699869319	0.4570409413854352	0.003464966096222151	0.2978613291320538	0.006174338319907941	0.003464966096222151	0.6595986390732201	0.8300050523721503	0.003464966096222151	0.022268618860963797	0.003464966096222151	0.003464966096222151	0.003464966096222151	0.003464966096222151	0.8531275547445255	0.048288402536305994	0.003464966096222151	0.003464966096222151	0.003464966096222151	0.36743200925044206	0.7626039238621863	0.03278786556089044	0.19078469971401335	0.9926426429240862	0.23602336065573773	0.015726917440156328	0.7318860110353781	0.6223831371191135	0.4694474962254655	0.006174338319907941	0.6516678906338267	0.008698459875709268	0.6657550896860986	0.21145402173913047	0.01108860759493671	0.42199461678832123	0.4604826681870012	0.003464966096222151	0.4811555610972568	0.6929498784530387	0.003464966096222151	0.5463759759036144	0.12730129132231405	1.0	0.2100159956474429	0.7229477267783336	0.655037368955022	0.003464966096222151	0.09072339643447895	0.5463759759036144	0.003464966096222151	0.6543440320397111	0.7799946614720438	0.3807541307857912	0.8717523541813071	0.003464966096222151
g__Streptococcus	0.003464966096222151	0.18235123555840818	0.003464966096222151	0.003464966096222151	0.003464966096222151	0.003464966096222151	0.7468048084147257	0.026579824363882006	0.5472073672806067	0.030808966431095406	0.003464966096222151	0.030808966431095406	0.6353154673378332	0.036773613193403304	0.015726917440156328	0.3752513787510138	0.008698459875709268	0.8486957565889895	0.003464966096222151	0.003464966096222151	0.036773613193403304	0.11612743006993008	0.05562320574162679	0.022268618860963797	0.006174338319907941	0.965443048687714	0.1603300295857988	0.31446929911154986	0.05562320574162679	0.39574406237504994	0.6471412797281992	0.19078469971401335	0.04453621083212285	0.7613742199978702	0.6223831371191135	0.01794910394265233	0.003464966096222151	0.9217022081094285	0.006174338319907941	0.006174338319907941	0.7799946614720438	0.003464966096222151	0.3752513787510138	0.003464966096222151	0.028686121630652706	0.003464966096222151	0.003464966096222151	0.003464966096222151	0.8761052779168754	0.003464966096222151	0.003464966096222151	0.003464966096222151	0.003464966096222151	0.003464966096222151	0.8574369950389794	0.02011905319896883	0.8464534080489048	0.003464966096222151	0.23873752839618356	0.003464966096222151	0.003464966096222151	0.003464966096222151	0.259199821958457	0.003464966096222151	0.9217022081094285	0.003464966096222151	0.4406242871821217	0.7039120545534536	0.003464966096222151	0.4811555610972568	0.003464966096222151	0.7071553506750083	0.003464966096222151	0.8661774330042313	0.003464966096222151	0.008698459875709268	0.006174338319907941	0.4513920260270477	0.003464966096222151	0.003464966096222151	0.013430538172715894	0.003464966096222151	0.006174338319907941	0.003464966096222151	0.003464966096222151	0.01794910394265233	0.2719338319401672	0.003464966096222151	0.003464966096222151	0.003464966096222151	0.003464966096222151	0.003464966096222151	0.003464966096222151	0.003464966096222151	0.003464966096222151	0.01108860759493671	0.03873184713375796	0.003464966096222151	0.9666566365795725	0.01108860759493671	0.02011905319896883	0.01794910394265233	0.8149381006628003	0.06477044392523365	0.003464966096222151	0.003464966096222151	0.10360037614185923	0.13045745884773666	0.04644497114591921	0.47235261770244824	0.022268618860963797	0.003464966096222151	0.19336511627906977	0.9808773087071241	0.7153217457886678	0.003464966096222151	0.003464966096222151	0.003464966096222151	0.06831076388888889	0.003464966096222151	0.4941313011152416	0.07006990589590936	0.11935785900783291	0.04644497114591921	0.003464966096222151	0.34375978441127697	0.003464966096222151	0.7287400693842151	0.003464966096222151	0.20461581417175034	0.03278786556089044	0.44505121076233184	0.003464966096222151	0.7256599739243806	0.2100159956474429	1.0	0.36267618657937806	0.003464966096222151	0.003464966096222151	0.003464966096222151	0.36743200925044206	0.8990665544554455	0.5241510094867429	0.003464966096222151	0.003464966096222151	0.003464966096222151	0.35328031301482704
g__Sutterella	0.4481423622651157	0.26558433628318584	0.6332948483113909	0.8893931363772009	0.8580022462814935	0.5010182019977802	0.6045721859706362	0.008698459875709268	0.015726917440156328	0.20719509116409535	0.301436026263203	0.4481423622651157	0.2060043580131209	0.8354025806451613	0.06477044392523365	0.7190671174610098	0.8143327772020725	0.24003552631578948	0.2817140699869319	0.8744813307946688	0.6852310953279326	0.7938939247931287	0.3719052182163188	0.3111579781962339	0.07531240515933231	0.4285992601246105	0.6787026148881719	0.5137864775644945	0.5647490883089024	0.9397127386692382	0.8319440434693459	0.14263408018867926	0.09395986866107262	0.8632445206861756	0.301436026263203	0.9080971335697399	0.7884207081319605	0.8123436059788249	0.8885908656716419	0.5337551302241066	0.6543440320397111	0.7106186479675688	0.08568857938718662	0.96832536293766	0.003464966096222151	0.7997030046948358	0.70628762490392	0.18788225266847217	0.41792500000000005	0.24003552631578948	0.12562670689655173	0.9011832674050633	0.9511591549295775	0.5897193487715999	0.6102967933077728	0.6595986390732201	0.0718273092369478	0.7287400693842151	0.31446929911154986	0.10508952907599	0.8016912077596997	0.5815108734192176	0.006174338319907941	0.5710611817857568	0.6516678906338267	0.09072339643447895	0.9255513642564802	0.9397127386692382	0.9177704324801411	0.01794910394265233	0.504755421686747	0.13191295948025306	0.9005673493618284	0.30485622067396556	0.008698459875709268	0.49220372300819054	0.18097779742765271	0.24003552631578948	0.7571119492158327	0.8845723168908819	0.015726917440156328	0.4524148011218766	0.4010245025205625	0.6908837497236348	0.6741638069705094	0.9819743927697232	0.7943523076923077	0.9262888099639973	0.28539398061062077	0.3864137898686679	0.20042662582469367	0.5941407897820482	0.7294289707475623	0.2926776548354649	0.4811555610972568	0.0873892282065519	0.06295072350410637	0.9725858930602957	0.08568857938718662	0.27580552631578953	0.6275691201840138	0.036773613193403304	0.6883903232949513	0.9808773087071241	0.6770678845939624	0.8558706382978724	0.3241531075027995	0.578008947617919	0.8933085907240044	0.42199461678832123	0.03873184713375796	0.028686121630652706	0.29914121350887235	0.9767453874538745	0.003464966096222151	0.39986614894464356	0.699780946080053	0.6366055155875299	0.12095204932268148	0.003464966096222151	0.050134673979280925	0.9031889668115369	0.20719509116409535	0.03278786556089044	0.96832536293766	0.4053208223162348	0.6256044544198894	0.5805856788079471	0.12095204932268148	0.6516678906338267	0.6795941941941942	0.9717527972691067	0.5293890560543557	0.30485622067396556	0.7229477267783336	0.36267618657937806	1.0	0.5482351822885333	0.947259133691894	0.8837671650717703	0.18235123555840818	0.5432827702702703	0.03873184713375796	0.38405229468599034	0.31446929911154986	0.24003552631578948	0.7736434171597634
g__Terrisporobacter	0.006174338319907941	0.9559748733632801	0.15296928310653835	0.015726917440156328	0.37629499054820414	0.008698459875709268	0.9898257483344282	0.003464966096222151	0.4118727236842106	0.286697816972676	0.034795719844357975	0.008698459875709268	0.7158691147540984	0.8737562105263158	0.006174338319907941	0.10197052272319024	0.2903445901166979	0.7712196677951756	0.7158691147540984	0.008698459875709268	0.37310682649329535	0.5159689225506963	0.01108860759493671	0.880173511785857	0.008698459875709268	0.17954120772946863	0.19218431154822335	0.8911734314407875	0.6141422358807839	0.6064370271214061	0.6827191730576859	0.2604827800829876	0.003464966096222151	0.6479163082842915	0.8814367591299143	0.034795719844357975	0.14263408018867926	0.8717523541813071	0.1177564375436148	0.015726917440156328	0.11459195160441875	0.003464966096222151	0.14263408018867926	0.11300754219409283	0.028686121630652706	0.01794910394265233	0.04453621083212285	0.01794910394265233	0.8427899938738003	0.33923422148209825	0.003464966096222151	0.22264101814826207	0.06831076388888889	0.008698459875709268	0.9094944980314961	0.036773613193403304	0.6009710932025227	0.11612743006993008	0.4694474962254655	0.022268618860963797	0.003464966096222151	0.003464966096222151	0.9451657629074127	0.003464966096222151	0.2890067474048443	0.003464966096222151	0.7874587326607818	0.9223901845883387	0.6316332530949105	0.03873184713375796	0.003464966096222151	0.259199821958457	0.013430538172715894	0.7659466291538379	0.003464966096222151	0.14856377755511022	0.003464966096222151	0.926055619400078	0.5392097207109178	0.1224753896778663	0.5422497102848866	0.003464966096222151	0.13650677649456522	0.10822295285359802	0.19218431154822335	0.4201830023517115	0.23311947400425662	0.01108860759493671	0.12399031088082903	0.003464966096222151	0.10822295285359802	0.003464966096222151	0.4167937819086268	0.003464966096222151	0.24371006024096384	0.2978613291320538	0.19078469971401335	0.022268618860963797	0.2679593823529412	0.6568643428313999	0.048288402536305994	0.18508230498721226	0.6082272410184861	0.259199821958457	0.01108860759493671	0.003464966096222151	0.8983598652931853	0.6230464137453874	0.8006555022426202	0.9088855834564253	0.02011905319896883	0.006174338319907941	0.301436026263203	0.9367971097148381	0.13191295948025306	0.2500957068062827	0.15154056886227546	0.003464966096222151	0.4481423622651157	0.4552421434019832	0.05206064281382656	0.6535020318320353	0.2413664501510574	0.8137267005391953	0.3193067996628266	0.7665162635264163	0.07531240515933231	0.5392097207109178	0.003464966096222151	0.6632613587871982	0.5540489928057554	0.9943551104455259	0.003464966096222151	0.4502527061526678	0.655037368955022	0.003464966096222151	0.5482351822885333	1.0	0.015726917440156328	0.003464966096222151	0.9660041916167665	0.01108860759493671	0.9555885711553176	0.003464966096222151	0.8037913464542331	0.09395986866107262	0.034795719844357975
g__Thomasclavelia	0.003464966096222151	0.006174338319907941	0.003464966096222151	0.003464966096222151	0.003464966096222151	0.003464966096222151	0.036773613193403304	0.003464966096222151	0.003464966096222151	0.003464966096222151	0.003464966096222151	0.003464966096222151	0.006174338319907941	0.24645976251315196	0.5689153599048186	0.003464966096222151	0.003464966096222151	0.4502527061526678	0.04257444142827312	0.003464966096222151	0.013430538172715894	0.003464966096222151	0.003464966096222151	0.1603300295857988	0.003464966096222151	0.7272806252035168	0.40991174841772154	0.4783941242655331	0.22129691975974125	0.08394524119947849	0.003464966096222151	0.003464966096222151	0.18929026562748527	0.006174338319907941	0.003464966096222151	0.003464966096222151	0.003464966096222151	0.003464966096222151	0.003464966096222151	0.003464966096222151	1.0	0.003464966096222151	0.003464966096222151	0.006174338319907941	0.003464966096222151	0.003464966096222151	0.003464966096222151	0.003464966096222151	0.24506782006920416	0.003464966096222151	0.003464966096222151	0.22913108974358976	0.003464966096222151	0.003464966096222151	0.03873184713375796	0.003464966096222151	0.003464966096222151	0.003464966096222151	0.003464966096222151	0.003464966096222151	0.003464966096222151	0.003464966096222151	0.013430538172715894	0.003464966096222151	0.08236072631973045	0.003464966096222151	0.003464966096222151	0.013430538172715894	0.003464966096222151	0.8359022922636103	0.003464966096222151	0.655037368955022	0.003464966096222151	0.6358157353445321	0.003464966096222151	0.003464966096222151	0.003464966096222151	0.7485111337552289	0.003464966096222151	0.003464966096222151	0.008698459875709268	0.003464966096222151	0.003464966096222151	0.003464966096222151	0.006174338319907941	0.003464966096222151	0.5127252110091743	0.003464966096222151	0.2240158064516129	0.5037457989912658	0.003464966096222151	0.003464966096222151	0.003464966096222151	0.003464966096222151	0.003464966096222151	0.003464966096222151	0.003464966096222151	0.003464966096222151	0.926055619400078	0.003464966096222151	0.003464966096222151	0.003464966096222151	0.003464966096222151	0.003464966096222151	0.003464966096222151	0.003464966096222151	0.4625571482793522	0.003464966096222151	0.003464966096222151	0.003464966096222151	0.3229674653215637	0.003464966096222151	0.13345102354145344	0.4930459459459459	0.7974258566652738	0.003464966096222151	0.003464966096222151	0.003464966096222151	0.6516678906338267	0.008698459875709268	0.003464966096222151	0.026579824363882006	0.003464966096222151	0.26558433628318584	0.003464966096222151	0.05562320574162679	0.003464966096222151	0.05206064281382656	0.003464966096222151	0.09734216255442671	0.2541889618138425	0.003464966096222151	0.003464966096222151	0.01794910394265233	0.003464966096222151	0.003464966096222151	0.947259133691894	0.015726917440156328	1.0	0.04453621083212285	0.3241531075027995	0.015726917440156328	0.7923928811071503	0.003464966096222151	0.02011905319896883	0.024427498292738447	0.008698459875709268
g__Turicibacter	0.09866472182080925	0.01108860759493671	0.13650677649456522	0.013430538172715894	0.17671119909502264	0.3553973154362416	0.6409759139050222	0.015726917440156328	0.06109128386336867	0.7898457493702771	0.003464966096222151	0.16752448315155463	0.05922885866351271	0.7030410871478874	0.003464966096222151	0.6852310953279326	0.2877915415704388	0.538237672392935	0.9011832674050633	0.003464966096222151	0.06295072350410637	0.050134673979280925	0.22777137836185818	0.3179779027270171	0.02011905319896883	0.4832892763731473	0.6056814422180801	0.8285668825161887	0.1394884888438134	0.7794392307692308	0.10360037614185923	0.1224753896778663	0.003464966096222151	0.52198510042605	0.08236072631973045	0.16467411341722504	0.008698459875709268	0.12095204932268148	0.024427498292738447	0.09395986866107262	0.2978613291320538	0.003464966096222151	0.9890044110746129	0.26172396033742784	0.0790385269121813	0.006174338319907941	0.05562320574162679	0.006174338319907941	0.7794392307692308	0.06477044392523365	0.003464966096222151	0.034795719844357975	0.06653594264677389	0.003464966096222151	0.758175944100704	0.35916718621821164	0.3719052182163188	0.3719052182163188	0.4561424561849124	0.003464966096222151	0.008698459875709268	0.006174338319907941	0.26172396033742784	0.1224753896778663	0.21832776492364644	0.003464966096222151	0.10981352067868504	0.3987592267835791	0.01108860759493671	0.22129691975974125	0.003464966096222151	0.048288402536305994	0.0718273092369478	0.24788642234905378	0.013430538172715894	0.03873184713375796	0.003464966096222151	0.1379310584250635	0.47062001006162746	0.01108860759493671	0.2303821270760323	0.013430538172715894	0.1720927355278093	0.6122213000580382	0.14417469312258283	0.2914706948640483	0.022268618860963797	0.04644497114591921	0.8137267005391953	0.003464966096222151	0.17054625	0.02011905319896883	0.24901196222455402	0.008698459875709268	0.8593912454508693	0.18374882268140316	0.6875066902968543	0.06477044392523365	0.538237672392935	0.036773613193403304	0.5548699652569785	0.15010518506168724	0.22913108974358976	0.1177564375436148	0.05562320574162679	0.003464966096222151	0.9129106205133247	0.8088116283903147	0.7272806252035168	0.1720927355278093	0.028686121630652706	0.13650677649456522	0.15734552201880259	0.12562670689655173	0.5027968238335591	0.7799946614720438	0.18374882268140316	0.013430538172715894	0.6675624327956989	0.31348648114140415	0.028686121630652706	0.8505004266558309	0.4513920260270477	0.3817870564516129	0.006174338319907941	0.5148467065868263	0.04257444142827312	0.9367971097148381	0.003464966096222151	0.8682835496528826	0.7929360188580409	0.25567523482928284	0.003464966096222151	0.43574783225806446	0.09072339643447895	0.003464966096222151	0.8837671650717703	0.003464966096222151	0.04453621083212285	1.0	0.880173511785857	0.034795719844357975	0.8006555022426202	0.003464966096222151	0.13345102354145344	0.21282290277562416	0.006174338319907941
g__Tyzzerella	0.028686121630652706	0.24003552631578948	0.3367231517509728	0.9789541977523845	0.9605835573348585	0.38405229468599034	0.3602895506078404	0.7318860110353781	0.6200988546968996	0.003464966096222151	0.5001265860281412	0.8217911173011451	0.4324867726920093	0.006174338319907941	0.27580552631578953	0.6657550896860986	0.3817870564516129	0.9262888099639973	0.7311996752192269	0.1349822808510638	0.7548047120418848	0.37629499054820414	0.003464966096222151	0.9710114768092573	0.88089339057508	0.05562320574162679	0.11935785900783291	0.18929026562748527	0.3241531075027995	0.6332948483113909	0.2579904606240713	0.9678581600683566	0.6113304878048781	0.2877915415704388	0.6303291800643087	0.6978761337305528	0.169106179866645	0.5733401782531194	0.7621111430395913	0.5941407897820482	0.10664229333333333	0.01794910394265233	0.4811555610972568	0.4250826443057723	0.20319152701644477	0.33551165507649516	0.8814367591299143	0.7340982179501025	0.5952587277413308	0.12095204932268148	0.6989830538393645	0.24371006024096384	0.13650677649456522	0.02011905319896883	0.8744813307946688	0.27800842197289816	0.8580022462814935	0.013430538172715894	0.815795972667978	0.4140429190751445	0.9976734808176981	0.18788225266847217	0.7158691147540984	0.6780366815144767	0.0718273092369478	0.3542671785028791	0.6256044544198894	0.8143327772020725	0.03278786556089044	0.8279745140388769	0.006174338319907941	0.3719052182163188	0.2719338319401672	0.8505004266558309	0.10981352067868504	0.8667346153846155	0.8599544554455446	0.34375978441127697	0.9767453874538745	0.048288402536305994	0.04453621083212285	0.9451657629074127	0.756370548676345	0.996693515230798	0.2679593823529412	0.722173294156056	0.9122141760944417	0.6859652212487524	0.026579824363882006	0.9291094150796735	0.25147523539082345	0.10360037614185923	0.7229477267783336	0.720857497820401	0.4832892763731473	0.026579824363882006	0.10981352067868504	0.0718273092369478	0.7763067982687639	0.46739406576792236	0.8917970781156828	0.7096761727312583	0.638036312849162	0.6162738178025035	0.6248007947477539	0.9971371871497946	0.7498480235672201	0.022268618860963797	0.7745317735291012	0.36155778839590447	0.21282290277562416	0.6795941941941942	0.42199461678832123	0.11300754219409283	0.8511582089552239	0.507839175257732	0.75216860626805	0.8861811771735884	0.6019432056969414	0.7173522977840847	0.04453621083212285	0.923077623743044	0.52198510042605	0.8170874146845915	0.4140429190751445	0.05384885588117222	0.5337551302241066	0.7736434171597634	0.013430538172715894	0.9072188275862069	0.08911145967890755	0.7180533871495581	0.9950800973144942	0.06831076388888889	0.5463759759036144	0.36743200925044206	0.18235123555840818	0.9660041916167665	0.3241531075027995	0.880173511785857	1.0	0.10981352067868504	0.9976734808176981	0.5520713719841556	0.17377644674987844	0.05562320574162679	0.8837671650717703
g__UBA3402	0.01794910394265233	0.006174338319907941	0.9267017794632438	0.15887959486166006	0.5548699652569785	0.5316704983630411	0.5089063542688911	0.07359801867022289	0.003464966096222151	0.01794910394265233	0.7712196677951756	0.006174338319907941	0.006174338319907941	0.18097779742765271	0.5241510094867429	0.07359801867022289	0.09250862068965518	0.14263408018867926	0.050134673979280925	0.008698459875709268	0.01108860759493671	0.02011905319896883	0.19336511627906977	0.04644497114591921	0.003464966096222151	0.003464966096222151	0.003464966096222151	0.4930459459459459	0.27580552631578953	0.008698459875709268	0.022268618860963797	0.003464966096222151	0.5500233809924305	0.003464966096222151	0.003464966096222151	0.8285668825161887	0.006174338319907941	0.16174822043628012	0.03873184713375796	0.1544425140775091	0.9488647499280023	0.16752448315155463	0.003464966096222151	0.7318860110353781	0.348535785123967	0.5037457989912658	0.5618498985316939	0.7180533871495581	0.6038847095871238	0.5127252110091743	0.028686121630652706	0.3087312810327706	0.8765654723779024	0.008698459875709268	0.988010146561443	0.19078469971401335	0.003464966096222151	0.5878875485465459	0.06477044392523365	0.003464966096222151	0.11612743006993008	0.006174338319907941	0.09734216255442671	0.4158244922028568	0.44625457223360654	0.5454116455696202	0.013430538172715894	0.024427498292738447	0.015726917440156328	0.9747138662625496	0.003464966096222151	0.003464966096222151	0.3695472648296457	0.8787320271891244	0.003464966096222151	0.05562320574162679	0.015726917440156328	0.008698459875709268	0.9569090309633028	0.006174338319907941	0.48887592891760906	0.33322185365853657	0.1394884888438134	0.6471412797281992	0.1224753896778663	0.030808966431095406	0.18643999680918952	0.6683152451309604	0.4158244922028568	0.050134673979280925	0.15887959486166006	0.8070006550218342	0.9573855873925502	0.003464966096222151	0.5148467065868263	0.022268618860963797	0.003464966096222151	0.582503780271707	0.3320501953125	0.006174338319907941	0.18097779742765271	0.006174338319907941	0.17818620300145233	0.030808966431095406	0.006174338319907941	0.838510245398773	0.008698459875709268	0.7727544974104217	0.003464966096222151	0.003464966096222151	0.9733264145578618	0.5107871876531112	0.169106179866645	0.01108860759493671	0.7013740940632228	0.18508230498721226	0.3876440798285561	0.357895731874145	0.9262888099639973	0.38994418884579374	0.003464966096222151	0.6045721859706362	0.022268618860963797	0.39330296197464976	0.057396394611727415	0.003464966096222151	0.6713926182753607	0.43365	0.003464966096222151	0.20719509116409535	0.8055229784576959	0.003464966096222151	0.51185083251714	0.30994583333333336	0.003464966096222151	0.8990665544554455	0.5432827702702703	0.01108860759493671	0.015726917440156328	0.034795719844357975	0.10981352067868504	1.0	0.434699728822314	0.40882022961203485	0.6875066902968543	0.8885908656716419	0.003464966096222151
g__URXU01	0.16326726170979364	0.2569304347826087	0.8614265293761356	0.6471412797281992	0.20719509116409535	0.013430538172715894	0.09734216255442671	0.9294296213592232	0.18788225266847217	0.03278786556089044	0.46444982318767364	0.4755585411705728	0.01794910394265233	0.024427498292738447	0.008698459875709268	0.9573855873925502	0.2060043580131209	0.5010182019977802	0.3652546395966753	0.40991174841772154	0.8939304347826086	0.8366579582651391	0.4324867726920093	0.33551165507649516	0.27800842197289816	0.23311947400425662	0.6875066902968543	0.7794392307692308	0.6471412797281992	0.5574578771216829	0.003464966096222151	0.39330296197464976	0.6064370271214061	0.3652546395966753	0.6428343952668107	0.47062001006162746	0.6326457545548297	0.01108860759493671	0.5640079446498867	0.8113981831395348	0.9510422077299319	0.01108860759493671	0.07531240515933231	0.18097779742765271	0.11935785900783291	0.057396394611727415	0.14856377755511022	0.28290252320185616	0.2842113590263692	0.38533718309859155	0.9767453874538745	0.42614532346063916	0.05384885588117222	0.17671119909502264	0.6949374268360022	0.660508431703204	0.7013740940632228	0.7721915908610112	0.2817140699869319	0.7153217457886678	0.4811555610972568	0.6256044544198894	0.18097779742765271	0.568044124300512	0.9351314841707813	0.09562084015275506	0.06109128386336867	0.9314699476338246	0.10034935135135135	0.6632613587871982	0.44505121076233184	0.07359801867022289	0.3602895506078404	0.21832776492364644	0.3367231517509728	0.5509817002881844	0.18929026562748527	0.49599178522825677	0.6455424335378322	0.8300050523721503	0.8933085907240044	0.4876635922933499	0.9144815823095822	0.35328031301482704	0.2731870221180607	0.8667346153846155	0.5851317495873615	0.015726917440156328	0.05384885588117222	0.6132533650498955	0.2087047492992837	0.08394524119947849	0.7272806252035168	0.9717527972691067	0.43969782720493694	0.8217911173011451	0.3448615129762562	0.26558433628318584	0.003464966096222151	0.44728521883798306	0.9544487937966686	0.892597436661699	0.3179779027270171	0.8070006550218342	0.9943551104455259	0.5670365217391304	0.03278786556089044	0.7530747754491018	0.4513920260270477	0.7106186479675688	0.5392097207109178	0.7005007603305786	0.921103724340176	0.31446929911154986	0.5010182019977802	0.03278786556089044	0.6875066902968543	0.40301624305003975	0.870209282700422	0.7745317735291012	0.030808966431095406	0.15887959486166006	0.034795719844357975	0.7490997106109325	0.9996520887728461	0.7180533871495581	0.3122793834841629	0.5027968238335591	0.6461742905788876	0.09562084015275506	0.47131759608138657	0.04065628288781309	0.8464534080489048	0.7681412232351071	0.6543440320397111	0.5241510094867429	0.03873184713375796	0.9555885711553176	0.7923928811071503	0.8006555022426202	0.9976734808176981	0.434699728822314	1.0	0.30485622067396556	0.356671704312115	0.607332654723127	0.3817870564516129
g__Veillonella	0.003464966096222151	0.8319440434693459	0.003464966096222151	0.003464966096222151	0.003464966096222151	0.003464966096222151	0.40991174841772154	0.7294289707475623	0.6683152451309604	0.050134673979280925	0.003464966096222151	0.006174338319907941	0.9397127386692382	0.006174338319907941	0.006174338319907941	0.1544425140775091	0.003464966096222151	0.582503780271707	0.3320501953125	0.003464966096222151	0.16467411341722504	0.2500957068062827	0.003464966096222151	0.003464966096222151	0.13650677649456522	0.638036312849162	0.16752448315155463	0.5749432182271271	0.49695050067993574	0.6614174064501629	0.8023919837381425	0.8088116283903147	0.003464966096222151	0.3074270017035775	0.4158244922028568	0.003464966096222151	0.003464966096222151	0.12562670689655173	0.003464966096222151	0.003464966096222151	0.6038847095871238	0.003464966096222151	0.8511582089552239	0.003464966096222151	0.028686121630652706	0.003464966096222151	0.003464966096222151	0.003464966096222151	0.5442491981188954	0.003464966096222151	0.003464966096222151	0.003464966096222151	0.003464966096222151	0.003464966096222151	0.96832536293766	0.003464966096222151	0.015726917440156328	0.003464966096222151	0.006174338319907941	0.01108860759493671	0.003464966096222151	0.003464966096222151	0.8217911173011451	0.003464966096222151	0.4230624772076062	0.003464966096222151	0.04644497114591921	0.9244508925958443	0.003464966096222151	0.003464966096222151	0.003464966096222151	0.42103492954070987	0.003464966096222151	0.30244967227130237	0.003464966096222151	0.003464966096222151	0.003464966096222151	0.947259133691894	0.003464966096222151	0.003464966096222151	0.6668086079354405	0.003464966096222151	0.003464966096222151	0.003464966096222151	0.003464966096222151	0.2303821270760323	0.7345432024169184	0.003464966096222151	0.003464966096222151	0.003464966096222151	0.003464966096222151	0.003464966096222151	0.003464966096222151	0.003464966096222151	0.003464966096222151	0.003464966096222151	0.006174338319907941	0.003464966096222151	0.870209282700422	0.003464966096222151	0.03278786556089044	0.003464966096222151	0.28539398061062077	0.048288402536305994	0.006174338319907941	0.003464966096222151	0.008698459875709268	0.003464966096222151	0.003464966096222151	0.19469317858834673	0.024427498292738447	0.003464966096222151	0.9294296213592232	0.713520459770115	0.821361930820857	0.003464966096222151	0.003464966096222151	0.003464966096222151	0.0806235912847483	0.003464966096222151	0.4552421434019832	0.11143439703808179	0.008698459875709268	0.4502527061526678	0.013430538172715894	0.36155778839590447	0.003464966096222151	0.6958151451595099	0.003464966096222151	0.9094944980314961	0.04065628288781309	0.05384885588117222	0.003464966096222151	0.8531275547445255	0.7799946614720438	0.003464966096222151	0.38405229468599034	0.003464966096222151	0.003464966096222151	0.003464966096222151	0.5520713719841556	0.40882022961203485	0.30485622067396556	1.0	0.003464966096222151	0.008698459875709268	0.7827251236191478
g__Vescimonas	0.003464966096222151	0.23450127562642367	0.003464966096222151	0.12399031088082903	0.006174338319907941	0.003464966096222151	0.978587696087696	0.722173294156056	0.022268618860963797	0.006174338319907941	0.008698459875709268	0.015726917440156328	0.5099099668995954	0.7013740940632228	0.003464966096222151	0.6577765957446808	0.003464966096222151	0.2100159956474429	0.13045745884773666	0.003464966096222151	0.5574578771216829	0.01794910394265233	0.003464966096222151	0.61723140639481	0.8752935483870968	0.8354025806451613	0.5904948907681465	0.49803084146793525	0.7005007603305786	0.3403927353389713	0.6029144107351224	0.993462143928036	0.3403927353389713	0.10508952907599	0.06109128386336867	0.01108860759493671	0.003464966096222151	0.6649993717747363	0.013430538172715894	0.006174338319907941	0.05206064281382656	0.003464966096222151	0.4561424561849124	0.003464966096222151	0.013430538172715894	0.003464966096222151	0.003464966096222151	0.024427498292738447	0.5169009521484375	0.003464966096222151	0.008698459875709268	0.003464966096222151	0.003464966096222151	0.003464966096222151	0.006174338319907941	0.003464966096222151	0.14856377755511022	0.07359801867022289	0.003464966096222151	0.003464966096222151	0.003464966096222151	0.003464966096222151	0.8593912454508693	0.003464966096222151	0.5608366893586528	0.003464966096222151	0.7809601326455416	0.17954120772946863	0.003464966096222151	0.10822295285359802	0.003464966096222151	0.2579904606240713	0.003464966096222151	0.995711533065195	0.003464966096222151	0.01108860759493671	0.036773613193403304	0.8737562105263158	0.003464966096222151	0.4783941242655331	0.7929360188580409	0.008698459875709268	0.008698459875709268	0.01108860759493671	0.022268618860963797	0.15010518506168724	0.3320501953125	0.003464966096222151	0.024427498292738447	0.003464966096222151	0.003464966096222151	0.006174338319907941	0.008698459875709268	0.003464966096222151	0.008698459875709268	0.006174338319907941	0.006174338319907941	0.02011905319896883	0.5188874177029993	0.003464966096222151	0.09562084015275506	0.003464966096222151	0.1394884888438134	0.11612743006993008	0.003464966096222151	0.003464966096222151	0.2978613291320538	0.7443081569048898	0.7613742199978702	0.16612918433931484	0.9045940682984602	0.05206064281382656	0.10034935135135135	0.4158244922028568	0.05384885588117222	0.022268618860963797	0.003464966096222151	0.006174338319907941	0.15154056886227546	0.01794910394265233	0.995711533065195	0.8427899938738003	0.003464966096222151	0.003464966096222151	0.034795719844357975	0.9058182902780517	0.003464966096222151	0.7005007603305786	0.003464966096222151	0.591269158549466	0.026579824363882006	0.09395986866107262	0.003464966096222151	0.013430538172715894	0.3807541307857912	0.003464966096222151	0.31446929911154986	0.8037913464542331	0.02011905319896883	0.13345102354145344	0.17377644674987844	0.6875066902968543	0.356671704312115	0.003464966096222151	1.0	0.9202346597575283	0.4683920055394687
g__Weissella	0.008698459875709268	0.16174822043628012	0.08568857938718662	0.16467411341722504	0.18508230498721226	0.003464966096222151	0.7173522977840847	0.06109128386336867	0.9971371871497946	0.01108860759493671	0.10034935135135135	0.5861204925760075	0.48047653889374453	0.607332654723127	0.23169946743761413	0.9441007795957651	0.008698459875709268	0.41512545287477026	0.4492843618244538	0.1720927355278093	0.9016033899980233	0.7727544974104217	0.13045745884773666	0.3553973154362416	0.050134673979280925	0.6859652212487524	0.9031889668115369	0.5699208704958972	0.348535785123967	0.6978761337305528	0.09395986866107262	0.4811555610972568	0.6308370612525808	0.35086371511068337	0.7915167593078134	0.3229674653215637	0.11459195160441875	0.19336511627906977	0.11300754219409283	0.0790385269121813	0.5316704983630411	0.01108860759493671	0.7397343810548976	0.003464966096222151	0.7770294682422453	0.024427498292738447	0.003464966096222151	0.1558583773959022	0.821361930820857	0.8639786362719387	0.034795719844357975	0.2604827800829876	0.008698459875709268	0.12562670689655173	0.7256599739243806	0.7598170219569388	0.5710611817857568	0.10197052272319024	0.2413664501510574	0.70628762490392	0.003464966096222151	0.003464966096222151	0.2643915509601182	0.003464966096222151	0.42103492954070987	0.641905577689243	0.8070006550218342	0.8968559024680345	0.4273727697701597	0.6029144107351224	0.17671119909502264	0.88089339057508	0.030808966431095406	0.4118727236842106	0.19604711538461536	0.4158244922028568	0.9294296213592232	0.4991101148573545	0.003464966096222151	0.33551165507649516	0.14570961732124876	0.006174338319907941	0.05384885588117222	0.23873752839618356	0.003464966096222151	0.88089339057508	0.8149381006628003	0.05384885588117222	0.003464966096222151	0.5107871876531112	0.08394524119947849	0.003464966096222151	0.07006990589590936	0.3774890972878154	0.08568857938718662	0.7819251973476476	0.23873752839618356	0.006174338319907941	0.6844199866755497	0.5099099668995954	0.5689153599048186	0.8780104200000001	0.8149381006628003	0.8795409413410612	0.4241286699635607	0.06477044392523365	0.09866472182080925	0.4158244922028568	0.7282082682291666	0.4763064964325949	0.09072339643447895	0.18508230498721226	0.9351314841707813	0.20319152701644477	0.9857264949229033	0.03278786556089044	0.16752448315155463	0.3968040878828229	0.7433945818103633	0.13045745884773666	0.6113304878048781	0.9177704324801411	0.3367231517509728	0.17818620300145233	0.2792465143356134	0.16752448315155463	0.003464966096222151	0.8708499046088964	0.05562320574162679	0.1379310584250635	0.2978613291320538	0.880173511785857	0.8464534080489048	0.434699728822314	0.8717523541813071	0.003464966096222151	0.24003552631578948	0.09395986866107262	0.024427498292738447	0.21282290277562416	0.05562320574162679	0.8885908656716419	0.607332654723127	0.008698459875709268	0.9202346597575283	1.0	0.9971371871497946
g__Wujia	0.003464966096222151	0.013430538172715894	0.19604711538461536	0.3683906670289363	0.7096761727312583	0.8975636777964926	0.18643999680918952	0.8696554282267792	0.003464966096222151	0.10197052272319024	0.9183724857871005	0.04644497114591921	0.008698459875709268	0.20042662582469367	0.15154056886227546	0.14113538747256457	0.10360037614185923	0.09562084015275506	0.01794910394265233	0.07531240515933231	0.07359801867022289	0.003464966096222151	0.09562084015275506	0.008698459875709268	0.006174338319907941	0.003464966096222151	0.003464966096222151	0.07531240515933231	0.003464966096222151	0.05384885588117222	0.008698459875709268	0.003464966096222151	0.763582638741229	0.003464966096222151	0.003464966096222151	0.9248661629947358	0.006174338319907941	0.05384885588117222	0.01108860759493671	0.04644497114591921	0.9577701727593777	0.10508952907599	0.003464966096222151	0.911427484747097	0.34958052001650847	0.6893494631986719	0.8876997611464968	0.9177704324801411	0.008698459875709268	0.880173511785857	0.09866472182080925	0.13191295948025306	0.7294289707475623	0.026579824363882006	0.6883903232949513	0.7143823613086772	0.003464966096222151	0.9058182902780517	0.18929026562748527	0.013430538172715894	0.14856377755511022	0.026579824363882006	0.14417469312258283	0.7787187453874539	0.46739406576792236	0.8917970781156828	0.003464966096222151	0.02011905319896883	0.19892844339622642	0.4735215361445783	0.003464966096222151	0.003464966096222151	0.9373813623188406	0.24901196222455402	0.003464966096222151	0.003464966096222151	0.13045745884773666	0.008698459875709268	0.8531275547445255	0.10034935135135135	0.7173522977840847	0.8257080210049423	0.7943523076923077	0.2541889618138425	0.3817870564516129	0.013430538172715894	0.05922885866351271	0.11935785900783291	0.7799946614720438	0.026579824363882006	0.15296928310653835	0.9159607248084856	0.7363027924528301	0.01794910394265233	0.6200988546968996	0.030808966431095406	0.013430538172715894	0.8998617440364248	0.3320501953125	0.036773613193403304	0.01108860759493671	0.05562320574162679	0.09072339643447895	0.03873184713375796	0.003464966096222151	0.6929498784530387	0.0718273092369478	0.9577701727593777	0.08568857938718662	0.003464966096222151	0.47131759608138657	0.9996520887728461	0.13045745884773666	0.003464966096222151	0.40301624305003975	0.8359022922636103	0.9779432785025524	0.9299297593634775	0.873205657538369	0.22264101814826207	0.003464966096222151	0.22521445653840255	0.0806235912847483	0.26172396033742784	0.4377263910355486	0.003464966096222151	0.993462143928036	0.008698459875709268	0.003464966096222151	0.013430538172715894	0.9080971335697399	0.003464966096222151	0.2668129032258064	0.27800842197289816	0.003464966096222151	0.35328031301482704	0.7736434171597634	0.034795719844357975	0.008698459875709268	0.006174338319907941	0.8837671650717703	0.003464966096222151	0.3817870564516129	0.7827251236191478	0.4683920055394687	0.9971371871497946	1.0
