#OTU ID	CT1	CT10	CT11	CT12	CT13	CT14	CT15	CT16	CT17	CT18	CT19	CT2	CT20	CT21	CT22	CT23	CT24	CT25	CT26	CT27	CT28	CT29	CT3	CT30	CT31	CT32	CT33	CT34	CT35	CT36	CT37	CT38	CT39	CT4	CT40	CT41	CT42	CT43	CT44	CT45	CT46	CT47	CT48	CT49	CT5	CT50	CT51	CT52	CT53	CT54	CT55	CT56	CT57	CT6	CT7	CT8	CT9	PD1	PD10	PD100	PD101	PD102	PD103	PD104	PD105	PD106	PD107	PD108	PD109	PD11	PD110	PD111	PD112	PD113	PD114	PD115	PD116	PD117	PD118	PD119	PD12	PD120	PD121	PD122	PD123	PD124	PD125	PD126	PD127	PD128	PD129	PD13	PD130	PD131	PD132	PD133	PD134	PD135	PD136	PD137	PD138	PD139	PD14	PD140	PD141	PD142	PD143	PD144	PD145	PD146	PD147	PD148	PD149	PD15	PD150	PD151	PD152	PD153	PD154	PD155	PD156	PD157	PD158	PD159	PD16	PD160	PD161	PD162	PD163	PD164	PD165	PD166	PD167	PD168	PD169	PD17	PD170	PD171	PD172	PD173	PD174	PD175	PD176	PD177	PD178	PD179	PD18	PD180	PD181	PD182	PD183	PD184	PD185	PD186	PD187	PD188	PD189	PD19	PD190	PD191	PD192	PD193	PD194	PD195	PD196	PD197	PD198	PD199	PD2	PD20	PD200	PD201	PD202	PD203	PD204	PD205	PD206	PD207	PD208	PD209	PD21	PD210	PD211	PD212	PD213	PD214	PD215	PD216	PD217	PD218	PD219	PD22	PD220	PD221	PD222	PD223	PD224	PD225	PD226	PD227	PD228	PD229	PD23	PD230	PD231	PD232	PD233	PD234	PD235	PD236	PD237	PD238	PD239	PD24	PD240	PD241	PD242	PD243	PD244	PD245	PD246	PD247	PD248	PD249	PD25	PD250	PD251	PD252	PD253	PD254	PD255	PD256	PD257	PD258	PD259	PD26	PD260	PD261	PD27	PD28	PD29	PD3	PD30	PD31	PD32	PD33	PD34	PD35	PD36	PD37	PD38	PD39	PD4	PD40	PD41	PD42	PD43	PD44	PD45	PD46	PD47	PD48	PD49	PD5	PD50	PD51	PD52	PD53	PD54	PD55	PD56	PD57	PD58	PD59	PD6	PD60	PD61	PD62	PD63	PD64	PD65	PD66	PD67	PD68	PD69	PD7	PD70	PD71	PD72	PD73	PD74	PD75	PD76	PD77	PD78	PD79	PD8	PD80	PD81	PD82	PD83	PD84	PD85	PD86	PD87	PD88	PD89	PD9	PD90	PD91	PD92	PD93	PD94	PD95	PD96	PD97	PD98	PD99	PV1	PV10	PV100	PV101	PV102	PV103	PV104	PV105	PV106	PV107	PV108	PV109	PV11	PV110	PV111	PV112	PV113	PV114	PV115	PV116	PV117	PV118	PV119	PV12	PV120	PV121	PV122	PV123	PV124	PV125	PV126	PV127	PV128	PV129	PV13	PV130	PV131	PV132	PV133	PV134	PV135	PV136	PV137	PV138	PV139	PV14	PV140	PV141	PV142	PV143	PV144	PV145	PV146	PV147	PV148	PV149	PV15	PV150	PV151	PV152	PV153	PV154	PV155	PV156	PV157	PV158	PV159	PV16	PV160	PV161	PV162	PV163	PV164	PV165	PV166	PV17	PV18	PV19	PV2	PV20	PV21	PV22	PV23	PV24	PV25	PV26	PV27	PV28	PV29	PV3	PV30	PV31	PV32	PV33	PV34	PV35	PV36	PV37	PV38	PV39	PV4	PV40	PV41	PV42	PV43	PV44	PV45	PV46	PV47	PV48	PV49	PV5	PV50	PV51	PV52	PV53	PV54	PV55	PV56	PV57	PV58	PV59	PV6	PV60	PV61	PV62	PV63	PV64	PV65	PV66	PV67	PV68	PV69	PV7	PV70	PV71	PV72	PV73	PV74	PV75	PV76	PV77	PV78	PV79	PV8	PV80	PV81	PV82	PV83	PV84	PV85	PV86	PV87	PV88	PV89	PV9	PV90	PV91	PV92	PV93	PV94	PV95	PV96	PV97	PV98	PV99
g__Acetatifactor	0	89	13	98	132	34	346	539	700	7	220	63	287	20	34	226	29	30	289	60	46	103	0	24	145	0	242	0	158	76	29	0	0	5	0	0	0	176	103	18	34	29	0	267	0	0	0	36	76	0	0	0	0	0	186	0	25	0	0	0	404	60	4	11	49	36	0	0	27	20	0	45	0	307	0	0	0	12	151	0	0	19	0	31	163	0	0	42	0	0	0	0	0	565	0	0	106	290	0	25	0	0	0	0	0	0	49	50	0	26	0	0	0	37	0	0	0	66	0	0	0	0	88	8	0	0	0	0	0	0	0	39	0	39	13	0	0	0	0	0	0	0	7	0	737	29	0	6	0	5	0	0	129	75	0	0	14	0	9	0	0	0	0	0	103	0	170	19	133	0	0	0	0	0	0	16	0	34	0	0	0	0	0	14	163	0	0	0	0	2631	0	0	32	45	29	306	0	0	0	0	0	0	0	0	0	0	105	0	4	0	45	75	0	13	4	0	0	36	0	0	8	0	0	0	0	0	0	0	0	0	0	0	0	0	0	0	0	0	0	0	0	0	8	10	0	0	0	0	0	0	0	28	0	0	0	0	0	0	134	0	0	0	0	54	0	0	0	0	0	0	0	0	69	0	0	0	450	0	0	34	30	43	0	0	18	0	8	349	50	0	0	211	115	0	0	0	0	209	61	0	0	0	0	14	60	0	23	0	0	0	0	88	32	0	9	0	0	429	0	219	0	329	0	552	19	0	48	0	0	0	0	6	147	0	72	16	19	77	0	0	0	180	0	634	179	21	0	530	0	116	12	84	0	0	0	0	0	0	0	0	0	167	399	37	0	376	119	61	248	819	147	188	142	0	348	0	0	23	0	0	35	0	89	370	0	0	13	141	85	0	23	103	10	185	137	0	80	8	65	92	19	0	0	30	211	17	13	0	0	1072	23	44	0	57	117	0	57	0	0	8	748	115	60	0	0	8	0	78	25	368	108	0	95	0	57	68	0	0	28	496	103	440	96	107	111	0	38	0	246	0	0	0	214	266	81	55	68	0	0	94	0	0	116	101	0	18	227	0	0	366	60	16	42	0	0	0	0	0	30	0	20	0	0	0
g__Acutalibacter	0	0	0	0	172	0	0	0	0	0	0	0	0	0	0	0	62	0	0	86	0	0	0	0	0	0	0	53	0	0	0	0	128	19	0	0	0	0	0	0	0	44	0	0	0	0	10	6	0	0	0	0	12	0	0	0	0	21	0	0	0	0	1212	0	0	50	161	0	0	0	0	0	0	0	0	0	0	0	0	0	0	0	0	0	0	0	0	0	91	648	0	0	8	0	0	0	0	0	0	0	0	0	0	0	68	0	0	0	0	0	0	0	0	14	0	0	0	0	0	17	0	0	3	0	0	0	0	0	0	0	0	0	0	119	118	406	0	0	477	0	4	11	36	0	0	0	63	0	0	0	0	0	78	0	0	0	0	0	0	0	75	0	0	3	48	0	80	0	0	0	0	0	0	0	0	0	0	0	0	0	0	0	0	0	78	0	0	194	0	24	0	0	0	0	57	0	0	0	0	0	0	7	0	0	0	99	75	0	0	0	0	0	0	0	0	0	0	0	0	0	0	0	0	0	0	24	0	0	0	0	0	0	0	0	0	0	0	0	0	0	0	163	0	0	0	0	0	0	0	0	0	0	0	0	0	0	0	0	809	0	0	0	0	0	0	5	0	0	0	0	0	0	0	215	0	0	0	0	0	0	0	0	0	0	0	231	0	22	36	0	0	0	9	0	0	0	0	0	1031	0	0	0	0	8	0	13	0	0	0	0	0	896	0	0	0	0	0	38	0	0	0	0	0	0	0	0	0	0	0	0	0	0	0	0	0	0	0	0	0	0	0	8	0	0	37	0	0	0	0	0	0	0	0	0	0	0	0	0	0	0	0	0	0	44	15	0	0	0	0	0	0	98	0	0	65	0	0	0	0	0	0	0	0	0	0	0	0	0	0	0	0	0	0	0	0	0	0	0	10	0	0	0	0	0	0	901	0	0	0	8	0	0	0	23	0	0	0	0	6	0	8	0	0	0	0	8	133	15	0	0	0	0	0	21	41	0	0	0	8	0	0	0	0	0	0	6	0	0	73	0	0	0	0	0	0	0	0	0	0	28	0	0	0	17	0	0	0	0	0	0	78	0	0	0	0	0	26	0	0	0	43	0	0	0
g__Adlercreutzia	0	146	0	117	211	14	115	250	0	0	11	40	195	25	80	0	175	51	8	62	0	0	1576	0	47	23	0	48	0	26	178	27	0	275	54	0	0	0	0	14	91	8	0	476	0	0	0	0	75	0	0	0	0	50	183	0	169	0	0	0	106	279	263	0	12	0	0	0	0	31	0	0	0	38	0	0	0	0	0	0	0	0	0	104	0	0	73	42	0	103	0	0	0	0	0	0	0	0	0	0	0	0	0	0	28	0	0	0	0	0	0	11	0	0	0	0	0	0	0	0	0	0	0	30	0	0	0	0	0	24	0	0	0	0	11	0	0	0	0	0	0	0	0	0	0	0	49	0	0	0	0	0	0	47	0	0	0	0	38	0	86	0	0	0	20	0	16	0	0	52	0	0	0	0	0	0	0	0	0	0	0	0	0	16	0	0	7	0	0	0	0	0	0	0	13	79	57	0	0	0	0	0	0	0	0	0	202	0	0	0	0	0	0	0	0	0	0	28	0	0	15	0	0	0	0	0	0	0	0	0	0	0	0	0	0	0	0	0	0	0	0	0	0	0	0	0	0	0	0	0	0	23	0	0	0	0	0	0	18	0	0	0	4	0	0	0	0	0	0	0	0	0	0	0	0	0	0	0	114	0	0	11	0	0	48	0	25	119	52	0	0	0	0	0	0	0	0	168	0	0	0	0	0	0	0	0	0	0	0	0	0	107	0	0	0	0	0	0	0	0	0	36	0	0	0	0	4	0	0	2	0	8	15	17	0	0	0	0	0	0	0	23	0	95	29	67	0	0	0	42	0	455	0	0	0	0	52	0	0	0	0	133	0	39	142	152	116	0	70	10	53	0	62	0	0	0	0	0	12	0	0	29	22	70	0	0	0	0	50	0	9	0	230	0	0	0	106	0	126	184	199	20	0	37	0	0	0	0	0	0	0	0	45	0	0	40	0	0	0	0	60	0	0	0	0	0	0	0	0	76	0	0	127	162	102	0	0	107	0	0	67	0	11	0	0	0	70	0	25	0	0	0	72	0	0	55	0	0	0	0	0	0	61	0	0	101	5	0	0	245	0	0	28	0	0	0	0	11	0	0	0	0	0	0
g__Agathobacter	0	582	347	2718	659	1908	1707	2811	148	72	362	555	903	1154	3767	203	1957	688	1191	473	395	1255	180	1370	124	191	563	173	851	1490	778	1994	0	323	73	103	13926	253	1127	63	47	4047	34	119	452	768	0	999	568	285	0	0	0	377	2185	897	1754	1878	322	1674	1205	3153	450	27	574	1073	38	4254	62	291	0	652	54	3288	11	6	0	107	1679	0	14	171	9	2227	0	0	0	275	0	847	77	124	34	0	10	19	0	293	0	595	0	220	182	0	13	0	127	1132	198	1108	0	717	377	324	1182	0	0	0	0	9	359	12	2136	0	1235	0	3269	13	0	161	0	68	45	804	1322	0	985	15	7000	0	943	16	104	662	0	0	0	495	1272	0	0	256	105	148	0	480	1223	18072	182	0	63	80	0	348	378	2650	815	216	640	67	264	440	89	0	42	198	0	214	137	472	0	430	1871	467	0	85	456	0	0	1122	0	0	690	7005	41	249	288	77	0	0	317	0	0	1119	1096	472	0	0	12	11	1354	0	0	1541	0	0	5342	0	277	0	63	0	0	0	37	9	0	0	1841	493	7	103	37	11	47	732	0	71	0	0	330	0	198	627	0	52	0	0	0	2974	0	844	101	1676	0	0	0	21	545	0	34	0	4432	722	0	1353	0	0	0	0	0	577	114	980	48	3673	627	0	11356	4108	43	206	0	0	833	211	142	1500	3843	0	17	566	186	0	0	0	152	120	0	0	0	6	0	3468	23	203	2562	243	15	0	3652	18	390	0	0	0	0	2256	2046	0	0	1666	28	0	395	0	1452	1469	1067	219	59	1082	204	571	1168	0	531	280	87	1991	316	1840	12	1316	164	273	318	469	279	611	1490	1604	80	0	1473	388	985	158	176	925	0	2197	3828	1855	3421	2790	6075	10	4951	4281	2390	490	3362	989	263	103	700	185	399	0	250	1503	229	188	128	0	202	161	142	26	228	95	83	1501	614	203	897	837	87	139	0	0	105	46	0	176	42	0	2178	262	3816	196	24	513	1465	1095	307	1010	6117	45	3767	745	87	132	1106	0	803	1488	499	139	52	0	1042	0	242	8	736	131	1515	355	2485	800	862	263	1158	13	62	592	350	0	22	0	260	8	833	554	1074	183	0	66	31	0	2446	2358	0	468	422	0	0	353	299	0	343	0	575	0	453	1478	30	9	396	1889	161	21
g__Agathobaculum	49	118	85	251	40	178	357	434	196	147	238	55	174	0	299	194	138	53	78	329	195	207	25	74	14	276	55	62	97	119	115	117	0	159	101	124	190	101	0	73	42	55	78	588	144	0	0	130	59	326	0	0	0	112	123	217	182	0	0	353	218	248	0	0	198	186	109	426	104	101	0	0	214	18	0	0	0	12	315	0	0	35	0	39	0	0	26	88	0	186	0	0	0	18	222	0	100	4	0	0	0	8	16	0	52	0	0	0	0	60	34	0	0	149	184	0	0	0	0	0	47	0	87	0	0	122	293	0	145	11	73	81	0	68	167	0	142	0	0	0	95	18	163	68	0	175	0	113	261	0	0	238	9	7	0	143	238	0	38	0	39	26	0	59	12	21	82	0	103	248	35	185	8	96	93	0	0	175	59	52	0	0	0	58	1320	16	0	122	244	210	11	0	264	65	216	63	124	0	0	0	186	0	0	0	289	39	67	115	167	0	60	21	0	629	103	195	0	102	165	1966	209	0	0	28	0	329	0	0	0	0	151	0	0	0	42	111	0	0	0	0	58	0	23	161	0	99	0	0	0	0	0	328	38	272	0	18	0	0	255	452	0	0	339	82	0	78	0	0	45	0	31	0	183	272	0	3	0	0	891	0	610	38	196	0	193	14	169	225	494	76	0	617	542	0	0	0	0	73	290	0	0	4	0	322	71	289	304	26	0	0	66	16	203	0	0	0	0	378	207	255	99	147	177	0	78	0	64	46	0	58	0	121	10	0	48	0	29	75	66	88	104	155	0	143	187	108	0	124	260	171	158	23	68	0	130	281	36	134	54	364	639	12	297	0	256	1442	647	205	263	350	751	58	225	0	51	0	74	18	76	160	34	85	23	165	12	0	95	176	34	21	199	87	87	48	199	49	150	104	205	245	37	53	156	61	193	0	0	6	82	517	146	0	116	14	37	78	119	422	0	183	85	702	0	0	0	40	114	0	0	48	0	136	54	147	32	188	70	139	160	122	157	52	69	59	95	215	81	0	141	126	70	153	108	7	82	153	80	0	419	27	19	64	219	121	65	114	24	0	0	197	0	528	0	0	44	0	52	0	97	0	0	183	50	0
g__Alistipes	0	57	144	235	267	427	103	26	61	303	389	5	258	193	398	12	560	82	8	2171	342	76	134	0	718	541	362	1342	81	244	1141	648	561	24	1007	0	48	31	0	21	9	91	12	661	131	0	20	27	110	0	0	13	0	0	5	234	100	0	0	0	128	1673	2124	14	1342	0	811	0	0	3	0	13	4	368	0	248	0	305	270	0	0	48	0	0	0	0	16	110	0	31	0	0	0	183	4	0	0	103	0	3	3	0	0	0	733	0	0	17	0	0	0	0	0	977	5	0	0	0	0	0	186	0	0	0	0	7	0	0	0	0	0	26	0	839	0	0	645	0	0	0	12	0	18	0	0	0	1169	0	6	0	0	0	1062	17	5	0	0	0	83	0	772	0	0	116	175	0	1465	306	812	0	0	0	136	0	8	0	0	71	0	0	0	0	0	231	0	0	0	0	4	823	3	0	4317	0	0	124	117	0	0	0	70	18	0	11844	76	0	2730	215	0	0	769	0	0	142	21	0	3	43	0	0	226	0	4	0	0	286	0	0	0	0	0	4	0	0	0	0	0	0	0	0	0	0	4	0	0	0	101	0	0	0	0	296	0	20	0	0	0	0	182	14	0	0	0	199	0	0	0	0	0	0	5	11	0	9	155	10	3	0	4	17	0	5	7	0	827	0	13	1015	6	0	0	47	0	157	0	0	74	825	4	0	0	377	47	52	1694	0	0	0	0	2	262	1284	0	3	4	0	0	0	0	0	5	16	0	0	0	18	106	277	0	0	326	381	550	680	0	0	76	301	25	134	0	1519	0	34	214	0	67	769	12	11	124	81	216	0	0	16	0	96	0	8	0	786	28	1812	432	0	762	0	45	60	10	0	76	0	743	55	0	37	0	53	147	313	20	23	39	0	619	240	38	87	0	9	28	0	75	0	1012	99	1630	315	217	180	0	372	60	2289	750	60	49	108	153	0	0	1952	487	101	5	0	0	0	922	0	124	0	10	1502	31	89	258	2109	9208	0	670	884	326	13	14	1285	344	277	353	20	810	0	1317	129	16	3	526	18	0	1153	436	217	45	20	266	0	44	207	44	46	943	644	0	410	199	0	0	254	1450	0	157	0	38	0	0	45	0	3	56	240	0	20
g__Alistipes_A	0	4	0	7	0	0	4	0	8	10	0	0	0	0	2	0	0	0	0	0	0	0	0	0	9	0	0	39	0	0	7	0	0	0	0	0	5	0	3	0	0	0	0	0	0	0	0	0	11	0	0	0	0	0	0	0	0	0	0	0	15	0	116	0	143	0	0	0	0	0	0	0	0	144	0	0	0	0	0	0	0	0	0	0	0	0	0	14	0	0	0	0	0	0	0	0	0	0	0	0	0	0	0	0	0	0	0	0	0	0	0	0	0	25	0	0	0	0	0	0	0	0	0	0	0	0	0	0	0	0	0	0	0	14	0	0	0	0	0	0	0	0	7	0	0	0	0	0	0	0	0	0	0	0	0	0	0	0	0	0	0	0	0	0	0	0	0	0	0	0	0	0	0	0	0	0	0	0	0	0	0	0	0	0	0	0	3	0	0	0	0	0	0	0	0	0	0	0	0	0	0	0	0	0	0	0	0	0	0	0	6	0	0	0	0	0	0	0	0	0	0	0	0	0	0	0	0	0	0	0	4	0	0	0	0	0	0	0	0	0	0	0	0	0	0	0	0	0	0	0	0	18	0	0	0	0	0	0	0	0	0	0	0	0	0	0	0	0	0	0	0	0	0	0	0	0	0	0	0	0	0	0	0	0	0	0	0	0	0	0	0	0	0	0	0	0	0	0	0	0	0	0	0	8	13	0	0	0	0	0	0	246	0	0	0	0	0	0	0	0	0	0	0	0	0	4	0	0	11	0	0	0	0	0	0	0	0	0	0	0	0	0	0	13	0	0	0	0	0	4	0	0	0	0	0	0	0	0	0	0	13	44	0	0	29	0	199	0	0	0	0	0	0	0	14	37	0	0	0	0	0	0	0	0	0	0	0	37	7	28	0	0	0	0	0	0	0	6	36	9	0	5	0	63	7	0	0	0	0	0	0	0	2	57	0	29	0	0	0	0	0	0	0	0	0	0	0	11	0	14	0	0	0	0	3	0	0	1	0	0	7	0	0	0	0	0	0	0	0	0	0	0	0	0	0	0	0	0	0	0	0	4	0	0	0	0	15	0	0	0	0	0	0	0	0	0	0	0	0	0	0	0	0	0
g__Alitiscatomonas	119	71	56	99	34	215	228	98	36	119	186	31	38	14	171	104	0	92	59	63	122	136	0	60	29	124	60	194	20	37	52	0	0	0	45	0	31	52	39	0	0	0	30	154	0	29	0	52	58	0	0	0	0	0	8	0	10	6441	0	494	221	69	0	0	72	630	0	671	53	75	0	49	101	20	0	0	0	15	0	35	0	13	0	89	101	0	0	39	0	0	19	990	12	26	0	0	92	0	108	17	0	12	37	0	0	0	277	172	0	102	0	174	10	56	103	0	6	0	0	293	83	0	95	0	351	147	182	0	480	20	54	163	63	62	0	0	248	0	197	0	0	29	73	41	0	240	0	268	94	0	0	197	24	25	0	0	230	0	20	0	63	0	0	19	0	12	0	65	169	0	0	0	21	0	91	0	0	0	9	40	0	73	0	0	0	21	102	0	0	0	0	0	0	772	0	52	106	0	0	0	172	375	0	0	905	57	123	166	313	0	61	112	0	25	305	111	0	0	0	58	117	0	0	0	0	0	0	0	0	0	58	0	196	0	0	14	37	0	0	0	0	204	0	1164	0	0	60	18	0	0	34	9	0	30	0	0	0	0	0	98	0	0	19	6	0	39	30	0	0	0	0	18	176	1896	0	0	509	0	279	0	0	0	0	0	41	102	488	135	998	688	0	162	0	0	315	54	0	8	0	0	0	0	0	220	10	14	0	0	0	0	108	17	1798	0	0	7	1195	84	6	332	0	81	115	0	109	13	59	0	0	26	0	58	49	0	73	0	92	36	0	31	138	223	0	101	77	88	25	0	17	23	20	16	74	0	15	0	0	33	0	28	0	451	111	0	103	925	289	34	106	206	84	201	274	0	14	0	154	34	34	0	10	82	0	56	0	0	0	138	75	77	139	9	0	0	0	37	0	0	0	54	0	28	142	68	58	0	219	28	137	320	0	0	94	15	60	0	91	20	0	95	69	214	163	0	0	33	62	93	70	0	30	0	92	0	14	116	63	59	0	53	28	145	69	95	0	0	136	87	50	104	75	601	95	120	53	15	55	25	0	29	77	0	88	88	0	84	99	8	0	98	18	103	0	377	20	0	128	72	109	0	0	0	0	0
g__Allocoprobacillus	18	0	10	0	6	0	0	0	0	0	0	0	242	0	14	0	50	3	0	6	0	0	3	0	9	0	0	7	4	0	0	9	27	38	0	5	0	0	0	16	4	0	0	16	22	10	4	0	0	0	0	203	476	49	0	76	0	0	0	0	0	15	213	0	0	15	9	42	0	0	0	0	0	0	0	322	0	0	3	0	0	0	0	0	0	0	44	0	543	0	0	0	0	0	0	0	0	0	0	0	0	0	0	0	5	0	0	0	0	4	148	0	0	8	0	0	0	11	0	264	0	0	0	83	12	0	0	0	0	2	0	0	0	5	0	88	0	20	52	0	15	5	0	0	3	0	0	0	0	0	0	0	3	0	0	0	0	100	0	0	7	0	0	0	0	0	0	0	18	0	0	12	8	0	0	0	0	7	0	0	0	0	0	0	67	0	0	0	0	83	0	0	0	92	0	0	0	0	0	0	12	24	0	0	0	0	97	0	0	4	0	0	0	0	0	0	0	0	0	0	0	0	0	0	0	8	0	0	17	0	0	0	0	0	0	37	0	0	0	0	0	0	0	0	0	0	0	0	0	0	0	48	0	0	0	291	0	0	0	0	0	0	0	0	0	0	0	0	0	0	0	0	0	180	0	0	0	0	0	0	17	0	0	683	15	0	0	5	0	0	0	0	0	0	0	0	0	0	58	7	0	0	0	0	9	0	0	0	0	0	0	19	0	0	0	0	0	18	0	0	0	0	0	80	0	0	6	0	11	0	14	0	0	0	20	101	0	0	0	77	0	4	0	3	2	0	0	0	7	0	35	104	0	0	0	0	0	0	0	0	0	0	0	9	7	0	0	0	0	0	0	657	0	0	0	26	0	0	0	0	0	0	0	0	0	0	0	56	0	0	0	0	6	9	2	0	0	0	22	16	24	53	0	11	0	63	0	0	0	0	13	48	0	29	0	0	0	0	9	0	6	0	0	9	0	62	1796	11	2	0	0	0	6	4	0	0	0	19	25	0	21	0	0	0	0	0	0	0	22	3	0	0	0	0	0	0	0	0	2	16	0	8	9	23	0	0	0	0	0	0	33	7	7	0	0	0	0	0	7	40	5	0	0	0
g__Amedibacterium	3	0	0	0	0	0	0	0	0	0	0	0	0	0	12	0	0	0	0	5	48	0	0	0	0	0	0	0	0	0	0	0	0	0	0	0	0	0	0	0	0	0	3	0	0	0	0	0	0	0	0	0	31	0	0	0	0	0	0	0	0	0	0	0	0	7	0	0	0	0	0	371	0	0	0	0	0	0	0	294	0	0	0	0	0	0	0	0	0	0	0	0	0	25	0	0	0	0	0	206	0	381	0	0	28	0	0	12	0	0	0	6	25	96	0	0	0	0	0	0	0	0	0	0	0	0	0	0	0	0	0	0	0	0	0	0	0	25	0	0	0	0	0	0	146	7	5	4	0	6	0	0	0	0	0	0	0	0	0	0	0	0	0	37	0	0	0	0	0	0	0	0	0	63	24	0	0	0	26	0	135	0	0	0	0	0	29	0	23	0	0	0	0	171	0	0	0	55	0	9	0	0	0	0	0	19	86	0	0	0	0	43	0	0	0	0	0	3	0	2	0	0	0	0	0	0	0	0	0	0	0	0	0	0	0	920	0	0	0	0	0	0	0	0	0	79	0	0	0	0	179	0	0	0	0	0	0	0	0	0	42	0	0	0	0	0	94	0	0	0	0	0	0	0	0	0	0	0	0	0	0	0	0	0	0	0	0	54	0	0	0	0	13	13	621	187	0	0	0	0	0	0	0	0	0	0	0	0	0	0	0	0	0	0	0	0	0	0	43	0	0	0	0	88	10	41	0	103	0	125	0	0	0	0	0	0	15	0	0	0	4	0	1492	8	0	0	0	0	76	0	0	0	110	13	0	0	0	0	0	0	68	0	0	14	0	0	0	0	6	0	0	0	0	194	0	0	745	0	0	0	0	0	0	0	0	0	0	0	0	0	0	0	0	0	0	34	0	0	0	0	6	5	0	3	0	0	0	0	0	0	74	0	0	0	0	0	6	0	0	0	0	0	21	1614	391	0	0	0	0	0	0	148	0	0	0	0	0	0	0	0	0	0	0	0	0	0	0	0	0	0	0	17	0	0	0	0	0	0	0	0	0	0	0	22	312	0	0	0	0	0	0	0	0	200	0	0	0	0	0	0	324	0	0	0
g__Anaerobutyricum	428	442	1591	625	1594	1574	1300	1307	460	433	472	354	2645	1220	809	397	528	322	247	644	242	902	708	506	1852	723	1065	206	597	1360	632	833	0	1228	521	650	925	263	252	521	585	402	223	2192	1060	4456	127	296	783	318	0	0	236	1123	1462	3453	772	0	0	1622	383	847	200	18	2622	840	366	1327	389	219	0	11	3470	1324	7	0	0	34	1184	179	4	349	0	242	0	0	101	362	3	377	45	294	0	559	4	0	190	1054	0	1454	0	111	184	315	501	0	338	345	0	254	0	0	136	0	262	0	0	0	4	0	169	0	1568	588	679	537	378	8	0	205	0	248	0	463	0	0	0	0	1692	0	1008	83	266	578	845	170	0	475	591	0	0	249	217	730	0	135	794	0	189	0	318	465	0	594	652	192	930	460	507	2896	109	1132	742	0	498	182	0	464	283	97	3528	385	0	388	0	164	195	0	805	1122	363	0	895	984	157	583	436	0	0	74	842	0	0	0	235	204	0	0	0	303	163	0	0	0	0	946	0	0	226	0	208	0	0	448	0	7	0	0	0	0	11	613	8	5	7721	474	8	18	0	0	0	0	177	499	0	239	0	0	0	0	399	2531	640	945	0	0	0	0	455	0	34	0	581	178	0	1315	607	0	0	0	3	0	769	10	25	0	0	0	514	650	2249	1008	6	0	1192	0	1319	805	1438	1622	0	448	0	0	0	3942	1216	760	664	0	0	0	0	2373	3517	0	523	0	0	9	1954	1293	666	0	5	81	0	1284	24	567	200	282	478	5	1050	172	449	157	38	129	789	737	161	0	346	314	303	1706	121	9	292	980	0	1266	830	237	406	907	0	387	1038	2307	266	0	209	763	410	594	183	1204	0	563	420	0	1222	1142	979	9	893	905	1840	1459	1479	0	951	3275	870	358	207	0	197	459	162	382	110	0	360	372	255	5	388	418	2019	354	0	267	827	580	1157	1933	523	572	2130	401	0	1923	10	10	757	735	0	0	0	1411	230	551	408	538	8	660	499	587	368	292	0	1092	1589	645	301	1262	861	2058	227	2257	2044	185	149	1085	410	268	806	478	234	125	518	9	469	0	779	217	366	504	489	125	206	304	441	25	580	0	249	0	738	564	392	647	298	2054	493	1641	276	176	339	0	288	0	319	275	308	12	125	375	121	4
g__Anaerofustis	0	0	0	0	0	0	0	0	0	0	0	0	5	0	0	0	3	0	0	3	0	0	0	0	0	0	0	7	9	27	2	0	0	0	0	0	0	0	0	7	2	0	0	0	0	2	0	0	0	0	0	0	0	0	0	14	0	0	0	3	0	0	0	0	65	3	0	23	0	0	0	0	76	0	0	0	0	0	6	0	0	0	0	0	0	0	0	0	0	0	3	0	0	0	0	0	0	0	0	6	0	0	0	0	0	0	0	0	0	11	0	0	0	2	0	0	0	0	0	0	0	0	0	0	0	0	0	0	0	0	0	0	0	0	2	33	10	0	0	0	19	0	0	0	39	0	0	0	0	0	0	0	11	0	0	0	0	0	0	0	0	0	0	0	0	0	0	0	12	0	0	2	14	0	0	0	0	7	0	0	0	0	0	0	0	0	0	0	0	0	0	0	14	0	21	0	0	0	0	0	76	0	0	0	0	0	0	0	0	0	0	0	0	0	0	0	0	0	0	0	0	0	0	0	0	0	0	0	0	0	0	0	0	0	0	0	3	0	0	0	0	7	0	0	0	0	0	0	0	0	0	6	0	0	0	22	0	0	2	0	0	0	3	0	0	0	0	0	0	0	14	0	0	7	0	0	0	0	0	0	0	0	0	0	0	2	0	0	0	0	0	0	7	0	0	0	0	2	0	0	0	0	0	0	0	0	0	0	0	0	0	0	0	0	0	0	0	0	0	0	0	0	0	17	0	0	0	0	0	0	0	0	0	0	0	0	0	0	0	6	0	0	3	0	3	0	5	0	0	0	0	0	0	0	0	0	0	0	0	0	0	0	0	2	5	0	0	0	0	0	0	8	0	0	0	0	0	0	0	0	0	0	0	0	0	0	4	0	0	0	0	0	5	0	0	0	0	0	0	0	0	0	0	0	0	21	0	0	0	10	0	0	0	0	0	0	0	0	0	0	0	0	0	0	0	4	0	3	5	5	4	0	0	0	0	0	0	10	5	0	0	0	0	0	0	7	0	0	7	0	0	0	0	0	0	0	0	0	0	0	0	0	3	0	0	0	0	4	0	0	0	6	0	0	0	0	0	0	0	0	0	0	0	0
g__Anaeromassilibacillus	0	0	20	0	18	5	0	0	0	0	0	0	54	0	8	0	15	0	0	40	0	0	0	0	47	0	16	31	5	10	0	5	23	6	3	0	0	0	0	0	4	10	0	5	11	0	15	0	0	0	0	0	57	0	0	8	0	16	0	8	26	8	153	0	6	33	0	0	25	0	0	0	0	0	0	232	0	0	4	0	0	0	0	0	0	0	0	0	4	203	0	0	29	0	0	0	0	0	0	0	0	0	0	0	0	0	0	0	0	0	118	0	0	3	0	0	0	10	0	17	0	0	4	0	0	0	13	0	0	22	0	0	0	32	23	12	0	7	186	0	0	0	10	0	0	0	4	0	0	0	0	0	94	0	0	0	0	0	0	0	7	0	0	0	17	0	19	0	53	0	0	0	0	0	0	0	0	6	0	0	0	0	0	0	0	0	0	165	0	15	0	0	0	44	25	10	19	0	0	0	20	0	0	54	0	0	82	0	0	0	36	0	0	0	0	0	0	0	0	0	0	0	0	0	0	0	0	0	0	9	0	4	0	0	0	0	0	0	0	9	0	0	0	0	0	0	0	0	0	0	0	17	0	0	0	0	0	0	142	0	0	0	0	0	0	16	0	0	0	0	0	0	0	0	8	0	0	0	0	0	22	0	248	0	62	55	0	0	10	0	0	0	0	0	0	0	0	16	269	0	0	0	0	0	0	18	0	0	0	0	0	220	0	0	0	0	0	35	0	0	0	0	0	55	0	0	0	0	0	0	29	0	0	0	0	0	0	0	0	6	0	22	0	0	11	0	6	11	0	0	0	0	0	0	0	0	0	6	0	7	0	5	0	32	45	0	6	0	0	0	0	105	0	0	5	0	0	0	0	0	0	0	0	0	0	0	0	5	0	0	0	0	13	0	5	0	0	0	16	25	0	0	0	4	0	245	0	38	7	6	0	0	0	0	0	0	0	0	114	0	0	0	0	0	0	19	21	0	18	0	0	0	3	11	24	0	0	19	6	0	6	0	0	0	0	0	0	4	11	0	0	0	0	5	0	0	0	0	0	11	2	0	0	0	0	0	0	0	0	0	32	0	0	0	0	0	8	0	0	45	2	0	0	0
g__Anaerostipes	294	403	710	907	1410	2118	2031	798	525	200	415	671	349	533	537	369	0	1295	248	494	2459	831	592	506	998	541	1819	1231	1378	1462	963	2648	151	430	60	323	840	96	787	397	541	302	73	912	2015	903	15	122	450	0	0	2693	1526	337	1894	1502	1228	2723	9	532	4660	563	4120	11	143	3154	443	4825	1455	423	659	41	0	523	1048	307	7	146	713	10114	13	187	293	1475	446	0	120	264	8140	834	126	3701	108	317	0	1037	1022	3346	1141	2869	144	98	187	3220	97	86	768	442	2378	189	82	487	1459	32	1379	58	5	125	181	12803	463	209	1193	3403	1046	4735	964	24	0	496	1615	235	1377	1259	840	0	1734	22	175	77	952	73	1285	3048	1574	1051	428	928	2668	0	11	492	754	892	6	4194	67	783	253	0	126	119	2032	425	2830	120	1128	623	830	858	82	1366	118	643	1146	306	0	1223	1465	226	0	2509	485	731	6661	184	1253	93	867	0	36	0	49	49	2638	344	509	6814	10	819	1695	103	42	7	1954	1699	3344	551	41	582	109	702	111	1849	66	2001	11	66	3431	0	838	6	13	8	18	124	9	235	117	816	369	673	113	28	1579	1103	10	86	18	0	2380	493	209	3091	10	1261	124	15	0	6	102	981	294	2653	0	5518	196	10	24	17	12	0	2114	348	0	993	1516	115	0	0	98	72	4893	527	60	199	8212	137	2381	571	687	213	40	7	407	273	2698	2422	2175	1037	13	4539	3521	30	850	17	779	6215	104	7	138	10	13	2510	968	7537	44	0	5	967	713	694	2500	0	13	161	0	1356	1673	1659	491	283	1889	973	26	105	753	18	90	1326	15	403	89	0	51	853	111	671	109	6	21	599	768	510	428	494	398	1535	262	35	1784	2058	402	145	88	913	1383	1071	108	2130	3155	2710	4549	730	235	293	659	26	451	5183	1321	2983	2325	1732	1461	2325	465	104	267	53	143	364	117	315	72	674	121	2993	86	428	961	81	251	364	648	927	1643	767	1166	1769	415	1708	2881	1300	64	240	368	327	1301	1382	4191	812	970	486	344	1040	584	465	227	849	490	3579	1000	1521	186	1168	513	43	267	1622	355	2111	430	1879	866	218	357	978	660	569	971	522	218	79	174	123	656	85	1000	543	712	693	300	71	555	345	400	74	1708	1394	357	20	564	600	38	710	966	942	86	837	139	0	1625	720	109	454	480	782	623	14	88	697	29	97
g__Anaerotignum	0	19	94	35	0	95	29	33	115	38	92	0	11	9	160	43	60	7	0	91	40	0	0	26	142	0	35	88	10	83	0	26	0	0	74	0	60	49	15	19	0	19	42	207	46	0	7	14	41	0	0	0	239	9	0	7	17	49	0	0	152	0	39	0	54	57	0	27	11	23	0	32	0	232	0	0	0	0	107	0	0	96	0	0	0	0	58	0	0	24	0	0	0	0	5	0	9	70	0	42	0	0	13	0	60	0	0	7	0	0	13	6	0	0	0	0	0	0	0	14	0	0	136	0	0	6	0	0	1849	91	0	134	7	23	151	5	69	0	256	0	347	18	0	0	0	0	0	0	23	0	0	36	83	24	0	0	0	0	10	0	23	0	0	0	0	0	21	21	0	0	3	0	34	0	10	0	15	13	4	0	0	0	0	0	0	0	0	126	0	45	0	0	0	331	16	168	213	0	0	0	45	24	0	4	0	0	889	51	0	0	0	7	0	0	0	0	0	34	9	0	165	0	0	24	0	22	0	0	0	12	238	64	0	3	0	0	0	0	0	0	0	0	0	43	0	4	23	145	0	0	0	19	0	16	0	0	0	0	179	52	0	0	17	0	0	0	0	0	0	0	0	0	12	0	0	0	0	0	0	16	365	0	0	0	0	0	5	29	0	0	0	49	313	11	213	218	40	30	2373	0	0	0	0	4	107	0	0	0	0	0	0	98	0	0	0	32	0	0	6	54	0	0	0	835	10	18	0	25	19	0	0	0	62	9	303	21	120	120	11	0	11	50	97	77	95	70	16	86	12	12	7	115	16	7	0	0	0	23	0	40	0	0	0	5	10	192	54	0	54	0	28	54	128	0	99	0	0	46	0	0	0	41	43	27	15	0	51	67	0	50	0	3	0	88	0	0	0	117	112	178	102	133	0	58	0	419	43	33	25	0	36	81	0	171	56	0	0	9	618	38	34	26	107	0	0	11	0	21	46	7	0	33	0	29	255	0	0	25	70	7	47	66	0	28	130	65	38	0	26	4	34	274	77	13	53	35	82	0	248	30	15	22	0	69	0	0	57	0	0	29	152	181	0	0	37	0	10	10	0	0	0	0	0	30
g__Anaerotruncus	0	0	0	0	0	0	3	2	0	0	6	0	64	0	9	0	5	0	0	0	0	0	0	0	106	0	10	14	0	0	9	0	62	0	3	0	5	0	0	0	0	0	0	3	0	0	71	0	4	0	0	0	21	0	0	0	0	0	0	5	0	7	20	0	0	5	0	0	3	0	0	0	0	6	0	72	0	2	0	0	0	0	0	0	0	0	0	0	43	0	0	0	0	0	0	0	0	0	0	0	0	0	0	0	0	0	0	0	0	0	0	0	0	3	0	0	0	11	0	3	0	0	3	0	0	0	0	0	0	0	0	0	0	0	0	0	43	0	0	0	0	0	0	6	0	0	0	0	0	0	0	0	0	5	0	0	0	0	0	0	0	0	0	0	0	0	0	0	15	0	0	0	0	0	0	0	0	0	0	0	0	0	0	0	24	0	0	0	0	0	0	0	41	0	4	0	0	0	0	0	0	0	0	53	0	0	0	0	0	0	6	0	0	0	0	0	0	0	0	0	0	0	0	0	0	0	0	0	0	2	0	6	0	0	0	0	12	0	0	17	0	0	0	0	0	0	0	0	0	0	0	12	0	0	0	6	0	0	0	0	0	0	0	0	0	0	0	0	0	0	0	0	0	0	0	0	0	0	0	0	0	0	5	0	0	0	0	0	0	0	0	0	0	0	0	0	0	14	11	0	0	0	0	3	47	0	0	0	0	0	0	0	0	0	0	0	0	0	3	4	0	0	0	7	0	0	0	0	0	0	15	10	3	0	0	10	0	20	0	0	0	15	3	19	0	9	0	0	0	0	0	0	0	0	0	0	0	0	0	0	0	0	0	0	24	50	0	0	4	0	0	19	0	0	0	0	3	0	0	0	4	0	0	0	0	0	0	4	0	0	0	0	0	0	0	0	5	0	12	20	0	4	0	0	4	0	0	120	0	0	0	0	0	27	0	15	0	0	7	0	0	0	0	0	0	8	0	0	0	13	68	0	0	3	5	0	0	11	3	1	0	20	0	0	4	180	0	0	7	0	0	0	0	6	0	0	0	0	5	0	0	0	14	0	0	0	0	0	0	7	9	0	0	0	0	0	0	0	0	0	0	0	0	0
g__Anthropogastromicrobium	71	174	96	121	191	118	282	209	225	11	147	18	0	64	32	55	114	220	96	222	78	111	0	135	32	32	233	245	134	395	251	310	0	11	0	114	369	223	128	74	26	116	0	0	18	102	4	80	111	63	0	0	0	3	32	165	398	641	0	182	88	0	52	8	315	894	0	0	719	72	0	158	127	533	0	113	0	35	336	44	0	0	0	120	0	0	0	154	0	64	0	69	49	139	0	0	202	61	156	0	0	0	13	0	0	0	256	196	0	66	0	48	104	0	87	0	0	0	0	0	56	0	79	0	102	30	149	0	0	21	54	194	0	54	185	0	0	0	1110	0	31	0	12	134	0	0	0	131	0	0	0	31	153	107	0	0	214	0	79	0	99	7	0	189	40	16	0	76	60	0	27	98	10	0	73	42	0	222	27	0	8	0	0	215	237	34	65	289	0	0	9	0	0	0	33	22	51	0	0	0	5	0	0	0	0	0	0	0	0	0	112	5	580	0	475	0	3	0	25	88	22	0	0	0	0	0	0	0	0	0	0	0	0	12	0	0	11	4	0	0	0	0	8	163	0	250	0	4	0	0	0	98	0	379	0	692	0	0	12	0	0	0	147	40	0	40	0	0	0	0	0	0	1027	3	16	0	0	0	255	0	43	200	4902	4	129	0	105	321	0	0	4	777	745	0	46	276	0	399	0	0	0	0	5	600	49	0	0	0	0	0	5	253	196	0	0	0	535	536	0	397	0	149	85	0	48	0	54	0	0	13	12	43	0	142	0	555	68	0	31	0	114	107	3	117	104	0	0	69	0	168	162	0	20	33	35	139	70	79	40	125	0	593	323	100	0	384	174	7	327	318	344	0	710	0	220	81	38	39	97	0	49	122	59	221	38	0	0	279	109	38	103	31	7	203	0	47	200	29	153	136	0	0	44	83	0	25	3	0	0	401	0	265	0	201	204	107	89	56	0	0	136	190	38	61	0	83	0	292	75	142	105	0	84	20	227	82	50	390	85	334	166	84	72	75	0	0	264	0	115	0	51	276	184	84	53	107	147	7	49	0	42	0	157	186	0	390	64	0	0	0	98	0	139	0	139	0	0	53	355	2	0	130	65	4
g__Aristaeella	0	0	0	0	0	0	0	9	0	0	0	0	0	0	0	10	0	0	0	0	0	0	0	0	264	0	35	0	0	0	164	0	0	0	0	0	0	34	0	0	4	58	0	0	0	0	0	0	111	0	0	0	0	0	15	0	1570	0	0	0	458	0	0	0	0	0	0	0	0	51	0	0	0	224	0	0	0	2	147	0	0	0	0	0	0	0	0	1155	0	0	2	0	0	0	0	0	188	0	0	0	0	0	0	0	0	0	0	0	0	10	0	0	0	0	0	0	0	0	0	0	0	0	0	0	0	0	0	0	0	0	0	110	0	45	0	0	0	0	0	0	0	0	0	0	0	0	0	0	0	0	0	37	0	0	0	0	0	0	22	0	0	0	0	0	14	0	301	0	0	0	0	0	0	0	0	0	0	0	0	0	0	0	0	0	0	0	0	0	0	0	0	0	0	0	0	0	0	0	0	0	0	0	0	0	0	0	0	0	0	0	0	0	0	0	0	0	0	0	0	0	0	0	0	0	0	0	0	0	0	0	0	0	0	0	0	0	0	0	0	0	0	0	0	0	0	0	0	0	0	0	0	0	0	0	0	0	0	0	0	0	0	0	0	0	0	0	0	0	0	0	0	0	0	0	0	0	0	0	0	0	0	112	0	0	89	0	0	134	48	0	0	0	0	0	0	0	0	295	0	0	0	0	0	0	0	0	0	0	0	0	0	13	0	0	0	0	0	0	0	0	0	30	0	0	0	0	0	0	0	0	0	0	0	0	0	0	0	0	0	0	0	0	0	0	0	0	0	0	0	0	0	0	0	0	0	0	14	0	5	0	0	0	0	0	0	0	15	0	0	20	24	0	1032	0	57	0	0	0	0	0	16	0	0	0	0	0	0	0	0	0	0	0	0	0	0	0	0	0	282	229	0	0	0	0	0	0	0	0	0	0	0	0	0	0	0	0	0	0	0	0	220	17	0	0	0	0	0	22	0	75	0	0	0	124	110	0	0	0	0	0	0	0	0	0	0	0	0	0	0	0	0	0	0	0	0	0	0	0	0	0	0	0	0	0	0	0	21	0	0	120	0	0	0	0	0	0	0	0	0	0	0	0	0	0
g__Bacteroides	263	306	3156	115	2124	1180	290	231	376	57	721	54	2272	541	507	98	952	106	21	0	460	2323	813	797	2888	260	846	1681	777	1175	1341	800	6617	104	182	344	29	69	740	212	197	1412	265	1393	485	51	518	139	539	0	0	1561	4501	0	65	2593	804	27	3	4148	1783	1932	6156	75	834	647	563	4521	2764	234	9	43	2104	645	7	0	0	40468	7608	41	20955	723	65	104	3	0	2660	262	730	65	791	50418	0	2280	80	8	1598	898	4065	1919	9850	461	325	0	642	0	902	2338	0	50	245	593	0	10407	85	7095	1926	0	34	3066	287	11822	4975	2117	8	291	2852	37	6935	2154	10	80	3228	1217	8034	7	6043	881	2098	5	4313	19	588	710	2028	1072	556	1715	256	6	0	660	306	2507	8778	116	765	0	706	976	3018	1558	19156	767	493	271	412	272	12317	16	0	2161	937	652	73	24	3963	2682	90	55	5	462	2972	897	0	15	2827	0	106	4577	0	0	2133	0	90	287	784	10133	0	2	1828	4395	15	6	1856	543	4400	1884	413	16	854	21	8838	292	1695	3477	6994	352	85	14	432	4	0	3149	13	1016	0	31	73	1094	11579	300	909	41	30	2	11	41	28682	8	0	5	220	33	0	0	14	1132	0	0	55	2055	10645	697	0	0	20801	6242	751	6723	8	4	1582	300	0	658	562	144	180	0	72	548	498	47	11156	31	5806	0	1052	951	8076	102	38	4	1104	827	260	1566	568	1052	17196	2584	15011	263	293	1153	7704	2361	2209	5	0	18483	43	463	4238	22	6242	7	21	9007	1132	1324	6	0	21	518	5550	645	28	9328	8226	215	10	8684	2404	1063	1140	1002	64	203	1818	1997	267	2331	496	6	252	1769	38	3039	4771	2205	10230	772	827	200	125	652	41	30	1121	2573	660	122	30	34	9	480	9	2137	1926	779	5838	2351	1455	11723	2171	1111	254	237	398	8867	981	0	948	219	1437	17	33	435	252	2231	140	182	320	2349	261	1703	80	178	47	118	215	160	1348	231	1421	1597	2582	1682	4100	5041	2017	525	2382	1375	6127	222	828	3452	7212	4577	198	4257	817	1134	103	111	5	2732	2069	70	2622	606	202	2537	4183	439	455	602	2542	71	210	600	340	62	379	2977	844	1785	3044	93	155	21	1885	4292	774	7	371	1808	137	2029	156	210	192	668	2510	242	4981	185	930	92	2788	2024	2253	2281	121	1882	7824	1000	2008	54	1281	6372	564	0	774	98	532	19876	716	279	0	144
g__Bariatricus	0	120	415	624	267	236	638	432	433	353	362	162	170	218	491	127	479	123	175	192	111	389	126	125	144	726	461	0	214	519	49	0	0	103	0	0	109	122	0	149	54	91	0	665	0	0	25	52	0	1431	0	0	0	40	113	0	168	825	0	0	368	299	0	3	227	457	177	0	0	145	0	8	0	410	0	0	0	27	0	0	0	195	0	106	0	0	0	131	0	237	8	0	70	201	0	239	186	0	0	342	0	0	86	0	163	0	0	0	0	0	0	18	0	0	144	0	0	0	0	0	111	0	0	0	0	0	89	0	1088	0	0	164	0	0	0	0	0	0	0	0	0	0	181	658	0	0	0	0	0	145	0	82	0	625	0	198	0	0	41	0	78	222	0	243	74	79	198	96	1236	0	118	196	47	0	4	57	0	0	393	0	0	0	0	27	0	81	216	0	0	0	0	0	0	0	687	164	135	0	0	0	1185	0	0	0	0	0	0	408	0	0	284	0	0	0	0	0	0	0	188	0	1227	0	0	0	0	0	0	0	0	0	0	0	0	0	567	447	0	6	0	0	0	0	9	423	0	0	104	0	0	0	0	203	0	440	0	0	0	0	480	0	0	0	0	0	0	0	0	0	0	0	0	0	0	0	0	0	0	0	0	0	0	165	0	0	517	178	14	296	0	0	0	0	0	0	0	0	0	241	0	0	0	0	0	1817	1279	0	881	0	0	0	55	874	700	0	0	0	0	0	0	257	0	116	0	0	0	111	176	116	17	166	0	450	130	0	0	0	368	0	201	0	0	0	0	403	0	0	272	83	0	177	0	1905	267	0	78	100	0	175	37	0	0	0	713	180	162	160	0	0	349	250	1239	0	344	0	137	571	0	84	38	0	32	68	115	107	50	0	153	155	128	304	221	204	0	0	0	206	370	148	203	238	0	700	0	237	0	0	0	19	0	0	1092	0	0	0	345	253	0	390	0	1545	116	0	483	0	0	0	0	263	111	168	0	0	162	0	0	139	0	49	0	0	526	234	133	113	331	0	218	17	237	0	0	1850	320	0	218	57	311	0	0	0	0	0	0	452	0	139	139	0	0	38	17	0	0	0	0	0	192	132	0	0	0	0	38	0
g__Bifidobacterium	814	6804	1668	609	7787	1059	207	606	1573	111	606	1928	7942	3467	2036	55	2283	333	693	168	5293	1121	2868	186	3672	2448	1623	3430	43	3973	678	1364	7996	67	349	5235	977	52	8	1309	285	4892	834	47	3892	38849	25	0	1356	1223	2112	13768	100	1185	536	9494	2602	113	26979	1059	2684	2311	14680	53	2528	1065	44	0	832	49	335	3352	4982	57	11638	935	0	86	345	17494	307	470	0	68	5994	7184	5222	527	98	1129	7455	8	144	2103	7727	22402	462	1484	9816	7651	0	805	3744	10899	4149	24	81	0	8354	722	1238	2278	3281	6	1131	10	0	848	0	3535	704	16082	5716	425	3229	1248	405	5866	39	2107	6204	11	6233	5359	993	926	139	62	6948	416	0	9225	2729	2007	108	2547	837	5651	4085	8877	3936	481	9613	6059	1073	5249	6678	9320	1626	941	2810	0	10	989	1627	247	776	1529	173	7812	167	2870	1125	2016	1508	247	514	0	724	608	3891	4389	5434	3904	70	2721	293	1831	0	324	250	136	23	1584	1835	312	1182	0	7	210	5778	8519	10139	63	755	366	2790	1231	0	1579	490	32	294	469	0	10056	2853	0	100	531	1640	707	9519	3225	4835	5442	243	18089	25	4369	392	17	799	6277	2399	3129	522	117	809	0	4528	6131	378	4350	4180	1013	0	26	34	0	2666	283	788	8612	0	2522	5402	366	2218	0	103	9	8818	1390	0	6042	4794	638	14514	400	386	242	2549	5713	2925	39959	7462	132	1268	419	18128	287	453	210	1901	1442	1913	0	5919	1687	22	6315	3556	1284	239	6042	6951	5407	865	28593	6963	26	3405	2771	4743	2335	501	0	28580	7751	8472	4238	1017	14457	0	3497	3192	1568	21	0	0	672	0	5619	282	0	1164	19	123	1197	16863	278	27	162	11	191	75	253	678	5043	7024	1729	0	172	736	879	805	3957	1951	0	9	1422	152	4643	271	6159	3795	3002	55	40	10	901	1025	1057	355	8156	1169	0	1561	17	0	0	0	11788	8023	1462	1673	246	688	3376	321	0	208	363	0	11521	0	3346	220	514	648	119	8925	98	4012	1584	3699	2854	2585	4920	0	0	4377	1439	1220	268	0	8300	154	475	1419	18	8283	82	86	1164	2064	1114	3862	10495	2342	1688	712	0	9167	7211	4411	210	1170	7356	4506	0	0	9368	12508	2225	3716	4326	135	117	0	483	582	0	6664	38	0	83	80	7594	3192	293	14	814	524	1641	789	5603	594	225	773	43	4458	277	508	6988	602	1423	4	5141	664	310	115	15696	0	2870	1135	732	93	3293	1571	5	146	9
g__Bittarella	36	0	0	0	0	0	0	3	6	0	0	0	0	0	0	0	11	0	0	4	0	0	0	0	0	0	0	10	4	0	0	9	10	3	4	13	4	0	0	7	0	1	0	7	10	0	0	0	4	0	0	0	0	62	0	28	6	0	0	0	4	5	8	0	4	0	8	17	0	0	0	0	0	0	0	22	0	0	9	0	0	0	0	0	0	0	0	0	0	15	0	0	0	2	0	0	0	0	0	0	0	0	0	0	0	0	0	0	0	0	5	0	0	3	0	0	0	0	0	0	0	0	13	0	0	0	0	0	0	0	0	0	0	0	0	0	20	0	0	0	3	0	0	0	0	0	0	0	0	0	0	0	0	0	0	0	0	0	0	0	0	3	0	0	0	0	0	0	0	0	0	0	0	0	0	5	0	0	0	0	0	0	0	0	0	0	3	0	0	3	0	0	17	0	14	0	0	0	0	0	0	0	0	0	0	0	0	0	0	0	4	0	0	9	0	0	0	3	0	0	0	0	0	6	0	0	0	0	0	0	0	32	0	0	0	0	0	0	0	0	0	0	0	0	0	0	0	0	0	0	0	6	0	20	0	0	0	0	0	0	0	0	0	0	0	0	0	0	0	0	9	0	0	0	0	108	0	0	0	0	37	0	0	0	0	0	0	0	0	0	0	0	12	0	0	4	0	0	17	0	0	0	0	0	0	0	0	0	0	0	4	0	0	0	0	0	0	0	0	0	0	0	0	51	0	7	2	0	0	0	0	0	0	0	17	16	0	0	6	6	0	3	9	6	8	7	0	0	0	0	0	12	0	3	0	0	0	0	0	0	0	7	0	13	0	9	5	0	6	6	0	20	0	0	0	0	0	0	0	4	0	0	0	0	0	0	5	0	0	2	0	0	0	0	4	0	0	4	4	0	0	16	22	0	0	0	13	11	6	2	4	0	0	17	0	0	0	0	0	0	0	0	0	4	3	7	63	0	0	3	0	4	0	0	0	0	0	5	15	0	9	0	0	0	5	0	0	0	15	3	0	0	0	0	0	7	0	0	0	0	0	0	13	8	0	0	0	20	0	0	0	0	0	0	0	8	0	0	0	0	5	0	0	0
g__Blautia	45	8	41	0	0	0	779	239	0	28	43	47	19	257	54	259	183	138	0	11	123	173	76	174	0	0	0	29	0	0	0	69	0	0	0	387	267	148	250	0	0	0	14	0	405	724	9	0	0	0	0	233	1017	0	451	225	138	293	0	0	11	135	234	8	0	94	618	170	553	0	2958	457	826	548	4171	147	0	23	3300	552	10	0	1655	54	15	0	79	49	1759	45	123	465	277	143	0	0	37	90	665	1075	2305	6	30	230	42	0	55	408	429	92	450	150	48	65	222	1602	0	1197	7341	82	87	10	240	20	390	2100	8	13	0	35	30	321	1123	0	186	0	0	195	950	252	286	304	99	388	270	271	264	25	106	0	0	11	158	0	1523	36	0	0	0	0	32	23	8290	48	0	64	0	220	178	25	0	47	52	2651	344	17	0	135	144	9	55	329	389	0	44	52	0	11564	705	47	0	0	95	908	0	0	0	3282	4611	15	231	1524	0	2415	457	145	1635	388	146	88	0	613	9	420	540	852	7	208	148	4	0	0	324	292	7	488	226	3032	241	15	42	225	1244	138	35	175	89	11	0	2539	0	0	34	0	0	618	0	0	0	2680	21	90	96	1116	0	4956	0	0	54	16	16	0	79	0	0	178	197	0	92	0	0	0	16	531	3721	2602	2195	3671	794	28	298	18	5087	0	60	162	68	284	35	1844	8208	141	3258	67	6943	82	38	0	1464	0	1090	0	1436	0	527	385	551	0	0	0	0	0	684	0	0	327	0	0	429	351	486	99	854	1334	11	252	0	144	125	0	26	6	7	117	277	48	202	60	0	0	13	0	2323	7	0	0	146	0	157	0	246	239	0	134	0	139	13	41	0	758	190	57	102	185	42	40	0	20	314	316	0	358	1978	0	0	0	158	38	0	7	41	0	0	321	0	420	0	0	0	0	414	23	731	13	0	386	264	77	662	730	29	796	486	0	14	1000	27	1617	102	0	32	0	93	33	85	21	86	87	3205	120	155	8	139	161	406	15	458	167	39	199	30	2523	122	15	12	131	86	0	20	0	108	72	0	64	114	1181	1241	0	0	57	0	71	0	0	107	41	65	0	950	0	169	27	0	109	453	0	48	30	94	91	0	128	0	659	150	1588	0	0	54	228	22	0	0	36
g__Blautia_A	3558	1299	2948	3366	1792	5529	4739	3383	4079	1334	1561	1016	6091	5929	3132	1451	3567	1298	1675	2064	2230	2937	2402	1512	5210	2998	4125	3435	2327	2884	3551	2085	1268	3650	2660	1736	16194	2026	1477	2816	4848	2245	1185	11047	3640	5875	620	1539	2183	9728	6366	15238	2245	3892	8875	9432	7835	7575	13	10959	8405	3952	1265	88	4791	6953	2095	10623	9630	1379	199	14974	13026	6144	2233	2988	0	219	8983	5806	2487	1688	2636	1901	1172	1267	2428	1032	1192	3283	1472	11500	2197	2365	1868	2093	3879	1695	4140	4923	16	573	975	409	2333	2524	2132	2802	4430	1977	1141	2300	806	8748	954	1102	326	3205	288	1416	1896	3499	6572	2869	5079	3558	6639	68	17	3262	3637	1171	1076	2582	10614	14	1770	9858	7875	2748	2768	713	2563	5093	2608	3825	1516	2924	1318	1940	7	2191	391	3889	50	3522	2252	7	997	3583	686	2757	16	2882	3275	858	4050	527	2952	12388	1158	1011	1849	2137	7129	1361	838	2587	535	904	2164	1234	2399	2696	8297	1551	1209	19807	6032	1775	1148	49	1727	7934	2215	4640	2813	10633	0	1370	1435	7277	16	667	5274	3085	2755	9133	1232	2069	2352	1337	1316	3856	4514	6368	937	3031	2271	33094	1719	21	2618	6849	14	4268	8688	1340	906	2002	28	4042	642	8714	13845	3517	43	312	27	371	3294	16	779	3139	21	1866	28	59	7	2855	445	7290	2793	10153	0	4999	17	11	2234	579	137	0	6478	1108	14	2554	2691	1412	2061	33259	3855	683	12774	830	232	4338	5211	17436	11347	3555	10366	2515	6	16	5747	1902	5427	2330	12661	5311	11222	7153	8997	3866	3576	6441	2656	9336	13610	18	7269	26	333	11859	5749	9811	8101	2517	22	13	20281	7815	5723	0	24	1066	1901	5471	2592	4117	3958	1253	3880	8593	977	672	2899	2065	815	1855	1194	2178	1117	1912	1058	1482	1875	830	4178	3873	678	3650	5370	5542	3177	2793	3412	1861	10450	1264	5711	5080	1718	1542	2006	1716	2617	2085	975	5001	1332	6565	3060	1843	6662	5656	5875	2055	2684	4155	7974	2490	5046	5428	5486	4840	1043	1519	559	3016	631	1232	1263	1760	497	2522	1894	2939	1257	1014	1712	1102	5561	1296	2990	2499	2334	1778	2512	3173	6865	5355	1974	3167	3918	14601	1909	4681	1571	3446	7534	4163	1030	3419	1945	3413	2583	4990	3296	5202	1849	2529	3831	1627	13962	2741	6700	2824	1641	1720	1734	23005	2509	10576	7384	1473	1121	1551	3130	1516	974	2323	1287	1372	2478	2050	1939	977	2173	2403	2539	3109	2301	2180	1389	2019	2352	164	4982	1827	2486	5360	3059	2457	5419	1571	1808	2206	11537	1995	2069	2166	1839	4357	2147	24420	1089	1266	1757	59	845	1252	499	956
g__Brotaphodocola	0	22	0	32	14	125	249	172	0	46	57	28	19	113	0	50	22	77	50	0	136	90	0	38	43	65	46	72	34	0	40	24	0	0	0	0	0	54	52	0	0	0	10	144	0	0	0	31	19	0	0	0	0	0	15	0	40	501	0	0	55	37	0	0	21	156	0	0	0	42	0	0	0	36	0	0	0	0	0	0	0	0	0	27	0	0	0	0	0	0	16	0	0	11	0	0	134	111	0	0	0	0	50	0	0	0	0	49	0	25	0	18	84	42	57	0	0	0	0	0	92	0	0	0	94	78	36	0	0	31	0	86	0	73	0	0	0	0	0	0	0	0	70	0	0	0	0	99	0	0	0	19	0	19	0	18	133	0	0	0	23	0	0	0	0	8	0	20	42	0	22	0	0	0	70	44	0	24	0	10	0	0	0	0	59	0	54	0	22	71	0	0	0	0	12	49	46	0	0	10	0	0	0	0	79	37	0	19	0	0	0	0	0	0	0	0	0	0	46	0	0	0	0	0	0	0	0	0	0	0	24	0	0	0	0	0	0	0	0	0	0	0	27	161	0	0	0	0	0	0	165	0	0	5	0	0	0	0	0	46	0	0	0	50	0	15	0	0	0	0	0	0	0	92	0	0	0	676	121	0	10	17	0	0	0	0	209	202	0	322	0	105	0	0	0	48	73	26	0	0	0	0	0	0	6	0	88	0	0	0	88	8	1068	0	0	0	0	37	0	0	123	111	202	0	0	0	0	0	0	59	0	0	0	0	0	0	28	0	11	0	0	0	0	224	22	60	0	0	0	23	56	21	27	0	0	0	0	0	0	0	0	0	259	0	215	834	88	13	76	274	115	0	194	0	14	0	103	0	50	0	11	33	35	63	30	130	8	173	37	30	61	0	0	0	0	84	0	31	0	42	0	0	0	70	0	0	62	0	0	142	87	0	23	0	15	0	0	12	0	21	60	172	48	0	0	0	0	44	21	11	0	0	41	0	0	63	49	0	29	31	73	41	60	18	0	0	108	18	0	0	34	0	28	27	38	48	52	0	0	0	0	0	44	39	0	0	59	0	0	136	23	125	97	165	89	0	0	66	73	0	45	0	16	0
g__Butyribacter	0	68	0	0	8	0	45	176	0	0	13	0	0	0	0	0	0	16	0	0	0	0	0	143	45	0	80	0	66	135	239	0	0	0	0	0	0	21	28	0	0	39	0	0	0	0	0	0	194	0	0	0	0	0	131	0	182	0	0	0	0	0	0	0	0	175	0	0	0	0	0	0	0	0	0	0	0	0	0	0	0	112	0	0	0	0	0	0	0	0	0	0	10	0	0	0	0	0	0	0	0	0	0	0	0	0	0	0	0	0	0	0	0	0	0	0	0	0	0	0	96	36	0	0	0	0	0	0	0	0	0	0	0	0	0	0	0	0	0	0	0	0	0	0	0	0	0	0	0	0	0	0	0	0	0	0	0	339	0	0	0	0	0	0	0	0	0	0	0	0	0	0	0	0	0	0	0	0	0	0	0	0	0	0	0	0	0	0	0	111	0	0	0	0	0	0	0	0	0	0	0	0	0	0	0	0	33	0	0	0	113	0	0	0	43	0	0	0	0	0	0	0	0	0	0	0	0	0	0	0	0	0	0	0	0	0	0	0	0	0	0	0	0	0	0	0	0	0	0	0	0	0	0	0	0	0	0	0	204	0	0	0	0	0	0	0	0	0	0	0	0	0	0	0	0	0	0	0	0	0	0	0	0	0	30	0	0	734	0	0	0	0	0	0	0	159	0	104	0	0	0	0	0	0	0	0	0	0	0	0	0	0	0	0	0	0	0	0	0	0	0	0	0	0	0	0	0	0	0	0	0	0	0	171	0	0	0	83	0	0	0	77	0	0	0	0	0	0	0	0	0	0	0	0	0	0	12	8	0	0	0	0	0	0	0	0	0	0	0	618	0	0	368	0	0	0	0	0	0	0	0	46	0	95	0	0	0	0	0	0	0	0	0	0	0	0	178	0	0	0	0	0	0	0	0	0	0	0	0	0	0	0	0	35	17	0	0	0	0	0	0	0	0	0	0	0	0	221	32	30	0	0	0	0	0	0	0	0	0	0	184	64	224	31	0	0	0	0	0	0	0	57	0	0	0	16	88	0	0	0	0	0	0	0	0	0	70	0	0	518	0	0	0	0	0	0	0	0	0	0	0	0	0	0
g__CAG-170	0	60	0	6	58	14	0	0	0	18	63	12	0	0	0	15	0	0	16	8	0	0	0	0	291	0	48	0	28	0	75	0	0	0	0	0	0	31	13	0	0	0	4	0	0	0	0	47	23	0	0	0	0	0	0	0	0	0	0	0	0	0	0	0	71	0	0	0	0	0	0	0	0	146	0	0	0	0	0	0	0	0	0	0	0	0	4	52	0	9	0	0	0	148	0	0	0	0	0	0	0	0	0	0	0	0	0	0	0	0	0	0	0	0	0	0	0	0	0	0	0	0	0	0	0	0	0	0	0	0	0	27	0	0	0	0	0	0	0	0	0	0	12	0	0	0	61	0	0	0	0	0	0	0	0	0	0	0	0	0	0	0	0	0	63	0	0	0	0	0	0	0	0	0	0	0	0	0	0	0	0	0	0	15	0	0	0	0	0	0	0	0	0	0	0	0	0	0	0	0	0	0	0	0	0	0	0	0	0	0	33	0	0	0	0	0	0	0	0	0	0	0	0	0	0	0	0	0	0	0	0	0	0	0	0	0	0	0	0	0	0	0	0	0	0	0	0	0	0	0	0	0	0	0	0	0	0	0	302	0	0	0	0	0	0	0	0	0	0	0	0	0	0	0	0	0	0	0	0	0	0	10	0	0	0	0	0	41	0	0	0	0	0	0	0	0	0	836	0	0	0	0	0	0	0	0	0	0	0	0	0	631	0	0	0	0	0	0	0	0	0	0	0	0	0	0	0	0	0	0	0	0	0	0	0	0	0	0	0	0	0	14	0	0	33	0	0	0	0	0	0	0	0	0	0	0	0	0	0	0	0	108	0	0	0	12	53	0	0	0	0	0	0	0	57	0	0	0	0	0	82	12	0	0	0	0	0	0	26	0	0	0	0	0	0	0	0	0	145	120	0	0	0	0	0	0	0	0	0	25	0	0	0	0	52	0	0	0	0	0	19	0	0	0	0	0	0	0	11	112	0	0	0	0	174	0	0	0	0	0	214	118	0	0	0	0	0	26	0	0	0	0	3	0	0	0	0	0	0	0	0	0	0	0	0	0	83	0	0	132	78	0	0	0	0	0	0	0	0	0	0	0	0	0
g__CAG-177	0	0	0	7	43	0	40	4	0	76	8	0	0	0	0	6	722	0	0	0	0	0	0	44	757	0	0	0	139	0	0	0	0	0	0	0	0	0	0	0	15	37	0	0	0	0	0	0	9	0	0	0	0	23	0	0	0	0	0	0	811	0	0	4	170	0	0	0	0	0	0	239	0	1721	3	0	0	6	0	0	0	0	0	0	0	0	0	0	0	4	0	0	0	0	0	0	0	0	0	0	0	0	0	0	0	0	0	0	0	0	0	0	0	0	0	0	0	0	0	0	0	0	0	0	0	0	0	0	0	0	0	0	0	0	0	0	0	0	0	0	0	0	0	0	0	0	0	0	0	0	0	0	0	0	0	0	0	0	0	0	0	0	0	0	58	0	525	0	0	0	0	0	0	0	0	0	0	0	0	0	0	0	0	0	0	0	0	0	0	0	0	0	0	0	0	0	0	0	0	0	0	0	0	0	0	0	0	0	0	0	0	0	0	0	0	0	0	0	0	0	0	0	0	0	0	0	0	0	0	0	0	0	0	0	0	0	0	10	0	0	0	0	0	0	0	0	0	0	0	0	0	0	0	0	0	3	0	0	2476	0	0	0	0	0	0	0	0	0	0	0	0	0	0	0	0	0	0	0	0	0	0	8	0	0	0	0	4	46	0	0	0	0	0	0	0	0	0	0	0	0	0	0	0	2	0	0	0	0	0	0	0	2341	0	0	0	0	0	0	0	0	0	0	0	0	0	0	0	0	0	0	0	0	0	0	0	0	0	0	0	0	0	0	0	2	394	0	0	0	0	6	0	0	0	0	0	0	0	0	0	0	0	0	0	828	0	0	0	0	47	0	0	0	0	0	164	0	0	0	0	0	47	0	0	0	0	0	0	0	146	362	5	0	0	0	0	0	0	0	669	59	0	0	0	0	0	0	0	0	0	0	0	0	0	0	0	0	0	2	0	0	0	0	0	0	0	0	0	0	0	0	0	0	0	0	0	0	0	0	0	0	18	24	0	13	173	0	0	130	0	0	0	0	0	0	0	0	0	0	0	0	0	0	0	171	0	0	0	0	0	53	0	0	5	0	0	0	0	0	0	0	0	0	0	0
g__CAG-217	0	192	0	0	0	0	0	116	0	0	98	0	0	0	0	0	0	0	0	0	87	0	0	87	0	0	0	0	84	0	201	0	0	0	0	0	13	0	0	0	0	0	0	0	0	0	0	117	0	0	0	0	0	0	0	140	22	0	2	0	525	0	0	0	0	0	0	0	0	0	0	0	0	606	0	0	0	5	6	0	0	0	0	0	0	0	0	0	0	0	0	0	0	0	0	0	0	120	0	0	0	0	0	0	0	0	0	0	0	0	0	0	0	0	0	0	0	0	0	0	0	0	0	0	0	0	0	0	0	0	0	98	0	0	235	0	0	0	0	0	0	0	0	0	0	0	161	0	0	0	0	0	0	0	0	0	0	0	0	0	0	0	0	0	58	0	0	0	198	0	0	254	5	0	0	0	0	230	0	0	0	0	0	0	0	0	0	0	0	0	0	0	0	0	0	57	247	0	0	0	0	0	0	0	0	0	903	0	0	0	97	0	0	0	235	0	0	0	0	0	253	0	0	0	0	0	0	0	0	0	0	0	0	0	0	0	0	0	0	0	0	0	14	0	0	0	0	0	0	0	0	0	0	0	0	0	0	0	0	0	0	0	0	91	0	0	0	0	0	0	0	0	0	0	0	0	0	0	0	0	0	180	0	0	0	0	0	0	0	0	0	0	0	0	0	0	0	256	0	0	0	0	0	0	0	0	778	0	0	0	0	0	0	0	0	0	0	0	0	0	0	36	0	0	0	0	0	0	0	0	0	0	0	0	0	0	0	0	0	0	0	0	0	22	166	51	0	0	0	0	439	0	0	0	103	144	0	0	0	0	0	337	0	0	0	0	0	0	239	74	56	0	0	0	102	0	0	0	38	0	0	0	24	0	0	0	0	31	90	0	299	199	76	0	0	0	0	0	0	0	0	0	0	0	0	0	0	0	0	0	0	0	0	0	0	0	0	0	0	0	222	19	0	0	0	0	0	0	27	0	0	0	0	0	0	0	0	0	0	81	0	0	0	30	0	0	0	53	0	0	0	0	0	223	109	67	0	0	0	0	0	0	0	0	0	0	75	0	0	0	0	0	0	0	0	0	0	0	0	0	0	134	16	0
g__CAG-488	0	0	0	0	220	0	264	0	151	0	0	46	0	0	178	331	0	0	164	0	0	0	0	9	0	0	0	0	22	0	0	0	0	0	713	0	0	71	7	0	7	0	0	0	0	0	0	0	453	0	0	0	0	0	28	0	0	0	0	0	0	0	0	0	0	0	0	0	0	443	0	0	0	0	0	0	0	0	0	0	0	0	0	0	0	0	26	0	0	0	0	0	0	935	0	0	0	0	0	0	0	0	0	0	0	0	0	163	0	0	0	0	0	0	203	0	0	0	0	0	0	0	0	0	0	0	0	0	0	0	0	0	0	304	0	0	0	0	0	0	0	0	0	0	0	0	0	0	0	0	0	0	0	0	0	0	0	0	7	0	0	0	0	27	0	0	418	0	0	0	0	0	0	0	0	0	0	0	0	0	0	0	0	0	19	0	0	0	0	0	0	0	0	0	1932	0	0	0	0	0	0	0	0	0	0	0	0	0	0	0	0	0	0	0	0	0	0	105	0	0	0	0	0	0	0	4	0	0	0	0	0	0	0	0	0	0	0	0	0	0	0	0	0	0	0	0	0	0	0	0	0	2115	0	0	0	0	0	0	0	3	25	0	0	36	0	0	0	0	0	0	0	0	0	0	0	0	0	0	0	0	0	0	0	0	1556	0	0	1500	0	0	0	0	0	0	0	0	0	0	0	0	0	0	0	0	2918	0	0	0	0	0	0	0	0	0	0	0	0	1959	2	0	0	0	0	0	0	51	0	0	21	0	0	0	0	0	0	0	0	0	221	5	0	0	0	25	0	0	0	0	0	209	0	0	0	0	0	0	15	140	49	0	0	0	0	0	369	0	1734	34	0	99	393	0	837	0	23	0	0	35	0	0	43	4	0	62	0	0	0	0	0	0	0	0	201	0	0	0	0	0	0	0	0	0	0	0	0	0	0	55	0	0	0	0	0	0	0	657	0	0	0	0	0	0	0	0	0	0	0	6	0	0	0	0	0	0	0	0	0	0	0	0	1280	9	0	0	0	0	4	0	0	0	0	0	0	0	0	0	0	0	0	0	0	10	0	628	0	0	0	155	0	21	0	0	0	0	0	0	0	0	0	0	0	0	9	0
g__Catenibacterium	190	1806	0	3	0	0	0	1849	0	2356	1014	360	0	2074	0	802	0	0	684	0	0	0	0	182	0	0	947	0	0	1172	0	0	0	3058	2728	0	1607	418	0	0	52	0	0	330	0	0	239	465	0	11620	0	0	4	0	0	0	1358	0	0	0	0	0	0	0	1049	0	0	0	0	0	0	0	0	0	1503	0	0	19	0	0	0	0	0	0	0	0	0	0	0	0	0	0	0	0	0	0	0	0	0	0	0	0	0	0	0	0	0	0	0	0	0	0	0	0	0	0	0	0	0	0	0	0	0	0	0	4852	0	5	0	0	0	393	0	0	0	0	0	0	0	0	0	0	0	0	0	337	0	0	0	0	0	0	2	0	0	0	0	0	0	0	0	0	0	0	0	0	587	0	0	0	166	0	0	0	0	1773	0	0	0	0	0	0	0	0	0	0	0	0	0	0	0	0	0	0	518	0	0	0	0	0	0	0	0	0	0	0	0	0	1880	0	0	0	0	0	0	0	0	0	0	0	0	0	0	0	0	0	0	0	0	0	7	0	0	0	0	0	8	0	0	0	0	0	62	0	0	0	0	28	0	0	0	0	0	0	0	0	0	0	1524	0	12	0	0	0	0	0	0	0	0	0	0	0	0	0	0	0	0	0	0	0	0	400	0	0	0	0	0	0	0	0	0	0	0	0	0	0	0	0	0	0	0	0	0	4130	0	0	0	0	0	0	0	0	0	0	0	0	0	1509	0	0	0	0	5342	0	0	3	0	0	229	0	0	0	268	0	0	0	656	0	0	0	0	0	0	0	0	0	2458	0	0	795	0	0	0	0	0	0	0	0	191	8	0	0	0	0	675	0	0	290	4087	0	2424	0	0	0	0	2124	3	87	246	0	482	0	0	0	785	0	0	0	197	0	0	942	0	0	0	0	0	0	0	0	0	0	0	0	0	0	0	23	0	0	0	0	0	0	0	0	0	0	0	0	0	0	0	0	0	0	0	0	0	0	0	0	3	0	0	0	0	0	0	0	0	0	0	66	0	0	0	0	0	0	0	0	0	0	0	0	0	0	0	0	0	0	0	0	0	0	0	0	0	0	0	0	388	0	1008	0	0	0	0	0	0	0	473	0
g__Choladousia	0	16	52	49	0	5	86	94	42	8	64	8	0	24	0	43	0	36	38	0	0	0	0	7	48	17	61	69	25	0	40	0	0	50	0	0	280	88	15	0	77	0	0	0	0	0	0	21	0	0	0	0	0	0	86	0	74	17	0	0	31	0	0	0	87	0	0	0	0	11	0	0	0	75	0	0	0	0	0	0	0	0	0	83	0	0	0	25	0	5	8	0	0	0	0	0	0	0	0	0	0	0	0	0	0	0	0	0	0	50	0	0	0	0	0	0	0	0	0	0	49	0	0	0	0	0	30	0	0	0	0	63	0	0	0	0	0	0	0	0	0	0	31	0	0	0	0	0	0	0	0	0	0	0	0	0	0	0	0	0	0	0	0	0	36	0	15	0	13	0	0	42	0	0	0	0	0	24	0	0	0	0	0	0	0	6	0	0	0	0	0	0	0	0	0	68	0	0	0	0	0	0	0	0	0	0	0	0	0	0	30	0	0	0	0	0	0	0	0	0	0	0	0	0	0	0	0	0	0	0	0	0	0	0	0	0	0	0	0	0	0	0	0	0	0	0	0	0	0	0	0	81	0	0	0	0	0	0	12	0	0	0	0	61	0	0	0	0	0	0	0	0	0	0	0	0	0	0	84	58	0	137	0	0	144	0	0	46	0	0	0	0	0	0	0	0	0	323	0	0	0	0	0	9	0	90	0	0	0	0	0	213	0	0	0	0	0	0	0	0	0	44	0	0	0	0	0	0	0	0	0	0	0	0	0	129	0	0	0	0	0	37	0	50	38	0	0	48	0	0	0	0	0	16	0	38	23	12	25	0	0	0	0	0	0	0	11	40	30	60	131	0	145	0	25	0	0	18	6	0	17	0	0	57	0	0	0	0	9	0	39	18	0	0	0	0	35	0	0	0	0	0	0	13	0	12	0	0	0	0	0	0	25	0	11	0	0	17	0	0	12	0	0	0	0	0	0	0	0	13	0	0	29	0	0	0	26	0	0	30	0	0	16	48	0	0	0	0	0	0	0	0	58	0	0	40	28	0	0	0	0	0	0	5	0	0	29	0	0	47	0	0	70	0	0	0	0	0	0	0	0	0	9	0
g__Clostridium	0	0	380	0	309	0	1659	269	5	65	152	32	1143	9	0	30	154	0	0	166	24	616	0	41	0	0	13	0	296	68	157	50	8	132	0	33	0	293	519	1351	54	46	17	0	0	57	20	14	208	0	156	0	13	8	547	70	2119	31	0	4	8	572	88	1283	541	60	711	3	247	85	0	0	489	1576	0	615	829	22	137	568	66	113	35	1938	326	741	4	1130	8	0	8	10	0	48	0	0	1324	16	6	11	4	16	0	0	248	263	43	0	171	212	251	170	6355	388	2572	140	0	2443	19	215	58	138	65	0	8	871	5	129	0	0	52	0	34	0	0	0	81	18	0	50	0	0	37	188	0	0	8	6	0	57	0	65	43	161	4	9	0	35	7	0	0	0	34	156	40	0	90	0	0	84	0	51	168	170	587	0	12	984	53	39	73	0	0	416	339	26	0	9	20	18	0	12	31	3	298	0	0	0	0	4916	73	0	0	19	29	12	13	33	0	2984	145	1645	3771	76	5719	27	0	2118	0	552	134	19	4	18	114	98	0	253	24	0	0	0	0	25	7	477	116	0	213	0	739	8	0	28	12	0	0	0	0	0	16	25	0	607	0	0	0	0	0	0	0	26	65	348	0	7	35	0	133	65	0	0	16	7	727	383	4	37	47	6426	148	767	79	1169	80	0	5505	53	211	365	122	994	21	93	57	174	0	0	563	2861	527	0	779	45	0	690	1374	63	0	4	0	0	22	0	0	0	21	40	0	30	0	0	0	3	14	0	21	0	19	29	143	68	7	784	0	243	58	0	18	65	64	274	155	331	28	4	259	17	220	291	43	15	192	6	0	160	178	14	260	0	0	0	1236	298	28	0	26	43	16	33	0	345	0	0	178	16	6	0	40	42	130	0	0	221	0	3	27	537	115	7	66	3	32	0	0	58	217	4	104	133	0	111	0	35	0	13	0	10	0	476	289	120	0	242	660	67	74	61	8	0	0	0	64	50	8	378	820	23	125	437	53	50	21	69	3	295	14	36	7	436	251	49	60	3	36	8	7	0	251	0	25	12	26	77	39	34	125	18	191	0	0	4	14	0	246	14	0	204	0	40	11	0	16	0	0	0	0	38	288	12	9	0	144	0
g__Clostridium_A	21	0	17	14	590	56	0	0	254	49	21	0	53	0	267	0	109	0	42	838	11	0	30	219	80	18	31	43	9	119	152	10	34	32	38	2	6	9	0	19	15	57	39	59	76	23	71	0	30	0	0	24	9	61	0	69	28	55	0	19	0	68	114	0	86	48	49	15	30	7	14	185	56	5	24	0	0	17	47	0	20	8	15	0	0	109	58	0	14	0	20	40	6	111	48	0	0	0	0	9	13	24	0	0	21	30	14	6	44	0	11	11	0	17	1	14	0	0	87	0	0	23	28	14	19	3	40	0	12	8	11	0	10	42	9	190	244	4	49	0	0	7	0	47	19	12	67	22	16	29	0	63	60	76	0	13	0	104	27	0	21	12	17	9	29	11	43	0	352	0	0	27	36	19	30	14	39	13	10	5	0	0	0	35	10	6	0	0	10	42	10	0	0	20	0	14	22	0	0	0	50	0	19	64	425	13	101	80	7	0	14	0	0	39	19	3	0	32	9	69	14	0	28	322	0	42	0	0	0	0	0	16	9	0	9	0	0	0	0	29	67	27	0	18	0	0	0	0	0	0	11	46	43	120	0	0	31	21	41	0	169	0	0	0	0	74	0	0	0	0	114	7	87	0	18	0	0	13	0	51	0	0	0	31	76	13	22	63	32	10	0	184	30	31	49	49	0	53	304	0	0	30	0	9	90	25	94	8	0	26	34	182	52	0	0	5	154	0	12	20	5	0	13	68	3	10	40	33	6	10	90	22	0	0	34	0	0	557	23	15	13	1181	169	8	221	8	0	0	35	13	0	31	22	7	3	26	9	59	0	10	8	23	7	300	72	25	77	4	6	0	81	69	10	0	103	0	0	0	0	5	14	22	6	25	0	2	71	20	7	25	0	5	10	0	24	3	25	76	81	146	84	91	68	307	15	221	28	78	5	15	5	0	24	56	0	728	5	6	121	21	4	20	230	22	59	51	53	19	16	32	9	21	65	26	26	7	7	27	111	6	0	20	8	0	16	84	21	0	89	0	21	4	3	15	5	3	25	0	51	6	19	31	704	50	8	19	8	15	7	21	73	0	34	13	7	0	15	10	5	0	51	0	0	0
g__Clostridium_AP	0	0	0	0	0	0	0	0	0	0	0	0	0	0	6	0	0	0	0	19	0	0	0	0	0	0	0	28	0	58	0	0	0	0	28	0	0	0	0	13	19	0	0	0	23	0	0	0	80	0	0	0	75	0	0	20	0	0	0	0	6	0	16	0	0	111	0	49	0	0	0	0	0	0	0	0	0	0	43	0	0	0	0	0	0	0	0	0	0	0	0	0	0	0	0	0	0	0	0	0	0	0	0	0	0	0	104	0	0	0	0	0	0	100	0	0	0	0	0	0	0	0	81	0	0	0	0	0	0	0	0	0	0	0	59	0	0	0	0	0	0	0	0	24	0	0	48	0	0	0	0	0	0	0	0	0	0	0	0	0	13	52	0	0	0	0	0	0	0	0	0	0	86	0	0	0	0	0	0	0	39	0	0	0	0	0	0	24	0	0	0	0	74	0	0	21	0	0	0	0	209	0	0	101	0	20	0	10	0	0	0	0	0	0	0	0	0	0	0	0	15	0	0	42	0	227	0	0	0	0	0	107	0	27	0	0	0	0	0	0	0	14	0	0	0	0	0	0	0	0	0	0	71	0	0	0	0	0	0	0	0	0	0	0	0	0	0	0	23	0	43	7	0	0	0	0	0	0	0	44	37	0	0	0	0	0	0	0	12	0	0	0	0	0	0	114	0	0	432	0	0	0	0	0	62	0	0	0	0	0	0	0	0	0	0	0	0	0	0	7	0	0	0	332	0	0	0	0	0	0	198	5	12	27	0	48	56	45	0	56	0	63	268	0	9	0	0	0	0	0	0	59	0	17	0	0	0	0	0	0	0	53	0	0	0	0	0	0	0	0	0	154	0	0	0	0	0	0	0	0	0	0	0	0	0	0	14	0	0	0	0	0	0	0	53	0	0	14	0	0	39	102	89	0	11	95	32	168	0	14	20	0	0	203	0	0	0	0	0	5	0	0	25	0	0	48	38	0	0	0	0	0	0	0	0	0	0	0	0	0	0	0	0	0	9	0	0	0	33	0	0	30	0	0	0	0	0	0	0	0	40	23	30	0	0	0	0	25	0	0	0	0	0	0	42	0	0	0	0	0	0	0	0	0
g__Collinsella	5	1586	6024	5809	1812	850	3860	2590	2378	3635	5383	242	3406	3805	6576	1490	4509	8108	1247	2494	862	9623	670	3109	4235	605	7516	6246	1182	5666	491	5752	896	4659	1277	740	69	635	89	3551	4844	1275	2428	884	18992	0	182	263	4176	5173	0	0	3	8651	2213	1031	705	15820	0	9655	8122	2056	11140	34	3014	3289	1274	0	205	1068	0	23	2	3513	6	11310	0	1259	2242	4	7	5784	18	2078	20	5	3	1634	6	10313	104	52	8492	5208	22298	34	374	6427	0	1543	2	3001	3756	0	1438	3	1081	1299	0	1933	0	493	29	0	1494	0	3	0	10	0	1069	6	3699	5341	0	331	6501	25	2008	0	0	26	685	2238	3	0	0	8	8444	3	2	4	1230	0	0	2008	2922	481	0	950	0	1241	22	12	2	1452	259	9	1154	0	179	4792	5	7938	1656	876	738	431	5468	20634	1186	0	2624	2220	5201	2075	0	1481	775	2002	22369	1484	0	492	0	350	1395	0	7131	2705	12993	0	0	4	918	565	501	0	0	264	0	0	8396	0	890	0	6236	5924	4	0	2704	1825	2	20253	9	0	20	1547	2588	4	0	5	4	2	21	2982	3	2	4544	3	6	6077	8	5	3173	2541	0	99	44	22	1912	0	3155	9142	17	2946	14	793	6	0	1040	19415	6	2661	14	9603	15	7	13239	53	204	0	8815	1170	0	0	0	2754	0	0	1453	0	731	30	34	6	8468	0	1410	2461	2314	2076	5	6	5509	10589	10312	3697	12743	7585	11	38	0	1452	6	17386	0	3546	0	0	0	3	0	5401	3072	9259	4286	13591	9	6400	3998	3055	0	10	13	0	25250	1728	3	1402	27	2389	754	0	203	694	3434	1323	1867	174	4797	3165	57	0	0	0	503	547	1550	2416	654	4	8	2403	1462	11	6640	2110	20074	4952	0	6	3680	0	0	771	5462	0	1081	2750	0	2579	1956	5540	1451	0	2204	417	4089	261	11151	3	337	6	3564	8948	0	144	464	0	494	1796	349	170	559	298	2437	0	1406	492	2540	4998	6840	5453	0	4455	0	1081	577	1095	10	9	3	11086	0	3	0	56	8393	3	16021	372	13012	4227	99	805	897	10380	6	6	766	2379	4755	0	5	4590	7065	1072	1188	951	630	2956	1310	1343	1789	2485	626	2709	3921	3176	7	1846	1478	580	18	0	651	0	0	2	1279	1476	1369	198	2239	4941	2125	4378	6781	1119	0	10	1918	2294	3	614	157	5902	3	553	1028	481	395	3768	449	0	23	2346	16	42	915	1407	2569	5
g__Coprococcus_A	0	41	0	146	211	144	141	247	0	46	94	23	0	218	170	63	239	75	77	0	0	75	14	51	125	83	155	0	92	0	68	0	0	43	0	0	10	111	20	41	0	0	61	218	34	0	0	79	0	228	0	0	0	54	211	86	185	0	0	0	180	0	0	0	147	0	90	0	8	41	0	0	0	217	0	0	0	6	220	0	0	103	0	62	0	0	14	90	0	176	0	0	52	64	0	0	0	99	0	100	0	0	50	0	116	0	0	56	0	33	0	70	0	0	0	0	0	0	0	0	51	0	0	0	0	19	86	0	0	48	0	127	0	87	0	0	172	0	0	0	0	0	54	0	0	0	125	90	0	0	0	172	0	212	0	31	0	0	29	0	0	0	0	0	75	0	63	37	15	156	28	64	63	0	0	16	0	133	13	0	0	0	0	106	0	0	70	0	0	0	0	0	93	0	80	47	20	0	0	0	0	0	0	0	0	191	0	41	0	0	29	0	0	0	29	0	0	64	66	0	154	0	0	0	0	0	0	0	0	0	0	0	0	0	0	0	0	0	0	0	0	0	36	79	0	0	0	0	0	0	0	172	0	109	0	0	0	0	110	0	0	0	0	0	0	0	0	0	0	0	17	0	0	0	0	0	0	0	0	0	0	66	0	0	257	0	0	185	863	0	0	384	0	0	0	0	0	225	0	0	0	0	0	235	49	890	59	0	0	0	0	181	0	0	0	0	0	117	0	0	0	71	121	0	0	18	47	29	16	0	65	55	0	23	0	0	0	0	0	0	0	0	0	179	63	0	70	117	0	57	90	0	55	0	50	67	35	0	0	0	0	531	0	0	156	75	123	87	302	65	566	120	167	0	233	0	38	40	14	0	42	0	27	44	0	0	56	207	28	0	83	33	165	0	0	0	74	0	143	234	0	0	0	94	0	0	0	0	0	143	127	0	53	0	78	98	0	10	0	92	23	39	0	0	0	0	0	0	0	94	0	0	39	0	0	15	0	157	75	70	54	41	65	33	0	0	54	0	0	0	0	49	59	77	0	121	0	0	0	0	68	0	75	0	0	54	90	0	0	115	88	0	77	0	19	0	34	28	0	0	0	0	26	0
g__Dialister	0	0	210	1022	264	0	0	0	0	0	2730	1391	0	244	0	0	0	0	0	162	218	149	52	0	2472	0	874	26	3148	1585	0	91	0	0	0	745	31	0	0	0	0	220	340	0	0	7	0	0	0	0	0	226	479	0	0	2422	33	1497	0	564	0	139	0	17	0	1634	1027	2883	68	372	2262	8136	1926	0	225	0	0	0	354	0	0	0	69	0	0	0	0	0	0	0	0	0	122	0	8	18	27	0	0	0	0	59	0	0	431	0	405	4	9	0	222	0	0	0	0	0	583	0	0	1481	52	1279	0	25	2383	0	2	3	0	0	1475	0	2	0	517	0	328	103	369	0	155	561	224	0	1013	87	2	179	0	0	0	171	46	4	0	542	0	0	4	26	413	0	5	14	0	113	933	0	2132	2	0	0	370	0	0	0	0	613	0	84	180	0	7	728	0	0	375	0	0	358	0	0	477	0	0	0	341	0	0	0	0	1184	0	356	16	0	1457	302	72	559	0	16	4	1211	1422	866	0	0	0	0	1554	0	3	20	0	0	5	55	57	0	400	0	136	44	436	1019	1063	0	0	724	295	0	11	4167	0	19	662	294	0	0	69	0	0	1464	0	1881	460	0	0	0	21	0	2	13	0	744	0	69	0	55	0	1424	0	1770	0	8	5	0	0	577	788	0	3	0	2995	1010	2666	4	7	1167	917	46	558	0	0	742	1749	0	785	0	0	515	875	1378	0	1134	742	0	0	0	0	2496	0	0	0	219	1216	4770	346	257	0	0	27	650	0	0	7	0	29	0	5	5	0	0	0	271	0	4	1098	460	30	104	0	0	1806	2	0	3011	4	3	626	370	831	0	0	0	0	166	0	0	0	0	0	823	145	10	0	3	0	8	0	1606	0	0	0	0	0	0	0	0	0	29	0	0	0	0	9	0	0	1151	0	0	0	0	2	0	1898	1266	737	2012	0	452	664	4821	941	0	0	902	723	0	142	0	0	504	120	0	1337	0	164	0	0	124	1135	570	0	836	1965	0	194	8	5	0	0	2406	731	381	136	0	2779	2	0	0	253	0	4	551	0	130	513	0	12	1060	0	7	0	254	0	0	0	479	380	3187	733	2400	0	480	422	364	429	0	0	0	0	0	0	330	3	95	306	4	0	413	0	0
g__Dorea	0	95	332	126	55	229	379	376	116	281	226	113	147	275	0	202	190	71	130	22	123	60	164	203	99	532	48	0	295	255	88	0	0	853	0	0	2276	239	34	148	32	105	147	221	440	0	0	121	0	80	0	0	0	310	575	172	164	0	0	815	657	310	0	0	297	0	313	526	167	67	0	0	118	675	0	0	0	4	0	199	0	219	0	177	0	0	55	204	0	181	0	0	0	237	0	0	64	32	0	125	0	0	34	0	53	0	0	198	0	128	0	0	0	0	115	0	0	0	0	0	22	0	327	0	0	228	162	0	0	45	62	229	0	0	142	0	108	0	0	0	0	0	88	363	0	0	203	119	143	487	0	321	120	79	0	232	0	0	121	0	82	0	0	89	348	104	194	64	0	624	65	0	211	0	0	157	0	293	36	0	0	0	0	113	232	32	58	0	0	0	87	0	0	449	116	284	228	0	0	0	206	0	0	0	0	237	0	414	0	0	92	58	0	202	80	0	0	0	158	0	214	0	0	0	0	733	0	0	0	0	0	0	0	0	484	397	0	12	0	0	407	0	27	340	0	8	0	8	0	0	0	375	0	421	0	278	5	0	188	570	0	0	0	31	0	143	127	0	0	0	48	0	415	0	7	0	0	0	0	0	674	77	0	0	1002	136	338	117	965	0	0	680	0	0	0	0	30	433	0	0	0	0	0	285	239	474	0	0	0	5	279	945	614	4	0	298	892	940	0	139	206	86	191	0	0	180	78	0	41	0	26	119	0	126	0	0	280	0	203	0	279	189	0	395	199	0	148	333	389	224	0	0	334	0	62	266	168	0	22	421	0	0	240	0	0	0	785	15	299	206	338	155	185	0	104	446	201	47	74	0	124	52	44	139	17	0	64	395	77	33	323	154	497	94	0	24	245	140	86	79	142	0	0	143	130	0	0	49	206	167	0	0	86	0	122	189	217	415	0	0	75	0	101	0	0	72	263	20	29	215	0	0	64	0	0	62	78	303	168	36	24	162	71	108	0	0	88	180	135	134	113	241	145	76	68	44	107	93	0	26	288	0	66	290	0	54	131	0	0	132	53	0	73	0	88	0	53	59	0	0	40	71	76	0
g__Dorea_A	0	248	335	633	197	895	807	745	237	590	622	396	0	270	0	217	692	368	427	0	444	154	461	194	550	878	180	0	680	540	238	0	0	891	0	139	760	303	90	333	125	170	139	318	1890	0	22	174	55	1071	0	0	0	4378	885	1263	407	992	0	0	680	532	0	10	1422	0	203	1239	80	88	0	12	0	1053	0	0	0	18	683	0	0	264	0	147	0	0	194	116	0	626	10	0	0	474	0	1343	89	432	0	592	0	27	146	0	407	0	0	355	0	490	0	0	0	0	104	0	0	0	0	0	28	0	0	0	0	247	149	0	0	86	0	255	0	466	0	0	0	0	0	0	0	0	59	0	904	0	133	227	0	196	0	279	78	205	0	376	0	0	41	0	59	0	0	397	333	205	121	48	135	0	286	213	194	1135	505	103	0	264	323	0	0	244	346	171	2058	465	245	0	0	0	116	0	0	0	488	516	605	0	0	421	0	0	0	0	0	240	906	235	0	0	213	0	673	1399	3334	0	0	304	210	0	165	0	0	0	0	0	0	5	0	6	9	0	0	0	2998	0	612	33	0	0	1565	0	34	1360	0	397	30	0	0	0	0	576	0	362	0	0	0	0	953	11	0	0	1322	37	0	0	479	0	0	0	0	0	210	10	1148	0	2003	0	738	321	1332	247	0	0	1320	478	1349	584	0	753	0	980	0	1987	1284	0	803	427	0	0	0	11	4	858	1818	836	0	0	0	0	1467	741	2473	0	0	853	703	1392	0	304	0	102	425	0	0	107	5	79	43	146	845	899	45	0	0	0	1107	352	422	0	263	0	0	829	952	0	453	298	1474	957	6	0	450	158	513	135	593	0	49	1939	0	0	475	445	128	1041	813	16	993	268	1594	0	458	0	311	2589	299	98	111	1023	121	213	60	136	0	0	277	1145	200	173	1978	185	578	246	0	0	512	283	302	385	683	0	0	953	697	0	71	19	0	491	0	0	1936	0	199	195	279	1070	0	0	169	401	333	0	0	0	5	0	93	423	50	0	113	0	0	86	241	117	793	114	186	246	111	138	278	0	141	238	626	183	168	0	271	267	92	150	118	228	0	47	746	0	82	675	0	282	197	976	0	182	0	554	14	2554	0	0	129	90	0	7	66	0	100	128
g__Dorea_D	0	9	0	0	0	30	24	69	39	0	60	0	0	0	341	0	112	0	11	0	0	0	42	36	0	0	133	0	0	0	0	0	0	0	0	0	96	32	0	129	49	0	0	0	0	0	0	0	0	0	0	0	0	0	0	0	0	0	0	0	10	0	0	0	0	0	0	0	0	0	0	0	0	0	0	0	0	0	192	0	0	0	0	16	0	0	0	0	0	0	0	0	0	0	0	0	0	0	0	0	0	0	0	0	0	0	0	0	0	42	0	0	0	0	0	0	0	0	0	0	0	0	0	0	0	42	0	0	0	25	0	18	0	0	0	0	0	0	0	0	0	0	0	0	0	0	0	0	0	0	0	0	0	0	0	0	0	0	0	0	0	0	0	0	29	0	0	0	10	0	16	0	0	0	0	0	0	0	0	0	0	0	0	0	0	0	37	0	0	0	0	0	0	0	0	0	0	0	0	0	0	0	0	0	0	0	0	48	0	0	30	0	0	0	0	0	0	0	0	0	466	0	0	0	0	0	0	0	0	0	0	0	0	0	0	0	0	0	0	0	0	0	0	0	0	0	0	0	0	0	0	0	0	117	0	0	0	0	47	0	0	0	0	0	0	82	0	0	0	0	0	0	0	0	0	0	0	0	0	0	0	0	0	0	263	0	0	34	0	0	0	0	0	0	0	0	0	0	0	0	0	0	0	0	0	0	0	0	0	0	0	148	0	0	0	0	0	0	0	0	0	0	0	0	0	0	0	0	0	0	0	0	0	0	0	0	0	0	45	0	0	0	0	22	87	0	0	0	0	0	0	0	0	0	0	0	0	0	0	0	0	534	0	131	0	254	0	0	0	21	78	0	0	0	0	0	0	18	0	0	0	0	0	0	0	0	0	0	0	0	0	0	0	0	0	0	0	0	0	0	0	0	938	48	0	0	0	504	0	0	0	0	0	0	0	97	217	52	0	201	0	0	0	0	0	283	0	0	0	45	0	0	0	0	0	0	0	0	0	0	0	0	0	13	0	0	17	0	17	0	0	0	43	10	0	0	0	0	146	0	0	0	30	0	0	0	42	0	0	0	0	0	84	0	0	0	0	0	0	0	0	0	0	0
g__Dysosmobacter	3	62	16	61	0	181	0	0	97	48	44	0	139	17	122	67	184	64	34	103	78	19	8	9	522	81	78	421	166	84	82	79	104	0	103	39	20	206	5	12	31	12	29	252	15	0	101	93	72	0	0	0	0	0	8	4	0	147	0	0	1002	196	122	2	66	151	38	0	5	116	0	165	375	116	0	0	0	0	47	0	0	64	0	17	0	0	19	65	0	46	12	0	0	314	4	0	62	48	94	14	0	536	0	0	155	0	68	41	0	60	14	0	0	102	10	0	0	0	0	0	0	0	98	29	267	0	82	0	0	51	0	83	0	77	55	0	259	0	654	0	110	0	483	40	0	283	100	39	9	0	0	33	338	40	0	0	0	0	5	0	261	21	11	0	17	5	29	10	316	0	0	18	20	3	0	0	0	94	0	0	0	0	3	53	47	0	41	4	2	18	0	0	0	303	72	37	98	0	0	0	79	110	0	0	405	0	298	706	0	0	102	49	0	0	0	20	0	129	0	0	30	0	0	0	0	149	0	0	0	0	0	0	0	0	2	0	0	5	0	0	0	0	0	10	0	5	78	0	0	0	0	17	3	14	0	0	0	0	111	69	0	0	74	19	0	0	0	0	0	0	21	0	30	2362	3	0	135	0	230	49	337	6	0	0	26	11	0	222	57	116	0	134	0	0	263	0	0	116	0	0	0	2	0	66	343	0	15	0	0	0	10	285	0	0	0	34	0	75	0	93	0	17	0	392	0	16	51	74	10	0	266	111	75	2	739	0	124	274	8	59	2	229	0	15	139	31	13	27	0	11	51	52	11	0	0	11	0	0	0	136	0	230	67	248	344	335	228	44	34	108	88	94	33	0	216	12	153	63	0	88	65	70	17	45	22	0	131	97	73	48	6	20	9	21	38	2	14	51	152	80	103	305	134	121	0	394	216	113	96	105	13	48	0	312	118	148	102	10	46	47	133	70	82	49	11	149	31	90	62	145	188	0	100	21	132	11	29	226	58	64	68	181	21	21	82	0	54	19	164	0	3	204	32	224	15	18	84	0	106	48	62	24	143	135	0	30	75	64	0	111	347	185	130	0	21	0	31	16	0	0	50	20	0	11
g__Eggerthella	396	7	91	9	75	36	0	14	48	0	0	0	16	45	49	0	19	0	0	28	11	108	6	8	9	0	7	25	0	74	58	0	164	0	29	0	0	0	0	0	68	49	52	8	4	526	98	0	30	0	0	337	2080	10	131	170	0	211	0	101	15	0	1081	0	0	0	542	180	18	11	0	231	2173	0	0	0	0	0	168	93	0	82	0	0	0	0	27	30	66	27	453	0	46	0	109	0	9	0	0	107	0	41	0	22	0	0	0	15	608	8	643	57	0	65	2	0	200	0	0	125	20	0	0	182	895	0	12	0	19	0	0	0	40	31	255	0	133	156	164	349	419	0	13	94	157	8	0	87	117	0	0	383	161	0	0	9	0	0	14	0	47	64	0	0	11	0	7	20	50	45	0	76	0	54	0	0	95	0	17	0	68	23	20	0	269	4	24	0	0	33	0	3	404	109	0	52	17	168	0	0	297	142	147	560	109	40	31	127	50	4	8	29	0	166	71	0	777	22	6	0	32	0	0	215	0	84	0	0	0	106	282	351	2	0	1066	173	4	0	0	0	84	0	2	37	0	9	73	140	0	0	32	86	239	253	0	412	0	0	20	224	0	0	9	4	0	31	79	23	18	0	385	19	31	107	332	0	128	0	8	23	131	0	0	0	47	29	0	0	24	23	0	8	147	65	0	34	0	0	0	0	0	1205	3	0	130	206	122	5	0	74	29	0	21	0	0	60	0	41	0	44	36	5	0	212	0	16	5	7	0	0	165	27	0	27	137	0	0	88	16	27	35	87	0	0	8	67	0	32	136	0	176	18	26	18	0	25	0	79	0	0	140	0	79	30	59	239	18	28	0	11	38	611	53	0	110	278	36	0	0	11	0	4	0	0	4	30	0	136	36	0	0	18	287	15	103	0	27	54	20	39	0	197	132	4	33	394	94	650	33	159	43	209	37	1110	0	70	32	152	345	262	0	0	40	121	418	92	127	22	45	108	52	94	37	46	39	19	5	15	73	72	21	0	0	0	44	117	9	8	33	54	21	237	8	0	5	4	30	16	88	36	68	28	55	0	33	19	0	236	0	7	33	48	9	690	33	0	68	0	58	141	0	17	0	19
g__Enterobacter	0	0	0	39	0	0	0	0	0	24	0	0	0	0	0	0	0	0	5	0	0	0	638	0	16	92	0	0	0	36	0	40	0	0	0	0	0	190	24	0	23	0	0	9	0	9	0	12	0	0	143	0	0	0	15	0	177	335	0	0	0	86	0	749	0	46	0	68	0	0	39	0	0	0	0	18	30	0	0	0	362	0	0	0	0	97	0	0	0	0	0	0	0	0	0	0	0	0	0	0	0	0	136	0	0	0	0	0	0	0	24	0	213	89	462	32	0	0	0	24	313	0	0	0	0	18	0	17	0	0	0	0	0	0	0	24	10	0	0	0	37	0	0	0	0	705	0	0	0	0	441	19	0	0	0	0	0	0	0	0	0	0	22	0	0	48	14	0	0	0	0	0	0	0	0	0	0	0	0	0	0	0	0	0	0	892	0	0	0	0	0	0	0	0	100	0	0	0	0	0	0	0	33	0	0	0	0	0	0	0	0	0	0	0	0	0	44	0	0	0	0	1336	0	0	66	0	28	49	0	56	32	0	51	0	0	0	0	0	308	69	0	0	73	0	0	0	0	0	1445	40	256	0	1131	0	0	0	0	0	0	22	1660	2373	8	0	0	0	0	0	0	0	0	0	0	0	21	84	0	0	0	0	0	0	0	0	137	0	0	0	0	0	0	31	0	0	16	0	0	0	0	16	0	0	2	0	0	0	76	6	620	60	0	0	0	351	0	0	0	19	0	0	0	0	0	0	0	0	14	68	0	0	0	0	0	15	0	0	0	0	0	0	0	0	18	0	0	0	0	0	41	0	126	0	0	0	0	0	0	0	0	0	0	0	0	0	29	0	0	3629	0	0	0	5	0	0	0	15	0	0	2321	117	0	0	0	0	0	0	0	0	0	42	0	0	0	0	38	0	21	39	0	0	0	0	0	0	29	0	13	0	0	0	22	16	642	0	20	75	0	8	0	0	0	0	0	0	0	55	175	0	0	0	0	0	59	0	0	0	0	0	0	0	0	0	0	409	0	107	0	0	0	0	0	0	0	0	0	0	0	0	0	0	0	0	0	0	0	0	0	14	26	0	0	0	0	0	0	0	20	0	0	0	43	0	0	46
g__Enterocloster	310	211	24	78	105	1797	630	765	133	319	82	27	81	161	663	122	171	390	107	162	379	196	11	145	218	680	58	198	29	195	38	265	87	0	66	138	27	30	37	0	48	20	74	564	30	0	53	112	201	326	0	321	98	0	77	268	95	217	0	510	141	495	127	0	73	168	0	563	517	14	10715	271	581	95	243	539	0	77	1385	5	1747	14	481	63	0	0	310	0	74	0	621	3376	0	153	0	0	54	312	818	91	403	453	224	723	55	3217	96	335	0	33	347	62	143	926	91	2110	735	160	187	602	21	678	314	54	190	196	0	0	106	267	0	61	71	420	34	0	333	102	159	14	205	135	297	21	20	157	0	334	74	7	0	80	131	99	449	46	125	569	19	55	81	122	296	35	0	7	11	129	148	0	26	17	21	20	222	15	206	22	80	0	0	189	74	0	134	54	64	178	15	87	60	48	792	207	0	149	33	2602	133	329	64	387	4	3958	964	41	340	45	798	505	148	162	0	81	63	495	3908	61	317	22	84	2943	8	160	0	30	77	600	265	72	220	124	266	40	511	56	105	13	315	1006	25	227	25	96	0	213	134	21	0	279	121	137	1175	0	0	123	618	2917	0	396	85	0	38	0	0	207	255	218	37	0	156	111	76	200	2304	160	87	1899	145	275	267	45	1528	0	34	147	214	400	134	134	3618	126	604	39	403	310	231	128	800	0	0	43	0	62	26	0	318	0	0	441	54	27	1455	0	0	84	649	223	298	383	616	125	769	1054	410	555	43	425	155	3168	345	728	49	110	628	140	411	138	40	196	97	393	5834	1130	80	105	125	41	97	130	119	842	349	141	19	38	64	0	13	75	322	1302	1405	419	287	576	823	252	331	176	435	731	516	40	56	109	2998	0	183	246	30	218	61	184	79	974	22	542	147	151	344	42	25	0	209	369	79	309	19	111	240	1243	893	121	65	194	1164	624	774	381	103	560	678	164	59	151	348	327	618	127	69	662	596	196	68	68	726	66	113	0	124	579	120	8	97	51	223	117	98	60	38	44	70	44	286	1834	111	93	154	350	46	318	99	808	95	191	125	0	1483	0	350	249	191	240	475	298	83	200	377	136	157	360	8	606	1363	200	77	70	39	933	252	14	156	165
g__Enterococcus	0	0	0	0	0	0	0	0	0	0	0	0	0	0	0	0	0	0	0	0	0	0	15	8	0	428	0	0	0	0	0	0	0	0	0	0	0	0	0	0	0	0	0	0	0	0	36	0	0	0	0	0	0	0	0	0	0	0	0	0	0	4	0	200	0	0	0	0	0	7	447	0	0	0	0	11	2835	0	0	0	13	0	0	0	40	31	0	0	56	0	0	0	0	0	0	0	0	0	13	0	0	0	0	4	0	10	0	0	0	0	0	0	58	0	0	4	30	20	0	0	0	0	0	0	0	0	0	0	0	0	0	0	0	0	0	0	0	0	0	0	0	7	0	0	0	0	0	0	0	0	376	32	0	0	2	0	0	22	0	69	0	0	0	0	0	0	0	0	0	0	0	14	4	0	0	0	0	0	0	0	0	0	5	0	0	0	0	0	5	0	0	0	0	0	0	0	0	0	0	0	0	0	0	0	117	0	0	0	0	0	0	0	0	0	0	0	0	0	0	0	0	0	0	0	0	0	0	0	0	0	14	0	0	14	0	0	24	0	521	0	0	0	0	0	0	53	0	0	0	63	8	86	0	0	10378	0	0	0	0	0	0	0	0	0	0	0	0	0	0	0	0	0	0	0	0	37	0	0	0	9	0	0	0	59	0	0	0	0	0	0	0	0	0	0	0	0	0	0	0	653	0	0	175	0	0	0	0	0	64	0	52	0	0	29	0	0	19	0	0	0	0	0	0	0	0	0	0	0	0	0	0	0	0	0	0	0	0	0	0	0	0	0	0	0	0	0	0	0	0	0	34	0	0	0	0	0	0	0	0	0	0	0	0	0	0	54	0	0	0	0	0	0	0	44	0	65	0	0	0	0	0	0	0	0	0	0	0	0	0	0	0	0	0	0	0	0	0	0	0	0	0	0	0	0	0	78	0	0	0	0	0	0	0	0	9	0	0	0	0	0	0	0	0	0	0	0	0	0	0	0	0	0	0	0	0	0	0	0	0	0	0	0	0	0	0	0	0	0	0	0	0	0	0	0	0	0	0	0	0	0	0	0	0	0	0	0	0	0	0	0	0	14	0	12	0	0	0	0	0	83	4	0	0	0
g__Enterococcus_A	23	0	0	0	0	0	0	0	0	0	0	0	0	0	0	0	0	0	0	0	0	0	0	0	0	0	0	0	0	0	0	0	0	0	0	0	0	0	0	0	0	0	0	0	0	60	0	0	0	0	28	172	0	0	0	0	0	0	0	0	0	0	35	1136	0	0	0	31	0	0	0	59	1191	0	37	0	0	0	0	0	0	0	0	0	0	4622	0	0	98	0	572	0	0	0	0	0	0	0	102	29	0	0	0	0	0	50	0	0	49	0	0	0	0	0	0	0	118	0	0	0	0	144	0	0	44	0	0	0	0	0	0	0	0	0	0	225	0	0	0	0	0	0	0	0	0	18	0	0	0	0	0	0	0	0	0	0	0	84	0	0	0	0	0	0	0	0	0	0	0	36	0	0	0	0	0	0	0	0	0	0	0	0	0	0	0	0	0	0	0	0	0	49	0	19	0	0	0	0	0	0	0	0	0	71	35	0	0	0	0	0	0	0	0	0	0	0	637	0	0	0	0	1430	0	0	0	10	0	0	0	0	0	0	0	0	0	0	0	0	0	219	38	0	0	0	423	0	0	0	385	46	0	0	0	0	0	0	69	28	0	0	54	0	0	0	0	0	0	30	44	0	0	0	0	60	0	668	0	0	0	0	0	0	0	221	0	0	0	0	0	0	0	0	0	16	0	0	0	0	21	0	0	0	483	0	0	0	0	0	4046	33	0	0	0	696	0	0	0	0	0	0	0	0	0	0	0	0	0	0	0	0	0	0	0	0	0	0	0	0	0	0	0	0	0	0	0	0	0	0	0	0	0	0	0	0	0	0	0	0	0	0	0	0	0	0	0	0	0	0	0	0	0	0	0	294	0	0	0	0	0	0	0	0	0	0	0	15	0	0	0	0	0	0	0	38	0	0	0	0	0	0	0	0	0	0	0	0	185	0	0	0	0	0	0	0	0	0	5	0	0	0	0	0	0	0	0	0	0	0	0	0	0	0	0	0	0	0	0	0	0	0	0	0	0	0	0	0	0	0	0	10	0	0	0	0	0	0	0	0	0	0	0	0	0	0	0	0	0	0	0	0	0	26	0	0	0	0	0	0	5	0	0	0	0	0
g__Enterococcus_B	0	0	0	0	0	0	0	0	0	12	0	4	16	0	0	0	0	0	0	0	0	0	0	0	27	0	12	0	0	0	0	14	106	16	0	0	18	0	19	0	0	0	0	0	0	0	0	113	0	171	157	340	0	0	0	0	0	25	2107	26	0	0	0	591	21	0	21	0	328	20	52	12179	0	1087	0	1072	50	28	68	27	147	21	360	138	31	256	550	0	175	18	0	21	908	29	0	128	128	0	104	0	0	0	0	131	0	55	0	0	26	891	0	0	0	0	0	81	0	0	0	0	22	131	0	6	148	0	0	0	0	11	0	0	51	0	29	951	0	74	0	33	3	44	0	0	17	0	0	0	0	0	1966	103	7	0	123	235	0	798	0	0	0	0	37	29	0	0	25	0	11	0	13	0	716	0	0	20	0	13	0	0	0	37	42	251	0	0	13	0	256	0	0	0	15	0	48	0	0	33	123	3	20	31	75	0	0	0	0	0	237	76	0	217	0	0	15	180	153	5	0	68	0	1332	72	11	0	0	111	21	0	10	0	0	0	75	0	0	348	32707	854	0	0	1018	15	11	57176	0	0	14	763	715	0	15	0	42	69330	0	0	0	0	2856	0	0	0	18	0	0	0	0	0	303	0	0	0	417	0	628	195	1071	0	0	0	45	0	1000	0	0	11	0	0	0	0	0	0	0	0	0	38	0	0	10021	689	0	71	0	65	0	1607	0	4574	113	17	0	0	5821	841	3913	79	8	117	6	5	0	0	1258	0	0	113	0	0	8	36	14	0	0	0	0	11	11	3	38	5	0	263	0	14	0	225	9	0	0	0	0	0	0	0	0	0	0	0	0	0	0	0	8	0	0	0	0	0	0	0	0	0	49	0	88	80	17	105	8	0	0	0	0	0	0	585	0	0	0	0	0	0	0	0	0	57	0	0	0	0	0	0	0	0	0	0	226	0	193	0	0	0	4	0	0	0	0	0	0	0	0	0	0	348	3	0	0	0	0	7	0	0	0	0	0	0	0	133	0	6	0	37	3378	0	0	0	3	1357	0	3	0	0	0	0	0	0	6	0	0	4	0	0	11	0	12	0	53	0	0	0	132	0	447	7	0	0	27	0	296	16	0	0	0
g__Eubacterium_F	0	18	43	0	27	0	0	0	0	0	36	0	0	0	0	0	0	0	19	52	0	0	0	0	0	9	75	0	0	59	21	0	0	0	0	0	0	16	0	0	0	16	0	0	0	0	0	0	0	0	0	0	0	0	12	0	18	0	0	0	0	0	0	0	0	0	0	0	0	0	0	0	0	0	0	0	0	0	0	0	0	0	0	0	0	0	0	0	0	0	0	0	0	0	0	0	0	0	0	0	0	0	0	0	0	0	0	0	0	0	0	0	0	0	0	0	0	0	0	0	0	0	0	0	0	0	0	0	0	0	0	158	0	32	0	0	0	0	0	0	0	0	0	0	119	0	13	0	0	0	0	0	0	0	0	0	0	0	0	0	0	0	0	0	21	0	0	0	0	0	0	0	0	0	0	0	0	0	0	0	0	0	0	52	0	0	0	0	0	22	0	0	41	0	0	0	72	0	0	0	0	0	0	0	0	0	454	0	0	0	0	0	0	0	0	0	0	0	0	0	0	0	0	0	0	0	0	0	0	0	0	0	0	0	0	0	0	0	0	0	0	0	0	0	0	0	0	0	0	0	0	0	0	0	0	0	0	0	105	0	0	0	0	0	0	0	0	0	0	0	0	0	0	0	0	0	0	0	0	0	0	13	0	0	0	0	0	10	0	79	0	0	0	0	0	0	0	30	0	0	0	0	0	0	0	0	0	0	0	0	0	0	0	0	0	0	0	0	0	0	0	0	0	209	0	0	0	0	0	0	0	0	0	0	0	64	0	0	0	0	0	0	0	0	0	0	0	0	0	0	0	12	0	0	0	0	0	0	0	0	0	0	0	0	0	0	34	0	0	71	0	0	206	0	30	0	0	0	7	0	0	32	0	0	0	0	0	0	0	0	0	0	0	0	0	0	73	0	0	0	25	0	0	0	0	0	0	0	0	0	0	0	0	0	0	0	0	0	36	0	0	0	0	0	0	0	0	92	0	0	0	0	72	7	11	0	0	0	0	33	147	0	121	0	0	0	41	0	0	0	0	0	26	0	0	0	0	0	0	0	0	0	0	0	0	0	0	0	0	105	0	0	0	0	0	0	0	0	0	0	0	0	0	0
g__Eubacterium_G	0	46	34	102	206	97	163	26	162	85	89	16	12	33	765	143	346	111	7	62	580	75	50	0	81	195	118	68	145	342	95	118	0	192	208	62	0	69	35	14	22	75	17	0	0	0	0	120	28	0	0	0	0	0	11	0	152	85	0	0	36	177	0	0	27	0	9	0	143	34	0	0	1056	295	0	55	0	0	0	0	0	0	0	96	0	0	0	30	0	0	0	0	0	159	0	0	74	0	0	12	0	0	0	0	93	0	0	65	0	258	0	42	11	113	0	0	0	0	0	0	0	0	44	0	82	0	38	0	0	42	0	24	0	118	77	0	100	0	132	0	46	9	0	0	0	15	68	160	185	0	0	51	511	45	0	0	0	0	27	0	83	32	0	55	36	14	137	37	89	0	0	148	8	283	0	0	0	118	0	0	0	0	0	0	222	0	132	0	0	89	0	0	0	0	56	60	251	0	0	0	44	38	0	0	0	353	1227	0	0	0	75	0	129	76	0	0	0	0	66	0	34	0	0	64	0	0	0	0	0	0	0	0	0	0	0	0	4	8	0	0	0	0	9	18	0	0	0	7	0	0	8	377	29	192	0	0	0	0	0	0	0	0	145	40	0	0	0	0	0	0	0	0	444	385	0	0	0	0	617	0	134	0	0	0	672	91	5	194	0	164	0	396	0	0	0	0	0	120	0	0	0	0	0	0	98	13	6	0	0	0	0	494	0	0	0	0	43	2226	0	0	0	0	0	0	0	0	39	0	0	13	0	49	179	88	494	108	7	0	8	76	121	245	0	122	150	0	0	159	0	0	95	211	56	21	10	21	0	0	10	313	0	6	96	0	318	68	51	0	47	169	0	0	0	0	118	25	44	0	0	0	38	25	24	81	19	0	56	152	12	0	24	10	0	0	0	154	95	0	25	50	59	90	145	250	0	0	0	0	17	107	32	0	8	7	154	0	155	37	0	29	11	0	110	33	382	112	42	133	76	4	0	0	176	19	10	0	0	207	19	0	268	99	52	0	13	0	71	122	64	0	51	61	21	124	62	0	328	0	0	0	27	0	57	247	0	58	0	59	0	120	65	0	75	0	0	0	11	12	50	0	41	83	0	0
g__Eubacterium_I	0	11	213	60	0	265	51	285	0	82	55	21	0	0	0	16	267	86	53	116	190	60	166	122	21	680	26	215	103	0	132	0	0	40	0	60	165	192	15	90	96	0	134	831	0	0	0	53	63	100	0	0	0	39	93	41	104	662	0	0	483	261	0	0	65	0	185	0	61	287	0	0	0	106	0	0	0	0	134	0	0	0	0	152	0	0	85	147	0	80	0	0	0	116	0	12	580	0	0	727	0	220	114	0	22	0	0	210	0	0	0	0	0	0	19	0	0	0	0	0	70	6	0	0	1087	0	540	0	0	0	53	96	0	26	0	0	0	0	0	0	0	0	101	496	0	706	68	0	41	0	0	116	0	0	0	99	0	0	72	0	67	63	0	49	142	60	15	151	0	0	66	120	64	0	0	0	0	263	74	0	0	63	0	149	2286	0	25	0	0	0	38	0	0	0	998	57	434	0	0	0	0	0	0	0	0	278	0	0	0	0	32	1093	0	0	0	0	0	209	70	0	0	0	0	0	0	0	0	0	0	0	0	0	0	0	0	0	0	0	0	0	0	0	0	0	0	0	0	0	0	0	0	128	0	0	0	0	0	0	138	56	0	0	0	0	0	0	0	0	0	0	0	0	142	0	0	0	0	0	426	0	517	21	0	0	192	0	0	206	0	0	0	164	384	0	0	0	0	30	0	0	0	0	0	0	96	0	0	0	0	0	480	51	0	0	0	268	0	694	8	634	0	67	20	0	0	38	91	0	0	155	0	216	96	0	54	0	143	144	67	0	0	364	0	413	139	7	89	201	0	36	0	0	48	0	89	168	92	213	20	338	0	403	269	0	245	99	399	0	168	318	157	0	171	0	101	0	24	59	150	0	79	70	61	52	0	0	65	505	40	188	71	13	634	0	0	0	173	84	86	135	0	0	0	59	0	0	0	44	0	0	0	0	34	57	105	0	248	32	0	133	66	161	0	364	0	0	269	74	9	144	34	0	100	0	0	45	106	330	136	43	0	62	23	19	0	0	182	155	141	0	0	0	50	94	125	94	56	0	0	0	0	46	126	233	0	0	154	0	0	143	60	0	40	0	121	0	184	69	0	0	114	0	0	0
g__Evtepia	0	0	0	105	0	174	61	99	100	0	0	0	0	82	0	44	214	9	30	84	30	11	89	62	130	0	0	287	84	180	137	0	0	153	0	0	0	122	0	89	109	0	0	298	88	0	0	59	78	0	0	0	0	214	0	0	32	0	0	0	159	0	518	0	190	0	0	0	0	30	0	18	0	138	0	0	0	2	143	0	11	0	0	0	0	0	151	79	0	0	0	0	0	0	0	0	0	0	0	0	0	0	0	0	0	0	0	0	0	0	2	0	0	0	0	0	0	0	0	0	0	0	0	0	0	0	0	0	0	0	0	0	0	150	0	0	274	0	0	0	0	0	28	0	0	0	117	0	0	0	0	0	0	0	0	0	0	0	20	0	20	0	0	0	77	0	0	0	76	0	0	162	0	0	0	0	0	0	0	0	0	0	0	64	0	0	0	0	0	47	0	0	0	0	0	43	159	0	0	0	0	0	0	452	0	0	0	0	0	2	155	0	0	0	0	0	0	18	0	0	0	0	0	0	0	0	0	0	0	0	0	0	0	0	0	0	0	0	0	0	0	0	0	0	0	50	0	0	0	0	0	0	0	0	0	0	0	0	373	0	0	0	0	0	0	0	0	0	0	0	105	0	0	0	0	0	0	0	0	0	307	32	0	0	0	0	5	0	0	0	0	0	0	0	0	0	0	374	0	0	0	0	0	0	280	0	0	0	0	0	0	0	0	0	0	0	0	0	0	45	0	0	0	0	0	20	44	35	9	0	232	118	22	36	65	0	0	0	0	0	0	148	0	0	0	0	72	96	11	67	0	206	21	23	0	0	0	0	0	142	0	184	0	0	0	194	149	0	52	0	0	0	153	0	227	0	53	0	0	0	40	0	22	54	0	0	0	132	0	0	0	48	83	6	0	0	83	0	0	0	128	0	139	0	0	0	0	105	0	139	5	0	0	315	61	0	0	0	0	0	77	8	0	0	0	0	0	65	93	251	20	12	0	167	182	0	0	133	75	0	138	0	68	0	109	0	14	17	0	0	0	85	48	82	0	0	57	0	0	0	61	0	10	148	0	40	0	0	92	78	0	0	54	0	0	0	0	0	0	0	0	0	0	0
g__Faecalibacterium	8818	3392	5365	2758	701	1742	5463	3164	4199	2232	1843	2288	6581	1933	1791	2818	668	3029	1526	6577	906	1433	1702	3686	734	936	1493	6037	2492	3424	4161	6969	3653	3457	3846	682	16265	1195	2113	3654	378	4299	2672	1841	1747	1070	125	3264	1791	678	0	0	7	473	6608	4740	5302	19560	0	7741	12720	6174	781	61	7546	8981	7589	13508	3426	4893	18	8044	1509	6636	3988	12	0	1307	3710	4728	29	6283	15	4339	12	6	8020	4939	19	5146	10551	15	1174	7664	1882	23	3430	4693	387	10578	14	1406	382	14	917	0	4528	5961	6	2856	6	1851	510	767	7228	0	10	0	21	8	4032	38813	6169	5523	16611	9539	7282	21	15869	573	1246	2399	5607	399	5	5	3504	30	4117	9	533	22	1422	10310	5593	8974	1157	4888	660	1892	6	10955	2069	2088	29	2459	1734	0	2485	10	4946	201	17	2608	1746	1840	5097	3253	3933	240	2706	3948	2394	402	574	2440	1941	7671	461	571	6231	1635	0	6084	10614	2898	4074	0	157	1482	320	0	6	12509	10476	4431	3259	0	5	9	10684	1543	0	7	8482	5277	6603	4865	23	16	4840	11400	14	3254	15139	9	0	8068	2266	7	11135	15	19	3463	6	6776	20	35	20	3901	5523	10	19	30	44	7922	12	152	28	0	44	6	1462	14648	0	524	3508	1316	0	0	1439	3658	45	12666	9	9792	16	13	2806	24890	227	0	8240	6068	8	1768	1299	7	113	5	2668	7334	11200	6433	51174	19	17089	15511	8441	11525	3284	3463	21	12	7209	2998	7247	10905	13971	20439	14	14342	17228	1760	0	19699	15	5710	16	11	0	240	54	3689	2278	3789	15110	862	15	12	2432	7930	16790	7	16	676	17	9465	215	4920	17	2111	1959	8538	346	0	2919	216	69	93	180	98	716	538	0	0	749	209	2876	6241	3946	3865	1394	2671	2478	880	2991	5794	258	2404	3251	7764	1577	15	2081	2152	1241	2337	1939	8197	0	5056	5289	1346	6930	3964	7977	8866	2911	5155	5491	4373	8086	1034	1467	7021	0	1109	1319	2234	1230	3141	831	2844	360	13	1505	11904	2243	1841	2853	2218	814	1444	1988	0	7067	1385	4017	1495	666	493	601	1881	201	406	11609	295	2552	6395	1014	2348	9342	857	2877	620	5202	2102	12	4526	7919	7965	5171	2059	938	5265	0	2888	2651	4178	1867	0	3131	3870	1461	2659	1238	2131	2541	2522	3634	3455	3752	1226	3970	70	4548	2095	3340	1394	3979	4663	2272	11278	2176	1702	2551	160	451	22	497	802	3188	4317	0	3848	1366	2541	0	1534	3598	2617	2416	0	0	6	3266	2794	1288	28	386	602	405	30
g__Faecalimonas	0	0	0	0	0	0	0	0	0	0	0	0	0	0	178	0	18	0	0	82	52	0	0	0	0	0	0	0	0	0	0	14	0	0	63	74	5	0	0	0	0	0	0	0	0	0	0	0	0	0	21	1006	366	0	0	214	0	73	0	0	0	0	0	0	0	0	0	89	1395	9	1014	95	194	0	958	0	14652	0	1856	93	208	0	4328	12	1235	901	0	0	277	0	1412	479	129	0	0	9	0	0	0	7	246	0	0	127	235	0	7	0	0	0	863	39	175	191	0	4124	0	184	2864	292	11	451	135	0	1573	5	0	0	0	0	0	12	268	0	298	224	654	787	43	1033	595	176	0	358	35	11	0	0	154	0	0	89	0	0	593	0	0	2851	0	0	0	267	363	0	0	0	7	0	11	0	0	0	0	399	97	0	0	0	0	26	991	140	0	0	0	0	0	634	932	0	88	65	94	9	0	157	0	1292	385	180	0	23	930	1087	0	0	70	0	657	505	0	218	0	30	292	586	1071	98	0	53	0	0	22	78	14	152	362	515	280	9	3021	385	590	113	77	0	506	6	12	3299	63	629	8	0	0	459	45	0	0	2006	485	0	191	0	0	386	0	1767	0	453	0	0	40	0	0	102	376	0	0	0	189	5	0	25	672	3236	473	1630	47	0	0	0	0	6	0	0	162	326	0	106	4339	0	6260	73	1327	2007	118	0	3516	0	0	23	2108	0	0	16	598	0	0	2939	0	0	0	0	0	0	0	8	314	0	739	0	0	568	187	147	0	57	150	48	290	622	27	68	302	249	35	9	0	64	0	350	1689	0	0	0	0	0	77	0	49	126	67	218	0	0	0	176	0	0	360	0	0	161	0	0	0	0	0	0	0	33	0	0	0	0	1011	0	0	0	0	0	0	0	44	388	0	0	0	0	0	0	28	43	120	122	0	0	0	0	0	27	55	0	9	0	224	640	200	0	180	1285	0	0	0	0	155	0	4498	0	0	0	21	191	456	0	604	0	13	0	0	4280	0	0	0	0	0	0	0	0	0	0	0	0	0	41	0	0	0	0	0	0	0	0	0	45	0	0	1043	0	132	0	0	0	528	0	0	0	477	0	0	0	0	125	244	0	0	0	29	0	0	0	0	27
g__Faecousia	0	0	5	0	32	20	0	0	4	0	21	0	0	0	0	0	117	0	0	0	0	0	0	0	75	0	0	97	0	0	8	0	0	0	28	0	0	0	0	0	0	19	0	0	0	0	0	0	0	0	0	0	0	0	0	0	8	0	0	0	85	0	0	0	0	94	0	0	0	13	0	0	0	16	0	0	0	0	0	0	0	0	0	0	0	0	0	0	0	0	0	0	0	0	0	0	0	0	0	0	0	0	0	0	0	0	0	0	0	0	0	0	0	0	0	0	0	0	0	0	0	0	0	0	0	0	0	0	0	0	0	0	0	12	0	0	0	0	0	0	0	0	0	0	0	0	14	0	0	0	0	0	0	0	0	0	0	0	6	0	0	0	0	0	5	0	0	0	0	0	0	10	0	0	0	0	0	0	0	0	0	0	0	5	0	0	0	0	0	0	0	0	0	0	0	0	0	0	0	0	0	0	0	0	0	0	13	0	0	0	12	0	0	0	0	0	0	9	0	0	0	0	0	0	0	0	0	0	0	0	0	0	0	0	0	0	0	0	0	0	0	0	0	0	0	0	10	0	0	0	0	11	0	0	0	0	0	0	0	0	0	0	0	0	0	0	0	0	0	0	0	0	0	0	0	0	0	0	0	0	0	0	0	0	42	0	3	12	0	0	0	0	0	0	0	0	0	0	0	0	0	0	0	0	0	0	0	0	0	0	0	0	0	0	0	0	0	200	0	0	0	0	0	0	0	0	0	0	0	0	14	0	0	0	0	0	0	0	0	0	0	0	0	0	0	0	0	32	0	0	0	8	0	0	0	0	0	0	0	0	0	0	0	0	0	72	29	0	0	0	8	0	0	0	61	0	0	0	0	0	0	0	0	0	0	0	0	53	0	0	0	4	0	0	0	0	0	0	82	16	0	0	0	0	0	0	0	0	0	0	0	0	0	34	3	0	0	0	0	0	0	0	0	0	0	0	0	0	7	80	0	0	0	0	0	0	0	0	0	5	0	14	8	0	21	0	0	0	0	0	0	0	31	53	9	0	0	0	0	0	0	0	0	0	0	0	0	0	0	0	45	0	0	0	0	0	0	0	0	0	0	0	0	0
g__Finegoldia	0	0	5	0	0	0	0	0	0	0	0	0	4	0	0	0	0	0	0	0	0	0	0	0	0	2	0	0	0	0	0	0	0	0	0	0	0	0	0	0	0	0	0	0	3	3	4	0	0	0	0	0	0	0	0	0	6	3	0	0	0	0	86	0	0	0	0	0	0	0	0	0	0	0	0	3	0	3875	0	0	0	0	0	0	0	36	0	0	63	0	0	0	0	0	0	0	0	0	0	0	0	7	0	25	0	0	0	0	0	0	0	0	0	0	0	0	9	0	0	0	0	0	0	0	0	0	0	0	0	0	0	0	0	0	0	0	0	0	0	0	0	0	0	0	0	0	0	0	0	0	0	25	0	0	0	20	0	0	0	0	0	0	0	0	0	0	0	0	0	0	0	0	0	6	0	0	0	0	0	0	2	0	0	0	3	0	0	6	0	0	0	0	0	0	3	0	0	0	0	0	4	0	0	0	26	15	0	0	0	0	0	0	0	0	0	0	4	0	0	0	0	0	0	0	0	8	0	0	0	0	0	0	0	0	5	0	0	0	137	26	0	0	0	0	0	0	0	366	0	0	0	0	0	0	0	0	0	0	10	5	777	34	0	0	0	0	0	4	0	4	0	0	0	0	0	0	0	0	0	0	0	0	0	0	14	4	0	0	0	8	0	0	0	6	0	0	0	0	0	0	12	2605	0	0	0	0	3	0	0	0	0	0	0	0	0	0	0	0	5	8	0	0	0	0	0	0	0	0	0	0	0	0	0	0	0	0	0	0	0	0	0	0	0	0	0	0	0	0	0	0	0	0	0	0	0	0	0	0	0	0	6	6	0	8	0	0	0	0	0	15	0	3	0	0	0	0	0	0	0	0	0	0	0	0	0	0	0	0	0	0	0	0	0	0	0	0	2	0	0	0	0	0	0	0	0	0	0	0	0	0	0	0	0	0	0	0	0	0	0	0	0	0	0	0	0	0	0	0	0	0	0	0	0	0	0	0	0	0	0	0	0	0	0	0	0	11	0	0	0	0	0	0	0	0	0	0	0	0	0	0	0	12	0	0	0	0	0	0	8	0	0	5	0	0	0	0	0	0	0	0	0	0	0	0
g__Flavonifractor	422	0	60	4	0	20	0	0	122	25	8	0	129	8	93	0	71	7	0	74	6	10	30	0	57	40	14	179	13	44	6	48	74	0	14	284	14	0	0	20	16	20	7	68	45	0	221	0	34	0	0	38	557	0	0	0	0	15	0	122	42	101	154	4	15	42	44	201	108	5	1348	130	506	12	43	399	0	293	310	0	310	11	5	9	0	0	323	0	365	22	404	151	20	26	23	0	23	58	138	32	255	302	5	18	24	0	236	0	0	10	26	0	0	161	0	32	0	0	5	601	4	509	266	23	126	0	0	0	34	50	0	0	23	29	415	0	161	86	337	0	1108	28	27	56	188	147	24	134	62	12	0	119	210	108	9	2	20	512	0	52	61	32	0	11	0	19	0	0	79	0	0	29	16	8	0	7	168	154	7	6	0	83	41	3	289	3	34	221	0	87	0	0	236	855	90	21	51	14	0	0	579	120	6	795	220	103	202	98	88	226	23	16	373	0	96	44	1026	32	0	0	100	0	10	57	0	141	0	0	426	16	11	91	146	29	2	118	804	0	0	407	0	348	0	0	0	45	26	0	0	1370	6	0	0	46	0	457	431	0	0	124	195	0	84	17	0	28	37	127	10	0	53	107	15	3339	373	193	419	159	151	0	423	0	806	0	0	18	0	11	59	34	737	0	576	12	156	44	0	0	594	0	2793	31	0	37	128	0	173	0	0	430	0	11	0	0	0	91	7	87	44	73	34	5	4	230	52	16	22	55	169	0	136	218	0	0	1186	162	136	77	0	0	0	80	1631	0	23	85	21	10	0	3	56	80	103	43	0	3	0	30	0	70	13	62	48	81	64	138	112	136	7	0	11	1196	0	47	50	11	97	0	0	29	35	22	9	0	26	210	23	37	0	20	0	0	7	32	0	42	12	173	33	0	287	442	105	17	59	123	239	105	103	0	31	0	7	123	0	152	27	0	929	115	18	0	135	41	79	65	79	68	142	37	119	0	5	7	0	0	12	41	97	0	4	24	0	3	97	1628	5	0	146	0	27	157	0	40	15	11	30	0	104	70	63	23	38	76	0	9	0	37	481	0	18	141	5	205	26	399	26	0	29	489	34	42	0	10
g__Fusicatenibacter	0	174	1140	1422	907	988	1565	870	5	1207	570	212	190	1122	930	243	1035	510	450	816	312	1319	128	520	342	2130	1139	1113	322	1012	821	1751	349	502	0	410	3691	309	566	921	909	778	559	922	1729	1394	29	331	1102	1448	0	0	317	266	822	891	2050	1724	0	1170	0	1633	0	13	811	2315	594	5262	779	194	0	13	3	1504	4	178	0	35	744	5	7	0	0	778	0	0	0	252	0	4	25	0	53	560	0	0	481	1357	0	1877	8	0	188	836	745	4	55	656	694	159	0	256	516	1549	406	4	0	0	0	0	247	8	1712	0	2128	621	599	0	4	1486	0	205	0	189	0	1583	334	7	0	0	210	8	21	2410	1208	11	0	821	896	0	0	169	132	919	6	3	0	0	601	0	240	123	6	669	72	121	76	476	2100	166	216	1047	328	0	86	344	0	979	747	82	129	0	0	304	4621	266	668	0	28	0	29	0	680	13	5	10	560	0	0	352	174	0	0	1344	9	0	0	8	0	5	484	0	712	2393	4890	208	0	489	229	0	6	9	8	4	0	5	3	5	0	795	9	13	4	7	12	405	0	49	5	0	523	0	125	0	4	1832	0	7	0	0	0	2796	8	1549	0	0	10	6	10	0	16	0	828	228	0	251	550	28	0	0	0	0	6	1773	8	7580	6	0	0	2638	752	354	6322	8	3834	0	1182	711	4260	3388	7	1151	1574	0	48	703	485	223	274	0	0	28	6	0	2136	0	784	60	5	0	270	977	2727	7	0	256	2288	1350	0	0	85	371	603	0	390	0	1043	0	18	194	428	612	203	7	512	798	350	1221	193	0	10	498	49	859	464	232	0	1179	546	226	4878	2889	554	0	342	577	1532	505	127	1608	0	62	1709	754	1408	472	3969	0	1569	932	4955	165	1534	205	949	509	476	69	287	0	250	375	317	755	146	0	377	2236	209	220	226	267	368	275	1347	208	967	0	1117	1179	1085	189	1647	529	632	1606	65	1115	532	1131	1702	1242	506	370	819	441	751	329	733	664	749	1087	242	1289	2539	606	0	314	518	675	431	1115	1186	2464	639	299	504	2138	1399	374	1167	162	1122	92	438	14	691	71	604	545	819	1240	172	145	644	328	591	228	0	0	662	2706	1337	279	759	635	297	1324	3	592	339	113	895	0	177	0	1409	752	20	14	317	1087	101	6
g__Fusobacterium_A	25	0	0	0	0	0	0	0	0	0	0	0	0	0	0	0	0	0	0	0	0	0	0	0	0	0	0	0	0	0	0	0	0	0	0	0	0	0	0	0	0	0	0	0	0	0	0	0	0	14	0	3	0	0	0	0	0	0	0	0	0	0	0	0	0	0	0	29	15	0	0	0	0	0	0	0	0	0	0	0	0	0	0	0	0	0	0	0	175	0	0	0	0	0	0	0	0	0	0	0	0	0	0	0	0	0	0	0	0	0	0	0	0	29	0	0	0	0	0	0	0	0	0	0	0	0	0	0	0	0	0	0	0	0	0	0	0	161	0	0	0	0	0	0	0	0	0	0	0	0	0	0	0	29	0	0	0	0	0	0	0	0	331	0	0	0	0	0	0	0	0	0	0	0	0	0	0	0	0	0	0	0	0	0	0	0	0	0	0	0	0	0	14	0	0	0	0	0	0	127	0	3	0	0	0	15	0	0	55	0	0	0	0	0	46	0	0	0	0	0	0	0	0	0	0	0	0	0	3070	0	0	71	0	0	2756	36	0	0	0	0	0	0	0	0	0	0	0	0	0	0	0	0	0	0	0	6	0	0	0	0	0	0	0	0	0	0	117	0	0	0	0	0	0	0	0	0	0	0	0	18	0	0	0	0	0	0	0	0	0	0	0	0	0	0	3	0	447	0	8	0	0	0	0	0	0	0	0	0	0	0	0	0	0	0	0	13	0	0	249	0	0	0	0	119	0	0	0	0	1374	37	0	83	0	0	0	0	0	199	0	6	0	7	0	0	0	0	0	0	0	0	0	0	0	7	0	0	0	0	0	0	0	0	0	22	0	0	0	0	0	0	0	0	0	0	0	0	0	0	0	0	0	0	0	0	0	0	0	0	0	0	0	0	0	0	0	0	0	0	0	0	0	27	0	0	27	0	18	0	12	0	0	476	0	0	0	0	7	0	0	0	0	0	0	68	0	0	0	0	0	0	0	2	0	0	0	0	0	0	0	0	0	0	0	0	8	1964	0	0	0	0	0	0	0	0	0	0	0	0	0	0	0	0	0	0	328	0	0	6	0	0	0	0	0	0	0	0	0	0	0	0	0	0	0	0
g__Gallintestinimicrobium	125	0	25	137	0	15	79	42	359	83	55	0	21	68	0	34	29	15	35	143	12	79	4	26	217	26	45	0	12	199	62	95	0	0	0	0	101	8	41	122	19	58	114	0	0	0	0	8	70	0	0	0	0	0	74	61	95	56	0	357	0	66	0	0	51	175	87	0	0	6	0	0	0	139	0	0	0	0	0	0	0	48	0	110	0	0	0	0	0	0	15	0	0	33	0	0	0	0	0	0	0	0	0	0	0	0	0	0	0	0	0	0	0	0	0	0	0	0	0	0	0	0	0	0	0	0	0	0	0	14	0	0	0	0	0	0	0	0	0	0	0	0	0	237	0	0	0	0	0	0	0	44	7	24	0	0	0	0	50	0	0	19	0	42	0	9	21	11	44	0	0	26	4	0	0	0	0	22	0	0	0	9	0	28	286	0	0	0	0	61	0	0	512	0	0	9	27	0	0	0	0	0	0	0	0	0	0	0	0	0	0	0	0	0	6	0	0	0	0	0	0	0	0	0	0	0	0	0	0	0	33	0	0	0	0	0	0	0	0	0	0	0	0	17	0	140	74	0	0	0	0	8	0	0	0	0	0	0	0	0	0	0	0	52	0	0	0	0	0	0	0	0	0	0	0	0	0	0	1179	0	0	62	0	0	202	0	0	103	0	0	0	0	0	0	0	0	0	196	0	0	0	0	0	0	112	0	0	0	0	0	297	0	0	0	0	0	0	248	0	134	0	0	0	0	0	0	44	0	0	0	0	17	29	138	0	0	0	0	22	410	66	45	0	33	40	0	0	30	3	17	12	909	0	0	17	21	18	79	0	0	0	52	109	0	0	84	36	29	9	30	59	0	272	0	18	0	0	4	0	0	4	56	0	70	0	0	8	141	66	9	23	0	0	0	0	0	38	20	206	228	0	0	29	18	0	0	0	0	0	180	0	49	4	0	171	136	0	0	0	83	96	31	0	0	0	228	0	90	0	40	0	0	79	0	45	0	0	34	0	121	117	58	35	16	0	0	32	0	86	0	44	167	23	111	0	43	8	28	0	0	0	0	172	20	0	63	72	0	0	53	0	45	12	0	0	0	0	40	0	0	0	0	0	0
g__Gemella	0	0	3	0	0	0	0	0	0	34	0	0	4	0	0	0	0	0	0	4	0	0	0	0	5	4	0	0	0	6	3	0	0	0	0	0	0	0	0	5	0	0	0	5	4	0	0	3	0	0	0	0	11	6	0	15	0	0	0	0	0	0	0	100	0	7	6	0	60	0	0	0	12	0	0	0	0	0	15	12	0	0	25	0	3	0	0	0	0	0	0	6	0	0	32	0	0	0	0	8	0	2	0	0	0	0	0	0	0	0	0	0	0	8	0	0	0	13	0	0	0	0	0	0	9	5	0	0	11	0	0	0	0	4	0	22	0	0	4	0	0	0	0	0	7	8	0	0	0	15	0	0	0	0	0	0	0	0	0	0	0	0	0	0	0	3	0	0	0	16	0	0	0	8	0	0	0	0	0	0	0	0	0	0	0	0	0	4	0	0	0	0	0	0	0	0	0	0	0	0	0	0	4	0	0	0	2	0	3	0	0	0	0	19	8	0	0	0	7	34	0	0	0	0	24	0	0	10	0	14	0	29	0	0	30	0	0	0	0	16	21	0	105	0	0	9	0	0	0	16	0	3	9	0	75	0	6	9	5	14	0	877	0	0	25	7	13	0	0	6	0	0	3	0	0	5	12	0	27	5	13	0	0	15	0	0	24	0	9	9	0	0	0	0	18	0	0	0	5	0	0	0	0	5	0	13	0	0	32	5	0	0	6	351	13	18	3	7	3	0	0	0	0	0	0	0	0	0	0	0	5	0	0	0	0	0	4	2	0	0	0	7	22	0	0	0	0	0	9	0	0	0	0	0	0	0	0	0	0	0	6	0	0	0	31	0	6	7	0	0	0	6	6	0	0	44	0	3	0	2	0	0	0	0	0	0	0	5	0	0	0	0	0	0	0	0	0	4	3	5	3	4	6	0	0	0	3	0	0	0	7	0	0	0	0	0	0	0	0	0	0	0	0	9	0	0	4	0	0	0	0	20	0	4	0	0	0	0	0	0	0	0	0	0	0	0	0	0	0	0	0	3	2	0	0	0	0	0	13	0	0	0	0	0	0	0	0	0	0	0	0	4	0	0	0	0	0	6	0	0	7	0	0	0
g__Gemmiger	83	425	300	2030	6479	892	1771	1447	8	871	1209	268	1134	786	3862	405	1374	366	277	492	580	1417	250	175	991	2184	1094	0	1216	1331	584	218	0	1520	256	981	3280	928	269	228	1755	675	165	721	904	0	0	340	752	543	0	0	0	327	1037	1613	3765	7	0	1387	1297	1800	0	19	1290	0	159	2	0	332	6	0	5	871	6	3	0	157	1647	4	0	562	0	294	8	3258	624	708	0	2645	16	0	0	469	277	0	280	0	0	289	5	143	60	0	152	0	200	0	0	289	0	0	0	66	79	3	0	0	0	0	81	0	0	0	3	166	3295	0	220	893	0	171	4	279	316	0	0	0	0	0	0	0	0	4	0	0	7	641	0	0	0	1388	862	1292	10	173	381	0	253	1805	627	532	0	0	1316	106	235	236	643	0	138	537	621	0	100	54	0	684	233	17	0	0	0	672	0	0	99	0	0	0	98	0	0	0	200	0	297	0	0	0	160	2	0	0	7	312	0	0	3	0	698	0	0	1705	100	0	5	415	0	0	95	0	6	0	0	2312	5	0	3	4	15	0	16	0	11	0	0	19	0	3	0	0	240	114	0	342	143	49	0	0	0	2404	407	657	0	0	0	0	498	0	18	3	1447	91	4	0	0	0	0	0	2598	121	0	1983	0	7	0	2	64	677	6	1057	3	4	3801	127	162	1695	0	81	5	11	0	0	0	0	0	2594	0	2	4	7	8	2409	1050	0	208	274	0	4	395	1792	261	0	0	201	2274	1313	0	3600	0	287	0	0	0	3	1075	0	39	8	220	335	193	0	133	0	579	0	172	267	315	1450	0	1789	880	2007	8	2978	0	590	1751	1853	302	0	1235	955	1135	354	129	1374	0	2855	3	915	1415	2014	1407	13	1240	751	2105	4619	2573	0	825	783	0	339	126	1094	132	371	154	345	114	0	1049	196	665	230	1167	222	370	1792	917	4	428	317	1036	2387	2548	0	603	1030	2562	6	0	112	123	2418	0	0	439	0	1478	198	3	773	0	1013	1464	66	67	637	0	1879	0	0	723	371	1185	0	976	914	1524	284	181	5254	1088	1470	937	481	1040	263	15	0	445	439	1091	1517	376	2222	538	330	182	476	1086	105	676	500	1388	1603	1564	975	0	433	827	0	0	1498	477	1914	105	93	0	0	797	242	7	11	0	73	162	0
g__Gordonibacter	0	31	0	5	14	13	0	0	10	0	0	0	23	0	0	0	32	0	0	0	0	4	0	4	12	7	49	17	0	9	21	0	34	0	0	0	0	0	0	0	18	11	0	37	0	0	0	7	7	0	0	0	0	0	22	46	0	0	0	0	7	0	108	0	0	23	0	0	0	0	0	0	0	9	0	0	0	0	0	0	0	0	0	0	0	0	0	8	0	0	0	0	0	0	0	0	0	0	0	0	0	0	0	0	0	0	0	0	0	6	0	0	0	0	0	0	0	0	0	0	0	0	0	0	4	0	0	0	0	0	0	0	0	4	0	0	0	0	72	0	0	0	0	29	0	0	0	0	0	0	0	47	22	25	0	0	0	0	0	0	0	0	0	0	0	0	0	0	17	0	0	8	0	0	0	0	0	0	0	0	0	0	0	0	0	0	0	0	0	0	0	0	0	0	0	0	0	0	0	0	24	0	0	0	0	0	24	0	0	0	0	0	0	6	0	0	0	0	0	0	0	0	0	0	0	0	0	0	0	0	0	0	0	0	0	0	0	0	0	0	0	0	0	0	0	0	9	0	0	0	0	26	11	0	0	0	0	0	22	0	0	0	0	0	0	0	0	0	0	0	21	0	0	0	0	0	0	0	5	0	0	0	0	0	0	0	0	0	0	0	0	11	0	0	0	0	0	14	0	0	0	0	0	0	0	0	9	0	0	0	0	0	0	0	0	0	0	10	0	0	0	0	0	35	0	0	0	0	0	0	16	0	0	0	0	11	0	7	0	5	0	0	0	0	30	0	0	0	0	0	0	15	0	0	0	0	0	0	0	166	0	5	0	0	0	27	0	0	0	0	25	0	0	0	42	0	0	0	0	3	0	0	0	14	0	0	0	0	0	5	0	0	0	0	10	0	12	15	14	20	0	0	8	0	0	80	5	0	0	0	0	0	0	0	0	0	3	0	0	2	0	0	0	0	0	28	0	0	0	16	0	0	0	17	22	0	0	0	0	0	11	15	0	0	0	0	0	0	4	0	0	0	0	0	0	0	8	0	0	0	0	0	17	0	0	0	0	23	0	18	25	0	0	0	0	0	0	0	0	0	0	0	0	0
g__Granulicatella	0	0	0	6	0	0	6	0	13	21	12	0	6	5	7	0	0	0	0	0	6	4	0	18	13	15	0	0	0	15	0	0	0	0	0	8	0	0	0	6	0	0	0	0	0	0	0	8	5	0	0	0	0	9	0	32	7	7	12	13	18	0	0	395	0	19	8	10	52	0	0	0	41	0	0	0	38	0	25	46	10	0	38	0	6	0	0	0	8	0	14	24	0	7	50	11	0	5	0	7	0	0	0	0	6	0	0	0	0	0	0	0	0	0	0	0	0	26	29	0	0	0	0	0	0	0	0	0	47	0	5	0	0	0	0	20	0	0	3	0	0	0	0	9	6	8	0	3	0	18	0	0	0	3	13	0	0	12	0	0	0	0	0	0	5	0	0	0	0	10	0	0	0	0	7	0	0	0	0	0	15	5	0	0	14	0	19	4	0	0	3	0	0	0	5	9	2	15	4	12	0	0	0	0	0	0	10	15	18	20	6	0	0	8	0	8	46	0	9	51	8	0	0	0	96	0	10	7	0	18	0	41	6	0	28	0	21	4207	157	21	26	25	4170	0	17	0	5045	136	9	14	11	9	8	0	420	5	22	9	0	99	15	1379	5	0	28	10	0	0	0	17	0	0	0	1080	38	0	14	0	61	0	6	0	50	20	6	0	25	5	0	12	11	6	0	0	40	17	0	0	0	39	15	0	3	0	0	16	0	0	127	11	65	0	0	132	24	20	11	11	8	0	0	0	3	5	0	0	0	0	0	0	0	0	0	0	13	0	6	0	0	0	0	18	78	6	0	11	7	0	17	5	8	0	0	0	0	2	0	0	0	0	0	5	5	0	17	0	5	5	0	0	0	8	0	9	0	5	0	0	0	13	0	0	0	0	0	0	0	0	0	3	4	0	4	0	8	0	7	14	3	7	0	0	6	0	0	0	0	4	0	0	8	11	10	7	0	0	0	5	0	6	0	3	4	18	14	0	9	0	7	0	0	28	0	27	16	4	0	4	0	0	0	5	0	4	0	0	0	0	0	0	0	0	8	0	0	0	7	0	16	0	0	13	2	0	0	0	7	0	0	0	0	0	0	0	0	0	4	6	0	0	10	0	0	9
g__Guopingia	0	6	7	5	10	0	0	0	0	0	11	0	24	0	7	0	17	0	22	9	0	0	0	4	9	0	14	19	0	21	3	0	0	0	0	0	0	0	0	0	0	14	0	10	0	0	0	4	6	0	0	0	0	0	0	0	0	0	0	0	39	0	8	0	63	0	21	0	0	0	0	0	0	49	0	0	0	0	4	0	0	0	0	0	0	0	0	0	0	14	0	0	0	0	0	0	0	0	0	0	0	0	0	0	57	0	0	0	0	0	0	0	0	0	0	0	0	0	0	0	0	0	11	0	0	0	0	0	0	0	0	0	0	0	0	0	0	0	0	0	0	0	6	0	0	0	0	0	0	0	0	0	0	0	0	0	0	0	0	0	0	0	0	0	33	0	16	0	0	0	0	0	0	0	0	0	0	0	0	0	0	0	0	0	0	0	0	0	0	10	0	0	0	0	0	0	0	0	0	0	49	0	0	0	0	0	25	0	0	0	0	0	0	0	0	0	0	0	0	0	0	0	0	0	0	0	0	0	0	0	0	0	0	0	0	0	0	0	0	0	0	0	0	0	0	0	0	0	0	0	0	19	0	0	0	0	0	0	54	0	0	0	0	0	0	0	0	0	0	0	0	0	0	0	0	0	0	0	0	0	0	0	0	0	3	0	0	7	0	0	0	0	0	0	0	0	0	9	17	0	0	0	0	0	0	0	0	0	0	0	0	216	0	0	0	0	0	0	0	0	0	0	0	66	0	0	0	0	0	0	32	0	0	0	0	0	0	0	0	0	0	10	13	7	10	0	0	15	0	3	0	0	0	0	0	0	0	0	0	0	0	0	0	10	11	0	12	16	0	0	17	36	0	0	29	0	0	0	0	0	0	2	0	0	0	0	19	21	0	0	0	0	0	0	0	0	0	0	11	7	0	16	0	0	0	0	6	13	0	0	0	0	0	27	0	0	0	0	0	0	3	0	0	0	0	11	0	12	3	19	0	0	0	2	6	0	0	0	26	0	9	7	0	0	17	0	0	0	17	0	0	0	0	14	0	0	0	0	0	11	0	0	0	9	0	0	0	0	0	3	13	0	0	0	0	0	0	0	0	0	17	0	0	0
g__Haemophilus_D	0	0	0	146	0	0	0	13	19	80	6	0	0	0	0	177	0	21	93	0	0	6	0	27	5	28	0	0	0	54	10	2	0	0	0	0	0	9	0	0	0	13	0	0	0	0	0	19	0	20	0	0	0	0	50	123	25	2221	0	37	0	7	0	344	0	144	9	8	54	226	414	0	0	0	416	0	0	0	46	189	0	0	0	0	1781	103	0	3	9	0	23	5	0	0	0	0	56	0	0	0	0	8	8	0	0	357	16	0	233	0	0	33	376	0	114	0	7	1076	0	336	22	1905	0	19	0	729	1012	987	282	0	0	0	0	0	0	0	0	0	0	0	0	0	0	0	0	415	0	112	0	0	126	1133	0	0	0	0	1177	121	0	15	5	0	5	0	0	0	4	0	4	4	0	0	0	0	0	0	0	0	0	0	0	0	0	20	0	14	106	0	0	0	0	0	127	10	0	0	0	0	77	24	0	6	0	11	197	0	0	4	3	123	0	485	180	61	1952	17	0	28	114	3081	24	0	9	8	16588	0	0	0	7	15	0	0	6	0	0	66	53	0	0	120	0	6	242	341	0	0	0	1297	154	39	711	0	0	0	0	69	152	0	0	0	490	9123	0	19	12	28	12	0	0	14	0	4	26	0	1394	8	44	42	704	760	0	0	53	0	0	0	318	13	61	461	0	332	8	13	190	15	0	5	0	0	131	19	1932	0	3	0	0	0	0	10	36	0	188	59	63	0	0	0	0	337	4	0	114	26	94	0	38	0	0	0	0	0	0	38	0	107	7	11	15	11	38	22	318	102	8	19	0	0	2	70	0	0	0	0	0	0	0	0	40	0	0	5	115	3	46	21	4	3	0	66	0	36	0	0	0	0	47	133	0	0	0	10	0	0	0	0	8	0	0	0	0	9	0	10	35	0	0	112	0	0	0	0	0	5	7	0	0	3	0	0	120	81	342	0	36	4	0	0	21	0	0	36	4	68	0	0	16	228	26	0	12	0	8	0	14	447	51	0	0	41	0	10	23	275	13	0	0	0	9	15	0	0	27	0	0	14	37	224	55	7	10	144	44	0	0	0	35	0	0	0	9	0	0	0	0	5	130	15	0	0	0	3	0	147
g__Holdemanella	0	0	0	0	0	0	0	1197	884	0	2	653	0	0	0	327	0	5	223	0	0	0	0	762	0	2112	1672	0	0	0	0	0	0	137	0	1570	535	384	517	0	37	598	0	0	0	0	0	103	881	0	0	0	0	4221	0	0	1801	6	0	0	3526	0	0	0	294	0	0	0	0	0	0	0	0	690	0	0	0	53	0	0	0	0	0	0	0	6	0	0	0	7542	0	0	0	0	160	14853	0	0	0	0	0	0	0	0	0	0	0	0	0	0	0	0	0	0	0	0	0	0	0	0	0	0	0	0	0	0	0	0	0	0	0	325	0	0	0	0	0	0	0	0	0	0	0	0	0	0	0	0	0	0	0	70	0	0	0	0	618	0	361	0	0	0	0	0	0	102	92	709	0	4	499	0	40	0	0	503	0	0	0	0	0	0	0	0	0	0	0	0	2483	0	0	0	0	0	1619	1404	36	0	0	0	0	0	0	0	0	0	0	0	0	0	0	0	0	0	0	0	0	0	0	0	0	0	0	0	7	0	0	0	0	0	0	0	0	0	0	0	0	46	5	0	0	0	14	0	0	0	0	492	2	0	0	0	0	0	0	0	0	0	3152	0	0	0	7143	0	0	0	0	0	0	0	0	0	0	9	0	0	0	0	0	0	2787	564	10	3	0	0	0	0	0	0	0	0	0	0	0	0	0	10	0	0	0	0	0	0	4546	0	0	0	0	0	0	0	0	0	0	2490	2	3	4	0	0	635	1242	0	0	709	0	0	3	0	0	0	0	0	0	0	569	0	476	0	0	0	0	0	685	0	1760	0	0	224	0	0	0	0	1548	1011	0	0	89	6	0	0	0	1010	0	0	201	27	244	1156	2709	0	0	0	0	0	0	185	0	3396	396	0	0	159	91	0	0	0	260	0	1591	135	0	0	0	0	0	0	0	0	0	0	0	0	0	0	0	81	2	0	0	0	0	0	0	0	0	538	0	0	0	0	0	0	0	0	0	0	0	0	0	0	0	0	0	0	0	0	0	0	0	1196	463	279	0	0	0	142	0	0	0	0	0	421	0	0	0	0	0	0	0	5311	0	0	0	5	476	0	0	0	0	0	0	0	0	0	0	4	0	0	8	0	38	0
g__Holdemania	55	0	0	11	0	13	0	0	10	0	4	0	0	0	22	0	0	0	0	4	10	0	0	0	0	0	11	37	6	7	5	0	0	0	0	0	0	0	0	0	0	6	4	31	0	0	0	0	5	0	0	0	0	0	5	0	7	0	0	0	19	14	2	0	0	41	19	0	0	0	0	0	0	11	0	0	0	0	0	0	0	0	0	0	0	0	0	0	0	15	0	0	0	12	7	0	8	22	0	0	0	0	0	0	0	0	0	0	0	7	0	0	0	0	0	0	0	0	0	0	0	0	14	12	13	0	16	0	0	0	0	4	0	9	0	0	0	0	0	0	74	0	0	7	0	0	22	0	0	0	0	13	62	10	0	0	0	0	0	0	6	0	0	0	8	0	0	0	6	0	0	0	21	0	0	0	6	5	0	0	0	0	0	0	0	0	0	0	0	0	0	0	0	10	7	0	3	0	0	0	0	6	0	0	0	0	17	34	0	0	0	28	0	0	10	0	0	72	0	0	19	0	0	3	0	3	0	0	0	0	0	0	0	0	0	0	0	0	0	0	0	0	8	0	0	0	0	0	0	0	0	9	0	27	0	0	0	0	0	5	0	0	0	2	0	0	0	0	0	0	6	0	0	0	0	0	15	0	13	9	0	0	0	0	8	0	0	0	0	6	0	46	47	0	0	0	0	0	0	0	0	0	0	43	6	0	0	0	0	0	0	0	0	0	0	6	0	0	0	15	0	0	0	0	0	10	5	0	0	0	2	4	0	0	0	0	13	6	0	11	0	26	64	27	0	7	0	0	0	0	0	45	0	11	5	0	0	0	0	0	7	20	0	5	23	24	0	5	5	0	0	53	9	0	6	16	6	0	0	0	0	4	0	0	0	0	0	0	3	0	0	0	17	12	14	0	0	12	21	29	14	35	28	9	0	0	0	0	5	3	0	0	0	35	0	0	0	0	0	3	10	0	3	0	0	0	7	0	0	2	6	5	5	13	19	0	2	9	11	4	13	4	0	0	16	0	0	0	44	0	0	10	5	3	0	0	4	0	0	0	9	4	4	5	0	4	0	0	0	8	13	0	0	0	0	0	5	0	0	0	0	0	0	0
g__Hominenteromicrobium	0	52	70	0	0	0	28	153	155	0	170	20	0	27	0	4	0	4	144	0	0	0	7	0	233	207	443	0	0	0	8	270	0	0	0	0	44	68	98	163	6	0	76	24	16	0	0	0	0	4	0	0	0	38	93	0	0	0	0	0	354	0	0	0	1707	0	0	0	48	16	0	0	0	73	0	0	0	0	0	0	0	135	0	0	0	0	44	3	0	105	0	0	0	0	0	0	0	0	0	0	0	0	0	0	0	0	0	0	0	22	0	0	0	0	0	0	0	0	0	0	0	0	0	0	4	0	0	3	0	207	0	21	0	293	0	0	136	0	0	0	0	0	0	0	0	0	0	0	0	0	0	0	0	0	0	0	0	0	94	0	155	0	0	0	8	0	68	8	1663	0	7	85	0	0	0	0	0	0	10	0	0	0	0	0	0	0	0	0	0	0	0	0	0	0	0	160	0	0	0	0	0	0	0	0	0	0	0	345	0	0	798	0	0	0	0	0	0	0	0	0	96	0	0	0	0	161	0	0	0	0	0	0	0	0	0	0	0	0	0	0	0	0	0	0	0	0	0	0	0	0	0	156	0	212	0	0	0	0	61	0	0	0	0	256	0	0	0	0	0	0	85	0	151	3	0	0	0	0	0	0	122	26	0	0	700	0	3	4	0	0	0	0	0	0	0	0	0	247	0	0	0	0	0	0	1066	0	0	0	3	0	0	0	0	0	0	34	0	0	0	0	0	0	0	0	0	0	0	0	0	0	0	0	16	0	0	0	0	0	0	145	0	0	0	27	0	0	257	75	0	89	23	251	12	0	5	19	0	0	0	0	0	457	77	0	0	85	97	5	10	25	28	421	94	0	0	0	0	13	5	0	13	16	0	0	0	0	46	49	42	16	10	165	31	0	0	0	44	0	833	1334	0	0	0	756	0	0	0	0	0	0	0	0	6	0	59	0	135	0	0	0	0	0	0	0	0	0	0	0	265	97	0	0	60	210	159	111	0	434	0	13	63	137	15	25	158	0	132	7	0	0	0	50	0	64	26	54	82	0	0	9	0	0	0	0	0	0	54	0	0	20	0	0	35	0	0	0	0	0	0	0	0	0	0	0
g__Hominibacterium	0	18	70	13	10	0	7	11	0	36	25	0	0	0	0	5	40	0	0	23	3	0	28	0	10	0	18	61	0	216	0	12	0	107	20	0	0	8	0	24	13	20	0	36	6	0	0	0	5	0	0	0	0	248	0	0	0	0	0	0	70	0	503	0	10	80	36	0	0	0	0	0	0	83	0	0	0	0	0	0	0	0	0	0	0	0	0	0	0	73	0	0	0	0	0	0	0	0	0	0	0	0	0	0	16	0	0	8	0	0	0	0	0	14	0	0	0	0	0	0	0	0	0	0	0	0	0	0	0	0	0	0	0	13	0	58	0	0	0	0	65	0	12	0	0	0	0	0	0	0	0	0	0	0	0	0	0	0	9	0	0	0	0	0	10	0	33	0	0	0	0	0	86	0	0	0	0	0	0	0	0	0	0	0	0	0	0	0	0	19	0	0	0	0	0	0	0	0	0	0	0	0	0	0	0	0	43	0	0	0	19	0	0	0	2	0	0	0	0	0	0	0	0	0	0	0	0	0	0	0	0	97	0	0	0	0	0	6	0	0	0	0	0	0	0	7	0	0	0	0	0	12	0	0	0	0	0	0	201	0	0	0	0	0	0	0	0	0	0	0	62	0	0	0	0	0	0	0	0	0	0	0	0	0	51	0	0	72	0	0	0	0	12	0	0	0	0	28	0	0	0	0	0	3	21	0	0	0	0	0	0	91	0	0	0	0	0	0	0	0	0	0	0	81	0	0	0	0	3	0	0	0	0	0	0	0	39	0	0	0	0	22	0	6	20	0	0	0	2	0	0	29	0	0	0	0	5	4	0	0	0	0	0	23	151	29	8	0	11	0	139	0	0	0	26	0	0	6	0	0	17	0	0	0	0	0	3	0	0	16	0	0	76	0	0	0	23	0	22	34	5	83	60	32	0	0	0	5	0	6	0	0	0	60	0	0	0	17	0	0	9	0	0	0	0	32	0	10	0	6	0	0	0	21	0	0	0	82	49	0	24	8	0	0	0	0	0	0	9	0	0	0	0	17	0	0	0	0	0	0	0	0	8	25	0	0	0	0	0	0	28	0	0	0	0	0	0	0	0	0	12	0	0	0
g__Hominicoprocola	0	350	0	142	0	57	0	53	0	41	242	124	0	0	0	29	631	0	128	153	10	17	68	58	436	207	370	68	7	0	172	0	0	5	0	0	892	332	12	39	41	52	0	822	0	0	0	238	17	0	0	0	0	0	10	0	147	0	0	0	703	0	0	0	76	0	0	0	36	111	0	0	0	675	0	0	0	4	9	0	0	37	0	209	0	0	0	520	0	52	0	0	0	680	0	0	0	0	0	0	0	0	0	0	0	0	0	0	0	79	0	0	0	0	0	0	0	0	0	0	0	0	0	0	0	0	0	0	0	0	0	533	0	53	0	0	0	0	0	0	0	0	0	183	0	244	5	0	0	0	0	0	0	0	0	0	0	0	21	0	0	0	0	0	56	0	240	94	547	0	0	0	0	0	0	0	0	0	0	0	0	0	0	64	27	0	65	0	0	0	0	0	0	0	216	0	534	0	0	0	0	0	0	0	0	0	0	0	0	0	116	0	0	0	0	0	0	0	0	0	405	0	0	0	0	0	0	0	0	0	0	0	0	0	0	0	0	0	0	0	0	0	11	22	0	0	0	521	0	0	0	176	0	0	0	0	0	0	246	177	30	0	0	0	0	0	0	0	0	0	0	0	98	0	0	0	0	0	0	0	0	66	0	0	219	0	0	509	0	0	0	648	0	0	0	0	0	25	5	0	0	0	0	142	386	0	0	0	0	0	8	1092	0	0	2	0	0	0	0	68	0	10	0	0	0	0	77	0	0	0	0	4	9	0	0	0	0	0	75	0	2	0	0	31	217	0	0	190	0	95	73	0	11	0	0	82	5	40	5	0	0	635	0	0	144	630	1249	295	31	226	270	0	295	0	180	0	0	189	0	0	238	139	71	69	0	0	0	948	71	20	14	73	0	0	0	0	390	0	231	183	9	0	0	155	0	0	0	7	0	74	0	0	0	0	283	0	0	43	0	0	162	17	0	0	0	0	0	0	20	48	0	0	87	0	60	0	0	0	0	53	160	405	75	53	0	2	50	121	639	0	0	0	152	133	37	3	50	0	0	0	0	0	67	35	0	19	84	0	0	258	207	0	153	0	0	0	0	23	0	3	0	0	4	3
g__Hominifimenecus	0	7	0	0	0	0	46	65	0	0	15	0	0	0	0	25	86	0	18	0	32	54	0	10	4	0	20	0	0	0	9	0	0	0	0	0	37	29	0	0	0	0	0	18	16	0	0	0	0	0	0	0	0	0	0	0	22	0	0	0	60	0	0	0	23	0	0	0	0	0	0	0	0	8	0	0	0	0	0	0	0	0	0	0	0	0	0	0	0	0	0	0	0	25	0	0	0	0	0	0	0	0	0	0	0	0	0	0	0	0	0	0	0	0	0	0	0	0	0	0	0	0	0	0	0	0	0	0	0	0	0	14	0	0	0	0	0	0	0	0	0	0	0	0	0	0	0	0	0	0	0	0	0	0	0	0	0	0	0	0	0	0	0	0	0	0	0	17	0	0	0	0	0	0	0	0	0	0	0	0	0	0	0	12	0	0	0	0	0	0	0	0	0	0	0	0	0	0	0	0	0	0	0	0	0	0	0	0	0	0	0	0	0	0	0	0	0	0	0	0	0	0	0	0	0	0	0	0	0	0	0	0	0	0	0	0	0	0	0	0	0	0	0	0	0	0	0	0	0	0	0	6	0	0	0	0	0	0	0	0	0	0	0	0	0	0	0	0	0	0	0	0	0	0	0	0	0	0	0	0	0	8	0	0	22	0	0	42	0	0	0	0	0	0	0	0	0	15	0	0	0	0	0	13	0	0	0	0	0	0	0	60	0	0	0	0	0	0	0	0	0	12	0	0	0	0	0	0	0	0	0	0	0	0	0	0	0	0	0	0	0	0	0	11	0	0	0	39	0	28	0	0	0	0	0	0	0	0	0	0	0	0	0	0	0	0	0	6	12	16	74	0	32	0	0	0	0	0	0	0	20	0	0	23	0	0	0	0	10	0	92	0	0	0	0	0	30	0	0	0	0	0	0	0	0	0	0	0	0	8	0	0	0	0	0	0	0	0	0	0	0	0	0	0	0	0	0	0	0	0	0	0	0	0	0	0	0	0	0	0	0	15	18	23	0	0	11	0	0	0	0	0	15	0	0	21	0	0	0	0	0	0	0	0	0	0	0	0	0	33	0	0	0	0	0	0	0	0	0	0	0	0	0	0
g__Hominilimicola	1176	11	523	153	28	172	45	327	142	45	247	0	786	195	255	3	25	109	57	192	59	612	6	110	0	104	6	192	7	489	72	192	0	5	82	71	874	42	8	89	60	130	42	276	94	277	0	7	138	92	0	0	0	20	195	211	410	3	0	0	50	81	4	0	141	1279	32	0	0	135	0	2	0	184	0	0	0	16	166	0	0	351	2	115	0	0	246	19	81	0	11	0	0	0	33	0	230	69	0	0	0	0	0	0	237	0	0	0	0	0	0	0	0	25	0	0	0	174	0	0	9	3	97	0	163	8	0	0	0	0	0	13	0	69	0	0	330	0	0	0	0	0	9	340	0	0	30	592	0	0	0	0	0	80	0	0	586	3313	91	0	0	4	0	357	65	4	44	38	116	0	0	116	138	0	14	0	0	456	0	0	75	0	0	389	0	21	0	0	6	207	0	0	360	0	120	63	20	0	0	0	111	141	0	25	0	0	86	34	0	0	84	0	0	348	84	8	0	0	0	0	28	0	0	0	0	350	0	0	0	0	0	0	0	0	138	0	0	0	0	0	4	0	19	14	0	300	0	0	0	0	0	39	0	249	0	0	0	3	0	0	45	0	183	21	0	0	0	0	9	0	0	0	0	414	0	0	0	0	0	0	0	0	4	0	111	0	23	365	0	0	4	0	0	0	0	92	119	289	422	0	0	0	0	214	156	46	96	0	9	3	14	331	0	0	0	94	4	100	0	0	0	49	0	0	42	0	56	0	0	0	63	41	54	56	0	269	46	15	42	167	63	266	0	116	162	400	0	181	0	119	196	1190	0	0	45	209	153	457	64	351	0	522	394	152	0	1556	272	11	91	0	50	197	187	0	0	77	427	0	23	209	0	95	44	85	5	0	39	162	54	32	156	10	163	39	0	3	509	0	165	275	20	32	3	1421	0	197	0	10	88	641	272	0	13	2	125	127	98	5	125	253	73	4	132	0	1460	72	0	208	51	8	12	0	150	632	114	310	155	83	37	109	288	65	124	17	388	0	386	65	574	184	74	263	230	83	68	380	439	0	0	147	54	31	99	213	183	155	24	182	0	97	66	0	60	0	0	0	4	37	5	0	93	168	0	0
g__Hominimerdicola	0	0	200	0	58	0	0	28	0	0	0	0	1050	2	0	47	0	3	0	185	0	0	0	7	0	0	1308	34	0	447	0	0	47	0	0	0	0	71	46	0	20	171	0	0	0	0	0	80	26	0	0	0	0	0	24	0	55	179	0	0	530	290	0	10	0	0	4	0	133	0	2	0	0	4	0	866	0	0	6	61	0	0	0	0	0	0	31	49	0	0	534	0	203	0	0	0	109	28	0	0	5	0	0	6	0	0	111	0	0	0	0	0	0	0	0	0	0	0	0	0	16	0	0	23	0	0	146	0	0	0	0	0	0	318	53	0	0	0	0	0	0	0	0	9	3	666	0	0	0	0	0	0	167	38	6	0	0	0	107	0	0	0	0	0	30	0	0	0	0	7	0	25	0	0	0	0	0	583	0	0	0	0	0	24	1869	0	0	0	0	0	0	0	0	0	0	0	0	0	0	0	0	34	0	0	0	0	1034	0	0	0	0	0	0	0	0	0	0	2	0	2	3	0	0	57	0	0	0	0	0	0	0	0	0	0	0	0	0	10	0	0	0	0	0	0	0	109	5	0	0	730	0	0	0	0	0	1829	0	0	339	7	0	0	144	0	0	0	0	0	0	0	0	0	473	212	0	8	6	0	1155	0	5	36	7	0	3	7	20	1516	472	17	6	89	0	0	37	0	0	92	979	3	0	0	3	0	0	0	24	0	0	2	3	0	3	0	5	0	4	0	0	2	0	0	0	0	0	0	47	0	0	0	0	0	0	83	0	0	0	0	0	0	0	149	0	0	321	347	0	366	0	0	0	0	0	0	0	0	78	24	0	0	0	4	0	0	0	0	0	0	0	56	7	297	1055	0	361	0	0	0	115	0	0	307	0	0	0	27	23	0	220	0	0	0	0	0	0	0	41	0	5	0	0	0	0	0	0	0	0	0	11	2477	2	474	0	3	0	0	0	0	0	0	326	11	0	25	0	203	0	833	83	191	68	0	0	0	5	0	0	0	0	0	0	0	884	33	901	5	155	0	90	0	0	0	0	0	24	0	69	0	0	0	0	0	236	37	0	0	7	0	0	0	0	0	183	0	0	0	6	31	0	0	0	42	0	0
g__Hominiventricola	44	48	0	113	0	135	172	175	101	48	96	17	51	46	166	52	70	78	87	33	83	45	0	89	47	60	50	0	84	40	19	0	0	0	30	0	16	44	0	0	0	9	43	104	0	0	0	34	0	0	0	0	0	0	18	0	20	0	0	0	107	93	0	0	39	31	0	0	0	0	0	0	0	109	0	0	0	0	12	0	0	0	0	31	0	0	0	0	0	46	0	0	0	70	0	0	0	32	0	0	0	0	31	0	0	0	0	0	0	46	0	0	0	50	11	0	0	0	0	0	13	0	0	0	0	0	0	0	0	0	0	186	0	0	0	0	0	0	0	0	0	0	13	35	0	0	0	0	0	0	0	0	0	59	0	0	0	0	0	0	0	0	0	0	0	0	37	37	0	0	0	0	0	0	10	0	0	12	0	0	0	0	0	25	0	0	0	0	0	0	0	0	0	0	0	0	11	0	0	0	0	0	0	0	0	0	0	26	0	0	49	0	56	0	0	0	0	0	0	0	0	0	0	0	0	0	0	0	0	0	0	0	0	0	0	0	0	0	0	0	0	0	0	14	0	0	0	0	0	0	0	0	0	0	0	0	0	0	29	0	0	0	0	0	0	0	0	0	0	0	0	0	0	0	0	0	0	0	0	0	0	0	0	0	23	0	0	73	0	0	0	151	0	0	0	0	30	20	0	0	0	0	0	43	51	0	0	0	0	0	7	68	0	0	0	0	0	96	0	96	0	72	0	0	0	0	176	0	0	38	0	46	42	0	0	0	0	0	0	89	0	69	0	202	0	0	23	48	0	55	26	22	66	0	0	0	0	0	15	0	0	82	107	29	183	90	162	142	128	148	207	0	227	0	42	22	0	0	34	0	22	30	41	103	10	0	31	0	35	93	51	0	0	104	0	0	14	22	0	0	0	0	0	108	63	19	42	0	0	202	0	0	12	27	113	15	55	25	0	0	79	75	0	0	0	15	0	0	0	29	0	0	22	0	32	24	48	0	25	56	55	56	91	41	49	0	25	0	104	0	0	123	80	83	101	43	26	10	54	29	0	0	0	154	0	42	111	0	0	114	14	0	66	0	0	0	57	38	0	0	11	59	14	0
g__Hungatella	5	0	11	0	0	0	0	0	0	0	0	0	9	0	0	0	0	0	0	6	0	0	0	0	0	0	0	25	0	0	19	0	97	0	0	0	0	0	0	0	0	0	0	13	0	0	68	0	0	0	0	0	71	0	0	8	0	0	0	0	0	0	0	0	0	22	0	22	0	0	40	0	0	0	0	165	0	475	304	0	0	0	16	0	83	0	104	0	0	0	111	0	0	0	0	0	0	0	0	0	0	0	0	0	0	0	0	0	0	0	228	0	0	0	0	0	0	0	8	62	0	0	6	0	0	0	0	0	0	0	0	0	8	0	6	0	84	0	49	0	13	0	0	0	0	0	0	0	0	0	0	0	56	0	0	0	10	1149	0	0	0	0	47	0	0	0	0	0	5	0	0	0	0	0	0	0	0	0	0	0	0	0	0	0	0	0	0	0	0	0	0	0	107	23	0	0	0	0	0	0	0	6	0	1330	92	0	0	0	0	310	0	0	20	0	6	7	0	8	0	0	0	0	0	0	6	4	0	0	0	6	0	0	0	5	0	0	14	0	6	2541	0	120	0	0	0	0	15	0	0	441	0	0	0	0	0	40	31	0	0	454	74	0	0	0	0	0	0	0	0	0	49	19	0	0	151	0	0	0	0	9	18	0	0	0	0	0	0	0	0	0	709	0	29	0	0	0	13	0	53	0	0	6	0	0	0	0	0	0	0	73	0	0	0	0	0	0	0	18	0	0	0	0	0	29	0	0	0	0	0	0	0	0	0	16	17	0	6	7	0	0	0	0	181	0	0	5	0	0	0	0	0	5	0	0	0	0	0	0	0	5	6	18	0	24	84	33	0	32	0	0	0	167	0	0	32	0	0	0	0	0	0	0	0	0	0	26	0	0	0	0	0	0	0	0	0	0	0	0	0	0	7	16	14	0	14	27	165	161	4	0	10	20	0	803	0	0	0	0	62	0	0	0	0	0	6	0	6	8	0	104	0	0	0	0	0	0	0	11	0	0	0	0	0	0	13	185	0	0	0	0	0	0	0	0	0	0	0	0	12	0	30	0	161	0	0	0	0	26	79	9	0	26	0	43	0	15	0	0	0	0	0	0	0	0
g__Intestinibacter	187	40	77	125	33	0	6	2	9	166	60	59	715	0	0	27	135	39	0	20	58	0	0	0	23	8	8	69	32	204	110	99	151	20	22	12	0	0	45	0	0	88	42	0	99	44	359	46	0	107	271	150	238	0	116	412	271	37	0	692	0	103	254	6381	525	1044	253	394	703	152	189	124	2172	73	520	964	572	53	136	59	55	106	3239	31	335	1252	48	897	741	5	1332	0	303	24	10	10	0	191	198	382	157	0	0	5	143	187	406	57	156	220	469	45	2351	565	127	0	0	694	14	234	189	1264	12	37	278	29	0	1112	0	0	9	0	540	291	170	786	159	42	8	0	346	0	10	41	81	396	73	291	0	0	0	248	313	195	389	0	17	4487	9	0	9	24	1527	0	0	14	70	0	40	32	0	539	9	0	139	0	752	247	13	0	16	219	10	137	537	0	0	0	0	17	0	169	738	0	454	36	0	0	0	265	433	51	38	980	146	294	83	0	11	479	1378	37	1483	222	464	22	1380	140	0	25	611	347	0	108	2685	236	86	263	560	255	0	16	43	205	5	625	102	7	42	0	1999	3720	8	0	0	157	0	0	804	0	11	218	53	80	0	121	253	6	17	173	0	7	0	556	0	40	32	0	0	1109	0	73	176	1239	8	1050	202	2420	13	747	48	300	7238	2541	1917	58	914	3512	17	1000	239	1119	511	14	13	38	394	0	72	2929	4009	4	3132	11	0	75	5439	214	3	60	0	0	4	0	4	0	1455	370	0	0	128	5	0	9	54	0	26	5	299	4	480	92	0	117	26	148	0	95	0	215	1291	314	461	110	41	6	76	0	0	0	0	27	0	63	0	0	209	28	236	49	76	75	498	167	317	126	18	180	56	21	0	1714	4	0	80	174	24	0	8	144	118	10	0	15	0	0	150	166	141	15	0	51	4	0	36	30	0	0	128	166	0	12	210	28	106	0	311	125	128	116	451	193	17	56	0	448	98	0	375	163	0	6	79	303	1820	140	23	21	512	462	108	19	14	266	97	8	19	201	17	610	127	9	35	0	40	237	0	0	551	19	0	9	9	1043	6	14	0	0	0	0	291	11	119	7	11	0	0	260	87	8	33	0	51	376	0	17	0	7	53	0	0	70	0	0
g__JAGTTR01	0	8	0	15	0	13	9	13	54	11	17	0	0	8	0	7	29	0	7	0	0	32	0	0	6	9	18	0	0	0	8	0	0	0	0	0	0	16	0	0	0	0	0	27	0	0	0	9	0	0	0	0	0	0	21	0	19	0	0	0	35	0	0	0	16	0	9	0	0	0	0	0	0	21	0	0	0	0	0	0	0	20	0	0	0	0	0	18	0	0	0	0	0	11	0	0	0	0	0	0	0	0	0	0	0	0	0	0	0	6	0	0	0	0	0	0	0	0	0	0	0	0	0	0	0	0	0	0	0	0	0	9	0	0	0	0	0	0	0	0	0	0	0	0	0	0	0	0	0	0	0	0	0	0	0	0	0	0	0	0	0	0	0	0	0	0	18	0	17	0	0	0	0	0	0	0	0	0	0	0	0	0	0	11	0	0	0	0	0	0	0	0	0	0	10	11	0	0	0	0	0	0	0	0	0	0	0	0	0	0	3	0	0	0	0	0	0	0	0	0	0	0	0	0	0	0	0	0	0	0	0	0	0	0	0	0	0	0	0	0	0	0	0	0	0	0	0	0	0	0	0	26	0	0	0	0	0	0	6	0	0	0	0	0	0	0	0	0	0	0	0	0	0	0	0	0	0	0	0	0	0	15	0	0	28	0	0	27	0	0	0	0	0	0	0	0	0	17	0	0	0	0	0	9	7	0	0	0	0	0	0	27	0	0	0	0	0	0	0	0	0	0	0	0	0	0	0	0	0	0	0	3	0	0	0	0	0	0	8	0	0	0	0	11	5	0	0	24	0	0	0	0	0	0	0	0	0	0	0	0	0	0	0	0	0	0	23	4	4	16	26	0	20	0	0	0	0	0	0	0	0	0	0	0	0	0	0	0	0	0	0	11	0	0	0	0	0	0	10	16	0	0	0	0	0	0	0	0	0	0	0	0	0	0	12	19	20	13	0	0	0	0	0	0	0	0	0	0	0	5	0	0	9	29	13	0	0	0	0	0	5	5	9	0	0	0	0	15	0	0	0	0	9	11	0	0	0	0	4	0	0	0	0	0	0	0	0	0	0	11	0	0	0	0	0	0	0	0	0	0	0	0	0	0
g__Klebsiella	23	13	0	0	0	0	0	0	0	28	0	45	110	0	0	0	0	18	0	0	0	0	420	0	0	166	0	0	0	0	0	10	0	0	0	0	0	29	38	0	12	0	0	0	0	0	0	0	0	0	228	0	0	0	71	0	0	12	0	0	0	0	0	15	0	0	0	21	0	12	48	0	9	0	11	15	0	0	0	0	272	0	159	0	0	45	0	0	0	0	18	0	0	0	0	0	27	0	158	0	0	31	112	0	0	0	0	0	0	0	0	0	0	103	0	0	144	0	0	0	238	146	0	0	0	41	0	0	0	9	0	0	0	7	20	0	0	93	0	0	0	0	0	0	0	2234	0	7	0	69	240	78	0	0	0	0	0	0	0	0	4	0	105	0	0	22	0	0	0	0	0	6	0	0	0	0	0	0	0	18	0	0	0	0	0	391	0	0	0	0	0	0	0	0	171	0	0	89	0	0	0	0	29	18	0	0	0	0	4	0	0	0	70	0	0	0	116	0	0	0	0	3762	0	0	0	0	0	0	27	36	21	0	68	0	0	0	0	0	55	282	0	0	70	0	0	0	0	29	2659	0	93	0	2538	21	0	0	0	54	0	29	516	4175	0	0	0	0	0	0	0	0	0	0	0	0	0	91	0	61	0	0	0	0	0	1510	302	0	0	0	0	0	8	0	0	0	0	0	0	70	0	76	175	0	0	0	0	0	55	0	566	91	0	0	0	0	0	0	125	53	0	13	34	0	0	0	0	14	0	91	0	0	0	0	0	0	0	0	5	0	0	30	0	0	0	36	0	0	0	0	414	0	705	9214	0	0	0	0	46	0	0	0	0	59	0	0	0	0	0	2929	0	0	0	0	0	0	0	142	0	24	1910	315	14	0	0	0	0	0	0	0	0	28	0	0	14	0	0	9	13	0	0	0	0	0	0	0	0	0	0	27	0	0	0	21	1092	0	0	29	29	38	0	0	0	0	0	0	18	126	300	0	0	0	0	0	32	0	0	0	0	0	0	0	0	0	30	447	0	165	0	0	0	0	0	0	0	0	0	0	0	0	0	0	0	0	0	11	0	0	0	29	27	0	0	15	0	0	0	0	0	0	0	304	21	0	30	22
g__Lachnoclostridium_B	212	62	45	81	18	96	112	90	106	52	25	15	128	64	119	25	90	81	26	0	0	84	112	102	18	212	97	41	0	0	0	0	107	166	12	0	354	74	32	32	17	7	21	154	0	15	0	10	0	244	0	0	0	215	120	0	37	0	0	39	143	127	130	0	60	32	0	0	0	0	0	0	0	188	0	45	0	22	0	0	0	76	0	49	26	0	139	66	12	139	0	0	0	104	0	0	0	0	87	0	0	0	60	0	0	0	0	0	0	36	0	0	0	0	0	0	0	39	0	0	0	0	0	0	0	52	0	0	0	34	0	54	0	0	31	107	0	0	68	0	0	20	21	295	0	116	0	74	112	0	0	0	22	65	0	0	0	0	24	0	15	0	0	60	74	0	67	0	0	0	22	81	12	0	0	0	0	0	42	0	0	0	0	0	0	45	0	47	0	0	17	0	0	59	137	0	74	0	0	0	0	14	0	0	0	0	0	0	0	0	10	96	0	0	0	0	0	0	0	0	68	0	0	0	0	0	0	0	14	0	0	0	0	0	1062	0	0	4	0	0	0	0	0	53	0	0	0	4	0	0	0	105	0	212	0	12	30	0	96	0	0	0	107	0	0	0	0	0	0	0	13	0	0	224	0	0	0	0	192	0	0	52	0	0	135	0	0	64	53	0	0	0	0	0	0	0	0	90	0	0	0	0	0	174	0	0	152	0	0	0	0	55	0	0	0	0	0	126	0	0	67	18	0	0	0	56	0	48	0	24	0	12	0	0	0	0	0	0	23	0	0	0	0	183	74	170	0	0	0	59	7	0	80	0	20	0	81	0	0	101	0	230	91	129	0	0	91	862	130	90	135	90	177	0	33	0	0	0	32	0	0	0	22	52	0	0	0	8	54	44	106	31	117	34	0	70	99	0	146	192	0	29	0	0	49	104	0	0	19	0	0	0	0	11	33	68	123	94	0	55	0	65	0	0	0	0	0	32	7	79	0	0	32	175	145	28	0	158	41	0	0	44	36	37	0	0	53	42	0	0	0	11	40	49	12	37	32	0	0	22	0	5	0	101	0	36	14	0	0	106	29	0	7	0	0	0	0	0	0	0	34	13	24	0
g__Lachnospira	8	453	217	1368	6	553	2447	1293	610	148	363	107	98	552	590	318	0	862	209	285	142	358	8	205	54	309	320	2139	437	881	478	860	11	33	28	97	121	776	345	11	48	61	248	194	0	59	30	293	258	15	0	0	220	0	141	62	386	3206	0	23	3262	624	111	45	527	3246	84	1934	226	1241	0	29	638	1110	67	143	0	173	78	552	4	76	0	428	0	844	0	268	0	0	59	20	0	191	0	0	767	0	1293	49	0	0	112	0	58	0	570	381	4157	637	258	496	926	55	1166	60	4	3277	0	1010	2309	462	412	801	58	187	175	7	0	219	270	158	0	70	343	0	346	29	634	188	0	0	272	109	1915	2680	146	948	635	474	0	444	688	20	8	142	968	1993	29	0	788	0	0	66	75	0	239	157	642	0	133	285	51	17	77	191	22	455	191	51	8	574	21	111	342	0	87	32	0	310	6	0	76	1099	2123	41	505	40	0	196	1113	1593	7	490	1437	51	809	980	0	0	170	1489	6037	16	2244	0	0	3743	1083	1651	0	46	1306	120	0	879	7	1873	0	31	0	18	0	0	10	38	46	12	49	0	0	0	19	234	0	277	0	0	2331	1900	181	34	0	122	0	899	0	4	355	0	23	4	279	582	0	11	407	38	0	0	0	0	594	5831	39	84	1554	0	1974	3552	318	159	4	4919	236	118	284	283	1473	3364	17	4139	2452	18	2716	1088	118	253	486	0	10376	5	1810	732	10	9	2598	42	4	343	12	297	1266	0	9	0	803	648	23	0	0	584	990	1722	1293	0	263	252	0	566	83	323	210	755	5247	2239	551	79	6	36	121	332	3214	1537	420	493	36	77	32	108	107	216	347	0	0	55	10	64	37	25	45	2238	4688	407	2296	2762	1466	23	926	2478	1183	656	2379	0	254	26	728	261	578	0	305	311	205	340	172	2049	161	1051	135	0	64	19	120	241	1437	288	187	0	219	494	101	219	0	84	497	364	0	69	34	2913	563	940	3053	216	677	177	144	8	1802	14	700	962	577	298	5	16	244	1096	132	557	210	31	373	238	417	484	392	1141	10	1316	1367	215	815	443	946	18	951	196	1065	5	0	1214	461	123	350	219	547	33	52	107	317	0	35	421	547	389	480	63	1043	1552	789	0	325	4159	1138	0	687	450	1315	0	101	701	24	7
g__Lacticaseibacillus	0	0	0	0	0	0	0	0	54	0	49	0	0	0	0	0	7	0	0	0	5	0	0	0	0	0	0	0	0	0	84	0	0	0	0	0	0	0	0	0	0	0	0	0	0	0	7	0	0	0	0	0	0	0	0	16	0	79	8	0	0	0	0	194	0	59	0	0	0	0	117	74	28	3	79	0	0	0	0	85	0	0	14	0	0	25	0	0	0	0	0	0	0	0	67	49	0	0	0	0	19	0	0	0	0	0	0	0	69	0	0	0	0	0	0	0	0	430	0	0	0	1017	0	0	0	2	0	337	0	0	0	0	0	0	102	0	25	0	0	221	0	0	2	0	0	0	17	0	0	0	834	0	0	0	0	0	0	0	0	30	4	0	0	0	0	0	0	0	0	14	0	11	0	19	0	0	2518	0	0	0	0	0	0	0	0	0	0	96	0	0	0	12	0	171	0	0	0	0	34	0	0	80	11	0	0	12	0	0	0	5	0	0	0	85	0	0	0	0	0	0	0	4	24	35	154	0	58	22	0	5	15	0	15	7	16	0	5	10	0	0	24	2500	0	0	443	0	0	0	20	797	0	0	30	84	2037	0	0	0	0	2	0	0	0	15	25	0	0	0	10	28	0	0	0	60	26	11	19	77	48	0	0	0	0	144	0	45	0	0	5	0	0	0	2	0	33	0	21	0	14	463	0	0	299	0	0	48	16	0	4	14	22	0	0	366	0	0	54	0	0	0	0	0	0	0	0	0	0	0	0	0	0	0	0	0	0	0	0	0	0	5	0	0	0	0	14	0	0	0	0	0	0	0	0	0	0	59	0	0	0	0	0	0	0	0	0	0	0	10	0	0	0	3	0	0	0	0	0	0	0	0	0	0	0	0	0	0	0	0	0	0	0	0	0	0	0	0	0	0	0	0	0	0	0	0	16	0	7	0	0	0	0	6	0	0	0	0	0	0	0	0	0	7	12	0	0	0	0	0	0	0	0	0	0	35	12	0	0	0	0	0	0	0	0	0	0	0	0	0	0	0	0	0	0	0	0	0	0	0	0	0	0	564	0	0	0	0	0	0	0	1	0	142	0	0	0	25	0	0	0	15	0	0	0	0
g__Lactiplantibacillus	0	0	0	0	0	0	0	0	0	0	0	0	0	0	0	0	0	0	0	0	16	0	0	0	0	0	0	0	0	221	60	0	28	0	0	0	0	0	0	0	0	0	0	0	0	0	39	0	14	66	1	12	0	0	0	0	0	0	929	0	0	0	0	179	0	0	0	0	0	0	0	316	0	0	67	0	64	0	0	0	0	0	0	0	0	0	0	0	0	0	0	0	0	0	0	0	0	0	94	0	0	0	0	0	0	0	0	0	0	0	0	0	0	0	0	0	0	0	0	0	0	53	0	0	0	0	0	0	0	14	0	0	0	0	0	0	0	0	0	0	0	0	0	0	0	0	0	0	0	0	491	10	6	0	746	0	0	0	0	0	0	0	0	0	0	0	0	0	0	0	0	28	0	0	0	0	90	0	0	0	0	0	0	0	0	0	0	0	10	0	6	0	0	12	0	0	0	0	0	0	0	0	6	0	0	0	0	0	0	2	0	0	0	0	0	0	502	0	0	0	0	0	0	23	0	0	0	9	0	0	0	0	0	0	0	0	0	27	0	0	0	23	0	0	169	0	0	0	0	0	0	0	0	1697	0	0	0	0	14	0	0	0	0	0	81	0	9	0	0	0	0	0	0	0	1727	0	31	0	0	0	0	0	0	0	0	0	0	0	0	0	0	0	0	0	0	0	0	0	0	159	0	0	71	0	0	0	0	0	4	0	0	16	0	0	11	0	0	0	0	0	0	0	0	5	0	0	0	0	0	0	0	0	0	0	0	0	0	10	0	0	0	0	0	0	0	0	0	0	0	0	0	0	0	0	0	0	0	0	0	21	0	0	0	0	0	0	0	0	0	0	0	0	0	2126	5	0	0	0	0	0	0	0	0	0	0	0	0	0	0	0	0	0	0	0	0	0	0	0	0	0	0	0	0	41	0	0	0	0	15	35	0	0	0	0	0	2	0	0	0	0	0	0	0	11	5	0	0	53	0	9	2	0	0	0	0	0	0	0	0	0	0	0	0	0	0	0	58	0	0	0	0	0	0	0	6	0	0	0	15	0	0	0	0	0	0	0	0	0	0	0	0	0	0	0	0	169	0	0	0	104	0	0	0	0
g__Lactobacillus	0	0	0	0	0	0	0	0	0	0	0	0	0	0	0	0	0	0	0	0	0	0	0	0	0	0	0	0	0	0	0	0	0	0	0	0	16	0	0	0	0	0	0	0	0	0	0	0	0	0	0	0	0	0	0	0	0	0	6	0	0	0	0	0	0	0	0	0	0	0	0	3	6	4	276	13	0	0	6	0	0	0	0	0	0	0	0	0	0	0	0	0	0	0	0	0	0	0	8	0	0	0	0	0	0	0	0	0	0	0	0	0	0	0	0	0	0	1565	0	0	0	6	0	0	0	0	0	0	0	0	0	23	0	0	0	0	0	0	0	26	0	0	0	0	0	0	71	0	0	0	0	0	0	0	0	0	0	0	0	0	0	0	0	4	0	76	0	0	0	0	0	0	0	0	0	0	0	0	0	0	0	0	0	0	0	0	0	0	0	0	0	0	0	4360	0	0	0	0	8	0	0	0	0	0	0	9	309	0	0	0	2	0	0	0	0	0	9	0	0	0	0	0	0	0	3311	0	4	0	0	7	0	0	11	87	0	0	0	8	0	0	0	4469	0	830	0	0	0	0	0	45	0	8	8	0	0	0	0	0	0	0	0	0	0	0	15913	0	0	0	0	0	0	0	0	0	0	0	108	0	0	0	0	0	0	0	0	34	8	0	0	4	0	0	0	0	0	0	0	0	0	0	0	0	13	0	0	0	0	0	0	0	4860	0	8	10	27	0	0	0	39	0	0	0	0	0	0	0	0	0	0	0	0	0	0	0	0	0	0	7	0	0	0	4	0	0	12	0	0	0	0	0	0	0	0	0	0	0	0	0	0	0	0	0	0	0	0	0	0	0	0	0	0	0	0	985	0	0	0	0	11	0	0	0	0	0	0	0	0	0	0	0	0	0	9	0	0	0	0	0	0	0	0	0	0	0	0	6	0	0	0	0	0	0	0	0	0	0	0	0	0	0	0	0	0	0	0	0	0	0	0	0	0	0	0	0	0	0	0	0	0	0	0	0	0	0	0	0	0	0	0	0	0	0	0	0	0	0	0	123	0	0	0	0	0	0	0	0	0	0	0	0	31	0	14	0	0	0	0	0	0	0	0	0	0	0
g__Lactococcus	0	0	0	5	0	0	0	12	0	0	3	5	0	0	31	0	0	0	0	0	0	0	0	0	0	44	5	0	0	0	450	0	0	0	0	74	6	14	0	7	3	0	4	0	0	26	0	0	3	5	0	0	0	11	0	18	5	0	5	0	0	5	58	12	0	110	0	181	0	0	0	0	65	0	106	7	0	0	0	0	0	0	0	0	0	0	0	0	0	0	0	377	0	0	4	4	7	0	0	0	0	0	0	0	0	0	0	0	0	0	0	0	0	23	0	0	0	3	0	8	0	0	0	0	0	912	0	0	0	7	3	0	0	0	0	6	0	35	0	0	0	0	0	0	0	8	0	3	0	0	139	0	0	0	34	0	0	0	0	0	0	0	0	0	0	10	806	0	4	7	0	118	0	38	0	0	0	0	0	0	0	0	0	0	0	0	0	0	181	0	0	0	0	3	3	0	0	3	0	4	0	0	18	0	0	0	6	0	0	0	3	0	0	0	0	0	4	0	0	0	0	0	0	0	0	0	0	36	0	14	0	30	0	0	0	0	8	0	107	0	0	0	144	0	0	0	0	0	0	0	82	0	0	185	0	0	0	0	0	0	0	0	0	0	0	0	0	0	0	0	0	0	0	0	0	0	0	0	2	0	0	0	6	4	0	7	0	0	0	0	0	0	0	6	9	0	0	0	0	0	0	0	0	0	2	0	0	0	161	7	0	16	0	5227	22	0	0	0	0	0	0	0	0	11	0	0	0	0	0	0	24	0	0	0	0	0	0	0	0	0	0	0	2	0	0	0	11	0	248	0	3	0	0	0	0	0	16	0	0	6	0	0	0	0	43	0	0	0	0	0	0	10	0	0	0	0	0	14	0	0	9	0	0	0	0	0	0	0	0	0	0	0	0	0	0	0	6	4	0	0	0	0	0	0	0	0	21	0	0	0	0	15	0	0	0	16	36	0	6	6	0	0	0	0	0	0	0	0	0	0	0	0	0	0	0	0	0	5	0	0	0	0	0	6	9	0	0	0	0	0	0	0	0	0	0	0	0	0	5	0	0	0	0	0	0	0	0	102	0	0	123	0	0	0	0	0	0	0	6	5	146	0	0	0
g__Lactonifactor	0	0	0	0	0	11	0	0	0	0	0	0	0	0	0	0	0	0	0	0	0	0	7	0	0	0	0	0	0	10	0	14	0	0	0	0	0	0	0	0	0	12	0	0	19	0	10	0	0	9	0	0	0	0	0	101	0	0	0	0	31	0	5	0	0	6	0	0	0	0	0	0	0	0	0	0	0	0	15	0	0	0	0	0	0	0	45	0	0	0	21	0	0	0	0	0	0	0	0	0	0	0	0	0	37	0	0	0	0	0	0	0	0	0	0	0	0	6	0	0	0	0	0	0	0	0	0	0	0	0	0	0	0	11	0	0	0	0	0	0	14	0	0	0	0	0	15	0	0	0	0	0	40	0	0	0	0	0	0	0	0	0	0	0	0	0	0	0	0	0	0	0	0	0	0	0	69	0	0	0	0	0	0	0	0	0	0	0	0	0	0	0	136	0	12	16	0	0	0	0	56	0	0	0	0	0	42	0	0	0	36	0	0	0	0	0	0	0	0	0	6	0	0	14	0	14	0	0	0	0	0	0	0	0	0	0	0	0	0	0	0	78	0	0	0	0	0	0	0	0	0	6	0	32	0	0	0	0	3	0	0	0	0	0	0	0	0	0	0	0	81	0	0	0	0	0	0	0	0	0	13	0	0	0	5	0	0	0	0	0	0	0	27	0	0	0	0	0	0	0	0	0	0	0	0	0	0	0	0	0	0	0	0	0	0	0	0	0	0	0	0	0	0	46	0	0	0	0	0	0	13	0	0	0	0	0	0	6	0	0	0	0	9	0	0	34	0	11	0	0	0	0	0	0	0	0	0	0	0	0	0	52	0	0	132	226	0	0	0	0	7	0	0	0	0	0	0	0	0	0	0	0	0	0	0	0	0	0	0	0	0	0	0	0	0	0	0	0	0	0	10	20	0	0	0	42	66	0	0	8	0	0	0	21	0	0	0	0	22	0	0	0	0	0	0	60	0	0	11	0	0	0	0	11	19	0	0	0	20	0	0	0	8	0	8	7	0	0	115	0	0	0	0	31	0	0	0	0	0	0	0	0	0	0	0	0	0	12	0	0	6	7	0	0	0	0	0	0	0	0	0	0	0	0
g__Laedolimicola	0	0	0	0	0	0	15	17	31	0	16	0	20	0	0	0	0	0	5	0	7	0	0	17	0	0	0	0	9	0	12	0	0	0	0	0	0	0	0	0	0	0	15	15	0	0	0	0	11	0	0	0	0	0	8	0	12	0	0	0	45	0	0	0	24	91	0	0	0	0	0	0	0	14	0	0	0	0	0	0	0	0	0	30	0	0	88	10	0	15	0	0	0	12	0	0	0	0	0	0	0	0	0	0	0	0	18	0	0	47	0	0	0	0	0	0	0	0	0	0	0	0	0	0	0	0	0	0	0	0	0	45	0	0	0	0	0	0	0	0	0	0	0	0	0	0	0	21	0	0	0	0	0	0	0	0	0	0	0	0	7	0	0	0	0	0	0	0	10	0	0	0	0	0	0	0	0	0	0	0	0	0	0	17	0	0	0	0	0	0	0	0	0	0	0	0	98	0	0	0	0	0	0	0	0	0	0	0	0	0	14	0	0	0	0	0	0	24	0	0	0	0	0	0	0	0	0	0	0	0	0	0	0	0	0	0	0	0	0	0	0	0	0	0	0	0	0	0	0	0	0	20	0	21	0	0	0	0	0	0	0	0	0	0	0	0	0	0	0	0	0	0	0	0	0	0	0	0	0	0	0	0	0	0	0	0	0	24	80	0	0	0	0	0	0	0	0	0	0	0	0	0	0	8	0	0	0	0	0	0	19	32	0	0	0	0	0	0	0	9	0	0	0	0	0	0	0	0	0	0	0	0	0	0	0	0	0	0	0	0	0	0	0	22	0	0	0	13	0	17	7	0	0	0	0	0	0	0	0	0	0	0	0	0	0	41	37	68	17	76	27	0	0	0	36	0	0	0	0	0	0	0	0	0	0	0	0	0	17	0	0	0	0	0	0	0	10	0	17	37	14	0	0	16	24	0	0	0	0	15	0	0	0	0	0	0	0	5	0	0	0	0	0	0	0	0	0	0	0	12	0	0	9	0	0	0	0	0	0	35	22	26	0	0	0	0	0	0	0	0	0	0	0	55	0	0	0	0	5	0	0	0	0	8	0	0	0	0	0	10	0	0	0	0	0	0	0	0	0	0	0	15	0	0
g__Lancefieldella	0	0	0	0	0	0	0	0	0	0	0	0	3	0	0	0	0	0	0	0	0	0	0	0	0	0	0	0	0	0	0	0	0	0	0	0	5	0	0	0	3	0	0	4	2	0	0	2	0	14	0	0	0	4	4	8	0	0	0	4	0	0	0	0	0	0	0	0	5	0	0	12	0	0	0	0	0	0	0	3	0	0	0	0	7	0	0	0	0	0	10	0	0	0	0	6	0	0	0	0	0	0	0	0	0	0	0	0	0	0	0	0	0	0	0	0	0	0	0	0	0	0	0	0	0	0	9	0	40	0	0	0	0	0	0	18	0	0	5	0	0	0	0	0	0	0	0	0	0	0	0	0	0	0	0	0	0	0	0	0	0	0	0	0	0	0	0	0	0	0	0	0	0	0	0	0	0	0	0	0	0	0	0	0	0	0	0	6	0	0	0	0	0	0	0	0	0	0	0	0	0	0	0	0	0	0	0	0	0	0	0	0	3	0	0	0	0	0	0	0	0	2	4	0	16	0	10	0	0	7	0	0	0	0	0	0	0	0	0	4	0	7	0	0	0	0	0	0	0	0	51	0	0	0	0	0	0	0	0	17	0	0	0	0	0	0	0	67	0	0	0	0	3	0	0	0	0	0	0	4	0	0	8	7	0	0	0	0	0	0	0	7	3	0	0	5	0	0	0	0	7	0	584	0	0	0	0	0	0	0	15	0	0	0	0	3	0	0	0	0	0	0	0	0	0	0	0	0	0	0	0	0	0	0	0	0	0	0	0	0	0	0	31	0	0	0	13	0	0	0	0	0	0	0	0	0	0	0	0	0	0	0	0	0	8	0	0	15	0	0	0	0	0	12	0	0	0	2	0	0	0	0	0	0	0	0	0	0	0	0	0	0	0	0	0	0	0	0	0	4	0	0	0	0	0	11	0	0	0	0	0	0	0	0	0	0	0	0	0	0	0	0	0	0	0	0	0	0	0	0	0	0	0	0	0	0	0	0	0	0	0	0	0	0	0	0	0	0	0	0	0	0	0	0	0	0	0	0	10	0	0	0	0	0	6	0	0	5	0	0	0	0	0	6	0	0	0	0	0	0	0	0	0	3
g__Latilactobacillus	0	3	0	0	0	19	111	0	0	11	0	6	0	10	0	63	0	0	0	11	0	7	111	14	0	0	0	8	0	12	188	28	0	22	0	13	192	0	5	2	0	0	0	0	6	10	0	3	0	31	0	0	63	0	0	90	161	0	0	0	0	98	0	0	0	337	29	0	41	0	0	22	0	0	224	0	62	0	0	0	7	0	0	0	0	0	0	0	0	0	0	310	12	60	254	0	0	0	8	159	0	0	0	0	0	0	36	0	0	0	0	183	0	0	0	11	21	0	31	0	0	0	0	0	0	0	4	0	0	0	26	0	0	3	0	0	8	0	0	0	0	0	0	110	0	83	0	20	0	104	0	0	0	0	65	5	0	0	0	0	0	0	9	3	5	680	2	0	0	0	0	0	0	0	0	17	0	8	0	0	0	11	0	0	9	0	100	13	0	0	0	0	26	29	0	0	0	0	34	0	0	0	0	0	8	0	887	0	12	0	0	6	65	5	0	0	0	27	66	1133	0	0	0	0	0	2	0	0	0	0	0	164	0	0	0	26	0	0	0	52	0	0	0	0	425	0	0	0	0	0	1953	0	0	0	635	0	0	0	0	0	0	15	645	11	0	0	0	0	0	11	0	0	17	0	0	0	0	0	0	30	126	176	5	0	5	0	68	0	0	0	0	16	0	53	13	0	0	0	0	18	0	0	0	8	0	0	8	0	0	0	0	0	0	3421	0	0	0	8	0	0	0	0	0	0	0	0	0	0	0	0	0	0	0	0	0	56	5	0	0	0	0	0	0	0	0	42	0	0	34	20	9	0	0	0	0	13	4	8	125	403	0	0	0	0	108	0	0	802	12	52	0	0	0	11	0	0	35	33	0	0	0	0	0	0	0	0	0	31	0	0	0	4	0	0	0	0	52	0	78	110	0	0	0	0	0	0	6	0	0	0	13	0	33	68	1146	0	0	0	0	0	0	0	0	0	0	13	7	0	3	0	0	0	0	0	0	0	0	0	4	16	0	0	5	198	3	0	10	0	10	0	0	0	0	3	0	4	0	61	0	0	0	0	0	0	0	7	17	0	0	0	144	0	44	0	0	17	3	0	19	15	69	0	0	0
g__Lawsonibacter	0	25	13	11	0	128	8	36	140	22	29	10	60	14	332	26	72	26	21	56	26	19	19	9	33	67	20	202	31	70	0	132	66	0	126	0	44	3	0	3	0	10	42	67	13	0	69	7	5	0	0	27	0	0	3	16	0	31	0	349	52	185	58	0	32	291	27	19	0	0	0	8	0	11	0	0	0	0	6	0	0	40	0	5	0	0	69	12	0	0	73	0	0	20	0	0	0	69	0	0	0	164	0	0	257	0	0	30	0	0	14	0	0	36	0	0	0	0	0	0	6	0	109	11	135	0	37	0	0	4	0	24	25	16	0	0	47	0	0	468	50	33	16	14	0	100	11	0	0	0	0	0	146	227	0	0	0	0	4	0	152	0	0	0	0	0	34	7	55	0	6	64	5	0	4	5	0	98	28	0	0	0	0	0	124	0	19	0	0	80	0	0	0	464	17	167	100	0	0	0	59	5	0	0	0	0	191	8	0	0	9	12	0	0	0	0	820	60	0	0	5	0	0	29	0	0	0	0	0	0	0	0	0	0	0	0	0	0	0	0	0	0	0	13	0	24	0	0	0	0	0	5	7	0	0	63	0	0	0	0	0	0	3	29	0	0	0	0	0	0	0	0	0	0	0	0	0	0	6	0	276	0	0	0	0	0	0	76	0	9	0	33	0	50	99	0	0	65	65	0	0	0	0	23	10	0	42	0	0	0	0	130	0	0	0	10	0	0	8	55	0	0	0	127	0	44	0	30	0	0	125	110	73	15	207	29	286	40	0	0	0	76	0	21	0	0	22	26	0	33	24	68	44	18	0	5	0	0	0	156	0	40	31	259	185	24	94	106	21	55	61	632	0	0	10	52	62	28	0	32	14	0	7	18	10	0	23	48	16	25	0	12	17	112	76	0	4	45	0	6	292	134	119	14	0	77	34	0	52	0	196	89	4	184	58	147	46	5	0	30	44	0	27	0	9	12	36	59	40	5	154	10	22	13	28	0	25	28	76	0	27	46	35	21	20	366	11	0	66	0	0	96	43	52	22	46	38	0	389	26	94	70	23	192	26	57	17	0	0	16	73	151	19	80	0	0	0	17	0	0	21	0	0	0
g__Lentihominibacter	0	7	0	48	29	0	9	25	48	0	26	0	0	7	31	5	101	0	11	19	0	0	25	8	76	52	95	0	49	0	35	0	0	140	0	0	22	22	0	15	20	23	3	0	23	0	0	30	48	4	0	0	0	29	92	0	25	0	0	0	72	0	222	0	255	0	14	0	0	0	0	0	0	72	0	0	0	0	0	0	0	40	0	0	0	0	0	7	0	22	0	0	0	44	0	0	0	0	0	0	0	0	0	0	10	0	0	0	0	0	0	0	0	0	0	0	0	0	0	0	0	0	0	0	0	0	0	0	0	0	0	28	0	32	0	0	0	0	0	0	0	0	0	14	0	0	26	0	0	0	0	0	0	0	0	0	0	0	21	0	0	0	0	0	38	0	42	4	96	0	0	23	2	0	0	0	0	27	0	0	0	0	0	17	0	0	0	0	0	61	0	0	11	0	0	15	17	0	0	0	7	0	0	20	0	0	0	0	0	0	11	0	4	0	0	0	0	0	0	0	74	0	0	16	0	0	0	0	0	0	0	0	0	0	0	0	0	0	0	0	0	0	0	0	0	0	0	0	0	0	0	106	26	0	0	0	0	0	74	0	0	0	12	0	0	0	0	0	0	0	36	0	0	0	0	0	0	0	0	0	110	24	0	0	63	0	2	59	0	0	0	0	0	11	0	0	0	106	0	0	0	0	0	24	174	0	0	0	0	0	0	54	0	0	0	0	0	41	0	13	0	0	0	0	0	5	5	0	9	0	0	0	6	0	0	0	7	3	18	9	10	0	0	33	30	0	22	99	8	0	0	85	8	0	0	0	6	0	0	0	0	43	7	30	105	38	42	7	0	14	76	0	21	0	17	0	0	6	0	0	25	13	0	17	0	0	0	26	11	15	6	18	78	0	0	0	40	0	0	0	14	6	0	26	21	0	0	0	0	81	4	0	0	95	0	0	4	29	0	0	24	0	0	0	0	0	0	26	0	98	0	0	23	42	67	0	0	52	20	0	78	33	14	0	26	0	0	0	0	0	0	0	0	48	0	0	18	2	9	2	0	0	0	0	0	0	24	0	0	23	0	0	9	0	0	0	0	0	0	0	0	0	0	0
g__Leuconostoc	0	0	23	9	0	0	10	0	0	0	4	6	0	0	0	0	8	0	0	5	0	3	0	0	31	0	7	0	0	16	0	6	0	0	0	6	0	4	8	0	0	4	0	0	0	0	0	6	0	0	0	2	0	0	0	42	101	0	31	0	4	9	0	60	0	116	0	19	0	0	0	0	3	0	57	0	0	0	9	36	0	0	8	0	0	0	12	0	0	0	63	0	0	8	48	9	32	0	0	0	0	77	8	0	0	0	0	0	0	5	5	75	0	0	0	11	5	21	0	0	20	0	0	0	0	0	0	0	0	0	0	0	0	0	0	0	6	0	0	0	0	0	0	29	19	7	0	0	0	16	7	9	6	0	0	0	0	0	0	0	0	0	0	0	0	0	0	0	2	23	0	0	0	0	0	0	0	0	0	0	0	0	0	0	0	0	0	0	0	0	0	0	4	32	0	0	0	68	41	0	0	17	0	5	6	5	24	0	6	0	2	11	31	0	0	9	5	178	0	2937	0	22	0	0	0	5	0	11	0	0	0	6	0	0	0	37	0	0	300	3	17	0	0	0	18	0	0	0	0	4	178	0	0	0	117	13	0	0	7	0	0	0	42	20	0	0	0	0	0	90	0	0	0	0	0	0	0	27	0	0	46	22	6	0	0	0	0	7	7	0	10	51	0	8	571	0	0	11	0	3	0	0	0	0	0	0	38	0	34	0	0	0	0	109	0	0	5	0	0	0	0	0	0	0	0	0	0	0	0	5	5	0	0	0	0	0	0	0	0	0	0	3	17	7	0	0	27	10	40	0	2	93	0	22	0	8	0	10	8	8	0	23	17	0	120	0	0	102	0	9	0	0	0	0	0	0	36	9	0	0	0	0	0	0	0	0	0	0	0	0	0	0	0	0	0	0	7	0	0	0	0	0	0	0	0	0	0	0	0	0	2	21	94	9	0	0	0	0	0	0	0	7	0	12	11	4	18	4	0	0	0	0	0	6	18	0	0	0	0	3	0	0	0	8	0	0	0	34	0	0	0	0	5	0	0	9	0	0	6	2	0	0	0	5	0	12	3	19	0	0	0	0	0	0	0	5	0	0	0	3	16	0	0	0
g__Ligilactobacillus	0	0	0	0	0	0	0	0	0	0	0	0	0	0	0	0	0	0	2	0	0	0	0	0	0	0	0	0	0	0	582	0	0	0	0	0	0	0	0	0	0	0	0	0	0	0	0	0	0	0	0	0	0	0	31	0	0	0	0	0	0	0	0	0	0	0	0	0	0	0	0	10	29	0	8483	0	0	11	40	0	0	0	0	39	0	0	0	0	0	0	0	10	0	0	0	0	0	0	95	0	0	0	0	0	0	0	0	0	0	0	0	0	0	0	0	0	0	0	0	0	12	0	0	0	0	0	0	265	0	0	0	28	0	0	0	0	9	0	0	75	24	0	0	0	0	0	15963	0	0	0	0	0	0	0	0	0	0	0	0	0	0	0	0	0	0	0	0	0	0	0	0	0	0	0	0	0	0	0	0	0	0	0	0	0	0	0	0	0	0	0	0	0	0	0	0	0	0	0	0	0	0	0	0	0	0	4	0	0	0	0	0	0	0	0	0	0	0	0	0	0	0	0	306	0	0	0	0	0	0	0	0	13	0	8549	6	0	0	0	0	0	0	0	24	0	0	0	0	0	0	123	0	0	0	0	0	0	0	0	0	0	0	0	0	3	0	0	0	0	146	0	0	0	0	0	285	0	0	0	0	0	0	0	0	0	0	0	64	0	0	0	88	0	0	0	0	0	0	0	14	0	0	0	623	0	0	0	0	0	0	0	0	0	0	875	0	0	0	0	0	140	0	0	0	0	0	0	0	0	0	0	0	0	4	0	0	0	0	4	0	0	0	12	0	9	0	0	31	0	0	0	0	0	0	6	0	4	0	20	0	0	0	0	0	0	3	0	0	0	0	0	0	0	0	117	0	0	0	0	58	0	0	0	0	0	0	0	0	0	0	0	0	0	11	0	0	0	0	0	0	0	0	0	0	0	0	10	0	0	0	0	0	1057	0	0	0	0	0	0	0	0	0	0	0	0	0	0	0	0	0	0	0	0	0	0	0	0	0	0	0	0	0	0	0	0	0	0	0	0	0	0	0	0	0	0	0	20	120	0	0	0	12	0	0	0	9	0	0	0	0	0	1484	0	39	0	0	0	0	0	0	0	0	0	0	0
g__Limivivens	0	26	66	277	0	29	315	250	0	95	92	13	0	71	103	19	66	27	53	160	20	182	52	49	80	65	72	136	23	0	59	0	0	100	0	0	262	28	32	62	47	67	0	50	0	0	8	13	85	15	0	0	0	44	86	113	219	0	0	0	55	219	0	0	175	96	148	0	31	0	0	0	0	82	0	0	0	0	27	0	0	7	0	62	0	0	0	35	0	38	0	0	25	87	0	0	12	0	0	0	0	0	0	0	0	0	0	29	0	0	0	5	0	0	31	0	0	0	0	0	99	0	0	0	0	5	0	0	0	0	0	50	0	47	0	0	0	0	0	0	0	0	0	0	0	162	0	28	38	11	0	0	18	0	0	34	131	0	55	0	15	21	0	0	14	15	53	33	151	0	31	40	59	0	0	0	0	66	26	26	0	0	0	70	189	57	0	0	0	0	0	0	0	219	69	96	36	0	0	0	0	0	0	0	0	0	0	0	0	0	27	87	0	0	6	0	0	0	0	0	16	0	0	0	0	0	0	0	0	0	0	0	0	0	0	0	0	0	0	0	0	0	31	216	0	0	0	0	0	0	0	58	0	131	0	0	0	0	44	0	0	0	0	0	0	27	0	0	0	0	0	0	105	21	0	0	1017	0	640	0	0	90	0	0	259	75	153	124	0	0	0	0	0	0	0	0	0	63	0	0	0	0	0	213	0	496	0	0	0	0	38	99	0	0	0	0	0	0	0	25	0	85	0	0	0	0	62	0	16	0	0	18	17	34	0	0	0	30	43	0	0	0	0	55	96	125	0	222	0	0	112	0	0	0	60	89	24	0	26	73	0	0	0	0	123	70	0	0	82	73	356	0	371	0	106	0	0	40	20	0	0	69	21	84	0	0	57	114	22	60	22	20	0	0	0	0	47	50	38	74	0	0	79	95	0	0	0	0	0	0	0	0	13	138	29	45	56	20	0	68	61	43	0	0	0	27	0	101	12	25	0	0	80	0	87	124	15	174	75	52	37	35	92	15	0	0	58	0	0	0	94	107	67	22	27	0	67	0	0	0	20	0	64	101	0	65	23	0	0	60	41	0	39	0	0	0	3	41	74	0	13	42	0	0
g__Limosilactobacillus	0	0	0	0	0	0	0	0	0	0	0	0	0	0	0	0	0	0	0	0	0	0	0	84	0	0	0	0	0	0	11	0	0	0	0	0	100	0	0	0	0	0	0	0	0	0	0	0	0	44	0	0	0	0	0	0	0	334	5	0	0	0	0	0	0	0	0	0	0	0	0	8	0	0	125	8	121	2	0	82	0	0	1190	0	5	0	0	0	3	0	0	0	0	0	0	4286	0	0	128	0	0	4	0	0	0	0	0	0	68	0	0	0	0	0	0	0	0	0	0	0	0	46	0	0	0	0	0	147	0	0	0	14	0	0	73	0	0	4	0	109	0	0	0	0	6	86	799	0	0	0	106	0	0	0	0	0	0	0	0	0	66	0	0	0	0	0	0	0	0	0	0	0	0	0	0	0	0	0	0	0	0	0	0	0	0	0	0	0	0	0	0	0	0	12	0	0	0	7	0	0	0	0	38	0	12	30	0	0	0	0	0	0	0	0	0	0	0	0	0	0	0	105	363	41	7228	0	0	0	0	0	0	0	0	0	0	0	9	0	3	0	0	755	0	155	23	0	0	0	7	27	7	0	6	0	0	0	0	0	0	0	0	0	0	0	124	0	0	0	0	0	0	0	0	0	26	0	0	0	4	0	0	0	0	0	0	0	0	0	0	0	0	0	0	0	0	0	0	0	0	25	3	0	0	0	0	0	0	0	0	84	535	0	0	0	11	2	5	0	0	0	5	0	0	0	0	0	0	0	0	0	0	0	0	0	0	0	0	0	0	0	0	0	0	0	6	0	56	0	0	5	0	0	0	0	0	0	0	0	0	0	0	0	0	0	52	0	0	0	0	0	0	0	0	14	0	0	0	0	0	0	0	0	0	0	0	0	0	0	0	0	0	0	0	0	0	0	0	0	0	0	0	0	0	0	0	0	0	0	0	0	0	15	0	0	0	0	0	0	0	0	0	0	0	0	0	0	0	0	0	0	0	0	2	13	0	6	0	0	0	0	0	0	0	0	0	0	0	0	0	0	0	0	0	0	0	0	0	0	0	0	0	0	0	0	0	0	15	0	0	0	890	0	31	0	0	0	0	0	0	0	0	0	0	0
g__Longicatena	0	0	0	0	0	0	0	0	0	0	0	0	0	0	0	0	0	0	0	0	0	0	0	0	0	0	0	0	0	0	0	0	0	0	7	0	0	0	0	0	0	0	0	0	0	0	0	0	0	0	0	79	0	0	0	49	0	0	0	0	0	0	49	0	0	6	7	100	0	0	0	0	0	0	0	797	0	0	0	0	0	0	0	0	0	0	0	0	0	0	0	15	0	0	0	0	32	0	0	0	0	0	0	0	0	0	0	0	0	0	0	0	0	43	0	0	0	0	0	0	20	0	0	29	0	0	0	0	0	0	0	0	0	0	0	0	0	0	102	0	809	0	0	0	0	0	0	0	0	0	0	0	216	0	0	0	0	0	0	0	0	0	0	0	0	0	0	0	0	0	0	0	0	119	0	0	0	0	0	0	76	0	0	0	0	0	0	0	0	0	0	0	0	0	0	0	0	0	0	0	0	2376	0	0	0	0	496	0	0	0	0	0	0	0	0	373	2	0	0	0	0	0	0	388	0	0	0	0	0	0	5	0	0	0	76	0	0	0	0	0	8	0	0	0	0	0	0	0	0	0	0	3	0	0	0	167	0	0	0	0	0	0	0	0	0	40	0	0	0	0	0	0	0	19	0	0	50	0	0	0	0	0	0	0	2	0	6	0	0	0	0	0	0	0	173	64	0	0	0	0	0	0	0	0	0	0	0	0	0	0	0	0	0	0	0	11	0	0	0	0	0	0	0	0	0	0	0	0	0	0	95	0	0	0	0	67	0	0	0	0	0	108	0	0	0	0	0	0	4	0	0	0	0	0	0	0	0	23	0	0	0	0	0	0	0	0	0	0	0	0	0	80	0	0	0	0	10	0	0	0	0	2	0	0	0	0	0	15	0	0	0	0	0	0	0	0	0	0	0	0	0	20	25	0	28	0	0	0	0	10	0	0	0	0	0	0	0	0	0	0	0	0	17	0	0	0	0	0	14	0	0	0	13	0	10	0	0	6	0	0	0	0	0	0	0	0	0	0	0	17	0	0	0	0	0	0	0	0	0	0	0	0	0	0	0	0	0	318	0	0	0	5	0	0	0	0	0	0	0	0	0	0	0	0
g__Massilioclostridium	0	0	6	0	0	0	0	0	0	0	0	0	0	0	0	0	5	0	0	0	0	0	0	0	7	0	0	0	0	4	0	5	5	3	0	0	0	0	0	0	0	0	3	4	10	0	5	0	0	0	0	0	0	0	0	0	0	10	0	0	6	0	46	0	0	0	0	0	0	0	0	0	0	2	0	0	0	0	0	0	0	0	0	0	0	0	15	0	3	15	0	4	0	0	0	0	0	0	0	0	0	0	0	0	0	0	0	0	0	0	0	0	0	0	0	0	0	0	0	0	0	0	0	0	0	0	0	0	0	0	0	0	0	0	0	23	19	0	0	0	0	6	0	0	0	0	0	0	0	0	0	0	0	0	0	0	0	0	0	0	6	0	0	0	0	0	0	0	0	0	0	9	0	0	0	0	12	0	0	0	12	0	0	0	0	0	0	10	0	0	0	0	0	0	0	0	0	0	0	0	0	0	0	0	0	0	60	0	0	0	0	0	0	0	0	0	0	0	0	0	0	0	0	0	0	0	0	0	0	0	0	0	0	6	11	0	0	0	0	0	0	0	0	0	0	5	0	0	0	0	0	0	0	0	0	0	0	0	0	0	0	0	0	0	0	0	0	0	0	0	0	0	0	9	0	0	0	0	0	0	0	0	0	0	0	0	0	0	0	0	0	0	0	0	0	24	0	0	0	0	0	0	0	0	0	0	0	0	0	0	0	14	0	0	0	0	0	0	0	0	0	0	0	0	0	0	0	0	0	0	13	3	0	0	0	0	3	0	0	0	0	0	0	0	0	0	4	0	0	0	8	10	0	0	0	0	0	0	0	0	0	0	0	10	0	0	0	0	0	0	6	33	0	0	4	0	0	0	0	7	0	0	0	0	0	0	0	0	0	0	0	0	0	0	0	0	0	0	0	0	0	0	0	0	4	31	10	0	0	0	0	0	0	12	0	0	0	0	0	3	0	0	2	0	57	0	0	0	0	0	0	3	0	0	0	0	0	7	0	0	0	0	0	0	0	0	0	0	0	0	0	0	0	0	0	0	0	0	0	0	0	0	0	0	0	0	0	0	0	0	0	0	0	0	0	0	0	0	0	7	0	0	0	0
g__Mediterraneibacter	188	155	0	543	184	637	813	170	50	1408	674	135	362	764	1839	207	1702	217	304	420	301	744	678	334	637	2271	214	239	168	32	491	313	491	769	184	0	415	338	134	498	138	213	585	1148	1276	0	418	227	150	87	0	0	1860	1981	1246	2988	210	9	0	0	330	1131	390	6	595	32	575	1715	1131	358	2073	521	9235	1723	0	0	0	275	1476	69	7	307	0	621	0	0	90	146	0	63	4	4304	0	1482	8	0	198	458	828	412	377	78	615	0	42	0	149	785	0	0	0	0	266	788	181	0	0	0	9	361	36	0	303	0	2737	3153	27	0	79	310	0	66	0	0	30	86	353	585	40	0	431	0	240	16	707	123	16	423	259	112	15	792	0	2140	0	0	65	0	653	271	309	0	0	50	578	210	417	166	1447	0	48	143	255	12	4789	70	0	207	208	38	278	0	94	93	421	543	0	0	11	193	111	0	1208	0	296	196	447	0	0	759	92	171	0	0	0	0	19	2627	0	0	442	0	6	2564	533	164	0	340	578	0	70	0	0	91	0	239	0	0	184	0	14	9	4725	0	3992	138	0	0	0	0	0	0	0	0	0	1292	689	0	0	0	0	779	0	1254	0	46	0	0	59	368	0	0	0	0	0	5999	0	0	0	0	82	0	3619	0	5891	1489	0	0	1145	1158	452	499	0	0	1817	0	48	117	0	583	2288	562	4264	0	0	901	862	216	2673	0	0	43	13	473	2800	13	0	0	5	0	1383	133	0	0	0	1109	44	497	0	347	0	141	1945	222	11	275	0	181	221	316	463	635	212	0	832	5	214	134	175	127	1081	635	0	1121	291	534	37	519	0	333	501	35	865	0	169	352	0	785	220	1135	0	893	231	345	1068	0	2323	21	124	376	1854	2280	2157	0	1835	2004	42	172	18	79	322	148	144	504	38	0	214	1276	78	300	1034	795	821	217	132	0	349	476	1860	3820	980	931	673	383	295	203	0	0	62	396	17	1864	1747	427	631	198	312	418	64	640	217	651	1257	0	17	1598	0	82	284	493	216	5	448	352	180	113	381	1261	0	184	1519	503	285	309	436	1110	232	77	387	608	236	758	685	428	1546	160	68	163	433	39	360	293	38	743	0	138	984	348	81	83	42	0	87	0	378	0	192	0	84	18	364	117	112	91
g__Megamonas	7160	0	0	108	0	0	0	3423	6	1900	0	0	0	0	4674	1016	0	0	1478	6	4	0	0	5	0	0	0	0	2666	0	0	0	0	0	0	0	0	0	0	0	0	0	0	0	0	0	0	0	252	0	0	0	0	6	0	0	0	1831	0	7198	0	6312	0	5	102	85	0	0	0	824	0	0	0	102	0	2	0	0	0	0	5	122	0	0	0	0	0	0	0	0	518	5	0	0	0	75	0	0	0	4	8	35	10928	0	3207	0	0	0	0	0	0	1692	0	0	0	6035	3	0	0	0	0	0	5	0	12	0	0	0	6249	5	0	0	0	0	0	0	0	4	0	0	4	9	0	0	5	0	4	3	0	0	0	3042	0	0	0	0	3	0	0	958	5	0	0	1346	8	0	0	0	0	0	537	0	0	0	0	1168	0	2	0	0	0	694	0	17	0	0	85	0	9	0	5836	0	0	0	0	0	0	0	0	0	0	0	0	0	1667	0	0	6	0	0	0	0	0	0	0	0	0	0	0	0	0	0	0	0	6	0	0	0	0	4	0	0	4	8	14	0	0	0	0	0	0	0	0	0	0	0	7	94	0	4	2848	0	0	0	0	0	0	0	27	9	0	0	12	0	0	0	4	435	0	4	0	0	0	0	0	0	0	0	0	5008	4595	0	5	0	0	0	7	0	0	0	0	49	0	12800	0	0	0	0	0	0	0	0	0	0	0	5	0	8	0	0	360	1190	0	0	0	0	0	0	0	0	9	0	2	0	7798	0	30	0	0	4	0	2609	185	5	0	0	3619	0	293	13	9	3	0	11036	1640	31	0	0	0	10	0	0	0	358	0	371	0	0	1998	474	0	0	0	0	1341	0	0	0	0	0	510	0	0	12662	0	0	3862	112	0	14836	0	0	975	0	737	3	0	9	778	8	0	0	0	0	0	0	0	0	0	0	0	0	0	0	0	0	0	0	0	0	0	0	1552	0	0	0	0	0	0	341	0	0	0	0	0	0	0	4	0	0	0	0	0	0	0	0	0	0	0	0	4	0	1116	10	0	0	4	0	3	0	0	0	538	0	0	0	8	8678	0	0	0	0	2268	0	0	0	0	0	0	0	4	0	0	0	0	0	0	0	0	0	1513	0	603	0
g__Merdibacter	8	0	5	0	15	0	0	0	0	0	0	0	0	0	0	0	19	0	0	0	0	0	5	0	0	0	0	24	4	25	0	0	33	4	0	0	0	0	0	0	0	0	0	0	0	0	0	0	0	0	0	0	9	0	0	0	0	6	0	3	0	0	0	0	8	0	0	0	0	0	0	0	0	0	0	0	0	0	3	0	0	0	0	0	0	0	0	0	0	7	0	0	0	0	0	0	0	0	0	0	0	0	0	0	0	0	0	0	0	0	0	0	0	11	0	0	0	0	0	0	0	0	0	0	0	0	0	0	0	0	0	0	0	10	23	4	0	0	26	0	0	0	0	0	0	0	0	0	0	0	0	0	0	0	0	0	0	0	0	0	2	0	0	0	0	0	14	0	0	0	0	0	0	0	0	0	0	0	0	0	0	0	0	0	0	0	0	0	0	2	0	0	0	18	0	0	0	0	0	0	0	0	0	0	0	0	0	3	0	0	0	0	0	0	0	0	0	0	0	0	0	0	0	0	0	0	0	0	0	0	0	0	0	0	0	0	0	0	0	0	0	0	0	0	0	0	0	0	0	0	0	0	0	2	0	0	0	0	7	0	0	0	0	0	0	5	0	0	0	0	0	0	0	0	0	0	0	0	0	0	0	0	0	0	0	7	0	0	0	0	0	0	0	0	0	0	0	0	22	0	0	0	0	8	0	0	0	0	0	0	0	0	0	0	0	0	0	0	0	0	0	0	0	0	0	0	1	0	0	0	0	0	0	0	31	0	0	0	0	0	0	0	0	0	0	0	0	0	0	0	0	0	0	0	0	0	0	0	0	0	0	0	0	13	8	0	0	0	0	0	75	89	0	0	26	0	0	0	0	0	0	0	0	0	0	0	0	10	0	0	0	0	0	0	0	0	0	0	0	0	0	5	0	0	0	27	0	0	0	0	0	0	0	11	0	0	0	0	5	0	0	0	0	0	0	0	0	7	0	0	0	0	0	0	0	0	0	5	0	0	0	0	0	0	0	0	0	0	4	0	0	0	0	0	0	0	0	0	0	5	0	0	0	0	0	0	0	0	0	0	0	5	0	26	0	0	0	0	0	0	0	0	0	0
g__Merdimmobilis	10	0	0	0	0	8	0	0	2	10	6	0	0	0	9	0	4	0	3	0	3	0	0	0	4	27	0	0	0	9	0	6	14	0	0	0	0	0	0	0	0	0	0	8	0	0	0	0	0	0	0	0	28	5	0	0	0	0	0	0	6	0	0	0	0	0	10	0	0	9	0	0	0	0	0	0	0	0	0	0	0	0	16	0	0	0	0	0	0	0	0	0	0	0	0	0	0	0	0	0	0	0	0	0	0	0	0	0	0	0	0	0	0	0	0	0	0	0	45	0	0	0	0	0	0	0	0	0	0	0	0	0	0	0	14	0	0	0	0	0	0	0	0	9	0	0	0	0	0	0	0	0	0	0	0	0	0	0	0	0	0	0	0	0	0	0	0	0	0	0	0	0	0	0	0	0	0	8	0	0	0	0	0	0	0	0	0	16	0	0	0	0	0	51	17	0	7	0	0	0	18	0	0	0	0	0	8	0	0	0	17	19	0	0	0	0	0	0	0	0	13	0	0	0	0	48	0	0	0	0	0	14	0	0	0	0	0	0	0	0	0	0	0	0	0	0	0	0	0	0	0	14	37	0	0	57	0	0	0	0	0	0	0	0	0	0	0	0	0	0	0	0	0	0	0	0	0	0	72	0	39	0	0	0	15	0	0	0	5	2	0	0	0	0	42	0	31	0	0	0	0	0	0	9	0	0	26	0	0	0	0	0	0	0	0	0	0	0	0	14	0	0	0	0	0	0	0	0	0	0	4	0	0	0	0	0	0	6	11	0	0	23	0	6	2	0	0	0	0	0	10	0	0	5	0	0	0	0	0	0	0	8	0	0	21	9	35	156	0	0	4	0	4	0	0	0	0	0	0	0	0	0	0	0	0	0	0	0	0	0	0	0	0	0	10	0	0	11	0	0	0	54	0	0	0	0	16	0	8	4	0	0	0	12	0	0	0	0	0	0	0	0	0	0	0	0	0	0	14	0	0	16	3	0	6	0	23	0	0	0	0	0	0	0	12	9	0	0	18	0	0	0	0	0	4	0	0	0	18	0	0	0	0	7	0	0	0	0	0	5	0	0	5	0	0	0	0	0	0	0	6	0	0	0
g__Merdimonas	0	0	0	0	85	0	0	0	0	0	0	0	82	0	0	0	0	0	0	8	0	0	0	0	0	0	0	317	0	0	0	0	0	60	7	0	0	0	0	0	0	0	0	0	0	0	0	10	0	0	0	0	0	0	0	0	0	39	0	187	0	0	408	0	0	71	0	0	0	0	0	0	0	0	0	183	0	89	0	0	0	0	0	0	0	0	0	0	0	0	0	0	0	0	0	0	0	0	0	0	0	0	0	0	40	0	0	0	0	0	0	0	0	0	0	0	0	0	0	74	0	0	84	0	0	0	0	0	0	0	0	0	0	0	27	27	0	19	0	0	0	41	0	57	0	34	0	0	0	0	0	0	0	0	0	0	0	0	0	0	0	0	0	0	0	0	0	0	0	0	0	0	6	0	0	0	0	0	0	0	0	0	0	0	0	0	0	0	0	44	0	0	141	0	0	0	0	0	0	0	0	0	0	0	18	0	0	0	0	0	0	0	0	0	0	0	0	0	0	0	0	0	0	0	0	21	0	0	0	39	0	0	0	0	0	0	66	0	0	133	0	27	0	0	0	0	0	4	0	0	0	33	0	0	0	0	16	0	107	0	0	0	0	0	0	0	0	0	0	0	0	3	0	0	0	0	0	0	0	0	0	0	0	0	0	0	0	0	49	0	0	0	0	0	0	0	0	0	11	0	0	0	0	8	0	0	0	0	0	0	0	0	0	0	0	0	0	0	0	0	0	0	0	0	0	0	35	0	0	0	0	0	0	0	25	0	0	0	0	13	0	27	77	0	19	0	0	0	0	0	23	0	0	0	0	0	0	36	0	0	0	0	0	25	7	0	12	0	0	0	0	71	0	0	29	0	0	0	0	0	0	0	0	0	0	0	0	0	0	0	0	0	0	0	0	0	0	0	0	0	0	0	0	0	0	0	0	0	0	0	10	0	0	0	0	0	0	0	0	0	0	0	0	0	0	0	0	19	0	0	0	0	0	0	0	0	0	0	12	0	0	0	0	0	0	59	0	0	0	0	0	0	0	0	0	0	0	0	0	0	0	30	0	0	0	0	0	0	0	0	12	0	0	0	0	0	0	0	0	0	0	0	0	0
g__Merdivicinus	0	0	0	7	27	0	0	0	0	0	0	0	0	0	0	0	15	0	0	6	0	0	0	0	48	0	11	40	6	13	0	0	0	0	0	0	0	0	0	6	0	8	0	6	0	0	0	0	0	0	0	0	0	9	0	24	0	0	0	0	0	0	125	0	5	0	49	0	0	0	0	0	0	0	0	0	0	18	0	0	0	0	0	0	0	0	30	0	0	0	0	0	36	0	0	0	0	0	0	0	0	0	0	0	0	0	0	0	0	0	0	0	0	0	0	0	0	0	0	35	0	0	0	0	0	0	0	0	0	0	0	0	0	14	0	64	0	0	0	0	246	0	0	0	136	0	0	0	0	0	0	0	0	0	0	0	0	0	0	0	0	0	0	0	0	0	0	0	0	0	0	0	0	0	0	0	0	0	0	0	0	0	0	0	0	0	0	0	0	7	0	0	0	0	0	0	0	0	0	0	0	0	0	0	0	0	357	0	0	0	10	0	0	0	0	0	0	0	0	0	0	0	0	0	0	0	0	0	0	0	0	6	0	0	0	0	0	0	0	0	0	0	0	0	0	0	0	0	0	0	0	12	0	0	0	0	0	0	58	0	0	0	0	0	0	24	0	0	0	0	0	0	0	3	0	0	0	0	0	0	0	0	0	0	5	0	0	11	0	0	0	0	44	0	12	0	0	5	831	0	0	0	0	0	0	0	0	0	0	0	0	6	0	0	0	0	0	0	0	0	0	0	0	130	0	0	0	0	0	0	0	0	0	12	10	0	0	0	0	0	0	32	25	2	11	0	0	4	5	0	0	0	0	0	0	0	0	0	0	0	0	0	0	0	36	6	0	0	0	0	16	288	0	0	9	0	0	0	0	0	4	31	0	0	0	0	0	14	0	0	0	0	0	0	0	0	0	0	18	22	54	170	0	0	0	266	15	0	4	13	8	0	0	55	0	0	0	0	0	0	0	0	0	0	0	0	21	8	11	0	0	0	0	7	12	0	0	0	0	0	17	0	0	0	42	0	0	0	16	0	0	0	0	0	0	0	0	0	0	0	0	16	0	10	0	0	0	0	62	0	0	0	0	0	0	0	0	0	0	0	0	0	0	0
g__Muricomes	0	0	0	0	7	0	0	5	0	0	0	0	0	0	4	0	9	0	0	0	0	0	0	0	0	0	0	10	15	0	5	8	18	0	0	0	0	0	0	0	0	0	0	0	0	0	0	0	0	0	0	0	322	16	0	0	0	0	0	0	8	0	66	0	7	0	0	0	0	0	0	0	0	0	0	47	0	0	10	0	0	12	0	0	0	0	29	0	0	15	8	0	12	0	0	0	0	0	0	0	0	0	0	0	11	0	0	0	0	0	0	0	0	0	0	0	0	0	0	0	0	0	0	0	0	0	0	0	0	0	0	0	0	4	0	0	15	0	0	0	0	0	0	0	0	8	0	0	0	0	0	0	18	0	0	0	0	0	0	0	0	0	0	0	0	0	0	0	0	0	0	0	0	0	0	0	0	0	0	0	0	0	0	0	0	0	0	0	0	0	0	0	0	0	0	0	0	0	0	0	26	0	0	0	0	0	19	0	0	0	0	0	96	0	0	0	0	0	0	0	0	0	0	10	0	0	0	0	10	0	0	0	0	0	0	0	0	0	0	0	0	0	0	0	0	0	0	0	0	0	0	0	0	0	0	0	11	0	0	0	0	0	0	0	0	0	0	0	0	0	0	0	0	0	0	0	0	0	0	0	31	0	0	0	14	0	0	0	0	0	0	0	25	0	0	0	0	10	0	0	0	0	0	0	9	0	0	0	0	0	0	7	0	0	0	0	0	17	0	0	0	0	0	28	0	0	0	0	0	0	6	0	0	0	36	9	0	0	0	0	0	0	5	0	16	13	0	9	0	0	0	0	0	0	0	0	0	0	0	0	0	6	0	0	0	6	5	26	0	0	0	0	0	0	5	10	0	0	0	0	0	0	0	0	0	0	0	7	0	0	0	0	0	7	0	0	0	0	8	11	0	0	29	7	0	24	0	18	0	0	0	0	0	10	0	0	0	0	0	0	0	0	0	0	6	27	0	0	0	0	0	0	0	0	0	0	0	0	32	0	0	0	0	0	0	17	0	0	6	0	0	0	0	0	0	0	0	0	0	0	0	0	10	0	0	0	0	0	0	0	0	0	0	0	0	0	0	0	0	0	0	0	0	0
g__Murimonas	0	48	33	24	0	23	69	102	54	21	57	16	0	24	35	23	32	11	49	0	15	6	0	39	47	18	44	0	13	0	58	40	0	76	0	0	73	74	0	63	42	40	35	70	0	0	0	16	42	0	0	0	0	39	59	0	63	0	0	0	21	25	0	0	61	0	22	0	27	0	0	0	0	65	0	0	0	7	507	0	0	0	0	15	0	0	0	23	0	0	7	0	0	21	0	0	0	0	0	0	0	0	0	0	0	0	0	0	0	10	0	0	0	0	0	0	0	0	0	26	45	0	0	0	0	0	0	0	0	0	0	55	0	64	0	0	104	0	0	0	0	0	26	0	0	0	0	30	0	0	0	0	0	0	0	0	0	0	12	0	0	0	0	0	23	0	35	0	67	0	12	8	25	0	0	0	0	0	0	0	0	0	0	28	0	0	11	0	59	0	0	0	0	0	0	194	33	0	0	0	0	0	0	0	0	0	0	0	0	0	41	0	0	0	0	0	0	0	0	0	0	0	0	0	0	0	0	0	0	0	0	0	0	0	0	0	0	0	0	0	0	0	0	48	0	0	0	0	0	0	0	70	0	0	0	0	0	0	46	0	0	0	0	18	0	0	0	0	0	0	0	0	47	0	0	0	0	0	10	0	39	42	0	0	84	0	0	61	0	0	1038	0	0	0	0	0	0	106	347	0	0	0	0	71	101	0	0	0	0	0	0	184	0	0	0	0	0	48	0	17	0	10	37	0	0	0	0	0	7	0	0	0	35	0	0	0	0	19	23	0	0	0	0	118	141	0	0	45	0	29	80	0	10	0	40	83	56	0	17	41	0	0	0	0	0	0	99	12	29	66	145	0	0	0	41	0	0	21	0	0	22	0	14	32	0	0	29	61	44	0	30	46	0	0	0	0	25	0	28	47	0	0	0	74	0	0	0	0	0	0	4	0	26	39	0	0	0	35	0	0	22	16	105	0	0	0	0	13	0	35	0	0	41	0	13	16	14	34	48	36	9	62	13	22	0	0	12	55	0	0	0	0	44	12	0	17	14	0	0	0	0	0	127	13	0	12	33	0	0	38	8	0	0	0	0	0	0	0	0	0	0	0	16	0
g__Nanosynbacter	0	8	0	0	0	4	8	0	2	0	0	0	0	0	0	0	0	6	0	0	0	0	0	0	0	0	0	0	0	0	0	0	0	0	0	0	13	47	123	0	7	0	0	5	0	13	0	0	0	3	477	0	0	5	115	40	0	1286	0	7	0	0	0	0	0	0	0	0	22	0	1768	53	72	0	1268	0	495	0	8	7	42	0	45	0	586	45	0	2	0	0	10	0	12	0	0	0	6	0	0	0	0	0	0	21	0	0	12	0	19	0	2	0	56	0	0	0	0	705	1	3	0	21	0	0	0	0	0	4137	51	0	9	0	0	0	0	7	2	0	0	4857	0	5	0	0	0	249	0	0	0	38	16	169	0	0	0	3	7	0	0	0	0	0	0	0	0	19	0	0	0	3	0	0	0	0	0	0	0	0	0	0	0	0	0	0	278	0	0	7	0	2	0	0	0	30	7	0	0	401	4400	0	3	42	0	0	180	0	0	0	0	0	0	25	849	0	131	150	40	2	0	27	0	2	0	0	5008	0	0	184	0	242	10	0	0	0	10	0	0	16	0	151	0	277	0	17	0	0	0	0	409	0	26	4	0	6	0	18	0	10	0	12	0	56	0	0	13	6	0	0	0	0	0	44	28	0	2804	4094	0	0	0	88	0	0	16	7463	0	0	68	29	0	18	17	307	329	13	10	0	0	0	0	8	6062	0	7064	0	0	5	12	0	44	78	5	0	0	17	0	0	153	0	0	30	0	0	16	0	8	0	8	0	0	4	3	9	0	0	0	0	0	4	0	0	406	14	233	13	12	0	27	0	5	0	3	0	0	0	0	0	0	43	0	0	8	0	102	0	16	7	0	0	0	0	0	6	0	3	0	0	0	70	36	0	0	0	0	0	0	206	0	0	0	0	5	0	0	0	0	1266	0	0	2	0	0	0	0	0	0	0	0	143	0	0	0	13	0	0	0	0	0	0	0	17	0	12	0	0	0	0	0	0	0	0	0	8	0	0	0	428	16	0	0	0	0	0	0	159	0	0	0	0	0	10	0	0	0	0	0	0	0	0	77	0	0	0	0	0	0	0	35	10	3	0	11	0	62	605	0	0	0	0	0	0	0	0	0	1799
g__Negativibacillus	0	0	24	41	0	0	0	0	0	22	0	11	0	0	0	8	25	0	0	148	0	0	0	0	23	15	0	191	0	0	0	0	0	0	42	225	62	17	0	0	40	0	0	0	10	0	0	0	16	0	0	0	0	0	0	0	0	63	0	0	0	0	221	0	20	92	67	0	2	54	0	0	0	74	0	0	0	0	0	0	0	0	0	0	0	0	0	0	0	0	0	0	29	7	121	0	66	133	0	0	0	0	0	0	40	0	0	0	0	51	0	20	0	10	0	0	0	0	0	0	0	0	126	0	0	0	5	0	0	16	0	0	47	145	38	0	0	0	149	0	0	0	41	9	198	0	0	0	12	0	0	254	372	0	0	0	0	0	5	0	53	0	0	0	13	0	64	0	0	0	0	34	4	0	2	0	0	118	0	0	0	0	18	89	441	0	0	34	16	34	0	0	0	0	95	0	579	0	0	0	0	14	0	0	0	115	188	302	0	0	347	0	0	0	4	0	0	0	0	0	0	0	0	0	0	28	0	0	0	0	0	0	0	0	0	0	0	0	0	0	0	0	21	0	0	0	0	0	0	0	0	121	0	0	0	0	0	0	609	0	0	0	0	170	0	0	0	0	0	0	0	0	0	719	0	0	0	0	726	0	0	8	0	0	0	21	0	70	0	0	0	48	0	0	20	14	0	0	1601	0	0	0	0	13	0	0	0	0	0	0	0	226	0	0	0	0	0	59	0	0	0	5	0	0	0	0	0	0	4	0	0	0	25	0	162	0	0	0	0	0	0	19	0	0	165	97	0	0	0	4	117	41	0	0	0	0	0	10	0	0	0	266	0	160	0	0	161	0	4	0	25	595	12	0	80	0	0	2	0	3	10	20	0	0	0	0	0	20	0	0	9	0	0	0	0	0	0	12	0	0	0	72	0	0	0	788	2	0	0	0	0	0	0	0	86	0	0	3	0	0	0	0	0	0	0	53	0	16	128	34	0	0	20	76	226	0	0	0	85	0	16	37	0	0	3	0	0	10	99	0	0	0	0	78	19	0	0	0	0	32	0	0	0	61	0	0	0	0	0	9	0	1224	22	0	0	0	3	0	0	0	10	0	0	0
g__Odoribacter	0	12	303	153	225	357	921	179	0	289	0	29	0	103	0	13	0	121	4	265	511	293	397	0	370	312	33	431	117	69	336	485	0	89	0	97	34	159	0	278	328	137	298	0	804	0	0	70	0	571	0	0	0	0	1623	758	333	3	0	0	611	229	0	0	38	815	1767	0	317	93	0	547	0	354	0	683	0	5	1158	0	0	294	0	208	0	0	856	86	0	89	457	0	0	0	16	0	220	347	0	1048	0	0	272	0	0	0	101	370	0	0	0	146	1098	0	489	0	0	0	0	0	302	0	589	0	0	0	0	0	0	0	0	0	0	1624	0	0	0	0	0	0	769	9	163	762	698	3	0	240	1207	449	2812	438	79	313	0	367	0	0	52	0	128	63	0	143	499	89	0	71	348	992	8	255	444	333	844	0	0	257	946	0	0	0	0	361	0	240	102	3	91	0	13	0	0	0	254	0	134	1948	0	180	282	0	0	0	0	414	0	0	0	0	0	0	0	2666	0	0	0	0	819	0	0	0	0	0	0	635	0	0	0	0	0	324	11	0	2	288	0	13	0	0	0	0	28	138	0	1004	19	0	0	0	0	1087	4	1069	0	3	4	4	4	7819	15	3	248	0	0	0	0	0	0	0	0	0	891	0	5	0	1312	0	854	298	0	29	0	0	363	78	0	1775	386	0	0	0	0	0	6302	0	0	313	0	0	0	0	0	0	742	0	0	0	0	0	682	416	1011	0	0	285	838	0	0	0	0	0	7	0	68	52	0	0	0	0	0	478	33	0	0	0	5	5	8	0	7	76	1265	293	365	138	0	378	0	0	900	0	699	489	0	103	1424	1174	6	0	0	145	1221	200	0	106	0	0	8	656	40	0	467	0	229	0	0	0	49	0	0	118	130	206	0	0	78	49	0	0	351	2	1246	0	0	0	324	264	242	310	0	0	0	299	724	7	0	0	0	861	0	0	1239	267	100	0	0	804	0	934	0	584	443	0	0	0	0	0	27	308	33	6723	284	0	356	60	0	0	0	0	95	23	67	7	0	0	296	0	337	3	0	550	79	12	287	123	1219	322	0	27	740	311	160	176	0	450	21	0	0	583	0	0	0	0	0	0	539	1217	3	0	0	0	0	0
g__Oliverpabstia	0	37	94	144	44	502	679	1002	0	248	63	0	0	0	0	133	173	71	84	0	138	28	190	70	43	0	0	182	123	0	0	0	0	191	0	0	1342	216	117	153	30	0	138	681	51	0	0	44	0	1472	0	0	0	92	316	0	758	0	0	0	938	62	0	0	77	0	0	0	520	114	0	0	3104	417	3	4826	0	9	0	61	0	158	0	446	0	0	0	88	0	102	0	0	0	180	0	0	136	0	0	581	0	0	0	75	0	0	190	0	0	189	0	0	0	0	0	0	0	0	0	0	0	0	0	0	0	73	70	0	0	237	99	82	0	0	0	0	6	0	0	0	0	0	77	0	0	0	46	0	0	0	0	0	0	565	0	87	0	0	250	0	0	0	0	0	13	84	351	0	0	663	64	98	0	0	0	72	0	151	0	0	0	0	0	151	0	104	70	0	5456	0	0	0	0	0	218	0	0	0	0	0	0	0	0	0	0	0	0	0	0	0	0	0	0	0	0	0	0	0	0	0	0	0	0	0	0	0	0	0	0	0	0	0	0	0	0	0	0	0	0	0	0	0	0	289	0	0	0	0	0	0	0	149	0	1394	0	0	0	0	0	0	0	0	0	118	0	280	0	0	0	0	0	0	1798	0	0	0	0	0	582	692	961	111	0	0	613	0	0	521	935	1279	0	241	0	0	0	0	0	257	0	0	0	0	0	406	216	606	0	0	0	0	0	137	400	0	0	58	0	0	0	0	84	159	544	0	0	0	0	0	0	0	0	72	0	0	0	0	0	104	65	0	0	146	0	412	197	146	0	469	0	103	706	0	122	0	168	10	0	0	55	167	0	0	200	0	161	116	0	0	339	484	191	93	0	0	0	0	514	67	41	0	0	65	104	151	82	0	36	0	0	131	225	142	0	0	0	66	89	0	156	289	0	0	0	351	0	0	0	0	0	0	0	0	46	0	0	136	0	497	0	0	0	0	0	0	0	0	0	289	0	139	0	0	0	0	0	66	40	0	200	0	239	138	69	63	0	0	0	0	133	0	0	0	112	147	61	63	0	0	0	85	0	0	0	221	0	0	497	0	0	204	0	0	204	0	0	0	141	120	0	0	0	0	15	0
g__Onthenecus	0	22	0	78	0	0	222	128	118	33	0	0	0	46	0	0	0	0	24	0	0	26	0	33	0	0	126	0	17	0	105	0	0	73	0	0	406	70	0	0	72	86	0	0	0	0	0	25	0	0	0	0	0	0	29	0	85	0	0	0	395	0	0	0	131	0	39	0	0	0	0	0	0	0	0	0	0	0	0	0	0	56	0	0	0	0	0	59	0	0	10	0	0	80	3	0	0	0	0	0	0	0	0	0	0	0	0	0	0	16	0	0	0	0	0	0	0	0	0	0	53	0	0	0	0	0	0	0	0	0	0	122	0	0	0	0	0	0	0	0	0	0	0	138	0	10	48	0	3	0	0	0	0	0	0	0	0	0	21	0	0	0	0	0	99	0	29	36	57	18	0	0	0	0	0	0	0	38	0	0	0	0	0	54	0	0	0	0	0	0	0	0	0	0	0	0	0	0	0	0	0	0	0	0	0	0	0	0	0	0	200	0	0	0	0	0	0	0	0	0	0	0	0	0	0	0	0	0	0	0	0	0	0	0	0	0	0	0	0	0	0	0	0	26	0	0	0	0	0	0	0	172	0	0	0	0	0	0	8	0	0	0	0	30	0	0	0	0	0	0	0	0	0	0	0	0	0	0	11	0	0	67	0	0	0	0	0	0	167	0	0	0	0	0	0	0	0	86	0	0	0	0	0	0	189	0	0	0	0	0	99	392	0	0	0	0	0	0	0	0	0	0	0	0	0	0	0	0	0	0	0	0	0	0	0	0	0	0	0	0	0	0	0	111	186	0	0	64	0	25	0	0	0	0	29	7	25	0	0	0	0	0	29	0	81	0	132	0	52	66	148	0	0	0	0	0	0	49	0	0	0	27	0	80	0	0	27	76	52	3	22	40	0	0	0	0	41	0	96	227	0	0	0	0	0	0	0	0	0	0	0	0	0	0	56	0	0	0	0	0	0	0	0	0	0	0	0	0	79	77	0	0	0	42	0	45	0	148	0	0	0	101	23	0	2	0	19	0	0	0	0	0	0	60	0	0	25	0	0	0	0	0	0	39	0	0	38	0	0	84	0	0	0	0	0	0	22	8	0	0	0	0	0	0
g__Otoolea	31	83	90	105	44	544	310	304	296	374	195	50	168	222	306	73	70	108	66	6	222	79	21	153	188	693	96	310	215	240	92	301	110	13	39	0	55	65	36	41	134	19	82	256	48	9	76	100	148	424	0	207	153	0	194	75	60	55	0	10	32	428	23	0	135	83	0	44	72	83	126	82	0	269	0	280	0	237	170	0	0	10	166	51	82	0	0	0	0	0	48	0	0	88	0	0	0	356	0	45	191	0	125	0	143	0	169	22	0	17	44	0	112	492	34	0	0	571	2226	60	18	0	329	108	203	307	59	0	96	269	0	58	24	84	156	58	324	40	287	28	195	100	29	64	27	7	0	29	5	0	0	72	110	148	109	73	27	0	19	0	0	185	0	36	0	20	24	64	0	0	110	174	51	0	116	13	99	91	60	0	0	48	0	0	200	33	47	7	37	154	0	0	317	14	12	380	619	0	0	19	68	7	0	1053	1125	10	273	9	0	48	48	131	0	0	554	83	0	7	233	0	86	334	0	13	0	17	31	167	211	171	83	22	0	5	51	17	0	10	0	561	0	569	13	53	0	68	26	6	0	1684	40	107	92	0	0	161	248	0	0	485	70	0	0	69	0	98	0	0	0	0	15	12	0	0	1230	70	422	0	75	0	237	49	560	0	171	14	157	388	55	69	267	50	633	36	106	530	667	151	475	0	145	14	0	398	84	0	62	0	0	0	690	100	0	0	0	44	0	444	9	12	369	74	225	469	47	96	84	105	117	275	148	576	87	74	212	115	196	10	44	25	11	320	269	625	122	223	0	0	79	82	177	291	368	253	89	42	105	0	0	25	570	13	359	125	77	490	702	416	430	272	558	392	469	222	110	170	372	44	66	325	67	160	51	89	75	100	0	188	70	192	221	54	15	0	41	77	44	365	23	102	77	549	18	102	62	93	680	121	109	0	204	365	108	194	252	85	450	270	1795	0	43	210	254	71	236	65	336	31	14	74	68	597	114	0	208	140	173	0	140	60	140	107	101	74	0	56	154	0	83	0	19	230	0	186	150	63	95	5	115	19	21	25	147	272	328	123	162	99	155	130	26	529	251	0	235	124	21	114	100	0	178	46	0	98
g__Parabacteroides	0	74	6	108	240	187	89	91	219	93	248	16	172	481	689	83	190	106	61	2	0	0	128	283	172	363	217	394	122	884	398	334	264	35	518	143	19	156	97	83	230	57	230	130	126	0	2497	65	747	5	0	655	30	12	0	443	176	0	0	0	571	681	292	13	806	0	0	241	270	0	0	10	0	804	3	0	0	488	6	0	5	50	3	0	0	0	1141	0	2078	197	24	2	0	237	56	0	15	156	443	419	0	168	67	0	233	0	111	145	0	12	199	98	0	521	7	0	0	0	0	0	35	0	293	0	3	28	0	5	116	291	6	19	6	134	0	0	250	130	5356	0	855	2	183	567	0	308	410	461	69	0	0	370	2423	84	308	68	0	0	20	0	309	278	0	40	20	75	110	35	0	0	0	153	67	0	39	0	48	0	26	15	3	0	313	44	0	7	101	0	0	258	3	0	0	4232	118	31	11	0	0	0	471	21	0	0	250	42	4548	236	1173	0	37	43	0	0	460	0	0	156	18	0	23	3	3	76	0	41	0	0	4	167	131	14	370	0	18	0	0	15	0	0	0	0	0	12	0	0	0	684	0	0	0	163	833	148	0	0	0	0	523	179	0	0	186	92	0	0	84	0	42	0	0	151	29	9	14	4	0	0	54	181	0	37	0	0	264	8	111	133	81	43	0	336	2	44	1315	0	0	61	0	0	0	131	0	119	664	0	1045	0	0	360	77	1445	0	2	2	0	1624	0	83	1225	2173	46	0	2650	1172	218	373	198	0	27	511	400	79	389	719	4890	288	1109	34	2	0	660	0	145	175	195	43	425	13	31	154	329	568	10	17	13	0	0	0	73	0	391	0	734	397	0	450	2882	206	95	108	465	223	1766	478	83	301	12	16	213	108	122	23	71	113	0	213	0	79	30	27	51	168	136	0	133	65	202	0	2	0	275	86	230	568	369	3587	0	0	264	597	895	22	482	607	722	211	133	6	279	737	38	9	0	237	57	563	151	33	303	76	8	126	121	38	0	102	69	93	31	50	57	85	10	171	3989	177	52	456	75	32	313	62	143	65	17	55	59	1425	169	368	4	3955	189	6	381	160	0	0	174	434	0	51	0	95	0	83	32	4	4	25	54	4	27
g__Paraprevotella	0	32	0	42	0	0	81	26	256	0	0	0	0	0	0	46	395	0	32	0	0	0	0	63	253	0	0	0	0	0	0	0	0	0	0	0	0	43	22	8	7	0	0	0	86	0	0	113	330	0	0	0	0	0	35	0	123	0	0	0	0	0	0	0	171	0	0	0	0	38	0	0	0	0	0	0	0	0	61	0	0	0	0	0	0	0	0	95	0	0	0	0	0	148	0	0	0	423	0	0	0	0	147	0	0	0	0	0	0	26	0	0	0	0	0	0	0	0	0	0	0	0	22	0	0	18	0	0	0	0	0	11	0	0	0	0	0	0	0	0	0	0	0	0	0	37	0	0	0	0	0	0	0	0	0	48	0	0	0	0	0	0	0	0	0	0	34	77	0	0	0	0	0	0	0	0	0	0	0	0	0	0	0	0	0	0	0	0	0	0	0	0	0	0	0	0	0	0	0	0	0	0	0	0	0	0	0	0	0	0	27	27	0	0	0	0	0	0	0	0	0	0	0	0	0	0	0	0	0	0	0	0	0	0	0	0	0	0	0	0	0	0	0	36	0	0	0	6	0	0	0	111	0	0	0	0	0	0	54	0	0	0	0	187	0	0	0	0	0	0	0	0	0	0	0	0	0	0	0	0	980	7	2	0	168	0	0	729	0	0	0	0	0	0	0	0	0	221	0	0	0	0	0	0	174	0	0	0	0	0	0	161	0	0	0	0	0	0	0	0	0	0	0	0	0	166	0	184	0	137	0	0	0	0	0	0	31	0	0	0	0	0	0	104	0	0	0	0	0	0	0	0	0	0	0	0	0	0	7	0	0	685	0	140	654	0	0	189	75	546	119	0	0	0	0	0	0	23	41	0	0	0	0	0	0	0	0	0	29	0	0	23	0	0	0	68	416	0	0	0	1916	0	0	148	0	0	0	0	0	0	0	0	0	0	0	0	0	0	0	0	0	0	0	0	0	0	1624	0	0	0	0	0	0	0	0	0	0	0	156	0	0	7	0	0	0	0	0	0	0	0	0	0	0	62	0	0	0	0	0	0	0	0	0	0	0	0	0	0	0	0	0	0	0	0	583	0	0	27	0	0	0	0	4	114
g__Pararoseburia	0	0	147	0	0	0	51	90	0	8	80	0	0	0	38	0	24	19	0	0	0	33	0	0	0	0	0	0	0	0	4	0	0	0	0	0	0	0	0	0	0	10	0	0	0	0	0	0	0	0	0	0	0	0	68	0	40	0	0	0	0	0	0	0	13	0	0	0	0	0	0	0	0	49	0	0	0	0	0	0	0	44	0	0	0	0	0	0	0	0	0	0	0	0	0	0	0	0	0	239	0	0	0	0	17	0	0	0	0	0	0	0	0	10	0	0	0	0	0	0	0	0	0	0	0	0	0	0	0	0	0	13	0	0	0	0	0	0	0	0	0	0	0	0	68	0	0	0	0	0	0	0	0	0	0	0	0	0	0	0	0	0	0	0	0	0	0	0	0	0	0	36	0	0	0	0	0	39	0	0	0	0	0	18	0	0	0	0	0	0	0	0	0	0	0	0	0	0	0	0	0	0	0	0	0	0	0	0	0	0	0	0	0	0	0	0	0	0	0	0	0	0	0	0	0	0	0	0	0	0	0	0	0	0	0	0	0	0	0	0	0	0	0	11	0	179	0	0	0	0	0	0	0	0	0	0	0	0	31	0	0	0	0	0	0	0	0	0	0	0	0	0	0	0	0	0	0	0	47	0	76	0	0	0	0	0	0	273	0	0	0	0	0	0	0	0	0	0	0	0	0	0	0	0	0	0	0	0	0	0	0	0	0	0	0	0	0	0	0	0	0	23	0	0	0	0	0	0	0	0	0	0	0	0	0	0	0	35	0	0	0	0	0	168	7	0	0	56	0	24	0	0	0	0	0	0	14	0	0	0	0	204	0	0	0	0	0	0	65	86	0	0	374	0	0	0	0	0	0	0	0	0	43	54	0	0	0	33	0	12	57	0	0	0	0	0	0	0	6	12	0	0	0	0	0	0	0	0	0	0	0	0	0	0	0	0	0	11	0	0	0	0	0	0	56	0	0	0	0	0	0	0	0	0	0	50	0	0	0	4	0	0	11	10	0	0	0	0	0	0	0	0	56	60	0	0	30	0	0	0	0	0	0	0	0	0	0	0	0	11	0	0	19	0	0	0	0	0	0	0	0	0	0	0
g__Parasutterella	0	6	0	877	17	103	562	8	0	4	78	109	19	0	0	0	0	22	18	73	0	158	0	10	382	0	0	0	0	21	22	0	155	0	0	0	0	4	0	0	10	0	355	301	0	0	0	92	0	0	0	0	0	0	0	0	5	0	0	134	0	0	0	0	0	0	0	0	0	0	0	856	0	0	0	0	0	7	9	0	0	12	0	0	0	0	0	0	0	7	0	4201	0	44	0	0	139	0	0	0	85	0	0	0	0	0	249	0	0	0	0	137	0	0	0	0	0	0	0	0	0	0	258	354	0	0	211	0	0	0	0	0	0	0	0	0	0	0	0	0	251	854	0	206	0	556	0	230	0	18	5249	102	0	0	0	259	341	0	0	0	0	233	0	0	0	12	0	0	1267	0	0	0	0	95	0	0	0	23	0	0	0	318	0	8	0	0	0	0	0	0	0	0	0	0	0	0	280	0	0	0	0	0	0	0	0	0	0	0	0	768	37	0	0	0	247	0	0	0	3	0	0	0	0	0	0	0	0	0	0	0	2	0	0	0	0	106	0	0	0	0	0	0	0	0	0	0	1265	0	0	0	0	0	0	0	0	0	0	0	77	9805	9	0	0	0	0	0	0	0	0	0	0	151	0	0	3554	0	382	0	0	0	0	20	0	0	0	736	3	0	61	1437	0	0	0	0	0	84	0	0	0	0	0	0	0	266	294	6	0	0	0	0	0	282	0	0	0	0	0	0	0	0	0	0	0	0	0	0	0	8	0	0	105	0	0	0	0	0	9	0	0	589	225	0	0	19	0	0	0	0	64	0	0	36	16	0	6	0	15	0	0	0	4	8	0	10	0	0	239	0	12	33	0	0	0	0	0	0	0	0	0	10	0	0	0	0	0	0	0	0	3	0	0	0	0	0	500	774	0	394	28	271	0	0	370	44	19	193	0	0	20	278	0	0	0	0	0	0	177	522	0	0	0	0	0	388	0	0	0	17	15	64	70	0	27	0	7	0	0	42	19	0	0	380	32	0	0	0	0	50	764	53	22	0	0	0	0	222	0	0	0	2	0	0	555	0	0	0	3	0	0	0	20	0	6	0	0	0	0	0	0	0	10	0	0	0
g__Pauljensenia	0	0	0	0	0	0	0	0	0	0	0	0	16	0	0	0	26	0	4	0	0	0	26	0	0	24	0	0	0	10	0	0	0	0	0	0	23	0	9	0	0	0	0	0	0	0	4	0	0	10	0	0	0	24	39	0	20	5	0	0	17	0	0	0	14	28	0	0	0	0	0	0	0	0	87	0	0	0	0	0	0	0	0	0	0	0	8	0	0	0	0	0	0	0	0	24	0	0	0	0	0	0	0	0	0	0	0	0	0	5	0	0	0	0	0	0	0	0	0	0	0	12	0	0	0	0	12	10	0	0	0	0	0	0	0	0	0	0	0	0	13	0	0	0	0	15	0	0	0	0	0	0	0	0	0	0	0	0	0	0	0	0	0	0	0	0	0	0	0	0	0	0	0	0	0	0	10	0	0	0	9	0	0	6	0	0	35	0	0	0	0	0	0	24	0	0	0	0	0	0	5	0	0	0	3	0	0	0	10	0	0	0	0	0	0	0	0	0	14	25	0	0	0	0	0	0	21	0	0	0	16	0	13	0	0	0	0	29	0	0	0	0	68	0	253	0	0	0	0	0	0	0	14	0	91	0	0	0	38	45	0	0	0	0	17	0	0	0	0	0	0	0	0	0	0	0	0	0	0	15	0	0	0	0	0	0	0	0	0	0	0	0	0	0	0	0	0	0	0	0	0	0	40	0	0	0	0	5	0	0	12	0	0	0	0	18	0	14	0	0	0	0	0	13	0	0	6	0	0	0	0	0	0	0	0	0	0	0	0	0	0	0	0	0	0	0	0	0	0	4	0	0	0	9	0	9	0	0	0	0	0	0	0	0	0	0	0	0	0	0	0	0	0	0	0	48	0	0	0	0	2	0	0	0	0	0	0	0	0	0	0	0	10	0	0	7	10	0	0	0	0	0	0	0	0	12	0	0	0	0	0	0	0	0	0	0	0	31	0	0	0	0	11	0	12	0	9	0	0	0	0	0	0	0	0	0	0	0	0	0	0	0	0	0	0	0	0	0	0	0	0	0	12	0	0	0	0	0	34	0	0	0	0	0	0	0	0	0	0	0	8	0	0	0	0	0	0	0	0	0	0	0	0	0
g__Pediococcus	0	0	0	0	0	0	0	0	0	0	0	0	0	0	0	0	0	0	0	0	0	0	0	0	0	0	0	0	0	0	0	0	320	0	0	0	42	0	0	0	0	0	0	0	0	0	249	0	0	0	0	0	0	0	0	0	0	279	18267	0	0	0	0	119	0	0	0	0	0	0	0	9338	39	0	0	19	0	0	0	0	48	0	0	0	0	0	0	0	0	3	0	11	30	0	0	0	0	0	1173	0	0	6	0	3	0	0	0	0	403	0	301	0	0	0	0	0	0	0	0	28	2	0	0	0	0	0	0	34	0	0	0	0	0	0	687	0	0	1020	37	8	0	1023	0	0	0	0	0	0	0	29	76	0	0	0	3286	0	0	0	0	0	0	0	0	0	0	0	0	0	0	0	0	0	0	3784	0	0	9138	0	0	0	34	0	486	0	0	0	0	2083	0	0	0	23	0	2590	0	0	0	0	5973	0	0	0	0	0	0	488	0	3	0	0	0	0	0	0	5	0	0	0	0	0	3	0	489	0	0	0	0	9798	87	0	0	0	3265	0	0	14	0	0	0	0	0	0	25	0	0	0	0	0	0	1631	0	0	11	0	0	0	380	0	0	0	5	0	0	0	0	47	0	0	408	0	0	0	0	3950	21	84	0	0	0	0	0	0	0	313	0	0	0	0	0	0	0	0	0	16	0	13	784	0	0	0	0	0	0	0	0	0	0	538	0	0	0	0	0	0	0	0	0	0	5532	0	0	4	0	101	0	0	2	0	41	12	0	0	0	0	0	0	0	0	0	0	8	0	9	0	0	0	0	0	0	0	0	0	0	0	0	0	0	0	0	0	0	0	0	0	0	0	0	0	0	0	0	0	0	0	0	0	0	0	0	0	0	0	0	0	0	0	0	0	0	0	0	0	0	0	0	0	0	0	0	0	0	3	0	0	0	9028	0	203	0	0	0	0	0	0	0	0	0	0	0	0	0	0	6	0	37	0	0	0	0	0	0	0	0	0	0	0	0	0	0	0	0	3	0	0	0	0	0	0	0	0	5	0	0	0	0	0	0	0	0	6	0	0	0	0	0	0	0	0	5	0	0	3180	0	0	0	0	0	0	0	0	0	0	0	0
g__Peptostreptococcus	0	0	0	0	0	0	0	0	0	31	0	0	0	0	0	0	0	0	0	0	0	0	0	0	0	0	0	0	0	0	0	0	0	0	0	0	0	0	0	0	0	0	0	0	0	0	0	0	0	0	0	0	0	0	0	3	0	0	0	0	0	9	0	0	131	0	0	36	32	0	0	0	0	21	0	96	0	6754	0	0	0	0	6	0	12	0	0	0	33	0	0	0	0	0	10	2	0	0	0	0	0	0	0	0	0	0	0	0	0	0	0	0	0	0	0	0	0	28	4	0	0	50	0	0	7	0	0	0	8	0	6	0	0	0	0	3	17	0	0	0	7	0	0	0	0	0	0	0	0	5	0	0	0	97	0	11	0	13	0	0	0	0	7	0	0	0	0	0	0	12	0	0	4	0	0	0	0	0	0	0	3	0	0	0	0	0	0	0	0	88	3	0	0	0	0	0	0	0	0	0	0	0	0	4	0	19	0	0	0	0	0	0	158	0	30	0	0	0	0	9	694	0	0	0	8	0	0	0	0	0	0	32	23	0	6	58	350	0	1870	23	54	0	192	0	0	0	2119	0	0	0	3	0	0	0	0	0	3	0	109	5	0	70	0	0	0	101	2	0	0	0	0	0	0	0	0	0	0	0	0	0	685	0	25	0	0	3	6	0	5	6	2	25	0	0	0	0	0	0	0	0	0	0	108	0	46	0	4	0	9	0	52	0	0	0	0	49	0	3	0	0	3	0	0	0	0	0	0	0	0	0	0	0	0	0	0	0	0	0	0	9	0	0	30	0	0	0	0	0	0	0	0	0	0	0	0	0	0	0	0	0	0	0	0	0	0	3	0	0	0	0	0	0	0	3	0	0	0	12	0	0	0	0	0	0	0	0	0	0	0	0	0	0	0	0	3	0	0	0	0	0	0	0	0	0	0	0	0	0	0	0	0	0	0	0	0	0	7	0	0	0	5	0	0	0	0	0	0	0	0	0	0	0	0	0	0	0	0	0	0	0	0	0	0	0	0	0	0	0	0	0	0	0	0	187	0	0	0	0	0	0	0	0	0	0	0	0	0	0	0	0	0	0	0	0	0	0	0	0	0	0	0	0	0	2
g__Phascolarctobacterium	848	0	0	0	34	3203	10	30	2707	3	50	14	1093	491	720	0	808	678	0	0	833	0	37	5	631	2120	17	801	0	683	115	910	0	0	1872	0	45	0	0	0	33	0	0	3530	219	0	728	0	8	0	0	0	0	3	722	2	20	2	0	0	0	871	779	8	0	0	0	0	0	0	2	3	0	27	0	0	0	10	0	0	3	0	4	0	0	0	15	762	3442	0	4	4	2	0	0	0	0	0	0	317	3	0	76	3146	49	5	0	948	0	0	0	0	0	579	0	0	0	0	0	0	76	0	1113	188	5	22	0	0	0	782	0	2186	0	0	0	0	0	0	0	0	0	5	0	618	0	0	0	0	0	82	0	694	0	1176	0	4	550	0	86	0	0	1559	0	0	0	0	0	135	0	0	0	0	0	0	0	0	0	0	0	0	0	0	673	2	0	0	0	0	128	0	0	0	0	0	0	0	0	0	0	0	624	0	147	0	429	184	0	0	0	3	0	0	0	0	0	0	247	976	210	0	31	0	0	200	7	1792	0	0	0	180	4	0	0	0	16	0	0	22	0	0	0	0	12	0	0	0	0	0	0	0	0	0	1687	0	0	0	3	0	0	187	0	0	620	573	0	0	0	0	146	0	0	0	0	8	4	6	0	0	0	6	0	0	4	0	0	0	7	874	0	0	0	3	0	71	0	0	0	4	4	0	0	0	0	0	21	0	0	0	0	1971	9	0	0	0	5	0	0	0	0	0	0	0	0	0	0	1314	1774	451	0	2	323	0	1230	770	0	3	0	1460	7	7	7	0	0	3	0	4053	196	0	48	0	0	0	0	95	0	346	172	0	40	0	752	16	691	0	1614	0	2911	0	0	3	0	3	1485	0	0	0	0	0	0	798	0	445	101	0	0	0	278	678	0	0	0	272	8	629	0	0	0	0	0	0	1964	0	0	0	0	0	1674	0	0	770	1738	950	121	0	0	28	0	4	0	694	1374	0	0	0	0	0	0	0	0	1583	0	235	22	0	0	0	0	0	0	849	6	0	0	3	173	4	787	0	3	0	0	0	14	0	2089	37	592	0	2070	0	0	6	0	165	0	0	0	0	0	1680	467	0	0	0	21	0	388	0	0	3	80	0	0	13
g__Phocaeicola	6100	129	0	981	1401	7133	3297	806	1766	6651	3511	142	1985	8440	6537	294	2675	2695	219	18	3677	6436	1139	611	1683	8878	1974	3546	261	4320	738	3565	1445	47	3340	468	98	103	217	26	269	677	6228	6540	255	3	493	77	1509	16	0	1201	124	4	311	3552	453	18	31	5201	4281	5537	662	70	3178	5035	288	4261	4753	2512	13	45	3274	2238	14	16	0	351	881	4	38	411	16	563	0	3	5473	2504	4973	167	5137	27	16	318	202	12	942	3829	12	3488	25	4260	4959	17161	687	21	10265	2465	5	837	7625	3015	3681	8655	4685	0	4320	0	18	32237	4647	65	3909	6512	15	6332	8	31	17078	2014	66	117	5	4574	19	0	7050	780	15	18	17	8464	2345	3269	12748	8319	1616	8275	2780	7044	0	6250	14	3711	9	2609	2430	13	1281	2026	2088	6661	11	1552	365	3748	775	2781	2779	3	65	907	1434	1480	425	275	0	0	1434	4994	16	4428	1422	1848	5	460	0	9	790	2872	53	0	5	14	1979	281	1858	3	0	13340	9402	7291	35	2	14325	1302	0	1517	2886	26	2423	10696	28	1412	11368	2722	3120	13318	8955	26	4444	16	22	66	14	11027	18	36	8001	1224	4	99	2109	19	30	12587	30	104	13	7	11	11	108	3280	0	0	192	1518	11	0	372	193	3943	1541	0	3	19	9339	6336	2457	53	12	3473	3947	0	3412	15554	71	263	2	22	2724	17544	60	54	53	33	20	7889	13646	11005	82	32	23	991	7	1183	5385	5534	12785	37	14830	0	1958	8026	1743	8	500	32	10	0	597	8	1915	4228	0	3939	40	13	9726	327	2243	24673	12	29	652	13965	3732	20644	8078	33	2702	73	7794	8783	726	1668	3430	4010	13582	2568	12401	604	2269	13202	10293	1908	5911	191	1643	5120	4230	44619	2974	444	887	471	1744	179	267	357	0	8662	453	174	973	10	12	46	3462	987	4285	5705	4200	4012	12408	12726	904	8174	463	412	15277	14099	1655	4972	432	12019	49	444	2741	516	744	4956	351	1846	12	4255	8558	350	266	38	171	1313	818	6569	6013	3581	3499	2732	5305	8	6138	9463	903	4071	0	8051	41	2790	7380	1844	0	9549	1497	3127	1689	11964	403	22	2403	8816	17	1426	7	9	1581	2107	882	4615	885	122	87	5000	2437	231	1431	5770	2225	440	4503	5246	1897	3057	46	2433	14216	6836	169	3932	3688	1093	3761	1595	982	2370	4873	599	4089	5684	3960	5324	769	2097	1442	4180	6176	374	2500	0	894	2227	7603	2897	10677	4098	27615	4455	3597	11445	42	3120	4815	20	4330
g__Prevotella	208	0	12	2296	0	0	7315	15298	12213	5733	1694	3687	15	6	0	5440	5	0	5351	0	11271	0	0	0	9	0	7	0	2541	7	0	0	0	16	1533	385	120	687	0	30	94	0	0	3	20	0	0	5612	0	22	0	0	0	19	15	27	0	0	0	4535	3524	0	7	40	1069	5277	0	0	8353	0	12	3202	0	923	10	0	0	53	439	0	0	0	0	11011	0	0	0	8	7	0	9	7	4	2025	2047	16	0	0	0	0	0	0	0	0	1177	0	0	0	9	3781	0	0	0	0	4	0	0	0	0	0	0	0	0	0	0	0	0	6	375	0	6191	892	0	0	0	0	0	10	0	0	0	0	11	0	0	0	3	14	0	0	0	164	31	0	0	0	0	0	0	4434	0	0	0	0	192	0	0	0	0	0	3204	0	57	0	37	164	0	0	1548	0	0	0	0	0	0	798	0	0	14	0	5775	0	0	0	129	702	0	0	0	0	0	0	7	0	0	0	12	0	4776	0	9	29	0	8	0	0	0	0	4	0	14	0	0	0	0	6	26	9	0	0	11	0	0	6	9	0	23	9	13	0	0	0	41	29521	14	0	2270	32	0	5	0	14	0	11	0	15	10	17	0	13	16	0	26	0	0	6097	0	199	0	0	0	0	0	34	0	19	0	0	5	0	6	3369	0	10	1001	0	5774	0	0	0	20	17	0	0	6	0	0	58	12	7	0	7	9	0	0	0	0	0	0	8	0	3445	253	0	9	0	3889	605	0	0	4	0	16133	0	0	0	0	0	128	0	0	17	651	0	14	0	3473	0	41	0	0	8	0	4055	240	3244	0	1878	0	7413	0	4	3	0	2650	1653	0	0	1628	92	0	699	0	0	1465	0	0	1716	4	10383	384	9	5	12	0	80	0	6791	0	11823	903	13	0	9961	10	2	0	0	3206	5397	1170	2548	0	0	11	0	0	4	0	0	0	0	0	1518	4	0	0	0	0	0	0	0	0	4	0	0	5	146	0	0	0	5880	0	0	0	0	0	0	0	0	6	0	0	0	0	9759	0	4	0	0	2	756	0	1945	0	6	0	1486	0	20	4404	0	7193	10047	6540	9	0	23	11	16	0	52625	0	4005	4	0	310	0	0	9	0	2488	14	0	0	0	15	0	21	3	0	30	9026	35
g__Pseudobutyricicoccus	0	7	0	0	0	0	0	10	0	4	20	0	0	0	0	4	0	0	0	0	0	0	0	0	0	0	20	0	0	11	16	0	19	0	0	0	0	6	0	0	0	0	0	37	0	0	0	21	0	0	0	0	0	0	0	0	0	0	0	0	0	24	0	0	17	0	33	0	0	0	0	0	0	0	0	0	0	0	0	0	0	0	0	0	0	0	0	0	0	0	0	0	0	0	0	0	0	0	0	5	0	0	0	0	0	0	0	0	0	0	0	0	0	0	0	0	0	0	0	0	0	0	23	0	0	0	0	0	0	0	0	6	0	0	4	0	0	0	0	0	0	0	10	0	0	0	0	0	0	0	0	0	0	0	0	0	0	0	0	0	9	0	0	0	0	0	0	0	0	0	0	0	0	0	0	0	0	0	0	0	0	0	0	0	0	0	0	0	0	0	0	0	0	0	52	0	8	0	0	0	0	0	0	0	0	0	0	9	0	0	0	0	0	0	0	0	0	0	0	0	0	0	0	0	0	0	0	0	0	0	0	0	0	0	0	0	0	0	0	0	0	0	0	0	0	0	0	0	0	0	0	0	0	0	0	0	0	0	0	0	0	0	0	0	0	0	0	0	0	0	0	0	0	0	0	0	0	0	83	0	0	0	0	0	0	0	0	8	0	0	0	0	3	0	0	0	0	24	0	0	0	0	0	0	0	0	0	0	0	0	0	0	0	0	0	0	0	35	0	0	0	0	0	10	0	0	0	0	0	0	0	0	0	0	0	23	0	0	0	0	0	0	0	0	16	0	0	0	0	5	0	0	2	0	0	0	0	0	0	20	0	28	0	0	49	84	59	0	0	0	30	74	0	0	0	0	0	0	0	0	2	0	0	0	0	0	2	0	0	0	0	0	0	0	0	0	0	0	0	0	0	0	0	0	0	0	18	0	0	0	0	0	0	0	4	0	0	0	0	0	0	2	0	0	0	0	0	0	0	7	0	0	0	0	41	0	0	0	6	0	0	0	0	0	0	0	0	0	0	0	0	0	25	0	0	0	0	0	0	0	0	0	0	0	0	0	0	0	0	4	0	0	0	0	0	0	0	0	0	3	0	0	0	0
g__Pseudoflavonifractor_A	9	0	0	0	0	0	0	0	0	0	0	0	0	0	9	0	0	0	0	9	0	0	0	0	0	0	0	0	0	4	0	8	0	0	0	56	0	0	0	0	0	0	0	0	0	0	0	0	0	0	0	0	0	0	0	0	0	30	0	0	0	0	0	0	0	0	0	6	0	0	0	113	0	0	0	0	0	0	0	0	0	0	0	0	0	0	0	0	0	0	0	0	0	0	0	0	0	0	0	9	0	61	0	0	0	0	178	0	0	0	0	0	0	9	5	0	0	0	45	0	0	0	0	7	13	0	0	0	0	0	9	0	35	0	0	0	0	0	0	0	13	0	0	0	0	115	0	4	0	0	0	0	20	0	0	0	0	0	0	0	0	0	0	0	0	0	0	0	0	0	0	0	17	0	0	11	17	6	0	0	0	11	0	0	0	0	0	0	0	0	0	0	0	0	0	0	0	0	0	0	0	0	0	0	0	0	0	0	14	0	0	22	0	0	0	0	0	0	14	0	0	0	0	0	0	31	0	0	0	0	0	0	0	0	0	0	0	0	0	0	0	0	0	0	0	0	0	0	0	0	0	0	0	0	0	0	0	0	0	149	12	0	0	0	0	0	0	0	0	0	0	0	0	97	0	0	0	0	0	0	0	0	0	0	0	0	0	0	0	0	0	0	52	0	0	0	0	0	0	0	0	0	0	0	0	0	0	0	0	0	0	0	0	0	0	0	0	0	4	0	0	0	0	66	4	0	8	0	0	22	0	0	0	0	26	0	13	0	0	0	0	0	0	0	0	0	0	0	0	0	0	0	0	0	0	0	0	0	0	0	0	0	47	7	16	0	7	0	0	0	0	0	0	0	0	0	0	0	0	44	0	0	0	0	0	0	0	0	0	0	0	0	0	17	0	0	0	0	0	0	7	0	0	0	0	0	11	0	0	0	0	0	0	0	0	15	19	0	0	5	0	0	0	11	0	0	0	0	0	0	0	0	0	0	0	5	0	7	0	0	0	0	0	0	0	0	0	0	8	6	8	7	0	8	0	0	5	0	0	0	0	0	0	0	0	19	0	0	0	0	0	43	0	0	0	0	0	0	0	0	0	0	0	0
g__Pseudoscilispira	26	0	0	0	0	8	6	0	33	24	0	0	0	4	21	5	36	0	6	27	0	0	0	7	0	15	11	13	0	0	0	17	0	0	18	0	12	0	0	0	4	11	0	51	0	0	0	0	3	0	0	0	0	0	5	0	0	0	0	0	0	0	0	0	15	0	11	0	0	7	0	0	0	30	0	0	0	6	0	0	0	0	0	0	0	0	4	5	0	0	0	0	0	48	0	0	0	11	0	0	0	0	0	0	0	0	0	7	0	0	0	0	0	22	0	0	0	0	0	0	0	0	0	0	0	0	0	0	0	0	0	0	0	9	0	0	0	0	0	0	5	0	3	11	0	0	0	0	0	0	0	0	0	17	0	0	0	0	0	0	0	0	0	0	0	0	0	0	55	0	0	0	10	0	0	0	0	0	0	0	0	0	0	0	0	0	0	0	3	16	0	0	0	0	29	9	12	0	0	0	0	0	0	0	33	0	42	0	0	0	22	0	0	0	0	0	0	5	0	0	14	0	0	0	0	26	0	0	0	0	0	0	0	0	0	0	0	0	0	0	0	0	0	0	0	0	5	0	0	0	0	7	0	8	0	0	0	0	23	5	0	0	0	11	0	0	0	0	0	0	0	0	0	0	0	0	0	0	0	0	0	0	0	0	16	0	0	8	0	5	0	0	0	5	9	0	0	13	0	0	0	0	0	12	4	0	16	0	0	0	0	0	0	0	0	0	0	0	0	21	0	0	0	0	13	0	0	7	0	0	0	8	4	0	0	0	0	22	5	8	3	55	7	0	7	0	3	7	0	0	0	0	7	0	0	0	0	4	0	6	0	11	12	23	0	3	15	0	0	0	11	0	10	0	5	0	5	0	0	4	0	5	0	7	0	0	0	9	0	5	1	0	0	11	12	4	3	8	0	0	3	0	13	14	22	0	12	6	18	9	0	0	0	15	12	8	11	0	0	6	9	0	30	0	0	10	0	0	8	6	49	7	5	0	25	0	0	7	0	0	0	0	0	0	0	0	0	0	0	0	8	11	4	17	0	0	4	0	0	6	10	0	0	5	2	0	0	0	0	5	10	0	9	0	0	0	0	0	0	0	0	9	0	0
g__Roseburia	19	38	195	287	264	842	1889	795	1153	1336	210	82	376	127	130	513	0	712	211	290	187	792	0	155	90	708	212	0	200	133	54	226	40	0	231	220	161	425	290	327	63	94	262	89	0	0	107	289	167	707	0	0	47	13	202	110	19	346	0	0	23	1796	51	0	306	955	668	340	238	102	0	0	817	627	817	588	0	42	430	55	134	206	0	680	0	0	0	1164	0	0	71	19	179	455	0	0	106	0	0	27	11	0	0	0	67	0	87	182	1012	33	150	386	9	867	96	0	0	0	0	0	1621	36	415	0	179	0	12	0	0	8	0	334	0	441	203	0	0	0	225	0	12	0	241	955	73	184	62	203	270	0	0	522	89	50	0	48	799	0	69	0	115	0	0	28	136	49	293	22	179	0	37	77	11	0	107	78	0	437	98	0	69	0	0	142	1331	19	19	0	0	42	0	0	128	0	232	21	497	56	0	0	99	0	0	0	873	0	878	253	0	0	154	31	343	0	1440	244	251	751	291	0	0	0	0	0	0	0	0	0	450	0	0	9	0	0	32	97	4309	0	4212	0	470	0	25	0	0	0	16	0	0	196	0	421	0	0	0	1997	0	0	46	0	9	0	204	368	0	111	341	1130	0	0	0	163	606	295	0	1597	0	0	3316	0	351	150	0	0	1896	54	46	850	222	15	0	1352	119	0	7	387	0	67	0	0	1309	9	664	971	155	285	225	17	0	0	63	68	2265	0	0	0	1016	527	0	0	84	119	519	97	628	149	73	186	226	263	13	539	250	803	178	3287	280	0	289	0	93	1376	0	791	61	746	295	409	66	294	994	321	1189	0	16	149	17	315	0	153	0	820	26	280	332	503	96	26	385	790	1788	172	1902	0	216	65	182	46	216	104	205	97	521	278	0	0	14	68	307	45	100	30	23	0	0	571	206	0	257	319	572	0	32	146	0	30	0	15	20	1164	351	0	0	0	177	721	351	211	0	114	1571	242	787	1465	417	192	0	147	125	20	0	0	522	358	158	52	15	190	17	495	28	120	544	358	833	0	1472	82	0	72	86	0	195	108	850	61	264	0	572	0	0	72	28	261	0	64	346	774	0	461	88	0	607	0	30	0	0	481	790	0	13	259	17	0
g__Roseburia_D	0	99	0	0	18	29	5	267	0	0	260	0	533	0	0	23	44	0	33	0	0	0	0	7	62	0	38	40	101	0	30	0	0	0	0	0	0	196	5	0	18	33	0	0	0	0	0	0	0	0	0	0	0	0	0	0	58	0	0	0	0	19	54	0	56	0	0	0	0	0	0	9	0	93	0	0	0	0	0	0	0	0	0	0	0	0	0	0	0	0	0	0	0	0	0	0	0	0	0	0	0	0	0	0	0	0	0	0	0	0	0	0	0	0	0	0	0	0	0	0	0	0	0	0	0	0	0	0	0	0	0	114	0	0	0	0	0	0	0	0	0	0	0	0	0	0	0	0	0	0	0	28	0	0	0	0	0	160	7	0	0	0	0	0	21	0	0	0	0	0	0	0	0	0	0	0	0	0	0	0	0	0	0	101	0	0	0	0	0	5	0	0	0	0	0	0	0	0	0	0	0	0	0	0	0	0	0	0	0	0	16	0	0	0	0	0	0	0	0	0	0	0	0	0	0	0	0	0	0	0	0	0	0	0	0	0	0	0	0	0	0	0	0	0	0	0	0	0	0	0	0	0	0	0	0	0	0	0	120	0	0	0	0	0	0	0	0	0	0	0	0	0	0	0	0	0	0	0	0	0	0	72	0	0	42	0	0	28	0	0	0	0	0	0	0	0	0	181	0	0	0	0	0	0	0	0	0	0	0	0	0	380	0	0	0	0	0	179	0	0	0	0	0	0	0	0	0	0	0	0	0	0	0	0	0	11	0	0	0	0	0	0	0	67	129	0	0	135	0	0	0	0	0	0	0	0	0	0	0	0	0	0	0	0	67	0	0	0	0	22	176	0	13	0	12	0	0	0	0	0	8	0	0	16	0	0	0	0	13	0	7	0	0	0	0	0	0	0	226	349	0	0	0	0	0	0	0	0	0	0	0	0	0	12	0	0	0	0	0	0	0	0	0	0	0	0	0	0	4	21	0	0	6	0	0	0	0	0	0	28	218	37	0	8	0	0	0	0	0	0	0	0	9	70	0	0	0	0	0	0	0	0	0	0	0	0	40	0	0	197	44	0	0	0	0	0	0	0	0	0	0	0	0	0
g__Rothia	0	0	0	5	0	4	0	3	12	0	0	0	3	0	0	17	2	0	11	3	0	0	0	5	0	12	0	0	0	0	132	0	2	0	0	0	409	0	0	24	0	0	0	0	5	0	0	0	0	0	0	2	0	0	0	68	0	12	4	0	0	0	0	59	0	27	0	18	43	0	0	19	0	0	37	0	9	0	0	0	0	0	0	0	0	0	0	0	0	22	37	0	0	0	364	29	0	0	0	0	3	8	0	0	17	0	0	0	0	0	0	21	0	0	0	0	0	0	14	15	0	0	0	0	0	0	33	0	0	0	0	0	0	0	0	0	0	0	0	0	0	0	0	0	0	0	0	0	0	0	0	18	0	0	0	0	37	0	0	0	0	0	0	0	12	0	4	0	0	0	0	0	0	0	0	0	0	0	0	0	0	6	0	0	0	0	0	0	0	0	0	0	0	0	0	0	0	21	0	0	0	0	23	0	0	0	0	0	15	21	15	0	0	11	11	12	0	0	15	151	3	0	0	0	273	0	0	0	0	13	0	25	0	0	9	8	0	264	3	17	7	0	3910	2	140	0	0	0	0	9	80	0	0	3	4014	12	25	0	20	0	0	1135	6	3	0	0	0	0	0	0	0	0	0	0	35	11	32	3	74	18	0	0	0	0	0	0	23	3	0	0	40	21	0	0	150	0	0	0	7	0	0	0	57	0	0	0	0	0	8	39	0	0	0	377	0	0	0	17	5	25	0	0	13	0	0	0	0	0	0	0	0	0	0	0	0	0	0	0	0	0	0	0	28	0	0	20	0	0	0	0	0	0	0	0	0	0	8	0	12	0	0	0	0	0	0	0	0	39	0	6	0	0	0	0	11	17	5	0	0	0	0	0	0	0	0	0	0	0	0	0	5	0	0	0	0	0	0	0	0	0	0	0	2	0	0	0	17	0	0	0	13	32	6	4	0	0	0	0	8	0	3	18	0	5	0	20	0	34	8	0	0	0	0	33	0	0	0	2	0	0	0	13	0	13	0	0	0	0	0	0	0	0	0	0	0	0	0	0	0	15	0	0	0	0	0	0	20	0	0	0	0	0	0	0	0	6	0	0	0	0	0	0	0	0
g__Ruminiclostridium_E	0	0	0	0	61	0	0	0	0	0	35	0	0	0	0	0	0	0	2	0	16	0	0	35	0	0	0	51	58	17	0	0	0	0	0	0	8	0	16	7	0	0	0	0	0	0	0	0	0	0	0	0	0	0	0	0	0	0	0	0	49	0	0	2	0	0	0	0	0	0	0	0	2126	70	0	0	0	9	3	0	0	0	0	0	0	0	0	0	0	0	0	0	0	0	0	0	0	0	0	0	0	0	0	0	0	0	0	0	0	0	0	0	0	0	0	0	0	0	0	0	9	0	0	0	0	0	0	0	0	0	0	329	0	9	0	0	0	0	0	0	0	0	3	0	0	0	93	0	0	0	0	0	0	0	0	0	0	0	0	0	0	0	0	0	5	0	0	0	0	0	0	0	0	0	0	0	0	0	0	0	0	0	0	101	0	0	0	0	3	0	0	0	0	0	0	0	0	0	0	0	0	0	0	0	0	0	1016	0	0	0	0	0	0	0	0	0	0	0	0	0	0	0	0	0	0	0	0	0	0	0	0	0	0	0	0	0	0	0	0	0	0	0	0	0	0	0	0	0	0	0	0	0	0	0	0	0	0	0	0	0	0	0	0	0	0	0	0	0	0	0	0	0	0	0	0	0	0	0	0	0	0	20	0	0	0	0	0	63	0	0	2	0	0	0	0	0	0	80	0	0	0	0	0	0	0	0	0	0	0	0	0	0	0	0	0	0	0	0	0	0	0	0	0	0	0	0	0	0	0	0	0	0	359	0	0	25	0	0	0	0	0	0	0	4	8	0	0	0	0	0	0	0	0	0	0	0	0	0	0	0	0	0	0	0	0	0	23	0	0	3	0	0	59	0	42	0	0	0	0	0	0	0	0	2	0	0	0	0	0	0	0	3	0	0	0	0	0	0	0	0	0	23	0	0	0	0	0	0	0	156	0	0	0	73	36	0	0	0	0	0	275	0	0	0	0	0	0	0	0	47	0	0	161	379	67	0	0	0	0	127	0	6	0	0	0	0	0	0	0	0	0	0	17	30	0	0	0	0	0	0	0	0	0	0	0	0	0	0	0	76	0	0	0	0	0	0	0	0	0	0	0	0	0	0
g__Ruminococcus_B	488	0	42	0	0	0	154	0	724	195	0	0	48	0	74	0	25	41	7	172	128	12	66	0	0	89	23	54	0	17	9	62	104	0	48	83	0	0	0	208	33	0	116	0	802	3867	10	0	31	0	0	1569	1812	96	36	172	0	376	5	288	0	24	67	1689	0	44	545	1127	3235	12	25695	173	1699	0	3125	4740	491	721	1292	42	1188	19	1460	0	4511	34	111	0	1800	0	2340	2983	108	17	9	16	14	352	467	198	3685	105	97	671	846	16774	17	32	942	0	475	113	349	4553	0	552	7177	4431	6541	5271	36	2376	309	1326	961	93	13	34	9118	37	62	0	1004	1275	485	2490	223	1741	192	405	706	1587	81	316	120	40	7	20	127	21	0	32	17	175	878	9	109	3150	6	0	0	84	2159	12	0	72	0	34	11	19	0	229	8	1111	21	0	578	0	695	103	116	141	385	0	402	7	108	640	235	84	42	99	148	1705	6	714	0	199	14487	464	531	323	5092	3666	1229	64	201	335	505	4056	45	169	2029	1058	3073	347	4454	143	214	239	324	25447	1004	305	14	77	441	359	1020	205	3549	1102	830	1501	10824	65	2975	51	20	4268	8230	4410	67	8	7	1814	532	0	5	838	869	0	2169	437	4	496	18279	17520	9	0	111	0	24	26	0	107	1197	38	643	0	13990	296	110	222	2572	6608	330	4822	19	153	332	0	28468	9505	0	23	650	1733	84	699	3667	175	4456	1078	1150	787	290	0	279	0	15297	965	18	180	395	200	226	19	0	11192	306	0	274	10	33380	852	243	44	993	692	1036	0	74	2086	221	865	46	528	509	293	433	1955	55	100	298	139	188	56	20	266	1675	399	5625	53	38	34	19	0	599	0	15	280	349	731	18	0	303	130	0	55	2699	201	5583	289	288	0	338	117	0	10	0	1031	0	304	97	193	1799	0	103	61	10	0	53	0	162	1063	66	282	0	26	11	0	306	203	435	148	20	174	0	0	1527	1367	1405	20	348	488	833	947	430	26	407	2914	305	36	32	162	197	9	7856	218	71	52	412	3794	7439	15	1621	63	82	153	37	367	41	154	21	10	150	39	43	18	0	0	0	0	203	826	21	70	58	391	102	0	0	39	277	73	76	377	1752	35	227	579	93	16	694	74	0	1346	1515	0	9	146	24	1509	387	5916	258	79	163	11	215	132	0	603
g__Ruminococcus_C	0	0	6	272	0	13	0	325	0	0	0	103	0	0	0	25	0	0	29	18	0	5	0	0	81	0	0	18	0	192	323	0	0	9	10	0	0	366	0	0	94	231	0	0	0	0	0	0	0	0	0	0	0	0	0	0	555	0	0	44	0	986	0	4	0	0	0	0	0	0	0	4	0	26	0	0	0	10	8	0	0	0	0	0	0	0	0	0	0	0	0	0	0	0	0	0	0	0	0	0	0	0	0	0	0	0	0	0	0	0	0	0	0	0	0	0	0	0	9	0	16	0	0	0	0	0	50	0	0	0	0	0	0	42	0	0	0	0	104	0	23	0	0	0	0	0	0	0	0	0	0	36	0	22	0	0	0	0	8	0	0	0	0	0	0	0	0	0	0	0	0	11	10	0	0	0	0	0	0	0	0	0	0	0	0	0	0	0	0	11	0	0	0	0	0	0	34	0	0	0	0	0	0	0	0	57	0	0	0	0	54	0	0	0	0	0	0	27	0	0	32	0	0	9	0	0	0	0	0	4	3	0	0	4	0	0	0	0	0	0	0	0	0	0	0	8	0	0	0	0	0	696	0	0	0	0	0	0	0	47	0	0	0	0	0	0	0	0	0	0	0	0	0	53	0	4	30	0	0	1000	0	0	0	0	616	0	9	0	0	0	3	20	0	0	0	0	0	0	4	3	0	0	0	8	0	0	5	0	0	0	0	2	4	0	0	0	0	0	0	0	0	0	0	0	32	0	0	0	0	0	0	0	0	0	0	0	0	30	0	18	0	363	0	0	26	0	0	0	0	364	0	12	10	0	0	100	62	0	4	0	0	0	10	0	0	0	0	0	0	0	5	0	954	0	34	0	0	414	3	0	0	318	0	0	0	0	0	0	149	0	0	24	0	0	0	0	148	0	0	48	0	42	0	0	0	0	37	0	18	0	0	0	0	45	0	36	0	7	0	8	598	0	0	0	0	11	0	432	38	72	0	0	3	129	78	0	0	41	0	6	0	24	511	43	334	44	7	0	33	0	0	0	0	0	0	0	0	0	0	0	0	0	15	185	0	0	259	0	0	111	0	0	29	0	0	0	8	0	0	4	0	0	0	0
g__Ruminococcus_E	0	353	0	0	2027	2220	0	75	0	20	0	12	752	278	612	0	3556	523	26	0	21	407	0	0	1376	0	1563	617	0	731	630	0	0	149	0	0	177	0	0	0	186	1029	0	104	0	0	0	0	0	0	0	0	0	0	0	0	0	0	0	0	0	0	1078	0	4	0	0	0	0	0	0	0	0	0	0	0	0	0	0	0	0	0	0	0	0	0	0	0	0	0	40	0	0	0	0	0	0	0	0	0	0	0	0	0	0	0	0	602	0	0	0	0	0	0	0	0	0	0	0	0	0	0	0	0	0	0	0	0	0	0	0	0	0	0	0	0	0	0	0	0	0	0	0	0	0	0	0	48	0	0	0	5	0	0	0	0	0	0	0	0	0	0	0	1115	287	0	0	112	0	0	0	457	28	0	0	0	0	0	0	0	0	0	0	0	1453	0	0	0	8	768	0	0	0	0	0	118	0	0	0	0	0	0	0	0	0	0	985	0	0	0	0	0	0	1611	0	0	0	0	0	0	0	0	0	0	0	0	0	0	0	0	0	0	0	0	0	0	0	0	0	0	0	0	48	0	3	0	0	0	0	0	0	4249	26	0	0	0	0	0	0	0	19	0	0	0	0	0	0	0	0	0	0	0	0	7	5	0	4	0	3	307	0	20	0	0	0	0	0	1803	0	0	3	0	2	0	0	0	0	1174	0	0	0	0	0	0	309	0	0	0	0	0	0	0	0	0	3	0	0	0	0	0	0	0	0	0	0	0	0	128	0	3	2	0	0	0	0	0	0	0	136	0	0	401	0	34	0	38	0	0	0	0	0	2672	0	0	17	0	404	87	6	0	0	1905	0	0	0	0	0	0	0	90	0	0	802	0	0	0	0	0	0	0	0	196	0	29	0	0	0	1321	0	0	0	0	0	0	0	0	0	3	703	595	0	0	0	0	0	0	0	0	492	0	910	0	0	0	635	0	0	0	0	0	1943	0	0	0	0	995	0	0	0	0	0	2	253	3446	829	0	0	320	0	141	0	0	408	0	0	0	0	66	0	0	0	0	0	0	0	0	0	0	40	0	0	0	0	0	0	0	29	0	0	65	286	0	0	4	19	0	0	0	0	0	0	251	0	0
g__Ruthenibacterium	80	10	33	0	48	18	0	0	37	4	11	0	38	0	0	0	27	0	6	9	0	0	120	12	315	9	36	129	0	14	94	20	88	12	5	0	0	4	0	0	64	14	9	29	67	0	0	7	15	0	0	56	302	24	17	32	6	0	0	28	13	0	180	0	82	72	21	38	0	0	0	0	0	7	0	615	0	0	160	0	0	3	0	0	0	0	56	0	0	8	87	0	0	27	0	0	0	60	0	17	79	0	0	0	31	0	0	0	0	0	0	0	0	34	0	0	0	0	0	247	0	0	51	4	0	0	0	0	0	2	0	0	0	72	0	4	239	38	0	0	232	3	5	2	0	15	38	0	0	0	0	52	125	0	0	0	6	0	8	0	12	11	0	6	0	0	13	0	12	0	0	36	61	0	0	0	146	0	0	0	4	0	0	12	0	0	0	0	0	58	0	0	169	47	39	59	0	0	0	0	31	0	0	0	0	0	140	0	0	0	11	0	0	5	18	0	0	5	0	0	38	0	0	8	0	16	0	0	0	0	0	0	0	136	0	0	3	0	0	0	0	164	0	0	14	23	7	0	0	269	0	21	3	6	0	0	0	0	14	13	91	0	0	0	0	0	0	698	0	0	12	0	0	0	4	1589	0	0	0	0	32	0	0	0	15	0	5	10	0	0	413	17	26	16	16	7	0	10	320	0	0	0	0	19	429	7	12	0	0	14	0	23	0	0	0	8	0	0	0	10	0	0	0	188	0	42	0	2	5	0	484	32	5	15	284	60	26	0	0	0	0	28	78	14	13	5	15	11	4	0	0	0	0	50	0	0	0	0	0	21	9	26	14	266	59	9	37	46	12	0	5	110	0	10	34	8	3	0	0	2	15	4	0	3	0	0	15	14	0	14	0	0	5	0	11	0	5	0	113	91	52	186	47	0	0	195	13	0	8	6	20	0	0	81	0	67	3	0	88	0	5	0	46	0	9	28	25	8	43	30	18	0	0	23	46	0	0	24	11	0	10	10	10	0	21	1972	0	0	22	0	7	0	0	3	7	8	20	0	7	67	25	8	9	5	0	9	0	188	375	7	7	0	0	9	23	14	4	0	11	0	13	0	0	4
g__Sarcina	0	0	8	0	0	0	0	0	0	29	0	0	0	0	0	0	0	0	0	0	0	0	0	0	0	0	0	0	0	0	0	0	0	0	0	2	0	2303	0	26	197	0	0	0	0	0	0	0	0	0	247	0	0	0	0	0	4	0	0	0	0	4	0	958	0	0	27	0	446	0	0	0	0	0	0	105	0	0	49	0	0	0	460	0	104	3800	0	0	0	8	0	0	126	0	0	3	0	0	0	0	0	0	0	0	0	366	0	0	89	0	0	0	196	0	0	0	0	103	0	0	0	87	0	0	0	0	0	41	1015	0	0	0	4	0	0	0	0	0	0	0	0	0	0	7	9	232	102	0	0	0	0	166	0	0	0	0	0	7	0	0	0	0	0	0	0	0	0	0	0	0	0	13	37	0	0	0	0	0	0	0	0	0	0	0	0	15	0	0	0	0	0	56	0	0	0	0	0	11	0	640	5	0	0	0	1125	3	0	0	0	29	209	9	0	0	70	12	0	7	0	76	3	21	0	0	1185	0	0	3	0	0	0	15	0	127	0	0	156	0	4071	0	8	126	12	0	0	0	0	0	0	0	0	0	2309	0	0	0	21	0	0	0	0	0	0	0	0	8	0	14	12	254	0	0	5	0	5	82	0	0	0	4	0	0	1462	39	10	0	321	0	5	0	0	0	692	0	0	0	0	0	2650	4362	323	0	1600	0	0	0	31	0	0	0	6	2	0	0	0	0	0	0	0	0	0	0	0	0	0	0	0	0	0	0	0	0	0	0	0	0	10	0	0	0	14	0	0	0	0	0	0	0	0	0	0	150	0	0	0	0	0	0	0	0	0	3	6	0	6	0	0	0	0	0	0	46	0	0	0	0	0	306	0	0	0	0	0	0	0	0	0	0	0	3	0	11	0	0	0	0	0	0	0	0	0	15	0	0	0	0	0	0	0	0	23	0	0	0	0	0	18	0	0	0	0	0	0	3	0	0	0	0	75	0	0	0	0	0	0	0	0	0	0	0	0	0	0	109	0	0	0	0	0	0	0	70	0	0	0	0	38	3	0	0	0	0	0	0	0	0	0	0	0	0	0	0	0	0	0	0	0	0	0	0	0	0	0	0
g__Schaedlerella	0	0	0	0	0	15	210	62	68	72	11	0	17	9	0	9	0	0	0	0	0	0	14	6	0	118	0	13	41	0	15	0	84	6	0	0	4	34	79	0	44	0	0	78	50	159	0	0	0	386	0	0	68	59	314	27	0	0	0	0	44	45	50	0	0	0	118	235	0	0	0	0	0	0	0	0	0	146	177	0	299	121	0	24	0	0	0	81	0	0	0	43	0	44	0	0	7	87	0	0	0	45	7	0	12	0	0	0	0	0	0	21	0	71	0	0	0	0	0	16	14	0	0	0	0	33	0	0	0	0	0	9	0	0	70	0	0	0	0	0	19	21	0	113	0	18	21	0	0	0	0	53	0	0	0	8	0	0	0	0	0	0	175	13	30	0	0	50	0	0	0	0	0	0	22	14	0	0	13	0	148	0	96	0	1595	0	0	0	54	0	0	0	96	0	87	18	0	0	0	0	26	0	0	0	0	0	15	41	11	88	0	16	0	41	0	247	0	22	0	0	90	0	0	0	0	12	0	0	0	0	0	95	0	0	0	0	0	0	0	0	0	0	0	0	0	37	0	4	0	0	0	12	0	0	0	158	0	0	0	0	0	0	31	0	0	63	96	0	25	0	0	0	0	0	0	0	0	0	0	0	59	0	0	0	0	0	0	0	0	0	0	0	0	0	153	331	0	25	0	0	0	12	0	0	19	16	57	0	0	0	0	12	95	0	0	0	0	49	0	22	105	0	0	271	12	8	0	29	0	21	0	127	0	0	0	0	44	0	0	25	24	23	28	96	0	0	17	0	48	6	37	64	20	60	0	0	10	0	0	40	187	0	102	0	14	45	24	37	9	162	35	112	0	0	0	61	0	0	0	0	0	0	0	0	0	0	0	0	0	0	24	0	39	24	37	34	13	25	0	0	48	0	195	0	18	15	7	0	0	23	19	0	0	0	0	33	36	18	0	0	0	0	18	0	135	26	70	0	0	0	0	759	0	0	0	0	0	17	0	27	0	0	0	0	0	61	0	106	17	0	16	25	13	0	0	0	35	0	33	0	106	0	10	0	31	38	17	24	15	66	12	0	0	0	47	0	0	37	66	0	0	33	0	0
g__Sellimonas	237	0	147	0	0	0	0	0	0	0	0	0	274	0	0	0	0	0	0	85	0	0	0	0	0	0	0	165	0	41	0	29	285	0	184	0	0	0	0	66	68	10	0	0	0	47	61	0	77	0	0	0	467	0	0	14	0	235	0	595	0	0	1202	0	0	488	0	0	0	0	0	0	0	0	0	0	0	66	199	0	0	0	0	0	0	0	0	0	0	0	0	0	31	0	0	0	0	0	0	0	0	0	0	0	19	0	0	0	0	0	0	86	0	490	0	0	0	0	0	0	0	0	0	236	185	0	0	0	0	0	0	0	0	9	112	64	178	0	698	0	0	0	0	0	0	432	0	0	0	0	0	54	12	0	0	0	0	0	0	0	58	76	0	0	0	0	0	0	23	0	0	0	11	41	0	0	1043	38	0	0	0	0	107	0	0	0	9	0	0	32	0	0	488	0	12	0	0	0	0	0	19	0	0	0	0	0	0	0	0	0	69	0	0	13	0	124	1434	20	0	0	7	0	0	155	0	0	0	0	0	0	0	0	0	88	0	0	0	0	0	0	0	0	0	0	0	174	0	0	0	0	0	0	7	0	0	323	0	0	13	0	0	0	0	0	0	0	0	0	47	0	0	0	0	0	0	0	0	0	1292	318	9	0	0	0	0	0	0	0	0	15	320	12	0	8	86	0	0	0	35	0	0	0	0	0	0	0	0	0	0	0	111	0	0	0	0	111	0	0	55	0	0	0	0	310	69	0	0	0	0	0	124	0	0	0	57	0	0	12	0	136	0	69	0	0	0	147	0	0	24	0	0	50	0	0	0	0	0	81	0	34	0	0	0	0	50	30	0	0	0	0	0	0	0	0	0	0	0	0	0	89	31	0	0	0	0	0	0	0	0	0	0	0	0	0	0	0	0	0	0	0	35	563	90	0	0	2092	86	0	116	0	41	0	0	367	0	201	0	0	326	51	0	35	0	127	207	181	222	0	115	0	67	3	0	126	314	0	0	0	26	5	0	0	0	0	18	11	0	0	20	0	0	145	0	9	0	0	0	0	21	0	0	88	15	0	0	0	0	387	0	0	73	0	0	0	38	0	0	0	82	0	9	42	0	0
g__Streptococcus	49	47	8	197	309	38	393	20	432	477	334	5	502	238	19	506	133	35	58	92	7	26	156	3778	265	271	298	69	17	620	3850	247	335	181	118	23	6683	60	1209	247	128	321	4	163	136	1027	73	1694	94	365	25	59	342	200	5721	1986	499	1402	80	227	114	47	106	8266	587	921	500	124	590	201	678	296	389	24	5810	663	3515	17	1444	1436	41	561	10468	116	517	49	18	0	26	454	1777	153	0	40	736	4390	1202	87	10	375	41	137	36	71	172	22	37	46	377	189	7	46	434	189	22	57	101	4134	454	155	58	52	125	30	515	257	2152	5135	408	0	63	16	355	130	429	442	155	83	202	65	62	12	69	404	55	2241	1281	303	19	424	340	2215	46	118	226	233	1196	674	9	30	16	55	9	55	721	2635	319	0	0	727	40	105	106	58	136	38	56	16	8	22	1414	84	200	92	232	19	1427	169	0	4	100	110	13	2230	249	50	15	3315	2870	67	267	742	12138	101	771	39	203	156	873	1511	100	393	349	901	211	1012	368	49	139	5248	50	556	58	875	30955	193	372	1338	30	4135	851	5647	310	77	249	446	595	189	557	382	272	226	46118	832	214	46	20	84	167	6094	8174	443	105	779	18394	288	2907	221	164	335	90	31505	36	31	928	203	224	32	91	1901	68	13	367	51	4545	1230	369	109	5761	592	208	227	331	1526	178	78	627	145	229	828	2001	1888	573	179	5066	651	11	7	587	205	1052	7	7874	78	59	196	165	160	1845	10134	26375	28	385	9580	191	1827	864	1005	246	677	9	32	170	141	55	39	158	0	24	19	54	8	0	20	82	26	83	542	15	37	71	297	1729	538	231	1719	1874	111	329	544	252	86	81	405	747	151	373	146	84	118	68	28	256	46	4537	98	33	63	4	63	86	155	295	281	181	1362	42	692	67	136	32	0	0	98	8	0	54	44	8	20	187	479	217	68	414	131	433	205	234	275	55	115	43	308	28	368	53	260	0	192	133	1036	213	145	121	63	227	226	455	168	32	168	92	246	1223	1721	171	624	145	53	82	963	127	1553	1165	2572	154	101	735	11	84	174	34	1735	0	42	1533	0	136	179	73	52	2884	37	0	126	792	5920	1542	174	115	248	133	82	38	23	1590	676	225	0	2430	100	1006	131	0	52	91	190	10	85	632	32	5	7208
g__Sutterella	0	9	0	0	63	718	0	22	692	35	459	0	54	0	165	6	0	202	149	0	0	0	5	283	0	304	0	715	47	0	0	21	0	0	82	3	0	0	0	0	0	4	0	0	0	0	0	0	34	0	0	0	0	0	0	0	6	0	0	0	345	187	17	10	70	0	0	155	25	0	1215	0	18	0	12	345	0	3451	8	0	0	14	3	0	0	0	0	0	0	0	0	0	0	0	2	0	0	0	89	15	15	0	60	0	100	0	2	111	0	0	75	0	85	0	0	0	0	0	0	1899	5	3	314	0	0	42	0	4	40	302	75	122	0	217	0	0	815	0	0	0	0	5	111	0	445	0	0	0	0	290	0	0	0	0	0	0	2	0	0	488	0	0	0	0	0	0	0	43	0	0	24	0	0	0	0	0	0	0	33	0	0	0	0	0	0	0	11	3	0	0	0	0	65	0	0	98	135	0	0	195	0	0	0	0	3695	0	0	212	628	0	149	307	161	0	0	0	0	0	27	0	13	13	0	0	0	528	0	0	0	228	77	0	0	4	0	100	0	4	0	0	0	0	26	1425	0	0	0	0	0	0	0	0	0	0	0	0	2499	8	2	0	1313	0	28	14	0	0	0	7	0	0	0	0	0	7	0	0	0	0	13	632	0	6	0	0	0	0	9	0	1069	0	2	147	0	4	0	0	0	0	0	0	0	0	76	0	0	0	77	0	3	0	0	0	3140	641	0	16	1150	0	1052	1570	0	213	75	1675	1288	339	4	0	8	3	0	2344	154	0	0	0	0	0	3	0	0	797	12867	416	198	465	0	36	0	0	0	0	456	0	14	0	0	0	0	0	0	378	950	70	591	0	971	66	261	0	0	0	230	0	465	0	1069	55	29	766	24	309	0	289	158	0	0	81	271	0	0	8	0	305	0	0	17	0	0	0	0	0	0	312	0	0	1845	0	827	0	0	0	37	0	15	487	0	0	1185	0	783	1016	232	0	0	0	0	212	33	0	0	0	2	46	541	107	0	0	87	0	488	0	152	7	589	607	48	0	0	0	262	1519	227	345	53	4	93	0	128	155	0	0	0	63	349	181	44	0	0	0	219	0	0	1159	0	2539	5	0	0	0	105	530	38	0
g__Terrisporobacter	0	0	0	0	0	13	10	0	0	36	0	0	148	0	0	8	7	0	0	0	0	0	0	0	0	0	0	0	0	10	0	0	0	20	0	0	0	0	25	0	0	18	0	0	0	21	0	0	0	0	0	0	10	20	16	0	0	0	0	0	0	9	10	118	82	0	241	9	36	79	0	0	241	0	0	14	0	8	10	424	0	43	0	0	0	0	0	8	0	0	0	0	0	0	31	0	0	0	0	29	0	0	0	0	0	0	0	0	0	55	14	25	320	0	27	0	0	1585	25	612	10	7	0	0	0	42	0	0	0	0	23	0	8	0	7	5	323	0	0	0	18	0	0	0	0	0	0	14	0	0	0	56	6	0	0	0	0	0	8	0	0	0	0	51	0	0	0	0	0	45	0	220	0	0	0	0	0	326	9	0	0	0	34	316	0	0	0	7	0	0	0	0	27	0	188	9	0	26	0	0	24	0	9	0	0	25	0	0	0	359	0	70	449	0	0	33	0	126	0	315	17	0	0	0	36	0	0	44	0	0	0	0	0	0	0	6	0	0	8	0	239	0	0	0	0	0	0	0	0	0	0	56	0	137	0	0	0	0	0	0	0	0	8	547	0	0	0	0	6	0	10	0	138	0	6	0	0	0	10	13	0	355	45	0	0	0	0	0	27	69	0	20	0	0	0	0	0	0	0	0	0	0	51	0	284	0	755	17	0	12	0	0	0	0	0	0	0	35	0	0	0	0	0	0	0	0	0	0	0	0	0	0	0	45	0	134	0	0	0	0	0	50	301	0	0	0	0	0	0	0	0	0	0	0	0	0	0	0	17	0	0	0	380	285	9	0	0	0	0	0	0	0	0	0	0	0	0	0	0	49	71	0	0	62	0	0	0	0	0	0	11	47	0	0	0	0	0	0	14	10	0	0	0	0	0	0	0	0	0	0	0	0	0	17	0	63	0	0	0	0	0	0	67	0	0	0	0	0	46	0	0	959	0	189	64	0	0	0	0	28	24	0	0	0	10	23	11	0	0	0	0	0	0	0	0	0	0	0	0	0	0	0	0	0	0	0	0	0	0	0	0	0	675	0	0	0	0	0	0	21	0	0	0	0
g__Thomasclavelia	64	0	7	0	0	7	0	0	167	0	0	0	23	0	40	0	31	0	0	50	13	15	0	0	0	0	8	44	6	4	0	0	74	0	0	30	0	0	0	26	0	0	0	55	43	75	7	0	5	93	419	610	1327	12	8	60	0	368	0	37	18	0	0	0	4	76	0	181	530	0	293	83	922	0	128	290	0	60	182	533	379	0	328	25	1133	39	46	0	356	0	320	82	22	9	0	0	10	14	236	0	261	38	0	42	40	3055	5	0	0	0	639	5	14	208	0	72	111	120	329	362	4	316	24	17	346	3	0	0	560	0	0	0	32	2	0	777	554	342	46	0	73	24	0	3	11	37	52	0	0	0	0	0	18	0	144	0	251	2668	0	115	12	0	4477	0	0	0	0	0	38	3	0	0	0	0	16	0	5	0	0	0	96	105	32	3	78	0	2	0	0	47	0	0	985	9	0	0	0	0	20	0	15	51	133	223	226	0	50	113	29	58	75	0	260	44	79	33	147	50	0	9	218	0	0	58	3	0	1100	201	215	44	0	53	13	0	1038	88	1216	0	0	397	216	321	7	0	884	18	0	0	1216	0	49	19	326	14	0	143	113	379	4	7	18	0	0	3	0	5	58	564	49	5948	1178	52	0	214	318	689	94	1403	0	0	136	0	3420	849	0	16	7	0	2	61	392	65	381	40	122	126	25	9	1068	0	750	184	0	0	0	0	148	0	0	252	0	0	77	0	0	32	0	6	3	224	95	11	0	716	8	5	3	13	70	3	59	3	2	160	224	96	0	0	5	63	63	17	1038	0	5	9	0	0	13	0	0	185	0	110	0	0	0	19	0	10	838	9	33	0	0	0	13	5	0	0	0	70	0	316	5	7	309	0	0	102	0	0	0	0	0	80	0	8	0	0	0	0	0	20	69	27	4	5	71	68	137	300	135	3	26	65	43	267	13	6	160	635	3	50	0	10	14	0	394	8	11	0	2	112	180	91	242	0	43	0	4	42	3	72	38	0	3	116	8	15	0	68	0	0	81	54	6	0	0	19	5	11	0	16	0	4	0	0	193	0	1	26	0	8	48	0	0	71	598	0	18	15	0	192	0	902	8	0	22	504	26	12	0	40
g__Turicibacter	0	14	0	54	225	2	0	0	0	0	0	0	64	0	0	30	8	0	10	0	37	0	0	0	23	14	0	18	0	13	0	0	52	166	0	0	0	0	0	0	0	35	2	0	6	0	0	0	5	0	0	0	59	7	0	738	37	4	0	0	0	0	193	1699	324	0	0	0	35	12	6	0	0	0	0	142	0	0	307	94	0	10	0	0	207	0	0	0	0	10	0	11	0	0	0	0	0	3	0	12	0	0	0	0	0	10	11	0	80	29	5	12	920	68	0	0	0	2152	3	55	78	151	0	0	0	26	0	0	0	0	13	0	0	0	4	27	0	4	0	0	0	0	0	4	0	1	0	0	0	0	0	21	13	7	0	0	0	4	0	0	0	0	317	71	6	0	143	0	0	36	5	121	0	0	0	0	0	59	0	0	0	0	136	34	0	5	10	0	284	0	0	0	0	0	236	0	0	8	0	33	20	21	0	0	0	79	0	0	0	730	0	18	463	134	89	86	0	0	0	1574	0	0	4	6	0	110	0	18	0	0	0	0	0	0	0	5	0	0	19	0	133	0	0	3	0	0	0	0	0	11	3	32	0	53	0	0	0	0	10	117	0	0	0	53	0	6	74	0	227	0	0	0	134	0	9	174	0	6	13	332	0	21	0	164	0	50	920	5	46	200	769	291	3	211	0	0	0	0	58	60	0	0	1051	4	0	74	500	9	10	3	4	26	38	0	0	0	4	21	0	28	0	0	0	65	25	0	23	0	0	0	393	0	0	0	0	96	0	0	2	33	0	40	71	0	126	0	0	0	0	0	0	0	0	0	5	0	25	4	180	0	0	29	200	225	35	4	22	0	0	2	0	0	0	0	8	0	0	0	0	28	31	49	0	25	0	0	112	0	10	9	0	4	0	0	0	4	0	0	0	0	0	5	0	0	0	5	0	30	0	5	26	43	2	397	0	91	4	0	0	0	0	11	0	0	0	197	93	4	31	39	8	25	13	48	131	71	22	0	0	58	238	0	91	0	19	0	68	0	46	1	0	0	0	0	3	0	55	0	0	42	47	2	4	0	0	21	0	0	0	0	0	0	0	0	0	0	5	0	0	0	0	0	0	0
g__Tyzzerella	0	0	0	0	0	0	4	24	0	0	6	0	0	16	0	0	0	86	0	0	18	0	0	0	102	62	82	0	0	0	175	0	0	11	0	26	0	0	0	0	0	7	0	0	216	0	0	0	152	0	0	0	58	0	0	142	43	0	0	0	0	0	0	0	0	279	0	0	30	0	0	0	0	0	0	7	0	0	0	0	5	0	0	0	0	0	0	0	0	0	0	0	0	0	0	0	0	217	0	92	0	0	0	265	0	0	0	71	0	0	0	0	0	0	0	0	0	0	0	0	0	0	55	0	32	0	171	0	0	0	0	0	272	0	0	0	0	0	0	0	0	0	0	0	0	0	0	0	0	0	0	0	0	0	0	133	0	0	38	0	0	0	0	32	0	25	0	118	35	0	0	0	151	44	4	0	0	205	48	0	0	0	0	0	0	0	10	0	29	0	0	0	0	0	0	0	0	0	0	0	0	0	0	0	0	62	207	0	0	0	0	0	0	0	0	82	0	0	0	0	0	0	0	0	0	0	0	0	0	0	0	0	0	0	0	0	0	5	0	0	0	0	0	0	0	88	0	0	0	0	0	107	0	0	0	0	0	0	0	0	0	0	312	4	0	0	0	0	0	0	0	2	0	0	0	0	0	0	0	0	2	0	296	0	0	0	0	1495	0	0	0	0	0	35	37	0	0	0	0	0	0	0	0	0	0	0	0	0	0	0	0	0	0	0	0	0	0	0	0	0	0	0	45	0	0	0	0	0	0	0	0	0	0	0	0	56	0	0	0	0	0	0	0	99	0	0	0	0	0	0	118	125	5	37	6	0	56	35	51	149	56	0	114	0	0	0	0	0	121	0	0	0	0	0	0	0	105	0	0	0	0	13	0	19	32	0	0	0	0	0	21	0	0	0	0	46	138	0	0	0	0	42	0	0	36	0	0	0	87	0	0	0	0	65	0	0	91	18	0	0	118	0	133	0	735	12	16	0	85	0	0	97	0	0	0	0	0	0	33	23	0	0	26	0	0	0	0	0	0	115	0	0	0	0	0	0	0	0	0	0	9	0	38	46	0	149	0	7	0	114	0	0	0	0	0	0	0	5	0	0	0	69	0	0
g__UBA3402	0	0	18	17	0	36	104	44	0	23	103	62	0	0	0	55	0	0	32	0	0	37	0	45	22	0	28	0	0	0	0	0	0	0	0	0	32	38	101	0	0	0	0	29	0	0	0	19	0	0	0	0	0	0	29	46	17	0	0	0	0	0	0	0	40	0	0	0	0	0	0	0	0	23	0	0	0	0	0	0	0	4	0	11	0	0	0	0	0	0	0	0	0	23	0	0	0	0	0	0	0	0	0	0	0	0	0	0	0	0	0	0	0	0	14	0	0	0	0	0	36	0	0	0	0	0	0	0	0	0	0	50	0	0	0	0	0	0	0	0	0	0	0	0	0	0	0	0	0	0	0	0	0	0	0	0	0	0	0	0	5	0	0	0	0	0	0	7	0	0	0	0	0	0	0	0	0	0	0	0	0	0	0	0	0	0	0	0	0	0	0	0	0	0	0	0	0	0	0	0	0	0	0	0	38	0	0	0	0	0	0	0	0	0	0	0	0	0	0	0	0	0	0	0	0	0	0	0	0	0	0	0	0	0	0	0	0	0	0	0	0	0	0	0	0	0	0	0	0	0	0	0	0	0	0	0	0	0	0	0	0	0	0	0	0	0	0	0	0	0	0	0	0	0	0	0	0	0	0	0	0	0	0	0	63	0	0	41	0	0	0	0	0	0	0	0	0	45	0	0	0	0	0	33	0	0	0	0	0	0	13	0	0	0	0	0	0	25	0	0	0	31	0	0	0	0	0	0	0	0	0	0	0	0	0	0	0	0	0	0	0	0	0	98	76	43	0	0	0	0	0	0	6	0	10	0	0	0	10	0	0	0	0	0	80	0	24	90	0	74	46	0	104	0	0	0	0	22	0	0	0	14	0	0	0	0	9	0	0	114	35	0	0	0	0	0	6	0	9	99	0	0	0	0	0	0	0	0	0	60	0	0	0	0	30	0	0	0	0	0	22	0	0	0	0	0	0	89	0	0	0	0	0	0	11	60	0	32	0	0	55	26	32	13	53	0	0	0	0	0	0	0	32	50	19	21	29	0	0	0	0	0	46	12	0	0	44	0	0	0	70	0	0	0	0	0	0	0	0	0	0	41	0	0
g__URXU01	0	0	0	73	0	0	0	1335	0	394	0	0	0	0	5274	1908	0	0	851	0	0	0	0	0	0	0	0	0	0	0	0	0	0	0	0	0	0	0	0	0	0	0	0	0	0	0	0	0	0	0	0	0	0	25	0	0	0	0	0	0	0	1408	0	0	424	128	0	0	0	0	0	0	0	210	0	0	0	0	0	0	0	0	0	0	0	5	0	9	0	0	363	0	0	0	0	0	0	0	0	0	9	0	0	0	0	0	7	0	0	0	0	1138	0	0	0	7980	5	0	0	0	5	0	0	0	0	0	0	0	0	0	0	0	0	0	0	0	0	0	0	0	0	19	0	0	0	0	0	0	0	0	0	0	6	0	0	0	0	0	0	1976	0	0	0	1939	0	0	0	0	0	0	0	0	0	0	0	660	0	0	0	0	7	963	0	0	0	0	502	0	0	0	0	0	0	0	0	0	0	0	0	0	0	0	0	0	0	0	0	0	0	0	0	0	0	8	0	0	0	5	0	0	0	0	0	0	0	0	0	0	0	0	0	0	0	0	0	0	0	0	0	0	0	0	0	0	0	0	0	0	5	0	0	0	0	0	0	0	0	0	0	5	0	0	14	0	0	0	0	1213	0	0	0	0	0	0	3	3	0	0	0	692	0	0	0	0	0	0	0	0	0	0	0	9	0	0	0	0	0	0	0	0	0	0	0	0	0	0	0	0	0	0	239	0	0	0	0	0	0	0	0	0	0	0	0	0	15612	0	1363	0	0	0	0	13134	0	0	0	0	0	0	0	0	0	0	5	560	0	0	0	0	0	73	0	0	0	15	0	677	6	0	0	0	0	0	0	0	524	0	0	0	0	0	1724	0	0	0	0	0	6900	0	0	0	3	0	1112	0	7311	0	0	0	319	8	0	847	2	0	0	0	0	0	0	0	0	0	0	0	0	0	0	0	0	0	0	0	354	0	0	0	0	0	0	523	2	0	0	7	0	0	0	0	0	0	0	0	0	0	0	0	0	0	0	0	0	0	401	0	0	0	0	0	0	0	0	0	0	0	0	0	0	0	0	0	0	0	0	0	0	0	0	0	0	4	0	0	5	0	0	0	0	0	0	0	1462	0	2010	0
g__Veillonella	21	0	0	16	0	0	53	18	27	58	0	10	4	12	0	47	0	7	9	0	10	8	0	43	30	15	0	0	6	75	13	0	0	0	0	0	74	125	186	0	13	8	0	0	0	6	0	36	0	20	912	0	0	0	373	97	14	2907	0	0	0	0	0	20925	0	11	0	9	42	19	2276	9	74	0	533	122	421	0	1652	0	70484	0	1262	20	2793	1412	0	22	13	0	1398	30	9	0	46	7	24	0	1166	0	1983	0	0	0	0	25	19	0	725	8	24	0	111	0	36	129	455	128	8	548	5	593	0	0	0	148	157	870	269	0	0	0	170	0	0	607	25	43	11	0	0	0	30	45	0	512	0	42	11	41	2238	198	11	0	50	0	92	899	0	0	0	0	62	0	7	51	12	4	29	13	0	0	0	0	0	0	0	0	0	0	21	0	0	9	35	0	30	21	0	0	0	0	13	105	0	0	0	181	70	0	5	74	16	624	396	4	9	12	0	53	9	77	1753	55	180	287	374	18	6	429	112	94	778	28	17057	12	7	56	1067	161	140	15	41	97	0	0	210	0	10689	382	57	104	36	476	2365	0	0	349	6213	34	59	0	0	41	0	139	1413	158	0	0	0	1587	6	18	0	62	1331	669	34	1131	7	12	37	0	5884	71	2220	138	361	929	0	37	87	560	5	0	47	98	59	183	3960	2029	392	12	83	39	11	0	400	506	438	44	3524	43	0	11	122	23	719	378	195	0	34	0	5	4	1269	19	1285	1402	7	0	42	35	98	0	52	0	476	0	0	0	0	0	23	89	0	0	0	46	408	79	7499	103	0	16	81	0	41	46	0	15	0	0	0	27	0	34	7	0	0	10	833	2	279	0	0	393	0	50	4	14	15	0	7	0	16	152	151	3	0	13	0	13	0	70	7	10	0	0	4	0	0	0	0	34	5	13	0	7	4	0	0	0	85	0	0	22	5	11	122	316	52	0	0	0	22	20	85	9	9	27	10	62	133	0	37	22	18	0	6	0	16	28	0	210	107	0	0	0	0	0	0	211	63	0	13	0	56	0	0	0	88	0	9	0	32	210	342	5	30	34	58	0	36	10	105	21	19	0	23	0	453	632	0	84	26	25	0	4471	0	46	0	1762
g__Vescimonas	0	0	0	12	0	61	0	26	56	17	15	0	364	0	69	0	67	10	0	13	12	0	0	15	273	10	127	0	0	164	79	20	0	0	134	0	172	0	0	13	36	100	11	132	0	0	0	0	62	0	0	0	0	0	25	9	32	0	0	0	34	110	0	0	119	358	18	0	5	54	0	0	0	43	0	0	0	0	95	32	0	57	0	0	0	0	0	0	0	58	42	0	0	13	8	0	52	0	0	0	0	0	0	0	261	0	0	0	0	25	0	0	0	0	0	0	0	0	0	0	0	0	0	0	0	0	0	0	9	28	0	15	0	190	0	0	795	0	0	0	0	0	0	0	0	0	22	0	0	0	0	0	0	0	0	0	0	0	15	0	39	0	0	0	0	0	166	17	94	0	0	77	51	0	3	0	0	0	0	0	0	0	0	0	0	0	33	0	0	9	0	0	17	0	330	38	145	0	0	0	0	0	0	0	0	0	138	190	0	0	21	0	0	0	0	0	0	31	0	0	235	0	0	0	0	0	0	0	0	0	0	0	0	0	0	0	0	0	0	0	0	0	0	16	0	0	0	0	0	0	0	79	0	8	0	0	0	0	0	0	0	0	0	29	0	0	0	0	0	0	0	0	9	0	0	0	0	0	0	0	0	0	0	0	0	0	0	122	0	0	0	69	0	0	0	0	0	32	0	0	0	0	0	73	33	0	0	0	0	0	0	30	0	0	0	20	0	134	0	10	0	0	0	0	0	0	84	9	11	0	31	24	39	25	0	0	0	0	46	0	0	115	0	7	339	0	0	73	9	9	0	0	0	0	0	4	0	0	0	17	0	31	13	66	0	616	405	0	19	0	53	0	33	0	200	179	0	11	0	7	82	13	45	26	0	0	0	112	0	70	0	0	0	39	0	0	54	0	17	7	0	0	303	20	0	0	0	16	19	56	5	0	19	1182	13	0	0	5	0	0	10	0	0	0	0	0	0	0	0	278	153	0	0	14	1182	12	0	506	0	22	15	0	20	0	92	0	17	0	0	0	12	55	22	12	15	0	24	0	149	0	0	8	24	196	0	28	0	0	0	72	117	0	62	0	0	0	0	6	0	0	0	0	0	0
g__Weissella	159	0	17	13	0	18	285	0	168	7	0	0	44	5	0	97	25	1	7	39	5	10	0	0	139	291	147	0	0	133	2253	181	0	31	0	60	9	0	356	2	3	0	8	10	0	3	7	1524	70	142	17	6	242	0	0	26	61	0	30	0	15	96	0	216	0	386	0	804	50	0	0	3	56	0	46	0	0	2	16	11	10	0	4	73	0	0	25	0	0	0	255	104	0	11	404	7	17	0	0	90	8	18	14	16	0	0	0	0	26	0	23	62	0	5	0	0	6	0	0	0	0	0	12	0	0	290	0	8	0	0	11	60	4	7	0	0	152	0	0	0	0	0	0	23	4	2641	0	0	7	0	10	0	0	4	0	0	0	0	12	0	0	0	18	3	38	362	44	7	0	208	0	60	0	46	0	2	26	5	8	5	0	11	0	0	0	0	50	0	0	0	5	0	46	150	8	0	0	2552	734	0	0	6	842	0	0	0	102	10	2	0	0	4	177	5	0	0	14	7	4	74	3	132	0	0	0	0	0	22	0	8	0	562	0	0	18	37	0	0	33	28	0	0	0	0	10	0	0	0	0	29	343	37	0	0	1116	0	0	0	0	0	0	4	158	7	0	44	0	0	0	41	34	0	4	0	0	0	0	0	0	12	8	43	0	0	9	21	0	39	49	0	35	106	0	0	632	0	9	0	6	0	18	0	0	54	0	13	31	3	0	741	0	0	0	416	0	0	0	0	4	0	0	0	7	0	0	0	0	0	36	0	0	5	9	6	0	0	0	3	0	2	0	0	94	32	0	0	46	0	1733	14	70	123	0	528	0	139	0	0	13	760	49	0	72	0	9	0	0	123	6	9	10	0	0	76	32	91	14	31	0	13	78	0	11	0	0	0	12	23	5	0	0	0	0	3	0	52	227	184	94	104	0	23	179	31	0	4	2	0	0	3	9	0	145	8	143	8	180	45	99	9	0	0	0	0	0	0	0	372	0	0	0	0	0	35	13	0	0	0	4	0	68	0	0	3	0	0	0	0	0	0	0	17	0	50	21	0	5	0	7	0	0	0	3	4	0	7	0	54	0	0	331	151	6	0	0	0	0	0	15	221	69	5	0	14
g__Wujia	0	646	0	102	0	0	36	132	0	4	25	16	0	0	0	63	0	0	11	0	0	0	0	165	0	0	353	0	1804	48	287	0	0	5	0	0	0	8	14	0	0	0	0	0	0	0	0	99	0	0	0	0	0	0	0	0	50	0	0	0	0	787	0	4	0	0	0	0	0	0	0	0	0	12	0	0	0	5	0	0	0	0	0	0	0	0	0	0	0	0	0	0	0	0	0	0	0	0	0	0	0	0	0	0	0	0	0	0	0	0	0	0	0	0	0	0	0	0	0	0	0	0	0	0	0	0	0	0	0	0	0	0	0	0	0	0	0	0	0	0	0	0	0	0	0	0	0	0	0	0	0	0	0	0	0	0	0	0	0	0	0	0	0	0	0	0	0	0	0	0	0	0	5	0	0	0	0	0	0	0	0	0	0	0	0	0	0	0	0	0	0	0	0	0	0	0	0	0	0	0	0	0	0	0	0	0	0	0	0	0	0	0	0	0	3	0	3	0	0	0	0	0	0	0	0	0	0	4	0	0	0	0	0	0	0	0	0	6	0	0	0	0	8	0	0	0	0	0	0	0	0	0	0	0	0	0	0	0	620	0	0	0	0	5	0	0	0	0	0	0	0	0	0	8	0	0	0	0	0	0	0	0	0	0	47	0	5	77	0	0	0	5	0	0	0	0	0	252	0	0	0	0	0	0	0	0	0	0	0	0	0	0	0	0	0	0	0	0	0	0	0	103	0	0	0	0	0	0	8	0	0	0	0	0	0	0	0	0	0	0	0	0	0	402	0	0	0	405	0	59	0	0	0	0	0	78	0	0	38	0	0	0	0	0	0	0	258	0	0	128	0	0	1560	0	0	0	0	0	15	0	86	0	0	109	0	0	0	0	462	0	148	0	0	0	0	0	358	0	0	0	0	0	0	0	0	0	0	0	0	129	0	0	0	0	190	0	0	0	0	0	0	16	0	0	0	0	0	0	0	0	0	0	0	0	0	0	0	0	0	299	0	75	0	47	0	0	0	0	0	0	0	0	879	2079	6	0	0	0	0	0	0	0	0	283	0	0	120	0	0	830	0	0	0	0	0	0	0	0	0	0	0	0	0	0
