#OTU ID	g__Acetatifactor	g__Acutalibacter	g__Adlercreutzia	g__Agathobacter	g__Agathobaculum	g__Alistipes	g__Alistipes_A	g__Alitiscatomonas	g__Allocoprobacillus	g__Amedibacterium	g__Anaerobutyricum	g__Anaerofustis	g__Anaeromassilibacillus	g__Anaerostipes	g__Anaerotignum	g__Anaerotruncus	g__Anthropogastromicrobium	g__Aristaeella	g__Bacteroides	g__Bariatricus	g__Bifidobacterium	g__Bittarella	g__Blautia	g__Blautia_A	g__Brotaphodocola	g__Butyribacter	g__CAG-170	g__CAG-177	g__CAG-217	g__CAG-488	g__Catenibacterium	g__Choladousia	g__Clostridium	g__Clostridium_A	g__Clostridium_AP	g__Collinsella	g__Coprococcus_A	g__Dialister	g__Dorea	g__Dorea_A	g__Dorea_D	g__Dysosmobacter	g__Eggerthella	g__Enterobacter	g__Enterocloster	g__Enterococcus	g__Enterococcus_A	g__Enterococcus_B	g__Eubacterium_F	g__Eubacterium_G	g__Eubacterium_I	g__Evtepia	g__Faecalibacterium	g__Faecalimonas	g__Faecousia	g__Finegoldia	g__Flavonifractor	g__Fusicatenibacter	g__Fusobacterium_A	g__Gallintestinimicrobium	g__Gemella	g__Gemmiger	g__Gordonibacter	g__Granulicatella	g__Guopingia	g__Haemophilus_D	g__Holdemanella	g__Holdemania	g__Hominenteromicrobium	g__Hominibacterium	g__Hominicoprocola	g__Hominifimenecus	g__Hominilimicola	g__Hominimerdicola	g__Hominiventricola	g__Hungatella	g__Intestinibacter	g__JAGTTR01	g__Klebsiella	g__Lachnoclostridium_B	g__Lachnospira	g__Lacticaseibacillus	g__Lactiplantibacillus	g__Lactobacillus	g__Lactococcus	g__Lactonifactor	g__Laedolimicola	g__Lancefieldella	g__Latilactobacillus	g__Lawsonibacter	g__Lentihominibacter	g__Leuconostoc	g__Ligilactobacillus	g__Limivivens	g__Limosilactobacillus	g__Longicatena	g__Massilioclostridium	g__Mediterraneibacter	g__Megamonas	g__Merdibacter	g__Merdimmobilis	g__Merdimonas	g__Merdivicinus	g__Muricomes	g__Murimonas	g__Nanosynbacter	g__Negativibacillus	g__Odoribacter	g__Oliverpabstia	g__Onthenecus	g__Otoolea	g__Parabacteroides	g__Paraprevotella	g__Pararoseburia	g__Parasutterella	g__Pauljensenia	g__Pediococcus	g__Peptostreptococcus	g__Phascolarctobacterium	g__Phocaeicola	g__Prevotella	g__Pseudobutyricicoccus	g__Pseudoflavonifractor_A	g__Pseudoscilispira	g__Roseburia	g__Roseburia_D	g__Rothia	g__Ruminiclostridium_E	g__Ruminococcus_B	g__Ruminococcus_C	g__Ruminococcus_E	g__Ruthenibacterium	g__Sarcina	g__Schaedlerella	g__Sellimonas	g__Streptococcus	g__Sutterella	g__Terrisporobacter	g__Thomasclavelia	g__Turicibacter	g__Tyzzerella	g__UBA3402	g__URXU01	g__Veillonella	g__Vescimonas	g__Weissella	g__Wujia
g__Acetatifactor	1.0	0.9592191163119137	0.5788152181952663	0.11315641476274164	0.24240278189910977	0.019196779964221825	0.5006596129575095	0.650622487562189	0.9113679144385026	0.19660545377077118	0.0831860465116279	0.4407733177570094	0.9788679507083252	0.9543865443114987	0.2626389705882353	0.849526810901267	0.019196779964221825	0.9475479625437332	0.8769778816199377	0.3882891371340524	0.3180892933618844	0.8927988843813387	0.1015552050473186	0.9088043649923229	0.3050006006955422	0.9169156790657439	0.8189162121212121	0.510767149958575	0.19393373493975907	0.43260299145299147	0.19054612386314423	0.5925581188836535	0.5605104389312977	0.864888442622951	0.7733856676194365	0.8135010695187167	0.1245721393034826	0.9669117073170732	0.7146447896244911	0.07333257403189065	0.6805690692124104	0.019196779964221825	0.8830731520621502	0.056928381962864726	0.029319672131147542	0.029319672131147542	0.019196779964221825	0.04434297520661157	0.26500449320794145	0.20448467274233637	0.09269302325581395	0.2937961625282167	0.03713148788927336	0.019196779964221825	0.9346753850990256	0.029319672131147542	0.2937961625282167	0.07333257403189065	0.3334544894366197	0.019196779964221825	0.03713148788927336	0.04434297520661157	0.8330696654001716	0.10969753457606735	0.6460097829716194	0.7282029948867786	0.6420904593639576	0.2804243206977524	0.20448467274233637	0.6212586224843858	0.029319672131147542	0.3844559969048233	0.03713148788927336	0.1470746192893401	0.019196779964221825	0.1278884073672806	0.8913848488267148	0.38632704580545546	0.019196779964221825	0.9249800446286262	0.029319672131147542	0.029319672131147542	0.1399452269170579	0.03713148788927336	0.18559157427937917	0.64797012489592	0.9337480773271697	0.019196779964221825	0.7542291110799044	0.029319672131147542	0.18245100671140937	0.17933468834688346	0.42416452702702706	0.07798691860465115	0.051442953020134234	0.2786002363268062	0.12070866141732284	0.03713148788927336	0.11644146202170189	0.6157038461538461	0.4122016272189349	0.47656597711267606	0.7095360655737706	0.21848316	0.3315705154639175	0.1503843843843844	0.10969753457606735	0.5146635352286774	0.34177711085583	0.8750275130434784	0.7577204218466265	0.5919005993461679	0.35760140573318633	0.5753463846440552	0.8860760914051841	0.03713148788927336	0.029319672131147542	0.5830864939360529	0.9785863371528453	0.8384327900754074	0.1769656436097114	0.2159154929577465	0.9023120168346439	0.11644146202170189	0.07333257403189065	0.9762214620339645	0.04434297520661157	0.7948785117493472	0.019196779964221825	0.4335039735099338	0.9276391125198099	0.8055857695282289	0.11315641476274164	0.5788152181952663	0.8650307917202668	0.15696245733788397	0.8894523259762308	0.8567748488082533	0.03713148788927336	0.9881385542168675	0.8131701172870984	0.5830864939360529	0.35422429205996675	0.1015552050473186	0.09692516129032258	0.2232284309870232	0.5897163387978142
g__Acutalibacter	0.9592191163119137	1.0	0.8131701172870984	0.9386549093183238	0.8392275920748754	0.03713148788927336	0.29212553536664504	0.9703608854269375	0.019196779964221825	0.8650307917202668	0.3119631269349845	0.7800289005658851	0.019196779964221825	0.7571733566433565	0.6399867768595041	0.742333069392456	0.1643810435615127	0.951206509779951	0.8970107718120804	0.12070866141732284	0.3280510695187166	0.3484996890898813	0.8602756658024983	0.6764448430493274	0.24916820494186043	0.7165846153846154	0.87919154589372	0.7831742312340539	0.8498952000000001	0.6879452028939917	0.4736147117296223	0.5176697626841245	0.9806432048681543	0.3119631269349845	0.6987551001540833	0.876017718446602	0.029319672131147542	0.2902446655791191	0.2786002363268062	0.1643810435615127	0.4407733177570094	0.2840977137176938	0.4028860060514372	0.9702594848006317	0.956218052184466	0.7387057931233747	0.8761440955788988	0.9558094423641331	0.742333069392456	0.9962118444590905	0.6782526921233424	0.8594162107993398	0.6831594876660342	0.9281844789356984	0.898381452962839	0.8099438340376489	0.11644146202170189	0.1435216049382716	0.7577204218466265	0.15696245733788397	0.9631459435096154	0.7114978181818182	0.3971722222222222	0.9483234913793104	0.051442953020134234	0.15383044982698962	0.8162792854427975	0.27223511843460346	0.4335039735099338	0.029319672131147542	0.5215881945857929	0.3781265526315789	0.9602556650246306	0.20448467274233637	0.5783280867630701	0.7235006660746004	0.9558094423641331	0.21848316	0.9221917290019236	0.23269584603658536	0.9707489506355306	0.8215416331658292	0.9652329906168896	0.9114448659254415	0.8899618072834199	0.8395115211848974	0.23761500000000002	0.42985481021723565	0.7997776566757493	0.44227440890125175	0.9802795524990314	0.7042270096463022	0.4028860060514372	0.565569156580938	0.5094942519194854	0.24240278189910977	0.029319672131147542	0.6949853598014889	0.7815516476126428	0.029319672131147542	0.8732186033000232	0.029319672131147542	0.04434297520661157	0.2276398377125193	0.2804243206977524	0.2607992592592593	0.019196779964221825	0.7919421372031663	0.487730659767141	0.0831860465116279	0.7086601732259534	0.3345418197725284	0.8321731024318348	0.6438599999999999	0.7268165171348728	0.3345418197725284	0.47656597711267606	0.639363061845218	0.4256242599277978	0.3194177257525084	0.6420904593639576	0.5823988397790055	0.7896127980922099	0.9267423764680986	0.3194177257525084	0.7880622706726934	0.8985646692607003	0.5717154366197184	0.8304711237202417	0.7086601732259534	0.6971669138090825	0.029319672131147542	0.4256242599277978	0.9592191163119137	0.2232284309870232	0.9665169456066947	0.9128887291734727	0.5937496289592761	0.9238170217298679	0.6170888208537438	0.42249257557436515	0.3141184145589142	0.9090644709486815	0.24916820494186043	0.6488926658905704	0.21305470016207456	0.6101383351007422
g__Adlercreutzia	0.5788152181952663	0.8131701172870984	1.0	0.7884407063197026	0.9772651051811454	0.0831860465116279	0.9772651051811454	0.9530549786628735	0.8354634664712349	0.33813828124999995	0.9707489506355306	0.3427915786468741	0.9276391125198099	0.87919154589372	0.5848807579641156	0.7025544198895027	0.1245721393034826	0.5011248794801928	0.5414008844339623	0.06738461538461539	0.5783280867630701	0.8258944187788737	0.4335039735099338	0.572762598425197	0.7086601732259534	0.3749454039735099	0.17933468834688346	0.9508882646818922	0.8905761060948081	0.8982057975871314	0.8527803143979994	0.1399452269170579	0.6101383351007422	0.819762962962963	0.2558460085531005	0.6597746930757898	0.03713148788927336	0.487730659767141	0.6681533344098175	0.2535578702043743	0.5823988397790055	0.4675411214953271	0.29212553536664504	0.3463476622272598	0.1470746192893401	0.7747251426242868	0.38297228260869565	0.5774091196136703	0.5848807579641156	0.3749454039735099	0.3781265526315789	0.06244139650872818	0.2626389705882353	0.06738461538461539	0.8946120445344129	0.6460097829716194	0.12070866141732284	0.7195798651685393	0.6681533344098175	0.03713148788927336	0.08777914110429447	0.056928381962864726	0.849526810901267	0.08777914110429447	0.9689805847373637	0.36774612476370516	0.9090644709486815	0.4566693405846363	0.3719201974386339	0.21848316	0.056928381962864726	0.7062155891792755	0.07333257403189065	0.34467422475106685	0.03713148788927336	0.18245100671140937	0.1883457656867047	1.0	0.5753463846440552	0.1470746192893401	0.4641994166479695	0.2232284309870232	0.6613392524889832	1.0	0.2159154929577465	0.9407755458515283	0.5298673764564081	0.1503843843843844	0.8258944187788737	0.4477612577461556	0.5798345394129591	0.5629946146527117	0.6626789653489507	0.17348036951501156	0.720786566274042	0.8568280994671403	0.905900440140845	0.80919138792772	0.999421485287249	0.6546351604938271	0.6701040115998066	0.7964326642335767	0.5925581188836535	0.6410398584905661	0.9984198086662914	0.11315641476274164	0.16101694094869312	0.210068515497553	0.04434297520661157	0.7720407119476268	0.8238292115143929	0.8266112921278447	0.8310771999014048	0.7626807612456746	0.8340645137614678	0.27223511843460346	0.3719201974386339	0.513404705882353	0.19660545377077118	0.7966891058180399	0.5848807579641156	0.7268165171348728	0.44227440890125175	0.9215373890730247	0.5958009202453988	0.7363954347826087	0.1015552050473186	0.5897163387978142	0.019196779964221825	0.871839127399651	0.5744170463032113	0.7815516476126428	0.23957767424524787	0.3800737294761532	0.6725864864864866	0.09692516129032258	0.7565189722766731	0.7849674073082586	0.029319672131147542	0.7276983906364302	0.712044871406959	0.9767921275973077	0.9131623368146213	0.09692516129032258	0.12070866141732284	0.4415268326739586	0.3844559969048233
g__Agathobacter	0.11315641476274164	0.9386549093183238	0.7884407063197026	1.0	0.029319672131147542	0.019196779964221825	0.6451876943654907	0.04434297520661157	0.3764915258711721	0.37328937018336433	0.019196779964221825	0.22118304209690232	0.6846046357615895	0.4110761692650334	0.7841608171466845	0.2276398377125193	0.019196779964221825	0.9663142985342507	0.2232284309870232	0.019196779964221825	0.9477744525547445	0.3463476622272598	0.056928381962864726	0.6943980428704567	0.019196779964221825	0.7781026490066225	0.9813005793183355	0.6831594876660342	0.9645348495451365	0.6673904592496765	0.653621885299934	0.6503528257978722	0.8761440955788988	0.5823988397790055	0.43107872441694434	0.06738461538461539	0.019196779964221825	0.5338677864427115	0.029319672131147542	0.2823194064688229	0.39218923273657286	0.06244139650872818	0.1503843843843844	0.6810844345616264	0.15383044982698962	0.3793532232704402	0.056928381962864726	0.029319672131147542	0.2902446655791191	0.019196779964221825	0.029319672131147542	0.4976563798219585	0.0831860465116279	0.029319672131147542	0.47787588932806324	0.051442953020134234	0.04434297520661157	0.019196779964221825	0.713021100362757	0.019196779964221825	0.1278884073672806	0.019196779964221825	0.32957460833579666	0.11315641476274164	0.5443352352941176	0.4685735078766364	0.9972935753927193	0.5783280867630701	0.32179984839296544	0.7305581039755352	0.5338677864427115	0.5414008844339623	0.019196779964221825	0.7353730964467005	0.03713148788927336	0.019196779964221825	0.565569156580938	0.9159816114359973	0.1399452269170579	0.9346282207301722	0.29212553536664504	0.07798691860465115	0.0831860465116279	0.919436612434005	0.1245721393034826	0.09692516129032258	0.2626389705882353	0.019196779964221825	0.6934852433525113	0.9703608854269375	0.828554075176777	0.019196779964221825	0.6077785143060245	0.019196779964221825	0.029319672131147542	0.019196779964221825	0.21848316	0.09269302325581395	0.9456610709863805	0.5023212298682285	0.20179481821980777	0.8423705084745763	0.35887761316872424	0.029319672131147542	0.510767149958575	0.019196779964221825	0.44227440890125175	0.06244139650872818	0.056928381962864726	0.7884407063197026	0.27413093451568893	0.40994232488822646	0.8846287098244815	0.7183015772870662	0.6949853598014889	0.10520588235294118	0.30001746183206107	0.35251738645862357	0.45438008204193253	0.10520588235294118	0.2804243206977524	0.0831860465116279	0.8298710770372202	0.6593132032146957	0.06738461538461539	0.7443957675753228	0.35422429205996675	0.4084944693572496	0.019196779964221825	0.5535045664739885	0.1470746192893401	0.15696245733788397	0.029319672131147542	0.3315705154639175	0.7062155891792755	0.029319672131147542	0.9234608955223882	0.9652329906168896	0.019196779964221825	0.5011248794801928	0.9490276119402985	0.3315705154639175	0.9415975678203928	0.019196779964221825	0.26500449320794145	0.8131701172870984	0.9196020019373587
g__Agathobaculum	0.24240278189910977	0.8392275920748754	0.9772651051811454	0.029319672131147542	1.0	0.2694763692731657	0.5768087320796872	0.019196779964221825	0.5160022117550686	0.16727586206896553	0.019196779964221825	0.2581065887353879	0.37328937018336433	0.8135010695187167	0.48156122982991717	0.8894523259762308	0.4654583258728738	0.7927380007881256	0.6602343734683875	0.06244139650872818	0.9060842163112772	0.8233069895846405	0.48391966145833337	0.5256176719790195	0.13633880359978826	0.41953435448577675	0.9238170217298679	0.11644146202170189	0.9478058225508317	0.5338677864427115	0.1278884073672806	0.6896460478948192	0.572762598425197	0.36218221193135386	0.9095420074349443	0.7508814914390831	0.33659154069767444	0.46103913532988067	0.03713148788927336	0.895013629213483	0.999421485287249	0.03713148788927336	0.49045463917525767	0.572762598425197	0.4685735078766364	0.056928381962864726	0.03713148788927336	0.019196779964221825	0.7593394450641382	0.029319672131147542	0.019196779964221825	0.8491576283355271	0.03713148788927336	0.09269302325581395	0.5830864939360529	0.20179481821980777	0.6917614713216957	0.09269302325581395	0.3141184145589142	0.2581065887353879	0.32328917370325694	0.019196779964221825	0.42862327586206894	0.03713148788927336	0.33659154069767444	0.9376884667571235	0.18245100671140937	0.7639594669244579	0.25151386782231855	0.5284547978273989	0.3811816035288012	0.3119631269349845	0.019196779964221825	0.5526081675999228	0.18559157427937917	0.10520588235294118	0.2823194064688229	0.6220411673016972	0.16101694094869312	0.639363061845218	0.2232284309870232	0.07798691860465115	0.06244139650872818	0.210068515497553	0.019196779964221825	0.48561612483745126	0.8162792854427975	0.0831860465116279	0.4566693405846363	0.4436307052023121	0.8606748912660163	0.42122168850072783	0.15696245733788397	0.07333257403189065	0.09692516129032258	0.37133581208053684	0.056928381962864726	0.03713148788927336	0.7984433121019109	0.2804243206977524	0.9346753850990256	0.5736988585329341	0.3800737294761532	0.2250587159533074	0.7235006660746004	0.3280510695187166	0.855447132169576	0.38632704580545546	0.07798691860465115	0.6337045951486163	0.6831594876660342	0.18245100671140937	0.8346624786115864	0.7792129854368931	0.8982057975871314	0.6805690692124104	0.09269302325581395	0.6846046357615895	0.9041619783616692	0.03713148788927336	0.9504725130088766	0.2823194064688229	0.9689805847373637	0.5011248794801928	0.06244139650872818	0.09692516129032258	0.029319672131147542	0.549575587492717	0.06738461538461539	0.5443352352941176	0.904747374227714	0.42249257557436515	0.6096424623560673	0.8023281282316442	0.8266112921278447	0.03713148788927336	0.8989581472842386	0.1015552050473186	0.056928381962864726	0.0831860465116279	0.6867975129859909	0.8683242647058824	0.6032593247588424	0.029319672131147542	0.30237270998415217	0.35251738645862357	0.45438008204193253
g__Alistipes	0.019196779964221825	0.03713148788927336	0.0831860465116279	0.019196779964221825	0.2694763692731657	1.0	0.8691709402706487	0.7494013213981244	0.9572268787878787	0.029319672131147542	0.4753551290536069	0.8542172098001902	0.30237270998415217	0.1883457656867047	0.1278884073672806	0.3793532232704402	0.1643810435615127	0.8961161561763715	0.7626807612456746	0.1278884073672806	0.3280510695187166	0.9881385542168675	0.03713148788927336	0.518909699816214	0.9197670358026019	0.5004022808870117	1.0	0.7926820263157895	0.482323581830037	0.6824338242280286	0.36774612476370516	0.9991900617630545	0.9060842163112772	0.06738461538461539	0.5376137390959556	0.24670317982456139	0.22118304209690232	0.9468984848484848	0.2232284309870232	0.18245100671140937	0.37328937018336433	0.019196779964221825	0.3992867021276596	0.06244139650872818	0.019196779964221825	0.019196779964221825	0.051442953020134234	0.1278884073672806	0.9546034950866173	0.23761500000000002	0.7146447896244911	0.019196779964221825	0.12070866141732284	0.029319672131147542	0.8934040878378378	0.44227440890125175	0.8109268336314849	0.051442953020134234	0.36774612476370516	0.27413093451568893	0.029319672131147542	0.07798691860465115	0.7822584654662725	0.019196779964221825	0.11644146202170189	0.019196779964221825	0.34467422475106685	0.23761500000000002	0.5518147280820592	0.2159154929577465	0.2159154929577465	0.09692516129032258	0.019196779964221825	0.3119631269349845	0.019196779964221825	0.8246562101313321	0.9197670358026019	0.5597443955623566	0.019196779964221825	0.5256176719790195	0.5160022117550686	0.10969753457606735	0.13633880359978826	0.11644146202170189	0.09692516129032258	0.8940084740040513	0.6065181818181817	0.019196779964221825	0.17348036951501156	0.019196779964221825	0.10520588235294118	0.056928381962864726	0.0831860465116279	0.4256242599277978	0.019196779964221825	0.6348764165390506	0.9441547402194163	0.07798691860465115	0.04434297520661157	0.8340645137614678	0.9649323776223777	0.9754594613124389	0.6655342194845194	0.4042666247800955	0.6044204638715432	0.019196779964221825	0.029319672131147542	0.513404705882353	0.7042270096463022	0.8023281282316442	0.41705403817914827	0.019196779964221825	0.38297228260869565	0.26500449320794145	0.45438008204193253	0.019196779964221825	0.019196779964221825	0.06244139650872818	0.2840977137176938	0.4028860060514372	0.3194177257525084	0.06244139650872818	0.08777914110429447	0.019196779964221825	0.6343457289002558	0.981578494934877	0.019196779964221825	0.5094942519194854	0.019196779964221825	0.04434297520661157	0.04434297520661157	0.03713148788927336	0.019196779964221825	0.5744170463032113	0.3163550261297264	0.019196779964221825	0.887406301805382	0.6810844345616264	0.03713148788927336	0.8105914022517913	0.7449734202607823	0.9689805847373637	0.1769656436097114	0.019196779964221825	0.019196779964221825	0.06738461538461539	0.07798691860465115
g__Alistipes_A	0.5006596129575095	0.29212553536664504	0.9772651051811454	0.6451876943654907	0.5768087320796872	0.8691709402706487	1.0	0.49045463917525767	0.8169143544303799	0.9917613031914894	0.6343457289002558	0.87919154589372	0.8757896667438093	0.9714278925619836	0.9391860624999999	0.8675781034684107	0.7271115107913669	0.20448467274233637	0.8841110185924491	0.7261994845360825	0.9345809473794771	0.85804862851738	0.8946120445344129	0.5629946146527117	0.969378324099723	0.9365236363636363	0.26500449320794145	0.6846046357615895	0.820804608991311	0.36774612476370516	0.6602343734683875	0.7554395488932474	0.9901294039230623	0.6593132032146957	0.8738562819321877	0.8606748912660163	0.9991900617630545	0.4398074560375147	0.4675411214953271	0.8139346814193057	0.6626789653489507	0.5081109540636043	0.7242314458900059	0.5246170238576627	0.9769811988304095	0.8237232890448735	0.6348764165390506	0.8159534948623621	0.9802795524990314	0.3180892933618844	0.8189162121212121	0.16993665579878903	0.2535578702043743	0.9926505544498152	0.1319855614973262	0.7086601732259534	0.9917613031914894	0.5226023151909017	0.42862327586206894	0.43501316658801326	0.7639594669244579	0.35760140573318633	0.37328937018336433	0.8583025862068966	0.5349438834563959	0.2866087487619676	0.9298164400885236	0.9681808334991048	0.6261136434108527	0.019196779964221825	0.9346282207301722	0.9478058225508317	0.06738461538461539	0.43107872441694434	0.6884419218087612	0.9693917176702863	0.9703608854269375	0.8354634664712349	0.24670317982456139	0.5011248794801928	0.22118304209690232	0.6065181818181817	0.7726612397820163	0.9978106508875739	0.755311789473684	0.7903619714587738	0.5717154366197184	0.9224512864310879	0.9877736101808439	0.48930587728740577	0.09269302325581395	0.487730659767141	0.7726612397820163	0.6348764165390506	0.9988401535724318	0.7854575534759358	0.6534687923343797	0.8302740118577074	0.9681808334991048	0.06738461538461539	0.5848807579641156	0.5414008844339623	0.5246170238576627	0.513404705882353	0.5312759879638916	0.9267423764680986	0.34467422475106685	0.9169156790657439	0.7095360655737706	0.9017227307990691	0.9988401535724318	0.7880622706726934	0.907545426594927	0.8279418177303203	0.6884419218087612	0.9943823000473261	0.9207193403298352	0.6261136434108527	0.6655342194845194	0.7861564712167758	0.6086039914848324	0.9693917176702863	0.7042270096463022	0.9456610709863805	0.1643810435615127	0.019196779964221825	0.9243692995529061	0.2250587159533074	0.47787588932806324	0.9017227307990691	0.8215416331658292	0.9135346956521739	0.968381307761105	0.9346282207301722	0.822476443997991	0.8965154466988006	0.9669117073170732	0.7261994845360825	0.9831580924855491	0.9794340122199593	0.7650216972034715	0.7235006660746004	0.9806432048681543	0.9135346956521739	0.845906928906532	0.6327361785836471	0.9267423764680986
g__Alitiscatomonas	0.650622487562189	0.9703608854269375	0.9530549786628735	0.04434297520661157	0.019196779964221825	0.7494013213981244	0.49045463917525767	1.0	0.2250587159533074	0.6231442138038401	0.03713148788927336	0.4256242599277978	0.5081109540636043	0.09692516129032258	0.9870422535211267	0.3246650374812594	0.051442953020134234	0.5233997974478428	0.9267423764680986	0.35128924670960515	0.7931057851239669	0.051442953020134234	0.8750275130434784	0.9870422535211267	0.019196779964221825	0.7571733566433565	0.7877876980428704	0.019196779964221825	0.6170888208537438	0.8079649389067524	0.6170888208537438	0.9917613031914894	0.46103913532988067	0.9754595538597006	0.2535578702043743	0.7625675956738768	0.6420904593639576	0.549575587492717	0.16993665579878903	0.3194177257525084	0.7837732394366197	0.07798691860465115	0.6364857458751488	0.3050006006955422	0.9997701643017177	0.7038772204325817	0.4407733177570094	0.17933468834688346	0.5094942519194854	0.019196779964221825	0.03713148788927336	0.724639483394834	0.019196779964221825	0.1883457656867047	0.549575587492717	0.1769656436097114	0.600296608040201	0.19054612386314423	0.08777914110429447	0.41953435448577675	0.19054612386314423	0.029319672131147542	0.36593523835319614	0.1435216049382716	0.2353503409090909	0.4110761692650334	0.7869590951554785	0.8830731520621502	0.7948785117493472	0.36421247282608693	0.09692516129032258	0.7726612397820163	0.08777914110429447	0.752215374841169	0.6879452028939917	0.056928381962864726	0.6911661879487981	0.7607408515374982	0.29212553536664504	0.5094942519194854	0.11315641476274164	0.567695382585752	0.09269302325581395	0.3484996890898813	0.207468942821884	0.17933468834688346	0.7271115107913669	0.17348036951501156	0.9135346956521739	0.903675638051044	0.1503843843843844	0.27609589830508474	0.453070322138451	0.019196779964221825	0.1319855614973262	0.536336914217633	0.7313752545824848	0.42862327586206894	0.6949853598014889	0.9721011113296617	0.08777914110429447	0.3141184145589142	0.5768087320796872	0.08777914110429447	0.5823988397790055	0.9257849777211967	0.9058160405420292	0.11315641476274164	0.35251738645862357	0.9309009788443322	0.7381152177057717	0.7880622706726934	0.7053301101591187	0.31075745012468825	0.6846046357615895	0.5705574007899191	0.27413093451568893	0.11644146202170189	0.1883457656867047	0.07333257403189065	0.49919022222222226	0.5647145537237067	0.3781265526315789	0.5006596129575095	0.2232284309870232	0.20179481821980777	0.3719201974386339	0.8060339127076092	0.10969753457606735	0.9903967649857278	0.9490276119402985	0.06244139650872818	0.897709032979318	0.9060842163112772	0.5384601859177215	0.7615981509801195	0.7542291110799044	0.46660687500000003	0.056928381962864726	0.5233997974478428	0.5937496289592761	0.895013629213483	0.9988401535724318	0.6597746930757898	0.8965154466988006	0.42249257557436515	0.6934852433525113
g__Allocoprobacillus	0.9113679144385026	0.019196779964221825	0.8354634664712349	0.3764915258711721	0.5160022117550686	0.9572268787878787	0.8169143544303799	0.2250587159533074	1.0	0.8294672443674177	0.3163550261297264	0.24670317982456139	0.019196779964221825	0.7189415841584158	0.4122016272189349	0.3844559969048233	0.13633880359978826	0.35422429205996675	0.8084093525179857	0.1278884073672806	0.700443136049193	0.06244139650872818	0.2823194064688229	0.7861564712167758	0.03713148788927336	0.9143035853976532	0.4700158990256864	0.9762214620339645	0.7903619714587738	0.6032593247588424	0.690245288326301	0.4804785308264102	0.6782526921233424	0.9867704477898168	0.1769656436097114	0.5563534602076124	0.06738461538461539	0.051442953020134234	0.21305470016207456	0.019196779964221825	0.6488926658905704	0.35887761316872424	0.019196779964221825	0.9102177029832805	0.6997616379310345	0.7726612397820163	0.9823294849537038	0.895013629213483	0.4497081155433287	0.9602725547298654	0.03713148788927336	0.855447132169576	0.4685735078766364	0.34177711085583	0.8340645137614678	0.8985646692607003	0.019196779964221825	0.04434297520661157	0.5066175686927561	0.12070866141732284	0.904747374227714	0.32328917370325694	0.536336914217633	0.8237232890448735	0.04434297520661157	0.7639594669244579	0.6987551001540833	0.8060339127076092	0.9523517076641593	0.1015552050473186	0.2866087487619676	0.4122016272189349	0.9281844789356984	0.64797012489592	0.03713148788927336	0.36421247282608693	0.32631718889883615	0.5325739635489686	0.8340645137614678	0.9215373890730247	0.7625675956738768	0.844778095582911	0.9594305684337835	0.8298710770372202	0.4641994166479695	0.4122016272189349	0.6442552486187845	0.6010359484148308	0.9274852670544685	0.051442953020134234	0.4477612577461556	0.8783393984789123	0.6337045951486163	0.12070866141732284	0.8836933782395251	0.019196779964221825	0.029319672131147542	0.9248224869694713	0.24240278189910977	0.09269302325581395	0.3992867021276596	0.32179984839296544	0.019196779964221825	0.07798691860465115	0.2447490420044215	0.33659154069767444	0.019196779964221825	0.029319672131147542	0.07333257403189065	0.2694763692731657	0.7508814914390831	0.8169143544303799	0.8109268336314849	0.9649323776223777	0.8934040878378378	0.9962118444590905	0.1883457656867047	0.7973593498049415	0.7508814914390831	0.6725864864864866	0.7619248334258745	0.5094942519194854	0.8452570894622619	0.35128924670960515	0.8215416331658292	0.7452296524102416	0.9806432048681543	0.8215416331658292	0.4012932743362832	0.4736147117296223	0.653621885299934	0.04434297520661157	0.6269901444788442	0.9090644709486815	0.051442953020134234	0.8913848488267148	0.36218221193135386	0.8571852732434351	0.04434297520661157	0.4804785308264102	0.6963698731828023	0.18245100671140937	0.41705403817914827	0.7387057931233747	0.3345418197725284	0.34995016882386043	0.6997616379310345
g__Amedibacterium	0.19660545377077118	0.8650307917202668	0.33813828124999995	0.37328937018336433	0.16727586206896553	0.029319672131147542	0.9917613031914894	0.6231442138038401	0.8294672443674177	1.0	0.23957767424524787	0.45976158013544016	0.6391698458410978	0.8330696654001716	0.453070322138451	0.6503528257978722	0.03713148788927336	0.8325707765918292	0.4654583258728738	0.9267423764680986	0.9602725547298654	0.9519382667073543	0.12070866141732284	0.1319855614973262	0.9058160405420292	0.7880622706726934	0.7900924176260421	0.6317651079136691	0.920358649517685	0.7849674073082586	0.7927380007881256	0.19393373493975907	0.5011248794801928	0.9693917176702863	0.9712321122599704	0.8866912406271301	0.2353503409090909	0.7626807612456746	0.35887761316872424	0.9945507849442028	0.9427504360465117	0.029319672131147542	0.5774091196136703	0.671400193205603	0.06244139650872818	0.1990573355817875	0.5586535159992335	0.11315641476274164	0.3427915786468741	0.42862327586206894	0.5855589514066497	0.07798691860465115	0.210068515497553	0.019196779964221825	0.8894523259762308	0.7381152177057717	0.7946186952542815	0.4963286897430452	0.03713148788927336	0.019196779964221825	0.019196779964221825	0.019196779964221825	0.6949853598014889	0.33659154069767444	0.9083247942048074	0.7869876615589607	0.8266112921278447	0.9322767823343849	0.06244139650872818	0.715723417721519	0.09269302325581395	0.5855589514066497	0.1769656436097114	0.06244139650872818	0.1643810435615127	0.5203572185970636	0.5477477472205968	0.8162792854427975	0.43831910693302	0.8927988843813387	0.720786566274042	0.9864982247385087	0.3246650374812594	0.019196779964221825	0.20448467274233637	0.9772651051811454	0.9997701643017177	0.11315641476274164	0.3315705154639175	0.8830731520621502	0.2937961625282167	0.051442953020134234	0.639363061845218	0.019196779964221825	0.16993665579878903	1.0	0.8606748912660163	0.35760140573318633	0.06244139650872818	0.724639483394834	0.9469309276227735	0.944132324906755	0.7292380291970804	0.9864982247385087	0.26725282299965364	0.3141184145589142	0.6157038461538461	0.9461825221695195	0.24916820494186043	0.6024185218324981	0.9592191163119137	0.9749813896511172	0.20448467274233637	0.5848807579641156	0.7271115107913669	0.3764915258711721	0.1015552050473186	0.5395155349388077	0.4110761692650334	0.2558460085531005	0.7743193008705114	0.6526663798808735	0.0831860465116279	0.8321731024318348	0.9023120168346439	0.8438904008693552	0.1883457656867047	0.9863203034959661	0.019196779964221825	0.1883457656867047	0.8258944187788737	0.7849674073082586	0.3141184145589142	0.2581065887353879	0.6619023460410557	0.2250587159533074	0.07798691860465115	0.7459110587226746	0.207468942821884	0.898381452962839	0.7282029948867786	0.876017718446602	0.1435216049382716	0.7331110062436473	0.03713148788927336	0.10520588235294118	0.8989581472842386
g__Anaerobutyricum	0.0831860465116279	0.3119631269349845	0.9707489506355306	0.019196779964221825	0.019196779964221825	0.4753551290536069	0.6343457289002558	0.03713148788927336	0.3163550261297264	0.23957767424524787	1.0	0.3811816035288012	0.27609589830508474	0.07333257403189065	0.9831580924855491	0.5146635352286774	0.019196779964221825	0.9543865443114987	0.36421247282608693	0.04434297520661157	0.9483234913793104	0.7542291110799044	0.7760591703944693	0.2250587159533074	0.04434297520661157	0.7672370192307693	0.8961161561763715	0.11315641476274164	0.8542172098001902	0.9400507801123361	0.874391611555865	0.8413769407775221	0.9224512864310879	0.8084093525179857	0.7519743317776835	0.22983252873563217	0.1470746192893401	0.9427504360465117	0.019196779964221825	0.029319672131147542	0.9443856995140109	0.04434297520661157	0.7542291110799044	0.019196779964221825	0.5477477472205968	0.03713148788927336	0.019196779964221825	0.1470746192893401	0.8825369017632243	0.019196779964221825	0.019196779964221825	0.11644146202170189	0.33659154069767444	0.029319672131147542	0.6923549019607844	0.06738461538461539	0.4566693405846363	0.019196779964221825	0.4368237455830389	0.04434297520661157	0.2823194064688229	0.03713148788927336	0.9546034950866173	0.029319672131147542	0.6220411673016972	0.16993665579878903	0.7869876615589607	0.7542291110799044	0.4700158990256864	0.653621885299934	0.2558460085531005	0.6194696658545075	0.029319672131147542	0.999421485287249	0.13633880359978826	0.019196779964221825	0.4790750930996714	0.8321731024318348	0.029319672131147542	0.7909438225976768	0.7619248334258745	0.019196779964221825	0.13633880359978826	0.08777914110429447	0.15696245733788397	0.8594162107993398	0.7690182751540041	0.029319672131147542	0.15383044982698962	0.5845213328437673	0.5081109540636043	0.019196779964221825	0.15696245733788397	0.019196779964221825	0.2937961625282167	0.700443136049193	0.06244139650872818	0.019196779964221825	0.6133349234289738	0.13633880359978826	0.7854575534759358	0.25151386782231855	0.6923549019607844	0.10969753457606735	0.8965154466988006	0.03713148788927336	0.8904704825404	0.04434297520661157	0.056928381962864726	0.6782526921233424	0.3719201974386339	0.7381152177057717	0.9165481818181819	0.8738562819321877	0.4084944693572496	0.80874896073903	0.029319672131147542	0.06244139650872818	0.7011227509978507	0.056928381962864726	0.06244139650872818	0.4028860060514372	0.565569156580938	0.9552067739975699	0.04434297520661157	0.9451389737765847	0.019196779964221825	0.7665	0.019196779964221825	0.6212586224843858	0.7626807612456746	0.6286196182943604	0.3050006006955422	0.9636416516516516	0.7927380007881256	0.029319672131147542	0.27609589830508474	0.056928381962864726	0.019196779964221825	0.3280510695187166	0.3280510695187166	0.8568280994671403	0.7438166211751185	0.019196779964221825	0.7387057931233747	0.23761500000000002	0.210068515497553
g__Anaerofustis	0.4407733177570094	0.7800289005658851	0.3427915786468741	0.22118304209690232	0.2581065887353879	0.8542172098001902	0.87919154589372	0.4256242599277978	0.24670317982456139	0.45976158013544016	0.3811816035288012	1.0	0.1245721393034826	0.8761440955788988	0.8392275920748754	0.08777914110429447	0.11315641476274164	0.7498605987514189	0.8754596663963861	0.6231442138038401	0.9053319955898567	0.4675411214953271	0.22983252873563217	0.9391860624999999	0.1769656436097114	0.6619023460410557	0.6420904593639576	0.9892960000000001	0.7443957675753228	0.5414008844339623	0.7896127980922099	0.43501316658801326	0.7650216972034715	0.7637431871628163	0.32328917370325694	0.0831860465116279	0.16727586206896553	0.16727586206896553	0.35422429205996675	0.2535578702043743	0.9631459435096154	0.4042666247800955	0.23761500000000002	0.8892442266288951	0.6165057328190743	0.8508717235617093	0.5977321402877697	0.051442953020134234	0.41705403817914827	0.42416452702702706	0.03713148788927336	0.19660545377077118	0.7946186952542815	0.11315641476274164	0.819762962962963	0.5919005993461679	0.029319672131147542	0.8289597769516728	0.23761500000000002	0.49138740629685157	0.9972935753927193	0.5919005993461679	0.6343457289002558	0.76501884057971	0.2159154929577465	0.9762214620339645	0.7919421372031663	0.7768819585534334	0.8498952000000001	0.944132324906755	0.42249257557436515	0.9962118444590905	0.7927380007881256	0.6442552486187845	0.09269302325581395	0.04434297520661157	0.26500449320794145	0.8761440955788988	0.819762962962963	0.6673904592496765	0.973352679623086	0.3882891371340524	0.47787588932806324	0.9926505544498152	0.8658806896551724	0.06738461538461539	0.8905761060948081	0.4057760280842527	0.5456903661640885	0.9376884667571235	0.5692886440677966	0.9469309276227735	0.8985646692607003	0.2804243206977524	0.9053319955898567	0.3463476622272598	0.9003419727060913	0.9598349380602277	0.973352679623086	0.7494013213981244	0.6124162023977432	0.3800737294761532	0.6546351604938271	0.3402587709174841	0.3246650374812594	0.8989581472842386	0.453070322138451	0.9773583479276124	0.2840977137176938	0.9041619783616692	0.7861564712167758	0.487730659767141	0.7042270096463022	0.9131623368146213	0.8055857695282289	0.37133581208053684	0.47787588932806324	0.7615981509801195	0.49489061901723036	0.3427915786468741	0.8169143544303799	0.5053305109489051	0.4790750930996714	0.32957460833579666	0.4272814121037464	0.9759365503080083	0.9508882646818922	0.6958941285824942	0.10520588235294118	0.3280510695187166	0.23957767424524787	0.051442953020134234	0.6165057328190743	0.6646566466482714	0.1319855614973262	0.8568280994671403	0.9933851620238772	0.9490276119402985	0.03713148788927336	0.9027006971340046	0.7146447896244911	0.6626789653489507	0.7712082309582309	0.7011227509978507	0.37328937018336433	0.9773583479276124	0.9143035853976532
g__Anaeromassilibacillus	0.9788679507083252	0.019196779964221825	0.9276391125198099	0.6846046357615895	0.37328937018336433	0.30237270998415217	0.8757896667438093	0.5081109540636043	0.019196779964221825	0.6391698458410978	0.27609589830508474	0.1245721393034826	1.0	0.928239422062856	0.2902446655791191	0.34467422475106685	0.2626389705882353	0.5256176719790195	0.8701182857142857	0.35128924670960515	0.2581065887353879	0.16727586206896553	0.9102177029832805	0.6348764165390506	0.03713148788927336	0.9201947639484979	0.6810844345616264	0.9017227307990691	0.7964326642335767	0.8395115211848974	0.7625675956738768	0.46103913532988067	0.9427504360465117	0.2535578702043743	0.19054612386314423	0.3764915258711721	0.11315641476274164	0.26725282299965364	0.40994232488822646	0.30837363977485927	0.9962118444590905	0.1769656436097114	0.04434297520661157	0.973352679623086	0.6760254492939666	0.7946186952542815	0.7966891058180399	0.7254738277794162	0.3764915258711721	0.8194434157416751	0.2276398377125193	0.5425502648616833	0.5919005993461679	0.7760591703944693	0.8629816381532692	0.9988401535724318	0.1399452269170579	0.28853214051214704	0.7235006660746004	0.207468942821884	0.847739985599424	0.8970107718120804	0.06244139650872818	0.9088043649923229	0.019196779964221825	0.2959206741573034	0.9165481818181819	0.4122016272189349	0.9877736101808439	0.019196779964221825	0.6157038461538461	0.43107872441694434	0.5774091196136703	0.8318768322675848	0.04434297520661157	0.6241367593712213	0.8294672443674177	0.482323581830037	0.8710973573923166	0.8508717235617093	0.928239422062856	0.8266112921278447	0.4700158990256864	0.9779266848196052	0.2959206741573034	0.5081109540636043	0.4790750930996714	0.4415268326739586	0.7720407119476268	0.11644146202170189	0.9090644709486815	0.5798345394129591	0.43501316658801326	0.1015552050473186	0.47656597711267606	0.24670317982456139	0.1435216049382716	0.8029886865555986	0.6187866957279861	0.24916820494186043	0.9973648153369045	0.19660545377077118	0.029319672131147542	0.07798691860465115	0.23761500000000002	0.5006596129575095	0.019196779964221825	0.3811816035288012	0.5272506650544135	0.4804785308264102	0.9945507849442028	0.6748449654729405	0.9033883211678833	0.6602343734683875	0.9267423764680986	0.6818142109436954	0.5535045664739885	0.683991092861655	0.34467422475106685	0.2535578702043743	0.9759365503080083	0.6442552486187845	0.6975315448658649	0.8105914022517913	0.5705574007899191	0.9973648153369045	0.7482655982905984	0.9267423764680986	0.752215374841169	0.6681533344098175	0.8395115211848974	0.019196779964221825	0.49284130853110963	0.9131623368146213	0.2535578702043743	0.7449734202607823	0.981578494934877	0.8804639022711631	0.24670317982456139	0.5909175368382755	0.4654583258728738	0.17933468834688346	0.3934244331210191	0.6429224798387095	0.6818142109436954	0.17348036951501156	0.3345418197725284
g__Anaerostipes	0.9543865443114987	0.7571733566433565	0.87919154589372	0.4110761692650334	0.8135010695187167	0.1883457656867047	0.9714278925619836	0.09692516129032258	0.7189415841584158	0.8330696654001716	0.07333257403189065	0.8761440955788988	0.928239422062856	1.0	0.5121411910669975	0.9490276119402985	0.4122016272189349	0.639363061845218	0.24670317982456139	0.9867704477898168	0.298407648	0.6086039914848324	0.0831860465116279	0.019196779964221825	0.35887761316872424	0.09269302325581395	0.5526081675999228	0.5518147280820592	0.9988401535724318	0.7997776566757493	0.5848807579641156	0.9594305684337835	0.9197670358026019	0.6096424623560673	0.518909699816214	0.9159816114359973	0.9243692995529061	0.6261136434108527	0.6824338242280286	0.7607408515374982	0.9649323776223777	0.6593132032146957	0.7138877547939	0.4512371997254633	0.5011248794801928	0.49284130853110963	0.4084944693572496	0.9533703654822334	0.7781026490066225	0.9346282207301722	0.5160022117550686	0.1470746192893401	0.5384601859177215	0.8189162121212121	0.6943980428704567	0.3246650374812594	0.9114448659254415	0.3463476622272598	0.8071037837837839	0.4140307086614173	0.7489407370517929	0.600296608040201	0.8055857695282289	0.7973593498049415	0.7831742312340539	0.976126817116061	0.35887761316872424	0.874391611555865	0.9945507849442028	0.7800289005658851	0.9973648153369045	0.7861564712167758	0.6032593247588424	0.7637431871628163	0.895013629213483	0.9988401535724318	0.862184255019373	0.8368402825133949	0.03713148788927336	0.845906928906532	0.7011227509978507	0.49045463917525767	0.876017718446602	0.9396187363380868	0.8318768322675848	0.3811816035288012	0.42122168850072783	0.6010359484148308	0.9689805847373637	0.8984704140694568	0.36421247282608693	0.7542291110799044	0.9663142985342507	0.8984704140694568	0.7993187061574435	0.8266112921278447	0.7415354517942067	0.9645348495451365	0.33659154069767444	0.600296608040201	0.9874081769436998	0.7682854891751164	0.9631459435096154	0.7282029948867786	0.9346753850990256	0.9950010396975425	0.8055857695282289	0.3811816035288012	0.3463476622272598	0.9250390787518574	0.5736988585329341	0.5977321402877697	0.9867704477898168	0.8363482935153583	0.7896127980922099	0.7966891058180399	0.6124162023977432	0.20448467274233637	0.8135010695187167	0.7948785117493472	0.40994232488822646	0.7195798651685393	0.6343457289002558	0.6101383351007422	0.7747251426242868	0.7146447896244911	0.2937961625282167	0.9365236363636363	0.7268165171348728	0.35251738645862357	0.9665169456066947	0.5004022808870117	0.9567227713765919	0.4012932743362832	0.690245288326301	0.48699195327709277	0.7235006660746004	0.4566693405846363	0.20179481821980777	0.515387797863599	0.30001746183206107	0.9033883211678833	0.5023212298682285	0.6391698458410978	0.5384601859177215	0.35422429205996675	0.5586535159992335
g__Anaerotignum	0.2626389705882353	0.6399867768595041	0.5848807579641156	0.7841608171466845	0.48156122982991717	0.1278884073672806	0.9391860624999999	0.9870422535211267	0.4122016272189349	0.453070322138451	0.9831580924855491	0.8392275920748754	0.2902446655791191	0.5121411910669975	1.0	0.6846046357615895	0.8984704140694568	0.41953435448577675	0.6619023460410557	0.6593132032146957	0.21848316	0.1503843843843844	0.9027006971340046	0.7625675956738768	0.7268165171348728	0.6584170799802923	0.7849674073082586	0.567695382585752	0.844778095582911	0.9912127720231874	0.8105914022517913	0.07798691860465115	0.3345418197725284	0.10969753457606735	0.21848316	0.5376137390959556	0.8189162121212121	0.9504725130088766	0.9248224869694713	0.9703608854269375	0.7415354517942067	0.029319672131147542	0.2866087487619676	0.2959206741573034	0.9802795524990314	0.17348036951501156	0.12070866141732284	0.20448467274233637	0.5467210670314637	0.4407733177570094	0.80874896073903	0.2866087487619676	0.07798691860465115	0.8776084745762712	0.4335039735099338	0.5977321402877697	0.8899618072834199	0.6917614713216957	0.9887586798931706	0.919832925257732	0.870760435846638	0.7254738277794162	0.8015224050796943	0.8825369017632243	0.04434297520661157	0.7923125691699604	0.9427504360465117	0.1278884073672806	0.4736147117296223	0.27223511843460346	0.5526081675999228	0.5855589514066497	0.9721011113296617	0.6170888208537438	0.976126817116061	0.7200009871373019	0.16993665579878903	0.10520588235294118	0.04434297520661157	0.5477477472205968	0.7489407370517929	0.770269157218959	0.7841608171466845	0.5586535159992335	0.5004022808870117	0.06244139650872818	0.6220411673016972	0.6917614713216957	0.24240278189910977	0.019196779964221825	0.3971722222222222	0.18559157427937917	0.510767149958575	0.5774091196136703	0.07333257403189065	0.8452570894622619	0.825482175	0.2558460085531005	0.8159534948623621	0.9053319955898567	0.40724145	0.5405667257683214	0.029319672131147542	0.22118304209690232	0.8302740118577074	0.5160022117550686	0.09692516129032258	0.9788679507083252	0.9962118444590905	0.41953435448577675	0.3427915786468741	0.019196779964221825	0.9546034950866173	0.6187866957279861	0.03713148788927336	0.8325707765918292	0.8060339127076092	0.6975315448658649	0.5629946146527117	0.9027006971340046	0.9782092216499855	0.9636416516516516	0.2558460085531005	0.7903619714587738	0.3953526315789474	0.919436612434005	0.38297228260869565	0.9053319955898567	0.7195798651685393	0.1990573355817875	0.8238292115143929	0.06244139650872818	0.35128924670960515	0.40724145	0.7114978181818182	0.35251738645862357	0.565569156580938	0.6348764165390506	0.35422429205996675	0.7861564712167758	0.6488926658905704	0.5488772780373832	0.21848316	0.24670317982456139	0.2447490420044215	0.26500449320794145	0.1503843843843844
g__Anaerotruncus	0.849526810901267	0.742333069392456	0.7025544198895027	0.2276398377125193	0.8894523259762308	0.3793532232704402	0.8675781034684107	0.3246650374812594	0.3844559969048233	0.6503528257978722	0.5146635352286774	0.08777914110429447	0.34467422475106685	0.9490276119402985	0.6846046357615895	1.0	0.4675411214953271	0.513404705882353	0.49489061901723036	0.16993665579878903	0.937155321148825	0.04434297520661157	0.7837732394366197	0.9772651051811454	0.029319672131147542	0.8318768322675848	0.6764448430493274	0.8866912406271301	0.6689139954853274	0.47787588932806324	0.8318768322675848	0.6602343734683875	0.9773583479276124	0.2804243206977524	0.019196779964221825	0.056928381962864726	0.5349438834563959	0.4084944693572496	0.07798691860465115	0.056928381962864726	0.4122016272189349	0.9881385542168675	0.06244139650872818	1.0	0.2959206741573034	0.8761440955788988	0.826305737091544	0.18559157427937917	0.6194696658545075	0.019196779964221825	0.30001746183206107	0.1883457656867047	0.2250587159533074	0.22118304209690232	0.3402587709174841	0.6337045951486163	0.051442953020134234	0.9060842163112772	0.10520588235294118	0.5384601859177215	0.9159105713975929	0.23957767424524787	0.2937961625282167	0.7626807612456746	0.23957767424524787	0.9962118444590905	0.6963698731828023	0.6451876943654907	0.5635353387739609	0.35251738645862357	0.7672370192307693	0.5011248794801928	0.845906928906532	0.7571733566433565	0.43107872441694434	0.019196779964221825	0.35128924670960515	0.7837732394366197	0.9806432048681543	0.3793532232704402	0.7542291110799044	0.8804639022711631	0.742333069392456	0.8836933782395251	0.8321731024318348	0.24240278189910977	0.9201947639484979	0.9477744525547445	0.6619023460410557	0.44227440890125175	0.8304711237202417	0.43107872441694434	0.8568280994671403	0.09269302325581395	0.4477612577461556	0.6526663798808735	0.6438599999999999	0.87919154589372	0.6010359484148308	0.5176697626841245	0.3163550261297264	0.10520588235294118	0.43107872441694434	0.056928381962864726	0.6065181818181817	0.8015224050796943	0.4675411214953271	0.1503843843843844	0.9060842163112772	0.5736988585329341	0.6764448430493274	0.8518475480252954	0.3315705154639175	0.9456610709863805	0.999421485287249	0.7489407370517929	0.3141184145589142	0.9652329906168896	0.7415354517942067	0.7408430962343096	0.9176487694300518	0.13633880359978826	0.34177711085583	0.8904704825404	0.10520588235294118	0.7428085825186889	0.9802795524990314	0.9657257681564246	0.30001746183206107	0.9106937322559511	0.7183015772870662	0.03713148788927336	0.7105178343949045	0.3484996890898813	0.019196779964221825	0.9712321122599704	0.8317846551724137	0.8491576283355271	0.10520588235294118	0.6748449654729405	0.46251815730337076	0.2353503409090909	0.820804608991311	0.9346753850990256	0.28853214051214704	0.27413093451568893	0.855447132169576
g__Anthropogastromicrobium	0.019196779964221825	0.1643810435615127	0.1245721393034826	0.019196779964221825	0.4654583258728738	0.1643810435615127	0.7271115107913669	0.051442953020134234	0.13633880359978826	0.03713148788927336	0.019196779964221825	0.11315641476274164	0.2626389705882353	0.4122016272189349	0.8984704140694568	0.4675411214953271	1.0	0.903675638051044	0.2159154929577465	0.04434297520661157	0.572762598425197	0.019196779964221825	0.051442953020134234	0.9620562619071493	0.019196779964221825	0.9922151129675337	0.7626807612456746	0.44227440890125175	0.6760254492939666	0.7743193008705114	0.845906928906532	0.1399452269170579	0.1399452269170579	0.06244139650872818	0.19054612386314423	0.03713148788927336	0.051442953020134234	0.32328917370325694	0.019196779964221825	0.04434297520661157	0.9962118444590905	0.2159154929577465	0.019196779964221825	0.019196779964221825	0.019196779964221825	0.06244139650872818	0.019196779964221825	0.019196779964221825	0.650622487562189	0.019196779964221825	0.029319672131147542	0.1245721393034826	0.04434297520661157	0.019196779964221825	0.9759365503080083	0.10969753457606735	0.029319672131147542	0.019196779964221825	0.019196779964221825	0.019196779964221825	0.019196779964221825	0.03713148788927336	0.9159105713975929	0.019196779964221825	0.07798691860465115	0.690245288326301	0.919832925257732	0.9864982247385087	0.34995016882386043	0.7375231025492467	0.019196779964221825	0.7235006660746004	0.051442953020134234	0.2447490420044215	0.019196779964221825	0.019196779964221825	0.7599879526462395	0.7519743317776835	0.029319672131147542	0.6101383351007422	0.019196779964221825	0.019196779964221825	0.10969753457606735	0.03713148788927336	0.019196779964221825	0.06244139650872818	0.969378324099723	0.04434297520661157	0.9991900617630545	0.8970107718120804	0.7079808754003354	0.09269302325581395	0.928239422062856	0.019196779964221825	0.019196779964221825	0.26500449320794145	0.029319672131147542	0.06738461538461539	0.7720407119476268	0.17348036951501156	0.2232284309870232	0.06738461538461539	0.06738461538461539	0.26500449320794145	0.2804243206977524	0.7449734202607823	0.907545426594927	0.03713148788927336	0.06244139650872818	0.9095420074349443	0.6689139954853274	0.8266112921278447	0.9508882646818922	0.6327361785836471	0.8894523259762308	0.056928381962864726	0.019196779964221825	0.4415268326739586	0.9745983230361871	0.9546034950866173	0.5456903661640885	0.32631718889883615	0.42985481021723565	0.7428085825186889	0.019196779964221825	0.8266112921278447	0.23957767424524787	0.9267423764680986	0.019196779964221825	0.9909463623395149	0.49045463917525767	0.10969753457606735	0.019196779964221825	0.845906928906532	0.3427915786468741	0.13633880359978826	0.9477744525547445	0.3992867021276596	0.019196779964221825	0.3934244331210191	0.7459110587226746	0.9490276119402985	0.876017718446602	0.30001746183206107	0.16727586206896553	0.3427915786468741	0.6024185218324981
g__Aristaeella	0.9475479625437332	0.951206509779951	0.5011248794801928	0.9663142985342507	0.7927380007881256	0.8961161561763715	0.20448467274233637	0.5233997974478428	0.35422429205996675	0.8325707765918292	0.9543865443114987	0.7498605987514189	0.5256176719790195	0.639363061845218	0.41953435448577675	0.513404705882353	0.903675638051044	1.0	0.7973593498049415	0.5325739635489686	0.650622487562189	0.3315705154639175	0.9201947639484979	0.3695462843295639	0.7733856676194365	0.8797175382139985	0.019196779964221825	0.5830864939360529	0.18559157427937917	0.1470746192893401	0.9933851620238772	0.019196779964221825	0.8039592616496708	0.22118304209690232	0.1399452269170579	0.6032593247588424	0.18245100671140937	0.19054612386314423	0.9519382667073543	0.8023281282316442	0.7175519025417355	0.2694763692731657	0.33813828124999995	0.9665169456066947	0.1470746192893401	0.5395155349388077	0.7682854891751164	0.7305581039755352	0.8841110185924491	0.42862327586206894	0.5788152181952663	0.47186967485069675	0.5376137390959556	0.9806432048681543	0.23761500000000002	0.5004022808870117	0.2626389705882353	0.973352679623086	0.9490276119402985	0.8289597769516728	0.7909438225976768	0.844778095582911	0.690245288326301	0.8568280994671403	0.8079649389067524	0.8159534948623621	0.5006596129575095	0.4110761692650334	0.9870422535211267	0.9861420744016149	0.04434297520661157	0.32179984839296544	0.49138740629685157	0.3603387704918033	0.7743193008705114	0.9714278925619836	0.9693850281648384	0.42862327586206894	0.6343457289002558	0.7946186952542815	0.7792129854368931	0.898381452962839	0.482323581830037	0.9759365503080083	0.6619023460410557	0.8317846551724137	0.3695462843295639	0.8127345756222081	0.5518147280820592	0.056928381962864726	0.3934244331210191	0.5744170463032113	0.9508882646818922	0.5011248794801928	0.9350160402052142	0.4940793257947514	0.7854575534759358	0.5635353387739609	0.6799435219123506	0.7175519025417355	0.6032593247588424	0.7650216972034715	0.43260299145299147	0.9889332888592395	0.09692516129032258	0.9788679507083252	0.9469309276227735	0.9794340122199593	0.7900924176260421	0.30655182275298554	0.30655182275298554	0.35760140573318633	0.21305470016207456	0.6896460478948192	0.8321731024318348	0.8921928619756427	0.5535045664739885	0.6187866957279861	0.599123396226415	0.85804862851738	0.7482655982905984	0.874391611555865	0.80919138792772	0.9088043649923229	0.8485843473053892	0.6963698731828023	0.7268165171348728	0.06738461538461539	0.9530549786628735	0.6975315448658649	0.7395082262952807	0.46251815730337076	0.9309009788443322	0.9350160402052142	0.35760140573318633	0.5823988397790055	0.9407755458515283	0.9249800446286262	0.8465867652362064	0.5006596129575095	0.9626496392062538	0.4804785308264102	0.6777292893725992	0.7792129854368931	0.9594305684337835	0.8271229221021243	0.35887761316872424
g__Bacteroides	0.8769778816199377	0.8970107718120804	0.5414008844339623	0.2232284309870232	0.6602343734683875	0.7626807612456746	0.8841110185924491	0.9267423764680986	0.8084093525179857	0.4654583258728738	0.36421247282608693	0.8754596663963861	0.8701182857142857	0.24670317982456139	0.6619023460410557	0.49489061901723036	0.2159154929577465	0.7973593498049415	1.0	0.22983252873563217	0.2276398377125193	0.7720407119476268	0.515387797863599	0.3793532232704402	0.5256176719790195	0.9754594613124389	0.6488926658905704	0.9381230913642052	0.999421485287249	0.8215416331658292	0.9309009788443322	0.298407648	0.5066175686927561	0.029319672131147542	0.40724145	0.16727586206896553	0.7438166211751185	0.7571733566433565	0.056928381962864726	0.7768819585534334	0.9725825732258699	0.9712321122599704	0.08777914110429447	0.5635353387739609	0.019196779964221825	0.7896127980922099	0.8359573398413666	0.639363061845218	0.7086601732259534	0.5425502648616833	0.03713148788927336	0.9572268787878787	0.3345418197725284	0.1643810435615127	0.9769811988304095	0.23269584603658536	0.2250587159533074	0.1883457656867047	0.9877736101808439	0.9439985687616677	0.30837363977485927	0.907545426594927	0.7254738277794162	0.6399867768595041	1.0	0.5284547978273989	0.8757896667438093	0.6818142109436954	0.8701182857142857	1.0	0.5526081675999228	0.9224512864310879	0.9159816114359973	0.513404705882353	0.5477477472205968	0.03713148788927336	0.8318768322675848	0.7672370192307693	0.28853214051214704	0.5958009202453988	0.2694763692731657	0.6971669138090825	0.7387057931233747	0.4154445044160942	0.056928381962864726	0.42862327586206894	0.6597746930757898	0.7650216972034715	0.6810844345616264	0.9113679144385026	0.6673904592496765	0.9991900617630545	0.7459110587226746	0.056928381962864726	0.6165057328190743	0.841095962168061	0.4184513909224012	0.8084093525179857	0.9248224869694713	0.5312759879638916	0.6519696055684455	0.5977321402877697	0.23269584603658536	0.49284130853110963	0.9745983230361871	0.8583025862068966	0.6460097829716194	0.06244139650872818	0.5788152181952663	0.7272988716295429	0.905900440140845	0.35887761316872424	0.7869876615589607	0.8970107718120804	0.6824338242280286	0.5535045664739885	0.9892960000000001	0.16101694094869312	0.7733856676194365	0.04434297520661157	0.7305581039755352	0.7537556009581513	0.5855589514066497	0.7800289005658851	0.3280510695187166	0.8485843473053892	0.8830731520621502	0.8984704140694568	0.03713148788927336	0.8984704140694568	0.8452570894622619	0.2447490420044215	0.9135346956521739	0.1015552050473186	0.2232284309870232	0.79576	0.999421485287249	0.9523517076641593	0.04434297520661157	0.8491576283355271	0.8826538936535164	0.8238292115143929	0.9754595538597006	0.1278884073672806	0.9023120168346439	0.6975315448658649	0.9095420074349443
g__Bariatricus	0.3882891371340524	0.12070866141732284	0.06738461538461539	0.019196779964221825	0.06244139650872818	0.1278884073672806	0.7261994845360825	0.35128924670960515	0.1278884073672806	0.9267423764680986	0.04434297520661157	0.6231442138038401	0.35128924670960515	0.9867704477898168	0.6593132032146957	0.16993665579878903	0.04434297520661157	0.5325739635489686	0.22983252873563217	1.0	0.5004022808870117	0.34177711085583	0.19054612386314423	0.8109268336314849	0.019196779964221825	0.7331110062436473	0.510767149958575	0.9159816114359973	0.9607712866318747	0.9230056758775206	0.8144707661034177	0.9636416516516516	0.855447132169576	0.9579237782714055	0.42249257557436515	0.019196779964221825	0.019196779964221825	0.6157038461538461	0.019196779964221825	0.019196779964221825	0.9861420744016149	0.6101383351007422	0.207468942821884	0.3402587709174841	0.10969753457606735	0.19054612386314423	0.051442953020134234	0.2840977137176938	0.6597746930757898	0.15383044982698962	0.019196779964221825	0.35887761316872424	0.03713148788927336	0.019196779964221825	0.770269157218959	0.44559672055427246	0.13633880359978826	0.029319672131147542	0.49138740629685157	0.019196779964221825	0.27223511843460346	0.019196779964221825	0.7494013213981244	0.11644146202170189	0.999421485287249	0.5855589514066497	0.7909438225976768	0.769433971291866	0.6241367593712213	0.5576659051641389	0.029319672131147542	0.8079649389067524	0.06244139650872818	0.5246170238576627	0.019196779964221825	0.019196779964221825	0.019196779964221825	0.7542291110799044	0.3180892933618844	0.16727586206896553	0.895013629213483	0.08777914110429447	0.21305470016207456	0.10520588235294118	0.03713148788927336	0.2535578702043743	0.7712082309582309	0.17348036951501156	0.1990573355817875	0.9903967649857278	0.3899433802816901	0.03713148788927336	0.2786002363268062	0.029319672131147542	0.09692516129032258	0.03713148788927336	0.08777914110429447	0.1399452269170579	0.8403042222761465	0.27609589830508474	0.30001746183206107	0.056928381962864726	0.21848316	0.019196779964221825	0.1643810435615127	0.1643810435615127	0.6442552486187845	0.019196779964221825	0.20448467274233637	0.04434297520661157	0.9490276119402985	0.9657257681564246	0.715723417721519	0.7884407063197026	0.720786566274042	0.45976158013544016	0.4184513909224012	0.6923549019607844	0.22983252873563217	0.2250587159533074	0.27413093451568893	0.4976563798219585	0.4272814121037464	0.9264320008482664	0.1319855614973262	0.4042666247800955	0.2276398377125193	0.7146447896244911	0.019196779964221825	0.742333069392456	0.928239422062856	0.09692516129032258	0.549575587492717	0.38632704580545546	0.051442953020134234	0.0831860465116279	0.8359573398413666	0.46660687500000003	0.019196779964221825	0.6077785143060245	0.7626807612456746	0.36218221193135386	0.8629816381532692	0.07798691860465115	0.5505903663500679	0.4028860060514372	0.3463476622272598
g__Bifidobacterium	0.3180892933618844	0.3280510695187166	0.5783280867630701	0.9477744525547445	0.9060842163112772	0.3280510695187166	0.9345809473794771	0.7931057851239669	0.700443136049193	0.9602725547298654	0.9483234913793104	0.9053319955898567	0.2581065887353879	0.298407648	0.21848316	0.937155321148825	0.572762598425197	0.650622487562189	0.2276398377125193	0.5004022808870117	1.0	0.3463476622272598	0.9238170217298679	0.7268165171348728	0.9238170217298679	0.48930587728740577	0.750637632884479	0.7449734202607823	0.7869590951554785	0.17933468834688346	0.41953435448577675	0.8289597769516728	0.9762214620339645	0.6391698458410978	0.5361222997210043	0.8491576283355271	0.5605104389312977	0.6438599999999999	0.8015224050796943	0.2823194064688229	0.5563534602076124	0.41953435448577675	0.4736147117296223	0.9215373890730247	0.6584170799802923	0.23761500000000002	0.4790750930996714	0.46660687500000003	0.1883457656867047	0.9128887291734727	0.6170888208537438	0.9443856995140109	0.35251738645862357	0.4583739366515837	0.6065181818181817	0.8826538936535164	0.8701182857142857	0.9448114383137012	0.8289597769516728	0.49919022222222226	0.8754596663963861	0.9451389737765847	0.1435216049382716	0.4140307086614173	0.6831594876660342	0.8302740118577074	0.9120181045751634	0.5023212298682285	0.5518147280820592	0.9602556650246306	0.3334544894366197	0.9874081769436998	0.8841110185924491	0.9652329906168896	0.5925581188836535	0.8527803143979994	0.5518147280820592	0.9959940515532055	0.6963698731828023	0.8905761060948081	0.7656561854960781	0.5635353387739609	0.1503843843843844	0.35760140573318633	0.7966891058180399	0.7282029948867786	0.5635353387739609	0.690245288326301	0.7146447896244911	0.9689805847373637	0.8625327586206897	0.5605104389312977	0.6534687923343797	0.7577204218466265	0.8465867652362064	0.5635353387739609	0.7946186952542815	0.28853214051214704	0.3719201974386339	0.8266112921278447	0.9962118444590905	0.9979749436936937	0.17348036951501156	0.16993665579878903	0.8508717235617093	0.49045463917525767	0.9785863371528453	0.7235006660746004	0.7792129854368931	0.9855842469705712	0.3180892933618844	0.44227440890125175	0.8602756658024983	0.9249800446286262	0.3463476622272598	0.6317651079136691	0.1278884073672806	0.8153162011173184	0.8318768322675848	0.6602343734683875	0.9973648153369045	0.9215373890730247	0.5121411910669975	0.7923125691699604	0.7619248334258745	0.6890449286722057	0.769433971291866	0.8334655239960822	0.7062155891792755	0.4940793257947514	0.7946186952542815	0.653621885299934	0.8571852732434351	0.8797175382139985	0.8940084740040513	0.2581065887353879	0.513404705882353	0.9176487694300518	0.7320843504795118	0.9519382667073543	0.7042270096463022	0.5753463846440552	0.9148730944625407	0.9831580924855491	0.907545426594927	0.9806432048681543	0.9693850281648384
g__Bittarella	0.8927988843813387	0.3484996890898813	0.8258944187788737	0.3463476622272598	0.8233069895846405	0.9881385542168675	0.85804862851738	0.051442953020134234	0.06244139650872818	0.9519382667073543	0.7542291110799044	0.4675411214953271	0.16727586206896553	0.6086039914848324	0.1503843843843844	0.04434297520661157	0.019196779964221825	0.3315705154639175	0.7720407119476268	0.34177711085583	0.3463476622272598	1.0	0.4122016272189349	0.5768087320796872	0.051442953020134234	0.8848432718579236	0.7747251426242868	0.7276983906364302	0.11315641476274164	0.9159816114359973	0.6220411673016972	0.3246650374812594	0.9090644709486815	0.3345418197725284	0.019196779964221825	0.051442953020134234	0.1643810435615127	0.10969753457606735	0.056928381962864726	0.03713148788927336	0.4415268326739586	0.5325739635489686	0.1883457656867047	0.690245288326301	0.10520588235294118	0.9490276119402985	0.9978106508875739	0.5203572185970636	0.825482175	0.678882533099378	0.5405667257683214	0.6971669138090825	0.1015552050473186	0.051442953020134234	0.7781026490066225	0.9827870432854525	0.051442953020134234	0.7909438225976768	0.6619023460410557	0.4736147117296223	0.7165846153846154	0.07798691860465115	0.2804243206977524	0.9250390787518574	0.06738461538461539	0.8667297932001402	0.5948305982288089	0.18245100671140937	0.5053305109489051	0.03713148788927336	0.04434297520661157	0.7565189722766731	0.7966891058180399	0.3119631269349845	0.37133581208053684	0.019196779964221825	0.7676565843621398	0.5425502648616833	0.9058160405420292	0.42416452702702706	0.3719201974386339	0.7896127980922099	0.8211219217708464	0.7297392857142858	0.5226023151909017	0.07798691860465115	0.5298673764564081	0.9224512864310879	0.8913848488267148	0.18559157427937917	0.7656561854960781	0.9689805847373637	0.9248224869694713	0.06738461538461539	0.5647145537237067	0.4976563798219585	0.5023212298682285	0.7086601732259534	0.6546351604938271	0.28853214051214704	0.5848807579641156	0.2626389705882353	0.03713148788927336	0.029319672131147542	0.1503843843843844	0.6269901444788442	0.968381307761105	0.04434297520661157	0.6044204638715432	0.09269302325581395	0.30237270998415217	0.9769811988304095	0.482323581830037	0.752215374841169	0.895013629213483	0.9978106508875739	0.8169143544303799	0.8683242647058824	0.6613392524889832	0.8826538936535164	0.5635353387739609	0.1643810435615127	0.8836933782395251	0.32957460833579666	0.2447490420044215	0.5753463846440552	0.8395115211848974	0.7966891058180399	0.1399452269170579	0.678882533099378	0.3719201974386339	0.019196779964221825	0.7235006660746004	0.4272814121037464	0.019196779964221825	0.9870422535211267	0.8710973573923166	0.981578494934877	0.019196779964221825	0.6231442138038401	0.7219559678140366	0.7011227509978507	0.7831742312340539	0.6917614713216957	0.770269157218959	0.9943823000473261	0.5443352352941176
g__Blautia	0.1015552050473186	0.8602756658024983	0.4335039735099338	0.056928381962864726	0.48391966145833337	0.03713148788927336	0.8946120445344129	0.8750275130434784	0.2823194064688229	0.12070866141732284	0.7760591703944693	0.22983252873563217	0.9102177029832805	0.0831860465116279	0.9027006971340046	0.7837732394366197	0.051442953020134234	0.9201947639484979	0.515387797863599	0.19054612386314423	0.9238170217298679	0.4122016272189349	1.0	0.019196779964221825	0.7086601732259534	0.7926820263157895	0.8470621232136424	0.7869876615589607	0.6958941285824942	0.9441547402194163	0.7946186952542815	0.6251265654648956	0.895013629213483	0.7086601732259534	0.27413093451568893	0.1769656436097114	0.16993665579878903	0.515387797863599	0.1503843843843844	0.24916820494186043	0.3194177257525084	0.40724145	0.48391966145833337	0.6846046357615895	0.019196779964221825	0.7690182751540041	0.9652329906168896	0.42416452702702706	0.8139346814193057	0.13633880359978826	0.2786002363268062	0.35621453488372096	0.056928381962864726	0.019196779964221825	0.6943980428704567	0.9645348495451365	0.019196779964221825	0.019196779964221825	0.16993665579878903	0.06244139650872818	0.8325707765918292	0.03713148788927336	0.9863203034959661	0.7175519025417355	0.9885974770642202	0.6194696658545075	0.825482175	0.9962118444590905	0.3180892933618844	0.8427514088765268	0.019196779964221825	0.35422429205996675	0.051442953020134234	0.7395082262952807	0.019196779964221825	0.019196779964221825	0.34177711085583	0.20179481821980777	0.6251265654648956	0.956218052184466	0.5635353387739609	0.43260299145299147	0.11644146202170189	0.969378324099723	0.34995016882386043	0.30655182275298554	0.9567227713765919	0.5233997974478428	0.7656561854960781	0.8258944187788737	0.9102177029832805	0.2535578702043743	0.8289597769516728	0.19660545377077118	0.9558094423641331	0.06738461538461539	0.5788152181952663	0.6348764165390506	0.565569156580938	0.862184255019373	0.5467210670314637	0.724639483394834	0.8318768322675848	0.5586535159992335	0.7086601732259534	0.2866087487619676	0.8413769407775221	0.2159154929577465	0.051442953020134234	0.8587585299669656	0.870760435846638	0.48391966145833337	0.6646566466482714	0.905900440140845	0.8246562101313321	0.10520588235294118	0.15696245733788397	0.9827870432854525	0.7896127980922099	0.30837363977485927	0.46103913532988067	0.6673904592496765	0.34995016882386043	0.650622487562189	0.844778095582911	0.8710973573923166	0.46660687500000003	0.7665	0.029319672131147542	0.3141184145589142	0.9864982247385087	0.6681533344098175	0.7449734202607823	0.07333257403189065	0.3800737294761532	0.7235006660746004	0.951206509779951	0.755311789473684	0.019196779964221825	0.678882533099378	0.4963286897430452	0.8294672443674177	0.9652329906168896	0.3427915786468741	0.06738461538461539	0.3163550261297264	0.8029886865555986
g__Blautia_A	0.9088043649923229	0.6764448430493274	0.572762598425197	0.6943980428704567	0.5256176719790195	0.518909699816214	0.5629946146527117	0.9870422535211267	0.7861564712167758	0.1319855614973262	0.2250587159533074	0.9391860624999999	0.6348764165390506	0.019196779964221825	0.7625675956738768	0.9772651051811454	0.9620562619071493	0.3695462843295639	0.3793532232704402	0.8109268336314849	0.7268165171348728	0.5768087320796872	0.019196779964221825	1.0	0.7276983906364302	0.3793532232704402	0.5798345394129591	0.6165057328190743	0.5736988585329341	0.811986767147784	0.599123396226415	0.5477477472205968	0.7615981509801195	0.9490276119402985	0.2581065887353879	0.6157038461538461	0.9837180548868559	0.42862327586206894	0.9837180548868559	0.9346282207301722	0.9552067739975699	0.9238170217298679	0.6251265654648956	0.5011248794801928	0.15696245733788397	0.2937961625282167	0.1769656436097114	0.4963286897430452	0.845906928906532	0.8984704140694568	0.9579237782714055	0.9249800446286262	0.9475479625437332	0.32631718889883615	0.6299231575330699	0.019196779964221825	0.2276398377125193	0.9490276119402985	0.6451876943654907	0.5620220591039085	0.712044871406959	0.22983252873563217	0.6963698731828023	0.3695462843295639	0.671400193205603	0.7320843504795118	0.27413093451568893	0.904747374227714	0.8021853184878301	0.8606748912660163	0.32957460833579666	0.6310078414550446	0.976126817116061	0.9749813896511172	0.7854575534759358	0.7542291110799044	0.8934040878378378	0.7571733566433565	0.2250587159533074	0.7931057851239669	0.09269302325581395	0.2959206741573034	0.9675946959896506	0.9224512864310879	0.8039592616496708	0.9962118444590905	0.8783393984789123	0.8298710770372202	0.7079808754003354	0.40724145	0.8934040878378378	0.5338677864427115	0.5783280867630701	0.7923125691699604	0.7320843504795118	0.5526081675999228	0.5488772780373832	0.518909699816214	0.9400507801123361	0.9837180548868559	0.7792129854368931	0.5338677864427115	0.9773583479276124	0.8015224050796943	0.976126817116061	0.6896460478948192	0.6124162023977432	0.9224512864310879	0.8334655239960822	0.6207970266040689	0.2626389705882353	0.8904704825404	0.9483234913793104	0.9657257681564246	0.7459110587226746	0.9386549093183238	0.9169156790657439	0.3119631269349845	0.9602556650246306	0.30655182275298554	0.04434297520661157	0.8723771564752384	0.845906928906532	0.8606748912660163	0.6667333333333334	0.4042666247800955	0.8761440955788988	0.7200009871373019	0.6327361785836471	0.4700158990256864	0.995732967967495	0.4753551290536069	0.510767149958575	0.3194177257525084	0.2902446655791191	0.9196020019373587	0.8438904008693552	0.8266112921278447	0.9806432048681543	0.4415268326739586	0.8340645137614678	0.48699195327709277	0.822476443997991	0.2804243206977524	0.6559696660634973	0.9337480773271697	0.4415268326739586
g__Brotaphodocola	0.3050006006955422	0.24916820494186043	0.7086601732259534	0.019196779964221825	0.13633880359978826	0.9197670358026019	0.969378324099723	0.019196779964221825	0.03713148788927336	0.9058160405420292	0.04434297520661157	0.1769656436097114	0.03713148788927336	0.35887761316872424	0.7268165171348728	0.029319672131147542	0.019196779964221825	0.7733856676194365	0.5256176719790195	0.019196779964221825	0.9238170217298679	0.051442953020134234	0.7086601732259534	0.7276983906364302	1.0	0.9439985687616677	0.7272988716295429	0.3800737294761532	0.4110761692650334	0.7542291110799044	0.6569784094643444	0.03713148788927336	0.6310078414550446	0.04434297520661157	0.019196779964221825	0.08777914110429447	0.019196779964221825	0.15696245733788397	0.08777914110429447	0.019196779964221825	0.8789682519576233	0.8879190265486725	0.056928381962864726	0.9159816114359973	0.8438904008693552	0.7381152177057717	0.8905761060948081	0.10520588235294118	0.9922151129675337	0.056928381962864726	0.07333257403189065	0.8527803143979994	0.3811816035288012	0.051442953020134234	0.8905761060948081	0.1883457656867047	0.019196779964221825	0.019196779964221825	0.1883457656867047	0.12070866141732284	0.25151386782231855	0.2159154929577465	0.5037228648987262	0.3402587709174841	0.07333257403189065	0.8211219217708464	0.8523143759685302	0.029319672131147542	0.04434297520661157	0.708644776119403	0.18559157427937917	0.5597443955623566	0.11315641476274164	0.5215881945857929	0.029319672131147542	0.03713148788927336	0.36774612476370516	0.8403042222761465	0.8009621740822416	0.5845213328437673	0.056928381962864726	0.7599879526462395	0.16993665579878903	0.30655182275298554	0.19054612386314423	0.056928381962864726	0.9106937322559511	0.4477612577461556	0.919832925257732	0.5830864939360529	0.7025544198895027	0.4256242599277978	0.36774612476370516	0.019196779964221825	0.7626807612456746	0.07333257403189065	0.20448467274233637	0.8395115211848974	0.6451876943654907	0.8238292115143929	0.30237270998415217	0.03713148788927336	0.08777914110429447	0.029319672131147542	0.07798691860465115	0.8985646692607003	0.87919154589372	0.1399452269170579	0.019196779964221825	0.30237270998415217	0.1319855614973262	0.5783280867630701	0.518909699816214	0.3793532232704402	0.8023281282316442	0.6207970266040689	0.31075745012468825	0.5233997974478428	0.42416452702702706	0.34177711085583	0.20179481821980777	0.9298164400885236	0.35128924670960515	0.9806432048681543	0.051442953020134234	0.9754594613124389	0.6317651079136691	0.9003419727060913	0.019196779964221825	0.920358649517685	0.207468942821884	0.019196779964221825	0.572762598425197	0.25151386782231855	0.04434297520661157	0.15383044982698962	0.7271115107913669	0.5664202113606341	0.019196779964221825	0.1245721393034826	0.6460097829716194	0.1503843843843844	0.9594305684337835	0.20448467274233637	0.9386549093183238	0.6220411673016972	0.5925581188836535
g__Butyribacter	0.9169156790657439	0.7165846153846154	0.3749454039735099	0.7781026490066225	0.41953435448577675	0.5004022808870117	0.9365236363636363	0.7571733566433565	0.9143035853976532	0.7880622706726934	0.7672370192307693	0.6619023460410557	0.9201947639484979	0.09269302325581395	0.6584170799802923	0.8318768322675848	0.9922151129675337	0.8797175382139985	0.9754594613124389	0.7331110062436473	0.48930587728740577	0.8848432718579236	0.7926820263157895	0.3793532232704402	0.9439985687616677	1.0	0.06738461538461539	0.9850258828057346	0.845906928906532	0.6241367593712213	0.7822584654662725	0.4940793257947514	0.8518475480252954	0.33813828124999995	0.8238292115143929	0.9469309276227735	0.6124162023977432	0.9801895578824898	0.7946186952542815	0.6831594876660342	0.5361222997210043	0.37328937018336433	0.750637632884479	0.599123396226415	0.6846046357615895	0.9579237782714055	0.9060842163112772	0.8194434157416751	0.1503843843843844	0.9885974770642202	0.9469309276227735	0.919436612434005	0.6805690692124104	0.673770872850024	0.5919005993461679	0.9468984848484848	0.3180892933618844	0.48930587728740577	0.9174807866868382	0.3719201974386339	0.948743216080402	0.5226023151909017	0.9088043649923229	0.9588136583888552	0.7395082262952807	0.9376884667571235	0.9785863371528453	0.847739985599424	0.9267423764680986	0.6220411673016972	0.8377389727361246	0.9645348495451365	0.9309009788443322	0.3811816035288012	0.8982057975871314	0.819762962962963	0.9519382667073543	0.6681533344098175	0.6971669138090825	0.653621885299934	0.9843722206179613	0.8318768322675848	0.8194434157416751	0.35128924670960515	0.8885316666666666	0.9749813896511172	0.700443136049193	0.9017227307990691	0.999421485287249	0.6782526921233424	0.845906928906532	0.8237232890448735	0.4335039735099338	0.5384601859177215	0.9725825732258699	0.755311789473684	0.9892960000000001	0.5477477472205968	0.976126817116061	0.7800289005658851	0.8465867652362064	0.907545426594927	0.2232284309870232	0.49045463917525767	0.9712321122599704	0.8946120445344129	0.9523517076641593	0.9598349380602277	0.5215881945857929	0.4685735078766364	0.8982057975871314	0.7254738277794162	0.720786566274042	0.7900924176260421	0.9903967649857278	0.9979749436936937	0.8905761060948081	0.9925742339436485	0.7760591703944693	0.4436307052023121	0.7443957675753228	0.6187866957279861	0.4477612577461556	0.8761440955788988	0.9396187363380868	0.11315641476274164	0.9887586798931706	0.49489061901723036	0.5744170463032113	0.23761500000000002	0.713021100362757	0.8266112921278447	0.8667297932001402	0.4555797272727272	0.7877876980428704	0.87919154589372	0.7997776566757493	0.5884047592997812	0.9721011113296617	0.7884407063197026	0.8363482935153583	0.09692516129032258	0.9264320008482664	0.9169156790657439	0.7313752545824848	0.9478058225508317	0.7948785117493472
g__CAG-170	0.8189162121212121	0.87919154589372	0.17933468834688346	0.9813005793183355	0.9238170217298679	1.0	0.26500449320794145	0.7877876980428704	0.4700158990256864	0.7900924176260421	0.8961161561763715	0.6420904593639576	0.6810844345616264	0.5526081675999228	0.7849674073082586	0.6764448430493274	0.7626807612456746	0.019196779964221825	0.6488926658905704	0.510767149958575	0.750637632884479	0.7747251426242868	0.8470621232136424	0.5798345394129591	0.7272988716295429	0.06738461538461539	1.0	0.5384601859177215	0.7869876615589607	0.210068515497553	0.6626789653489507	0.3180892933618844	0.9881385542168675	0.24240278189910977	0.2353503409090909	0.6890449286722057	0.6101383351007422	0.36774612476370516	0.7235006660746004	0.8266112921278447	0.9749813896511172	0.5884047592997812	0.6157038461538461	0.8485843473053892	0.10520588235294118	0.7807383900928793	0.870760435846638	0.8860760914051841	0.4555797272727272	0.8587585299669656	0.6867975129859909	0.15696245733788397	0.7807383900928793	0.7948785117493472	0.32179984839296544	0.9376884667571235	0.3345418197725284	0.8266112921278447	0.8139346814193057	0.42249257557436515	0.8317846551724137	0.5006596129575095	0.5909175368382755	0.6890449286722057	0.5256176719790195	0.5586535159992335	0.9626496392062538	0.9304570465557194	0.5376137390959556	0.43831910693302	0.09269302325581395	0.9196020019373587	0.8169143544303799	0.2353503409090909	0.720786566274042	0.826305737091544	0.9543865443114987	0.6442552486187845	0.9381230913642052	0.7775981732070365	0.6442552486187845	0.9490276119402985	0.40994232488822646	0.9874081769436998	0.7923125691699604	0.8258944187788737	0.04434297520661157	0.9315402061855671	0.6194696658545075	0.16101694094869312	0.2804243206977524	0.5664202113606341	0.9602556650246306	0.5053305109489051	0.8934040878378378	0.6689139954853274	0.7919421372031663	0.855447132169576	0.9885974770642202	0.7861564712167758	0.6399867768595041	0.7577204218466265	0.9257849777211967	0.6917614713216957	0.8023281282316442	0.9346753850990256	0.720786566274042	0.7254738277794162	0.18245100671140937	0.6824338242280286	0.210068515497553	0.752215374841169	0.8567748488082533	0.5023212298682285	0.9732546767537827	0.9461825221695195	0.937155321148825	0.9322767823343849	0.9515242365635179	0.7235006660746004	0.8710973573923166	0.5855589514066497	0.43501316658801326	0.9767921275973077	0.9201947639484979	0.06738461538461539	0.9291751581611135	0.5788152181952663	0.2626389705882353	0.4790750930996714	0.6382168956743003	0.8099438340376489	0.9988401535724318	0.6382168956743003	0.32957460833579666	0.5774091196136703	0.8629816381532692	0.9607712866318747	0.34995016882386043	0.9346282207301722	0.8194434157416751	0.2353503409090909	0.9579237782714055	0.8879190265486725	0.9546034950866173	0.9707489506355306	0.9504725130088766
g__CAG-177	0.510767149958575	0.7831742312340539	0.9508882646818922	0.6831594876660342	0.11644146202170189	0.7926820263157895	0.6846046357615895	0.019196779964221825	0.9762214620339645	0.6317651079136691	0.11315641476274164	0.9892960000000001	0.9017227307990691	0.5518147280820592	0.567695382585752	0.8866912406271301	0.44227440890125175	0.5830864939360529	0.9381230913642052	0.9159816114359973	0.7449734202607823	0.7276983906364302	0.7869876615589607	0.6165057328190743	0.3800737294761532	0.9850258828057346	0.5384601859177215	1.0	0.9174807866868382	0.3141184145589142	0.2232284309870232	0.8985646692607003	0.8804639022711631	0.770269157218959	0.5788152181952663	0.9131623368146213	0.5977321402877697	0.9441547402194163	0.4675411214953271	0.9754595538597006	0.43501316658801326	0.17933468834688346	0.8023281282316442	0.9870422535211267	0.6337045951486163	0.5081109540636043	0.5550374783445621	0.34177711085583	0.7363954347826087	0.1015552050473186	0.1399452269170579	0.87919154589372	0.22983252873563217	0.3194177257525084	0.6626789653489507	0.07333257403189065	0.9823294849537038	0.5919005993461679	0.207468942821884	0.4154445044160942	0.9350160402052142	0.6949853598014889	0.9772651051811454	0.9519382667073543	0.3719201974386339	0.9887586798931706	0.09269302325581395	0.9962118444590905	0.6923549019607844	0.7542291110799044	0.572762598425197	0.8683242647058824	0.32328917370325694	0.9230056758775206	0.8359573398413666	0.2823194064688229	0.948743216080402	0.7984433121019109	0.7272988716295429	0.9330127391212949	0.639363061845218	0.5744170463032113	0.46103913532988067	0.7079808754003354	0.81849139173303	0.650622487562189	0.46251815730337076	0.8304711237202417	0.9350160402052142	0.3811816035288012	0.5272506650544135	0.8683242647058824	0.49919022222222226	0.4398074560375147	0.42985481021723565	0.937155321148825	0.5647145537237067	0.8523143759685302	0.8427514088765268	0.2581065887353879	0.8023281282316442	0.2840977137176938	0.9802795524990314	0.9243692995529061	0.6032593247588424	0.7849674073082586	0.9114448659254415	0.678882533099378	0.549575587492717	0.43831910693302	0.4335039735099338	0.8498952000000001	0.3119631269349845	0.9027006971340046	0.9461825221695195	0.999421485287249	0.35760140573318633	0.4790750930996714	0.6884419218087612	0.7676565843621398	0.6438599999999999	0.9159105713975929	0.653621885299934	0.7482655982905984	0.720786566274042	0.5203572185970636	0.6165057328190743	0.9435706486766995	0.1278884073672806	0.8368402825133949	0.21305470016207456	0.9767921275973077	0.9979749436936937	0.8233069895846405	0.7415354517942067	0.9689805847373637	0.43501316658801326	0.1769656436097114	0.5937496289592761	0.6376602718776552	0.6896460478948192	0.4790750930996714	0.8099438340376489	0.4028860060514372	0.8594162107993398	0.9762214620339645	0.6310078414550446
g__CAG-217	0.19393373493975907	0.8498952000000001	0.8905761060948081	0.9645348495451365	0.9478058225508317	0.482323581830037	0.820804608991311	0.6170888208537438	0.7903619714587738	0.920358649517685	0.8542172098001902	0.7443957675753228	0.7964326642335767	0.9988401535724318	0.844778095582911	0.6689139954853274	0.6760254492939666	0.18559157427937917	0.999421485287249	0.9607712866318747	0.7869590951554785	0.11315641476274164	0.6958941285824942	0.5736988585329341	0.4110761692650334	0.845906928906532	0.7869876615589607	0.9174807866868382	1.0	0.9381230913642052	0.8395115211848974	0.1278884073672806	0.567695382585752	0.210068515497553	0.06738461538461539	0.37133581208053684	0.5215881945857929	0.8961161561763715	0.9657257681564246	0.5948305982288089	0.7760591703944693	0.7086601732259534	0.19054612386314423	0.7571733566433565	0.5576659051641389	0.9197670358026019	0.8961161561763715	0.8629816381532692	0.5160022117550686	0.8302740118577074	0.5505903663500679	0.8413769407775221	0.9501531808434596	0.8848432718579236	0.4154445044160942	0.76501884057971	0.6212586224843858	0.9483234913793104	0.7443957675753228	0.80919138792772	0.6963698731828023	0.9441547402194163	0.8826538936535164	0.937155321148825	0.9626496392062538	0.6376602718776552	0.9636416516516516	0.876017718446602	0.7554395488932474	0.9483234913793104	0.3844559969048233	0.48156122982991717	0.7931057851239669	0.7792129854368931	0.8060339127076092	0.5526081675999228	0.7607408515374982	0.8958167452830189	0.7449734202607823	0.7268165171348728	0.7650216972034715	0.7926820263157895	0.9415975678203928	0.5004022808870117	0.793680566111912	0.6534687923343797	0.34177711085583	0.9665169456066947	0.6065181818181817	0.6337045951486163	0.8039592616496708	0.8594162107993398	0.7869876615589607	0.6317651079136691	0.9197670358026019	0.9813005793183355	0.7200009871373019	0.7235006660746004	0.9714278925619836	0.8761440955788988	0.4940793257947514	0.46660687500000003	0.9490276119402985	0.9250390787518574	0.09692516129032258	0.4466309392265193	0.7038772204325817	0.44227440890125175	0.5977321402877697	0.650622487562189	0.6958941285824942	0.8009621740822416	0.7183015772870662	0.4042666247800955	0.9926505544498152	0.6451876943654907	0.9250390787518574	0.8550866975748931	0.9439985687616677	0.5006596129575095	0.8330696654001716	0.8452570894622619	0.22118304209690232	0.453070322138451	0.7966891058180399	0.8294672443674177	0.8491576283355271	0.056928381962864726	0.9959940515532055	0.7489407370517929	0.20448467274233637	0.6911661879487981	0.9120181045751634	0.7966891058180399	0.6376602718776552	0.3427915786468741	0.8894523259762308	0.849526810901267	0.6327361785836471	0.30237270998415217	0.029319672131147542	0.2823194064688229	0.8984704140694568	0.9988401535724318	0.7272988716295429	0.9692756090314915	0.06244139650872818
g__CAG-488	0.43260299145299147	0.6879452028939917	0.8982057975871314	0.6673904592496765	0.5338677864427115	0.6824338242280286	0.36774612476370516	0.8079649389067524	0.6032593247588424	0.7849674073082586	0.9400507801123361	0.5414008844339623	0.8395115211848974	0.7997776566757493	0.9912127720231874	0.47787588932806324	0.7743193008705114	0.1470746192893401	0.8215416331658292	0.9230056758775206	0.17933468834688346	0.9159816114359973	0.9441547402194163	0.811986767147784	0.7542291110799044	0.6241367593712213	0.210068515497553	0.3141184145589142	0.9381230913642052	1.0	0.5226023151909017	0.9831580924855491	0.5813862202545657	0.48561612483745126	0.487730659767141	0.639363061845218	0.6943980428704567	0.3811816035288012	0.7537556009581513	0.20179481821980777	0.9224512864310879	0.6701040115998066	0.49138740629685157	0.752215374841169	0.8392275920748754	0.5597443955623566	0.8346624786115864	0.1883457656867047	0.1399452269170579	0.7676565843621398	0.653621885299934	0.639363061845218	0.9090644709486815	0.9945507849442028	0.4012932743362832	0.8587585299669656	0.1990573355817875	0.9754594613124389	0.874391611555865	0.9400507801123361	0.8984704140694568	0.9088043649923229	0.9391860624999999	0.6725864864864866	0.7747251426242868	0.8176517075638756	0.3334544894366197	0.8789682519576233	0.5845213328437673	0.8346624786115864	0.7639594669244579	0.7138877547939	0.8321731024318348	0.712044871406959	0.37133581208053684	0.9938369318181818	0.9360870229007634	0.9435706486766995	0.4654583258728738	0.5774091196136703	0.6488926658905704	0.8985646692607003	0.7428085825186889	0.6673904592496765	0.9979749436936937	0.8189162121212121	0.1319855614973262	0.6856480151228734	0.8498952000000001	0.07333257403189065	0.9979749436936937	0.7781026490066225	0.9598349380602277	0.9732546767537827	0.9950010396975425	0.7869876615589607	0.969378324099723	0.8317846551724137	0.7189415841584158	0.7242314458900059	0.7320843504795118	0.7625675956738768	0.9365236363636363	0.9201947639484979	0.9754595538597006	0.8304711237202417	0.8395115211848974	0.7200009871373019	0.9779266848196052	0.8804639022711631	0.8899618072834199	0.3793532232704402	0.5203572185970636	0.9027006971340046	0.3844559969048233	0.7973593498049415	0.5535045664739885	0.724639483394834	0.9391860624999999	0.9689805847373637	0.9631459435096154	0.9806432048681543	0.9863203034959661	0.956218052184466	0.7923125691699604	0.4256242599277978	0.9391860624999999	0.9887586798931706	0.7903619714587738	0.845906928906532	0.8567748488082533	0.7415354517942067	0.9298164400885236	0.5526081675999228	0.45438008204193253	0.8465867652362064	0.793680566111912	0.20179481821980777	0.6867975129859909	0.9267423764680986	0.9806432048681543	0.207468942821884	0.8465867652362064	0.9060842163112772	0.9155412045577863	0.5736988585329341	0.5937496289592761
g__Catenibacterium	0.19054612386314423	0.4736147117296223	0.8527803143979994	0.653621885299934	0.1278884073672806	0.36774612476370516	0.6602343734683875	0.6170888208537438	0.690245288326301	0.7927380007881256	0.874391611555865	0.7896127980922099	0.7625675956738768	0.5848807579641156	0.8105914022517913	0.8318768322675848	0.845906928906532	0.9933851620238772	0.9309009788443322	0.8144707661034177	0.41953435448577675	0.6220411673016972	0.7946186952542815	0.599123396226415	0.6569784094643444	0.7822584654662725	0.6626789653489507	0.2232284309870232	0.8395115211848974	0.5226023151909017	1.0	0.617885207823961	0.2250587159533074	0.24916820494186043	0.8984704140694568	0.752215374841169	0.7676565843621398	0.9090644709486815	0.811986767147784	0.5605104389312977	0.47787588932806324	0.4057760280842527	0.8732186033000232	0.49919022222222226	0.6044204638715432	0.2626389705882353	0.32631718889883615	0.40994232488822646	0.999421485287249	0.4084944693572496	0.7508814914390831	0.9533703654822334	0.1643810435615127	0.23761500000000002	0.7789213369345036	0.1015552050473186	0.9806432048681543	0.7261994845360825	0.5855589514066497	0.7235006660746004	0.9106937322559511	0.9360870229007634	0.5576659051641389	0.4110761692650334	0.35251738645862357	0.9689805847373637	0.03713148788927336	0.4641994166479695	0.8723771564752384	0.6701040115998066	0.8289597769516728	0.6317651079136691	0.15383044982698962	0.9060842163112772	0.7593394450641382	0.9304570465557194	0.207468942821884	0.4057760280842527	0.16993665579878903	0.8289597769516728	0.47656597711267606	0.6469372457485828	0.6438599999999999	0.5783280867630701	0.7305581039755352	0.7219559678140366	0.8982057975871314	0.4110761692650334	0.4685735078766364	0.20448467274233637	0.9885974770642202	0.9675946959896506	0.33813828124999995	0.9346282207301722	0.03713148788927336	0.9106937322559511	0.9745983230361871	0.7261994845360825	0.5384601859177215	0.9988401535724318	0.9689805847373637	0.8738562819321877	0.27609589830508474	0.9114448659254415	0.920358649517685	0.40724145	0.37328937018336433	0.18559157427937917	0.9276391125198099	0.49489061901723036	0.8866912406271301	0.9864982247385087	0.1435216049382716	0.6010359484148308	0.6096424623560673	0.24670317982456139	0.4042666247800955	0.48156122982991717	0.8413769407775221	0.8846287098244815	0.04434297520661157	0.81849139173303	0.4804785308264102	0.87919154589372	0.862184255019373	0.9083247942048074	0.9782092216499855	0.7884407063197026	0.7428085825186889	0.8279418177303203	0.9689805847373637	0.2276398377125193	0.5925581188836535	0.8427514088765268	0.9602556650246306	0.6958941285824942	0.8271229221021243	0.9962118444590905	0.973352679623086	0.23957767424524787	0.903675638051044	0.7854575534759358	0.19660545377077118	0.21305470016207456	0.3345418197725284	0.5635353387739609	0.21848316
g__Choladousia	0.5925581188836535	0.5176697626841245	0.1399452269170579	0.6503528257978722	0.6896460478948192	0.9991900617630545	0.7554395488932474	0.9917613031914894	0.4804785308264102	0.19393373493975907	0.8413769407775221	0.43501316658801326	0.46103913532988067	0.9594305684337835	0.07798691860465115	0.6602343734683875	0.1399452269170579	0.019196779964221825	0.298407648	0.9636416516516516	0.8289597769516728	0.3246650374812594	0.6251265654648956	0.5477477472205968	0.03713148788927336	0.4940793257947514	0.3180892933618844	0.8985646692607003	0.1278884073672806	0.9831580924855491	0.617885207823961	1.0	0.9938369318181818	0.019196779964221825	0.1503843843843844	0.45976158013544016	0.08777914110429447	0.5576659051641389	0.7313752545824848	0.8625327586206897	0.793680566111912	0.5405667257683214	0.20448467274233637	0.8757896667438093	0.07798691860465115	0.919832925257732	0.9806432048681543	0.6896460478948192	0.8691709402706487	0.7138877547939	0.3971722222222222	0.8162792854427975	0.9131623368146213	0.6096424623560673	0.7815516476126428	0.712044871406959	0.029319672131147542	0.5146635352286774	0.5395155349388077	0.24670317982456139	0.2232284309870232	0.6269901444788442	0.8776084745762712	0.5664202113606341	0.3427915786468741	0.7482655982905984	0.9973648153369045	0.43260299145299147	0.4566693405846363	0.8144707661034177	0.3882891371340524	0.7993187061574435	0.5361222997210043	0.8675781034684107	0.40724145	0.4140307086614173	0.9281844789356984	0.5414008844339623	0.487730659767141	0.9148730944625407	0.6065181818181817	0.9267423764680986	0.8606748912660163	0.9533703654822334	0.43831910693302	0.06738461538461539	0.7869876615589607	0.8340645137614678	0.8860760914051841	0.6147909762532981	0.7584777421155455	0.9257849777211967	0.2937961625282167	0.12070866141732284	0.8484168725266819	0.769433971291866	0.30655182275298554	0.9515242365635179	0.8804639022711631	0.7896127980922099	0.6442552486187845	0.825482175	0.1643810435615127	0.4753551290536069	0.019196779964221825	0.9602556650246306	0.9490276119402985	0.9693917176702863	0.06738461538461539	0.5160022117550686	0.862184255019373	0.9210794136528996	0.845906928906532	0.5226023151909017	0.8304711237202417	0.653621885299934	0.8984704140694568	0.5744170463032113	0.4700158990256864	0.9017227307990691	0.9490276119402985	0.8658806896551724	0.1435216049382716	0.826305737091544	0.30837363977485927	0.16727586206896553	0.9165481818181819	0.019196779964221825	0.09692516129032258	0.8885316666666666	0.5620220591039085	0.09269302325581395	0.5605104389312977	0.34995016882386043	0.051442953020134234	0.9196020019373587	0.8153162011173184	0.42249257557436515	0.4566693405846363	0.9210794136528996	0.9959940515532055	0.4028860060514372	0.8892442266288951	0.5845213328437673	0.9962118444590905	0.5605104389312977	0.21305470016207456
g__Clostridium	0.5605104389312977	0.9806432048681543	0.6101383351007422	0.8761440955788988	0.572762598425197	0.9060842163112772	0.9901294039230623	0.46103913532988067	0.6782526921233424	0.5011248794801928	0.9224512864310879	0.7650216972034715	0.9427504360465117	0.9197670358026019	0.3345418197725284	0.9773583479276124	0.1399452269170579	0.8039592616496708	0.5066175686927561	0.855447132169576	0.9762214620339645	0.9090644709486815	0.895013629213483	0.7615981509801195	0.6310078414550446	0.8518475480252954	0.9881385542168675	0.8804639022711631	0.567695382585752	0.5813862202545657	0.2250587159533074	0.9938369318181818	1.0	0.6890449286722057	0.841095962168061	0.6884419218087612	0.9176487694300518	0.9762214620339645	0.7542291110799044	0.8826538936535164	0.482323581830037	0.7877876980428704	0.4272814121037464	0.8892442266288951	0.34177711085583	0.7452296524102416	0.2558460085531005	0.9114448659254415	0.7235006660746004	0.8776084745762712	0.8368402825133949	0.9592191163119137	0.9400507801123361	0.44559672055427246	0.9210794136528996	0.7665	0.3800737294761532	0.6764448430493274	0.8550866975748931	0.887406301805382	0.6157038461538461	0.41953435448577675	0.769433971291866	0.7542291110799044	0.7650216972034715	0.2840977137176938	0.27413093451568893	0.9120181045751634	0.9693850281648384	0.6917614713216957	0.7841608171466845	0.600296608040201	0.9669117073170732	0.81849139173303	0.9443856995140109	0.750637632884479	0.019196779964221825	0.9938369318181818	0.4963286897430452	0.5823988397790055	0.11644146202170189	0.27413093451568893	0.5620220591039085	0.16993665579878903	0.9602725547298654	0.8238292115143929	0.8395115211848974	0.6133349234289738	0.31075745012468825	0.9346282207301722	0.8395115211848974	0.06738461538461539	0.9649323776223777	0.2937961625282167	0.1435216049382716	0.9407755458515283	0.6760254492939666	0.826305737091544	0.6635611047928514	0.6220411673016972	0.7292380291970804	0.9665169456066947	0.9602725547298654	0.7903619714587738	0.7760591703944693	0.7607408515374982	0.9788679507083252	0.9083247942048074	0.973352679623086	0.9874081769436998	0.9943823000473261	0.2447490420044215	0.9264320008482664	0.5744170463032113	0.7297392857142858	0.6546351604938271	0.6460097829716194	0.4398074560375147	0.4466309392265193	0.8211219217708464	0.49138740629685157	0.5705574007899191	0.8131701172870984	0.6597746930757898	0.08777914110429447	0.7554395488932474	0.7964326642335767	0.9501531808434596	0.9249800446286262	0.9176487694300518	0.28853214051214704	0.9801895578824898	0.2902446655791191	0.3793532232704402	0.826305737091544	0.5635353387739609	0.7313752545824848	0.019196779964221825	0.8830731520621502	0.019196779964221825	0.6438599999999999	0.8109268336314849	0.7997776566757493	0.28853214051214704	0.9988401535724318	0.6884419218087612	0.8485843473053892
g__Clostridium_A	0.864888442622951	0.3119631269349845	0.819762962962963	0.5823988397790055	0.36218221193135386	0.06738461538461539	0.6593132032146957	0.9754595538597006	0.9867704477898168	0.9693917176702863	0.8084093525179857	0.7637431871628163	0.2535578702043743	0.6096424623560673	0.10969753457606735	0.2804243206977524	0.06244139650872818	0.22118304209690232	0.029319672131147542	0.9579237782714055	0.6391698458410978	0.3345418197725284	0.7086601732259534	0.9490276119402985	0.04434297520661157	0.33813828124999995	0.24240278189910977	0.770269157218959	0.210068515497553	0.48561612483745126	0.24916820494186043	0.019196779964221825	0.6890449286722057	1.0	0.019196779964221825	0.9396187363380868	0.46251815730337076	0.8797175382139985	0.5488772780373832	0.8050326967741935	0.5664202113606341	0.019196779964221825	0.21305470016207456	0.8984704140694568	0.3427915786468741	0.15696245733788397	0.6391698458410978	0.8804639022711631	0.7452296524102416	0.6782526921233424	0.8523143759685302	0.6469372457485828	0.3764915258711721	0.6526663798808735	0.9707489506355306	0.944132324906755	0.051442953020134234	0.4566693405846363	0.903675638051044	0.5505903663500679	0.24240278189910977	0.5395155349388077	0.41953435448577675	0.6101383351007422	0.15696245733788397	0.2159154929577465	0.07333257403189065	0.019196779964221825	0.6597746930757898	0.2804243206977524	0.8848432718579236	0.06738461538461539	0.6597746930757898	0.9400507801123361	0.5006596129575095	0.37328937018336433	0.9863203034959661	0.09269302325581395	0.5605104389312977	0.5919005993461679	0.6667333333333334	0.23269584603658536	0.5226023151909017	0.7165846153846154	0.9864982247385087	0.2902446655791191	0.7554395488932474	0.6429224798387095	0.5869831538601936	0.019196779964221825	0.7494013213981244	0.35760140573318633	0.3334544894366197	0.7542291110799044	0.8099438340376489	0.7993187061574435	0.4335039735099338	0.6971669138090825	0.6096424623560673	0.6805690692124104	0.6619023460410557	0.4122016272189349	0.29212553536664504	0.3180892933618844	0.2823194064688229	0.7443957675753228	0.41705403817914827	0.3992867021276596	0.5312759879638916	0.13633880359978826	0.9113679144385026	0.07798691860465115	0.056928381962864726	0.1470746192893401	0.5774091196136703	0.944132324906755	0.8310771999014048	0.5176697626841245	0.8629816381532692	0.7235006660746004	0.21305470016207456	0.4084944693572496	0.9090644709486815	0.06244139650872818	0.3345418197725284	0.21305470016207456	0.27609589830508474	0.5298673764564081	0.1470746192893401	0.49045463917525767	0.6987551001540833	0.029319672131147542	0.6488926658905704	0.920358649517685	0.06738461538461539	0.841095962168061	0.969378324099723	0.27413093451568893	0.9523517076641593	0.944132324906755	0.11644146202170189	0.019196779964221825	0.7577204218466265	0.4042666247800955	0.1643810435615127	0.5338677864427115	0.07333257403189065
g__Clostridium_AP	0.7733856676194365	0.6987551001540833	0.2558460085531005	0.43107872441694434	0.9095420074349443	0.5376137390959556	0.8738562819321877	0.2535578702043743	0.1769656436097114	0.9712321122599704	0.7519743317776835	0.32328917370325694	0.19054612386314423	0.518909699816214	0.21848316	0.019196779964221825	0.19054612386314423	0.1399452269170579	0.40724145	0.42249257557436515	0.5361222997210043	0.019196779964221825	0.27413093451568893	0.2581065887353879	0.019196779964221825	0.8238292115143929	0.2353503409090909	0.5788152181952663	0.06738461538461539	0.487730659767141	0.8984704140694568	0.1503843843843844	0.841095962168061	0.019196779964221825	1.0	0.0831860465116279	0.051442953020134234	0.2786002363268062	0.4335039735099338	0.029319672131147542	0.9689805847373637	0.24916820494186043	0.019196779964221825	0.6635611047928514	0.1245721393034826	0.3280510695187166	0.9381230913642052	0.6317651079136691	0.9185096795079314	0.7062155891792755	0.33813828124999995	0.9196020019373587	0.6133349234289738	0.019196779964221825	0.7537556009581513	0.9041619783616692	0.06738461538461539	0.9703608854269375	0.5635353387739609	0.3899433802816901	0.11315641476274164	0.8384327900754074	0.207468942821884	0.862184255019373	0.029319672131147542	0.9903967649857278	0.6831594876660342	0.07333257403189065	0.16993665579878903	0.17933468834688346	0.019196779964221825	0.4497081155433287	0.9346753850990256	0.4042666247800955	0.1278884073672806	0.09692516129032258	0.2353503409090909	0.2353503409090909	0.7599879526462395	0.056928381962864726	0.7235006660746004	0.8723771564752384	0.80874896073903	0.7650216972034715	0.5414008844339623	0.019196779964221825	0.3194177257525084	0.9468984848484848	0.7498605987514189	0.2232284309870232	0.9602556650246306	0.4583739366515837	0.7105178343949045	0.19054612386314423	0.9070643076923077	0.11315641476274164	0.7626807612456746	0.999421485287249	0.38632704580545546	0.920358649517685	0.056928381962864726	0.518909699816214	0.07798691860465115	0.1278884073672806	0.07333257403189065	0.7946186952542815	0.7554395488932474	0.6044204638715432	0.3246650374812594	0.11644146202170189	0.45976158013544016	0.27223511843460346	0.8841110185924491	0.898381452962839	0.9806432048681543	0.5006596129575095	0.9997701643017177	0.6725864864864866	0.6187866957279861	0.7747251426242868	0.3811816035288012	0.49489061901723036	0.8413769407775221	0.6975315448658649	0.04434297520661157	0.944132324906755	0.8334655239960822	0.6831594876660342	0.1503843843843844	0.8403042222761465	0.4415268326739586	0.019196779964221825	0.9984198086662914	0.09692516129032258	0.019196779964221825	0.9903967649857278	0.40994232488822646	0.7733856676194365	0.10520588235294118	0.298407648	0.6410398584905661	0.27413093451568893	0.510767149958575	0.3749454039735099	0.32957460833579666	0.6194696658545075	0.5272506650544135
g__Collinsella	0.8135010695187167	0.876017718446602	0.6597746930757898	0.06738461538461539	0.7508814914390831	0.24670317982456139	0.8606748912660163	0.7625675956738768	0.5563534602076124	0.8866912406271301	0.22983252873563217	0.0831860465116279	0.3764915258711721	0.9159816114359973	0.5376137390959556	0.056928381962864726	0.03713148788927336	0.6032593247588424	0.16727586206896553	0.019196779964221825	0.8491576283355271	0.051442953020134234	0.1769656436097114	0.6157038461538461	0.08777914110429447	0.9469309276227735	0.6890449286722057	0.9131623368146213	0.37133581208053684	0.639363061845218	0.752215374841169	0.45976158013544016	0.6884419218087612	0.9396187363380868	0.0831860465116279	1.0	0.34467422475106685	0.7619248334258745	0.03713148788927336	0.056928381962864726	0.3246650374812594	0.4110761692650334	0.46251815730337076	0.32631718889883615	0.019196779964221825	0.2694763692731657	0.752215374841169	0.0831860465116279	0.536336914217633	0.9451389737765847	0.019196779964221825	1.0	0.019196779964221825	0.019196779964221825	0.9926505544498152	0.9739279996075739	0.1435216049382716	0.7584777421155455	0.2607992592592593	0.7554395488932474	0.8189162121212121	0.22118304209690232	0.49045463917525767	0.48156122982991717	0.3180892933618844	0.897709032979318	0.3719201974386339	0.6681533344098175	0.8135010695187167	0.7479089028392067	0.5970907894736841	0.7234471841477951	0.905900440140845	0.7720407119476268	0.26725282299965364	0.03713148788927336	0.056928381962864726	0.6975315448658649	0.9806432048681543	0.17933468834688346	0.6673904592496765	0.029319672131147542	0.27609589830508474	0.9090644709486815	0.7909438225976768	0.029319672131147542	0.8894523259762308	0.8769778816199377	0.7973593498049415	0.849526810901267	0.6096424623560673	0.8055857695282289	0.6032593247588424	0.03713148788927336	0.7619248334258745	0.07333257403189065	0.6343457289002558	0.5948305982288089	0.5037228648987262	0.5744170463032113	0.5664202113606341	0.7428085825186889	0.04434297520661157	0.056928381962864726	0.1643810435615127	0.7235006660746004	0.6114945611866501	0.10969753457606735	0.7272988716295429	0.7542291110799044	0.9478058225508317	0.9003419727060913	0.06244139650872818	0.819762962962963	0.207468942821884	0.8571852732434351	0.1470746192893401	0.690245288326301	0.5823988397790055	0.5753463846440552	0.64797012489592	0.12070866141732284	0.9988401535724318	0.5563534602076124	0.1470746192893401	0.9754595538597006	0.7619248334258745	0.653621885299934	0.03713148788927336	0.8363482935153583	0.06738461538461539	0.2937961625282167	0.8211219217708464	0.49284130853110963	0.6943980428704567	0.5586535159992335	0.8982057975871314	0.17348036951501156	0.019196779964221825	0.46660687500000003	0.35760140573318633	0.81849139173303	0.7775981732070365	0.3695462843295639	0.715723417721519	0.7079808754003354	0.9779266848196052
g__Coprococcus_A	0.1245721393034826	0.029319672131147542	0.03713148788927336	0.019196779964221825	0.33659154069767444	0.22118304209690232	0.9991900617630545	0.6420904593639576	0.06738461538461539	0.2353503409090909	0.1470746192893401	0.16727586206896553	0.11315641476274164	0.9243692995529061	0.8189162121212121	0.5349438834563959	0.051442953020134234	0.18245100671140937	0.7438166211751185	0.019196779964221825	0.5605104389312977	0.1643810435615127	0.16993665579878903	0.9837180548868559	0.019196779964221825	0.6124162023977432	0.6101383351007422	0.5977321402877697	0.5215881945857929	0.6943980428704567	0.7676565843621398	0.08777914110429447	0.9176487694300518	0.46251815730337076	0.051442953020134234	0.34467422475106685	1.0	0.09269302325581395	0.019196779964221825	0.019196779964221825	0.8970107718120804	0.4184513909224012	0.3194177257525084	0.7235006660746004	0.29212553536664504	0.28853214051214704	0.029319672131147542	0.24916820494186043	0.8294672443674177	0.2581065887353879	0.019196779964221825	0.029319672131147542	0.33813828124999995	0.019196779964221825	0.7903619714587738	0.24670317982456139	0.019196779964221825	0.019196779964221825	0.1643810435615127	0.019196779964221825	0.06244139650872818	0.019196779964221825	0.6884419218087612	0.07798691860465115	0.11644146202170189	0.48391966145833337	0.7927380007881256	0.7165846153846154	0.03713148788927336	0.10969753457606735	0.019196779964221825	0.7070991755725191	0.029319672131147542	0.973352679623086	0.019196779964221825	0.04434297520661157	0.3484996890898813	0.9508882646818922	0.3695462843295639	0.18559157427937917	0.36774612476370516	0.210068515497553	0.515387797863599	0.10520588235294118	0.07333257403189065	0.056928381962864726	0.4407733177570094	0.06244139650872818	0.9469309276227735	0.720786566274042	0.9813005793183355	0.6101383351007422	0.6133349234289738	0.029319672131147542	0.16727586206896553	0.07798691860465115	0.5958009202453988	0.11315641476274164	0.9365236363636363	0.5053305109489051	0.019196779964221825	0.17348036951501156	0.10520588235294118	0.08777914110429447	0.019196779964221825	0.06738461538461539	0.6546351604938271	0.029319672131147542	0.03713148788927336	0.5160022117550686	0.7880622706726934	0.5977321402877697	0.6451876943654907	0.9478058225508317	0.7276983906364302	0.20179481821980777	0.056928381962864726	0.6212586224843858	0.03713148788927336	0.31075745012468825	0.27223511843460346	0.8606748912660163	0.029319672131147542	0.4140307086614173	0.03713148788927336	0.6207970266040689	0.2232284309870232	0.9169156790657439	0.019196779964221825	0.7577204218466265	0.7489407370517929	0.2250587159533074	0.07333257403189065	0.6310078414550446	0.04434297520661157	0.019196779964221825	0.8266112921278447	0.5384601859177215	0.019196779964221825	0.12070866141732284	0.7650216972034715	0.700443136049193	0.6044204638715432	0.04434297520661157	0.051442953020134234	0.9090644709486815	0.9053319955898567
g__Dialister	0.9669117073170732	0.2902446655791191	0.487730659767141	0.5338677864427115	0.46103913532988067	0.9468984848484848	0.4398074560375147	0.549575587492717	0.051442953020134234	0.7626807612456746	0.9427504360465117	0.16727586206896553	0.26725282299965364	0.6261136434108527	0.9504725130088766	0.4084944693572496	0.32328917370325694	0.19054612386314423	0.7571733566433565	0.6157038461538461	0.6438599999999999	0.10969753457606735	0.515387797863599	0.42862327586206894	0.15696245733788397	0.9801895578824898	0.36774612476370516	0.9441547402194163	0.8961161561763715	0.3811816035288012	0.9090644709486815	0.5576659051641389	0.9762214620339645	0.8797175382139985	0.2786002363268062	0.7619248334258745	0.09269302325581395	1.0	0.9984198086662914	0.5233997974478428	0.7375231025492467	0.7183015772870662	0.1245721393034826	0.5869831538601936	0.9602556650246306	0.8321731024318348	0.7900924176260421	1.0	0.8769778816199377	0.9221917290019236	0.3315705154639175	0.8484168725266819	0.999421485287249	0.5526081675999228	0.708644776119403	0.671400193205603	0.019196779964221825	0.48156122982991717	0.2823194064688229	0.6399867768595041	0.7626807612456746	0.8302740118577074	0.8564163461538461	0.8438904008693552	0.6526663798808735	0.5477477472205968	0.9546034950866173	0.5744170463032113	0.8060339127076092	0.7781026490066225	0.5467210670314637	0.8237232890448735	0.713021100362757	0.9090644709486815	0.7768819585534334	0.07333257403189065	0.7053301101591187	0.8934040878378378	0.7292380291970804	0.9669117073170732	0.617885207823961	0.2786002363268062	0.5349438834563959	0.8710973573923166	0.6934852433525113	0.7927380007881256	0.9530549786628735	0.49489061901723036	0.9887586798931706	0.49489061901723036	0.8359573398413666	0.8498952000000001	0.9469309276227735	0.6602343734683875	0.6782526921233424	0.04434297520661157	0.5970907894736841	0.7656561854960781	0.051442953020134234	0.8266112921278447	0.617885207823961	0.6846046357615895	0.47186967485069675	0.750637632884479	0.8776084745762712	0.2626389705882353	0.7682854891751164	0.49284130853110963	0.7268165171348728	0.793680566111912	0.36593523835319614	0.4084944693572496	0.826305737091544	0.7219559678140366	0.31075745012468825	0.964040322096629	0.11315641476274164	0.9769811988304095	0.019196779964221825	0.6442552486187845	0.7200009871373019	0.8127345756222081	0.8667297932001402	0.8783393984789123	0.7726612397820163	0.3246650374812594	0.8583025862068966	0.8413769407775221	0.7690182751540041	0.7363954347826087	0.7656561854960781	0.2250587159533074	0.9477744525547445	0.43831910693302	0.2558460085531005	0.9649323776223777	0.7459110587226746	0.8846287098244815	0.35251738645862357	0.8961161561763715	0.35621453488372096	0.7760591703944693	0.1319855614973262	0.6764448430493274	0.7639594669244579	0.5395155349388077	0.7537556009581513
g__Dorea	0.7146447896244911	0.2786002363268062	0.6681533344098175	0.029319672131147542	0.03713148788927336	0.2232284309870232	0.4675411214953271	0.16993665579878903	0.21305470016207456	0.35887761316872424	0.019196779964221825	0.35422429205996675	0.40994232488822646	0.6824338242280286	0.9248224869694713	0.07798691860465115	0.019196779964221825	0.9519382667073543	0.056928381962864726	0.019196779964221825	0.8015224050796943	0.056928381962864726	0.1503843843843844	0.9837180548868559	0.08777914110429447	0.7946186952542815	0.7235006660746004	0.4675411214953271	0.9657257681564246	0.7537556009581513	0.811986767147784	0.7313752545824848	0.7542291110799044	0.5488772780373832	0.4335039735099338	0.03713148788927336	0.019196779964221825	0.9984198086662914	1.0	0.019196779964221825	0.4110761692650334	0.4675411214953271	0.6382168956743003	0.3194177257525084	0.019196779964221825	0.03713148788927336	0.04434297520661157	0.23269584603658536	0.2447490420044215	0.029319672131147542	0.019196779964221825	0.650622487562189	0.029319672131147542	0.019196779964221825	0.11644146202170189	0.30837363977485927	0.019196779964221825	0.03713148788927336	0.16993665579878903	0.09269302325581395	0.32957460833579666	0.019196779964221825	0.1319855614973262	0.06244139650872818	0.3603387704918033	0.964040322096629	0.7272988716295429	0.6884419218087612	0.1015552050473186	0.029319672131147542	0.15696245733788397	0.9602725547298654	0.1015552050473186	0.9782092216499855	0.019196779964221825	0.019196779964221825	0.11644146202170189	0.9909463623395149	0.3280510695187166	0.056928381962864726	0.3800737294761532	0.1883457656867047	0.3315705154639175	0.5053305109489051	0.029319672131147542	0.03713148788927336	0.8984704140694568	0.04434297520661157	0.8606748912660163	0.919436612434005	0.7482655982905984	0.42416452702702706	0.5919005993461679	0.051442953020134234	0.17933468834688346	0.3749454039735099	0.09692516129032258	0.019196779964221825	0.9490276119402985	0.15696245733788397	0.973352679623086	0.04434297520661157	0.03713148788927336	0.051442953020134234	0.18245100671140937	0.25151386782231855	0.8131701172870984	0.019196779964221825	0.019196779964221825	0.49138740629685157	0.6526663798808735	0.6299231575330699	0.45976158013544016	0.9962118444590905	0.9594305684337835	0.6602343734683875	0.11315641476274164	0.9448114383137012	0.8567748488082533	0.1278884073672806	0.9053319955898567	0.4084944693572496	0.24916820494186043	0.9469309276227735	0.1319855614973262	0.1769656436097114	0.18559157427937917	0.3163550261297264	0.019196779964221825	0.41953435448577675	0.9782092216499855	0.029319672131147542	0.11315641476274164	0.8754596663963861	0.019196779964221825	0.2840977137176938	0.9135346956521739	0.6831594876660342	0.019196779964221825	0.5467210670314637	0.28853214051214704	0.7775981732070365	0.9128887291734727	0.4335039735099338	0.9850258828057346	0.42249257557436515	0.7095360655737706
g__Dorea_A	0.07333257403189065	0.1643810435615127	0.2535578702043743	0.2823194064688229	0.895013629213483	0.18245100671140937	0.8139346814193057	0.3194177257525084	0.019196779964221825	0.9945507849442028	0.029319672131147542	0.2535578702043743	0.30837363977485927	0.7607408515374982	0.9703608854269375	0.056928381962864726	0.04434297520661157	0.8023281282316442	0.7768819585534334	0.019196779964221825	0.2823194064688229	0.03713148788927336	0.24916820494186043	0.9346282207301722	0.019196779964221825	0.6831594876660342	0.8266112921278447	0.9754595538597006	0.5948305982288089	0.20179481821980777	0.5605104389312977	0.8625327586206897	0.8826538936535164	0.8050326967741935	0.029319672131147542	0.056928381962864726	0.019196779964221825	0.5233997974478428	0.019196779964221825	1.0	0.7909438225976768	0.33813828124999995	0.510767149958575	0.26725282299965364	0.04434297520661157	0.35128924670960515	0.0831860465116279	0.8750275130434784	0.8965154466988006	0.32957460833579666	0.019196779964221825	0.5664202113606341	0.03713148788927336	0.019196779964221825	0.845906928906532	0.16993665579878903	0.03713148788927336	0.019196779964221825	0.5855589514066497	0.1399452269170579	0.22983252873563217	0.019196779964221825	0.9243692995529061	0.056928381962864726	0.42249257557436515	0.6777292893725992	0.8754596663963861	0.9962118444590905	0.06738461538461539	0.2250587159533074	0.11644146202170189	0.9011326605301098	0.1470746192893401	0.5848807579641156	0.019196779964221825	0.019196779964221825	0.35128924670960515	0.9602725547298654	0.5226023151909017	0.8826538936535164	0.35621453488372096	0.20179481821980777	0.3345418197725284	0.7665	0.3719201974386339	0.7903619714587738	0.7792129854368931	0.27609589830508474	0.9113679144385026	0.7665	0.482323581830037	0.8927988843813387	0.2250587159533074	0.27223511843460346	0.07333257403189065	0.2694763692731657	0.515387797863599	0.051442953020134234	0.7235006660746004	0.35887761316872424	0.40994232488822646	0.019196779964221825	0.07333257403189065	0.09692516129032258	0.051442953020134234	0.38297228260869565	0.999421485287249	0.019196779964221825	0.04434297520661157	0.4140307086614173	0.6831594876660342	0.9636416516516516	0.6975315448658649	0.6805690692124104	0.9478058225508317	0.16101694094869312	0.2626389705882353	0.7381152177057717	0.7690182751540041	0.17933468834688346	0.23957767424524787	0.513404705882353	0.4110761692650334	0.6884419218087612	0.5692886440677966	0.29212553536664504	0.03713148788927336	0.8359573398413666	0.029319672131147542	0.8523143759685302	0.9540723665516542	0.1278884073672806	0.056928381962864726	0.34177711085583	0.019196779964221825	0.3463476622272598	0.9090644709486815	0.3800737294761532	0.019196779964221825	0.7775981732070365	0.30837363977485927	0.8271229221021243	0.8587585299669656	0.0831860465116279	0.36218221193135386	0.6429224798387095	0.8317846551724137
g__Dorea_D	0.6805690692124104	0.4407733177570094	0.5823988397790055	0.39218923273657286	0.999421485287249	0.37328937018336433	0.6626789653489507	0.7837732394366197	0.6488926658905704	0.9427504360465117	0.9443856995140109	0.9631459435096154	0.9962118444590905	0.9649323776223777	0.7415354517942067	0.4122016272189349	0.9962118444590905	0.7175519025417355	0.9725825732258699	0.9861420744016149	0.5563534602076124	0.4415268326739586	0.3194177257525084	0.9552067739975699	0.8789682519576233	0.5361222997210043	0.9749813896511172	0.43501316658801326	0.7760591703944693	0.9224512864310879	0.47787588932806324	0.793680566111912	0.482323581830037	0.5664202113606341	0.9689805847373637	0.3246650374812594	0.8970107718120804	0.7375231025492467	0.4110761692650334	0.7909438225976768	1.0	0.864888442622951	0.712044871406959	0.6725864864864866	0.7639594669244579	0.5717154366197184	0.8144707661034177	0.650622487562189	0.49489061901723036	0.8940084740040513	0.944132324906755	0.8583025862068966	0.712044871406959	0.3484996890898813	0.9773583479276124	0.828554075176777	0.8892442266288951	0.7482655982905984	0.9169156790657439	0.7449734202607823	0.981578494934877	0.4368237455830389	0.6667333333333334	0.8363482935153583	0.7428085825186889	0.6503528257978722	0.5011248794801928	0.8985646692607003	0.6856480151228734	0.22983252873563217	0.7508814914390831	0.8710973573923166	0.9806432048681543	0.5066175686927561	0.8841110185924491	0.45438008204193253	0.9174807866868382	0.3764915258711721	0.5361222997210043	0.700443136049193	0.46103913532988067	0.9657257681564246	0.3180892933618844	0.9298164400885236	0.6519696055684455	0.8127345756222081	0.5629946146527117	0.6194696658545075	0.712044871406959	0.9863203034959661	0.7297392857142858	0.36593523835319614	0.9346282207301722	0.7880622706726934	0.5855589514066497	0.6391698458410978	0.9703608854269375	0.5414008844339623	0.9355518677409229	0.9159816114359973	0.9572268787878787	0.4272814121037464	0.15383044982698962	0.7011227509978507	0.19660545377077118	0.3345418197725284	0.6681533344098175	0.6410398584905661	0.8879190265486725	0.8797175382139985	0.9315402061855671	0.7676565843621398	0.9693850281648384	0.845906928906532	0.16727586206896553	0.898381452962839	0.5376137390959556	0.9602556650246306	0.9739279996075739	0.9572268787878787	0.9249800446286262	0.3800737294761532	0.7946186952542815	0.5563534602076124	0.9892960000000001	0.7997776566757493	0.5535045664739885	0.6261136434108527	0.7053301101591187	0.7105178343949045	0.2866087487619676	0.64797012489592	0.968381307761105	0.9169156790657439	0.9703608854269375	0.7571733566433565	0.4368237455830389	0.9997701643017177	0.9745983230361871	0.8571852732434351	0.7880622706726934	0.5958009202453988	0.8523143759685302	0.7195798651685393	0.08777914110429447	0.9620562619071493	0.8527803143979994
g__Dysosmobacter	0.019196779964221825	0.2840977137176938	0.4675411214953271	0.06244139650872818	0.03713148788927336	0.019196779964221825	0.5081109540636043	0.07798691860465115	0.35887761316872424	0.029319672131147542	0.04434297520661157	0.4042666247800955	0.1769656436097114	0.6593132032146957	0.029319672131147542	0.9881385542168675	0.2159154929577465	0.2694763692731657	0.9712321122599704	0.6101383351007422	0.41953435448577675	0.5325739635489686	0.40724145	0.9238170217298679	0.8879190265486725	0.37328937018336433	0.5884047592997812	0.17933468834688346	0.7086601732259534	0.6701040115998066	0.4057760280842527	0.5405667257683214	0.7877876980428704	0.019196779964221825	0.24916820494186043	0.4110761692650334	0.4184513909224012	0.7183015772870662	0.4675411214953271	0.33813828124999995	0.864888442622951	1.0	0.029319672131147542	0.019196779964221825	0.35887761316872424	0.019196779964221825	0.051442953020134234	0.051442953020134234	0.23269584603658536	0.019196779964221825	0.029319672131147542	0.019196779964221825	0.019196779964221825	0.019196779964221825	0.7854575534759358	0.029319672131147542	0.5620220591039085	0.0831860465116279	0.11644146202170189	0.8470621232136424	0.019196779964221825	0.019196779964221825	0.5774091196136703	0.029319672131147542	0.42985481021723565	0.04434297520661157	0.37328937018336433	0.029319672131147542	0.21305470016207456	0.22983252873563217	0.3163550261297264	0.019196779964221825	0.029319672131147542	0.16993665579878903	0.3953526315789474	0.48391966145833337	0.8984704140694568	0.10520588235294118	0.019196779964221825	0.43501316658801326	0.35251738645862357	0.03713148788927336	0.03713148788927336	0.019196779964221825	0.2902446655791191	0.9504725130088766	0.6896460478948192	0.019196779964221825	0.056928381962864726	0.019196779964221825	0.87919154589372	0.16993665579878903	0.06738461538461539	0.20448467274233637	0.019196779964221825	0.9376884667571235	0.7449734202607823	0.019196779964221825	0.019196779964221825	0.7781026490066225	0.9439985687616677	0.17933468834688346	0.9925742339436485	0.8836933782395251	0.9962118444590905	0.03713148788927336	0.019196779964221825	0.9979749436936937	0.3793532232704402	0.42862327586206894	0.720786566274042	0.019196779964221825	0.6635611047928514	0.09692516129032258	0.482323581830037	0.04434297520661157	0.029319672131147542	0.019196779964221825	0.6619023460410557	0.4736147117296223	0.12070866141732284	0.2626389705882353	0.8029886865555986	0.056928381962864726	0.1883457656867047	0.18559157427937917	0.019196779964221825	0.5605104389312977	0.019196779964221825	0.8139346814193057	0.7639594669244579	0.10520588235294118	0.04434297520661157	0.35887761316872424	0.1990573355817875	0.03713148788927336	0.617885207823961	0.06738461538461539	0.019196779964221825	0.9391860624999999	0.5753463846440552	0.20448467274233637	0.08777914110429447	0.019196779964221825	0.029319672131147542	0.09692516129032258	0.056928381962864726
g__Eggerthella	0.8830731520621502	0.4028860060514372	0.29212553536664504	0.1503843843843844	0.49045463917525767	0.3992867021276596	0.7242314458900059	0.6364857458751488	0.019196779964221825	0.5774091196136703	0.7542291110799044	0.23761500000000002	0.04434297520661157	0.7138877547939	0.2866087487619676	0.06244139650872818	0.019196779964221825	0.33813828124999995	0.08777914110429447	0.207468942821884	0.4736147117296223	0.1883457656867047	0.48391966145833337	0.6251265654648956	0.056928381962864726	0.750637632884479	0.6157038461538461	0.8023281282316442	0.19054612386314423	0.49138740629685157	0.8732186033000232	0.20448467274233637	0.4272814121037464	0.21305470016207456	0.019196779964221825	0.46251815730337076	0.3194177257525084	0.1245721393034826	0.6382168956743003	0.510767149958575	0.712044871406959	0.029319672131147542	1.0	0.653621885299934	0.5736988585329341	0.6635611047928514	0.7690182751540041	0.487730659767141	0.8757896667438093	0.7682854891751164	0.5535045664739885	0.5586535159992335	0.35251738645862357	0.5233997974478428	0.7235006660746004	0.6534687923343797	0.16993665579878903	0.4335039735099338	0.8363482935153583	0.8318768322675848	0.7443957675753228	0.9469309276227735	0.33813828124999995	0.7235006660746004	0.6896460478948192	0.9120181045751634	0.207468942821884	0.5629946146527117	0.8279418177303203	0.650622487562189	0.5053305109489051	0.6681533344098175	0.7242314458900059	0.9669117073170732	0.04434297520661157	0.06244139650872818	0.5958009202453988	0.8542172098001902	0.7242314458900059	0.6187866957279861	0.9011326605301098	0.8021853184878301	0.750637632884479	0.30237270998415217	0.9427504360465117	0.06738461538461539	0.905900440140845	0.9346753850990256	0.2840977137176938	0.019196779964221825	0.3050006006955422	0.7639594669244579	0.4700158990256864	0.5647145537237067	0.9427504360465117	0.08777914110429447	0.5006596129575095	0.8139346814193057	0.44559672055427246	0.33813828124999995	0.23761500000000002	0.8060339127076092	0.44227440890125175	0.3603387704918033	0.5774091196136703	0.7841608171466845	0.5456903661640885	0.6655342194845194	0.06244139650872818	0.7537556009581513	0.7070991755725191	0.32328917370325694	0.3463476622272598	0.8866912406271301	0.673770872850024	0.8289597769516728	0.4512371997254633	0.03713148788927336	0.907545426594927	0.9143035853976532	0.6923549019607844	0.9739279996075739	0.9346282207301722	0.9494452038001839	0.40994232488822646	0.9767921275973077	0.8946120445344129	0.2250587159533074	0.4368237455830389	0.9478058225508317	0.9689805847373637	0.08777914110429447	0.897709032979318	0.8485843473053892	0.019196779964221825	0.8989581472842386	0.32179984839296544	0.7964326642335767	0.23761500000000002	0.678882533099378	0.482323581830037	0.11315641476274164	0.20179481821980777	0.3719201974386339	0.8211219217708464	0.617885207823961	0.3163550261297264
g__Enterobacter	0.056928381962864726	0.9702594848006317	0.3463476622272598	0.6810844345616264	0.572762598425197	0.06244139650872818	0.5246170238576627	0.3050006006955422	0.9102177029832805	0.671400193205603	0.019196779964221825	0.8892442266288951	0.973352679623086	0.4512371997254633	0.2959206741573034	1.0	0.019196779964221825	0.9665169456066947	0.5635353387739609	0.3402587709174841	0.9215373890730247	0.690245288326301	0.6846046357615895	0.5011248794801928	0.9159816114359973	0.599123396226415	0.8485843473053892	0.9870422535211267	0.7571733566433565	0.752215374841169	0.49919022222222226	0.8757896667438093	0.8892442266288951	0.8984704140694568	0.6635611047928514	0.32631718889883615	0.7235006660746004	0.5869831538601936	0.3194177257525084	0.26725282299965364	0.6725864864864866	0.019196779964221825	0.653621885299934	1.0	0.207468942821884	0.019196779964221825	0.11315641476274164	0.4256242599277978	0.8587585299669656	0.23957767424524787	0.6890449286722057	0.11644146202170189	0.19054612386314423	0.019196779964221825	0.5753463846440552	0.49919022222222226	0.24670317982456139	0.3811816035288012	0.510767149958575	0.5011248794801928	0.04434297520661157	0.19054612386314423	0.887406301805382	0.019196779964221825	0.49284130853110963	0.051442953020134234	0.6584170799802923	0.650622487562189	0.32328917370325694	0.515387797863599	0.5066175686927561	0.5312759879638916	0.019196779964221825	0.6399867768595041	0.8650307917202668	0.3427915786468741	0.35128924670960515	0.6429224798387095	0.019196779964221825	0.3484996890898813	0.9785863371528453	0.029319672131147542	0.973352679623086	0.2447490420044215	0.029319672131147542	0.849526810901267	0.9540723665516542	0.11644146202170189	0.715723417721519	0.17348036951501156	0.3484996890898813	0.1319855614973262	0.5425502648616833	0.8304711237202417	0.029319672131147542	0.8841110185924491	0.8246562101313321	0.3119631269349845	0.6212586224843858	0.8427514088765268	0.7042270096463022	0.34995016882386043	0.951206509779951	0.7554395488932474	0.7459110587226746	0.029319672131147542	0.23761500000000002	0.4654583258728738	0.27609589830508474	0.9276391125198099	0.9693850281648384	0.9749813896511172	0.12070866141732284	0.847739985599424	0.9689805847373637	0.019196779964221825	0.518909699816214	0.5160022117550686	0.4466309392265193	0.6879452028939917	0.8334655239960822	0.5823988397790055	0.7531987161399548	0.24916820494186043	0.10520588235294118	0.9754594613124389	0.09692516129032258	0.9707489506355306	0.0831860465116279	0.6569784094643444	0.7271115107913669	0.8176517075638756	0.03713148788927336	0.4154445044160942	0.9645348495451365	0.04434297520661157	0.7443957675753228	0.49489061901723036	0.029319672131147542	0.9041619783616692	0.5937496289592761	0.36774612476370516	0.3163550261297264	0.019196779964221825	0.1319855614973262	0.04434297520661157	0.2581065887353879
g__Enterocloster	0.029319672131147542	0.956218052184466	0.1470746192893401	0.15383044982698962	0.4685735078766364	0.019196779964221825	0.9769811988304095	0.9997701643017177	0.6997616379310345	0.06244139650872818	0.5477477472205968	0.6165057328190743	0.6760254492939666	0.5011248794801928	0.9802795524990314	0.2959206741573034	0.019196779964221825	0.1470746192893401	0.019196779964221825	0.10969753457606735	0.6584170799802923	0.10520588235294118	0.019196779964221825	0.15696245733788397	0.8438904008693552	0.6846046357615895	0.10520588235294118	0.6337045951486163	0.5576659051641389	0.8392275920748754	0.6044204638715432	0.07798691860465115	0.34177711085583	0.3427915786468741	0.1245721393034826	0.019196779964221825	0.29212553536664504	0.9602556650246306	0.019196779964221825	0.04434297520661157	0.7639594669244579	0.35887761316872424	0.5736988585329341	0.207468942821884	1.0	0.051442953020134234	0.17348036951501156	0.24916820494186043	0.9490276119402985	0.07333257403189065	0.2694763692731657	0.5006596129575095	0.019196779964221825	0.019196779964221825	0.8427514088765268	0.37328937018336433	0.019196779964221825	0.09269302325581395	0.029319672131147542	0.1278884073672806	0.019196779964221825	0.019196779964221825	0.870760435846638	0.019196779964221825	0.8984704140694568	0.9248224869694713	0.8946120445344129	0.7554395488932474	0.06244139650872818	0.7235006660746004	0.029319672131147542	0.29212553536664504	0.23269584603658536	0.22983252873563217	0.1278884073672806	0.04434297520661157	0.8194434157416751	0.9712321122599704	0.10520588235294118	0.6559696660634973	0.06244139650872818	0.2902446655791191	0.3934244331210191	0.8413769407775221	0.029319672131147542	0.30001746183206107	0.6569784094643444	0.09692516129032258	0.7554395488932474	0.8848432718579236	0.1319855614973262	0.4436307052023121	0.4415268326739586	0.029319672131147542	0.4057760280842527	0.19054612386314423	0.20179481821980777	0.6220411673016972	0.7038772204325817	0.4272814121037464	0.35760140573318633	0.5361222997210043	0.32957460833579666	0.5884047592997812	0.4675411214953271	0.2535578702043743	0.09692516129032258	0.1015552050473186	0.08777914110429447	0.13633880359978826	0.1278884073672806	0.7195798651685393	0.8298710770372202	0.7138877547939	0.9088043649923229	0.15696245733788397	0.07333257403189065	0.8819141040329973	0.7095360655737706	0.7175519025417355	0.8298710770372202	0.30655182275298554	0.16993665579878903	0.8710973573923166	0.2840977137176938	0.5405667257683214	0.051442953020134234	0.678882533099378	0.019196779964221825	0.7482655982905984	0.7479089028392067	0.16101694094869312	0.1399452269170579	0.056928381962864726	0.3603387704918033	0.43501316658801326	0.2804243206977524	0.572762598425197	0.019196779964221825	0.6748449654729405	0.5203572185970636	0.9501531808434596	0.4466309392265193	0.0831860465116279	0.3899433802816901	0.2786002363268062	0.6469372457485828
g__Enterococcus	0.029319672131147542	0.7387057931233747	0.7747251426242868	0.3793532232704402	0.056928381962864726	0.019196779964221825	0.8237232890448735	0.7038772204325817	0.7726612397820163	0.1990573355817875	0.03713148788927336	0.8508717235617093	0.7946186952542815	0.49284130853110963	0.17348036951501156	0.8761440955788988	0.06244139650872818	0.5395155349388077	0.7896127980922099	0.19054612386314423	0.23761500000000002	0.9490276119402985	0.7690182751540041	0.2937961625282167	0.7381152177057717	0.9579237782714055	0.7807383900928793	0.5081109540636043	0.9197670358026019	0.5597443955623566	0.2626389705882353	0.919832925257732	0.7452296524102416	0.15696245733788397	0.3280510695187166	0.2694763692731657	0.28853214051214704	0.8321731024318348	0.03713148788927336	0.35128924670960515	0.5717154366197184	0.019196779964221825	0.6635611047928514	0.019196779964221825	0.051442953020134234	1.0	0.019196779964221825	0.019196779964221825	0.9669117073170732	0.029319672131147542	0.11315641476274164	0.2558460085531005	0.056928381962864726	0.1769656436097114	0.35422429205996675	0.019196779964221825	0.9607712866318747	0.07798691860465115	0.7114978181818182	0.5845213328437673	0.6442552486187845	0.07798691860465115	0.9877736101808439	0.06738461538461539	0.639363061845218	0.6057945989304812	0.35760140573318633	0.46103913532988067	0.7235006660746004	0.9867704477898168	0.6212586224843858	0.18559157427937917	0.019196779964221825	0.21848316	0.32957460833579666	0.6760254492939666	0.6269901444788442	0.45976158013544016	0.019196779964221825	0.2937961625282167	0.1245721393034826	0.056928381962864726	0.019196779964221825	0.03713148788927336	0.03713148788927336	0.6626789653489507	0.3800737294761532	0.03713148788927336	0.2232284309870232	0.019196779964221825	0.639363061845218	0.1245721393034826	0.04434297520661157	0.22983252873563217	0.019196779964221825	0.9176487694300518	0.2535578702043743	0.019196779964221825	0.04434297520661157	0.5753463846440552	0.5563534602076124	0.8189162121212121	0.6124162023977432	0.9475479625437332	0.34995016882386043	0.019196779964221825	0.5597443955623566	0.3119631269349845	0.7577204218466265	0.9959940515532055	0.21305470016207456	0.1399452269170579	0.7341361723737666	0.25151386782231855	0.9274852670544685	0.1278884073672806	0.051442953020134234	0.04434297520661157	0.969378324099723	0.3119631269349845	0.19660545377077118	0.051442953020134234	0.5970907894736841	0.549575587492717	0.4583739366515837	0.80919138792772	0.30001746183206107	0.9665169456066947	0.056928381962864726	0.7235006660746004	0.5284547978273989	0.0831860465116279	0.019196779964221825	0.9346753850990256	0.5597443955623566	0.029319672131147542	0.9864982247385087	0.3844559969048233	0.051442953020134234	0.9754595538597006	0.9969406061746988	0.23761500000000002	0.2823194064688229	0.019196779964221825	0.3427915786468741	0.4335039735099338	0.1435216049382716
g__Enterococcus_A	0.019196779964221825	0.8761440955788988	0.38297228260869565	0.056928381962864726	0.03713148788927336	0.051442953020134234	0.6348764165390506	0.4407733177570094	0.9823294849537038	0.5586535159992335	0.019196779964221825	0.5977321402877697	0.7966891058180399	0.4084944693572496	0.12070866141732284	0.826305737091544	0.019196779964221825	0.7682854891751164	0.8359573398413666	0.051442953020134234	0.4790750930996714	0.9978106508875739	0.9652329906168896	0.1769656436097114	0.8905761060948081	0.9060842163112772	0.870760435846638	0.5550374783445621	0.8961161561763715	0.8346624786115864	0.32631718889883615	0.9806432048681543	0.2558460085531005	0.6391698458410978	0.9381230913642052	0.752215374841169	0.029319672131147542	0.7900924176260421	0.04434297520661157	0.0831860465116279	0.8144707661034177	0.051442953020134234	0.7690182751540041	0.11315641476274164	0.17348036951501156	0.019196779964221825	1.0	0.23761500000000002	0.9523517076641593	0.019196779964221825	0.029319672131147542	0.09269302325581395	0.2626389705882353	0.08777914110429447	0.9693850281648384	0.029319672131147542	0.40994232488822646	0.04434297520661157	0.536336914217633	0.19054612386314423	0.1245721393034826	0.051442953020134234	0.8606748912660163	0.019196779964221825	0.8892442266288951	0.42122168850072783	0.6438599999999999	0.23957767424524787	0.5605104389312977	0.80874896073903	0.19054612386314423	0.11644146202170189	0.0831860465116279	0.964040322096629	0.24240278189910977	0.2353503409090909	0.6077785143060245	0.3781265526315789	0.019196779964221825	0.9207193403298352	0.2959206741573034	0.019196779964221825	0.056928381962864726	0.029319672131147542	0.051442953020134234	0.2866087487619676	0.8139346814193057	0.019196779964221825	0.45976158013544016	0.03713148788927336	0.8985646692607003	0.4940793257947514	0.1245721393034826	0.3345418197725284	0.019196779964221825	0.8568280994671403	0.1245721393034826	0.019196779964221825	0.051442953020134234	0.919832925257732	0.7235006660746004	0.16101694094869312	0.9689805847373637	0.33659154069767444	0.5215881945857929	0.029319672131147542	0.8970107718120804	0.12070866141732284	0.1990573355817875	0.5121411910669975	0.2447490420044215	0.5488772780373832	0.85375325	0.5006596129575095	0.928239422062856	0.1990573355817875	0.06738461538461539	0.5246170238576627	0.7682854891751164	0.819762962962963	0.019196779964221825	0.32631718889883615	0.07798691860465115	0.9248224869694713	0.19393373493975907	0.36421247282608693	0.04434297520661157	0.8571852732434351	0.019196779964221825	0.8848432718579236	0.8984704140694568	0.9490276119402985	0.056928381962864726	0.845906928906532	0.937155321148825	0.051442953020134234	0.8153162011173184	0.8921928619756427	0.019196779964221825	0.5970907894736841	0.9176487694300518	0.43260299145299147	0.2250587159533074	0.029319672131147542	0.1245721393034826	0.32179984839296544	0.1015552050473186
g__Enterococcus_B	0.04434297520661157	0.9558094423641331	0.5774091196136703	0.029319672131147542	0.019196779964221825	0.1278884073672806	0.8159534948623621	0.17933468834688346	0.895013629213483	0.11315641476274164	0.1470746192893401	0.051442953020134234	0.7254738277794162	0.9533703654822334	0.20448467274233637	0.18559157427937917	0.019196779964221825	0.7305581039755352	0.639363061845218	0.2840977137176938	0.46660687500000003	0.5203572185970636	0.42416452702702706	0.4963286897430452	0.10520588235294118	0.8194434157416751	0.8860760914051841	0.34177711085583	0.8629816381532692	0.1883457656867047	0.40994232488822646	0.6896460478948192	0.9114448659254415	0.8804639022711631	0.6317651079136691	0.0831860465116279	0.24916820494186043	1.0	0.23269584603658536	0.8750275130434784	0.650622487562189	0.051442953020134234	0.487730659767141	0.4256242599277978	0.24916820494186043	0.019196779964221825	0.23761500000000002	1.0	0.7276983906364302	0.03713148788927336	0.5233997974478428	0.38297228260869565	0.06738461538461539	0.06738461538461539	0.9749813896511172	0.019196779964221825	0.536336914217633	0.1643810435615127	0.487730659767141	0.7189415841584158	0.7542291110799044	0.32631718889883615	0.6348764165390506	0.019196779964221825	0.2866087487619676	0.9451389737765847	0.2840977137176938	0.9490276119402985	0.41705403817914827	0.9889332888592395	0.5456903661640885	0.5425502648616833	0.32957460833579666	0.6376602718776552	0.1278884073672806	0.2959206741573034	0.7175519025417355	0.5948305982288089	0.1319855614973262	0.5848807579641156	0.43260299145299147	0.029319672131147542	0.019196779964221825	0.10520588235294118	0.06738461538461539	0.08777914110429447	0.8485843473053892	0.10520588235294118	0.828554075176777	0.1015552050473186	0.27223511843460346	0.22983252873563217	0.3603387704918033	0.18559157427937917	0.056928381962864726	0.4675411214953271	0.30001746183206107	0.019196779964221825	0.3749454039735099	0.5160022117550686	0.5488772780373832	0.8542172098001902	0.9602725547298654	0.49138740629685157	0.22118304209690232	0.1245721393034826	0.6559696660634973	0.23761500000000002	0.752215374841169	0.8985646692607003	0.06244139650872818	0.3334544894366197	0.6526663798808735	0.8105914022517913	0.7542291110799044	0.16101694094869312	0.019196779964221825	0.1990573355817875	0.7854575534759358	0.11644146202170189	0.9909463623395149	0.26725282299965364	0.07798691860465115	0.25151386782231855	0.019196779964221825	0.7656561854960781	0.41953435448577675	0.9274852670544685	0.210068515497553	0.47656597711267606	0.1319855614973262	0.47787588932806324	0.38297228260869565	0.2959206741573034	0.9754595538597006	0.0831860465116279	0.5717154366197184	0.2959206741573034	0.10969753457606735	0.19393373493975907	0.793680566111912	0.742333069392456	0.19660545377077118	0.051442953020134234	0.2447490420044215	0.3800737294761532	0.13633880359978826
g__Eubacterium_F	0.26500449320794145	0.742333069392456	0.5848807579641156	0.2902446655791191	0.7593394450641382	0.9546034950866173	0.9802795524990314	0.5094942519194854	0.4497081155433287	0.3427915786468741	0.8825369017632243	0.41705403817914827	0.3764915258711721	0.7781026490066225	0.5467210670314637	0.6194696658545075	0.650622487562189	0.8841110185924491	0.7086601732259534	0.6597746930757898	0.1883457656867047	0.825482175	0.8139346814193057	0.845906928906532	0.9922151129675337	0.1503843843843844	0.4555797272727272	0.7363954347826087	0.5160022117550686	0.1399452269170579	0.999421485287249	0.8691709402706487	0.7235006660746004	0.7452296524102416	0.9185096795079314	0.536336914217633	0.8294672443674177	0.8769778816199377	0.2447490420044215	0.8965154466988006	0.49489061901723036	0.23269584603658536	0.8757896667438093	0.8587585299669656	0.9490276119402985	0.9669117073170732	0.9523517076641593	0.7276983906364302	1.0	0.9250390787518574	0.39218923273657286	0.487730659767141	0.3953526315789474	0.5664202113606341	0.8989581472842386	0.7926820263157895	0.968381307761105	0.5467210670314637	0.8084093525179857	0.48156122982991717	0.8629816381532692	0.42249257557436515	0.4184513909224012	0.964040322096629	0.4555797272727272	0.9601421052631578	0.6824338242280286	0.8905761060948081	0.9298164400885236	0.15696245733788397	0.6212586224843858	0.956218052184466	0.9114448659254415	0.7494013213981244	0.7964326642335767	0.5664202113606341	0.7682854891751164	0.8905761060948081	1.0	0.1503843843843844	0.8819141040329973	0.9592191163119137	0.4685735078766364	0.4512371997254633	0.9543865443114987	0.6114945611866501	0.5233997974478428	0.9567227713765919	0.36593523835319614	0.17933468834688346	0.6569784094643444	0.9131623368146213	0.874391611555865	0.8846287098244815	0.8970107718120804	0.7966891058180399	0.9478058225508317	0.8159534948623621	0.904747374227714	0.8330696654001716	0.5977321402877697	0.951206509779951	0.04434297520661157	0.6958941285824942	0.9732546767537827	0.5783280867630701	0.21848316	0.9441547402194163	0.35128924670960515	0.828554075176777	0.9692756090314915	0.9714278925619836	0.7042270096463022	0.9185096795079314	0.5066175686927561	0.9494452038001839	0.7459110587226746	0.8238292115143929	0.7438166211751185	0.15383044982698962	0.9543865443114987	0.7880622706726934	0.9973648153369045	0.7800289005658851	0.4436307052023121	0.06244139650872818	0.8750275130434784	0.029319672131147542	0.9772651051811454	0.9693917176702863	0.6086039914848324	0.9806432048681543	0.9607712866318747	0.7395082262952807	0.8854601023890785	0.8961161561763715	0.6846046357615895	0.9870422535211267	0.515387797863599	0.8176517075638756	0.8769778816199377	0.724639483394834	0.8523143759685302	0.951206509779951	0.8518475480252954	0.7494013213981244	0.6317651079136691
g__Eubacterium_G	0.20448467274233637	0.9962118444590905	0.3749454039735099	0.019196779964221825	0.029319672131147542	0.23761500000000002	0.3180892933618844	0.019196779964221825	0.9602725547298654	0.42862327586206894	0.019196779964221825	0.42416452702702706	0.8194434157416751	0.9346282207301722	0.4407733177570094	0.019196779964221825	0.019196779964221825	0.42862327586206894	0.5425502648616833	0.15383044982698962	0.9128887291734727	0.678882533099378	0.13633880359978826	0.8984704140694568	0.056928381962864726	0.9885974770642202	0.8587585299669656	0.1015552050473186	0.8302740118577074	0.7676565843621398	0.4084944693572496	0.7138877547939	0.8776084745762712	0.6782526921233424	0.7062155891792755	0.9451389737765847	0.2581065887353879	0.9221917290019236	0.029319672131147542	0.32957460833579666	0.8940084740040513	0.019196779964221825	0.7682854891751164	0.23957767424524787	0.07333257403189065	0.029319672131147542	0.019196779964221825	0.03713148788927336	0.9250390787518574	1.0	0.10520588235294118	0.2786002363268062	0.19660545377077118	0.029319672131147542	0.4477612577461556	0.019196779964221825	0.1503843843843844	0.019196779964221825	0.03713148788927336	0.07798691860465115	0.2694763692731657	0.22983252873563217	0.8961161561763715	0.21848316	0.5006596129575095	0.07333257403189065	0.549575587492717	0.9693917176702863	0.09269302325581395	0.9365236363636363	0.056928381962864726	0.10520588235294118	0.019196779964221825	0.3427915786468741	0.5586535159992335	0.019196779964221825	0.9926505544498152	0.855447132169576	0.23269584603658536	0.4700158990256864	0.019196779964221825	0.23269584603658536	0.051442953020134234	0.32179984839296544	0.1278884073672806	0.5477477472205968	0.298407648	0.019196779964221825	0.7489407370517929	0.1470746192893401	0.7927380007881256	0.1990573355817875	0.029319672131147542	0.019196779964221825	0.17348036951501156	0.7619248334258745	0.15696245733788397	0.4184513909224012	0.8523143759685302	0.5011248794801928	0.2447490420044215	0.056928381962864726	0.8970107718120804	0.8854601023890785	0.9365236363636363	0.24670317982456139	0.10969753457606735	0.1769656436097114	0.1435216049382716	0.8452570894622619	0.9959940515532055	0.48930587728740577	0.4685735078766364	0.3971722222222222	0.7757612679880531	0.38297228260869565	0.03713148788927336	0.536336914217633	0.8050326967741935	0.6896460478948192	0.16727586206896553	0.056928381962864726	0.7297392857142858	0.9962118444590905	0.019196779964221825	0.32631718889883615	0.019196779964221825	0.8060339127076092	0.019196779964221825	0.8970107718120804	0.22118304209690232	0.9802795524990314	0.23269584603658536	0.1399452269170579	0.8594162107993398	0.06244139650872818	0.3844559969048233	0.9806432048681543	0.019196779964221825	0.7469106938892062	0.3402587709174841	0.4184513909224012	0.9515242365635179	0.056928381962864726	0.22983252873563217	0.5597443955623566	0.019196779964221825
g__Eubacterium_I	0.09269302325581395	0.6782526921233424	0.3781265526315789	0.029319672131147542	0.019196779964221825	0.7146447896244911	0.8189162121212121	0.03713148788927336	0.03713148788927336	0.5855589514066497	0.019196779964221825	0.03713148788927336	0.2276398377125193	0.5160022117550686	0.80874896073903	0.30001746183206107	0.029319672131147542	0.5788152181952663	0.03713148788927336	0.019196779964221825	0.6170888208537438	0.5405667257683214	0.2786002363268062	0.9579237782714055	0.07333257403189065	0.9469309276227735	0.6867975129859909	0.1399452269170579	0.5505903663500679	0.653621885299934	0.7508814914390831	0.3971722222222222	0.8368402825133949	0.8523143759685302	0.33813828124999995	0.019196779964221825	0.019196779964221825	0.3315705154639175	0.019196779964221825	0.019196779964221825	0.944132324906755	0.029319672131147542	0.5535045664739885	0.6890449286722057	0.2694763692731657	0.11315641476274164	0.029319672131147542	0.5233997974478428	0.39218923273657286	0.10520588235294118	1.0	0.19660545377077118	0.09269302325581395	0.019196779964221825	0.8564163461538461	0.0831860465116279	0.03713148788927336	0.16993665579878903	0.029319672131147542	0.06738461538461539	0.40994232488822646	0.06244139650872818	0.19393373493975907	0.07798691860465115	0.32328917370325694	0.8825369017632243	0.9889332888592395	0.8984704140694568	0.32179984839296544	0.4963286897430452	0.019196779964221825	0.9451389737765847	0.8340645137614678	0.7884407063197026	0.019196779964221825	0.019196779964221825	0.029319672131147542	0.5705574007899191	0.7884407063197026	0.34467422475106685	0.3781265526315789	0.019196779964221825	0.09692516129032258	0.5349438834563959	0.04434297520661157	0.11315641476274164	0.8139346814193057	0.019196779964221825	0.8810884112792298	0.4940793257947514	0.847739985599424	0.8321731024318348	0.5272506650544135	0.019196779964221825	0.26500449320794145	0.019196779964221825	0.03713148788927336	0.2353503409090909	0.617885207823961	0.4804785308264102	0.7395082262952807	0.1015552050473186	0.10969753457606735	0.32179984839296544	0.35760140573318633	0.47186967485069675	0.6701040115998066	0.019196779964221825	0.019196779964221825	0.4184513909224012	0.9276391125198099	0.653621885299934	0.11644146202170189	0.919436612434005	0.9337480773271697	0.518909699816214	0.06738461538461539	0.1990573355817875	0.7200009871373019	0.09269302325581395	0.07333257403189065	0.27609589830508474	0.8606748912660163	0.8904704825404	0.35760140573318633	0.43831910693302	0.09269302325581395	0.9620562619071493	0.019196779964221825	0.6923549019607844	0.928239422062856	0.09269302325581395	0.16993665579878903	0.4184513909224012	0.2447490420044215	0.4477612577461556	0.6782526921233424	0.3334544894366197	0.019196779964221825	0.35251738645862357	0.510767149958575	0.9330127391212949	0.6086039914848324	0.07333257403189065	0.5647145537237067	0.9754594613124389	0.41705403817914827
g__Evtepia	0.2937961625282167	0.8594162107993398	0.06244139650872818	0.4976563798219585	0.8491576283355271	0.019196779964221825	0.16993665579878903	0.724639483394834	0.855447132169576	0.07798691860465115	0.11644146202170189	0.19660545377077118	0.5425502648616833	0.1470746192893401	0.2866087487619676	0.1883457656867047	0.1245721393034826	0.47186967485069675	0.9572268787878787	0.35887761316872424	0.9443856995140109	0.6971669138090825	0.35621453488372096	0.9249800446286262	0.8527803143979994	0.919436612434005	0.15696245733788397	0.87919154589372	0.8413769407775221	0.639363061845218	0.9533703654822334	0.8162792854427975	0.9592191163119137	0.6469372457485828	0.9196020019373587	1.0	0.029319672131147542	0.8484168725266819	0.650622487562189	0.5664202113606341	0.8583025862068966	0.019196779964221825	0.5586535159992335	0.11644146202170189	0.5006596129575095	0.2558460085531005	0.09269302325581395	0.38297228260869565	0.487730659767141	0.2786002363268062	0.19660545377077118	1.0	0.8162792854427975	0.5830864939360529	0.019196779964221825	0.3180892933618844	0.7931057851239669	0.6451876943654907	0.07798691860465115	0.5692886440677966	0.09692516129032258	0.24670317982456139	0.928239422062856	0.029319672131147542	0.5488772780373832	0.019196779964221825	0.6086039914848324	0.3934244331210191	0.19393373493975907	0.1015552050473186	0.029319672131147542	0.1278884073672806	0.23269584603658536	0.7114978181818182	1.0	0.6689139954853274	0.793680566111912	0.8683242647058824	0.18245100671140937	0.9090644709486815	0.9889332888592395	0.07798691860465115	0.2250587159533074	0.09692516129032258	0.03713148788927336	0.8384327900754074	0.7800289005658851	0.019196779964221825	0.567695382585752	0.03713148788927336	0.019196779964221825	0.1470746192893401	0.518909699816214	0.1399452269170579	0.1435216049382716	0.35422429205996675	0.9201947639484979	0.4790750930996714	0.8304711237202417	0.9315402061855671	0.5298673764564081	0.9663142985342507	0.2804243206977524	0.3119631269349845	0.26500449320794145	0.15383044982698962	0.7625675956738768	0.9095420074349443	0.8757896667438093	0.9887586798931706	0.7869590951554785	0.9843722206179613	0.5246170238576627	0.8271229221021243	0.3934244331210191	0.029319672131147542	0.26725282299965364	0.49138740629685157	0.9267423764680986	0.8279418177303203	0.21305470016207456	0.4512371997254633	0.06244139650872818	0.210068515497553	0.5256176719790195	0.35887761316872424	0.2959206741573034	0.8246562101313321	0.0831860465116279	0.7053301101591187	0.8144707661034177	0.056928381962864726	0.03713148788927336	0.4555797272727272	0.7452296524102416	0.04434297520661157	0.9831580924855491	0.6086039914848324	0.6546351604938271	0.6147909762532981	0.4407733177570094	0.4398074560375147	0.8363482935153583	0.06244139650872818	0.019196779964221825	0.3334544894366197	0.06244139650872818
g__Faecalibacterium	0.03713148788927336	0.6831594876660342	0.2626389705882353	0.0831860465116279	0.03713148788927336	0.12070866141732284	0.2535578702043743	0.019196779964221825	0.4685735078766364	0.210068515497553	0.33659154069767444	0.7946186952542815	0.5919005993461679	0.5384601859177215	0.07798691860465115	0.2250587159533074	0.04434297520661157	0.5376137390959556	0.3345418197725284	0.03713148788927336	0.35251738645862357	0.1015552050473186	0.056928381962864726	0.9475479625437332	0.3811816035288012	0.6805690692124104	0.7807383900928793	0.22983252873563217	0.9501531808434596	0.9090644709486815	0.1643810435615127	0.9131623368146213	0.9400507801123361	0.3764915258711721	0.6133349234289738	0.019196779964221825	0.33813828124999995	0.999421485287249	0.029319672131147542	0.03713148788927336	0.712044871406959	0.019196779964221825	0.35251738645862357	0.19054612386314423	0.019196779964221825	0.056928381962864726	0.2626389705882353	0.06738461538461539	0.3953526315789474	0.19660545377077118	0.09269302325581395	0.8162792854427975	1.0	0.019196779964221825	0.7768819585534334	0.3345418197725284	0.09692516129032258	0.06244139650872818	0.06738461538461539	0.1435216049382716	0.40994232488822646	0.019196779964221825	0.8310771999014048	0.2694763692731657	0.9386549093183238	0.6689139954853274	0.5958009202453988	0.8304711237202417	0.16727586206896553	0.6526663798808735	0.1015552050473186	0.2232284309870232	0.1435216049382716	0.04434297520661157	0.3180892933618844	0.07798691860465115	0.9645348495451365	0.23761500000000002	0.019196779964221825	0.7042270096463022	0.4407733177570094	0.20448467274233637	0.32957460833579666	0.4790750930996714	0.4436307052023121	0.9626496392062538	0.9978106508875739	0.04434297520661157	0.8189162121212121	0.32328917370325694	0.9165481818181819	0.6975315448658649	0.32631718889883615	0.019196779964221825	0.30655182275298554	0.6619023460410557	0.35760140573318633	0.06738461538461539	0.9887586798931706	0.019196779964221825	0.9945507849442028	0.2840977137176938	0.6655342194845194	0.3246650374812594	0.7272988716295429	0.207468942821884	0.6410398584905661	0.019196779964221825	0.7531987161399548	0.8606748912660163	0.9912127720231874	0.29212553536664504	0.09269302325581395	0.5830864939360529	0.8215416331658292	0.26725282299965364	0.029319672131147542	0.6764448430493274	0.4154445044160942	0.1245721393034826	0.6987551001540833	0.29212553536664504	0.6147909762532981	0.6124162023977432	0.2558460085531005	0.1643810435615127	0.15696245733788397	0.42122168850072783	0.019196779964221825	0.4583739366515837	0.8266112921278447	0.1015552050473186	0.565569156580938	0.17933468834688346	0.7900924176260421	0.8567748488082533	0.8587585299669656	0.5006596129575095	0.019196779964221825	0.42985481021723565	0.7105178343949045	0.9304570465557194	0.3194177257525084	0.03713148788927336	0.2694763692731657	0.5298673764564081	0.23957767424524787
g__Faecalimonas	0.019196779964221825	0.9281844789356984	0.06738461538461539	0.029319672131147542	0.09269302325581395	0.029319672131147542	0.9926505544498152	0.1883457656867047	0.34177711085583	0.019196779964221825	0.029319672131147542	0.11315641476274164	0.7760591703944693	0.8189162121212121	0.8776084745762712	0.22118304209690232	0.019196779964221825	0.9806432048681543	0.1643810435615127	0.019196779964221825	0.4583739366515837	0.051442953020134234	0.019196779964221825	0.32631718889883615	0.051442953020134234	0.673770872850024	0.7948785117493472	0.3194177257525084	0.8848432718579236	0.9945507849442028	0.23761500000000002	0.6096424623560673	0.44559672055427246	0.6526663798808735	0.019196779964221825	0.019196779964221825	0.019196779964221825	0.5526081675999228	0.019196779964221825	0.019196779964221825	0.3484996890898813	0.019196779964221825	0.5233997974478428	0.019196779964221825	0.019196779964221825	0.1769656436097114	0.08777914110429447	0.06738461538461539	0.5664202113606341	0.029319672131147542	0.019196779964221825	0.5830864939360529	0.019196779964221825	1.0	0.9903967649857278	0.48930587728740577	0.03713148788927336	0.019196779964221825	0.019196779964221825	0.07333257403189065	0.029319672131147542	0.019196779964221825	0.8650307917202668	0.019196779964221825	0.9090644709486815	0.8023281282316442	0.919832925257732	0.9264320008482664	0.06244139650872818	0.9725825732258699	0.019196779964221825	0.19393373493975907	0.019196779964221825	0.5535045664739885	0.019196779964221825	0.019196779964221825	0.10520588235294118	0.32631718889883615	0.06244139650872818	0.19393373493975907	0.518909699816214	0.019196779964221825	0.27413093451568893	0.3163550261297264	0.019196779964221825	0.5768087320796872	0.9443856995140109	0.03713148788927336	0.904747374227714	0.8999501610216547	0.33659154069767444	0.16727586206896553	0.019196779964221825	0.019196779964221825	0.056928381962864726	0.03713148788927336	0.08777914110429447	0.056928381962864726	0.8841110185924491	0.4477612577461556	0.22118304209690232	0.25151386782231855	0.49284130853110963	0.48156122982991717	0.29212553536664504	0.03713148788927336	0.36593523835319614	0.019196779964221825	0.06244139650872818	0.7747251426242868	0.2840977137176938	0.6133349234289738	0.4415268326739586	0.6799435219123506	0.7268165171348728	0.019196779964221825	0.019196779964221825	0.7415354517942067	0.48156122982991717	0.1503843843843844	0.36593523835319614	0.2447490420044215	0.21848316	0.9281844789356984	0.30837363977485927	0.919436612434005	0.019196779964221825	0.9601421052631578	0.019196779964221825	0.7042270096463022	0.7984433121019109	0.2276398377125193	0.10520588235294118	0.03713148788927336	0.24670317982456139	0.11644146202170189	0.7822584654662725	0.453070322138451	0.019196779964221825	0.48156122982991717	0.7869590951554785	0.7948785117493472	0.19393373493975907	0.019196779964221825	0.32631718889883615	0.35887761316872424	0.3194177257525084
g__Faecousia	0.9346753850990256	0.898381452962839	0.8946120445344129	0.47787588932806324	0.5830864939360529	0.8934040878378378	0.1319855614973262	0.549575587492717	0.8340645137614678	0.8894523259762308	0.6923549019607844	0.819762962962963	0.8629816381532692	0.6943980428704567	0.4335039735099338	0.3402587709174841	0.9759365503080083	0.23761500000000002	0.9769811988304095	0.770269157218959	0.6065181818181817	0.7781026490066225	0.6943980428704567	0.6299231575330699	0.8905761060948081	0.5919005993461679	0.32179984839296544	0.6626789653489507	0.4154445044160942	0.4012932743362832	0.7789213369345036	0.7815516476126428	0.9210794136528996	0.9707489506355306	0.7537556009581513	0.9926505544498152	0.7903619714587738	0.708644776119403	0.11644146202170189	0.845906928906532	0.9773583479276124	0.7854575534759358	0.7235006660746004	0.5753463846440552	0.8427514088765268	0.35422429205996675	0.9693850281648384	0.9749813896511172	0.8989581472842386	0.4477612577461556	0.8564163461538461	0.019196779964221825	0.7768819585534334	0.9903967649857278	1.0	0.9346282207301722	0.8359573398413666	0.7428085825186889	0.8084093525179857	0.7542291110799044	0.700443136049193	0.770269157218959	0.6399867768595041	0.6399867768595041	0.17933468834688346	0.8023281282316442	0.6534687923343797	0.5736988585329341	0.769433971291866	0.4154445044160942	0.2937961625282167	0.6884419218087612	0.7542291110799044	0.6975315448658649	0.5226023151909017	0.3719201974386339	0.981578494934877	0.6613392524889832	0.8810884112792298	0.8757896667438093	0.9350160402052142	0.8021853184878301	0.7272988716295429	0.8310771999014048	0.9350160402052142	0.4940793257947514	0.34177711085583	0.9917613031914894	0.5774091196136703	0.41705403817914827	0.5414008844339623	0.8866912406271301	0.7837732394366197	0.6958941285824942	0.9193700323624595	0.9207193403298352	0.9250390787518574	0.3844559969048233	0.9802795524990314	0.42249257557436515	0.7743193008705114	0.9887586798931706	0.3119631269349845	0.34995016882386043	0.8885316666666666	0.7235006660746004	0.567695382585752	0.9988401535724318	0.5647145537237067	0.9250390787518574	0.7114978181818182	0.4753551290536069	0.7626807612456746	0.9602556650246306	0.7452296524102416	0.713021100362757	0.9477744525547445	0.6526663798808735	0.8675781034684107	0.4976563798219585	0.5848807579641156	0.8567748488082533	0.34995016882386043	0.845906928906532	0.4368237455830389	0.19660545377077118	0.9806432048681543	0.03713148788927336	0.905900440140845	0.3719201974386339	0.920358649517685	0.720786566274042	0.9267423764680986	0.5505903663500679	0.8237232890448735	0.8970107718120804	0.85804862851738	0.9360870229007634	0.8437153064925644	0.8271229221021243	0.8641378207381372	0.7282029948867786	0.8606748912660163	0.7768819585534334	0.056928381962864726	0.8015224050796943	0.7877876980428704
g__Finegoldia	0.029319672131147542	0.8099438340376489	0.6460097829716194	0.051442953020134234	0.20179481821980777	0.44227440890125175	0.7086601732259534	0.1769656436097114	0.8985646692607003	0.7381152177057717	0.06738461538461539	0.5919005993461679	0.9988401535724318	0.3246650374812594	0.5977321402877697	0.6337045951486163	0.10969753457606735	0.5004022808870117	0.23269584603658536	0.44559672055427246	0.8826538936535164	0.9827870432854525	0.9645348495451365	0.019196779964221825	0.1883457656867047	0.9468984848484848	0.9376884667571235	0.07333257403189065	0.76501884057971	0.8587585299669656	0.1015552050473186	0.712044871406959	0.7665	0.944132324906755	0.9041619783616692	0.9739279996075739	0.24670317982456139	0.671400193205603	0.30837363977485927	0.16993665579878903	0.828554075176777	0.029319672131147542	0.6534687923343797	0.49919022222222226	0.37328937018336433	0.019196779964221825	0.029319672131147542	0.019196779964221825	0.7926820263157895	0.019196779964221825	0.0831860465116279	0.3180892933618844	0.3345418197725284	0.48930587728740577	0.9346282207301722	1.0	0.8144707661034177	0.04434297520661157	0.3899433802816901	0.25151386782231855	0.7757612679880531	0.48156122982991717	0.9490276119402985	0.30655182275298554	0.9693850281648384	0.4963286897430452	0.03713148788927336	0.5160022117550686	0.3800737294761532	0.9675946959896506	0.708644776119403	0.10520588235294118	0.04434297520661157	0.16993665579878903	0.19393373493975907	0.1399452269170579	0.5518147280820592	0.6251265654648956	0.07798691860465115	0.9558094423641331	0.09692516129032258	0.20179481821980777	0.30237270998415217	0.3119631269349845	0.2535578702043743	0.7619248334258745	0.8738562819321877	0.11315641476274164	0.9558094423641331	0.07798691860465115	0.9867704477898168	0.4976563798219585	0.1319855614973262	0.10520588235294118	0.04434297520661157	0.8491576283355271	0.30001746183206107	0.09269302325581395	0.3811816035288012	0.6327361785836471	0.7363954347826087	0.019196779964221825	0.5425502648616833	0.6911661879487981	0.5788152181952663	0.549575587492717	0.7138877547939	0.19054612386314423	0.7469106938892062	0.9477744525547445	0.3719201974386339	0.8029886865555986	0.3246650374812594	0.7381152177057717	0.8804639022711631	0.1990573355817875	0.19054612386314423	0.019196779964221825	0.9210794136528996	0.7672370192307693	0.019196779964221825	0.2353503409090909	0.6327361785836471	0.9478058225508317	0.3463476622272598	0.5215881945857929	0.4042666247800955	0.7235006660746004	0.11315641476274164	0.6975315448658649	0.7542291110799044	0.720786566274042	0.056928381962864726	0.17933468834688346	0.9281844789356984	0.40724145	0.5788152181952663	0.6442552486187845	0.2558460085531005	0.9337480773271697	0.9478058225508317	0.6269901444788442	0.7637431871628163	0.06738461538461539	0.06244139650872818	0.8571852732434351	0.051442953020134234
g__Flavonifractor	0.2937961625282167	0.11644146202170189	0.12070866141732284	0.04434297520661157	0.6917614713216957	0.8109268336314849	0.9917613031914894	0.600296608040201	0.019196779964221825	0.7946186952542815	0.4566693405846363	0.029319672131147542	0.1399452269170579	0.9114448659254415	0.8899618072834199	0.051442953020134234	0.029319672131147542	0.2626389705882353	0.2250587159533074	0.13633880359978826	0.8701182857142857	0.051442953020134234	0.019196779964221825	0.2276398377125193	0.019196779964221825	0.3180892933618844	0.3345418197725284	0.9823294849537038	0.6212586224843858	0.1990573355817875	0.9806432048681543	0.029319672131147542	0.3800737294761532	0.051442953020134234	0.06738461538461539	0.1435216049382716	0.019196779964221825	0.019196779964221825	0.019196779964221825	0.03713148788927336	0.8892442266288951	0.5620220591039085	0.16993665579878903	0.24670317982456139	0.019196779964221825	0.9607712866318747	0.40994232488822646	0.536336914217633	0.968381307761105	0.1503843843843844	0.03713148788927336	0.7931057851239669	0.09692516129032258	0.03713148788927336	0.8359573398413666	0.8144707661034177	1.0	0.019196779964221825	0.6626789653489507	0.019196779964221825	0.5526081675999228	0.2607992592592593	0.8470621232136424	0.6410398584905661	0.23957767424524787	0.35422429205996675	0.4497081155433287	0.617885207823961	0.4140307086614173	0.6805690692124104	0.019196779964221825	0.3119631269349845	0.4566693405846363	0.8905761060948081	0.019196779964221825	0.019196779964221825	0.25151386782231855	0.5488772780373832	0.7537556009581513	0.81849139173303	0.24916820494186043	0.35422429205996675	0.36421247282608693	0.6884419218087612	0.5066175686927561	0.03713148788927336	0.8079649389067524	0.48561612483745126	0.8427514088765268	0.29212553536664504	0.7297392857142858	0.9602725547298654	0.8797175382139985	0.019196779964221825	0.9533703654822334	0.11315641476274164	0.11644146202170189	0.8761440955788988	0.8804639022711631	0.4272814121037464	0.5066175686927561	0.04434297520661157	0.03713148788927336	0.019196779964221825	0.536336914217633	0.862184255019373	0.4415268326739586	0.07798691860465115	0.23957767424524787	0.1990573355817875	0.7508814914390831	0.9033883211678833	0.25151386782231855	0.8127345756222081	0.9663142985342507	0.8965154466988006	0.1470746192893401	0.7650216972034715	0.30001746183206107	0.5488772780373832	0.750637632884479	0.4407733177570094	0.39218923273657286	0.6597746930757898	0.2250587159533074	0.6460097829716194	0.3971722222222222	0.6890449286722057	0.019196779964221825	0.8211219217708464	0.4641994166479695	0.019196779964221825	0.7650216972034715	0.5550374783445621	0.029319672131147542	0.6824338242280286	0.32328917370325694	0.9131623368146213	0.019196779964221825	0.9601421052631578	0.6399867768595041	0.18245100671140937	0.9197670358026019	0.4057760280842527	0.46251815730337076	0.6997616379310345	0.5081109540636043
g__Fusicatenibacter	0.07333257403189065	0.1435216049382716	0.7195798651685393	0.019196779964221825	0.09269302325581395	0.051442953020134234	0.5226023151909017	0.19054612386314423	0.04434297520661157	0.4963286897430452	0.019196779964221825	0.8289597769516728	0.28853214051214704	0.3463476622272598	0.6917614713216957	0.9060842163112772	0.019196779964221825	0.973352679623086	0.1883457656867047	0.029319672131147542	0.9448114383137012	0.7909438225976768	0.019196779964221825	0.9490276119402985	0.019196779964221825	0.48930587728740577	0.8266112921278447	0.5919005993461679	0.9483234913793104	0.9754594613124389	0.7261994845360825	0.5146635352286774	0.6764448430493274	0.4566693405846363	0.9703608854269375	0.7584777421155455	0.019196779964221825	0.48156122982991717	0.03713148788927336	0.019196779964221825	0.7482655982905984	0.0831860465116279	0.4335039735099338	0.3811816035288012	0.09269302325581395	0.07798691860465115	0.04434297520661157	0.1643810435615127	0.5467210670314637	0.019196779964221825	0.16993665579878903	0.6451876943654907	0.06244139650872818	0.019196779964221825	0.7428085825186889	0.04434297520661157	0.019196779964221825	1.0	0.920358649517685	0.09692516129032258	0.12070866141732284	0.019196779964221825	0.7235006660746004	0.11644146202170189	0.3800737294761532	0.33659154069767444	0.7320843504795118	0.9762214620339645	0.25151386782231855	0.3781265526315789	0.2250587159533074	0.6391698458410978	0.019196779964221825	0.9863203034959661	0.019196779964221825	0.1015552050473186	0.4477612577461556	0.9143035853976532	0.04434297520661157	0.6010359484148308	0.08777914110429447	0.210068515497553	0.3246650374812594	0.3811816035288012	0.1015552050473186	0.24670317982456139	0.6310078414550446	0.1278884073672806	0.650622487562189	0.9197670358026019	0.9023120168346439	0.1399452269170579	0.7381152177057717	0.0831860465116279	0.11644146202170189	0.35887761316872424	0.12070866141732284	0.019196779964221825	0.9135346956521739	0.793680566111912	0.19393373493975907	0.21305470016207456	0.1278884073672806	0.2558460085531005	0.5298673764564081	0.03713148788927336	0.9773583479276124	0.029319672131147542	0.06738461538461539	0.6337045951486163	0.3934244331210191	0.8403042222761465	0.3334544894366197	0.8970107718120804	0.8750275130434784	0.019196779964221825	0.019196779964221825	0.5488772780373832	0.9148730944625407	0.2804243206977524	0.34177711085583	0.6429224798387095	0.31075745012468825	0.6917614713216957	0.019196779964221825	0.3764915258711721	0.019196779964221825	0.5884047592997812	0.019196779964221825	0.2626389705882353	0.9692756090314915	0.30001746183206107	0.2607992592592593	0.3603387704918033	0.6777292893725992	0.051442953020134234	0.7452296524102416	0.8023281282316442	0.019196779964221825	0.9267423764680986	0.3934244331210191	0.7235006660746004	0.8109268336314849	0.019196779964221825	0.26500449320794145	0.7105178343949045	0.46660687500000003
g__Fusobacterium_A	0.3334544894366197	0.7577204218466265	0.6681533344098175	0.713021100362757	0.3141184145589142	0.36774612476370516	0.42862327586206894	0.08777914110429447	0.5066175686927561	0.03713148788927336	0.4368237455830389	0.23761500000000002	0.7235006660746004	0.8071037837837839	0.9887586798931706	0.10520588235294118	0.019196779964221825	0.9490276119402985	0.9877736101808439	0.49138740629685157	0.8289597769516728	0.6619023460410557	0.16993665579878903	0.6451876943654907	0.1883457656867047	0.9174807866868382	0.8139346814193057	0.207468942821884	0.7443957675753228	0.874391611555865	0.5855589514066497	0.5395155349388077	0.8550866975748931	0.903675638051044	0.5635353387739609	0.2607992592592593	0.1643810435615127	0.2823194064688229	0.16993665579878903	0.5855589514066497	0.9169156790657439	0.11644146202170189	0.8363482935153583	0.510767149958575	0.029319672131147542	0.7114978181818182	0.536336914217633	0.487730659767141	0.8084093525179857	0.03713148788927336	0.029319672131147542	0.07798691860465115	0.06738461538461539	0.019196779964221825	0.8084093525179857	0.3899433802816901	0.6626789653489507	0.920358649517685	1.0	0.3603387704918033	0.3246650374812594	0.019196779964221825	0.8330696654001716	0.9885974770642202	0.9861420744016149	0.9973648153369045	0.7189415841584158	0.6241367593712213	0.07798691860465115	0.7869590951554785	0.06738461538461539	0.4963286897430452	0.2840977137176938	0.6911661879487981	0.8625327586206897	0.1278884073672806	0.1435216049382716	0.6597746930757898	0.33813828124999995	0.8606748912660163	0.18245100671140937	0.10969753457606735	0.26725282299965364	0.1769656436097114	0.16993665579878903	0.24916820494186043	0.9754595538597006	0.37328937018336433	0.4654583258728738	0.9386549093183238	0.7946186952542815	0.9281844789356984	0.06738461538461539	0.0831860465116279	0.5897163387978142	0.6348764165390506	0.7282029948867786	0.8144707661034177	0.8625327586206897	0.600296608040201	0.16101694094869312	0.6451876943654907	0.9813005793183355	0.671400193205603	0.2823194064688229	0.8984704140694568	0.4466309392265193	0.1278884073672806	0.3603387704918033	0.650622487562189	0.3603387704918033	0.8879190265486725	0.9601421052631578	0.6024185218324981	0.7271115107913669	0.4335039735099338	0.019196779964221825	0.5160022117550686	0.5774091196136703	0.9689805847373637	0.6681533344098175	0.3882891371340524	0.3119631269349845	0.9782092216499855	0.3800737294761532	0.8810884112792298	0.5925581188836535	0.8750275130434784	0.019196779964221825	0.7712082309582309	0.5518147280820592	0.9400507801123361	0.7619248334258745	0.3246650374812594	0.5798345394129591	0.9887586798931706	0.43831910693302	0.7682854891751164	0.029319672131147542	0.9922151129675337	0.7854575534759358	0.9806432048681543	0.9759365503080083	0.3603387704918033	0.2840977137176938	0.8958167452830189	0.44227440890125175
g__Gallintestinimicrobium	0.019196779964221825	0.15696245733788397	0.03713148788927336	0.019196779964221825	0.2581065887353879	0.27413093451568893	0.43501316658801326	0.41953435448577675	0.12070866141732284	0.019196779964221825	0.04434297520661157	0.49138740629685157	0.207468942821884	0.4140307086614173	0.919832925257732	0.5384601859177215	0.019196779964221825	0.8289597769516728	0.9439985687616677	0.019196779964221825	0.49919022222222226	0.4736147117296223	0.06244139650872818	0.5620220591039085	0.12070866141732284	0.3719201974386339	0.42249257557436515	0.4154445044160942	0.80919138792772	0.9400507801123361	0.7235006660746004	0.24670317982456139	0.887406301805382	0.5505903663500679	0.3899433802816901	0.7554395488932474	0.019196779964221825	0.6399867768595041	0.09269302325581395	0.1399452269170579	0.7449734202607823	0.8470621232136424	0.8318768322675848	0.5011248794801928	0.1278884073672806	0.5845213328437673	0.19054612386314423	0.7189415841584158	0.48156122982991717	0.07798691860465115	0.06738461538461539	0.5692886440677966	0.1435216049382716	0.07333257403189065	0.7542291110799044	0.25151386782231855	0.019196779964221825	0.09692516129032258	0.3603387704918033	1.0	0.15383044982698962	0.019196779964221825	0.7498605987514189	0.1470746192893401	0.3764915258711721	0.8650307917202668	0.43107872441694434	0.9276391125198099	0.1278884073672806	0.6399867768595041	0.019196779964221825	0.9885974770642202	0.019196779964221825	0.8127345756222081	0.019196779964221825	0.07333257403189065	0.35887761316872424	0.8568280994671403	0.3899433802816901	0.956218052184466	0.870760435846638	0.4641994166479695	0.5066175686927561	0.7542291110799044	0.26500449320794145	0.4497081155433287	0.8310771999014048	0.16727586206896553	0.7381152177057717	0.9874081769436998	0.2250587159533074	0.3844559969048233	0.8527803143979994	0.019196779964221825	0.2902446655791191	0.1769656436097114	0.029319672131147542	0.5563534602076124	0.8564163461538461	0.2823194064688229	0.33813828124999995	0.4436307052023121	0.2626389705882353	0.1245721393034826	0.42249257557436515	0.6805690692124104	0.6782526921233424	0.1643810435615127	0.2694763692731657	0.17348036951501156	0.7183015772870662	0.7926820263157895	0.30655182275298554	0.7789213369345036	0.5037228648987262	0.4368237455830389	0.0831860465116279	0.42862327586206894	0.298407648	0.5597443955623566	0.1435216049382716	0.3427915786468741	0.5006596129575095	0.8961161561763715	0.6101383351007422	0.8625327586206897	0.3280510695187166	0.8958167452830189	0.03713148788927336	0.6824338242280286	0.2840977137176938	0.2353503409090909	0.15696245733788397	0.48699195327709277	0.1015552050473186	0.3719201974386339	0.5256176719790195	0.7837732394366197	0.029319672131147542	0.5977321402877697	0.7877876980428704	0.7395082262952807	0.9243692995529061	0.6805690692124104	0.029319672131147542	0.9196020019373587	0.7542291110799044
g__Gemella	0.03713148788927336	0.9631459435096154	0.08777914110429447	0.1278884073672806	0.32328917370325694	0.029319672131147542	0.7639594669244579	0.19054612386314423	0.904747374227714	0.019196779964221825	0.2823194064688229	0.9972935753927193	0.847739985599424	0.7489407370517929	0.870760435846638	0.9159105713975929	0.019196779964221825	0.7909438225976768	0.30837363977485927	0.27223511843460346	0.8754596663963861	0.7165846153846154	0.8325707765918292	0.712044871406959	0.25151386782231855	0.948743216080402	0.8317846551724137	0.9350160402052142	0.6963698731828023	0.8984704140694568	0.9106937322559511	0.2232284309870232	0.6157038461538461	0.24240278189910977	0.11315641476274164	0.8189162121212121	0.06244139650872818	0.7626807612456746	0.32957460833579666	0.22983252873563217	0.981578494934877	0.019196779964221825	0.7443957675753228	0.04434297520661157	0.019196779964221825	0.6442552486187845	0.1245721393034826	0.7542291110799044	0.8629816381532692	0.2694763692731657	0.40994232488822646	0.09692516129032258	0.40994232488822646	0.029319672131147542	0.700443136049193	0.7757612679880531	0.5526081675999228	0.12070866141732284	0.3246650374812594	0.15383044982698962	1.0	0.056928381962864726	0.9864982247385087	0.019196779964221825	0.8754596663963861	0.48391966145833337	0.4110761692650334	0.8550866975748931	0.22118304209690232	0.9782092216499855	0.1319855614973262	0.6187866957279861	0.019196779964221825	0.6569784094643444	0.10520588235294118	0.8211219217708464	0.5405667257683214	0.8710973573923166	0.019196779964221825	0.12070866141732284	0.029319672131147542	0.23957767424524787	0.5121411910669975	0.03713148788927336	0.03713148788927336	0.9540723665516542	0.690245288326301	0.019196779964221825	0.1319855614973262	0.4184513909224012	0.38632704580545546	0.34995016882386043	0.8298710770372202	0.46660687500000003	0.1470746192893401	0.5405667257683214	0.5970907894736841	0.1503843843843844	0.3793532232704402	0.6165057328190743	0.17933468834688346	0.49489061901723036	0.5349438834563959	0.5937496289592761	0.2786002363268062	0.1015552050473186	0.7607408515374982	0.41953435448577675	0.4140307086614173	0.7235006660746004	0.600296608040201	0.6343457289002558	0.5717154366197184	0.07798691860465115	0.683991092861655	0.06738461538461539	0.1503843843843844	0.30001746183206107	0.825482175	0.4566693405846363	0.33659154069767444	0.7931057851239669	0.7235006660746004	0.5705574007899191	0.1399452269170579	0.678882533099378	0.06244139650872818	0.6799435219123506	0.019196779964221825	0.34467422475106685	0.968381307761105	0.7900924176260421	0.04434297520661157	0.482323581830037	0.7062155891792755	0.019196779964221825	0.8427514088765268	0.4012932743362832	0.029319672131147542	0.5405667257683214	0.6777292893725992	0.7884407063197026	0.9831580924855491	0.06244139650872818	0.32328917370325694	0.019196779964221825	0.819762962962963
g__Gemmiger	0.04434297520661157	0.7114978181818182	0.056928381962864726	0.019196779964221825	0.019196779964221825	0.07798691860465115	0.35760140573318633	0.029319672131147542	0.32328917370325694	0.019196779964221825	0.03713148788927336	0.5919005993461679	0.8970107718120804	0.600296608040201	0.7254738277794162	0.23957767424524787	0.03713148788927336	0.844778095582911	0.907545426594927	0.019196779964221825	0.9451389737765847	0.07798691860465115	0.03713148788927336	0.22983252873563217	0.2159154929577465	0.5226023151909017	0.5006596129575095	0.6949853598014889	0.9441547402194163	0.9088043649923229	0.9360870229007634	0.6269901444788442	0.41953435448577675	0.5395155349388077	0.8384327900754074	0.22118304209690232	0.019196779964221825	0.8302740118577074	0.019196779964221825	0.019196779964221825	0.4368237455830389	0.019196779964221825	0.9469309276227735	0.19054612386314423	0.019196779964221825	0.07798691860465115	0.051442953020134234	0.32631718889883615	0.42249257557436515	0.22983252873563217	0.06244139650872818	0.24670317982456139	0.019196779964221825	0.019196779964221825	0.770269157218959	0.48156122982991717	0.2607992592592593	0.019196779964221825	0.019196779964221825	0.019196779964221825	0.056928381962864726	1.0	0.7138877547939	0.1503843843843844	0.4804785308264102	0.8568280994671403	0.6963698731828023	0.42862327586206894	0.019196779964221825	0.1245721393034826	0.019196779964221825	0.9060842163112772	0.019196779964221825	0.64797012489592	0.019196779964221825	0.03713148788927336	0.3050006006955422	0.9207193403298352	0.1883457656867047	0.48699195327709277	0.9477744525547445	0.30837363977485927	0.2902446655791191	0.11315641476274164	0.019196779964221825	0.1245721393034826	0.09692516129032258	0.056928381962864726	0.019196779964221825	0.5160022117550686	0.6429224798387095	0.019196779964221825	0.35128924670960515	0.019196779964221825	0.1015552050473186	0.49138740629685157	0.3844559969048233	0.07798691860465115	0.6382168956743003	0.6963698731828023	0.639363061845218	0.1319855614973262	0.0831860465116279	0.04434297520661157	0.40724145	0.1245721393034826	0.724639483394834	0.019196779964221825	0.10520588235294118	0.5272506650544135	0.5897163387978142	0.24670317982456139	0.3119631269349845	0.46103913532988067	0.3882891371340524	0.37133581208053684	0.09692516129032258	0.11315641476274164	0.49489061901723036	0.2232284309870232	0.8830731520621502	0.5037228648987262	0.7593394450641382	0.30837363977485927	0.3811816035288012	0.32631718889883615	0.019196779964221825	0.47656597711267606	0.019196779964221825	0.8194434157416751	0.9703608854269375	0.17933468834688346	0.19660545377077118	0.12070866141732284	0.03713148788927336	0.07798691860465115	0.5121411910669975	0.056928381962864726	0.019196779964221825	0.19660545377077118	0.5909175368382755	0.5395155349388077	0.5215881945857929	0.10520588235294118	0.06244139650872818	0.019196779964221825	0.8904704825404
g__Gordonibacter	0.8330696654001716	0.3971722222222222	0.849526810901267	0.32957460833579666	0.42862327586206894	0.7822584654662725	0.37328937018336433	0.36593523835319614	0.536336914217633	0.6949853598014889	0.9546034950866173	0.6343457289002558	0.06244139650872818	0.8055857695282289	0.8015224050796943	0.2937961625282167	0.9159105713975929	0.690245288326301	0.7254738277794162	0.7494013213981244	0.1435216049382716	0.2804243206977524	0.9863203034959661	0.6963698731828023	0.5037228648987262	0.9088043649923229	0.5909175368382755	0.9772651051811454	0.8826538936535164	0.9391860624999999	0.5576659051641389	0.8776084745762712	0.769433971291866	0.41953435448577675	0.207468942821884	0.49045463917525767	0.6884419218087612	0.8564163461538461	0.1319855614973262	0.9243692995529061	0.6667333333333334	0.5774091196136703	0.33813828124999995	0.887406301805382	0.870760435846638	0.9877736101808439	0.8606748912660163	0.6348764165390506	0.4184513909224012	0.8961161561763715	0.19393373493975907	0.928239422062856	0.8310771999014048	0.8650307917202668	0.6399867768595041	0.9490276119402985	0.8470621232136424	0.7235006660746004	0.8330696654001716	0.7498605987514189	0.9864982247385087	0.7138877547939	1.0	0.9732546767537827	0.3934244331210191	0.34995016882386043	0.34467422475106685	0.3603387704918033	0.30001746183206107	0.10969753457606735	0.9519382667073543	0.847739985599424	0.6187866957279861	0.903675638051044	0.30655182275298554	0.8015224050796943	0.487730659767141	0.6760254492939666	0.9441547402194163	0.9912127720231874	0.3141184145589142	0.9938369318181818	0.4335039735099338	0.7086601732259534	0.27609589830508474	0.029319672131147542	0.8438904008693552	0.9490276119402985	0.3811816035288012	0.2937961625282167	0.9027006971340046	0.4753551290536069	0.43501316658801326	0.9148730944625407	0.6846046357615895	0.4256242599277978	0.3695462843295639	0.7775981732070365	0.5692886440677966	0.9519382667073543	0.6124162023977432	0.995732967967495	0.6613392524889832	0.029319672131147542	0.3800737294761532	0.6879452028939917	0.7011227509978507	0.5535045664739885	0.9114448659254415	0.6231442138038401	0.9095420074349443	0.7070991755725191	0.5813862202545657	0.7452296524102416	0.5325739635489686	0.9523517076641593	0.6231442138038401	0.9877736101808439	0.8266112921278447	0.7086601732259534	0.9027006971340046	0.2840977137176938	0.9207193403298352	0.9230056758775206	0.6810844345616264	0.3427915786468741	0.8438904008693552	0.7973593498049415	0.9689805847373637	0.6101383351007422	0.919832925257732	0.11644146202170189	0.9602725547298654	0.5467210670314637	0.16727586206896553	0.9925742339436485	0.23957767424524787	0.4512371997254633	0.8485843473053892	0.7114978181818182	0.6410398584905661	0.5233997974478428	0.8169143544303799	0.4436307052023121	0.6251265654648956	0.9887586798931706	0.7086601732259534
g__Granulicatella	0.10969753457606735	0.9483234913793104	0.08777914110429447	0.11315641476274164	0.03713148788927336	0.019196779964221825	0.8583025862068966	0.1435216049382716	0.8237232890448735	0.33659154069767444	0.029319672131147542	0.76501884057971	0.9088043649923229	0.7973593498049415	0.8825369017632243	0.7626807612456746	0.019196779964221825	0.8568280994671403	0.6399867768595041	0.11644146202170189	0.4140307086614173	0.9250390787518574	0.7175519025417355	0.3695462843295639	0.3402587709174841	0.9588136583888552	0.6890449286722057	0.9519382667073543	0.937155321148825	0.6725864864864866	0.4110761692650334	0.5664202113606341	0.7542291110799044	0.6101383351007422	0.862184255019373	0.48156122982991717	0.07798691860465115	0.8438904008693552	0.06244139650872818	0.056928381962864726	0.8363482935153583	0.029319672131147542	0.7235006660746004	0.019196779964221825	0.019196779964221825	0.06738461538461539	0.019196779964221825	0.019196779964221825	0.964040322096629	0.21848316	0.07798691860465115	0.029319672131147542	0.2694763692731657	0.019196779964221825	0.6399867768595041	0.30655182275298554	0.6410398584905661	0.11644146202170189	0.9885974770642202	0.1470746192893401	0.019196779964221825	0.1503843843843844	0.9732546767537827	1.0	0.849526810901267	0.03713148788927336	0.2804243206977524	0.7639594669244579	0.2250587159533074	0.8310771999014048	0.1015552050473186	0.43260299145299147	0.019196779964221825	0.9515242365635179	0.06738461538461539	0.4084944693572496	0.9843722206179613	0.6949853598014889	0.019196779964221825	0.4685735078766364	0.2276398377125193	0.051442953020134234	0.207468942821884	0.056928381962864726	0.019196779964221825	0.8334655239960822	0.7415354517942067	0.019196779964221825	0.3971722222222222	0.1245721393034826	0.07798691860465115	0.04434297520661157	0.19054612386314423	0.1015552050473186	0.06738461538461539	0.4940793257947514	0.3484996890898813	0.04434297520661157	0.3427915786468741	0.9739279996075739	0.5395155349388077	0.5349438834563959	0.7903619714587738	0.7599879526462395	0.23957767424524787	0.029319672131147542	0.8783393984789123	0.536336914217633	0.2159154929577465	0.871839127399651	0.599123396226415	0.207468942821884	0.6220411673016972	0.5948305982288089	0.8484168725266819	0.17933468834688346	0.029319672131147542	0.0831860465116279	0.7682854891751164	0.210068515497553	0.019196779964221825	0.6569784094643444	0.42985481021723565	0.298407648	0.09692516129032258	0.8927988843813387	0.019196779964221825	0.6997616379310345	0.019196779964221825	0.6818142109436954	0.9234608955223882	0.5023212298682285	0.019196779964221825	0.7479089028392067	0.8970107718120804	0.019196779964221825	0.8039592616496708	0.9788679507083252	0.019196779964221825	0.8984704140694568	0.9443856995140109	0.7537556009581513	0.7297392857142858	0.019196779964221825	0.13633880359978826	0.09269302325581395	0.3280510695187166
g__Guopingia	0.6460097829716194	0.051442953020134234	0.9689805847373637	0.5443352352941176	0.33659154069767444	0.11644146202170189	0.5349438834563959	0.2353503409090909	0.04434297520661157	0.9083247942048074	0.6220411673016972	0.2159154929577465	0.019196779964221825	0.7831742312340539	0.04434297520661157	0.23957767424524787	0.07798691860465115	0.8079649389067524	1.0	0.999421485287249	0.6831594876660342	0.06738461538461539	0.9885974770642202	0.671400193205603	0.07333257403189065	0.7395082262952807	0.5256176719790195	0.3719201974386339	0.9626496392062538	0.7747251426242868	0.35251738645862357	0.3427915786468741	0.7650216972034715	0.15696245733788397	0.029319672131147542	0.3180892933618844	0.11644146202170189	0.6526663798808735	0.3603387704918033	0.42249257557436515	0.7428085825186889	0.42985481021723565	0.6896460478948192	0.49284130853110963	0.8984704140694568	0.639363061845218	0.8892442266288951	0.2866087487619676	0.4555797272727272	0.5006596129575095	0.32328917370325694	0.5488772780373832	0.9386549093183238	0.9090644709486815	0.17933468834688346	0.9693850281648384	0.23957767424524787	0.3800737294761532	0.9861420744016149	0.3764915258711721	0.8754596663963861	0.4804785308264102	0.3934244331210191	0.849526810901267	1.0	0.19393373493975907	0.7931057851239669	0.6917614713216957	0.44227440890125175	0.019196779964221825	0.5855589514066497	0.3427915786468741	0.855447132169576	0.7997776566757493	0.7531987161399548	0.3246650374812594	0.9782092216499855	0.2902446655791191	0.43107872441694434	0.85804862851738	0.9159105713975929	0.8325707765918292	0.8542172098001902	0.9806432048681543	0.4110761692650334	0.11644146202170189	0.515387797863599	0.7079808754003354	0.8667297932001402	0.515387797863599	0.42122168850072783	0.33813828124999995	0.5176697626841245	0.35621453488372096	0.25151386782231855	0.5798345394129591	0.549575587492717	0.9598349380602277	0.6420904593639576	0.2276398377125193	0.6261136434108527	0.3899433802816901	0.019196779964221825	0.2937961625282167	0.4110761692650334	0.5848807579641156	0.029319672131147542	0.6057945989304812	0.49489061901723036	0.6911661879487981	0.961365844116762	0.7042270096463022	0.2159154929577465	0.45438008204193253	0.5635353387739609	0.5717154366197184	0.5376137390959556	0.7747251426242868	0.9649323776223777	0.43107872441694434	0.7011227509978507	0.7760591703944693	0.708644776119403	0.9201947639484979	0.11644146202170189	0.6165057328190743	0.9938369318181818	0.3781265526315789	0.482323581830037	0.39218923273657286	0.9461825221695195	0.019196779964221825	0.8723771564752384	0.565569156580938	0.4407733177570094	0.9346753850990256	0.6057945989304812	0.7341361723737666	0.5146635352286774	0.24240278189910977	0.5783280867630701	0.7861564712167758	0.3749454039735099	0.5736988585329341	0.9663142985342507	0.4398074560375147	0.2694763692731657
g__Haemophilus_D	0.7282029948867786	0.15383044982698962	0.36774612476370516	0.4685735078766364	0.9376884667571235	0.019196779964221825	0.2866087487619676	0.4110761692650334	0.7639594669244579	0.7869876615589607	0.16993665579878903	0.9762214620339645	0.2959206741573034	0.976126817116061	0.7923125691699604	0.9962118444590905	0.690245288326301	0.8159534948623621	0.5284547978273989	0.5855589514066497	0.8302740118577074	0.8667297932001402	0.6194696658545075	0.7320843504795118	0.8211219217708464	0.9376884667571235	0.5586535159992335	0.9887586798931706	0.6376602718776552	0.8176517075638756	0.9689805847373637	0.7482655982905984	0.2840977137176938	0.2159154929577465	0.9903967649857278	0.897709032979318	0.48391966145833337	0.5477477472205968	0.964040322096629	0.6777292893725992	0.6503528257978722	0.04434297520661157	0.9120181045751634	0.051442953020134234	0.9248224869694713	0.6057945989304812	0.42122168850072783	0.9451389737765847	0.9601421052631578	0.07333257403189065	0.8825369017632243	0.019196779964221825	0.6689139954853274	0.8023281282316442	0.8023281282316442	0.4963286897430452	0.35422429205996675	0.33659154069767444	0.9973648153369045	0.8650307917202668	0.48391966145833337	0.8568280994671403	0.34995016882386043	0.03713148788927336	0.19393373493975907	1.0	0.8359573398413666	0.7931057851239669	0.4804785308264102	0.051442953020134234	0.9773583479276124	0.8023281282316442	0.22983252873563217	0.9165481818181819	0.887406301805382	0.8084093525179857	0.1883457656867047	0.9448114383137012	0.3463476622272598	0.03713148788927336	0.23957767424524787	0.7973593498049415	0.9504725130088766	0.8377389727361246	0.8826538936535164	0.7261994845360825	0.712044871406959	0.056928381962864726	0.3793532232704402	0.04434297520661157	0.4122016272189349	0.06244139650872818	0.4012932743362832	0.5788152181952663	0.35887761316872424	0.9441547402194163	0.18245100671140937	0.5576659051641389	0.20448467274233637	0.5477477472205968	0.7900924176260421	0.34467422475106685	0.6241367593712213	0.864888442622951	0.6469372457485828	0.019196779964221825	0.019196779964221825	0.9861420744016149	0.8527803143979994	0.7183015772870662	0.897709032979318	0.4122016272189349	0.7807383900928793	0.8131701172870984	0.5620220591039085	0.26725282299965364	0.9196020019373587	0.7837732394366197	0.964040322096629	0.30655182275298554	0.4154445044160942	0.5246170238576627	0.6442552486187845	0.4110761692650334	0.8363482935153583	0.7841608171466845	0.019196779964221825	0.3719201974386339	0.2250587159533074	0.5233997974478428	0.3180892933618844	0.06738461538461539	0.019196779964221825	0.8413769407775221	0.41953435448577675	0.019196779964221825	0.6086039914848324	0.019196779964221825	0.09692516129032258	0.07333257403189065	0.42985481021723565	0.7271115107913669	0.8650307917202668	0.019196779964221825	0.5977321402877697	0.7712082309582309	0.7235006660746004
g__Holdemanella	0.6420904593639576	0.8162792854427975	0.9090644709486815	0.9972935753927193	0.18245100671140937	0.34467422475106685	0.9298164400885236	0.7869590951554785	0.6987551001540833	0.8266112921278447	0.7869876615589607	0.7919421372031663	0.9165481818181819	0.35887761316872424	0.9427504360465117	0.6963698731828023	0.919832925257732	0.5006596129575095	0.8757896667438093	0.7909438225976768	0.9120181045751634	0.5948305982288089	0.825482175	0.27413093451568893	0.8523143759685302	0.9785863371528453	0.9626496392062538	0.09269302325581395	0.9636416516516516	0.3334544894366197	0.03713148788927336	0.9973648153369045	0.27413093451568893	0.07333257403189065	0.6831594876660342	0.3719201974386339	0.7927380007881256	0.9546034950866173	0.7272988716295429	0.8754596663963861	0.5011248794801928	0.37328937018336433	0.207468942821884	0.6584170799802923	0.8946120445344129	0.35760140573318633	0.6438599999999999	0.2840977137176938	0.6824338242280286	0.549575587492717	0.9889332888592395	0.6086039914848324	0.5958009202453988	0.919832925257732	0.6534687923343797	0.03713148788927336	0.4497081155433287	0.7320843504795118	0.7189415841584158	0.43107872441694434	0.4110761692650334	0.6963698731828023	0.34467422475106685	0.2804243206977524	0.7931057851239669	0.8359573398413666	1.0	0.19393373493975907	0.8237232890448735	0.7948785117493472	0.9543865443114987	0.06738461538461539	0.7726612397820163	0.3749454039735099	0.7841608171466845	0.7070991755725191	0.11644146202170189	0.8905761060948081	0.1470746192893401	0.487730659767141	0.32328917370325694	0.5948305982288089	0.9607712866318747	0.2626389705882353	0.7807383900928793	0.7637431871628163	0.7650216972034715	0.8298710770372202	0.7235006660746004	0.31075745012468825	0.919436612434005	0.9276391125198099	0.6949853598014889	0.7869876615589607	0.6348764165390506	0.7498605987514189	0.8334655239960822	0.6810844345616264	0.3899433802816901	0.9468984848484848	0.9443856995140109	0.7676565843621398	0.3194177257525084	0.9972935753927193	0.8625327586206897	0.7760591703944693	0.6010359484148308	0.30237270998415217	0.4477612577461556	0.9779266848196052	0.9058160405420292	0.5925581188836535	0.029319672131147542	0.0831860465116279	0.8470621232136424	0.6044204638715432	0.2535578702043743	0.08777914110429447	0.8484168725266819	0.6673904592496765	0.5284547978273989	0.8921928619756427	0.956218052184466	0.3719201974386339	0.8583025862068966	0.9962118444590905	0.8860760914051841	0.9572268787878787	0.7807383900928793	0.36774612476370516	0.820804608991311	0.3194177257525084	0.9131623368146213	0.8029886865555986	0.35128924670960515	0.8438904008693552	0.7200009871373019	0.9515242365635179	0.9238170217298679	0.28853214051214704	0.5937496289592761	0.18559157427937917	0.8325707765918292	0.6655342194845194	0.30837363977485927	0.8606748912660163	0.019196779964221825
g__Holdemania	0.2804243206977524	0.27223511843460346	0.4566693405846363	0.5783280867630701	0.7639594669244579	0.23761500000000002	0.9681808334991048	0.8830731520621502	0.8060339127076092	0.9322767823343849	0.7542291110799044	0.7768819585534334	0.4122016272189349	0.874391611555865	0.1278884073672806	0.6451876943654907	0.9864982247385087	0.4110761692650334	0.6818142109436954	0.769433971291866	0.5023212298682285	0.18245100671140937	0.9962118444590905	0.904747374227714	0.029319672131147542	0.847739985599424	0.9304570465557194	0.9962118444590905	0.876017718446602	0.8789682519576233	0.4641994166479695	0.43260299145299147	0.9120181045751634	0.019196779964221825	0.07333257403189065	0.6681533344098175	0.7165846153846154	0.5744170463032113	0.6884419218087612	0.9962118444590905	0.8985646692607003	0.029319672131147542	0.5629946146527117	0.650622487562189	0.7554395488932474	0.46103913532988067	0.23957767424524787	0.9490276119402985	0.8905761060948081	0.9693917176702863	0.8984704140694568	0.3934244331210191	0.8304711237202417	0.9264320008482664	0.5736988585329341	0.5160022117550686	0.617885207823961	0.9762214620339645	0.6241367593712213	0.9276391125198099	0.8550866975748931	0.42862327586206894	0.3603387704918033	0.7639594669244579	0.6917614713216957	0.7931057851239669	0.19393373493975907	1.0	0.3953526315789474	0.35760140573318633	0.9552067739975699	0.056928381962864726	0.9962118444590905	0.3800737294761532	0.8135010695187167	0.898381452962839	0.6597746930757898	0.16101694094869312	0.1990573355817875	0.3050006006955422	0.9988401535724318	0.6890449286722057	0.7242314458900059	0.7235006660746004	0.3899433802816901	0.5361222997210043	0.8970107718120804	0.8060339127076092	0.6818142109436954	0.029319672131147542	0.9926505544498152	0.961365844116762	0.565569156580938	0.9769811988304095	0.4804785308264102	0.3427915786468741	0.9773583479276124	0.8723771564752384	0.3280510695187166	0.7672370192307693	0.5414008844339623	0.9988401535724318	0.16727586206896553	0.9494452038001839	0.17933468834688346	0.7494013213981244	0.10969753457606735	0.9925742339436485	0.8304711237202417	0.056928381962864726	0.9855842469705712	0.41705403817914827	0.8484168725266819	0.07333257403189065	0.9693850281648384	0.23269584603658536	0.3194177257525084	0.7565189722766731	0.5788152181952663	0.9490276119402985	0.8470621232136424	0.769433971291866	0.4940793257947514	0.15696245733788397	0.0831860465116279	0.9806432048681543	0.5325739635489686	0.4753551290536069	0.9494452038001839	0.16993665579878903	0.46660687500000003	0.09269302325581395	0.42985481021723565	0.9806432048681543	0.5011248794801928	0.7235006660746004	0.9773583479276124	0.7781026490066225	0.9912127720231874	0.5535045664739885	0.9376884667571235	0.1435216049382716	0.9215373890730247	0.6559696660634973	0.2276398377125193	0.6133349234289738	0.15696245733788397
g__Hominenteromicrobium	0.20448467274233637	0.4335039735099338	0.3719201974386339	0.32179984839296544	0.25151386782231855	0.5518147280820592	0.6261136434108527	0.7948785117493472	0.9523517076641593	0.06244139650872818	0.4700158990256864	0.8498952000000001	0.9877736101808439	0.9945507849442028	0.4736147117296223	0.5635353387739609	0.34995016882386043	0.9870422535211267	0.8701182857142857	0.6241367593712213	0.5518147280820592	0.5053305109489051	0.3180892933618844	0.8021853184878301	0.04434297520661157	0.9267423764680986	0.5376137390959556	0.6923549019607844	0.7554395488932474	0.5845213328437673	0.8723771564752384	0.4566693405846363	0.9693850281648384	0.6597746930757898	0.16993665579878903	0.8135010695187167	0.03713148788927336	0.8060339127076092	0.1015552050473186	0.06738461538461539	0.6856480151228734	0.21305470016207456	0.8279418177303203	0.32328917370325694	0.06244139650872818	0.7235006660746004	0.5605104389312977	0.41705403817914827	0.9298164400885236	0.09269302325581395	0.32179984839296544	0.19393373493975907	0.16727586206896553	0.06244139650872818	0.769433971291866	0.3800737294761532	0.4140307086614173	0.25151386782231855	0.07798691860465115	0.1278884073672806	0.22118304209690232	0.019196779964221825	0.30001746183206107	0.2250587159533074	0.44227440890125175	0.4804785308264102	0.8237232890448735	0.3953526315789474	1.0	0.09269302325581395	0.029319672131147542	0.9725825732258699	0.04434297520661157	0.6065181818181817	0.7948785117493472	0.4184513909224012	0.9892960000000001	0.5456903661640885	0.7926820263157895	0.30001746183206107	0.42862327586206894	0.9207193403298352	0.8732186033000232	0.3882891371340524	0.7449734202607823	0.8484168725266819	0.41705403817914827	0.26500449320794145	0.904747374227714	0.8587585299669656	0.18559157427937917	0.6460097829716194	0.6810844345616264	0.3345418197725284	0.713021100362757	0.15383044982698962	0.8363482935153583	0.4407733177570094	0.5526081675999228	0.639363061845218	0.7042270096463022	0.21848316	0.8346624786115864	0.2902446655791191	0.019196779964221825	0.37328937018336433	0.46103913532988067	0.4057760280842527	0.029319672131147542	0.029319672131147542	0.3402587709174841	0.45976158013544016	0.8176517075638756	0.7599879526462395	0.9588136583888552	0.24670317982456139	0.27413093451568893	0.8304711237202417	0.7070991755725191	0.5830864939360529	0.3844559969048233	0.7062155891792755	0.3119631269349845	0.9234608955223882	0.4042666247800955	0.9870422535211267	0.09692516129032258	0.5226023151909017	0.019196779964221825	0.8498952000000001	0.4154445044160942	0.8109268336314849	0.9693917176702863	0.19054612386314423	0.1435216049382716	0.06738461538461539	0.9230056758775206	0.6241367593712213	0.06738461538461539	0.9267423764680986	0.845906928906532	0.5505903663500679	0.1990573355817875	0.4555797272727272	0.04434297520661157	0.8885316666666666	0.7726612397820163
g__Hominibacterium	0.6212586224843858	0.029319672131147542	0.21848316	0.7305581039755352	0.5284547978273989	0.2159154929577465	0.019196779964221825	0.36421247282608693	0.1015552050473186	0.715723417721519	0.653621885299934	0.944132324906755	0.019196779964221825	0.7800289005658851	0.27223511843460346	0.35251738645862357	0.7375231025492467	0.9861420744016149	1.0	0.5576659051641389	0.9602556650246306	0.03713148788927336	0.8427514088765268	0.8606748912660163	0.708644776119403	0.6220411673016972	0.43831910693302	0.7542291110799044	0.9483234913793104	0.8346624786115864	0.6701040115998066	0.8144707661034177	0.6917614713216957	0.2804243206977524	0.17933468834688346	0.7479089028392067	0.10969753457606735	0.7781026490066225	0.029319672131147542	0.2250587159533074	0.22983252873563217	0.22983252873563217	0.650622487562189	0.515387797863599	0.7235006660746004	0.9867704477898168	0.80874896073903	0.9889332888592395	0.15696245733788397	0.9365236363636363	0.4963286897430452	0.1015552050473186	0.6526663798808735	0.9725825732258699	0.4154445044160942	0.9675946959896506	0.6805690692124104	0.3781265526315789	0.7869590951554785	0.6399867768595041	0.9782092216499855	0.1245721393034826	0.10969753457606735	0.8310771999014048	0.019196779964221825	0.051442953020134234	0.7948785117493472	0.35760140573318633	0.09269302325581395	1.0	0.8527803143979994	0.3719201974386339	0.811986767147784	0.8723771564752384	0.9386549093183238	0.7896127980922099	0.9881385542168675	0.32328917370325694	0.8079649389067524	0.8413769407775221	0.653621885299934	0.6810844345616264	0.907545426594927	0.9874081769436998	0.8571852732434351	0.2581065887353879	0.7341361723737666	0.5823988397790055	0.7815516476126428	0.4084944693572496	0.10969753457606735	0.1990573355817875	0.34995016882386043	0.9692756090314915	0.31075745012468825	0.6170888208537438	0.683991092861655	0.9769811988304095	0.5004022808870117	0.4675411214953271	0.9456610709863805	0.4028860060514372	0.019196779964221825	0.1435216049382716	0.5361222997210043	0.37133581208053684	0.029319672131147542	0.683991092861655	0.5160022117550686	0.06244139650872818	0.9210794136528996	0.6923549019607844	0.37328937018336433	0.3246650374812594	0.5830864939360529	0.6261136434108527	0.8819141040329973	0.6382168956743003	0.617885207823961	0.3119631269349845	0.7577204218466265	0.80919138792772	0.8738562819321877	0.567695382585752	0.7792129854368931	0.10969753457606735	0.536336914217633	0.07333257403189065	0.7599879526462395	0.6337045951486163	0.5395155349388077	0.051442953020134234	0.64797012489592	0.8266112921278447	0.04434297520661157	0.9972935753927193	0.9823294849537038	0.536336914217633	0.9174807866868382	0.3899433802816901	0.8304711237202417	0.482323581830037	0.653621885299934	0.12070866141732284	0.5550374783445621	0.9248224869694713	0.3345418197725284
g__Hominicoprocola	0.029319672131147542	0.5215881945857929	0.056928381962864726	0.5338677864427115	0.3811816035288012	0.2159154929577465	0.9346282207301722	0.09692516129032258	0.2866087487619676	0.09269302325581395	0.2558460085531005	0.42249257557436515	0.6157038461538461	0.9973648153369045	0.5526081675999228	0.7672370192307693	0.019196779964221825	0.04434297520661157	0.5526081675999228	0.029319672131147542	0.3334544894366197	0.04434297520661157	0.019196779964221825	0.32957460833579666	0.18559157427937917	0.8377389727361246	0.09269302325581395	0.572762598425197	0.3844559969048233	0.7639594669244579	0.8289597769516728	0.3882891371340524	0.7841608171466845	0.8848432718579236	0.019196779964221825	0.5970907894736841	0.019196779964221825	0.5467210670314637	0.15696245733788397	0.11644146202170189	0.7508814914390831	0.3163550261297264	0.5053305109489051	0.5066175686927561	0.029319672131147542	0.6212586224843858	0.19054612386314423	0.5456903661640885	0.6212586224843858	0.056928381962864726	0.019196779964221825	0.029319672131147542	0.1015552050473186	0.019196779964221825	0.2937961625282167	0.708644776119403	0.019196779964221825	0.2250587159533074	0.06738461538461539	0.019196779964221825	0.1319855614973262	0.019196779964221825	0.9519382667073543	0.1015552050473186	0.5855589514066497	0.9773583479276124	0.9543865443114987	0.9552067739975699	0.029319672131147542	0.8527803143979994	1.0	0.76501884057971	0.34177711085583	0.06738461538461539	0.029319672131147542	0.056928381962864726	0.35621453488372096	0.8346624786115864	0.8238292115143929	0.9988401535724318	0.7531987161399548	0.0831860465116279	0.5705574007899191	0.15383044982698962	0.03713148788927336	0.36218221193135386	0.5736988585329341	0.3402587709174841	0.8266112921278447	0.6133349234289738	0.07333257403189065	0.051442953020134234	0.43260299145299147	0.019196779964221825	0.5298673764564081	0.07333257403189065	0.019196779964221825	0.8523143759685302	0.995732967967495	0.8568280994671403	0.1883457656867047	0.6764448430493274	0.6231442138038401	0.3934244331210191	0.08777914110429447	0.8583025862068966	0.6096424623560673	0.3180892933618844	0.11315641476274164	0.17348036951501156	0.3194177257525084	0.40724145	0.961365844116762	0.9210794136528996	0.9693850281648384	0.22118304209690232	0.19660545377077118	0.4940793257947514	0.9912127720231874	0.9592191163119137	0.4583739366515837	0.44227440890125175	0.20179481821980777	0.8804639022711631	0.35128924670960515	0.6635611047928514	0.2823194064688229	0.6534687923343797	0.019196779964221825	0.4028860060514372	0.9772651051811454	0.10520588235294118	0.4700158990256864	0.35128924670960515	0.2694763692731657	0.18245100671140937	0.8804639022711631	0.7650216972034715	0.019196779964221825	0.7615981509801195	0.4566693405846363	0.7276983906364302	0.8899618072834199	0.9962118444590905	0.051442953020134234	0.6890449286722057	0.8438904008693552
g__Hominifimenecus	0.3844559969048233	0.3781265526315789	0.7062155891792755	0.5414008844339623	0.3119631269349845	0.09692516129032258	0.9478058225508317	0.7726612397820163	0.4122016272189349	0.5855589514066497	0.6194696658545075	0.9962118444590905	0.43107872441694434	0.7861564712167758	0.5855589514066497	0.5011248794801928	0.7235006660746004	0.32179984839296544	0.9224512864310879	0.8079649389067524	0.9874081769436998	0.7565189722766731	0.35422429205996675	0.6310078414550446	0.5597443955623566	0.9645348495451365	0.9196020019373587	0.8683242647058824	0.48156122982991717	0.7138877547939	0.6317651079136691	0.7993187061574435	0.600296608040201	0.06738461538461539	0.4497081155433287	0.7234471841477951	0.7070991755725191	0.8237232890448735	0.9602725547298654	0.9011326605301098	0.8710973573923166	0.019196779964221825	0.6681533344098175	0.5312759879638916	0.29212553536664504	0.18559157427937917	0.11644146202170189	0.5425502648616833	0.956218052184466	0.10520588235294118	0.9451389737765847	0.1278884073672806	0.2232284309870232	0.19393373493975907	0.6884419218087612	0.10520588235294118	0.3119631269349845	0.6391698458410978	0.4963286897430452	0.9885974770642202	0.6187866957279861	0.9060842163112772	0.847739985599424	0.43260299145299147	0.3427915786468741	0.8023281282316442	0.06738461538461539	0.056928381962864726	0.9725825732258699	0.3719201974386339	0.76501884057971	1.0	0.6856480151228734	0.2232284309870232	0.7105178343949045	0.8153162011173184	0.056928381962864726	0.17933468834688346	0.22118304209690232	0.5788152181952663	0.4466309392265193	0.3194177257525084	0.2159154929577465	0.40724145	0.3800737294761532	0.47656597711267606	0.8854601023890785	0.0831860465116279	0.5325739635489686	0.051442953020134234	0.30655182275298554	0.8423705084745763	0.3793532232704402	0.969378324099723	0.17933468834688346	0.6337045951486163	0.9725825732258699	0.5081109540636043	0.4641994166479695	0.9427504360465117	0.9330127391212949	0.7235006660746004	0.38297228260869565	0.7849674073082586	0.9712321122599704	0.3953526315789474	0.1015552050473186	0.9504725130088766	0.9806432048681543	0.11644146202170189	0.7498605987514189	0.1470746192893401	0.48561612483745126	0.06738461538461539	0.2902446655791191	0.513404705882353	0.07798691860465115	0.3484996890898813	0.905900440140845	0.793680566111912	0.3246650374812594	0.673770872850024	0.8109268336314849	0.15696245733788397	0.8159534948623621	0.9594305684337835	0.3749454039735099	0.6748449654729405	0.22118304209690232	0.6194696658545075	0.7896127980922099	0.056928381962864726	0.4415268326739586	0.9991900617630545	0.3764915258711721	0.7593394450641382	0.919436612434005	0.7964326642335767	0.2607992592592593	0.49489061901723036	0.7822584654662725	0.04434297520661157	0.6077785143060245	0.210068515497553	0.13633880359978826	0.7438166211751185	0.08777914110429447
g__Hominilimicola	0.03713148788927336	0.9602556650246306	0.07333257403189065	0.019196779964221825	0.019196779964221825	0.019196779964221825	0.06738461538461539	0.08777914110429447	0.9281844789356984	0.1769656436097114	0.029319672131147542	0.7927380007881256	0.5774091196136703	0.6032593247588424	0.9721011113296617	0.845906928906532	0.051442953020134234	0.49138740629685157	0.9159816114359973	0.06244139650872818	0.8841110185924491	0.7966891058180399	0.051442953020134234	0.976126817116061	0.11315641476274164	0.9309009788443322	0.8169143544303799	0.32328917370325694	0.7931057851239669	0.8321731024318348	0.15383044982698962	0.5361222997210043	0.9669117073170732	0.6597746930757898	0.9346753850990256	0.905900440140845	0.029319672131147542	0.713021100362757	0.1015552050473186	0.1470746192893401	0.9806432048681543	0.029319672131147542	0.7242314458900059	0.019196779964221825	0.23269584603658536	0.019196779964221825	0.0831860465116279	0.32957460833579666	0.9114448659254415	0.019196779964221825	0.8340645137614678	0.23269584603658536	0.1435216049382716	0.019196779964221825	0.7542291110799044	0.04434297520661157	0.4566693405846363	0.019196779964221825	0.2840977137176938	0.019196779964221825	0.019196779964221825	0.019196779964221825	0.6187866957279861	0.019196779964221825	0.855447132169576	0.22983252873563217	0.7726612397820163	0.9962118444590905	0.04434297520661157	0.811986767147784	0.34177711085583	0.6856480151228734	1.0	0.9221917290019236	0.056928381962864726	0.1015552050473186	0.6212586224843858	0.7254738277794162	0.019196779964221825	0.4555797272727272	0.0831860465116279	0.1883457656867047	0.019196779964221825	0.11315641476274164	0.15696245733788397	0.9689805847373637	0.5717154366197184	0.019196779964221825	0.3315705154639175	0.29212553536664504	0.9533703654822334	0.11644146202170189	0.2558460085531005	0.1245721393034826	0.019196779964221825	0.9249800446286262	0.3971722222222222	0.07333257403189065	0.5006596129575095	0.3345418197725284	0.5909175368382755	0.3119631269349845	0.9978106508875739	0.1470746192893401	0.5037228648987262	0.03713148788927336	0.6399867768595041	0.22983252873563217	0.2535578702043743	0.8131701172870984	0.7542291110799044	0.9490276119402985	0.051442953020134234	0.5226023151909017	0.8384327900754074	0.019196779964221825	0.04434297520661157	0.06738461538461539	0.7305581039755352	0.7165846153846154	0.10520588235294118	0.16101694094869312	0.3246650374812594	0.30655182275298554	0.0831860465116279	0.5830864939360529	0.019196779964221825	0.8029886865555986	0.019196779964221825	0.6958941285824942	0.06738461538461539	0.7792129854368931	0.029319672131147542	0.29212553536664504	0.7903619714587738	0.019196779964221825	0.7271115107913669	0.755311789473684	0.019196779964221825	0.9197670358026019	0.27413093451568893	0.9769811988304095	0.9863203034959661	0.06244139650872818	0.17933468834688346	0.3749454039735099	0.2159154929577465
g__Hominimerdicola	0.1470746192893401	0.20448467274233637	0.34467422475106685	0.7353730964467005	0.5526081675999228	0.3119631269349845	0.43107872441694434	0.752215374841169	0.64797012489592	0.06244139650872818	0.999421485287249	0.6442552486187845	0.8318768322675848	0.7637431871628163	0.6170888208537438	0.7571733566433565	0.2447490420044215	0.3603387704918033	0.513404705882353	0.5246170238576627	0.9652329906168896	0.3119631269349845	0.7395082262952807	0.9749813896511172	0.5215881945857929	0.3811816035288012	0.2353503409090909	0.9230056758775206	0.7792129854368931	0.712044871406959	0.9060842163112772	0.8675781034684107	0.81849139173303	0.9400507801123361	0.4042666247800955	0.7720407119476268	0.973352679623086	0.9090644709486815	0.9782092216499855	0.5848807579641156	0.5066175686927561	0.16993665579878903	0.9669117073170732	0.6399867768595041	0.22983252873563217	0.21848316	0.964040322096629	0.6376602718776552	0.7494013213981244	0.3427915786468741	0.7884407063197026	0.7114978181818182	0.04434297520661157	0.5535045664739885	0.6975315448658649	0.16993665579878903	0.8905761060948081	0.9863203034959661	0.6911661879487981	0.8127345756222081	0.6569784094643444	0.64797012489592	0.903675638051044	0.9515242365635179	0.7997776566757493	0.9165481818181819	0.3749454039735099	0.3800737294761532	0.6065181818181817	0.8723771564752384	0.06738461538461539	0.2232284309870232	0.9221917290019236	1.0	0.8761440955788988	0.80919138792772	0.15696245733788397	0.23957767424524787	0.4641994166479695	0.9714278925619836	0.47186967485069675	0.8989581472842386	0.7531987161399548	0.8189162121212121	0.32631718889883615	0.8215416331658292	0.7479089028392067	0.4700158990256864	0.9901294039230623	0.30001746183206107	0.8848432718579236	0.8571852732434351	0.9355518677409229	0.4272814121037464	0.9427504360465117	0.2937961625282167	0.80874896073903	0.9530549786628735	0.23269584603658536	0.9689805847373637	0.9461825221695195	0.9041619783616692	0.2902446655791191	0.9714278925619836	0.7313752545824848	0.9345809473794771	0.1015552050473186	0.9490276119402985	0.5384601859177215	0.4466309392265193	0.4477612577461556	0.5925581188836535	0.5146635352286774	0.3427915786468741	0.6810844345616264	0.4512371997254633	0.6429224798387095	0.32631718889883615	0.8354634664712349	0.029319672131147542	0.876017718446602	0.4084944693572496	0.8804639022711631	0.7837732394366197	0.43260299145299147	0.5629946146527117	0.9396187363380868	0.43831910693302	0.549575587492717	0.019196779964221825	0.9250390787518574	0.8071037837837839	0.6170888208537438	0.16727586206896553	0.8723771564752384	0.9887586798931706	0.2804243206977524	0.5414008844339623	0.9979749436936937	1.0	0.5338677864427115	0.9626496392062538	0.7235006660746004	0.7271115107913669	0.3194177257525084	0.7619248334258745	0.6114945611866501
g__Hominiventricola	0.019196779964221825	0.5783280867630701	0.03713148788927336	0.03713148788927336	0.18559157427937917	0.019196779964221825	0.6884419218087612	0.6879452028939917	0.03713148788927336	0.1643810435615127	0.13633880359978826	0.09269302325581395	0.04434297520661157	0.895013629213483	0.976126817116061	0.43107872441694434	0.019196779964221825	0.7743193008705114	0.5477477472205968	0.019196779964221825	0.5925581188836535	0.37133581208053684	0.019196779964221825	0.7854575534759358	0.029319672131147542	0.8982057975871314	0.720786566274042	0.8359573398413666	0.8060339127076092	0.37133581208053684	0.7593394450641382	0.40724145	0.9443856995140109	0.5006596129575095	0.1278884073672806	0.26725282299965364	0.019196779964221825	0.7768819585534334	0.019196779964221825	0.019196779964221825	0.8841110185924491	0.3953526315789474	0.04434297520661157	0.8650307917202668	0.1278884073672806	0.32957460833579666	0.24240278189910977	0.1278884073672806	0.7964326642335767	0.5586535159992335	0.019196779964221825	1.0	0.3180892933618844	0.019196779964221825	0.5226023151909017	0.19393373493975907	0.019196779964221825	0.019196779964221825	0.8625327586206897	0.019196779964221825	0.10520588235294118	0.019196779964221825	0.30655182275298554	0.06738461538461539	0.7531987161399548	0.887406301805382	0.7841608171466845	0.8135010695187167	0.7948785117493472	0.9386549093183238	0.029319672131147542	0.7105178343949045	0.056928381962864726	0.8761440955788988	1.0	0.06738461538461539	0.03713148788927336	0.999421485287249	0.5233997974478428	0.48699195327709277	0.5958009202453988	0.2447490420044215	0.2250587159533074	0.36593523835319614	0.35621453488372096	0.09269302325581395	0.7387057931233747	0.26725282299965364	0.30237270998415217	0.8675781034684107	0.34177711085583	0.3953526315789474	0.7781026490066225	0.07798691860465115	0.1245721393034826	0.019196779964221825	0.1503843843843844	0.07798691860465115	0.9234608955223882	0.35251738645862357	0.9090644709486815	0.056928381962864726	0.11315641476274164	0.03713148788927336	0.47787588932806324	0.4028860060514372	0.7712082309582309	0.1245721393034826	0.051442953020134234	0.9165481818181819	0.3463476622272598	0.36218221193135386	0.5586535159992335	0.9159105713975929	0.7272988716295429	0.18245100671140937	0.2535578702043743	0.46103913532988067	0.6818142109436954	0.4466309392265193	0.9148730944625407	0.8452570894622619	0.8162792854427975	0.7997776566757493	0.565569156580938	0.5477477472205968	0.2937961625282167	0.9443856995140109	0.0831860465116279	0.210068515497553	0.9855842469705712	0.06244139650872818	0.051442953020134234	0.5869831538601936	0.019196779964221825	0.30655182275298554	0.4057760280842527	0.42122168850072783	0.019196779964221825	0.7676565843621398	0.898381452962839	0.2581065887353879	0.9196020019373587	0.639363061845218	0.11644146202170189	0.7452296524102416	0.826305737091544
g__Hungatella	0.1278884073672806	0.7235006660746004	0.18245100671140937	0.019196779964221825	0.10520588235294118	0.8246562101313321	0.9693917176702863	0.056928381962864726	0.36421247282608693	0.5203572185970636	0.019196779964221825	0.04434297520661157	0.6241367593712213	0.9988401535724318	0.7200009871373019	0.019196779964221825	0.019196779964221825	0.9714278925619836	0.03713148788927336	0.019196779964221825	0.8527803143979994	0.019196779964221825	0.019196779964221825	0.7542291110799044	0.03713148788927336	0.819762962962963	0.826305737091544	0.2823194064688229	0.5526081675999228	0.9938369318181818	0.9304570465557194	0.4140307086614173	0.750637632884479	0.37328937018336433	0.09692516129032258	0.03713148788927336	0.04434297520661157	0.07333257403189065	0.019196779964221825	0.019196779964221825	0.45438008204193253	0.48391966145833337	0.06244139650872818	0.3427915786468741	0.04434297520661157	0.6760254492939666	0.2353503409090909	0.2959206741573034	0.5664202113606341	0.019196779964221825	0.019196779964221825	0.6689139954853274	0.07798691860465115	0.019196779964221825	0.3719201974386339	0.1399452269170579	0.019196779964221825	0.1015552050473186	0.1278884073672806	0.07333257403189065	0.8211219217708464	0.03713148788927336	0.8015224050796943	0.4084944693572496	0.3246650374812594	0.8084093525179857	0.7070991755725191	0.898381452962839	0.4184513909224012	0.7896127980922099	0.056928381962864726	0.8153162011173184	0.1015552050473186	0.80919138792772	0.06738461538461539	1.0	0.019196779964221825	0.973352679623086	0.8318768322675848	0.487730659767141	0.7297392857142858	0.32328917370325694	0.28853214051214704	0.7452296524102416	0.7459110587226746	0.019196779964221825	0.6602343734683875	0.298407648	0.4512371997254633	0.8810884112792298	0.9909463623395149	0.20179481821980777	0.3764915258711721	0.03713148788927336	0.650622487562189	0.8836933782395251	0.36218221193135386	0.2535578702043743	0.30001746183206107	0.10969753457606735	0.4466309392265193	0.029319672131147542	0.04434297520661157	0.019196779964221825	0.9794340122199593	0.21305470016207456	0.4415268326739586	0.03713148788927336	0.0831860465116279	0.38632704580545546	0.46660687500000003	0.3811816035288012	0.6963698731828023	0.7927380007881256	0.5011248794801928	0.9090644709486815	0.4110761692650334	0.15383044982698962	0.5576659051641389	0.06738461538461539	0.9090644709486815	0.15383044982698962	0.8465867652362064	0.9475479625437332	0.03713148788927336	0.9533703654822334	0.019196779964221825	0.8527803143979994	0.019196779964221825	0.8144707661034177	0.16727586206896553	0.019196779964221825	0.7841608171466845	0.3695462843295639	0.051442953020134234	0.2786002363268062	0.6890449286722057	0.3050006006955422	0.019196779964221825	0.536336914217633	0.5246170238576627	0.6065181818181817	0.35621453488372096	0.1015552050473186	0.968381307761105	0.5848807579641156	0.9794340122199593
g__Intestinibacter	0.8913848488267148	0.9558094423641331	0.1883457656867047	0.565569156580938	0.2823194064688229	0.9197670358026019	0.9703608854269375	0.6911661879487981	0.32631718889883615	0.5477477472205968	0.4790750930996714	0.26500449320794145	0.8294672443674177	0.862184255019373	0.16993665579878903	0.35128924670960515	0.7599879526462395	0.9693850281648384	0.8318768322675848	0.019196779964221825	0.5518147280820592	0.7676565843621398	0.34177711085583	0.8934040878378378	0.36774612476370516	0.9519382667073543	0.9543865443114987	0.948743216080402	0.7607408515374982	0.9360870229007634	0.207468942821884	0.9281844789356984	0.019196779964221825	0.9863203034959661	0.2353503409090909	0.056928381962864726	0.3484996890898813	0.7053301101591187	0.11644146202170189	0.35128924670960515	0.9174807866868382	0.8984704140694568	0.5958009202453988	0.35128924670960515	0.8194434157416751	0.6269901444788442	0.6077785143060245	0.7175519025417355	0.7682854891751164	0.9926505544498152	0.029319672131147542	0.793680566111912	0.9645348495451365	0.10520588235294118	0.981578494934877	0.5518147280820592	0.25151386782231855	0.4477612577461556	0.1435216049382716	0.35887761316872424	0.5405667257683214	0.3050006006955422	0.487730659767141	0.9843722206179613	0.9782092216499855	0.1883457656867047	0.11644146202170189	0.6597746930757898	0.9892960000000001	0.9881385542168675	0.35621453488372096	0.056928381962864726	0.6212586224843858	0.15696245733788397	0.03713148788927336	0.019196779964221825	1.0	0.6207970266040689	0.9693917176702863	0.27609589830508474	0.27413093451568893	0.4477612577461556	0.683991092861655	0.2232284309870232	0.9552067739975699	0.1990573355817875	0.8965154466988006	0.8904704825404	0.7165846153846154	0.9721011113296617	0.8131701172870984	0.9490276119402985	0.8055857695282289	0.16101694094869312	0.9102177029832805	0.2902446655791191	0.9540723665516542	0.536336914217633	0.056928381962864726	0.9759365503080083	0.9083247942048074	0.33659154069767444	0.3781265526315789	0.06244139650872818	0.7282029948867786	0.3463476622272598	0.6343457289002558	0.43260299145299147	0.7261994845360825	0.7900924176260421	0.8830731520621502	0.1245721393034826	0.2232284309870232	0.5226023151909017	0.9922151129675337	0.32328917370325694	0.6856480151228734	0.7183015772870662	0.7438166211751185	0.2447490420044215	0.20448467274233637	0.9215373890730247	0.7931057851239669	0.6949853598014889	0.6764448430493274	0.9490276119402985	0.7869876615589607	0.8550866975748931	0.1990573355817875	0.9887586798931706	0.30837363977485927	0.19054612386314423	0.3345418197725284	0.8246562101313321	0.19660545377077118	0.5909175368382755	0.6619023460410557	0.019196779964221825	0.019196779964221825	0.029319672131147542	0.4466309392265193	0.30655182275298554	0.453070322138451	0.2786002363268062	0.964040322096629	0.9912127720231874	0.9360870229007634
g__JAGTTR01	0.38632704580545546	0.21848316	1.0	0.9159816114359973	0.6220411673016972	0.5597443955623566	0.8354634664712349	0.7607408515374982	0.5325739635489686	0.8162792854427975	0.8321731024318348	0.8761440955788988	0.482323581830037	0.8368402825133949	0.10520588235294118	0.7837732394366197	0.7519743317776835	0.42862327586206894	0.7672370192307693	0.7542291110799044	0.9959940515532055	0.5425502648616833	0.20179481821980777	0.7571733566433565	0.8403042222761465	0.6681533344098175	0.6442552486187845	0.7984433121019109	0.8958167452830189	0.9435706486766995	0.4057760280842527	0.5414008844339623	0.9938369318181818	0.09269302325581395	0.2353503409090909	0.6975315448658649	0.9508882646818922	0.8934040878378378	0.9909463623395149	0.9602725547298654	0.3764915258711721	0.10520588235294118	0.8542172098001902	0.6429224798387095	0.9712321122599704	0.45976158013544016	0.3781265526315789	0.5948305982288089	0.8905761060948081	0.855447132169576	0.5705574007899191	0.8683242647058824	0.23761500000000002	0.32631718889883615	0.6613392524889832	0.6251265654648956	0.5488772780373832	0.9143035853976532	0.6597746930757898	0.8568280994671403	0.8710973573923166	0.9207193403298352	0.6760254492939666	0.6949853598014889	0.2902446655791191	0.9448114383137012	0.8905761060948081	0.16101694094869312	0.5456903661640885	0.32328917370325694	0.8346624786115864	0.17933468834688346	0.7254738277794162	0.23957767424524787	0.999421485287249	0.973352679623086	0.6207970266040689	1.0	0.24670317982456139	0.5958009202453988	0.6024185218324981	0.3882891371340524	0.2276398377125193	0.7070991755725191	0.3719201974386339	0.32328917370325694	0.1435216049382716	0.536336914217633	0.9443856995140109	0.27413093451568893	0.6593132032146957	0.9855842469705712	0.789446178343949	0.4976563798219585	0.720786566274042	0.720786566274042	0.7254738277794162	0.9135346956521739	0.6429224798387095	0.7165846153846154	0.7498605987514189	0.536336914217633	0.18245100671140937	0.6101383351007422	0.6824338242280286	0.752215374841169	0.07798691860465115	0.9601421052631578	0.845906928906532	0.11315641476274164	0.6044204638715432	0.19054612386314423	0.5467210670314637	0.5925581188836535	0.06244139650872818	0.7966891058180399	0.4436307052023121	0.6114945611866501	0.8238292115143929	0.8485843473053892	0.30837363977485927	0.8302740118577074	0.9350160402052142	0.895013629213483	0.8826538936535164	0.752215374841169	0.6207970266040689	0.9714278925619836	0.7494013213981244	0.2937961625282167	0.845906928906532	0.2823194064688229	0.572762598425197	0.9291751581611135	0.27223511843460346	0.80874896073903	0.5576659051641389	0.7482655982905984	0.5094942519194854	0.3793532232704402	0.6997616379310345	0.3844559969048233	0.5597443955623566	0.17933468834688346	0.2823194064688229	0.6526663798808735	0.8804639022711631
g__Klebsiella	0.019196779964221825	0.9221917290019236	0.5753463846440552	0.1399452269170579	0.16101694094869312	0.019196779964221825	0.24670317982456139	0.29212553536664504	0.8340645137614678	0.43831910693302	0.029319672131147542	0.819762962962963	0.8710973573923166	0.03713148788927336	0.04434297520661157	0.9806432048681543	0.029319672131147542	0.6343457289002558	0.28853214051214704	0.3180892933618844	0.6963698731828023	0.9058160405420292	0.6251265654648956	0.2250587159533074	0.8009621740822416	0.6971669138090825	0.9381230913642052	0.7272988716295429	0.7449734202607823	0.4654583258728738	0.16993665579878903	0.487730659767141	0.4963286897430452	0.5605104389312977	0.7599879526462395	0.9806432048681543	0.3695462843295639	0.7292380291970804	0.3280510695187166	0.5226023151909017	0.5361222997210043	0.019196779964221825	0.7242314458900059	0.019196779964221825	0.10520588235294118	0.019196779964221825	0.019196779964221825	0.1319855614973262	1.0	0.23269584603658536	0.7884407063197026	0.18245100671140937	0.019196779964221825	0.06244139650872818	0.8810884112792298	0.07798691860465115	0.7537556009581513	0.04434297520661157	0.33813828124999995	0.3899433802816901	0.019196779964221825	0.1883457656867047	0.9441547402194163	0.019196779964221825	0.43107872441694434	0.3463476622272598	0.1470746192893401	0.1990573355817875	0.7926820263157895	0.8079649389067524	0.8238292115143929	0.22118304209690232	0.019196779964221825	0.4641994166479695	0.5233997974478428	0.8318768322675848	0.9693917176702863	0.24670317982456139	1.0	0.9315402061855671	0.1435216049382716	0.03713148788927336	0.4654583258728738	0.12070866141732284	0.03713148788927336	0.976126817116061	0.7948785117493472	0.04434297520661157	0.38297228260869565	0.0831860465116279	0.6923549019607844	0.019196779964221825	0.16727586206896553	0.7792129854368931	0.019196779964221825	0.976126817116061	0.8427514088765268	0.1503843843843844	0.5325739635489686	0.769433971291866	0.6971669138090825	0.8302740118577074	0.4415268326739586	0.48699195327709277	0.948743216080402	0.019196779964221825	0.15383044982698962	0.3163550261297264	0.4555797272727272	0.7508814914390831	0.15696245733788397	0.8498952000000001	0.04434297520661157	0.565569156580938	0.9997701643017177	0.019196779964221825	0.4084944693572496	0.1990573355817875	0.8131701172870984	0.27413093451568893	0.6602343734683875	0.4477612577461556	0.5586535159992335	0.2581065887353879	0.19660545377077118	0.7428085825186889	0.16101694094869312	0.8169143544303799	0.051442953020134234	0.5233997974478428	0.8060339127076092	0.4497081155433287	0.056928381962864726	0.6057945989304812	0.720786566274042	0.019196779964221825	0.47787588932806324	0.9959940515532055	0.029319672131147542	0.8810884112792298	0.7733856676194365	0.4407733177570094	0.6124162023977432	0.019196779964221825	0.2232284309870232	0.019196779964221825	0.2276398377125193
g__Lachnoclostridium_B	0.9249800446286262	0.23269584603658536	0.1470746192893401	0.9346282207301722	0.639363061845218	0.5256176719790195	0.5011248794801928	0.5094942519194854	0.9215373890730247	0.8927988843813387	0.7909438225976768	0.6673904592496765	0.8508717235617093	0.845906928906532	0.5477477472205968	0.3793532232704402	0.6101383351007422	0.7946186952542815	0.5958009202453988	0.16727586206896553	0.8905761060948081	0.42416452702702706	0.956218052184466	0.7931057851239669	0.5845213328437673	0.653621885299934	0.7775981732070365	0.9330127391212949	0.7268165171348728	0.5774091196136703	0.8289597769516728	0.9148730944625407	0.5823988397790055	0.5919005993461679	0.056928381962864726	0.17933468834688346	0.18559157427937917	0.9669117073170732	0.056928381962864726	0.8826538936535164	0.700443136049193	0.43501316658801326	0.6187866957279861	0.3484996890898813	0.6559696660634973	0.2937961625282167	0.9207193403298352	0.5848807579641156	0.1503843843843844	0.4700158990256864	0.34467422475106685	0.9090644709486815	0.7042270096463022	0.19393373493975907	0.8757896667438093	0.9558094423641331	0.81849139173303	0.6010359484148308	0.8606748912660163	0.956218052184466	0.12070866141732284	0.48699195327709277	0.9912127720231874	0.4685735078766364	0.85804862851738	0.03713148788927336	0.487730659767141	0.3050006006955422	0.30001746183206107	0.8413769407775221	0.9988401535724318	0.5788152181952663	0.4555797272727272	0.9714278925619836	0.48699195327709277	0.487730659767141	0.27609589830508474	0.5958009202453988	0.9315402061855671	1.0	0.9234608955223882	0.8298710770372202	0.919436612434005	0.4256242599277978	0.7869876615589607	0.2535578702043743	0.5830864939360529	0.2250587159533074	0.13633880359978826	0.549575587492717	0.920358649517685	0.32631718889883615	0.2626389705882353	0.2959206741573034	0.9754595538597006	0.9238170217298679	0.2607992592592593	0.2902446655791191	0.8810884112792298	0.5948305982288089	0.3402587709174841	0.864888442622951	0.7593394450641382	0.7676565843621398	0.9249800446286262	0.4466309392265193	0.5023212298682285	0.2276398377125193	0.4566693405846363	0.7331110062436473	0.8298710770372202	0.35128924670960515	0.3749454039735099	0.999421485287249	0.4407733177570094	0.7062155891792755	0.8310771999014048	0.6546351604938271	0.9675946959896506	0.9322767823343849	0.6376602718776552	0.9769811988304095	0.5414008844339623	0.9855842469705712	0.2535578702043743	0.898381452962839	0.10969753457606735	0.9159105713975929	0.25151386782231855	0.7571733566433565	0.5405667257683214	0.49919022222222226	0.8789682519576233	0.7195798651685393	0.30655182275298554	0.16727586206896553	0.9887586798931706	0.44227440890125175	0.056928381962864726	0.2626389705882353	0.9889332888592395	0.9210794136528996	0.9887586798931706	0.1245721393034826	0.17348036951501156	0.7760591703944693	0.898381452962839
g__Lachnospira	0.029319672131147542	0.9707489506355306	0.4641994166479695	0.29212553536664504	0.2232284309870232	0.5160022117550686	0.22118304209690232	0.11315641476274164	0.7625675956738768	0.720786566274042	0.7619248334258745	0.973352679623086	0.928239422062856	0.7011227509978507	0.7489407370517929	0.7542291110799044	0.019196779964221825	0.7792129854368931	0.2694763692731657	0.895013629213483	0.7656561854960781	0.3719201974386339	0.5635353387739609	0.09269302325581395	0.056928381962864726	0.9843722206179613	0.6442552486187845	0.639363061845218	0.7650216972034715	0.6488926658905704	0.47656597711267606	0.6065181818181817	0.11644146202170189	0.6667333333333334	0.7235006660746004	0.6673904592496765	0.36774612476370516	0.617885207823961	0.3800737294761532	0.35621453488372096	0.46103913532988067	0.35251738645862357	0.9011326605301098	0.9785863371528453	0.06244139650872818	0.1245721393034826	0.2959206741573034	0.43260299145299147	0.8819141040329973	0.019196779964221825	0.3781265526315789	0.9889332888592395	0.4407733177570094	0.518909699816214	0.9350160402052142	0.09692516129032258	0.24916820494186043	0.08777914110429447	0.18245100671140937	0.870760435846638	0.029319672131147542	0.9477744525547445	0.3141184145589142	0.2276398377125193	0.9159105713975929	0.23957767424524787	0.32328917370325694	0.9988401535724318	0.42862327586206894	0.653621885299934	0.7531987161399548	0.4466309392265193	0.0831860465116279	0.47186967485069675	0.5958009202453988	0.7297392857142858	0.27413093451568893	0.6024185218324981	0.1435216049382716	0.9234608955223882	1.0	0.19660545377077118	0.051442953020134234	0.051442953020134234	0.18559157427937917	0.487730659767141	0.6613392524889832	0.1990573355817875	0.8359573398413666	0.9003419727060913	0.7676565843621398	0.708644776119403	0.23761500000000002	0.35251738645862357	0.5203572185970636	0.8984704140694568	0.09269302325581395	0.4415268326739586	0.7900924176260421	0.8970107718120804	0.32957460833579666	0.8568280994671403	0.7519743317776835	0.5909175368382755	0.8318768322675848	0.7195798651685393	0.6748449654729405	0.26725282299965364	0.487730659767141	0.8866912406271301	0.9973648153369045	0.5006596129575095	0.80874896073903	0.9984198086662914	0.37133581208053684	0.24240278189910977	0.10969753457606735	0.6032593247588424	0.9922151129675337	0.5629946146527117	0.2840977137176938	0.4398074560375147	0.8109268336314849	0.6782526921233424	0.019196779964221825	0.7733856676194365	0.09692516129032258	0.956218052184466	0.019196779964221825	0.928239422062856	0.7760591703944693	0.8266112921278447	0.23957767424524787	0.4335039735099338	0.7997776566757493	0.20179481821980777	0.6241367593712213	0.28853214051214704	0.08777914110429447	0.47656597711267606	0.45438008204193253	0.871839127399651	0.8021853184878301	0.8015224050796943	0.7428085825186889	0.2276398377125193	0.4675411214953271
g__Lacticaseibacillus	0.029319672131147542	0.8215416331658292	0.2232284309870232	0.07798691860465115	0.07798691860465115	0.10969753457606735	0.6065181818181817	0.567695382585752	0.844778095582911	0.9864982247385087	0.019196779964221825	0.3882891371340524	0.8266112921278447	0.49045463917525767	0.770269157218959	0.8804639022711631	0.019196779964221825	0.898381452962839	0.6971669138090825	0.08777914110429447	0.5635353387739609	0.7896127980922099	0.43260299145299147	0.2959206741573034	0.7599879526462395	0.8318768322675848	0.9490276119402985	0.5744170463032113	0.7926820263157895	0.8985646692607003	0.6469372457485828	0.9267423764680986	0.27413093451568893	0.23269584603658536	0.8723771564752384	0.029319672131147542	0.210068515497553	0.2786002363268062	0.1883457656867047	0.20179481821980777	0.9657257681564246	0.03713148788927336	0.8021853184878301	0.029319672131147542	0.2902446655791191	0.056928381962864726	0.019196779964221825	0.029319672131147542	0.9592191163119137	0.23269584603658536	0.019196779964221825	0.07798691860465115	0.20448467274233637	0.019196779964221825	0.8021853184878301	0.20179481821980777	0.35422429205996675	0.210068515497553	0.10969753457606735	0.4641994166479695	0.23957767424524787	0.30837363977485927	0.9938369318181818	0.051442953020134234	0.8325707765918292	0.7973593498049415	0.5948305982288089	0.6890449286722057	0.9207193403298352	0.6810844345616264	0.0831860465116279	0.3194177257525084	0.1883457656867047	0.8989581472842386	0.2447490420044215	0.32328917370325694	0.4477612577461556	0.3882891371340524	0.03713148788927336	0.8298710770372202	0.19660545377077118	1.0	0.019196779964221825	0.0831860465116279	0.24916820494186043	0.9972935753927193	0.5855589514066497	0.18245100671140937	0.9925742339436485	0.08777914110429447	0.7508814914390831	0.6602343734683875	0.11644146202170189	0.10520588235294118	0.019196779964221825	0.051442953020134234	0.019196779964221825	0.08777914110429447	0.9330127391212949	0.6626789653489507	0.5160022117550686	0.944132324906755	0.639363061845218	0.8691709402706487	0.9912127720231874	0.2626389705882353	0.9772651051811454	0.10969753457606735	0.48930587728740577	0.9090644709486815	0.5395155349388077	0.7807383900928793	0.7599879526462395	0.515387797863599	0.9033883211678833	0.051442953020134234	0.029319672131147542	0.617885207823961	0.6343457289002558	0.1643810435615127	0.26500449320794145	0.051442953020134234	0.4436307052023121	0.845906928906532	0.019196779964221825	0.9887586798931706	0.051442953020134234	0.8318768322675848	0.019196779964221825	0.8485843473053892	0.6170888208537438	0.6343457289002558	0.19054612386314423	0.6963698731828023	0.6170888208537438	0.10969753457606735	0.8860760914051841	0.48156122982991717	0.019196779964221825	0.4512371997254633	0.8804639022711631	0.7639594669244579	0.6460097829716194	0.029319672131147542	0.1769656436097114	0.5605104389312977	0.11315641476274164
g__Lactiplantibacillus	0.1399452269170579	0.9652329906168896	0.6613392524889832	0.0831860465116279	0.06244139650872818	0.13633880359978826	0.7726612397820163	0.09269302325581395	0.9594305684337835	0.3246650374812594	0.13633880359978826	0.47787588932806324	0.4700158990256864	0.876017718446602	0.7841608171466845	0.742333069392456	0.10969753457606735	0.482323581830037	0.7387057931233747	0.21305470016207456	0.1503843843843844	0.8211219217708464	0.11644146202170189	0.9675946959896506	0.16993665579878903	0.8194434157416751	0.40994232488822646	0.46103913532988067	0.9415975678203928	0.7428085825186889	0.6438599999999999	0.8606748912660163	0.5620220591039085	0.5226023151909017	0.80874896073903	0.27609589830508474	0.515387797863599	0.5349438834563959	0.3315705154639175	0.3345418197725284	0.3180892933618844	0.03713148788927336	0.750637632884479	0.973352679623086	0.3934244331210191	0.019196779964221825	0.056928381962864726	0.019196779964221825	0.4685735078766364	0.051442953020134234	0.09692516129032258	0.2250587159533074	0.32957460833579666	0.27413093451568893	0.7272988716295429	0.30237270998415217	0.36421247282608693	0.3246650374812594	0.26725282299965364	0.5066175686927561	0.5121411910669975	0.2902446655791191	0.4335039735099338	0.207468942821884	0.8542172098001902	0.9504725130088766	0.9607712866318747	0.7242314458900059	0.8732186033000232	0.907545426594927	0.5705574007899191	0.2159154929577465	0.019196779964221825	0.7531987161399548	0.2250587159533074	0.28853214051214704	0.683991092861655	0.2276398377125193	0.4654583258728738	0.919436612434005	0.051442953020134234	0.019196779964221825	1.0	0.029319672131147542	0.1883457656867047	0.6824338242280286	0.6646566466482714	0.029319672131147542	0.1990573355817875	0.24916820494186043	0.7276983906364302	0.9494452038001839	0.056928381962864726	0.3695462843295639	0.056928381962864726	0.8846287098244815	0.3315705154639175	0.08777914110429447	0.2902446655791191	0.46251815730337076	0.6655342194845194	0.9221917290019236	0.7452296524102416	0.5094942519194854	0.919832925257732	0.855447132169576	0.4675411214953271	0.16993665579878903	0.5312759879638916	0.7896127980922099	0.9360870229007634	0.715723417721519	0.9315402061855671	0.45438008204193253	0.8055857695282289	0.1503843843843844	0.03713148788927336	0.6382168956743003	0.9230056758775206	0.5605104389312977	0.515387797863599	0.10969753457606735	0.8135010695187167	0.44227440890125175	0.09692516129032258	0.720786566274042	0.37133581208053684	0.9396187363380868	0.03713148788927336	0.9477744525547445	0.7297392857142858	0.897709032979318	0.7235006660746004	0.9887586798931706	0.9945507849442028	0.15383044982698962	0.9090644709486815	0.8438904008693552	0.029319672131147542	0.9785863371528453	0.8368402825133949	0.8162792854427975	0.8606748912660163	0.16727586206896553	0.690245288326301	0.9060842163112772	0.42416452702702706
g__Lactobacillus	0.03713148788927336	0.9114448659254415	1.0	0.919436612434005	0.210068515497553	0.11644146202170189	0.9978106508875739	0.3484996890898813	0.8298710770372202	0.019196779964221825	0.08777914110429447	0.9926505544498152	0.9779266848196052	0.9396187363380868	0.5586535159992335	0.8836933782395251	0.03713148788927336	0.9759365503080083	0.4154445044160942	0.10520588235294118	0.35760140573318633	0.7297392857142858	0.969378324099723	0.9224512864310879	0.30655182275298554	0.35128924670960515	0.9874081769436998	0.7079808754003354	0.5004022808870117	0.6673904592496765	0.5783280867630701	0.9533703654822334	0.16993665579878903	0.7165846153846154	0.7650216972034715	0.9090644709486815	0.10520588235294118	0.8710973573923166	0.5053305109489051	0.7665	0.9298164400885236	0.019196779964221825	0.30237270998415217	0.2447490420044215	0.8413769407775221	0.03713148788927336	0.029319672131147542	0.10520588235294118	0.4512371997254633	0.32179984839296544	0.5349438834563959	0.09692516129032258	0.4790750930996714	0.3163550261297264	0.8310771999014048	0.3119631269349845	0.6884419218087612	0.3811816035288012	0.1769656436097114	0.7542291110799044	0.03713148788927336	0.11315641476274164	0.7086601732259534	0.056928381962864726	0.9806432048681543	0.8377389727361246	0.2626389705882353	0.7235006660746004	0.3882891371340524	0.9874081769436998	0.15383044982698962	0.40724145	0.11315641476274164	0.8189162121212121	0.36593523835319614	0.7452296524102416	0.2232284309870232	0.7070991755725191	0.12070866141732284	0.4256242599277978	0.051442953020134234	0.0831860465116279	0.029319672131147542	1.0	0.32328917370325694	0.9027006971340046	0.7997776566757493	0.019196779964221825	0.029319672131147542	0.09692516129032258	0.6032593247588424	0.828554075176777	0.019196779964221825	0.28853214051214704	0.019196779964221825	0.6635611047928514	0.34995016882386043	0.056928381962864726	0.029319672131147542	0.9978106508875739	0.2447490420044215	0.8606748912660163	0.9806432048681543	0.871839127399651	0.4084944693572496	0.2581065887353879	0.7498605987514189	0.5798345394129591	0.9962118444590905	0.9806432048681543	0.9276391125198099	0.5384601859177215	0.9598349380602277	0.2866087487619676	0.9250390787518574	0.11315641476274164	0.11315641476274164	0.4555797272727272	0.7079808754003354	0.7452296524102416	0.06244139650872818	0.6147909762532981	0.8899618072834199	0.8899618072834199	0.0831860465116279	0.919832925257732	0.5094942519194854	0.48561612483745126	0.07798691860465115	0.5768087320796872	0.7341361723737666	0.3334544894366197	0.22118304209690232	0.8237232890448735	0.6299231575330699	0.029319672131147542	0.789446178343949	0.9249800446286262	0.5312759879638916	0.3402587709174841	0.6569784094643444	0.8109268336314849	0.4122016272189349	0.11315641476274164	0.4583739366515837	0.08777914110429447	0.5004022808870117
g__Lactococcus	0.18559157427937917	0.8899618072834199	0.2159154929577465	0.1245721393034826	0.019196779964221825	0.09692516129032258	0.755311789473684	0.207468942821884	0.4641994166479695	0.20448467274233637	0.15696245733788397	0.8658806896551724	0.2959206741573034	0.8318768322675848	0.5004022808870117	0.8321731024318348	0.019196779964221825	0.6619023460410557	0.056928381962864726	0.03713148788927336	0.7966891058180399	0.5226023151909017	0.34995016882386043	0.8039592616496708	0.19054612386314423	0.8885316666666666	0.7923125691699604	0.81849139173303	0.793680566111912	0.9979749436936937	0.7305581039755352	0.43831910693302	0.9602725547298654	0.9864982247385087	0.5414008844339623	0.7909438225976768	0.07333257403189065	0.6934852433525113	0.029319672131147542	0.3719201974386339	0.6519696055684455	0.2902446655791191	0.9427504360465117	0.029319672131147542	0.029319672131147542	0.03713148788927336	0.051442953020134234	0.06738461538461539	0.9543865443114987	0.1278884073672806	0.04434297520661157	0.03713148788927336	0.4436307052023121	0.019196779964221825	0.9350160402052142	0.2535578702043743	0.5066175686927561	0.1015552050473186	0.16993665579878903	0.26500449320794145	0.03713148788927336	0.019196779964221825	0.27609589830508474	0.019196779964221825	0.4110761692650334	0.8826538936535164	0.7807383900928793	0.3899433802816901	0.7449734202607823	0.8571852732434351	0.03713148788927336	0.3800737294761532	0.15696245733788397	0.32631718889883615	0.35621453488372096	0.7459110587226746	0.9552067739975699	0.3719201974386339	0.03713148788927336	0.7869876615589607	0.18559157427937917	0.24916820494186043	0.1883457656867047	0.32328917370325694	1.0	0.49045463917525767	0.999421485287249	0.210068515497553	0.1503843843843844	0.4122016272189349	0.6519696055684455	0.2840977137176938	0.4685735078766364	0.23957767424524787	0.19393373493975907	0.13633880359978826	0.06244139650872818	0.9652329906168896	0.7946186952542815	0.770269157218959	0.8625327586206897	0.5635353387739609	0.6818142109436954	0.7926820263157895	0.23269584603658536	0.38632704580545546	0.536336914217633	0.029319672131147542	0.08777914110429447	0.7896127980922099	0.5605104389312977	0.948743216080402	0.8836933782395251	0.9448114383137012	0.2694763692731657	0.27609589830508474	0.19660545377077118	0.5405667257683214	0.4415268326739586	0.3280510695187166	0.36218221193135386	0.23957767424524787	0.36593523835319614	0.4057760280842527	0.5925581188836535	0.9088043649923229	0.36218221193135386	0.7242314458900059	0.029319672131147542	0.298407648	0.8215416331658292	0.7831742312340539	0.16993665579878903	0.653621885299934	0.3764915258711721	0.04434297520661157	0.7443957675753228	0.8194434157416751	0.1278884073672806	0.8789682519576233	0.9451389737765847	0.9355518677409229	0.9159816114359973	0.11644146202170189	0.10969753457606735	0.029319672131147542	0.8258944187788737
g__Lactonifactor	0.64797012489592	0.8395115211848974	0.9407755458515283	0.09692516129032258	0.48561612483745126	0.8940084740040513	0.7903619714587738	0.17933468834688346	0.4122016272189349	0.9772651051811454	0.8594162107993398	0.06738461538461539	0.5081109540636043	0.3811816035288012	0.06244139650872818	0.24240278189910977	0.06244139650872818	0.8317846551724137	0.42862327586206894	0.2535578702043743	0.7282029948867786	0.07798691860465115	0.30655182275298554	0.9962118444590905	0.056928381962864726	0.9749813896511172	0.8258944187788737	0.650622487562189	0.6534687923343797	0.8189162121212121	0.7219559678140366	0.06738461538461539	0.8238292115143929	0.2902446655791191	0.019196779964221825	0.029319672131147542	0.056928381962864726	0.7927380007881256	0.03713148788927336	0.7903619714587738	0.8127345756222081	0.9504725130088766	0.06738461538461539	0.849526810901267	0.30001746183206107	0.6626789653489507	0.2866087487619676	0.08777914110429447	0.6114945611866501	0.5477477472205968	0.11315641476274164	0.8384327900754074	0.9626496392062538	0.5768087320796872	0.4940793257947514	0.7619248334258745	0.03713148788927336	0.24670317982456139	0.24916820494186043	0.4497081155433287	0.9540723665516542	0.1245721393034826	0.029319672131147542	0.8334655239960822	0.11644146202170189	0.7261994845360825	0.7637431871628163	0.5361222997210043	0.8484168725266819	0.2581065887353879	0.36218221193135386	0.47656597711267606	0.9689805847373637	0.8215416331658292	0.09269302325581395	0.019196779964221825	0.1990573355817875	0.32328917370325694	0.976126817116061	0.2535578702043743	0.487730659767141	0.9972935753927193	0.6824338242280286	0.9027006971340046	0.49045463917525767	1.0	0.9925742339436485	0.720786566274042	0.683991092861655	0.6667333333333334	0.5160022117550686	0.6469372457485828	0.5848807579641156	0.08777914110429447	0.9877736101808439	0.3793532232704402	0.49045463917525767	0.1990573355817875	0.8334655239960822	0.5919005993461679	0.019196779964221825	0.8021853184878301	0.029319672131147542	0.019196779964221825	0.18559157427937917	0.8879190265486725	0.9988401535724318	0.8289597769516728	0.2558460085531005	0.6534687923343797	0.9861420744016149	0.9174807866868382	0.6911661879487981	0.8271229221021243	0.5744170463032113	0.8105914022517913	0.9427504360465117	0.9788679507083252	0.8377389727361246	0.5066175686927561	0.9135346956521739	0.4042666247800955	0.7841608171466845	0.5629946146527117	0.1769656436097114	0.7584777421155455	0.9754595538597006	0.9185096795079314	0.5233997974478428	0.8325707765918292	0.35621453488372096	0.019196779964221825	0.9350160402052142	0.5736988585329341	0.019196779964221825	0.7909438225976768	0.7903619714587738	0.8437153064925644	0.17348036951501156	0.7554395488932474	0.9113679144385026	0.35621453488372096	0.9250390787518574	0.841095962168061	0.7482655982905984	0.9693917176702863	0.47656597711267606
g__Laedolimicola	0.9337480773271697	0.23761500000000002	0.5298673764564081	0.2626389705882353	0.8162792854427975	0.6065181818181817	0.5717154366197184	0.7271115107913669	0.6442552486187845	0.9997701643017177	0.7690182751540041	0.8905761060948081	0.4790750930996714	0.42122168850072783	0.6220411673016972	0.9201947639484979	0.969378324099723	0.3695462843295639	0.6597746930757898	0.7712082309582309	0.5635353387739609	0.5298673764564081	0.9567227713765919	0.8783393984789123	0.9106937322559511	0.700443136049193	0.04434297520661157	0.46251815730337076	0.34177711085583	0.1319855614973262	0.8982057975871314	0.7869876615589607	0.8395115211848974	0.7554395488932474	0.3194177257525084	0.8894523259762308	0.4407733177570094	0.9530549786628735	0.8984704140694568	0.7792129854368931	0.5629946146527117	0.6896460478948192	0.905900440140845	0.9540723665516542	0.6569784094643444	0.3800737294761532	0.8139346814193057	0.8485843473053892	0.5233997974478428	0.298407648	0.8139346814193057	0.7800289005658851	0.9978106508875739	0.9443856995140109	0.34177711085583	0.8738562819321877	0.8079649389067524	0.6310078414550446	0.9754595538597006	0.8310771999014048	0.690245288326301	0.09692516129032258	0.8438904008693552	0.7415354517942067	0.515387797863599	0.712044871406959	0.7650216972034715	0.8970107718120804	0.41705403817914827	0.7341361723737666	0.5736988585329341	0.8854601023890785	0.5717154366197184	0.7479089028392067	0.7387057931233747	0.6602343734683875	0.8965154466988006	0.1435216049382716	0.7948785117493472	0.5830864939360529	0.6613392524889832	0.5855589514066497	0.6646566466482714	0.7997776566757493	0.999421485287249	0.9925742339436485	1.0	0.5635353387739609	0.7200009871373019	0.2694763692731657	0.34467422475106685	0.9400507801123361	0.8602756658024983	0.5977321402877697	0.7395082262952807	0.6626789653489507	0.5830864939360529	0.9972935753927193	0.8625327586206897	0.9665169456066947	0.7927380007881256	0.7815516476126428	0.7757612679880531	0.9827870432854525	0.4012932743362832	0.8854601023890785	0.37328937018336433	0.6689139954853274	0.708644776119403	0.9767921275973077	0.15383044982698962	0.9176487694300518	0.8606748912660163	0.8970107718120804	0.4398074560375147	0.4790750930996714	0.8021853184878301	0.9665169456066947	0.9926505544498152	0.8438904008693552	0.6890449286722057	0.5215881945857929	0.9903967649857278	0.9355518677409229	0.874391611555865	0.07333257403189065	0.9892960000000001	0.6597746930757898	0.7235006660746004	0.5121411910669975	0.8317846551724137	0.5783280867630701	0.9827870432854525	0.9017227307990691	0.7508814914390831	0.5550374783445621	0.720786566274042	1.0	0.7946186952542815	0.724639483394834	0.9773583479276124	0.7271115107913669	0.9159105713975929	0.5848807579641156	0.7946186952542815	0.9155412045577863	0.4184513909224012
g__Lancefieldella	0.019196779964221825	0.42985481021723565	0.1503843843843844	0.019196779964221825	0.0831860465116279	0.019196779964221825	0.9224512864310879	0.17348036951501156	0.6010359484148308	0.11315641476274164	0.029319672131147542	0.4057760280842527	0.4415268326739586	0.6010359484148308	0.6917614713216957	0.9477744525547445	0.04434297520661157	0.8127345756222081	0.7650216972034715	0.17348036951501156	0.690245288326301	0.9224512864310879	0.5233997974478428	0.8298710770372202	0.4477612577461556	0.9017227307990691	0.9315402061855671	0.8304711237202417	0.9665169456066947	0.6856480151228734	0.4110761692650334	0.8340645137614678	0.6133349234289738	0.6429224798387095	0.9468984848484848	0.8769778816199377	0.06244139650872818	0.49489061901723036	0.04434297520661157	0.27609589830508474	0.6194696658545075	0.019196779964221825	0.9346753850990256	0.11644146202170189	0.09692516129032258	0.03713148788927336	0.019196779964221825	0.10520588235294118	0.9567227713765919	0.019196779964221825	0.019196779964221825	0.019196779964221825	0.04434297520661157	0.03713148788927336	0.9917613031914894	0.11315641476274164	0.48561612483745126	0.1278884073672806	0.37328937018336433	0.16727586206896553	0.019196779964221825	0.056928381962864726	0.9490276119402985	0.019196779964221825	0.7079808754003354	0.056928381962864726	0.8298710770372202	0.8060339127076092	0.26500449320794145	0.5823988397790055	0.3402587709174841	0.0831860465116279	0.019196779964221825	0.4700158990256864	0.26725282299965364	0.298407648	0.8904704825404	0.536336914217633	0.04434297520661157	0.2250587159533074	0.1990573355817875	0.18245100671140937	0.029319672131147542	0.019196779964221825	0.210068515497553	0.720786566274042	0.5635353387739609	1.0	0.7672370192307693	0.029319672131147542	0.4976563798219585	0.21848316	0.1399452269170579	0.08777914110429447	0.07798691860465115	0.8542172098001902	0.7387057931233747	0.019196779964221825	0.019196779964221825	0.6438599999999999	0.639363061845218	0.5384601859177215	0.6251265654648956	0.7841608171466845	0.6077785143060245	0.019196779964221825	0.09692516129032258	0.18245100671140937	0.5037228648987262	0.9997701643017177	0.5774091196136703	0.22983252873563217	0.6382168956743003	0.49138740629685157	0.9725825732258699	0.10520588235294118	0.15696245733788397	0.056928381962864726	0.6818142109436954	0.9003419727060913	0.019196779964221825	0.683991092861655	0.7775981732070365	0.4122016272189349	0.2535578702043743	0.7282029948867786	0.051442953020134234	0.8109268336314849	0.019196779964221825	0.4042666247800955	0.8965154466988006	0.876017718446602	0.029319672131147542	0.9304570465557194	0.8084093525179857	0.019196779964221825	0.3992867021276596	0.7292380291970804	0.019196779964221825	0.826305737091544	0.8826538936535164	0.7625675956738768	0.06244139650872818	0.019196779964221825	0.48699195327709277	0.11644146202170189	0.06738461538461539
g__Latilactobacillus	0.7542291110799044	0.7997776566757493	0.8258944187788737	0.6934852433525113	0.4566693405846363	0.17348036951501156	0.9877736101808439	0.9135346956521739	0.9274852670544685	0.3315705154639175	0.15383044982698962	0.5456903661640885	0.7720407119476268	0.9689805847373637	0.24240278189910977	0.6619023460410557	0.9991900617630545	0.5518147280820592	0.6810844345616264	0.1990573355817875	0.7146447896244911	0.8913848488267148	0.7656561854960781	0.7079808754003354	0.919832925257732	0.999421485287249	0.6194696658545075	0.9350160402052142	0.6065181818181817	0.8498952000000001	0.4685735078766364	0.8860760914051841	0.31075745012468825	0.5869831538601936	0.7498605987514189	0.7973593498049415	0.9469309276227735	0.9887586798931706	0.8606748912660163	0.9113679144385026	0.712044871406959	0.056928381962864726	0.2840977137176938	0.715723417721519	0.7554395488932474	0.2232284309870232	0.45976158013544016	0.828554075176777	0.36593523835319614	0.7489407370517929	0.8810884112792298	0.567695382585752	0.8189162121212121	0.904747374227714	0.5774091196136703	0.9558094423641331	0.8427514088765268	0.650622487562189	0.4654583258728738	0.7381152177057717	0.1319855614973262	0.019196779964221825	0.3811816035288012	0.3971722222222222	0.8667297932001402	0.3793532232704402	0.7235006660746004	0.6818142109436954	0.904747374227714	0.7815516476126428	0.8266112921278447	0.5325739635489686	0.3315705154639175	0.9901294039230623	0.30237270998415217	0.4512371997254633	0.7165846153846154	0.9443856995140109	0.38297228260869565	0.13633880359978826	0.8359573398413666	0.9925742339436485	0.1990573355817875	0.029319672131147542	0.1503843843843844	0.683991092861655	0.7200009871373019	0.7672370192307693	1.0	0.1470746192893401	0.6317651079136691	0.019196779964221825	0.6170888208537438	0.876017718446602	0.6488926658905704	0.7313752545824848	0.7271115107913669	0.4154445044160942	0.019196779964221825	0.8757896667438093	0.9023120168346439	0.7926820263157895	0.9926505544498152	0.6420904593639576	0.9546034950866173	0.8985646692607003	0.673770872850024	0.7593394450641382	0.8629816381532692	0.9210794136528996	0.4335039735099338	0.7261994845360825	0.864888442622951	0.5505903663500679	0.2786002363268062	0.6261136434108527	0.9159816114359973	0.37133581208053684	0.7676565843621398	0.6348764165390506	0.8470621232136424	0.9594305684337835	0.6376602718776552	0.2959206741573034	0.9863203034959661	0.8325707765918292	0.536336914217633	0.4654583258728738	0.8135010695187167	0.6010359484148308	0.9207193403298352	0.4436307052023121	0.8754596663963861	0.7138877547939	0.944132324906755	0.10520588235294118	0.6343457289002558	0.3971722222222222	0.3315705154639175	0.9806432048681543	0.6024185218324981	0.847739985599424	0.1643810435615127	0.22983252873563217	0.8258944187788737	0.019196779964221825	0.49284130853110963
g__Lawsonibacter	0.029319672131147542	0.44227440890125175	0.4477612577461556	0.9703608854269375	0.4436307052023121	0.019196779964221825	0.48930587728740577	0.903675638051044	0.051442953020134234	0.8830731520621502	0.5845213328437673	0.9376884667571235	0.11644146202170189	0.8984704140694568	0.019196779964221825	0.44227440890125175	0.8970107718120804	0.056928381962864726	0.9113679144385026	0.9903967649857278	0.9689805847373637	0.18559157427937917	0.8258944187788737	0.40724145	0.5830864939360529	0.6782526921233424	0.16101694094869312	0.3811816035288012	0.6337045951486163	0.07333257403189065	0.20448467274233637	0.6147909762532981	0.9346282207301722	0.019196779964221825	0.2232284309870232	0.849526810901267	0.720786566274042	0.49489061901723036	0.919436612434005	0.7665	0.9863203034959661	0.019196779964221825	0.019196779964221825	0.17348036951501156	0.8848432718579236	0.019196779964221825	0.03713148788927336	0.1015552050473186	0.17933468834688346	0.1470746192893401	0.4940793257947514	0.03713148788927336	0.32328917370325694	0.8999501610216547	0.41705403817914827	0.07798691860465115	0.29212553536664504	0.9197670358026019	0.9386549093183238	0.9874081769436998	0.4184513909224012	0.5160022117550686	0.2937961625282167	0.1245721393034826	0.515387797863599	0.04434297520661157	0.31075745012468825	0.029319672131147542	0.8587585299669656	0.4084944693572496	0.6133349234289738	0.051442953020134234	0.29212553536664504	0.30001746183206107	0.8675781034684107	0.8810884112792298	0.9721011113296617	0.27413093451568893	0.0831860465116279	0.549575587492717	0.9003419727060913	0.08777914110429447	0.24916820494186043	0.09692516129032258	0.4122016272189349	0.6667333333333334	0.2694763692731657	0.029319672131147542	0.1470746192893401	1.0	0.5518147280820592	0.7271115107913669	0.5456903661640885	0.7498605987514189	0.18559157427937917	0.7443957675753228	0.7175519025417355	0.17348036951501156	0.1399452269170579	0.6165057328190743	0.3953526315789474	0.76501884057971	0.7584777421155455	0.4566693405846363	0.7690182751540041	0.03713148788927336	0.34177711085583	0.8233069895846405	0.9681808334991048	0.35422429205996675	0.4398074560375147	0.019196779964221825	0.7341361723737666	0.32328917370325694	0.8238292115143929	0.13633880359978826	0.051442953020134234	0.1643810435615127	0.8804639022711631	0.5813862202545657	0.10520588235294118	0.6867975129859909	0.712044871406959	0.15383044982698962	0.9483234913793104	0.3345418197725284	0.15383044982698962	0.6086039914848324	0.8302740118577074	0.951206509779951	0.7297392857142858	0.019196779964221825	0.1245721393034826	0.9120181045751634	0.03713148788927336	0.11315641476274164	0.8055857695282289	0.10520588235294118	0.769433971291866	0.5958009202453988	0.9837180548868559	0.04434297520661157	0.3882891371340524	0.019196779964221825	0.207468942821884	0.2353503409090909	0.019196779964221825
g__Lentihominibacter	0.18245100671140937	0.9802795524990314	0.5798345394129591	0.828554075176777	0.8606748912660163	0.10520588235294118	0.09269302325581395	0.1503843843843844	0.4477612577461556	0.2937961625282167	0.5081109540636043	0.5692886440677966	0.9090644709486815	0.36421247282608693	0.3971722222222222	0.8304711237202417	0.7079808754003354	0.3934244331210191	0.6673904592496765	0.3899433802816901	0.8625327586206897	0.7656561854960781	0.9102177029832805	0.8934040878378378	0.7025544198895027	0.845906928906532	0.2804243206977524	0.5272506650544135	0.8039592616496708	0.9979749436936937	0.9885974770642202	0.7584777421155455	0.8395115211848974	0.7494013213981244	0.9602556650246306	0.6096424623560673	0.9813005793183355	0.8359573398413666	0.7482655982905984	0.482323581830037	0.7297392857142858	0.87919154589372	0.3050006006955422	0.3484996890898813	0.1319855614973262	0.639363061845218	0.8985646692607003	0.27223511843460346	0.6569784094643444	0.7927380007881256	0.847739985599424	0.019196779964221825	0.9165481818181819	0.33659154069767444	0.5414008844339623	0.9867704477898168	0.7297392857142858	0.9023120168346439	0.7946186952542815	0.2250587159533074	0.38632704580545546	0.6429224798387095	0.9027006971340046	0.07798691860465115	0.42122168850072783	0.4122016272189349	0.919436612434005	0.9926505544498152	0.18559157427937917	0.10969753457606735	0.07333257403189065	0.30655182275298554	0.9533703654822334	0.8848432718579236	0.34177711085583	0.9909463623395149	0.8131701172870984	0.6593132032146957	0.6923549019607844	0.920358649517685	0.7676565843621398	0.7508814914390831	0.7276983906364302	0.6032593247588424	0.6519696055684455	0.5160022117550686	0.34467422475106685	0.4976563798219585	0.6317651079136691	0.5518147280820592	1.0	0.2232284309870232	0.5176697626841245	0.6469372457485828	0.8330696654001716	0.5384601859177215	0.8830731520621502	0.7903619714587738	0.7146447896244911	0.8848432718579236	0.724639483394834	0.862184255019373	0.8294672443674177	0.7235006660746004	0.3280510695187166	0.5256176719790195	0.8159534948623621	0.9801895578824898	0.6689139954853274	0.7554395488932474	0.7884407063197026	0.6635611047928514	0.8346624786115864	0.903675638051044	0.7235006660746004	0.6782526921233424	0.7320843504795118	0.9881385542168675	0.5349438834563959	0.6269901444788442	0.8266112921278447	0.6317651079136691	0.11315641476274164	0.5349438834563959	0.9490276119402985	0.27609589830508474	0.3315705154639175	0.6442552486187845	0.6299231575330699	0.40724145	0.5977321402877697	0.6187866957279861	0.9475479625437332	0.3719201974386339	0.7822584654662725	0.1643810435615127	0.7896127980922099	0.7537556009581513	0.7733856676194365	0.9478058225508317	0.9523517076641593	0.874391611555865	0.1883457656867047	0.6824338242280286	0.06244139650872818	0.4654583258728738	0.27413093451568893
g__Leuconostoc	0.17933468834688346	0.7042270096463022	0.5629946146527117	0.019196779964221825	0.42122168850072783	0.056928381962864726	0.487730659767141	0.27609589830508474	0.8783393984789123	0.051442953020134234	0.019196779964221825	0.9469309276227735	0.5798345394129591	0.7542291110799044	0.18559157427937917	0.43107872441694434	0.09269302325581395	0.5744170463032113	0.9991900617630545	0.03713148788927336	0.5605104389312977	0.9689805847373637	0.2535578702043743	0.5338677864427115	0.4256242599277978	0.8237232890448735	0.5664202113606341	0.8683242647058824	0.8594162107993398	0.7781026490066225	0.9675946959896506	0.9257849777211967	0.06738461538461539	0.35760140573318633	0.4583739366515837	0.8055857695282289	0.6101383351007422	0.8498952000000001	0.42416452702702706	0.8927988843813387	0.36593523835319614	0.16993665579878903	0.7639594669244579	0.1319855614973262	0.4436307052023121	0.1245721393034826	0.4940793257947514	0.22983252873563217	0.9131623368146213	0.1990573355817875	0.8321731024318348	0.1470746192893401	0.6975315448658649	0.16727586206896553	0.8866912406271301	0.4976563798219585	0.9602725547298654	0.1399452269170579	0.9281844789356984	0.3844559969048233	0.34995016882386043	0.019196779964221825	0.4753551290536069	0.04434297520661157	0.33813828124999995	0.06244139650872818	0.9276391125198099	0.961365844116762	0.6460097829716194	0.1990573355817875	0.051442953020134234	0.8423705084745763	0.11644146202170189	0.8571852732434351	0.3953526315789474	0.20179481821980777	0.9490276119402985	0.9855842469705712	0.019196779964221825	0.32631718889883615	0.708644776119403	0.6602343734683875	0.9494452038001839	0.828554075176777	0.2840977137176938	0.6469372457485828	0.9400507801123361	0.21848316	0.019196779964221825	0.7271115107913669	0.2232284309870232	1.0	0.43831910693302	0.10520588235294118	0.3141184145589142	0.43107872441694434	0.7720407119476268	0.24916820494186043	0.029319672131147542	0.5004022808870117	0.9508882646818922	0.7408430962343096	0.708644776119403	0.8819141040329973	0.9887586798931706	0.07798691860465115	0.549575587492717	0.8176517075638756	0.5505903663500679	0.9567227713765919	0.1278884073672806	0.03713148788927336	0.513404705882353	0.7095360655737706	0.6593132032146957	0.6241367593712213	0.9276391125198099	0.0831860465116279	0.7183015772870662	0.34995016882386043	0.8927988843813387	0.6917614713216957	0.7086601732259534	0.2607992592592593	0.9267423764680986	0.6655342194845194	0.019196779964221825	0.9689805847373637	0.2159154929577465	0.3427915786468741	0.5246170238576627	0.6805690692124104	0.17933468834688346	0.9762214620339645	0.8970107718120804	0.019196779964221825	0.9243692995529061	0.09692516129032258	0.06738461538461539	0.43107872441694434	0.9607712866318747	0.919436612434005	0.09269302325581395	0.029319672131147542	0.7235006660746004	0.019196779964221825	0.4154445044160942
g__Ligilactobacillus	0.42416452702702706	0.4028860060514372	0.6626789653489507	0.6077785143060245	0.15696245733788397	0.0831860465116279	0.7726612397820163	0.453070322138451	0.6337045951486163	0.639363061845218	0.15696245733788397	0.8985646692607003	0.43501316658801326	0.9663142985342507	0.510767149958575	0.8568280994671403	0.928239422062856	0.9508882646818922	0.7459110587226746	0.2786002363268062	0.6534687923343797	0.9248224869694713	0.8289597769516728	0.5783280867630701	0.36774612476370516	0.4335039735099338	0.9602556650246306	0.49919022222222226	0.7869876615589607	0.9598349380602277	0.33813828124999995	0.2937961625282167	0.9649323776223777	0.3334544894366197	0.7105178343949045	0.6032593247588424	0.6133349234289738	0.9469309276227735	0.5919005993461679	0.2250587159533074	0.9346282207301722	0.06738461538461539	0.4700158990256864	0.5425502648616833	0.4415268326739586	0.04434297520661157	0.1245721393034826	0.3603387704918033	0.874391611555865	0.029319672131147542	0.5272506650544135	0.518909699816214	0.32631718889883615	0.019196779964221825	0.7837732394366197	0.1319855614973262	0.8797175382139985	0.7381152177057717	0.06738461538461539	0.8527803143979994	0.8298710770372202	0.35128924670960515	0.43501316658801326	0.19054612386314423	0.5176697626841245	0.4012932743362832	0.6949853598014889	0.565569156580938	0.6810844345616264	0.34995016882386043	0.43260299145299147	0.3793532232704402	0.2558460085531005	0.9355518677409229	0.7781026490066225	0.3764915258711721	0.8055857695282289	0.789446178343949	0.16727586206896553	0.2626389705882353	0.23761500000000002	0.11644146202170189	0.056928381962864726	0.019196779964221825	0.4685735078766364	0.5848807579641156	0.8602756658024983	0.1399452269170579	0.6170888208537438	0.5456903661640885	0.5176697626841245	0.43831910693302	1.0	0.3141184145589142	0.03713148788927336	0.8438904008693552	0.9962118444590905	0.8602756658024983	0.49138740629685157	0.79576	0.4184513909224012	0.9806432048681543	0.678882533099378	0.724639483394834	0.2902446655791191	0.15696245733788397	0.2902446655791191	0.07333257403189065	0.9864982247385087	0.9762214620339645	0.819762962962963	0.8071037837837839	0.9950010396975425	0.3781265526315789	0.7554395488932474	0.6534687923343797	0.45976158013544016	0.1319855614973262	0.8797175382139985	0.1990573355817875	0.10520588235294118	0.7489407370517929	0.8153162011173184	0.9689805847373637	0.029319672131147542	0.8498952000000001	0.029319672131147542	0.9090644709486815	0.03713148788927336	0.9159105713975929	0.4407733177570094	0.6460097829716194	0.79576	0.85375325	0.9702594848006317	0.03713148788927336	0.841095962168061	0.6299231575330699	0.029319672131147542	0.6170888208537438	0.6764448430493274	0.4154445044160942	0.9451389737765847	0.03713148788927336	0.5284547978273989	0.8176517075638756	0.2959206741573034
g__Limivivens	0.07798691860465115	0.565569156580938	0.17348036951501156	0.019196779964221825	0.07333257403189065	0.4256242599277978	0.6348764165390506	0.019196779964221825	0.12070866141732284	0.019196779964221825	0.019196779964221825	0.2804243206977524	0.1015552050473186	0.8984704140694568	0.5774091196136703	0.09269302325581395	0.019196779964221825	0.5011248794801928	0.056928381962864726	0.029319672131147542	0.7577204218466265	0.06738461538461539	0.19660545377077118	0.7923125691699604	0.019196779964221825	0.5384601859177215	0.5053305109489051	0.4398074560375147	0.6317651079136691	0.9732546767537827	0.9346282207301722	0.12070866141732284	0.2937961625282167	0.7542291110799044	0.19054612386314423	0.03713148788927336	0.029319672131147542	0.6602343734683875	0.051442953020134234	0.27223511843460346	0.7880622706726934	0.20448467274233637	0.5647145537237067	0.8304711237202417	0.029319672131147542	0.22983252873563217	0.3345418197725284	0.18559157427937917	0.8846287098244815	0.019196779964221825	0.019196779964221825	0.1399452269170579	0.019196779964221825	0.019196779964221825	0.6958941285824942	0.10520588235294118	0.019196779964221825	0.0831860465116279	0.0831860465116279	0.019196779964221825	0.46660687500000003	0.019196779964221825	0.9148730944625407	0.1015552050473186	0.35621453488372096	0.5788152181952663	0.7869876615589607	0.9769811988304095	0.3345418197725284	0.9692756090314915	0.019196779964221825	0.969378324099723	0.1245721393034826	0.4272814121037464	0.07798691860465115	0.03713148788927336	0.16101694094869312	0.4976563798219585	0.7792129854368931	0.2959206741573034	0.35251738645862357	0.10520588235294118	0.3695462843295639	0.28853214051214704	0.23957767424524787	0.08777914110429447	0.5977321402877697	0.08777914110429447	0.876017718446602	0.7498605987514189	0.6469372457485828	0.10520588235294118	0.3141184145589142	1.0	0.6856480151228734	0.07798691860465115	0.1399452269170579	0.7189415841584158	0.4407733177570094	0.712044871406959	0.25151386782231855	0.1278884073672806	0.16101694094869312	0.2250587159533074	0.04434297520661157	0.33813828124999995	0.8099438340376489	0.019196779964221825	0.7760591703944693	0.10969753457606735	0.15383044982698962	1.0	0.4012932743362832	0.6997616379310345	0.6799435219123506	0.3246650374812594	0.15383044982698962	0.07798691860465115	0.673770872850024	0.3971722222222222	0.48561612483745126	0.20179481821980777	0.8485843473053892	0.9703608854269375	0.07333257403189065	0.64797012489592	0.19054612386314423	0.6646566466482714	0.019196779964221825	0.9041619783616692	0.5425502648616833	0.019196779964221825	0.2558460085531005	0.15383044982698962	0.34177711085583	0.26725282299965364	0.3719201974386339	0.2823194064688229	0.019196779964221825	0.1990573355817875	0.9601421052631578	0.2581065887353879	0.9926505544498152	0.17933468834688346	0.29212553536664504	0.7320843504795118	0.9889332888592395
g__Limosilactobacillus	0.051442953020134234	0.5094942519194854	0.720786566274042	0.029319672131147542	0.09692516129032258	0.019196779964221825	0.9988401535724318	0.1319855614973262	0.8836933782395251	0.16993665579878903	0.2937961625282167	0.9053319955898567	0.47656597711267606	0.7993187061574435	0.07333257403189065	0.4477612577461556	0.019196779964221825	0.9350160402052142	0.6165057328190743	0.09692516129032258	0.8465867652362064	0.5647145537237067	0.9558094423641331	0.7320843504795118	0.7626807612456746	0.9725825732258699	0.8934040878378378	0.42985481021723565	0.9197670358026019	0.9950010396975425	0.03713148788927336	0.8484168725266819	0.1435216049382716	0.8099438340376489	0.9070643076923077	0.7619248334258745	0.16727586206896553	0.6782526921233424	0.17933468834688346	0.07333257403189065	0.5855589514066497	0.019196779964221825	0.9427504360465117	0.029319672131147542	0.4057760280842527	0.019196779964221825	0.019196779964221825	0.056928381962864726	0.8970107718120804	0.17348036951501156	0.26500449320794145	0.1435216049382716	0.30655182275298554	0.056928381962864726	0.9193700323624595	0.04434297520661157	0.9533703654822334	0.11644146202170189	0.5897163387978142	0.2902446655791191	0.1470746192893401	0.1015552050473186	0.6846046357615895	0.06738461538461539	0.25151386782231855	0.35887761316872424	0.6348764165390506	0.4804785308264102	0.713021100362757	0.31075745012468825	0.5298673764564081	0.17933468834688346	0.019196779964221825	0.9427504360465117	0.1245721393034826	0.650622487562189	0.9102177029832805	0.720786566274042	0.019196779964221825	0.9754595538597006	0.5203572185970636	0.019196779964221825	0.056928381962864726	0.019196779964221825	0.19393373493975907	0.9877736101808439	0.7395082262952807	0.07798691860465115	0.6488926658905704	0.18559157427937917	0.8330696654001716	0.3141184145589142	0.03713148788927336	0.6856480151228734	1.0	0.8325707765918292	0.7931057851239669	0.056928381962864726	0.2276398377125193	0.7200009871373019	0.8294672443674177	0.7387057931233747	0.6655342194845194	0.8583025862068966	0.4685735078766364	0.019196779964221825	0.5897163387978142	0.31075745012468825	0.46660687500000003	0.9692756090314915	0.19393373493975907	0.9441547402194163	0.4566693405846363	0.2159154929577465	0.6646566466482714	0.029319672131147542	0.3934244331210191	0.17933468834688346	0.7923125691699604	0.36421247282608693	0.23761500000000002	0.2694763692731657	0.27413093451568893	0.6382168956743003	0.23957767424524787	0.80874896073903	0.04434297520661157	0.9657257681564246	0.07798691860465115	0.752215374841169	0.5467210670314637	0.37133581208053684	0.019196779964221825	0.9174807866868382	0.9681808334991048	0.019196779964221825	0.42985481021723565	0.7656561854960781	0.029319672131147542	0.7095360655737706	0.9877736101808439	0.3781265526315789	0.6943980428704567	0.03713148788927336	0.07333257403189065	0.08777914110429447	0.30655182275298554
g__Longicatena	0.2786002363268062	0.24240278189910977	0.8568280994671403	0.019196779964221825	0.37133581208053684	0.6348764165390506	0.7854575534759358	0.536336914217633	0.019196779964221825	1.0	0.700443136049193	0.3463476622272598	0.24670317982456139	0.8266112921278447	0.8452570894622619	0.6526663798808735	0.26500449320794145	0.4940793257947514	0.841095962168061	0.03713148788927336	0.5635353387739609	0.4976563798219585	0.06738461538461539	0.5526081675999228	0.07333257403189065	0.755311789473684	0.6689139954853274	0.937155321148825	0.9813005793183355	0.7869876615589607	0.9106937322559511	0.769433971291866	0.9407755458515283	0.7993187061574435	0.11315641476274164	0.07333257403189065	0.07798691860465115	0.04434297520661157	0.3749454039735099	0.2694763692731657	0.6391698458410978	0.9376884667571235	0.08777914110429447	0.8841110185924491	0.19054612386314423	0.9176487694300518	0.8568280994671403	0.4675411214953271	0.7966891058180399	0.7619248334258745	0.019196779964221825	0.35422429205996675	0.6619023460410557	0.03713148788927336	0.9207193403298352	0.8491576283355271	0.11315641476274164	0.35887761316872424	0.6348764165390506	0.1769656436097114	0.5405667257683214	0.49138740629685157	0.4256242599277978	0.4940793257947514	0.5798345394129591	0.9441547402194163	0.7498605987514189	0.3427915786468741	0.15383044982698962	0.6170888208537438	0.07333257403189065	0.6337045951486163	0.9249800446286262	0.2937961625282167	0.019196779964221825	0.8836933782395251	0.2902446655791191	0.720786566274042	0.976126817116061	0.9238170217298679	0.8984704140694568	0.051442953020134234	0.8846287098244815	0.6635611047928514	0.13633880359978826	0.3793532232704402	0.6626789653489507	0.8542172098001902	0.7313752545824848	0.7443957675753228	0.5384601859177215	0.43107872441694434	0.8438904008693552	0.07798691860465115	0.8325707765918292	1.0	0.11644146202170189	0.8568280994671403	0.5897163387978142	0.7665	0.7146447896244911	0.9155412045577863	0.5717154366197184	0.38632704580545546	0.30837363977485927	0.6701040115998066	0.26725282299965364	0.056928381962864726	0.10969753457606735	0.8211219217708464	0.9501531808434596	0.9441547402194163	0.2607992592592593	0.9867704477898168	0.9984198086662914	0.9477744525547445	0.8485843473053892	0.5256176719790195	0.7584777421155455	0.1245721393034826	0.599123396226415	0.8258944187788737	0.9274852670544685	0.8894523259762308	0.8127345756222081	0.9250390787518574	0.9945507849442028	0.5526081675999228	0.06738461538461539	0.7841608171466845	0.7331110062436473	0.44227440890125175	0.919436612434005	0.4256242599277978	0.1015552050473186	0.2804243206977524	0.1503843843843844	0.9689805847373637	0.08777914110429447	0.6065181818181817	0.22983252873563217	0.5948305982288089	0.8894523259762308	0.7189415841584158	0.17933468834688346	0.6602343734683875	0.951206509779951
g__Massilioclostridium	0.12070866141732284	0.029319672131147542	0.905900440140845	0.21848316	0.056928381962864726	0.9441547402194163	0.6534687923343797	0.7313752545824848	0.029319672131147542	0.8606748912660163	0.06244139650872818	0.9003419727060913	0.1435216049382716	0.7415354517942067	0.825482175	0.6438599999999999	0.029319672131147542	0.7854575534759358	0.4184513909224012	0.08777914110429447	0.7946186952542815	0.5023212298682285	0.5788152181952663	0.5488772780373832	0.20448467274233637	0.9892960000000001	0.7919421372031663	0.5647145537237067	0.7200009871373019	0.969378324099723	0.9745983230361871	0.30655182275298554	0.6760254492939666	0.4335039735099338	0.7626807612456746	0.6343457289002558	0.5958009202453988	0.5970907894736841	0.09692516129032258	0.515387797863599	0.9703608854269375	0.7449734202607823	0.5006596129575095	0.8246562101313321	0.20179481821980777	0.2535578702043743	0.1245721393034826	0.30001746183206107	0.9478058225508317	0.15696245733788397	0.03713148788927336	0.9201947639484979	0.35760140573318633	0.08777914110429447	0.9250390787518574	0.30001746183206107	0.11644146202170189	0.12070866141732284	0.7282029948867786	0.029319672131147542	0.5970907894736841	0.3844559969048233	0.3695462843295639	0.3484996890898813	0.549575587492717	0.18245100671140937	0.8334655239960822	0.9773583479276124	0.8363482935153583	0.683991092861655	0.019196779964221825	0.9725825732258699	0.3971722222222222	0.80874896073903	0.1503843843843844	0.36218221193135386	0.9540723665516542	0.7254738277794162	0.8427514088765268	0.2607992592592593	0.09269302325581395	0.019196779964221825	0.3315705154639175	0.34995016882386043	0.06244139650872818	0.49045463917525767	0.5830864939360529	0.7387057931233747	0.7271115107913669	0.7175519025417355	0.8830731520621502	0.7720407119476268	0.9962118444590905	0.1399452269170579	0.7931057851239669	0.11644146202170189	1.0	0.85375325	0.9193700323624595	0.24670317982456139	0.9850258828057346	0.4415268326739586	0.22983252873563217	0.1503843843843844	0.36218221193135386	0.9602725547298654	0.5349438834563959	0.4084944693572496	0.22118304209690232	0.1435216049382716	0.42122168850072783	0.6165057328190743	0.9201947639484979	0.9543865443114987	0.8491576283355271	0.822476443997991	0.07333257403189065	0.8982057975871314	0.7053301101591187	0.3800737294761532	0.2607992592592593	0.1015552050473186	0.8368402825133949	0.8237232890448735	0.2840977137176938	0.7494013213981244	0.8233069895846405	0.9490276119402985	0.1278884073672806	0.3781265526315789	0.9381230913642052	0.2804243206977524	0.8105914022517913	0.9102177029832805	0.7747251426242868	0.9620562619071493	0.7415354517942067	0.7789213369345036	0.06738461538461539	0.7869590951554785	0.961365844116762	0.8940084740040513	0.7964326642335767	0.9889332888592395	0.8271229221021243	0.6364857458751488	0.789446178343949
g__Mediterraneibacter	0.03713148788927336	0.6949853598014889	0.80919138792772	0.09269302325581395	0.03713148788927336	0.07798691860465115	0.8302740118577074	0.42862327586206894	0.9248224869694713	0.35760140573318633	0.019196779964221825	0.9598349380602277	0.8029886865555986	0.9645348495451365	0.2558460085531005	0.87919154589372	0.06738461538461539	0.5635353387739609	0.8084093525179857	0.1399452269170579	0.28853214051214704	0.7086601732259534	0.6348764165390506	0.518909699816214	0.8395115211848974	0.5477477472205968	0.855447132169576	0.8523143759685302	0.7235006660746004	0.8317846551724137	0.7261994845360825	0.9515242365635179	0.826305737091544	0.6971669138090825	0.999421485287249	0.5948305982288089	0.11315641476274164	0.7656561854960781	0.019196779964221825	0.051442953020134234	0.5414008844339623	0.019196779964221825	0.8139346814193057	0.3119631269349845	0.6220411673016972	0.019196779964221825	0.019196779964221825	0.019196779964221825	0.8159534948623621	0.4184513909224012	0.2353503409090909	0.4790750930996714	0.06738461538461539	0.056928381962864726	0.3844559969048233	0.09269302325581395	0.8761440955788988	0.019196779964221825	0.8144707661034177	0.5563534602076124	0.1503843843843844	0.07798691860465115	0.7775981732070365	0.04434297520661157	0.9598349380602277	0.5576659051641389	0.6810844345616264	0.8723771564752384	0.4407733177570094	0.9769811988304095	0.8523143759685302	0.5081109540636043	0.07333257403189065	0.9530549786628735	0.07798691860465115	0.2535578702043743	0.536336914217633	0.9135346956521739	0.1503843843843844	0.2902446655791191	0.4415268326739586	0.08777914110429447	0.08777914110429447	0.056928381962864726	0.9652329906168896	0.1990573355817875	0.9972935753927193	0.019196779964221825	0.4154445044160942	0.17348036951501156	0.7903619714587738	0.24916820494186043	0.8602756658024983	0.7189415841584158	0.056928381962864726	0.8568280994671403	0.85375325	1.0	0.2937961625282167	0.9938369318181818	0.8567748488082533	0.6133349234289738	0.7086601732259534	0.3800737294761532	0.07798691860465115	0.08777914110429447	0.9381230913642052	0.06244139650872818	0.5425502648616833	0.9159816114359973	0.6170888208537438	0.7508814914390831	0.5203572185970636	0.9439985687616677	0.7498605987514189	0.1245721393034826	0.04434297520661157	0.35621453488372096	0.944132324906755	0.3194177257525084	0.6911661879487981	0.1769656436097114	0.2558460085531005	0.8354634664712349	0.4028860060514372	0.7743193008705114	0.08777914110429447	0.7272988716295429	0.19054612386314423	0.8789682519576233	0.7189415841584158	0.4398074560375147	0.24670317982456139	0.9692756090314915	0.7926820263157895	0.15383044982698962	0.9441547402194163	0.45976158013544016	0.029319672131147542	0.8984704140694568	0.7079808754003354	0.9837180548868559	0.1278884073672806	0.04434297520661157	0.7948785117493472	0.7781026490066225	0.17933468834688346
g__Megamonas	0.11644146202170189	0.7815516476126428	0.999421485287249	0.9456610709863805	0.7984433121019109	0.04434297520661157	0.9681808334991048	0.6949853598014889	0.24240278189910977	0.06244139650872818	0.6133349234289738	0.973352679623086	0.6187866957279861	0.33659154069767444	0.8159534948623621	0.6010359484148308	0.7720407119476268	0.6799435219123506	0.9248224869694713	0.8403042222761465	0.3719201974386339	0.6546351604938271	0.565569156580938	0.9400507801123361	0.6451876943654907	0.976126817116061	0.9885974770642202	0.8427514088765268	0.9714278925619836	0.7189415841584158	0.5384601859177215	0.8804639022711631	0.6635611047928514	0.6096424623560673	0.38632704580545546	0.5037228648987262	0.9365236363636363	0.051442953020134234	0.9490276119402985	0.7235006660746004	0.9355518677409229	0.019196779964221825	0.44559672055427246	0.6212586224843858	0.7038772204325817	0.04434297520661157	0.051442953020134234	0.3749454039735099	0.904747374227714	0.8523143759685302	0.617885207823961	0.8304711237202417	0.9887586798931706	0.8841110185924491	0.9802795524990314	0.3811816035288012	0.8804639022711631	0.9135346956521739	0.8625327586206897	0.8564163461538461	0.3793532232704402	0.6382168956743003	0.5692886440677966	0.3427915786468741	0.6420904593639576	0.20448467274233637	0.3899433802816901	0.3280510695187166	0.5526081675999228	0.5004022808870117	0.995732967967495	0.4641994166479695	0.5006596129575095	0.23269584603658536	0.9234608955223882	0.30001746183206107	0.056928381962864726	0.6429224798387095	0.5325739635489686	0.8810884112792298	0.7900924176260421	0.9330127391212949	0.2902446655791191	0.029319672131147542	0.7946186952542815	0.8334655239960822	0.8625327586206897	0.019196779964221825	0.019196779964221825	0.1399452269170579	0.7146447896244911	0.029319672131147542	0.49138740629685157	0.4407733177570094	0.2276398377125193	0.5897163387978142	0.9193700323624595	0.2937961625282167	1.0	0.9962118444590905	0.9782092216499855	0.9461825221695195	0.3603387704918033	0.7831742312340539	0.8783393984789123	0.5284547978273989	0.5011248794801928	0.9802795524990314	0.6429224798387095	0.8970107718120804	0.9114448659254415	0.9867704477898168	0.5037228648987262	0.12070866141732284	0.9598349380602277	0.708644776119403	0.9267423764680986	0.3345418197725284	0.8470621232136424	0.5855589514066497	0.1883457656867047	0.819762962962963	0.7625675956738768	0.8629816381532692	0.8266112921278447	0.8846287098244815	0.3695462843295639	0.5006596129575095	0.23957767424524787	0.5467210670314637	0.7195798651685393	0.2937961625282167	0.24670317982456139	0.7931057851239669	0.4685735078766364	0.482323581830037	0.7775981732070365	0.6689139954853274	0.3695462843295639	0.482323581830037	0.9490276119402985	0.7542291110799044	0.019196779964221825	0.6165057328190743	0.9207193403298352	0.3180892933618844	0.48156122982991717
g__Merdibacter	0.6157038461538461	0.029319672131147542	0.6546351604938271	0.5023212298682285	0.2804243206977524	0.8340645137614678	0.06738461538461539	0.9721011113296617	0.09269302325581395	0.724639483394834	0.13633880359978826	0.7494013213981244	0.24916820494186043	0.600296608040201	0.9053319955898567	0.5176697626841245	0.17348036951501156	0.7175519025417355	0.5312759879638916	0.27609589830508474	0.8266112921278447	0.28853214051214704	0.862184255019373	0.9837180548868559	0.8238292115143929	0.7800289005658851	0.7861564712167758	0.2581065887353879	0.8761440955788988	0.7242314458900059	0.9988401535724318	0.7896127980922099	0.6220411673016972	0.6805690692124104	0.920358649517685	0.5744170463032113	0.5053305109489051	0.8266112921278447	0.15696245733788397	0.35887761316872424	0.9159816114359973	0.7781026490066225	0.33813828124999995	0.8427514088765268	0.4272814121037464	0.5753463846440552	0.919832925257732	0.5160022117550686	0.8330696654001716	0.5011248794801928	0.4804785308264102	0.9315402061855671	0.019196779964221825	0.4477612577461556	0.42249257557436515	0.6327361785836471	0.4272814121037464	0.793680566111912	0.600296608040201	0.2823194064688229	0.6165057328190743	0.6963698731828023	0.9519382667073543	0.9739279996075739	0.2276398377125193	0.5477477472205968	0.9468984848484848	0.7672370192307693	0.639363061845218	0.4675411214953271	0.8568280994671403	0.9427504360465117	0.3345418197725284	0.9689805847373637	0.35251738645862357	0.10969753457606735	0.9759365503080083	0.7165846153846154	0.769433971291866	0.5948305982288089	0.8970107718120804	0.6626789653489507	0.46251815730337076	0.9978106508875739	0.770269157218959	0.5919005993461679	0.9665169456066947	0.6438599999999999	0.8757896667438093	0.6165057328190743	0.8848432718579236	0.5004022808870117	0.79576	0.712044871406959	0.7200009871373019	0.7665	0.24670317982456139	0.9938369318181818	0.9962118444590905	1.0	0.9973648153369045	0.2353503409090909	0.2353503409090909	0.41953435448577675	0.34995016882386043	0.7242314458900059	0.08777914110429447	0.6310078414550446	0.678882533099378	0.5146635352286774	0.9090644709486815	1.0	0.9926505544498152	0.6971669138090825	0.9962118444590905	0.7042270096463022	0.515387797863599	0.8757896667438093	0.6619023460410557	0.8606748912660163	0.9196020019373587	0.46103913532988067	0.8754596663963861	0.855447132169576	0.22983252873563217	0.5813862202545657	0.7656561854960781	0.45438008204193253	0.12070866141732284	0.8940084740040513	0.8452570894622619	0.1503843843843844	0.7508814914390831	0.849526810901267	0.7195798651685393	0.7469106938892062	0.9546034950866173	0.3793532232704402	0.1399452269170579	0.9594305684337835	0.43107872441694434	0.6114945611866501	0.9003419727060913	0.8023281282316442	0.5744170463032113	0.700443136049193	0.9451389737765847
g__Merdimmobilis	0.4122016272189349	0.8732186033000232	0.6701040115998066	0.20179481821980777	0.9346753850990256	0.9649323776223777	0.5848807579641156	0.08777914110429447	0.3992867021276596	0.9469309276227735	0.7854575534759358	0.6124162023977432	0.9973648153369045	0.9874081769436998	0.40724145	0.3163550261297264	0.2232284309870232	0.6032593247588424	0.6519696055684455	0.30001746183206107	0.9962118444590905	0.5848807579641156	0.5467210670314637	0.7792129854368931	0.30237270998415217	0.8465867652362064	0.6399867768595041	0.8023281282316442	0.4940793257947514	0.7320843504795118	0.9689805847373637	0.6442552486187845	0.7292380291970804	0.6619023460410557	0.056928381962864726	0.5664202113606341	0.019196779964221825	0.617885207823961	0.973352679623086	0.40994232488822646	0.9572268787878787	0.9439985687616677	0.23761500000000002	0.7042270096463022	0.35760140573318633	0.5563534602076124	0.7235006660746004	0.5488772780373832	0.5977321402877697	0.2447490420044215	0.7395082262952807	0.5298673764564081	0.9945507849442028	0.22118304209690232	0.7743193008705114	0.7363954347826087	0.5066175686927561	0.19393373493975907	0.16101694094869312	0.33813828124999995	0.17933468834688346	0.639363061845218	0.6124162023977432	0.5395155349388077	0.6261136434108527	0.7900924176260421	0.9443856995140109	0.5414008844339623	0.7042270096463022	0.9456610709863805	0.1883457656867047	0.9330127391212949	0.5909175368382755	0.9461825221695195	0.9090644709486815	0.4466309392265193	0.9083247942048074	0.7498605987514189	0.6971669138090825	0.3402587709174841	0.32957460833579666	0.5160022117550686	0.6655342194845194	0.2447490420044215	0.8625327586206897	0.019196779964221825	0.7927380007881256	0.639363061845218	0.9023120168346439	0.3953526315789474	0.724639483394834	0.9508882646818922	0.4184513909224012	0.25151386782231855	0.8294672443674177	0.7146447896244911	0.9850258828057346	0.8567748488082533	0.9782092216499855	0.9973648153369045	1.0	0.7276983906364302	0.8099438340376489	0.617885207823961	0.27609589830508474	0.7282029948867786	0.9234608955223882	0.16727586206896553	0.7880622706726934	0.48391966145833337	0.6212586224843858	0.9887586798931706	0.951206509779951	0.8194434157416751	0.8233069895846405	0.6597746930757898	0.42985481021723565	0.9114448659254415	0.8294672443674177	0.7375231025492467	0.5405667257683214	0.6469372457485828	0.8754596663963861	0.8617337289928312	0.06738461538461539	0.7313752545824848	0.928239422062856	0.9176487694300518	0.1435216049382716	0.6212586224843858	0.8029886865555986	0.8961161561763715	0.4583739366515837	0.5023212298682285	0.1319855614973262	0.3800737294761532	0.7822584654662725	0.8885316666666666	0.40994232488822646	0.9892960000000001	0.9984198086662914	0.6010359484148308	0.8302740118577074	0.720786566274042	0.6010359484148308	0.6101383351007422	0.8271229221021243
g__Merdimonas	0.47656597711267606	0.029319672131147542	0.7964326642335767	0.8423705084745763	0.5736988585329341	0.9754594613124389	0.5414008844339623	0.3141184145589142	0.32179984839296544	0.944132324906755	0.25151386782231855	0.3800737294761532	0.19660545377077118	0.7682854891751164	0.5405667257683214	0.10520588235294118	0.06738461538461539	0.7650216972034715	0.5977321402877697	0.056928381962864726	0.9979749436936937	0.2626389705882353	0.724639483394834	0.5338677864427115	0.03713148788927336	0.907545426594927	0.7577204218466265	0.2840977137176938	0.46660687500000003	0.7625675956738768	0.8738562819321877	0.825482175	0.9665169456066947	0.4122016272189349	0.518909699816214	0.7428085825186889	0.17348036951501156	0.6846046357615895	0.04434297520661157	0.019196779964221825	0.4272814121037464	0.17933468834688346	0.8060339127076092	0.34995016882386043	0.5361222997210043	0.8189162121212121	0.16101694094869312	0.8542172098001902	0.951206509779951	0.056928381962864726	0.1015552050473186	0.9663142985342507	0.2840977137176938	0.25151386782231855	0.9887586798931706	0.019196779964221825	0.04434297520661157	0.21305470016207456	0.6451876943654907	0.4436307052023121	0.49489061901723036	0.1319855614973262	0.995732967967495	0.5349438834563959	0.3899433802816901	0.34467422475106685	0.7676565843621398	0.9988401535724318	0.21848316	0.4028860060514372	0.6764448430493274	0.7235006660746004	0.3119631269349845	0.9041619783616692	0.056928381962864726	0.029319672131147542	0.33659154069767444	0.536336914217633	0.8302740118577074	0.864888442622951	0.8568280994671403	0.944132324906755	0.9221917290019236	0.8606748912660163	0.5635353387739609	0.8021853184878301	0.7815516476126428	0.5384601859177215	0.7926820263157895	0.76501884057971	0.862184255019373	0.7408430962343096	0.9806432048681543	0.1278884073672806	0.7387057931233747	0.9155412045577863	0.4415268326739586	0.6133349234289738	0.9461825221695195	0.2353503409090909	0.7276983906364302	1.0	0.03713148788927336	0.18245100671140937	0.16993665579878903	0.42985481021723565	0.37328937018336433	0.32957460833579666	0.3844559969048233	0.4368237455830389	0.5505903663500679	0.9843722206179613	0.9707489506355306	0.5121411910669975	0.80919138792772	0.8321731024318348	0.47186967485069675	0.4057760280842527	0.9355518677409229	0.8732186033000232	0.6689139954853274	0.999421485287249	0.8776084745762712	0.8413769407775221	0.1470746192893401	0.19054612386314423	0.3603387704918033	0.9448114383137012	0.1435216049382716	0.9267423764680986	0.7387057931233747	0.04434297520661157	0.35251738645862357	0.26725282299965364	0.28853214051214704	0.5788152181952663	0.06244139650872818	0.5011248794801928	0.1470746192893401	0.9058160405420292	0.051442953020134234	0.7320843504795118	0.9692756090314915	0.44559672055427246	0.35128924670960515	0.8084093525179857	0.964040322096629
g__Merdivicinus	0.7095360655737706	0.04434297520661157	0.5925581188836535	0.35887761316872424	0.3800737294761532	0.6655342194845194	0.5246170238576627	0.5768087320796872	0.019196779964221825	0.7292380291970804	0.6923549019607844	0.6546351604938271	0.029319672131147542	0.9631459435096154	0.029319672131147542	0.43107872441694434	0.06738461538461539	0.43260299145299147	0.23269584603658536	0.21848316	0.17348036951501156	0.03713148788927336	0.8318768322675848	0.9773583479276124	0.08777914110429447	0.2232284309870232	0.9257849777211967	0.9802795524990314	0.9490276119402985	0.9365236363636363	0.27609589830508474	0.1643810435615127	0.9602725547298654	0.29212553536664504	0.07798691860465115	0.04434297520661157	0.10520588235294118	0.47186967485069675	0.03713148788927336	0.07333257403189065	0.15383044982698962	0.9925742339436485	0.44227440890125175	0.951206509779951	0.32957460833579666	0.6124162023977432	0.9689805847373637	0.9602725547298654	0.04434297520661157	0.8970107718120804	0.10969753457606735	0.2804243206977524	0.6655342194845194	0.49284130853110963	0.3119631269349845	0.5425502648616833	0.03713148788927336	0.1278884073672806	0.9813005793183355	0.2626389705882353	0.5349438834563959	0.0831860465116279	0.6613392524889832	0.7903619714587738	0.019196779964221825	0.6241367593712213	0.3194177257525084	0.16727586206896553	0.8346624786115864	0.019196779964221825	0.6231442138038401	0.38297228260869565	0.9978106508875739	0.2902446655791191	0.11315641476274164	0.04434297520661157	0.3781265526315789	0.18245100671140937	0.4415268326739586	0.7593394450641382	0.7519743317776835	0.639363061845218	0.7452296524102416	0.9806432048681543	0.6818142109436954	0.029319672131147542	0.7757612679880531	0.6251265654648956	0.9926505544498152	0.7584777421155455	0.8294672443674177	0.708644776119403	0.678882533099378	0.16101694094869312	0.6655342194845194	0.5717154366197184	0.22983252873563217	0.7086601732259534	0.3603387704918033	0.2353503409090909	0.8099438340376489	0.03713148788927336	1.0	0.15383044982698962	0.207468942821884	0.28853214051214704	0.019196779964221825	0.5004022808870117	0.36593523835319614	0.298407648	0.720786566274042	0.828554075176777	0.42416452702702706	0.8266112921278447	0.1278884073672806	0.9785863371528453	0.819762962962963	0.9831580924855491	0.6269901444788442	0.35251738645862357	0.9922151129675337	0.769433971291866	0.7428085825186889	0.9407755458515283	0.22983252873563217	0.27609589830508474	0.919832925257732	0.4675411214953271	0.6157038461538461	0.210068515497553	0.36593523835319614	0.019196779964221825	0.9196020019373587	0.9427504360465117	0.09692516129032258	0.4555797272727272	0.38297228260869565	0.8650307917202668	0.09692516129032258	0.79576	0.8368402825133949	0.4407733177570094	0.2959206741573034	0.720786566274042	0.9456610709863805	0.7639594669244579	0.6469372457485828
g__Muricomes	0.21848316	0.2276398377125193	0.6410398584905661	0.029319672131147542	0.2250587159533074	0.4042666247800955	0.513404705882353	0.08777914110429447	0.07798691860465115	0.9864982247385087	0.10969753457606735	0.3402587709174841	0.07798691860465115	0.7282029948867786	0.22118304209690232	0.056928381962864726	0.26500449320794145	0.9889332888592395	0.49284130853110963	0.019196779964221825	0.16993665579878903	0.029319672131147542	0.5586535159992335	0.8015224050796943	0.029319672131147542	0.49045463917525767	0.6917614713216957	0.9243692995529061	0.9250390787518574	0.9201947639484979	0.9114448659254415	0.4753551290536069	0.7903619714587738	0.3180892933618844	0.1278884073672806	0.056928381962864726	0.08777914110429447	0.750637632884479	0.051442953020134234	0.09692516129032258	0.7011227509978507	0.8836933782395251	0.3603387704918033	0.7554395488932474	0.5884047592997812	0.9475479625437332	0.33659154069767444	0.49138740629685157	0.6958941285824942	0.8854601023890785	0.32179984839296544	0.3119631269349845	0.3246650374812594	0.48156122982991717	0.34995016882386043	0.6911661879487981	0.019196779964221825	0.2558460085531005	0.671400193205603	0.1245721393034826	0.5937496289592761	0.04434297520661157	0.029319672131147542	0.7599879526462395	0.2937961625282167	0.864888442622951	0.9972935753927193	0.9494452038001839	0.2902446655791191	0.1435216049382716	0.3934244331210191	0.7849674073082586	0.1470746192893401	0.9714278925619836	0.03713148788927336	0.019196779964221825	0.06244139650872818	0.6101383351007422	0.48699195327709277	0.7676565843621398	0.5909175368382755	0.8691709402706487	0.5094942519194854	0.871839127399651	0.7926820263157895	0.019196779964221825	0.9827870432854525	0.7841608171466845	0.6420904593639576	0.4566693405846363	0.7235006660746004	0.8819141040329973	0.724639483394834	0.2250587159533074	0.8583025862068966	0.38632704580545546	0.1503843843843844	0.3800737294761532	0.7831742312340539	0.41953435448577675	0.617885207823961	0.18245100671140937	0.15383044982698962	1.0	0.35887761316872424	0.9120181045751634	0.9950010396975425	0.36218221193135386	0.10969753457606735	0.6101383351007422	0.9689805847373637	0.948743216080402	0.8879190265486725	0.8826538936535164	0.8392275920748754	0.482323581830037	0.1883457656867047	0.28853214051214704	0.5970907894736841	0.49919022222222226	0.903675638051044	0.6194696658545075	0.7482655982905984	0.35251738645862357	0.30237270998415217	0.6057945989304812	0.9543865443114987	0.8105914022517913	0.08777914110429447	0.2607992592592593	0.9448114383137012	0.019196779964221825	0.9224512864310879	0.7353730964467005	0.07798691860465115	0.33813828124999995	0.828554075176777	0.7650216972034715	0.019196779964221825	0.6764448430493274	0.6602343734683875	0.482323581830037	0.9345809473794771	0.5788152181952663	0.8330696654001716	0.80874896073903	0.9443856995140109
g__Murimonas	0.3315705154639175	0.2804243206977524	0.9984198086662914	0.510767149958575	0.7235006660746004	0.6044204638715432	0.5312759879638916	0.5823988397790055	0.2447490420044215	0.26725282299965364	0.8965154466988006	0.3246650374812594	0.23761500000000002	0.9346753850990256	0.8302740118577074	0.6065181818181817	0.2804243206977524	0.09692516129032258	0.9745983230361871	0.1643810435615127	0.8508717235617093	0.1503843843843844	0.7086601732259534	0.976126817116061	0.07798691860465115	0.9712321122599704	0.8023281282316442	0.6032593247588424	0.09692516129032258	0.9754595538597006	0.920358649517685	0.019196779964221825	0.7760591703944693	0.2823194064688229	0.07333257403189065	0.1643810435615127	0.019196779964221825	0.8776084745762712	0.18245100671140937	0.051442953020134234	0.19660545377077118	0.9962118444590905	0.5774091196136703	0.7459110587226746	0.4675411214953271	0.34995016882386043	0.5215881945857929	0.22118304209690232	0.9732546767537827	0.9365236363636363	0.35760140573318633	0.26500449320794145	0.7272988716295429	0.29212553536664504	0.8885316666666666	0.5788152181952663	0.536336914217633	0.5298673764564081	0.2823194064688229	0.42249257557436515	0.2786002363268062	0.40724145	0.3800737294761532	0.23957767424524787	0.4110761692650334	0.6469372457485828	0.8625327586206897	0.17933468834688346	0.019196779964221825	0.5361222997210043	0.08777914110429447	0.9712321122599704	0.5037228648987262	0.7313752545824848	0.47787588932806324	0.9794340122199593	0.7282029948867786	0.6824338242280286	0.948743216080402	0.9249800446286262	0.8318768322675848	0.9912127720231874	0.919832925257732	0.4084944693572496	0.23269584603658536	0.18559157427937917	0.4012932743362832	0.6077785143060245	0.9546034950866173	0.7690182751540041	0.3280510695187166	0.9887586798931706	0.2902446655791191	0.04434297520661157	0.4685735078766364	0.30837363977485927	0.36218221193135386	0.07798691860465115	0.8783393984789123	0.34995016882386043	0.27609589830508474	0.16993665579878903	0.207468942821884	0.35887761316872424	1.0	0.4042666247800955	0.16727586206896553	0.19054612386314423	0.30837363977485927	0.16101694094869312	0.8377389727361246	0.4790750930996714	0.7792129854368931	0.2804243206977524	0.6949853598014889	0.5246170238576627	0.7305581039755352	0.9070643076923077	0.9448114383137012	0.6065181818181817	0.8452570894622619	0.49045463917525767	0.10520588235294118	0.6410398584905661	0.7747251426242868	0.969378324099723	0.8606748912660163	0.1399452269170579	0.47656597711267606	0.8894523259762308	0.8989581472842386	0.7261994845360825	0.2535578702043743	0.1319855614973262	0.19660545377077118	0.6010359484148308	0.7993187061574435	0.9969406061746988	0.30001746183206107	0.9887586798931706	0.9469309276227735	0.6667333333333334	0.9058160405420292	0.9601421052631578	0.36593523835319614	0.9962118444590905	0.7537556009581513
g__Nanosynbacter	0.1503843843843844	0.2607992592592593	0.11315641476274164	0.019196779964221825	0.3280510695187166	0.019196779964221825	0.9267423764680986	0.9257849777211967	0.33659154069767444	0.3141184145589142	0.03713148788927336	0.8989581472842386	0.5006596129575095	0.9950010396975425	0.5160022117550686	0.8015224050796943	0.7449734202607823	0.9788679507083252	0.8583025862068966	0.1643810435615127	0.49045463917525767	0.6269901444788442	0.2866087487619676	0.6896460478948192	0.8985646692607003	0.8946120445344129	0.9346753850990256	0.7849674073082586	0.4466309392265193	0.8304711237202417	0.40724145	0.9602556650246306	0.7607408515374982	0.7443957675753228	0.7946186952542815	0.7235006660746004	0.06738461538461539	0.2626389705882353	0.25151386782231855	0.38297228260869565	0.3345418197725284	0.03713148788927336	0.7841608171466845	0.029319672131147542	0.2535578702043743	0.019196779964221825	0.029319672131147542	0.1245721393034826	0.5783280867630701	0.24670317982456139	0.47186967485069675	0.15383044982698962	0.207468942821884	0.03713148788927336	0.7235006660746004	0.549575587492717	0.862184255019373	0.03713148788927336	0.8984704140694568	0.6805690692124104	0.1015552050473186	0.1245721393034826	0.6879452028939917	0.029319672131147542	0.5848807579641156	0.019196779964221825	0.7760591703944693	0.7494013213981244	0.37328937018336433	0.37133581208053684	0.8583025862068966	0.3953526315789474	0.03713148788927336	0.9345809473794771	0.4028860060514372	0.21305470016207456	0.3463476622272598	0.752215374841169	0.019196779964221825	0.4466309392265193	0.7195798651685393	0.2626389705882353	0.855447132169576	0.2581065887353879	0.38632704580545546	0.8879190265486725	0.8854601023890785	0.019196779964221825	0.8985646692607003	0.03713148788927336	0.5256176719790195	0.07798691860465115	0.15696245733788397	0.33813828124999995	0.019196779964221825	0.6701040115998066	0.9602725547298654	0.08777914110429447	0.5284547978273989	0.7242314458900059	0.7282029948867786	0.42985481021723565	0.28853214051214704	0.9120181045751634	0.4042666247800955	1.0	0.019196779964221825	0.210068515497553	0.7331110062436473	0.7672370192307693	0.4963286897430452	0.056928381962864726	0.36593523835319614	0.6963698731828023	0.9504725130088766	0.019196779964221825	0.4976563798219585	0.1990573355817875	0.876017718446602	0.9267423764680986	0.5023212298682285	0.683991092861655	0.7305581039755352	0.7966891058180399	0.7919421372031663	0.969378324099723	0.03713148788927336	0.6879452028939917	0.019196779964221825	0.6032593247588424	0.4555797272727272	0.19660545377077118	0.019196779964221825	0.7923125691699604	0.6818142109436954	0.019196779964221825	0.7690182751540041	0.1319855614973262	0.019196779964221825	0.48930587728740577	0.9652329906168896	0.7381152177057717	0.700443136049193	0.019196779964221825	0.6348764165390506	0.029319672131147542	0.42122168850072783
g__Negativibacillus	0.10969753457606735	0.019196779964221825	0.16101694094869312	0.44227440890125175	0.855447132169576	0.029319672131147542	0.34467422475106685	0.9058160405420292	0.019196779964221825	0.6157038461538461	0.8904704825404	0.453070322138451	0.019196779964221825	0.8055857695282289	0.09692516129032258	0.4675411214953271	0.907545426594927	0.9469309276227735	0.6460097829716194	0.6442552486187845	0.9785863371528453	0.968381307761105	0.8413769407775221	0.6124162023977432	0.87919154589372	0.9523517076641593	0.720786566274042	0.9114448659254415	0.7038772204325817	0.8395115211848974	0.37328937018336433	0.9490276119402985	0.9788679507083252	0.41705403817914827	0.7554395488932474	0.6114945611866501	0.6546351604938271	0.7682854891751164	0.8131701172870984	0.999421485287249	0.6681533344098175	0.019196779964221825	0.5456903661640885	0.23761500000000002	0.09692516129032258	0.5597443955623566	0.8970107718120804	0.6559696660634973	0.21848316	0.10969753457606735	0.6701040115998066	0.7625675956738768	0.6410398584905661	0.36593523835319614	0.567695382585752	0.7138877547939	0.4415268326739586	0.9773583479276124	0.4466309392265193	0.6782526921233424	0.7607408515374982	0.724639483394834	0.7011227509978507	0.8783393984789123	0.029319672131147542	0.019196779964221825	0.6010359484148308	0.10969753457606735	0.46103913532988067	0.029319672131147542	0.6096424623560673	0.1015552050473186	0.6399867768595041	0.1015552050473186	0.7712082309582309	0.4415268326739586	0.6343457289002558	0.07798691860465115	0.15383044982698962	0.5023212298682285	0.6748449654729405	0.9772651051811454	0.4675411214953271	0.7498605987514189	0.536336914217633	0.9988401535724318	0.37328937018336433	0.09692516129032258	0.673770872850024	0.34177711085583	0.8159534948623621	0.549575587492717	0.2902446655791191	0.8099438340376489	0.5897163387978142	0.26725282299965364	0.5349438834563959	0.9381230913642052	0.5011248794801928	0.08777914110429447	0.9234608955223882	0.37328937018336433	0.019196779964221825	0.9950010396975425	0.16727586206896553	0.019196779964221825	1.0	0.849526810901267	0.8894523259762308	0.7272988716295429	0.826305737091544	0.487730659767141	0.8139346814193057	0.9504725130088766	0.3749454039735099	0.04434297520661157	0.928239422062856	0.24670317982456139	0.5312759879638916	0.3119631269349845	0.8384327900754074	0.8021853184878301	0.7946186952542815	0.6286196182943604	0.9546034950866173	0.6382168956743003	0.4398074560375147	0.7789213369345036	0.3899433802816901	0.32957460833579666	0.9456610709863805	0.15696245733788397	0.6212586224843858	0.11315641476274164	0.7519743317776835	0.6212586224843858	0.887406301805382	0.976126817116061	0.42249257557436515	0.7926820263157895	0.42122168850072783	0.28853214051214704	0.3719201974386339	0.08777914110429447	0.928239422062856	0.3764915258711721	0.8384327900754074
g__Odoribacter	0.5146635352286774	0.7919421372031663	0.210068515497553	0.06244139650872818	0.38632704580545546	0.513404705882353	0.9169156790657439	0.11315641476274164	0.029319672131147542	0.9461825221695195	0.04434297520661157	0.9773583479276124	0.3811816035288012	0.3811816035288012	0.9788679507083252	0.1503843843843844	0.03713148788927336	0.9794340122199593	0.06244139650872818	0.019196779964221825	0.7235006660746004	0.04434297520661157	0.2159154929577465	0.9224512864310879	0.1399452269170579	0.9598349380602277	0.7254738277794162	0.678882533099378	0.44227440890125175	0.7200009871373019	0.18559157427937917	0.9693917176702863	0.9083247942048074	0.3992867021276596	0.6044204638715432	0.10969753457606735	0.029319672131147542	0.49284130853110963	0.019196779964221825	0.019196779964221825	0.6410398584905661	0.9979749436936937	0.6655342194845194	0.4654583258728738	0.1015552050473186	0.3119631269349845	0.12070866141732284	0.23761500000000002	0.9441547402194163	0.1769656436097114	0.019196779964221825	0.9095420074349443	0.019196779964221825	0.019196779964221825	0.9988401535724318	0.19054612386314423	0.07798691860465115	0.029319672131147542	0.1278884073672806	0.1643810435615127	0.41953435448577675	0.019196779964221825	0.5535045664739885	0.536336914217633	0.6057945989304812	0.9861420744016149	0.30237270998415217	0.9925742339436485	0.4057760280842527	0.683991092861655	0.3180892933618844	0.9504725130088766	0.22983252873563217	0.9490276119402985	0.1245721393034826	0.03713148788927336	0.43260299145299147	0.9601421052631578	0.3163550261297264	0.2276398377125193	0.26725282299965364	0.10969753457606735	0.16993665579878903	0.5798345394129591	0.029319672131147542	0.8289597769516728	0.6689139954853274	0.18245100671140937	0.7593394450641382	0.8233069895846405	0.9801895578824898	0.8176517075638756	0.07333257403189065	0.019196779964221825	0.31075745012468825	0.056928381962864726	0.4084944693572496	0.06244139650872818	0.9802795524990314	0.6310078414550446	0.16727586206896553	0.32957460833579666	0.5004022808870117	0.36218221193135386	0.19054612386314423	0.210068515497553	0.849526810901267	1.0	0.2232284309870232	0.08777914110429447	0.4415268326739586	0.8238292115143929	0.6212586224843858	0.6593132032146957	0.6635611047928514	0.34467422475106685	0.06738461538461539	0.3345418197725284	0.9874081769436998	0.11644146202170189	0.3119631269349845	0.3764915258711721	0.8606748912660163	0.35760140573318633	0.7946186952542815	0.7927380007881256	0.3793532232704402	0.6220411673016972	0.019196779964221825	0.9689805847373637	0.7292380291970804	0.19054612386314423	0.6399867768595041	0.20179481821980777	0.019196779964221825	0.6613392524889832	0.9033883211678833	0.919832925257732	0.019196779964221825	0.8860760914051841	0.9681808334991048	0.8854601023890785	0.789446178343949	0.0831860465116279	0.9917613031914894	0.7923125691699604	0.06244139650872818
g__Oliverpabstia	0.34177711085583	0.487730659767141	0.04434297520661157	0.056928381962864726	0.07798691860465115	0.7042270096463022	0.7095360655737706	0.35251738645862357	0.07333257403189065	0.24916820494186043	0.056928381962864726	0.2840977137176938	0.5272506650544135	0.3463476622272598	0.9962118444590905	0.9060842163112772	0.06244139650872818	0.7900924176260421	0.5788152181952663	0.20448467274233637	0.7792129854368931	0.6044204638715432	0.051442953020134234	0.8334655239960822	0.019196779964221825	0.5215881945857929	0.18245100671140937	0.549575587492717	0.5977321402877697	0.9779266848196052	0.9276391125198099	0.06738461538461539	0.973352679623086	0.5312759879638916	0.3246650374812594	0.7272988716295429	0.03713148788927336	0.7268165171348728	0.019196779964221825	0.04434297520661157	0.8879190265486725	0.3793532232704402	0.06244139650872818	0.27609589830508474	0.08777914110429447	0.7577204218466265	0.1990573355817875	0.752215374841169	0.35128924670960515	0.1435216049382716	0.019196779964221825	0.8757896667438093	0.7531987161399548	0.06244139650872818	0.5647145537237067	0.7469106938892062	0.23957767424524787	0.06738461538461539	0.3603387704918033	0.2694763692731657	0.4140307086614173	0.10520588235294118	0.9114448659254415	0.2159154929577465	0.49489061901723036	0.8527803143979994	0.4477612577461556	0.8304711237202417	0.029319672131147542	0.5160022117550686	0.11315641476274164	0.9806432048681543	0.2535578702043743	0.5384601859177215	0.051442953020134234	0.0831860465116279	0.7261994845360825	0.845906928906532	0.4555797272727272	0.4566693405846363	0.487730659767141	0.48930587728740577	0.5312759879638916	0.9962118444590905	0.08777914110429447	0.2558460085531005	0.708644776119403	0.5037228648987262	0.8629816381532692	0.9681808334991048	0.6689139954853274	0.5505903663500679	0.9864982247385087	0.7760591703944693	0.46660687500000003	0.10969753457606735	0.22118304209690232	0.5425502648616833	0.6429224798387095	0.678882533099378	0.7880622706726934	0.3844559969048233	0.36593523835319614	0.10969753457606735	0.30837363977485927	0.7331110062436473	0.8894523259762308	0.2232284309870232	1.0	0.8215416331658292	0.5869831538601936	0.9494452038001839	0.7272988716295429	0.24240278189910977	0.9943823000473261	0.3603387704918033	0.2447490420044215	0.5753463846440552	0.8854601023890785	0.3749454039735099	0.9950010396975425	0.9148730944625407	0.12070866141732284	0.7626807612456746	0.43831910693302	0.8691709402706487	0.2232284309870232	0.5535045664739885	0.051442953020134234	0.8958167452830189	0.2607992592592593	0.06244139650872818	0.3334544894366197	0.46251815730337076	0.029319672131147542	0.42416452702702706	0.9962118444590905	0.9997701643017177	0.019196779964221825	0.8567748488082533	0.9309009788443322	0.5647145537237067	0.6269901444788442	0.45438008204193253	0.8363482935153583	0.9962118444590905	0.920358649517685
g__Onthenecus	0.8750275130434784	0.0831860465116279	0.7720407119476268	0.7884407063197026	0.6337045951486163	0.8023281282316442	0.9017227307990691	0.9309009788443322	0.2694763692731657	0.6024185218324981	0.6782526921233424	0.9041619783616692	0.4804785308264102	0.9250390787518574	0.41953435448577675	0.5736988585329341	0.9095420074349443	0.30655182275298554	0.7272988716295429	0.04434297520661157	0.9855842469705712	0.09269302325581395	0.8587585299669656	0.6207970266040689	0.30237270998415217	0.4685735078766364	0.6824338242280286	0.43831910693302	0.650622487562189	0.8804639022711631	0.49489061901723036	0.5160022117550686	0.9874081769436998	0.13633880359978826	0.11644146202170189	0.7542291110799044	0.5160022117550686	0.793680566111912	0.49138740629685157	0.4140307086614173	0.8797175382139985	0.42862327586206894	0.7537556009581513	0.9276391125198099	0.13633880359978826	0.9959940515532055	0.5121411910669975	0.8985646692607003	0.828554075176777	0.8452570894622619	0.4184513909224012	0.9887586798931706	0.8606748912660163	0.7747251426242868	0.9250390787518574	0.9477744525547445	0.1990573355817875	0.6337045951486163	0.650622487562189	0.17348036951501156	0.7235006660746004	0.5272506650544135	0.6231442138038401	0.871839127399651	0.6911661879487981	0.7183015772870662	0.9779266848196052	0.056928381962864726	0.029319672131147542	0.06244139650872818	0.17348036951501156	0.11644146202170189	0.8131701172870984	0.4466309392265193	0.9165481818181819	0.38632704580545546	0.7900924176260421	0.11315641476274164	0.7508814914390831	0.7331110062436473	0.8866912406271301	0.9090644709486815	0.7896127980922099	0.9806432048681543	0.7896127980922099	0.6534687923343797	0.9767921275973077	0.9997701643017177	0.9210794136528996	0.35422429205996675	0.7554395488932474	0.9567227713765919	0.9762214620339645	0.10969753457606735	0.9692756090314915	0.8211219217708464	0.1435216049382716	0.9159816114359973	0.8970107718120804	0.5146635352286774	0.48391966145833337	0.4368237455830389	0.298407648	0.6101383351007422	0.16101694094869312	0.7672370192307693	0.7272988716295429	0.08777914110429447	0.8215416331658292	1.0	0.12070866141732284	0.16727586206896553	0.5798345394129591	0.9023120168346439	0.9850258828057346	0.9867704477898168	0.9909463623395149	0.5505903663500679	0.07798691860465115	0.9692756090314915	0.903675638051044	0.8984704140694568	0.8403042222761465	0.7189415841584158	0.9889332888592395	0.9155412045577863	0.9490276119402985	0.6526663798808735	0.5256176719790195	0.7869876615589607	0.5664202113606341	0.25151386782231855	0.7880622706726934	0.7498605987514189	0.1278884073672806	0.2626389705882353	0.7200009871373019	0.8848432718579236	0.7599879526462395	0.9669117073170732	0.4685735078766364	0.32631718889883615	0.9159816114359973	0.30837363977485927	0.9355518677409229	0.9703608854269375	0.8650307917202668
g__Otoolea	0.7577204218466265	0.7086601732259534	0.8238292115143929	0.27413093451568893	0.6831594876660342	0.41705403817914827	0.9988401535724318	0.7381152177057717	0.7508814914390831	0.9592191163119137	0.3719201974386339	0.7861564712167758	0.9945507849442028	0.5736988585329341	0.3427915786468741	0.6764448430493274	0.6689139954853274	0.30655182275298554	0.905900440140845	0.9490276119402985	0.3180892933618844	0.30237270998415217	0.870760435846638	0.2626389705882353	0.1319855614973262	0.8982057975871314	0.210068515497553	0.4335039735099338	0.6958941285824942	0.8899618072834199	0.8866912406271301	0.862184255019373	0.9943823000473261	0.9113679144385026	0.45976158013544016	0.9478058225508317	0.7880622706726934	0.36593523835319614	0.6526663798808735	0.6831594876660342	0.9315402061855671	0.720786566274042	0.7070991755725191	0.9693850281648384	0.1278884073672806	0.21305470016207456	0.2447490420044215	0.06244139650872818	0.9692756090314915	0.9959940515532055	0.9276391125198099	0.7869590951554785	0.9912127720231874	0.2840977137176938	0.7114978181818182	0.3719201974386339	0.7508814914390831	0.3934244331210191	0.3603387704918033	0.7183015772870662	0.600296608040201	0.5897163387978142	0.9095420074349443	0.599123396226415	0.961365844116762	0.897709032979318	0.9058160405420292	0.9855842469705712	0.3402587709174841	0.9210794136528996	0.3194177257525084	0.7498605987514189	0.7542291110799044	0.4477612577461556	0.3463476622272598	0.46660687500000003	0.8830731520621502	0.6044204638715432	0.15696245733788397	0.8298710770372202	0.9973648153369045	0.5395155349388077	0.9360870229007634	0.9276391125198099	0.5605104389312977	0.9861420744016149	0.15383044982698962	0.5774091196136703	0.4335039735099338	0.4398074560375147	0.7884407063197026	0.1278884073672806	0.819762962962963	0.15383044982698962	0.19393373493975907	0.9501531808434596	0.42122168850072783	0.6170888208537438	0.9114448659254415	0.9090644709486815	0.6212586224843858	0.5505903663500679	0.720786566274042	0.9689805847373637	0.8377389727361246	0.4963286897430452	0.826305737091544	0.4415268326739586	0.5869831538601936	0.12070866141732284	1.0	0.17933468834688346	0.3992867021276596	0.9693917176702863	0.8761440955788988	0.9945507849442028	0.920358649517685	0.7353730964467005	0.8989581472842386	0.7626807612456746	0.9346753850990256	0.9806432048681543	0.7508814914390831	0.7452296524102416	0.8354634664712349	0.5505903663500679	0.8826538936535164	0.9739279996075739	0.26725282299965364	0.5647145537237067	0.536336914217633	0.1503843843843844	0.8797175382139985	0.46251815730337076	0.7584777421155455	0.8658806896551724	0.051442953020134234	0.38632704580545546	1.0	0.49489061901723036	0.7554395488932474	0.5909175368382755	0.6764448430493274	0.19660545377077118	0.8211219217708464	0.16993665579878903	0.6971669138090825
g__Parabacteroides	0.5919005993461679	0.3345418197725284	0.8266112921278447	0.40994232488822646	0.18245100671140937	0.019196779964221825	0.7880622706726934	0.7880622706726934	0.8169143544303799	0.9749813896511172	0.7381152177057717	0.487730659767141	0.6748449654729405	0.5977321402877697	0.019196779964221825	0.8518475480252954	0.8266112921278447	0.35760140573318633	0.35887761316872424	0.9657257681564246	0.44227440890125175	0.9769811988304095	0.48391966145833337	0.8904704825404	0.5783280867630701	0.7254738277794162	0.752215374841169	0.8498952000000001	0.8009621740822416	0.3793532232704402	0.9864982247385087	0.9210794136528996	0.2447490420044215	0.07798691860465115	0.27223511843460346	0.9003419727060913	0.5977321402877697	0.4084944693572496	0.6299231575330699	0.9636416516516516	0.7676565843621398	0.019196779964221825	0.32328917370325694	0.9749813896511172	0.7195798651685393	0.1399452269170579	0.5488772780373832	0.3334544894366197	0.9714278925619836	0.48930587728740577	0.653621885299934	0.9843722206179613	0.29212553536664504	0.6133349234289738	0.4753551290536069	0.8029886865555986	0.9033883211678833	0.8403042222761465	0.8879190265486725	0.7926820263157895	0.6343457289002558	0.24670317982456139	0.7070991755725191	0.207468942821884	0.7042270096463022	0.4122016272189349	0.5925581188836535	0.41705403817914827	0.45976158013544016	0.6923549019607844	0.40724145	0.1470746192893401	0.9490276119402985	0.5925581188836535	0.36218221193135386	0.3811816035288012	0.1245721393034826	0.19054612386314423	0.8498952000000001	0.35128924670960515	0.5006596129575095	0.7807383900928793	0.715723417721519	0.5384601859177215	0.948743216080402	0.9174807866868382	0.9176487694300518	0.22983252873563217	0.7261994845360825	0.019196779964221825	0.6635611047928514	0.03713148788927336	0.8071037837837839	1.0	0.9441547402194163	0.9441547402194163	0.6165057328190743	0.7508814914390831	0.9867704477898168	1.0	0.9887586798931706	0.9843722206179613	0.828554075176777	0.948743216080402	0.4790750930996714	0.056928381962864726	0.487730659767141	0.8238292115143929	0.9494452038001839	0.16727586206896553	0.17933468834688346	1.0	0.9988401535724318	0.12070866141732284	0.19660545377077118	0.7607408515374982	0.31075745012468825	0.2276398377125193	0.08777914110429447	0.11315641476274164	0.9230056758775206	0.8368402825133949	0.7494013213981244	0.7615981509801195	0.9396187363380868	0.9991900617630545	0.13633880359978826	0.5256176719790195	0.49138740629685157	0.44227440890125175	0.7282029948867786	0.4466309392265193	0.19054612386314423	0.9131623368146213	0.47787588932806324	0.8015224050796943	0.9714278925619836	0.19054612386314423	0.1399452269170579	0.9863203034959661	0.9794340122199593	0.7993187061574435	0.7822584654662725	0.029319672131147542	0.9707489506355306	0.2353503409090909	0.45438008204193253
g__Paraprevotella	0.35760140573318633	0.8321731024318348	0.8310771999014048	0.8846287098244815	0.8346624786115864	0.38297228260869565	0.907545426594927	0.7053301101591187	0.8109268336314849	0.20448467274233637	0.9165481818181819	0.7042270096463022	0.9033883211678833	0.9867704477898168	0.9546034950866173	0.3315705154639175	0.9508882646818922	0.21305470016207456	0.7869876615589607	0.715723417721519	0.8602756658024983	0.482323581830037	0.6646566466482714	0.9483234913793104	0.518909699816214	0.720786566274042	0.8567748488082533	0.3119631269349845	0.7183015772870662	0.5203572185970636	0.1435216049382716	0.845906928906532	0.9264320008482664	0.056928381962864726	0.8841110185924491	0.06244139650872818	0.6451876943654907	0.826305737091544	0.45976158013544016	0.6975315448658649	0.9693850281648384	0.6635611047928514	0.3463476622272598	0.12070866141732284	0.8298710770372202	0.7341361723737666	0.85375325	0.6526663798808735	0.7042270096463022	0.4685735078766364	0.11644146202170189	0.5246170238576627	0.09269302325581395	0.4415268326739586	0.7626807612456746	0.3246650374812594	0.25151386782231855	0.3334544894366197	0.9601421052631578	0.30655182275298554	0.5717154366197184	0.3119631269349845	0.5813862202545657	0.6220411673016972	0.2159154929577465	0.7807383900928793	0.029319672131147542	0.8484168725266819	0.8176517075638756	0.37328937018336433	0.961365844116762	0.48561612483745126	0.051442953020134234	0.5146635352286774	0.5586535159992335	0.6963698731828023	0.2232284309870232	0.5467210670314637	0.04434297520661157	0.3749454039735099	0.80874896073903	0.7599879526462395	0.9315402061855671	0.9598349380602277	0.8836933782395251	0.6911661879487981	0.8606748912660163	0.6382168956743003	0.864888442622951	0.7341361723737666	0.8346624786115864	0.513404705882353	0.9950010396975425	0.4012932743362832	0.4566693405846363	0.2607992592592593	0.9201947639484979	0.5203572185970636	0.5037228648987262	0.9926505544498152	0.951206509779951	0.9707489506355306	0.42416452702702706	0.8879190265486725	0.7792129854368931	0.36593523835319614	0.8139346814193057	0.6212586224843858	0.7272988716295429	0.5798345394129591	0.3992867021276596	0.9988401535724318	1.0	0.6534687923343797	0.9769811988304095	0.11315641476274164	0.9991900617630545	0.36421247282608693	0.8965154466988006	0.565569156580938	0.9601421052631578	0.9276391125198099	0.515387797863599	0.80919138792772	0.9494452038001839	0.9515242365635179	0.8498952000000001	0.7297392857142858	0.8650307917202668	0.06244139650872818	0.7837732394366197	0.6646566466482714	0.8423705084745763	0.019196779964221825	0.6593132032146957	0.8135010695187167	0.4466309392265193	0.8470621232136424	0.678882533099378	0.6488926658905704	0.4512371997254633	0.769433971291866	0.8940084740040513	0.9515242365635179	0.3180892933618844	0.8617337289928312	0.4154445044160942
g__Pararoseburia	0.5753463846440552	0.6438599999999999	0.7626807612456746	0.7183015772870662	0.7792129854368931	0.26500449320794145	0.8279418177303203	0.31075745012468825	0.9649323776223777	0.5848807579641156	0.8738562819321877	0.9131623368146213	0.6602343734683875	0.8363482935153583	0.6187866957279861	0.9456610709863805	0.6327361785836471	0.6896460478948192	0.8970107718120804	0.7884407063197026	0.9249800446286262	0.752215374841169	0.905900440140845	0.9657257681564246	0.3793532232704402	0.7900924176260421	0.5023212298682285	0.9027006971340046	0.4042666247800955	0.9027006971340046	0.6010359484148308	0.5226023151909017	0.5744170463032113	0.1470746192893401	0.898381452962839	0.819762962962963	0.9478058225508317	0.7219559678140366	0.9962118444590905	0.6805690692124104	0.845906928906532	0.09692516129032258	0.8866912406271301	0.847739985599424	0.7138877547939	0.25151386782231855	0.5006596129575095	0.8105914022517913	0.9185096795079314	0.3971722222222222	0.919436612434005	0.8271229221021243	0.5830864939360529	0.6799435219123506	0.9602556650246306	0.7381152177057717	0.8127345756222081	0.8970107718120804	0.6024185218324981	0.7789213369345036	0.07798691860465115	0.46103913532988067	0.7452296524102416	0.5948305982288089	0.45438008204193253	0.8131701172870984	0.0831860465116279	0.07333257403189065	0.7599879526462395	0.3246650374812594	0.9210794136528996	0.06738461538461539	0.5226023151909017	0.3427915786468741	0.9159105713975929	0.7927380007881256	0.5226023151909017	0.5925581188836535	0.565569156580938	0.999421485287249	0.9984198086662914	0.515387797863599	0.45438008204193253	0.2866087487619676	0.9448114383137012	0.8271229221021243	0.8970107718120804	0.49138740629685157	0.5505903663500679	0.32328917370325694	0.903675638051044	0.7095360655737706	0.3781265526315789	0.6997616379310345	0.2159154929577465	0.9867704477898168	0.9543865443114987	0.9439985687616677	0.12070866141732284	0.6971669138090825	0.8194434157416751	0.5121411910669975	0.8266112921278447	0.8826538936535164	0.2804243206977524	0.6963698731828023	0.9504725130088766	0.6593132032146957	0.24240278189910977	0.9023120168346439	0.9693917176702863	0.12070866141732284	0.6534687923343797	1.0	0.8757896667438093	0.9169156790657439	0.4675411214953271	0.5848807579641156	0.8325707765918292	0.6934852433525113	0.7584777421155455	0.9249800446286262	0.9238170217298679	0.41705403817914827	0.9749813896511172	0.9973648153369045	0.9592191163119137	0.7650216972034715	0.44559672055427246	0.5629946146527117	0.7927380007881256	0.1435216049382716	0.6348764165390506	0.7854575534759358	0.5338677864427115	0.8905761060948081	0.9689805847373637	0.79576	0.7607408515374982	0.18559157427937917	0.9003419727060913	0.5284547978273989	0.3119631269349845	0.8913848488267148	0.36421247282608693	0.7909438225976768	0.07798691860465115
g__Parasutterella	0.8860760914051841	0.7268165171348728	0.8340645137614678	0.6949853598014889	0.8982057975871314	0.45438008204193253	0.6884419218087612	0.6846046357615895	0.8934040878378378	0.7271115107913669	0.4084944693572496	0.8055857695282289	0.9267423764680986	0.7896127980922099	0.03713148788927336	0.999421485287249	0.8894523259762308	0.8321731024318348	0.6824338242280286	0.720786566274042	0.3463476622272598	0.895013629213483	0.8246562101313321	0.7459110587226746	0.8023281282316442	0.9903967649857278	0.9732546767537827	0.9461825221695195	0.9926505544498152	0.3844559969048233	0.6096424623560673	0.8304711237202417	0.7297392857142858	0.5774091196136703	0.9806432048681543	0.207468942821884	0.7276983906364302	0.31075745012468825	0.9594305684337835	0.9478058225508317	0.16727586206896553	0.482323581830037	0.673770872850024	0.9689805847373637	0.9088043649923229	0.9274852670544685	0.928239422062856	0.7542291110799044	0.5066175686927561	0.7757612679880531	0.9337480773271697	0.3934244331210191	0.8215416331658292	0.7268165171348728	0.7452296524102416	0.8804639022711631	0.9663142985342507	0.8750275130434784	0.7271115107913669	0.5037228648987262	0.683991092861655	0.3882891371340524	0.5325739635489686	0.8484168725266819	0.5635353387739609	0.5620220591039085	0.8470621232136424	0.9693850281648384	0.9588136583888552	0.5830864939360529	0.9693850281648384	0.2902446655791191	0.8384327900754074	0.6810844345616264	0.7272988716295429	0.5011248794801928	0.9922151129675337	0.06244139650872818	0.9997701643017177	0.4407733177570094	0.37133581208053684	0.9033883211678833	0.8055857695282289	0.9250390787518574	0.2694763692731657	0.5744170463032113	0.4398074560375147	0.9725825732258699	0.2786002363268062	0.8238292115143929	0.7235006660746004	0.6593132032146957	0.7554395488932474	0.6799435219123506	0.6646566466482714	0.9984198086662914	0.8491576283355271	0.7498605987514189	0.9598349380602277	0.9962118444590905	0.8233069895846405	0.80919138792772	0.1278884073672806	0.8392275920748754	0.6949853598014889	0.9504725130088766	0.3749454039735099	0.6635611047928514	0.9943823000473261	0.9850258828057346	0.8761440955788988	0.19660545377077118	0.9769811988304095	0.8757896667438093	1.0	0.6133349234289738	0.6673904592496765	0.7276983906364302	0.5925581188836535	0.7789213369345036	0.9933851620238772	0.822476443997991	0.2558460085531005	0.7807383900928793	0.8804639022711631	0.80874896073903	0.5467210670314637	0.8368402825133949	0.6231442138038401	0.4654583258728738	0.6327361785836471	0.6010359484148308	0.8825369017632243	0.7272988716295429	0.8921928619756427	0.7948785117493472	0.056928381962864726	0.5146635352286774	0.9439985687616677	0.750637632884479	0.8330696654001716	0.9881385542168675	0.8738562819321877	0.6317651079136691	0.4140307086614173	0.742333069392456	0.9959940515532055
g__Pauljensenia	0.03713148788927336	0.3345418197725284	0.27223511843460346	0.10520588235294118	0.6805690692124104	0.019196779964221825	0.9943823000473261	0.5705574007899191	0.9962118444590905	0.3764915258711721	0.80874896073903	0.37133581208053684	0.6818142109436954	0.7966891058180399	0.8325707765918292	0.7489407370517929	0.056928381962864726	0.8921928619756427	0.5535045664739885	0.45976158013544016	0.6317651079136691	0.9978106508875739	0.10520588235294118	0.9386549093183238	0.6207970266040689	0.9979749436936937	0.9461825221695195	0.999421485287249	0.6451876943654907	0.7973593498049415	0.24670317982456139	0.653621885299934	0.6546351604938271	0.944132324906755	0.5006596129575095	0.8571852732434351	0.20179481821980777	0.964040322096629	0.6602343734683875	0.16101694094869312	0.898381452962839	0.04434297520661157	0.8289597769516728	0.019196779964221825	0.15696245733788397	0.1278884073672806	0.1990573355817875	0.16101694094869312	0.9494452038001839	0.38297228260869565	0.518909699816214	0.029319672131147542	0.26725282299965364	0.019196779964221825	0.713021100362757	0.1990573355817875	0.8965154466988006	0.019196779964221825	0.4335039735099338	0.4368237455830389	0.06738461538461539	0.37133581208053684	0.9523517076641593	0.17933468834688346	0.5717154366197184	0.26725282299965364	0.6044204638715432	0.23269584603658536	0.24670317982456139	0.6261136434108527	0.22118304209690232	0.513404705882353	0.019196779964221825	0.4512371997254633	0.18245100671140937	0.9090644709486815	0.32328917370325694	0.7966891058180399	0.019196779964221825	0.7062155891792755	0.24240278189910977	0.051442953020134234	0.1503843843843844	0.11315641476274164	0.27609589830508474	0.8105914022517913	0.4790750930996714	0.10520588235294118	0.6261136434108527	0.13633880359978826	0.6782526921233424	0.6241367593712213	0.6534687923343797	0.3246650374812594	0.029319672131147542	0.9477744525547445	0.822476443997991	0.1245721393034826	0.708644776119403	0.7042270096463022	0.6597746930757898	0.8321731024318348	0.9785863371528453	0.482323581830037	0.5246170238576627	0.019196779964221825	0.04434297520661157	0.34467422475106685	0.3603387704918033	0.9867704477898168	0.9945507849442028	0.7607408515374982	0.11315641476274164	0.9169156790657439	0.6133349234289738	1.0	0.1245721393034826	0.8999501610216547	0.5563534602076124	0.8899618072834199	0.6261136434108527	0.6086039914848324	0.2823194064688229	0.3603387704918033	0.47656597711267606	0.9309009788443322	0.6949853598014889	0.8392275920748754	0.029319672131147542	0.1435216049382716	0.5925581188836535	0.6391698458410978	0.029319672131147542	0.210068515497553	0.9636416516516516	0.04434297520661157	0.9693850281648384	0.9435706486766995	0.1399452269170579	0.7363954347826087	0.7768819585534334	0.30837363977485927	0.567695382585752	0.029319672131147542	0.03713148788927336	0.6251265654648956	0.2866087487619676
g__Pediococcus	0.029319672131147542	0.47656597711267606	0.3719201974386339	0.30001746183206107	0.09269302325581395	0.019196779964221825	0.9207193403298352	0.27413093451568893	0.1883457656867047	0.1015552050473186	0.029319672131147542	0.47787588932806324	0.5535045664739885	0.6124162023977432	0.8060339127076092	0.3141184145589142	0.019196779964221825	0.5535045664739885	0.9892960000000001	0.4184513909224012	0.1278884073672806	0.8169143544303799	0.15696245733788397	0.9169156790657439	0.31075745012468825	0.8905761060948081	0.937155321148825	0.35760140573318633	0.9250390787518574	0.5535045664739885	0.4042666247800955	0.8984704140694568	0.6460097829716194	0.8310771999014048	0.9997701643017177	0.1470746192893401	0.056928381962864726	0.11315641476274164	0.11315641476274164	0.2626389705882353	0.5376137390959556	0.029319672131147542	0.4512371997254633	0.518909699816214	0.07333257403189065	0.051442953020134234	0.06738461538461539	0.019196779964221825	0.7459110587226746	0.03713148788927336	0.06738461538461539	0.26725282299965364	0.029319672131147542	0.019196779964221825	0.9477744525547445	0.19054612386314423	0.1470746192893401	0.019196779964221825	0.019196779964221825	0.0831860465116279	0.1503843843843844	0.09692516129032258	0.6231442138038401	0.029319672131147542	0.5376137390959556	0.9196020019373587	0.2535578702043743	0.3194177257525084	0.27413093451568893	0.8819141040329973	0.19660545377077118	0.07798691860465115	0.04434297520661157	0.6429224798387095	0.2535578702043743	0.4110761692650334	0.6856480151228734	0.4436307052023121	0.4084944693572496	0.8310771999014048	0.10969753457606735	0.029319672131147542	0.03713148788927336	0.11315641476274164	0.19660545377077118	0.9427504360465117	0.8021853184878301	0.15696245733788397	0.9159816114359973	0.051442953020134234	0.7320843504795118	0.9276391125198099	0.45976158013544016	0.15383044982698962	0.3934244331210191	0.8485843473053892	0.07333257403189065	0.04434297520661157	0.9267423764680986	0.515387797863599	0.42985481021723565	0.47186967485069675	0.819762962962963	0.1883457656867047	0.7305581039755352	0.4976563798219585	0.928239422062856	0.06738461538461539	0.2447490420044215	0.9909463623395149	0.920358649517685	0.31075745012468825	0.9991900617630545	0.4675411214953271	0.6673904592496765	0.1245721393034826	1.0	0.4555797272727272	0.8804639022711631	0.5798345394129591	0.5869831538601936	0.11644146202170189	0.07798691860465115	0.4122016272189349	0.16727586206896553	0.7235006660746004	0.08777914110429447	0.9785863371528453	0.019196779964221825	0.6923549019607844	0.536336914217633	0.5023212298682285	0.3934244331210191	0.690245288326301	0.9962118444590905	0.22118304209690232	0.5349438834563959	0.8984704140694568	0.019196779964221825	0.9176487694300518	0.9322767823343849	0.6799435219123506	0.8650307917202668	0.10520588235294118	0.06244139650872818	0.948743216080402	0.056928381962864726
g__Peptostreptococcus	0.5830864939360529	0.639363061845218	0.513404705882353	0.35251738645862357	0.6846046357615895	0.06244139650872818	0.6261136434108527	0.11644146202170189	0.7973593498049415	0.5395155349388077	0.06244139650872818	0.7615981509801195	0.683991092861655	0.20448467274233637	0.6975315448658649	0.9652329906168896	0.4415268326739586	0.6187866957279861	0.16101694094869312	0.6923549019607844	0.8153162011173184	0.8683242647058824	0.9827870432854525	0.3119631269349845	0.5233997974478428	0.9925742339436485	0.9322767823343849	0.4790750930996714	0.8550866975748931	0.724639483394834	0.48156122982991717	0.5744170463032113	0.4398074560375147	0.5176697626841245	0.6725864864864866	0.690245288326301	0.6212586224843858	0.9769811988304095	0.9448114383137012	0.7381152177057717	0.9602556650246306	0.019196779964221825	0.03713148788927336	0.5160022117550686	0.8819141040329973	0.04434297520661157	0.5246170238576627	0.1990573355817875	0.8238292115143929	0.536336914217633	0.1990573355817875	0.49138740629685157	0.6764448430493274	0.7415354517942067	0.6526663798808735	0.019196779964221825	0.7650216972034715	0.5488772780373832	0.5160022117550686	0.42862327586206894	0.30001746183206107	0.11315641476274164	0.9877736101808439	0.0831860465116279	0.7747251426242868	0.7837732394366197	0.08777914110429447	0.7565189722766731	0.8304711237202417	0.6382168956743003	0.4940793257947514	0.3484996890898813	0.06738461538461539	0.32631718889883615	0.46103913532988067	0.15383044982698962	0.7183015772870662	0.6114945611866501	0.1990573355817875	0.6546351604938271	0.6032593247588424	0.617885207823961	0.6382168956743003	0.4555797272727272	0.5405667257683214	0.9788679507083252	0.9665169456066947	0.056928381962864726	0.37133581208053684	0.1643810435615127	0.9881385542168675	0.0831860465116279	0.1319855614973262	0.07798691860465115	0.17933468834688346	0.5256176719790195	0.8982057975871314	0.35621453488372096	0.3345418197725284	0.8757896667438093	0.9114448659254415	0.4057760280842527	0.9831580924855491	0.28853214051214704	0.9070643076923077	0.1990573355817875	0.24670317982456139	0.3345418197725284	0.5753463846440552	0.5505903663500679	0.7353730964467005	0.2276398377125193	0.36421247282608693	0.5848807579641156	0.7276983906364302	0.8999501610216547	0.4555797272727272	1.0	0.5006596129575095	0.7011227509978507	0.029319672131147542	0.6194696658545075	0.8427514088765268	0.8542172098001902	0.9802795524990314	0.9870422535211267	0.1278884073672806	0.8139346814193057	0.10520588235294118	0.9631459435096154	0.6943980428704567	0.4654583258728738	0.07798691860465115	0.6519696055684455	0.9346753850990256	0.1643810435615127	0.7070991755725191	0.2581065887353879	0.04434297520661157	0.9197670358026019	0.8238292115143929	0.9689805847373637	0.905900440140845	0.16993665579878903	0.3899433802816901	0.16727586206896553	0.1245721393034826
g__Phascolarctobacterium	0.9785863371528453	0.4256242599277978	0.19660545377077118	0.45438008204193253	0.9041619783616692	0.2840977137176938	0.6655342194845194	0.1883457656867047	0.7508814914390831	0.4110761692650334	0.7011227509978507	0.49489061901723036	0.34467422475106685	0.8135010695187167	0.5629946146527117	0.7415354517942067	0.9745983230361871	0.599123396226415	0.7733856676194365	0.22983252873563217	0.8318768322675848	0.6613392524889832	0.7896127980922099	0.9602556650246306	0.42416452702702706	0.7760591703944693	0.9515242365635179	0.6884419218087612	0.9439985687616677	0.9391860624999999	0.8413769407775221	0.4700158990256864	0.4466309392265193	0.8629816381532692	0.6187866957279861	0.5823988397790055	0.03713148788927336	0.019196779964221825	0.8567748488082533	0.7690182751540041	0.9739279996075739	0.6619023460410557	0.907545426594927	0.4466309392265193	0.7095360655737706	0.969378324099723	0.7682854891751164	0.7854575534759358	0.7438166211751185	0.8050326967741935	0.7200009871373019	0.9267423764680986	0.4154445044160942	0.48156122982991717	0.8675781034684107	0.9210794136528996	0.30001746183206107	0.9148730944625407	0.5774091196136703	0.298407648	0.825482175	0.49489061901723036	0.8266112921278447	0.7682854891751164	0.9649323776223777	0.964040322096629	0.8484168725266819	0.5788152181952663	0.7070991755725191	0.617885207823961	0.9912127720231874	0.905900440140845	0.7305581039755352	0.8354634664712349	0.6818142109436954	0.5576659051641389	0.7438166211751185	0.8238292115143929	0.8131701172870984	0.9675946959896506	0.9922151129675337	0.6343457289002558	0.9230056758775206	0.7079808754003354	0.4415268326739586	0.8377389727361246	0.9926505544498152	0.6818142109436954	0.7676565843621398	0.8804639022711631	0.5349438834563959	0.7183015772870662	0.8797175382139985	0.673770872850024	0.7923125691699604	0.7584777421155455	0.7053301101591187	0.944132324906755	0.8470621232136424	0.6619023460410557	0.8294672443674177	0.9355518677409229	0.6269901444788442	0.5970907894736841	0.9448114383137012	0.876017718446602	0.5312759879638916	0.9874081769436998	0.8854601023890785	0.07798691860465115	0.8989581472842386	0.08777914110429447	0.8965154466988006	0.8325707765918292	0.5925581188836535	0.5563534602076124	0.8804639022711631	0.5006596129575095	1.0	0.3934244331210191	0.16727586206896553	0.6856480151228734	0.8395115211848974	0.8879190265486725	0.8266112921278447	0.752215374841169	0.905900440140845	0.9779266848196052	0.948743216080402	0.1990573355817875	0.03713148788927336	0.5783280867630701	0.8970107718120804	0.4976563798219585	0.9567227713765919	0.7880622706726934	0.713021100362757	0.7219559678140366	0.4466309392265193	0.9309009788443322	0.7242314458900059	0.8144707661034177	0.8984704140694568	0.18245100671140937	0.9788679507083252	0.4555797272727272	0.7923125691699604
g__Phocaeicola	0.8384327900754074	0.3194177257525084	0.7966891058180399	0.10520588235294118	0.03713148788927336	0.4028860060514372	0.7861564712167758	0.07333257403189065	0.6725864864864866	0.2558460085531005	0.056928381962864726	0.3427915786468741	0.2535578702043743	0.7948785117493472	0.9027006971340046	0.7408430962343096	0.9546034950866173	0.85804862851738	0.04434297520661157	0.2250587159533074	0.6602343734683875	0.8826538936535164	0.30837363977485927	0.30655182275298554	0.34177711085583	0.4436307052023121	0.7235006660746004	0.7676565843621398	0.5006596129575095	0.9689805847373637	0.8846287098244815	0.9017227307990691	0.8211219217708464	0.7235006660746004	0.7747251426242868	0.5753463846440552	0.31075745012468825	0.6442552486187845	0.1278884073672806	0.17933468834688346	0.9572268787878787	0.4736147117296223	0.9143035853976532	0.6879452028939917	0.7175519025417355	0.3119631269349845	0.819762962962963	0.11644146202170189	0.15383044982698962	0.6896460478948192	0.09269302325581395	0.8279418177303203	0.1245721393034826	0.1503843843843844	0.4976563798219585	0.7672370192307693	0.5488772780373832	0.2804243206977524	0.9689805847373637	0.5597443955623566	0.4566693405846363	0.2232284309870232	0.7086601732259534	0.210068515497553	0.43107872441694434	0.30655182275298554	0.6673904592496765	0.9490276119402985	0.5830864939360529	0.3119631269349845	0.9592191163119137	0.793680566111912	0.7165846153846154	0.029319672131147542	0.4466309392265193	0.06738461538461539	0.2447490420044215	0.8485843473053892	0.27413093451568893	0.9322767823343849	0.5629946146527117	0.1643810435615127	0.5605104389312977	0.7452296524102416	0.3280510695187166	0.5066175686927561	0.8438904008693552	0.9003419727060913	0.6348764165390506	0.5813862202545657	0.6269901444788442	0.34995016882386043	0.1990573355817875	0.3971722222222222	0.36421247282608693	0.1245721393034826	0.3800737294761532	0.3194177257525084	0.5855589514066497	0.8606748912660163	0.7375231025492467	0.8732186033000232	0.35251738645862357	0.49919022222222226	0.6065181818181817	0.9267423764680986	0.3119631269349845	0.11644146202170189	0.3749454039735099	0.9692756090314915	0.7626807612456746	0.11315641476274164	0.565569156580938	0.6934852433525113	0.7789213369345036	0.8899618072834199	0.5798345394129591	0.7011227509978507	0.3934244331210191	1.0	0.42985481021723565	0.9415975678203928	0.8583025862068966	0.968381307761105	0.8841110185924491	0.8162792854427975	0.7615981509801195	0.2159154929577465	0.9106937322559511	0.724639483394834	0.8583025862068966	0.9058160405420292	0.9889332888592395	0.9912127720231874	0.8346624786115864	0.7276983906364302	0.051442953020134234	0.9003419727060913	0.056928381962864726	0.6917614713216957	0.981578494934877	0.9693850281648384	0.999421485287249	0.09269302325581395	0.8135010695187167	0.6269901444788442	0.742333069392456
g__Prevotella	0.1769656436097114	0.6420904593639576	0.5848807579641156	0.2804243206977524	0.9504725130088766	0.3194177257525084	0.6086039914848324	0.49919022222222226	0.7619248334258745	0.7743193008705114	0.06244139650872818	0.8169143544303799	0.9759365503080083	0.40994232488822646	0.9782092216499855	0.9176487694300518	0.5456903661640885	0.7482655982905984	0.7305581039755352	0.27413093451568893	0.9973648153369045	0.5635353387739609	0.46103913532988067	0.04434297520661157	0.20179481821980777	0.7443957675753228	0.8710973573923166	0.6438599999999999	0.8330696654001716	0.9631459435096154	0.04434297520661157	0.9490276119402985	0.49138740629685157	0.21305470016207456	0.3811816035288012	0.64797012489592	0.27223511843460346	0.7200009871373019	0.9053319955898567	0.23957767424524787	0.9249800446286262	0.12070866141732284	0.6923549019607844	0.8334655239960822	0.8298710770372202	0.19660545377077118	0.019196779964221825	0.9909463623395149	0.9543865443114987	0.16727586206896553	0.07333257403189065	0.21305470016207456	0.6987551001540833	0.36593523835319614	0.5848807579641156	0.019196779964221825	0.750637632884479	0.34177711085583	0.6681533344098175	0.1435216049382716	0.33659154069767444	0.8830731520621502	0.9027006971340046	0.019196779964221825	0.7011227509978507	0.4154445044160942	0.5284547978273989	0.8470621232136424	0.3844559969048233	0.7577204218466265	0.4583739366515837	0.3246650374812594	0.10520588235294118	0.876017718446602	0.9148730944625407	0.9090644709486815	0.20448467274233637	0.30837363977485927	0.6602343734683875	0.6376602718776552	0.2840977137176938	0.26500449320794145	0.515387797863599	0.06244139650872818	0.36218221193135386	0.9135346956521739	0.6890449286722057	0.019196779964221825	0.8470621232136424	0.10520588235294118	0.8266112921278447	0.8927988843813387	0.10520588235294118	0.48561612483745126	0.23761500000000002	0.599123396226415	0.2607992592592593	0.6911661879487981	0.1883457656867047	0.9196020019373587	0.5405667257683214	0.6689139954853274	0.9922151129675337	0.903675638051044	0.8452570894622619	0.5023212298682285	0.8384327900754074	0.3119631269349845	0.9950010396975425	0.903675638051044	0.9346753850990256	0.9230056758775206	0.9601421052631578	0.7584777421155455	0.9933851620238772	0.6261136434108527	0.5869831538601936	0.029319672131147542	0.16727586206896553	0.42985481021723565	1.0	0.5753463846440552	0.5325739635489686	0.7927380007881256	0.7469106938892062	0.8321731024318348	0.6096424623560673	0.9106937322559511	0.210068515497553	0.9754595538597006	0.8970107718120804	0.9806432048681543	0.16727586206896553	0.7469106938892062	0.6420904593639576	0.06738461538461539	0.9234608955223882	0.9221917290019236	0.3695462843295639	0.1470746192893401	0.7639594669244579	0.8050326967741935	0.39218923273657286	0.019196779964221825	0.3050006006955422	0.8587585299669656	0.1435216049382716
g__Pseudobutyricicoccus	0.2159154929577465	0.5823988397790055	0.7268165171348728	0.0831860465116279	0.2823194064688229	0.06244139650872818	0.9693917176702863	0.5647145537237067	0.5094942519194854	0.6526663798808735	0.4028860060514372	0.5053305109489051	0.6442552486187845	0.7195798651685393	0.9636416516516516	0.13633880359978826	0.32631718889883615	0.874391611555865	0.7537556009581513	0.4976563798219585	0.9215373890730247	0.1643810435615127	0.6673904592496765	0.8723771564752384	0.9298164400885236	0.6187866957279861	0.5855589514066497	0.9159105713975929	0.8452570894622619	0.9806432048681543	0.81849139173303	0.8658806896551724	0.5705574007899191	0.4084944693572496	0.49489061901723036	0.12070866141732284	0.8606748912660163	0.8127345756222081	0.4084944693572496	0.513404705882353	0.3800737294761532	0.2626389705882353	0.9739279996075739	0.5823988397790055	0.30655182275298554	0.051442953020134234	0.32631718889883615	0.26725282299965364	0.7880622706726934	0.056928381962864726	0.27609589830508474	0.4512371997254633	0.29212553536664504	0.2447490420044215	0.8567748488082533	0.2353503409090909	0.4407733177570094	0.6429224798387095	0.3882891371340524	0.3427915786468741	0.7931057851239669	0.5037228648987262	0.2840977137176938	0.6569784094643444	0.7760591703944693	0.5246170238576627	0.8921928619756427	0.769433971291866	0.7062155891792755	0.80919138792772	0.44227440890125175	0.673770872850024	0.16101694094869312	0.4084944693572496	0.8452570894622619	0.15383044982698962	0.9215373890730247	0.8302740118577074	0.4477612577461556	0.9769811988304095	0.4398074560375147	0.051442953020134234	0.10969753457606735	0.6147909762532981	0.23957767424524787	0.4042666247800955	0.5215881945857929	0.683991092861655	0.9594305684337835	0.6867975129859909	0.6317651079136691	0.6917614713216957	0.7489407370517929	0.20179481821980777	0.2694763692731657	0.8258944187788737	0.1015552050473186	0.1769656436097114	0.819762962962963	0.46103913532988067	0.6469372457485828	0.999421485287249	0.769433971291866	0.6194696658545075	0.49045463917525767	0.683991092861655	0.8021853184878301	0.3764915258711721	0.9148730944625407	0.8984704140694568	0.9806432048681543	0.8368402825133949	0.9276391125198099	0.9249800446286262	0.822476443997991	0.6086039914848324	0.11644146202170189	0.6194696658545075	0.6856480151228734	0.9415975678203928	0.5753463846440552	1.0	0.7189415841584158	0.25151386782231855	0.6748449654729405	0.9176487694300518	0.5550374783445621	0.9969406061746988	0.3334544894366197	0.4272814121037464	0.09692516129032258	0.976126817116061	0.6194696658545075	0.35422429205996675	0.981578494934877	0.6896460478948192	0.8334655239960822	0.9972935753927193	0.2607992592592593	0.9689805847373637	0.9762214620339645	0.7789213369345036	0.80919138792772	0.5774091196136703	0.3141184145589142	0.6327361785836471	0.7577204218466265
g__Pseudoflavonifractor_A	0.9023120168346439	0.7896127980922099	0.44227440890125175	0.8298710770372202	0.9689805847373637	0.08777914110429447	0.7042270096463022	0.3781265526315789	0.8452570894622619	0.0831860465116279	0.565569156580938	0.4790750930996714	0.6975315448658649	0.6343457289002558	0.2558460085531005	0.34177711085583	0.42985481021723565	0.80919138792772	0.5855589514066497	0.4272814121037464	0.5121411910669975	0.8836933782395251	0.34995016882386043	0.845906928906532	0.35128924670960515	0.4477612577461556	0.43501316658801326	0.653621885299934	0.22118304209690232	0.9863203034959661	0.4804785308264102	0.1435216049382716	0.8131701172870984	0.9090644709486815	0.8413769407775221	0.9988401535724318	0.029319672131147542	0.8667297932001402	0.24916820494186043	0.4110761692650334	0.7946186952542815	0.8029886865555986	0.9346282207301722	0.7531987161399548	0.16993665579878903	0.5970907894736841	0.07798691860465115	0.07798691860465115	0.9973648153369045	0.7297392857142858	0.8606748912660163	0.06244139650872818	0.6147909762532981	0.21848316	0.34995016882386043	0.6327361785836471	0.39218923273657286	0.31075745012468825	0.3119631269349845	0.5006596129575095	0.7235006660746004	0.7593394450641382	0.9207193403298352	0.42985481021723565	0.708644776119403	0.6442552486187845	0.956218052184466	0.4940793257947514	0.3119631269349845	0.8738562819321877	0.20179481821980777	0.8109268336314849	0.3246650374812594	0.8804639022711631	0.8162792854427975	0.8465867652362064	0.7931057851239669	0.9350160402052142	0.5586535159992335	0.5414008844339623	0.8109268336314849	0.4436307052023121	0.8135010695187167	0.8899618072834199	0.36593523835319614	0.7841608171466845	0.9903967649857278	0.7775981732070365	0.6376602718776552	0.712044871406959	0.11315641476274164	0.7086601732259534	0.8153162011173184	0.8485843473053892	0.27413093451568893	0.9274852670544685	0.8368402825133949	0.2558460085531005	0.7625675956738768	0.8754596663963861	0.8754596663963861	0.8776084745762712	0.7428085825186889	0.7482655982905984	0.10520588235294118	0.7305581039755352	0.7946186952542815	0.8606748912660163	0.12070866141732284	0.8403042222761465	0.7508814914390831	0.7494013213981244	0.515387797863599	0.9238170217298679	0.2558460085531005	0.2823194064688229	0.07798691860465115	0.8427514088765268	0.8395115211848974	0.8583025862068966	0.5325739635489686	0.7189415841584158	1.0	0.5664202113606341	0.6884419218087612	0.6764448430493274	0.8825369017632243	0.3811816035288012	0.26500449320794145	0.7884407063197026	0.11644146202170189	0.7479089028392067	0.549575587492717	0.6382168956743003	0.8162792854427975	0.4335039735099338	0.9979749436936937	0.968381307761105	0.6810844345616264	0.8583025862068966	0.9714278925619836	0.6975315448658649	0.3781265526315789	0.48699195327709277	0.03713148788927336	0.870760435846638	0.724639483394834
g__Pseudoscilispira	0.11644146202170189	0.9267423764680986	0.9215373890730247	0.6593132032146957	0.5011248794801928	0.019196779964221825	0.9456610709863805	0.5006596129575095	0.35128924670960515	0.8321731024318348	0.9552067739975699	0.32957460833579666	0.8105914022517913	0.6101383351007422	0.7903619714587738	0.8904704825404	0.7428085825186889	0.9088043649923229	0.7800289005658851	0.9264320008482664	0.7923125691699604	0.32957460833579666	0.650622487562189	0.8606748912660163	0.9806432048681543	0.8761440955788988	0.9767921275973077	0.7482655982905984	0.453070322138451	0.956218052184466	0.87919154589372	0.826305737091544	0.6597746930757898	0.06244139650872818	0.6975315448658649	0.5563534602076124	0.4140307086614173	0.8783393984789123	0.9469309276227735	0.6884419218087612	0.5563534602076124	0.056928381962864726	0.9494452038001839	0.24916820494186043	0.8710973573923166	0.549575587492717	0.9248224869694713	0.25151386782231855	0.7800289005658851	0.9962118444590905	0.8904704825404	0.210068515497553	0.6124162023977432	0.9281844789356984	0.845906928906532	0.9478058225508317	0.6597746930757898	0.6917614713216957	0.9782092216499855	0.8961161561763715	0.5705574007899191	0.30837363977485927	0.9230056758775206	0.298407648	0.9201947639484979	0.4110761692650334	0.3719201974386339	0.15696245733788397	0.9234608955223882	0.567695382585752	0.8804639022711631	0.15696245733788397	0.30655182275298554	0.7837732394366197	0.7997776566757493	0.9475479625437332	0.6949853598014889	0.895013629213483	0.2581065887353879	0.9855842469705712	0.6782526921233424	0.845906928906532	0.44227440890125175	0.8899618072834199	0.4057760280842527	0.5629946146527117	0.9355518677409229	0.4122016272189349	0.2959206741573034	0.15383044982698962	0.5349438834563959	0.2607992592592593	0.9689805847373637	0.9703608854269375	0.6382168956743003	0.8894523259762308	0.8237232890448735	0.8354634664712349	0.8629816381532692	0.855447132169576	0.8617337289928312	0.8413769407775221	0.9407755458515283	0.35251738645862357	0.6410398584905661	0.7966891058180399	0.6286196182943604	0.35760140573318633	0.7626807612456746	0.7189415841584158	0.7452296524102416	0.7615981509801195	0.80919138792772	0.41705403817914827	0.7807383900928793	0.3603387704918033	0.4122016272189349	0.8542172098001902	0.8879190265486725	0.968381307761105	0.7927380007881256	0.25151386782231855	0.5664202113606341	1.0	0.849526810901267	0.5146635352286774	0.5037228648987262	0.9304570465557194	0.7482655982905984	0.30655182275298554	0.6673904592496765	0.9490276119402985	0.5414008844339623	0.8258944187788737	0.9041619783616692	0.29212553536664504	0.3280510695187166	0.6310078414550446	0.708644776119403	0.6391698458410978	0.210068515497553	0.3427915786468741	0.8658806896551724	0.6923549019607844	0.32957460833579666	0.41953435448577675	0.20179481821980777
g__Roseburia	0.07333257403189065	0.3194177257525084	0.5958009202453988	0.06738461538461539	0.06244139650872818	0.6343457289002558	0.1643810435615127	0.2232284309870232	0.8215416331658292	0.9023120168346439	0.04434297520661157	0.4272814121037464	0.5705574007899191	0.7747251426242868	0.3953526315789474	0.10520588235294118	0.019196779964221825	0.8485843473053892	0.3280510695187166	0.1319855614973262	0.7619248334258745	0.2447490420044215	0.844778095582911	0.6667333333333334	0.051442953020134234	0.9396187363380868	0.9201947639484979	0.720786566274042	0.7966891058180399	0.7923125691699604	0.862184255019373	0.30837363977485927	0.08777914110429447	0.3345418197725284	0.04434297520661157	0.1470746192893401	0.03713148788927336	0.7726612397820163	0.1319855614973262	0.5692886440677966	0.9892960000000001	0.1883457656867047	0.40994232488822646	0.10520588235294118	0.2840977137176938	0.4583739366515837	0.19393373493975907	0.019196779964221825	0.4436307052023121	0.019196779964221825	0.35760140573318633	0.5256176719790195	0.2558460085531005	0.30837363977485927	0.4368237455830389	0.3463476622272598	0.2250587159533074	0.019196779964221825	0.3800737294761532	0.6101383351007422	0.1399452269170579	0.3811816035288012	0.6810844345616264	0.09692516129032258	0.11644146202170189	0.8363482935153583	0.8583025862068966	0.0831860465116279	0.4042666247800955	0.7792129854368931	0.35128924670960515	0.8159534948623621	0.0831860465116279	0.43260299145299147	0.565569156580938	0.03713148788927336	0.6764448430493274	0.8826538936535164	0.19660545377077118	0.2535578702043743	0.019196779964221825	0.019196779964221825	0.09692516129032258	0.0831860465116279	0.5925581188836535	0.1769656436097114	0.874391611555865	0.2535578702043743	0.9863203034959661	0.9483234913793104	0.9490276119402985	0.9267423764680986	0.029319672131147542	0.07333257403189065	0.23957767424524787	0.8127345756222081	0.2840977137176938	0.4028860060514372	0.8266112921278447	0.22983252873563217	0.06738461538461539	0.1470746192893401	0.22983252873563217	0.30237270998415217	0.7747251426242868	0.7919421372031663	0.9546034950866173	0.7946186952542815	0.43831910693302	0.9889332888592395	0.8354634664712349	0.9396187363380868	0.9494452038001839	0.9749813896511172	0.8804639022711631	0.47656597711267606	0.16727586206896553	0.9802795524990314	0.8266112921278447	0.8841110185924491	0.7469106938892062	0.6748449654729405	0.6884419218087612	0.849526810901267	1.0	0.26725282299965364	0.1319855614973262	0.9095420074349443	0.019196779964221825	0.903675638051044	0.32957460833579666	0.2558460085531005	0.9264320008482664	0.7877876980428704	0.7095360655737706	0.029319672131147542	0.6194696658545075	0.5284547978273989	0.11315641476274164	0.42985481021723565	0.8776084745762712	0.7387057931233747	0.8159534948623621	0.8211219217708464	0.3246650374812594	0.9959940515532055	0.961365844116762
g__Roseburia_D	0.9762214620339645	0.7880622706726934	0.7363954347826087	0.7443957675753228	0.09692516129032258	0.981578494934877	0.019196779964221825	0.20179481821980777	0.7452296524102416	0.8438904008693552	0.9451389737765847	0.9759365503080083	0.9973648153369045	0.7146447896244911	0.919436612434005	0.7428085825186889	0.8266112921278447	0.6963698731828023	0.8485843473053892	0.4042666247800955	0.6890449286722057	0.5753463846440552	0.8710973573923166	0.4042666247800955	0.9754594613124389	0.11315641476274164	0.06738461538461539	0.5203572185970636	0.8294672443674177	0.4256242599277978	0.9083247942048074	0.16727586206896553	0.7554395488932474	0.21305470016207456	0.944132324906755	0.9754595538597006	0.6207970266040689	0.3246650374812594	0.1769656436097114	0.29212553536664504	0.7997776566757493	0.18559157427937917	0.9767921275973077	0.9754594613124389	0.5405667257683214	0.80919138792772	0.36421247282608693	0.7656561854960781	0.06244139650872818	0.32631718889883615	0.43831910693302	0.35887761316872424	0.1643810435615127	0.919436612434005	0.19660545377077118	0.5215881945857929	0.6460097829716194	0.3764915258711721	0.8810884112792298	0.8625327586206897	0.678882533099378	0.32631718889883615	0.3427915786468741	0.8927988843813387	0.6165057328190743	0.7841608171466845	0.9962118444590905	0.9806432048681543	0.9870422535211267	0.10969753457606735	0.6635611047928514	0.9594305684337835	0.5830864939360529	0.5629946146527117	0.5477477472205968	0.9533703654822334	0.9490276119402985	0.752215374841169	0.7428085825186889	0.898381452962839	0.7733856676194365	0.9887586798931706	0.720786566274042	0.919832925257732	0.9088043649923229	0.7584777421155455	0.07333257403189065	0.7282029948867786	0.8325707765918292	0.3345418197725284	0.27609589830508474	0.6655342194845194	0.8498952000000001	0.64797012489592	0.80874896073903	0.9250390787518574	0.7494013213981244	0.7743193008705114	0.8846287098244815	0.5813862202545657	0.7313752545824848	0.19054612386314423	0.27609589830508474	0.6057945989304812	0.969378324099723	0.969378324099723	0.6382168956743003	0.7927380007881256	0.8691709402706487	0.9155412045577863	0.5505903663500679	0.9991900617630545	0.9515242365635179	0.9973648153369045	0.80874896073903	0.9309009788443322	0.7235006660746004	0.9870422535211267	0.752215374841169	0.8162792854427975	0.8321731024318348	0.9176487694300518	0.6764448430493274	0.5146635352286774	0.26725282299965364	1.0	0.87919154589372	0.029319672131147542	0.9267423764680986	0.8848432718579236	0.3800737294761532	0.9649323776223777	0.9598349380602277	0.9594305684337835	0.9381230913642052	0.9515242365635179	0.7757612679880531	0.5884047592997812	0.9215373890730247	0.20448467274233637	0.9572268787878787	0.6782526921233424	0.9962118444590905	0.9827870432854525	0.7489407370517929	0.9925742339436485	0.33813828124999995
g__Rothia	0.04434297520661157	0.8985646692607003	0.1015552050473186	0.35422429205996675	0.029319672131147542	0.019196779964221825	0.9243692995529061	0.3719201974386339	0.9806432048681543	0.1883457656867047	0.019196779964221825	0.9508882646818922	0.7482655982905984	0.2937961625282167	0.38297228260869565	0.9802795524990314	0.23957767424524787	0.7268165171348728	0.8830731520621502	0.2276398377125193	0.769433971291866	0.8395115211848974	0.46660687500000003	0.8761440955788988	0.6317651079136691	0.9887586798931706	0.9291751581611135	0.6165057328190743	0.8491576283355271	0.9391860624999999	0.9782092216499855	0.9165481818181819	0.7964326642335767	0.27609589830508474	0.8334655239960822	0.7619248334258745	0.2232284309870232	0.8583025862068966	0.18559157427937917	0.03713148788927336	0.5535045664739885	0.019196779964221825	0.8946120445344129	0.09692516129032258	0.051442953020134234	0.30001746183206107	0.04434297520661157	0.41953435448577675	0.8750275130434784	0.019196779964221825	0.09269302325581395	0.2959206741573034	0.15696245733788397	0.019196779964221825	0.9806432048681543	0.4042666247800955	0.3971722222222222	0.019196779964221825	0.5925581188836535	0.3280510695187166	0.06244139650872818	0.019196779964221825	0.8438904008693552	0.019196779964221825	0.9938369318181818	0.019196779964221825	0.8860760914051841	0.5325739635489686	0.09692516129032258	0.536336914217633	0.2823194064688229	0.3749454039735099	0.019196779964221825	0.9396187363380868	0.2937961625282167	0.019196779964221825	0.7869876615589607	0.6207970266040689	0.16101694094869312	0.10969753457606735	0.09692516129032258	0.051442953020134234	0.37133581208053684	0.5094942519194854	0.36218221193135386	0.9754595538597006	0.9892960000000001	0.051442953020134234	0.536336914217633	0.15383044982698962	0.3315705154639175	0.019196779964221825	0.029319672131147542	0.19054612386314423	0.04434297520661157	0.9945507849442028	0.8233069895846405	0.08777914110429447	0.3695462843295639	0.7656561854960781	0.928239422062856	0.3603387704918033	0.919832925257732	0.9543865443114987	0.8606748912660163	0.03713148788927336	0.4398074560375147	0.3793532232704402	0.2232284309870232	0.9490276119402985	0.8826538936535164	0.13633880359978826	0.8498952000000001	0.9592191163119137	0.5467210670314637	0.6949853598014889	0.08777914110429447	0.1278884073672806	0.905900440140845	0.7615981509801195	0.6096424623560673	0.5550374783445621	0.8825369017632243	0.5037228648987262	0.1319855614973262	0.87919154589372	1.0	0.9943823000473261	0.019196779964221825	0.9011326605301098	0.5146635352286774	0.9257849777211967	0.17933468834688346	0.9193700323624595	0.9665169456066947	0.019196779964221825	0.2626389705882353	0.29212553536664504	0.019196779964221825	0.24240278189910977	0.8625327586206897	0.9114448659254415	0.21305470016207456	0.019196779964221825	0.2581065887353879	0.029319672131147542	0.35251738645862357
g__Ruminiclostridium_E	0.7948785117493472	0.5717154366197184	0.5897163387978142	0.4084944693572496	0.549575587492717	0.5094942519194854	0.2250587159533074	0.8060339127076092	0.8215416331658292	0.9863203034959661	0.7665	0.6958941285824942	0.9267423764680986	0.9365236363636363	0.9053319955898567	0.9657257681564246	0.9267423764680986	0.06738461538461539	0.8984704140694568	0.7146447896244911	0.8334655239960822	0.7966891058180399	0.7665	0.7200009871373019	0.9003419727060913	0.49489061901723036	0.5788152181952663	0.9435706486766995	0.056928381962864726	0.9887586798931706	0.7884407063197026	0.019196779964221825	0.9501531808434596	0.5298673764564081	0.6831594876660342	0.653621885299934	0.9169156790657439	0.8413769407775221	0.3163550261297264	0.8359573398413666	0.6261136434108527	0.5605104389312977	0.2250587159533074	0.9707489506355306	0.678882533099378	0.9665169456066947	0.8571852732434351	0.9274852670544685	0.029319672131147542	0.8060339127076092	0.9620562619071493	0.8246562101313321	0.42122168850072783	0.9601421052631578	0.03713148788927336	0.7235006660746004	0.6890449286722057	0.5884047592997812	0.8750275130434784	0.8958167452830189	0.6799435219123506	0.47656597711267606	0.7973593498049415	0.6997616379310345	0.3781265526315789	0.3719201974386339	0.9572268787878787	0.4753551290536069	0.5226023151909017	0.07333257403189065	0.6534687923343797	0.6748449654729405	0.8029886865555986	0.43831910693302	0.9443856995140109	0.8527803143979994	0.8550866975748931	0.9714278925619836	0.8169143544303799	0.9159105713975929	0.956218052184466	0.8318768322675848	0.9396187363380868	0.48561612483745126	0.7242314458900059	0.9185096795079314	0.6597746930757898	0.8109268336314849	0.4654583258728738	0.6086039914848324	0.6442552486187845	0.9689805847373637	0.9090644709486815	0.6646566466482714	0.9657257681564246	0.5526081675999228	0.9490276119402985	0.7272988716295429	0.5006596129575095	0.45438008204193253	0.9176487694300518	0.9448114383137012	0.4675411214953271	0.8105914022517913	0.1399452269170579	0.6879452028939917	0.7789213369345036	0.6220411673016972	0.5535045664739885	0.6526663798808735	0.9739279996075739	0.5256176719790195	0.7297392857142858	0.7650216972034715	0.8368402825133949	0.8392275920748754	0.9785863371528453	0.8139346814193057	0.9779266848196052	0.2159154929577465	0.9106937322559511	0.9969406061746988	0.3811816035288012	0.9304570465557194	0.9095420074349443	0.029319672131147542	0.9943823000473261	1.0	0.7946186952542815	0.1278884073672806	0.2250587159533074	0.8904704825404	0.8946120445344129	0.8162792854427975	0.8825369017632243	0.905900440140845	0.7946186952542815	0.8594162107993398	0.700443136049193	0.862184255019373	0.27609589830508474	0.5744170463032113	0.8789682519576233	0.9552067739975699	0.9567227713765919	0.9903967649857278	0.27609589830508474
g__Ruminococcus_B	0.019196779964221825	0.8304711237202417	0.019196779964221825	0.019196779964221825	0.06738461538461539	0.019196779964221825	0.47787588932806324	0.10969753457606735	0.4012932743362832	0.019196779964221825	0.019196779964221825	0.10520588235294118	0.752215374841169	0.7268165171348728	0.7195798651685393	0.30001746183206107	0.019196779964221825	0.9530549786628735	0.03713148788927336	0.019196779964221825	0.7062155891792755	0.1399452269170579	0.029319672131147542	0.6327361785836471	0.019196779964221825	0.5744170463032113	0.2626389705882353	0.1278884073672806	0.9959940515532055	0.7903619714587738	0.7428085825186889	0.09692516129032258	0.9249800446286262	0.1470746192893401	0.1503843843843844	0.03713148788927336	0.019196779964221825	0.7690182751540041	0.019196779964221825	0.029319672131147542	0.7053301101591187	0.019196779964221825	0.4368237455830389	0.0831860465116279	0.019196779964221825	0.056928381962864726	0.019196779964221825	0.210068515497553	0.9772651051811454	0.019196779964221825	0.019196779964221825	0.0831860465116279	0.019196779964221825	0.019196779964221825	0.905900440140845	0.11315641476274164	0.019196779964221825	0.019196779964221825	0.019196779964221825	0.03713148788927336	0.019196779964221825	0.019196779964221825	0.9689805847373637	0.019196779964221825	0.482323581830037	0.2250587159533074	0.7807383900928793	0.9494452038001839	0.019196779964221825	0.7599879526462395	0.019196779964221825	0.22118304209690232	0.019196779964221825	0.549575587492717	0.0831860465116279	0.019196779964221825	0.1990573355817875	0.7494013213981244	0.051442953020134234	0.25151386782231855	0.019196779964221825	0.019196779964221825	0.03713148788927336	0.07798691860465115	0.029319672131147542	0.5233997974478428	0.7235006660746004	0.019196779964221825	0.8135010695187167	0.8302740118577074	0.6299231575330699	0.2159154929577465	0.03713148788927336	0.019196779964221825	0.07798691860465115	0.06738461538461539	0.1278884073672806	0.19054612386314423	0.23957767424524787	0.12070866141732284	0.1435216049382716	0.1435216049382716	0.6157038461538461	0.08777914110429447	0.47656597711267606	0.019196779964221825	0.3899433802816901	0.019196779964221825	0.051442953020134234	0.5256176719790195	0.26725282299965364	0.49138740629685157	0.8650307917202668	0.44559672055427246	0.6231442138038401	0.029319672131147542	0.019196779964221825	0.10520588235294118	0.948743216080402	0.9106937322559511	0.210068515497553	0.3334544894366197	0.26500449320794145	0.7482655982905984	0.019196779964221825	0.9267423764680986	0.019196779964221825	0.7946186952542815	1.0	0.9602725547298654	0.5597443955623566	0.10520588235294118	0.019196779964221825	0.06738461538461539	0.3934244331210191	0.019196779964221825	0.11644146202170189	0.9011326605301098	0.019196779964221825	0.5215881945857929	0.7200009871373019	0.27223511843460346	0.36774612476370516	0.019196779964221825	0.2232284309870232	0.2276398377125193	0.5376137390959556
g__Ruminococcus_C	0.4335039735099338	0.7086601732259534	0.871839127399651	0.5535045664739885	0.5443352352941176	0.04434297520661157	0.9017227307990691	0.9903967649857278	0.4736147117296223	0.1883457656867047	0.6212586224843858	0.3280510695187166	0.6681533344098175	0.35251738645862357	0.1990573355817875	0.9106937322559511	0.9909463623395149	0.6975315448658649	0.8984704140694568	0.742333069392456	0.4940793257947514	0.678882533099378	0.3141184145589142	0.4700158990256864	0.920358649517685	0.23761500000000002	0.4790750930996714	0.8368402825133949	0.7489407370517929	0.845906928906532	0.8279418177303203	0.8885316666666666	0.9176487694300518	0.49045463917525767	0.8403042222761465	0.8363482935153583	0.7577204218466265	0.7363954347826087	0.41953435448577675	0.8523143759685302	0.7105178343949045	0.8139346814193057	0.9478058225508317	0.6569784094643444	0.7482655982905984	0.7235006660746004	0.8848432718579236	0.47656597711267606	0.9693917176702863	0.8970107718120804	0.6923549019607844	0.7053301101591187	0.4583739366515837	0.7042270096463022	0.3719201974386339	0.6975315448658649	0.8211219217708464	0.2626389705882353	0.7712082309582309	0.6824338242280286	0.34467422475106685	0.8194434157416751	0.6101383351007422	0.6818142109436954	0.39218923273657286	0.5233997974478428	0.36774612476370516	0.16993665579878903	0.8498952000000001	0.6337045951486163	0.4028860060514372	0.6194696658545075	0.6958941285824942	0.019196779964221825	0.210068515497553	0.8144707661034177	0.9887586798931706	0.2937961625282167	0.5233997974478428	0.7571733566433565	0.928239422062856	0.8485843473053892	0.9477744525547445	0.5768087320796872	0.298407648	0.8325707765918292	0.5121411910669975	0.4042666247800955	0.6010359484148308	0.951206509779951	0.40724145	0.3427915786468741	0.9159105713975929	0.9041619783616692	0.752215374841169	0.7841608171466845	0.3781265526315789	0.8789682519576233	0.5467210670314637	0.8940084740040513	0.6212586224843858	0.9267423764680986	0.210068515497553	0.2607992592592593	0.8894523259762308	0.6032593247588424	0.32957460833579666	0.9689805847373637	0.8958167452830189	0.7869876615589607	0.5647145537237067	0.44227440890125175	0.06244139650872818	0.5629946146527117	0.4654583258728738	0.1435216049382716	0.6923549019607844	0.9631459435096154	0.1990573355817875	0.724639483394834	0.9754595538597006	0.4272814121037464	0.7884407063197026	0.30655182275298554	0.903675638051044	0.8848432718579236	0.9011326605301098	0.1278884073672806	0.9602725547298654	1.0	0.5284547978273989	0.9631459435096154	0.5629946146527117	0.2250587159533074	0.2447490420044215	0.515387797863599	0.16993665579878903	0.8985646692607003	0.9945507849442028	0.8710973573923166	0.9962118444590905	0.9106937322559511	0.8885316666666666	0.7726612397820163	0.5456903661640885	0.298407648	0.6673904592496765
g__Ruminococcus_E	0.9276391125198099	0.6971669138090825	0.5744170463032113	0.1470746192893401	0.904747374227714	0.04434297520661157	0.8215416331658292	0.9490276119402985	0.653621885299934	0.8258944187788737	0.7626807612456746	0.23957767424524787	0.8395115211848974	0.9665169456066947	0.8238292115143929	0.7183015772870662	0.49045463917525767	0.7395082262952807	0.8452570894622619	0.928239422062856	0.7946186952542815	0.3719201974386339	0.9864982247385087	0.995732967967495	0.207468942821884	0.713021100362757	0.6382168956743003	0.21305470016207456	0.20448467274233637	0.8567748488082533	0.9689805847373637	0.5620220591039085	0.28853214051214704	0.6987551001540833	0.4415268326739586	0.06738461538461539	0.7489407370517929	0.7656561854960781	0.9782092216499855	0.9540723665516542	0.2866087487619676	0.7639594669244579	0.9689805847373637	0.7271115107913669	0.7479089028392067	0.5284547978273989	0.8984704140694568	0.1319855614973262	0.6086039914848324	0.22118304209690232	0.928239422062856	0.8144707661034177	0.8266112921278447	0.7984433121019109	0.920358649517685	0.7542291110799044	0.4641994166479695	0.9692756090314915	0.5518147280820592	0.2840977137176938	0.968381307761105	0.9703608854269375	0.919832925257732	0.9234608955223882	0.9461825221695195	0.3180892933618844	0.820804608991311	0.46660687500000003	0.4154445044160942	0.5395155349388077	0.9772651051811454	0.7896127980922099	0.06738461538461539	0.9250390787518574	0.9855842469705712	0.16727586206896553	0.30837363977485927	0.845906928906532	0.8060339127076092	0.5405667257683214	0.7760591703944693	0.6170888208537438	0.7297392857142858	0.7341361723737666	0.8215416331658292	0.35621453488372096	0.8317846551724137	0.8965154466988006	0.9207193403298352	0.7297392857142858	0.5977321402877697	0.5246170238576627	0.4407733177570094	0.5425502648616833	0.5467210670314637	0.7331110062436473	0.9381230913642052	0.7189415841584158	0.7195798651685393	0.8452570894622619	0.8029886865555986	0.7387057931233747	0.36593523835319614	0.9448114383137012	0.8989581472842386	0.4555797272727272	0.9456610709863805	0.7292380291970804	0.2607992592592593	0.5664202113606341	0.536336914217633	0.7282029948867786	0.7837732394366197	0.7927380007881256	0.6327361785836471	0.5925581188836535	0.536336914217633	0.6943980428704567	0.03713148788927336	0.8583025862068966	0.8970107718120804	0.09692516129032258	0.11644146202170189	0.6673904592496765	0.32957460833579666	0.3800737294761532	0.5146635352286774	0.2250587159533074	0.5597443955623566	0.5284547978273989	1.0	0.8927988843813387	0.720786566274042	0.9887586798931706	0.9114448659254415	0.06244139650872818	0.7927380007881256	0.2581065887353879	0.7011227509978507	0.3334544894366197	0.056928381962864726	0.8135010695187167	0.876017718446602	0.5798345394129591	0.8567748488082533	0.48699195327709277	1.0
g__Ruthenibacterium	0.8055857695282289	0.029319672131147542	0.7815516476126428	0.15696245733788397	0.42249257557436515	0.03713148788927336	0.9135346956521739	0.06244139650872818	0.04434297520661157	0.7849674073082586	0.6286196182943604	0.051442953020134234	0.019196779964221825	0.5004022808870117	0.06244139650872818	0.03713148788927336	0.10969753457606735	0.46251815730337076	0.2447490420044215	0.09692516129032258	0.653621885299934	0.019196779964221825	0.6681533344098175	0.4753551290536069	0.019196779964221825	0.8266112921278447	0.8099438340376489	0.9767921275973077	0.6911661879487981	0.7415354517942067	0.2276398377125193	0.09269302325581395	0.9801895578824898	0.029319672131147542	0.019196779964221825	0.2937961625282167	0.2250587159533074	0.2250587159533074	0.029319672131147542	0.1278884073672806	0.64797012489592	0.10520588235294118	0.08777914110429447	0.8176517075638756	0.16101694094869312	0.0831860465116279	0.9490276119402985	0.47787588932806324	0.9806432048681543	0.9802795524990314	0.09269302325581395	0.056928381962864726	0.1015552050473186	0.2276398377125193	0.720786566274042	0.720786566274042	0.019196779964221825	0.30001746183206107	0.9400507801123361	0.2353503409090909	0.7900924176260421	0.17933468834688346	0.11644146202170189	0.5023212298682285	0.019196779964221825	0.06738461538461539	0.3194177257525084	0.09269302325581395	0.8109268336314849	0.051442953020134234	0.10520588235294118	0.056928381962864726	0.7792129854368931	0.8071037837837839	0.06244139650872818	0.019196779964221825	0.19054612386314423	0.2823194064688229	0.4497081155433287	0.49919022222222226	0.8266112921278447	0.6343457289002558	0.897709032979318	0.3334544894366197	0.7831742312340539	0.019196779964221825	0.5783280867630701	0.876017718446602	0.4436307052023121	0.019196779964221825	0.6187866957279861	0.6805690692124104	0.6460097829716194	0.019196779964221825	0.37133581208053684	0.44227440890125175	0.2804243206977524	0.4398074560375147	0.2937961625282167	0.1503843843843844	0.8961161561763715	0.04434297520661157	0.019196779964221825	0.019196779964221825	0.7261994845360825	0.19660545377077118	0.15696245733788397	0.19054612386314423	0.06244139650872818	0.25151386782231855	0.1503843843843844	0.4466309392265193	0.6646566466482714	0.1435216049382716	0.6010359484148308	0.6391698458410978	0.5023212298682285	0.4654583258728738	0.5783280867630701	0.9058160405420292	0.9806432048681543	0.976126817116061	0.7479089028392067	0.9490276119402985	0.2558460085531005	0.9649323776223777	0.9257849777211967	0.8904704825404	0.10520588235294118	0.9631459435096154	0.8927988843813387	1.0	0.3402587709174841	0.6805690692124104	0.019196779964221825	0.6867975129859909	0.7235006660746004	0.981578494934877	0.019196779964221825	0.43107872441694434	0.653621885299934	0.06738461538461539	0.6810844345616264	0.3953526315789474	0.43501316658801326	0.8804639022711631	0.1015552050473186
g__Sarcina	0.11315641476274164	0.4256242599277978	0.23957767424524787	0.029319672131147542	0.6096424623560673	0.019196779964221825	0.968381307761105	0.897709032979318	0.6269901444788442	0.3141184145589142	0.3050006006955422	0.6165057328190743	0.49284130853110963	0.9567227713765919	0.35128924670960515	0.7105178343949045	0.019196779964221825	0.9309009788443322	0.9135346956521739	0.549575587492717	0.8571852732434351	0.7235006660746004	0.7449734202607823	0.510767149958575	0.572762598425197	0.8667297932001402	0.9988401535724318	0.9979749436936937	0.9120181045751634	0.9298164400885236	0.5925581188836535	0.5605104389312977	0.2902446655791191	0.6488926658905704	0.9984198086662914	0.8211219217708464	0.07333257403189065	0.9477744525547445	0.11315641476274164	0.056928381962864726	0.968381307761105	0.04434297520661157	0.897709032979318	0.03713148788927336	0.1399452269170579	0.019196779964221825	0.056928381962864726	0.38297228260869565	0.9607712866318747	0.23269584603658536	0.16993665579878903	0.03713148788927336	0.565569156580938	0.10520588235294118	0.9267423764680986	0.056928381962864726	0.7650216972034715	0.2607992592592593	0.7619248334258745	0.15696245733788397	0.04434297520661157	0.19660545377077118	0.9602725547298654	0.019196779964221825	0.8723771564752384	0.019196779964221825	0.9131623368146213	0.42985481021723565	0.9693917176702863	0.64797012489592	0.4700158990256864	0.4415268326739586	0.029319672131147542	0.6170888208537438	0.051442953020134234	0.7841608171466845	0.3345418197725284	0.572762598425197	0.056928381962864726	0.8789682519576233	0.23957767424524787	0.19054612386314423	0.7235006660746004	0.22118304209690232	0.16993665579878903	0.9350160402052142	0.9827870432854525	0.029319672131147542	0.8754596663963861	0.1245721393034826	0.9475479625437332	0.17933468834688346	0.79576	0.2558460085531005	0.019196779964221825	0.919436612434005	0.8105914022517913	0.24670317982456139	0.24670317982456139	0.7508814914390831	0.4583739366515837	0.35251738645862357	0.9196020019373587	0.9224512864310879	0.2535578702043743	0.019196779964221825	0.6212586224843858	0.6399867768595041	0.3334544894366197	0.7880622706726934	0.8797175382139985	0.19054612386314423	0.8423705084745763	0.6348764165390506	0.8825369017632243	0.029319672131147542	0.3934244331210191	0.07798691860465115	0.8970107718120804	0.9889332888592395	0.16727586206896553	0.6194696658545075	0.549575587492717	0.5414008844339623	0.9264320008482664	0.9598349380602277	0.17933468834688346	0.8946120445344129	0.019196779964221825	0.5629946146527117	0.720786566274042	0.3402587709174841	1.0	1.0	0.9469309276227735	0.019196779964221825	0.8237232890448735	0.24240278189910977	0.09269302325581395	0.572762598425197	0.7747251426242868	0.7565189722766731	0.9426149657035958	0.019196779964221825	0.11644146202170189	0.5121411910669975	0.6065181818181817
g__Schaedlerella	0.5788152181952663	0.9592191163119137	0.3800737294761532	0.3315705154639175	0.8023281282316442	0.5744170463032113	0.9346282207301722	0.9060842163112772	0.9090644709486815	0.2581065887353879	0.9636416516516516	0.6646566466482714	0.9131623368146213	0.4012932743362832	0.40724145	0.3484996890898813	0.845906928906532	0.9350160402052142	0.1015552050473186	0.38632704580545546	0.8797175382139985	0.4272814121037464	0.07333257403189065	0.3194177257525084	0.25151386782231855	0.4555797272727272	0.6382168956743003	0.8233069895846405	0.7966891058180399	0.5526081675999228	0.8427514088765268	0.34995016882386043	0.3793532232704402	0.920358649517685	0.09692516129032258	0.49284130853110963	0.6310078414550446	0.43831910693302	0.8754596663963861	0.34177711085583	0.9169156790657439	0.35887761316872424	0.8485843473053892	0.4154445044160942	0.056928381962864726	0.9346753850990256	0.845906928906532	0.2959206741573034	0.7395082262952807	0.1399452269170579	0.4184513909224012	0.4555797272727272	0.17933468834688346	0.03713148788927336	0.5505903663500679	0.17933468834688346	0.5550374783445621	0.3603387704918033	0.3246650374812594	0.48699195327709277	0.482323581830037	0.12070866141732284	0.5467210670314637	0.7479089028392067	0.565569156580938	0.8413769407775221	0.8029886865555986	0.9806432048681543	0.19054612386314423	0.8266112921278447	0.35128924670960515	0.9991900617630545	0.29212553536664504	0.16727586206896553	0.5869831538601936	0.3695462843295639	0.8246562101313321	0.9291751581611135	0.6057945989304812	0.7195798651685393	0.4335039735099338	0.6963698731828023	0.9887586798931706	0.8237232890448735	0.653621885299934	0.5736988585329341	0.9017227307990691	0.9304570465557194	0.7138877547939	0.9120181045751634	0.3719201974386339	0.9762214620339645	0.85375325	0.15383044982698962	0.9174807866868382	0.4256242599277978	0.9102177029832805	0.9692756090314915	0.7931057851239669	0.849526810901267	0.5023212298682285	0.26725282299965364	0.9427504360465117	0.7353730964467005	0.1319855614973262	0.7923125691699604	0.11315641476274164	0.20179481821980777	0.46251815730337076	0.7498605987514189	0.46251815730337076	0.9131623368146213	0.019196779964221825	0.7854575534759358	0.7272988716295429	0.210068515497553	0.690245288326301	0.6519696055684455	0.4976563798219585	0.9912127720231874	0.7469106938892062	0.35422429205996675	0.6382168956743003	0.8258944187788737	0.7877876980428704	0.9594305684337835	0.9193700323624595	0.8162792854427975	0.06738461538461539	0.2250587159533074	0.9887586798931706	0.6805690692124104	1.0	1.0	0.06738461538461539	0.905900440140845	0.6934852433525113	0.8084093525179857	0.20179481821980777	0.6124162023977432	0.3334544894366197	0.7923125691699604	0.8650307917202668	0.9155412045577863	0.1015552050473186	1.0	0.6975315448658649
g__Sellimonas	0.8650307917202668	0.2232284309870232	0.6725864864864866	0.7062155891792755	0.8266112921278447	0.3163550261297264	0.822476443997991	0.5384601859177215	0.051442953020134234	0.6619023460410557	0.7927380007881256	0.1319855614973262	0.2535578702043743	0.690245288326301	0.7114978181818182	0.019196779964221825	0.3427915786468741	0.35760140573318633	0.2232284309870232	0.051442953020134234	0.8940084740040513	0.019196779964221825	0.3800737294761532	0.2902446655791191	0.04434297520661157	0.7877876980428704	0.32957460833579666	0.7415354517942067	0.6376602718776552	0.45438008204193253	0.9602556650246306	0.051442953020134234	0.826305737091544	0.06738461538461539	0.019196779964221825	0.6943980428704567	0.04434297520661157	0.2558460085531005	0.019196779964221825	0.019196779964221825	0.9703608854269375	0.1990573355817875	0.019196779964221825	0.9645348495451365	0.3603387704918033	0.5597443955623566	0.937155321148825	0.9754595538597006	0.8854601023890785	0.8594162107993398	0.2447490420044215	0.7452296524102416	0.7900924176260421	0.24670317982456139	0.8237232890448735	0.9281844789356984	0.029319672131147542	0.6777292893725992	0.5798345394129591	0.1015552050473186	0.7062155891792755	0.03713148788927336	0.16727586206896553	0.8970107718120804	0.4407733177570094	0.41953435448577675	0.35128924670960515	0.5011248794801928	0.1435216049382716	0.04434297520661157	0.2694763692731657	0.3764915258711721	0.7903619714587738	0.8723771564752384	0.019196779964221825	0.051442953020134234	0.19660545377077118	0.27223511843460346	0.720786566274042	0.30655182275298554	0.7997776566757493	0.6170888208537438	0.9945507849442028	0.6299231575330699	0.3764915258711721	0.019196779964221825	0.7508814914390831	0.8084093525179857	0.944132324906755	0.03713148788927336	0.7822584654662725	0.8970107718120804	0.9702594848006317	0.34177711085583	0.9681808334991048	0.1015552050473186	0.7747251426242868	0.7926820263157895	0.4685735078766364	0.7195798651685393	0.1319855614973262	0.28853214051214704	0.09692516129032258	0.07798691860465115	0.19660545377077118	0.6818142109436954	0.7519743317776835	0.019196779964221825	0.029319672131147542	0.1278884073672806	0.7584777421155455	0.47787588932806324	0.6593132032146957	0.5338677864427115	0.8921928619756427	0.9636416516516516	0.9962118444590905	0.9346753850990256	0.9567227713765919	0.8346624786115864	0.6420904593639576	0.981578494934877	0.8162792854427975	0.9041619783616692	0.7095360655737706	0.9381230913642052	0.9665169456066947	0.8825369017632243	0.3934244331210191	0.2447490420044215	0.9114448659254415	0.019196779964221825	0.9469309276227735	0.06738461538461539	1.0	0.968381307761105	0.5526081675999228	0.9365236363636363	0.029319672131147542	0.49138740629685157	0.7619248334258745	0.2866087487619676	0.7375231025492467	0.20179481821980777	0.9224512864310879	0.9396187363380868	0.7276983906364302
g__Streptococcus	0.15696245733788397	0.9665169456066947	0.09692516129032258	0.029319672131147542	0.03713148788927336	0.019196779964221825	0.8965154466988006	0.7615981509801195	0.8913848488267148	0.2250587159533074	0.029319672131147542	0.8568280994671403	0.7449734202607823	0.48699195327709277	0.35251738645862357	0.9712321122599704	0.13633880359978826	0.5823988397790055	0.79576	0.0831860465116279	0.2581065887353879	0.9870422535211267	0.7235006660746004	0.9196020019373587	0.15383044982698962	0.87919154589372	0.5774091196136703	0.9689805847373637	0.3427915786468741	0.8465867652362064	0.6958941285824942	0.9196020019373587	0.5635353387739609	0.841095962168061	0.9903967649857278	0.5586535159992335	0.019196779964221825	0.9649323776223777	0.2840977137176938	0.3463476622272598	0.7571733566433565	0.03713148788927336	0.8989581472842386	0.04434297520661157	0.43501316658801326	0.029319672131147542	0.051442953020134234	0.0831860465116279	0.8961161561763715	0.06244139650872818	0.4477612577461556	0.04434297520661157	0.8567748488082533	0.11644146202170189	0.8970107718120804	0.40724145	0.6824338242280286	0.051442953020134234	0.9887586798931706	0.3719201974386339	0.019196779964221825	0.07798691860465115	0.9925742339436485	0.019196779964221825	0.9346753850990256	0.019196779964221825	0.8438904008693552	0.7235006660746004	0.06738461538461539	0.9972935753927193	0.18245100671140937	0.7593394450641382	0.019196779964221825	0.9887586798931706	0.30655182275298554	0.2786002363268062	0.5909175368382755	0.80874896073903	0.019196779964221825	0.16727586206896553	0.20179481821980777	0.10969753457606735	0.15383044982698962	0.029319672131147542	0.04434297520661157	0.7909438225976768	0.5550374783445621	0.019196779964221825	0.10520588235294118	0.11315641476274164	0.1643810435615127	0.019196779964221825	0.03713148788927336	0.26725282299965364	0.019196779964221825	0.2804243206977524	0.9620562619071493	0.15383044982698962	0.482323581830037	0.7469106938892062	0.3800737294761532	0.5788152181952663	0.4555797272727272	0.33813828124999995	0.6010359484148308	0.019196779964221825	0.6212586224843858	0.6613392524889832	0.42416452702702706	0.2626389705882353	0.8658806896551724	0.8015224050796943	0.8135010695187167	0.8905761060948081	0.7948785117493472	0.04434297520661157	0.22118304209690232	0.1643810435615127	0.7880622706726934	0.7276983906364302	0.06738461538461539	0.6896460478948192	0.4335039735099338	0.29212553536664504	0.029319672131147542	0.9515242365635179	0.019196779964221825	0.905900440140845	0.019196779964221825	0.515387797863599	0.06244139650872818	0.6867975129859909	0.019196779964221825	0.905900440140845	0.968381307761105	1.0	0.8542172098001902	0.15383044982698962	0.04434297520661157	0.07798691860465115	0.650622487562189	0.600296608040201	0.969378324099723	0.019196779964221825	0.019196779964221825	0.019196779964221825	0.5705574007899191
g__Sutterella	0.8894523259762308	0.9128887291734727	0.7565189722766731	0.9234608955223882	0.8989581472842386	0.887406301805382	0.9669117073170732	0.7542291110799044	0.36218221193135386	0.07798691860465115	0.27609589830508474	0.9933851620238772	0.981578494934877	0.7235006660746004	0.565569156580938	0.8317846551724137	0.9477744525547445	0.9407755458515283	0.999421485287249	0.8359573398413666	0.513404705882353	0.8710973573923166	0.951206509779951	0.8438904008693552	0.7271115107913669	0.7997776566757493	0.8629816381532692	0.43501316658801326	0.8894523259762308	0.793680566111912	0.8271229221021243	0.8153162011173184	0.7313752545824848	0.969378324099723	0.40994232488822646	0.8982057975871314	0.8266112921278447	0.7459110587226746	0.9135346956521739	0.9090644709486815	0.4368237455830389	0.617885207823961	0.32179984839296544	0.7443957675753228	0.2804243206977524	0.9864982247385087	0.8153162011173184	0.5717154366197184	0.6846046357615895	0.3844559969048233	0.6782526921233424	0.9831580924855491	0.8587585299669656	0.7822584654662725	0.85804862851738	0.5788152181952663	0.32328917370325694	0.7452296524102416	0.43831910693302	0.5256176719790195	0.8427514088765268	0.5121411910669975	0.23957767424524787	0.8039592616496708	0.6057945989304812	0.6086039914848324	0.7200009871373019	0.9773583479276124	0.9230056758775206	0.9823294849537038	0.8804639022711631	0.919436612434005	0.7271115107913669	0.2804243206977524	0.4057760280842527	0.6890449286722057	0.6619023460410557	0.5576659051641389	0.47787588932806324	0.9887586798931706	0.6241367593712213	0.8860760914051841	0.9090644709486815	0.789446178343949	0.7443957675753228	0.7903619714587738	0.720786566274042	0.3992867021276596	0.6343457289002558	0.8055857695282289	0.7896127980922099	0.9243692995529061	0.841095962168061	0.3719201974386339	0.42985481021723565	0.1503843843843844	0.7415354517942067	0.9441547402194163	0.7775981732070365	0.9546034950866173	0.7822584654662725	0.06244139650872818	0.38297228260869565	0.828554075176777	0.7993187061574435	0.7690182751540041	0.887406301805382	0.9033883211678833	0.9962118444590905	0.7200009871373019	0.051442953020134234	0.9714278925619836	0.4466309392265193	0.9689805847373637	0.056928381962864726	0.9693850281648384	0.5349438834563959	0.7070991755725191	0.713021100362757	0.051442953020134234	0.9234608955223882	0.8334655239960822	0.9979749436936937	0.3280510695187166	0.6194696658545075	0.7757612679880531	0.2626389705882353	0.7946186952542815	0.11644146202170189	0.16993665579878903	0.7927380007881256	0.7235006660746004	0.8237232890448735	0.6934852433525113	0.5526081675999228	0.8542172098001902	1.0	0.4685735078766364	0.8568280994671403	0.9788679507083252	0.871839127399651	0.3163550261297264	0.5425502648616833	0.4256242599277978	0.8846287098244815	0.3934244331210191	0.9508882646818922
g__Terrisporobacter	0.8567748488082533	0.5937496289592761	0.7849674073082586	0.9652329906168896	0.1015552050473186	0.6810844345616264	0.7261994845360825	0.46660687500000003	0.8571852732434351	0.7459110587226746	0.056928381962864726	0.9490276119402985	0.8804639022711631	0.4566693405846363	0.6348764165390506	0.8491576283355271	0.3992867021276596	0.9249800446286262	0.9523517076641593	0.46660687500000003	0.9176487694300518	0.981578494934877	0.755311789473684	0.8266112921278447	0.5664202113606341	0.5884047592997812	0.9607712866318747	0.1769656436097114	0.849526810901267	0.20179481821980777	0.9962118444590905	0.42249257557436515	0.019196779964221825	0.27413093451568893	0.7733856676194365	0.17348036951501156	0.5384601859177215	0.8846287098244815	0.6831594876660342	0.3800737294761532	0.9997701643017177	0.06738461538461539	0.7964326642335767	0.49489061901723036	0.572762598425197	0.3844559969048233	0.8921928619756427	0.2959206741573034	0.9870422535211267	0.9806432048681543	0.3334544894366197	0.6086039914848324	0.5006596129575095	0.453070322138451	0.9360870229007634	0.6442552486187845	0.9131623368146213	0.8023281282316442	0.7682854891751164	0.7837732394366197	0.4012932743362832	0.056928381962864726	0.4512371997254633	0.9788679507083252	0.7341361723737666	0.019196779964221825	0.9515242365635179	0.7781026490066225	0.6241367593712213	0.536336914217633	0.7650216972034715	0.7964326642335767	0.755311789473684	0.5414008844339623	0.42122168850072783	0.3050006006955422	0.019196779964221825	0.7482655982905984	0.9959940515532055	0.44227440890125175	0.28853214051214704	0.48156122982991717	0.8438904008693552	0.9249800446286262	0.8194434157416751	0.8437153064925644	1.0	0.7292380291970804	0.3971722222222222	0.10520588235294118	0.7537556009581513	0.09692516129032258	0.6299231575330699	0.2823194064688229	0.7656561854960781	0.9689805847373637	0.7789213369345036	0.45976158013544016	0.6689139954853274	0.3793532232704402	0.8885316666666666	0.5011248794801928	0.8650307917202668	0.7650216972034715	0.9969406061746988	0.1319855614973262	0.976126817116061	0.919832925257732	0.9997701643017177	0.8848432718579236	0.38632704580545546	0.19054612386314423	0.8470621232136424	0.79576	0.5146635352286774	0.9435706486766995	0.8984704140694568	0.2581065887353879	0.7219559678140366	0.9003419727060913	0.9221917290019236	0.9972935753927193	0.968381307761105	0.6310078414550446	0.5284547978273989	0.5884047592997812	0.29212553536664504	0.8594162107993398	0.9011326605301098	0.8985646692607003	0.2581065887353879	0.981578494934877	0.24240278189910977	0.8084093525179857	0.9365236363636363	0.15383044982698962	0.4685735078766364	1.0	0.6896460478948192	0.019196779964221825	0.9950010396975425	0.9360870229007634	0.9802795524990314	0.056928381962864726	0.6157038461538461	0.30001746183206107	0.5376137390959556
g__Thomasclavelia	0.03713148788927336	0.9238170217298679	0.029319672131147542	0.019196779964221825	0.056928381962864726	0.03713148788927336	0.9831580924855491	0.056928381962864726	0.04434297520661157	0.207468942821884	0.019196779964221825	0.03713148788927336	0.24670317982456139	0.20179481821980777	0.35422429205996675	0.10520588235294118	0.019196779964221825	0.8465867652362064	0.04434297520661157	0.019196779964221825	0.7320843504795118	0.019196779964221825	0.019196779964221825	0.9806432048681543	0.019196779964221825	0.9721011113296617	0.34995016882386043	0.5937496289592761	0.6327361785836471	0.6867975129859909	0.973352679623086	0.4566693405846363	0.8830731520621502	0.9523517076641593	0.10520588235294118	0.019196779964221825	0.019196779964221825	0.35251738645862357	0.019196779964221825	0.019196779964221825	0.9745983230361871	0.019196779964221825	0.23761500000000002	0.029319672131147542	0.019196779964221825	0.051442953020134234	0.019196779964221825	0.10969753457606735	0.515387797863599	0.019196779964221825	0.019196779964221825	0.6546351604938271	0.019196779964221825	0.019196779964221825	0.8437153064925644	0.2558460085531005	0.019196779964221825	0.019196779964221825	0.029319672131147542	0.029319672131147542	0.029319672131147542	0.019196779964221825	0.8485843473053892	0.019196779964221825	0.5146635352286774	0.09692516129032258	0.9238170217298679	0.9912127720231874	0.06738461538461539	0.9174807866868382	0.019196779964221825	0.2607992592592593	0.019196779964221825	0.9979749436936937	0.019196779964221825	0.019196779964221825	0.019196779964221825	0.5094942519194854	0.029319672131147542	0.056928381962864726	0.08777914110429447	0.019196779964221825	0.029319672131147542	0.5312759879638916	0.1278884073672806	0.17348036951501156	0.7946186952542815	0.019196779964221825	0.3315705154639175	0.769433971291866	0.7733856676194365	0.06738461538461539	0.029319672131147542	0.019196779964221825	0.029319672131147542	0.08777914110429447	0.06738461538461539	0.029319672131147542	0.3695462843295639	0.1399452269170579	0.40994232488822646	0.1470746192893401	0.09692516129032258	0.019196779964221825	0.30001746183206107	0.019196779964221825	0.42249257557436515	0.019196779964221825	0.019196779964221825	0.7599879526462395	1.0	0.1399452269170579	0.678882533099378	0.7607408515374982	0.9439985687616677	0.1399452269170579	0.019196779964221825	0.04434297520661157	0.4466309392265193	0.056928381962864726	0.3695462843295639	0.2607992592592593	0.6810844345616264	0.708644776119403	0.11315641476274164	0.9215373890730247	0.019196779964221825	0.700443136049193	0.019196779964221825	0.9945507849442028	0.7011227509978507	0.019196779964221825	0.09269302325581395	0.20179481821980777	0.029319672131147542	0.04434297520661157	0.8568280994671403	0.6896460478948192	1.0	0.8279418177303203	0.9439985687616677	0.9693917176702863	0.6077785143060245	0.019196779964221825	0.41953435448577675	0.1399452269170579	0.04434297520661157
g__Turicibacter	0.9881385542168675	0.6170888208537438	0.7276983906364302	0.5011248794801928	0.0831860465116279	0.8105914022517913	0.9794340122199593	0.5233997974478428	0.4804785308264102	0.898381452962839	0.3280510695187166	0.9027006971340046	0.5909175368382755	0.515387797863599	0.7861564712167758	0.6748449654729405	0.3934244331210191	0.5006596129575095	0.8491576283355271	0.6077785143060245	0.9519382667073543	0.6231442138038401	0.678882533099378	0.4415268326739586	0.1245721393034826	0.7884407063197026	0.9346282207301722	0.6376602718776552	0.30237270998415217	0.9267423764680986	0.23957767424524787	0.9210794136528996	0.019196779964221825	0.944132324906755	0.298407648	0.46660687500000003	0.12070866141732284	0.8961161561763715	0.5467210670314637	0.7775981732070365	0.8571852732434351	0.9391860624999999	0.678882533099378	0.9041619783616692	0.6748449654729405	0.9754595538597006	0.5970907894736841	0.19393373493975907	0.8176517075638756	0.7469106938892062	0.35251738645862357	0.6147909762532981	0.42985481021723565	0.48156122982991717	0.8271229221021243	0.9337480773271697	0.9601421052631578	0.9267423764680986	0.9922151129675337	0.5977321402877697	0.5405667257683214	0.19660545377077118	0.7114978181818182	0.8984704140694568	0.24240278189910977	0.07333257403189065	0.28853214051214704	0.5535045664739885	0.9267423764680986	0.3899433802816901	0.7615981509801195	0.49489061901723036	0.9197670358026019	1.0	0.7676565843621398	0.536336914217633	0.029319672131147542	0.3793532232704402	0.8810884112792298	0.2626389705882353	0.47656597711267606	0.4512371997254633	0.9785863371528453	0.3402587709174841	0.8789682519576233	0.7554395488932474	0.724639483394834	0.826305737091544	0.9806432048681543	0.5958009202453988	0.9478058225508317	0.43107872441694434	0.6170888208537438	0.1990573355817875	0.7095360655737706	0.6065181818181817	0.7869590951554785	0.8984704140694568	0.482323581830037	0.9594305684337835	0.9892960000000001	0.9058160405420292	0.79576	0.6764448430493274	0.9887586798931706	0.48930587728740577	0.7926820263157895	0.8860760914051841	0.8567748488082533	0.9669117073170732	0.49489061901723036	0.9863203034959661	0.6488926658905704	0.18559157427937917	0.750637632884479	0.7363954347826087	0.9176487694300518	0.9197670358026019	0.9309009788443322	0.6917614713216957	0.1470746192893401	0.9689805847373637	0.8583025862068966	0.6391698458410978	0.42985481021723565	0.20448467274233637	0.24240278189910977	0.862184255019373	0.5215881945857929	0.8710973573923166	0.3334544894366197	0.43107872441694434	0.572762598425197	0.6124162023977432	0.49138740629685157	0.07798691860465115	0.9788679507083252	0.019196779964221825	0.8279418177303203	1.0	0.9197670358026019	0.6086039914848324	0.6799435219123506	0.210068515497553	0.9095420074349443	0.5395155349388077	0.9979749436936937
g__Tyzzerella	0.8131701172870984	0.42249257557436515	0.712044871406959	0.9490276119402985	0.6867975129859909	0.7449734202607823	0.7650216972034715	0.5937496289592761	0.6963698731828023	0.7282029948867786	0.3280510695187166	0.7146447896244911	0.4654583258728738	0.30001746183206107	0.6488926658905704	0.46251815730337076	0.7459110587226746	0.9626496392062538	0.8826538936535164	0.7626807612456746	0.7042270096463022	0.7219559678140366	0.4963286897430452	0.8340645137614678	0.6460097829716194	0.8363482935153583	0.8194434157416751	0.6896460478948192	0.029319672131147542	0.9806432048681543	0.903675638051044	0.9959940515532055	0.6438599999999999	0.11644146202170189	0.6410398584905661	0.35760140573318633	0.7650216972034715	0.35621453488372096	0.28853214051214704	0.30837363977485927	0.7880622706726934	0.5753463846440552	0.482323581830037	0.5937496289592761	0.5203572185970636	0.9969406061746988	0.9176487694300518	0.793680566111912	0.8769778816199377	0.3402587709174841	0.510767149958575	0.4407733177570094	0.7105178343949045	0.7869590951554785	0.8641378207381372	0.9478058225508317	0.6399867768595041	0.3934244331210191	0.7854575534759358	0.7877876980428704	0.6777292893725992	0.5909175368382755	0.6410398584905661	0.9443856995140109	0.5783280867630701	0.42985481021723565	0.5937496289592761	0.9376884667571235	0.845906928906532	0.8304711237202417	0.4566693405846363	0.7822584654662725	0.27413093451568893	0.5338677864427115	0.898381452962839	0.5246170238576627	0.4466309392265193	0.6997616379310345	0.7733856676194365	0.9889332888592395	0.45438008204193253	0.8804639022711631	0.8368402825133949	0.6569784094643444	0.9451389737765847	0.9113679144385026	0.9773583479276124	0.8826538936535164	0.6024185218324981	0.9837180548868559	0.9523517076641593	0.9607712866318747	0.6764448430493274	0.9601421052631578	0.9877736101808439	0.22983252873563217	0.961365844116762	0.7079808754003354	0.9490276119402985	0.43107872441694434	0.9984198086662914	0.051442953020134234	0.8368402825133949	0.6602343734683875	0.9469309276227735	0.9652329906168896	0.42122168850072783	0.9681808334991048	0.9309009788443322	0.4685735078766364	0.7554395488932474	0.9794340122199593	0.4512371997254633	0.9003419727060913	0.8330696654001716	0.7768819585534334	0.9322767823343849	0.8238292115143929	0.7242314458900059	0.981578494934877	0.7639594669244579	0.9762214620339645	0.9714278925619836	0.210068515497553	0.8776084745762712	0.9572268787878787	0.8625327586206897	0.27609589830508474	0.7200009871373019	0.9962118444590905	0.056928381962864726	0.653621885299934	0.7747251426242868	0.3334544894366197	0.7619248334258745	0.650622487562189	0.871839127399651	0.9950010396975425	0.9439985687616677	0.9197670358026019	1.0	0.7815516476126428	0.9533703654822334	0.9533703654822334	0.6442552486187845	0.999421485287249	0.8606748912660163
g__UBA3402	0.5830864939360529	0.3141184145589142	0.9767921275973077	0.3315705154639175	0.8683242647058824	0.9689805847373637	0.7235006660746004	0.895013629213483	0.18245100671140937	0.876017718446602	0.8568280994671403	0.6626789653489507	0.17933468834688346	0.9033883211678833	0.5488772780373832	0.2353503409090909	0.9490276119402985	0.4804785308264102	0.8238292115143929	0.36218221193135386	0.5753463846440552	0.7011227509978507	0.8294672443674177	0.48699195327709277	0.1503843843843844	0.09692516129032258	0.2353503409090909	0.4790750930996714	0.2823194064688229	0.207468942821884	0.7854575534759358	0.4028860060514372	0.8109268336314849	0.019196779964221825	0.27413093451568893	0.81849139173303	0.700443136049193	0.7760591703944693	0.7775981732070365	0.8271229221021243	0.5958009202453988	0.20448467274233637	0.11315641476274164	0.36774612476370516	0.9501531808434596	0.23761500000000002	0.43260299145299147	0.742333069392456	0.724639483394834	0.4184513909224012	0.9330127391212949	0.4398074560375147	0.9304570465557194	0.7948785117493472	0.7282029948867786	0.6269901444788442	0.18245100671140937	0.7235006660746004	0.9806432048681543	0.7395082262952807	0.7884407063197026	0.5395155349388077	0.5233997974478428	0.7537556009581513	0.7861564712167758	0.7271115107913669	0.18559157427937917	0.1435216049382716	0.5505903663500679	0.482323581830037	0.7276983906364302	0.04434297520661157	0.9769811988304095	0.9626496392062538	0.2581065887353879	0.6065181818181817	0.30655182275298554	0.3844559969048233	0.4407733177570094	0.9210794136528996	0.871839127399651	0.7639594669244579	0.8162792854427975	0.8109268336314849	0.9355518677409229	0.35621453488372096	0.7271115107913669	0.7625675956738768	0.847739985599424	0.04434297520661157	0.874391611555865	0.919436612434005	0.4154445044160942	0.2581065887353879	0.3781265526315789	0.5948305982288089	0.8940084740040513	0.9837180548868559	0.7542291110799044	0.6114945611866501	0.6010359484148308	0.7320843504795118	0.4407733177570094	0.482323581830037	0.6667333333333334	0.7381152177057717	0.28853214051214704	0.8854601023890785	0.5647145537237067	0.32631718889883615	0.5909175368382755	0.7993187061574435	0.769433971291866	0.5284547978273989	0.9881385542168675	0.30837363977485927	0.6799435219123506	0.9689805847373637	0.8144707661034177	0.9693850281648384	0.8050326967741935	0.7789213369345036	0.6975315448658649	0.3427915786468741	0.7387057931233747	0.6782526921233424	0.9114448659254415	0.5744170463032113	0.27223511843460346	0.9106937322559511	0.8135010695187167	0.06738461538461539	0.7565189722766731	0.7923125691699604	0.2866087487619676	0.600296608040201	0.3163550261297264	0.9360870229007634	0.9693917176702863	0.6086039914848324	0.7815516476126428	1.0	0.9490276119402985	0.46660687500000003	0.33813828124999995	0.8334655239960822	0.18559157427937917
g__URXU01	0.35422429205996675	0.9090644709486815	0.9131623368146213	0.9415975678203928	0.6032593247588424	0.1769656436097114	0.9806432048681543	0.9988401535724318	0.41705403817914827	0.1435216049382716	0.7438166211751185	0.7712082309582309	0.3934244331210191	0.5023212298682285	0.21848316	0.820804608991311	0.876017718446602	0.6777292893725992	0.9754595538597006	0.8629816381532692	0.9148730944625407	0.7831742312340539	0.9652329906168896	0.822476443997991	0.9594305684337835	0.9264320008482664	0.9579237782714055	0.8099438340376489	0.8984704140694568	0.8465867652362064	0.19660545377077118	0.8892442266288951	0.7997776566757493	0.7577204218466265	0.510767149958575	0.7775981732070365	0.6044204638715432	0.1319855614973262	0.9128887291734727	0.8587585299669656	0.8523143759685302	0.08777914110429447	0.20179481821980777	0.3163550261297264	0.4466309392265193	0.2823194064688229	0.2250587159533074	0.19660545377077118	0.8523143759685302	0.9515242365635179	0.6086039914848324	0.8363482935153583	0.3194177257525084	0.19393373493975907	0.8606748912660163	0.7637431871628163	0.9197670358026019	0.8109268336314849	0.9759365503080083	0.9243692995529061	0.9831580924855491	0.5215881945857929	0.8169143544303799	0.7297392857142858	0.3749454039735099	0.8650307917202668	0.8325707765918292	0.9215373890730247	0.1990573355817875	0.653621885299934	0.8899618072834199	0.6077785143060245	0.9863203034959661	0.7235006660746004	0.9196020019373587	0.35621453488372096	0.453070322138451	0.5597443955623566	0.6124162023977432	0.9887586798931706	0.8021853184878301	0.6460097829716194	0.8606748912660163	0.4122016272189349	0.9159816114359973	0.9250390787518574	0.9159105713975929	0.06244139650872818	0.1643810435615127	0.3882891371340524	0.1883457656867047	0.09269302325581395	0.9451389737765847	0.9926505544498152	0.6943980428704567	0.8894523259762308	0.7964326642335767	0.1278884073672806	0.019196779964221825	0.9003419727060913	0.8302740118577074	0.9692756090314915	0.2959206741573034	0.9345809473794771	0.9058160405420292	0.700443136049193	0.3719201974386339	0.789446178343949	0.6269901444788442	0.9159816114359973	0.6764448430493274	0.7822584654662725	0.8940084740040513	0.3119631269349845	0.8738562819321877	0.567695382585752	0.8650307917202668	0.905900440140845	0.8984704140694568	0.999421485287249	0.39218923273657286	0.80919138792772	0.3781265526315789	0.8658806896551724	0.8159534948623621	0.9962118444590905	0.21305470016207456	0.8789682519576233	0.36774612476370516	0.8885316666666666	0.876017718446602	0.6810844345616264	0.9426149657035958	0.8650307917202668	0.7375231025492467	0.969378324099723	0.5425502648616833	0.9802795524990314	0.6077785143060245	0.6799435219123506	0.9533703654822334	0.9490276119402985	1.0	0.5664202113606341	0.8571852732434351	0.3194177257525084	0.44227440890125175
g__Veillonella	0.1015552050473186	0.24916820494186043	0.09692516129032258	0.019196779964221825	0.029319672131147542	0.019196779964221825	0.9135346956521739	0.6597746930757898	0.7387057931233747	0.7331110062436473	0.019196779964221825	0.7011227509978507	0.6429224798387095	0.6391698458410978	0.24670317982456139	0.9346753850990256	0.30001746183206107	0.7792129854368931	0.1278884073672806	0.07798691860465115	0.9831580924855491	0.6917614713216957	0.3427915786468741	0.2804243206977524	0.20448467274233637	0.9169156790657439	0.8879190265486725	0.4028860060514372	0.9988401535724318	0.9060842163112772	0.21305470016207456	0.5845213328437673	0.28853214051214704	0.4042666247800955	0.3749454039735099	0.3695462843295639	0.04434297520661157	0.6764448430493274	0.4335039735099338	0.0831860465116279	0.7195798651685393	0.019196779964221825	0.3719201974386339	0.019196779964221825	0.0831860465116279	0.019196779964221825	0.029319672131147542	0.051442953020134234	0.951206509779951	0.056928381962864726	0.07333257403189065	0.06244139650872818	0.03713148788927336	0.019196779964221825	0.7768819585534334	0.06738461538461539	0.4057760280842527	0.019196779964221825	0.3603387704918033	0.6805690692124104	0.06244139650872818	0.10520588235294118	0.4436307052023121	0.019196779964221825	0.5736988585329341	0.019196779964221825	0.6655342194845194	0.6559696660634973	0.4555797272727272	0.12070866141732284	0.9962118444590905	0.210068515497553	0.06244139650872818	0.7271115107913669	0.639363061845218	0.1015552050473186	0.2786002363268062	0.17933468834688346	0.019196779964221825	0.1245721393034826	0.8015224050796943	0.029319672131147542	0.16727586206896553	0.11315641476274164	0.11644146202170189	0.841095962168061	0.5848807579641156	0.019196779964221825	0.22983252873563217	0.019196779964221825	0.6824338242280286	0.029319672131147542	0.03713148788927336	0.17933468834688346	0.03713148788927336	0.7189415841584158	0.9889332888592395	0.04434297520661157	0.6165057328190743	0.8023281282316442	0.720786566274042	0.44559672055427246	0.720786566274042	0.5788152181952663	0.9601421052631578	0.019196779964221825	0.08777914110429447	0.0831860465116279	0.45438008204193253	0.30837363977485927	0.19660545377077118	0.029319672131147542	0.9515242365635179	0.8913848488267148	0.6317651079136691	0.029319672131147542	0.10520588235294118	0.16993665579878903	0.18245100671140937	0.09269302325581395	0.019196779964221825	0.5774091196136703	0.48699195327709277	0.6923549019607844	0.8211219217708464	0.9827870432854525	0.019196779964221825	0.9552067739975699	0.019196779964221825	0.7726612397820163	0.5798345394129591	0.3953526315789474	0.019196779964221825	0.9155412045577863	0.20179481821980777	0.019196779964221825	0.4256242599277978	0.056928381962864726	0.019196779964221825	0.210068515497553	0.9533703654822334	0.46660687500000003	0.5664202113606341	1.0	0.5011248794801928	0.06244139650872818	0.20448467274233637
g__Vescimonas	0.09692516129032258	0.6488926658905704	0.12070866141732284	0.26500449320794145	0.30237270998415217	0.019196779964221825	0.845906928906532	0.8965154466988006	0.3345418197725284	0.03713148788927336	0.7387057931233747	0.37328937018336433	0.6818142109436954	0.5384601859177215	0.2447490420044215	0.28853214051214704	0.16727586206896553	0.9594305684337835	0.9023120168346439	0.5505903663500679	0.907545426594927	0.770269157218959	0.06738461538461539	0.6559696660634973	0.9386549093183238	0.7313752545824848	0.9546034950866173	0.8594162107993398	0.7272988716295429	0.9155412045577863	0.3345418197725284	0.9962118444590905	0.9988401535724318	0.1643810435615127	0.32957460833579666	0.715723417721519	0.051442953020134234	0.7639594669244579	0.9850258828057346	0.36218221193135386	0.08777914110429447	0.029319672131147542	0.8211219217708464	0.1319855614973262	0.3899433802816901	0.3427915786468741	0.1245721393034826	0.2447490420044215	0.8518475480252954	0.22983252873563217	0.5647145537237067	0.019196779964221825	0.2694763692731657	0.32631718889883615	0.056928381962864726	0.06244139650872818	0.46251815730337076	0.26500449320794145	0.2840977137176938	0.029319672131147542	0.32328917370325694	0.06244139650872818	0.6251265654648956	0.13633880359978826	0.9663142985342507	0.5977321402877697	0.30837363977485927	0.2276398377125193	0.04434297520661157	0.5550374783445621	0.051442953020134234	0.13633880359978826	0.17933468834688346	0.3194177257525084	0.11644146202170189	0.968381307761105	0.964040322096629	0.2823194064688229	0.2232284309870232	0.17348036951501156	0.7428085825186889	0.1769656436097114	0.690245288326301	0.4583739366515837	0.10969753457606735	0.7482655982905984	0.7946186952542815	0.48699195327709277	0.8258944187788737	0.207468942821884	0.06244139650872818	0.7235006660746004	0.5284547978273989	0.29212553536664504	0.07333257403189065	0.17933468834688346	0.8271229221021243	0.7948785117493472	0.9207193403298352	0.5744170463032113	0.6010359484148308	0.35128924670960515	0.9456610709863805	0.8330696654001716	0.36593523835319614	0.6348764165390506	0.928239422062856	0.9917613031914894	0.8363482935153583	0.9355518677409229	0.8211219217708464	0.9707489506355306	0.3180892933618844	0.36421247282608693	0.4140307086614173	0.03713148788927336	0.06244139650872818	0.3899433802816901	0.9788679507083252	0.8135010695187167	0.3050006006955422	0.3141184145589142	0.03713148788927336	0.32957460833579666	0.3246650374812594	0.7489407370517929	0.2581065887353879	0.9567227713765919	0.2232284309870232	0.5456903661640885	0.8567748488082533	0.43501316658801326	0.11644146202170189	0.1015552050473186	0.9224512864310879	0.019196779964221825	0.8846287098244815	0.6157038461538461	0.41953435448577675	0.9095420074349443	0.6442552486187845	0.33813828124999995	0.8571852732434351	0.5011248794801928	1.0	0.8848432718579236	0.4436307052023121
g__Weissella	0.2232284309870232	0.21305470016207456	0.4415268326739586	0.8131701172870984	0.35251738645862357	0.06738461538461539	0.6327361785836471	0.42249257557436515	0.34995016882386043	0.10520588235294118	0.23761500000000002	0.9773583479276124	0.17348036951501156	0.35422429205996675	0.26500449320794145	0.27413093451568893	0.3427915786468741	0.8271229221021243	0.6975315448658649	0.4028860060514372	0.9806432048681543	0.9943823000473261	0.3163550261297264	0.9337480773271697	0.6220411673016972	0.9478058225508317	0.9707489506355306	0.9762214620339645	0.9692756090314915	0.5736988585329341	0.5635353387739609	0.5605104389312977	0.6884419218087612	0.5338677864427115	0.6194696658545075	0.7079808754003354	0.9090644709486815	0.5395155349388077	0.42249257557436515	0.6429224798387095	0.9620562619071493	0.09692516129032258	0.617885207823961	0.04434297520661157	0.2786002363268062	0.4335039735099338	0.32179984839296544	0.3800737294761532	0.7494013213981244	0.5597443955623566	0.9754594613124389	0.3334544894366197	0.5298673764564081	0.35887761316872424	0.8015224050796943	0.8571852732434351	0.6997616379310345	0.7105178343949045	0.8958167452830189	0.9196020019373587	0.019196779964221825	0.019196779964221825	0.9887586798931706	0.09269302325581395	0.4398074560375147	0.7712082309582309	0.8606748912660163	0.6133349234289738	0.8885316666666666	0.9248224869694713	0.6890449286722057	0.7438166211751185	0.3749454039735099	0.7619248334258745	0.7452296524102416	0.5848807579641156	0.9912127720231874	0.6526663798808735	0.019196779964221825	0.7760591703944693	0.2276398377125193	0.5605104389312977	0.9060842163112772	0.08777914110429447	0.029319672131147542	0.9693917176702863	0.9155412045577863	0.11644146202170189	0.019196779964221825	0.2353503409090909	0.4654583258728738	0.019196779964221825	0.8176517075638756	0.7320843504795118	0.08777914110429447	0.6602343734683875	0.6364857458751488	0.7781026490066225	0.3180892933618844	0.700443136049193	0.6101383351007422	0.8084093525179857	0.7639594669244579	0.80874896073903	0.9962118444590905	0.029319672131147542	0.3764915258711721	0.7923125691699604	0.9962118444590905	0.9703608854269375	0.16993665579878903	0.2353503409090909	0.8617337289928312	0.7909438225976768	0.742333069392456	0.6251265654648956	0.948743216080402	0.16727586206896553	0.4555797272727272	0.6269901444788442	0.8587585299669656	0.6327361785836471	0.870760435846638	0.41953435448577675	0.9959940515532055	0.9925742339436485	0.029319672131147542	0.9903967649857278	0.2276398377125193	0.298407648	0.48699195327709277	0.8804639022711631	0.5121411910669975	1.0	0.9396187363380868	0.019196779964221825	0.3934244331210191	0.30001746183206107	0.1399452269170579	0.5395155349388077	0.999421485287249	0.8334655239960822	0.3194177257525084	0.06244139650872818	0.8848432718579236	1.0	0.6251265654648956
g__Wujia	0.5897163387978142	0.6101383351007422	0.3844559969048233	0.9196020019373587	0.45438008204193253	0.07798691860465115	0.9267423764680986	0.6934852433525113	0.6997616379310345	0.8989581472842386	0.210068515497553	0.9143035853976532	0.3345418197725284	0.5586535159992335	0.1503843843843844	0.855447132169576	0.6024185218324981	0.35887761316872424	0.9095420074349443	0.3463476622272598	0.9693850281648384	0.5443352352941176	0.8029886865555986	0.4415268326739586	0.5925581188836535	0.7948785117493472	0.9504725130088766	0.6310078414550446	0.06244139650872818	0.5937496289592761	0.21848316	0.21305470016207456	0.8485843473053892	0.07333257403189065	0.5272506650544135	0.9779266848196052	0.9053319955898567	0.7537556009581513	0.7095360655737706	0.8317846551724137	0.8527803143979994	0.056928381962864726	0.3163550261297264	0.2581065887353879	0.6469372457485828	0.1435216049382716	0.1015552050473186	0.13633880359978826	0.6317651079136691	0.019196779964221825	0.41705403817914827	0.06244139650872818	0.23957767424524787	0.3194177257525084	0.7877876980428704	0.051442953020134234	0.5081109540636043	0.46660687500000003	0.44227440890125175	0.7542291110799044	0.819762962962963	0.8904704825404	0.7086601732259534	0.3280510695187166	0.2694763692731657	0.7235006660746004	0.019196779964221825	0.15696245733788397	0.7726612397820163	0.3345418197725284	0.8438904008693552	0.08777914110429447	0.2159154929577465	0.6114945611866501	0.826305737091544	0.9794340122199593	0.9360870229007634	0.8804639022711631	0.2276398377125193	0.898381452962839	0.4675411214953271	0.11315641476274164	0.42416452702702706	0.5004022808870117	0.8258944187788737	0.47656597711267606	0.4184513909224012	0.06738461538461539	0.49284130853110963	0.019196779964221825	0.27413093451568893	0.4154445044160942	0.2959206741573034	0.9889332888592395	0.30655182275298554	0.951206509779951	0.789446178343949	0.17933468834688346	0.48156122982991717	0.9451389737765847	0.8271229221021243	0.964040322096629	0.6469372457485828	0.9443856995140109	0.7537556009581513	0.42122168850072783	0.8384327900754074	0.06244139650872818	0.920358649517685	0.8650307917202668	0.6971669138090825	0.45438008204193253	0.4154445044160942	0.07798691860465115	0.9959940515532055	0.2866087487619676	0.056928381962864726	0.1245721393034826	0.7923125691699604	0.742333069392456	0.1435216049382716	0.7577204218466265	0.724639483394834	0.20179481821980777	0.961365844116762	0.33813828124999995	0.35251738645862357	0.27609589830508474	0.5376137390959556	0.6673904592496765	1.0	0.1015552050473186	0.6065181818181817	0.6975315448658649	0.7276983906364302	0.5705574007899191	0.9508882646818922	0.5376137390959556	0.04434297520661157	0.9979749436936937	0.8606748912660163	0.18559157427937917	0.44227440890125175	0.20448467274233637	0.4436307052023121	0.6251265654648956	1.0
