#OTU ID	g__Acetatifactor	g__Acutalibacter	g__Adlercreutzia	g__Agathobacter	g__Agathobaculum	g__Alistipes	g__Alistipes_A	g__Alitiscatomonas	g__Allocoprobacillus	g__Amedibacterium	g__Anaerobutyricum	g__Anaerofustis	g__Anaeromassilibacillus	g__Anaerostipes	g__Anaerotignum	g__Anaerotruncus	g__Anthropogastromicrobium	g__Aristaeella	g__Bacteroides	g__Bariatricus	g__Bifidobacterium	g__Bittarella	g__Blautia	g__Blautia_A	g__Brotaphodocola	g__Butyribacter	g__CAG-170	g__CAG-177	g__CAG-217	g__CAG-488	g__Catenibacterium	g__Choladousia	g__Clostridium	g__Clostridium_A	g__Clostridium_AP	g__Collinsella	g__Coprococcus_A	g__Dialister	g__Dorea	g__Dorea_A	g__Dorea_D	g__Dysosmobacter	g__Eggerthella	g__Enterobacter	g__Enterocloster	g__Enterococcus	g__Enterococcus_A	g__Enterococcus_B	g__Eubacterium_F	g__Eubacterium_G	g__Eubacterium_I	g__Evtepia	g__Faecalibacterium	g__Faecalimonas	g__Faecousia	g__Finegoldia	g__Flavonifractor	g__Fusicatenibacter	g__Fusobacterium_A	g__Gallintestinimicrobium	g__Gemella	g__Gemmiger	g__Gordonibacter	g__Granulicatella	g__Guopingia	g__Haemophilus_D	g__Holdemanella	g__Holdemania	g__Hominenteromicrobium	g__Hominibacterium	g__Hominicoprocola	g__Hominifimenecus	g__Hominilimicola	g__Hominimerdicola	g__Hominiventricola	g__Hungatella	g__Intestinibacter	g__JAGTTR01	g__Klebsiella	g__Lachnoclostridium_B	g__Lachnospira	g__Lacticaseibacillus	g__Lactiplantibacillus	g__Lactobacillus	g__Lactococcus	g__Lactonifactor	g__Laedolimicola	g__Lancefieldella	g__Latilactobacillus	g__Lawsonibacter	g__Lentihominibacter	g__Leuconostoc	g__Ligilactobacillus	g__Limivivens	g__Limosilactobacillus	g__Longicatena	g__Massilioclostridium	g__Mediterraneibacter	g__Megamonas	g__Merdibacter	g__Merdimmobilis	g__Merdimonas	g__Merdivicinus	g__Muricomes	g__Murimonas	g__Nanosynbacter	g__Negativibacillus	g__Odoribacter	g__Oliverpabstia	g__Onthenecus	g__Otoolea	g__Parabacteroides	g__Paraprevotella	g__Pararoseburia	g__Parasutterella	g__Pauljensenia	g__Pediococcus	g__Peptostreptococcus	g__Phascolarctobacterium	g__Phocaeicola	g__Prevotella	g__Pseudobutyricicoccus	g__Pseudoflavonifractor_A	g__Pseudoscilispira	g__Roseburia	g__Roseburia_D	g__Rothia	g__Ruminiclostridium_E	g__Ruminococcus_B	g__Ruminococcus_C	g__Ruminococcus_E	g__Ruthenibacterium	g__Sarcina	g__Schaedlerella	g__Sellimonas	g__Streptococcus	g__Sutterella	g__Terrisporobacter	g__Thomasclavelia	g__Turicibacter	g__Tyzzerella	g__UBA3402	g__URXU01	g__Veillonella	g__Vescimonas	g__Weissella	g__Wujia
g__Acetatifactor	1.0	0.8072015893694633	0.07671849865951744	0.15391566265060241	0.6258946829531166	0.03571048252911814	0.6493421815671384	0.9858251748251748	0.6774110173697271	0.13086585365853656	0.9691325636238577	0.3343414230019493	0.8122099819912529	0.9534218110315619	0.7371031460674158	0.861604794034091	0.8693737806301051	0.07671849865951744	0.7230759656652361	0.7884265956011334	0.7278955953827461	0.20760110548134503	0.06570000000000001	0.024612385321100917	0.34874910853925556	0.2665296211251435	0.024612385321100917	0.1502590431738623	0.6847416653087828	0.40330279314159295	0.8724683144246355	0.3542754478072885	0.9452534075814857	0.8594771622587563	0.6510238472126635	0.8762190251753075	0.04502517482517483	0.32066752941176474	0.3124354938271605	0.6229963251267198	0.7859633447098976	0.2249292576419214	0.13884842883548984	0.06570000000000001	0.8879618323191345	0.04502517482517483	0.04502517482517483	0.7889165094339623	0.49083936218678814	0.4304635397771443	0.45750702439024393	0.1988166270783848	1.0	0.03571048252911814	0.38722639724849534	0.10371970260223047	0.1988166270783848	0.35769999999999996	0.024612385321100917	0.4789866883872469	0.11832942798070298	0.2397019892250311	0.6461336748871136	0.024612385321100917	0.05974944320712695	0.22218370044052863	0.8164266360505167	0.9518770327669903	0.8154405685747216	0.7216667588750577	0.03571048252911814	0.39151596377016695	0.3886312500000001	0.04502517482517483	0.05292725030826141	0.8099181712514529	0.4390699236641222	0.23312330345710627	0.11383663366336634	0.574165557306026	0.18577087576374746	0.05974944320712695	0.23312330345710627	0.6258946829531166	0.04502517482517483	0.6335694798301486	0.5012601342281879	0.05292725030826141	0.4403438498605123	0.9773544757281554	0.28262230769230773	0.25477086801426874	0.2911987486592778	0.11832942798070298	0.04502517482517483	0.05292725030826141	0.04502517482517483	0.8693737806301051	0.8693737806301051	0.3856983884892086	0.25856321525885556	0.8693737806301051	0.8492223936816525	0.9549575809370602	0.1222701072386059	0.25013079710144925	0.9861918437679494	0.8454013893967093	0.7743323768197088	0.3980323471950879	0.7073087653157398	0.9739314831130691	0.06570000000000001	0.5439122245322245	0.8403906376704754	0.17884999999999998	0.1222701072386059	0.18769865067466268	0.8731334681146027	0.9392939765238879	0.9124009049773756	0.574165557306026	0.07671849865951744	0.5312106288376033	0.2788464312267658	0.03571048252911814	0.024612385321100917	0.6931334188994064	0.024612385321100917	0.9567928578583592	0.05292725030826141	0.6288607060082011	0.2875347715736041	0.17061348684210526	0.10371970260223047	0.05292725030826141	0.90837536121673	0.17252411575562698	0.09398168789808917	0.7240549157733538	0.4127755218216319	0.04502517482517483	0.9913351632749645	0.2569869838773103	0.06570000000000001	0.5627784550392275	0.05974944320712695
g__Acutalibacter	0.8072015893694633	1.0	0.7371031460674158	0.84315	0.5325805960684845	0.6615199931995919	0.3927745562130177	0.10910239651416123	0.05292725030826141	0.7278955953827461	0.5180643120260021	0.36568967702988225	0.024612385321100917	0.8289881823860087	0.6199743044189853	0.8779238689726263	0.9175068062827225	0.8041927729772193	0.9817613360323888	0.41109241435562804	0.8309160849583902	0.7378265000748166	0.8164266360505167	0.5859447065592636	0.3693804373876573	0.6305511194029851	0.4789866883872469	0.04502517482517483	0.5684263755980861	0.8384956768074885	0.7334602110022607	0.6615199931995919	0.9221739711497667	0.6723252383341696	0.7631103423680456	0.6510238472126635	0.816307320812572	0.6829136883371447	0.7820672147001935	0.22218370044052863	0.9910699062233589	0.927234092578986	0.1222701072386059	0.8532257959479016	0.05292725030826141	0.6728820701168614	0.8099181712514529	0.8207816249050874	0.933839338120512	0.8291892964071855	0.739545149754135	0.3999111884219315	0.5336081400253058	0.7117123711340205	0.46371051625239	0.18577087576374746	0.40330279314159295	0.0882483552631579	0.4701490753911806	0.12632962720732505	0.9817613360323888	0.2101243169398907	0.5662927156293777	0.8903959932659933	0.03571048252911814	0.4956492557510149	0.8020636579572447	0.8240261340725807	0.17591803278688525	0.2101243169398907	0.7884265956011334	0.5180643120260021	0.11832942798070298	0.6630270462633451	0.5915833872502378	0.6691752650176678	0.3268740139211137	0.9984897863568216	0.7012033021114462	0.6623309455101002	0.45750702439024393	0.5066689150210784	0.8487435295548528	0.6732124937531234	0.6551403184386235	0.2424411111111111	0.7500414110429448	0.4403438498605123	0.8532257959479016	0.3844912955465587	0.8921182243511195	0.7765363560384455	0.8139429780684879	0.49683685039370085	0.18577087576374746	0.44138625568468925	0.28126724584103513	0.3187748901655965	0.7857149999999999	0.024612385321100917	0.9164170540974825	0.03571048252911814	0.04502517482517483	0.06570000000000001	0.44670097329673075	0.8835793388429751	0.024612385321100917	0.4294633879781421	0.44456229260935143	0.8918169380017841	0.19387060546874998	0.9392939765238879	0.8072015893694633	0.7301237288135594	0.9114857605877269	0.7269545329879629	0.024612385321100917	0.47492095639943743	0.20501910531220877	0.1988166270783848	0.43377695282289247	0.838206363300037	0.8712630094043888	0.9309223600542063	0.7054654568407764	0.7862417649450996	0.8500098724954462	0.7713567304984511	0.49083936218678814	0.6605940755873341	0.9559620506125728	0.88837022067102	0.8160832139201638	0.7909101719967752	0.15391566265060241	0.3035447202797203	0.703047932837003	0.6802356731875719	0.6005901630129287	0.22218370044052863	0.653143254376931	0.5455760747663552	0.3901349914724276	0.8020636579572447	0.47492095639943743	0.46371051625239	0.626696557288865
g__Adlercreutzia	0.07671849865951744	0.7371031460674158	1.0	0.36737628494138863	0.25013079710144925	0.024612385321100917	0.9584044650884028	0.420593356456777	0.9289555951383068	0.07147193149381541	0.15391566265060241	0.06570000000000001	0.8139429780684879	0.8563433249370277	0.6064049888724036	0.824650937932771	0.8389906976744186	0.07147193149381541	0.7795834721065777	0.2665296211251435	0.725674652406417	0.703047932837003	0.024612385321100917	0.03571048252911814	0.9852691201840138	0.42890316505362275	0.11832942798070298	0.11383663366336634	0.6277202685765443	0.42607551342812006	0.7868431279620852	0.5243504504504505	0.28880772547610495	0.8719326034063261	0.16195472330911123	0.32232439024390247	0.03571048252911814	0.03571048252911814	0.29601448300283284	0.5300331983805668	0.9871002961123315	0.8693707136997539	0.024612385321100917	0.8819316123907864	0.14595683027794204	0.12632962720732505	0.04502517482517483	0.024612385321100917	0.10371970260223047	0.3429705099778271	0.1908675889328063	0.024612385321100917	0.35594063940977555	0.024612385321100917	0.8523850513595166	0.18769865067466268	0.024612385321100917	0.7889165094339623	0.04502517482517483	0.3343414230019493	0.17252411575562698	0.03571048252911814	0.5615234132581101	0.4889577813431126	0.38722639724849534	0.07671849865951744	0.8291892964071855	0.8114558959835222	0.05292725030826141	0.07147193149381541	0.024612385321100917	0.45750702439024393	0.40200274923632323	0.7664999999999998	0.5728722684085511	0.18577087576374746	0.17252411575562698	0.13086585365853656	0.9194406776049436	0.024612385321100917	0.59307175066313	0.1988166270783848	0.10910239651416123	0.05292725030826141	0.4127755218216319	0.4294633879781421	0.05974944320712695	0.11832942798070298	0.5684263755980861	0.8111186388244392	0.024612385321100917	0.32232439024390247	0.17591803278688525	0.03571048252911814	0.07147193149381541	0.024612385321100917	0.6101786148461964	0.6853734504636408	0.6811040223280249	0.7551444444444445	0.8571697749581039	0.8202540410438308	0.9114857605877269	0.8125451438848922	0.03571048252911814	0.024612385321100917	0.5377886253934943	0.7458234817216981	0.2424411111111111	0.15798754246885618	0.8795360414767549	0.64194375	0.08247566182749785	0.45600190709046456	0.6923003373493977	0.8160832139201638	0.05974944320712695	0.07671849865951744	0.17061348684210526	0.6070441709844561	0.6521969061533174	0.7750750244721017	0.21693396226415096	0.7047730088495576	0.8784703200000001	0.05974944320712695	0.20760110548134503	0.816307320812572	0.024612385321100917	0.35594063940977555	0.07147193149381541	0.4651635193133047	0.03571048252911814	0.3831609238814642	0.15391566265060241	0.03571048252911814	0.4789866883872469	0.6372359259259259	0.024612385321100917	0.7851411788953009	0.7108133854573886	0.8936139475438986	0.7325052798310454	0.03571048252911814	0.05974944320712695	0.43377695282289247	0.2911987486592778
g__Agathobacter	0.15391566265060241	0.84315	0.36737628494138863	1.0	0.6052005013927577	0.8936940719360569	0.9290092307692308	0.5859447065592636	0.3980323471950879	0.03571048252911814	0.1502590431738623	0.8078628660679423	0.84315	0.7047730088495576	0.7857149999999999	0.15391566265060241	0.4181021511158914	0.8333620629804115	0.935864989127058	0.33135182505754684	0.489957449725777	0.9747935707317074	0.3147124957323319	0.3901349914724276	0.7485096816781575	0.6829136883371447	0.9203544893617022	0.9238099567556166	0.9518770327669903	0.8500742451800655	0.9602151771496815	0.08247566182749785	0.28880772547610495	0.47124079413850156	0.28880772547610495	0.35067971962616823	0.22007400802496657	0.9194406776049436	0.41109241435562804	0.3999111884219315	0.8784703200000001	0.5258626686656672	0.5312106288376033	0.9350488215138614	0.6212479019073569	0.3886312500000001	0.32066752941176474	0.6723252383341696	0.748875439367311	0.3333459574468085	0.19387060546874998	0.7264263085609645	0.17884999999999998	0.2569869838773103	0.8145879548949257	0.13884842883548984	0.3147124957323319	0.8556719841555636	0.12632962720732505	0.8010504911069817	0.16195472330911123	0.11383663366336634	0.8795360414767549	0.20180535966149507	0.9683480200945627	0.5737471262097571	0.6288607060082011	0.4500182267226476	0.7795834721065777	0.7509507443082312	0.4319012658227848	0.8072015893694633	0.993292676029786	0.7398212851405623	0.4294633879781421	0.9652160360538827	0.5876939255014327	1.0	0.5923854348651728	0.06570000000000001	0.7336401173285199	0.8020636579572447	0.9183281630040537	0.9888112400152148	0.6539749100257071	0.36568967702988225	0.8681414315937941	0.8384956768074885	0.5336081400253058	0.6605940755873341	0.6615199931995919	0.7673657348581109	0.8819316123907864	0.36387845454545453	0.979899893493416	0.36737628494138863	0.3294480832782551	0.43463855236139626	0.6249774559193955	0.8603455941890926	0.8020636579572447	0.5829006363285769	0.28262230769230773	0.4922745624005456	0.1963302840635532	0.4127755218216319	0.6968226222717858	0.4319012658227848	0.5813404416037188	0.6020171082089553	0.8886779102463165	0.2397019892250311	0.8594771622587563	0.3522668629882207	0.9995395118301692	0.4547123099558607	0.9696153491112639	0.5432624687239366	0.8954752707182321	0.7595737951807229	0.906256359482102	0.8716992576267255	0.816307320812572	0.5192643891891892	0.4547123099558607	0.7968408381155746	0.9401485811227637	0.5795954909232871	0.09837433155080215	0.33135182505754684	0.9597029309141661	0.46371051625239	0.4165608038845428	0.07147193149381541	0.5336081400253058	0.861604794034091	0.420593356456777	0.42338259141494433	0.024612385321100917	0.7467854938271605	0.9257408593091828	0.64194375	0.45993716363636367	0.8681414315937941	0.7862417649450996	0.9100724634542502	0.8389906976744186
g__Agathobaculum	0.6258946829531166	0.5325805960684845	0.25013079710144925	0.6052005013927577	1.0	0.7936543580131209	0.2133592408495255	0.9602151771496815	0.5737471262097571	0.15798754246885618	0.3980323471950879	0.914463816072196	0.2665296211251435	0.9683480200945627	0.7063785624211854	0.44748056660039764	0.5043689632107023	0.9696153491112639	0.5594535100141614	0.6754249046592605	0.4488089197224975	0.6154140219378427	0.5439122245322245	0.6864491467576792	0.9630630434782609	0.6728820701168614	0.46849353919239906	0.8093414141414141	0.854634595959596	0.3999111884219315	0.8954752707182321	0.9602151771496815	0.841579958297559	0.8607009991673605	0.3620529053848494	0.8025266113088177	0.1222701072386059	0.9228115969581749	0.03571048252911814	0.1988166270783848	0.8787928188149333	0.993292676029786	0.6596656324582338	0.8213081415929204	0.19387060546874998	0.17252411575562698	0.13447368421052633	0.25477086801426874	0.9584044650884028	0.3080332063711912	0.37420434782608697	0.7223168508287293	0.9070291680261012	0.3711497761862131	0.6005901630129287	0.6979762177650429	0.1908675889328063	0.17884999999999998	0.22007400802496657	0.17061348684210526	0.3343414230019493	0.024612385321100917	0.8010504911069817	0.3268740139211137	0.993292676029786	0.15798754246885618	0.6887240677966101	0.626696557288865	0.7728427068723702	0.6561911080711353	0.5762359623307828	0.9640451219512196	0.07147193149381541	0.3522668629882207	0.7862417649450996	0.489957449725777	0.6487950726141078	0.6732124937531234	0.8088945157526254	0.05292725030826141	0.9422368307692308	0.3856983884892086	0.545990436762575	0.2851950054684652	0.9431804875550547	0.974697568359375	0.3813728571428571	0.13086585365853656	0.46849353919239906	0.9224576321353066	0.3343414230019493	0.5283094709897611	0.07147193149381541	0.05974944320712695	0.03571048252911814	0.25856321525885556	0.09837433155080215	0.11832942798070298	0.5223237335632679	0.5363244640605297	0.7930670687575392	0.8979362063264631	0.8095778352515195	0.5094038275406951	0.20180535966149507	0.4456913326653307	0.9194406776049436	0.5432624687239366	0.17252411575562698	0.42338259141494433	0.9744096565893748	0.6679315594476254	0.9392939765238879	0.9759352923976609	0.935864989127058	0.1963302840635532	0.0882483552631579	0.49683685039370085	0.9791452881355933	0.42755007874015744	0.7728427068723702	0.7137269410664171	0.5594535100141614	0.7249211564938044	0.4889577813431126	0.9124009049773756	0.4078073597811217	0.9301395072040092	0.23529315589353614	0.9718264504116033	0.9995395118301692	0.9290092307692308	0.901338208889862	0.40330279314159295	0.2101243169398907	0.0882483552631579	0.7960461332977161	0.5083852668725187	0.13447368421052633	0.9334025411372632	0.967663717076058	0.8961658972943126	0.3035447202797203	0.28880772547610495	0.47124079413850156	0.739545149754135	0.8641285613124041
g__Alistipes	0.03571048252911814	0.6615199931995919	0.024612385321100917	0.8936940719360569	0.7936543580131209	1.0	0.8589150232502683	0.37279462109955425	0.8910003701211305	0.024612385321100917	0.2249292576419214	0.507585796460177	0.611591958041958	0.25856321525885556	0.59307175066313	0.7872302231237323	0.974697568359375	0.545990436762575	0.06570000000000001	0.18769865067466268	0.9686417421259843	0.5336081400253058	0.024612385321100917	0.024612385321100917	0.3187748901655965	0.6240572535591999	0.05292725030826141	0.5363244640605297	0.9483437951745902	0.9747935707317074	0.3473481912551117	0.781340271055179	0.8500742451800655	0.0882483552631579	0.7514202127659574	0.44138625568468925	0.05974944320712695	0.8918169380017841	0.3693804373876573	0.8867424170616114	0.7604585124677559	0.05974944320712695	0.18577087576374746	0.3901349914724276	0.3813728571428571	0.42607551342812006	0.024612385321100917	0.14230379746835442	0.46660960989533773	0.3080332063711912	0.9841645059060788	0.024612385321100917	0.7325052798310454	0.024612385321100917	0.7361572199730094	0.024612385321100917	0.05974944320712695	0.5243504504504505	0.024612385321100917	0.024612385321100917	0.2133592408495255	0.024612385321100917	0.4607514609997585	0.08247566182749785	0.07671849865951744	0.19387060546874998	0.6774110173697271	0.9483437951745902	0.024612385321100917	0.0882483552631579	0.024612385321100917	0.8181208306790675	0.024612385321100917	0.8808957040572792	0.024612385321100917	0.48196241019698727	0.09837433155080215	0.2760888349514563	0.06570000000000001	0.5392484911986589	0.4181021511158914	0.03571048252911814	0.2101243169398907	0.06570000000000001	0.645390866388309	0.75619579358196	0.9686417421259843	0.05292725030826141	0.5957847965335343	0.1963302840635532	0.04502517482517483	0.17884999999999998	0.9520256433545261	0.024612385321100917	0.11383663366336634	0.05292725030826141	0.3542754478072885	0.05974944320712695	0.45993716363636367	0.2249292576419214	0.07671849865951744	0.4294633879781421	0.6154140219378427	0.974697568359375	0.024612385321100917	0.03571048252911814	0.709690234741784	0.86537471169687	0.8903959932659933	0.22007400802496657	0.653143254376931	0.1988166270783848	0.3901349914724276	0.9010601558213541	0.8961658972943126	0.10371970260223047	0.07671849865951744	0.09398168789808917	0.7859633447098976	0.18769865067466268	0.10371970260223047	0.7851411788953009	0.05974944320712695	0.46144848484848483	0.8918169380017841	0.42338259141494433	0.25013079710144925	0.7149551686615886	0.024612385321100917	0.735319948964275	0.024612385321100917	0.06570000000000001	0.14595683027794204	0.14230379746835442	0.6778406141654284	0.04502517482517483	0.29387959401709396	0.15798754246885618	0.07147193149381541	0.6679315594476254	0.40951088379705397	0.16195472330911123	0.5258626686656672	0.024612385321100917	0.024612385321100917	0.9744108776387803	0.2397019892250311
g__Alistipes_A	0.6493421815671384	0.3927745562130177	0.9584044650884028	0.9290092307692308	0.2133592408495255	0.8589150232502683	1.0	0.9989336954485859	0.929795736677116	0.8693737806301051	0.7570903379549394	0.4055371060564538	0.583844053117783	0.6324541541186891	0.9902563543247344	0.15798754246885618	0.6583974748336461	0.7461953642384105	0.8268257668711656	0.9711507606242026	0.9221739711497667	0.8708945879888268	0.9290092307692308	0.9050043790849673	0.703047932837003	0.26898931152529476	0.17884999999999998	0.6829136883371447	0.7851411788953009	0.2875347715736041	0.906256359482102	0.7782250730079265	0.5083852668725187	0.7424511617581767	0.9924096920460985	0.7500414110429448	0.8762438640798991	0.5136606431852986	0.9290092307692308	0.949368896797153	0.9163472972972974	0.9100724634542502	0.8989146252888742	0.6663370945945946	0.841579958297559	0.6894546421663442	0.9714412180052957	0.5507712759400041	0.3124354938271605	0.7553864723792953	0.7862417649450996	0.8997911667765326	0.806085822454308	0.824650937932771	0.3844912955465587	0.7755995111731844	0.5223237335632679	0.8918169380017841	0.9156874342740637	0.9828740248483098	0.5482766597938145	0.9365882620846703	0.6698537880060473	0.7047730088495576	0.9046237679895334	0.6732124937531234	0.8784703200000001	0.645390866388309	0.1963302840635532	0.9828740248483098	0.379461216730038	0.688436525396312	0.9943588899341487	0.06570000000000001	0.9943588899341487	0.8749321383285303	0.9841645059060788	0.6092119372693726	0.8519118543607113	0.9808326828325766	0.8613541479023465	0.9947133590298016	0.9888112400152148	0.9520256433545261	0.9443148250460405	0.7743323768197088	0.3927745562130177	0.9747935707317074	0.9747935707317074	0.8081025994281258	0.8954752707182321	0.6630270462633451	0.8154405685747216	0.6794768850839644	0.8738684101143056	0.9996768412209466	0.8353854545454544	0.8188729537366549	0.9443148250460405	0.5027610093791871	0.8041927729772193	0.8933148626098565	0.8020636579572447	0.6258946829531166	0.8067494978479197	0.5915833872502378	0.8613541479023465	0.5418157861766548	0.8916074882471456	0.8745015922464521	0.8268257668711656	0.8918169380017841	0.9438929149175797	0.8973468843057241	0.7108133854573886	0.7317695967376528	0.9934613863251083	0.9791452881355933	0.8693737806301051	0.949368896797153	0.8199242027696608	0.9070291680261012	0.6539749100257071	0.8333620629804115	0.957005014011209	0.6869650551589876	0.8139429780684879	0.8556719841555636	0.7859961235038084	0.9290092307692308	0.8584030476873432	0.4127755218216319	0.6774110173697271	0.7542431312690797	0.6324541541186891	0.7167315960912052	0.8873525372124492	0.9863692969870874	0.6461336748871136	0.7782250730079265	0.8535934586194434	0.9250004424778762	0.8779238689726263	0.4547123099558607	0.7467854938271605	0.906256359482102	0.7999005586592179
g__Alitiscatomonas	0.9858251748251748	0.10910239651416123	0.420593356456777	0.5859447065592636	0.9602151771496815	0.37279462109955425	0.9989336954485859	1.0	0.20760110548134503	0.5243504504504505	0.816307320812572	0.3333459574468085	0.42755007874015744	0.5957847965335343	0.846296674381776	0.3964758823529412	0.5432624687239366	0.7325052798310454	0.6466496880415944	0.9587102605050405	0.838206363300037	0.19387060546874998	0.9021076721311475	0.8408825825457222	0.024612385321100917	0.823192586054722	0.9808326828325766	0.13447368421052633	0.8523850513595166	0.7672589108910891	0.8795360414767549	0.9290092307692308	0.7467854938271605	0.7859633447098976	0.9274842911073826	0.8762190251753075	0.9194406776049436	0.8081025994281258	0.9808326828325766	0.966299080846017	0.9630630434782609	0.05292725030826141	0.8762190251753075	0.8013048906560636	0.03571048252911814	0.4722145583038869	0.47492095639943743	0.244941976316864	0.901338208889862	0.27111174471299093	0.9352890248962654	0.42338259141494433	0.1222701072386059	0.9563885425020048	0.639866719325961	0.854634595959596	0.57698291250734	0.9315554490518858	0.9978582677165355	0.7862417649450996	0.926983420886741	0.59307175066313	0.8081025994281258	0.735319948964275	0.18769865067466268	0.10910239651416123	0.4922745624005456	0.45993716363636367	0.927234092578986	0.03571048252911814	0.8268257668711656	0.9978582677165355	0.8538575742991217	0.5094038275406951	0.3901349914724276	0.9878293427453972	0.5876939255014327	0.5432624687239366	0.7918201289109708	0.735319948964275	0.024612385321100917	0.7193726052753354	0.8918169380017841	0.639866719325961	0.941000728952772	0.05974944320712695	0.7142863636363636	0.639866719325961	0.3886312500000001	0.6070441709844561	0.12632962720732505	0.8892847364280094	0.5603774121921679	0.7412495177326013	0.927234092578986	0.48570855565777366	0.8445354665363947	0.7740220804710499	0.46144848484848483	0.8347809358752166	0.6561911080711353	0.614463230177623	0.04502517482517483	0.15391566265060241	0.30095012285012285	0.8879618323191345	0.7334602110022607	0.7664999999999998	0.6963333226939037	0.4845779059040591	0.17884999999999998	0.3241767696909272	0.31003130165289255	0.9691325636238577	0.0882483552631579	0.28262230769230773	0.4952395380434783	0.9124009049773756	0.4808126423425517	0.06570000000000001	0.802988467614534	0.5455760747663552	0.9010601558213541	0.8202540410438308	0.3388919032258065	0.7526549890750182	0.967663717076058	0.9958884087920346	0.8315259865971704	0.9852691201840138	0.7553864723792953	0.13086585365853656	0.7703881217415809	0.4845779059040591	0.843740119760479	0.86537471169687	0.13884842883548984	0.1502590431738623	0.8918169380017841	0.18769865067466268	0.9759352923976609	0.4512197932053176	0.9995395118301692	0.11383663366336634	0.7857149999999999	0.9459632417526299	0.801876923076923
g__Allocoprobacillus	0.6774110173697271	0.05292725030826141	0.9289555951383068	0.3980323471950879	0.5737471262097571	0.8910003701211305	0.929795736677116	0.20760110548134503	1.0	0.7223168508287293	0.545990436762575	0.08247566182749785	0.024612385321100917	0.9844387294885327	0.6461336748871136	0.024612385321100917	0.1222701072386059	0.15391566265060241	0.9773544757281554	0.09398168789808917	0.8842936524100474	0.06570000000000001	0.46371051625239	0.5307365200764819	0.26898931152529476	0.05292725030826141	0.2397019892250311	0.9808326828325766	0.22218370044052863	0.9898018599354715	0.7826847226055755	0.05974944320712695	0.9164170540974825	0.15798754246885618	0.1963302840635532	0.4873919173363949	0.1963302840635532	0.7992173345759552	0.6947931829092654	0.1502590431738623	0.8067494978479197	0.9973197974303667	0.03571048252911814	0.9817613360323888	0.7918201289109708	0.15391566265060241	0.07147193149381541	0.6744283864541832	0.2101243169398907	0.967663717076058	0.5829006363285769	0.5405909623430962	0.4956492557510149	0.40951088379705397	0.6572393851409052	0.44138625568468925	0.03571048252911814	0.9221739711497667	0.18769865067466268	0.8369013586956521	0.20180535966149507	0.2424411111111111	0.5363244640605297	0.6737654805453941	0.7073087653157398	0.2397019892250311	0.13884842883548984	0.8099181712514529	0.688436525396312	0.3333459574468085	0.04502517482517483	0.489957449725777	0.9844387294885327	0.3522668629882207	0.48196241019698727	0.024612385321100917	0.23732019230769233	0.18769865067466268	0.8114558959835222	0.8918169380017841	0.06570000000000001	0.9602151771496815	0.6305511194029851	0.22802211621856028	0.901338208889862	0.46258302565332055	0.8268257668711656	0.10910239651416123	0.5940918668432004	0.3333459574468085	0.5513961262553801	0.956271432871764	0.8093414141414141	0.715844347826087	0.8226693676637638	0.17252411575562698	0.14230379746835442	0.7278955953827461	0.9224576321353066	0.16637209302325584	0.8944875166002656	0.4547123099558607	0.06570000000000001	0.024612385321100917	0.6877018629515632	0.9858251748251748	0.6968226222717858	0.03571048252911814	0.3542754478072885	0.32232439024390247	0.9991900617630545	0.8341753686036426	0.9888112400152148	0.5799919618528611	0.9367294178471719	0.3124354938271605	0.3831609238814642	0.3856983884892086	0.9309223600542063	0.1963302840635532	0.8942896299578994	0.32232439024390247	0.32232439024390247	0.5584122643421853	0.4836646922720963	0.9459632417526299	0.9339841147728455	0.34081435452793835	0.0882483552631579	0.7803146402329127	0.7424511617581767	0.06570000000000001	0.8756644354838711	0.27111174471299093	0.024612385321100917	0.688436525396312	0.28262230769230773	0.6829136883371447	0.024612385321100917	0.901338208889862	0.9782983999224205	0.6811040223280249	0.9861918437679494	0.5813404416037188	0.3429705099778271	0.6161367816091954	0.11383663366336634
g__Amedibacterium	0.13086585365853656	0.7278955953827461	0.07147193149381541	0.03571048252911814	0.15798754246885618	0.024612385321100917	0.8693737806301051	0.5243504504504505	0.7223168508287293	1.0	0.8867424170616114	0.7126093930410361	0.6161367816091954	0.5066689150210784	0.14230379746835442	0.9587102605050405	0.4456913326653307	0.36387845454545453	0.545990436762575	0.3333459574468085	0.6510238472126635	0.545990436762575	0.024612385321100917	0.05292725030826141	0.974697568359375	0.861604794034091	0.39151596377016695	0.7859961235038084	0.7673657348581109	0.9109168864864865	0.9392939765238879	0.2249292576419214	0.9802745137880988	0.9915062417249858	0.13086585365853656	0.5525762479541735	0.17252411575562698	0.8738684101143056	0.07147193149381541	0.28126724584103513	0.976220013634593	0.28880772547610495	0.4294633879781421	0.9422368307692308	0.06570000000000001	0.22802211621856028	0.05292725030826141	0.8918169380017841	0.7750750244721017	0.17252411575562698	0.1502590431738623	0.5684263755980861	0.11832942798070298	0.024612385321100917	0.7424511617581767	0.244941976316864	0.04502517482517483	0.8454013893967093	0.06570000000000001	0.0882483552631579	0.07671849865951744	0.024612385321100917	0.07671849865951744	0.14595683027794204	0.611591958041958	0.7230759656652361	0.6487950726141078	0.7826847226055755	0.10371970260223047	0.6754249046592605	0.03571048252911814	0.8154405685747216	0.10371970260223047	0.7325052798310454	0.34239121686362184	0.3473481912551117	0.6615199931995919	0.3165390020366599	0.8296999501495512	0.07147193149381541	0.7461953642384105	0.07147193149381541	0.5271448909790509	0.05974944320712695	0.3886312500000001	0.9910699062233589	0.8979362063264631	0.1222701072386059	0.42890316505362275	0.6429219755244756	0.09837433155080215	0.5258626686656672	0.7595737951807229	0.10910239651416123	0.2851950054684652	0.06570000000000001	0.06570000000000001	0.36568967702988225	0.7450104028331119	0.36737628494138863	0.06570000000000001	0.9040451887409994	0.8188729537366549	0.3429705099778271	0.13447368421052633	0.30095012285012285	0.9452534075814857	0.5325805960684845	0.7859961235038084	0.18769865067466268	0.2101243169398907	0.8944875166002656	0.9885564446984852	0.20501910531220877	0.5957847965335343	0.6383404438964241	0.06570000000000001	0.7726380303456026	0.8652319194061506	0.49083936218678814	0.6887240677966101	0.957005014011209	0.024612385321100917	0.8802763903104743	0.06570000000000001	0.34239121686362184	0.843740119760479	0.9509567696202531	0.024612385321100917	0.2851950054684652	0.3057998956158664	0.9010601558213541	0.47124079413850156	0.19387060546874998	0.2101243169398907	0.3620529053848494	0.8860314214745398	0.6744283864541832	0.024612385321100917	0.9222361690857083	0.024612385321100917	0.25856321525885556	0.4956492557510149	0.49683685039370085	0.05292725030826141	0.5513961262553801	0.7054654568407764
g__Anaerobutyricum	0.9691325636238577	0.5180643120260021	0.15391566265060241	0.1502590431738623	0.3980323471950879	0.2249292576419214	0.7570903379549394	0.816307320812572	0.545990436762575	0.8867424170616114	1.0	0.7209039236805662	0.808761511492014	0.7509507443082312	0.6070441709844561	0.9260907196969698	0.725674652406417	0.7868431279620852	0.8916074882471456	0.4078073597811217	0.9264399915895711	0.8384956768074885	0.3927745562130177	0.6894546421663442	0.6817465333551878	0.7278955953827461	0.9034658515283843	0.8584030476873432	0.4845779059040591	0.8500742451800655	0.5405909623430962	0.739545149754135	0.6829136883371447	0.8262087503143073	0.8623646397728618	0.03571048252911814	0.22007400802496657	0.3124354938271605	0.26898931152529476	0.9203544893617022	0.8693707136997539	0.6802356731875719	0.6249774559193955	0.6299876602564102	0.28880772547610495	0.8052105029392554	0.6121023866348448	0.0882483552631579	0.8693707136997539	0.6346820462979326	0.9124009049773756	0.425324405076679	0.6240572535591999	0.04502517482517483	1.0	0.07147193149381541	0.08247566182749785	0.04502517482517483	0.05292725030826141	0.9165847191011236	0.9597029309141661	0.06570000000000001	0.6510238472126635	0.6510238472126635	0.6732124937531234	0.024612385321100917	0.7884265956011334	0.8936139475438986	0.7847449779856907	0.5105290322580646	0.5821785272516429	0.9683480200945627	0.13884842883548984	0.5696571855095541	0.5167468085106384	0.4043693641618497	0.09398168789808917	0.8044391946659694	0.4607514609997585	0.07671849865951744	0.6963333226939037	0.024612385321100917	0.36568967702988225	0.5662927156293777	0.7317695967376528	0.7820672147001935	0.6710927492447131	0.9844387294885327	0.8202540410438308	0.30095012285012285	0.28880772547610495	0.8181208306790675	0.9407682766416606	0.695286517571885	0.024612385321100917	0.5948838618346546	0.8041927729772193	0.07147193149381541	0.7743323768197088	0.5728722684085511	0.8078628660679423	0.42755007874015744	0.9947133590298016	0.8844070855463894	0.14595683027794204	0.024612385321100917	0.4701490753911806	0.34081435452793835	0.04502517482517483	0.6407381177707677	0.8831643399433426	0.16195472330911123	0.8298996141879277	0.9401485811227637	0.8695098822981004	0.9324791875	0.244941976316864	0.22218370044052863	0.40330279314159295	0.5167468085106384	0.6817465333551878	0.6761951324503311	0.3080332063711912	0.8111186388244392	0.6070441709844561	0.808761511492014	0.09837433155080215	0.7073087653157398	0.024612385321100917	0.7430495861661248	0.9714412180052957	0.23312330345710627	0.05292725030826141	0.8916074882471456	0.8589150232502683	0.6728820701168614	0.7582188850475368	0.4952395380434783	0.024612385321100917	0.7992173345759552	0.6853734504636408	0.7386585201793723	0.8589150232502683	0.024612385321100917	0.27111174471299093	0.3620529053848494	0.8710283970707893
g__Anaerofustis	0.3343414230019493	0.36568967702988225	0.06570000000000001	0.8078628660679423	0.914463816072196	0.507585796460177	0.4055371060564538	0.3333459574468085	0.08247566182749785	0.7126093930410361	0.7209039236805662	1.0	0.22007400802496657	0.596906828442438	0.8691316789862725	0.9861918437679494	0.7264263085609645	0.05292725030826141	0.3759327931644078	0.03571048252911814	0.816307320812572	0.04502517482517483	0.5671916333865815	0.09837433155080215	0.15391566265060241	0.244941976316864	0.13086585365853656	0.23529315589353614	0.8556719841555636	0.7896178133836004	0.9802745137880988	0.1222701072386059	0.6663370945945946	0.824650937932771	0.03571048252911814	0.44456229260935143	0.26898931152529476	0.6277202685765443	0.8099181712514529	0.40330279314159295	0.9407682766416606	0.941000728952772	0.03571048252911814	0.7201392081343398	0.5708840818759936	0.6811040223280249	0.03571048252911814	0.3901349914724276	0.2249292576419214	0.8403906376704754	0.4547123099558607	0.9549575809370602	0.8784703200000001	0.03571048252911814	0.2733064141035259	0.7419610938194753	0.03571048252911814	0.3241767696909272	0.3429705099778271	0.2569869838773103	0.5167468085106384	0.2733064141035259	0.9773544757281554	0.20760110548134503	0.7142863636363636	0.8973468843057241	0.7872302231237323	0.9124009049773756	0.3429705099778271	0.57698291250734	0.024612385321100917	0.4873919173363949	0.4055371060564538	0.8500742451800655	0.15391566265060241	0.03571048252911814	0.10910239651416123	0.07147193149381541	0.49083936218678814	0.07147193149381541	0.6188105790240349	0.44456229260935143	0.5737471262097571	0.2249292576419214	0.37420434782608697	0.03571048252911814	0.2911987486592778	0.17252411575562698	0.9601983760087676	0.9837094074644093	0.5513961262553801	0.5105290322580646	0.07671849865951744	0.06570000000000001	0.6161367816091954	0.07147193149381541	0.2474043354943274	0.8645787407145384	0.9243568251291241	0.3147124957323319	0.9352890248962654	0.6672480769230769	0.12632962720732505	0.3542754478072885	0.07671849865951744	0.5238464916056823	0.7582188850475368	0.4294633879781421	0.507585796460177	0.2249292576419214	0.44748056660039764	0.8681414315937941	0.7269545329879629	0.4181021511158914	0.8081025994281258	0.6572393851409052	0.12632962720732505	0.4127755218216319	0.507585796460177	0.28126724584103513	0.9902563543247344	0.8942896299578994	0.09837433155080215	0.7750750244721017	0.8164266360505167	0.10910239651416123	0.6383404438964241	0.6794768850839644	0.024612385321100917	0.715844347826087	0.25262026378896885	0.6299876602564102	0.7672589108910891	0.32232439024390247	0.23312330345710627	0.43377695282289247	0.5094038275406951	0.2988619484645252	0.024612385321100917	0.5728722684085511	0.914463816072196	0.22802211621856028	0.6663370945945946	0.7936543580131209	0.17252411575562698	0.5813404416037188	0.5696571855095541
g__Anaeromassilibacillus	0.8122099819912529	0.024612385321100917	0.8139429780684879	0.84315	0.2665296211251435	0.611591958041958	0.583844053117783	0.42755007874015744	0.024612385321100917	0.6161367816091954	0.808761511492014	0.22007400802496657	1.0	0.7857149999999999	0.05292725030826141	0.4181021511158914	0.8226693676637638	0.7672589108910891	0.5718801467671559	0.28126724584103513	0.18769865067466268	0.8997911667765326	0.8672878998118533	0.9468014380418154	0.10371970260223047	0.18577087576374746	0.38722639724849534	0.37809194828092857	0.8708945879888268	0.8873525372124492	0.993292676029786	0.5271448909790509	0.3473481912551117	0.44748056660039764	0.7713567304984511	0.603118982861401	0.6174187534171678	0.8202540410438308	0.6761951324503311	0.024612385321100917	0.653143254376931	0.2665296211251435	0.23097287989668533	0.7859633447098976	0.4043693641618497	0.9645352853745541	0.8944875166002656	0.961585531026253	0.8695098822981004	0.935864989127058	0.7047730088495576	0.8918169380017841	0.36021285888821014	0.9221739711497667	0.5782909890539484	0.933839338120512	0.5056342157953281	0.16195472330911123	0.9367294178471719	0.3542754478072885	0.9861918437679494	0.7407563530985288	0.1222701072386059	0.9969679054054054	0.03571048252911814	0.44138625568468925	0.8997911667765326	0.8408825825457222	0.9509567696202531	0.3856983884892086	0.34239121686362184	0.05974944320712695	0.38722639724849534	0.9448327300613496	0.7896178133836004	0.15391566265060241	0.9802745137880988	0.3343414230019493	0.8500098724954462	0.2474043354943274	0.8791146555656935	0.8571697749581039	0.9124009049773756	0.489957449725777	0.6477236801107842	0.3473481912551117	0.7223168508287293	0.42199279446955595	0.926983420886741	0.8745015922464521	0.9050043790849673	0.4456913326653307	0.7594507113090961	0.40330279314159295	0.4956492557510149	0.861604794034091	0.13447368421052633	0.5575933143669985	0.5708840818759936	0.024612385321100917	0.739545149754135	0.08247566182749785	0.1824435857805255	0.06570000000000001	0.5795954909232871	0.9739314831130691	0.379461216730038	0.15391566265060241	0.23529315589353614	0.718055777262181	0.5158730241672109	0.8819316123907864	0.5584122643421853	0.2569869838773103	0.5325805960684845	0.8693737806301051	0.04502517482517483	0.9520256433545261	0.36568967702988225	0.20501910531220877	0.8199242027696608	0.8202540410438308	0.927234092578986	0.7755995111731844	0.7334602110022607	0.6154140219378427	0.941812388381402	0.6937420470927439	0.8886779102463165	0.7859633447098976	0.4043693641618497	0.44670097329673075	0.5762359623307828	0.44748056660039764	0.03571048252911814	0.4362731182795699	0.7371031460674158	0.9602151771496815	0.19387060546874998	0.3343414230019493	0.4952395380434783	0.8289881823860087	0.46144848484848483	0.5307365200764819	0.9919582230623818	0.9156874342740637	0.5737471262097571
g__Anaerostipes	0.9534218110315619	0.8289881823860087	0.8563433249370277	0.7047730088495576	0.9683480200945627	0.25856321525885556	0.6324541541186891	0.5957847965335343	0.9844387294885327	0.5066689150210784	0.7509507443082312	0.596906828442438	0.7857149999999999	1.0	0.9305797809076684	0.5525762479541735	0.9422368307692308	0.7073087653157398	0.7573276384083045	0.5122094674556213	0.5865404055863784	0.950419567863664	0.22218370044052863	0.4043693641618497	0.8918169380017841	0.7170614026939154	0.901338208889862	0.15798754246885618	0.9443148250460405	0.8207816249050874	0.9177708368915457	0.7807199916932022	0.967663717076058	0.40330279314159295	0.901338208889862	0.7889165094339623	0.5377886253934943	0.993292676029786	0.8538575742991217	0.5799919618528611	0.8538575742991217	0.574165557306026	0.8918169380017841	0.4456913326653307	0.7496784930504755	0.3999111884219315	0.9301395072040092	0.9691325636238577	0.9520256433545261	0.8369013586956521	0.9034658515283843	0.6101786148461964	0.9407682766416606	0.6639454391606024	0.23529315589353614	0.4403438498605123	0.6101786148461964	0.47665429440674	0.7514202127659574	0.966299080846017	0.41489715909090913	0.5708840818759936	0.48196241019698727	0.28262230769230773	0.31003130165289255	0.9339841147728455	0.8188729537366549	0.2474043354943274	0.8693737806301051	0.626696557288865	0.5083852668725187	0.6020171082089553	0.9888112400152148	0.34239121686362184	0.3057998956158664	0.9885564446984852	0.9243568251291241	0.6561911080711353	0.8296999501495512	0.4722145583038869	0.5728722684085511	0.7902114996637525	0.6774110173697271	0.7325052798310454	0.8886779102463165	0.9426606641385671	0.7859633447098976	0.7820672147001935	0.5948838618346546	0.6605940755873341	0.3429705099778271	0.906256359482102	0.47318192063864756	0.7859633447098976	0.6744283864541832	0.36568967702988225	0.9702880239520959	0.6887240677966101	0.8749321383285303	0.748875439367311	0.8423795538122089	0.9943588899341487	0.8607009991673605	0.7840236193361796	0.5615234132581101	0.7240549157733538	0.9744108776387803	0.05974944320712695	0.7467854938271605	0.8213081415929204	0.920614645552131	0.8842936524100474	0.6639454391606024	0.885219620467638	0.718604108108108	0.2911987486592778	0.5751461674528302	0.8892847364280094	0.7500414110429448	0.7795834721065777	0.7859961235038084	0.39151596377016695	0.17591803278688525	0.5876939255014327	0.951369064966606	0.4181021511158914	0.5243504504504505	0.6838845814977974	0.4165608038845428	0.9765993284671534	0.9808326828325766	0.8535934586194434	0.8954752707182321	0.5492435301378318	0.6877018629515632	0.6737654805453941	1.0	0.9165847191011236	0.8145879548949257	0.8500742451800655	0.13884842883548984	0.9683480200945627	0.9601983760087676	0.8282684585573196	0.8873525372124492	0.9228115969581749	0.8527543819410912
g__Anaerotignum	0.7371031460674158	0.6199743044189853	0.6064049888724036	0.7857149999999999	0.7063785624211854	0.59307175066313	0.9902563543247344	0.846296674381776	0.6461336748871136	0.14230379746835442	0.6070441709844561	0.8691316789862725	0.05292725030826141	0.9305797809076684	1.0	0.7393783965362796	0.6015863636363636	0.6913539080090061	0.4500182267226476	0.8825483955096949	0.4500182267226476	0.8131924528301887	0.34874910853925556	0.8745015922464521	0.5471923140495868	0.901338208889862	0.7992173345759552	0.5027610093791871	0.86537471169687	0.7249211564938044	0.7862417649450996	0.9379787418655097	0.07147193149381541	0.7585627067452898	0.3241767696909272	0.9832446583253127	0.22802211621856028	0.8942896299578994	0.44748056660039764	0.2911987486592778	0.893992148164578	0.14230379746835442	0.7623407825217764	0.42890316505362275	0.7570903379549394	0.44138625568468925	0.4304635397771443	0.13447368421052633	0.574165557306026	0.8081025994281258	0.47124079413850156	0.5167468085106384	0.024612385321100917	0.6894546421663442	0.9509567696202531	0.20180535966149507	0.23732019230769233	0.7398212851405623	0.4922745624005456	0.2875347715736041	0.9848069620253165	0.33135182505754684	0.9474127522935779	0.8291892964071855	0.17884999999999998	0.20760110548134503	0.7921596566523605	0.5821785272516429	0.3844912955465587	0.3844912955465587	0.6894546421663442	0.8041927729772193	0.6829136883371447	0.28126724584103513	0.901624652739801	0.7149551686615886	0.11832942798070298	0.8630215510107578	0.024612385321100917	0.9177708368915457	0.5737471262097571	0.7073087653157398	0.5351939342881213	0.8527543819410912	0.6913539080090061	0.801876923076923	0.9134338031199569	0.8634735207275305	0.8067494978479197	0.13447368421052633	0.5043689632107023	0.8277547741208859	0.8423795538122089	0.9109168864864865	0.9828740248483098	0.3522668629882207	0.4403438498605123	0.7430495861661248	0.8044391946659694	0.34081435452793835	0.5471923140495868	0.8762438640798991	0.07147193149381541	0.59307175066313	0.9431804875550547	0.9034658515283843	0.3187748901655965	0.700500572337043	0.39151596377016695	0.5149942794759825	0.26414133281972263	0.2851950054684652	0.6229963251267198	0.9858251748251748	0.9520256433545261	0.3333459574468085	0.23732019230769233	0.7728427068723702	0.9274842911073826	0.41109241435562804	0.7461953642384105	0.9871002961123315	0.5377886253934943	0.38722639724849534	0.90837536121673	0.8145879548949257	0.5594535100141614	0.8693737806301051	0.8784703200000001	0.843740119760479	0.8768717792818631	0.0882483552631579	0.9098957398373984	0.7862417649450996	0.0882483552631579	0.8268257668711656	0.7868431279620852	0.6853734504636408	0.4055371060564538	0.09837433155080215	0.6887240677966101	0.7582188850475368	0.5180643120260021	0.1908675889328063	0.34527593937480267	0.7573276384083045	0.6754249046592605
g__Anaerotruncus	0.861604794034091	0.8779238689726263	0.824650937932771	0.15391566265060241	0.44748056660039764	0.7872302231237323	0.15798754246885618	0.3964758823529412	0.024612385321100917	0.9587102605050405	0.9260907196969698	0.9861918437679494	0.4181021511158914	0.5525762479541735	0.7393783965362796	1.0	0.3388919032258065	0.9808326828325766	0.9640451219512196	0.8791146555656935	0.33135182505754684	0.7884265956011334	0.84315	0.9392939765238879	0.8784703200000001	0.5471923140495868	0.6064049888724036	0.8041927729772193	0.3927745562130177	0.929795736677116	0.6968226222717858	0.4294633879781421	0.8041927729772193	0.23732019230769233	0.7673657348581109	0.7012033021114462	0.5728722684085511	0.639866719325961	0.8095778352515195	0.1963302840635532	0.764100938967136	0.8762438640798991	0.596906828442438	0.7673657348581109	0.9848069620253165	0.9915062417249858	0.9690303039244615	0.7851411788953009	0.3057998956158664	0.9549575809370602	0.7976342712361648	0.9902563543247344	0.07147193149381541	0.9109168864864865	0.9809217353537304	0.7509507443082312	0.20180535966149507	0.9426606641385671	0.5696571855095541	0.653143254376931	0.9448327300613496	0.4651635193133047	0.5192643891891892	0.8044391946659694	0.4055371060564538	0.25013079710144925	0.6212479019073569	0.8568083043738766	0.7170614026939154	0.7728427068723702	0.8613541479023465	0.8684840084536809	0.8515408452409784	0.6493421815671384	0.9652160360538827	0.8262087503143073	0.7859961235038084	0.8916074882471456	0.8131924528301887	0.9952543694794211	0.2569869838773103	0.7137269410664171	0.57698291250734	0.9924096920460985	0.7673657348581109	0.5525762479541735	0.9443148250460405	0.8784703200000001	0.4651635193133047	0.44138625568468925	0.8268257668711656	0.9747935707317074	0.9744108776387803	0.7960461332977161	0.8515408452409784	0.901338208889862	0.9686417421259843	0.9194406776049436	0.7941341802621021	0.6288607060082011	0.9124009049773756	0.7142863636363636	0.9534707817687896	0.44670097329673075	0.9217201146375119	0.6679315594476254	0.7063785624211854	0.35067971962616823	0.9587102605050405	0.7514202127659574	0.993292676029786	0.5471923140495868	0.764100938967136	0.35594063940977555	0.7859633447098976	0.64194375	0.6968226222717858	0.7884265956011334	0.5550366360856268	0.8353854545454544	0.7585627067452898	0.6663370945945946	0.901338208889862	0.9913351632749645	0.9832446583253127	0.5813404416037188	0.6968226222717858	0.5307365200764819	0.7856440922190201	0.8712630094043888	0.06570000000000001	0.3343414230019493	0.4165608038845428	0.6853734504636408	0.9137035898538263	0.8268257668711656	0.5539782839632278	0.7660652913653764	0.11832942798070298	0.43767580398162326	0.6744283864541832	0.9885564446984852	0.9350488215138614	0.41109241435562804	0.6663370945945946	0.44670097329673075	0.8519118543607113
g__Anthropogastromicrobium	0.8693737806301051	0.9175068062827225	0.8389906976744186	0.4181021511158914	0.5043689632107023	0.974697568359375	0.6583974748336461	0.5432624687239366	0.1222701072386059	0.4456913326653307	0.725674652406417	0.7264263085609645	0.8226693676637638	0.9422368307692308	0.6015863636363636	0.3388919032258065	1.0	0.7976342712361648	0.8553078947368421	0.7726380303456026	0.7820672147001935	0.7620053632723113	0.47318192063864756	0.25856321525885556	0.7682300042319085	0.4362731182795699	0.6324541541186891	0.6817465333551878	0.4390699236641222	0.8695098822981004	0.8584030476873432	0.45600190709046456	0.8099181712514529	0.32066752941176474	0.25477086801426874	0.9930481586402267	0.6672480769230769	0.8125451438848922	0.8693707136997539	0.5799919618528611	0.7334602110022607	0.49683685039370085	0.596906828442438	0.4607514609997585	0.748875439367311	0.17884999999999998	0.12632962720732505	0.5271448909790509	0.9602151771496815	0.17252411575562698	0.2101243169398907	0.9175068062827225	0.8202540410438308	0.4304635397771443	0.3711497761862131	0.11832942798070298	0.7073087653157398	0.14230379746835442	0.10910239651416123	0.024612385321100917	0.17252411575562698	0.10371970260223047	0.9773544757281554	0.639866719325961	0.7534498690337602	0.57698291250734	0.9250004424778762	0.8918169380017841	1.0	0.9848069620253165	0.2665296211251435	0.7479229582843713	0.024612385321100917	0.2424411111111111	0.7041900284900285	0.5238464916056823	0.5782909890539484	0.9788644082582146	0.5903276867378049	0.6305511194029851	0.3429705099778271	0.27111174471299093	0.725674652406417	0.07147193149381541	0.40330279314159295	0.8918169380017841	0.7514202127659574	0.5083852668725187	0.8289881823860087	0.9817613360323888	0.8010504911069817	0.6229963251267198	0.7424511617581767	0.3057998956158664	0.6778406141654284	0.926983420886741	0.8795360414767549	0.25262026378896885	0.8693737806301051	0.6723252383341696	0.31003130165289255	0.5258626686656672	0.801876923076923	0.802988467614534	0.489957449725777	0.7921596566523605	0.3343414230019493	0.6572393851409052	0.8693737806301051	0.8309160849583902	0.22007400802496657	0.8289881823860087	0.8912043804615728	0.6161367816091954	0.9109168864864865	0.3964758823529412	0.9137035898538263	0.05292725030826141	0.1988166270783848	0.3980323471950879	0.4836646922720963	0.8695098822981004	0.8044391946659694	0.9714412180052957	0.03571048252911814	0.9120538976462966	0.8844070855463894	0.5513961262553801	0.1502590431738623	0.9386443436114262	0.8067494978479197	0.7585627067452898	0.5684263755980861	0.1824435857805255	0.8093414141414141	0.9232623957783641	0.7325052798310454	0.07671849865951744	0.3886312500000001	0.17252411575562698	0.8630215510107578	0.17591803278688525	0.37809194828092857	0.639866719325961	0.37420434782608697	0.45993716363636367	0.9837094074644093
g__Aristaeella	0.07671849865951744	0.8041927729772193	0.07147193149381541	0.8333620629804115	0.9696153491112639	0.545990436762575	0.7461953642384105	0.7325052798310454	0.15391566265060241	0.36387845454545453	0.7868431279620852	0.05292725030826141	0.7672589108910891	0.7073087653157398	0.6913539080090061	0.9808326828325766	0.7976342712361648	1.0	0.9228115969581749	0.966881863084066	0.6794768850839644	0.13086585365853656	0.643897468575419	0.459116524701874	0.5865404055863784	0.04502517482517483	0.024612385321100917	0.09837433155080215	0.976220013634593	0.583844053117783	0.6277202685765443	0.23732019230769233	0.8762190251753075	0.8936940719360569	0.2474043354943274	0.8265187594173782	0.47492095639943743	0.9952543694794211	0.84315	0.9124009049773756	0.2424411111111111	0.7551444444444445	0.4547123099558607	0.5012601342281879	0.7884265956011334	0.2424411111111111	0.25262026378896885	0.7859633447098976	0.20501910531220877	0.9183281630040537	0.846296674381776	0.5056342157953281	0.8044391946659694	0.48570855565777366	0.3124354938271605	0.2569869838773103	0.05292725030826141	0.6672480769230769	0.3388919032258065	0.21693396226415096	0.7398212851405623	0.5848961959654179	0.8111186388244392	0.7108133854573886	0.29601448300283284	0.9891590089234858	0.6714288393903868	0.9773544757281554	0.17884999999999998	0.935864989127058	0.11832942798070298	0.4701490753911806	0.7361572199730094	0.36568967702988225	0.9572167883211679	0.4701490753911806	0.8114558959835222	0.024612385321100917	0.4043693641618497	0.8268257668711656	0.8469848326232502	0.7209039236805662	0.6299876602564102	0.28126724584103513	0.9217201146375119	0.3035447202797203	0.37809194828092857	0.3522668629882207	0.46144848484848483	0.06570000000000001	0.3343414230019493	0.46258302565332055	0.7840236193361796	0.3429705099778271	0.41489715909090913	0.5158730241672109	0.17061348684210526	1.0	0.4500182267226476	0.30095012285012285	0.19387060546874998	0.1222701072386059	0.7393783965362796	0.42199279446955595	0.17252411575562698	0.49683685039370085	0.9164170540974825	0.40330279314159295	0.7604585124677559	0.0882483552631579	0.9124009049773756	0.6372359259259259	0.44670097329673075	0.5813404416037188	0.9392939765238879	0.09837433155080215	0.244941976316864	0.22802211621856028	0.929795736677116	0.8684840084536809	0.8928163326653306	0.8020636579572447	0.09837433155080215	0.41489715909090913	0.678603956478734	0.024612385321100917	0.49997798206278027	0.14230379746835442	0.07671849865951744	0.10910239651416123	0.23312330345710627	0.951369064966606	0.8052105029392554	0.1988166270783848	0.46144848484848483	0.7595737951807229	0.5180643120260021	0.5525762479541735	0.40200274923632323	0.7553864723792953	0.7623407825217764	0.26898931152529476	0.7526549890750182	0.981673205326129	0.13086585365853656	0.8719326034063261	0.17591803278688525
g__Bacteroides	0.7230759656652361	0.9817613360323888	0.7795834721065777	0.935864989127058	0.5594535100141614	0.06570000000000001	0.8268257668711656	0.6466496880415944	0.9773544757281554	0.545990436762575	0.8916074882471456	0.3759327931644078	0.5718801467671559	0.7573276384083045	0.4500182267226476	0.9640451219512196	0.8553078947368421	0.9228115969581749	1.0	0.41109241435562804	0.961585531026253	0.88837022067102	0.6728820701168614	0.2911987486592778	0.2665296211251435	0.9690303039244615	0.9952543694794211	0.7285295919915061	0.8712630094043888	0.5859447065592636	0.08247566182749785	0.4181021511158914	0.6092119372693726	0.25262026378896885	0.05292725030826141	0.6963333226939037	0.5507712759400041	0.03571048252911814	0.2911987486592778	0.22007400802496657	0.8762190251753075	0.3268740139211137	0.19387060546874998	0.9915062417249858	0.596906828442438	0.6199743044189853	0.9885564446984852	0.7216667588750577	0.9365882620846703	0.25477086801426874	0.22218370044052863	0.8825483955096949	0.941000728952772	0.42607551342812006	0.8324444802778467	0.7467854938271605	0.07147193149381541	0.7595737951807229	0.9474127522935779	0.5455760747663552	0.9683480200945627	0.8038720431522168	0.8515408452409784	0.9624755288509287	0.9224576321353066	0.5640294637477404	0.05974944320712695	0.5243504504504505	0.6092119372693726	0.7285295919915061	0.4403438498605123	0.5482766597938145	0.8798564940239044	0.929795736677116	0.885219620467638	0.05292725030826141	0.6714288393903868	0.4362731182795699	0.8384956768074885	0.08247566182749785	0.20180535966149507	0.9888112400152148	0.9852691201840138	0.4055371060564538	0.5762359623307828	0.9464792385424109	0.966299080846017	0.545990436762575	0.8010504911069817	0.614463230177623	0.25262026378896885	0.9809217353537304	0.6710927492447131	0.0882483552631579	0.45750702439024393	0.2875347715736041	0.5167468085106384	0.9243568251291241	0.7301237288135594	0.9714412180052957	0.583844053117783	0.8268257668711656	0.6070441709844561	0.7595737951807229	0.5083852668725187	0.5859447065592636	0.8693737806301051	0.8589150232502683	0.420593356456777	0.7461953642384105	0.8607009991673605	0.37420434782608697	0.8188729537366549	0.34239121686362184	0.03571048252911814	0.15391566265060241	0.715844347826087	0.5027610093791871	0.8808957040572792	0.0882483552631579	0.12632962720732505	0.8613541479023465	0.8347809358752166	0.9559620506125728	0.6461336748871136	0.9873708122554166	0.9100724634542502	0.9996768412209466	0.5662927156293777	0.8375027027027027	0.7807199916932022	0.4547123099558607	0.22802211621856028	0.3856983884892086	0.6838845814977974	0.7664999999999998	0.3165390020366599	0.5027610093791871	0.5923854348651728	0.46660960989533773	0.941000728952772	0.9943588899341487	0.583844053117783	0.6101786148461964	0.9773544757281554	0.9165847191011236	0.9958884087920346
g__Bariatricus	0.7884265956011334	0.41109241435562804	0.2665296211251435	0.33135182505754684	0.6754249046592605	0.18769865067466268	0.9711507606242026	0.9587102605050405	0.09398168789808917	0.3333459574468085	0.4078073597811217	0.03571048252911814	0.28126724584103513	0.5122094674556213	0.8825483955096949	0.8791146555656935	0.7726380303456026	0.966881863084066	0.41109241435562804	1.0	0.8936139475438986	0.09837433155080215	0.03571048252911814	0.07147193149381541	0.57698291250734	0.3901349914724276	0.9952543694794211	0.3980323471950879	0.8663316433360781	0.7604585124677559	0.05974944320712695	0.14230379746835442	0.688436525396312	0.5984751315789475	0.024612385321100917	0.16195472330911123	0.024612385321100917	0.5066689150210784	0.024612385321100917	0.04502517482517483	0.4889577813431126	0.8693737806301051	0.17252411575562698	0.6869650551589876	0.024612385321100917	0.7765363560384455	0.07671849865951744	0.9509567696202531	0.6020171082089553	0.5238464916056823	0.03571048252911814	0.7941341802621021	0.86537471169687	0.024612385321100917	0.7142863636363636	0.7623407825217764	0.03571048252911814	0.6121023866348448	0.03571048252911814	0.6005901630129287	0.11832942798070298	0.024612385321100917	0.6493421815671384	0.1963302840635532	0.6714288393903868	0.2101243169398907	0.14595683027794204	0.9771682003891051	0.03571048252911814	0.6005901630129287	0.024612385321100917	0.15391566265060241	0.3620529053848494	0.9771682003891051	0.03571048252911814	0.024612385321100917	0.03571048252911814	0.03571048252911814	0.949368896797153	0.03571048252911814	0.5418157861766548	0.024612385321100917	0.5223237335632679	0.03571048252911814	0.7847449779856907	0.13086585365853656	0.6188105790240349	0.639866719325961	0.8579408182796986	0.5392484911986589	0.1963302840635532	0.4456913326653307	0.29601448300283284	0.03571048252911814	0.5180643120260021	0.07671849865951744	0.8798564940239044	0.7223168508287293	0.9194406776049436	0.9863692969870874	0.5821785272516429	0.8787928188149333	0.6131718973418882	0.09837433155080215	0.21693396226415096	0.459116524701874	0.4845779059040591	0.6092119372693726	0.024612385321100917	0.35594063940977555	0.8052105029392554	0.4845779059040591	0.9913351632749645	0.7285295919915061	0.5984751315789475	0.6723252383341696	0.1222701072386059	0.45600190709046456	0.8255861834654588	0.8213081415929204	0.7857149999999999	0.3999111884219315	0.5640294637477404	0.2733064141035259	0.42607551342812006	0.2788464312267658	0.2788464312267658	0.4512197932053176	0.024612385321100917	0.933839338120512	0.459116524701874	0.9124009049773756	0.8282684585573196	0.854634595959596	0.03571048252911814	0.25477086801426874	0.8844070855463894	0.6015863636363636	0.024612385321100917	0.06570000000000001	0.39151596377016695	0.8613541479023465	0.7726380303456026	0.17252411575562698	0.024612385321100917	0.7467854938271605	0.5603774121921679
g__Bifidobacterium	0.7278955953827461	0.8309160849583902	0.725674652406417	0.489957449725777	0.4488089197224975	0.9686417421259843	0.9221739711497667	0.838206363300037	0.8842936524100474	0.6510238472126635	0.9264399915895711	0.816307320812572	0.18769865067466268	0.5865404055863784	0.4500182267226476	0.33135182505754684	0.7820672147001935	0.6794768850839644	0.961585531026253	0.8936139475438986	1.0	0.9163472972972974	0.5513961262553801	0.9474127522935779	0.2733064141035259	0.8375027027027027	0.8188729537366549	0.9183281630040537	0.4956492557510149	0.4456913326653307	0.9474127522935779	0.13447368421052633	0.4845779059040591	0.8122099819912529	0.8684840084536809	0.4500182267226476	0.816307320812572	0.46144848484848483	0.8538575742991217	0.5122094674556213	0.8538575742991217	0.7986392642942822	0.678603956478734	0.9906164344611885	0.6314480574773815	0.9991900617630545	0.6041052073647015	0.8500742451800655	0.901338208889862	0.5999283943661973	0.8013048906560636	0.9357227324556857	0.1502590431738623	0.8712630094043888	0.9191787565319398	0.901338208889862	0.9124009049773756	0.21693396226415096	0.37279462109955425	0.8928163326653306	0.9888112400152148	0.8181208306790675	0.5167468085106384	0.4534151008362027	0.9919582230623818	0.841579958297559	0.8825483955096949	0.9802745137880988	0.6020171082089553	0.7551444444444445	0.6288607060082011	0.20760110548134503	0.7393783965362796	0.8571697749581039	0.6020171082089553	0.8928163326653306	0.8188729537366549	0.47665429440674	0.15391566265060241	0.41109241435562804	0.9771682003891051	0.1908675889328063	0.555864490543014	0.5550366360856268	0.9399150046310589	0.8933148626098565	0.6630270462633451	0.5948838618346546	0.8389906976744186	0.3294480832782551	0.9137035898538263	0.6314480574773815	0.9572167883211679	0.75619579358196	0.6466496880415944	0.9386443436114262	0.8684840084536809	0.8779238689726263	0.8041927729772193	0.7398212851405623	0.5180643120260021	0.41489715909090913	0.3759327931644078	0.5439122245322245	0.7909101719967752	0.8898907446928	0.4547123099558607	0.8762190251753075	0.9050043790849673	0.9224576321353066	0.2397019892250311	0.8738684101143056	0.3693804373876573	0.5243504504504505	0.5751461674528302	0.5584122643421853	0.7660652913653764	0.7936543580131209	0.7553864723792953	0.7386585201793723	0.8088945157526254	0.7884265956011334	0.7902114996637525	0.1988166270783848	0.6615199931995919	0.993292676029786	0.8954752707182321	0.9290092307692308	0.8611579679144385	0.8081025994281258	0.8408825825457222	0.9808326828325766	0.9438929149175797	0.42199279446955595	0.7073087653157398	0.3964758823529412	0.57698291250734	0.8973468843057241	0.7054654568407764	0.7209039236805662	0.695286517571885	0.3165390020366599	0.7673657348581109	0.6288607060082011	0.9686417421259843	0.9934613863251083	0.5671916333865815
g__Bittarella	0.20760110548134503	0.7378265000748166	0.703047932837003	0.9747935707317074	0.6154140219378427	0.5336081400253058	0.8708945879888268	0.19387060546874998	0.06570000000000001	0.545990436762575	0.8384956768074885	0.04502517482517483	0.8997911667765326	0.950419567863664	0.8131924528301887	0.7884265956011334	0.7620053632723113	0.13086585365853656	0.88837022067102	0.09837433155080215	0.9163472972972974	1.0	0.7073087653157398	0.1963302840635532	0.2788464312267658	0.09837433155080215	0.2665296211251435	0.9809217353537304	0.929795736677116	0.7041900284900285	0.9109168864864865	0.03571048252911814	0.8973468843057241	0.3927745562130177	0.04502517482517483	0.7142863636363636	0.6199743044189853	0.6691752650176678	0.7807199916932022	0.5471923140495868	0.49683685039370085	0.03571048252911814	0.3844912955465587	0.854634595959596	0.8693737806301051	0.9509567696202531	0.2788464312267658	0.7623407825217764	0.09398168789808917	0.23529315589353614	0.8369013586956521	0.9686417421259843	0.949880510110761	0.1222701072386059	0.6466496880415944	0.8784703200000001	0.3343414230019493	0.8634735207275305	0.03571048252911814	0.4607514609997585	0.5243504504504505	0.5307365200764819	0.4922745624005456	0.2875347715736041	0.9744096565893748	0.9996768412209466	0.5640294637477404	0.4043693641618497	0.7728427068723702	0.10910239651416123	0.25262026378896885	0.49997798206278027	0.9556521708542713	0.07671849865951744	0.08247566182749785	0.10910239651416123	0.6847416653087828	0.26414133281972263	0.8749321383285303	0.5192643891891892	0.024612385321100917	0.7790673197165485	0.6761951324503311	0.7859961235038084	0.4078073597811217	0.06570000000000001	0.9124009049773756	0.3343414230019493	0.603118982861401	0.4456913326653307	0.5238464916056823	0.9290092307692308	0.9438929149175797	0.8912043804615728	0.8994027050802726	0.12632962720732505	0.4043693641618497	0.7419610938194753	0.3813728571428571	0.7623407825217764	0.5737471262097571	0.650184318455971	0.37279462109955425	0.07671849865951744	0.9224576321353066	0.8291892964071855	0.4845779059040591	0.8535934586194434	0.9301395072040092	0.4055371060564538	0.46660960989533773	0.6466496880415944	0.8125451438848922	0.45993716363636367	0.9534707817687896	0.9888112400152148	0.8519118543607113	0.6041052073647015	0.6383404438964241	0.5439122245322245	0.2665296211251435	0.8095778352515195	0.12632962720732505	0.7450104028331119	0.12632962720732505	0.12632962720732505	0.5782909890539484	0.4403438498605123	0.07147193149381541	0.48196241019698727	0.31003130165289255	0.35769999999999996	0.30095012285012285	0.34874910853925556	0.7834088652971184	0.5056342157953281	0.7941341802621021	0.7656293482890812	0.024612385321100917	0.7073087653157398	0.9305797809076684	0.5859447065592636	0.5813404416037188	0.9232623957783641	0.6394422413793104	0.8994027050802726	0.29601448300283284
g__Blautia	0.06570000000000001	0.8164266360505167	0.024612385321100917	0.3147124957323319	0.5439122245322245	0.024612385321100917	0.9290092307692308	0.9021076721311475	0.46371051625239	0.024612385321100917	0.3927745562130177	0.5671916333865815	0.8672878998118533	0.22218370044052863	0.34874910853925556	0.84315	0.47318192063864756	0.643897468575419	0.6728820701168614	0.03571048252911814	0.5513961262553801	0.7073087653157398	1.0	0.024612385321100917	0.8819316123907864	0.7740220804710499	0.09837433155080215	0.808761511492014	0.9165847191011236	0.555864490543014	0.3165390020366599	0.6714288393903868	0.17061348684210526	0.9264399915895711	0.6288607060082011	0.20180535966149507	0.03571048252911814	0.929795736677116	0.05974944320712695	0.42755007874015744	0.8584030476873432	0.5603774121921679	0.03571048252911814	0.6070441709844561	0.04502517482517483	0.1824435857805255	0.03571048252911814	0.4512197932053176	0.379461216730038	0.08247566182749785	0.28262230769230773	0.11832942798070298	0.9243568251291241	0.024612385321100917	0.40200274923632323	0.05292725030826141	0.024612385321100917	0.8933148626098565	0.05974944320712695	0.10910239651416123	0.03571048252911814	0.024612385321100917	0.45993716363636367	0.04502517482517483	0.2733064141035259	0.25477086801426874	0.15391566265060241	0.5575933143669985	0.47318192063864756	0.1908675889328063	0.024612385321100917	0.8353854545454544	0.20760110548134503	0.8265187594173782	0.11832942798070298	0.09837433155080215	0.04502517482517483	0.27111174471299093	0.7496784930504755	0.25477086801426874	0.46144848484848483	0.024612385321100917	0.35769999999999996	0.04502517482517483	0.5094038275406951	0.9809217353537304	0.9888112400152148	0.13086585365853656	0.32232439024390247	0.9691325636238577	0.024612385321100917	0.05292725030826141	0.0882483552631579	0.13447368421052633	0.35594063940977555	0.024612385321100917	0.26898931152529476	0.9891590089234858	0.6623309455101002	0.42607551342812006	0.5210213390928726	0.9683480200945627	0.8684840084536809	0.6894546421663442	0.024612385321100917	0.024612385321100917	0.838206363300037	0.34527593937480267	0.8844070855463894	0.39479704890387857	0.7223168508287293	0.650184318455971	0.8202540410438308	0.15391566265060241	0.7856440922190201	0.7439758564678085	0.024612385321100917	0.1222701072386059	0.9431804875550547	0.806085822454308	0.7398212851405623	0.8296999501495512	0.09398168789808917	0.8164266360505167	0.25477086801426874	0.1824435857805255	0.37809194828092857	0.9367294178471719	0.024612385321100917	0.5405909623430962	0.1988166270783848	0.8341753686036426	0.03571048252911814	0.4319012658227848	0.2614174670797831	0.03571048252911814	0.8645787407145384	0.1222701072386059	0.024612385321100917	0.976220013634593	0.5482766597938145	0.12632962720732505	0.901624652739801	0.03571048252911814	0.024612385321100917	0.9718264504116033	0.843740119760479
g__Blautia_A	0.024612385321100917	0.5859447065592636	0.03571048252911814	0.3901349914724276	0.6864491467576792	0.024612385321100917	0.9050043790849673	0.8408825825457222	0.5307365200764819	0.05292725030826141	0.6894546421663442	0.09837433155080215	0.9468014380418154	0.4043693641618497	0.8745015922464521	0.9392939765238879	0.25856321525885556	0.459116524701874	0.2911987486592778	0.07147193149381541	0.9474127522935779	0.1963302840635532	0.024612385321100917	1.0	0.951369064966606	0.06570000000000001	0.05292725030826141	0.17252411575562698	0.7672589108910891	0.6992391982182629	0.6802356731875719	0.5923854348651728	0.9401485811227637	0.802988467614534	0.08247566182749785	0.8309160849583902	0.04502517482517483	0.8088945157526254	0.3429705099778271	0.14595683027794204	0.8979362063264631	0.5223237335632679	0.11383663366336634	0.966299080846017	0.13884842883548984	0.3844912955465587	0.024612385321100917	0.15391566265060241	0.23732019230769233	0.03571048252911814	0.1222701072386059	0.4165608038845428	0.9630630434782609	0.024612385321100917	0.19387060546874998	0.48570855565777366	0.05292725030826141	0.5782909890539484	0.04502517482517483	0.024612385321100917	0.03571048252911814	0.024612385321100917	0.7558464601129289	0.1502590431738623	0.17252411575562698	0.6931334188994064	0.7631103423680456	0.2851950054684652	0.4055371060564538	0.17252411575562698	0.024612385321100917	0.6714288393903868	0.18769865067466268	0.5439122245322245	0.16195472330911123	0.23097287989668533	0.5662927156293777	0.244941976316864	0.16195472330911123	0.7012033021114462	0.8613541479023465	0.024612385321100917	0.8226693676637638	0.024612385321100917	0.2397019892250311	0.2397019892250311	0.843740119760479	0.024612385321100917	0.9464792385424109	0.961585531026253	0.14230379746835442	0.17591803278688525	0.9177708368915457	0.04502517482517483	0.13447368421052633	0.05292725030826141	0.13884842883548984	0.7292723223753976	0.7896178133836004	0.09398168789808917	0.17252411575562698	0.4294633879781421	0.8634735207275305	0.6493421815671384	0.04502517482517483	0.3759327931644078	0.653143254376931	0.6937420470927439	0.86537471169687	0.244941976316864	0.9010601558213541	0.14230379746835442	0.7558464601129289	0.4165608038845428	0.748875439367311	0.3147124957323319	0.024612385321100917	0.29387959401709396	0.6623309455101002	0.15798754246885618	0.5948838618346546	0.8731334681146027	0.20180535966149507	0.8188729537366549	0.8762438640798991	0.03571048252911814	0.26898931152529476	0.8221450915982312	0.024612385321100917	0.379461216730038	0.09837433155080215	0.2733064141035259	0.3620529053848494	0.03571048252911814	0.3388919032258065	0.04502517482517483	0.8724683144246355	0.22802211621856028	0.024612385321100917	0.644870240585774	0.8652319194061506	0.3429705099778271	0.8728012374233839	0.05292725030826141	0.024612385321100917	0.7859961235038084	0.11383663366336634
g__Brotaphodocola	0.34874910853925556	0.3693804373876573	0.9852691201840138	0.7485096816781575	0.9630630434782609	0.3187748901655965	0.703047932837003	0.024612385321100917	0.26898931152529476	0.974697568359375	0.6817465333551878	0.15391566265060241	0.10371970260223047	0.8918169380017841	0.5471923140495868	0.8784703200000001	0.7682300042319085	0.5865404055863784	0.2665296211251435	0.57698291250734	0.2733064141035259	0.2788464312267658	0.8819316123907864	0.951369064966606	1.0	0.47124079413850156	0.5751461674528302	0.8693737806301051	0.8693737806301051	0.7740220804710499	0.9973197974303667	0.33135182505754684	0.7790673197165485	0.7078824654956085	0.09837433155080215	0.7872302231237323	0.5312106288376033	0.6154140219378427	0.9346139027431422	0.37279462109955425	0.8787928188149333	0.645390866388309	0.1908675889328063	0.9137035898538263	0.1222701072386059	0.7278955953827461	0.6229963251267198	0.39479704890387857	0.6240572535591999	0.08247566182749785	0.0882483552631579	0.8611579679144385	0.425324405076679	0.8695098822981004	0.6596656324582338	0.7500414110429448	0.5684263755980861	0.6698537880060473	0.4456913326653307	0.6305511194029851	0.29601448300283284	0.90837536121673	0.9913351632749645	0.4952395380434783	0.6277202685765443	0.29387959401709396	0.7023493972081218	0.7862417649450996	0.7047730088495576	0.17884999999999998	0.45750702439024393	0.16195472330911123	0.7859633447098976	0.3901349914724276	0.22218370044052863	0.13447368421052633	0.7073087653157398	0.37279462109955425	0.8145879548949257	0.6947931829092654	0.1963302840635532	0.8912043804615728	0.5594535100141614	0.5718801467671559	0.709690234741784	0.20180535966149507	0.5312106288376033	0.7941341802621021	0.5012601342281879	0.6064049888724036	0.49381592920353984	0.4776008397480756	0.7393783965362796	0.9865464449541285	0.9696153491112639	0.3241767696909272	0.9808326828325766	0.8226693676637638	0.3711497761862131	0.1988166270783848	0.9070291680261012	0.5056342157953281	0.23312330345710627	0.7126093930410361	0.6240351952277656	0.9773544757281554	0.6314480574773815	0.801876923076923	0.37420434782608697	0.5336081400253058	0.09837433155080215	0.7872302231237323	0.993292676029786	0.695286517571885	0.5795954909232871	0.7149551686615886	0.7826847226055755	0.5813404416037188	0.2569869838773103	0.6583974748336461	0.8712630094043888	0.3927745562130177	0.8994027050802726	0.9559620506125728	0.42199279446955595	0.26414133281972263	0.379461216730038	0.9034658515283843	0.4043693641618497	0.8041927729772193	0.9134338031199569	0.024612385321100917	0.3711497761862131	0.966299080846017	0.34081435452793835	0.4722145583038869	0.6905165217391305	0.42755007874015744	0.44748056660039764	0.8013048906560636	0.7941341802621021	0.09837433155080215	0.735319948964275	0.8500742451800655	0.5471923140495868	0.46371051625239	0.16195472330911123
g__Butyribacter	0.2665296211251435	0.6305511194029851	0.42890316505362275	0.6829136883371447	0.6728820701168614	0.6240572535591999	0.26898931152529476	0.823192586054722	0.05292725030826141	0.861604794034091	0.7278955953827461	0.244941976316864	0.18577087576374746	0.7170614026939154	0.901338208889862	0.5471923140495868	0.4362731182795699	0.04502517482517483	0.9690303039244615	0.3901349914724276	0.8375027027027027	0.09837433155080215	0.7740220804710499	0.06570000000000001	0.47124079413850156	1.0	0.07147193149381541	0.7063785624211854	0.8784703200000001	0.7126093930410361	0.9350488215138614	0.024612385321100917	0.8291892964071855	0.650184318455971	0.7921596566523605	0.8188729537366549	0.9947133590298016	0.950419567863664	0.8921182243511195	0.9809217353537304	0.3343414230019493	0.1988166270783848	0.5865404055863784	0.7743323768197088	0.9563885425020048	0.3901349914724276	0.8044391946659694	0.3927745562130177	0.024612385321100917	0.9448327300613496	0.9459632417526299	0.2851950054684652	0.9635543750000001	0.9040451887409994	0.893992148164578	0.9124009049773756	0.10371970260223047	0.885219620467638	0.7585627067452898	0.2760888349514563	0.5525762479541735	0.900277769239214	0.7660652913653764	0.40330279314159295	0.8831643399433426	0.7193726052753354	0.9714412180052957	0.5312106288376033	0.6968226222717858	0.9848069620253165	0.28262230769230773	0.07147193149381541	0.7393783965362796	0.05974944320712695	0.2424411111111111	0.420593356456777	0.8568083043738766	0.49997798206278027	0.9224576321353066	0.7278955953827461	0.59307175066313	0.6732124937531234	0.5940918668432004	0.34527593937480267	0.6913539080090061	0.25856321525885556	0.9232623957783641	0.7859633447098976	0.8816143003180373	0.3844912955465587	0.3165390020366599	0.8886779102463165	0.7054654568407764	0.4196335834896811	0.5859447065592636	0.718604108108108	0.8936940719360569	0.4889577813431126	0.5594535100141614	0.5865404055863784	0.1824435857805255	0.6754249046592605	0.9888112400152148	0.20760110548134503	0.8088945157526254	0.8802763903104743	0.44748056660039764	0.5640294637477404	0.49846603773584913	0.4390699236641222	0.7941341802621021	0.9878293427453972	0.20180535966149507	0.1963302840635532	0.7851411788953009	0.949368896797153	0.6258946829531166	0.8641285613124041	0.6931334188994064	0.8719326034063261	0.1502590431738623	0.9095212325051535	0.6288607060082011	0.9841645059060788	0.9058772950016334	0.1988166270783848	0.5392484911986589	0.6258946829531166	0.5158730241672109	0.4403438498605123	0.2249292576419214	0.8695098822981004	0.906256359482102	0.4889577813431126	0.489957449725777	0.6005901630129287	0.88837022067102	0.03571048252911814	0.37420434782608697	0.8802763903104743	0.08247566182749785	0.5762359623307828	0.5865404055863784	0.9572167883211679	0.901624652739801	0.7249211564938044	0.024612385321100917
g__CAG-170	0.024612385321100917	0.4789866883872469	0.11832942798070298	0.9203544893617022	0.46849353919239906	0.05292725030826141	0.17884999999999998	0.9808326828325766	0.2397019892250311	0.39151596377016695	0.9034658515283843	0.13086585365853656	0.38722639724849534	0.901338208889862	0.7992173345759552	0.6064049888724036	0.6324541541186891	0.024612385321100917	0.9952543694794211	0.9952543694794211	0.8188729537366549	0.2665296211251435	0.09837433155080215	0.05292725030826141	0.5751461674528302	0.07147193149381541	1.0	0.024612385321100917	0.5482766597938145	0.7269545329879629	0.603118982861401	0.4078073597811217	0.35067971962616823	0.9443148250460405	0.34081435452793835	0.8454013893967093	0.11832942798070298	0.5066689150210784	0.901624652739801	0.8892847364280094	0.9480234437086092	0.5066689150210784	0.18769865067466268	0.07147193149381541	0.47318192063864756	0.22218370044052863	0.33135182505754684	0.7467854938271605	0.22802211621856028	0.8041927729772193	0.725674652406417	0.08247566182749785	0.5550366360856268	0.14595683027794204	0.07671849865951744	0.5083852668725187	0.024612385321100917	0.5708840818759936	0.42607551342812006	0.5584122643421853	0.17884999999999998	0.3294480832782551	0.14230379746835442	0.25477086801426874	0.024612385321100917	0.420593356456777	0.9817613360323888	0.8309160849583902	0.05292725030826141	0.3522668629882207	0.024612385321100917	0.7862417649450996	0.9224576321353066	0.8898907446928	0.379461216730038	0.30095012285012285	0.4607514609997585	0.11383663366336634	0.4196335834896811	0.5471923140495868	0.9352890248962654	0.7078824654956085	0.7514202127659574	0.5012601342281879	0.42755007874015744	0.7857149999999999	0.7117123711340205	0.2474043354943274	0.8652319194061506	0.48196241019698727	0.14595683027794204	0.7807199916932022	0.8013048906560636	0.7620053632723113	0.8634735207275305	0.42890316505362275	0.4294633879781421	0.8652319194061506	0.718604108108108	0.29601448300283284	0.420593356456777	0.9902563543247344	0.3927745562130177	0.9640451219512196	0.33135182505754684	0.44138625568468925	0.8515408452409784	0.6305511194029851	0.966299080846017	0.3187748901655965	0.42199279446955595	0.8708945879888268	0.639866719325961	0.7862417649450996	0.7264263085609645	0.20760110548134503	0.28126724584103513	0.6394422413793104	0.861604794034091	0.8139429780684879	0.8728012374233839	0.6212479019073569	0.19387060546874998	0.8607009991673605	0.9991900617630545	0.024612385321100917	0.40330279314159295	0.05292725030826141	0.06570000000000001	0.5829006363285769	0.03571048252911814	0.7336401173285199	0.29387959401709396	0.10910239651416123	0.2249292576419214	0.09837433155080215	0.9817613360323888	0.09837433155080215	0.5363244640605297	0.6963333226939037	0.8202540410438308	0.13884842883548984	0.4722145583038869	0.10910239651416123	0.5307365200764819	0.8131924528301887	0.024612385321100917
g__CAG-177	0.1502590431738623	0.04502517482517483	0.11383663366336634	0.9238099567556166	0.8093414141414141	0.5363244640605297	0.6829136883371447	0.13447368421052633	0.9808326828325766	0.7859961235038084	0.8584030476873432	0.23529315589353614	0.37809194828092857	0.15798754246885618	0.5027610093791871	0.8041927729772193	0.6817465333551878	0.09837433155080215	0.7285295919915061	0.3980323471950879	0.9183281630040537	0.9809217353537304	0.808761511492014	0.17252411575562698	0.8693737806301051	0.7063785624211854	0.024612385321100917	1.0	0.9480234437086092	0.8492223936816525	0.920093834522415	0.5136606431852986	0.8762190251753075	0.6466496880415944	0.40951088379705397	0.5751461674528302	0.23529315589353614	0.8762190251753075	0.7063785624211854	0.420593356456777	0.8842936524100474	0.9046237679895334	0.46258302565332055	0.32066752941176474	0.11383663366336634	0.32232439024390247	0.7073087653157398	0.9658962475247526	0.9559620506125728	0.9381181714993293	0.8202540410438308	0.6493421815671384	0.34081435452793835	0.7230759656652361	0.06570000000000001	0.6887240677966101	0.17061348684210526	0.3813728571428571	0.8613541479023465	0.9175068062827225	0.6744283864541832	0.715844347826087	0.574165557306026	0.32066752941176474	0.024612385321100917	0.22802211621856028	0.17591803278688525	0.4512197932053176	0.42755007874015744	0.024612385321100917	0.06570000000000001	0.8020636579572447	0.5105290322580646	0.9091460744923444	0.9509567696202531	0.28262230769230773	0.8535934586194434	0.1988166270783848	0.11383663366336634	0.28262230769230773	0.1908675889328063	0.7230759656652361	0.7856440922190201	0.802988467614534	0.7419610938194753	0.22218370044052863	0.7620053632723113	0.718604108108108	0.5066689150210784	0.3080332063711912	0.23312330345710627	0.6623309455101002	0.3980323471950879	0.3831609238814642	0.5615234132581101	0.37279462109955425	0.9973197974303667	0.9222361690857083	0.8936139475438986	0.748875439367311	0.489957449725777	0.8916074882471456	0.08247566182749785	0.7500414110429448	0.13884842883548984	0.6360163665254238	0.4488089197224975	0.8556719841555636	0.11832942798070298	0.639866719325961	0.37809194828092857	0.966299080846017	0.3147124957323319	0.13086585365853656	0.9791452881355933	0.9996768412209466	0.5258626686656672	0.9165847191011236	0.781340271055179	0.9399150046310589	0.8589150232502683	0.1963302840635532	0.2875347715736041	0.8918169380017841	0.8013048906560636	0.024612385321100917	0.7193726052753354	0.7930670687575392	0.07671849865951744	0.75619579358196	0.7856440922190201	0.6305511194029851	0.3187748901655965	0.06570000000000001	0.28126724584103513	0.13447368421052633	0.36021285888821014	0.3333459574468085	0.4889577813431126	0.9572167883211679	0.9978582677165355	0.951369064966606	0.8700506870051234	0.2788464312267658	0.9210699022939677	0.7834088652971184	0.9888112400152148
g__CAG-217	0.6847416653087828	0.5684263755980861	0.6277202685765443	0.9518770327669903	0.854634595959596	0.9483437951745902	0.7851411788953009	0.8523850513595166	0.22218370044052863	0.7673657348581109	0.4845779059040591	0.8556719841555636	0.8708945879888268	0.9443148250460405	0.86537471169687	0.3927745562130177	0.4390699236641222	0.976220013634593	0.8712630094043888	0.8663316433360781	0.4956492557510149	0.929795736677116	0.9165847191011236	0.7672589108910891	0.8693737806301051	0.8784703200000001	0.5482766597938145	0.9480234437086092	1.0	0.36568967702988225	0.7859633447098976	0.4043693641618497	0.9924096920460985	0.7558464601129289	0.8131924528301887	0.8589150232502683	0.18769865067466268	0.9315554490518858	0.7782250730079265	0.8693737806301051	0.44670097329673075	0.6937420470927439	0.5550366360856268	0.32232439024390247	0.9580024090363854	0.6121023866348448	0.8994027050802726	0.5728722684085511	0.9386443436114262	0.8700506870051234	0.8791146555656935	0.8160832139201638	0.9177708368915457	0.725674652406417	0.6335694798301486	0.9837094074644093	0.9534218110315619	0.802988467614534	0.954166458815247	0.8078628660679423	0.5821785272516429	0.8111186388244392	0.9865464449541285	0.5671916333865815	0.7986392642942822	0.9809217353537304	0.739545149754135	0.961585531026253	0.9771682003891051	0.8641285613124041	0.6020171082089553	0.6824986252045827	0.6615199931995919	0.9773544757281554	0.8268257668711656	0.9183281630040537	0.748875439367311	0.7558464601129289	0.7361572199730094	0.7264263085609645	0.6887240677966101	0.42890316505362275	0.6887240677966101	0.7862417649450996	0.824650937932771	0.9861918437679494	0.9026885321100918	0.8716992576267255	0.900277769239214	0.9381181714993293	0.5865404055863784	0.9718264504116033	0.9885564446984852	0.9175068062827225	0.6778406141654284	0.8107805110996387	0.555864490543014	0.8693737806301051	0.8613541479023465	0.7485096816781575	0.7656293482890812	0.7631103423680456	0.49683685039370085	0.9392666666666667	0.9915062417249858	0.8347809358752166	0.7620053632723113	0.935864989127058	0.901624652739801	0.6521969061533174	0.6052005013927577	0.954166458815247	0.7063785624211854	0.6853734504636408	0.7412495177326013	0.46371051625239	0.7461953642384105	0.22802211621856028	0.2101243169398907	0.7336401173285199	0.17061348684210526	0.5377886253934943	0.6698537880060473	0.9520256433545261	0.8114558959835222	0.7500414110429448	0.7936543580131209	0.9773544757281554	0.7542431312690797	0.8454013893967093	0.57698291250734	0.7948251703406813	0.6101786148461964	0.8500098724954462	0.5957847965335343	0.34527593937480267	0.9584044650884028	0.8523850513595166	0.7656293482890812	0.7859961235038084	0.8607009991673605	0.9222361690857083	0.9520256433545261	0.9865464449541285	0.8603455941890926	0.3980323471950879	0.8538575742991217
g__CAG-488	0.40330279314159295	0.8384956768074885	0.42607551342812006	0.8500742451800655	0.3999111884219315	0.9747935707317074	0.2875347715736041	0.7672589108910891	0.9898018599354715	0.9109168864864865	0.8500742451800655	0.7896178133836004	0.8873525372124492	0.8207816249050874	0.7249211564938044	0.929795736677116	0.8695098822981004	0.583844053117783	0.5859447065592636	0.7604585124677559	0.4456913326653307	0.7041900284900285	0.555864490543014	0.6992391982182629	0.7740220804710499	0.7126093930410361	0.7269545329879629	0.8492223936816525	0.36568967702988225	1.0	0.88837022067102	0.816307320812572	0.8041927729772193	0.9683480200945627	0.8226693676637638	0.8013048906560636	0.3831609238814642	0.27111174471299093	0.8038720431522168	0.611591958041958	0.929795736677116	0.8207816249050874	0.7682300042319085	1.0	0.816307320812572	0.8553078947368421	0.7342602523659306	0.8771971464588586	0.9773544757281554	0.9194406776049436	0.32232439024390247	0.5149942794759825	0.9260907196969698	0.9602151771496815	0.34081435452793835	0.7500414110429448	0.5653898315282792	0.7930670687575392	0.8511690265486725	0.35067971962616823	0.4304635397771443	0.5795954909232871	0.5640294637477404	0.9137035898538263	0.9635543750000001	0.3813728571428571	0.3333459574468085	0.6005901630129287	0.8052105029392554	0.9228115969581749	0.36737628494138863	0.9114857605877269	0.42890316505362275	0.8784703200000001	0.7775978699707643	0.49083936218678814	0.8296999501495512	0.08247566182749785	0.8333620629804115	0.6714288393903868	0.8589150232502683	0.2101243169398907	0.6572393851409052	0.75619579358196	0.9587102605050405	0.5149942794759825	0.8072015893694633	0.650184318455971	0.09398168789808917	0.906256359482102	0.0882483552631579	0.1222701072386059	0.8041927729772193	0.9426606641385671	0.40951088379705397	0.8298996141879277	0.48196241019698727	0.6963333226939037	0.9823135478897668	0.949368896797153	0.8221450915982312	0.854634595959596	0.7193726052753354	0.9808326828325766	0.7458234817216981	0.9888112400152148	0.4319012658227848	0.8921182243511195	0.8324444802778467	0.8910003701211305	0.6429219755244756	0.950419567863664	0.4836646922720963	0.9765993284671534	0.44670097329673075	0.6314480574773815	0.653143254376931	0.8298996141879277	0.653143254376931	0.9109168864864865	0.9152233891752577	0.7073087653157398	0.9958884087920346	0.42755007874015744	0.34874910853925556	0.9452534075814857	0.3522668629882207	0.8164266360505167	0.9808326828325766	0.8172742733299337	0.5363244640605297	0.8041927729772193	0.1908675889328063	0.7615597966198796	0.7656293482890812	0.2911987486592778	0.8835793388429751	0.8989146252888742	0.5105290322580646	0.8589150232502683	0.88837022067102	0.8478782576955833	0.6583974748336461	0.37420434782608697	0.459116524701874	0.06570000000000001	0.9885564446984852
g__Catenibacterium	0.8724683144246355	0.7334602110022607	0.7868431279620852	0.9602151771496815	0.8954752707182321	0.3473481912551117	0.906256359482102	0.8795360414767549	0.7826847226055755	0.9392939765238879	0.5405909623430962	0.9802745137880988	0.993292676029786	0.9177708368915457	0.7862417649450996	0.6968226222717858	0.8584030476873432	0.6277202685765443	0.08247566182749785	0.05974944320712695	0.9474127522935779	0.9109168864864865	0.3165390020366599	0.6802356731875719	0.9973197974303667	0.9350488215138614	0.603118982861401	0.920093834522415	0.7859633447098976	0.88837022067102	1.0	0.4776008397480756	0.3927745562130177	0.024612385321100917	0.545990436762575	0.35594063940977555	0.34239121686362184	0.44670097329673075	0.13447368421052633	0.1824435857805255	0.764100938967136	0.0882483552631579	0.05974944320712695	0.49083936218678814	0.7419610938194753	0.966881863084066	0.8695098822981004	0.4043693641618497	0.9260907196969698	0.32232439024390247	0.9788644082582146	0.8997911667765326	0.8078628660679423	0.39151596377016695	0.7884265956011334	0.808761511492014	0.4390699236641222	0.5271448909790509	0.8145879548949257	0.2665296211251435	0.7889165094339623	0.6761951324503311	0.9021076721311475	0.5948838618346546	0.8791146555656935	0.555864490543014	0.04502517482517483	0.8910003701211305	0.9978582677165355	0.6829136883371447	0.7862417649450996	0.16637209302325584	0.9224576321353066	0.44308994202167884	0.2569869838773103	0.8693737806301051	0.9777318424371787	0.6240572535591999	0.7623407825217764	0.20760110548134503	0.8997911667765326	0.45993716363636367	0.5940918668432004	0.8268257668711656	0.3429705099778271	0.9520256433545261	0.8731334681146027	0.3759327931644078	0.33135182505754684	0.9210699022939677	0.7859633447098976	0.9518770327669903	0.8202540410438308	0.823192586054722	0.6732124937531234	0.6372359259259259	0.6041052073647015	0.861604794034091	0.9224576321353066	0.18769865067466268	0.9885564446984852	0.8918169380017841	0.8672878998118533	0.7703881217415809	0.6732124937531234	0.8860314214745398	0.8423795538122089	0.09837433155080215	0.1988166270783848	0.5307365200764819	0.7635519230769231	0.8226693676637638	0.6663370945945946	0.645390866388309	0.6240351952277656	0.4127755218216319	0.9095212325051535	0.9346139027431422	0.5471923140495868	0.9301395072040092	0.04502517482517483	0.5312106288376033	0.8886779102463165	0.8535934586194434	0.9841645059060788	0.9232623957783641	0.949880510110761	0.4512197932053176	0.1222701072386059	0.4956492557510149	0.5948838618346546	0.8691316789862725	0.5167468085106384	0.5671916333865815	0.5799919618528611	0.8519118543607113	0.31003130165289255	0.739545149754135	0.43377695282289247	0.9379787418655097	0.7573276384083045	0.8860314214745398	0.8255861834654588	0.9995395118301692	0.8630215510107578	0.12632962720732505	0.5482766597938145
g__Choladousia	0.3542754478072885	0.6615199931995919	0.5243504504504505	0.08247566182749785	0.9602151771496815	0.781340271055179	0.7782250730079265	0.9290092307692308	0.05974944320712695	0.2249292576419214	0.739545149754135	0.1222701072386059	0.5271448909790509	0.7807199916932022	0.9379787418655097	0.4294633879781421	0.45600190709046456	0.23732019230769233	0.4181021511158914	0.14230379746835442	0.13447368421052633	0.03571048252911814	0.6714288393903868	0.5923854348651728	0.33135182505754684	0.024612385321100917	0.4078073597811217	0.5136606431852986	0.4043693641618497	0.816307320812572	0.4776008397480756	1.0	0.5813404416037188	0.2614174670797831	0.05974944320712695	0.7398212851405623	0.32232439024390247	0.23312330345710627	0.3999111884219315	0.11832942798070298	0.7896178133836004	0.7170614026939154	0.06570000000000001	0.5696571855095541	0.22218370044052863	0.8997911667765326	0.27111174471299093	0.5829006363285769	0.07671849865951744	0.901338208889862	0.06570000000000001	0.9563885425020048	0.9559620506125728	0.0882483552631579	0.900277769239214	0.3856983884892086	0.024612385321100917	0.9191787565319398	0.6005901630129287	0.379461216730038	0.23312330345710627	0.23529315589353614	0.8691316789862725	0.05974944320712695	0.8802763903104743	0.8795360414767549	0.14230379746835442	0.22218370044052863	0.28880772547610495	0.7407563530985288	0.04502517482517483	0.024612385321100917	0.9381181714993293	0.20501910531220877	0.26414133281972263	0.20501910531220877	0.05974944320712695	0.07671849865951744	0.5307365200764819	0.10371970260223047	0.6728820701168614	0.5066689150210784	0.25856321525885556	0.7209039236805662	0.6539749100257071	0.06570000000000001	0.8700506870051234	0.6630270462633451	0.9686417421259843	0.6923003373493977	0.03571048252911814	0.2424411111111111	0.8527543819410912	0.04502517482517483	0.8645787407145384	0.21693396226415096	0.9863692969870874	0.7921596566523605	0.9357227324556857	0.7948251703406813	0.5718801467671559	0.9183281630040537	0.6710927492447131	0.14595683027794204	0.03571048252911814	0.7439758564678085	0.3080332063711912	0.1502590431738623	0.04502517482517483	0.024612385321100917	0.9399150046310589	0.6288607060082011	0.49083936218678814	0.08247566182749785	0.29601448300283284	0.9095212325051535	0.8445354665363947	0.23097287989668533	0.9163472972972974	0.10371970260223047	0.5653898315282792	0.8808957040572792	0.26898931152529476	0.7310321336760925	0.8492223936816525	0.4956492557510149	0.7526549890750182	0.841579958297559	0.024612385321100917	0.31003130165289255	0.43767580398162326	0.11383663366336634	0.12632962720732505	0.2760888349514563	0.2569869838773103	0.6064049888724036	0.6324541541186891	0.05292725030826141	0.024612385321100917	0.7461953642384105	0.2851950054684652	0.07147193149381541	0.9352890248962654	0.8936139475438986	0.9863692969870874	0.7570903379549394	0.05292725030826141
g__Clostridium	0.9452534075814857	0.9221739711497667	0.28880772547610495	0.28880772547610495	0.841579958297559	0.8500742451800655	0.5083852668725187	0.7467854938271605	0.9164170540974825	0.9802745137880988	0.6829136883371447	0.6663370945945946	0.3473481912551117	0.967663717076058	0.07147193149381541	0.8041927729772193	0.8099181712514529	0.8762190251753075	0.6092119372693726	0.688436525396312	0.4845779059040591	0.8973468843057241	0.17061348684210526	0.9401485811227637	0.7790673197165485	0.8291892964071855	0.35067971962616823	0.8762190251753075	0.9924096920460985	0.8041927729772193	0.3927745562130177	0.5813404416037188	1.0	0.7859961235038084	0.9339841147728455	0.9109168864864865	0.5615234132581101	0.16637209302325584	0.9534707817687896	0.7585627067452898	0.6249774559193955	0.19387060546874998	0.9597029309141661	0.5300331983805668	0.6539749100257071	0.8903959932659933	0.806085822454308	0.28262230769230773	0.7635519230769231	0.7936543580131209	0.5957847965335343	0.14595683027794204	0.13086585365853656	0.489957449725777	0.7862417649450996	0.4789866883872469	0.8067494978479197	0.4196335834896811	0.808761511492014	0.8912043804615728	0.7170614026939154	0.4956492557510149	0.25013079710144925	0.43767580398162326	0.6931334188994064	0.03571048252911814	0.3964758823529412	0.9841645059060788	0.1824435857805255	0.3057998956158664	0.05974944320712695	0.5859447065592636	0.47492095639943743	0.1824435857805255	0.18577087576374746	0.7485096816781575	0.024612385321100917	0.5418157861766548	0.6240572535591999	0.10371970260223047	0.3057998956158664	0.25262026378896885	0.5136606431852986	0.9861918437679494	0.555864490543014	0.4845779059040591	0.7412495177326013	0.8986237276933245	0.7573276384083045	0.17252411575562698	0.34239121686362184	0.49683685039370085	0.555864490543014	0.739545149754135	0.975459830310123	0.8728012374233839	0.9556521708542713	0.8973468843057241	0.7078824654956085	0.4722145583038869	0.46258302565332055	0.8122099819912529	0.3542754478072885	0.7117123711340205	0.3343414230019493	0.08247566182749785	0.966299080846017	0.7458234817216981	0.7872302231237323	0.920093834522415	0.25477086801426874	0.7193726052753354	0.25262026378896885	0.9690303039244615	0.9788644082582146	0.8700506870051234	0.9243568251291241	0.9690303039244615	0.715844347826087	0.425324405076679	0.7149551686615886	0.30095012285012285	0.709690234741784	0.2397019892250311	0.9203544893617022	0.628403984989278	0.7889165094339623	0.4776008397480756	0.2397019892250311	0.8579408182796986	0.5865404055863784	0.42607551342812006	0.04502517482517483	0.8886779102463165	0.8515408452409784	0.17061348684210526	0.9973197974303667	0.04502517482517483	0.6224057873730042	0.024612385321100917	0.957005014011209	0.45600190709046456	0.9969679054054054	0.05292725030826141	0.3759327931644078	0.8006889154704945	0.8693737806301051
g__Clostridium_A	0.8594771622587563	0.6723252383341696	0.8719326034063261	0.47124079413850156	0.8607009991673605	0.0882483552631579	0.7424511617581767	0.7859633447098976	0.15798754246885618	0.9915062417249858	0.8262087503143073	0.824650937932771	0.44748056660039764	0.40330279314159295	0.7585627067452898	0.23732019230769233	0.32066752941176474	0.8936940719360569	0.25262026378896885	0.5984751315789475	0.8122099819912529	0.3927745562130177	0.9264399915895711	0.802988467614534	0.7078824654956085	0.650184318455971	0.9443148250460405	0.6466496880415944	0.7558464601129289	0.9683480200945627	0.024612385321100917	0.2614174670797831	0.7859961235038084	1.0	0.06570000000000001	0.703047932837003	0.830614898644447	0.32066752941176474	0.6041052073647015	0.03571048252911814	0.42199279446955595	0.8973468843057241	0.17591803278688525	0.4922745624005456	0.9610918507462687	0.7170614026939154	0.688436525396312	0.22802211621856028	0.9759352923976609	0.5223237335632679	0.2101243169398907	0.8403906376704754	0.4722145583038869	0.5105290322580646	0.9958884087920346	0.9852691201840138	0.5799919618528611	0.7386585201793723	0.9289555951383068	0.9124009049773756	0.7896178133836004	0.6931334188994064	0.3241767696909272	0.8006889154704945	0.4127755218216319	0.9172422673796792	0.3057998956158664	0.949880510110761	0.5192643891891892	0.43463855236139626	0.5603774121921679	0.6224057873730042	0.9079	0.8933148626098565	0.38722639724849534	0.35594063940977555	0.9702880239520959	0.7108133854573886	0.33135182505754684	0.47318192063864756	0.5640294637477404	0.6174187534171678	0.845123538743136	0.9906164344611885	0.7485096816781575	0.5813404416037188	0.9567928578583592	0.9984897863568216	0.5603774121921679	0.9520256433545261	0.8353854545454544	0.9718264504116033	0.9674640699052134	0.39151596377016695	0.9134338031199569	0.8375027027027027	0.950391499949223	0.8936940719360569	0.36737628494138863	0.3057998956158664	0.8835793388429751	0.23529315589353614	0.13086585365853656	0.5066689150210784	0.9996768412209466	0.9480234437086092	0.9095212325051535	0.3035447202797203	0.59307175066313	0.8607009991673605	0.7743323768197088	0.6802356731875719	0.976220013634593	0.379461216730038	0.5865404055863784	0.46144848484848483	0.4319012658227848	0.9934613863251083	0.7216667588750577	0.8298996141879277	0.1963302840635532	0.5167468085106384	0.6877018629515632	0.950419567863664	0.802988467614534	0.8111186388244392	0.644870240585774	0.9350488215138614	0.13447368421052633	0.7278955953827461	0.40951088379705397	0.17061348684210526	0.8041927729772193	0.7968408381155746	0.44748056660039764	0.7743323768197088	0.781340271055179	0.7664999999999998	0.07147193149381541	0.37279462109955425	0.9823135478897668	0.6539749100257071	0.9878293427453972	0.993292676029786	0.40330279314159295	0.8262087503143073	0.5718801467671559
g__Clostridium_AP	0.6510238472126635	0.7631103423680456	0.16195472330911123	0.28880772547610495	0.3620529053848494	0.7514202127659574	0.9924096920460985	0.9274842911073826	0.1963302840635532	0.13086585365853656	0.8623646397728618	0.03571048252911814	0.7713567304984511	0.901338208889862	0.3241767696909272	0.7673657348581109	0.25477086801426874	0.2474043354943274	0.05292725030826141	0.024612385321100917	0.8684840084536809	0.04502517482517483	0.6288607060082011	0.08247566182749785	0.09837433155080215	0.7921596566523605	0.34081435452793835	0.40951088379705397	0.8131924528301887	0.8226693676637638	0.545990436762575	0.05974944320712695	0.9339841147728455	0.06570000000000001	1.0	0.42338259141494433	0.11383663366336634	0.45750702439024393	0.26898931152529476	0.024612385321100917	0.37279462109955425	0.9264399915895711	0.04502517482517483	0.7936543580131209	0.11383663366336634	0.4043693641618497	0.3901349914724276	0.901624652739801	0.35067971962616823	0.36737628494138863	0.03571048252911814	0.8954752707182321	0.7278955953827461	0.05292725030826141	0.11383663366336634	0.6630270462633451	0.024612385321100917	0.57698291250734	0.03571048252911814	0.6487950726141078	0.3429705099778271	0.15391566265060241	0.9050043790849673	0.36568967702988225	0.5405909623430962	0.7728427068723702	0.4390699236641222	0.7142863636363636	0.555864490543014	0.9563885425020048	0.09837433155080215	0.15391566265060241	0.7795834721065777	0.8020636579572447	0.5439122245322245	0.024612385321100917	0.8944875166002656	0.03571048252911814	0.9352890248962654	0.024612385321100917	0.9137035898538263	0.7755995111731844	0.6623309455101002	0.611591958041958	0.8020636579572447	0.04502517482517483	0.6913539080090061	0.17252411575562698	0.9765993284671534	0.7292723223753976	0.36737628494138863	0.6461336748871136	0.6407381177707677	0.024612385321100917	0.7604585124677559	0.23312330345710627	0.5012601342281879	0.9595897714798922	0.6305511194029851	0.33695200907323397	0.5283094709897611	0.2133592408495255	0.6963333226939037	0.05292725030826141	0.03571048252911814	0.8202540410438308	0.956271432871764	0.695286517571885	0.04502517482517483	0.2614174670797831	0.7047730088495576	0.7999005586592179	0.5482766597938145	0.17884999999999998	0.43377695282289247	0.8944875166002656	0.05974944320712695	0.04502517482517483	0.927234092578986	0.8611579679144385	0.7336401173285199	0.9996768412209466	0.46849353919239906	0.7872302231237323	0.6894546421663442	0.03571048252911814	0.7509507443082312	0.8791146555656935	0.024612385321100917	0.7660652913653764	0.1908675889328063	0.6778406141654284	0.0882483552631579	0.07671849865951744	0.024612385321100917	0.7073087653157398	0.5813404416037188	0.8408825825457222	0.024612385321100917	0.4922745624005456	0.9274842911073826	0.21693396226415096	0.8693707136997539	0.4390699236641222	0.23732019230769233	0.7292723223753976	0.2665296211251435
g__Collinsella	0.8762190251753075	0.6510238472126635	0.32232439024390247	0.35067971962616823	0.8025266113088177	0.44138625568468925	0.7500414110429448	0.8762190251753075	0.4873919173363949	0.5525762479541735	0.03571048252911814	0.44456229260935143	0.603118982861401	0.7889165094339623	0.9832446583253127	0.7012033021114462	0.9930481586402267	0.8265187594173782	0.6963333226939037	0.16195472330911123	0.4500182267226476	0.7142863636363636	0.20180535966149507	0.8309160849583902	0.7872302231237323	0.8188729537366549	0.8454013893967093	0.5751461674528302	0.8589150232502683	0.8013048906560636	0.35594063940977555	0.7398212851405623	0.9109168864864865	0.703047932837003	0.42338259141494433	1.0	0.10371970260223047	0.35769999999999996	0.5999283943661973	0.08247566182749785	0.6869650551589876	0.5903276867378049	0.09837433155080215	0.7292723223753976	0.20180535966149507	0.8369013586956521	0.04502517482517483	0.8912043804615728	0.9635543750000001	0.7090094969440527	0.9809217353537304	0.5056342157953281	0.8808957040572792	0.12632962720732505	0.8710283970707893	0.5243504504504505	0.024612385321100917	0.43377695282289247	0.16637209302325584	0.8044391946659694	0.6277202685765443	0.024612385321100917	0.7859961235038084	0.901338208889862	0.16637209302325584	0.8538575742991217	0.05974944320712695	0.8532257959479016	0.35594063940977555	0.22007400802496657	0.6240351952277656	0.7412495177326013	0.6887240677966101	0.9375481910274964	0.8020636579572447	0.06570000000000001	0.10910239651416123	0.6335694798301486	0.8020636579572447	0.489957449725777	0.9483437951745902	0.13447368421052633	0.802988467614534	0.2875347715736041	0.8093414141414141	0.5671916333865815	0.9509567696202531	0.9714412180052957	0.7660652913653764	0.9203544893617022	0.379461216730038	0.3473481912551117	0.3187748901655965	0.32066752941176474	0.3856983884892086	0.23312330345710627	0.6224057873730042	0.9559620506125728	0.45993716363636367	0.8762190251753075	0.5671916333865815	0.9464792385424109	0.4956492557510149	0.8798564940239044	0.04502517482517483	0.09837433155080215	0.9841645059060788	0.29601448300283284	0.10371970260223047	0.8710283970707893	0.9379787418655097	0.9238099567556166	0.8693737806301051	0.5056342157953281	0.957005014011209	0.8954752707182321	0.07147193149381541	0.08247566182749785	0.8762438640798991	0.7847449779856907	0.25856321525885556	0.8426620225269343	0.3473481912551117	0.7012033021114462	0.7834088652971184	0.6877018629515632	0.9696153491112639	0.49997798206278027	0.05292725030826141	0.8779238689726263	0.57698291250734	0.6240572535591999	0.379461216730038	0.8716992576267255	0.8523850513595166	0.8954752707182321	0.7500414110429448	0.956271432871764	0.03571048252911814	0.6092119372693726	0.9873708122554166	0.9315554490518858	0.4722145583038869	0.2133592408495255	0.45750702439024393	0.920093834522415	0.59307175066313
g__Coprococcus_A	0.04502517482517483	0.816307320812572	0.03571048252911814	0.22007400802496657	0.1222701072386059	0.05974944320712695	0.8762438640798991	0.9194406776049436	0.1963302840635532	0.17252411575562698	0.22007400802496657	0.26898931152529476	0.6174187534171678	0.5377886253934943	0.22802211621856028	0.5728722684085511	0.6672480769230769	0.47492095639943743	0.5507712759400041	0.024612385321100917	0.816307320812572	0.6199743044189853	0.03571048252911814	0.04502517482517483	0.5312106288376033	0.9947133590298016	0.11832942798070298	0.23529315589353614	0.18769865067466268	0.3831609238814642	0.34239121686362184	0.32232439024390247	0.5615234132581101	0.830614898644447	0.11383663366336634	0.10371970260223047	1.0	0.23529315589353614	0.024612385321100917	0.024612385321100917	0.20180535966149507	0.9352890248962654	0.05292725030826141	0.2474043354943274	0.05292725030826141	0.09398168789808917	0.03571048252911814	0.9624755288509287	0.9965219718309859	0.993292676029786	0.024612385321100917	0.16195472330911123	0.9696153491112639	0.024612385321100917	0.3241767696909272	0.44748056660039764	0.024612385321100917	0.8072015893694633	0.09398168789808917	0.8389906976744186	0.13447368421052633	0.024612385321100917	0.7496784930504755	0.05974944320712695	0.7631103423680456	0.28880772547610495	0.48196241019698727	0.8298996141879277	0.03571048252911814	0.33135182505754684	0.03571048252911814	0.16637209302325584	0.7336401173285199	0.5627784550392275	0.07147193149381541	0.05974944320712695	0.1963302840635532	0.04502517482517483	0.4776008397480756	0.024612385321100917	0.5903276867378049	0.03571048252911814	0.20180535966149507	0.20760110548134503	0.8787928188149333	0.5243504504504505	0.30095012285012285	0.25013079710144925	0.7999005586592179	0.6240572535591999	0.024612385321100917	0.11832942798070298	0.3147124957323319	0.03571048252911814	0.3187748901655965	0.03571048252911814	0.17252411575562698	0.9098957398373984	0.48570855565777366	0.30095012285012285	0.6407381177707677	0.4403438498605123	0.6794768850839644	0.7936543580131209	0.03571048252911814	0.2101243169398907	0.8695098822981004	0.43767580398162326	0.024612385321100917	0.12632962720732505	0.6737654805453941	0.6041052073647015	0.35769999999999996	0.3542754478072885	0.9124009049773756	0.6020171082089553	0.07147193149381541	0.48570855565777366	0.9584044650884028	0.3693804373876573	0.650184318455971	0.8403906376704754	0.09837433155080215	0.8571697749581039	0.8954752707182321	0.14595683027794204	0.13884842883548984	0.8933148626098565	0.024612385321100917	0.9040451887409994	0.8873525372124492	0.949880510110761	0.6864491467576792	0.6639454391606024	0.024612385321100917	0.05974944320712695	0.9534707817687896	0.893992148164578	0.024612385321100917	0.8384956768074885	0.8942896299578994	0.0882483552631579	0.9735481093260188	0.12632962720732505	0.10910239651416123	0.5418157861766548	0.5915833872502378
g__Dialister	0.32066752941176474	0.6829136883371447	0.03571048252911814	0.9194406776049436	0.9228115969581749	0.8918169380017841	0.5136606431852986	0.8081025994281258	0.7992173345759552	0.8738684101143056	0.3124354938271605	0.6277202685765443	0.8202540410438308	0.993292676029786	0.8942896299578994	0.639866719325961	0.8125451438848922	0.9952543694794211	0.03571048252911814	0.5066689150210784	0.46144848484848483	0.6691752650176678	0.929795736677116	0.8088945157526254	0.6154140219378427	0.950419567863664	0.5066689150210784	0.8762190251753075	0.9315554490518858	0.27111174471299093	0.44670097329673075	0.23312330345710627	0.16637209302325584	0.32066752941176474	0.45750702439024393	0.35769999999999996	0.23529315589353614	1.0	0.3187748901655965	0.43463855236139626	0.9520256433545261	0.8844070855463894	0.04502517482517483	0.3165390020366599	0.9691325636238577	0.8202540410438308	0.3343414230019493	0.21693396226415096	0.8613541479023465	0.420593356456777	0.2249292576419214	0.09837433155080215	0.16195472330911123	0.1988166270783848	0.8756644354838711	0.9129668604651163	0.22218370044052863	0.84315	0.7656293482890812	0.8041927729772193	0.4776008397480756	0.7424511617581767	0.8761941176470589	0.8041927729772193	0.8164266360505167	0.06570000000000001	0.2474043354943274	0.7719981012658227	0.688436525396312	0.7167315960912052	0.14595683027794204	0.4165608038845428	0.9520256433545261	0.8825483955096949	0.10910239651416123	0.5603774121921679	0.024612385321100917	0.6154140219378427	0.8916074882471456	0.04502517482517483	0.5094038275406951	0.19387060546874998	0.9645352853745541	0.9747935707317074	0.75619579358196	0.4701490753911806	0.5336081400253058	0.8589150232502683	0.6466496880415944	0.5136606431852986	0.13447368421052633	0.6015863636363636	0.4701490753911806	0.5105290322580646	0.920093834522415	0.2851950054684652	0.8265187594173782	0.9165847191011236	0.7703881217415809	0.6817465333551878	0.7820672147001935	0.9808326828325766	0.7976342712361648	0.5439122245322245	0.45600190709046456	0.34874910853925556	0.8492223936816525	0.5539782839632278	0.7278955953827461	0.6240572535591999	0.9217201146375119	0.2760888349514563	0.20180535966149507	0.1824435857805255	0.8265187594173782	0.8762190251753075	0.748875439367311	0.2397019892250311	0.024612385321100917	0.9915062417249858	0.244941976316864	0.9120538976462966	0.5539782839632278	0.25856321525885556	0.7656293482890812	0.7743323768197088	0.9696153491112639	0.7807199916932022	0.27111174471299093	0.29601448300283284	0.7149551686615886	0.929795736677116	0.23312330345710627	0.244941976316864	0.13086585365853656	0.420593356456777	0.8041927729772193	0.22007400802496657	0.07147193149381541	0.05974944320712695	0.9264399915895711	0.9250004424778762	0.8936139475438986	0.07147193149381541	0.929795736677116	0.9210699022939677	0.3844912955465587
g__Dorea	0.3124354938271605	0.7820672147001935	0.29601448300283284	0.41109241435562804	0.03571048252911814	0.3693804373876573	0.9290092307692308	0.9808326828325766	0.6947931829092654	0.07147193149381541	0.26898931152529476	0.8099181712514529	0.6761951324503311	0.8538575742991217	0.44748056660039764	0.8095778352515195	0.8693707136997539	0.84315	0.2911987486592778	0.024612385321100917	0.8538575742991217	0.7807199916932022	0.05974944320712695	0.3429705099778271	0.9346139027431422	0.8921182243511195	0.901624652739801	0.7063785624211854	0.7782250730079265	0.8038720431522168	0.13447368421052633	0.3999111884219315	0.9534707817687896	0.6041052073647015	0.26898931152529476	0.5999283943661973	0.024612385321100917	0.3187748901655965	1.0	0.024612385321100917	0.8791146555656935	0.9841645059060788	0.30095012285012285	0.9129668604651163	0.024612385321100917	0.5482766597938145	0.5149942794759825	0.6121023866348448	0.8623646397728618	0.26414133281972263	0.024612385321100917	0.42338259141494433	0.4512197932053176	0.024612385321100917	0.5848961959654179	0.37420434782608697	0.13447368421052633	0.25013079710144925	0.13086585365853656	0.5903276867378049	0.1988166270783848	0.024612385321100917	0.7023493972081218	0.05292725030826141	0.7859961235038084	0.16637209302325584	0.25856321525885556	0.6335694798301486	0.3980323471950879	0.41109241435562804	0.07147193149381541	0.5550366360856268	0.6258946829531166	0.966881863084066	0.4456913326653307	0.13447368421052633	0.08247566182749785	0.49083936218678814	0.9624755288509287	0.05292725030826141	0.5180643120260021	0.06570000000000001	0.7310321336760925	0.6761951324503311	0.8020636579572447	0.22007400802496657	0.36387845454545453	0.46144848484848483	0.6691752650176678	0.6744283864541832	0.07671849865951744	0.22218370044052863	0.33135182505754684	0.03571048252911814	0.5957847965335343	0.024612385321100917	0.3844912955465587	0.4055371060564538	0.42199279446955595	0.6905165217391305	0.29601448300283284	0.9526279100262255	0.38722639724849534	0.2614174670797831	0.19387060546874998	0.23097287989668533	0.9483437951745902	0.8691316789862725	0.03571048252911814	0.08247566182749785	0.8125451438848922	0.9407682766416606	0.9690303039244615	0.9744108776387803	0.8556719841555636	0.764100938967136	0.688436525396312	0.5307365200764819	0.8020636579572447	0.8986237276933245	0.5915833872502378	0.9919582230623818	0.18769865067466268	0.7223168508287293	0.7743323768197088	0.4500182267226476	0.628403984989278	0.9164170540974825	0.024612385321100917	0.8589150232502683	0.8842936524100474	0.9888112400152148	0.33695200907323397	0.5283094709897611	0.024612385321100917	0.59307175066313	0.8202540410438308	0.748875439367311	0.024612385321100917	0.1908675889328063	0.7728427068723702	0.31003130165289255	0.845123538743136	0.07671849865951744	0.14595683027794204	0.7948251703406813	0.6020171082089553
g__Dorea_A	0.6229963251267198	0.22218370044052863	0.5300331983805668	0.3999111884219315	0.1988166270783848	0.8867424170616114	0.949368896797153	0.966299080846017	0.1502590431738623	0.28126724584103513	0.9203544893617022	0.40330279314159295	0.024612385321100917	0.5799919618528611	0.2911987486592778	0.1963302840635532	0.5799919618528611	0.9124009049773756	0.22007400802496657	0.04502517482517483	0.5122094674556213	0.5471923140495868	0.42755007874015744	0.14595683027794204	0.37279462109955425	0.9809217353537304	0.8892847364280094	0.420593356456777	0.8693737806301051	0.611591958041958	0.1824435857805255	0.11832942798070298	0.7585627067452898	0.03571048252911814	0.024612385321100917	0.08247566182749785	0.024612385321100917	0.43463855236139626	0.024612385321100917	1.0	0.979899893493416	0.6561911080711353	0.05292725030826141	0.7884265956011334	0.08247566182749785	0.8099181712514529	0.03571048252911814	0.8478782576955833	0.6258946829531166	0.5813404416037188	0.024612385321100917	0.4165608038845428	0.5865404055863784	0.024612385321100917	0.8072015893694633	0.44456229260935143	0.03571048252911814	0.17591803278688525	0.5392484911986589	0.7859633447098976	0.9431804875550547	0.024612385321100917	0.17591803278688525	0.8731334681146027	0.75619579358196	0.5525762479541735	0.05974944320712695	0.37809194828092857	0.941000728952772	0.628403984989278	0.10371970260223047	0.5300331983805668	0.9645352853745541	0.7534498690337602	0.9924096920460985	0.11832942798070298	0.18769865067466268	0.49381592920353984	0.4607514609997585	0.9164170540974825	0.9674640699052134	0.2133592408495255	0.8762190251753075	0.459116524701874	0.9165847191011236	0.07671849865951744	0.7558464601129289	0.420593356456777	0.8010504911069817	0.8728012374233839	0.23529315589353614	0.34527593937480267	0.2851950054684652	0.024612385321100917	0.3711497761862131	0.3964758823529412	0.6429219755244756	0.3080332063711912	0.9635543750000001	0.3999111884219315	0.1963302840635532	0.07671849865951744	0.7553864723792953	0.4488089197224975	0.04502517482517483	0.9744108776387803	0.901338208889862	0.09398168789808917	0.024612385321100917	0.5957847965335343	0.9597029309141661	0.7909101719967752	0.6968226222717858	0.7142863636363636	0.901338208889862	0.8589150232502683	0.13447368421052633	0.4922745624005456	0.7755995111731844	0.901338208889862	0.13447368421052633	0.9891590089234858	0.1222701072386059	0.28262230769230773	0.9165847191011236	0.8324444802778467	0.2788464312267658	0.6335694798301486	0.05974944320712695	0.8563433249370277	0.7859633447098976	0.7948251703406813	0.2397019892250311	0.6744283864541832	0.03571048252911814	0.9844387294885327	0.22007400802496657	0.5799919618528611	0.024612385321100917	0.6744283864541832	0.8207816249050874	0.5737471262097571	0.8072015893694633	0.9595897714798922	0.47124079413850156	0.8114558959835222	0.5671916333865815
g__Dorea_D	0.7859633447098976	0.9910699062233589	0.9871002961123315	0.8784703200000001	0.8787928188149333	0.7604585124677559	0.9163472972972974	0.9630630434782609	0.8067494978479197	0.976220013634593	0.8693707136997539	0.9407682766416606	0.653143254376931	0.8538575742991217	0.893992148164578	0.764100938967136	0.7334602110022607	0.2424411111111111	0.8762190251753075	0.4889577813431126	0.8538575742991217	0.49683685039370085	0.8584030476873432	0.8979362063264631	0.8787928188149333	0.3343414230019493	0.9480234437086092	0.8842936524100474	0.44670097329673075	0.929795736677116	0.764100938967136	0.7896178133836004	0.6249774559193955	0.42199279446955595	0.37279462109955425	0.6869650551589876	0.20180535966149507	0.9520256433545261	0.8791146555656935	0.979899893493416	1.0	0.7976342712361648	0.9995395118301692	0.8749321383285303	0.8611579679144385	0.6131718973418882	0.8771971464588586	0.8309160849583902	0.42890316505362275	0.8277547741208859	0.9120538976462966	0.6847416653087828	0.9739314831130691	0.9808326828325766	0.5903276867378049	0.9832446583253127	0.8099181712514529	0.7672589108910891	0.703047932837003	0.7012033021114462	0.420593356456777	0.8589150232502683	0.8756644354838711	0.9095212325051535	0.927234092578986	0.8819316123907864	0.9175068062827225	0.7073087653157398	0.8630215510107578	0.8997911667765326	0.244941976316864	0.8798564940239044	0.966299080846017	0.8802763903104743	0.901338208889862	0.9399150046310589	0.28262230769230773	0.86537471169687	0.4722145583038869	0.46258302565332055	0.1222701072386059	0.901624652739801	0.9744108776387803	0.9520256433545261	0.7514202127659574	0.3165390020366599	0.3542754478072885	0.8020636579572447	0.6572393851409052	0.900277769239214	0.6383404438964241	0.8268257668711656	0.6249774559193955	0.3927745562130177	0.8693737806301051	0.5492435301378318	0.678603956478734	0.7209039236805662	0.420593356456777	0.6778406141654284	0.9375481910274964	0.7782250730079265	0.967663717076058	0.5829006363285769	0.6407381177707677	0.838206363300037	0.8918169380017841	0.718604108108108	0.6672480769230769	0.4319012658227848	0.8762438640798991	0.6487950726141078	0.6324541541186891	0.9079	0.3999111884219315	0.8375027027027027	0.920614645552131	0.8936139475438986	0.8341753686036426	0.993292676029786	0.1502590431738623	0.9100724634542502	0.9334025411372632	0.3388919032258065	0.507585796460177	0.974697568359375	0.603118982861401	0.688436525396312	0.4845779059040591	0.36737628494138863	0.7664999999999998	0.6346820462979326	0.9910699062233589	0.9841645059060788	1.0	0.8716992576267255	0.5762359623307828	0.75619579358196	0.64194375	0.9744096565893748	0.5708840818759936	0.49083936218678814	0.64194375	0.9290092307692308	0.7458234817216981	0.6005901630129287	0.5550366360856268
g__Dysosmobacter	0.2249292576419214	0.927234092578986	0.8693707136997539	0.5258626686656672	0.993292676029786	0.05974944320712695	0.9100724634542502	0.05292725030826141	0.9973197974303667	0.28880772547610495	0.6802356731875719	0.941000728952772	0.2665296211251435	0.574165557306026	0.14230379746835442	0.8762438640798991	0.49683685039370085	0.7551444444444445	0.3268740139211137	0.8693737806301051	0.7986392642942822	0.03571048252911814	0.5603774121921679	0.5223237335632679	0.645390866388309	0.1988166270783848	0.5066689150210784	0.9046237679895334	0.6937420470927439	0.8207816249050874	0.0882483552631579	0.7170614026939154	0.19387060546874998	0.8973468843057241	0.9264399915895711	0.5903276867378049	0.9352890248962654	0.8844070855463894	0.9841645059060788	0.6561911080711353	0.7976342712361648	1.0	0.950419567863664	0.6937420470927439	0.9228115969581749	0.4304635397771443	0.42607551342812006	0.5865404055863784	0.6737654805453941	0.024612385321100917	0.7840236193361796	0.6052005013927577	0.967663717076058	0.13086585365853656	0.7500414110429448	0.11383663366336634	0.07671849865951744	0.7664999999999998	0.024612385321100917	0.3429705099778271	0.6461336748871136	0.906256359482102	0.23312330345710627	0.6761951324503311	0.6510238472126635	0.44456229260935143	0.5336081400253058	0.18769865067466268	0.3831609238814642	0.650184318455971	0.4294633879781421	0.6714288393903868	0.9913351632749645	0.6161367816091954	0.05292725030826141	0.9079	0.06570000000000001	0.8724683144246355	0.3856983884892086	0.6817465333551878	0.05974944320712695	0.5751461674528302	0.40330279314159295	0.950391499949223	0.14595683027794204	0.8538575742991217	0.9934613863251083	0.15391566265060241	0.46144848484848483	0.024612385321100917	0.9392666666666667	0.7047730088495576	0.6101786148461964	0.507585796460177	0.43463855236139626	0.7930670687575392	0.4956492557510149	0.9878293427453972	0.7285295919915061	0.929795736677116	0.8989146252888742	0.6240572535591999	0.9739314831130691	0.583844053117783	0.8389906976744186	0.3035447202797203	0.11832942798070298	0.5492435301378318	0.9021076721311475	0.7755995111731844	0.8630215510107578	0.16637209302325584	0.9996768412209466	0.6299876602564102	0.3388919032258065	0.5876939255014327	0.8942896299578994	0.20180535966149507	0.9392939765238879	0.7558464601129289	0.3165390020366599	0.32232439024390247	0.8221450915982312	0.3268740139211137	0.26414133281972263	0.838206363300037	0.5584122643421853	0.9832446583253127	0.7500414110429448	0.9021076721311475	0.8989146252888742	0.9152233891752577	0.05974944320712695	0.39151596377016695	0.2133592408495255	0.650184318455971	0.33695200907323397	0.695286517571885	0.6817465333551878	0.05974944320712695	0.27111174471299093	0.7857149999999999	0.5940918668432004	0.42755007874015744	0.07147193149381541	0.9645352853745541	0.9221739711497667
g__Eggerthella	0.13884842883548984	0.1222701072386059	0.024612385321100917	0.5312106288376033	0.6596656324582338	0.18577087576374746	0.8989146252888742	0.8762190251753075	0.03571048252911814	0.4294633879781421	0.6249774559193955	0.03571048252911814	0.23097287989668533	0.8918169380017841	0.7623407825217764	0.596906828442438	0.596906828442438	0.4547123099558607	0.19387060546874998	0.17252411575562698	0.678603956478734	0.3844912955465587	0.03571048252911814	0.11383663366336634	0.1908675889328063	0.5865404055863784	0.18769865067466268	0.46258302565332055	0.5550366360856268	0.7682300042319085	0.05974944320712695	0.06570000000000001	0.9597029309141661	0.17591803278688525	0.04502517482517483	0.09837433155080215	0.05292725030826141	0.04502517482517483	0.30095012285012285	0.05292725030826141	0.9995395118301692	0.950419567863664	1.0	0.9367294178471719	0.3886312500000001	0.4789866883872469	0.04502517482517483	0.9891590089234858	0.4304635397771443	0.7664999999999998	0.11383663366336634	0.2569869838773103	0.9891590089234858	0.024612385321100917	0.8164266360505167	0.28880772547610495	0.024612385321100917	0.8088945157526254	0.07147193149381541	0.42199279446955595	0.04502517482517483	0.03571048252911814	0.555864490543014	0.05292725030826141	0.9619830169929444	0.8613541479023465	0.06570000000000001	0.06570000000000001	0.34527593937480267	0.8768717792818631	0.024612385321100917	0.09398168789808917	0.09837433155080215	0.7167315960912052	0.17884999999999998	0.024612385321100917	0.2249292576419214	0.14230379746835442	0.8844070855463894	0.07671849865951744	0.7623407825217764	0.15391566265060241	0.3294480832782551	0.13086585365853656	0.8265187594173782	0.20760110548134503	0.7063785624211854	0.3522668629882207	0.6335694798301486	0.27111174471299093	0.09837433155080215	0.9817613360323888	0.03571048252911814	0.05292725030826141	0.678603956478734	0.08247566182749785	0.48196241019698727	0.7585627067452898	0.9823135478897668	0.05974944320712695	0.5192643891891892	0.7170614026939154	0.4488089197224975	0.09398168789808917	0.024612385321100917	0.10371970260223047	0.7573276384083045	0.5418157861766548	0.03571048252911814	0.17252411575562698	0.9509567696202531	0.8013048906560636	0.14230379746835442	0.20180535966149507	0.4362731182795699	0.5550366360856268	0.024612385321100917	0.20180535966149507	0.4873919173363949	0.5377886253934943	0.34081435452793835	0.45600190709046456	0.10910239651416123	0.5584122643421853	0.46144848484848483	0.32066752941176474	0.507585796460177	0.8886779102463165	0.024612385321100917	0.8912043804615728	0.6314480574773815	0.45993716363636367	0.11832942798070298	0.3388919032258065	0.05974944320712695	0.024612385321100917	0.8262087503143073	0.07147193149381541	0.024612385321100917	0.8903959932659933	0.5603774121921679	0.28880772547610495	0.709690234741784	0.07147193149381541	0.1502590431738623	0.9095212325051535	0.2249292576419214
g__Enterobacter	0.06570000000000001	0.8532257959479016	0.8819316123907864	0.9350488215138614	0.8213081415929204	0.3901349914724276	0.6663370945945946	0.8013048906560636	0.9817613360323888	0.9422368307692308	0.6299876602564102	0.7201392081343398	0.7859633447098976	0.4456913326653307	0.42890316505362275	0.7673657348581109	0.4607514609997585	0.5012601342281879	0.9915062417249858	0.6869650551589876	0.9906164344611885	0.854634595959596	0.6070441709844561	0.966299080846017	0.9137035898538263	0.7743323768197088	0.07147193149381541	0.32066752941176474	0.32232439024390247	1.0	0.49083936218678814	0.5696571855095541	0.5300331983805668	0.4922745624005456	0.7936543580131209	0.7292723223753976	0.2474043354943274	0.3165390020366599	0.9129668604651163	0.7884265956011334	0.8749321383285303	0.6937420470927439	0.9367294178471719	1.0	0.5238464916056823	0.04502517482517483	0.7142863636363636	0.5795954909232871	0.7090094969440527	0.7790673197165485	0.7570903379549394	0.46144848484848483	0.8912043804615728	0.3927745562130177	0.5271448909790509	0.1908675889328063	0.3124354938271605	0.9021076721311475	0.6737654805453941	1.0	0.9584044650884028	0.4776008397480756	0.5418157861766548	0.6240351952277656	0.18577087576374746	0.18577087576374746	0.86537471169687	0.545990436762575	0.32232439024390247	0.7269545329879629	0.23732019230769233	0.42338259141494433	0.5799919618528611	0.935864989127058	0.7782250730079265	0.9996768412209466	0.5594535100141614	0.7553864723792953	0.024612385321100917	0.7872302231237323	0.893992148164578	0.8903959932659933	0.7334602110022607	0.5718801467671559	0.3080332063711912	0.7902114996637525	0.5043689632107023	0.8979362063264631	0.26414133281972263	0.37420434782608697	0.16637209302325584	0.13884842883548984	0.9222361690857083	0.3759327931644078	0.7968408381155746	0.5751461674528302	0.49683685039370085	0.9392939765238879	0.8745015922464521	0.8693737806301051	0.8989146252888742	0.7765363560384455	0.7167315960912052	0.841579958297559	0.09837433155080215	0.4488089197224975	0.8454013893967093	0.8571697749581039	0.8041927729772193	0.16195472330911123	0.3856983884892086	0.5513961262553801	0.7201392081343398	0.25477086801426874	0.644870240585774	0.07147193149381541	0.7765363560384455	0.7862417649450996	0.6161367816091954	0.6824986252045827	0.8756644354838711	0.9114857605877269	0.23732019230769233	0.9878293427453972	0.9026885321100918	0.2733064141035259	0.3856983884892086	0.40200274923632323	0.3057998956158664	0.6838845814977974	0.16637209302325584	0.8693707136997539	0.8202540410438308	0.14230379746835442	0.8693737806301051	0.2614174670797831	0.7585627067452898	0.5180643120260021	0.7412495177326013	0.7840236193361796	0.9919582230623818	0.2733064141035259	0.9572167883211679	0.40951088379705397	0.5158730241672109	0.1908675889328063	0.9257408593091828
g__Enterocloster	0.8879618323191345	0.05292725030826141	0.14595683027794204	0.6212479019073569	0.19387060546874998	0.3813728571428571	0.841579958297559	0.03571048252911814	0.7918201289109708	0.06570000000000001	0.28880772547610495	0.5708840818759936	0.4043693641618497	0.7496784930504755	0.7570903379549394	0.9848069620253165	0.748875439367311	0.7884265956011334	0.596906828442438	0.024612385321100917	0.6314480574773815	0.8693737806301051	0.04502517482517483	0.13884842883548984	0.1222701072386059	0.9563885425020048	0.47318192063864756	0.11383663366336634	0.9580024090363854	0.816307320812572	0.7419610938194753	0.22218370044052863	0.6539749100257071	0.9610918507462687	0.11383663366336634	0.20180535966149507	0.05292725030826141	0.9691325636238577	0.024612385321100917	0.08247566182749785	0.8611579679144385	0.9228115969581749	0.3886312500000001	0.5238464916056823	1.0	0.34239121686362184	0.09398168789808917	0.8712630094043888	0.4294633879781421	0.6521969061533174	0.024612385321100917	0.45993716363636367	0.8989146252888742	0.024612385321100917	0.8798564940239044	0.8589150232502683	0.024612385321100917	0.9134338031199569	0.1963302840635532	0.6847416653087828	0.45993716363636367	0.03571048252911814	0.7856440922190201	0.2911987486592778	0.14230379746835442	0.13884842883548984	0.04502517482517483	0.9452534075814857	0.17252411575562698	0.03571048252911814	0.0882483552631579	0.9257408593091828	0.4776008397480756	0.5083852668725187	0.44670097329673075	0.024612385321100917	0.13884842883548984	0.5312106288376033	0.37809194828092857	0.14595683027794204	0.25262026378896885	0.2133592408495255	0.8361955995055624	0.45750702439024393	0.9520256433545261	0.7201392081343398	0.8240261340725807	0.7216667588750577	0.5848961959654179	0.1502590431738623	0.024612385321100917	0.47124079413850156	0.44670097329673075	0.024612385321100917	0.43463855236139626	0.4456913326653307	0.7378265000748166	0.8423795538122089	0.7719981012658227	0.9357227324556857	0.26414133281972263	0.5662927156293777	0.8041927729772193	0.7378265000748166	0.11383663366336634	0.18769865067466268	0.25477086801426874	0.2988619484645252	0.05292725030826141	0.03571048252911814	0.024612385321100917	0.8160832139201638	0.7398212851405623	0.9996768412209466	0.5603774121921679	0.8107805110996387	0.44138625568468925	0.6466496880415944	0.07147193149381541	0.5363244640605297	0.7047730088495576	0.8041927729772193	0.2101243169398907	0.9289555951383068	0.9114857605877269	0.4607514609997585	0.7342602523659306	0.8291892964071855	0.024612385321100917	0.9852691201840138	0.8353854545454544	0.8918169380017841	0.6723252383341696	0.3165390020366599	0.6864491467576792	0.993292676029786	0.04502517482517483	0.5312106288376033	0.024612385321100917	0.7193726052753354	0.966881863084066	0.7682300042319085	0.6630270462633451	0.024612385321100917	0.6802356731875719	0.4319012658227848	0.9534707817687896
g__Enterococcus	0.04502517482517483	0.6728820701168614	0.12632962720732505	0.3886312500000001	0.17252411575562698	0.42607551342812006	0.6894546421663442	0.4722145583038869	0.15391566265060241	0.22802211621856028	0.8052105029392554	0.6811040223280249	0.9645352853745541	0.3999111884219315	0.44138625568468925	0.9915062417249858	0.17884999999999998	0.2424411111111111	0.6199743044189853	0.7765363560384455	0.9991900617630545	0.9509567696202531	0.1824435857805255	0.3844912955465587	0.7278955953827461	0.3901349914724276	0.22218370044052863	0.32232439024390247	0.6121023866348448	0.8553078947368421	0.966881863084066	0.8997911667765326	0.8903959932659933	0.7170614026939154	0.4043693641618497	0.8369013586956521	0.09398168789808917	0.8202540410438308	0.5482766597938145	0.8099181712514529	0.6131718973418882	0.4304635397771443	0.4789866883872469	0.04502517482517483	0.34239121686362184	1.0	0.2133592408495255	0.23529315589353614	0.6305511194029851	0.6121023866348448	0.545990436762575	0.34874910853925556	0.626696557288865	0.09837433155080215	0.6655362206056504	0.05292725030826141	0.33695200907323397	0.8779238689726263	0.05292725030826141	0.4722145583038869	0.17884999999999998	0.3901349914724276	0.967663717076058	0.5066689150210784	0.42607551342812006	0.3620529053848494	0.7615597966198796	0.976220013634593	0.8160832139201638	0.5283094709897611	0.17252411575562698	0.30095012285012285	0.7378265000748166	0.42338259141494433	0.5799919618528611	0.7419610938194753	0.5903276867378049	0.5940918668432004	0.07671849865951744	0.6737654805453941	0.4607514609997585	0.956271432871764	0.5158730241672109	0.3522668629882207	0.7673657348581109	0.49846603773584913	0.7551444444444445	0.14230379746835442	0.7656293482890812	0.8973468843057241	0.44138625568468925	0.8784703200000001	0.7595737951807229	0.0882483552631579	0.7278955953827461	0.4127755218216319	0.03571048252911814	0.9046237679895334	0.46660960989533773	0.7673657348581109	0.628403984989278	0.7826847226055755	0.9243568251291241	0.5923854348651728	0.12632962720732505	0.46144848484848483	0.6923003373493977	0.7023493972081218	0.7336401173285199	0.48570855565777366	0.8921182243511195	0.8538575742991217	0.5894060137457044	0.7458234817216981	0.8762190251753075	0.07147193149381541	0.17591803278688525	0.36387845454545453	0.628403984989278	0.596906828442438	0.9109168864864865	0.6346820462979326	0.626696557288865	0.8761941176470589	0.1908675889328063	0.14595683027794204	0.44456229260935143	0.8298996141879277	0.024612385321100917	0.8611579679144385	0.5482766597938145	0.9483437951745902	0.4304635397771443	0.12632962720732505	0.2851950054684652	0.7371031460674158	0.9844387294885327	0.9177708368915457	0.35769999999999996	0.9228115969581749	0.4845779059040591	0.17061348684210526	0.6679315594476254	0.8013048906560636	0.15798754246885618	0.8020636579572447	0.8099181712514529
g__Enterococcus_A	0.04502517482517483	0.8099181712514529	0.04502517482517483	0.32066752941176474	0.13447368421052633	0.024612385321100917	0.9714412180052957	0.47492095639943743	0.07147193149381541	0.05292725030826141	0.6121023866348448	0.03571048252911814	0.8944875166002656	0.9301395072040092	0.4304635397771443	0.9690303039244615	0.12632962720732505	0.25262026378896885	0.9885564446984852	0.07671849865951744	0.6041052073647015	0.2788464312267658	0.03571048252911814	0.024612385321100917	0.6229963251267198	0.8044391946659694	0.33135182505754684	0.7073087653157398	0.8994027050802726	0.7342602523659306	0.8695098822981004	0.27111174471299093	0.806085822454308	0.688436525396312	0.3901349914724276	0.04502517482517483	0.03571048252911814	0.3343414230019493	0.5149942794759825	0.03571048252911814	0.8771971464588586	0.42607551342812006	0.04502517482517483	0.7142863636363636	0.09398168789808917	0.2133592408495255	1.0	0.17591803278688525	0.5507712759400041	0.5439122245322245	0.32232439024390247	0.29601448300283284	0.45600190709046456	0.024612385321100917	0.8369013586956521	0.07671849865951744	0.024612385321100917	0.07147193149381541	0.024612385321100917	0.06570000000000001	0.16637209302325584	0.024612385321100917	0.35769999999999996	0.12632962720732505	0.3429705099778271	0.3856983884892086	0.7230759656652361	0.7765363560384455	0.3980323471950879	0.49683685039370085	0.024612385321100917	0.7847449779856907	0.23529315589353614	0.2249292576419214	0.18769865067466268	0.2988619484645252	0.03571048252911814	0.18577087576374746	0.05974944320712695	0.2875347715736041	0.7889165094339623	0.024612385321100917	0.13884842883548984	0.03571048252911814	0.11832942798070298	0.9686417421259843	0.7201392081343398	0.29601448300283284	0.7750750244721017	0.6714288393903868	0.07147193149381541	0.4390699236641222	0.28262230769230773	0.05974944320712695	0.08247566182749785	0.25477086801426874	0.36021285888821014	0.7542431312690797	0.6493421815671384	0.2133592408495255	0.5948838618346546	0.7317695967376528	0.7807199916932022	0.7859633447098976	0.024612385321100917	0.10910239651416123	0.44748056660039764	0.05292725030826141	0.8684840084536809	0.25856321525885556	0.26414133281972263	0.5575933143669985	0.718604108108108	0.9873708122554166	0.7041900284900285	0.28880772547610495	0.07147193149381541	0.024612385321100917	0.8708945879888268	0.9765993284671534	1.0	0.933839338120512	0.04502517482517483	0.7398212851405623	0.6277202685765443	0.23732019230769233	0.645390866388309	0.32066752941176474	0.024612385321100917	0.25856321525885556	0.1502590431738623	0.7126093930410361	0.20760110548134503	0.9777318424371787	0.7386585201793723	0.5492435301378318	0.8728012374233839	0.30095012285012285	0.024612385321100917	0.9898018599354715	0.8933148626098565	0.36021285888821014	0.823192586054722	0.11383663366336634	0.024612385321100917	0.45993716363636367	0.5056342157953281
g__Enterococcus_B	0.7889165094339623	0.8207816249050874	0.024612385321100917	0.6723252383341696	0.25477086801426874	0.14230379746835442	0.5507712759400041	0.244941976316864	0.6744283864541832	0.8918169380017841	0.0882483552631579	0.3901349914724276	0.961585531026253	0.9691325636238577	0.13447368421052633	0.7851411788953009	0.5271448909790509	0.7859633447098976	0.7216667588750577	0.9509567696202531	0.8500742451800655	0.7623407825217764	0.4512197932053176	0.15391566265060241	0.39479704890387857	0.3927745562130177	0.7467854938271605	0.9658962475247526	0.5728722684085511	0.8771971464588586	0.4043693641618497	0.5829006363285769	0.28262230769230773	0.22802211621856028	0.901624652739801	0.8912043804615728	0.9624755288509287	0.21693396226415096	0.6121023866348448	0.8478782576955833	0.8309160849583902	0.5865404055863784	0.9891590089234858	0.5795954909232871	0.8712630094043888	0.23529315589353614	0.17591803278688525	1.0	0.46660960989533773	0.8808957040572792	0.8942896299578994	0.6041052073647015	0.36737628494138863	0.05974944320712695	0.900277769239214	0.07671849865951744	0.31003130165289255	0.3429705099778271	0.2424411111111111	0.4055371060564538	0.9714412180052957	0.3473481912551117	0.5158730241672109	0.7790673197165485	0.941000728952772	0.42755007874015744	0.2101243169398907	0.949368896797153	0.8527543819410912	0.7054654568407764	0.2788464312267658	0.8052105029392554	0.8921182243511195	0.9381181714993293	0.8384956768074885	0.7765363560384455	0.06570000000000001	0.5923854348651728	0.06570000000000001	0.17061348684210526	0.47318192063864756	0.1222701072386059	0.07147193149381541	0.2424411111111111	0.6429219755244756	0.59307175066313	0.8454013893967093	0.507585796460177	0.8207816249050874	0.35067971962616823	0.9315554490518858	0.6794768850839644	0.9891590089234858	0.4651635193133047	0.07671849865951744	0.5696571855095541	0.32066752941176474	0.09398168789808917	0.49381592920353984	0.9865464449541285	0.9559620506125728	0.6240572535591999	0.57698291250734	0.781340271055179	0.6249774559193955	0.4776008397480756	0.929795736677116	0.8568083043738766	0.7078824654956085	0.6728820701168614	0.17884999999999998	0.44138625568468925	0.920614645552131	0.43463855236139626	0.9452534075814857	0.5718801467671559	0.7430495861661248	0.13447368421052633	0.5728722684085511	0.5799919618528611	0.28880772547610495	0.5351939342881213	0.6174187534171678	0.966881863084066	0.7782250730079265	0.626696557288865	0.8296999501495512	0.8594771622587563	0.3927745562130177	0.75619579358196	0.1502590431738623	0.7073087653157398	0.21693396226415096	0.7558464601129289	0.9996768412209466	0.628403984989278	0.23732019230769233	0.28880772547610495	0.3241767696909272	0.1824435857805255	0.8936139475438986	0.5718801467671559	0.7342602523659306	0.25856321525885556	0.7386585201793723	0.5640294637477404	0.7461953642384105
g__Eubacterium_F	0.49083936218678814	0.933839338120512	0.10371970260223047	0.748875439367311	0.9584044650884028	0.46660960989533773	0.3124354938271605	0.901338208889862	0.2101243169398907	0.7750750244721017	0.8693707136997539	0.2249292576419214	0.8695098822981004	0.9520256433545261	0.574165557306026	0.3057998956158664	0.9602151771496815	0.20501910531220877	0.9365882620846703	0.6020171082089553	0.901338208889862	0.09398168789808917	0.379461216730038	0.23732019230769233	0.6240572535591999	0.024612385321100917	0.22802211621856028	0.9559620506125728	0.9386443436114262	0.9773544757281554	0.9260907196969698	0.07671849865951744	0.7635519230769231	0.9759352923976609	0.35067971962616823	0.9635543750000001	0.9965219718309859	0.8613541479023465	0.8623646397728618	0.6258946829531166	0.42890316505362275	0.6737654805453941	0.4304635397771443	0.7090094969440527	0.4294633879781421	0.6305511194029851	0.5507712759400041	0.46660960989533773	1.0	0.8088945157526254	0.8954752707182321	0.05974944320712695	0.8515408452409784	0.48570855565777366	0.9863692969870874	0.6732124937531234	0.05974944320712695	0.8611579679144385	0.6188105790240349	0.9250004424778762	0.8802763903104743	0.5799919618528611	0.9891590089234858	0.4776008397480756	0.5105290322580646	0.967663717076058	0.7803146402329127	0.7859961235038084	0.5243504504504505	0.8731334681146027	0.23097287989668533	0.1908675889328063	0.901338208889862	0.04502517482517483	0.46258302565332055	0.6383404438964241	0.8114558959835222	0.3522668629882207	0.8731334681146027	0.9572167883211679	0.7485096816781575	0.7310321336760925	0.9224576321353066	0.46660960989533773	0.5762359623307828	0.9175068062827225	0.7361572199730094	0.4607514609997585	0.4304635397771443	0.7743323768197088	0.0882483552631579	0.843740119760479	0.6258946829531166	0.8835793388429751	0.5984751315789475	0.5056342157953281	0.5923854348651728	0.6121023866348448	0.6394422413793104	0.8125451438848922	0.748875439367311	0.9095212325051535	0.9630630434782609	0.4181021511158914	0.6947931829092654	0.43463855236139626	0.9518770327669903	0.718604108108108	0.8563433249370277	0.22218370044052863	0.7902114996637525	0.8808957040572792	0.7479229582843713	0.36737628494138863	0.9906164344611885	0.8989146252888742	0.38722639724849534	0.7795834721065777	0.8771971464588586	0.9984897863568216	0.3268740139211137	0.8719326034063261	0.6639454391606024	0.966299080846017	0.808761511492014	0.29601448300283284	0.596906828442438	0.05292725030826141	0.3759327931644078	0.17591803278688525	0.4836646922720963	0.7992173345759552	0.3429705099778271	0.3057998956158664	0.8154405685747216	0.28126724584103513	0.8641285613124041	0.5948838618346546	0.5136606431852986	0.9350488215138614	0.8594771622587563	0.8961658972943126	0.7485096816781575	0.8099181712514529	0.8282684585573196	0.34874910853925556	0.024612385321100917
g__Eubacterium_G	0.4304635397771443	0.8291892964071855	0.3429705099778271	0.3333459574468085	0.3080332063711912	0.3080332063711912	0.7553864723792953	0.27111174471299093	0.967663717076058	0.17252411575562698	0.6346820462979326	0.8403906376704754	0.935864989127058	0.8369013586956521	0.8081025994281258	0.9549575809370602	0.17252411575562698	0.9183281630040537	0.25477086801426874	0.5238464916056823	0.5999283943661973	0.23529315589353614	0.08247566182749785	0.03571048252911814	0.08247566182749785	0.9448327300613496	0.8041927729772193	0.9381181714993293	0.8700506870051234	0.9194406776049436	0.32232439024390247	0.901338208889862	0.7936543580131209	0.5223237335632679	0.36737628494138863	0.7090094969440527	0.993292676029786	0.420593356456777	0.26414133281972263	0.5813404416037188	0.8277547741208859	0.024612385321100917	0.7664999999999998	0.7790673197165485	0.6521969061533174	0.6121023866348448	0.5439122245322245	0.8808957040572792	0.8088945157526254	1.0	0.23529315589353614	0.9274842911073826	0.7249211564938044	0.07147193149381541	0.3187748901655965	0.8188729537366549	0.8693707136997539	0.639866719325961	0.04502517482517483	0.20501910531220877	0.1963302840635532	0.024612385321100917	0.5627784550392275	0.7941341802621021	0.8353854545454544	0.4055371060564538	0.9841645059060788	0.9938168470588234	0.993292676029786	0.8634735207275305	0.6778406141654284	0.603118982861401	0.678603956478734	0.5258626686656672	0.935864989127058	0.05974944320712695	0.9283175594926093	0.8784703200000001	0.966299080846017	0.8519118543607113	0.8268257668711656	0.7594507113090961	0.4043693641618497	0.18577087576374746	0.6394422413793104	0.4294633879781421	0.7285295919915061	0.03571048252911814	0.993292676029786	0.2875347715736041	0.545990436762575	0.43767580398162326	0.46258302565332055	0.7193726052753354	0.45600190709046456	0.2614174670797831	0.2249292576419214	0.6824986252045827	0.9520256433545261	0.36387845454545453	0.38722639724849534	0.5271448909790509	0.2760888349514563	0.7673657348581109	0.33695200907323397	0.09837433155080215	0.7126093930410361	0.8816143003180373	0.6041052073647015	0.8262087503143073	0.956271432871764	0.8989146252888742	0.9556521708542713	0.9352890248962654	0.6811040223280249	0.4512197932053176	0.6064049888724036	0.5136606431852986	0.8309160849583902	0.7485096816781575	0.7884265956011334	0.8282684585573196	0.8724683144246355	0.9050043790849673	0.6101786148461964	0.739545149754135	0.2760888349514563	0.84315	0.13884842883548984	0.5848961959654179	0.3343414230019493	0.46660960989533773	0.09398168789808917	0.3187748901655965	0.8921182243511195	0.29387959401709396	0.8835793388429751	0.957005014011209	0.13086585365853656	0.7514202127659574	0.5043689632107023	0.9224576321353066	0.8535934586194434	0.09398168789808917	0.08247566182749785	0.7872302231237323	0.75619579358196
g__Eubacterium_I	0.45750702439024393	0.739545149754135	0.1908675889328063	0.19387060546874998	0.37420434782608697	0.9841645059060788	0.7862417649450996	0.9352890248962654	0.5829006363285769	0.1502590431738623	0.9124009049773756	0.4547123099558607	0.7047730088495576	0.9034658515283843	0.47124079413850156	0.7976342712361648	0.2101243169398907	0.846296674381776	0.22218370044052863	0.03571048252911814	0.8013048906560636	0.8369013586956521	0.28262230769230773	0.1222701072386059	0.0882483552631579	0.9459632417526299	0.725674652406417	0.8202540410438308	0.8791146555656935	0.32232439024390247	0.9788644082582146	0.06570000000000001	0.5957847965335343	0.2101243169398907	0.03571048252911814	0.9809217353537304	0.024612385321100917	0.2249292576419214	0.024612385321100917	0.024612385321100917	0.9120538976462966	0.7840236193361796	0.11383663366336634	0.7570903379549394	0.024612385321100917	0.545990436762575	0.32232439024390247	0.8942896299578994	0.8954752707182321	0.23529315589353614	1.0	0.17884999999999998	0.4776008397480756	0.024612385321100917	0.6407381177707677	0.914463816072196	0.2875347715736041	0.25262026378896885	0.09837433155080215	0.05974944320712695	0.08247566182749785	0.05974944320712695	0.9624755288509287	0.5083852668725187	0.8719326034063261	0.5728722684085511	0.25262026378896885	0.8041927729772193	0.46144848484848483	0.6466496880415944	0.024612385321100917	0.7585627067452898	0.644870240585774	0.7407563530985288	0.7918201289109708	0.23097287989668533	0.2249292576419214	0.4500182267226476	0.7534498690337602	0.2569869838773103	0.8784703200000001	0.05292725030826141	0.2101243169398907	0.4607514609997585	0.6691752650176678	0.23097287989668533	0.9534707817687896	0.781340271055179	0.5192643891891892	0.9350488215138614	0.17061348684210526	0.37809194828092857	0.7859961235038084	0.024612385321100917	0.9224576321353066	0.1222701072386059	0.5594535100141614	0.6829136883371447	0.8611579679144385	0.0882483552631579	0.4776008397480756	0.5751461674528302	0.3147124957323319	0.678603956478734	0.024612385321100917	0.9891590089234858	0.10371970260223047	0.20760110548134503	0.13086585365853656	0.18577087576374746	0.8341753686036426	0.37279462109955425	0.7509507443082312	0.2249292576419214	0.6623309455101002	0.8523850513595166	0.13884842883548984	0.25013079710144925	0.9026885321100918	0.3388919032258065	0.6477236801107842	0.28880772547610495	0.5903276867378049	0.7635519230769231	0.08247566182749785	0.6811040223280249	0.46258302565332055	0.3856983884892086	0.04502517482517483	0.718055777262181	0.9934613863251083	0.37420434782608697	0.9120538976462966	0.8568083043738766	0.10371970260223047	0.6754249046592605	0.244941976316864	0.23097287989668533	0.024612385321100917	0.17591803278688525	0.4362731182795699	0.3473481912551117	0.6324541541186891	0.3035447202797203	0.44748056660039764	0.35067971962616823	0.8761941176470589
g__Evtepia	0.1988166270783848	0.3999111884219315	0.024612385321100917	0.7264263085609645	0.7223168508287293	0.024612385321100917	0.8997911667765326	0.42338259141494433	0.5405909623430962	0.5684263755980861	0.425324405076679	0.9549575809370602	0.8918169380017841	0.6101786148461964	0.5167468085106384	0.9902563543247344	0.9175068062827225	0.5056342157953281	0.8825483955096949	0.7941341802621021	0.9357227324556857	0.9686417421259843	0.11832942798070298	0.4165608038845428	0.8611579679144385	0.2851950054684652	0.08247566182749785	0.6493421815671384	0.8160832139201638	0.5149942794759825	0.8997911667765326	0.9563885425020048	0.14595683027794204	0.8403906376704754	0.8954752707182321	0.5056342157953281	0.16195472330911123	0.09837433155080215	0.42338259141494433	0.4165608038845428	0.6847416653087828	0.6052005013927577	0.2569869838773103	0.46144848484848483	0.45993716363636367	0.34874910853925556	0.29601448300283284	0.6041052073647015	0.05974944320712695	0.9274842911073826	0.17884999999999998	1.0	0.23529315589353614	0.08247566182749785	0.9934613863251083	0.35769999999999996	0.20760110548134503	0.6838845814977974	0.2474043354943274	0.5094038275406951	0.6838845814977974	0.024612385321100917	0.941000728952772	0.6229963251267198	0.9947133590298016	0.09837433155080215	0.6894546421663442	0.9919582230623818	0.04502517482517483	0.08247566182749785	0.05292725030826141	0.34874910853925556	0.35769999999999996	0.8025266113088177	0.09398168789808917	0.9863692969870874	0.04502517482517483	0.5094038275406951	0.2474043354943274	0.5307365200764819	0.6041052073647015	0.3388919032258065	0.9572167883211679	0.2875347715736041	0.3429705099778271	0.7631103423680456	0.7859961235038084	0.3856983884892086	0.6154140219378427	0.6005901630129287	0.024612385321100917	0.9301395072040092	0.8693737806301051	0.44308994202167884	0.5418157861766548	0.4607514609997585	0.8918169380017841	0.5455760747663552	0.6288607060082011	0.6064049888724036	0.6005901630129287	0.4701490753911806	0.9744108776387803	0.9580024090363854	0.07671849865951744	0.05974944320712695	0.6869650551589876	0.9556521708542713	0.846296674381776	0.7728427068723702	0.4547123099558607	0.5363244640605297	0.10371970260223047	0.7859961235038084	0.8067494978479197	0.8315259865971704	0.09398168789808917	0.5829006363285769	0.5012601342281879	0.7857149999999999	0.8918169380017841	0.9305797809076684	0.603118982861401	0.5718801467671559	0.628403984989278	0.9848069620253165	0.3147124957323319	0.1222701072386059	0.3147124957323319	0.6877018629515632	0.5027610093791871	0.1988166270783848	0.6199743044189853	0.9431804875550547	0.695286517571885	0.07671849865951744	0.8041927729772193	0.49381592920353984	0.6084669439822518	0.34527593937480267	0.8860314214745398	0.6466496880415944	0.6305511194029851	0.05292725030826141	0.20180535966149507	0.6477236801107842	0.07147193149381541
g__Faecalibacterium	1.0	0.5336081400253058	0.35594063940977555	0.17884999999999998	0.9070291680261012	0.7325052798310454	0.806085822454308	0.1222701072386059	0.4956492557510149	0.11832942798070298	0.6240572535591999	0.8784703200000001	0.36021285888821014	0.9407682766416606	0.024612385321100917	0.07147193149381541	0.8202540410438308	0.8044391946659694	0.941000728952772	0.86537471169687	0.1502590431738623	0.949880510110761	0.9243568251291241	0.9630630434782609	0.425324405076679	0.9635543750000001	0.5550366360856268	0.34081435452793835	0.9177708368915457	0.9260907196969698	0.8078628660679423	0.9559620506125728	0.13086585365853656	0.4722145583038869	0.7278955953827461	0.8808957040572792	0.9696153491112639	0.16195472330911123	0.4512197932053176	0.5865404055863784	0.9739314831130691	0.967663717076058	0.9891590089234858	0.8912043804615728	0.8989146252888742	0.626696557288865	0.45600190709046456	0.36737628494138863	0.8515408452409784	0.7249211564938044	0.4776008397480756	0.23529315589353614	1.0	0.8265187594173782	0.650184318455971	0.8268257668711656	0.49846603773584913	0.9217201146375119	0.3711497761862131	0.8515408452409784	0.2249292576419214	0.8579408182796986	0.6947931829092654	0.5439122245322245	0.4808126423425517	0.05292725030826141	0.9691325636238577	0.44308994202167884	0.9221739711497667	0.3831609238814642	0.7012033021114462	0.7407563530985288	0.718055777262181	0.9109168864864865	0.8844070855463894	0.7862417649450996	0.4196335834896811	0.4294633879781421	0.3035447202797203	0.7986392642942822	0.3927745562130177	0.6335694798301486	0.2788464312267658	0.42607551342812006	0.6429219755244756	0.9114857605877269	0.8979362063264631	0.9509567696202531	0.941000728952772	0.6894546421663442	0.6121023866348448	0.7884265956011334	0.8918169380017841	0.8172742733299337	0.7859961235038084	0.7604585124677559	0.5940918668432004	0.764100938967136	0.5027610093791871	0.6372359259259259	0.05292725030826141	0.9744108776387803	0.09398168789808917	0.42338259141494433	0.47124079413850156	0.17252411575562698	0.9873708122554166	0.12632962720732505	0.7862417649450996	0.9885564446984852	0.555864490543014	0.47665429440674	0.7054654568407764	0.9520256433545261	0.4055371060564538	0.8384956768074885	0.8426620225269343	0.7412495177326013	0.47318192063864756	0.9534707817687896	0.9222361690857083	0.9702880239520959	0.4956492557510149	0.5122094674556213	0.5948838618346546	0.5821785272516429	0.7620053632723113	0.9563885425020048	0.6314480574773815	0.9996768412209466	0.626696557288865	0.2614174670797831	0.23097287989668533	0.05292725030826141	0.5876939255014327	0.9726874485596708	0.6539749100257071	0.976220013634593	0.8623646397728618	0.8613541479023465	0.20760110548134503	0.8095778352515195	0.8006889154704945	0.024612385321100917	0.9865464449541285	0.47318192063864756	0.9913351632749645
g__Faecalimonas	0.03571048252911814	0.7117123711340205	0.024612385321100917	0.2569869838773103	0.3711497761862131	0.024612385321100917	0.824650937932771	0.9563885425020048	0.40951088379705397	0.024612385321100917	0.04502517482517483	0.03571048252911814	0.9221739711497667	0.6639454391606024	0.6894546421663442	0.9109168864864865	0.4304635397771443	0.48570855565777366	0.42607551342812006	0.024612385321100917	0.8712630094043888	0.1222701072386059	0.024612385321100917	0.024612385321100917	0.8695098822981004	0.9040451887409994	0.14595683027794204	0.7230759656652361	0.725674652406417	0.9602151771496815	0.39151596377016695	0.0882483552631579	0.489957449725777	0.5105290322580646	0.05292725030826141	0.12632962720732505	0.024612385321100917	0.1988166270783848	0.024612385321100917	0.024612385321100917	0.9808326828325766	0.13086585365853656	0.024612385321100917	0.3927745562130177	0.024612385321100917	0.09837433155080215	0.024612385321100917	0.05974944320712695	0.48570855565777366	0.07147193149381541	0.024612385321100917	0.08247566182749785	0.8265187594173782	1.0	0.8719326034063261	0.04502517482517483	0.024612385321100917	0.34239121686362184	0.024612385321100917	0.07147193149381541	0.024612385321100917	0.024612385321100917	0.7450104028331119	0.024612385321100917	0.6052005013927577	0.03571048252911814	0.43463855236139626	0.9137035898538263	0.04502517482517483	0.628403984989278	0.024612385321100917	0.8589150232502683	0.07147193149381541	0.6020171082089553	0.03571048252911814	0.024612385321100917	0.024612385321100917	0.1222701072386059	0.3542754478072885	0.03571048252911814	0.8910003701211305	0.024612385321100917	0.05974944320712695	0.024612385321100917	0.25262026378896885	0.4304635397771443	0.43463855236139626	0.03571048252911814	0.927234092578986	0.7073087653157398	0.024612385321100917	0.05292725030826141	0.05292725030826141	0.024612385321100917	0.05292725030826141	0.024612385321100917	0.05974944320712695	0.7656293482890812	0.9301395072040092	0.17252411575562698	0.08247566182749785	0.29601448300283284	0.5539782839632278	0.3124354938271605	0.024612385321100917	0.024612385321100917	0.933839338120512	0.9777318424371787	0.05974944320712695	0.05292725030826141	0.18577087576374746	0.3813728571428571	0.9264399915895711	0.9773544757281554	0.7921596566523605	0.7585627067452898	0.03571048252911814	0.03571048252911814	0.966299080846017	0.7479229582843713	0.9386443436114262	0.8384956768074885	0.024612385321100917	1.0	0.39479704890387857	0.25013079710144925	0.024612385321100917	0.8719326034063261	0.024612385321100917	0.3165390020366599	0.1988166270783848	0.7750750244721017	0.024612385321100917	0.13447368421052633	0.16195472330911123	0.04502517482517483	0.5615234132581101	0.29387959401709396	0.024612385321100917	0.2249292576419214	0.3693804373876573	0.2474043354943274	0.7750750244721017	0.024612385321100917	0.024612385321100917	0.8784703200000001	0.379461216730038
g__Faecousia	0.38722639724849534	0.46371051625239	0.8523850513595166	0.8145879548949257	0.6005901630129287	0.7361572199730094	0.3844912955465587	0.639866719325961	0.6572393851409052	0.7424511617581767	1.0	0.2733064141035259	0.5782909890539484	0.23529315589353614	0.9509567696202531	0.9809217353537304	0.3711497761862131	0.3124354938271605	0.8324444802778467	0.7142863636363636	0.9191787565319398	0.6466496880415944	0.40200274923632323	0.19387060546874998	0.6596656324582338	0.893992148164578	0.07671849865951744	0.06570000000000001	0.6335694798301486	0.34081435452793835	0.7884265956011334	0.900277769239214	0.7862417649450996	0.9958884087920346	0.11383663366336634	0.8710283970707893	0.3241767696909272	0.8756644354838711	0.5848961959654179	0.8072015893694633	0.5903276867378049	0.7500414110429448	0.8164266360505167	0.5271448909790509	0.8798564940239044	0.6655362206056504	0.8369013586956521	0.900277769239214	0.9863692969870874	0.3187748901655965	0.6407381177707677	0.9934613863251083	0.650184318455971	0.8719326034063261	1.0	0.44308994202167884	0.6521969061533174	0.8044391946659694	0.7117123711340205	0.7458234817216981	0.8607009991673605	0.7847449779856907	0.8298996141879277	0.7078824654956085	0.2760888349514563	0.5455760747663552	0.9352890248962654	0.4534151008362027	0.9346139027431422	0.5865404055863784	0.28880772547610495	0.6698537880060473	0.9965219718309859	0.59307175066313	0.8623646397728618	0.603118982861401	0.781340271055179	0.5307365200764819	0.4547123099558607	0.8213081415929204	0.3294480832782551	0.7859633447098976	0.6288607060082011	0.8025266113088177	0.6672480769230769	0.7803146402329127	0.6161367816091954	0.49083936218678814	0.8041927729772193	0.44670097329673075	0.6829136883371447	0.6794768850839644	0.8527543819410912	0.9788644082582146	0.9610918507462687	0.5192643891891892	0.926983420886741	0.8795360414767549	0.6979762177650429	0.9250004424778762	0.6679315594476254	0.950391499949223	0.6877018629515632	0.8693737806301051	0.27111174471299093	0.5799919618528611	0.9965219718309859	0.9969679054054054	0.5363244640605297	0.8081025994281258	0.9274842911073826	0.46258302565332055	0.9520256433545261	0.7765363560384455	0.8154405685747216	0.949368896797153	0.6817465333551878	0.6154140219378427	0.9468014380418154	0.9238099567556166	0.9619830169929444	0.5083852668725187	0.555864490543014	0.4607514609997585	0.8791146555656935	0.03571048252911814	0.7149551686615886	0.9422368307692308	0.17591803278688525	0.9468014380418154	0.14230379746835442	0.8787928188149333	0.5066689150210784	0.34527593937480267	0.23732019230769233	0.678603956478734	0.703047932837003	0.950419567863664	0.8771971464588586	0.9156874342740637	0.9567928578583592	0.32066752941176474	0.9534707817687896	0.5923854348651728	0.8164266360505167	0.8013048906560636	0.5392484911986589
g__Finegoldia	0.10371970260223047	0.18577087576374746	0.18769865067466268	0.13884842883548984	0.6979762177650429	0.024612385321100917	0.7755995111731844	0.854634595959596	0.44138625568468925	0.244941976316864	0.07147193149381541	0.7419610938194753	0.933839338120512	0.4403438498605123	0.20180535966149507	0.7509507443082312	0.11832942798070298	0.2569869838773103	0.7467854938271605	0.7623407825217764	0.901338208889862	0.8784703200000001	0.05292725030826141	0.48570855565777366	0.7500414110429448	0.9124009049773756	0.5083852668725187	0.6887240677966101	0.9837094074644093	0.7500414110429448	0.808761511492014	0.3856983884892086	0.4789866883872469	0.9852691201840138	0.6630270462633451	0.5243504504504505	0.44748056660039764	0.9129668604651163	0.37420434782608697	0.44456229260935143	0.9832446583253127	0.11383663366336634	0.28880772547610495	0.1908675889328063	0.8589150232502683	0.05292725030826141	0.07671849865951744	0.07671849865951744	0.6732124937531234	0.8188729537366549	0.914463816072196	0.35769999999999996	0.8268257668711656	0.04502517482517483	0.44308994202167884	1.0	0.05974944320712695	0.06570000000000001	0.024612385321100917	0.13884842883548984	0.5821785272516429	0.08247566182749785	0.6188105790240349	0.22218370044052863	0.42338259141494433	0.1963302840635532	0.6824986252045827	0.9426606641385671	0.4547123099558607	0.41109241435562804	0.07147193149381541	0.7170614026939154	0.2474043354943274	0.845123538743136	0.12632962720732505	0.7859961235038084	0.06570000000000001	0.18769865067466268	0.0882483552631579	0.44456229260935143	0.8492223936816525	0.5696571855095541	0.4055371060564538	0.42199279446955595	0.7909101719967752	0.8623646397728618	0.8255861834654588	0.2665296211251435	0.8986237276933245	0.45993716363636367	0.1222701072386059	0.20501910531220877	0.7412495177326013	0.09398168789808917	0.0882483552631579	0.6728820701168614	0.40200274923632323	0.07671849865951744	0.6324541541186891	0.6905165217391305	0.7378265000748166	0.40330279314159295	0.6288607060082011	0.8613541479023465	0.024612385321100917	0.16195472330911123	0.46371051625239	0.718055777262181	0.644870240585774	0.0882483552631579	0.45750702439024393	0.9129668604651163	0.9520256433545261	0.8052105029392554	0.645390866388309	0.31003130165289255	0.1908675889328063	0.024612385321100917	0.7713567304984511	0.976220013634593	0.7930670687575392	0.4488089197224975	0.41109241435562804	0.8563433249370277	0.39479704890387857	0.6714288393903868	0.6605940755873341	0.574165557306026	0.03571048252911814	0.8044391946659694	0.1908675889328063	0.3333459574468085	0.08247566182749785	0.6240572535591999	0.3147124957323319	0.8265187594173782	0.981673205326129	0.46258302565332055	0.07671849865951744	0.3035447202797203	0.9305797809076684	0.18769865067466268	0.9863692969870874	0.09837433155080215	0.024612385321100917	0.5584122643421853	0.6869650551589876
g__Flavonifractor	0.1988166270783848	0.40330279314159295	0.024612385321100917	0.3147124957323319	0.1908675889328063	0.05974944320712695	0.5223237335632679	0.57698291250734	0.03571048252911814	0.04502517482517483	0.08247566182749785	0.03571048252911814	0.5056342157953281	0.6101786148461964	0.23732019230769233	0.20180535966149507	0.7073087653157398	0.05292725030826141	0.07147193149381541	0.03571048252911814	0.9124009049773756	0.3343414230019493	0.024612385321100917	0.05292725030826141	0.5684263755980861	0.10371970260223047	0.024612385321100917	0.17061348684210526	0.9534218110315619	0.5653898315282792	0.4390699236641222	0.024612385321100917	0.8067494978479197	0.5799919618528611	0.024612385321100917	0.024612385321100917	0.024612385321100917	0.22218370044052863	0.13447368421052633	0.03571048252911814	0.8099181712514529	0.07671849865951744	0.024612385321100917	0.3124354938271605	0.024612385321100917	0.33695200907323397	0.024612385321100917	0.31003130165289255	0.05974944320712695	0.8693707136997539	0.2875347715736041	0.20760110548134503	0.49846603773584913	0.024612385321100917	0.6521969061533174	0.05974944320712695	1.0	0.09837433155080215	0.03571048252911814	0.2851950054684652	0.20180535966149507	0.024612385321100917	0.6794768850839644	0.0882483552631579	0.5848961959654179	0.7047730088495576	0.1988166270783848	0.20760110548134503	0.07147193149381541	0.5539782839632278	0.024612385321100917	0.244941976316864	0.16637209302325584	0.6864491467576792	0.25856321525885556	0.024612385321100917	0.09837433155080215	0.024612385321100917	0.28262230769230773	0.17252411575562698	0.6407381177707677	0.03571048252911814	0.32232439024390247	0.024612385321100917	0.901624652739801	0.4127755218216319	0.8020636579572447	0.7968408381155746	0.993292676029786	0.11832942798070298	0.024612385321100917	0.12632962720732505	0.1963302840635532	0.04502517482517483	0.14595683027794204	0.05292725030826141	0.20501910531220877	0.35594063940977555	0.8579408182796986	0.09837433155080215	0.09837433155080215	0.7216667588750577	0.920614645552131	0.12632962720732505	0.03571048252911814	0.1502590431738623	0.6992391982182629	0.024612385321100917	0.04502517482517483	0.024612385321100917	0.3813728571428571	0.8240261340725807	0.7682300042319085	0.5149942794759825	0.5312106288376033	0.9124009049773756	0.024612385321100917	0.05292725030826141	1.0	0.6131718973418882	0.6877018629515632	0.4319012658227848	0.024612385321100917	0.8500742451800655	0.8918169380017841	0.09837433155080215	0.5795954909232871	0.3429705099778271	0.024612385321100917	0.20760110548134503	0.04502517482517483	0.25856321525885556	0.024612385321100917	0.6923003373493977	0.03571048252911814	0.27111174471299093	0.6131718973418882	0.14230379746835442	0.024612385321100917	0.6199743044189853	0.7726380303456026	0.11383663366336634	0.9619830169929444	0.07671849865951744	0.2397019892250311	0.7430495861661248	0.05974944320712695
g__Fusicatenibacter	0.35769999999999996	0.0882483552631579	0.7889165094339623	0.8556719841555636	0.17884999999999998	0.5243504504504505	0.8918169380017841	0.9315554490518858	0.9221739711497667	0.8454013893967093	0.04502517482517483	0.3241767696909272	0.16195472330911123	0.47665429440674	0.7398212851405623	0.9426606641385671	0.14230379746835442	0.6672480769230769	0.7595737951807229	0.6121023866348448	0.21693396226415096	0.8634735207275305	0.8933148626098565	0.5782909890539484	0.6698537880060473	0.885219620467638	0.5708840818759936	0.3813728571428571	0.802988467614534	0.7930670687575392	0.5271448909790509	0.9191787565319398	0.4196335834896811	0.7386585201793723	0.57698291250734	0.43377695282289247	0.8072015893694633	0.84315	0.25013079710144925	0.17591803278688525	0.7672589108910891	0.7664999999999998	0.8088945157526254	0.9021076721311475	0.9134338031199569	0.8779238689726263	0.07147193149381541	0.3429705099778271	0.8611579679144385	0.639866719325961	0.25262026378896885	0.6838845814977974	0.9217201146375119	0.34239121686362184	0.8044391946659694	0.06570000000000001	0.09837433155080215	1.0	0.08247566182749785	0.2424411111111111	0.8226693676637638	0.17591803278688525	0.8041927729772193	0.38722639724849534	0.8693737806301051	0.8093414141414141	0.8749321383285303	0.5813404416037188	0.8511690265486725	0.8918169380017841	0.8309160849583902	0.8691316789862725	0.03571048252911814	0.6605940755873341	0.7976342712361648	0.3124354938271605	0.6020171082089553	0.9224576321353066	0.17591803278688525	0.718604108108108	0.15798754246885618	0.024612385321100917	0.43463855236139626	0.13884842883548984	0.839794441711756	0.8081025994281258	0.8936940719360569	0.7240549157733538	0.35067971962616823	0.08247566182749785	0.9401485811227637	0.45993716363636367	0.12632962720732505	0.7859961235038084	0.03571048252911814	0.614463230177623	0.9290092307692308	0.04502517482517483	0.9228115969581749	0.05292725030826141	0.13884842883548984	0.38722639724849534	0.8584030476873432	0.9711507606242026	0.4952395380434783	0.7743323768197088	0.40951088379705397	0.17252411575562698	0.6258946829531166	0.36387845454545453	0.1824435857805255	0.9996768412209466	0.9238099567556166	1.0	0.8918169380017841	0.9635543750000001	0.07671849865951744	0.08247566182749785	0.9885564446984852	0.703047932837003	0.8111186388244392	0.5336081400253058	0.8139429780684879	0.7656293482890812	0.17252411575562698	0.9448327300613496	0.6161367816091954	0.9309223600542063	0.28262230769230773	0.9915062417249858	0.3343414230019493	0.8936940719360569	0.8819316123907864	0.4651635193133047	0.6070441709844561	0.950391499949223	0.425324405076679	0.9050043790849673	0.5056342157953281	0.8898907446928	0.28262230769230773	0.8389906976744186	0.6212479019073569	0.10371970260223047	0.6905165217391305	0.8519118543607113	0.974697568359375
g__Fusobacterium_A	0.024612385321100917	0.4701490753911806	0.04502517482517483	0.12632962720732505	0.22007400802496657	0.024612385321100917	0.9156874342740637	0.9978582677165355	0.18769865067466268	0.06570000000000001	0.05292725030826141	0.3429705099778271	0.9367294178471719	0.7514202127659574	0.4922745624005456	0.5696571855095541	0.10910239651416123	0.3388919032258065	0.9474127522935779	0.03571048252911814	0.37279462109955425	0.03571048252911814	0.05974944320712695	0.04502517482517483	0.4456913326653307	0.7585627067452898	0.42607551342812006	0.8613541479023465	0.954166458815247	0.8511690265486725	0.8145879548949257	0.6005901630129287	0.808761511492014	0.9289555951383068	0.03571048252911814	0.16637209302325584	0.09398168789808917	0.7656293482890812	0.13086585365853656	0.5392484911986589	0.703047932837003	0.024612385321100917	0.07147193149381541	0.6737654805453941	0.1963302840635532	0.05292725030826141	0.024612385321100917	0.2424411111111111	0.6188105790240349	0.04502517482517483	0.09837433155080215	0.2474043354943274	0.3711497761862131	0.024612385321100917	0.7117123711340205	0.024612385321100917	0.03571048252911814	0.08247566182749785	1.0	0.18769865067466268	0.06570000000000001	0.024612385321100917	0.23097287989668533	0.18769865067466268	0.35769999999999996	0.05974944320712695	0.6824986252045827	0.7398212851405623	0.49997798206278027	0.9773544757281554	0.024612385321100917	0.5492435301378318	0.2133592408495255	0.4808126423425517	0.14595683027794204	0.2424411111111111	0.04502517482517483	0.14595683027794204	0.36387845454545453	0.17591803278688525	0.7631103423680456	0.23732019230769233	0.20501910531220877	0.22802211621856028	0.14595683027794204	0.7170614026939154	0.7467854938271605	0.04502517482517483	0.39151596377016695	0.1824435857805255	0.13447368421052633	0.3473481912551117	0.2875347715736041	0.07147193149381541	0.03571048252911814	0.08247566182749785	0.13447368421052633	0.16637209302325584	0.40951088379705397	0.46849353919239906	0.3388919032258065	0.6583974748336461	0.993292676029786	0.9283175594926093	0.03571048252911814	0.22218370044052863	0.8762438640798991	0.9264399915895711	0.6493421815671384	0.22218370044052863	0.7857149999999999	0.9509567696202531	0.43767580398162326	0.7673657348581109	0.9534707817687896	0.43463855236139626	0.0882483552631579	0.024612385321100917	0.7921596566523605	0.7999005586592179	0.9773544757281554	0.845123538743136	0.11383663366336634	0.933839338120512	0.11383663366336634	0.2760888349514563	0.03571048252911814	0.9483437951745902	0.024612385321100917	0.9828740248483098	0.23097287989668533	0.47124079413850156	0.05292725030826141	0.2474043354943274	0.3333459574468085	0.39479704890387857	0.954166458815247	0.6070441709844561	0.024612385321100917	0.7430495861661248	0.8268257668711656	0.2101243169398907	0.3147124957323319	0.024612385321100917	0.024612385321100917	0.42755007874015744	0.7412495177326013
g__Gallintestinimicrobium	0.4789866883872469	0.12632962720732505	0.3343414230019493	0.8010504911069817	0.17061348684210526	0.024612385321100917	0.9828740248483098	0.7862417649450996	0.8369013586956521	0.0882483552631579	0.9165847191011236	0.2569869838773103	0.3542754478072885	0.966299080846017	0.2875347715736041	0.653143254376931	0.024612385321100917	0.21693396226415096	0.5455760747663552	0.6005901630129287	0.8928163326653306	0.4607514609997585	0.10910239651416123	0.024612385321100917	0.6305511194029851	0.2760888349514563	0.5584122643421853	0.9175068062827225	0.8078628660679423	0.35067971962616823	0.2665296211251435	0.379461216730038	0.8912043804615728	0.9124009049773756	0.6487950726141078	0.8044391946659694	0.8389906976744186	0.8041927729772193	0.5903276867378049	0.7859633447098976	0.7012033021114462	0.3429705099778271	0.42199279446955595	1.0	0.6847416653087828	0.4722145583038869	0.06570000000000001	0.4055371060564538	0.9250004424778762	0.20501910531220877	0.05974944320712695	0.5094038275406951	0.8515408452409784	0.07147193149381541	0.7458234817216981	0.13884842883548984	0.2851950054684652	0.2424411111111111	0.18769865067466268	1.0	0.17591803278688525	0.05292725030826141	0.6521969061533174	0.32066752941176474	0.7201392081343398	0.7496784930504755	0.9891590089234858	0.5821785272516429	0.2133592408495255	0.9817613360323888	0.03571048252911814	0.7859961235038084	0.024612385321100917	0.04502517482517483	0.04502517482517483	0.05974944320712695	0.9534707817687896	0.43767580398162326	0.8164266360505167	0.8898907446928	0.8010504911069817	0.09837433155080215	0.22218370044052863	0.03571048252911814	0.2101243169398907	0.23529315589353614	0.86537471169687	0.06570000000000001	0.9534707817687896	0.7868431279620852	0.39479704890387857	0.49997798206278027	0.05292725030826141	0.05292725030826141	0.14230379746835442	0.1502590431738623	0.47665429440674	0.3844912955465587	0.9891590089234858	0.09837433155080215	0.6869650551589876	0.1988166270783848	0.8010504911069817	0.4889577813431126	0.17252411575562698	0.23097287989668533	0.628403984989278	0.16637209302325584	0.725674652406417	0.0882483552631579	0.49381592920353984	0.48196241019698727	0.9837094074644093	0.3343414230019493	0.6714288393903868	0.18769865067466268	0.06570000000000001	0.10371970260223047	0.5158730241672109	0.7999005586592179	0.950419567863664	0.9324791875	0.48196241019698727	0.6131718973418882	0.04502517482517483	0.2424411111111111	0.5325805960684845	0.8973468843057241	0.04502517482517483	0.45600190709046456	0.19387060546874998	0.8268257668711656	0.3886312500000001	0.44670097329673075	0.7859633447098976	0.11383663366336634	0.6229963251267198	0.2733064141035259	0.07147193149381541	0.37420434782608697	0.9567928578583592	0.05292725030826141	0.33135182505754684	0.3124354938271605	0.07147193149381541	0.4055371060564538	0.47492095639943743
g__Gemella	0.11832942798070298	0.9817613360323888	0.17252411575562698	0.16195472330911123	0.3343414230019493	0.2133592408495255	0.5482766597938145	0.926983420886741	0.20180535966149507	0.07671849865951744	0.9597029309141661	0.5167468085106384	0.9861918437679494	0.41489715909090913	0.9848069620253165	0.9448327300613496	0.17252411575562698	0.7398212851405623	0.9683480200945627	0.11832942798070298	0.9888112400152148	0.5243504504504505	0.03571048252911814	0.03571048252911814	0.29601448300283284	0.5525762479541735	0.17884999999999998	0.6744283864541832	0.5821785272516429	0.4304635397771443	0.7889165094339623	0.23312330345710627	0.7170614026939154	0.7896178133836004	0.3429705099778271	0.6277202685765443	0.13447368421052633	0.4776008397480756	0.1988166270783848	0.9431804875550547	0.420593356456777	0.6461336748871136	0.04502517482517483	0.9584044650884028	0.45993716363636367	0.17884999999999998	0.16637209302325584	0.9714412180052957	0.8802763903104743	0.1963302840635532	0.08247566182749785	0.6838845814977974	0.2249292576419214	0.024612385321100917	0.8607009991673605	0.5821785272516429	0.20180535966149507	0.8226693676637638	0.06570000000000001	0.17591803278688525	1.0	0.05974944320712695	0.7570903379549394	0.024612385321100917	0.6429219755244756	0.23732019230769233	0.19387060546874998	0.8731334681146027	0.40330279314159295	0.8532257959479016	0.03571048252911814	0.28262230769230773	0.15798754246885618	0.678603956478734	0.07671849865951744	0.23529315589353614	0.11832942798070298	0.4488089197224975	0.9177708368915457	0.06570000000000001	0.7694181472081218	0.20760110548134503	0.801876923076923	0.43767580398162326	0.5136606431852986	0.8970537867078826	0.9474127522935779	0.27111174471299093	0.7726380303456026	0.6346820462979326	0.03571048252911814	0.845123538743136	0.5813404416037188	0.16195472330911123	0.9888112400152148	0.17884999999999998	0.49846603773584913	0.7023493972081218	0.4196335834896811	0.6714288393903868	0.08247566182749785	0.7782250730079265	0.3620529053848494	0.545990436762575	0.0882483552631579	0.7664999999999998	0.6824986252045827	0.8111186388244392	0.5813404416037188	0.32066752941176474	0.7361572199730094	0.420593356456777	0.4304635397771443	0.9906164344611885	0.8918169380017841	0.6572393851409052	0.739545149754135	0.3831609238814642	0.6461336748871136	0.993292676029786	0.9567928578583592	0.9996768412209466	0.5158730241672109	0.26898931152529476	0.5708840818759936	0.28880772547610495	0.03571048252911814	0.9802745137880988	0.024612385321100917	0.8710283970707893	0.43377695282289247	0.8341753686036426	0.2569869838773103	0.2911987486592778	0.05974944320712695	0.024612385321100917	0.9100724634542502	0.1824435857805255	0.024612385321100917	0.36568967702988225	0.8361955995055624	0.37420434782608697	0.8571697749581039	0.10371970260223047	0.11832942798070298	0.3886312500000001	0.5325805960684845
g__Gemmiger	0.2397019892250311	0.2101243169398907	0.03571048252911814	0.11383663366336634	0.024612385321100917	0.024612385321100917	0.9365882620846703	0.59307175066313	0.2424411111111111	0.024612385321100917	0.06570000000000001	0.2733064141035259	0.7407563530985288	0.5708840818759936	0.33135182505754684	0.4651635193133047	0.10371970260223047	0.5848961959654179	0.8038720431522168	0.024612385321100917	0.8181208306790675	0.5307365200764819	0.024612385321100917	0.024612385321100917	0.90837536121673	0.900277769239214	0.3294480832782551	0.715844347826087	0.8111186388244392	0.5795954909232871	0.6761951324503311	0.23529315589353614	0.4956492557510149	0.6931334188994064	0.15391566265060241	0.024612385321100917	0.024612385321100917	0.7424511617581767	0.024612385321100917	0.024612385321100917	0.8589150232502683	0.906256359482102	0.03571048252911814	0.4776008397480756	0.03571048252911814	0.3901349914724276	0.024612385321100917	0.3473481912551117	0.5799919618528611	0.024612385321100917	0.05974944320712695	0.024612385321100917	0.8579408182796986	0.024612385321100917	0.7847449779856907	0.08247566182749785	0.024612385321100917	0.17591803278688525	0.024612385321100917	0.05292725030826141	0.05974944320712695	1.0	0.6477236801107842	0.024612385321100917	0.5432624687239366	0.09398168789808917	0.49846603773584913	0.8912043804615728	0.15798754246885618	0.2569869838773103	0.024612385321100917	0.7573276384083045	0.024612385321100917	0.7301237288135594	0.024612385321100917	0.03571048252911814	0.13447368421052633	0.4456913326653307	0.8613541479023465	0.024612385321100917	0.2614174670797831	0.024612385321100917	0.05292725030826141	0.024612385321100917	0.23097287989668533	0.9952543694794211	0.9357227324556857	0.05292725030826141	0.979899893493416	0.9915062417249858	0.024612385321100917	0.22218370044052863	0.07147193149381541	0.04502517482517483	0.05974944320712695	0.024612385321100917	0.08247566182749785	0.18769865067466268	0.9885564446984852	0.13447368421052633	0.07671849865951744	0.33695200907323397	0.49846603773584913	0.6698537880060473	0.024612385321100917	0.024612385321100917	0.4500182267226476	0.5083852668725187	0.21693396226415096	0.4304635397771443	0.2665296211251435	0.9841645059060788	0.6615199931995919	0.5149942794759825	0.6224057873730042	0.6487950726141078	0.024612385321100917	0.024612385321100917	0.7424511617581767	0.4078073597811217	0.36387845454545453	0.6131718973418882	0.09837433155080215	0.8072015893694633	0.7623407825217764	0.3241767696909272	0.5223237335632679	0.9058772950016334	0.024612385321100917	0.379461216730038	0.08247566182749785	0.914463816072196	0.07671849865951744	0.35769999999999996	0.5957847965335343	0.09398168789808917	0.966299080846017	0.5243504504504505	0.024612385321100917	0.9858251748251748	0.9891590089234858	0.16195472330911123	0.8347809358752166	0.024612385321100917	0.024612385321100917	0.7859633447098976	0.718055777262181
g__Gordonibacter	0.6461336748871136	0.5662927156293777	0.5615234132581101	0.8795360414767549	0.8010504911069817	0.4607514609997585	0.6698537880060473	0.8081025994281258	0.5363244640605297	0.07671849865951744	0.6510238472126635	0.9773544757281554	0.1222701072386059	0.48196241019698727	0.9474127522935779	0.5192643891891892	0.9773544757281554	0.8111186388244392	0.8515408452409784	0.6493421815671384	0.5167468085106384	0.4922745624005456	0.45993716363636367	0.7558464601129289	0.9913351632749645	0.7660652913653764	0.14230379746835442	0.574165557306026	0.9865464449541285	0.5640294637477404	0.9021076721311475	0.8691316789862725	0.25013079710144925	0.3241767696909272	0.9050043790849673	0.7859961235038084	0.7496784930504755	0.8761941176470589	0.7023493972081218	0.17591803278688525	0.8756644354838711	0.23312330345710627	0.555864490543014	0.5418157861766548	0.7856440922190201	0.967663717076058	0.35769999999999996	0.5158730241672109	0.9891590089234858	0.5627784550392275	0.9624755288509287	0.941000728952772	0.6947931829092654	0.7450104028331119	0.8298996141879277	0.6188105790240349	0.6794768850839644	0.8041927729772193	0.23097287989668533	0.6521969061533174	0.7570903379549394	0.6477236801107842	1.0	0.7765363560384455	0.15391566265060241	0.32232439024390247	0.8296999501495512	0.7461953642384105	0.8262087503143073	0.7553864723792953	0.7073087653157398	0.8652319194061506	0.8202540410438308	0.9120538976462966	0.9260907196969698	0.6229963251267198	0.9109168864864865	0.6817465333551878	0.9871002961123315	0.3165390020366599	0.4776008397480756	0.9989336954485859	0.801876923076923	0.57698291250734	0.3886312500000001	0.4534151008362027	0.7765363560384455	0.900277769239214	0.9357227324556857	0.9714412180052957	0.9152233891752577	0.8921182243511195	0.9443148250460405	0.935864989127058	0.5948838618346546	0.8361955995055624	0.7439758564678085	0.9165847191011236	0.9691325636238577	1.0	0.6240572535591999	0.8645787407145384	0.20501910531220877	0.8693737806301051	0.6894546421663442	0.5662927156293777	0.8918169380017841	0.6212479019073569	0.34874910853925556	0.7703881217415809	0.824650937932771	0.64194375	0.9888112400152148	0.5876939255014327	0.9938168470588234	0.861604794034091	0.8695098822981004	0.49381592920353984	0.9744096565893748	0.9873708122554166	0.7336401173285199	0.8684840084536809	0.1222701072386059	0.9109168864864865	0.9401485811227637	0.03571048252911814	0.7999005586592179	0.6710927492447131	0.5671916333865815	0.841579958297559	0.10910239651416123	0.20501910531220877	0.4181021511158914	0.84315	0.3294480832782551	0.8093414141414141	0.4055371060564538	0.8145879548949257	0.5848961959654179	0.7573276384083045	0.9674640699052134	0.5865404055863784	0.25856321525885556	0.6383404438964241	0.8291892964071855	0.8487435295548528	0.9352890248962654
g__Granulicatella	0.024612385321100917	0.8903959932659933	0.4889577813431126	0.20180535966149507	0.3268740139211137	0.08247566182749785	0.7047730088495576	0.735319948964275	0.6737654805453941	0.14595683027794204	0.6510238472126635	0.20760110548134503	0.9969679054054054	0.28262230769230773	0.8291892964071855	0.8044391946659694	0.639866719325961	0.7108133854573886	0.9624755288509287	0.1963302840635532	0.4534151008362027	0.2875347715736041	0.04502517482517483	0.1502590431738623	0.4952395380434783	0.40330279314159295	0.25477086801426874	0.32066752941176474	0.5671916333865815	0.9137035898538263	0.5948838618346546	0.05974944320712695	0.43767580398162326	0.8006889154704945	0.36568967702988225	0.901338208889862	0.05974944320712695	0.8041927729772193	0.05292725030826141	0.8731334681146027	0.9095212325051535	0.6761951324503311	0.05292725030826141	0.6240351952277656	0.2911987486592778	0.5066689150210784	0.12632962720732505	0.7790673197165485	0.4776008397480756	0.7941341802621021	0.5083852668725187	0.6229963251267198	0.5439122245322245	0.024612385321100917	0.7078824654956085	0.22218370044052863	0.0882483552631579	0.38722639724849534	0.18769865067466268	0.32066752941176474	0.024612385321100917	0.024612385321100917	0.7765363560384455	1.0	0.22218370044052863	0.10910239651416123	0.5325805960684845	0.9175068062827225	0.7728427068723702	0.2733064141035259	0.06570000000000001	0.09398168789808917	0.17884999999999998	0.8081025994281258	0.05292725030826141	0.725674652406417	0.40951088379705397	0.14230379746835442	0.9885564446984852	0.13884842883548984	0.9572167883211679	0.2911987486592778	0.6802356731875719	0.7278955953827461	0.4055371060564538	0.9683402129967459	0.5762359623307828	0.5751461674528302	0.7859633447098976	0.9339841147728455	0.3964758823529412	0.1988166270783848	0.1988166270783848	0.11832942798070298	0.5271448909790509	0.04502517482517483	0.6277202685765443	0.9381181714993293	0.5848961959654179	0.8202540410438308	0.11832942798070298	0.8041927729772193	0.9863692969870874	0.8762438640798991	0.1963302840635532	0.43767580398162326	0.8369013586956521	0.6572393851409052	0.13447368421052633	0.32066752941176474	0.9996768412209466	0.6070441709844561	0.6240351952277656	0.7278955953827461	0.9930481586402267	0.7216667588750577	0.5813404416037188	0.6754249046592605	0.748875439367311	0.8469848326232502	0.700500572337043	0.9841645059060788	0.6466496880415944	0.4808126423425517	0.9969679054054054	0.05292725030826141	0.05974944320712695	0.901338208889862	0.024612385321100917	0.7073087653157398	0.5948838618346546	0.27111174471299093	0.5876939255014327	0.10371970260223047	0.5192643891891892	0.024612385321100917	0.9691325636238577	0.2424411111111111	0.03571048252911814	0.7424511617581767	0.7765363560384455	0.25856321525885556	0.9947133590298016	0.024612385321100917	0.7285295919915061	0.3080332063711912	0.13447368421052633
g__Guopingia	0.05974944320712695	0.03571048252911814	0.38722639724849534	0.9683480200945627	0.993292676029786	0.07671849865951744	0.9046237679895334	0.18769865067466268	0.7073087653157398	0.611591958041958	0.6732124937531234	0.7142863636363636	0.03571048252911814	0.31003130165289255	0.17884999999999998	0.4055371060564538	0.7534498690337602	0.29601448300283284	0.9224576321353066	0.6714288393903868	0.9919582230623818	0.9744096565893748	0.2733064141035259	0.17252411575562698	0.6277202685765443	0.8831643399433426	0.024612385321100917	0.024612385321100917	0.7986392642942822	0.9635543750000001	0.8791146555656935	0.8802763903104743	0.6931334188994064	0.4127755218216319	0.5405909623430962	0.16637209302325584	0.7631103423680456	0.8164266360505167	0.7859961235038084	0.75619579358196	0.927234092578986	0.6510238472126635	0.9619830169929444	0.18577087576374746	0.14230379746835442	0.42607551342812006	0.3429705099778271	0.941000728952772	0.5105290322580646	0.8353854545454544	0.8719326034063261	0.9947133590298016	0.4808126423425517	0.6052005013927577	0.2760888349514563	0.42338259141494433	0.5848961959654179	0.8693737806301051	0.35769999999999996	0.7201392081343398	0.6429219755244756	0.5432624687239366	0.15391566265060241	0.22218370044052863	1.0	0.11383663366336634	0.7851411788953009	0.9873708122554166	0.7868431279620852	0.024612385321100917	0.5083852668725187	0.9483437951745902	0.9777318424371787	0.8111186388244392	0.7249211564938044	0.5653898315282792	0.8791146555656935	0.44748056660039764	0.17591803278688525	0.6698537880060473	0.1963302840635532	0.5653898315282792	0.7834088652971184	0.748875439367311	0.34081435452793835	0.9832446583253127	0.9274842911073826	0.32066752941176474	0.42607551342812006	0.8607009991673605	0.34239121686362184	0.7672589108910891	0.5696571855095541	0.6015863636363636	0.6224057873730042	0.44138625568468925	0.8979362063264631	0.7342602523659306	0.9309223600542063	0.8221450915982312	0.5192643891891892	0.28880772547610495	0.11383663366336634	0.6887240677966101	0.18577087576374746	0.4319012658227848	0.4127755218216319	0.5782909890539484	0.9301395072040092	0.7398212851405623	0.5708840818759936	0.9534707817687896	0.3542754478072885	0.816307320812572	0.8712630094043888	0.3711497761862131	0.38722639724849534	0.46660960989533773	0.8527543819410912	0.8408825825457222	0.9735481093260188	0.6728820701168614	0.3429705099778271	0.9534707817687896	0.8500742451800655	0.03571048252911814	0.4722145583038869	0.7859961235038084	0.1502590431738623	0.5957847965335343	0.05292725030826141	0.3831609238814642	0.4956492557510149	0.2133592408495255	0.9891590089234858	0.7090094969440527	0.6672480769230769	0.5894060137457044	0.9381181714993293	0.893992148164578	0.764100938967136	0.920614645552131	0.993292676029786	0.08247566182749785	0.6923003373493977	0.9817613360323888	0.7755995111731844
g__Haemophilus_D	0.22218370044052863	0.4956492557510149	0.07671849865951744	0.5737471262097571	0.15798754246885618	0.19387060546874998	0.6732124937531234	0.10910239651416123	0.2397019892250311	0.7230759656652361	0.024612385321100917	0.8973468843057241	0.44138625568468925	0.9339841147728455	0.20760110548134503	0.25013079710144925	0.57698291250734	0.9891590089234858	0.5640294637477404	0.2101243169398907	0.841579958297559	0.9996768412209466	0.25477086801426874	0.6931334188994064	0.29387959401709396	0.7193726052753354	0.420593356456777	0.22802211621856028	0.9809217353537304	0.3813728571428571	0.555864490543014	0.8795360414767549	0.03571048252911814	0.9172422673796792	0.7728427068723702	0.8538575742991217	0.28880772547610495	0.06570000000000001	0.16637209302325584	0.5525762479541735	0.8819316123907864	0.44456229260935143	0.8613541479023465	0.18577087576374746	0.13884842883548984	0.3620529053848494	0.3856983884892086	0.42755007874015744	0.967663717076058	0.4055371060564538	0.5728722684085511	0.09837433155080215	0.05292725030826141	0.03571048252911814	0.5455760747663552	0.1963302840635532	0.7047730088495576	0.8093414141414141	0.05974944320712695	0.7496784930504755	0.23732019230769233	0.09398168789808917	0.32232439024390247	0.10910239651416123	0.11383663366336634	1.0	0.47665429440674	0.8912043804615728	0.17061348684210526	0.04502517482517483	0.09398168789808917	0.47124079413850156	0.06570000000000001	0.5149942794759825	0.05974944320712695	0.4043693641618497	0.18769865067466268	0.41109241435562804	0.3813728571428571	0.024612385321100917	0.18577087576374746	0.024612385321100917	0.05974944320712695	0.27111174471299093	0.5105290322580646	0.9305797809076684	0.43767580398162326	0.42338259141494433	0.9392939765238879	0.3844912955465587	0.03571048252911814	0.2760888349514563	0.420593356456777	0.4181021511158914	0.07147193149381541	0.244941976316864	0.8728012374233839	0.38722639724849534	0.3241767696909272	0.8492223936816525	0.7149551686615886	0.9906164344611885	0.6131718973418882	0.7216667588750577	0.13447368421052633	0.024612385321100917	0.9172422673796792	0.9518770327669903	0.8761941176470589	0.5283094709897611	0.8731334681146027	0.7765363560384455	0.6829136883371447	0.8594771622587563	0.1963302840635532	0.29387959401709396	0.48570855565777366	0.12632962720732505	0.739545149754135	0.7450104028331119	0.6737654805453941	0.9841645059060788	0.7479229582843713	0.3343414230019493	0.4488089197224975	0.3124354938271605	0.03571048252911814	0.8268257668711656	0.03571048252911814	0.8762438640798991	0.43377695282289247	0.26898931152529476	0.024612385321100917	0.8749321383285303	0.3388919032258065	0.024612385321100917	0.6299876602564102	0.6240572535591999	0.10371970260223047	0.04502517482517483	0.8426620225269343	0.6869650551589876	0.6913539080090061	0.024612385321100917	0.23529315589353614	0.8426620225269343	0.718055777262181
g__Holdemanella	0.8164266360505167	0.8020636579572447	0.8291892964071855	0.6288607060082011	0.6887240677966101	0.6774110173697271	0.8784703200000001	0.4922745624005456	0.13884842883548984	0.6487950726141078	0.7884265956011334	0.7872302231237323	0.8997911667765326	0.8188729537366549	0.7921596566523605	0.6212479019073569	0.9250004424778762	0.6714288393903868	0.05974944320712695	0.14595683027794204	0.8825483955096949	0.5640294637477404	0.15391566265060241	0.7631103423680456	0.7023493972081218	0.9714412180052957	0.9817613360323888	0.17591803278688525	0.739545149754135	0.3333459574468085	0.04502517482517483	0.14230379746835442	0.3964758823529412	0.3057998956158664	0.4390699236641222	0.05974944320712695	0.48196241019698727	0.2474043354943274	0.25856321525885556	0.05974944320712695	0.9175068062827225	0.5336081400253058	0.06570000000000001	0.86537471169687	0.04502517482517483	0.7615597966198796	0.7230759656652361	0.2101243169398907	0.7803146402329127	0.9841645059060788	0.25262026378896885	0.6894546421663442	0.9691325636238577	0.43463855236139626	0.9352890248962654	0.6824986252045827	0.1988166270783848	0.8749321383285303	0.6824986252045827	0.9891590089234858	0.19387060546874998	0.49846603773584913	0.8296999501495512	0.5325805960684845	0.7851411788953009	0.47665429440674	1.0	0.25262026378896885	0.3980323471950879	0.23529315589353614	0.06570000000000001	0.7834088652971184	0.7137269410664171	0.9534707817687896	0.5615234132581101	0.11383663366336634	0.03571048252911814	0.23732019230769233	0.9367294178471719	0.34239121686362184	0.25477086801426874	0.3388919032258065	0.8879618323191345	0.8594771622587563	0.6084669439822518	0.6466496880415944	0.7393783965362796	0.9563885425020048	0.7509507443082312	0.5243504504504505	0.024612385321100917	0.8936940719360569	0.49846603773584913	0.4362731182795699	0.9991900617630545	0.42890316505362275	0.7573276384083045	0.9902563543247344	0.07671849865951744	0.9381181714993293	0.7765363560384455	0.949880510110761	0.781340271055179	0.9989336954485859	0.024612385321100917	0.7884265956011334	0.6663370945945946	0.9222361690857083	0.14595683027794204	0.2133592408495255	0.3522668629882207	0.7371031460674158	0.7795834721065777	0.9346139027431422	0.6583974748336461	0.8020636579572447	0.8088945157526254	0.9718264504116033	0.9991900617630545	0.9422368307692308	0.03571048252911814	0.956271432871764	0.7620053632723113	0.4512197932053176	0.9683480200945627	0.7664999999999998	0.974697568359375	0.7278955953827461	0.11832942798070298	0.830614898644447	0.3813728571428571	0.9422368307692308	0.7223168508287293	0.9924096920460985	0.2569869838773103	0.10910239651416123	0.7615597966198796	0.7553864723792953	0.024612385321100917	0.8831643399433426	0.4488089197224975	0.9871002961123315	0.15798754246885618	0.14230379746835442	0.5105290322580646	0.6020171082089553	0.9509567696202531
g__Holdemania	0.9518770327669903	0.8240261340725807	0.8114558959835222	0.4500182267226476	0.626696557288865	0.9483437951745902	0.645390866388309	0.45993716363636367	0.8099181712514529	0.7826847226055755	0.8936139475438986	0.9124009049773756	0.8408825825457222	0.2474043354943274	0.5821785272516429	0.8568083043738766	0.8918169380017841	0.9773544757281554	0.5243504504504505	0.9771682003891051	0.9802745137880988	0.4043693641618497	0.5575933143669985	0.2851950054684652	0.7862417649450996	0.5312106288376033	0.8309160849583902	0.4512197932053176	0.961585531026253	0.6005901630129287	0.8910003701211305	0.22218370044052863	0.9841645059060788	0.949880510110761	0.7142863636363636	0.8532257959479016	0.8298996141879277	0.7719981012658227	0.6335694798301486	0.37809194828092857	0.7073087653157398	0.18769865067466268	0.06570000000000001	0.545990436762575	0.9452534075814857	0.976220013634593	0.7765363560384455	0.949368896797153	0.7859961235038084	0.9938168470588234	0.8041927729772193	0.9919582230623818	0.44308994202167884	0.9137035898538263	0.4534151008362027	0.9426606641385671	0.20760110548134503	0.5813404416037188	0.7398212851405623	0.5821785272516429	0.8731334681146027	0.8912043804615728	0.7461953642384105	0.9175068062827225	0.9873708122554166	0.8912043804615728	0.25262026378896885	1.0	0.5728722684085511	0.9534707817687896	0.49381592920353984	0.4362731182795699	0.8207816249050874	0.4403438498605123	0.9407682766416606	0.6728820701168614	0.9934613863251083	0.6864491467576792	0.643897468575419	0.926983420886741	0.6847416653087828	0.9379787418655097	0.7859961235038084	0.5513961262553801	0.6968226222717858	0.23732019230769233	0.7872302231237323	0.9426606641385671	0.5829006363285769	0.6249774559193955	0.7090094969440527	0.34874910853925556	0.8088945157526254	0.9534707817687896	0.7851411788953009	0.5167468085106384	0.8603455941890926	0.5027610093791871	0.6092119372693726	0.9210699022939677	0.48570855565777366	0.7170614026939154	0.7595737951807229	0.9534707817687896	0.15391566265060241	0.9602151771496815	0.7765363560384455	0.9996768412209466	0.5492435301378318	0.718604108108108	0.950419567863664	0.9401485811227637	0.43463855236139626	0.8724683144246355	0.13447368421052633	0.7857149999999999	0.9652160360538827	0.7573276384083045	0.8970537867078826	0.8745015922464521	0.5799919618528611	0.7278955953827461	0.23529315589353614	0.425324405076679	0.7317695967376528	0.49083936218678814	0.8207816249050874	0.6224057873730042	0.44138625568468925	0.4500182267226476	0.9930481586402267	0.6737654805453941	0.2474043354943274	0.7656293482890812	0.8589150232502683	0.7573276384083045	0.9624755288509287	0.5312106288376033	0.2988619484645252	0.17884999999999998	0.4304635397771443	0.8315259865971704	0.9765993284671534	0.6615199931995919	0.7713567304984511	0.7078824654956085	0.5799919618528611
g__Hominenteromicrobium	0.8154405685747216	0.17591803278688525	0.05292725030826141	0.7795834721065777	0.7728427068723702	0.024612385321100917	0.1963302840635532	0.927234092578986	0.688436525396312	0.10371970260223047	0.7847449779856907	0.3429705099778271	0.9509567696202531	0.8693737806301051	0.3844912955465587	0.7170614026939154	1.0	0.17884999999999998	0.6092119372693726	0.03571048252911814	0.6020171082089553	0.7728427068723702	0.47318192063864756	0.4055371060564538	0.7047730088495576	0.6968226222717858	0.05292725030826141	0.42755007874015744	0.9771682003891051	0.8052105029392554	0.9978582677165355	0.28880772547610495	0.1824435857805255	0.5192643891891892	0.555864490543014	0.35594063940977555	0.03571048252911814	0.688436525396312	0.3980323471950879	0.941000728952772	0.8630215510107578	0.3831609238814642	0.34527593937480267	0.32232439024390247	0.17252411575562698	0.8160832139201638	0.3980323471950879	0.8527543819410912	0.5243504504504505	0.993292676029786	0.46144848484848483	0.04502517482517483	0.9221739711497667	0.04502517482517483	0.9346139027431422	0.4547123099558607	0.07147193149381541	0.8511690265486725	0.49997798206278027	0.2133592408495255	0.40330279314159295	0.15798754246885618	0.8262087503143073	0.7728427068723702	0.7868431279620852	0.17061348684210526	0.3980323471950879	0.5728722684085511	1.0	0.05974944320712695	0.024612385321100917	0.7765363560384455	0.3333459574468085	0.2474043354943274	0.2101243169398907	0.2397019892250311	0.06570000000000001	0.05974944320712695	0.8095778352515195	0.024612385321100917	0.5492435301378318	0.2788464312267658	0.44308994202167884	0.39151596377016695	0.8006889154704945	0.9381181714993293	0.8693707136997539	0.7635519230769231	0.26898931152529476	0.8954752707182321	0.024612385321100917	0.4873919173363949	0.6630270462633451	0.3429705099778271	0.5167468085106384	0.2875347715736041	0.941812388381402	0.2760888349514563	0.14230379746835442	0.5083852668725187	0.47665429440674	0.18769865067466268	0.9930481586402267	0.9070291680261012	0.18769865067466268	0.18577087576374746	0.7623407825217764	0.7851411788953009	0.8111186388244392	0.03571048252911814	0.3241767696909272	0.9996768412209466	0.38722639724849534	0.8910003701211305	0.5243504504504505	0.4403438498605123	0.35594063940977555	0.8519118543607113	0.9898018599354715	0.8553078947368421	0.949242961832061	0.7553864723792953	0.5653898315282792	0.39151596377016695	0.8835793388429751	0.8771971464588586	0.5813404416037188	0.7921596566523605	0.1222701072386059	0.8936940719360569	0.23312330345710627	0.35067971962616823	0.5594535100141614	0.545990436762575	0.17252411575562698	0.2788464312267658	0.9468014380418154	0.48570855565777366	0.7558464601129289	0.07147193149381541	0.3080332063711912	0.2133592408495255	0.7201392081343398	0.17591803278688525	0.07671849865951744	0.9422368307692308	0.49997798206278027
g__Hominibacterium	0.7216667588750577	0.2101243169398907	0.07147193149381541	0.7509507443082312	0.6561911080711353	0.0882483552631579	0.9828740248483098	0.03571048252911814	0.3333459574468085	0.6754249046592605	0.5105290322580646	0.57698291250734	0.3856983884892086	0.626696557288865	0.3844912955465587	0.7728427068723702	0.9848069620253165	0.935864989127058	0.7285295919915061	0.6005901630129287	0.7551444444444445	0.10910239651416123	0.1908675889328063	0.17252411575562698	0.17884999999999998	0.9848069620253165	0.3522668629882207	0.024612385321100917	0.8641285613124041	0.9228115969581749	0.6829136883371447	0.7407563530985288	0.3057998956158664	0.43463855236139626	0.9563885425020048	0.22007400802496657	0.33135182505754684	0.7167315960912052	0.41109241435562804	0.628403984989278	0.8997911667765326	0.650184318455971	0.8768717792818631	0.7269545329879629	0.03571048252911814	0.5283094709897611	0.49683685039370085	0.7054654568407764	0.8731334681146027	0.8634735207275305	0.6466496880415944	0.08247566182749785	0.3831609238814642	0.628403984989278	0.5865404055863784	0.41109241435562804	0.5539782839632278	0.8918169380017841	0.9773544757281554	0.9817613360323888	0.8532257959479016	0.2569869838773103	0.7553864723792953	0.2733064141035259	0.024612385321100917	0.04502517482517483	0.23529315589353614	0.9534707817687896	0.05974944320712695	1.0	0.3901349914724276	0.7278955953827461	0.9050043790849673	0.9534707817687896	0.6761951324503311	0.6905165217391305	0.42607551342812006	0.6383404438964241	0.425324405076679	0.37420434782608697	0.024612385321100917	0.1824435857805255	0.555864490543014	0.8693737806301051	0.583844053117783	0.5513961262553801	0.824650937932771	0.7240549157733538	0.8315259865971704	0.9098957398373984	0.024612385321100917	0.739545149754135	0.8515408452409784	0.5439122245322245	0.459116524701874	0.9601983760087676	0.28880772547610495	0.8710283970707893	0.5627784550392275	0.19387060546874998	0.46371051625239	0.8426620225269343	0.024612385321100917	0.4607514609997585	0.024612385321100917	0.2733064141035259	0.5271448909790509	0.949368896797153	0.6732124937531234	0.36737628494138863	0.23312330345710627	0.9919582230623818	0.17884999999999998	0.9584044650884028	0.9438929149175797	0.8568083043738766	0.4607514609997585	0.9984897863568216	0.3522668629882207	0.21693396226415096	0.8771971464588586	0.8532257959479016	0.9690303039244615	0.9050043790849673	0.420593356456777	0.4607514609997585	0.6698537880060473	0.9109168864864865	0.7412495177326013	0.8188729537366549	0.6240572535591999	0.08247566182749785	0.8724683144246355	0.5821785272516429	0.5762359623307828	0.6817465333551878	0.024612385321100917	0.4651635193133047	0.8122099819912529	0.3080332063711912	0.7682300042319085	0.7620053632723113	0.9203544893617022	0.024612385321100917	0.9203544893617022	0.7840236193361796	0.8025266113088177
g__Hominicoprocola	0.03571048252911814	0.7884265956011334	0.024612385321100917	0.4319012658227848	0.5762359623307828	0.024612385321100917	0.379461216730038	0.8268257668711656	0.04502517482517483	0.03571048252911814	0.5821785272516429	0.024612385321100917	0.34239121686362184	0.5083852668725187	0.6894546421663442	0.8613541479023465	0.2665296211251435	0.11832942798070298	0.4403438498605123	0.024612385321100917	0.6288607060082011	0.25262026378896885	0.024612385321100917	0.024612385321100917	0.45750702439024393	0.28262230769230773	0.024612385321100917	0.06570000000000001	0.6020171082089553	0.36737628494138863	0.7862417649450996	0.04502517482517483	0.05974944320712695	0.5603774121921679	0.09837433155080215	0.6240351952277656	0.03571048252911814	0.14595683027794204	0.07147193149381541	0.10371970260223047	0.244941976316864	0.4294633879781421	0.024612385321100917	0.23732019230769233	0.0882483552631579	0.17252411575562698	0.024612385321100917	0.2788464312267658	0.23097287989668533	0.6778406141654284	0.024612385321100917	0.05292725030826141	0.7012033021114462	0.024612385321100917	0.28880772547610495	0.07147193149381541	0.024612385321100917	0.8309160849583902	0.024612385321100917	0.03571048252911814	0.03571048252911814	0.024612385321100917	0.7073087653157398	0.06570000000000001	0.5083852668725187	0.09398168789808917	0.06570000000000001	0.49381592920353984	0.024612385321100917	0.3901349914724276	1.0	0.024612385321100917	0.23097287989668533	0.9172422673796792	0.024612385321100917	0.03571048252911814	0.04502517482517483	0.024612385321100917	0.1222701072386059	0.024612385321100917	0.5336081400253058	0.024612385321100917	0.04502517482517483	0.17252411575562698	0.18577087576374746	0.3886312500000001	0.15798754246885618	0.024612385321100917	0.8078628660679423	0.9164170540974825	0.024612385321100917	0.11383663366336634	0.3886312500000001	0.024612385321100917	0.20501910531220877	0.024612385321100917	0.10371970260223047	0.639866719325961	0.41109241435562804	0.12632962720732505	0.9392666666666667	0.37279462109955425	0.7719981012658227	0.3057998956158664	0.024612385321100917	0.05974944320712695	0.6199743044189853	0.3693804373876573	0.2665296211251435	0.024612385321100917	0.9191787565319398	0.5782909890539484	0.11832942798070298	0.5915833872502378	0.8944875166002656	0.5377886253934943	0.04502517482517483	0.1908675889328063	0.5513961262553801	0.7896178133836004	0.9891590089234858	0.9910699062233589	0.024612385321100917	0.11383663366336634	0.5615234132581101	0.06570000000000001	0.14595683027794204	0.8553078947368421	0.024612385321100917	0.9386443436114262	0.06570000000000001	0.823192586054722	0.05292725030826141	0.2101243169398907	0.024612385321100917	0.03571048252911814	0.8125451438848922	0.024612385321100917	0.024612385321100917	0.2424411111111111	0.7857149999999999	0.024612385321100917	0.46258302565332055	0.07147193149381541	0.024612385321100917	0.7439758564678085	0.14230379746835442
g__Hominifimenecus	0.39151596377016695	0.5180643120260021	0.45750702439024393	0.8072015893694633	0.9640451219512196	0.8181208306790675	0.688436525396312	0.9978582677165355	0.489957449725777	0.8154405685747216	0.9683480200945627	0.4873919173363949	0.05974944320712695	0.6020171082089553	0.8041927729772193	0.8684840084536809	0.7479229582843713	0.4701490753911806	0.5482766597938145	0.15391566265060241	0.20760110548134503	0.49997798206278027	0.8353854545454544	0.6714288393903868	0.16195472330911123	0.07147193149381541	0.7862417649450996	0.8020636579572447	0.6824986252045827	0.9114857605877269	0.16637209302325584	0.024612385321100917	0.5859447065592636	0.6224057873730042	0.15391566265060241	0.7412495177326013	0.16637209302325584	0.4165608038845428	0.5550366360856268	0.5300331983805668	0.8798564940239044	0.6714288393903868	0.09398168789808917	0.42338259141494433	0.9257408593091828	0.30095012285012285	0.7847449779856907	0.8052105029392554	0.1908675889328063	0.603118982861401	0.7585627067452898	0.34874910853925556	0.7407563530985288	0.8589150232502683	0.6698537880060473	0.7170614026939154	0.244941976316864	0.8691316789862725	0.5492435301378318	0.7859961235038084	0.28262230769230773	0.7573276384083045	0.8652319194061506	0.09398168789808917	0.9483437951745902	0.47124079413850156	0.7834088652971184	0.4362731182795699	0.7765363560384455	0.7278955953827461	0.024612385321100917	1.0	0.9238099567556166	0.8693737806301051	0.06570000000000001	0.6778406141654284	0.4845779059040591	0.04502517482517483	0.614463230177623	0.688436525396312	0.8353854545454544	0.735319948964275	0.7803146402329127	0.8282684585573196	0.7682300042319085	0.28262230769230773	0.2101243169398907	0.7719981012658227	0.8903959932659933	0.8221450915982312	0.17061348684210526	0.8114558959835222	0.7585627067452898	0.1908675889328063	0.8375027027027027	0.5210213390928726	0.8994027050802726	0.9339841147728455	0.7278955953827461	0.9264399915895711	0.802988467614534	0.2665296211251435	0.9587102605050405	0.16637209302325584	0.2397019892250311	0.7551444444444445	0.8282684585573196	0.9098957398373984	0.11383663366336634	0.3124354938271605	0.9163472972972974	0.8041927729772193	0.10910239651416123	0.3844912955465587	0.7142863636363636	0.9597029309141661	0.6212479019073569	0.5821785272516429	0.5482766597938145	0.9744108776387803	0.9367294178471719	0.8944875166002656	0.2875347715736041	0.5848961959654179	0.9802745137880988	0.14595683027794204	0.5471923140495868	0.4488089197224975	0.1222701072386059	0.6992391982182629	0.47318192063864756	0.6346820462979326	0.3187748901655965	0.5418157861766548	0.09398168789808917	0.1908675889328063	0.25477086801426874	0.2101243169398907	0.2988619484645252	0.25013079710144925	0.37279462109955425	0.13884842883548984	0.7393783965362796	0.7336401173285199	0.6174187534171678	0.966299080846017	0.04502517482517483
g__Hominilimicola	0.3886312500000001	0.11832942798070298	0.40200274923632323	0.993292676029786	0.07147193149381541	0.024612385321100917	0.9943588899341487	0.8538575742991217	0.9844387294885327	0.10371970260223047	0.13884842883548984	0.4055371060564538	0.38722639724849534	0.9888112400152148	0.6829136883371447	0.8515408452409784	0.024612385321100917	0.7361572199730094	0.8798564940239044	0.3620529053848494	0.7393783965362796	0.9556521708542713	0.20760110548134503	0.18769865067466268	0.7859633447098976	0.7393783965362796	0.9224576321353066	0.5105290322580646	0.6615199931995919	0.42890316505362275	0.9224576321353066	0.9381181714993293	0.47492095639943743	0.9079	0.7795834721065777	0.6887240677966101	0.7336401173285199	0.9520256433545261	0.6258946829531166	0.9645352853745541	0.966299080846017	0.9913351632749645	0.09837433155080215	0.5799919618528611	0.4776008397480756	0.7378265000748166	0.23529315589353614	0.8921182243511195	0.901338208889862	0.678603956478734	0.644870240585774	0.35769999999999996	0.718055777262181	0.07147193149381541	0.9965219718309859	0.2474043354943274	0.16637209302325584	0.03571048252911814	0.2133592408495255	0.024612385321100917	0.15798754246885618	0.024612385321100917	0.8202540410438308	0.17884999999999998	0.9777318424371787	0.06570000000000001	0.7137269410664171	0.8207816249050874	0.3333459574468085	0.9050043790849673	0.23097287989668533	0.9238099567556166	1.0	0.7292723223753976	0.04502517482517483	0.14595683027794204	0.650184318455971	0.583844053117783	0.9759352923976609	0.03571048252911814	0.9683480200945627	0.05292725030826141	0.35594063940977555	0.07671849865951744	0.6623309455101002	0.9777318424371787	0.823192586054722	0.34874910853925556	0.9913351632749645	0.40200274923632323	0.3980323471950879	0.4055371060564538	0.379461216730038	0.244941976316864	0.17884999999999998	0.14595683027794204	0.5238464916056823	0.20760110548134503	0.8802763903104743	0.14595683027794204	0.17884999999999998	0.47665429440674	0.3844912955465587	0.7336401173285199	0.23732019230769233	0.04502517482517483	0.8020636579572447	0.5594535100141614	0.839794441711756	0.44456229260935143	0.806085822454308	0.8478782576955833	0.9747935707317074	0.7073087653157398	0.7334602110022607	0.42338259141494433	0.07147193149381541	0.14230379746835442	0.31003130165289255	0.5325805960684845	0.42199279446955595	0.8719326034063261	0.6824986252045827	0.2665296211251435	0.13086585365853656	0.9645352853745541	0.10371970260223047	0.6121023866348448	0.19387060546874998	0.8268257668711656	0.5307365200764819	0.7534498690337602	0.3429705099778271	0.8589150232502683	0.9026885321100918	0.04502517482517483	0.8492223936816525	0.29601448300283284	0.6429219755244756	0.6737654805453941	0.8835793388429751	0.20501910531220877	0.643897468575419	0.04502517482517483	0.024612385321100917	0.9808326828325766	1.0
g__Hominimerdicola	0.04502517482517483	0.6630270462633451	0.7664999999999998	0.7398212851405623	0.3522668629882207	0.8808957040572792	0.06570000000000001	0.5094038275406951	0.3522668629882207	0.7325052798310454	0.5696571855095541	0.8500742451800655	0.9448327300613496	0.34239121686362184	0.28126724584103513	0.6493421815671384	0.2424411111111111	0.36568967702988225	0.929795736677116	0.9771682003891051	0.8571697749581039	0.07671849865951744	0.8265187594173782	0.5439122245322245	0.3901349914724276	0.05974944320712695	0.8898907446928	0.9091460744923444	0.9773544757281554	0.8784703200000001	0.44308994202167884	0.20501910531220877	0.1824435857805255	0.8933148626098565	0.8020636579572447	0.9375481910274964	0.5627784550392275	0.8825483955096949	0.966881863084066	0.7534498690337602	0.8802763903104743	0.6161367816091954	0.7167315960912052	0.935864989127058	0.5083852668725187	0.42338259141494433	0.2249292576419214	0.9381181714993293	0.04502517482517483	0.5258626686656672	0.7407563530985288	0.8025266113088177	0.9109168864864865	0.6020171082089553	0.59307175066313	0.845123538743136	0.6864491467576792	0.6605940755873341	0.4808126423425517	0.04502517482517483	0.678603956478734	0.7301237288135594	0.9120538976462966	0.8081025994281258	0.8111186388244392	0.5149942794759825	0.9534707817687896	0.4403438498605123	0.2474043354943274	0.9534707817687896	0.9172422673796792	0.8693737806301051	0.7292723223753976	1.0	0.920093834522415	0.2988619484645252	0.8010504911069817	0.36021285888821014	0.8771971464588586	0.7859961235038084	0.2569869838773103	0.8613541479023465	0.8607009991673605	0.4873919173363949	0.18577087576374746	0.645390866388309	0.7856440922190201	0.5012601342281879	0.7142863636363636	0.8309160849583902	0.8986237276933245	0.1963302840635532	0.3980323471950879	0.5662927156293777	0.6794768850839644	0.8426620225269343	0.7847449779856907	0.07671849865951744	0.7278955953827461	0.8202540410438308	0.9046237679895334	0.5271448909790509	0.9973197974303667	0.47318192063864756	0.7378265000748166	0.9640451219512196	0.6968226222717858	0.16195472330911123	0.8164266360505167	0.6015863636363636	0.7167315960912052	0.44456229260935143	0.6853734504636408	0.05292725030826141	0.950391499949223	0.8081025994281258	0.6931334188994064	0.7209039236805662	0.8712630094043888	0.628403984989278	0.5859447065592636	0.9837094074644093	0.6131718973418882	0.6728820701168614	0.1502590431738623	0.44748056660039764	0.8825483955096949	0.6005901630129287	0.739545149754135	0.5307365200764819	0.7660652913653764	0.11832942798070298	0.6407381177707677	0.6394422413793104	0.574165557306026	0.9509567696202531	0.9915062417249858	0.9172422673796792	0.3844912955465587	0.7285295919915061	0.37279462109955425	0.5662927156293777	0.9164170540974825	0.6551403184386235	0.6913539080090061	0.46258302565332055	0.13447368421052633
g__Hominiventricola	0.05292725030826141	0.5915833872502378	0.5728722684085511	0.4294633879781421	0.7862417649450996	0.024612385321100917	0.9943588899341487	0.3901349914724276	0.48196241019698727	0.34239121686362184	0.5167468085106384	0.15391566265060241	0.7896178133836004	0.3057998956158664	0.901624652739801	0.9652160360538827	0.7041900284900285	0.9572167883211679	0.885219620467638	0.03571048252911814	0.6020171082089553	0.08247566182749785	0.11832942798070298	0.16195472330911123	0.22218370044052863	0.2424411111111111	0.379461216730038	0.9509567696202531	0.8268257668711656	0.7775978699707643	0.2569869838773103	0.26414133281972263	0.18577087576374746	0.38722639724849534	0.5439122245322245	0.8020636579572447	0.07147193149381541	0.10910239651416123	0.4456913326653307	0.9924096920460985	0.901338208889862	0.05292725030826141	0.17884999999999998	0.7782250730079265	0.44670097329673075	0.5799919618528611	0.18769865067466268	0.8384956768074885	0.46258302565332055	0.935864989127058	0.7918201289109708	0.09398168789808917	0.8844070855463894	0.03571048252911814	0.8623646397728618	0.12632962720732505	0.25856321525885556	0.7976342712361648	0.14595683027794204	0.04502517482517483	0.07671849865951744	0.024612385321100917	0.9260907196969698	0.05292725030826141	0.7249211564938044	0.05974944320712695	0.5615234132581101	0.9407682766416606	0.2101243169398907	0.6761951324503311	0.024612385321100917	0.06570000000000001	0.04502517482517483	0.920093834522415	1.0	0.20501910531220877	0.08247566182749785	0.06570000000000001	0.8265187594173782	0.17252411575562698	0.8594771622587563	0.03571048252911814	0.15798754246885618	0.05974944320712695	0.4165608038845428	0.5594535100141614	0.6937420470927439	0.2133592408495255	0.31003130165289255	0.06570000000000001	0.05292725030826141	0.23732019230769233	0.5923854348651728	0.4319012658227848	0.18577087576374746	0.03571048252911814	0.5627784550392275	0.5737471262097571	0.8728012374233839	0.7728427068723702	0.8038720431522168	0.37420434782608697	0.2665296211251435	0.7795834721065777	0.27111174471299093	0.024612385321100917	0.8787928188149333	0.5584122643421853	0.8469848326232502	0.9602151771496815	0.3711497761862131	0.2397019892250311	0.5312106288376033	0.5813404416037188	0.59307175066313	0.8088945157526254	0.1824435857805255	0.28880772547610495	0.04502517482517483	0.13086585365853656	0.8716992576267255	0.7570903379549394	0.3429705099778271	0.09837433155080215	0.4512197932053176	0.420593356456777	0.1222701072386059	0.7439758564678085	0.024612385321100917	0.901624652739801	0.46660960989533773	0.7992173345759552	0.13884842883548984	0.7992173345759552	0.3165390020366599	0.024612385321100917	0.4294633879781421	0.04502517482517483	0.06570000000000001	0.2397019892250311	0.4294633879781421	0.2397019892250311	0.7859961235038084	0.09837433155080215	0.024612385321100917	0.8492223936816525	0.024612385321100917
g__Hungatella	0.8099181712514529	0.6691752650176678	0.18577087576374746	0.9652160360538827	0.489957449725777	0.48196241019698727	0.8749321383285303	0.9878293427453972	0.024612385321100917	0.3473481912551117	0.4043693641618497	0.03571048252911814	0.15391566265060241	0.9885564446984852	0.7149551686615886	0.8262087503143073	0.5238464916056823	0.4701490753911806	0.05292725030826141	0.024612385321100917	0.8928163326653306	0.10910239651416123	0.09837433155080215	0.23097287989668533	0.13447368421052633	0.420593356456777	0.30095012285012285	0.28262230769230773	0.9183281630040537	0.49083936218678814	0.8693737806301051	0.20501910531220877	0.7485096816781575	0.35594063940977555	0.024612385321100917	0.06570000000000001	0.05974944320712695	0.5603774121921679	0.13447368421052633	0.11832942798070298	0.9399150046310589	0.9079	0.024612385321100917	0.9996768412209466	0.024612385321100917	0.7419610938194753	0.2988619484645252	0.7765363560384455	0.6383404438964241	0.05974944320712695	0.23097287989668533	0.9863692969870874	0.7862417649450996	0.024612385321100917	0.603118982861401	0.7859961235038084	0.024612385321100917	0.3124354938271605	0.2424411111111111	0.05974944320712695	0.23529315589353614	0.03571048252911814	0.6229963251267198	0.725674652406417	0.5653898315282792	0.4043693641618497	0.11383663366336634	0.6728820701168614	0.2397019892250311	0.6905165217391305	0.03571048252911814	0.6778406141654284	0.14595683027794204	0.2988619484645252	0.20501910531220877	1.0	0.4488089197224975	0.05292725030826141	0.7656293482890812	0.22007400802496657	0.9021076721311475	0.37279462109955425	0.22802211621856028	0.18577087576374746	0.7719981012658227	0.10910239651416123	0.7073087653157398	0.05974944320712695	0.8961658972943126	0.7765363560384455	0.05974944320712695	0.8041927729772193	0.03571048252911814	0.05292725030826141	0.49381592920353984	0.05974944320712695	0.6630270462633451	0.8535934586194434	0.8630215510107578	0.05292725030826141	0.8423795538122089	0.8268257668711656	0.8139429780684879	0.04502517482517483	0.2733064141035259	0.09398168789808917	0.5813404416037188	0.10910239651416123	0.07671849865951744	0.14230379746835442	0.3759327931644078	0.8613541479023465	0.8535934586194434	0.5915833872502378	0.17252411575562698	0.6824986252045827	0.03571048252911814	0.507585796460177	0.5492435301378318	0.18769865067466268	0.8041927729772193	0.6778406141654284	0.14595683027794204	0.23529315589353614	0.6864491467576792	0.35769999999999996	0.44138625568468925	0.5813404416037188	0.024612385321100917	0.9194406776049436	0.3831609238814642	0.07671849865951744	0.12632962720732505	0.41489715909090913	0.07147193149381541	0.6539749100257071	0.583844053117783	0.8532257959479016	0.024612385321100917	0.9222361690857083	0.9098957398373984	0.6672480769230769	0.9175068062827225	0.04502517482517483	0.1222701072386059	0.8107805110996387	0.489957449725777
g__Intestinibacter	0.4390699236641222	0.3268740139211137	0.17252411575562698	0.5876939255014327	0.6487950726141078	0.09837433155080215	0.9841645059060788	0.5876939255014327	0.23732019230769233	0.6615199931995919	0.09398168789808917	0.10910239651416123	0.9802745137880988	0.9243568251291241	0.11832942798070298	0.7859961235038084	0.5782909890539484	0.8114558959835222	0.6714288393903868	0.03571048252911814	0.8188729537366549	0.6847416653087828	0.04502517482517483	0.5662927156293777	0.7073087653157398	0.8568083043738766	0.4607514609997585	0.8535934586194434	0.748875439367311	0.8296999501495512	0.9777318424371787	0.05974944320712695	0.024612385321100917	0.9702880239520959	0.8944875166002656	0.10910239651416123	0.1963302840635532	0.024612385321100917	0.08247566182749785	0.18769865067466268	0.28262230769230773	0.06570000000000001	0.2249292576419214	0.5594535100141614	0.13884842883548984	0.5903276867378049	0.03571048252911814	0.06570000000000001	0.8114558959835222	0.9283175594926093	0.2249292576419214	0.04502517482517483	0.4196335834896811	0.024612385321100917	0.781340271055179	0.06570000000000001	0.09837433155080215	0.6020171082089553	0.04502517482517483	0.9534707817687896	0.11832942798070298	0.13447368421052633	0.9109168864864865	0.40951088379705397	0.8791146555656935	0.18769865067466268	0.03571048252911814	0.9934613863251083	0.06570000000000001	0.42607551342812006	0.04502517482517483	0.4845779059040591	0.650184318455971	0.8010504911069817	0.08247566182749785	0.4488089197224975	1.0	0.7325052798310454	0.11832942798070298	0.03571048252911814	0.8795360414767549	0.024612385321100917	0.5043689632107023	0.843740119760479	0.9238099567556166	0.6121023866348448	0.7398212851405623	0.6288607060082011	0.8700506870051234	0.26414133281972263	0.024612385321100917	0.25856321525885556	0.7542431312690797	0.09398168789808917	0.6394422413793104	0.31003130165289255	0.8886779102463165	0.7573276384083045	0.6229963251267198	0.9619830169929444	0.9996768412209466	0.6466496880415944	0.9934613863251083	0.8188729537366549	0.024612385321100917	0.04502517482517483	0.6723252383341696	0.6277202685765443	0.25856321525885556	0.3964758823529412	0.6639454391606024	0.2988619484645252	0.42199279446955595	0.5312106288376033	0.9124009049773756	0.8603455941890926	0.9841645059060788	0.04502517482517483	0.7054654568407764	0.6979762177650429	0.6372359259259259	0.8738684101143056	0.41489715909090913	0.4722145583038869	0.8041927729772193	0.9809217353537304	0.6744283864541832	0.8408825825457222	0.024612385321100917	0.4196335834896811	0.8867424170616114	0.5627784550392275	0.12632962720732505	0.8954752707182321	0.1502590431738623	0.3241767696909272	0.7419610938194753	0.024612385321100917	0.024612385321100917	0.024612385321100917	0.8454013893967093	0.4294633879781421	0.37809194828092857	0.04502517482517483	0.09398168789808917	0.9759352923976609	0.6923003373493977
g__JAGTTR01	0.23312330345710627	0.9984897863568216	0.13086585365853656	1.0	0.6732124937531234	0.2760888349514563	0.6092119372693726	0.5432624687239366	0.18769865067466268	0.3165390020366599	0.8044391946659694	0.07147193149381541	0.3343414230019493	0.6561911080711353	0.8630215510107578	0.8916074882471456	0.9788644082582146	0.024612385321100917	0.4362731182795699	0.03571048252911814	0.47665429440674	0.26414133281972263	0.27111174471299093	0.244941976316864	0.37279462109955425	0.49997798206278027	0.11383663366336634	0.1988166270783848	0.7558464601129289	0.08247566182749785	0.6240572535591999	0.07671849865951744	0.5418157861766548	0.7108133854573886	0.03571048252911814	0.6335694798301486	0.04502517482517483	0.6154140219378427	0.49083936218678814	0.49381592920353984	0.86537471169687	0.8724683144246355	0.14230379746835442	0.7553864723792953	0.5312106288376033	0.5940918668432004	0.18577087576374746	0.5923854348651728	0.3522668629882207	0.8784703200000001	0.4500182267226476	0.5094038275406951	0.4294633879781421	0.1222701072386059	0.5307365200764819	0.18769865067466268	0.024612385321100917	0.9224576321353066	0.14595683027794204	0.43767580398162326	0.4488089197224975	0.4456913326653307	0.6817465333551878	0.14230379746835442	0.44748056660039764	0.41109241435562804	0.23732019230769233	0.6864491467576792	0.05974944320712695	0.6383404438964241	0.024612385321100917	0.04502517482517483	0.583844053117783	0.36021285888821014	0.06570000000000001	0.05292725030826141	0.7325052798310454	1.0	0.6020171082089553	0.0882483552631579	0.7948251703406813	0.46144848484848483	0.23732019230769233	0.19387060546874998	0.4127755218216319	0.2569869838773103	0.3542754478072885	0.19387060546874998	0.35067971962616823	0.8719326034063261	0.07671849865951744	0.22218370044052863	0.25262026378896885	0.05292725030826141	0.22218370044052863	0.3980323471950879	0.3294480832782551	0.643897468575419	0.46144848484848483	0.4922745624005456	0.9683480200945627	0.28262230769230773	0.7986392642942822	0.25013079710144925	0.024612385321100917	0.3473481912551117	0.5662927156293777	0.933839338120512	0.1222701072386059	0.05292725030826141	0.8936940719360569	0.957005014011209	0.5210213390928726	0.5325805960684845	0.8088945157526254	0.5043689632107023	0.11383663366336634	0.28262230769230773	0.8613541479023465	0.7361572199730094	0.920614645552131	0.6639454391606024	0.0882483552631579	0.3522668629882207	0.5550366360856268	0.12632962720732505	0.16195472330911123	0.3844912955465587	0.06570000000000001	0.5492435301378318	0.05974944320712695	0.715844347826087	0.1222701072386059	0.4403438498605123	0.05974944320712695	0.07671849865951744	0.7317695967376528	0.9841645059060788	0.2733064141035259	0.643897468575419	0.7594507113090961	0.07147193149381541	0.6869650551589876	0.07671849865951744	0.1222701072386059	0.8172742733299337	0.28262230769230773
g__Klebsiella	0.11383663366336634	0.7012033021114462	0.9194406776049436	0.5923854348651728	0.8088945157526254	0.06570000000000001	0.8519118543607113	0.7918201289109708	0.8114558959835222	0.8296999501495512	0.4607514609997585	0.49083936218678814	0.8500098724954462	0.8296999501495512	0.024612385321100917	0.8131924528301887	0.5903276867378049	0.4043693641618497	0.8384956768074885	0.949368896797153	0.15391566265060241	0.8749321383285303	0.7496784930504755	0.16195472330911123	0.8145879548949257	0.9224576321353066	0.4196335834896811	0.11383663366336634	0.7361572199730094	0.8333620629804115	0.7623407825217764	0.5307365200764819	0.6240572535591999	0.33135182505754684	0.9352890248962654	0.8020636579572447	0.4776008397480756	0.8916074882471456	0.9624755288509287	0.4607514609997585	0.4722145583038869	0.3856983884892086	0.8844070855463894	0.024612385321100917	0.37809194828092857	0.07671849865951744	0.05974944320712695	0.06570000000000001	0.8731334681146027	0.966299080846017	0.7534498690337602	0.2474043354943274	0.3035447202797203	0.3542754478072885	0.4547123099558607	0.0882483552631579	0.28262230769230773	0.17591803278688525	0.36387845454545453	0.8164266360505167	0.9177708368915457	0.8613541479023465	0.9871002961123315	0.9885564446984852	0.17591803278688525	0.3813728571428571	0.9367294178471719	0.643897468575419	0.8095778352515195	0.425324405076679	0.1222701072386059	0.614463230177623	0.9759352923976609	0.8771971464588586	0.8265187594173782	0.7656293482890812	0.11832942798070298	0.6020171082089553	1.0	0.808761511492014	0.9823135478897668	0.11832942798070298	0.6732124937531234	0.8095778352515195	0.28126724584103513	0.5640294637477404	0.7170614026939154	0.8282684585573196	0.8556719841555636	0.8795360414767549	0.44748056660039764	0.5550366360856268	0.927234092578986	0.1502590431738623	0.7615597966198796	0.8277547741208859	0.9509567696202531	0.90837536121673	0.9177708368915457	0.718604108108108	0.9828740248483098	0.8038720431522168	0.1824435857805255	0.5957847965335343	0.07147193149381541	0.36021285888821014	0.6761951324503311	0.4722145583038869	0.8527543819410912	0.1988166270783848	0.9210699022939677	0.3831609238814642	0.9040451887409994	0.8315259865971704	0.7167315960912052	0.04502517482517483	0.6630270462633451	0.6161367816091954	1.0	0.7558464601129289	0.35594063940977555	0.9947133590298016	0.4956492557510149	0.9771682003891051	0.8268257668711656	0.5923854348651728	0.44670097329673075	0.6346820462979326	0.04502517482517483	0.5575933143669985	0.4294633879781421	0.9350488215138614	0.6802356731875719	0.06570000000000001	0.6968226222717858	0.46371051625239	0.7859633447098976	0.28126724584103513	0.36387845454545453	0.2133592408495255	0.6305511194029851	0.29387959401709396	0.9339841147728455	0.379461216730038	0.23732019230769233	0.8691316789862725	0.5351939342881213
g__Lachnoclostridium_B	0.574165557306026	0.6623309455101002	0.024612385321100917	0.06570000000000001	0.05292725030826141	0.5392484911986589	0.9808326828325766	0.735319948964275	0.8918169380017841	0.07147193149381541	0.07671849865951744	0.07147193149381541	0.2474043354943274	0.4722145583038869	0.9177708368915457	0.9952543694794211	0.6305511194029851	0.8268257668711656	0.08247566182749785	0.03571048252911814	0.41109241435562804	0.5192643891891892	0.25477086801426874	0.7012033021114462	0.6947931829092654	0.7278955953827461	0.5471923140495868	0.28262230769230773	0.7264263085609645	0.6714288393903868	0.20760110548134503	0.10371970260223047	0.10371970260223047	0.47318192063864756	0.024612385321100917	0.489957449725777	0.024612385321100917	0.04502517482517483	0.05292725030826141	0.9164170540974825	0.46258302565332055	0.6817465333551878	0.07671849865951744	0.7872302231237323	0.14595683027794204	0.6737654805453941	0.2875347715736041	0.17061348684210526	0.9572167883211679	0.8519118543607113	0.2569869838773103	0.5307365200764819	0.7986392642942822	0.03571048252911814	0.8213081415929204	0.44456229260935143	0.17252411575562698	0.718604108108108	0.17591803278688525	0.8898907446928	0.06570000000000001	0.024612385321100917	0.3165390020366599	0.13884842883548984	0.6698537880060473	0.024612385321100917	0.34239121686362184	0.926983420886741	0.024612385321100917	0.37420434782608697	0.024612385321100917	0.688436525396312	0.03571048252911814	0.7859961235038084	0.17252411575562698	0.22007400802496657	0.03571048252911814	0.0882483552631579	0.808761511492014	1.0	0.5418157861766548	0.3165390020366599	0.17884999999999998	0.7765363560384455	0.9091460744923444	0.6947931829092654	0.6092119372693726	0.6360163665254238	0.9773544757281554	0.8107805110996387	0.024612385321100917	0.30095012285012285	0.07671849865951744	0.024612385321100917	0.7117123711340205	0.024612385321100917	0.48570855565777366	0.8634735207275305	0.5192643891891892	0.6869650551589876	0.653143254376931	0.9873708122554166	0.6992391982182629	0.44138625568468925	0.07147193149381541	0.024612385321100917	0.9224576321353066	0.7660652913653764	0.04502517482517483	0.11383663366336634	0.9852691201840138	0.36737628494138863	0.9802745137880988	0.6407381177707677	0.2424411111111111	0.9602151771496815	0.8099181712514529	0.2614174670797831	0.7653009812286689	0.7269545329879629	0.11832942798070298	0.8989146252888742	0.07671849865951744	0.2911987486592778	0.8710283970707893	0.45993716363636367	0.25013079710144925	0.7285295919915061	0.024612385321100917	0.9587102605050405	0.49083936218678814	0.8918169380017841	0.1222701072386059	0.6052005013927577	0.18769865067466268	0.07671849865951744	0.3964758823529412	0.7223168508287293	0.07671849865951744	0.3813728571428571	0.14230379746835442	0.25013079710144925	0.9640451219512196	0.04502517482517483	0.17884999999999998	0.9124009049773756	0.8681414315937941
g__Lachnospira	0.18577087576374746	0.45750702439024393	0.59307175066313	0.7336401173285199	0.9422368307692308	0.4181021511158914	0.8613541479023465	0.024612385321100917	0.06570000000000001	0.7461953642384105	0.6963333226939037	0.6188105790240349	0.8791146555656935	0.5728722684085511	0.5737471262097571	0.2569869838773103	0.3429705099778271	0.8469848326232502	0.20180535966149507	0.5418157861766548	0.9771682003891051	0.024612385321100917	0.46144848484848483	0.8613541479023465	0.1963302840635532	0.59307175066313	0.9352890248962654	0.1908675889328063	0.6887240677966101	0.8589150232502683	0.8997911667765326	0.6728820701168614	0.3057998956158664	0.5640294637477404	0.9137035898538263	0.9483437951745902	0.5903276867378049	0.5094038275406951	0.5180643120260021	0.9674640699052134	0.1222701072386059	0.05974944320712695	0.7623407825217764	0.893992148164578	0.25262026378896885	0.4607514609997585	0.7889165094339623	0.47318192063864756	0.7485096816781575	0.8268257668711656	0.8784703200000001	0.6041052073647015	0.3927745562130177	0.8910003701211305	0.3294480832782551	0.8492223936816525	0.6407381177707677	0.15798754246885618	0.7631103423680456	0.8010504911069817	0.7694181472081218	0.2614174670797831	0.4776008397480756	0.9572167883211679	0.1963302840635532	0.18577087576374746	0.25477086801426874	0.6847416653087828	0.5492435301378318	0.024612385321100917	0.5336081400253058	0.8353854545454544	0.9683480200945627	0.2569869838773103	0.8594771622587563	0.9021076721311475	0.8795360414767549	0.7948251703406813	0.9823135478897668	0.5418157861766548	1.0	0.6679315594476254	0.9100724634542502	0.645390866388309	0.8067494978479197	0.42607551342812006	0.9401485811227637	0.5671916333865815	0.9109168864864865	0.34874910853925556	0.024612385321100917	0.8942896299578994	0.5813404416037188	0.8226693676637638	0.9098957398373984	0.8994027050802726	0.583844053117783	0.8693737806301051	0.9152233891752577	0.7371031460674158	0.5821785272516429	0.7317695967376528	0.13447368421052633	0.13884842883548984	0.15391566265060241	0.3388919032258065	0.23097287989668533	0.950419567863664	0.34081435452793835	0.9210699022939677	0.3856983884892086	0.8816143003180373	0.27111174471299093	0.9164170540974825	0.8954752707182321	0.20760110548134503	0.7585627067452898	0.3711497761862131	0.3886312500000001	0.5751461674528302	0.25856321525885556	0.3927745562130177	0.816307320812572	0.8634735207275305	0.024612385321100917	0.8515408452409784	0.8041927729772193	0.8693737806301051	0.8954752707182321	0.8918169380017841	0.6052005013927577	0.17591803278688525	0.7862417649450996	0.7594507113090961	0.7078824654956085	0.7430495861661248	0.05974944320712695	0.8819316123907864	0.830614898644447	0.941812388381402	0.42607551342812006	0.6121023866348448	0.7240549157733538	0.23312330345710627	0.9203544893617022	0.8710283970707893	0.459116524701874
g__Lacticaseibacillus	0.05974944320712695	0.5066689150210784	0.1988166270783848	0.8020636579572447	0.3856983884892086	0.03571048252911814	0.9947133590298016	0.7193726052753354	0.9602151771496815	0.07147193149381541	0.024612385321100917	0.44456229260935143	0.8571697749581039	0.7902114996637525	0.7073087653157398	0.7137269410664171	0.27111174471299093	0.7209039236805662	0.9888112400152148	0.024612385321100917	0.1908675889328063	0.7790673197165485	0.024612385321100917	0.024612385321100917	0.8912043804615728	0.6732124937531234	0.7078824654956085	0.7230759656652361	0.42890316505362275	0.2101243169398907	0.45993716363636367	0.5066689150210784	0.25262026378896885	0.6174187534171678	0.7755995111731844	0.13447368421052633	0.03571048252911814	0.19387060546874998	0.06570000000000001	0.2133592408495255	0.901624652739801	0.5751461674528302	0.15391566265060241	0.8903959932659933	0.2133592408495255	0.956271432871764	0.024612385321100917	0.1222701072386059	0.7310321336760925	0.7594507113090961	0.05292725030826141	0.3388919032258065	0.6335694798301486	0.024612385321100917	0.7859633447098976	0.5696571855095541	0.03571048252911814	0.024612385321100917	0.23732019230769233	0.09837433155080215	0.20760110548134503	0.024612385321100917	0.9989336954485859	0.2911987486592778	0.5653898315282792	0.024612385321100917	0.3388919032258065	0.9379787418655097	0.2788464312267658	0.1824435857805255	0.024612385321100917	0.735319948964275	0.05292725030826141	0.8613541479023465	0.03571048252911814	0.37279462109955425	0.024612385321100917	0.46144848484848483	0.11832942798070298	0.3165390020366599	0.6679315594476254	1.0	0.024612385321100917	0.024612385321100917	0.1988166270783848	0.5865404055863784	0.8291892964071855	0.6154140219378427	0.9683402129967459	0.33135182505754684	0.0882483552631579	0.13447368421052633	0.11832942798070298	0.31003130165289255	0.024612385321100917	0.17061348684210526	0.7595737951807229	0.0882483552631579	0.9040451887409994	0.18577087576374746	0.18769865067466268	0.4304635397771443	0.9891590089234858	0.9520256433545261	0.024612385321100917	0.024612385321100917	0.9448327300613496	0.7553864723792953	0.4607514609997585	0.5432624687239366	0.34081435452793835	0.2474043354943274	0.25262026378896885	0.8589150232502683	0.7496784930504755	0.6461336748871136	0.024612385321100917	0.1988166270783848	0.3080332063711912	0.555864490543014	0.764100938967136	0.8041927729772193	0.5351939342881213	0.7301237288135594	0.024612385321100917	0.34239121686362184	0.03571048252911814	0.5799919618528611	0.024612385321100917	0.8873525372124492	0.6240351952277656	0.43463855236139626	0.25013079710144925	0.7807199916932022	0.3542754478072885	0.024612385321100917	0.8918169380017841	0.18769865067466268	0.024612385321100917	0.06570000000000001	0.8568083043738766	0.244941976316864	0.9572167883211679	0.024612385321100917	0.03571048252911814	0.9791452881355933	0.574165557306026
g__Lactiplantibacillus	0.23312330345710627	0.8487435295548528	0.10910239651416123	0.9183281630040537	0.545990436762575	0.2101243169398907	0.9888112400152148	0.8918169380017841	0.6305511194029851	0.5271448909790509	0.36568967702988225	0.5737471262097571	0.9124009049773756	0.6774110173697271	0.5351939342881213	0.57698291250734	0.725674652406417	0.6299876602564102	0.9852691201840138	0.5223237335632679	0.555864490543014	0.6761951324503311	0.35769999999999996	0.8226693676637638	0.5594535100141614	0.5940918668432004	0.7514202127659574	0.7856440922190201	0.6887240677966101	0.6572393851409052	0.5940918668432004	0.25856321525885556	0.5136606431852986	0.845123538743136	0.6623309455101002	0.802988467614534	0.20180535966149507	0.9645352853745541	0.7310321336760925	0.8762190251753075	0.9744108776387803	0.40330279314159295	0.3294480832782551	0.7334602110022607	0.8361955995055624	0.5158730241672109	0.13884842883548984	0.07147193149381541	0.9224576321353066	0.4043693641618497	0.2101243169398907	0.9572167883211679	0.2788464312267658	0.05974944320712695	0.6288607060082011	0.4055371060564538	0.32232439024390247	0.43463855236139626	0.20501910531220877	0.22218370044052863	0.801876923076923	0.05292725030826141	0.801876923076923	0.6802356731875719	0.7834088652971184	0.05974944320712695	0.8879618323191345	0.7859961235038084	0.44308994202167884	0.555864490543014	0.04502517482517483	0.7803146402329127	0.35594063940977555	0.8607009991673605	0.15798754246885618	0.22802211621856028	0.5043689632107023	0.23732019230769233	0.6732124937531234	0.17884999999999998	0.9100724634542502	0.024612385321100917	1.0	0.13086585365853656	0.04502517482517483	0.2733064141035259	0.8010504911069817	0.5149942794759825	0.695286517571885	0.17591803278688525	0.20180535966149507	0.8078628660679423	0.1222701072386059	0.8125451438848922	0.05974944320712695	0.4651635193133047	0.8078628660679423	0.507585796460177	0.8693707136997539	0.22802211621856028	0.9526279100262255	0.9906164344611885	0.975459830310123	0.802988467614534	0.09837433155080215	0.04502517482517483	0.489957449725777	0.9367294178471719	0.9040451887409994	0.14230379746835442	0.6937420470927439	0.9301395072040092	0.5940918668432004	0.628403984989278	0.3711497761862131	0.35769999999999996	0.3124354938271605	0.5915833872502378	0.9683402129967459	0.6672480769230769	0.8942896299578994	0.8903959932659933	0.6630270462633451	0.8361955995055624	0.10371970260223047	0.3268740139211137	0.09837433155080215	0.7728427068723702	0.03571048252911814	0.966299080846017	0.4390699236641222	0.7807199916932022	0.28126724584103513	1.0	0.8784703200000001	0.13086585365853656	0.4390699236641222	0.5336081400253058	0.0882483552631579	0.4956492557510149	0.8771971464588586	0.13086585365853656	0.9448327300613496	0.024612385321100917	0.20501910531220877	0.9129668604651163	0.6778406141654284
g__Lactobacillus	0.6258946829531166	0.6732124937531234	0.05292725030826141	0.9888112400152148	0.2851950054684652	0.06570000000000001	0.9520256433545261	0.639866719325961	0.22802211621856028	0.05974944320712695	0.5662927156293777	0.2249292576419214	0.489957449725777	0.7325052798310454	0.8527543819410912	0.9924096920460985	0.07147193149381541	0.28126724584103513	0.4055371060564538	0.03571048252911814	0.5550366360856268	0.7859961235038084	0.04502517482517483	0.024612385321100917	0.5718801467671559	0.34527593937480267	0.5012601342281879	0.802988467614534	0.7862417649450996	0.75619579358196	0.8268257668711656	0.7209039236805662	0.9861918437679494	0.9906164344611885	0.611591958041958	0.2875347715736041	0.20760110548134503	0.9747935707317074	0.6761951324503311	0.459116524701874	0.9520256433545261	0.950391499949223	0.13086585365853656	0.5718801467671559	0.45750702439024393	0.3522668629882207	0.03571048252911814	0.2424411111111111	0.46660960989533773	0.18577087576374746	0.4607514609997585	0.2875347715736041	0.42607551342812006	0.024612385321100917	0.8025266113088177	0.42199279446955595	0.024612385321100917	0.13884842883548984	0.22802211621856028	0.03571048252911814	0.43767580398162326	0.024612385321100917	0.57698291250734	0.7278955953827461	0.748875439367311	0.27111174471299093	0.8594771622587563	0.5513961262553801	0.39151596377016695	0.8693737806301051	0.17252411575562698	0.8282684585573196	0.07671849865951744	0.4873919173363949	0.05974944320712695	0.18577087576374746	0.843740119760479	0.19387060546874998	0.8095778352515195	0.7765363560384455	0.645390866388309	0.024612385321100917	0.13086585365853656	1.0	0.4403438498605123	0.6477236801107842	0.6923003373493977	0.5439122245322245	0.614463230177623	0.8500742451800655	0.3693804373876573	0.6477236801107842	0.05974944320712695	0.9791452881355933	0.024612385321100917	0.34239121686362184	0.7249211564938044	0.07671849865951744	0.949368896797153	0.22007400802496657	0.4319012658227848	0.5066689150210784	0.9773544757281554	0.9309223600542063	0.3343414230019493	0.04502517482517483	0.9658962475247526	0.926983420886741	0.8088945157526254	0.6249774559193955	0.6663370945945946	0.86537471169687	0.6723252383341696	0.644870240585774	0.9137035898538263	0.09837433155080215	0.024612385321100917	0.3241767696909272	0.5507712759400041	0.13447368421052633	0.9791452881355933	0.6905165217391305	0.9379787418655097	0.7795834721065777	0.05974944320712695	0.545990436762575	0.6947931829092654	0.8333620629804115	0.024612385321100917	0.9260907196969698	0.36737628494138863	0.7424511617581767	0.46371051625239	0.9339841147728455	0.7430495861661248	0.08247566182749785	0.7857149999999999	0.7419610938194753	0.024612385321100917	0.8936940719360569	0.9401485811227637	0.643897468575419	0.8641285613124041	0.05974944320712695	0.14230379746835442	0.8762438640798991	0.3759327931644078
g__Lactococcus	0.04502517482517483	0.6551403184386235	0.4127755218216319	0.6539749100257071	0.9431804875550547	0.645390866388309	0.9443148250460405	0.941000728952772	0.901338208889862	0.3886312500000001	0.7317695967376528	0.37420434782608697	0.6477236801107842	0.8886779102463165	0.6913539080090061	0.7673657348581109	0.40330279314159295	0.9217201146375119	0.5762359623307828	0.7847449779856907	0.9399150046310589	0.4078073597811217	0.5094038275406951	0.2397019892250311	0.709690234741784	0.6913539080090061	0.42755007874015744	0.7419610938194753	0.824650937932771	0.9587102605050405	0.3429705099778271	0.6539749100257071	0.555864490543014	0.7485096816781575	0.8020636579572447	0.8093414141414141	0.8787928188149333	0.75619579358196	0.8020636579572447	0.9165847191011236	0.7514202127659574	0.14595683027794204	0.8265187594173782	0.3080332063711912	0.9520256433545261	0.7673657348581109	0.11832942798070298	0.6429219755244756	0.5762359623307828	0.6394422413793104	0.6691752650176678	0.3429705099778271	0.6429219755244756	0.25262026378896885	0.6672480769230769	0.7909101719967752	0.901624652739801	0.839794441711756	0.14595683027794204	0.2101243169398907	0.5136606431852986	0.23097287989668533	0.3886312500000001	0.4055371060564538	0.34081435452793835	0.5105290322580646	0.6084669439822518	0.6968226222717858	0.8006889154704945	0.583844053117783	0.18577087576374746	0.7682300042319085	0.6623309455101002	0.18577087576374746	0.4165608038845428	0.7719981012658227	0.9238099567556166	0.4127755218216319	0.28126724584103513	0.9091460744923444	0.8067494978479197	0.1988166270783848	0.04502517482517483	0.4403438498605123	1.0	0.9995395118301692	0.7269545329879629	0.3901349914724276	0.22802211621856028	0.8347809358752166	0.5603774121921679	0.5094038275406951	0.05974944320712695	0.7137269410664171	0.10910239651416123	0.3080332063711912	0.9718264504116033	0.8728012374233839	0.9683480200945627	0.823192586054722	0.9426606641385671	0.7496784930504755	0.5999283943661973	0.7859961235038084	0.9526279100262255	0.6240572535591999	0.3057998956158664	0.6314480574773815	0.3844912955465587	0.8020636579572447	0.5903276867378049	0.90837536121673	0.9274842911073826	0.5210213390928726	0.26414133281972263	0.781340271055179	0.6817465333551878	0.7041900284900285	0.7673657348581109	0.7117123711340205	0.7968408381155746	0.7620053632723113	0.6224057873730042	0.9392666666666667	0.4836646922720963	0.2101243169398907	0.06570000000000001	0.9026885321100918	0.09398168789808917	0.57698291250734	0.36568967702988225	0.6041052073647015	0.9652160360538827	0.17252411575562698	0.8663316433360781	0.20180535966149507	0.8262087503143073	0.7902114996637525	0.5283094709897611	0.8131924528301887	0.603118982861401	0.3759327931644078	0.7918201289109708	0.2988619484645252	0.6015863636363636	0.024612385321100917	0.8916074882471456
g__Lactonifactor	0.6335694798301486	0.2424411111111111	0.4294633879781421	0.36568967702988225	0.974697568359375	0.75619579358196	0.7743323768197088	0.05974944320712695	0.46258302565332055	0.9910699062233589	0.7820672147001935	0.03571048252911814	0.3473481912551117	0.9426606641385671	0.801876923076923	0.5525762479541735	0.8918169380017841	0.3035447202797203	0.9464792385424109	0.13086585365853656	0.8933148626098565	0.06570000000000001	0.9809217353537304	0.2397019892250311	0.20180535966149507	0.25856321525885556	0.7857149999999999	0.22218370044052863	0.9861918437679494	0.5149942794759825	0.9520256433545261	0.06570000000000001	0.4845779059040591	0.5813404416037188	0.04502517482517483	0.5671916333865815	0.5243504504504505	0.4701490753911806	0.22007400802496657	0.07671849865951744	0.3165390020366599	0.8538575742991217	0.20760110548134503	0.7902114996637525	0.7201392081343398	0.49846603773584913	0.9686417421259843	0.59307175066313	0.9175068062827225	0.4294633879781421	0.23097287989668533	0.7631103423680456	0.9114857605877269	0.4304635397771443	0.7803146402329127	0.8623646397728618	0.4127755218216319	0.8081025994281258	0.7170614026939154	0.23529315589353614	0.8970537867078826	0.9952543694794211	0.4534151008362027	0.9683402129967459	0.9832446583253127	0.9305797809076684	0.6466496880415944	0.23732019230769233	0.9381181714993293	0.5513961262553801	0.3886312500000001	0.28262230769230773	0.9777318424371787	0.645390866388309	0.5594535100141614	0.10910239651416123	0.6121023866348448	0.2569869838773103	0.5640294637477404	0.6947931829092654	0.42607551342812006	0.5865404055863784	0.2733064141035259	0.6477236801107842	0.9995395118301692	1.0	0.5525762479541735	0.35067971962616823	0.9100724634542502	0.8298996141879277	0.7558464601129289	0.6811040223280249	0.4456913326653307	0.5662927156293777	0.8025266113088177	0.26898931152529476	0.7461953642384105	0.9401485811227637	0.6360163665254238	0.44456229260935143	0.7775978699707643	0.823192586054722	0.03571048252911814	0.25262026378896885	0.08247566182749785	0.6931334188994064	0.9902563543247344	1.0	0.3927745562130177	0.18769865067466268	0.8556719841555636	0.9888112400152148	0.8375027027027027	0.26414133281972263	0.8961658972943126	0.8202540410438308	0.5392484911986589	0.5158730241672109	0.4845779059040591	0.20180535966149507	0.9290092307692308	0.949368896797153	0.5848961959654179	0.6913539080090061	0.5728722684085511	0.1988166270783848	0.9134338031199569	0.893992148164578	0.10910239651416123	0.9563885425020048	0.9464792385424109	0.09398168789808917	0.6824986252045827	0.7765363560384455	0.11383663366336634	0.459116524701874	0.9686417421259843	0.5094038275406951	0.03571048252911814	0.22802211621856028	0.6913539080090061	0.5684263755980861	0.9991900617630545	0.6605940755873341	0.5903276867378049	0.8188729537366549	0.3241767696909272
g__Laedolimicola	0.5012601342281879	0.7500414110429448	0.05974944320712695	0.8681414315937941	0.3813728571428571	0.9686417421259843	0.3927745562130177	0.7142863636363636	0.8268257668711656	0.8979362063264631	0.6710927492447131	0.2911987486592778	0.7223168508287293	0.7859633447098976	0.9134338031199569	0.9443148250460405	0.7514202127659574	0.37809194828092857	0.966299080846017	0.6188105790240349	0.6630270462633451	0.9124009049773756	0.9888112400152148	0.843740119760479	0.5312106288376033	0.9232623957783641	0.7117123711340205	0.7620053632723113	0.9026885321100918	0.8072015893694633	0.8731334681146027	0.8700506870051234	0.7412495177326013	0.9567928578583592	0.6913539080090061	0.9509567696202531	0.30095012285012285	0.5336081400253058	0.36387845454545453	0.7558464601129289	0.3542754478072885	0.9934613863251083	0.7063785624211854	0.5043689632107023	0.8240261340725807	0.7551444444444445	0.7201392081343398	0.8454013893967093	0.7361572199730094	0.7285295919915061	0.9534707817687896	0.7859961235038084	0.8979362063264631	0.43463855236139626	0.6161367816091954	0.8255861834654588	0.8020636579572447	0.8936940719360569	0.7467854938271605	0.86537471169687	0.9474127522935779	0.9357227324556857	0.7765363560384455	0.5762359623307828	0.9274842911073826	0.43767580398162326	0.7393783965362796	0.7872302231237323	0.8693707136997539	0.824650937932771	0.15798754246885618	0.2101243169398907	0.823192586054722	0.7856440922190201	0.6937420470927439	0.7073087653157398	0.7398212851405623	0.3542754478072885	0.7170614026939154	0.6092119372693726	0.9401485811227637	0.8291892964071855	0.8010504911069817	0.6923003373493977	0.7269545329879629	0.5525762479541735	1.0	0.9832446583253127	0.7534498690337602	0.4956492557510149	0.8172742733299337	0.23529315589353614	0.6811040223280249	0.9098957398373984	0.5684263755980861	0.7073087653157398	0.9969679054054054	0.9726874485596708	0.46849353919239906	0.8634735207275305	0.9747935707317074	0.8445354665363947	0.9509567696202531	0.7595737951807229	0.5180643120260021	0.6968226222717858	0.7999005586592179	0.8571697749581039	0.13447368421052633	0.3522668629882207	0.9567928578583592	0.7703881217415809	0.507585796460177	0.7285295919915061	0.3901349914724276	0.8454013893967093	0.6429219755244756	0.6477236801107842	0.9996768412209466	0.816307320812572	0.7635519230769231	0.861604794034091	0.5829006363285769	0.9601983760087676	0.8886779102463165	0.7269545329879629	0.4500182267226476	0.9232623957783641	0.5539782839632278	0.9224576321353066	0.3886312500000001	0.8695098822981004	0.7342602523659306	0.8762438640798991	0.1908675889328063	0.3187748901655965	0.7889165094339623	0.9938168470588234	0.9534707817687896	0.4722145583038869	0.8944875166002656	0.7673657348581109	0.9431804875550547	0.8879618323191345	0.4078073597811217	0.9098957398373984	0.8523850513595166
g__Lancefieldella	0.05292725030826141	0.4403438498605123	0.11832942798070298	0.8384956768074885	0.13086585365853656	0.05292725030826141	0.9747935707317074	0.639866719325961	0.10910239651416123	0.1222701072386059	0.9844387294885327	0.17252411575562698	0.42199279446955595	0.7820672147001935	0.8634735207275305	0.8784703200000001	0.5083852668725187	0.3522668629882207	0.545990436762575	0.639866719325961	0.5948838618346546	0.3343414230019493	0.13086585365853656	0.024612385321100917	0.7941341802621021	0.7859633447098976	0.2474043354943274	0.718604108108108	0.8716992576267255	0.650184318455971	0.3759327931644078	0.6630270462633451	0.8986237276933245	0.9984897863568216	0.17252411575562698	0.9714412180052957	0.25013079710144925	0.8589150232502683	0.46144848484848483	0.420593356456777	0.8020636579572447	0.15391566265060241	0.3522668629882207	0.8979362063264631	0.7216667588750577	0.14230379746835442	0.29601448300283284	0.507585796460177	0.4607514609997585	0.03571048252911814	0.781340271055179	0.3856983884892086	0.9509567696202531	0.03571048252911814	0.49083936218678814	0.2665296211251435	0.7968408381155746	0.7240549157733538	0.04502517482517483	0.06570000000000001	0.27111174471299093	0.05292725030826141	0.900277769239214	0.5751461674528302	0.32066752941176474	0.42338259141494433	0.9563885425020048	0.9426606641385671	0.7635519230769231	0.7240549157733538	0.024612385321100917	0.7719981012658227	0.34874910853925556	0.5012601342281879	0.2133592408495255	0.05974944320712695	0.6288607060082011	0.19387060546874998	0.8282684585573196	0.6360163665254238	0.5671916333865815	0.6154140219378427	0.5149942794759825	0.5439122245322245	0.3901349914724276	0.35067971962616823	0.9832446583253127	1.0	0.37420434782608697	0.7149551686615886	0.1824435857805255	0.7826847226055755	0.2614174670797831	0.0882483552631579	0.09398168789808917	0.04502517482517483	0.04502517482517483	0.8910003701211305	0.9947133590298016	0.42890316505362275	0.9228115969581749	0.6679315594476254	0.29387959401709396	0.3693804373876573	0.07671849865951744	0.07671849865951744	0.7301237288135594	0.3473481912551117	0.645390866388309	0.420593356456777	0.9808326828325766	0.42607551342812006	0.4362731182795699	0.5312106288376033	0.8164266360505167	0.03571048252911814	0.04502517482517483	0.5903276867378049	0.9274842911073826	0.05292725030826141	0.9091460744923444	0.48196241019698727	0.3268740139211137	0.47492095639943743	0.7826847226055755	0.39151596377016695	0.4319012658227848	0.6847416653087828	0.03571048252911814	0.830614898644447	0.5283094709897611	0.8918169380017841	0.3711497761862131	0.14595683027794204	0.2614174670797831	0.07147193149381541	0.35594063940977555	0.9194406776049436	0.024612385321100917	0.957005014011209	0.9175068062827225	0.5439122245322245	0.6887240677966101	0.05974944320712695	0.03571048252911814	0.9782983999224205	0.25013079710144925
g__Latilactobacillus	0.4403438498605123	0.8532257959479016	0.5684263755980861	0.5336081400253058	0.46849353919239906	0.5957847965335343	0.9747935707317074	0.3886312500000001	0.5940918668432004	0.42890316505362275	0.8202540410438308	0.9601983760087676	0.926983420886741	0.5948838618346546	0.8067494978479197	0.4651635193133047	0.8289881823860087	0.46144848484848483	0.8010504911069817	0.8579408182796986	0.8389906976744186	0.603118982861401	0.32232439024390247	0.9464792385424109	0.5012601342281879	0.8816143003180373	0.8652319194061506	0.5066689150210784	0.900277769239214	0.09398168789808917	0.33135182505754684	0.9686417421259843	0.7573276384083045	0.5603774121921679	0.9765993284671534	0.7660652913653764	0.7999005586592179	0.6466496880415944	0.6691752650176678	0.8010504911069817	0.6572393851409052	0.46144848484848483	0.6335694798301486	0.26414133281972263	0.5848961959654179	0.7656293482890812	0.7750750244721017	0.8207816249050874	0.4304635397771443	0.993292676029786	0.5192643891891892	0.6154140219378427	0.941000728952772	0.927234092578986	0.8041927729772193	0.8986237276933245	0.993292676029786	0.35067971962616823	0.39151596377016695	0.9534707817687896	0.7726380303456026	0.979899893493416	0.9357227324556857	0.7859633447098976	0.42607551342812006	0.9392939765238879	0.7509507443082312	0.5829006363285769	0.26898931152529476	0.8315259865971704	0.8078628660679423	0.8903959932659933	0.9913351632749645	0.7142863636363636	0.31003130165289255	0.8961658972943126	0.8700506870051234	0.35067971962616823	0.8556719841555636	0.9773544757281554	0.9109168864864865	0.9683402129967459	0.695286517571885	0.614463230177623	0.22802211621856028	0.9100724634542502	0.7534498690337602	0.37420434782608697	1.0	0.7921596566523605	0.14230379746835442	0.16195472330911123	0.6161367816091954	0.8122099819912529	0.4956492557510149	0.8716992576267255	0.5813404416037188	0.4403438498605123	0.801876923076923	0.8867424170616114	0.9526279100262255	0.957005014011209	0.8898907446928	0.9156874342740637	0.7820672147001935	0.9739314831130691	0.3147124957323319	0.44308994202167884	0.5539782839632278	0.47318192063864756	0.7292723223753976	0.9172422673796792	0.44670097329673075	0.715844347826087	0.49083936218678814	0.23732019230769233	0.9601983760087676	0.920614645552131	0.7582188850475368	0.9379787418655097	0.8093414141414141	0.9683402129967459	0.9809217353537304	0.34874910853925556	0.9399150046310589	0.861604794034091	0.25477086801426874	0.3964758823529412	0.9808326828325766	0.9938168470588234	0.929795736677116	0.5984751315789475	0.8571697749581039	0.4294633879781421	0.9891590089234858	0.05974944320712695	0.9878293427453972	0.8768717792818631	0.7862417649450996	0.6188105790240349	0.09398168789808917	0.9480234437086092	0.25262026378896885	0.9365882620846703	0.35067971962616823	0.024612385321100917	0.7467854938271605
g__Lawsonibacter	0.9773544757281554	0.3844912955465587	0.8111186388244392	0.6605940755873341	0.9224576321353066	0.1963302840635532	0.8081025994281258	0.6070441709844561	0.3333459574468085	0.6429219755244756	0.30095012285012285	0.9837094074644093	0.8745015922464521	0.6605940755873341	0.13447368421052633	0.44138625568468925	0.9817613360323888	0.06570000000000001	0.614463230177623	0.5392484911986589	0.3294480832782551	0.4456913326653307	0.9691325636238577	0.961585531026253	0.6064049888724036	0.3844912955465587	0.48196241019698727	0.3080332063711912	0.9381181714993293	0.906256359482102	0.9210699022939677	0.6923003373493977	0.17252411575562698	0.9520256433545261	0.7292723223753976	0.9203544893617022	0.6240572535591999	0.5136606431852986	0.6744283864541832	0.8728012374233839	0.900277769239214	0.024612385321100917	0.27111174471299093	0.37420434782608697	0.1502590431738623	0.8973468843057241	0.6714288393903868	0.35067971962616823	0.7743323768197088	0.2875347715736041	0.9350488215138614	0.6005901630129287	0.6894546421663442	0.7073087653157398	0.44670097329673075	0.45993716363636367	0.11832942798070298	0.08247566182749785	0.1824435857805255	0.7868431279620852	0.6346820462979326	0.9915062417249858	0.9714412180052957	0.9339841147728455	0.8607009991673605	0.3844912955465587	0.5243504504504505	0.6249774559193955	0.8954752707182321	0.9098957398373984	0.9164170540974825	0.8221450915982312	0.40200274923632323	0.8309160849583902	0.06570000000000001	0.7765363560384455	0.26414133281972263	0.8719326034063261	0.8795360414767549	0.8107805110996387	0.34874910853925556	0.33135182505754684	0.17591803278688525	0.8500742451800655	0.8347809358752166	0.8298996141879277	0.4956492557510149	0.7149551686615886	0.7921596566523605	1.0	0.6691752650176678	0.7847449779856907	0.7193726052753354	0.5813404416037188	0.7840236193361796	0.7635519230769231	0.8724683144246355	0.9938168470588234	0.9773544757281554	0.8532257959479016	0.39479704890387857	0.5584122643421853	0.8500742451800655	0.703047932837003	0.9509567696202531	0.6015863636363636	0.8131924528301887	0.4043693641618497	0.4789866883872469	0.4789866883872469	0.024612385321100917	0.13884842883548984	0.6754249046592605	0.59307175066313	0.8568083043738766	0.8645787407145384	0.9221739711497667	0.46371051625239	0.4701490753911806	0.7054654568407764	0.42890316505362275	0.44308994202167884	0.28126724584103513	0.13086585365853656	0.3165390020366599	0.17252411575562698	0.3759327931644078	0.36387845454545453	0.9257408593091828	0.4196335834896811	0.9630630434782609	0.29601448300283284	0.28262230769230773	0.4043693641618497	0.42199279446955595	0.459116524701874	0.22007400802496657	0.43767580398162326	0.8445354665363947	0.06570000000000001	0.8188729537366549	0.8892847364280094	0.7216667588750577	0.08247566182749785	0.25856321525885556	0.5083852668725187	0.6249774559193955
g__Lentihominibacter	0.28262230769230773	0.8921182243511195	0.024612385321100917	0.6615199931995919	0.3343414230019493	0.04502517482517483	0.8954752707182321	0.12632962720732505	0.5513961262553801	0.09837433155080215	0.28880772547610495	0.5513961262553801	0.9050043790849673	0.3429705099778271	0.5043689632107023	0.8268257668711656	0.8010504911069817	0.3343414230019493	0.25262026378896885	0.1963302840635532	0.9137035898538263	0.5238464916056823	0.024612385321100917	0.14230379746835442	0.49381592920353984	0.3165390020366599	0.14595683027794204	0.23312330345710627	0.5865404055863784	0.0882483552631579	0.7859633447098976	0.03571048252911814	0.34239121686362184	0.8353854545454544	0.36737628494138863	0.379461216730038	0.024612385321100917	0.13447368421052633	0.07671849865951744	0.23529315589353614	0.6383404438964241	0.9392666666666667	0.09837433155080215	0.16637209302325584	0.024612385321100917	0.44138625568468925	0.07147193149381541	0.9315554490518858	0.0882483552631579	0.545990436762575	0.17061348684210526	0.024612385321100917	0.6121023866348448	0.024612385321100917	0.6829136883371447	0.1222701072386059	0.024612385321100917	0.9401485811227637	0.13447368421052633	0.39479704890387857	0.03571048252911814	0.024612385321100917	0.9152233891752577	0.3964758823529412	0.34239121686362184	0.03571048252911814	0.024612385321100917	0.7090094969440527	0.024612385321100917	0.024612385321100917	0.024612385321100917	0.17061348684210526	0.3980323471950879	0.8986237276933245	0.05292725030826141	0.05974944320712695	0.024612385321100917	0.07671849865951744	0.44748056660039764	0.024612385321100917	0.024612385321100917	0.0882483552631579	0.20180535966149507	0.3693804373876573	0.5603774121921679	0.7558464601129289	0.8172742733299337	0.1824435857805255	0.14230379746835442	0.6691752650176678	1.0	0.39479704890387857	0.5439122245322245	0.07147193149381541	0.36387845454545453	0.26414133281972263	0.6698537880060473	0.8114558959835222	0.6487950726141078	0.7604585124677559	0.8125451438848922	0.8695098822981004	0.8095778352515195	0.949880510110761	0.024612385321100917	0.04502517482517483	0.7902114996637525	0.75619579358196	0.6314480574773815	0.024612385321100917	0.1824435857805255	0.9773544757281554	0.03571048252911814	0.6372359259259259	0.5940918668432004	0.966299080846017	0.12632962720732505	0.7407563530985288	0.4789866883872469	0.7909101719967752	0.7807199916932022	0.7726380303456026	0.2249292576419214	0.3268740139211137	0.9658962475247526	0.49997798206278027	0.5603774121921679	0.3831609238814642	0.05292725030826141	0.88837022067102	0.45993716363636367	0.7726380303456026	0.13086585365853656	0.6811040223280249	0.03571048252911814	0.10910239651416123	0.6052005013927577	0.4512197932053176	0.03571048252911814	0.5336081400253058	0.9164170540974825	0.7264263085609645	0.9906164344611885	0.03571048252911814	0.11383663366336634	0.2733064141035259	0.45600190709046456
g__Leuconostoc	0.25477086801426874	0.7765363560384455	0.32232439024390247	0.7673657348581109	0.5283094709897611	0.17884999999999998	0.6630270462633451	0.8892847364280094	0.956271432871764	0.5258626686656672	0.8181208306790675	0.5105290322580646	0.4456913326653307	0.906256359482102	0.8277547741208859	0.9747935707317074	0.6229963251267198	0.46258302565332055	0.9809217353537304	0.4456913326653307	0.6314480574773815	0.9290092307692308	0.05292725030826141	0.17591803278688525	0.4776008397480756	0.8886779102463165	0.7807199916932022	0.6623309455101002	0.9718264504116033	0.1222701072386059	0.9518770327669903	0.2424411111111111	0.49683685039370085	0.9718264504116033	0.6461336748871136	0.3473481912551117	0.11832942798070298	0.6015863636363636	0.22218370044052863	0.34527593937480267	0.8268257668711656	0.7047730088495576	0.9817613360323888	0.13884842883548984	0.47124079413850156	0.8784703200000001	0.4390699236641222	0.6794768850839644	0.843740119760479	0.43767580398162326	0.37809194828092857	0.9301395072040092	0.7884265956011334	0.05292725030826141	0.6794768850839644	0.20501910531220877	0.12632962720732505	0.45993716363636367	0.3473481912551117	0.49997798206278027	0.845123538743136	0.22218370044052863	0.8921182243511195	0.1988166270783848	0.7672589108910891	0.2760888349514563	0.8936940719360569	0.34874910853925556	0.4873919173363949	0.739545149754135	0.11383663366336634	0.8114558959835222	0.4055371060564538	0.1963302840635532	0.23732019230769233	0.8041927729772193	0.25856321525885556	0.22218370044052863	0.5550366360856268	0.30095012285012285	0.8942896299578994	0.13447368421052633	0.8078628660679423	0.6477236801107842	0.5094038275406951	0.6811040223280249	0.23529315589353614	0.7826847226055755	0.16195472330911123	0.7847449779856907	0.39479704890387857	1.0	0.8020636579572447	0.18769865067466268	0.975459830310123	0.09837433155080215	0.7430495861661248	0.024612385321100917	0.6761951324503311	0.9871002961123315	0.3429705099778271	0.8188729537366549	0.5718801467671559	0.6092119372693726	0.14230379746835442	0.5813404416037188	0.993292676029786	0.6121023866348448	0.2474043354943274	0.25856321525885556	0.13884842883548984	0.44308994202167884	0.6493421815671384	0.8798564940239044	0.6853734504636408	0.9520256433545261	0.8584030476873432	0.6020171082089553	0.9563885425020048	0.7407563530985288	0.9989336954485859	0.8291892964071855	0.9339841147728455	0.9443148250460405	0.8571697749581039	0.6174187534171678	0.4651635193133047	0.9910699062233589	0.06570000000000001	0.8918169380017841	0.643897468575419	0.8389906976744186	0.32232439024390247	0.8347809358752166	0.4836646922720963	0.27111174471299093	0.9483437951745902	0.9109168864864865	0.23312330345710627	0.6778406141654284	0.34874910853925556	0.4873919173363949	0.7595737951807229	0.06570000000000001	0.244941976316864	0.024612385321100917	0.9863692969870874
g__Ligilactobacillus	0.2911987486592778	0.8139429780684879	0.17591803278688525	0.8819316123907864	0.07147193149381541	0.9520256433545261	0.8154405685747216	0.5603774121921679	0.8093414141414141	0.7595737951807229	0.9407682766416606	0.07671849865951744	0.7594507113090961	0.47318192063864756	0.8423795538122089	0.9744108776387803	0.7424511617581767	0.7840236193361796	0.6710927492447131	0.29601448300283284	0.9572167883211679	0.9438929149175797	0.0882483552631579	0.9177708368915457	0.7393783965362796	0.7054654568407764	0.8013048906560636	0.3980323471950879	0.9885564446984852	0.8041927729772193	0.8202540410438308	0.8527543819410912	0.555864490543014	0.9674640699052134	0.6407381177707677	0.3187748901655965	0.3147124957323319	0.4701490753911806	0.33135182505754684	0.2851950054684652	0.6249774559193955	0.6101786148461964	0.03571048252911814	0.9222361690857083	0.44670097329673075	0.7595737951807229	0.28262230769230773	0.9891590089234858	0.6258946829531166	0.46258302565332055	0.7859961235038084	0.8693737806301051	0.8918169380017841	0.05292725030826141	0.8527543819410912	0.7412495177326013	0.1963302840635532	0.12632962720732505	0.2875347715736041	0.05292725030826141	0.5813404416037188	0.07147193149381541	0.9443148250460405	0.1988166270783848	0.5696571855095541	0.420593356456777	0.49846603773584913	0.8088945157526254	0.6630270462633451	0.8515408452409784	0.3886312500000001	0.7585627067452898	0.379461216730038	0.3980323471950879	0.5923854348651728	0.03571048252911814	0.7542431312690797	0.25262026378896885	0.927234092578986	0.07671849865951744	0.5813404416037188	0.11832942798070298	0.1222701072386059	0.05974944320712695	0.05974944320712695	0.4456913326653307	0.6811040223280249	0.2614174670797831	0.6161367816091954	0.7193726052753354	0.5439122245322245	0.8020636579572447	1.0	0.23097287989668533	0.024612385321100917	0.28880772547610495	0.5829006363285769	0.9674640699052134	0.7840236193361796	0.8613541479023465	0.7862417649450996	0.6324541541186891	0.9865464449541285	0.8093414141414141	0.5829006363285769	0.024612385321100917	0.3343414230019493	0.8213081415929204	0.23529315589353614	0.6853734504636408	0.8044391946659694	0.5584122643421853	0.574165557306026	0.8202540410438308	0.5829006363285769	0.18769865067466268	0.09398168789808917	0.6299876602564102	0.6121023866348448	0.2474043354943274	0.5238464916056823	0.6092119372693726	0.5584122643421853	0.7862417649450996	0.5751461674528302	0.6092119372693726	0.574165557306026	0.8131924528301887	0.05292725030826141	0.7862417649450996	0.7209039236805662	0.7859633447098976	0.25477086801426874	0.1963302840635532	0.6639454391606024	0.024612385321100917	0.8613541479023465	0.7834088652971184	0.13086585365853656	0.8693737806301051	0.9597029309141661	0.7542431312690797	0.8693707136997539	0.04502517482517483	0.26898931152529476	0.5043689632107023	0.6838845814977974
g__Limivivens	0.11832942798070298	0.49683685039370085	0.03571048252911814	0.36387845454545453	0.05974944320712695	0.024612385321100917	0.6794768850839644	0.7412495177326013	0.715844347826087	0.10910239651416123	0.695286517571885	0.06570000000000001	0.40330279314159295	0.7859633447098976	0.9109168864864865	0.7960461332977161	0.3057998956158664	0.3429705099778271	0.0882483552631579	0.03571048252911814	0.75619579358196	0.8912043804615728	0.13447368421052633	0.04502517482517483	0.9865464449541285	0.4196335834896811	0.7620053632723113	0.3831609238814642	0.9175068062827225	0.9426606641385671	0.823192586054722	0.04502517482517483	0.739545149754135	0.39151596377016695	0.024612385321100917	0.32066752941176474	0.03571048252911814	0.5105290322580646	0.03571048252911814	0.024612385321100917	0.3927745562130177	0.507585796460177	0.05292725030826141	0.3759327931644078	0.024612385321100917	0.0882483552631579	0.05974944320712695	0.4651635193133047	0.8835793388429751	0.7193726052753354	0.024612385321100917	0.44308994202167884	0.8172742733299337	0.024612385321100917	0.9788644082582146	0.09398168789808917	0.04502517482517483	0.7859961235038084	0.07147193149381541	0.05292725030826141	0.16195472330911123	0.04502517482517483	0.935864989127058	0.11832942798070298	0.6015863636363636	0.4181021511158914	0.4362731182795699	0.9534707817687896	0.3429705099778271	0.5439122245322245	0.024612385321100917	0.1908675889328063	0.244941976316864	0.5662927156293777	0.4319012658227848	0.05292725030826141	0.09398168789808917	0.05292725030826141	0.1502590431738623	0.024612385321100917	0.8226693676637638	0.31003130165289255	0.8125451438848922	0.9791452881355933	0.7137269410664171	0.5662927156293777	0.9098957398373984	0.0882483552631579	0.8122099819912529	0.5813404416037188	0.07147193149381541	0.18769865067466268	0.23097287989668533	1.0	0.28262230769230773	0.23732019230769233	0.20501910531220877	0.8255861834654588	0.9177708368915457	0.5012601342281879	0.6240572535591999	0.05974944320712695	0.7078824654956085	0.16637209302325584	0.024612385321100917	0.3241767696909272	0.9134338031199569	0.3856983884892086	0.024612385321100917	0.08247566182749785	0.8641285613124041	0.8787928188149333	0.8025266113088177	0.20760110548134503	0.43767580398162326	0.4808126423425517	0.10371970260223047	0.0882483552631579	0.3620529053848494	0.7902114996637525	0.9580024090363854	0.9601983760087676	0.04502517482517483	0.643897468575419	0.9691325636238577	0.5615234132581101	0.644870240585774	0.425324405076679	0.024612385321100917	0.34527593937480267	0.4922745624005456	0.8277547741208859	0.29387959401709396	0.3241767696909272	0.12632962720732505	0.29387959401709396	0.838206363300037	0.22218370044052863	0.024612385321100917	0.244941976316864	0.9891590089234858	0.10371970260223047	0.9468014380418154	0.10371970260223047	0.024612385321100917	0.8831643399433426	0.709690234741784
g__Limosilactobacillus	0.04502517482517483	0.18577087576374746	0.07147193149381541	0.979899893493416	0.03571048252911814	0.11383663366336634	0.8738684101143056	0.927234092578986	0.8226693676637638	0.2851950054684652	0.024612385321100917	0.6161367816091954	0.4956492557510149	0.6744283864541832	0.9828740248483098	0.8515408452409784	0.6778406141654284	0.41489715909090913	0.45750702439024393	0.5180643120260021	0.6466496880415944	0.8994027050802726	0.35594063940977555	0.13447368421052633	0.9696153491112639	0.5859447065592636	0.8634735207275305	0.5615234132581101	0.6778406141654284	0.40951088379705397	0.6732124937531234	0.8645787407145384	0.975459830310123	0.9134338031199569	0.7604585124677559	0.3856983884892086	0.3187748901655965	0.920093834522415	0.5957847965335343	0.3711497761862131	0.8693737806301051	0.43463855236139626	0.678603956478734	0.7968408381155746	0.43463855236139626	0.7278955953827461	0.08247566182749785	0.07671849865951744	0.5984751315789475	0.45600190709046456	0.9224576321353066	0.5418157861766548	0.7859961235038084	0.05292725030826141	0.9610918507462687	0.0882483552631579	0.14595683027794204	0.03571048252911814	0.03571048252911814	0.14230379746835442	0.9888112400152148	0.05974944320712695	0.5948838618346546	0.5271448909790509	0.6224057873730042	0.07147193149381541	0.9991900617630545	0.7851411788953009	0.5167468085106384	0.459116524701874	0.20501910531220877	0.8375027027027027	0.17884999999999998	0.6794768850839644	0.18577087576374746	0.49381592920353984	0.6394422413793104	0.22218370044052863	0.7615597966198796	0.7117123711340205	0.9098957398373984	0.024612385321100917	0.05974944320712695	0.024612385321100917	0.10910239651416123	0.8025266113088177	0.5684263755980861	0.09398168789808917	0.4956492557510149	0.7840236193361796	0.36387845454545453	0.975459830310123	0.024612385321100917	0.28262230769230773	1.0	0.6778406141654284	0.3473481912551117	0.06570000000000001	0.7851411788953009	0.35594063940977555	0.8519118543607113	0.11383663366336634	0.6101786148461964	0.9109168864864865	0.11832942798070298	0.024612385321100917	0.6931334188994064	0.28262230769230773	0.5223237335632679	0.8756644354838711	0.5492435301378318	0.44748056660039764	0.15391566265060241	0.5094038275406951	0.84315	0.10371970260223047	0.024612385321100917	0.2760888349514563	0.8469848326232502	0.15391566265060241	0.845123538743136	0.8589150232502683	0.3165390020366599	0.7820672147001935	0.626696557288865	0.4956492557510149	0.05292725030826141	0.9995395118301692	0.05974944320712695	0.5999283943661973	0.7269545329879629	0.16637209302325584	0.5136606431852986	0.8613541479023465	0.39479704890387857	0.05974944320712695	0.8693737806301051	0.8527543819410912	0.0882483552631579	0.9989336954485859	0.8202540410438308	0.9509567696202531	0.9392666666666667	0.024612385321100917	0.16195472330911123	0.839794441711756	0.4534151008362027
g__Longicatena	0.05292725030826141	0.44138625568468925	0.024612385321100917	0.36737628494138863	0.25856321525885556	0.05292725030826141	0.9996768412209466	0.48570855565777366	0.17252411575562698	0.06570000000000001	0.5948838618346546	0.07147193149381541	0.861604794034091	0.36568967702988225	0.3522668629882207	0.901338208889862	0.926983420886741	0.5158730241672109	0.2875347715736041	0.07671849865951744	0.9386443436114262	0.12632962720732505	0.024612385321100917	0.05292725030826141	0.3241767696909272	0.718604108108108	0.42890316505362275	0.37279462109955425	0.8107805110996387	0.8298996141879277	0.6372359259259259	0.21693396226415096	0.8728012374233839	0.8375027027027027	0.23312330345710627	0.23312330345710627	0.03571048252911814	0.2851950054684652	0.024612385321100917	0.3964758823529412	0.5492435301378318	0.7930670687575392	0.08247566182749785	0.5751461674528302	0.4456913326653307	0.4127755218216319	0.25477086801426874	0.5696571855095541	0.5056342157953281	0.2614174670797831	0.1222701072386059	0.4607514609997585	0.7604585124677559	0.024612385321100917	0.5192643891891892	0.6728820701168614	0.05292725030826141	0.614463230177623	0.08247566182749785	0.1502590431738623	0.17884999999999998	0.024612385321100917	0.8361955995055624	0.04502517482517483	0.44138625568468925	0.244941976316864	0.42890316505362275	0.5167468085106384	0.2875347715736041	0.9601983760087676	0.024612385321100917	0.5210213390928726	0.14595683027794204	0.8426620225269343	0.03571048252911814	0.05974944320712695	0.31003130165289255	0.3980323471950879	0.8277547741208859	0.024612385321100917	0.8994027050802726	0.17061348684210526	0.4651635193133047	0.34239121686362184	0.3080332063711912	0.26898931152529476	0.7073087653157398	0.04502517482517483	0.8716992576267255	0.7635519230769231	0.26414133281972263	0.09837433155080215	0.28880772547610495	0.23732019230769233	0.6778406141654284	1.0	0.2733064141035259	0.8213081415929204	0.7902114996637525	0.6229963251267198	0.5439122245322245	0.839794441711756	0.04502517482517483	0.9739314831130691	0.03571048252911814	0.4547123099558607	0.7750750244721017	0.5999283943661973	0.17884999999999998	0.3522668629882207	0.9381181714993293	0.9635543750000001	0.5122094674556213	0.4043693641618497	0.3927745562130177	0.86537471169687	0.22007400802496657	0.15798754246885618	0.14230379746835442	0.5603774121921679	0.7230759656652361	0.8719326034063261	0.08247566182749785	0.7461953642384105	0.8160832139201638	0.13884842883548984	0.14595683027794204	0.9782983999224205	0.024612385321100917	0.8879618323191345	0.3620529053848494	0.8315259865971704	0.8816143003180373	0.07671849865951744	0.42890316505362275	0.11383663366336634	0.6092119372693726	0.6015863636363636	0.024612385321100917	0.8207816249050874	0.8160832139201638	0.7240549157733538	0.9597029309141661	0.15798754246885618	0.11383663366336634	0.9844387294885327	0.46258302565332055
g__Massilioclostridium	0.04502517482517483	0.28126724584103513	0.6101786148461964	0.3294480832782551	0.09837433155080215	0.3542754478072885	0.8353854545454544	0.8445354665363947	0.14230379746835442	0.06570000000000001	0.8041927729772193	0.2474043354943274	0.13447368421052633	0.9702880239520959	0.4403438498605123	0.9686417421259843	0.8795360414767549	0.17061348684210526	0.5167468085106384	0.8798564940239044	0.8684840084536809	0.4043693641618497	0.26898931152529476	0.13884842883548984	0.9808326828325766	0.8936940719360569	0.4294633879781421	0.9973197974303667	0.555864490543014	0.48196241019698727	0.6041052073647015	0.9863692969870874	0.9556521708542713	0.950391499949223	0.5012601342281879	0.6224057873730042	0.17252411575562698	0.8265187594173782	0.3844912955465587	0.6429219755244756	0.678603956478734	0.4956492557510149	0.48196241019698727	0.49683685039370085	0.7378265000748166	0.03571048252911814	0.36021285888821014	0.32066752941176474	0.5923854348651728	0.2249292576419214	0.5594535100141614	0.8918169380017841	0.5940918668432004	0.05974944320712695	0.926983420886741	0.40200274923632323	0.20501910531220877	0.9290092307692308	0.13447368421052633	0.47665429440674	0.49846603773584913	0.08247566182749785	0.7439758564678085	0.6277202685765443	0.8979362063264631	0.8728012374233839	0.7573276384083045	0.8603455941890926	0.941812388381402	0.28880772547610495	0.10371970260223047	0.8994027050802726	0.5238464916056823	0.7847449779856907	0.5627784550392275	0.6630270462633451	0.8886779102463165	0.3294480832782551	0.9509567696202531	0.48570855565777366	0.583844053117783	0.7595737951807229	0.8078628660679423	0.7249211564938044	0.9718264504116033	0.7461953642384105	0.9969679054054054	0.04502517482517483	0.5813404416037188	0.8724683144246355	0.6698537880060473	0.7430495861661248	0.5829006363285769	0.20501910531220877	0.3473481912551117	0.2733064141035259	1.0	0.6084669439822518	0.8445354665363947	0.024612385321100917	0.7595737951807229	0.7631103423680456	0.39151596377016695	0.5083852668725187	0.34874910853925556	0.7635519230769231	0.8523850513595166	0.7514202127659574	0.7743323768197088	0.17061348684210526	0.8768717792818631	0.5615234132581101	0.709690234741784	0.8613541479023465	0.7450104028331119	0.4845779059040591	0.024612385321100917	0.7765363560384455	0.8784703200000001	0.10371970260223047	0.9289555951383068	0.6663370945945946	0.09398168789808917	0.9865464449541285	0.14595683027794204	0.34081435452793835	0.7918201289109708	0.7317695967376528	0.20760110548134503	0.7948251703406813	0.5859447065592636	0.9058772950016334	0.7896178133836004	0.4952395380434783	0.36568967702988225	0.6229963251267198	0.12632962720732505	0.8408825825457222	0.06570000000000001	0.8025266113088177	0.9464792385424109	0.5671916333865815	0.639866719325961	0.7909101719967752	0.15798754246885618	0.7623407825217764	0.3886312500000001
g__Mediterraneibacter	0.8693737806301051	0.3187748901655965	0.6853734504636408	0.43463855236139626	0.11832942798070298	0.05974944320712695	0.8188729537366549	0.7740220804710499	0.7278955953827461	0.36568967702988225	0.07147193149381541	0.8645787407145384	0.5575933143669985	0.6887240677966101	0.7430495861661248	0.9194406776049436	0.25262026378896885	1.0	0.9243568251291241	0.7223168508287293	0.8779238689726263	0.7419610938194753	0.9891590089234858	0.7292723223753976	0.8226693676637638	0.4889577813431126	0.8652319194061506	0.9222361690857083	0.8693737806301051	0.6963333226939037	0.861604794034091	0.7921596566523605	0.8973468843057241	0.8936940719360569	0.9595897714798922	0.9559620506125728	0.9098957398373984	0.9165847191011236	0.4055371060564538	0.3080332063711912	0.7209039236805662	0.9878293427453972	0.7585627067452898	0.9392939765238879	0.8423795538122089	0.9046237679895334	0.7542431312690797	0.09398168789808917	0.6121023866348448	0.6824986252045827	0.6829136883371447	0.5455760747663552	0.764100938967136	0.7656293482890812	0.8795360414767549	0.07671849865951744	0.35594063940977555	0.04502517482517483	0.16637209302325584	0.3844912955465587	0.7023493972081218	0.18769865067466268	0.9165847191011236	0.9381181714993293	0.7342602523659306	0.38722639724849534	0.9902563543247344	0.5027610093791871	0.2760888349514563	0.8710283970707893	0.639866719325961	0.9339841147728455	0.20760110548134503	0.07671849865951744	0.5737471262097571	0.8535934586194434	0.7573276384083045	0.643897468575419	0.90837536121673	0.8634735207275305	0.8693737806301051	0.0882483552631579	0.507585796460177	0.07671849865951744	0.8728012374233839	0.9401485811227637	0.9726874485596708	0.8910003701211305	0.4403438498605123	0.9938168470588234	0.8114558959835222	0.024612385321100917	0.9674640699052134	0.8255861834654588	0.06570000000000001	0.8213081415929204	0.6084669439822518	1.0	0.9841645059060788	0.3711497761862131	0.2788464312267658	0.17591803278688525	0.8309160849583902	0.6847416653087828	0.976220013634593	0.966299080846017	0.8738684101143056	0.7496784930504755	0.6937420470927439	0.9739314831130691	0.7012033021114462	0.49083936218678814	0.9915062417249858	0.8693737806301051	0.7889165094339623	0.5012601342281879	0.25262026378896885	0.1502590431738623	0.8535934586194434	0.4304635397771443	0.5813404416037188	0.8973468843057241	0.7170614026939154	0.9357227324556857	0.28880772547610495	0.9888112400152148	0.8454013893967093	0.9222361690857083	0.7149551686615886	0.6774110173697271	0.5312106288376033	0.19387060546874998	0.5122094674556213	0.39151596377016695	0.8928163326653306	0.9260907196969698	0.9026885321100918	0.86537471169687	0.8918169380017841	0.6240351952277656	0.25856321525885556	0.957005014011209	0.9848069620253165	0.20760110548134503	0.20760110548134503	0.7635519230769231	0.8556719841555636
g__Megamonas	0.8693737806301051	0.7857149999999999	0.6811040223280249	0.6249774559193955	0.5223237335632679	0.45993716363636367	0.9443148250460405	0.46144848484848483	0.9224576321353066	0.7450104028331119	0.7743323768197088	0.9243568251291241	0.5708840818759936	0.8749321383285303	0.8044391946659694	0.7941341802621021	0.8693737806301051	0.4500182267226476	0.7301237288135594	0.9194406776049436	0.8041927729772193	0.3813728571428571	0.6623309455101002	0.7896178133836004	0.3711497761862131	0.5594535100141614	0.718604108108108	0.8936139475438986	0.8613541479023465	0.9823135478897668	0.9224576321353066	0.9357227324556857	0.7078824654956085	0.36737628494138863	0.6305511194029851	0.45993716363636367	0.48570855565777366	0.7703881217415809	0.42199279446955595	0.9635543750000001	0.420593356456777	0.7285295919915061	0.9823135478897668	0.8745015922464521	0.7719981012658227	0.46660960989533773	0.6493421815671384	0.49381592920353984	0.6394422413793104	0.9520256433545261	0.8611579679144385	0.6288607060082011	0.5027610093791871	0.9301395072040092	0.6979762177650429	0.6324541541186891	0.8579408182796986	0.9228115969581749	0.40951088379705397	0.9891590089234858	0.4196335834896811	0.9885564446984852	0.9691325636238577	0.5848961959654179	0.9309223600542063	0.3241767696909272	0.07671849865951744	0.6092119372693726	0.14230379746835442	0.5627784550392275	0.41109241435562804	0.7278955953827461	0.8802763903104743	0.7278955953827461	0.8728012374233839	0.8630215510107578	0.6229963251267198	0.46144848484848483	0.9177708368915457	0.5192643891891892	0.9152233891752577	0.9040451887409994	0.8693707136997539	0.949368896797153	0.9683480200945627	0.6360163665254238	0.46849353919239906	0.9947133590298016	0.801876923076923	0.9773544757281554	0.6487950726141078	0.6761951324503311	0.7840236193361796	0.9177708368915457	0.7851411788953009	0.7902114996637525	0.8445354665363947	0.9841645059060788	1.0	0.7694181472081218	0.8289881823860087	0.6493421815671384	0.4956492557510149	0.8745015922464521	0.7278955953827461	0.6360163665254238	0.961585531026253	0.7542431312690797	0.7948251703406813	0.5122094674556213	0.88837022067102	0.8672878998118533	0.5351939342881213	0.954166458815247	0.7090094969440527	0.9129668604651163	0.9777318424371787	0.709690234741784	0.7137269410664171	0.7264263085609645	0.17061348684210526	0.9367294178471719	0.08247566182749785	0.9260907196969698	0.9602151771496815	0.8298996141879277	0.8487435295548528	0.8114558959835222	0.8315259865971704	0.4500182267226476	0.3693804373876573	0.2851950054684652	0.8188729537366549	0.8645787407145384	0.25856321525885556	0.40200274923632323	0.36737628494138863	0.6305511194029851	0.8426620225269343	0.9782983999224205	0.9619830169929444	0.9183281630040537	0.024612385321100917	0.9520256433545261	0.7859961235038084	0.8469848326232502	0.8268257668711656
g__Merdibacter	0.3856983884892086	0.024612385321100917	0.7551444444444445	0.8603455941890926	0.5363244640605297	0.2249292576419214	0.5027610093791871	0.8347809358752166	0.16637209302325584	0.36737628494138863	0.5728722684085511	0.3147124957323319	0.024612385321100917	0.748875439367311	0.34081435452793835	0.6288607060082011	0.6723252383341696	0.30095012285012285	0.9714412180052957	0.9863692969870874	0.7398212851405623	0.7623407825217764	0.42607551342812006	0.09398168789808917	0.1988166270783848	0.5865404055863784	0.29601448300283284	0.748875439367311	0.7485096816781575	0.949368896797153	0.18769865067466268	0.7948251703406813	0.4722145583038869	0.3057998956158664	0.33695200907323397	0.8762190251753075	0.30095012285012285	0.6817465333551878	0.6905165217391305	0.3999111884219315	0.6778406141654284	0.929795736677116	0.05974944320712695	0.8693737806301051	0.9357227324556857	0.7673657348581109	0.2133592408495255	0.9865464449541285	0.8125451438848922	0.36387845454545453	0.0882483552631579	0.6064049888724036	0.6372359259259259	0.17252411575562698	0.9250004424778762	0.6905165217391305	0.09837433155080215	0.05292725030826141	0.46849353919239906	0.09837433155080215	0.6714288393903868	0.13447368421052633	1.0	0.8202540410438308	0.8221450915982312	0.8492223936816525	0.9381181714993293	0.9210699022939677	0.5083852668725187	0.19387060546874998	0.12632962720732505	0.9264399915895711	0.14595683027794204	0.8202540410438308	0.7728427068723702	0.05292725030826141	0.9619830169929444	0.4922745624005456	0.718604108108108	0.6869650551589876	0.7371031460674158	0.18577087576374746	0.22802211621856028	0.22007400802496657	0.823192586054722	0.44456229260935143	0.8634735207275305	0.42890316505362275	0.8867424170616114	0.8532257959479016	0.7604585124677559	0.9871002961123315	0.8613541479023465	0.5012601342281879	0.35594063940977555	0.6229963251267198	0.024612385321100917	0.3711497761862131	0.7694181472081218	1.0	0.25477086801426874	0.22218370044052863	0.3759327931644078	0.34527593937480267	0.2760888349514563	0.981673205326129	0.6937420470927439	0.15798754246885618	0.8384956768074885	0.5283094709897611	0.88837022067102	0.929795736677116	0.8844070855463894	0.5094038275406951	0.9765993284671534	0.17591803278688525	0.024612385321100917	0.8784703200000001	0.379461216730038	0.07671849865951744	0.9885564446984852	0.8749321383285303	0.3241767696909272	0.6847416653087828	0.23529315589353614	0.5223237335632679	0.8916074882471456	0.7398212851405623	0.05974944320712695	0.7889165094339623	0.36387845454545453	0.44670097329673075	0.8787928188149333	0.9891590089234858	0.07147193149381541	0.5363244640605297	0.23732019230769233	0.8041927729772193	0.23732019230769233	0.8044391946659694	0.3080332063711912	0.1908675889328063	0.8265187594173782	0.6639454391606024	0.13086585365853656	0.8771971464588586	0.44138625568468925
g__Merdimmobilis	0.25856321525885556	0.9164170540974825	0.8571697749581039	0.8020636579572447	0.7930670687575392	0.07671849865951744	0.8041927729772193	0.6561911080711353	0.8944875166002656	0.06570000000000001	0.8078628660679423	0.9352890248962654	0.739545149754135	0.8423795538122089	0.5471923140495868	0.9124009049773756	0.31003130165289255	0.19387060546874998	0.583844053117783	0.5821785272516429	0.5180643120260021	0.5737471262097571	0.5210213390928726	0.17252411575562698	0.9070291680261012	0.1824435857805255	0.420593356456777	0.489957449725777	0.7656293482890812	0.8221450915982312	0.9885564446984852	0.5718801467671559	0.46258302565332055	0.8835793388429751	0.5283094709897611	0.5671916333865815	0.6407381177707677	0.7820672147001935	0.29601448300283284	0.1963302840635532	0.9375481910274964	0.8989146252888742	0.5192643891891892	0.8989146252888742	0.26414133281972263	0.628403984989278	0.5948838618346546	0.9559620506125728	0.748875439367311	0.38722639724849534	0.4776008397480756	0.6005901630129287	0.05292725030826141	0.08247566182749785	0.6679315594476254	0.7378265000748166	0.09837433155080215	0.13884842883548984	0.3388919032258065	0.6869650551589876	0.08247566182749785	0.07671849865951744	0.6240572535591999	0.11832942798070298	0.5192643891891892	0.7149551686615886	0.7765363560384455	0.48570855565777366	0.47665429440674	0.46371051625239	0.9392666666666667	0.802988467614534	0.17884999999999998	0.9046237679895334	0.8038720431522168	0.8423795538122089	0.9996768412209466	0.9683480200945627	0.9828740248483098	0.653143254376931	0.5821785272516429	0.18769865067466268	0.9526279100262255	0.4319012658227848	0.9426606641385671	0.7775978699707643	0.9747935707317074	0.9228115969581749	0.9526279100262255	0.39479704890387857	0.8125451438848922	0.3429705099778271	0.7862417649450996	0.6240572535591999	0.8519118543607113	0.5439122245322245	0.7595737951807229	0.2788464312267658	0.8289881823860087	0.25477086801426874	1.0	0.7713567304984511	0.8921182243511195	0.7856440922190201	0.46849353919239906	0.9164170540974825	0.40951088379705397	0.9858251748251748	0.5550366360856268	0.5795954909232871	0.3999111884219315	0.8025266113088177	0.3035447202797203	0.8710283970707893	0.9969679054054054	0.9597029309141661	0.489957449725777	0.7728427068723702	0.545990436762575	0.8997911667765326	0.8716992576267255	0.17252411575562698	0.6829136883371447	0.024612385321100917	0.9913351632749645	0.0882483552631579	0.9782983999224205	0.8125451438848922	0.1222701072386059	0.6710927492447131	0.5300331983805668	0.9873708122554166	0.7851411788953009	0.2397019892250311	0.4512197932053176	0.7170614026939154	0.6596656324582338	0.15798754246885618	0.28126724584103513	0.6229963251267198	0.9464792385424109	0.4165608038845428	0.9744108776387803	0.7424511617581767	0.8389906976744186	0.6070441709844561	0.5158730241672109
g__Merdimonas	0.8693737806301051	0.03571048252911814	0.8202540410438308	0.5829006363285769	0.8979362063264631	0.4294633879781421	0.8933148626098565	0.614463230177623	0.4547123099558607	0.9040451887409994	0.42755007874015744	0.6672480769230769	0.08247566182749785	0.9943588899341487	0.8762438640798991	0.7142863636363636	0.5258626686656672	0.1222701072386059	0.8268257668711656	0.8787928188149333	0.41489715909090913	0.650184318455971	0.9683480200945627	0.4294633879781421	0.5056342157953281	0.6754249046592605	0.9902563543247344	0.8916074882471456	0.7631103423680456	0.854634595959596	0.8918169380017841	0.9183281630040537	0.8122099819912529	0.23529315589353614	0.2133592408495255	0.9464792385424109	0.4403438498605123	0.9808326828325766	0.9526279100262255	0.07671849865951744	0.7782250730079265	0.6240572535591999	0.7170614026939154	0.7765363560384455	0.5662927156293777	0.7826847226055755	0.7317695967376528	0.6240572535591999	0.9095212325051535	0.5271448909790509	0.5751461674528302	0.4701490753911806	0.9744108776387803	0.29601448300283284	0.950391499949223	0.40330279314159295	0.7216667588750577	0.38722639724849534	0.6583974748336461	0.1988166270783848	0.7782250730079265	0.33695200907323397	0.8645787407145384	0.8041927729772193	0.28880772547610495	0.9906164344611885	0.949880510110761	0.7170614026939154	0.18769865067466268	0.8426620225269343	0.37279462109955425	0.2665296211251435	0.47665429440674	0.5271448909790509	0.37420434782608697	0.8268257668711656	0.6466496880415944	0.28262230769230773	0.8038720431522168	0.9873708122554166	0.7317695967376528	0.4304635397771443	0.9906164344611885	0.5066689150210784	0.7496784930504755	0.823192586054722	0.8445354665363947	0.6679315594476254	0.957005014011209	0.5584122643421853	0.8695098822981004	0.8188729537366549	0.6324541541186891	0.05974944320712695	0.11383663366336634	0.839794441711756	0.7631103423680456	0.17591803278688525	0.6493421815671384	0.22218370044052863	0.7713567304984511	1.0	0.9844387294885327	0.951369064966606	0.2474043354943274	0.5258626686656672	0.4390699236641222	0.7301237288135594	0.7386585201793723	0.7803146402329127	0.7992173345759552	0.893992148164578	0.9046237679895334	0.5405909623430962	0.13447368421052633	0.6551403184386235	0.3294480832782551	0.4836646922720963	0.9597029309141661	0.7859961235038084	0.7653009812286689	0.9386443436114262	0.6596656324582338	0.9747935707317074	0.7868431279620852	0.9924096920460985	0.956271432871764	0.9587102605050405	0.2397019892250311	0.4488089197224975	0.7653009812286689	0.7424511617581767	0.9597029309141661	0.9759352923976609	0.30095012285012285	0.6655362206056504	0.42890316505362275	0.9898018599354715	0.3711497761862131	0.1988166270783848	0.9837094074644093	0.22218370044052863	0.7765363560384455	0.8025266113088177	0.07147193149381541	0.8825483955096949	0.8731334681146027
g__Merdivicinus	0.8492223936816525	0.04502517482517483	0.9114857605877269	0.28262230769230773	0.8095778352515195	0.6154140219378427	0.8020636579572447	0.04502517482517483	0.06570000000000001	0.8188729537366549	0.9947133590298016	0.12632962720732505	0.1824435857805255	0.8607009991673605	0.07147193149381541	0.9534707817687896	0.801876923076923	0.7393783965362796	0.6070441709844561	0.6131718973418882	0.3759327931644078	0.37279462109955425	0.8684840084536809	0.8634735207275305	0.23312330345710627	0.9888112400152148	0.3927745562130177	0.08247566182749785	0.49683685039370085	0.7193726052753354	0.8672878998118533	0.6710927492447131	0.3542754478072885	0.13086585365853656	0.6963333226939037	0.4956492557510149	0.6794768850839644	0.7976342712361648	0.38722639724849534	0.7553864723792953	0.967663717076058	0.9739314831130691	0.4488089197224975	0.7167315960912052	0.8041927729772193	0.9243568251291241	0.7807199916932022	0.57698291250734	0.9630630434782609	0.2760888349514563	0.3147124957323319	0.9744108776387803	0.09398168789808917	0.5539782839632278	0.6877018629515632	0.6288607060082011	0.920614645552131	0.8584030476873432	0.993292676029786	0.8010504911069817	0.3620529053848494	0.49846603773584913	0.20501910531220877	0.9863692969870874	0.11383663366336634	0.6131718973418882	0.781340271055179	0.7595737951807229	0.9930481586402267	0.024612385321100917	0.7719981012658227	0.9587102605050405	0.3844912955465587	0.9973197974303667	0.2665296211251435	0.8139429780684879	0.9934613863251083	0.7986392642942822	0.1824435857805255	0.6992391982182629	0.13447368421052633	0.9891590089234858	0.975459830310123	0.9773544757281554	0.5999283943661973	0.03571048252911814	0.9509567696202531	0.29387959401709396	0.8898907446928	0.8500742451800655	0.8095778352515195	0.5718801467671559	0.9865464449541285	0.7078824654956085	0.6101786148461964	0.04502517482517483	0.39151596377016695	0.8309160849583902	0.4956492557510149	0.3759327931644078	0.8921182243511195	0.9844387294885327	1.0	0.5105290322580646	0.8122099819912529	0.9702880239520959	0.8553078947368421	0.7485096816781575	0.5940918668432004	0.9339841147728455	0.695286517571885	0.8835793388429751	0.44456229260935143	0.4294633879781421	0.7553864723792953	0.6887240677966101	0.6561911080711353	0.9124009049773756	0.545990436762575	0.06570000000000001	0.6561911080711353	0.9365882620846703	0.596906828442438	0.8584030476873432	0.824650937932771	0.489957449725777	0.9888112400152148	0.7859961235038084	0.4845779059040591	0.8145879548949257	0.6070441709844561	0.03571048252911814	0.8710283970707893	0.9381181714993293	0.6314480574773815	0.700500572337043	0.05974944320712695	0.9224576321353066	0.12632962720732505	0.9808326828325766	0.8093414141414141	0.9224576321353066	0.7859633447098976	0.6623309455101002	0.6714288393903868	0.9177708368915457	0.8819316123907864
g__Muricomes	0.9549575809370602	0.06570000000000001	0.8125451438848922	0.4922745624005456	0.5094038275406951	0.974697568359375	0.6258946829531166	0.15391566265060241	0.024612385321100917	0.3429705099778271	0.8844070855463894	0.3542754478072885	0.06570000000000001	0.7840236193361796	0.59307175066313	0.44670097329673075	0.802988467614534	0.42199279446955595	0.7595737951807229	0.09837433155080215	0.5439122245322245	0.07671849865951744	0.6894546421663442	0.6493421815671384	0.7126093930410361	0.20760110548134503	0.9640451219512196	0.7500414110429448	0.9392666666666667	0.9808326828325766	0.7703881217415809	0.14595683027794204	0.7117123711340205	0.5066689150210784	0.05292725030826141	0.8798564940239044	0.7936543580131209	0.5439122245322245	0.2614174670797831	0.4488089197224975	0.5829006363285769	0.583844053117783	0.09398168789808917	0.841579958297559	0.7378265000748166	0.5923854348651728	0.7859633447098976	0.781340271055179	0.4181021511158914	0.7673657348581109	0.678603956478734	0.9580024090363854	0.42338259141494433	0.3124354938271605	0.8693737806301051	0.8613541479023465	0.12632962720732505	0.9711507606242026	0.9283175594926093	0.4889577813431126	0.545990436762575	0.6698537880060473	0.8693737806301051	0.8762438640798991	0.6887240677966101	0.7216667588750577	0.9989336954485859	0.9534707817687896	0.9070291680261012	0.4607514609997585	0.3057998956158664	0.16637209302325584	0.7336401173285199	0.47318192063864756	0.7795834721065777	0.04502517482517483	0.8188729537366549	0.25013079710144925	0.5957847965335343	0.44138625568468925	0.13884842883548984	0.9520256433545261	0.802988467614534	0.9309223600542063	0.7859961235038084	0.25262026378896885	0.7595737951807229	0.3693804373876573	0.9156874342740637	0.703047932837003	0.949880510110761	0.6092119372693726	0.8093414141414141	0.16637209302325584	0.9109168864864865	0.9739314831130691	0.5083852668725187	0.6847416653087828	0.8745015922464521	0.34527593937480267	0.7856440922190201	0.951369064966606	0.5105290322580646	1.0	0.9765993284671534	0.950391499949223	0.8213081415929204	0.26898931152529476	0.7209039236805662	0.6521969061533174	0.6605940755873341	0.7594507113090961	0.9885564446984852	0.7859633447098976	0.8268257668711656	0.8579408182796986	0.3343414230019493	0.9865464449541285	0.25477086801426874	0.26898931152529476	0.9232623957783641	0.9690303039244615	0.4952395380434783	0.34239121686362184	0.3343414230019493	0.9996768412209466	0.8819316123907864	0.8784703200000001	0.1222701072386059	0.28880772547610495	0.9367294178471719	0.08247566182749785	0.626696557288865	0.6802356731875719	0.3333459574468085	0.5300331983805668	0.8613541479023465	0.906256359482102	0.024612385321100917	0.6561911080711353	0.8454013893967093	0.5405909623430962	0.9817613360323888	0.6288607060082011	0.507585796460177	0.7909101719967752	0.3429705099778271
g__Murimonas	0.1222701072386059	0.44670097329673075	0.03571048252911814	0.1963302840635532	0.20180535966149507	0.024612385321100917	0.8067494978479197	0.30095012285012285	0.6877018629515632	0.13447368421052633	0.14595683027794204	0.07671849865951744	0.5795954909232871	0.5615234132581101	0.9431804875550547	0.9217201146375119	0.489957449725777	0.17252411575562698	0.5083852668725187	0.21693396226415096	0.7909101719967752	0.9224576321353066	0.024612385321100917	0.04502517482517483	0.6240351952277656	0.8088945157526254	0.33135182505754684	0.13884842883548984	0.9915062417249858	0.7458234817216981	0.6732124937531234	0.03571048252911814	0.3343414230019493	0.9996768412209466	0.03571048252911814	0.04502517482517483	0.03571048252911814	0.45600190709046456	0.19387060546874998	0.04502517482517483	0.6407381177707677	0.8389906976744186	0.024612385321100917	0.09837433155080215	0.11383663366336634	0.12632962720732505	0.024612385321100917	0.6249774559193955	0.6947931829092654	0.33695200907323397	0.024612385321100917	0.07671849865951744	0.47124079413850156	0.024612385321100917	0.27111174471299093	0.024612385321100917	0.03571048252911814	0.4952395380434783	0.03571048252911814	0.17252411575562698	0.0882483552631579	0.024612385321100917	0.6894546421663442	0.1963302840635532	0.18577087576374746	0.13447368421052633	0.024612385321100917	0.15391566265060241	0.18769865067466268	0.024612385321100917	0.024612385321100917	0.2397019892250311	0.23732019230769233	0.7378265000748166	0.27111174471299093	0.2733064141035259	0.024612385321100917	0.024612385321100917	0.07147193149381541	0.07147193149381541	0.15391566265060241	0.024612385321100917	0.09837433155080215	0.3343414230019493	0.9526279100262255	0.08247566182749785	0.5180643120260021	0.07671849865951744	0.7820672147001935	0.9509567696202531	0.024612385321100917	0.14230379746835442	0.5829006363285769	0.024612385321100917	0.11832942798070298	0.03571048252911814	0.34874910853925556	0.976220013634593	0.7278955953827461	0.2760888349514563	0.46849353919239906	0.2474043354943274	0.8122099819912529	0.9765993284671534	1.0	0.05292725030826141	0.9658962475247526	0.645390866388309	0.024612385321100917	0.024612385321100917	0.7672589108910891	0.8013048906560636	0.10910239651416123	0.7278955953827461	0.8873525372124492	0.5525762479541735	0.05292725030826141	0.09398168789808917	0.8816143003180373	0.8768717792818631	0.4304635397771443	0.823192586054722	0.03571048252911814	0.8700506870051234	0.695286517571885	0.07671849865951744	0.14230379746835442	0.7201392081343398	0.024612385321100917	0.8020636579572447	0.6174187534171678	0.8768717792818631	0.09398168789808917	0.5243504504504505	0.05292725030826141	0.03571048252911814	0.5307365200764819	0.1824435857805255	0.024612385321100917	0.33695200907323397	0.8553078947368421	0.07671849865951744	0.8611579679144385	0.04502517482517483	0.024612385321100917	0.8213081415929204	0.7595737951807229
g__Nanosynbacter	0.25013079710144925	0.8835793388429751	0.024612385321100917	0.4127755218216319	0.4456913326653307	0.03571048252911814	0.5915833872502378	0.8879618323191345	0.9858251748251748	0.30095012285012285	0.024612385321100917	0.5238464916056823	0.9739314831130691	0.7240549157733538	0.9034658515283843	0.6679315594476254	0.7921596566523605	0.49683685039370085	0.5859447065592636	0.459116524701874	0.8898907446928	0.8291892964071855	0.024612385321100917	0.3759327931644078	0.9773544757281554	0.8802763903104743	0.44138625568468925	0.6360163665254238	0.8347809358752166	0.9888112400152148	0.8860314214745398	0.7439758564678085	0.08247566182749785	0.9480234437086092	0.8202540410438308	0.09837433155080215	0.2101243169398907	0.34874910853925556	0.23097287989668533	0.9744108776387803	0.838206363300037	0.3035447202797203	0.10371970260223047	0.4488089197224975	0.18769865067466268	0.46144848484848483	0.10910239651416123	0.4776008397480756	0.43463855236139626	0.09837433155080215	0.9891590089234858	0.05974944320712695	0.17252411575562698	0.024612385321100917	0.5799919618528611	0.16195472330911123	0.1502590431738623	0.7743323768197088	0.22218370044052863	0.23097287989668533	0.7664999999999998	0.024612385321100917	0.5662927156293777	0.43767580398162326	0.4319012658227848	0.024612385321100917	0.7884265956011334	0.9602151771496815	0.18577087576374746	0.2733064141035259	0.05974944320712695	0.7551444444444445	0.04502517482517483	0.9640451219512196	0.024612385321100917	0.09398168789808917	0.04502517482517483	0.3473481912551117	0.36021285888821014	0.024612385321100917	0.3388919032258065	0.024612385321100917	0.04502517482517483	0.04502517482517483	0.6240572535591999	0.6931334188994064	0.6968226222717858	0.07671849865951744	0.9739314831130691	0.6015863636363636	0.04502517482517483	0.5813404416037188	0.024612385321100917	0.3241767696909272	0.024612385321100917	0.4547123099558607	0.7635519230769231	0.966299080846017	0.6360163665254238	0.981673205326129	0.9164170540974825	0.5258626686656672	0.9702880239520959	0.950391499949223	0.05292725030826141	1.0	0.9773544757281554	0.6732124937531234	0.9861918437679494	0.1824435857805255	0.8844070855463894	0.23312330345710627	0.5653898315282792	0.44748056660039764	0.7635519230769231	0.42890316505362275	0.05292725030826141	0.7386585201793723	0.7856440922190201	0.379461216730038	0.9991900617630545	0.7726380303456026	0.4651635193133047	0.9260907196969698	0.9305797809076684	0.40951088379705397	0.17252411575562698	0.9357227324556857	0.024612385321100917	0.23097287989668533	0.8523850513595166	0.645390866388309	0.024612385321100917	0.7412495177326013	0.6583974748336461	0.03571048252911814	0.6064049888724036	0.3620529053848494	0.024612385321100917	0.31003130165289255	0.7859633447098976	0.8006889154704945	0.8798564940239044	0.024612385321100917	0.03571048252911814	0.583844053117783	0.34874910853925556
g__Negativibacillus	0.9861918437679494	0.024612385321100917	0.5377886253934943	0.6968226222717858	0.9194406776049436	0.709690234741784	0.8613541479023465	0.7334602110022607	0.6968226222717858	0.9452534075814857	0.4701490753911806	0.7582188850475368	0.379461216730038	0.9744108776387803	0.3187748901655965	0.7063785624211854	0.3343414230019493	0.9164170540974825	0.8693737806301051	0.4845779059040591	0.4547123099558607	0.4845779059040591	0.838206363300037	0.653143254376931	0.6314480574773815	0.44748056660039764	0.8515408452409784	0.4488089197224975	0.7620053632723113	0.4319012658227848	0.8423795538122089	0.3080332063711912	0.966299080846017	0.9095212325051535	0.956271432871764	0.9841645059060788	0.8695098822981004	0.8492223936816525	0.9483437951745902	0.901338208889862	0.8918169380017841	0.11832942798070298	0.7573276384083045	0.8454013893967093	0.25477086801426874	0.6923003373493977	0.44748056660039764	0.929795736677116	0.9518770327669903	0.7126093930410361	0.10371970260223047	0.6869650551589876	0.9873708122554166	0.933839338120512	0.9965219718309859	0.46371051625239	0.6992391982182629	0.40951088379705397	0.8762438640798991	0.628403984989278	0.6824986252045827	0.4500182267226476	0.8918169380017841	0.8369013586956521	0.4127755218216319	0.9172422673796792	0.6663370945945946	0.7765363560384455	0.7623407825217764	0.5271448909790509	0.6199743044189853	0.8282684585573196	0.8020636579572447	0.6968226222717858	0.8787928188149333	0.5813404416037188	0.6723252383341696	0.5662927156293777	0.6761951324503311	0.9224576321353066	0.23097287989668533	0.9448327300613496	0.489957449725777	0.9658962475247526	0.3057998956158664	0.9902563543247344	0.7999005586592179	0.7301237288135594	0.3147124957323319	0.8131924528301887	0.7902114996637525	0.993292676029786	0.3343414230019493	0.9134338031199569	0.6931334188994064	0.7750750244721017	0.8523850513595166	0.8738684101143056	0.961585531026253	0.6937420470927439	0.40951088379705397	0.4390699236641222	0.8553078947368421	0.8213081415929204	0.9658962475247526	0.9773544757281554	1.0	0.9534707817687896	0.7795834721065777	0.9520256433545261	0.8710283970707893	0.8831643399433426	0.8500098724954462	0.7393783965362796	0.9885564446984852	0.7514202127659574	0.18769865067466268	0.7012033021114462	0.30095012285012285	0.6596656324582338	0.7941341802621021	0.06570000000000001	0.4196335834896811	0.8240261340725807	0.07671849865951744	0.7992173345759552	0.6877018629515632	0.46144848484848483	0.967663717076058	0.8426620225269343	0.839794441711756	0.25856321525885556	0.5627784550392275	0.6737654805453941	0.3294480832782551	0.9452534075814857	0.9624755288509287	0.8918169380017841	0.574165557306026	0.7292723223753976	0.9841645059060788	0.6121023866348448	0.3813728571428571	0.8202540410438308	0.8749321383285303	0.09837433155080215	0.644870240585774
g__Odoribacter	0.8454013893967093	0.4294633879781421	0.7458234817216981	0.4319012658227848	0.5432624687239366	0.86537471169687	0.5418157861766548	0.7664999999999998	0.03571048252911814	0.5325805960684845	0.34081435452793835	0.4294633879781421	0.15391566265060241	0.05974944320712695	0.700500572337043	0.35067971962616823	0.6572393851409052	0.40330279314159295	0.8589150232502683	0.6092119372693726	0.8762190251753075	0.8535934586194434	0.34527593937480267	0.6937420470927439	0.801876923076923	0.5640294637477404	0.6305511194029851	0.8556719841555636	0.935864989127058	0.8921182243511195	0.09837433155080215	0.1502590431738623	0.7458234817216981	0.3035447202797203	0.695286517571885	0.29601448300283284	0.43767580398162326	0.5539782839632278	0.8691316789862725	0.09398168789808917	0.718604108108108	0.5492435301378318	0.5418157861766548	0.8571697749581039	0.2988619484645252	0.7023493972081218	0.05292725030826141	0.8568083043738766	0.718604108108108	0.8816143003180373	0.20760110548134503	0.9556521708542713	0.12632962720732505	0.9777318424371787	0.9969679054054054	0.718055777262181	0.024612385321100917	0.17252411575562698	0.9264399915895711	0.16637209302325584	0.8111186388244392	0.5083852668725187	0.6212479019073569	0.6572393851409052	0.5782909890539484	0.9518770327669903	0.9222361690857083	0.9996768412209466	0.7851411788953009	0.949368896797153	0.3693804373876573	0.9098957398373984	0.5594535100141614	0.16195472330911123	0.5584122643421853	0.10910239651416123	0.6277202685765443	0.933839338120512	0.4722145583038869	0.7660652913653764	0.950419567863664	0.7553864723792953	0.9367294178471719	0.926983420886741	0.6314480574773815	1.0	0.8571697749581039	0.3473481912551117	0.44308994202167884	0.4043693641618497	0.75619579358196	0.6121023866348448	0.8213081415929204	0.3856983884892086	0.28262230769230773	0.5999283943661973	0.7514202127659574	0.7496784930504755	0.7542431312690797	0.15798754246885618	0.9858251748251748	0.7301237288135594	0.7485096816781575	0.26898931152529476	0.645390866388309	0.6732124937531234	0.9534707817687896	1.0	0.42338259141494433	0.244941976316864	0.9100724634542502	0.9938168470588234	0.8912043804615728	0.0882483552631579	0.9674640699052134	0.7551444444444445	0.17884999999999998	0.3035447202797203	0.6510238472126635	0.8652319194061506	0.6838845814977974	0.9224576321353066	0.2424411111111111	0.7500414110429448	0.739545149754135	0.8712630094043888	0.9526279100262255	0.8020636579572447	0.25856321525885556	0.34081435452793835	0.7664999999999998	0.703047932837003	0.700500572337043	0.8181208306790675	0.5923854348651728	0.8844070855463894	0.8164266360505167	0.8842936524100474	0.024612385321100917	0.935864989127058	0.11832942798070298	0.8013048906560636	0.9938168470588234	0.7336401173285199	0.9164170540974825	0.9124009049773756	0.7269545329879629
g__Oliverpabstia	0.7743323768197088	0.44456229260935143	0.2424411111111111	0.5813404416037188	0.17252411575562698	0.8903959932659933	0.8916074882471456	0.6963333226939037	0.3542754478072885	0.7859961235038084	0.04502517482517483	0.507585796460177	0.23529315589353614	0.7467854938271605	0.39151596377016695	0.9587102605050405	0.8693737806301051	0.7604585124677559	0.420593356456777	0.024612385321100917	0.9050043790849673	0.9301395072040092	0.8844070855463894	0.86537471169687	0.37420434782608697	0.49846603773584913	0.966299080846017	0.11832942798070298	0.901624652739801	0.8324444802778467	0.1988166270783848	0.04502517482517483	0.7872302231237323	0.59307175066313	0.04502517482517483	0.10371970260223047	0.024612385321100917	0.7278955953827461	0.03571048252911814	0.024612385321100917	0.6672480769230769	0.9021076721311475	0.03571048252911814	0.8041927729772193	0.05292725030826141	0.7336401173285199	0.8684840084536809	0.7078824654956085	0.8563433249370277	0.6041052073647015	0.13086585365853656	0.846296674381776	0.7862417649450996	0.05974944320712695	0.5363244640605297	0.644870240585774	0.04502517482517483	0.6258946829531166	0.6493421815671384	0.725674652406417	0.5813404416037188	0.21693396226415096	0.34874910853925556	0.13447368421052633	0.9301395072040092	0.8761941176470589	0.14595683027794204	0.5492435301378318	0.8111186388244392	0.6732124937531234	0.2665296211251435	0.11383663366336634	0.839794441711756	0.8164266360505167	0.8469848326232502	0.07671849865951744	0.25856321525885556	0.1222701072386059	0.8527543819410912	0.04502517482517483	0.34081435452793835	0.4607514609997585	0.9040451887409994	0.8088945157526254	0.3844912955465587	0.3927745562130177	0.13447368421052633	0.645390866388309	0.5539782839632278	0.4789866883872469	0.6314480574773815	0.2474043354943274	0.23529315589353614	0.024612385321100917	0.5223237335632679	0.17884999999999998	0.7743323768197088	0.6937420470927439	0.7948251703406813	0.8384956768074885	0.5550366360856268	0.7386585201793723	0.5940918668432004	0.7209039236805662	0.024612385321100917	0.9861918437679494	0.7795834721065777	0.42338259141494433	1.0	0.15798754246885618	0.7310321336760925	0.7047730088495576	0.37420434782608697	0.3620529053848494	0.8892847364280094	0.8081025994281258	0.4952395380434783	0.3886312500000001	0.6623309455101002	0.9534707817687896	0.3057998956158664	0.8041927729772193	0.34081435452793835	0.5627784550392275	0.9379787418655097	0.6539749100257071	0.4181021511158914	0.7063785624211854	0.024612385321100917	0.941000728952772	0.8844070855463894	0.34874910853925556	0.28880772547610495	0.3343414230019493	0.10371970260223047	0.19387060546874998	0.7325052798310454	0.4390699236641222	0.03571048252911814	0.9305797809076684	0.8006889154704945	0.7884265956011334	0.4789866883872469	0.5737471262097571	0.9965219718309859	0.8426620225269343	0.8020636579572447
g__Onthenecus	0.3980323471950879	0.8918169380017841	0.15798754246885618	0.6020171082089553	0.42338259141494433	0.22007400802496657	0.8745015922464521	0.4845779059040591	0.32232439024390247	0.18769865067466268	0.6407381177707677	0.2249292576419214	0.718055777262181	0.8213081415929204	0.5149942794759825	0.7514202127659574	0.8309160849583902	0.0882483552631579	0.7461953642384105	0.35594063940977555	0.9224576321353066	0.4055371060564538	0.39479704890387857	0.244941976316864	0.5336081400253058	0.4390699236641222	0.3187748901655965	0.639866719325961	0.6521969061533174	0.8910003701211305	0.5307365200764819	0.024612385321100917	0.920093834522415	0.8607009991673605	0.2614174670797831	0.8710283970707893	0.12632962720732505	0.6240572535591999	0.08247566182749785	0.5957847965335343	0.4319012658227848	0.7755995111731844	0.17252411575562698	0.16195472330911123	0.03571048252911814	0.48570855565777366	0.25856321525885556	0.6728820701168614	0.22218370044052863	0.8262087503143073	0.18577087576374746	0.7728427068723702	0.9885564446984852	0.05292725030826141	0.8081025994281258	0.0882483552631579	0.024612385321100917	0.36387845454545453	0.22218370044052863	0.0882483552631579	0.32066752941176474	0.4304635397771443	0.7703881217415809	0.32066752941176474	0.7398212851405623	0.5283094709897611	0.2133592408495255	0.718604108108108	0.03571048252911814	0.36737628494138863	0.024612385321100917	0.3124354938271605	0.44456229260935143	0.6015863636363636	0.9602151771496815	0.14230379746835442	0.3964758823529412	0.05292725030826141	0.1988166270783848	0.11383663366336634	0.9210699022939677	0.5432624687239366	0.14230379746835442	0.6249774559193955	0.8020636579572447	0.18769865067466268	0.3522668629882207	0.420593356456777	0.47318192063864756	0.4789866883872469	0.024612385321100917	0.25856321525885556	0.6853734504636408	0.08247566182749785	0.8756644354838711	0.3522668629882207	0.17061348684210526	0.9739314831130691	0.5122094674556213	0.5283094709897611	0.5795954909232871	0.7803146402329127	0.9339841147728455	0.6521969061533174	0.024612385321100917	0.1824435857805255	0.9520256433545261	0.244941976316864	0.15798754246885618	1.0	0.3080332063711912	0.44308994202167884	0.7826847226055755	0.5696571855095541	0.8791146555656935	0.3388919032258065	0.34874910853925556	0.34239121686362184	0.32066752941176474	0.7862417649450996	0.8088945157526254	0.9809217353537304	0.43463855236139626	0.75619579358196	0.6551403184386235	0.16195472330911123	0.7660652913653764	0.9309223600542063	0.024612385321100917	0.7419610938194753	0.15798754246885618	0.9567928578583592	0.48570855565777366	0.7623407825217764	0.024612385321100917	0.5066689150210784	0.5392484911986589	0.8107805110996387	0.05974944320712695	0.806085822454308	0.8921182243511195	0.3429705099778271	0.6744283864541832	0.2733064141035259	0.6732124937531234	0.8684840084536809	0.2569869838773103
g__Otoolea	0.7073087653157398	0.19387060546874998	0.8795360414767549	0.8886779102463165	0.9744096565893748	0.653143254376931	0.8268257668711656	0.17884999999999998	0.9991900617630545	0.2101243169398907	0.8831643399433426	0.44748056660039764	0.5158730241672109	0.920614645552131	0.26414133281972263	0.993292676029786	0.22007400802496657	0.9124009049773756	0.8607009991673605	0.8052105029392554	0.2397019892250311	0.46660960989533773	0.7223168508287293	0.9010601558213541	0.09837433155080215	0.7941341802621021	0.42199279446955595	0.37809194828092857	0.6052005013927577	0.6429219755244756	0.7635519230769231	0.9399150046310589	0.25477086801426874	0.7743323768197088	0.7047730088495576	0.9379787418655097	0.6737654805453941	0.9217201146375119	0.8125451438848922	0.9597029309141661	0.8762438640798991	0.8630215510107578	0.9509567696202531	0.3856983884892086	0.024612385321100917	0.8921182243511195	0.26414133281972263	0.17884999999999998	0.7902114996637525	0.956271432871764	0.8341753686036426	0.4547123099558607	0.555864490543014	0.18577087576374746	0.9274842911073826	0.45750702439024393	0.3813728571428571	0.1824435857805255	0.7857149999999999	0.49381592920353984	0.7361572199730094	0.2665296211251435	0.824650937932771	0.9996768412209466	0.5708840818759936	0.8731334681146027	0.3522668629882207	0.950419567863664	0.3241767696909272	0.23312330345710627	0.9191787565319398	0.9163472972972974	0.806085822454308	0.7167315960912052	0.3711497761862131	0.3759327931644078	0.6639454391606024	0.8936940719360569	0.9210699022939677	0.9852691201840138	0.3856983884892086	0.34081435452793835	0.6937420470927439	0.6663370945945946	0.5903276867378049	0.8556719841555636	0.9567928578583592	0.9808326828325766	0.7292723223753976	0.024612385321100917	0.1824435857805255	0.13884842883548984	0.8044391946659694	0.8641285613124041	0.5492435301378318	0.9381181714993293	0.8768717792818631	0.7012033021114462	0.88837022067102	0.88837022067102	0.3999111884219315	0.7992173345759552	0.695286517571885	0.6605940755873341	0.7672589108910891	0.8844070855463894	0.8710283970707893	0.9100724634542502	0.7310321336760925	0.3080332063711912	1.0	0.8784703200000001	0.7719981012658227	0.8710283970707893	0.2911987486592778	0.7108133854573886	0.9426606641385671	0.8933148626098565	0.5283094709897611	0.5056342157953281	0.8994027050802726	0.5094038275406951	0.7249211564938044	0.9619830169929444	0.42607551342812006	0.8095778352515195	0.5662927156293777	0.22218370044052863	0.7660652913653764	0.8202540410438308	0.7054654568407764	0.9996768412209466	0.9224576321353066	0.4456913326653307	0.8188729537366549	0.7342602523659306	0.4456913326653307	0.3333459574468085	0.8095778352515195	0.3620529053848494	0.5492435301378318	0.7126093930410361	0.9095212325051535	0.8041927729772193	0.8761941176470589	0.9129668604651163	0.9619830169929444
g__Parabacteroides	0.9739314831130691	0.9392939765238879	0.64194375	0.2397019892250311	0.6679315594476254	0.1988166270783848	0.8918169380017841	0.3241767696909272	0.8341753686036426	0.8944875166002656	0.16195472330911123	0.8681414315937941	0.8819316123907864	0.8842936524100474	0.2851950054684652	0.5471923140495868	0.8289881823860087	0.6372359259259259	0.37420434782608697	0.4845779059040591	0.8738684101143056	0.6466496880415944	0.650184318455971	0.14230379746835442	0.7872302231237323	0.9878293427453972	0.8708945879888268	0.966299080846017	0.954166458815247	0.950419567863664	0.8226693676637638	0.6288607060082011	0.7193726052753354	0.6802356731875719	0.7999005586592179	0.9238099567556166	0.6041052073647015	0.2760888349514563	0.9407682766416606	0.7909101719967752	0.6487950726141078	0.16637209302325584	0.8013048906560636	0.5513961262553801	0.8160832139201638	0.8538575742991217	0.5575933143669985	0.44138625568468925	0.8808957040572792	0.8989146252888742	0.37279462109955425	0.5363244640605297	0.47665429440674	0.3813728571428571	0.46258302565332055	0.9129668604651163	0.8240261340725807	0.9996768412209466	0.9509567696202531	0.48196241019698727	0.420593356456777	0.9841645059060788	0.64194375	0.6070441709844561	0.9534707817687896	0.7765363560384455	0.7371031460674158	0.9401485811227637	0.9996768412209466	0.9919582230623818	0.5782909890539484	0.8041927729772193	0.8478782576955833	0.44456229260935143	0.2397019892250311	0.8613541479023465	0.2988619484645252	0.957005014011209	0.3831609238814642	0.36737628494138863	0.8816143003180373	0.2474043354943274	0.9301395072040092	0.86537471169687	0.90837536121673	0.9888112400152148	0.7703881217415809	0.42607551342812006	0.9172422673796792	0.13884842883548984	0.9773544757281554	0.44308994202167884	0.5584122643421853	0.8787928188149333	0.44748056660039764	0.9635543750000001	0.5615234132581101	0.49083936218678814	0.8672878998118533	0.929795736677116	0.8025266113088177	0.893992148164578	0.8835793388429751	0.7594507113090961	0.8013048906560636	0.23312330345710627	0.8831643399433426	0.9938168470588234	0.7047730088495576	0.44308994202167884	0.8784703200000001	1.0	0.9468014380418154	0.5243504504504505	0.7790673197165485	0.8684840084536809	0.7834088652971184	0.8268257668711656	0.2249292576419214	0.024612385321100917	0.626696557288865	0.9210699022939677	0.43463855236139626	0.5363244640605297	0.974697568359375	0.8188729537366549	0.7269545329879629	0.8645787407145384	0.6802356731875719	0.7921596566523605	0.8761941176470589	0.28880772547610495	0.7317695967376528	0.4181021511158914	0.8324444802778467	0.6461336748871136	0.05292725030826141	0.3964758823529412	0.2101243169398907	0.9534218110315619	0.9468014380418154	0.8291892964071855	0.8986237276933245	0.23312330345710627	0.26414133281972263	0.17252411575562698	0.43463855236139626
g__Paraprevotella	0.06570000000000001	0.8072015893694633	0.08247566182749785	0.8594771622587563	0.9392939765238879	0.3901349914724276	0.9438929149175797	0.31003130165289255	0.9888112400152148	0.9885564446984852	0.8298996141879277	0.7269545329879629	0.5584122643421853	0.6639454391606024	0.6229963251267198	0.764100938967136	0.8912043804615728	0.44670097329673075	0.8188729537366549	0.9913351632749645	0.3693804373876573	0.8125451438848922	0.8202540410438308	0.7558464601129289	0.993292676029786	0.20180535966149507	0.639866719325961	0.3147124957323319	0.7063785624211854	0.4836646922720963	0.6663370945945946	0.49083936218678814	0.25262026378896885	0.976220013634593	0.5482766597938145	0.8693737806301051	0.35769999999999996	0.20180535966149507	0.9690303039244615	0.6968226222717858	0.6324541541186891	0.9996768412209466	0.14230379746835442	0.7201392081343398	0.7398212851405623	0.5894060137457044	0.718604108108108	0.920614645552131	0.7479229582843713	0.9556521708542713	0.7509507443082312	0.10371970260223047	0.7054654568407764	0.9264399915895711	0.9520256433545261	0.9520256433545261	0.7682300042319085	0.9238099567556166	0.43767580398162326	0.9837094074644093	0.4304635397771443	0.6615199931995919	0.9888112400152148	0.6240351952277656	0.3542754478072885	0.6829136883371447	0.7795834721065777	0.43463855236139626	0.38722639724849534	0.17884999999999998	0.11832942798070298	0.10910239651416123	0.9747935707317074	0.6853734504636408	0.5312106288376033	0.8535934586194434	0.42199279446955595	0.5210213390928726	0.9040451887409994	0.9802745137880988	0.27111174471299093	0.25262026378896885	0.5940918668432004	0.6723252383341696	0.9274842911073826	0.8375027027027027	0.507585796460177	0.4362731182795699	0.44670097329673075	0.6754249046592605	0.03571048252911814	0.6493421815671384	0.574165557306026	0.8025266113088177	0.15391566265060241	0.5122094674556213	0.709690234741784	0.9915062417249858	0.5351939342881213	0.8844070855463894	0.3035447202797203	0.9046237679895334	0.44456229260935143	0.9885564446984852	0.10910239651416123	0.5653898315282792	0.8500098724954462	0.8912043804615728	0.37420434782608697	0.7826847226055755	0.7719981012658227	0.9468014380418154	1.0	0.7012033021114462	0.6714288393903868	0.9222361690857083	0.4165608038845428	0.7872302231237323	0.9224576321353066	0.7856440922190201	0.9973197974303667	0.920614645552131	0.3856983884892086	0.975459830310123	0.9165847191011236	0.8613541479023465	0.23529315589353614	0.4789866883872469	0.9744108776387803	0.47318192063864756	0.9137035898538263	0.3856983884892086	0.6853734504636408	0.7117123711340205	0.7534498690337602	0.2733064141035259	0.8556719841555636	0.3429705099778271	0.9468014380418154	0.6679315594476254	0.34239121686362184	0.6240572535591999	0.6240351952277656	0.7534498690337602	0.9274842911073826	0.9791452881355933	0.8347809358752166
g__Pararoseburia	0.5439122245322245	0.7301237288135594	0.45600190709046456	0.3522668629882207	0.9759352923976609	0.9010601558213541	0.8973468843057241	0.9691325636238577	0.5799919618528611	0.20501910531220877	0.9401485811227637	0.4181021511158914	0.2569869838773103	0.885219620467638	0.9858251748251748	0.35594063940977555	0.6161367816091954	0.5813404416037188	0.34239121686362184	0.7285295919915061	0.5243504504504505	0.45993716363636367	0.15391566265060241	0.4165608038845428	0.695286517571885	0.1963302840635532	0.7862417649450996	0.13086585365853656	0.6853734504636408	0.9765993284671534	0.645390866388309	0.08247566182749785	0.9690303039244615	0.379461216730038	0.17884999999999998	0.5056342157953281	0.3542754478072885	0.1824435857805255	0.9744108776387803	0.7142863636363636	0.9079	0.6299876602564102	0.20180535966149507	0.25477086801426874	0.9996768412209466	0.7458234817216981	0.9873708122554166	0.43463855236139626	0.36737628494138863	0.9352890248962654	0.2249292576419214	0.7859961235038084	0.9520256433545261	0.9773544757281554	0.7765363560384455	0.8052105029392554	0.5149942794759825	1.0	0.7673657348581109	0.3343414230019493	0.9906164344611885	0.5149942794759825	0.5876939255014327	0.7278955953827461	0.816307320812572	0.8594771622587563	0.9346139027431422	0.8724683144246355	0.8910003701211305	0.9584044650884028	0.5915833872502378	0.3844912955465587	0.7073087653157398	0.05292725030826141	0.5813404416037188	0.5915833872502378	0.5312106288376033	0.5325805960684845	0.8315259865971704	0.6407381177707677	0.9164170540974825	0.8589150232502683	0.628403984989278	0.644870240585774	0.5210213390928726	0.26414133281972263	0.7285295919915061	0.5312106288376033	0.715844347826087	0.59307175066313	0.6372359259259259	0.8798564940239044	0.8202540410438308	0.20760110548134503	0.5094038275406951	0.4043693641618497	0.8613541479023465	0.8693737806301051	0.954166458815247	0.5094038275406951	0.8710283970707893	0.5405909623430962	0.4294633879781421	0.7859633447098976	0.7278955953827461	0.44748056660039764	0.7393783965362796	0.0882483552631579	0.3620529053848494	0.5696571855095541	0.8710283970707893	0.5243504504504505	0.7012033021114462	1.0	0.5684263755980861	0.9309223600542063	0.5737471262097571	0.7868431279620852	0.6510238472126635	0.5708840818759936	0.9888112400152148	0.7342602523659306	0.7968408381155746	0.7755995111731844	0.9645352853745541	0.4952395380434783	0.6698537880060473	0.966299080846017	0.7361572199730094	0.8944875166002656	0.8188729537366549	0.5829006363285769	0.7803146402329127	0.10910239651416123	0.7573276384083045	0.16195472330911123	0.9156874342740637	0.7278955953827461	0.31003130165289255	0.7635519230769231	0.3035447202797203	0.7310321336760925	0.8645787407145384	0.7278955953827461	0.41109241435562804	0.28126724584103513	0.8188729537366549
g__Parasutterella	0.8403906376704754	0.9114857605877269	0.6923003373493977	0.9995395118301692	0.935864989127058	0.8961658972943126	0.7108133854573886	0.0882483552631579	0.9367294178471719	0.5957847965335343	0.8695098822981004	0.8081025994281258	0.5325805960684845	0.718604108108108	0.9520256433545261	0.7859633447098976	0.9109168864864865	0.9392939765238879	0.03571048252911814	0.5984751315789475	0.5751461674528302	0.9534707817687896	0.7856440922190201	0.748875439367311	0.5795954909232871	0.7851411788953009	0.7264263085609645	0.9791452881355933	0.7412495177326013	0.44670097329673075	0.6240351952277656	0.29601448300283284	0.9788644082582146	0.5865404055863784	0.43377695282289247	0.957005014011209	0.9124009049773756	0.8265187594173782	0.8556719841555636	0.901338208889862	0.3999111884219315	0.3388919032258065	0.4362731182795699	0.644870240585774	0.5603774121921679	0.8762190251753075	0.7041900284900285	0.9452534075814857	0.9906164344611885	0.6811040223280249	0.6623309455101002	0.8067494978479197	0.4055371060564538	0.7921596566523605	0.8154405685747216	0.645390866388309	0.5312106288376033	0.8918169380017841	0.9534707817687896	0.6714288393903868	0.8918169380017841	0.6224057873730042	0.9938168470588234	0.9930481586402267	0.8712630094043888	0.1963302840635532	0.6583974748336461	0.13447368421052633	0.5243504504504505	0.9438929149175797	0.8944875166002656	0.7142863636363636	0.7334602110022607	0.950391499949223	0.59307175066313	0.17252411575562698	0.9124009049773756	0.8088945157526254	0.7167315960912052	0.2424411111111111	0.8954752707182321	0.7496784930504755	0.3711497761862131	0.9137035898538263	0.26414133281972263	0.8961658972943126	0.3901349914724276	0.8164266360505167	0.49083936218678814	0.8568083043738766	0.5940918668432004	0.6853734504636408	0.5829006363285769	0.43767580398162326	0.84315	0.3927745562130177	0.7450104028331119	0.7889165094339623	0.7090094969440527	0.9765993284671534	0.9969679054054054	0.13447368421052633	0.7553864723792953	0.8268257668711656	0.8873525372124492	0.7635519230769231	0.9885564446984852	0.9674640699052134	0.8892847364280094	0.8791146555656935	0.2911987486592778	0.7790673197165485	0.6714288393903868	0.5684263755980861	1.0	0.9791452881355933	0.8240261340725807	0.6084669439822518	0.9832446583253127	0.5482766597938145	0.10910239651416123	0.7582188850475368	0.8831643399433426	0.6853734504636408	0.9910699062233589	0.8020636579572447	0.961585531026253	0.5821785272516429	0.8041927729772193	0.6829136883371447	0.8892847364280094	0.5813404416037188	0.830614898644447	0.6346820462979326	0.7336401173285199	0.8942896299578994	0.8563433249370277	0.90837536121673	0.6737654805453941	0.9156874342740637	0.8202540410438308	0.7936543580131209	0.5027610093791871	0.23312330345710627	0.7073087653157398	0.4165608038845428	0.7862417649450996
g__Pauljensenia	0.17884999999999998	0.7269545329879629	0.8160832139201638	0.4547123099558607	0.1963302840635532	0.10371970260223047	0.7317695967376528	0.28262230769230773	0.3124354938271605	0.6383404438964241	0.9324791875	0.6572393851409052	0.8693737806301051	0.2911987486592778	0.3333459574468085	0.64194375	0.3964758823529412	0.09837433155080215	0.15391566265060241	0.6723252383341696	0.5584122643421853	0.9888112400152148	0.7439758564678085	0.3147124957323319	0.7149551686615886	0.949368896797153	0.20760110548134503	0.9996768412209466	0.46371051625239	0.6314480574773815	0.4127755218216319	0.9095212325051535	0.8700506870051234	0.46144848484848483	0.8944875166002656	0.8954752707182321	0.6020171082089553	0.8762190251753075	0.764100938967136	0.8589150232502683	0.8375027027027027	0.5876939255014327	0.5550366360856268	0.07147193149381541	0.8107805110996387	0.07147193149381541	0.28880772547610495	0.5718801467671559	0.8989146252888742	0.4512197932053176	0.8523850513595166	0.8315259865971704	0.8384956768074885	0.7585627067452898	0.949368896797153	0.31003130165289255	0.9124009049773756	0.9635543750000001	0.43463855236139626	0.18769865067466268	0.6572393851409052	0.6487950726141078	0.861604794034091	0.7216667588750577	0.3711497761862131	0.29387959401709396	0.8020636579572447	0.7857149999999999	0.4403438498605123	0.8568083043738766	0.5377886253934943	0.9597029309141661	0.42338259141494433	0.8081025994281258	0.8088945157526254	0.6824986252045827	0.8603455941890926	0.5043689632107023	0.04502517482517483	0.9602151771496815	0.20760110548134503	0.6461336748871136	0.35769999999999996	0.09837433155080215	0.781340271055179	0.8202540410438308	0.8454013893967093	0.03571048252911814	0.23732019230769233	0.8645787407145384	0.966299080846017	0.9520256433545261	0.18769865067466268	0.4808126423425517	0.10371970260223047	0.86537471169687	0.4845779059040591	0.5012601342281879	0.9129668604651163	0.17591803278688525	0.9597029309141661	0.6551403184386235	0.6887240677966101	0.8579408182796986	0.5525762479541735	0.42890316505362275	0.7514202127659574	0.7551444444444445	0.8081025994281258	0.3388919032258065	0.7108133854573886	0.8684840084536809	0.9222361690857083	0.9309223600542063	0.9791452881355933	1.0	0.11832942798070298	0.5158730241672109	0.9777318424371787	0.07671849865951744	0.7857149999999999	0.20501910531220877	0.7201392081343398	0.6778406141654284	0.12632962720732505	0.9046237679895334	0.25477086801426874	0.639866719325961	0.18577087576374746	0.7078824654956085	0.1963302840635532	0.7264263085609645	0.8970537867078826	0.5762359623307828	0.8041927729772193	0.03571048252911814	0.7542431312690797	0.893992148164578	0.6407381177707677	0.9120538976462966	0.9021076721311475	0.35067971962616823	0.6728820701168614	0.12632962720732505	0.39151596377016695	0.7694181472081218	0.8010504911069817
g__Pediococcus	0.1222701072386059	0.024612385321100917	0.05974944320712695	0.9696153491112639	0.0882483552631579	0.07671849865951744	0.9934613863251083	0.4952395380434783	0.3831609238814642	0.06570000000000001	0.244941976316864	0.12632962720732505	0.04502517482517483	0.5751461674528302	0.23732019230769233	0.6968226222717858	0.9137035898538263	0.244941976316864	0.715844347826087	0.1222701072386059	0.7660652913653764	0.8519118543607113	0.024612385321100917	0.024612385321100917	0.7826847226055755	0.6258946829531166	0.28126724584103513	0.5258626686656672	0.7461953642384105	0.653143254376931	0.9095212325051535	0.8445354665363947	0.9243568251291241	0.4319012658227848	0.05974944320712695	0.07147193149381541	0.07147193149381541	0.748875439367311	0.688436525396312	0.13447368421052633	0.920614645552131	0.8942896299578994	0.024612385321100917	0.7765363560384455	0.44138625568468925	0.17591803278688525	0.07147193149381541	0.7430495861661248	0.38722639724849534	0.6064049888724036	0.13884842883548984	0.09398168789808917	0.8426620225269343	0.03571048252911814	0.6817465333551878	0.1908675889328063	0.024612385321100917	0.07671849865951744	0.0882483552631579	0.06570000000000001	0.739545149754135	0.024612385321100917	0.8695098822981004	0.5813404416037188	0.38722639724849534	0.48570855565777366	0.8088945157526254	0.9652160360538827	0.35594063940977555	0.4607514609997585	0.04502517482517483	0.6212479019073569	0.07147193149381541	0.6931334188994064	0.1824435857805255	0.03571048252911814	0.9841645059060788	0.11383663366336634	0.6630270462633451	0.8099181712514529	0.7585627067452898	0.024612385321100917	0.3124354938271605	0.024612385321100917	0.6817465333551878	0.5392484911986589	0.6429219755244756	0.04502517482517483	0.9601983760087676	0.9221739711497667	0.12632962720732505	0.8584030476873432	0.09398168789808917	0.10371970260223047	0.024612385321100917	0.22007400802496657	0.024612385321100917	0.25262026378896885	0.9777318424371787	0.024612385321100917	0.489957449725777	0.3294480832782551	0.6561911080711353	0.3343414230019493	0.05292725030826141	0.05292725030826141	0.18769865067466268	0.17884999999999998	0.4952395380434783	0.34874910853925556	0.9426606641385671	0.7834088652971184	0.4165608038845428	0.5737471262097571	0.8240261340725807	0.11832942798070298	1.0	0.1963302840635532	0.4196335834896811	0.03571048252911814	0.5782909890539484	0.7775978699707643	0.18577087576374746	0.4181021511158914	0.2101243169398907	0.244941976316864	0.33695200907323397	0.8020636579572447	0.024612385321100917	0.7023493972081218	0.17884999999999998	0.8111186388244392	0.4889577813431126	0.8298996141879277	0.1222701072386059	0.06570000000000001	0.47318192063864756	0.7342602523659306	0.024612385321100917	0.9534707817687896	0.8408825825457222	0.2851950054684652	0.927234092578986	0.09837433155080215	0.03571048252911814	0.7673657348581109	0.4808126423425517
g__Peptostreptococcus	0.18769865067466268	0.47492095639943743	0.07671849865951744	0.5432624687239366	0.49683685039370085	0.09398168789808917	0.9791452881355933	0.9124009049773756	0.3856983884892086	0.7726380303456026	0.22218370044052863	0.4127755218216319	0.9520256433545261	0.8892847364280094	0.7728427068723702	0.7884265956011334	0.05292725030826141	0.22802211621856028	0.5027610093791871	0.45600190709046456	0.7936543580131209	0.6041052073647015	0.1222701072386059	0.29387959401709396	0.5813404416037188	0.8641285613124041	0.6394422413793104	0.9165847191011236	0.22802211621856028	0.8298996141879277	0.9346139027431422	0.23097287989668533	0.9690303039244615	0.9934613863251083	0.04502517482517483	0.08247566182749785	0.48570855565777366	0.2397019892250311	0.5307365200764819	0.4922745624005456	0.8936139475438986	0.20180535966149507	0.20180535966149507	0.7862417649450996	0.6466496880415944	0.36387845454545453	0.024612385321100917	0.13447368421052633	0.7795834721065777	0.5136606431852986	0.25013079710144925	0.5829006363285769	0.7412495177326013	0.03571048252911814	0.6154140219378427	0.024612385321100917	0.05292725030826141	0.08247566182749785	0.024612385321100917	0.10371970260223047	0.3831609238814642	0.024612385321100917	0.49381592920353984	0.6754249046592605	0.46660960989533773	0.12632962720732505	0.9718264504116033	0.7573276384083045	0.8519118543607113	0.9984897863568216	0.1908675889328063	0.5821785272516429	0.14230379746835442	0.7209039236805662	0.28880772547610495	0.507585796460177	0.04502517482517483	0.28262230769230773	0.6161367816091954	0.2614174670797831	0.3711497761862131	0.1988166270783848	0.5915833872502378	0.3241767696909272	0.7041900284900285	0.5158730241672109	0.6477236801107842	0.5903276867378049	0.920614645552131	0.46371051625239	0.7407563530985288	0.6020171082089553	0.6299876602564102	0.0882483552631579	0.2760888349514563	0.15798754246885618	0.7765363560384455	0.1502590431738623	0.709690234741784	0.8784703200000001	0.7728427068723702	0.4836646922720963	0.9124009049773756	0.9865464449541285	0.09398168789808917	0.7386585201793723	0.7012033021114462	0.3035447202797203	0.3886312500000001	0.34239121686362184	0.8933148626098565	0.8268257668711656	0.7872302231237323	0.7868431279620852	0.6084669439822518	0.5158730241672109	0.1963302840635532	1.0	0.956271432871764	0.6199743044189853	0.9232623957783641	0.5876939255014327	0.42199279446955595	0.830614898644447	0.33135182505754684	0.709690234741784	0.3187748901655965	0.7167315960912052	0.024612385321100917	0.9375481910274964	0.05292725030826141	0.7126093930410361	0.03571048252911814	0.5167468085106384	0.8384956768074885	0.9339841147728455	0.9584044650884028	0.2569869838773103	0.03571048252911814	0.7620053632723113	0.8038720431522168	0.1963302840635532	0.5405909623430962	0.19387060546874998	0.0882483552631579	0.7660652913653764	0.9978582677165355
g__Phascolarctobacterium	0.8731334681146027	0.20501910531220877	0.17061348684210526	0.8954752707182321	0.9791452881355933	0.7859633447098976	0.8693737806301051	0.4808126423425517	0.9309223600542063	0.8652319194061506	0.40330279314159295	0.507585796460177	0.36568967702988225	0.7500414110429448	0.9274842911073826	0.5550366360856268	0.1988166270783848	0.929795736677116	0.8808957040572792	0.8255861834654588	0.7553864723792953	0.6383404438964241	0.9431804875550547	0.6623309455101002	0.2569869838773103	0.6931334188994064	0.861604794034091	0.781340271055179	0.2101243169398907	0.653143254376931	0.5471923140495868	0.9163472972972974	0.715844347826087	0.7216667588750577	0.927234092578986	0.8762438640798991	0.9584044650884028	0.024612385321100917	0.8020636579572447	0.7755995111731844	0.8341753686036426	0.9392939765238879	0.4873919173363949	0.6161367816091954	0.07147193149381541	0.628403984989278	0.8708945879888268	0.5728722684085511	0.8771971464588586	0.8309160849583902	0.9026885321100918	0.5012601342281879	0.47318192063864756	0.966299080846017	0.9468014380418154	0.7713567304984511	1.0	0.9885564446984852	0.7921596566523605	0.5158730241672109	0.6461336748871136	0.7424511617581767	0.9744096565893748	0.748875439367311	0.8527543819410912	0.739545149754135	0.9991900617630545	0.8970537867078826	0.9898018599354715	0.3522668629882207	0.5513961262553801	0.5482766597938145	0.31003130165289255	0.8712630094043888	0.04502517482517483	0.5492435301378318	0.7054654568407764	0.8613541479023465	1.0	0.7653009812286689	0.3886312500000001	0.3080332063711912	0.9683402129967459	0.5507712759400041	0.7673657348581109	0.4845779059040591	0.9996768412209466	0.9274842911073826	0.7582188850475368	0.4701490753911806	0.4789866883872469	0.9563885425020048	0.6121023866348448	0.3620529053848494	0.8469848326232502	0.14230379746835442	0.8784703200000001	0.8535934586194434	0.7137269410664171	0.379461216730038	0.545990436762575	0.9597029309141661	0.545990436762575	0.25477086801426874	0.8816143003180373	0.7856440922190201	0.30095012285012285	0.6510238472126635	0.6623309455101002	0.32066752941176474	0.5283094709897611	0.2249292576419214	0.9224576321353066	0.6510238472126635	0.9832446583253127	0.9777318424371787	0.4196335834896811	0.956271432871764	1.0	0.04502517482517483	0.901338208889862	0.951369064966606	0.574165557306026	0.0882483552631579	0.8867424170616114	0.6487950726141078	0.6305511194029851	0.7790673197165485	0.900277769239214	0.9224576321353066	0.574165557306026	0.7976342712361648	0.7230759656652361	0.6869650551589876	0.4512197932053176	0.25477086801426874	0.4362731182795699	0.7553864723792953	0.2988619484645252	0.5513961262553801	0.6299876602564102	0.7884265956011334	0.8291892964071855	0.7884265956011334	0.678603956478734	0.8693737806301051	0.36387845454545453
g__Phocaeicola	0.9392939765238879	0.1988166270783848	0.6070441709844561	0.7595737951807229	0.42755007874015744	0.18769865067466268	0.949368896797153	0.06570000000000001	0.1963302840635532	0.49083936218678814	0.5167468085106384	0.28126724584103513	0.20501910531220877	0.7795834721065777	0.41109241435562804	0.8353854545454544	0.3980323471950879	0.8684840084536809	0.0882483552631579	0.8213081415929204	0.7386585201793723	0.5439122245322245	0.806085822454308	0.15798754246885618	0.6583974748336461	0.8719326034063261	0.8139429780684879	0.9399150046310589	0.7336401173285199	0.9109168864864865	0.9301395072040092	0.10371970260223047	0.425324405076679	0.8298996141879277	0.8611579679144385	0.7847449779856907	0.3693804373876573	0.9915062417249858	0.8986237276933245	0.901338208889862	0.993292676029786	0.7558464601129289	0.5377886253934943	0.6824986252045827	0.5363244640605297	0.596906828442438	0.9765993284671534	0.5799919618528611	0.9984897863568216	0.7485096816781575	0.3388919032258065	0.7857149999999999	0.9534707817687896	0.7479229582843713	0.9238099567556166	0.976220013634593	0.6131718973418882	0.703047932837003	0.7999005586592179	0.7999005586592179	0.993292676029786	0.4078073597811217	0.9873708122554166	0.8469848326232502	0.8408825825457222	0.7450104028331119	0.9422368307692308	0.8745015922464521	0.8553078947368421	0.21693396226415096	0.7896178133836004	0.9744108776387803	0.5325805960684845	0.628403984989278	0.13086585365853656	0.18769865067466268	0.6979762177650429	0.7361572199730094	0.7558464601129289	0.7269545329879629	0.5751461674528302	0.555864490543014	0.6672480769230769	0.13447368421052633	0.7117123711340205	0.20180535966149507	0.816307320812572	0.05292725030826141	0.9379787418655097	0.7054654568407764	0.7909101719967752	0.7407563530985288	0.2474043354943274	0.7902114996637525	0.15391566265060241	0.5603774121921679	0.10371970260223047	0.4304635397771443	0.7264263085609645	0.07671849865951744	0.8997911667765326	0.7859961235038084	0.06570000000000001	0.26898931152529476	0.8768717792818631	0.379461216730038	0.6596656324582338	0.8652319194061506	0.9534707817687896	0.7862417649450996	0.5056342157953281	0.024612385321100917	0.7856440922190201	0.5708840818759936	0.5482766597938145	0.07671849865951744	0.03571048252911814	0.6199743044189853	0.04502517482517483	1.0	0.9518770327669903	0.8519118543607113	0.18769865067466268	0.13086585365853656	0.6605940755873341	0.8072015893694633	0.950419567863664	0.7378265000748166	0.6070441709844561	0.9640451219512196	0.846296674381776	0.9563885425020048	0.44748056660039764	0.9773544757281554	0.14230379746835442	0.36568967702988225	0.024612385321100917	0.7775978699707643	0.41489715909090913	0.8095778352515195	0.5158730241672109	0.7807199916932022	0.8728012374233839	0.950419567863664	0.14230379746835442	0.3165390020366599	0.7041900284900285
g__Prevotella	0.9124009049773756	0.43377695282289247	0.6521969061533174	0.906256359482102	0.7728427068723702	0.10371970260223047	0.8199242027696608	0.802988467614534	0.8942896299578994	0.6887240677966101	0.6817465333551878	0.9902563543247344	0.8199242027696608	0.7859961235038084	0.7461953642384105	0.7585627067452898	0.4836646922720963	0.8928163326653306	0.12632962720732505	0.7857149999999999	0.8088945157526254	0.2665296211251435	0.7398212851405623	0.5948838618346546	0.8712630094043888	0.1502590431738623	0.8728012374233839	0.8589150232502683	0.17061348684210526	0.9152233891752577	0.04502517482517483	0.5653898315282792	0.7149551686615886	0.1963302840635532	0.7336401173285199	0.25856321525885556	0.650184318455971	0.244941976316864	0.5915833872502378	0.13447368421052633	0.1502590431738623	0.3165390020366599	0.34081435452793835	0.8756644354838711	0.7047730088495576	0.9109168864864865	1.0	0.28880772547610495	0.3268740139211137	0.7884265956011334	0.6477236801107842	0.8918169380017841	0.9222361690857083	0.9386443436114262	0.9619830169929444	0.7930670687575392	0.6877018629515632	0.8111186388244392	0.9773544757281554	0.950419567863664	0.9567928578583592	0.36387845454545453	0.7336401173285199	0.700500572337043	0.9735481093260188	0.6737654805453941	0.03571048252911814	0.5799919618528611	0.949242961832061	0.8771971464588586	0.9891590089234858	0.9367294178471719	0.42199279446955595	0.5859447065592636	0.8716992576267255	0.8041927729772193	0.6372359259259259	0.920614645552131	0.35594063940977555	0.11832942798070298	0.25856321525885556	0.764100938967136	0.8942896299578994	0.9791452881355933	0.7968408381155746	0.9290092307692308	0.7635519230769231	0.9091460744923444	0.8093414141414141	0.42890316505362275	0.7807199916932022	0.9989336954485859	0.5238464916056823	0.9580024090363854	0.845123538743136	0.7230759656652361	0.9289555951383068	0.5813404416037188	0.17061348684210526	0.9885564446984852	0.8716992576267255	0.7653009812286689	0.6561911080711353	0.9232623957783641	0.4304635397771443	0.9991900617630545	0.7941341802621021	0.6838845814977974	0.3057998956158664	0.8088945157526254	0.8994027050802726	0.626696557288865	0.9973197974303667	0.9888112400152148	0.10910239651416123	0.7857149999999999	0.5782909890539484	0.9232623957783641	0.901338208889862	0.9518770327669903	1.0	0.5584122643421853	0.7301237288135594	0.764100938967136	0.8282684585573196	0.6015863636363636	0.614463230177623	0.929795736677116	0.645390866388309	0.5513961262553801	0.8663316433360781	0.709690234741784	0.9563885425020048	0.14230379746835442	0.9865464449541285	0.725674652406417	0.10371970260223047	0.8181208306790675	0.9392939765238879	0.861604794034091	0.6979762177650429	0.8898907446928	0.6005901630129287	0.9934613863251083	0.4294633879781421	0.9100724634542502	0.2665296211251435
g__Pseudobutyricicoccus	0.574165557306026	0.838206363300037	0.7750750244721017	0.8716992576267255	0.7137269410664171	0.7851411788953009	0.9070291680261012	0.5455760747663552	0.32232439024390247	0.957005014011209	0.6761951324503311	0.8942896299578994	0.8202540410438308	0.39151596377016695	0.9871002961123315	0.6663370945945946	0.8695098822981004	0.8020636579572447	0.8613541479023465	0.3999111884219315	0.7884265956011334	0.8095778352515195	0.8296999501495512	0.8731334681146027	0.3927745562130177	0.9095212325051535	0.6212479019073569	0.1963302840635532	0.5377886253934943	0.7073087653157398	0.5312106288376033	0.8808957040572792	0.30095012285012285	0.5167468085106384	0.9996768412209466	0.8426620225269343	0.8403906376704754	0.9120538976462966	0.9919582230623818	0.9891590089234858	0.9100724634542502	0.32232439024390247	0.45600190709046456	0.9114857605877269	0.8041927729772193	0.6346820462979326	0.933839338120512	0.5351939342881213	0.8719326034063261	0.8282684585573196	0.28880772547610495	0.9305797809076684	0.9702880239520959	0.8384956768074885	0.5083852668725187	0.4488089197224975	0.4319012658227848	0.5336081400253058	0.845123538743136	0.9324791875	0.9996768412209466	0.6131718973418882	0.8684840084536809	0.9841645059060788	0.6728820701168614	0.9841645059060788	0.956271432871764	0.7278955953827461	0.7553864723792953	0.8532257959479016	0.9910699062233589	0.8944875166002656	0.8719326034063261	0.9837094074644093	0.7570903379549394	0.6778406141654284	0.8738684101143056	0.6639454391606024	0.9947133590298016	0.8989146252888742	0.3927745562130177	0.8041927729772193	0.8903959932659933	0.6905165217391305	0.7620053632723113	0.949368896797153	0.861604794034091	0.48196241019698727	0.9683402129967459	0.44308994202167884	0.7726380303456026	0.8291892964071855	0.6092119372693726	0.9601983760087676	0.8589150232502683	0.8719326034063261	0.6663370945945946	0.8973468843057241	0.9367294178471719	0.8749321383285303	0.17252411575562698	0.9386443436114262	0.9365882620846703	0.9690303039244615	0.823192586054722	0.7726380303456026	0.06570000000000001	0.9224576321353066	0.8041927729772193	0.9809217353537304	0.5094038275406951	0.9210699022939677	0.920614645552131	0.7342602523659306	0.7582188850475368	0.20501910531220877	0.7775978699707643	0.5876939255014327	0.951369064966606	0.8519118543607113	0.5584122643421853	1.0	0.8761941176470589	0.7378265000748166	0.46371051625239	0.949242961832061	0.611591958041958	0.8500742451800655	0.5405909623430962	0.48196241019698727	0.8613541479023465	0.7461953642384105	0.8469848326232502	0.8527543819410912	0.9587102605050405	0.7439758564678085	0.574165557306026	0.9888112400152148	0.8712630094043888	0.7430495861661248	0.9973197974303667	0.9718264504116033	0.9222361690857083	0.4196335834896811	0.4776008397480756	0.7782250730079265	0.3333459574468085
g__Pseudoflavonifractor_A	0.07671849865951744	0.8712630094043888	0.21693396226415096	0.816307320812572	0.5594535100141614	0.05974944320712695	0.6539749100257071	0.9010601558213541	0.32232439024390247	0.024612385321100917	0.3080332063711912	0.09837433155080215	0.927234092578986	0.17591803278688525	0.5377886253934943	0.901338208889862	0.8044391946659694	0.09837433155080215	0.8347809358752166	0.5640294637477404	0.7902114996637525	0.12632962720732505	0.09398168789808917	0.20180535966149507	0.8994027050802726	0.6288607060082011	0.19387060546874998	0.2875347715736041	0.6698537880060473	0.9958884087920346	0.8886779102463165	0.26898931152529476	0.709690234741784	0.6877018629515632	0.46849353919239906	0.3473481912551117	0.09837433155080215	0.5539782839632278	0.18769865067466268	0.1222701072386059	0.9334025411372632	0.8221450915982312	0.10910239651416123	0.23732019230769233	0.2101243169398907	0.626696557288865	0.04502517482517483	0.6174187534171678	0.6639454391606024	0.8724683144246355	0.5903276867378049	0.603118982861401	0.4956492557510149	0.024612385321100917	0.555864490543014	0.41109241435562804	0.024612385321100917	0.8139429780684879	0.11383663366336634	0.48196241019698727	0.5158730241672109	0.09837433155080215	0.1222701072386059	0.6466496880415944	0.3429705099778271	0.7479229582843713	0.7620053632723113	0.23529315589353614	0.5653898315282792	0.9690303039244615	0.024612385321100917	0.2875347715736041	0.6824986252045827	0.6131718973418882	0.3429705099778271	0.14595683027794204	0.41489715909090913	0.0882483552631579	0.4956492557510149	0.07671849865951744	0.816307320812572	0.5351939342881213	0.6630270462633451	0.9379787418655097	0.6224057873730042	0.5848961959654179	0.5829006363285769	0.3268740139211137	0.9809217353537304	0.28126724584103513	0.2249292576419214	0.9339841147728455	0.5584122643421853	0.04502517482517483	0.3165390020366599	0.08247566182749785	0.09398168789808917	0.7170614026939154	0.08247566182749785	0.3241767696909272	0.6829136883371447	0.6596656324582338	0.596906828442438	0.4952395380434783	0.03571048252911814	0.4651635193133047	0.4196335834896811	0.2424411111111111	0.34081435452793835	0.43463855236139626	0.7249211564938044	0.43463855236139626	0.3856983884892086	0.7968408381155746	0.8831643399433426	0.7201392081343398	0.18577087576374746	0.42199279446955595	0.574165557306026	0.18769865067466268	0.7301237288135594	0.8761941176470589	1.0	0.7292723223753976	0.8798564940239044	0.06570000000000001	0.8095778352515195	0.5283094709897611	0.024612385321100917	0.47124079413850156	0.17061348684210526	0.8928163326653306	0.11383663366336634	0.6084669439822518	0.10371970260223047	0.901338208889862	0.6887240677966101	0.8538575742991217	0.024612385321100917	0.9773544757281554	0.9691325636238577	0.15391566265060241	0.4043693641618497	0.6869650551589876	0.07671849865951744	0.9452534075814857	0.4196335834896811
g__Pseudoscilispira	0.5312106288376033	0.9309223600542063	0.7047730088495576	0.5192643891891892	0.7249211564938044	0.46144848484848483	0.8333620629804115	0.8202540410438308	0.5584122643421853	0.8802763903104743	0.8111186388244392	0.7750750244721017	0.7755995111731844	0.5876939255014327	0.38722639724849534	0.9913351632749645	0.9714412180052957	0.41489715909090913	0.9559620506125728	0.2733064141035259	0.1988166270783848	0.7450104028331119	0.8164266360505167	0.8188729537366549	0.9559620506125728	0.9841645059060788	0.8607009991673605	0.8918169380017841	0.9520256433545261	0.42755007874015744	0.8535934586194434	0.7310321336760925	0.2397019892250311	0.950419567863664	0.7872302231237323	0.7012033021114462	0.8571697749581039	0.25856321525885556	0.7223168508287293	0.28262230769230773	0.3388919032258065	0.3268740139211137	0.5584122643421853	0.9878293427453972	0.9289555951383068	0.8761941176470589	0.7398212851405623	0.966881863084066	0.966299080846017	0.9050043790849673	0.7635519230769231	0.5718801467671559	0.5122094674556213	1.0	0.4607514609997585	0.8563433249370277	0.8500742451800655	0.7656293482890812	0.933839338120512	0.6131718973418882	0.26898931152529476	0.8072015893694633	0.9109168864864865	0.4808126423425517	0.9534707817687896	0.3343414230019493	0.4512197932053176	0.425324405076679	0.39151596377016695	0.9050043790849673	0.11383663366336634	0.5848961959654179	0.2665296211251435	0.6728820701168614	0.09837433155080215	0.23529315589353614	0.4722145583038869	0.3522668629882207	0.9771682003891051	0.2911987486592778	0.8634735207275305	0.7301237288135594	0.8361955995055624	0.7795834721065777	0.9392666666666667	0.6913539080090061	0.9601983760087676	0.47492095639943743	0.34874910853925556	0.13086585365853656	0.3268740139211137	0.9443148250460405	0.7862417649450996	0.643897468575419	0.7820672147001935	0.7461953642384105	0.9865464449541285	0.9357227324556857	0.9260907196969698	0.6847416653087828	0.024612385321100917	0.9747935707317074	0.8584030476873432	0.34239121686362184	0.8700506870051234	0.9260907196969698	0.8240261340725807	0.7500414110429448	0.5627784550392275	0.75619579358196	0.9619830169929444	0.5363244640605297	0.975459830310123	0.7755995111731844	0.6853734504636408	0.6778406141654284	0.4181021511158914	0.830614898644447	0.0882483552631579	0.13086585365853656	0.764100938967136	0.7378265000748166	0.7292723223753976	1.0	0.8700506870051234	0.4873919173363949	0.37279462109955425	0.8589150232502683	0.8584030476873432	0.45600190709046456	0.8693737806301051	0.9480234437086092	0.695286517571885	0.4512197932053176	0.9788644082582146	0.2133592408495255	0.7884265956011334	0.8426620225269343	0.8403906376704754	0.6360163665254238	0.3999111884219315	0.574165557306026	0.8403906376704754	0.3057998956158664	0.09398168789808917	0.6732124937531234	0.9163472972972974
g__Roseburia	0.2788464312267658	0.7054654568407764	0.8784703200000001	0.4547123099558607	0.4889577813431126	0.8918169380017841	0.957005014011209	0.3388919032258065	0.4836646922720963	0.06570000000000001	0.6070441709844561	0.8164266360505167	0.7334602110022607	0.951369064966606	0.90837536121673	0.9832446583253127	0.03571048252911814	0.678603956478734	0.6461336748871136	0.42607551342812006	0.6615199931995919	0.12632962720732505	0.25477086801426874	0.8762438640798991	0.42199279446955595	0.9058772950016334	0.9991900617630545	0.8013048906560636	0.8114558959835222	0.34874910853925556	0.9841645059060788	0.8492223936816525	0.9203544893617022	0.802988467614534	0.6894546421663442	0.7834088652971184	0.8954752707182321	0.7656293482890812	0.7743323768197088	0.9165847191011236	0.507585796460177	0.26414133281972263	0.46144848484848483	0.9026885321100918	0.9114857605877269	0.1908675889328063	0.6277202685765443	0.7782250730079265	0.808761511492014	0.6101786148461964	0.08247566182749785	0.628403984989278	0.5948838618346546	0.39479704890387857	0.8791146555656935	0.39479704890387857	0.8918169380017841	0.17252411575562698	0.11383663366336634	0.04502517482517483	0.5708840818759936	0.7623407825217764	0.9401485811227637	0.9969679054054054	0.8500742451800655	0.4488089197224975	0.9683480200945627	0.7317695967376528	0.8835793388429751	0.420593356456777	0.5615234132581101	0.9802745137880988	0.13086585365853656	0.1502590431738623	0.4512197932053176	0.6864491467576792	0.8041927729772193	0.5550366360856268	0.8268257668711656	0.8710283970707893	0.024612385321100917	0.024612385321100917	0.10371970260223047	0.05974944320712695	0.4836646922720963	0.5728722684085511	0.8886779102463165	0.7826847226055755	0.9399150046310589	0.3165390020366599	0.9658962475247526	0.8571697749581039	0.5751461674528302	0.9691325636238577	0.626696557288865	0.8160832139201638	0.14595683027794204	0.28880772547610495	0.9602151771496815	0.23529315589353614	0.9913351632749645	0.7868431279620852	0.824650937932771	0.3343414230019493	0.695286517571885	0.9305797809076684	0.07671849865951744	0.739545149754135	0.9379787418655097	0.6551403184386235	0.42607551342812006	0.974697568359375	0.9165847191011236	0.9645352853745541	0.9910699062233589	0.12632962720732505	0.2101243169398907	0.33135182505754684	0.8867424170616114	0.6605940755873341	0.8282684585573196	0.46371051625239	0.8798564940239044	0.8700506870051234	1.0	0.8375027027027027	0.3165390020366599	0.5167468085106384	0.2569869838773103	0.7336401173285199	0.9744096565893748	0.7223168508287293	0.8041927729772193	0.8762438640798991	0.8298996141879277	0.596906828442438	0.6154140219378427	0.545990436762575	0.45750702439024393	0.20501910531220877	0.6723252383341696	0.5149942794759825	0.9203544893617022	0.5718801467671559	0.46660960989533773	0.951369064966606	0.9217201146375119
g__Roseburia_D	0.03571048252911814	0.7862417649450996	0.05974944320712695	0.7968408381155746	0.9124009049773756	0.42338259141494433	0.6869650551589876	0.7526549890750182	0.9459632417526299	0.34239121686362184	0.808761511492014	0.10910239651416123	0.6154140219378427	0.4181021511158914	0.8145879548949257	0.5813404416037188	0.9120538976462966	0.024612385321100917	0.9873708122554166	0.2788464312267658	0.993292676029786	0.12632962720732505	0.1824435857805255	0.03571048252911814	0.26414133281972263	0.1988166270783848	0.024612385321100917	0.024612385321100917	0.7500414110429448	0.9452534075814857	0.9232623957783641	0.4956492557510149	0.628403984989278	0.8111186388244392	0.03571048252911814	0.6877018629515632	0.14595683027794204	0.7743323768197088	0.4500182267226476	0.8324444802778467	0.974697568359375	0.838206363300037	0.32066752941176474	0.2733064141035259	0.4607514609997585	0.14595683027794204	0.23732019230769233	0.626696557288865	0.29601448300283284	0.739545149754135	0.6811040223280249	0.9848069620253165	0.5821785272516429	0.25013079710144925	0.03571048252911814	0.6714288393903868	0.09837433155080215	0.9448327300613496	0.2760888349514563	0.2424411111111111	0.28880772547610495	0.3241767696909272	0.03571048252911814	0.05292725030826141	0.03571048252911814	0.3124354938271605	0.7664999999999998	0.49083936218678814	0.8771971464588586	0.4607514609997585	0.06570000000000001	0.14595683027794204	0.9645352853745541	0.44748056660039764	0.420593356456777	0.35769999999999996	0.9809217353537304	0.12632962720732505	0.5923854348651728	0.45993716363636367	0.8515408452409784	0.34239121686362184	0.3268740139211137	0.545990436762575	0.2101243169398907	0.1988166270783848	0.7269545329879629	0.39151596377016695	0.861604794034091	0.17252411575562698	0.49997798206278027	0.6174187534171678	0.6092119372693726	0.5615234132581101	0.4956492557510149	0.13884842883548984	0.34081435452793835	0.9888112400152148	0.8298996141879277	0.5223237335632679	0.0882483552631579	0.9924096920460985	0.489957449725777	0.9996768412209466	0.07671849865951744	0.40951088379705397	0.7992173345759552	0.8712630094043888	0.6539749100257071	0.16195472330911123	0.8095778352515195	0.8188729537366549	0.8613541479023465	0.4952395380434783	0.8020636579572447	0.9046237679895334	0.244941976316864	0.709690234741784	0.6487950726141078	0.8072015893694633	0.6015863636363636	0.949242961832061	0.06570000000000001	0.4873919173363949	0.8375027027027027	1.0	0.4500182267226476	0.6937420470927439	0.024612385321100917	0.6679315594476254	0.05292725030826141	0.9367294178471719	0.27111174471299093	0.2614174670797831	0.1908675889328063	0.17252411575562698	0.5507712759400041	0.8361955995055624	0.28262230769230773	0.6020171082089553	0.6510238472126635	0.21693396226415096	0.9891590089234858	0.22007400802496657	0.5525762479541735	0.7336401173285199	0.0882483552631579
g__Rothia	0.024612385321100917	0.8500098724954462	0.20760110548134503	0.9401485811227637	0.4078073597811217	0.25013079710144925	0.8139429780684879	0.967663717076058	0.9339841147728455	0.843740119760479	0.09837433155080215	0.6383404438964241	0.941812388381402	0.5243504504504505	0.5594535100141614	0.6968226222717858	0.8844070855463894	0.49997798206278027	0.9100724634542502	0.2788464312267658	0.8954752707182321	0.5782909890539484	0.37809194828092857	0.26898931152529476	0.379461216730038	0.5392484911986589	0.40330279314159295	0.7193726052753354	0.7936543580131209	0.3522668629882207	0.949880510110761	0.7526549890750182	0.7889165094339623	0.644870240585774	0.7509507443082312	0.9696153491112639	0.13884842883548984	0.9696153491112639	0.628403984989278	0.2788464312267658	0.603118982861401	0.5584122643421853	0.507585796460177	0.3856983884892086	0.7342602523659306	0.44456229260935143	0.645390866388309	0.8296999501495512	0.596906828442438	0.2760888349514563	0.46258302565332055	0.3147124957323319	0.7620053632723113	0.024612385321100917	0.7149551686615886	0.6605940755873341	0.5795954909232871	0.6161367816091954	0.03571048252911814	0.5325805960684845	0.03571048252911814	0.5223237335632679	0.7999005586592179	0.05974944320712695	0.4722145583038869	0.03571048252911814	0.974697568359375	0.8207816249050874	0.5813404416037188	0.6698537880060473	0.14595683027794204	0.5471923140495868	0.10371970260223047	0.8825483955096949	0.1222701072386059	0.44138625568468925	0.6744283864541832	0.16195472330911123	0.44670097329673075	0.25013079710144925	0.8041927729772193	0.03571048252911814	0.09837433155080215	0.6947931829092654	0.06570000000000001	0.9134338031199569	0.4500182267226476	0.4319012658227848	0.25477086801426874	0.3759327931644078	0.5603774121921679	0.4651635193133047	0.574165557306026	0.644870240585774	0.05292725030826141	0.14595683027794204	0.7918201289109708	0.8454013893967093	0.8487435295548528	0.8916074882471456	0.9782983999224205	0.956271432871764	0.9888112400152148	0.8819316123907864	0.14230379746835442	0.17252411575562698	0.6877018629515632	0.9526279100262255	0.4181021511158914	0.7660652913653764	0.5662927156293777	0.7269545329879629	0.23529315589353614	0.6698537880060473	0.961585531026253	0.25477086801426874	0.33695200907323397	0.3187748901655965	0.6305511194029851	0.950419567863664	0.614463230177623	0.611591958041958	0.8095778352515195	0.37279462109955425	0.3165390020366599	0.4500182267226476	1.0	0.9848069620253165	0.04502517482517483	0.8296999501495512	0.9459632417526299	0.3964758823529412	0.47318192063864756	0.6249774559193955	0.40200274923632323	0.024612385321100917	0.47124079413850156	0.920614645552131	0.2397019892250311	0.5312106288376033	0.7862417649450996	0.3147124957323319	0.9943588899341487	0.024612385321100917	0.15391566265060241	0.6698537880060473	0.4196335834896811
g__Ruminiclostridium_E	0.6931334188994064	0.7713567304984511	0.816307320812572	0.5795954909232871	0.9301395072040092	0.7149551686615886	0.8556719841555636	0.9958884087920346	0.34081435452793835	0.9509567696202531	0.7073087653157398	0.6794768850839644	0.6937420470927439	0.6838845814977974	0.8693737806301051	0.5307365200764819	0.5513961262553801	0.14230379746835442	0.9996768412209466	0.4512197932053176	0.9290092307692308	0.4403438498605123	0.9367294178471719	0.8221450915982312	0.9034658515283843	0.6258946829531166	0.05292725030826141	0.7930670687575392	0.9773544757281554	0.8164266360505167	0.4512197932053176	0.841579958297559	0.4776008397480756	0.9350488215138614	0.8791146555656935	0.49997798206278027	0.8933148626098565	0.7807199916932022	0.9164170540974825	0.6335694798301486	0.688436525396312	0.9832446583253127	0.8886779102463165	0.40200274923632323	0.8291892964071855	0.8298996141879277	0.32066752941176474	0.8594771622587563	0.05292725030826141	0.84315	0.3856983884892086	0.1222701072386059	0.9563885425020048	0.8719326034063261	0.9422368307692308	0.574165557306026	0.3429705099778271	0.9309223600542063	0.9483437951745902	0.8973468843057241	0.9802745137880988	0.9058772950016334	0.6710927492447131	0.901338208889862	0.7859961235038084	0.8268257668711656	0.7278955953827461	0.6224057873730042	0.7921596566523605	0.9109168864864865	0.8553078947368421	0.4488089197224975	0.6121023866348448	0.6005901630129287	0.7439758564678085	0.5813404416037188	0.8408825825457222	0.3844912955465587	0.6346820462979326	0.7285295919915061	0.8693737806301051	0.5799919618528611	0.7728427068723702	0.8333620629804115	0.9026885321100918	0.893992148164578	0.9232623957783641	0.6847416653087828	0.3964758823529412	0.36387845454545453	0.3831609238814642	0.9910699062233589	0.8131924528301887	0.425324405076679	0.9995395118301692	0.9782983999224205	0.7317695967376528	0.9222361690857083	0.8114558959835222	0.7398212851405623	0.8125451438848922	0.9587102605050405	0.7859961235038084	0.8784703200000001	0.7201392081343398	0.9357227324556857	0.46144848484848483	0.8020636579572447	0.7063785624211854	0.9309223600542063	0.22218370044052863	0.8645787407145384	0.4789866883872469	0.966299080846017	0.5821785272516429	0.639866719325961	0.8020636579572447	0.7167315960912052	0.7790673197165485	0.7378265000748166	0.929795736677116	0.8500742451800655	0.5283094709897611	0.8589150232502683	0.5167468085106384	0.6937420470927439	0.9848069620253165	1.0	0.935864989127058	0.9559620506125728	0.45600190709046456	0.2875347715736041	0.6161367816091954	0.507585796460177	0.845123538743136	0.6394422413793104	0.8879618323191345	0.7514202127659574	0.764100938967136	0.9091460744923444	0.4362731182795699	0.6493421815671384	0.8936139475438986	0.9346139027431422	0.9989336954485859	0.5513961262553801	0.04502517482517483
g__Ruminococcus_B	0.024612385321100917	0.49083936218678814	0.024612385321100917	0.09837433155080215	0.23529315589353614	0.024612385321100917	0.7859961235038084	0.8315259865971704	0.0882483552631579	0.024612385321100917	0.024612385321100917	0.024612385321100917	0.8886779102463165	0.4165608038845428	0.8784703200000001	0.7856440922190201	0.1502590431738623	0.07671849865951744	0.5662927156293777	0.024612385321100917	0.8611579679144385	0.07147193149381541	0.024612385321100917	0.024612385321100917	0.4043693641618497	0.5158730241672109	0.06570000000000001	0.07671849865951744	0.7542431312690797	0.9808326828325766	0.1222701072386059	0.024612385321100917	0.2397019892250311	0.13447368421052633	0.024612385321100917	0.05292725030826141	0.024612385321100917	0.27111174471299093	0.024612385321100917	0.05974944320712695	0.4845779059040591	0.7500414110429448	0.024612385321100917	0.3057998956158664	0.024612385321100917	0.024612385321100917	0.024612385321100917	0.3927745562130177	0.3759327931644078	0.13884842883548984	0.04502517482517483	0.3147124957323319	0.6314480574773815	0.024612385321100917	0.17591803278688525	0.03571048252911814	0.024612385321100917	0.28262230769230773	0.024612385321100917	0.04502517482517483	0.024612385321100917	0.024612385321100917	0.5671916333865815	0.024612385321100917	0.1502590431738623	0.03571048252911814	0.11832942798070298	0.44138625568468925	0.1222701072386059	0.7412495177326013	0.024612385321100917	0.1222701072386059	0.19387060546874998	0.739545149754135	0.024612385321100917	0.024612385321100917	0.024612385321100917	0.06570000000000001	0.04502517482517483	0.024612385321100917	0.8954752707182321	0.024612385321100917	0.03571048252911814	0.024612385321100917	0.09398168789808917	0.10910239651416123	0.5539782839632278	0.03571048252911814	0.9808326828325766	0.9257408593091828	0.05292725030826141	0.06570000000000001	0.05292725030826141	0.024612385321100917	0.05974944320712695	0.024612385321100917	0.20760110548134503	0.7149551686615886	0.8315259865971704	0.05974944320712695	0.1222701072386059	0.2397019892250311	0.4845779059040591	0.1222701072386059	0.024612385321100917	0.024612385321100917	0.967663717076058	0.25856321525885556	0.024612385321100917	0.024612385321100917	0.7660652913653764	0.6802356731875719	0.9744108776387803	0.7361572199730094	0.8041927729772193	0.18577087576374746	0.024612385321100917	0.024612385321100917	0.900277769239214	0.6070441709844561	0.645390866388309	0.5405909623430962	0.024612385321100917	0.8584030476873432	0.2569869838773103	0.024612385321100917	0.04502517482517483	0.935864989127058	1.0	0.23732019230769233	0.04502517482517483	0.5377886253934943	0.024612385321100917	0.08247566182749785	0.024612385321100917	0.024612385321100917	0.9283175594926093	0.14595683027794204	0.024612385321100917	0.3693804373876573	0.7342602523659306	0.1824435857805255	0.90837536121673	0.024612385321100917	0.024612385321100917	0.7868431279620852	0.425324405076679
g__Ruminococcus_C	0.9567928578583592	0.6605940755873341	0.35594063940977555	0.33135182505754684	0.9718264504116033	0.735319948964275	0.9290092307692308	0.9852691201840138	0.7803146402329127	0.2851950054684652	0.7430495861661248	0.715844347826087	0.7859633447098976	0.9765993284671534	0.843740119760479	0.8712630094043888	0.9386443436114262	0.10910239651416123	0.8375027027027027	0.933839338120512	0.8081025994281258	0.48196241019698727	0.5405909623430962	0.379461216730038	0.8041927729772193	0.4403438498605123	0.5829006363285769	0.75619579358196	0.8454013893967093	0.8172742733299337	0.4956492557510149	0.31003130165289255	0.8579408182796986	0.7278955953827461	0.7660652913653764	0.8779238689726263	0.9040451887409994	0.29601448300283284	0.8589150232502683	0.8563433249370277	0.36737628494138863	0.9021076721311475	0.8912043804615728	0.6838845814977974	0.9852691201840138	0.8611579679144385	0.25856321525885556	0.75619579358196	0.17591803278688525	0.5848961959654179	0.718055777262181	0.6877018629515632	0.9996768412209466	0.3165390020366599	0.9468014380418154	0.8044391946659694	0.20760110548134503	0.9915062417249858	0.9828740248483098	0.45600190709046456	0.8710283970707893	0.379461216730038	0.841579958297559	0.7073087653157398	0.5957847965335343	0.8762438640798991	0.830614898644447	0.4500182267226476	0.8936940719360569	0.8188729537366549	0.9386443436114262	0.6992391982182629	0.8268257668711656	0.5307365200764819	0.901624652739801	0.9194406776049436	0.4196335834896811	0.5492435301378318	0.5575933143669985	0.9587102605050405	0.8918169380017841	0.8873525372124492	0.966299080846017	0.9260907196969698	0.57698291250734	0.9563885425020048	0.9224576321353066	0.830614898644447	0.9938168470588234	0.4196335834896811	0.88837022067102	0.8918169380017841	0.7862417649450996	0.34527593937480267	0.5999283943661973	0.8879618323191345	0.7948251703406813	0.6774110173697271	0.4500182267226476	0.7889165094339623	0.6710927492447131	0.4488089197224975	0.8145879548949257	0.28880772547610495	0.8020636579572447	0.23097287989668533	0.8426620225269343	0.34081435452793835	0.941000728952772	0.7419610938194753	0.8202540410438308	0.7921596566523605	0.47318192063864756	0.8944875166002656	0.6829136883371447	0.7078824654956085	0.7023493972081218	0.9375481910274964	0.9224576321353066	0.9640451219512196	0.5513961262553801	0.48196241019698727	0.47124079413850156	0.45600190709046456	0.7336401173285199	0.6679315594476254	0.8296999501495512	0.9559620506125728	0.23732019230769233	1.0	0.17884999999999998	0.801876923076923	0.9315554490518858	0.4776008397480756	0.8787928188149333	0.5923854348651728	0.7594507113090961	0.6937420470927439	0.3620529053848494	0.6887240677966101	0.3831609238814642	0.8532257959479016	0.2474043354943274	0.9289555951383068	0.6229963251267198	0.7719981012658227	0.33135182505754684
g__Ruminococcus_E	0.05292725030826141	0.9559620506125728	0.07147193149381541	0.9597029309141661	0.9995395118301692	0.024612385321100917	0.8584030476873432	0.7553864723792953	0.7424511617581767	0.3057998956158664	0.9714412180052957	0.25262026378896885	0.4043693641618497	0.9808326828325766	0.8768717792818631	0.06570000000000001	0.8067494978479197	0.23312330345710627	0.7807199916932022	0.459116524701874	0.8408825825457222	0.31003130165289255	0.1988166270783848	0.09837433155080215	0.9134338031199569	0.2249292576419214	0.03571048252911814	0.7856440922190201	0.57698291250734	0.5363244640605297	0.5948838618346546	0.43767580398162326	0.5865404055863784	0.40951088379705397	0.1908675889328063	0.57698291250734	0.8873525372124492	0.7149551686615886	0.8842936524100474	0.7859633447098976	0.7664999999999998	0.8989146252888742	0.6314480574773815	0.16637209302325584	0.8353854545454544	0.5482766597938145	0.1502590431738623	0.1502590431738623	0.4836646922720963	0.3343414230019493	0.9934613863251083	0.5027610093791871	0.626696557288865	0.1988166270783848	0.14230379746835442	0.1908675889328063	0.04502517482517483	0.3343414230019493	0.23097287989668533	0.19387060546874998	0.43377695282289247	0.08247566182749785	0.10910239651416123	0.5948838618346546	0.05292725030826141	0.43377695282289247	0.3813728571428571	0.9930481586402267	0.23312330345710627	0.6240572535591999	0.06570000000000001	0.47318192063864756	0.5307365200764819	0.7660652913653764	0.46660960989533773	0.3831609238814642	0.8867424170616114	0.05974944320712695	0.4294633879781421	0.49083936218678814	0.6052005013927577	0.6240351952277656	0.4390699236641222	0.36737628494138863	0.36568967702988225	0.9464792385424109	0.3886312500000001	0.5283094709897611	0.929795736677116	0.9630630434782609	0.45993716363636367	0.643897468575419	0.7209039236805662	0.4922745624005456	0.7269545329879629	0.3620529053848494	0.5859447065592636	0.5312106288376033	0.3693804373876573	0.36387845454545453	0.5300331983805668	0.7653009812286689	0.6070441709844561	0.9367294178471719	0.6174187534171678	0.8523850513595166	0.839794441711756	0.7664999999999998	0.8844070855463894	0.15798754246885618	0.7054654568407764	0.8761941176470589	0.9137035898538263	0.8188729537366549	0.8892847364280094	0.1963302840635532	0.17884999999999998	0.05292725030826141	0.574165557306026	0.846296674381776	0.8663316433360781	0.8613541479023465	0.17061348684210526	0.8693737806301051	0.9744096565893748	0.05292725030826141	0.9459632417526299	0.45600190709046456	0.04502517482517483	0.17884999999999998	1.0	0.893992148164578	0.05974944320712695	0.17884999999999998	0.5653898315282792	0.7826847226055755	0.9844387294885327	0.8798564940239044	0.6551403184386235	0.7264263085609645	0.9264399915895711	0.4651635193133047	0.9156874342740637	0.3759327931644078	0.2569869838773103	0.7755995111731844	0.4722145583038869
g__Ruthenibacterium	0.6288607060082011	0.88837022067102	0.4651635193133047	0.46371051625239	0.9290092307692308	0.06570000000000001	0.4127755218216319	0.13086585365853656	0.06570000000000001	0.9010601558213541	0.23312330345710627	0.6299876602564102	0.44670097329673075	0.8535934586194434	0.0882483552631579	0.3343414230019493	0.7585627067452898	0.951369064966606	0.4547123099558607	0.9124009049773756	0.9808326828325766	0.35769999999999996	0.8341753686036426	0.2733064141035259	0.024612385321100917	0.8695098822981004	0.7336401173285199	0.6305511194029851	0.7948251703406813	0.8041927729772193	0.8691316789862725	0.11383663366336634	0.42607551342812006	0.17061348684210526	0.6778406141654284	0.6240572535591999	0.949880510110761	0.929795736677116	0.9888112400152148	0.7948251703406813	0.6346820462979326	0.9152233891752577	0.45993716363636367	0.8693707136997539	0.8918169380017841	0.9483437951745902	0.7126093930410361	0.7073087653157398	0.7992173345759552	0.46660960989533773	0.37420434782608697	0.1988166270783848	0.2614174670797831	0.7750750244721017	0.8787928188149333	0.3333459574468085	0.25856321525885556	0.8936940719360569	0.47124079413850156	0.8268257668711656	0.8341753686036426	0.914463816072196	0.20501910531220877	0.27111174471299093	0.3831609238814642	0.26898931152529476	0.9422368307692308	0.6737654805453941	0.35067971962616823	0.08247566182749785	0.823192586054722	0.6346820462979326	0.7534498690337602	0.11832942798070298	0.7992173345759552	0.07671849865951744	0.5627784550392275	0.715844347826087	0.9350488215138614	0.8918169380017841	0.17591803278688525	0.43463855236139626	0.7807199916932022	0.7424511617581767	0.6041052073647015	0.09398168789808917	0.8695098822981004	0.8918169380017841	0.5984751315789475	0.29601448300283284	0.7726380303456026	0.8389906976744186	0.7859633447098976	0.8277547741208859	0.16637209302325584	0.8315259865971704	0.9058772950016334	0.19387060546874998	0.2851950054684652	0.44670097329673075	0.9873708122554166	0.7424511617581767	0.03571048252911814	0.08247566182749785	0.8768717792818631	0.645390866388309	0.25856321525885556	0.703047932837003	0.34874910853925556	0.9567928578583592	0.9996768412209466	0.28880772547610495	0.3856983884892086	0.5829006363285769	0.5813404416037188	0.7264263085609645	0.8111186388244392	0.7126093930410361	0.7976342712361648	0.9563885425020048	0.709690234741784	0.7461953642384105	0.8928163326653306	0.9480234437086092	0.7223168508287293	0.9367294178471719	0.3964758823529412	0.2875347715736041	0.5377886253934943	0.801876923076923	0.893992148164578	1.0	0.9100724634542502	0.695286517571885	0.6052005013927577	0.885219620467638	0.507585796460177	0.6461336748871136	0.49683685039370085	0.8289881823860087	0.9222361690857083	0.9744096565893748	0.07147193149381541	0.10910239651416123	0.929795736677116	0.4500182267226476	0.36021285888821014
g__Sarcina	0.2875347715736041	0.8160832139201638	0.03571048252911814	0.4165608038845428	0.901338208889862	0.14595683027794204	0.6774110173697271	0.7703881217415809	0.8756644354838711	0.47124079413850156	0.05292725030826141	0.7672589108910891	0.5762359623307828	0.8954752707182321	0.9098957398373984	0.4165608038845428	0.5684263755980861	0.8052105029392554	0.22802211621856028	0.8282684585573196	0.9438929149175797	0.30095012285012285	0.03571048252911814	0.3620529053848494	0.3711497761862131	0.906256359482102	0.29387959401709396	0.3187748901655965	0.6101786148461964	0.1908675889328063	0.5167468085106384	0.12632962720732505	0.04502517482517483	0.8041927729772193	0.0882483552631579	0.379461216730038	0.6864491467576792	0.23312330345710627	0.33695200907323397	0.2397019892250311	0.9910699062233589	0.05974944320712695	0.11832942798070298	0.8202540410438308	0.6723252383341696	0.4304635397771443	0.20760110548134503	0.21693396226415096	0.3429705099778271	0.09398168789808917	0.9120538976462966	0.6199743044189853	0.23097287989668533	0.024612385321100917	0.5066689150210784	0.08247566182749785	0.024612385321100917	0.8819316123907864	0.05292725030826141	0.3886312500000001	0.2569869838773103	0.07671849865951744	0.4181021511158914	0.5876939255014327	0.4956492557510149	0.024612385321100917	0.7223168508287293	0.2474043354943274	0.5594535100141614	0.8724683144246355	0.05292725030826141	0.3187748901655965	0.3429705099778271	0.6407381177707677	0.13884842883548984	0.12632962720732505	0.12632962720732505	0.1222701072386059	0.6802356731875719	0.1222701072386059	0.7862417649450996	0.25013079710144925	0.28126724584103513	0.46371051625239	0.9652160360538827	0.6824986252045827	0.7342602523659306	0.3711497761862131	0.8571697749581039	0.28262230769230773	0.13086585365853656	0.32232439024390247	0.25477086801426874	0.29387959401709396	0.5136606431852986	0.8816143003180373	0.7896178133836004	0.5122094674556213	0.8188729537366549	0.8787928188149333	0.7851411788953009	0.9597029309141661	0.8710283970707893	0.626696557288865	0.09398168789808917	0.024612385321100917	0.5627784550392275	0.700500572337043	0.28880772547610495	0.48570855565777366	0.9224576321353066	0.7317695967376528	0.6853734504636408	0.7803146402329127	0.830614898644447	0.8970537867078826	0.4889577813431126	0.03571048252911814	0.7230759656652361	0.44748056660039764	0.9563885425020048	0.8469848326232502	0.11383663366336634	0.695286517571885	0.8041927729772193	0.27111174471299093	0.47318192063864756	0.6161367816091954	0.024612385321100917	0.9315554490518858	0.05974944320712695	0.9100724634542502	1.0	0.5210213390928726	0.6979762177650429	0.34239121686362184	0.6877018629515632	0.35594063940977555	0.06570000000000001	0.22007400802496657	0.5158730241672109	0.21693396226415096	0.8125451438848922	0.024612385321100917	0.07671849865951744	0.7941341802621021	0.3964758823529412
g__Schaedlerella	0.17061348684210526	0.7909101719967752	0.3831609238814642	0.07147193149381541	0.40330279314159295	0.14230379746835442	0.7542431312690797	0.4845779059040591	0.27111174471299093	0.19387060546874998	0.8916074882471456	0.32232439024390247	0.44748056660039764	0.5492435301378318	0.7862417649450996	0.6853734504636408	0.1824435857805255	0.1988166270783848	0.3856983884892086	0.854634595959596	0.42199279446955595	0.34874910853925556	0.4319012658227848	0.03571048252911814	0.966299080846017	0.4889577813431126	0.10910239651416123	0.06570000000000001	0.8500098724954462	0.7615597966198796	0.5671916333865815	0.2760888349514563	0.8886779102463165	0.7968408381155746	0.07671849865951744	0.8716992576267255	0.6639454391606024	0.244941976316864	0.5283094709897611	0.6744283864541832	0.9841645059060788	0.39151596377016695	0.3388919032258065	0.14230379746835442	0.3165390020366599	0.12632962720732505	0.9777318424371787	0.7558464601129289	0.3057998956158664	0.3187748901655965	0.8568083043738766	0.9431804875550547	0.05292725030826141	0.13447368421052633	0.34527593937480267	0.6240572535591999	0.6923003373493977	0.4651635193133047	0.2474043354943274	0.44670097329673075	0.2911987486592778	0.35769999999999996	0.84315	0.10371970260223047	0.2133592408495255	0.8749321383285303	0.9924096920460985	0.7656293482890812	0.545990436762575	0.5821785272516429	0.2101243169398907	0.5418157861766548	0.8589150232502683	0.6394422413793104	0.7992173345759552	0.41489715909090913	0.8954752707182321	0.4403438498605123	0.06570000000000001	0.6052005013927577	0.7594507113090961	0.7807199916932022	1.0	0.9339841147728455	0.17252411575562698	0.7765363560384455	0.8762438640798991	0.14595683027794204	0.4294633879781421	0.4043693641618497	0.6811040223280249	0.8347809358752166	0.1963302840635532	0.3241767696909272	0.8613541479023465	0.07671849865951744	0.4952395380434783	0.39151596377016695	0.8645787407145384	0.9891590089234858	0.2397019892250311	0.9759352923976609	0.9381181714993293	0.6802356731875719	0.5243504504504505	0.7412495177326013	0.6737654805453941	0.8181208306790675	0.3343414230019493	0.7623407825217764	0.4456913326653307	0.4181021511158914	0.7117123711340205	0.10910239651416123	0.6346820462979326	0.5762359623307828	0.8298996141879277	0.5167468085106384	0.6869650551589876	0.9773544757281554	0.14230379746835442	0.8527543819410912	0.6084669439822518	0.4512197932053176	0.8762438640798991	0.2614174670797831	0.6249774559193955	0.507585796460177	0.08247566182749785	0.4776008397480756	0.17884999999999998	0.695286517571885	0.5210213390928726	1.0	0.7862417649450996	0.31003130165289255	0.7078824654956085	0.43463855236139626	0.19387060546874998	0.7620053632723113	0.8563433249370277	0.5105290322580646	0.8589150232502683	0.9134338031199569	0.5737471262097571	0.4390699236641222	0.5507712759400041
g__Sellimonas	0.10371970260223047	0.15391566265060241	0.15391566265060241	0.5336081400253058	0.2101243169398907	0.6778406141654284	0.6324541541186891	0.843740119760479	0.024612385321100917	0.2101243169398907	0.8589150232502683	0.23312330345710627	0.03571048252911814	0.6877018629515632	0.0882483552631579	0.9137035898538263	0.8093414141414141	0.46144848484848483	0.6838845814977974	0.03571048252911814	0.7073087653157398	0.7834088652971184	0.2614174670797831	0.3388919032258065	0.34081435452793835	0.489957449725777	0.2249292576419214	0.28126724584103513	0.5957847965335343	0.7656293482890812	0.5799919618528611	0.2569869838773103	0.8515408452409784	0.44748056660039764	0.024612385321100917	0.8523850513595166	0.024612385321100917	0.13086585365853656	0.024612385321100917	0.03571048252911814	1.0	0.2133592408495255	0.05974944320712695	0.8693737806301051	0.6864491467576792	0.2851950054684652	0.7386585201793723	0.9996768412209466	0.8154405685747216	0.8921182243511195	0.10371970260223047	0.695286517571885	0.5876939255014327	0.16195472330911123	0.23732019230769233	0.3147124957323319	0.03571048252911814	0.6070441709844561	0.3333459574468085	0.7859633447098976	0.05974944320712695	0.5957847965335343	0.3294480832782551	0.5192643891891892	0.9891590089234858	0.3388919032258065	0.2569869838773103	0.8589150232502683	0.17252411575562698	0.5762359623307828	0.024612385321100917	0.09398168789808917	0.9026885321100918	0.574165557306026	0.3165390020366599	0.07147193149381541	0.1502590431738623	0.05974944320712695	0.6968226222717858	0.18769865067466268	0.7078824654956085	0.3542754478072885	0.8784703200000001	0.7430495861661248	0.8663316433360781	0.11383663366336634	0.1908675889328063	0.2614174670797831	0.9891590089234858	0.42199279446955595	0.03571048252911814	0.4836646922720963	0.6639454391606024	0.12632962720732505	0.39479704890387857	0.42890316505362275	0.36568967702988225	0.8928163326653306	0.25856321525885556	0.07147193149381541	0.4512197932053176	0.30095012285012285	0.6314480574773815	0.3333459574468085	0.05292725030826141	0.6583974748336461	0.3294480832782551	0.5923854348651728	0.10371970260223047	0.024612385321100917	0.8188729537366549	0.8324444802778467	0.7534498690337602	0.7573276384083045	0.7336401173285199	0.8041927729772193	0.1222701072386059	0.8384956768074885	0.4512197932053176	0.14230379746835442	0.9865464449541285	0.9587102605050405	0.10371970260223047	0.9788644082582146	0.8298996141879277	0.1908675889328063	0.40200274923632323	0.845123538743136	0.024612385321100917	0.8787928188149333	0.5653898315282792	0.6052005013927577	0.6979762177650429	0.7862417649450996	1.0	0.09398168789808917	0.8309160849583902	0.42755007874015744	0.024612385321100917	0.15798754246885618	0.8041927729772193	0.06570000000000001	0.8802763903104743	0.5351939342881213	0.08247566182749785	0.8265187594173782	0.14595683027794204
g__Streptococcus	0.05292725030826141	0.3035447202797203	0.03571048252911814	0.861604794034091	0.0882483552631579	0.04502517482517483	0.7167315960912052	0.86537471169687	0.688436525396312	0.3620529053848494	0.6728820701168614	0.43377695282289247	0.4362731182795699	0.6737654805453941	0.8268257668711656	0.8268257668711656	0.9232623957783641	0.7595737951807229	0.7664999999999998	0.25477086801426874	0.3964758823529412	0.5056342157953281	0.03571048252911814	0.04502517482517483	0.4722145583038869	0.6005901630129287	0.09837433155080215	0.13447368421052633	0.34527593937480267	0.2911987486592778	0.8519118543607113	0.6064049888724036	0.17061348684210526	0.7743323768197088	0.7073087653157398	0.8954752707182321	0.05974944320712695	0.420593356456777	0.59307175066313	0.9844387294885327	0.8716992576267255	0.650184318455971	0.024612385321100917	0.2614174670797831	0.993292676029786	0.7371031460674158	0.5492435301378318	0.628403984989278	0.28126724584103513	0.29387959401709396	0.6754249046592605	0.07671849865951744	0.9726874485596708	0.04502517482517483	0.678603956478734	0.8265187594173782	0.27111174471299093	0.950391499949223	0.39479704890387857	0.11383663366336634	0.024612385321100917	0.09398168789808917	0.8093414141414141	0.024612385321100917	0.7090094969440527	0.024612385321100917	0.10910239651416123	0.7573276384083045	0.2788464312267658	0.6817465333551878	0.03571048252911814	0.1908675889328063	0.04502517482517483	0.9509567696202531	0.024612385321100917	0.6539749100257071	0.3241767696909272	0.07671849865951744	0.46371051625239	0.07671849865951744	0.7430495861661248	0.024612385321100917	0.13086585365853656	0.08247566182749785	0.20180535966149507	0.459116524701874	0.3187748901655965	0.07147193149381541	0.05974944320712695	0.459116524701874	0.10910239651416123	0.27111174471299093	0.024612385321100917	0.29387959401709396	0.05974944320712695	0.11383663366336634	0.6229963251267198	0.9260907196969698	0.40200274923632323	0.5363244640605297	0.7170614026939154	0.6655362206056504	0.700500572337043	0.5300331983805668	0.03571048252911814	0.03571048252911814	0.9452534075814857	0.8844070855463894	0.19387060546874998	0.5066689150210784	0.7342602523659306	0.6461336748871136	0.2733064141035259	0.16195472330911123	0.8942896299578994	0.03571048252911814	0.06570000000000001	0.9339841147728455	0.25477086801426874	0.36568967702988225	0.725674652406417	0.7439758564678085	0.901338208889862	0.2133592408495255	0.596906828442438	0.17252411575562698	0.024612385321100917	0.6394422413793104	0.024612385321100917	0.5923854348651728	0.7826847226055755	0.885219620467638	0.34239121686362184	0.31003130165289255	0.09398168789808917	1.0	0.4304635397771443	0.30095012285012285	0.06570000000000001	0.35769999999999996	0.7803146402329127	0.5671916333865815	0.5012601342281879	0.024612385321100917	0.1502590431738623	0.07671849865951744	0.09837433155080215
g__Sutterella	0.90837536121673	0.703047932837003	0.4789866883872469	0.420593356456777	0.7960461332977161	0.29387959401709396	0.8873525372124492	0.13884842883548984	0.28262230769230773	0.8860314214745398	0.7582188850475368	0.5094038275406951	0.7371031460674158	1.0	0.7868431279620852	0.5539782839632278	0.7325052798310454	0.5180643120260021	0.3165390020366599	0.8844070855463894	0.57698291250734	0.7941341802621021	0.8645787407145384	0.8724683144246355	0.6905165217391305	0.88837022067102	0.9817613360323888	0.36021285888821014	0.9584044650884028	0.8835793388429751	0.31003130165289255	0.6324541541186891	0.9973197974303667	0.781340271055179	0.5813404416037188	0.7500414110429448	0.9534707817687896	0.8041927729772193	0.8202540410438308	0.22007400802496657	0.5762359623307828	0.33695200907323397	0.8262087503143073	0.7585627067452898	0.04502517482517483	0.9844387294885327	0.8728012374233839	0.23732019230769233	0.8641285613124041	0.8835793388429751	0.244941976316864	0.8041927729772193	0.6539749100257071	0.5615234132581101	0.703047932837003	0.981673205326129	0.6131718973418882	0.425324405076679	0.954166458815247	0.6229963251267198	0.9100724634542502	0.966299080846017	0.4055371060564538	0.9691325636238577	0.6672480769230769	0.6299876602564102	0.7615597966198796	0.9624755288509287	0.9468014380418154	0.024612385321100917	0.8125451438848922	0.25477086801426874	0.8492223936816525	0.9915062417249858	0.4294633879781421	0.583844053117783	0.7419610938194753	0.7317695967376528	0.7859633447098976	0.3964758823529412	0.05974944320712695	0.8918169380017841	0.4390699236641222	0.7857149999999999	0.8262087503143073	0.9686417421259843	0.7889165094339623	0.35594063940977555	0.9878293427453972	0.22007400802496657	0.6052005013927577	0.9483437951745902	0.8613541479023465	0.838206363300037	0.8693737806301051	0.6092119372693726	0.12632962720732505	0.9026885321100918	0.36737628494138863	0.23732019230769233	0.6596656324582338	0.42890316505362275	0.05974944320712695	0.8613541479023465	0.5307365200764819	0.6064049888724036	0.9624755288509287	0.8164266360505167	0.7325052798310454	0.5392484911986589	0.4456913326653307	0.05292725030826141	0.8556719841555636	0.9156874342740637	0.8563433249370277	0.7542431312690797	0.47318192063864756	0.9584044650884028	0.4362731182795699	0.024612385321100917	0.10371970260223047	0.574165557306026	0.6887240677966101	0.7884265956011334	0.6154140219378427	0.5507712759400041	0.47124079413850156	0.8879618323191345	0.9283175594926093	0.7594507113090961	0.9844387294885327	0.507585796460177	0.6877018629515632	0.7078824654956085	0.8309160849583902	0.4304635397771443	1.0	0.7485096816781575	0.9841645059060788	0.46371051625239	0.5894060137457044	0.8918169380017841	0.47124079413850156	0.7230759656652361	0.5799919618528611	0.5312106288376033	0.9203544893617022
g__Terrisporobacter	0.17252411575562698	0.6802356731875719	0.6372359259259259	0.42338259141494433	0.5083852668725187	0.15798754246885618	0.9863692969870874	0.1502590431738623	0.6829136883371447	0.6744283864541832	0.4952395380434783	0.2988619484645252	0.9602151771496815	0.9165847191011236	0.6853734504636408	0.7660652913653764	0.07671849865951744	0.5525762479541735	0.5027610093791871	0.6015863636363636	0.8973468843057241	0.7656293482890812	0.1222701072386059	0.22802211621856028	0.42755007874015744	0.03571048252911814	0.09837433155080215	0.3333459574468085	0.8523850513595166	0.8989146252888742	0.739545149754135	0.05292725030826141	0.04502517482517483	0.7664999999999998	0.8408825825457222	0.956271432871764	0.893992148164578	0.22007400802496657	0.748875439367311	0.5799919618528611	0.75619579358196	0.695286517571885	0.07147193149381541	0.5180643120260021	0.5312106288376033	0.9177708368915457	0.30095012285012285	0.28880772547610495	0.5948838618346546	0.957005014011209	0.23097287989668533	0.49381592920353984	0.976220013634593	0.29387959401709396	0.950419567863664	0.46258302565332055	0.14230379746835442	0.9050043790849673	0.6070441709844561	0.2733064141035259	0.1824435857805255	0.5243504504504505	0.8145879548949257	0.2424411111111111	0.5894060137457044	0.6240572535591999	0.7553864723792953	0.5312106288376033	0.48570855565777366	0.4651635193133047	0.024612385321100917	0.2101243169398907	0.29601448300283284	0.9172422673796792	0.04502517482517483	0.8532257959479016	0.024612385321100917	0.9841645059060788	0.28126724584103513	0.7223168508287293	0.8819316123907864	0.18769865067466268	0.5336081400253058	0.7419610938194753	0.7902114996637525	0.5094038275406951	0.9938168470588234	0.9194406776049436	0.8768717792818631	0.43767580398162326	0.4512197932053176	0.9109168864864865	0.7834088652971184	0.22218370044052863	0.8527543819410912	0.6015863636363636	0.8408825825457222	0.86537471169687	0.6305511194029851	0.8041927729772193	0.15798754246885618	0.9898018599354715	0.9224576321353066	0.906256359482102	0.1824435857805255	0.3620529053848494	0.8918169380017841	0.8842936524100474	0.4390699236641222	0.8107805110996387	0.3333459574468085	0.3964758823529412	0.3429705099778271	0.7278955953827461	0.90837536121673	0.893992148164578	0.7342602523659306	0.2569869838773103	0.7553864723792953	0.7775978699707643	0.8181208306790675	0.9888112400152148	0.8538575742991217	0.8426620225269343	0.545990436762575	0.8361955995055624	0.920614645552131	0.7514202127659574	0.14595683027794204	0.6937420470927439	0.8798564940239044	0.6461336748871136	0.35594063940977555	0.43463855236139626	0.42755007874015744	0.30095012285012285	0.7485096816781575	1.0	0.1908675889328063	0.024612385321100917	0.8568083043738766	0.07147193149381541	0.8500098724954462	0.5243504504504505	0.3693804373876573	0.9509567696202531	0.1222701072386059
g__Thomasclavelia	0.09398168789808917	0.6005901630129287	0.024612385321100917	0.024612385321100917	0.13447368421052633	0.07147193149381541	0.6461336748871136	0.8918169380017841	0.024612385321100917	0.024612385321100917	0.024612385321100917	0.024612385321100917	0.19387060546874998	0.8145879548949257	0.4055371060564538	0.11832942798070298	0.3886312500000001	0.40200274923632323	0.5923854348651728	0.024612385321100917	0.7054654568407764	0.024612385321100917	0.024612385321100917	0.024612385321100917	0.44748056660039764	0.37420434782608697	0.5363244640605297	0.4889577813431126	0.7656293482890812	0.5105290322580646	0.43377695282289247	0.024612385321100917	0.6224057873730042	0.07147193149381541	0.024612385321100917	0.03571048252911814	0.024612385321100917	0.07147193149381541	0.024612385321100917	0.024612385321100917	0.64194375	0.6817465333551878	0.024612385321100917	0.7412495177326013	0.024612385321100917	0.35769999999999996	0.024612385321100917	0.3241767696909272	0.5136606431852986	0.13086585365853656	0.024612385321100917	0.6084669439822518	0.8623646397728618	0.024612385321100917	0.8771971464588586	0.07671849865951744	0.024612385321100917	0.5056342157953281	0.024612385321100917	0.07147193149381541	0.024612385321100917	0.024612385321100917	0.5848961959654179	0.03571048252911814	0.9381181714993293	0.10371970260223047	0.024612385321100917	0.2988619484645252	0.7558464601129289	0.8122099819912529	0.024612385321100917	0.2988619484645252	0.6429219755244756	0.3844912955465587	0.06570000000000001	0.024612385321100917	0.024612385321100917	0.2733064141035259	0.36387845454545453	0.07671849865951744	0.830614898644447	0.024612385321100917	0.0882483552631579	0.024612385321100917	0.5283094709897611	0.03571048252911814	0.9534707817687896	0.024612385321100917	0.7862417649450996	0.8445354665363947	0.03571048252911814	0.23312330345710627	0.13086585365853656	0.024612385321100917	0.0882483552631579	0.024612385321100917	0.06570000000000001	0.8918169380017841	0.8426620225269343	0.23732019230769233	0.28126724584103513	0.3711497761862131	0.12632962720732505	0.024612385321100917	0.024612385321100917	0.024612385321100917	0.574165557306026	0.024612385321100917	0.03571048252911814	0.05974944320712695	0.8095778352515195	0.2101243169398907	0.9468014380418154	0.31003130165289255	0.6737654805453941	0.6407381177707677	0.024612385321100917	0.03571048252911814	0.2988619484645252	0.41489715909090913	0.9392939765238879	0.8712630094043888	0.024612385321100917	0.8403906376704754	0.45750702439024393	0.28262230769230773	0.2397019892250311	0.764100938967136	0.024612385321100917	0.3620529053848494	0.6551403184386235	0.49683685039370085	0.06570000000000001	0.19387060546874998	0.024612385321100917	0.06570000000000001	0.9841645059060788	0.1908675889328063	1.0	0.8478782576955833	0.6551403184386235	0.5307365200764819	0.8199242027696608	0.024612385321100917	0.1222701072386059	0.7719981012658227	0.2614174670797831
g__Turicibacter	0.7240549157733538	0.22218370044052863	0.7851411788953009	0.7467854938271605	0.9334025411372632	0.6679315594476254	0.7782250730079265	0.18769865067466268	0.901338208889862	0.9222361690857083	0.7992173345759552	0.5728722684085511	0.3343414230019493	0.8500742451800655	0.09837433155080215	0.43767580398162326	0.17252411575562698	0.7553864723792953	0.46660960989533773	0.06570000000000001	0.7209039236805662	0.7073087653157398	0.976220013634593	0.644870240585774	0.8013048906560636	0.8802763903104743	0.6963333226939037	0.9572167883211679	0.7859961235038084	0.8589150232502683	0.9379787418655097	0.7461953642384105	0.024612385321100917	0.37279462109955425	0.4922745624005456	0.6092119372693726	0.8384956768074885	0.05974944320712695	0.1908675889328063	0.6744283864541832	0.9744096565893748	0.05974944320712695	0.8903959932659933	0.7840236193361796	0.7193726052753354	0.9228115969581749	0.9898018599354715	0.1824435857805255	0.9350488215138614	0.7514202127659574	0.17591803278688525	0.34527593937480267	0.8613541479023465	0.2249292576419214	0.9156874342740637	0.3035447202797203	0.6199743044189853	0.8898907446928	0.7430495861661248	0.37420434782608697	0.36568967702988225	0.9858251748251748	0.7573276384083045	0.7424511617581767	0.893992148164578	0.04502517482517483	0.8831643399433426	0.17884999999999998	0.07147193149381541	0.3080332063711912	0.2424411111111111	0.25013079710144925	0.6737654805453941	0.7285295919915061	0.2397019892250311	0.9222361690857083	0.024612385321100917	0.643897468575419	0.2133592408495255	0.3813728571428571	0.941812388381402	0.06570000000000001	0.4956492557510149	0.8936940719360569	0.8131924528301887	0.22802211621856028	0.4722145583038869	0.957005014011209	0.6188105790240349	0.06570000000000001	0.5336081400253058	0.6778406141654284	0.8693737806301051	0.244941976316864	0.9989336954485859	0.8207816249050874	0.8025266113088177	0.6240351952277656	0.9782983999224205	0.8044391946659694	0.6229963251267198	0.1988166270783848	0.9808326828325766	0.6561911080711353	0.33695200907323397	0.31003130165289255	0.7292723223753976	0.935864989127058	0.9305797809076684	0.806085822454308	0.3620529053848494	0.9534218110315619	0.6679315594476254	0.7635519230769231	0.9156874342740637	0.9120538976462966	0.9534707817687896	0.7620053632723113	0.5513961262553801	0.8095778352515195	0.861604794034091	0.7430495861661248	0.9773544757281554	0.6360163665254238	0.20501910531220877	0.6020171082089553	0.5312106288376033	0.9091460744923444	0.3693804373876573	0.6887240677966101	0.7264263085609645	0.8289881823860087	0.22007400802496657	0.7620053632723113	0.15798754246885618	0.35769999999999996	0.46371051625239	0.024612385321100917	0.8478782576955833	1.0	0.7755995111731844	0.2911987486592778	0.8716992576267255	0.09398168789808917	0.21693396226415096	0.5223237335632679	0.25013079710144925
g__Tyzzerella	0.4127755218216319	0.653143254376931	0.7108133854573886	0.9257408593091828	0.967663717076058	0.40951088379705397	0.8535934586194434	0.9759352923976609	0.9782983999224205	0.024612385321100917	0.6853734504636408	0.914463816072196	0.4952395380434783	0.13884842883548984	0.6887240677966101	0.6744283864541832	0.8630215510107578	0.7623407825217764	0.941000728952772	0.39151596377016695	0.695286517571885	0.9305797809076684	0.5482766597938145	0.8652319194061506	0.7941341802621021	0.08247566182749785	0.8202540410438308	0.9978582677165355	0.8607009991673605	0.88837022067102	0.7573276384083045	0.2851950054684652	0.957005014011209	0.9823135478897668	0.9274842911073826	0.9873708122554166	0.8942896299578994	0.9264399915895711	0.7728427068723702	0.8207816249050874	0.5708840818759936	0.27111174471299093	0.5603774121921679	0.9919582230623818	0.966881863084066	0.4845779059040591	0.8933148626098565	0.8936139475438986	0.8594771622587563	0.5043689632107023	0.4362731182795699	0.8860314214745398	0.20760110548134503	0.3693804373876573	0.9567928578583592	0.9305797809076684	0.7726380303456026	0.28262230769230773	0.8268257668711656	0.9567928578583592	0.8361955995055624	0.9891590089234858	0.9674640699052134	0.7765363560384455	0.764100938967136	0.8426620225269343	0.4488089197224975	0.4304635397771443	0.3080332063711912	0.7682300042319085	0.7857149999999999	0.37279462109955425	0.8835793388429751	0.37279462109955425	0.4294633879781421	0.9098957398373984	0.8454013893967093	0.7594507113090961	0.6305511194029851	0.14230379746835442	0.42607551342812006	0.8568083043738766	0.8771971464588586	0.9401485811227637	0.603118982861401	0.6913539080090061	0.8944875166002656	0.9175068062827225	0.09398168789808917	0.8188729537366549	0.9164170540974825	0.34874910853925556	0.9597029309141661	0.9891590089234858	0.8202540410438308	0.8160832139201638	0.9464792385424109	0.25856321525885556	0.9619830169929444	0.3080332063711912	0.9464792385424109	0.9837094074644093	0.8093414141414141	0.8454013893967093	0.8553078947368421	0.7859633447098976	0.9841645059060788	0.11832942798070298	0.8006889154704945	0.8921182243511195	0.5492435301378318	0.9468014380418154	0.34239121686362184	0.3035447202797203	0.8202540410438308	0.9021076721311475	0.8408825825457222	0.8038720431522168	0.6299876602564102	0.5158730241672109	0.6979762177650429	0.9973197974303667	0.9691325636238577	0.3999111884219315	0.6723252383341696	0.6510238472126635	0.7862417649450996	0.4362731182795699	0.7342602523659306	0.3831609238814642	0.9264399915895711	0.9222361690857083	0.5158730241672109	0.8563433249370277	0.8041927729772193	0.7803146402329127	0.5894060137457044	0.8568083043738766	0.6551403184386235	0.7755995111731844	1.0	0.6101786148461964	0.8944875166002656	0.6679315594476254	0.5167468085106384	0.13447368421052633	0.8114558959835222
g__UBA3402	0.04502517482517483	0.5455760747663552	0.8936139475438986	0.64194375	0.8961658972943126	0.16195472330911123	0.9250004424778762	0.4512197932053176	0.6811040223280249	0.25856321525885556	0.7386585201793723	0.22802211621856028	0.8289881823860087	0.9683480200945627	0.7582188850475368	0.9885564446984852	0.17591803278688525	0.26898931152529476	0.9943588899341487	0.8613541479023465	0.3165390020366599	0.5859447065592636	0.12632962720732505	0.3429705099778271	0.09837433155080215	0.5762359623307828	0.13884842883548984	0.951369064966606	0.9222361690857083	0.8478782576955833	0.8860314214745398	0.07147193149381541	0.45600190709046456	0.6539749100257071	0.21693396226415096	0.9315554490518858	0.0882483552631579	0.9250004424778762	0.31003130165289255	0.5737471262097571	0.49083936218678814	0.7857149999999999	0.28880772547610495	0.2733064141035259	0.7682300042319085	0.17061348684210526	0.36021285888821014	0.5718801467671559	0.8961658972943126	0.9224576321353066	0.3473481912551117	0.6466496880415944	0.8095778352515195	0.2474043354943274	0.32066752941176474	0.18769865067466268	0.11383663366336634	0.8389906976744186	0.2101243169398907	0.05292725030826141	0.37420434782608697	0.16195472330911123	0.5865404055863784	0.25856321525885556	0.920614645552131	0.6869650551589876	0.9871002961123315	0.8315259865971704	0.2133592408495255	0.7620053632723113	0.024612385321100917	0.13884842883548984	0.20501910531220877	0.5662927156293777	0.2397019892250311	0.6672480769230769	0.4294633879781421	0.07147193149381541	0.29387959401709396	0.25013079710144925	0.6121023866348448	0.244941976316864	0.13086585365853656	0.643897468575419	0.3759327931644078	0.5684263755980861	0.7673657348581109	0.5439122245322245	0.9480234437086092	0.8892847364280094	0.7264263085609645	0.4873919173363949	0.7542431312690797	0.10371970260223047	0.9509567696202531	0.7240549157733538	0.5671916333865815	0.957005014011209	0.9183281630040537	0.1908675889328063	0.4165608038845428	0.22218370044052863	0.9224576321353066	0.5405909623430962	0.07671849865951744	0.8006889154704945	0.6121023866348448	0.8013048906560636	0.7884265956011334	0.3429705099778271	0.7126093930410361	0.8291892964071855	0.6240572535591999	0.7310321336760925	0.7936543580131209	0.35067971962616823	0.2851950054684652	0.1963302840635532	0.7884265956011334	0.7807199916932022	0.8898907446928	0.9718264504116033	0.15391566265060241	0.574165557306026	0.5149942794759825	0.21693396226415096	0.3147124957323319	0.6493421815671384	0.1824435857805255	0.8532257959479016	0.4651635193133047	0.9744096565893748	0.21693396226415096	0.5105290322580646	0.06570000000000001	0.5671916333865815	0.8918169380017841	0.07147193149381541	0.5307365200764819	0.2911987486592778	0.6101786148461964	1.0	0.7595737951807229	0.7458234817216981	0.024612385321100917	0.8172742733299337	0.5432624687239366
g__URXU01	0.9913351632749645	0.3901349914724276	0.7325052798310454	0.45993716363636367	0.3035447202797203	0.5258626686656672	0.8779238689726263	0.9995395118301692	0.9861918437679494	0.4956492557510149	0.8589150232502683	0.6663370945945946	0.46144848484848483	0.9601983760087676	0.5180643120260021	0.9350488215138614	0.37809194828092857	0.7526549890750182	0.583844053117783	0.7726380303456026	0.7673657348581109	0.5813404416037188	0.901624652739801	0.8728012374233839	0.735319948964275	0.5865404055863784	0.4722145583038869	0.8700506870051234	0.9520256433545261	0.6583974748336461	0.8255861834654588	0.9352890248962654	0.9969679054054054	0.9878293427453972	0.8693707136997539	0.4722145583038869	0.9735481093260188	0.8936139475438986	0.845123538743136	0.8072015893694633	0.64194375	0.5940918668432004	0.709690234741784	0.9572167883211679	0.6630270462633451	0.6679315594476254	0.823192586054722	0.7342602523659306	0.7485096816781575	0.8535934586194434	0.6324541541186891	0.6305511194029851	0.8006889154704945	0.7750750244721017	0.9534707817687896	0.9863692969870874	0.9619830169929444	0.6212479019073569	0.3147124957323319	0.33135182505754684	0.8571697749581039	0.8347809358752166	0.25856321525885556	0.9947133590298016	0.993292676029786	0.6913539080090061	0.15798754246885618	0.9765993284671534	0.7201392081343398	0.9203544893617022	0.46258302565332055	0.7393783965362796	0.643897468575419	0.9164170540974825	0.7859961235038084	0.9175068062827225	0.37809194828092857	0.6869650551589876	0.9339841147728455	0.9640451219512196	0.7240549157733538	0.9572167883211679	0.9448327300613496	0.8641285613124041	0.7918201289109708	0.9991900617630545	0.9431804875550547	0.6887240677966101	0.25262026378896885	0.7216667588750577	0.9906164344611885	0.7595737951807229	0.8693707136997539	0.9468014380418154	0.9392666666666667	0.9597029309141661	0.639866719325961	0.9848069620253165	0.024612385321100917	0.8265187594173782	0.9744108776387803	0.7765363560384455	0.7859633447098976	0.9817613360323888	0.8611579679144385	0.8798564940239044	0.3813728571428571	0.9938168470588234	0.4789866883872469	0.6744283864541832	0.9095212325051535	0.8986237276933245	0.6240351952277656	0.8645787407145384	0.5027610093791871	0.6728820701168614	0.927234092578986	0.5405909623430962	0.8291892964071855	0.8728012374233839	0.6005901630129287	0.9222361690857083	0.4043693641618497	0.8403906376704754	0.9203544893617022	0.9891590089234858	0.9943588899341487	0.8936139475438986	0.90837536121673	0.2474043354943274	0.9156874342740637	0.07147193149381541	0.8125451438848922	0.8589150232502683	0.8802763903104743	0.5012601342281879	0.47124079413850156	0.8500098724954462	0.8199242027696608	0.8716992576267255	0.8944875166002656	0.7595737951807229	1.0	0.9309223600542063	0.7582188850475368	0.8296999501495512	0.9991900617630545
g__Veillonella	0.2569869838773103	0.8020636579572447	0.03571048252911814	0.8681414315937941	0.28880772547610495	0.024612385321100917	0.4547123099558607	0.11383663366336634	0.5813404416037188	0.49683685039370085	0.024612385321100917	0.7936543580131209	0.5307365200764819	0.8282684585573196	0.1908675889328063	0.41109241435562804	0.639866719325961	0.981673205326129	0.6101786148461964	0.17252411575562698	0.6288607060082011	0.9232623957783641	0.03571048252911814	0.05292725030826141	0.8500742451800655	0.9572167883211679	0.10910239651416123	0.2788464312267658	0.9865464449541285	0.37420434782608697	0.9995395118301692	0.8936139475438986	0.05292725030826141	0.993292676029786	0.4390699236641222	0.2133592408495255	0.12632962720732505	0.07147193149381541	0.07671849865951744	0.9595897714798922	0.9290092307692308	0.42755007874015744	0.07147193149381541	0.40951088379705397	0.024612385321100917	0.8013048906560636	0.11383663366336634	0.25856321525885556	0.8099181712514529	0.09398168789808917	0.3035447202797203	0.05292725030826141	0.024612385321100917	0.024612385321100917	0.5923854348651728	0.09837433155080215	0.07671849865951744	0.10371970260223047	0.024612385321100917	0.3124354938271605	0.10371970260223047	0.024612385321100917	0.6383404438964241	0.024612385321100917	0.08247566182749785	0.024612385321100917	0.14230379746835442	0.6615199931995919	0.17591803278688525	0.024612385321100917	0.07147193149381541	0.7336401173285199	0.04502517482517483	0.6551403184386235	0.09837433155080215	0.04502517482517483	0.04502517482517483	0.07671849865951744	0.379461216730038	0.04502517482517483	0.23312330345710627	0.024612385321100917	0.024612385321100917	0.05974944320712695	0.2988619484645252	0.6605940755873341	0.8879618323191345	0.05974944320712695	0.9365882620846703	0.08247566182749785	0.03571048252911814	0.06570000000000001	0.04502517482517483	0.10371970260223047	0.024612385321100917	0.15798754246885618	0.7909101719967752	0.20760110548134503	0.9520256433545261	0.6639454391606024	0.7424511617581767	0.8025266113088177	0.6623309455101002	0.6288607060082011	0.04502517482517483	0.024612385321100917	0.8202540410438308	0.7336401173285199	0.5737471262097571	0.2733064141035259	0.8041927729772193	0.23312330345710627	0.7534498690337602	0.7278955953827461	0.23312330345710627	0.12632962720732505	0.09837433155080215	0.19387060546874998	0.7884265956011334	0.950419567863664	0.9934613863251083	0.4196335834896811	0.6869650551589876	0.3057998956158664	0.5718801467671559	0.22007400802496657	0.024612385321100917	0.9346139027431422	0.024612385321100917	0.9289555951383068	0.3759327931644078	0.10910239651416123	0.024612385321100917	0.9134338031199569	0.5351939342881213	0.024612385321100917	0.7230759656652361	0.5243504504504505	0.024612385321100917	0.09398168789808917	0.6679315594476254	0.7458234817216981	0.9309223600542063	1.0	0.03571048252911814	0.6539749100257071	0.3522668629882207
g__Vescimonas	0.06570000000000001	0.47492095639943743	0.05974944320712695	0.7862417649450996	0.47124079413850156	0.024612385321100917	0.7467854938271605	0.7857149999999999	0.3429705099778271	0.05292725030826141	0.27111174471299093	0.17252411575562698	0.9919582230623818	0.8873525372124492	0.34527593937480267	0.6663370945945946	0.37420434782608697	0.13086585365853656	0.9773544757281554	0.024612385321100917	0.9686417421259843	0.6394422413793104	0.024612385321100917	0.024612385321100917	0.5471923140495868	0.901624652739801	0.5307365200764819	0.9210699022939677	0.8603455941890926	0.459116524701874	0.8630215510107578	0.9863692969870874	0.3759327931644078	0.40330279314159295	0.23732019230769233	0.45750702439024393	0.10910239651416123	0.929795736677116	0.14595683027794204	0.47124079413850156	0.7458234817216981	0.07147193149381541	0.1502590431738623	0.5158730241672109	0.6802356731875719	0.15798754246885618	0.024612385321100917	0.7386585201793723	0.8282684585573196	0.08247566182749785	0.44748056660039764	0.20180535966149507	0.9865464449541285	0.024612385321100917	0.8164266360505167	0.024612385321100917	0.2397019892250311	0.6905165217391305	0.024612385321100917	0.07147193149381541	0.11832942798070298	0.024612385321100917	0.8291892964071855	0.7285295919915061	0.6923003373493977	0.23529315589353614	0.5105290322580646	0.7713567304984511	0.07671849865951744	0.9203544893617022	0.024612385321100917	0.6174187534171678	0.024612385321100917	0.6913539080090061	0.024612385321100917	0.1222701072386059	0.09398168789808917	0.1222701072386059	0.23732019230769233	0.17884999999999998	0.9203544893617022	0.03571048252911814	0.20501910531220877	0.14230379746835442	0.6015863636363636	0.5903276867378049	0.4078073597811217	0.03571048252911814	0.35067971962616823	0.25856321525885556	0.11383663366336634	0.244941976316864	0.26898931152529476	0.024612385321100917	0.16195472330911123	0.11383663366336634	0.15798754246885618	0.20760110548134503	0.7859961235038084	0.13086585365853656	0.8389906976744186	0.07147193149381541	0.6714288393903868	0.507585796460177	0.024612385321100917	0.03571048252911814	0.8749321383285303	0.9164170540974825	0.9965219718309859	0.6732124937531234	0.8761941176470589	0.26414133281972263	0.9274842911073826	0.41109241435562804	0.7073087653157398	0.39151596377016695	0.03571048252911814	0.0882483552631579	0.678603956478734	0.14230379746835442	0.4294633879781421	0.4776008397480756	0.07671849865951744	0.09398168789808917	0.46660960989533773	0.5525762479541735	0.15391566265060241	0.9989336954485859	0.024612385321100917	0.6229963251267198	0.2569869838773103	0.929795736677116	0.07671849865951744	0.5737471262097571	0.08247566182749785	0.1502590431738623	0.5799919618528611	0.3693804373876573	0.1222701072386059	0.21693396226415096	0.5167468085106384	0.024612385321100917	0.7582188850475368	0.03571048252911814	1.0	0.8403906376704754	0.7840236193361796
g__Weissella	0.5627784550392275	0.46371051625239	0.43377695282289247	0.9100724634542502	0.739545149754135	0.9744108776387803	0.906256359482102	0.9459632417526299	0.6161367816091954	0.5513961262553801	0.3620529053848494	0.5813404416037188	0.9156874342740637	0.9228115969581749	0.7573276384083045	0.44670097329673075	0.45993716363636367	0.8719326034063261	0.9165847191011236	0.7467854938271605	0.9934613863251083	0.8994027050802726	0.9718264504116033	0.7859961235038084	0.46371051625239	0.7249211564938044	0.8131924528301887	0.7834088652971184	0.3980323471950879	0.06570000000000001	0.12632962720732505	0.7570903379549394	0.8006889154704945	0.8262087503143073	0.7292723223753976	0.920093834522415	0.5418157861766548	0.9210699022939677	0.7948251703406813	0.8114558959835222	0.6005901630129287	0.9645352853745541	0.9095212325051535	0.1908675889328063	0.4319012658227848	0.8020636579572447	0.45993716363636367	0.5640294637477404	0.34874910853925556	0.7872302231237323	0.35067971962616823	0.6477236801107842	0.47318192063864756	0.8784703200000001	0.8013048906560636	0.5584122643421853	0.7430495861661248	0.8519118543607113	0.42755007874015744	0.4055371060564538	0.3886312500000001	0.7859633447098976	0.8487435295548528	0.3080332063711912	0.9817613360323888	0.8426620225269343	0.6020171082089553	0.7078824654956085	0.9422368307692308	0.7840236193361796	0.7439758564678085	0.966299080846017	0.9808326828325766	0.46258302565332055	0.8492223936816525	0.8107805110996387	0.9759352923976609	0.8172742733299337	0.8691316789862725	0.9124009049773756	0.8710283970707893	0.9791452881355933	0.9129668604651163	0.8762438640798991	0.024612385321100917	0.8188729537366549	0.9098957398373984	0.9782983999224205	0.024612385321100917	0.5083852668725187	0.2733064141035259	0.024612385321100917	0.5043689632107023	0.8831643399433426	0.839794441711756	0.9844387294885327	0.7623407825217764	0.7635519230769231	0.8469848326232502	0.8771971464588586	0.6070441709844561	0.8825483955096949	0.9177708368915457	0.7909101719967752	0.8213081415929204	0.583844053117783	0.09837433155080215	0.9124009049773756	0.8426620225269343	0.8684840084536809	0.9129668604651163	0.17252411575562698	0.9791452881355933	0.28126724584103513	0.4165608038845428	0.7694181472081218	0.7673657348581109	0.7660652913653764	0.8693737806301051	0.3165390020366599	0.9100724634542502	0.7782250730079265	0.9452534075814857	0.6732124937531234	0.951369064966606	0.7336401173285199	0.6698537880060473	0.5513961262553801	0.7868431279620852	0.7719981012658227	0.7755995111731844	0.4500182267226476	0.7941341802621021	0.4390699236641222	0.8265187594173782	0.07671849865951744	0.5312106288376033	0.9509567696202531	0.7719981012658227	0.5223237335632679	0.13447368421052633	0.8172742733299337	0.8296999501495512	0.6539749100257071	0.8403906376704754	1.0	0.9747935707317074
g__Wujia	0.05974944320712695	0.626696557288865	0.2911987486592778	0.8389906976744186	0.8641285613124041	0.2397019892250311	0.7999005586592179	0.801876923076923	0.11383663366336634	0.7054654568407764	0.8710283970707893	0.5696571855095541	0.5737471262097571	0.8527543819410912	0.6754249046592605	0.8519118543607113	0.9837094074644093	0.17591803278688525	0.9958884087920346	0.5603774121921679	0.5671916333865815	0.29601448300283284	0.843740119760479	0.11383663366336634	0.16195472330911123	0.024612385321100917	0.024612385321100917	0.9888112400152148	0.8538575742991217	0.9885564446984852	0.5482766597938145	0.05292725030826141	0.8693737806301051	0.5718801467671559	0.2665296211251435	0.59307175066313	0.5915833872502378	0.3844912955465587	0.6020171082089553	0.5671916333865815	0.5550366360856268	0.9221739711497667	0.2249292576419214	0.9257408593091828	0.9534707817687896	0.8099181712514529	0.5056342157953281	0.7461953642384105	0.024612385321100917	0.75619579358196	0.8761941176470589	0.07147193149381541	0.9913351632749645	0.379461216730038	0.5392484911986589	0.6869650551589876	0.05974944320712695	0.974697568359375	0.7412495177326013	0.47492095639943743	0.5325805960684845	0.718055777262181	0.9352890248962654	0.13447368421052633	0.7755995111731844	0.718055777262181	0.9509567696202531	0.5799919618528611	0.49997798206278027	0.8025266113088177	0.14230379746835442	0.04502517482517483	1.0	0.13447368421052633	0.024612385321100917	0.489957449725777	0.6923003373493977	0.28262230769230773	0.5351939342881213	0.8681414315937941	0.459116524701874	0.574165557306026	0.6778406141654284	0.3759327931644078	0.8916074882471456	0.3241767696909272	0.8523850513595166	0.25013079710144925	0.7467854938271605	0.6249774559193955	0.45600190709046456	0.9863692969870874	0.6838845814977974	0.709690234741784	0.4534151008362027	0.46258302565332055	0.3886312500000001	0.8556719841555636	0.8268257668711656	0.44138625568468925	0.5158730241672109	0.8731334681146027	0.8819316123907864	0.3429705099778271	0.7595737951807229	0.34874910853925556	0.644870240585774	0.7269545329879629	0.8020636579572447	0.2569869838773103	0.9619830169929444	0.43463855236139626	0.8347809358752166	0.8188729537366549	0.7862417649450996	0.8010504911069817	0.4808126423425517	0.9978582677165355	0.36387845454545453	0.7041900284900285	0.2665296211251435	0.3333459574468085	0.4196335834896811	0.9163472972972974	0.9217201146375119	0.0882483552631579	0.4196335834896811	0.04502517482517483	0.425324405076679	0.33135182505754684	0.4722145583038869	0.36021285888821014	0.3964758823529412	0.5507712759400041	0.14595683027794204	0.09837433155080215	0.9203544893617022	0.1222701072386059	0.2614174670797831	0.25013079710144925	0.8114558959835222	0.5432624687239366	0.9991900617630545	0.3522668629882207	0.7840236193361796	0.9747935707317074	1.0
