#OTU ID	g__Acetatifactor	g__Acutalibacter	g__Adlercreutzia	g__Agathobacter	g__Agathobaculum	g__Alistipes	g__Alistipes_A	g__Alitiscatomonas	g__Allocoprobacillus	g__Amedibacterium	g__Anaerobutyricum	g__Anaerofustis	g__Anaeromassilibacillus	g__Anaerostipes	g__Anaerotignum	g__Anaerotruncus	g__Anthropogastromicrobium	g__Aristaeella	g__Bacteroides	g__Bariatricus	g__Bifidobacterium	g__Bittarella	g__Blautia	g__Blautia_A	g__Brotaphodocola	g__Butyribacter	g__CAG-170	g__CAG-177	g__CAG-217	g__CAG-488	g__Catenibacterium	g__Choladousia	g__Clostridium	g__Clostridium_A	g__Clostridium_AP	g__Collinsella	g__Coprococcus_A	g__Dialister	g__Dorea	g__Dorea_A	g__Dorea_D	g__Dysosmobacter	g__Eggerthella	g__Enterobacter	g__Enterocloster	g__Enterococcus	g__Enterococcus_A	g__Enterococcus_B	g__Eubacterium_F	g__Eubacterium_G	g__Eubacterium_I	g__Evtepia	g__Faecalibacterium	g__Faecalimonas	g__Faecousia	g__Finegoldia	g__Flavonifractor	g__Fusicatenibacter	g__Fusobacterium_A	g__Gallintestinimicrobium	g__Gemella	g__Gemmiger	g__Gordonibacter	g__Granulicatella	g__Guopingia	g__Haemophilus_D	g__Holdemanella	g__Holdemania	g__Hominenteromicrobium	g__Hominibacterium	g__Hominicoprocola	g__Hominifimenecus	g__Hominilimicola	g__Hominimerdicola	g__Hominiventricola	g__Hungatella	g__Intestinibacter	g__JAGTTR01	g__Klebsiella	g__Lachnoclostridium_B	g__Lachnospira	g__Lacticaseibacillus	g__Lactiplantibacillus	g__Lactobacillus	g__Lactococcus	g__Lactonifactor	g__Laedolimicola	g__Lancefieldella	g__Latilactobacillus	g__Lawsonibacter	g__Lentihominibacter	g__Leuconostoc	g__Ligilactobacillus	g__Limivivens	g__Limosilactobacillus	g__Longicatena	g__Massilioclostridium	g__Mediterraneibacter	g__Megamonas	g__Merdibacter	g__Merdimmobilis	g__Merdimonas	g__Merdivicinus	g__Muricomes	g__Murimonas	g__Nanosynbacter	g__Negativibacillus	g__Odoribacter	g__Oliverpabstia	g__Onthenecus	g__Otoolea	g__Parabacteroides	g__Paraprevotella	g__Pararoseburia	g__Parasutterella	g__Pauljensenia	g__Pediococcus	g__Peptostreptococcus	g__Phascolarctobacterium	g__Phocaeicola	g__Prevotella	g__Pseudobutyricicoccus	g__Pseudoflavonifractor_A	g__Pseudoscilispira	g__Roseburia	g__Roseburia_D	g__Rothia	g__Ruminiclostridium_E	g__Ruminococcus_B	g__Ruminococcus_C	g__Ruminococcus_E	g__Ruthenibacterium	g__Sarcina	g__Schaedlerella	g__Sellimonas	g__Streptococcus	g__Sutterella	g__Terrisporobacter	g__Thomasclavelia	g__Turicibacter	g__Tyzzerella	g__UBA3402	g__URXU01	g__Veillonella	g__Vescimonas	g__Weissella	g__Wujia
g__Acetatifactor	5.6020	0.2632	1.3062	1.1889	0.4195	1.6749	-0.2481	-0.0337	-0.3663	-0.8378	0.0488	-0.4651	0.2179	-0.0550	0.3422	0.1239	0.1960	1.0610	0.3266	0.4105	-0.3995	-0.6286	-1.7583	-0.5233	0.7649	0.8068	1.4014	0.8947	0.3699	0.7330	0.2213	0.6315	0.0986	-0.1507	-0.3689	0.2216	1.3285	-1.1818	0.9047	0.5911	-0.2682	0.8051	-1.1440	-1.0902	-0.1452	-0.9273	-1.0344	-0.3124	0.4611	0.7279	0.7832	1.0090	0.0006	-2.4427	0.4579	-0.5564	-1.1090	0.8024	-1.0231	0.6101	-0.7321	1.0734	0.3184	-1.2214	0.8359	-1.0504	-0.3303	-0.0618	0.2785	0.3211	2.0732	0.4112	0.7489	1.7454	1.3522	-0.2090	-0.7230	0.5560	-1.0357	0.5592	0.9859	-0.9938	-0.6597	-0.2930	-1.2495	-0.2970	0.3727	-0.6642	-0.6437	-0.0301	0.7031	-0.6253	-0.6095	1.1707	-1.0247	-1.0109	-0.6917	-0.2009	-0.2249	-0.4054	-0.5712	-0.1432	0.1524	-0.0488	1.0737	-0.7536	0.0251	0.2896	0.4072	0.6516	0.3782	0.0504	1.1742	0.4288	0.2553	-0.6710	-0.9533	-0.6941	0.2311	0.0996	-0.1160	0.3379	-0.7417	-0.3777	0.8221	1.3567	-1.2779	0.2893	-2.3481	-0.0661	1.8399	0.3933	-0.6141	-1.0686	-1.3729	-1.0344	0.1482	-0.9698	-1.5016	-0.3668	-0.6887	0.9753	0.0117	-1.0317	1.2522	-0.5429	1.1470
g__Acutalibacter	0.2632	5.5919	-0.3556	-0.2423	-0.4607	-0.4646	-0.4086	-1.2808	1.1817	0.2731	-0.5237	0.4117	1.9689	0.1670	0.4442	0.1045	-0.1130	-0.2164	-0.0204	-0.8509	0.2395	0.2235	0.3169	0.1747	-0.7405	-0.4270	0.4712	1.1948	-0.4488	0.2236	0.4507	-0.3466	-0.1241	0.2772	0.2539	-0.5478	-0.2627	0.6012	-0.3145	-1.2164	0.0110	0.0799	1.1577	-0.1608	-1.0300	0.2555	0.1672	0.2800	-0.0734	0.2408	-0.4039	-0.7481	-0.4111	0.4895	0.3793	0.4819	0.7131	-1.2544	0.3640	-1.1325	0.0203	-1.0592	0.3568	-0.1083	0.8522	-0.6183	0.3484	-0.1598	-1.0713	0.7965	-0.3064	-0.3203	-1.1570	0.4631	-0.4573	0.3069	0.8858	-0.0026	-0.3301	0.4220	-0.5636	0.4568	-0.1525	0.2509	-0.3607	0.6050	-0.2027	0.3148	-0.1939	-0.6216	0.1266	-0.1979	0.1838	-0.5416	0.7188	0.4502	0.4207	-0.8089	-0.3501	1.1527	0.0768	1.0067	0.9603	0.7972	-0.5512	0.1429	1.7587	-0.9072	-0.7811	-0.1365	-0.8445	0.0840	-0.2169	-0.2681	-0.1382	0.2459	1.3800	0.4076	-1.1451	-0.9191	-0.6152	0.1419	0.0964	-0.0612	-0.3673	0.2313	0.1587	0.2248	0.7642	-0.4136	0.1030	0.1178	0.1741	-0.2778	1.1131	0.6271	-0.4063	0.3928	0.5153	0.8485	-0.4336	-0.3891	-0.5570	-0.3082	-0.5549	-0.5995	-0.3934
g__Adlercreutzia	1.3062	-0.3556	6.0473	0.9388	0.8610	2.1415	0.0405	-0.7791	-0.0982	-0.9870	0.9979	-0.7584	0.2080	-0.1596	-0.4958	0.1628	-0.2282	1.2844	-0.2770	1.1457	0.4097	-0.2578	-2.4047	-0.5844	0.0285	0.6127	1.0064	0.9915	0.4410	0.7480	-0.3985	0.5041	-0.9895	0.1317	-0.9470	1.0912	1.6809	-2.1243	0.9718	0.7568	-0.0294	0.1733	-1.8792	-0.1455	-0.9146	-0.6947	-0.9789	-1.6528	0.8953	0.8377	1.2174	1.9932	-0.6101	-2.8545	0.1392	-0.4937	-1.5702	0.2920	-0.9228	0.8296	-0.6550	2.1671	0.3737	-0.4453	0.4427	-1.3941	0.3425	-0.2081	1.4372	1.1627	2.1358	0.3781	0.7557	0.3518	0.4854	-0.7688	-1.2110	0.6875	-0.1171	2.3560	-0.5100	-0.8132	-0.8440	-0.8883	-0.5844	-0.4824	0.8691	-0.5212	-0.5207	0.2261	1.6901	-0.5876	-0.7984	1.5752	-0.8660	-1.0755	-0.2517	0.4385	-0.5007	-0.1875	-0.1368	-0.1704	0.0929	-0.1689	1.5513	-1.5283	-0.5834	0.4855	1.2901	1.0560	-0.1698	0.4806	0.9572	0.5016	-0.4718	-0.1839	-1.1140	-0.8281	1.3391	0.4810	-0.4287	0.1967	-0.5563	-0.2753	0.1813	1.1169	-0.7449	0.1845	-2.8278	0.7636	1.6756	0.5297	-1.0682	-0.8109	-1.1392	-1.2013	0.6890	-0.4478	-1.9633	-0.3059	-0.3956	0.1073	0.3252	-2.2143	1.3406	-0.7124	0.7763
g__Agathobacter	1.1889	-0.2423	0.9388	7.4562	0.5123	0.2084	-0.0675	0.6469	-0.7720	-1.3335	1.0750	-0.1848	0.2067	-0.3327	-0.3446	-0.7495	0.8609	-0.2632	-0.0970	1.1584	0.7759	-0.0358	-1.3608	-0.3166	-0.4133	-0.4217	-0.1106	0.1168	0.0819	0.2876	0.0868	1.1738	-1.1325	-0.5045	-0.8608	1.1895	1.1574	-0.2344	0.9347	1.1297	-0.1880	0.5996	-0.6983	-0.0937	-0.4878	-0.5542	-0.5968	-0.5425	-0.3113	1.0210	1.4614	-0.5040	0.8946	-1.3955	0.1966	-0.5808	-1.0325	0.2571	-0.8114	0.3310	-0.7784	1.5624	0.1277	-0.8328	-0.0371	-0.6914	0.6904	-0.5461	-0.3910	-0.3400	0.9222	0.1900	0.0100	0.4537	0.7115	-0.0495	-0.6678	-0.0005	-0.5278	1.4890	0.3929	-0.2608	-0.1090	0.0142	-0.4189	-0.5978	0.1501	-0.1220	0.6614	0.4594	0.4302	-0.2650	-0.1523	0.9146	-0.0241	-0.6133	-0.5114	-0.8637	0.6521	0.1377	-0.2139	0.4188	-0.6830	-0.4388	1.0597	-0.7421	-0.4747	1.1121	0.8221	0.5043	0.1708	1.1228	-0.2040	0.7227	-0.0059	0.5154	0.0589	-0.4320	0.2431	-0.3898	0.1777	0.1397	-0.1745	-0.4490	0.7781	0.2747	-0.0765	-0.4416	-2.0527	0.9293	-0.1117	-0.5847	-0.5746	-1.6064	-0.7501	-0.1861	0.8872	-0.7721	-2.8515	-0.4262	0.1222	0.3842	0.6411	-0.2666	0.3153	-0.1648	0.2302
g__Agathobaculum	0.4195	-0.4607	0.8610	0.5123	4.4685	0.2893	-0.4882	0.0620	-0.4271	-0.7294	0.5941	0.0594	-0.6270	-0.0335	-0.3483	-0.3634	0.5444	0.0356	-0.4143	0.4966	-0.6449	0.2964	-0.6875	0.1334	0.0456	-0.3546	-0.4815	-0.1902	0.1896	0.6840	0.1757	0.0498	0.2144	-0.1252	-0.5776	0.3313	1.0410	-0.1498	1.8396	1.1658	0.1479	-0.0084	-0.4366	-0.1929	-0.7761	-0.5758	-0.6244	-0.8673	0.0377	0.7594	0.8049	0.3541	0.0959	-0.9778	-0.2790	-0.1741	-0.9489	0.9646	-0.5085	0.9505	-0.4381	1.8884	-0.1842	-0.5405	0.0060	-1.0349	0.4665	0.3124	0.3017	0.3487	0.5275	0.0268	1.1692	0.7700	0.2386	-0.4040	-0.4527	0.2299	-0.2355	1.3099	-0.0723	-0.5401	-0.3634	-0.4839	0.0641	-0.0255	0.4136	-0.4676	-0.5567	0.1073	0.6228	-0.3871	-0.8592	1.1907	-0.8988	-0.5796	-0.5602	1.0747	-0.6159	-0.2918	0.1660	-0.0923	-0.1630	-0.3092	0.8177	-0.5285	0.1066	0.6921	1.1904	0.5600	0.0437	-0.4035	-0.0697	0.0290	-0.1073	-0.6197	-0.8768	-0.3703	-0.0552	0.6269	0.2601	0.2191	-0.2912	0.2260	0.5737	-0.0933	-0.4888	0.0682	-1.1267	-0.0437	-0.0030	-0.0755	-0.0914	0.7309	-0.9559	-0.8630	0.2649	0.4945	-1.1144	0.0815	-0.0466	0.0978	-0.6464	-0.8726	0.5597	-0.3135	0.1437
g__Alistipes	1.6749	-0.4646	2.1415	0.2084	0.2893	7.1006	0.1304	-0.9161	0.1565	-1.7016	1.0454	-0.4021	0.4599	-0.7298	0.5836	0.1962	-0.0383	0.5845	1.3173	1.5659	0.0647	-0.4295	-2.6758	-1.0356	-0.8955	0.4861	1.3204	0.5597	-0.0806	-0.0459	-1.1479	0.2809	-0.2765	0.9475	-0.3118	0.9480	1.5470	0.2576	0.9387	0.2533	0.3039	1.3422	-1.1574	-0.6441	-0.7461	-0.4829	-1.4853	-1.2544	0.5305	0.9849	0.0485	2.2096	-0.3173	-3.8664	0.2669	-1.0682	-1.6930	0.6806	-1.3041	1.8269	-0.7167	2.9439	0.5497	-0.9986	0.8550	-1.2621	-0.6113	0.0674	2.3719	1.2221	2.4124	0.1691	2.3583	-0.2127	2.0133	-0.5381	-1.4315	0.6233	-1.4223	0.6541	-0.7416	-1.3995	-0.7760	-0.9425	-0.4191	0.2556	0.0310	-0.7995	-0.5700	1.0257	1.4423	-0.8427	-0.0560	1.8169	-0.9119	-1.0717	-0.4364	1.6891	-0.8571	-0.6072	-0.9170	-0.5436	0.3629	-0.0265	1.6332	-1.6862	-0.4478	0.2826	-0.2228	1.0222	-0.4762	1.2064	0.7393	-0.1227	0.1777	-0.9198	-1.2435	-0.9153	0.4745	1.1657	-1.2540	-0.2357	-0.7791	0.4807	0.1813	0.6458	-0.7441	0.3337	-2.8245	0.4007	2.8172	1.1907	-0.8914	-1.2799	-0.5136	-1.2749	1.0097	-1.2311	-1.6228	-0.5081	-0.8236	0.8377	-0.5708	-2.4720	2.4704	-0.0449	0.8927
g__Alistipes_A	-0.2481	-0.4086	0.0405	-0.0675	-0.4882	0.1304	2.8002	0.0023	-0.0542	0.0865	0.1726	-0.2587	-0.2298	0.2005	-0.0115	0.3896	0.2696	0.1724	-0.1227	-0.0310	0.0719	0.0785	0.0910	0.0297	-0.2451	-0.4666	0.5227	0.2097	0.1685	0.5410	0.1104	-0.1564	-0.3978	-0.1401	0.0075	0.2481	0.1077	-0.5486	-0.0699	-0.0620	0.0650	0.0636	-0.0877	-0.2174	0.1186	0.1581	-0.0186	0.3677	-0.3564	-0.2051	-0.2134	0.0916	-0.1254	-0.2006	0.2767	-0.0909	0.3650	-0.0905	0.0491	-0.0166	0.2075	-0.0591	-0.1793	0.1712	0.0508	-0.2842	0.1400	0.1961	0.6269	0.0166	0.4924	-0.1407	-0.0048	-1.0015	0.0032	-0.0953	0.0182	0.1768	0.1168	-0.0179	-0.1091	-0.0038	0.0084	0.0296	0.0414	-0.1280	0.2703	0.0116	0.0247	0.1458	0.0683	-0.2071	-0.1097	-0.2636	-0.0817	0.0020	-0.0734	0.1610	0.0578	-0.2132	0.1102	0.0635	-0.1087	0.1851	0.1475	-0.2732	0.1112	-0.4572	0.1245	0.0993	0.1282	0.0936	0.0382	-0.0693	0.2741	-0.1481	-0.0067	0.0150	-0.1475	-0.0379	0.1459	-0.0526	0.1527	0.0995	0.0402	-0.2076	-0.1107	-0.0836	0.2279	-0.0581	0.1660	0.3421	-0.1803	-0.1986	-0.3100	-0.1623	0.1068	0.0142	0.2924	-0.1915	-0.1318	-0.0458	0.0875	-0.4437	0.2059	0.0794	-0.1399
g__Alitiscatomonas	-0.0337	-1.2808	-0.7791	0.6469	0.0620	-0.9161	0.0023	6.8984	-0.9762	0.5107	-0.2826	-0.5195	-0.5870	0.3935	0.2482	-0.5107	0.6155	-0.3497	0.4413	0.0795	0.2570	-0.6992	0.2116	0.0996	1.9038	0.2503	-0.0297	-1.0179	-0.2159	-0.4010	-0.2441	0.0940	-0.4222	-0.2488	0.1087	-0.2443	-0.1311	0.4485	0.0358	-0.0766	0.0629	1.3092	0.2096	-0.2292	1.3734	-0.4576	0.4506	-1.0652	-0.1144	1.0363	-0.1299	-0.8711	0.9759	0.1038	-0.3132	0.1061	0.6434	-0.1159	0.0042	0.3288	0.0858	-0.6256	-0.2006	0.3049	-0.6739	1.4508	-0.9127	0.5232	-0.1194	-1.7365	-0.3078	-0.0057	-0.2492	0.7457	0.7125	-0.0182	-0.6223	-0.3710	-0.2861	-0.4003	2.1920	0.3218	-0.1403	0.3183	-0.0848	-1.0303	0.2488	-0.2400	-0.7700	0.4764	-1.0376	0.1273	-0.4178	-0.3904	0.0828	0.4882	-0.1301	-0.3821	0.8146	-0.1378	0.3312	0.3726	-1.1418	-0.6830	-0.8147	0.1684	0.4197	-0.4827	-0.5809	-0.6374	1.0648	0.9319	-0.8409	-0.0362	1.4198	-0.6801	0.5501	0.0971	0.8768	1.6397	-0.2818	0.3992	0.0976	0.1872	0.8778	-0.2976	0.0424	-0.0036	0.3468	0.0263	-0.4995	-1.0514	-0.2498	-0.7649	-0.2740	-0.1617	1.3132	-1.1336	0.2027	-1.1228	-0.0414	0.5247	0.0042	1.4718	0.3282	0.1070	0.2777
g__Allocoprobacillus	-0.3663	1.1817	-0.0982	-0.7720	-0.4271	0.1565	-0.0542	-0.9762	4.8811	0.2609	0.4641	0.6900	1.3442	-0.0129	0.3908	0.9821	-1.0167	-0.8803	0.0310	-1.3845	-0.1734	0.7974	0.7909	0.1897	-0.7981	-1.0934	-0.6309	-0.0270	-0.7226	0.0138	-0.3481	-1.0602	-0.1179	0.6435	0.7155	-0.7213	-0.9525	0.3878	-0.4093	-1.2541	-0.2210	0.0026	1.4430	0.0254	0.2063	0.6266	0.7629	0.3772	-0.6506	0.0434	-0.5979	-0.5167	-0.4100	0.8805	0.2559	0.2932	1.4325	-0.1058	0.5190	-0.1998	0.5561	-0.9381	0.3450	0.2678	0.2128	-0.8523	-1.2825	0.1707	-0.3812	0.5940	-1.4678	-0.3207	-0.0250	-0.8127	-0.4969	1.1471	0.9060	-0.5357	0.2021	-0.1410	-1.1755	-0.0406	-0.3080	0.5113	0.0982	0.3945	-0.1301	0.4981	0.4266	0.6178	-0.4202	-0.0496	0.1645	-0.3335	0.1512	0.6432	0.4875	0.3413	-0.1112	0.5866	0.0905	0.3981	0.8046	1.0373	-0.3076	0.0237	-0.3756	-1.8254	-0.8799	-0.6391	0.0028	0.2135	-0.0160	-0.3663	-0.0871	0.5067	0.5400	0.4499	0.1165	-0.8950	0.1151	-0.4324	0.4093	-0.3079	-0.5434	-0.0572	-0.0656	-0.5185	1.6037	-0.2556	0.4184	0.9009	-0.1091	0.7635	1.4319	0.2726	-0.7992	0.3568	1.9601	-0.1366	-0.0381	-0.2688	-0.0193	-0.5085	-0.6637	0.4091	-0.8664
g__Amedibacterium	-0.8378	0.2731	-0.9870	-1.3335	-0.7294	-1.7016	0.0865	0.5107	0.2609	4.4178	-0.1336	0.1754	-0.3094	0.3382	0.8549	-0.0310	-0.5392	-0.5413	-0.3810	-0.8046	-0.3573	0.2816	2.2911	0.4326	0.0330	0.1448	-0.4570	-0.1989	-0.2393	-0.1131	-0.0965	-0.5908	-0.0330	-0.0100	0.6984	-0.5287	-0.8630	-0.2289	-1.0494	-0.8774	0.0313	-0.5592	0.5554	-0.0527	0.8632	0.4768	0.7078	-0.1408	-0.1817	-0.8136	-0.9939	-0.4713	-0.6858	2.7854	-0.1730	0.3565	1.1318	-0.1871	0.6359	-1.0440	0.6795	-1.7043	-0.7152	0.6228	-0.2437	0.3264	-0.4747	0.1766	-0.9848	-0.3003	-1.3014	-0.1212	-0.9886	-0.3457	-0.5580	0.4917	0.3867	-0.3940	-0.1679	-1.0593	0.2425	0.7899	0.3301	0.7181	0.4494	0.0117	0.0727	0.4273	0.5247	0.3139	-0.8609	0.3323	0.1942	-0.9191	0.4762	0.8353	0.5211	-0.6336	0.3145	0.3393	0.6829	0.0689	0.1450	0.3900	-0.8090	0.6080	-0.0754	0.6014	-0.2993	-0.6669	0.6722	-0.1239	0.0149	0.5942	-0.4409	0.2490	0.9937	0.1715	0.1990	-0.5024	-0.2904	-0.0342	0.7046	0.0907	-1.0628	-0.5389	0.1277	-0.0398	2.3137	-0.6662	-0.8616	0.0859	0.3703	0.8258	0.8801	0.4659	-0.1622	0.3067	1.2971	0.0907	1.3691	-0.5013	0.3923	0.5235	-1.0412	0.4433	-0.2782
g__Anaerobutyricum	0.0488	-0.5237	0.9979	1.0750	0.5941	1.0454	0.1726	-0.2826	0.4641	-0.1336	4.9604	-0.2094	0.1972	-0.2366	0.4628	-0.0682	0.3673	0.2639	-0.1410	0.8445	0.1234	-0.1394	-0.9677	-0.1468	-0.3922	-0.2987	0.1071	0.1746	-0.5272	0.2235	0.7086	0.2696	-0.4425	-0.1621	-0.1663	1.7630	0.9271	-1.2165	0.9150	-0.1346	-0.1672	0.3288	-0.5029	-0.3562	-0.7246	-0.1701	-0.2956	-1.2222	0.1391	0.4853	0.1394	0.7119	-0.3270	-2.0963	0.0005	-0.5235	-1.2963	1.4984	-0.6995	0.1202	-0.0377	1.5499	0.3019	-0.2982	0.2314	-2.3604	0.3602	-0.1130	0.3000	0.4947	0.5840	-0.0264	1.1166	-0.5782	0.4916	-0.5013	-1.2404	0.1579	-0.5753	1.3543	-0.3661	-1.8110	-0.5161	-0.3045	0.2718	-0.1887	0.2472	0.0100	0.2299	0.6903	0.6972	-0.1672	-0.0617	0.3787	-1.0798	-0.3320	-0.1325	1.2445	-0.3540	-0.2907	-0.1677	-0.4548	-0.0081	-0.1047	0.9660	-1.6090	-0.6262	1.0290	1.7189	0.4033	0.1502	1.0683	0.2202	0.0790	-0.2047	-0.0657	-0.7196	-0.6043	0.9133	0.5655	0.3622	-0.2534	-0.4553	0.1694	0.4583	0.2153	-0.8132	0.2779	-2.0390	0.3250	0.0552	0.7301	-0.9554	0.1568	-0.2236	-0.3219	0.3433	0.5662	-1.8392	-0.2946	0.3838	0.2535	-0.1780	-2.2808	0.7437	0.7858	-0.1539
g__Anaerofustis	-0.4651	0.4117	-0.7584	-0.1848	0.0594	-0.4021	-0.2587	-0.5195	0.6900	0.1754	-0.2094	2.7949	0.4409	-0.2178	0.1219	-0.0101	-0.2370	-0.7517	0.4002	-1.1348	0.1621	0.6250	0.4454	0.2590	-0.6517	-0.4912	-0.5246	-0.4923	0.1232	-0.1951	0.0216	-0.5755	0.2769	0.0983	0.8374	-0.5260	-0.5457	0.4231	-0.1749	-0.5345	-0.0478	0.0401	0.9362	0.1928	0.2695	0.1625	0.6698	0.4412	-0.4262	-0.1455	-0.4454	0.0492	0.0851	1.2770	-0.3198	0.1060	0.9148	-0.5050	0.2887	-0.5360	0.2338	-0.5914	0.0147	0.4186	-0.1421	-0.1139	-0.2310	0.0605	-0.4990	0.2795	-1.2133	-0.2306	-0.4308	-0.1476	-0.5637	0.7674	0.7813	-0.4772	0.3449	-0.8264	-0.2604	0.3223	0.2369	0.3493	0.3942	0.7392	-0.3219	0.3006	-0.0327	-0.0169	-0.2911	0.2634	0.5489	-0.7784	0.2027	0.6206	0.2777	0.1227	-0.0844	0.2883	0.0389	0.1772	0.4466	0.2822	-0.7196	0.3265	-0.2075	-0.5326	-0.4667	-0.5037	-0.3578	-0.1220	-0.2075	-0.3331	0.1827	0.1882	0.5762	0.2970	-0.4873	-0.5154	-0.0101	0.0559	0.4286	-0.1245	-0.1450	-0.6179	0.2051	0.1833	1.5492	-0.2319	-0.7278	0.2206	0.1277	0.5193	0.6555	0.3079	-0.3927	0.4945	1.2347	0.3102	0.0737	-0.4053	-0.2313	0.1992	-0.6100	0.3407	-0.2803
g__Anaeromassilibacillus	0.2179	1.9689	0.2080	0.2067	-0.6270	0.4599	-0.2298	-0.5870	1.3442	-0.3094	0.1972	0.4409	3.8704	-0.1685	1.0566	0.3481	-0.1855	-0.2290	0.3653	-0.8416	0.8740	0.0879	-0.1987	0.0273	-0.8704	-0.7193	0.4632	0.5058	-0.1325	-0.1258	-0.0153	-0.3455	-0.6751	0.3554	0.2065	0.4954	-0.3979	0.3227	-0.3675	-1.4015	-0.3094	0.5884	0.7431	-0.2064	-0.5055	-0.0315	-0.0796	-0.0593	-0.0993	0.0764	-0.3670	-0.1234	-0.4487	0.1345	0.2595	0.0367	0.5099	-0.8893	-0.0460	-0.6033	0.0113	-0.3279	0.6473	-0.0058	0.7997	-0.5548	-0.1521	-0.1397	0.0756	0.5214	-0.6802	-0.6189	-0.5924	0.0758	-0.1950	0.6036	-0.0325	-0.3799	-0.1582	0.7445	-0.1279	0.1366	-0.0760	0.2960	-0.2861	0.4209	-0.1892	0.2675	-0.0846	0.1276	-0.0963	0.3612	0.1911	-0.5745	0.3417	0.1115	0.4493	-0.4540	-0.4714	0.8017	0.1781	0.6890	0.5583	0.6623	-0.3547	-0.0277	0.5798	-1.1543	-0.9903	-0.2857	-0.4211	0.1399	-0.3946	-0.5655	0.4976	0.1045	0.9842	-0.0416	-0.7443	-0.7868	-0.1850	0.1192	-0.0478	-0.1522	-0.2711	0.3260	0.0507	-0.2268	-0.1742	-0.2193	0.7292	0.4151	-0.2929	-0.5544	1.2484	0.3958	-0.2933	-0.0508	0.8805	0.6035	-0.4756	-0.1397	-0.4302	-0.4748	-0.0114	0.1007	-0.3704
g__Anaerostipes	-0.0550	0.1670	-0.1596	-0.3327	-0.0335	-0.7298	0.2005	0.3935	-0.0129	0.3382	-0.2366	-0.2178	-0.1685	2.7799	-0.0736	0.2510	0.0575	0.2552	0.2149	-0.5330	-0.3827	0.0342	0.9470	0.1836	0.1110	-0.2543	-0.0821	-0.7010	-0.0468	0.1865	-0.1297	0.1838	-0.0568	-0.3634	0.0852	-0.2930	-0.4143	-0.0144	-0.1650	0.4916	-0.1324	-0.3282	0.1303	0.3737	-0.2155	0.3145	-0.0436	0.0489	0.0413	-0.1789	0.1218	-0.3849	-0.0445	0.4474	-0.3836	0.2312	0.3953	0.4744	0.1300	-0.0406	0.3257	-0.4552	-0.3269	0.4320	-0.3503	0.0730	-0.2293	0.4714	-0.1602	-0.2913	-0.4814	-0.2097	0.0136	0.6414	-0.5189	0.0113	0.0924	-0.2012	0.1639	-0.4725	0.3413	-0.1735	-0.2150	-0.1574	0.0978	0.0417	0.1291	-0.0997	0.3465	0.2910	-0.4926	0.0703	-0.3244	-0.2246	-0.2125	0.4049	0.0220	-0.3132	-0.1550	-0.1327	0.1056	-0.0047	-0.0973	0.1370	-0.3555	-0.2441	0.0331	1.2890	-0.3244	0.1563	0.0669	-0.1186	-0.2797	-0.0997	-0.3072	-0.3990	-0.3116	0.0717	0.3320	-0.2217	0.2058	0.3399	0.4132	-0.2339	-0.0450	-0.4326	0.3177	-0.2170	0.7042	0.0350	0.0319	-0.1172	0.0749	0.4145	0.3195	0.2206	0.0007	0.0817	-0.2161	0.1598	0.7655	0.0314	0.0409	0.1987	-0.1262	-0.0863	-0.1294
g__Anaerotignum	0.3422	0.4442	-0.4958	-0.3446	-0.3483	0.5836	-0.0115	0.2482	0.3908	0.8549	0.4628	0.1219	1.0566	-0.0736	5.5736	0.2239	0.5032	0.3685	0.5927	0.2143	-0.6928	0.1617	1.0984	0.0691	-0.5378	-0.1188	0.2285	0.5213	-0.1788	-0.3992	-0.3811	-0.0719	-1.4740	0.2331	0.6890	0.0384	-0.9595	0.2244	-0.7329	-1.0752	0.1369	0.9492	0.3403	-0.5563	0.2743	-0.4096	-0.4376	-1.1790	-0.3802	-0.2620	-0.7323	0.6410	-1.1007	0.5602	-0.0543	-0.4469	0.9514	0.3481	-0.3745	-0.8311	-0.0149	-0.8936	0.0558	-0.1810	0.6073	-1.1407	0.4367	0.3671	0.7945	0.6525	0.4411	-0.1592	-0.4206	-1.0269	0.1378	0.2864	-1.2635	0.1163	-1.5021	0.1251	0.5072	-0.3178	-0.4170	0.1361	-0.3305	0.1858	0.0813	0.0907	-0.2599	0.9658	-0.5410	0.1720	-0.1605	0.1351	0.0226	0.5075	0.3372	0.3850	-0.2944	0.4528	0.3826	-0.1216	0.9333	0.3085	0.0730	-0.1204	0.8548	-0.5124	-0.9555	-0.5471	0.7855	0.8969	0.4294	-0.0255	-0.0779	-0.5449	0.7436	-0.2061	-0.1175	-0.7081	-0.3284	0.0170	0.3244	0.4902	-0.1367	0.2007	-0.3977	-0.1502	-0.2293	-0.2129	0.2285	0.9950	-0.0957	-0.3269	1.2750	-0.1759	0.3031	-0.4098	0.7835	-1.1995	-0.3808	0.2478	-0.4980	-1.1584	0.7310	0.3244	-0.3693
g__Anaerotruncus	0.1239	0.1045	0.1628	-0.7495	-0.3634	0.1962	0.3896	-0.5107	0.9821	-0.0310	-0.0682	-0.0101	0.3481	0.2510	0.2239	2.7682	-0.4935	0.0194	0.0277	0.1340	0.5025	0.1203	0.1979	-0.0197	-0.1051	-0.2987	0.2481	0.1417	-0.4056	0.0642	-0.3212	-0.3463	-0.1945	0.4009	0.1743	-0.3101	-0.3345	-0.4296	-0.1811	-0.7918	-0.1746	0.0919	0.3232	-0.1629	-0.0141	0.0046	0.0197	0.2180	-0.3659	-0.0427	-0.1979	0.0094	-0.6103	0.1098	-0.0119	0.1012	0.6831	-0.0611	0.2032	0.2628	-0.0294	-0.4305	0.2741	0.1225	0.2643	-0.6260	-0.3763	0.0946	0.2463	0.1659	0.1469	0.0695	-0.1227	-0.3119	-0.0304	0.1103	0.2136	0.0612	-0.1483	0.0060	-0.4934	-0.1858	-0.2240	-0.0041	0.1658	-0.2316	0.0310	0.0525	0.3713	0.3764	-0.1273	-0.0187	-0.0184	0.1676	0.0941	-0.0656	0.0163	-0.0824	-0.1961	-0.1744	-0.0505	0.1649	0.0299	0.2488	0.0602	-0.2468	-0.2441	-0.6580	-0.0553	0.2004	0.0063	0.3567	0.1814	-0.3782	0.2016	-0.2090	-0.2046	0.1257	0.4429	0.1520	-0.1926	-0.1660	-0.0520	-0.0084	0.0159	0.2660	-0.1889	-0.2583	0.2645	0.1080	1.1362	0.4022	-0.3252	0.2741	0.0912	-0.1074	-0.3567	0.1842	0.7708	-0.4109	0.2635	0.0082	0.0543	-0.5029	0.2448	0.4326	-0.1206
g__Anthropogastromicrobium	0.1960	-0.1130	-0.2282	0.8609	0.5444	-0.0383	0.2696	0.6155	-1.0167	-0.5392	0.3673	-0.2370	-0.1855	0.0575	0.5032	-0.4935	5.7482	0.2725	-0.2003	0.4248	0.3355	-0.2206	-0.8817	-0.3234	0.3254	0.5910	0.3837	-0.3508	0.6130	0.2051	0.2755	0.5513	-0.3163	-0.5999	-0.8003	-0.0170	0.4430	0.4036	0.2102	0.6796	0.3363	0.5174	-0.5628	-0.5399	-0.2871	-0.6064	-0.7357	-0.6221	-0.0475	1.1368	1.1879	0.1362	0.2131	-0.9417	0.4571	-0.5567	-0.4362	1.1594	-0.7638	1.6163	-0.7090	1.3761	0.0301	-0.3179	-0.2095	-0.5715	0.1435	-0.1209	0.0002	-0.0231	1.0540	0.1955	1.7184	1.0760	0.3617	-0.4428	-0.6173	0.0198	-0.4664	0.4990	0.7564	-0.6999	-0.2848	-0.8196	-0.5791	0.0997	-0.2055	-0.2959	-0.2326	-0.0299	0.2381	-0.3516	-0.2517	0.8917	-0.3055	-0.0761	-0.0869	1.0137	-0.2234	-0.2451	-0.5651	-0.4012	-0.2010	0.1695	0.5315	-0.2309	0.8733	0.6434	-0.2407	0.2154	0.8869	-0.2593	0.1421	0.3908	0.1459	-0.5021	-0.1205	-1.0460	-1.3517	-0.7570	0.6046	-0.1228	0.1492	-0.0313	1.6169	0.1027	-0.1220	0.4168	-1.5482	-0.0956	0.3368	-0.2612	-0.3731	-1.0532	0.2970	0.0769	-0.3951	-1.3089	-0.8224	-1.0618	0.1987	0.7421	-0.6205	-0.5433	0.7188	-0.6810	0.0215
g__Aristaeella	1.0610	-0.2164	1.2844	-0.2632	0.0356	0.5845	0.1724	-0.3497	-0.8803	-0.5413	0.2639	-0.7517	-0.2290	0.2552	0.3685	0.0194	0.2725	5.2492	-0.0849	0.0633	-0.4102	-0.6839	-0.5700	-0.2113	0.4621	1.1593	1.1796	0.9615	0.0341	0.4980	-0.5789	0.7189	0.1787	-0.0956	-0.7192	0.3009	0.6118	0.0139	-0.2330	-0.1248	-0.7980	-0.2475	-0.6338	-0.4565	-0.2279	-0.5368	-0.5354	-0.2892	0.6581	-0.1113	0.2329	0.5666	-0.1925	-0.7903	0.4909	-0.3983	-1.3764	0.4140	-0.4255	0.9168	-0.2244	0.5502	0.1904	-0.2539	0.4890	-0.0234	0.5272	0.0274	0.9946	0.0745	1.1658	0.3525	0.3192	0.8049	0.0625	-0.4608	-0.2959	0.8482	-0.6089	0.2215	0.1993	-0.2795	-0.3225	-0.4866	-0.0888	-0.5176	0.4335	-0.3441	-0.5856	-1.0082	0.6316	0.4069	-0.1983	0.7281	-0.4626	-0.3759	-0.4925	-0.0009	-0.7521	-0.4580	-0.5947	-0.7205	0.2142	-0.3795	0.8880	-0.4746	0.1148	0.9088	0.4168	1.0555	-0.1045	-0.4612	0.5225	0.3643	-0.1037	-0.7443	-0.7006	-0.6015	0.1286	0.1807	-0.1256	-0.1536	-0.6281	-0.4208	0.3857	1.3529	-0.4382	0.7592	-1.6559	1.0544	1.1530	0.0600	-0.1707	-0.9609	-0.6508	-0.2288	-0.6074	-0.4557	-0.7676	-0.2903	0.3033	0.5933	-0.2793	0.0344	0.9722	0.1870	0.8406
g__Bacteroides	0.3266	-0.0204	-0.2770	-0.0970	-0.4143	1.3173	-0.1227	0.4413	0.0310	-0.3810	-0.1410	0.4002	0.3653	0.2149	0.5927	0.0277	-0.2003	-0.0849	4.2006	-0.7997	0.0601	-0.0980	0.5256	-0.2848	-0.7389	0.0433	-0.0036	-0.2735	0.1489	-0.4808	-1.5379	-0.5131	0.4902	0.5694	0.9857	-0.4209	-0.5074	1.9655	-0.8384	-1.1201	-0.1467	0.6033	0.9232	0.0111	0.3997	-0.2733	-0.0107	-0.3784	-0.0699	0.7860	-1.0309	-0.1627	0.0566	0.8181	0.1314	-0.1493	1.3178	-0.3115	-0.0415	-0.4982	0.0317	-0.2648	0.1536	0.0359	0.0717	0.5273	-1.7334	0.3667	-0.4613	-0.2892	-0.6440	-0.2830	-0.1615	-0.1071	-0.1165	0.8441	0.4305	-0.3630	-0.1856	-1.1408	0.7916	0.0112	0.0153	-0.3718	-0.3873	0.0527	-0.0318	-0.2334	-0.2417	-0.3830	-0.6967	-0.0205	0.2465	-1.1294	-0.4089	0.5164	-0.2645	0.1008	-0.3906	0.0274	-0.3025	0.1496	0.2953	0.1803	-0.4825	-0.4251	-0.1962	-0.2503	-0.7919	-0.2806	0.1603	0.7045	0.2062	-0.5414	1.4130	-0.6687	-0.2670	0.3501	0.1909	1.1797	-0.9528	0.1161	0.1158	0.0363	0.3942	0.0201	-0.0884	0.0022	0.6668	0.2089	-0.3650	0.4681	0.6063	-0.6591	0.3995	-0.2275	0.8051	0.4919	0.4861	0.5297	-0.0837	-0.0042	-0.3994	0.4732	0.0329	0.1177	0.0074
g__Bariatricus	0.4105	-0.8509	1.1457	1.1584	0.4966	1.5659	-0.0310	0.0795	-1.3845	-0.8046	0.8445	-1.1348	-0.8416	-0.5330	0.2143	0.1340	0.4248	0.0633	-0.7997	9.3517	0.1982	-1.0481	-2.6705	-0.6627	0.6518	0.8115	0.0072	0.7912	-0.2213	0.4385	2.1847	1.2433	-0.5775	-0.4514	-1.9067	1.8418	2.8462	-1.1972	3.2612	2.6375	0.6889	0.2035	-1.3987	0.4290	-2.1371	-0.2526	-1.0316	0.0980	0.4712	0.8157	2.2270	0.4067	0.1828	-3.9077	0.3101	-0.1968	-2.1126	0.6220	-1.0699	0.6734	-1.0151	2.6153	-0.4091	-0.9099	0.3325	-1.3621	1.8504	-0.0413	2.1431	0.5483	2.8882	0.8046	1.0590	-0.0557	1.8603	-2.2358	-2.2465	1.0714	-0.0883	2.1171	-0.6696	-1.7889	-0.5424	-1.1787	-0.3122	-1.0405	0.3659	-0.2676	0.2571	0.6271	1.0966	-0.6308	-0.7685	2.1892	-0.5383	-1.2005	-0.1092	0.4950	-0.1790	-0.0184	-0.4432	-0.1545	-0.4572	-0.9595	1.1575	-0.7495	-0.7981	0.9209	2.7487	0.9481	-0.3218	0.8523	0.0177	0.3929	-0.7293	0.3725	-1.1992	-0.5513	0.4629	0.3290	0.3670	-0.6102	-0.3825	0.7350	0.9231	0.9280	-0.8497	-0.6134	-4.3041	0.1220	1.1193	-0.1350	-0.2300	-0.3000	-2.3462	-0.8525	-0.2379	-0.5995	-2.6625	-1.6041	-0.9198	0.1932	0.3556	-1.5829	2.1900	0.4624	0.6392
g__Bifidobacterium	-0.3995	0.2395	0.4097	0.7759	-0.6449	0.0647	0.0719	0.2570	-0.1734	-0.3573	0.1234	0.1621	0.8740	-0.3827	-0.6928	0.5025	0.3355	-0.4102	0.0601	0.1982	6.3583	0.0827	-0.8138	-0.0285	-0.9397	-0.2215	0.2200	0.1072	-0.6184	-0.7257	0.1146	-0.9824	0.7396	0.1909	0.1822	0.9450	-0.3281	1.0990	-0.2629	-0.8504	0.2039	0.2504	0.4963	-0.0151	-0.4215	-0.0022	0.3623	-0.2552	0.1091	0.5418	-0.3726	-0.1088	0.9195	-0.2852	-0.0694	0.0698	0.1421	-1.0429	-0.4711	-0.1812	0.0149	0.3124	0.4658	0.4698	0.0091	0.2493	-0.2381	-0.0293	0.6074	-0.3156	-0.5762	-0.6159	0.3788	-0.2665	-0.4862	-0.1291	0.3101	-0.3956	1.0651	0.7921	0.0366	0.8752	0.4331	0.3527	-0.0797	0.1135	-0.2910	0.2460	0.2168	-0.7909	-0.1216	0.3647	0.0572	-0.3628	0.3246	-0.0708	-0.1137	-0.1730	-0.3590	0.2312	-0.3954	0.5077	-0.5533	0.3746	-0.2905	-0.1569	-0.7284	-0.2605	-0.2028	0.1197	-0.9265	0.1973	-0.7494	-0.4862	0.6506	0.4137	0.3120	-0.2146	-0.4791	0.4074	-0.2629	-0.2137	-0.1786	-0.6793	-0.4843	-0.0132	0.1340	-0.0789	0.2924	0.2645	0.3356	0.0324	0.0636	-0.8203	0.4821	0.5918	0.6003	0.1562	0.4786	0.4091	-0.4137	-0.6308	-0.2957	0.5984	0.0529	0.0119	-0.5083
g__Bittarella	-0.6286	0.2235	-0.2578	-0.0358	0.2964	-0.4295	0.0785	-0.6992	0.7974	0.2816	-0.1394	0.6250	0.0879	0.0342	0.1617	0.1203	-0.2206	-0.6839	-0.0980	-1.0481	0.0827	3.1464	0.3701	0.2295	-0.5606	-0.7041	-0.4906	0.0192	-0.0629	-0.2639	0.1044	-0.7762	-0.1051	0.3424	0.8173	0.3155	-0.3275	0.4426	-0.2179	-0.4589	0.3588	-0.7429	0.5175	0.1092	-0.1063	0.0355	0.3761	0.2245	-0.6306	-0.6421	-0.2035	-0.0409	0.0407	1.0684	-0.1875	0.0548	0.6005	-0.1436	0.5656	-0.4203	0.2461	-0.4438	-0.2794	0.4066	0.0177	0.0024	0.4754	0.3453	-0.2242	0.6745	-0.6323	-0.2376	-0.0463	-0.9274	-0.7427	0.6025	0.3095	-0.3806	0.1042	-0.3950	-0.9671	0.1641	0.2091	0.1277	0.3791	0.6497	0.0639	0.2632	0.3036	-0.3835	-0.3322	0.0515	0.0462	-0.1038	-0.0623	0.5212	0.2608	0.2360	0.5854	0.1250	0.2297	0.2186	0.3337	0.5383	-0.0606	0.1514	-0.4150	-0.1926	-0.0872	-0.4244	-0.3795	-0.3017	0.1530	-0.3245	-0.0577	-0.0092	0.1191	0.2347	-0.4201	-0.3631	0.5624	0.1159	0.4473	0.1543	-0.7969	-0.6322	0.2672	-0.3400	1.2521	-0.4176	-0.7696	0.4115	0.3928	0.5194	0.2142	0.2952	-0.2126	0.1963	1.1448	0.2496	0.0728	-0.2426	0.2915	-0.0938	-0.2783	0.0975	-0.5127
g__Blautia	-1.7583	0.3169	-2.4047	-1.3608	-0.6875	-2.6758	0.0910	0.2116	0.7909	2.2911	-0.9677	0.4454	-0.1987	0.9470	1.0984	0.1979	-0.8817	-0.5700	0.5256	-2.6705	-0.8138	0.3701	10.8555	1.1814	-0.2380	-0.3839	-1.3816	-0.3171	0.1525	-0.7879	-1.5372	-0.4815	1.6584	-0.0961	0.5470	-1.6613	-2.4731	0.2090	-2.3612	-1.2496	-0.2507	-0.6075	2.0823	0.5340	1.7505	0.8871	1.4296	0.9895	-0.7396	-1.8100	-1.4193	-1.7752	-0.1188	6.1891	-0.6148	0.8772	2.7745	-0.2107	1.2035	-1.6397	1.4362	-4.0926	-0.5908	1.4903	-0.7283	1.3354	-2.0221	0.5678	-0.9502	-1.2029	-3.3499	-0.1980	-1.4387	-0.3886	-1.4659	1.2836	2.2389	-0.7379	0.4255	-1.3048	0.8118	2.0330	0.7770	1.2778	0.6414	0.0264	0.0193	0.7367	1.0683	-0.0563	-2.3673	1.2984	1.1389	-1.5858	0.7639	1.4810	0.6442	0.0392	-0.6857	0.5654	0.5582	0.0499	0.1897	0.3442	-2.2621	1.8445	0.3315	1.4616	-0.3243	-0.9591	0.4919	-0.6707	0.3168	1.1993	-0.4660	0.3480	2.0539	1.0402	-0.1507	-0.3714	-0.4554	-0.2013	0.9387	-0.2191	-1.2223	-1.2841	0.7782	-0.1103	4.8614	-0.7637	-1.8910	-0.2469	1.3821	1.0084	1.3993	1.5175	-0.2592	1.5104	2.9814	0.0565	0.7906	-1.0945	0.1666	2.6424	-3.1715	0.0751	-0.2923
g__Blautia_A	-0.5233	0.1747	-0.5844	-0.3166	0.1334	-1.0356	0.0297	0.0996	0.1897	0.4326	-0.1468	0.2590	0.0273	0.1836	0.0691	-0.0197	-0.3234	-0.2113	-0.2848	-0.6627	-0.0285	0.2295	1.1814	0.6747	-0.0259	-0.4231	-0.4256	-0.3438	0.1044	-0.1567	0.1901	-0.1524	0.0371	0.0657	0.4009	-0.1113	-0.5704	0.1482	-0.3459	-0.5070	-0.0492	-0.1777	0.4323	-0.0184	0.3523	0.1778	0.4283	0.4229	-0.2539	-0.5429	-0.4741	-0.2728	-0.0160	1.2878	-0.2181	0.1086	0.5559	-0.1979	0.3536	-0.6518	0.3871	-0.8527	-0.0856	0.2936	-0.2270	0.1711	-0.1445	0.2210	-0.2856	-0.3279	-0.8656	-0.0957	-0.3698	-0.2367	-0.3532	0.2712	0.2194	-0.2005	0.3426	-0.1547	0.0675	0.5882	0.0621	0.3695	0.2781	0.2175	0.0522	0.3735	0.0312	-0.0184	-0.3340	0.2618	0.0347	-0.5366	0.2810	0.3532	0.2096	-0.1423	-0.1185	0.2475	0.2565	0.1736	0.0460	0.0990	-0.5088	0.2345	0.1715	-0.1951	0.1068	-0.3109	0.0542	-0.3852	-0.1138	-0.2082	-0.1381	0.2149	0.5954	0.2103	-0.2220	-0.3952	0.1753	0.0423	0.1963	-0.0587	-0.0674	-0.4982	0.2298	0.0650	1.2843	-0.2636	-0.5782	-0.2738	0.1965	0.6348	0.3274	0.4170	-0.0701	0.3712	0.9914	0.1580	-0.0736	-0.2155	-0.0613	0.6777	-0.5989	0.1084	-0.3774
g__Brotaphodocola	0.7649	-0.7405	0.0285	-0.4133	0.0456	-0.8955	-0.2451	1.9038	-0.7981	0.0330	-0.3922	-0.6517	-0.8704	0.1110	-0.5378	-0.1051	0.3254	0.4621	-0.7389	0.6518	-0.9397	-0.5606	-0.2380	-0.0259	5.8386	0.5599	0.4143	-0.1616	0.1671	0.3322	-0.0067	0.6668	0.3341	-0.2735	-1.0021	0.4026	0.5872	-0.7419	-0.1119	0.9882	-0.1527	0.3852	-1.0116	0.0897	0.9743	-0.2350	-0.3291	0.7738	0.3379	1.2925	1.4592	-0.2115	0.5676	-0.2529	0.2595	0.1745	-0.5867	0.4470	-0.3791	0.4631	-0.5387	0.1430	-0.0110	-0.4414	-0.2721	0.9349	0.5065	-0.2070	-0.4169	-0.8793	0.7327	0.5990	-0.2993	0.8376	0.8382	-0.8307	-0.4465	0.4237	0.2226	-0.4402	0.8535	0.1230	-0.3931	-0.3203	-0.3267	-0.6492	0.3520	-0.1311	-0.5791	0.4584	-0.5303	-0.4654	-0.2536	0.0300	-0.0359	-0.5383	-0.0155	-0.2600	0.8353	-0.5482	0.0868	-0.4155	-0.6556	-0.2477	0.4217	0.0301	0.4893	-0.3742	1.0173	-0.5200	1.0840	-0.3282	-0.0105	0.3189	0.5841	-0.2588	-0.2524	-0.3429	1.1453	0.4179	-0.1755	0.4502	-0.0796	-0.0447	0.6666	0.7558	-0.5659	0.1022	-0.9740	-0.2716	-0.1693	-1.1966	-0.5414	-0.0636	-0.8672	-0.5034	0.4735	-0.6573	-0.7379	-0.2722	0.2751	0.8144	0.3160	0.2500	0.5322	-0.6854	0.8494
g__Butyribacter	0.8068	-0.4270	0.6127	-0.4217	-0.3546	0.4861	-0.4666	0.2503	-1.0934	0.1448	-0.2987	-0.4912	-0.7193	-0.2543	-0.1188	-0.2987	0.5910	1.1593	0.0433	0.8115	-0.2215	-0.7041	-0.3839	-0.4231	0.5599	5.1338	0.8709	0.2904	-0.1415	0.3585	0.1064	1.2019	0.2550	-0.2734	-0.2149	-0.2866	0.0084	-0.1148	-0.1516	0.0397	-0.6608	-0.7345	-0.5030	-0.2318	-0.0585	-0.4214	-0.1616	-0.6832	1.5927	-0.0849	-0.1024	0.8265	0.0410	-0.1700	-0.0824	-0.0583	-1.1405	0.1635	-0.1821	0.7779	-0.3163	0.1523	0.2147	-0.4490	0.0918	0.3808	0.0504	-0.3791	0.3604	0.0255	0.8423	0.7359	0.3222	1.3260	0.7756	-0.4884	-0.2184	0.3376	-0.1003	-0.3373	0.4386	-0.3046	0.3249	-0.4429	-0.2960	-0.5512	-0.0591	-0.1317	-0.1418	-0.5999	0.6484	0.1070	0.2548	0.6415	-0.3206	-0.2474	-0.0669	-0.5914	-0.5890	-0.2756	-0.6310	-0.2650	-0.0107	-0.5190	0.2185	-0.1281	-0.5950	0.6330	-0.7215	0.5959	0.2185	-0.0296	0.8397	0.7093	-0.2981	0.0525	-0.3579	-0.1215	0.5028	0.1691	-0.9120	-0.0764	-0.2418	-0.0159	0.1235	0.7232	-0.3817	0.3193	-0.7050	0.6084	1.1109	-0.1448	0.0868	-0.5963	-0.6277	-0.3526	-0.1661	-1.2000	-0.7437	-0.1568	1.0842	0.3453	-0.4044	0.0691	0.1377	-0.3433	2.0108
g__CAG-170	1.4014	0.4712	1.0064	-0.1106	-0.4815	1.3204	0.5227	-0.0297	-0.6309	-0.4570	0.1071	-0.5246	0.4632	-0.0821	0.2285	0.2481	0.3837	1.1796	-0.0036	0.0072	0.2200	-0.4906	-1.3816	-0.4256	0.4143	0.8709	4.3785	1.4066	0.4019	-0.3098	-0.5120	0.4878	-0.7062	-0.0496	-0.5504	0.2349	1.0042	-0.7914	-0.1269	-0.1587	-0.0615	0.4243	-0.9131	-0.8733	-0.4517	-0.5117	-0.4202	-0.2944	0.5901	0.2373	0.3609	1.1215	-0.3491	-1.2879	0.6280	-0.2444	-1.4557	-0.4601	-0.3453	0.4619	-0.5260	0.8098	0.6150	-0.5457	0.8489	-0.6160	0.0340	-0.1342	1.2133	0.5742	1.7733	0.1401	-0.0925	0.1443	0.5666	-0.5111	-0.6231	0.6124	-0.5213	0.4667	0.0692	-0.2597	-0.1980	-0.2947	-0.4728	-0.1779	0.1869	-0.3595	-0.1464	-0.4746	0.7762	-0.1958	-0.1565	0.2782	-0.1169	-0.3975	-0.2910	-0.1743	-0.3658	-0.4285	-0.3812	-0.0125	0.4320	0.0352	0.5991	-0.5005	0.1832	0.5242	-0.0534	0.6291	-0.5397	0.1567	0.3498	0.1907	0.3713	-0.5712	-0.5907	-0.2685	0.2057	0.2099	-0.1534	0.2500	-0.4734	0.1194	-0.0043	1.6673	-0.4356	0.8856	-1.5800	-0.4219	1.7549	0.2541	-0.5023	-1.0203	-0.8490	-0.7610	-0.0312	-0.8911	-0.5370	-0.3351	-0.2069	0.6863	-0.4352	-1.0931	0.4375	-0.2183	1.2842
g__CAG-177	0.8947	1.1948	0.9915	0.1168	-0.1902	0.5597	0.2097	-1.0179	-0.0270	-0.1989	0.1746	-0.4923	0.5058	-0.7010	0.5213	0.1417	-0.3508	0.9615	-0.2735	0.7912	0.1072	0.0192	-0.3171	-0.3438	-0.1616	0.2904	1.4066	4.7702	0.0673	-0.1937	0.1516	0.4019	-0.1815	0.2673	-0.5000	0.5750	0.8284	-0.2289	0.3554	0.7530	0.1311	-0.0988	-0.5809	-0.5811	-0.8496	-0.4200	-0.2118	-0.0545	0.0439	0.0811	0.2649	0.4144	-0.5030	-0.4269	0.7412	-0.1750	-1.0234	-0.6351	-0.0991	0.0994	-0.2397	0.3776	0.3322	-0.4974	1.0573	-0.8745	1.1474	-0.4170	0.6169	1.2873	1.3072	0.1472	-0.5121	-0.1334	0.0650	-0.5615	-0.1753	0.5273	-0.9123	0.7160	-0.7732	-0.2703	-0.1930	-0.1459	-0.2455	-0.5233	0.1747	-0.1653	-0.4692	-0.6650	0.7538	-0.2694	-0.4366	0.6405	-0.3097	-0.4540	0.0033	0.1107	0.1553	0.1696	-0.3588	0.1028	0.7104	0.1601	0.8690	-0.3582	0.5659	-0.2466	1.2769	0.3595	-0.5531	0.0410	0.6282	0.7633	-0.0332	0.0011	-0.3973	0.0641	-0.3357	0.0837	0.1650	-0.5520	-0.4146	-0.0879	-0.2375	1.3865	-0.2475	0.1773	-1.5582	-0.2471	0.3474	0.3162	-0.5108	-1.1184	-0.8139	-0.6901	-0.6920	-0.6550	-0.6124	0.0671	-0.0047	0.0475	-0.1363	-0.7942	0.0932	-0.2699	0.0170
g__CAG-217	0.3699	-0.4488	0.4410	0.0819	0.1896	-0.0806	0.1685	-0.2159	-0.7226	-0.2393	-0.5272	0.1232	-0.1325	-0.0468	-0.1788	-0.4056	0.6130	0.0341	0.1489	-0.2213	-0.6184	-0.0629	0.1525	0.1044	0.1671	-0.1415	0.4019	0.0673	5.3796	-0.7361	0.3468	0.5358	-0.0131	-0.2110	0.1988	-0.2585	0.9692	0.1455	0.3230	0.2311	0.5553	-0.3169	-0.5261	-0.6047	-0.0519	-0.2928	-0.0817	0.5107	-0.0683	-0.1663	0.1883	0.2430	-0.0886	0.4661	-0.2625	-0.0117	0.0702	-0.2741	0.0390	-0.2586	-0.3268	0.2611	-0.0122	-0.3434	-0.1563	-0.0357	0.4095	-0.0381	0.0339	-0.1516	0.5190	0.2207	0.4091	-0.0410	-0.1938	0.0895	0.3464	-0.1907	0.3005	0.3250	0.3134	0.5012	-0.2711	0.1706	-0.1833	0.0145	0.0790	-0.0846	0.1502	-0.0831	0.4177	0.0262	0.0124	0.1174	0.2795	-0.1773	-0.2612	-0.1830	-0.2139	-0.1943	0.2049	-0.2182	-0.3848	-0.0508	0.0109	0.2013	0.3247	0.1270	-0.1848	0.3745	0.3991	-0.0589	0.3327	0.2807	-0.3501	-0.4047	0.2660	0.5612	-1.1822	-0.3388	0.9257	0.3288	-0.2366	-0.0472	0.2243	0.2545	0.2059	0.0308	-0.4075	-0.2065	-0.6214	-0.2178	0.3343	0.2129	-0.5112	-0.5460	0.0670	-0.1679	-0.3092	0.3031	-0.1878	-0.0828	0.0699	-0.0246	-0.1893	-0.6966	0.1709
g__CAG-488	0.7330	0.2236	0.7480	0.2876	0.6840	-0.0459	0.5410	-0.4010	0.0138	-0.1131	0.2235	-0.1951	-0.1258	0.1865	-0.3992	0.0642	0.2051	0.4980	-0.4808	0.4385	-0.7257	-0.2639	-0.7879	-0.1567	0.3322	0.3585	-0.3098	-0.1937	-0.7361	6.8975	0.2301	0.2190	-0.3191	0.0421	-0.2282	0.3660	0.8331	-1.4259	0.3137	0.6429	-0.1023	-0.2378	0.3334	-0.0022	-0.2355	-0.1353	-0.2337	-0.1971	-0.0264	0.1420	1.0136	-0.6651	-0.0801	-0.1020	0.5120	-0.1743	-0.6050	0.3063	-0.1402	0.8540	-0.4463	0.6237	-0.4227	-0.0947	0.0341	-0.9080	1.1302	-0.3604	0.3051	0.1095	0.8901	0.0901	0.7879	-0.2399	0.3034	-0.5028	-0.2799	0.7919	0.2165	0.4495	-0.1974	-0.8389	-0.3568	-0.2182	0.0591	-0.4238	0.1871	-0.2259	-1.1977	-0.1331	1.2061	-0.8986	-0.2003	0.0913	-0.5189	-0.1622	-0.3336	0.5026	0.0465	-0.0444	0.1756	0.1532	-0.2908	-0.0206	0.3256	-0.0208	0.7325	-0.2118	0.3463	0.1594	0.4496	-0.0807	0.6070	0.0346	-0.8243	-0.3507	-0.4158	-0.1715	0.6485	0.1325	0.1149	0.2641	-0.0030	0.4827	0.8482	-0.0688	-0.6235	0.1978	0.0522	-0.2576	0.8036	-0.2335	-0.7582	0.3697	-0.3961	-0.6777	-0.1989	0.1670	-0.7460	0.2240	0.1742	-0.1462	0.3832	-0.8796	0.6645	-1.2746	-0.0184
g__Catenibacterium	0.2213	0.4507	-0.3985	0.0868	0.1757	-1.1479	0.1104	-0.2441	-0.3481	-0.0965	0.7086	0.0216	-0.0153	-0.1297	-0.3811	-0.3212	0.2755	-0.5789	-1.5379	2.1847	0.1146	0.1044	-1.5372	0.1901	-0.0067	0.1064	-0.5120	0.1516	0.3468	0.2301	10.1346	0.6570	-1.0491	-1.4629	-0.6278	1.2955	1.1291	-1.2602	1.5989	1.8584	0.3920	-1.3193	-1.8147	0.6554	-0.4003	-0.0522	0.1422	0.9851	0.1063	-1.1181	0.0636	-0.1930	0.2834	-1.3465	-0.2307	0.1748	-0.9685	-0.7916	0.2107	-1.1731	0.2498	0.6599	-0.1248	-0.4496	0.1323	-0.7748	2.8723	-0.1492	0.0112	0.4742	0.4356	0.8178	-0.1464	-0.9888	1.1356	-0.1896	0.0622	0.3826	0.3863	1.3302	0.1761	-0.6573	0.4943	-0.1856	0.8113	0.0688	0.1467	0.4393	0.9906	-0.1466	0.3257	-0.0663	-0.2254	0.3260	0.4010	-0.4334	0.3285	0.2774	0.1590	0.8060	-0.0127	0.1465	-0.1688	-0.2488	0.5477	-0.1991	-0.2912	-2.2114	1.6690	0.7027	0.3734	-0.3296	0.4930	-0.4869	-0.7059	0.6547	-0.1446	-0.0906	-0.9450	0.1539	1.7668	0.4686	0.1110	0.2006	0.0402	0.1141	0.0741	-0.6430	-1.9985	-0.8052	-0.9230	-0.2046	-0.5370	0.6655	-0.7494	0.2212	-1.1619	-0.4265	-1.0038	-0.1229	-0.4371	0.1585	0.2683	-0.0049	0.2534	1.6432	0.6382
g__Choladousia	0.6315	-0.3466	0.5041	1.1738	0.0498	0.2809	-0.1564	0.0940	-1.0602	-0.5908	0.2696	-0.5755	-0.3455	0.1838	-0.0719	-0.3463	0.5513	0.7189	-0.5131	1.2433	-0.9824	-0.7762	-0.4815	-0.1524	0.6668	1.2019	0.4878	0.4019	0.5358	0.2190	0.6570	4.2827	-0.4747	-0.5295	-0.9606	0.3657	0.6830	-1.1651	0.6701	1.2170	-0.2030	-0.2461	-1.2064	-0.3671	-0.6535	-0.0730	-0.4696	-0.4544	0.7113	0.1219	1.2422	0.0586	-0.0364	-1.3084	-0.0707	-0.2979	-1.7936	0.1102	-0.2340	0.6145	-0.4889	0.9055	-0.1108	-0.7632	0.0861	-0.1680	1.1434	-0.5652	0.7954	0.2441	1.4600	0.8785	-0.0776	0.9394	0.6642	-0.6398	-1.2331	0.6311	-0.4187	1.0215	0.3321	-0.3991	-0.5317	-0.1953	-0.3013	-0.7341	0.0931	-0.1764	-0.0413	-0.2927	1.0089	-0.5704	-0.1168	1.2319	-0.1084	-0.5561	-0.0101	-0.2460	-0.0903	-0.1310	-0.2988	-0.0686	-0.2562	-0.5572	1.0879	-0.2521	0.6819	1.2664	1.5357	1.5615	0.0714	-0.3768	0.4683	0.8001	-0.7651	0.0780	-0.1512	-0.5310	-0.1437	-1.0020	0.4173	-0.0949	-0.4107	-0.1925	0.1860	0.4237	0.2183	0.1347	-1.9038	0.6813	0.7228	-0.7473	-0.6521	-0.7798	-0.7842	-0.3388	-0.4071	-1.1395	-1.8036	-0.2946	0.7319	0.7355	0.0683	-0.1553	0.0184	-0.2807	1.0981
g__Clostridium	0.0986	-0.1241	-0.9895	-1.1325	0.2144	-0.2765	-0.3978	-0.4222	-0.1179	-0.0330	-0.4425	0.2769	-0.6751	-0.0568	-1.4740	-0.1945	-0.3163	0.1787	0.4902	-0.5775	0.7396	-0.1051	1.6584	0.0371	0.3341	0.2550	-0.7062	-0.1815	-0.0131	-0.3191	-1.0491	-0.4747	7.1298	0.2364	0.0904	-0.1858	-0.6284	1.8492	-0.0849	0.4474	-0.4779	-0.9807	-0.0775	0.5273	-0.4383	-0.1142	0.1941	1.0335	-0.2808	0.3086	-0.6870	-1.3913	0.9929	0.9452	0.2160	0.3400	-0.3438	0.8517	0.1862	0.1874	0.2753	-0.8016	-0.7374	0.5412	-0.2752	1.8484	-1.0760	0.0251	-1.2771	-0.8105	-1.7454	-0.3384	0.7216	1.3342	-1.0798	-0.3069	2.5638	-0.3872	0.4798	-1.4157	0.8492	0.7597	0.4874	-0.0213	0.5141	-0.4606	0.2547	0.0733	0.3689	-1.0941	-0.7895	0.4818	0.4629	-0.3945	-0.0321	-0.1475	-0.0382	0.1706	-0.5181	-0.4099	-0.4865	0.2052	-0.5910	-0.2598	-0.8268	1.2847	-0.0721	0.5501	0.4300	0.1333	-0.9187	-0.4177	-0.9230	0.0499	0.0394	-0.1450	-0.1099	0.0371	-0.5571	0.8182	-0.4032	-0.6148	-0.2625	-0.6370	0.1276	-0.4323	0.2372	0.5365	1.4211	0.2417	-0.7797	-0.6317	1.1204	0.1895	0.2668	0.8742	-0.0100	1.6909	0.6220	2.0288	0.0783	-0.5240	0.0031	1.7351	-0.8188	0.3177	-0.1821
g__Clostridium_A	-0.1507	0.2772	0.1317	-0.5045	-0.1252	0.9475	-0.1401	-0.2488	0.6435	-0.0100	-0.1621	0.0983	0.3554	-0.3634	0.2331	0.4009	-0.5999	-0.0956	0.5694	-0.4514	0.1909	0.3424	-0.0961	0.0657	-0.2735	-0.2734	-0.0496	0.2673	-0.2110	0.0421	-1.4629	-0.5295	0.2364	2.7915	0.7671	-0.3565	-0.1762	0.8648	-0.3594	-1.2445	0.4189	-0.0913	0.8507	-0.3386	0.0361	-0.1640	0.1764	-0.6987	-0.0210	-0.4376	-0.8287	0.1665	-0.3652	0.5759	0.0032	0.0093	0.4146	0.2515	0.0377	-0.0857	-0.1313	-0.3235	0.4196	-0.1468	0.2983	0.0912	-0.8074	-0.0369	-0.4435	0.4239	-0.4337	-0.2053	0.0936	-0.1290	-0.4691	0.4091	0.0364	-0.1659	-0.5112	-0.4725	-0.3569	0.2680	0.1129	-0.0084	0.2107	0.2414	-0.0230	0.0014	-0.3664	0.0431	-0.1393	0.0206	-0.0262	-0.4924	-0.0607	-0.1124	-0.0249	0.1099	0.6074	0.3428	0.0733	0.4420	0.5515	0.2689	-0.0007	0.0442	-0.0980	-0.8203	-0.4554	-0.1253	-0.1919	0.2875	0.0225	-0.4158	0.3933	-0.3188	0.3865	-0.0063	0.3721	0.1644	-0.6334	-0.2673	0.1597	-0.0359	-0.1758	0.1685	-0.2449	0.0566	1.0967	0.2556	0.6302	0.5854	0.1362	-0.2038	0.5021	-0.1757	0.2205	0.2207	1.0939	0.5408	-0.0233	-0.2181	0.0199	0.0097	-0.4804	-0.1730	-0.3340
g__Clostridium_AP	-0.3689	0.2539	-0.9470	-0.8608	-0.5776	-0.3118	0.0075	0.1087	0.7155	0.6984	-0.1663	0.8374	0.2065	0.0852	0.6890	0.1743	-0.8003	-0.7192	0.9857	-1.9067	0.1822	0.8173	0.5470	0.4009	-1.0021	-0.2149	-0.5504	-0.5000	0.1988	-0.2282	-0.6278	-0.9606	0.0904	0.7671	4.7972	-0.7705	-1.0858	0.8733	-0.8638	-1.8903	0.5696	-0.0811	1.3034	-0.2143	0.8398	0.3805	0.3966	-0.1149	-0.4724	-0.6601	-1.7185	0.1378	-0.2329	1.6952	-0.6446	0.1840	1.5059	-0.4872	0.7904	-0.4015	0.4395	-1.0406	0.0884	0.4556	-0.2857	0.3067	-0.8108	0.2232	-0.5042	-0.0478	-1.1417	-0.5507	-0.2591	-0.2789	-0.4329	1.2486	0.1419	-0.8688	0.0751	-1.6121	-0.0957	0.2169	0.2822	0.2602	0.1971	0.8127	-0.2168	0.4174	0.0364	-0.2769	-0.5714	0.2735	0.2666	-1.5493	0.1997	0.5523	0.2527	0.0557	0.4786	0.3932	0.3200	0.5451	0.2495	0.7374	-1.1039	-0.1709	0.0569	-0.4406	-1.6335	-0.7135	0.3007	0.2473	0.4070	-0.6380	0.6841	-0.1020	1.0016	0.8437	-0.1125	0.1827	-0.2928	-0.0006	0.3118	-0.1634	-0.3623	-0.9997	0.2321	-0.1226	2.6402	-0.2601	-1.0685	0.2973	0.7231	1.0997	1.5692	0.2493	0.4683	0.1707	1.7927	0.5399	0.0895	-0.5918	0.1605	0.6509	-0.7415	0.3084	-0.6556
g__Collinsella	0.2216	-0.5478	1.0912	1.1895	0.3313	0.9480	0.2481	-0.2443	-0.7213	-0.5287	1.7630	-0.5260	0.4954	-0.2930	0.0384	-0.3101	-0.0170	0.3009	-0.4209	1.8418	0.9450	0.3155	-1.6613	-0.1113	0.4026	-0.2866	0.2349	0.5750	-0.2585	0.3660	1.2955	0.3657	-0.1858	-0.3565	-0.7705	9.0207	1.6011	-1.5030	0.7038	2.1844	0.4902	0.5403	-1.5528	-0.3791	-1.0857	-0.1954	-1.3603	-0.2161	-0.0539	0.5022	-0.0499	0.8240	-0.1699	-1.9820	0.1429	-0.3646	-2.7271	0.9304	-0.7469	-0.3367	0.3819	2.3691	0.2819	0.1358	0.7801	-0.3029	2.1822	-0.1825	1.0965	1.0654	-0.6833	-0.2504	0.5374	0.1201	0.3151	-1.3627	-1.7592	0.3640	-0.3186	0.8352	-0.1003	-1.0833	-0.2536	-0.6721	-0.2885	-0.4851	0.0576	-0.0301	-0.4101	0.1395	0.8324	-0.7231	-0.7446	1.0734	-0.6917	-0.8205	0.2975	0.1025	0.9681	-0.1346	-0.4748	-0.0670	-0.5227	-0.1300	1.6191	-1.4207	-0.0374	1.4969	2.0867	0.2099	0.1130	0.1409	0.2063	0.5982	0.0996	-0.1297	-1.5707	-1.0613	-0.2917	0.4156	1.0922	0.1682	-0.5793	-0.3328	-0.4112	0.4402	0.0486	-0.5848	-2.3879	0.2326	0.8908	-0.5281	-0.6587	-0.2314	-0.2948	-0.1414	0.4809	-0.0984	-2.2813	0.6382	0.0286	-0.0893	0.6878	-1.4412	0.8010	-0.1594	-0.5892
g__Coprococcus_A	1.3285	-0.2627	1.6809	1.1574	1.0410	1.5470	0.1077	-0.1311	-0.9525	-0.8630	0.9271	-0.5457	-0.3979	-0.4143	-0.9595	-0.3345	0.4430	0.6118	-0.5074	2.8462	-0.3281	-0.3275	-2.4731	-0.5704	0.5872	0.0084	1.0042	0.8284	0.9692	0.8331	1.1291	0.6830	-0.6284	-0.1762	-1.0858	1.6011	6.3506	-1.5557	2.9342	2.3554	0.9409	-0.0870	-1.4919	-0.7822	-1.3074	-0.8119	-1.0113	-0.0612	-0.0055	0.0121	2.4143	1.2371	0.0346	-3.2946	0.5219	-0.3478	-2.0791	0.2981	-0.7828	0.2487	-0.7677	2.7837	-0.2652	-1.1025	0.2075	-0.9817	0.9085	-0.1858	1.6841	0.7562	2.4194	0.6894	0.3783	-0.6640	1.1689	-1.0913	-1.1969	0.9098	-0.6147	1.7980	-0.5004	-1.4004	-0.7514	-0.6426	-0.1518	-0.4115	0.5632	-0.4663	-0.2746	-0.4590	1.6691	-0.9197	-0.6356	1.6246	-0.6097	-1.1438	-0.5461	0.1529	-0.7581	-0.5318	-0.3134	-0.4933	-0.3096	-0.1835	1.4596	-0.9158	-0.1968	0.9787	2.2296	1.1019	-0.4128	0.5394	0.7012	0.6070	0.1522	-0.3760	-1.1327	-0.4303	0.0901	0.8525	0.4449	-0.1523	-0.7727	0.1427	0.1313	0.9934	-0.8564	-0.1129	-3.2496	-0.1292	0.2301	0.0749	-0.3262	-0.4874	-2.7798	-0.9899	0.0903	-0.1629	-2.3713	-0.2427	-0.1378	0.9411	-0.0443	-1.3632	1.1609	-0.6061	0.4560
g__Dialister	-1.1818	0.6012	-2.1243	-0.2344	-0.1498	0.2576	-0.5486	0.4485	0.3878	-0.2289	-1.2165	0.4231	0.3227	-0.0144	0.2244	-0.4296	0.4036	0.0139	1.9655	-1.1972	1.0990	0.4426	0.2090	0.1482	-0.7419	-0.1148	-0.7914	-0.2289	0.1455	-1.4259	-1.2602	-1.1651	1.8492	0.8648	0.8733	-1.5030	-1.5557	13.3754	-1.4371	-1.4186	0.1105	-0.2308	2.2967	1.0055	-0.0697	-0.2561	0.8017	1.5495	0.2178	1.0364	-1.7627	-1.9536	1.2071	2.2300	0.1587	0.1028	1.5939	0.3765	0.2923	0.4306	0.5857	-0.6123	-0.2044	0.3218	-0.2558	2.2180	-1.9266	0.3449	-0.7101	-0.5137	-1.8385	-0.6452	-0.1139	0.3146	-1.6740	0.6415	3.0035	-0.4789	0.2208	-2.2762	0.8474	1.1948	-0.0667	-0.0331	-0.4181	0.6568	-0.5531	0.1384	0.6639	-0.8239	-1.5003	0.5794	-0.6867	-0.9404	0.1247	0.9237	-0.1797	0.2135	0.5699	0.3898	-0.3254	0.0343	0.3004	0.5268	-0.9249	1.0224	0.3296	-1.1060	-0.7247	-0.6571	-0.1651	-1.4014	-1.3904	-1.2440	0.4244	-0.1886	0.4490	0.9543	-4.2863	-0.0184	-1.3578	-0.1450	0.4563	-0.8957	0.4832	-0.4084	0.0592	0.3385	1.8663	1.2578	-0.8140	-0.1334	1.0204	-1.4667	2.0188	0.8432	0.4761	1.3947	2.2286	1.9730	-0.1682	0.1162	-0.2131	2.1475	-0.1602	-0.2054	-0.9926
g__Dorea	0.9047	-0.3145	0.9718	0.9347	1.8396	0.9387	-0.0699	0.0358	-0.4093	-1.0494	0.9150	-0.1749	-0.3675	-0.1650	-0.7329	-0.1811	0.2102	-0.2330	-0.8384	3.2612	-0.2629	-0.2179	-2.3612	-0.3459	-0.1119	-0.1516	-0.1269	0.3554	0.3230	0.3137	1.5989	0.6701	-0.0849	-0.3594	-0.8638	0.7038	2.9342	-1.4371	7.0045	3.7957	0.1742	0.0265	-0.9962	-0.1271	-1.6813	-0.3925	-0.4203	-0.6181	0.1602	1.0011	2.1180	0.8370	0.5488	-4.2716	0.3696	-0.4016	-1.4068	1.0719	-0.7412	0.5893	-0.7213	2.3572	-0.3095	-0.9983	0.1859	-1.2777	1.3210	-0.3634	0.8758	0.6965	1.6959	0.3530	0.5508	-0.0672	0.6896	-0.9281	-1.6039	0.4104	0.0570	1.5810	-0.5959	-1.1897	-0.3119	-0.2837	0.2412	-0.7269	0.5347	-0.3229	0.4603	0.4347	1.2297	-0.7553	-0.6676	1.8506	-0.3923	-1.1180	-0.4113	0.8582	-0.8684	-0.2418	-0.6259	0.0588	-0.5881	-0.6236	1.0512	-0.9525	-0.0926	0.2615	2.3960	1.2753	-0.2548	0.0982	-0.0501	0.0362	-0.2683	0.2452	-0.3972	-0.4240	0.3932	0.1616	0.5152	0.0078	-0.6275	-0.2441	0.3607	0.6607	-0.3868	-0.1042	-2.6456	-0.2522	-0.2668	0.0146	-0.6271	0.6726	-2.7544	-0.4491	-0.3049	-0.3751	-2.7629	-1.1010	-0.3488	0.6729	-0.2076	-1.7268	1.1085	0.3380	0.4824
g__Dorea_A	0.5911	-1.2164	0.7568	1.1297	1.1658	0.2533	-0.0620	-0.0766	-1.2541	-0.8774	-0.1346	-0.5345	-1.4015	0.4916	-1.0752	-0.7918	0.6796	-0.1248	-1.1201	2.6375	-0.8504	-0.4589	-1.2496	-0.5070	0.9882	0.0397	-0.1587	0.7530	0.2311	0.6429	1.8584	1.2170	0.4474	-1.2445	-1.8903	2.1844	2.3554	-1.4186	3.7957	9.2407	0.0423	-0.4838	-1.7524	0.3312	-1.3495	-0.2003	-1.1577	-0.3022	0.4520	0.7010	3.0409	1.0128	0.5152	-3.2988	0.2186	-0.4106	-2.2581	1.5070	-0.4284	0.3790	0.0649	2.7577	-0.9126	0.1620	-0.2670	0.7820	2.3243	-0.7037	0.1281	0.5520	1.6897	0.4187	-0.0770	0.5044	0.0170	-1.2181	-1.3546	0.4665	-0.7778	0.1710	-0.0682	-1.0495	0.1630	-0.5455	-0.1254	-1.0344	0.2802	-0.4122	0.3513	-0.2158	1.0799	-0.7266	-0.7849	2.3195	-0.6657	-0.6412	-0.2986	1.1716	-0.0845	-0.5164	-0.8548	-1.1004	-0.2859	-0.5403	1.6160	0.0534	-0.1855	2.0045	2.9259	0.5668	-0.0619	-0.3745	0.4678	0.3847	-0.1905	0.1861	-1.2634	-0.5301	-0.4918	0.1904	1.3537	0.0104	-0.7750	-0.7195	0.1480	0.2701	0.8716	-0.4595	-2.5005	0.2688	-0.4785	-0.2836	-0.8779	0.5637	-2.1654	-0.0221	-1.3873	-0.6586	-2.7860	-0.5718	0.3337	0.5080	0.3152	-0.0834	0.8019	-0.3521	0.5849
g__Dorea_D	-0.2682	0.0110	-0.0294	-0.1880	0.1479	0.3039	0.0650	0.0629	-0.2210	0.0313	-0.1672	-0.0478	-0.3094	-0.1324	0.1369	-0.1746	0.3363	-0.7980	-0.1467	0.6889	0.2039	0.3588	-0.2507	-0.0492	-0.1527	-0.6608	-0.0615	0.1311	0.5553	-0.1023	0.3920	-0.2030	-0.4779	0.4189	0.5696	0.4902	0.9409	0.1105	0.1742	0.0423	5.2282	0.2233	-0.0032	-0.1269	-0.1511	-0.2916	-0.1024	-0.2211	-0.4830	-0.2287	-0.1466	-0.4053	0.0345	-0.0392	-0.2856	-0.0169	0.2729	-0.3139	-0.2075	-0.3687	-0.3965	0.2095	-0.1159	-0.0803	0.0553	-0.1625	0.1641	-0.2562	0.1999	0.1105	0.9405	0.0879	-0.0431	-0.1887	0.1040	-0.0648	-0.8850	-0.1083	0.5148	0.6035	-0.9330	-0.1016	0.0284	0.0362	0.2432	0.4853	-0.4182	-0.1215	-0.3858	0.1159	0.3727	-0.1418	-0.3003	0.6620	-0.1203	-0.3383	-0.1926	0.3786	0.7481	0.2135	-0.0494	-0.1935	-0.0370	0.2942	0.3644	-0.1880	0.1589	-0.4704	0.5396	-0.5647	-0.1394	0.4204	0.4200	0.0979	-0.7306	0.1378	0.0939	0.0980	-0.3005	-0.0124	0.9608	-0.0726	-0.0508	0.4851	-0.5611	0.0293	0.3368	-0.2658	0.7475	-0.6689	0.3865	-0.3310	0.0112	-0.0213	0.0007	-0.1277	0.4915	-0.2825	0.4849	0.0399	-0.4642	-0.3925	0.3451	0.1105	0.2988	-0.4704	-0.4094
g__Dysosmobacter	0.8051	0.0799	0.1733	0.5996	-0.0084	1.3422	0.0636	1.3092	0.0026	-0.5592	0.3288	0.0401	0.5884	-0.3282	0.9492	0.0919	0.5174	-0.2475	0.6033	0.2035	0.2504	-0.7429	-0.6075	-0.1777	0.3852	-0.7345	0.4243	-0.0988	-0.3169	-0.2378	-1.3193	-0.2461	-0.9807	-0.0913	-0.0811	0.5403	-0.0870	-0.2308	0.0265	-0.4838	0.2233	3.9594	0.0694	-0.2771	0.0904	-0.3670	-0.3803	-0.4604	-0.2634	1.5198	0.2905	0.4211	0.0327	-1.3021	-0.1748	-0.4630	1.1470	-0.2945	-0.9807	0.6596	-0.2400	0.1236	0.5396	-0.2584	0.2241	-0.5877	-0.6797	0.6308	0.7070	-0.3244	0.6711	-0.1941	-0.0141	0.4838	1.0570	-0.0876	-1.2772	0.0978	-0.5695	0.3478	1.0604	-0.3742	-0.4415	0.0394	-0.7417	-0.1167	-0.0039	-0.4299	-0.5212	1.8362	-0.0780	-0.2311	-0.2949	0.4919	-0.4068	-0.1702	-0.2479	-0.0189	0.3767	-0.0517	0.0854	-0.2791	-0.0272	-0.2537	0.1781	-0.6678	1.0461	-0.6321	-0.1613	-0.2386	0.1505	0.9653	-0.0019	-0.2939	0.7777	-0.2925	0.1077	-0.5662	0.1005	0.2981	-0.6657	0.4382	-0.1150	0.4391	0.7453	0.1575	-0.3426	0.0160	-0.4037	-0.1096	0.1559	0.0844	-0.8286	-0.6743	0.9289	-0.2911	0.7216	-0.3135	-0.3926	-1.1746	-0.6898	0.1733	-0.3843	-0.6531	1.1196	-0.0455	-0.0953
g__Eggerthella	-1.1440	1.1577	-1.8792	-0.6983	-0.4366	-1.1574	-0.0877	0.2096	1.4430	0.5554	-0.5029	0.9362	0.7431	0.1303	0.3403	0.3232	-0.5628	-0.6338	0.9232	-1.3987	0.4963	0.5175	2.0823	0.4323	-1.0116	-0.5030	-0.9131	-0.5809	-0.5261	0.3334	-1.8147	-1.2064	-0.0775	0.8507	1.3034	-1.5528	-1.4919	2.2967	-0.9962	-1.7524	-0.0032	0.0694	6.2730	0.0764	0.6484	0.4321	1.0399	-0.0211	-0.5204	-0.3615	-1.4344	-1.0696	-0.0144	2.8025	-0.1719	0.4144	2.1163	-0.3281	0.8025	-0.7468	1.0816	-1.9301	0.4180	1.0283	-0.0365	0.2314	-1.8654	0.9297	-0.8542	0.1613	-2.1901	-0.8558	-1.2465	-0.4576	-1.0296	1.3685	1.1341	-0.7059	0.1461	-1.4380	-0.3218	0.9217	0.6209	0.7056	-0.2224	0.6642	-0.2687	0.3928	-0.4686	-0.7680	-1.0726	-0.0254	1.2107	-1.6174	0.3090	0.9506	0.3338	0.3679	0.0378	0.9029	0.4081	0.2775	0.4750	0.8300	-1.6996	1.1375	-0.3508	-0.8484	-2.2440	-1.0579	-0.0788	-0.3056	-1.0580	-0.7549	0.7926	0.3924	1.5395	0.7027	-0.8432	-0.6120	-0.7530	-0.4421	0.7231	-0.3678	-0.6888	-0.7145	0.4743	-0.1285	3.3915	0.1606	-0.6478	0.5566	0.8280	0.9308	1.7068	1.4927	-0.2841	1.3395	2.8326	0.1604	-0.5694	-0.6201	-0.3329	1.5648	-1.1370	-0.1465	-0.8397
g__Enterobacter	-1.0902	-0.1608	-0.1455	-0.0937	-0.1929	-0.6441	-0.2174	-0.2292	0.0254	-0.0527	-0.3562	0.1928	-0.2064	0.3737	-0.5563	-0.1629	-0.5399	-0.4565	0.0111	0.4290	-0.0151	0.1092	0.5340	-0.0184	0.0897	-0.2318	-0.8733	-0.5811	-0.6047	-0.0022	0.6554	-0.3671	0.5273	-0.3386	-0.2143	-0.3791	-0.7822	1.0055	-0.1271	0.3312	-0.1269	-0.2771	0.0764	4.4381	0.4367	0.6607	0.2080	0.4640	-0.2382	0.2618	-0.3410	-0.5650	0.0949	0.8463	-0.2879	0.3997	0.7533	0.1257	0.2144	-0.0008	-0.0377	-0.6115	-0.3356	0.2950	-0.5131	0.9118	0.2209	-0.3361	-0.7073	-0.2718	-0.8064	-0.3340	-0.4334	-0.0820	-0.2197	-0.0031	0.4858	-0.1597	1.7806	-0.2541	0.1153	0.1033	0.2166	-0.2725	0.5603	0.1695	-0.3045	-0.0607	0.6911	0.5346	-0.7588	0.6645	0.0649	-0.6338	0.1661	0.3007	0.2558	-0.0749	0.1696	0.0940	0.0804	-0.1629	-0.2338	-0.1087	-0.8889	0.4924	-0.1872	-0.2303	-0.2799	-0.7979	0.5421	0.4663	-0.2808	-0.5831	-0.4244	0.7384	0.2171	0.1730	0.5131	0.3530	-0.1413	-0.0705	0.4429	0.0110	-0.1116	-0.6190	0.4413	-0.4271	0.8671	0.3167	-1.2299	0.1362	0.1489	0.9399	0.1733	0.5496	0.3047	0.4749	0.3340	0.2277	-0.0078	-0.5411	-0.0433	0.6640	-0.4336	0.8312	-0.0878
g__Enterocloster	-0.1452	-1.0300	-0.9146	-0.4878	-0.7761	-0.7461	0.1186	1.3734	0.2063	0.8632	-0.7246	0.2695	-0.5055	-0.2155	0.2743	-0.0141	-0.2871	-0.2279	0.3997	-2.1371	-0.4215	-0.1063	1.7505	0.3523	0.9743	-0.0585	-0.4517	-0.8496	-0.0519	-0.2355	-0.4003	-0.6535	-0.4383	0.0361	0.8398	-1.0857	-1.3074	-0.0697	-1.6813	-1.3495	-0.1511	0.0904	0.6484	0.4367	4.0834	0.4183	0.6451	-0.1957	-0.4378	-0.4040	-1.5464	-0.6067	-0.0861	2.7006	-0.0909	0.0821	1.6125	-0.1303	0.5188	-0.3633	0.3812	-1.6723	0.1770	0.5220	-0.5092	1.0646	-1.7063	-0.0506	-0.9385	-1.1198	-1.2526	0.0515	-0.5600	-0.6153	0.5247	1.0854	1.0984	-0.3033	0.6026	-0.9766	0.7499	0.6631	0.1544	0.3398	-0.0575	0.2189	-0.1335	0.1607	-0.4378	0.8369	-1.1348	0.3773	0.3999	-1.4099	0.3798	0.3933	0.1566	-0.2074	0.3118	-0.0495	0.4988	-0.3241	-0.1689	0.1763	-0.8834	0.7894	-0.8155	-1.0057	-1.5330	-1.3038	1.9894	0.2422	0.2830	0.0013	0.5294	-0.1548	0.4688	0.2585	1.3979	0.5076	-0.3138	0.1480	0.5115	0.0600	0.1104	-0.4694	-0.2369	-0.1586	2.3058	-0.0197	-0.2695	-0.1157	0.2673	0.7482	0.3741	-0.0079	1.3746	-0.5052	2.2788	-0.3322	0.0501	0.2004	0.3364	1.4644	-0.3501	0.6319	-0.0556
g__Enterococcus	-0.9273	0.2555	-0.6947	-0.5542	-0.5758	-0.4829	0.1581	-0.4576	0.6266	0.4768	-0.1701	0.1625	-0.0315	0.3145	-0.4096	0.0046	-0.6064	-0.5368	-0.2733	-0.2526	-0.0022	0.0355	0.8871	0.1778	-0.2350	-0.4214	-0.5117	-0.4200	-0.2928	-0.1353	-0.0522	-0.0730	-0.1142	-0.1640	0.3805	-0.1954	-0.8119	-0.2561	-0.3925	-0.2003	-0.2916	-0.3670	0.4321	0.6607	0.4183	3.2787	0.4160	0.6340	-0.2313	-0.3144	-0.4507	-0.5290	-0.2274	1.0940	-0.1658	0.4775	0.5496	-0.1170	0.5886	-0.4041	0.4305	-0.5342	0.0240	0.2828	-0.2877	0.5142	0.2903	-0.0199	-0.1780	-0.3167	-0.7271	-0.3144	-0.2375	-0.4975	-0.3117	0.1793	0.3597	-0.2003	0.7655	-0.2915	-0.3858	0.0353	0.2725	0.3175	0.1618	0.2652	-0.1377	0.3512	0.2012	0.0846	-0.3707	-0.0800	0.1526	-0.6889	0.1681	0.3175	0.4704	0.0973	0.4779	0.1172	0.2086	0.1444	0.0493	0.1897	-0.6817	0.3812	0.2536	0.3291	-0.3186	-0.3527	0.0911	0.1490	-0.3029	-0.1648	-0.1153	0.6058	0.5531	0.3501	0.3857	-0.3186	0.0849	-0.1957	0.1805	-0.0834	-0.6073	-0.6056	0.3332	-0.1149	1.4704	0.1322	-0.4704	-0.0431	0.3105	0.8103	0.5929	0.1688	0.0189	0.0764	0.5480	0.0719	0.3752	-0.4708	0.2322	0.2034	-0.6284	0.1815	-0.1487
g__Enterococcus_A	-1.0344	0.1672	-0.9789	-0.5968	-0.6244	-1.4853	-0.0186	0.4506	0.7629	0.7078	-0.2956	0.6698	-0.0796	-0.0436	-0.4376	0.0197	-0.7357	-0.5354	-0.0107	-1.0316	0.3623	0.3761	1.4296	0.4283	-0.3291	-0.1616	-0.4202	-0.2118	-0.0817	-0.2337	0.1422	-0.4696	0.1941	0.1764	0.3966	-1.3603	-1.0113	0.8017	-0.4203	-1.1577	-0.1024	-0.3803	1.0399	0.2080	0.6451	0.4160	3.5416	0.7012	-0.2621	-0.3935	-0.6421	-0.5846	0.3116	2.0466	-0.0946	0.4642	1.4378	-0.8357	0.9135	-0.8769	0.4464	-1.6238	-0.3671	0.5392	-0.2914	0.5106	-0.3223	0.1484	-0.5142	-0.3462	-1.1781	-0.1251	-0.6235	-0.7035	-0.5876	0.4181	1.0589	-0.4163	0.7922	-0.5604	-0.1859	0.9549	0.5532	0.7217	0.6283	0.0270	-0.1481	0.2770	0.1940	-0.2547	-0.6925	0.3117	0.4242	-0.9295	0.6496	0.4355	0.2880	-0.2240	0.3415	0.3748	0.2250	0.1727	-0.1407	0.1223	-0.8879	0.6663	-0.4672	-1.0840	0.1567	-0.5264	-0.5184	-0.3671	-0.2268	0.0103	-0.3040	0.3947	0.8689	0.8154	0.1718	0.0279	0.0005	-0.0421	0.5912	-0.1517	-0.3130	-0.5347	0.2228	0.4097	2.1983	-0.5815	-0.9846	-0.2078	0.4399	0.0214	0.2556	0.2721	0.1368	0.5660	1.6407	0.0122	0.0978	-0.3635	0.1427	0.9028	-1.0520	0.4371	-0.3450
g__Enterococcus_B	-0.3124	0.2800	-1.6528	-0.5425	-0.8673	-1.2544	0.3677	-1.0652	0.3772	-0.1408	-1.2222	0.4412	-0.0593	0.0489	-1.1790	0.2180	-0.6221	-0.2892	-0.3784	0.0980	-0.2552	0.2245	0.9895	0.4229	0.7738	-0.6832	-0.2944	-0.0545	0.5107	-0.1971	0.9851	-0.4544	1.0335	-0.6987	-0.1149	-0.2161	-0.0612	1.5495	-0.6181	-0.3022	-0.2211	-0.4604	-0.0211	0.4640	-0.1957	0.6340	0.7012	6.9070	-0.5143	-0.2114	-0.1904	-0.5427	0.6434	1.8628	-0.0952	0.6236	1.0031	-0.9252	0.6103	-0.7818	-0.0374	-0.9367	-0.4476	-0.2429	-0.0612	0.7746	1.3710	-0.0604	-0.2660	-0.3617	-1.0224	0.1654	-0.1726	-0.1226	-0.2039	-0.2530	1.6389	-0.3143	1.4807	-1.1897	-0.6248	1.0301	0.9459	0.5927	0.4177	0.3697	0.1440	0.2997	-0.2570	-0.7367	-0.1039	0.3031	-0.0139	-0.6920	0.9416	0.4019	0.4503	-1.4339	0.7515	0.0150	-0.0528	0.3355	-0.3774	0.2002	-0.4546	0.6138	0.1195	-0.3073	0.5222	-0.4256	-1.0215	-0.7680	-0.1106	-0.6101	0.0966	0.3945	0.3148	0.8585	-0.7334	-0.5560	0.8648	-0.3805	0.3015	0.0374	-0.3145	-0.4360	0.1901	0.1543	1.0475	-0.3425	-1.5334	-0.3286	0.6953	0.3781	0.0026	0.3789	-1.0642	0.8472	0.9639	1.0601	-0.1658	-0.4062	0.3311	1.0913	-0.3516	-0.6136	-0.3087
g__Eubacterium_F	0.4611	-0.0734	0.8953	-0.3113	0.0377	0.5305	-0.3564	-0.1144	-0.6506	-0.1817	0.1391	-0.4262	-0.0993	0.0413	-0.3802	-0.3659	-0.0475	0.6581	-0.0699	0.4712	0.1091	-0.6306	-0.7396	-0.2539	0.3379	1.5927	0.5901	0.0439	-0.0683	-0.0264	0.1063	0.7113	-0.2808	-0.0210	-0.4724	-0.0539	-0.0055	0.2178	0.1602	0.4520	-0.4830	-0.2634	-0.5204	-0.2382	-0.4378	-0.2313	-0.2621	-0.5143	3.6903	0.1804	-0.1307	1.0321	-0.1236	-0.6469	-0.0091	0.1567	-1.0599	0.1484	-0.2019	0.0753	-0.0779	0.4179	-0.0112	-0.3198	0.2668	0.0432	0.3025	-0.1506	0.4515	0.1275	0.7537	0.4515	0.1029	1.2129	0.4445	-0.2555	-0.2151	0.3430	-0.1315	0.0475	0.2360	-0.2091	0.0606	-0.2971	-0.3256	-0.0621	0.1651	-0.2254	-0.4838	-0.2109	0.7928	0.1237	-0.2594	0.1223	-0.2540	-0.3234	-0.1851	-0.3905	-0.4003	-0.1145	-0.1646	-0.0695	0.0302	-0.3229	0.2674	-0.4314	-0.0597	0.3670	-0.2083	0.6154	-0.2010	-0.1428	0.2330	0.4475	0.0123	0.0762	-0.4621	-0.1496	0.1833	-0.0046	-0.5457	0.0837	-0.1903	0.0321	0.1949	0.5232	-0.2752	0.7552	-0.7308	0.7395	0.6104	-0.1657	-0.4248	-0.6454	-0.2274	-0.4797	0.1726	-0.3455	-0.4753	0.0705	0.1413	0.0827	-0.2209	-0.2147	-0.1548	-0.5697	1.5205
g__Eubacterium_G	0.7279	0.2408	0.8377	1.0210	0.7594	0.9849	-0.2051	1.0363	0.0434	-0.8136	0.4853	-0.1455	0.0764	-0.1789	-0.2620	-0.0427	1.1368	-0.1113	0.7860	0.8157	0.5418	-0.6421	-1.8100	-0.5429	1.2925	-0.0849	0.2373	0.0811	-0.1663	0.1420	-1.1181	0.1219	0.3086	-0.4376	-0.6601	0.5022	0.0121	1.0364	1.0011	0.7010	-0.2287	1.5198	-0.3615	0.2618	-0.4040	-0.3144	-0.3935	-0.2114	0.1804	6.2598	1.1615	0.1335	0.2933	-1.9063	0.5111	-0.1354	-0.2273	0.5051	-0.8831	1.0085	-0.7129	1.9065	0.4143	-0.2067	0.1516	-0.7846	-0.0453	-0.0098	0.0105	-0.1854	0.5038	-0.2989	0.4412	0.6861	0.0873	-1.0325	-0.1262	-0.1131	0.0517	0.2382	0.2302	-0.2747	-0.5580	-0.6072	-0.4120	-0.4779	-0.2357	-0.8244	-0.0144	0.8471	0.5176	-0.5137	-0.4795	0.4317	-0.4703	-0.6682	-0.4931	0.4607	0.0921	-0.4509	-0.4882	-0.4108	-0.6138	-0.1998	0.7273	-1.0298	0.4196	0.2419	0.6829	0.2406	0.0702	0.1385	0.0679	-0.0743	-0.5068	-0.4645	-0.4375	-0.4214	0.3359	0.3851	-0.2906	0.1595	-0.1053	-0.1062	0.5148	0.2973	-0.7079	0.1711	-1.6353	0.5419	1.0742	-0.5519	-0.8656	-0.9252	-0.1829	-0.6614	0.1825	0.0605	-1.4268	-0.3541	0.6327	-0.0833	-0.1863	-1.5099	1.2472	-0.3175	0.3134
g__Eubacterium_I	0.7832	-0.4039	1.2174	1.4614	0.8049	0.0485	-0.2134	-0.1299	-0.5979	-0.9939	0.1394	-0.4454	-0.3670	0.1218	-0.7323	-0.1979	1.1879	0.2329	-1.0309	2.2270	-0.3726	-0.2035	-1.4193	-0.4741	1.4592	-0.1024	0.3609	0.2649	0.1883	1.0136	0.0636	1.2422	-0.6870	-0.8287	-1.7185	-0.0499	2.4143	-1.7627	2.1180	3.0409	-0.1466	0.2905	-1.4344	-0.3410	-1.5464	-0.4507	-0.6421	-0.1904	-0.1307	1.1615	8.1189	1.3115	0.5828	-2.3868	0.3445	-0.0782	-1.1233	1.1855	-0.8001	1.6425	-0.9668	1.7726	-0.0491	-0.4854	-0.1474	-0.6966	1.4450	-0.2429	0.8197	0.4624	2.7910	0.2316	0.5617	0.4734	0.3171	-0.8924	-1.3290	0.4590	-0.3680	1.0911	-0.1763	-1.2904	-0.8858	-0.4881	-0.4117	-0.7280	0.0525	-0.1618	0.6698	0.1034	1.1019	-0.6455	-0.2535	2.1153	-0.0972	-0.9142	-0.3305	0.4965	0.2689	-0.8073	-0.5072	-0.4425	-0.7084	-0.2968	1.9388	0.0185	1.3909	1.5851	1.7877	1.1094	-0.2643	-0.8968	0.3573	0.8874	-0.5951	0.1860	-1.1215	-0.7492	0.2256	-0.9352	0.5273	0.6411	-0.3414	-0.2647	1.4645	0.3942	-0.5856	-0.6543	-2.5479	-0.4340	0.0199	-0.7371	-0.1104	-0.2564	-1.7237	-0.4092	-1.1536	-1.1144	-2.4307	-1.1869	0.7848	0.6500	-0.4820	-1.1476	0.7720	-1.0024	0.1948
g__Evtepia	1.0090	-0.7481	1.9932	-0.5040	0.3541	2.2096	0.0916	-0.8711	-0.5167	-0.4713	0.7119	0.0492	-0.1234	-0.3849	0.6410	0.0094	0.1362	0.5666	-0.1627	0.4067	-0.1088	-0.0409	-1.7752	-0.2728	-0.2115	0.8265	1.1215	0.4144	0.2430	-0.6651	-0.1930	0.0586	-1.3913	0.1665	0.1378	0.8240	1.2371	-1.9536	0.8370	1.0128	-0.4053	0.4211	-1.0696	-0.5650	-0.6067	-0.5290	-0.5846	-0.5427	1.0321	0.1335	1.3115	7.0510	-0.7674	-1.9383	-0.0097	-0.4257	-1.1237	0.4690	-0.5954	0.6677	-0.2846	1.9273	0.0767	-0.3719	-0.0046	-1.3778	0.6143	-0.0087	1.7232	1.1957	1.8043	0.4874	0.8465	-0.3513	1.2497	-0.0180	-2.2005	0.4108	-0.9094	0.6312	-0.4775	-0.7181	0.0452	-0.5586	-0.6816	0.2340	0.1979	-0.3760	-0.5226	0.4951	1.8969	-0.1003	-0.1519	0.6960	-0.4532	-0.4858	0.0830	0.6816	-0.5940	-0.3130	-0.3509	-0.4918	0.0373	-0.0418	1.2058	-1.3222	-0.4404	0.1325	-0.3203	0.3213	-0.6600	0.6203	1.2235	0.2452	0.3208	-0.1934	-1.0945	-0.3866	0.8238	0.3497	-0.1548	0.0790	-0.3151	0.3699	-0.5209	-0.0198	-0.6902	0.9116	-1.2741	0.4418	0.9344	0.8898	-0.3862	-0.1021	-0.4668	-1.0441	0.3154	-0.6420	-0.6095	-0.8378	-0.1699	0.3555	-0.4462	-1.8093	1.0465	-0.5341	1.1230
g__Faecalibacterium	0.0006	-0.4111	-0.6101	0.8946	0.0959	-0.3173	-0.1254	0.9759	-0.4100	-0.6858	-0.3270	0.0851	-0.4487	-0.0445	-1.1007	-0.6103	0.2131	-0.1925	0.0566	0.1828	0.9195	0.0407	-0.1188	-0.0160	0.5676	0.0410	-0.3491	-0.5030	-0.0886	-0.0801	0.2834	-0.0364	0.9929	-0.3652	-0.2329	-0.1699	0.0346	1.2071	0.5488	0.5152	0.0345	0.0327	-0.0144	0.0949	-0.0861	-0.2274	0.3116	0.6434	-0.1236	0.2933	0.5828	-0.7674	3.1853	-0.2739	-0.2037	0.0838	0.5260	0.0906	-0.3347	0.1635	-0.4458	0.1771	-0.2293	-0.3224	-0.2949	1.1829	-0.0434	0.3859	-0.1036	-0.5163	-0.3332	-0.1686	0.3006	0.1224	-0.1139	0.1728	0.6179	-0.3182	0.5982	-0.2439	0.5208	0.2828	0.4645	0.3037	-0.2902	0.0713	0.0741	0.0246	-0.0748	-0.2856	-0.3355	-0.1636	-0.0941	0.1988	0.1447	-0.1697	-0.2007	0.2764	0.5220	-0.1972	-0.7149	-0.0224	-0.6975	-0.3390	-0.4228	0.7070	-0.0157	-1.1130	0.3070	0.0142	-0.3977	-0.5099	-0.2748	-0.0474	0.5997	0.1191	0.1329	0.1772	-0.6539	0.0577	-0.0841	0.0237	0.2644	-0.3079	0.3714	-0.3224	0.1863	-0.0342	0.4773	0.0016	-0.4901	-0.5493	0.5108	-1.1188	-0.4580	0.0278	0.3636	-0.0276	0.1745	0.1584	-0.7227	-0.1456	0.1830	1.6661	-0.0238	-0.5295	-0.0126
g__Faecalimonas	-2.4427	0.4895	-2.8545	-1.3955	-0.9778	-3.8664	-0.2006	0.1038	0.8805	2.7854	-2.0963	1.2770	0.1345	0.4474	0.5602	0.1098	-0.9417	-0.7903	0.8181	-3.9077	-0.2852	1.0684	6.1891	1.2878	-0.2529	-0.1700	-1.2879	-0.4269	0.4661	-0.1020	-1.3465	-1.3084	0.9452	0.5759	1.6952	-1.9820	-3.2946	2.2300	-4.2716	-3.2988	-0.0392	-1.3021	2.8025	0.8463	2.7006	1.0940	2.0466	1.8628	-0.6469	-1.9063	-2.3868	-1.9383	-0.2739	11.5078	-0.1603	1.0549	3.5717	-1.1644	1.7050	-1.8960	1.7114	-4.8419	-0.3331	1.9562	-0.4446	2.4728	-1.2923	0.1485	-2.2566	-0.5879	-3.5391	-0.1612	-1.9372	-0.7930	-1.9500	2.1733	3.2449	-0.9994	1.0015	-2.6934	0.2047	2.7081	1.2591	1.3567	1.0539	0.6504	-0.5889	0.9909	0.1656	-0.5010	-1.9366	1.4264	1.4196	-3.0554	1.3587	2.2976	0.9699	-0.4867	0.1812	0.8613	1.1324	0.7980	0.5297	0.7543	-2.0062	2.6581	-0.1594	-0.0671	-2.4982	-1.7425	1.2180	-1.0731	-0.1363	0.0444	0.4389	0.3254	1.7505	1.6643	-0.0868	-0.5043	-0.1334	0.2048	1.2364	0.0003	-1.0235	-1.0889	1.6784	0.2004	6.9625	-1.1273	-1.9210	-0.3735	1.8778	1.6125	1.6552	1.5751	-0.8242	1.2326	5.0455	1.3684	1.0749	-0.9398	0.4011	3.8002	-2.9861	-0.2592	-0.8655
g__Faecousia	0.4579	0.3793	0.1392	0.1966	-0.2790	0.2669	0.2767	-0.3132	0.2559	-0.1730	0.0005	-0.3198	0.2595	-0.3836	-0.0543	-0.0119	0.4571	0.4909	0.1314	0.3101	-0.0694	-0.1875	-0.6148	-0.2181	0.2595	-0.0824	0.6280	0.7412	-0.2625	0.5120	-0.2307	-0.0707	0.2160	0.0032	-0.6446	0.1429	0.5219	0.1587	0.3696	0.2186	-0.2856	-0.1748	-0.1719	-0.2879	-0.0909	-0.1658	-0.0946	-0.0952	-0.0091	0.5111	0.3445	-0.0097	-0.2037	-0.1603	2.9000	-0.2040	-0.3015	0.1797	-0.1504	0.2275	-0.0758	0.2136	0.1106	-0.1728	0.3454	-0.3728	0.0851	-0.2945	0.0628	0.2765	0.5827	0.1633	-0.0047	-0.3687	0.1077	-0.2423	0.2230	0.2314	-0.3800	0.1610	-0.4598	-0.1547	-0.2155	-0.1058	-0.2225	-0.1352	0.1894	-0.1900	0.1629	-0.3615	0.2383	-0.1781	0.0966	0.0203	0.0326	-0.2568	0.0327	0.1102	-0.2941	-0.0442	-0.1791	-0.0378	0.1862	0.0742	0.4651	-0.2731	0.0031	-0.0037	0.4431	0.1580	-0.0560	-0.4227	0.0332	0.1582	0.1739	-0.0320	-0.2135	-0.2014	0.0670	0.0752	-0.0402	-0.2496	-0.2009	-0.2725	-0.1104	1.0751	-0.1813	0.0424	-0.8565	0.0512	0.9543	0.0914	-0.2772	-0.5071	-0.6741	-0.2038	-0.2616	0.0489	-0.1315	-0.0842	-0.0392	0.3701	0.0338	-0.3509	0.1591	0.1709	-0.3158
g__Finegoldia	-0.5564	0.4819	-0.4937	-0.5808	-0.1741	-1.0682	-0.0909	0.1061	0.2932	0.3565	-0.5235	0.1060	0.0367	0.2312	-0.4469	0.1012	-0.5567	-0.3983	-0.1493	-0.1968	0.0698	0.0548	0.8772	0.1086	0.1745	-0.0583	-0.2444	-0.1750	-0.0117	-0.1743	0.1748	-0.2979	0.3400	0.0093	0.1840	-0.3646	-0.3478	0.1028	-0.4016	-0.4106	-0.0169	-0.4630	0.4144	0.3997	0.0821	0.4775	0.4642	0.6236	0.1567	-0.1354	-0.0782	-0.4257	0.0838	1.0549	-0.2040	2.2857	0.6490	-0.6528	0.5948	-0.5504	0.1662	-0.6834	-0.1747	0.3470	-0.2105	0.5396	0.2721	-0.0307	-0.3476	-0.2991	-0.6771	-0.1178	-0.4389	0.1266	-0.4956	0.1192	0.7244	-0.3121	0.5658	-0.3415	-0.1001	0.2125	0.2682	0.2186	0.1168	0.0669	-0.0773	0.2215	0.0662	-0.2859	-0.4918	0.3576	0.1238	-0.6099	0.4327	0.1497	0.1841	-0.6975	0.2789	0.1182	0.1193	0.2643	-0.1594	-0.0617	-0.6705	0.4641	0.3367	-0.2521	-0.2863	-0.5236	-0.2802	0.0622	-0.0337	0.1093	0.2512	0.2987	0.4166	0.5704	0.2096	-0.0177	0.1362	-0.2100	0.2178	-0.0721	-0.3562	-0.1694	0.1736	-0.1969	1.2342	-0.1289	-0.6461	-0.3025	0.4557	0.2496	0.4348	0.0906	-0.0211	0.3037	0.7737	0.4212	0.0522	-0.3765	-0.0096	0.6066	-0.7886	-0.2730	-0.1793
g__Flavonifractor	-1.1090	0.7131	-1.5702	-1.0325	-0.9489	-1.6930	0.3650	0.6434	1.4325	1.1318	-1.2963	0.9148	0.5099	0.3953	0.9514	0.6831	-0.4362	-1.3764	1.3178	-2.1126	0.1421	0.6005	2.7745	0.5559	-0.5867	-1.1405	-1.4557	-1.0234	0.0702	-0.6050	-0.9685	-1.7936	-0.3438	0.4146	1.5059	-2.7271	-2.0791	1.5939	-1.4068	-2.2581	0.2729	1.1470	2.1163	0.7533	1.6125	0.5496	1.4378	1.0031	-1.0599	-0.2273	-1.1233	-1.1237	0.5260	3.5717	-0.3015	0.6490	6.7773	-1.4097	0.8867	-0.9579	0.6550	-3.1993	-0.3187	0.9185	-0.3354	0.4823	-1.4133	0.8046	-1.4690	-0.5087	-2.3305	-0.5774	-1.2341	-0.4998	-0.8839	1.8772	1.5283	-1.1441	0.8490	-1.2261	0.4694	1.2673	0.6633	1.0321	0.1220	0.5125	-0.1829	0.1379	-0.0119	1.1675	-1.8156	0.8977	0.7857	-1.5075	0.8616	1.0351	0.5413	-0.9075	0.2747	0.7547	0.9305	0.2787	0.0889	0.7395	-1.6694	1.0955	0.4325	-2.0963	-2.1401	-1.5939	0.7380	0.2767	-0.3208	-0.5011	0.7049	0.0885	1.7074	1.0977	0.0033	-0.5246	-0.4401	0.4911	1.2194	0.1580	0.1534	-1.0601	0.4114	-0.6428	4.6853	-1.0028	-2.2483	0.8023	1.4411	0.4818	1.8469	0.7118	0.5930	1.0766	3.1653	-0.5022	-0.3515	-0.9699	-0.0586	1.6977	-0.9414	0.4106	-1.3787
g__Fusicatenibacter	0.8024	-1.2544	0.2920	0.2571	0.9646	0.6806	-0.0905	-0.1159	-0.1058	-0.1871	1.4984	-0.5050	-0.8893	0.4744	0.3481	-0.0611	1.1594	0.4140	-0.3115	0.6220	-1.0429	-0.1436	-0.2107	-0.1979	0.4470	0.1635	-0.4601	-0.6351	-0.2741	0.3063	-0.7916	0.1102	0.8517	0.2515	-0.4872	0.9304	0.2981	0.3765	1.0719	1.5070	-0.3139	-0.2945	-0.3281	0.1257	-0.1303	-0.1170	-0.8357	-0.9252	0.1484	0.5051	1.1855	0.4690	0.0906	-1.1644	0.1797	-0.6528	-1.4097	6.1306	-0.7722	0.9583	-0.1711	1.2066	-0.2107	-0.5416	-0.1291	-0.2954	-0.2392	-0.4114	-0.2620	0.1405	0.2910	-0.1236	1.7227	0.5306	-0.2588	-0.6416	-0.6160	-0.0709	-0.9697	-0.4138	1.0872	-1.4000	-0.5536	-0.6761	-0.1961	-0.1791	0.1018	-0.1765	0.7851	1.2253	-0.0819	-0.4904	-0.8112	0.3157	-1.1260	-0.3685	-0.0565	1.4689	0.1511	-0.8851	-0.7655	-0.5504	0.1275	0.0338	0.5862	-0.2895	-0.7480	1.5555	0.6439	0.7340	0.9968	0.0033	0.1173	0.0005	-0.1843	-0.0440	-1.3159	-0.8372	0.0369	-0.4346	-0.2697	-0.3914	0.1461	-0.2366	1.0593	-0.0897	-0.4050	-0.0831	-1.2561	0.0155	1.1094	0.1230	-0.1273	0.7137	-0.5874	-0.0647	0.8120	-0.1512	-0.7379	-0.1674	0.8707	0.1805	0.4458	-1.4590	0.3948	0.2239	-0.0405
g__Fusobacterium_A	-1.0231	0.3640	-0.9228	-0.8114	-0.5085	-1.3041	0.0491	0.0042	0.5190	0.6359	-0.6995	0.2887	-0.0460	0.1300	-0.3745	0.2032	-0.7638	-0.4255	-0.0415	-1.0699	-0.4711	0.5656	1.2035	0.3536	-0.3791	-0.1821	-0.3453	-0.0991	0.0390	-0.1402	0.2107	-0.2340	0.1862	0.0377	0.7904	-0.7469	-0.7828	0.2923	-0.7412	-0.4284	-0.2075	-0.9807	0.8025	0.2144	0.5188	0.5886	0.9135	0.6103	-0.2019	-0.8831	-0.8001	-0.5954	-0.3347	1.7050	-0.1504	0.5948	0.8867	-0.7722	3.0683	-0.6052	0.5194	-1.2374	-0.3988	0.4582	-0.2934	0.9296	-0.3194	0.1545	-0.3969	-0.0199	-1.2851	-0.1983	-0.5531	-0.4262	-0.6037	0.4240	1.0120	-0.4130	0.4197	-0.6407	-0.1758	0.4242	0.4216	0.3606	0.5323	0.1570	-0.1400	0.4302	0.4383	-0.5478	-0.5833	0.3486	0.3916	-0.8600	0.5726	0.5539	0.3637	-0.6758	0.4954	0.2259	0.3258	0.1875	-0.0039	0.0391	-0.9097	0.5546	-0.1084	-0.0914	-0.3290	-0.5092	-0.1641	-0.0434	-0.3732	-0.1426	0.0523	0.2874	0.6419	1.0533	0.2175	0.1724	0.0216	-0.0799	0.4269	-0.0410	-0.6785	-0.4418	0.6085	-0.0437	1.8592	0.0216	-0.7432	-0.3059	0.6295	0.5863	0.5297	0.3301	-0.0482	0.2878	1.2835	0.2252	0.1451	-0.4093	0.4213	1.0610	-1.1271	0.4235	-0.1968
g__Gallintestinimicrobium	0.6101	-1.1325	0.8296	0.3310	0.9505	1.8269	-0.0166	0.3288	-0.1998	-1.0440	0.1202	-0.5360	-0.6033	-0.0406	-0.8311	0.2628	1.6163	0.9168	-0.4982	0.6734	-0.1812	-0.4203	-1.6397	-0.6518	0.4631	0.7779	0.4619	0.0994	-0.2586	0.8540	-1.1731	0.6145	0.1874	-0.0857	-0.4015	-0.3367	0.2487	0.4306	0.5893	0.3790	-0.3687	0.6596	-0.7468	-0.0008	-0.3633	-0.4041	-0.8769	-0.7818	0.0753	1.0085	1.6425	0.6677	0.1635	-1.8960	0.2275	-0.5504	-0.9579	0.9583	-0.6052	6.0360	-0.6660	1.7148	0.3178	-0.6018	-0.2282	-0.3755	0.0255	-0.3883	1.0303	0.0226	1.6634	0.1806	2.0235	1.7926	1.3480	-1.0330	-0.0891	0.4036	-0.2320	0.1766	0.2735	-0.9279	-0.7361	-0.9472	-0.7886	-0.6304	-0.1244	-0.6824	-0.0735	0.2701	0.6291	-0.4489	-0.9677	1.5303	-0.7569	-0.7729	-0.3387	0.7866	-0.0195	-0.7904	-0.2749	-0.6860	-0.1831	-0.3873	0.9756	-0.8759	0.5005	1.4557	-0.4961	1.1461	0.5583	-0.6419	-0.0245	0.6347	-0.4917	-0.7000	-1.1259	-0.8418	0.7997	0.2867	-0.0736	0.0582	-0.3414	0.3151	1.2948	0.7349	-0.4486	0.1114	-1.8538	0.6348	1.3616	-0.1851	-0.5168	-0.6865	0.3167	-0.9127	-0.5363	-0.8717	-1.4973	-0.7612	-0.0673	1.0008	-0.7059	-0.9844	1.2528	-0.7703	0.5718
g__Gemella	-0.7321	0.0203	-0.6550	-0.7784	-0.4381	-0.7167	0.2075	0.0858	0.5561	0.6795	-0.0377	0.2338	0.0113	0.3257	-0.0149	-0.0294	-0.7090	-0.2244	0.0317	-1.0151	0.0149	0.2461	1.4362	0.3871	-0.5387	-0.3163	-0.5260	-0.2397	-0.3268	-0.4463	0.2498	-0.4889	0.2753	-0.1313	0.4395	0.3819	-0.7677	0.5857	-0.7213	0.0649	-0.3965	-0.2400	1.0816	-0.0377	0.3812	0.4305	0.4464	-0.0374	-0.0779	-0.7129	-0.9668	-0.2846	-0.4458	1.7114	-0.0758	0.1662	0.6550	-0.1711	0.5194	-0.6660	3.0054	-1.0194	-0.1516	0.9894	-0.1793	0.6347	-0.8494	0.0907	-0.4866	-0.1209	-1.3079	-0.3348	-0.7159	-0.3074	-0.7460	0.4555	0.8372	-0.2669	-0.0726	-0.8763	0.1880	0.5310	0.1220	0.2597	0.2974	-0.0656	-0.0368	0.2751	0.2062	-0.2620	-0.8282	0.1050	0.2399	-0.7117	-0.0089	0.4720	0.2040	0.2756	-0.5199	0.1598	0.5526	0.1400	0.3451	0.2253	-0.6714	0.1804	-0.2694	0.2314	-0.4095	-0.4862	0.2040	-0.4387	-0.4065	-0.0092	0.1129	0.2049	0.1904	0.3509	-0.3799	0.0065	-0.0446	-0.0003	0.2205	-0.3508	-0.3407	-0.4539	0.8453	0.0136	1.8412	-0.1114	-0.5863	-0.1209	0.4206	0.5749	1.0991	0.8892	-0.0850	0.6428	1.4255	0.4779	0.1497	-0.3428	-0.1098	0.9027	-0.7409	0.4865	-0.3199
g__Gemmiger	1.0734	-1.0592	2.1671	1.5624	1.8884	2.9439	-0.0591	-0.6256	-0.9381	-1.7043	1.5499	-0.5914	-0.3279	-0.4552	-0.8936	-0.4305	1.3761	0.5502	-0.2648	2.6153	0.3124	-0.4438	-4.0926	-0.8527	0.1430	0.1523	0.8098	0.3776	0.2611	0.6237	0.6599	0.9055	-0.8016	-0.3235	-1.0406	2.3691	2.7837	-0.6123	2.3572	2.7577	0.2095	0.1236	-1.9301	-0.6115	-1.6723	-0.5342	-1.6238	-0.9367	0.4179	1.9065	1.7726	1.9273	0.1771	-4.8419	0.2136	-0.6834	-3.1993	1.2066	-1.2374	1.7148	-1.0194	7.2613	0.3733	-1.5736	0.3792	-1.5559	0.9084	-0.1246	1.3219	0.9194	2.0353	0.2255	2.6489	0.4750	1.5309	-1.2907	-1.4518	0.4839	-0.2178	1.9885	-0.8863	-1.8214	-1.1425	-1.2745	-0.8812	-0.0064	0.0621	-0.6935	0.0395	0.0208	1.9671	-0.8272	-1.1511	1.8134	-1.1390	-1.7176	-0.7256	1.2581	0.0283	-0.7673	-1.0485	-0.6462	-0.4802	-0.3084	1.6955	-1.8019	-0.7822	0.8811	1.3759	0.6860	-0.9335	-0.0354	0.4281	0.5184	-0.6392	-0.3819	-1.8552	-1.3351	0.5235	0.8638	0.8170	-0.3490	-0.7875	0.1954	0.3621	0.7730	-0.5044	0.1269	-4.1063	0.8098	1.9895	0.1307	-1.0118	-0.9337	-0.6763	-1.0876	0.0670	-0.6237	-3.3455	-0.0315	0.0155	0.9164	0.2233	-2.4400	2.0716	-0.3775	0.3973
g__Gordonibacter	0.3184	0.3568	0.3737	0.1277	-0.1842	0.5497	-0.1793	-0.2006	0.3450	-0.7152	0.3019	0.0147	0.6473	-0.3269	0.0558	0.2741	0.0301	0.1904	0.1536	-0.4091	0.4658	-0.2794	-0.5908	-0.0856	-0.0110	0.2147	0.6150	0.3322	-0.0122	-0.4227	-0.1248	-0.1108	-0.7374	0.4196	0.0884	0.2819	-0.2652	-0.2044	-0.3095	-0.9126	-0.1159	0.5396	0.4180	-0.3356	0.1770	0.0240	-0.3671	-0.4476	-0.0112	0.4143	-0.0491	0.0767	-0.2293	-0.3331	0.1106	-0.1747	-0.3187	-0.2107	-0.3988	0.3178	-0.1516	0.3733	3.3946	-0.1752	0.4789	-0.6390	-0.2391	-0.1887	0.1874	0.2091	0.3073	-0.0779	0.1772	-0.1117	0.0829	0.2692	-0.0974	0.1885	0.0126	0.6052	-0.4140	-0.0033	-0.1516	-0.2359	-0.4310	0.3303	-0.1424	0.0480	-0.0628	0.0240	0.0766	0.0857	0.0464	-0.0684	-0.2591	-0.1285	-0.1302	0.0850	0.0348	0.0000	-0.2302	0.0972	0.5060	0.0823	0.2460	-0.3568	0.1115	-0.4551	-0.7544	0.2068	0.1840	0.3498	-0.0119	-0.2862	0.0089	-0.0967	-0.1223	-0.2896	0.0461	-0.0163	0.2390	0.0879	-0.4971	0.0610	0.0631	0.9524	-0.1525	-0.2298	-0.5183	0.1642	1.1599	0.5737	-0.3534	0.1629	0.6351	0.1383	-0.5502	-0.1765	0.4270	0.2221	-0.0364	0.2729	-0.5354	-0.3575	0.1683	0.1709	-0.0645
g__Granulicatella	-1.2214	-0.1083	-0.4453	-0.8328	-0.5405	-0.9986	0.1712	0.3049	0.2678	0.6228	-0.2982	0.4186	-0.0058	0.4320	-0.1810	0.1225	-0.3179	-0.2539	0.0359	-0.9099	0.4698	0.4066	1.4903	0.2936	-0.4414	-0.4490	-0.5457	-0.4974	-0.3434	-0.0947	-0.4496	-0.7632	0.5412	-0.1468	0.4556	0.1358	-1.1025	0.3218	-0.9983	0.1620	-0.0803	-0.2584	1.0283	0.2950	0.5220	0.2828	0.5392	-0.2429	-0.3198	-0.2067	-0.4854	-0.3719	-0.3224	1.9562	-0.1728	0.3470	0.9185	-0.5416	0.4582	-0.6018	0.9894	-1.5736	-0.1752	3.4605	-0.3997	0.9286	-0.5523	-0.0599	-0.2468	-0.5497	-0.9970	-0.5626	-0.7415	-0.2407	-0.9397	0.1990	0.5681	-0.5046	-0.0144	-0.7790	0.0390	0.4786	0.2170	0.1678	0.4225	-0.0258	-0.2446	0.1841	0.2052	-0.0702	-0.4348	0.5213	0.4873	-0.8566	0.2856	0.7791	0.1782	0.0676	-0.4323	-0.1071	0.5514	-0.1334	0.0140	-0.0835	-0.6400	0.4385	0.1769	0.4109	-1.0218	-0.5460	-0.0016	-0.3765	-0.3078	-0.2133	0.0141	0.1853	0.3278	0.2042	-0.3218	0.1670	0.2659	0.0101	0.1865	-0.2976	-0.0035	-0.8601	0.7500	0.0775	2.1259	-0.2662	-0.4875	-0.5126	0.2666	1.0106	0.4826	1.1831	0.0328	0.6492	1.4641	0.2673	0.2228	-0.4702	0.0057	1.5654	-0.2379	0.6366	-0.6969
g__Guopingia	0.8359	0.8522	0.4427	-0.0371	0.0060	0.8550	0.0508	-0.6739	0.2128	-0.2437	0.2314	-0.1421	0.7997	-0.3503	0.6073	0.2643	-0.2095	0.4890	0.0717	0.3325	0.0091	0.0177	-0.7283	-0.2270	-0.2721	0.0918	0.8489	1.0573	-0.1563	0.0341	0.1323	0.0861	-0.2752	0.2983	-0.2857	0.7801	0.2075	-0.2558	0.1859	-0.2670	0.0553	0.2241	-0.0365	-0.5131	-0.5092	-0.2877	-0.2914	-0.0612	0.2668	0.1516	-0.1474	-0.0046	-0.2949	-0.4446	0.3454	-0.2105	-0.3354	-0.1291	-0.2934	-0.2282	-0.1793	0.3792	0.4789	-0.3997	2.6205	-0.7812	0.2356	-0.0077	0.1888	1.1177	0.4003	-0.0293	-0.0241	0.1863	0.2171	-0.2441	-0.1227	0.2502	-0.5714	0.2660	-0.5619	-0.2709	-0.1445	-0.1322	-0.3939	-0.0110	0.0438	-0.2451	-0.3999	0.1092	0.4016	-0.1424	-0.2418	0.2928	-0.2068	-0.2832	0.0489	-0.2399	-0.0734	0.0901	-0.2423	0.3459	0.4763	0.1569	0.5726	-0.3562	0.4268	-0.4159	-0.0782	0.1940	-0.3027	-0.0443	0.4129	-0.1200	-0.1292	-0.3085	-0.3737	-0.2734	-0.1657	-0.1410	0.0295	0.1678	-0.2740	0.0309	-0.1235	0.7914	-0.2830	0.1266	-0.8772	-0.2920	1.0988	0.3343	-0.2585	-0.6281	0.0154	-0.1810	-0.2783	-0.3005	-0.0588	-0.0811	-0.1908	-0.0482	-0.0075	-0.8978	0.2341	-0.0206	0.1621
g__Haemophilus_D	-1.0504	-0.6183	-1.3941	-0.6914	-1.0349	-1.2621	-0.2842	1.4508	-0.8523	0.3264	-2.3604	-0.1139	-0.5548	0.0730	-1.1407	-0.6260	-0.5715	-0.0234	0.5273	-1.3622	0.2493	0.0024	1.3354	0.1711	0.9349	0.3808	-0.6160	-0.8745	-0.0357	-0.9080	-0.7748	-0.1680	1.8484	0.0912	0.3067	-0.3029	-0.9817	2.2180	-1.2777	0.7820	-0.1625	-0.5877	0.2314	0.9118	1.0646	0.5142	0.5106	0.7746	0.0432	-0.7846	-0.6966	-1.3778	1.1829	2.4728	-0.3728	0.5396	0.4823	-0.2954	0.9296	-0.3755	0.6347	-1.5559	-0.6390	0.9286	-0.7812	7.1371	-0.9528	0.1332	-1.3598	-1.5220	-1.5193	-0.4245	-1.5244	0.7345	-1.2735	0.6187	1.3522	-0.4729	0.7513	-2.2356	1.0500	1.7671	1.1547	0.5816	0.5298	0.0721	-0.4866	0.3626	0.0924	-0.7493	-1.4915	0.6631	0.5727	-0.7834	0.9667	0.7017	0.0996	-0.8509	1.0221	-0.1398	0.2731	0.0111	-0.3744	-0.2438	-1.0996	2.1399	-0.1297	0.1220	-0.2708	-0.6065	0.1912	-0.3501	-0.4033	-0.1816	1.2233	0.6710	0.5532	0.8286	-0.5235	0.4063	-0.4251	0.0204	0.2126	-0.5799	-0.7101	-0.7552	1.4109	-0.1958	2.6895	0.1910	-0.9801	-0.7831	1.3295	-0.2058	0.9295	1.5861	0.5412	0.5171	1.4546	1.7853	-0.2447	-0.3012	0.4024	4.5652	-0.9873	-0.2461	-0.3821
g__Holdemanella	-0.3303	0.3484	0.3425	0.6904	0.4665	-0.6113	0.1400	-0.9127	-1.2825	-0.4747	0.3602	-0.2310	-0.1521	-0.2293	0.4367	-0.3763	0.1435	0.5272	-1.7334	1.8504	-0.2381	0.4754	-2.0221	-0.1445	0.5065	0.0504	0.0340	1.1474	0.4095	1.1302	2.8723	1.1434	-1.0760	-0.8074	-0.8108	2.1822	0.9085	-1.9266	1.3210	2.3243	0.1641	-0.6797	-1.8654	0.2209	-1.7063	0.2903	-0.3223	1.3710	0.3025	-0.0453	1.4450	0.6143	-0.0434	-1.2923	0.0851	0.2721	-1.4133	-0.2392	-0.3194	0.0255	-0.8494	0.9084	-0.2391	-0.5523	0.2356	-0.9528	10.4413	-0.9218	1.0137	1.0811	1.9887	0.2576	-0.5446	0.1081	0.6380	-1.2434	-2.3698	0.7633	-0.1195	1.1154	-1.1231	-0.8515	-0.1600	-0.1581	0.5580	-0.4082	0.3047	0.0368	-0.4341	-0.6785	2.1333	-0.1463	-0.5794	0.9366	0.0055	-0.6225	0.2336	-0.0236	2.0008	0.0630	-0.2798	-0.0748	-0.2808	-0.0082	1.8298	-0.3440	0.6038	-0.1984	1.9400	1.1943	-0.9824	0.4706	0.3644	-0.1173	-0.6904	0.2521	-0.3072	0.0497	0.0083	0.1219	1.7851	0.0644	-0.2499	0.5561	0.0673	0.3402	0.0428	-0.3643	-2.2277	-0.3174	-1.3328	-0.1016	-0.3539	0.0139	-1.3449	-1.1466	-0.4784	-0.4737	-2.5551	0.2196	0.8850	0.0201	1.2006	-1.6497	0.7749	-0.6995	0.0982
g__Holdemania	-0.0618	-0.1598	-0.2081	-0.5461	0.3124	0.0674	0.1961	0.5232	0.1707	0.1766	-0.1130	0.0605	-0.1397	0.4714	0.3671	0.0946	-0.1209	0.0274	0.3667	-0.0413	-0.0293	0.3453	0.5678	0.2210	-0.2070	-0.3791	-0.1342	-0.4170	-0.0381	-0.3604	-0.1492	-0.5652	0.0251	-0.0369	0.2232	-0.1825	-0.1858	0.3449	-0.3634	-0.7037	-0.2562	0.6308	0.9297	-0.3361	-0.0506	-0.0199	0.1484	-0.0604	-0.1506	-0.0098	-0.2429	-0.0087	0.3859	0.1485	-0.2945	-0.0307	0.8046	-0.4114	0.1545	-0.3883	0.0907	-0.1246	-0.1887	-0.0599	-0.0077	0.1332	-0.9218	3.4250	0.4284	0.0442	-0.4971	-0.2854	0.1850	-0.5453	-0.0484	0.2295	0.0055	-0.1740	-0.3184	-0.0826	0.2772	0.0566	0.1507	0.2624	-0.2352	0.4984	0.1284	0.0305	-0.3409	0.3093	-0.2385	-0.3993	0.1392	0.0504	-0.1594	0.3013	-0.0797	0.4597	0.4028	-0.0486	0.2937	-0.1878	0.1655	-0.0271	-0.7232	-0.0440	-0.2233	-0.0012	-0.5175	-0.2530	0.0466	-0.0587	-0.4809	-0.1028	0.9269	-0.1537	-0.0279	0.1615	0.1416	0.1392	-0.3539	0.1811	0.4064	0.3291	-0.2558	-0.3942	-0.1342	-0.2541	0.6697	0.4641	-0.0151	0.2547	0.5008	-0.2428	0.1717	0.1894	0.0523	0.4051	0.6961	-0.7011	-0.4900	-0.1317	0.0267	0.3487	0.2046	-0.3149	-0.3179
g__Hominenteromicrobium	0.2785	-1.0713	1.4372	-0.3910	0.3017	2.3719	0.6269	-0.1194	-0.3812	-0.9848	0.3000	-0.4990	0.0756	-0.1602	0.7945	0.2463	0.0002	0.9946	-0.4613	2.1431	0.6074	-0.2242	-0.9502	-0.2856	-0.4169	0.3604	1.2133	0.6169	0.0339	0.3051	0.0112	0.7954	-1.2771	-0.4435	-0.5042	1.0965	1.6841	-0.7101	0.8758	0.1281	0.1999	0.7070	-0.8542	-0.7073	-0.9385	-0.1780	-0.5142	-0.2660	0.4515	0.0105	0.8197	1.7232	-0.1036	-2.2566	0.0628	-0.3476	-1.4690	-0.2620	-0.3969	1.0303	-0.4866	1.3219	0.1874	-0.2468	0.1888	-1.3598	1.0137	0.4284	6.8377	1.2249	2.0309	0.1872	0.8570	-1.1402	0.9689	-0.7645	-1.5110	0.8527	-0.2588	1.7864	-0.5419	-0.7401	-0.5196	-0.4916	-0.2452	-0.0681	0.1378	-0.1608	-0.9129	0.1371	1.8850	-0.4786	-0.3356	0.8299	-0.4386	-0.6210	-0.0509	0.9549	-1.3454	-0.3567	-0.4451	-0.7343	0.0118	-0.0938	0.9645	-0.9316	-0.3473	0.4522	0.3840	1.5251	-0.7982	0.0014	0.7028	0.1327	-0.6613	-0.5144	-0.6868	-0.1521	0.0292	0.2299	-0.0750	-0.2199	-0.3432	0.4821	-0.1596	0.1754	-0.4120	0.2228	-1.5937	-0.1638	1.2773	0.6368	-0.4173	-0.6422	-1.2974	-0.7439	-0.0998	-0.6390	-0.4203	-1.4634	-0.8986	0.7237	-0.3513	-1.3839	1.3462	-0.0978	0.5707
g__Hominibacterium	0.3211	0.7965	1.1627	-0.3400	0.3487	1.2221	0.0166	-1.7365	0.5940	-0.3003	0.4947	0.2795	0.5214	-0.2913	0.6525	0.1659	-0.0231	0.0745	-0.2892	0.5483	-0.3156	0.6745	-1.2029	-0.3279	-0.8792	0.0255	0.5742	1.2873	-0.1516	0.1095	0.4742	0.2441	-0.8105	0.4239	-0.0478	1.0654	0.7562	-0.5137	0.6965	0.5520	0.1105	-0.3244	0.1613	-0.2718	-1.1198	-0.3167	-0.3462	-0.3617	0.1275	-0.1854	0.4624	1.1957	-0.5163	-0.5879	0.2765	-0.2991	-0.5087	0.1405	-0.0199	0.0226	-0.1209	0.9194	0.2091	-0.5497	1.1177	-1.5220	1.0811	0.0442	1.2249	4.6404	0.7690	0.1921	-0.1127	-0.0653	-0.3264	-0.2658	-0.6646	0.2405	-0.5403	0.6855	-1.4541	-0.7387	-0.3378	-0.1064	-0.3585	0.3336	0.1320	-0.1612	-0.1988	-0.1016	1.2868	-0.2229	-0.1388	0.4850	-0.4033	-0.0341	0.3632	0.1647	-0.5499	0.4825	-0.3692	0.1422	1.2940	0.3369	1.1976	-0.6529	-0.4982	0.0833	0.4783	0.6025	-0.7467	0.0145	0.8049	-0.0430	-0.0764	0.1236	-0.4765	-0.0049	-0.8583	-0.9067	-0.1464	-0.1226	-0.0295	-0.0754	-0.5901	0.4614	-0.2852	0.0844	-0.3987	-0.1956	0.5340	0.9294	-0.1080	-0.4656	-0.5248	-0.2895	-1.3782	-0.5389	-0.2540	-0.7238	-0.2802	0.2052	-0.0930	-1.4883	-0.1010	-0.2710	0.2017
g__Hominicoprocola	2.0732	-0.3064	2.1358	0.9222	0.5275	2.4124	0.4924	-0.3078	-1.4678	-1.3014	0.5840	-1.2133	-0.6802	-0.4814	0.4411	0.1469	1.0540	1.1658	-0.6440	2.8882	-0.5762	-0.6323	-3.3499	-0.8656	0.7327	0.8423	1.7733	1.3072	0.5190	0.8901	0.4356	1.4600	-1.7454	-0.4337	-1.1417	-0.6833	2.4194	-1.8385	1.6959	1.6897	0.9405	0.6711	-2.1901	-0.8064	-1.2526	-0.7271	-1.1781	-1.0224	0.7537	0.5038	2.7910	1.8043	-0.3332	-3.5391	0.5827	-0.6771	-2.3305	0.2910	-1.2851	1.6634	-1.3079	2.0353	0.3073	-0.9970	0.4003	-1.5193	1.9887	-0.4971	2.0309	0.7690	7.2239	1.1517	1.0199	-0.1462	1.9141	-1.3782	-2.3563	1.5424	-1.1871	2.0314	-0.5920	-1.6060	-1.1840	-0.7078	-0.9104	-0.5535	0.7381	-0.8837	-0.2902	0.1258	2.2738	-0.9682	-0.5854	2.2249	-0.7877	-1.2186	-0.6758	0.5469	-0.9649	-0.7652	-0.0664	-0.5815	-0.2490	-0.5561	2.4382	-1.2123	0.5426	1.1263	1.3021	1.6941	0.1185	0.6131	1.1559	0.4438	0.1959	-0.4478	-1.3401	-0.7872	0.8805	0.3423	-0.0175	0.0125	-1.2742	0.8986	0.5905	1.1796	-0.9834	0.1689	-3.6448	0.1006	2.0316	0.2312	-1.1180	-1.1647	-2.3172	-1.3509	-0.2976	-1.7948	-2.6402	-1.0195	-0.3309	1.2939	-0.6167	-1.7282	2.6523	-0.4149	1.1284
g__Hominifimenecus	0.4112	-0.3203	0.3781	0.1900	0.0268	0.1691	-0.1407	-0.0057	-0.3207	-0.1212	-0.0264	-0.2306	-0.6189	-0.2097	-0.1592	0.0695	0.1955	0.3525	-0.2830	0.8046	-0.6159	-0.2376	-0.1980	-0.0957	0.5990	0.7359	0.1401	0.1472	0.2207	0.0901	0.8178	0.8785	-0.3384	-0.2053	-0.5507	-0.2504	0.6894	-0.6452	0.3530	0.4187	0.0879	-0.1941	-0.8558	-0.3340	0.0515	-0.3144	-0.1251	0.1654	0.4515	-0.2989	0.2316	0.4874	-0.1686	-0.1612	0.1633	-0.1178	-0.5774	-0.1236	-0.1983	0.1806	-0.3348	0.2255	-0.0779	-0.5626	-0.0293	-0.4245	0.2576	-0.2854	0.1872	0.1921	1.1517	2.6332	0.0690	0.1347	0.7738	-0.2034	-0.4202	0.5793	-0.2636	0.2373	-0.1293	-0.1770	-0.1330	-0.0893	-0.1635	-0.3687	0.3754	-0.0940	-0.0921	-0.1270	0.5511	-0.1176	-0.1325	0.6239	-0.0885	-0.2385	-0.0426	-0.0586	-0.2690	-0.0413	-0.1118	-0.3619	-0.0237	-0.3896	0.4636	-0.1803	-0.1485	0.1144	0.9377	0.4320	0.0665	0.1622	0.6157	0.3528	-0.2546	-0.0286	-0.2419	-0.2225	0.4400	0.0265	0.0498	-0.0597	-0.2989	0.2131	-0.0197	0.5397	-0.2442	0.2954	-0.9263	0.2422	0.5185	-0.2127	-0.3349	-0.3559	-0.8510	-0.4618	-0.5862	-0.5614	-0.5486	-0.5254	0.4377	0.4960	0.1788	-0.2434	0.2698	-0.0365	0.7733
g__Hominilimicola	0.7489	-1.1570	0.7557	0.0100	1.1692	2.3583	-0.0048	-0.2492	-0.0250	-0.9886	1.1166	-0.4308	-0.5924	0.0136	-0.4206	-0.1227	1.7184	0.3192	-0.1615	1.0590	0.3788	-0.0463	-1.4387	-0.3698	-0.2993	0.3222	-0.0925	-0.5121	0.4091	0.7879	-0.1464	-0.0776	0.7216	0.0936	-0.2591	0.5374	0.3783	-0.1139	0.5508	-0.0770	-0.0431	-0.0141	-1.2465	-0.4334	-0.5600	-0.2375	-0.6235	-0.1726	0.1029	0.4412	0.5617	0.8465	0.3006	-1.9372	-0.0047	-0.4389	-1.2341	1.7227	-0.5531	2.0235	-0.7159	2.6489	0.1772	-0.7415	-0.0241	-1.5244	-0.5446	0.1850	0.8570	-0.1127	1.0199	0.0690	5.8885	0.4397	1.3218	-0.8494	-0.4911	0.3293	0.0368	1.4804	-0.0553	-1.2233	-0.5654	-0.7748	-0.3544	-0.0268	0.1567	-0.3648	-0.0176	0.6647	0.6495	-0.5327	-0.5563	0.9197	-0.7252	-0.7943	-0.3008	1.0569	-0.2115	-0.6759	-0.6693	-0.4399	-0.5220	-0.2211	0.8021	-1.4520	-0.2970	0.7466	-0.3066	0.6588	-0.2517	-0.2134	-0.0386	0.3163	-0.4437	-0.4754	-1.0600	-0.7536	1.1447	0.6266	0.6622	-0.1147	-0.2472	0.6186	1.1040	-0.0455	-0.9292	0.3879	-1.3936	-0.2391	0.7840	0.2749	-0.5848	0.2115	0.1584	-1.1924	0.2358	-0.8553	-0.5433	-0.4437	-0.1653	0.7447	-0.4176	-1.7199	1.7772	-0.0394	-0.0000
g__Hominimerdicola	1.7454	0.4631	0.3518	0.4537	0.7700	-0.2127	-1.0015	0.7457	-0.8127	-0.3457	-0.5782	-0.1476	0.0758	0.6414	-1.0269	-0.3119	1.0760	0.8049	-0.1071	-0.0557	-0.2665	-0.9274	-0.3886	-0.2367	0.8376	1.3260	0.1443	-0.1334	-0.0410	-0.2399	-0.9888	0.9394	1.3342	-0.1290	-0.2789	0.1201	-0.6640	0.3146	-0.0672	0.5044	-0.1887	0.4838	-0.4576	-0.0820	-0.6153	-0.4975	-0.7035	-0.1226	1.2129	0.6861	0.4734	-0.3513	0.1224	-0.7930	-0.3687	0.1266	-0.4998	0.5306	-0.4262	1.7926	-0.3074	0.4750	-0.1117	-0.2407	0.1863	0.7345	0.1081	-0.5453	-1.1402	-0.0653	-0.1462	0.1347	0.4397	7.7183	-0.1255	-0.7372	0.3518	-0.5454	-0.2070	-0.3738	0.9663	-0.1792	-0.1652	-0.4376	-0.9627	-0.3359	-0.2174	-0.3339	-0.4291	-0.2436	0.1395	0.8261	-0.6434	0.6068	-0.3174	-0.1780	-0.1723	-1.5469	0.4898	-0.1662	-0.0989	0.4604	0.0042	-0.4568	-0.3859	-0.0613	0.5240	1.6452	-0.4038	0.5261	-0.4192	-0.7913	-0.4136	1.2185	-0.0998	-0.2120	-0.4011	-0.2994	-0.2723	-0.5527	-0.5681	0.0178	-0.3320	-0.3303	1.2279	0.6254	-0.1409	0.4214	-0.5133	0.6137	0.5309	-1.0242	-0.3715	-0.5616	0.6858	0.0611	0.0192	-0.1298	-0.9562	0.4232	0.8544	0.4442	-0.1158	0.5604	-0.4427	-0.7870	1.0485
g__Hominiventricola	1.3522	-0.4573	0.4854	0.7115	0.2386	2.0133	0.0032	0.7125	-0.4969	-0.5580	0.4916	-0.5637	-0.1950	-0.5189	0.1378	-0.0304	0.3617	0.0625	-0.1165	1.8603	-0.4862	-0.7427	-1.4659	-0.3532	0.8382	0.7756	0.5666	0.0650	-0.1938	0.3034	1.1356	0.6642	-1.0798	-0.4691	-0.4329	0.3151	1.1689	-1.6740	0.6896	0.0170	0.1040	1.0570	-1.0296	-0.2197	0.5247	-0.3117	-0.5876	-0.2039	0.4445	0.0873	0.3171	1.2497	-0.1139	-1.9500	0.1077	-0.4956	-0.8839	-0.2588	-0.6037	1.3480	-0.7460	1.5309	0.0829	-0.9397	0.2171	-1.2735	0.6380	-0.0484	0.9689	-0.3264	1.9141	0.7738	1.3218	-0.1255	5.0071	-0.7169	-1.1672	0.7515	-0.2006	0.9998	0.1716	-1.1718	-0.6780	-0.7242	-0.5342	-0.3454	0.2272	-0.4368	-0.6809	1.0360	1.0292	-0.6098	-0.3328	0.6503	-0.6627	-1.0096	-0.2666	0.5100	-0.2179	-0.1771	-0.1662	-0.4615	-0.5208	-0.1646	0.7390	-1.3494	0.1599	-0.6682	-0.2655	0.0597	0.6595	0.8808	0.4783	0.3782	0.5121	-0.1647	-0.8070	-0.5363	1.6615	1.0604	-0.1626	0.2062	-0.3829	0.7267	0.6010	0.5464	-0.8090	0.2316	-2.1727	-0.1218	0.7960	-0.2067	-0.6897	-0.2716	-0.8088	-1.1134	0.6703	-1.2505	-1.4738	-0.8123	-0.6484	0.6155	0.2386	-1.2648	1.7491	-0.2360	1.2785
g__Hungatella	-0.2090	0.3069	-0.7688	-0.0495	-0.4040	-0.5381	-0.0953	-0.0182	1.1471	0.4917	-0.5013	0.7674	0.6036	0.0113	0.2864	0.1103	-0.4428	-0.4608	0.8441	-2.2358	-0.1291	0.6025	1.2836	0.2712	-0.8307	-0.4884	-0.5111	-0.5615	0.0895	-0.5028	-0.1896	-0.6398	-0.3069	0.4091	1.2486	-1.3627	-1.0913	0.6415	-0.9281	-1.2181	-0.0648	-0.0876	1.3685	-0.0031	1.0854	0.1793	0.4181	-0.2530	-0.2555	-1.0325	-0.8924	-0.0180	0.1728	2.1733	-0.2423	0.1192	1.8772	-0.6416	0.4240	-1.0330	0.4555	-1.2907	0.2692	0.1990	-0.2441	0.6187	-1.2434	0.2295	-0.7645	-0.2658	-1.3782	-0.2034	-0.8494	-0.7372	-0.7169	4.0760	0.5441	-0.6466	0.2199	-0.7507	-0.0964	0.4510	0.5205	0.4584	0.2060	0.6287	-0.1977	0.4953	-0.1113	-0.2100	-0.8863	0.1504	0.7956	-1.0820	0.3349	0.7402	0.1689	0.1666	0.1741	0.6911	0.1173	0.1330	0.1408	0.6764	-0.5918	0.8471	-0.4087	-1.1634	-1.3242	-0.8104	0.5009	0.1572	-0.1478	-0.2835	0.8721	0.2134	1.0502	0.2980	-0.5501	-0.7807	0.1934	0.2017	0.4828	-0.4845	-0.3107	-0.5045	0.3814	-0.3081	2.6428	-0.0763	-0.7564	0.7750	0.6414	0.5369	1.1886	0.2574	-0.4412	0.1471	1.9692	0.0922	0.0940	-0.2347	0.0800	1.2441	-0.8462	0.2055	-0.4287
g__Intestinibacter	-0.7230	0.8858	-1.2110	-0.6678	-0.4527	-1.4315	0.0182	-0.6223	0.9060	0.3867	-1.2404	0.7813	-0.0325	0.0924	-1.2635	0.2136	-0.6173	-0.2959	0.4305	-2.2465	0.3101	0.3095	2.2389	0.2194	-0.4465	-0.2184	-0.6231	-0.1753	0.3464	-0.2799	0.0622	-1.2331	2.5638	0.0364	0.1419	-1.7592	-1.1969	3.0035	-1.6039	-1.3546	-0.8850	-1.2772	1.1341	0.4858	1.0984	0.3597	1.0589	1.6389	-0.2151	-0.1262	-1.3290	-2.2005	0.6179	3.2449	0.2230	0.7244	1.5283	-0.6160	1.0120	-0.0891	0.8372	-1.4518	-0.0974	0.5681	-0.1227	1.3522	-2.3698	0.0055	-1.5110	-0.6646	-2.3563	-0.4202	-0.4911	0.3518	-1.1672	0.5441	7.1369	-0.2605	1.1570	-1.7283	0.1873	1.4206	0.4802	0.1576	0.1027	0.3758	-0.2494	0.2542	-0.2021	-0.9418	-1.5319	0.7316	0.2728	-1.4503	0.3747	0.6686	0.0851	-0.4070	-0.6123	-0.0357	-0.0020	0.3565	0.0058	0.1744	-1.6813	1.4062	-0.4661	-0.7467	-1.3193	-0.7392	-0.4587	-1.0037	-0.7315	0.4972	-0.1701	-0.1580	-0.0297	1.1287	-0.5677	0.4690	-0.4847	-0.1303	0.4611	-0.4730	-0.3177	-0.0319	0.3630	0.1944	2.8465	0.7901	-0.2637	0.4889	0.8680	0.1975	1.3433	0.7207	-0.4155	2.2159	2.4694	2.1501	0.2444	-0.5616	-0.7078	2.0089	-1.2761	-0.0527	-0.3909
g__JAGTTR01	0.5560	-0.0026	0.6875	-0.0005	0.2299	0.6233	0.1768	-0.3710	-0.5357	-0.3940	0.1579	-0.4772	-0.3799	-0.2012	0.1163	0.0612	0.0198	0.8482	-0.3630	1.0714	-0.3956	-0.3806	-0.7379	-0.2005	0.4237	0.3376	0.6124	0.5273	-0.1907	0.7919	0.3826	0.6311	-0.3872	-0.1659	-0.8688	0.3640	0.9098	-0.4789	0.4104	0.4665	-0.1083	0.0978	-0.7059	-0.1597	-0.3033	-0.2003	-0.4163	-0.3143	0.3430	-0.1131	0.4590	0.4108	-0.3182	-0.9994	0.2314	-0.3121	-1.1441	-0.0709	-0.4130	0.4036	-0.2669	0.4839	0.1885	-0.5046	0.2502	-0.4729	0.7633	-0.1740	0.8527	0.2405	1.5424	0.5793	0.3293	-0.5454	0.7515	-0.6466	-0.2605	2.6258	-0.2853	0.7730	-0.1572	-0.3064	-0.4310	-0.3898	-0.3419	-0.3699	0.2903	-0.3077	-0.4545	-0.1044	0.6733	-0.4262	-0.4122	0.7727	-0.4418	-0.3041	-0.2641	0.2743	-0.4659	-0.2374	-0.0239	-0.3685	0.1219	-0.3370	0.8119	-0.4452	0.3220	0.0882	0.9592	0.7580	0.0876	0.0468	0.3369	0.2702	-0.1876	-0.2531	-0.6021	-0.3709	0.1595	0.2225	-0.0643	0.1740	-0.4003	0.3197	0.3504	0.5762	-0.4871	0.3418	-1.1631	0.3262	1.0406	0.1817	-0.5014	-0.4375	-0.9577	-0.6520	-0.2295	-0.0168	-0.6051	-0.2668	-0.2096	0.5320	-0.2156	-0.8892	0.6657	-0.1614	0.4886
g__Klebsiella	-1.0357	-0.3301	-0.1171	-0.5278	-0.2355	-1.4223	0.1168	-0.2861	0.2021	-0.1679	-0.5753	0.3449	-0.1582	0.1639	-1.5021	-0.1483	-0.4664	-0.6089	-0.1856	-0.0883	1.0651	0.1042	0.4255	0.3426	0.2226	-0.1003	-0.5213	-0.9123	0.3005	0.2165	0.3863	-0.4187	0.4798	-0.5112	0.0751	-0.3186	-0.6147	0.2208	0.0570	-0.7778	0.5148	-0.5695	0.1461	1.7806	0.6026	0.7655	0.7922	1.4807	-0.1315	0.0517	-0.3680	-0.9094	0.5982	1.0015	-0.3800	0.5658	0.8490	-0.9697	0.4197	-0.2320	-0.0726	-0.2178	0.0126	-0.0144	-0.5714	0.7513	-0.1195	-0.3184	-0.2588	-0.5403	-1.1871	-0.2636	0.0368	-0.2070	-0.2006	0.2199	1.1570	-0.2853	5.3214	0.2633	-0.0236	0.8038	0.2812	0.1496	0.6519	0.3305	-0.2241	0.1056	-0.1965	-0.1344	-0.5190	0.3632	0.0731	-1.0242	0.2167	0.1489	0.0371	-0.1178	0.1325	0.1921	0.0245	0.1735	-0.6210	0.2775	-1.1129	0.6165	-0.4009	-0.7606	-0.2623	-0.8194	-0.0936	-0.7051	-0.1158	-0.1822	-0.3843	0.8858	0.3211	0.3137	0.0003	0.3081	0.6664	0.0038	0.3170	0.0223	-0.2236	-0.3937	0.4666	-0.3095	1.7852	-0.5010	-0.8487	-0.0714	0.2803	1.2730	0.3796	0.4395	0.2886	0.7603	0.7802	0.8736	-0.4201	-0.5644	-0.0825	0.7784	-0.8227	-0.1563	-0.4484
g__Lachnoclostridium_B	0.5592	0.4220	2.3560	1.4890	1.3099	0.6541	-0.0179	-0.4003	-0.1410	-1.0593	1.3543	-0.8264	0.7445	-0.4725	0.1251	0.0060	0.4990	0.2215	-1.1408	2.1171	0.7921	-0.3950	-1.3048	-0.1547	-0.4402	-0.3373	0.4667	0.7160	0.3250	0.4495	1.3302	1.0215	-1.4157	-0.4725	-1.6121	0.8352	1.7980	-2.2762	1.5810	0.1710	0.6035	0.3478	-1.4380	-0.2541	-0.9766	-0.2915	-0.5604	-1.1897	0.0475	0.2382	1.0911	0.6312	-0.2439	-2.6934	0.1610	-0.3415	-1.2261	-0.4138	-0.6407	0.1766	-0.8763	1.9885	0.6052	-0.7790	0.2660	-2.2356	1.1154	-0.0826	1.7864	0.6855	2.0314	0.2373	1.4804	-0.3738	0.9998	-0.7507	-1.7283	0.7730	0.2633	6.2794	-0.5401	-0.6887	-0.7807	-0.1974	-0.1234	-0.2902	0.3217	-0.2251	-0.0314	0.2560	1.6989	-0.6358	-0.9539	2.1250	-0.2816	-1.0852	-0.3176	-0.2234	-0.6966	0.2482	0.3064	0.0168	-0.2703	-0.4345	1.2814	-1.3623	0.1176	-0.4627	1.9778	1.0632	-0.0250	0.8009	0.0434	0.3717	-1.0748	0.0469	-0.2253	-0.6846	0.4252	0.3902	1.0688	0.0929	-0.7470	0.5724	0.2124	0.5976	-0.7181	-0.2925	-2.5279	0.0645	0.8539	-0.1321	-0.8050	-0.5484	-1.1613	-1.0478	0.8413	-0.3754	-1.5073	-0.7697	-1.1901	0.6786	-0.0495	-1.8312	1.0233	0.1450	0.1781
g__Lachnospira	0.9859	-0.5636	-0.5100	0.3929	-0.0723	-0.7416	-0.1091	2.1920	-1.1755	0.2425	-0.3661	-0.2604	-0.1279	0.3413	0.5072	-0.4934	0.7564	0.1993	0.7916	-0.6696	0.0366	-0.9671	0.8118	0.0675	0.8535	0.4386	0.0692	-0.7732	0.3134	-0.1974	0.1761	0.3321	0.8492	-0.3569	-0.0957	-0.1003	-0.5004	0.8474	-0.5959	-0.0682	-0.9330	1.0604	-0.3218	0.1153	0.7499	-0.3858	-0.1859	-0.6248	0.2360	0.2302	-0.1763	-0.4775	0.5208	0.2047	-0.4598	-0.1001	0.4694	1.0872	-0.1758	0.2735	0.1880	-0.8863	-0.4140	0.0390	-0.5619	1.0500	-1.1231	0.2772	-0.5419	-1.4541	-0.5920	-0.1293	-0.0553	0.9663	0.1716	-0.0964	0.1873	-0.1572	-0.0236	-0.5401	4.6711	0.3255	-0.0775	0.2601	-0.2051	-0.4479	0.0556	-0.2321	0.1187	0.6176	-1.3171	0.0930	-0.3289	-0.2314	0.0927	0.0927	-0.2505	0.1971	0.1216	-0.1916	0.3061	-0.2430	-0.6907	-0.6117	-0.8926	0.6585	0.9134	-0.0874	-0.9564	0.1051	0.6295	0.1674	-0.7036	0.0843	0.1571	-0.5889	0.2538	-0.4940	-0.8688	0.5156	-0.7863	0.4275	0.1254	-0.1190	1.8110	-0.1744	-0.1777	0.1267	-0.1969	0.1322	-0.6377	-0.7833	0.2015	-0.3165	0.4189	0.2602	1.3884	-0.1500	-0.2444	-0.0741	-0.6362	0.3113	0.2935	1.0544	-0.1011	0.1726	0.5041
g__Lacticaseibacillus	-0.9938	0.4568	-0.8132	-0.2608	-0.5401	-1.3995	-0.0038	0.3218	-0.0406	0.7899	-1.8110	0.3223	0.1366	-0.1735	-0.3178	-0.1858	-0.6999	-0.2795	0.0112	-1.7889	0.8752	0.1641	2.0330	0.5882	0.1230	-0.3046	-0.2597	-0.2703	0.5012	-0.8389	-0.6573	-0.3991	0.7597	0.2680	0.2169	-1.0833	-1.4004	1.1948	-1.1897	-1.0495	-0.1016	-0.3742	0.9217	0.1033	0.6631	0.0353	0.9549	1.0301	-0.2091	-0.2747	-1.2904	-0.7181	0.2828	2.7081	-0.1547	0.2125	1.2673	-1.4000	0.4242	-0.9279	0.5310	-1.8214	-0.0033	0.4786	-0.2709	1.7671	-0.8515	0.0566	-0.7401	-0.7387	-1.6060	-0.1770	-1.2233	-0.1792	-1.1718	0.4510	1.4206	-0.3064	0.8038	-0.6887	0.3255	4.4830	1.2845	1.0017	0.6684	0.2883	-0.1275	0.1878	-0.0405	-0.6034	-0.8615	0.6541	0.6520	-0.6956	1.4699	0.5787	0.1459	-1.1240	-0.1217	0.4795	0.5599	0.3803	-0.0092	0.0307	-1.1257	1.2918	0.0682	-0.3849	-0.6961	-0.4173	-0.5951	-0.7681	-0.6689	-0.1352	-0.3110	0.2520	1.4231	0.5545	-0.9167	-0.4695	-0.2442	0.1436	0.2602	-0.1995	-1.2346	-0.5254	1.0591	0.3104	2.5883	-0.1251	-0.4969	-0.4360	0.5335	-0.2601	0.6886	1.0408	-0.1358	0.7690	1.8583	1.0889	-0.1774	-0.5298	0.0476	2.2037	-1.2493	-0.0335	-0.3731
g__Lactiplantibacillus	-0.6597	-0.1525	-0.8440	-0.1090	-0.3634	-0.7760	0.0084	-0.1403	-0.3080	0.3301	-0.5161	0.2369	-0.0760	-0.2150	-0.4170	-0.2240	-0.2848	-0.3225	0.0153	-0.5424	0.4331	0.2091	0.7770	0.0621	-0.3931	0.3249	-0.1980	-0.1930	-0.2711	-0.3568	0.4943	-0.5317	0.4874	0.1129	0.2822	-0.2536	-0.7514	-0.0667	-0.3119	0.1630	0.0284	-0.4415	0.6209	0.2166	0.1544	0.2725	0.5532	0.9459	0.0606	-0.5580	-0.8858	0.0452	0.4645	1.2591	-0.2155	0.2682	0.6633	-0.5536	0.4216	-0.7361	0.1220	-1.1425	-0.1516	0.2170	-0.1445	1.1547	-0.1600	0.1507	-0.5196	-0.3378	-1.1840	-0.1330	-0.5654	-0.1652	-0.6780	0.5205	0.4802	-0.4310	0.2812	-0.7807	-0.0775	1.2845	3.9447	0.5419	0.8758	0.4288	0.1339	0.2194	0.2766	-0.6537	-0.6230	0.1524	0.6664	-0.1910	0.7659	0.3312	0.1031	-0.4506	0.1587	0.3993	0.0390	0.0091	0.0177	-0.1264	-0.8306	0.9139	-0.4435	0.0850	-0.1341	-0.7242	-0.2702	-0.0750	-0.3339	-0.2778	0.6204	0.3916	0.5075	0.2634	-0.0468	-0.3365	0.0968	-0.0844	0.1835	-0.1181	-0.9404	-0.4853	0.6763	0.1615	1.4793	-0.0365	-0.6511	-0.1717	0.4589	-0.0005	0.1614	0.5937	-0.5348	0.4047	1.0799	0.4137	0.1273	-0.5938	-0.0475	1.3804	-0.6923	0.1049	0.2656
g__Lactobacillus	-0.2930	0.2509	-0.8883	0.0142	-0.4839	-0.9425	0.0296	0.3183	0.5113	0.7181	-0.3045	0.3493	0.2960	-0.1574	0.1361	-0.0041	-0.8196	-0.4866	-0.3718	-1.1787	0.3527	0.1277	1.2778	0.3695	-0.3203	-0.4429	-0.2947	-0.1459	0.1706	-0.2182	-0.1856	-0.1953	-0.0213	-0.0084	0.2602	-0.6721	-0.6426	-0.0331	-0.2837	-0.5455	0.0362	0.0394	0.7056	-0.2725	0.3398	0.3175	0.7217	0.5927	-0.2971	-0.6072	-0.4881	-0.5586	0.3037	1.3567	-0.1058	0.2186	1.0321	-0.6761	0.3606	-0.9472	0.2597	-1.2745	-0.2359	0.1678	-0.1322	0.5816	-0.1581	0.2624	-0.4916	-0.1064	-0.7078	-0.0893	-0.7748	-0.4376	-0.7242	0.4584	0.1576	-0.3898	0.1496	-0.1974	0.2601	1.0017	0.5419	3.1230	0.3434	0.1843	-0.1610	0.1721	0.2857	0.1215	-0.4043	0.1995	0.6578	-0.0230	0.9378	0.3501	0.1274	-0.8192	-0.0523	0.3583	0.2840	0.2579	0.0181	0.0388	-0.4390	0.8068	-0.0384	-0.0900	-0.2139	-0.2703	-0.2480	-0.1228	-0.2496	-0.2266	0.0927	0.5648	1.3002	0.3471	-0.4519	-0.6950	-0.0206	-0.1726	0.0371	-0.1304	-0.8108	-0.2908	0.1863	0.1018	1.4984	-0.0610	-0.6076	-0.1731	0.2789	-0.0604	0.2414	0.6126	-0.2027	0.2276	0.9896	0.0893	-0.0515	-0.2035	0.1053	1.0578	-0.6410	0.1193	-0.4051
g__Lactococcus	-1.2495	-0.3607	-0.5844	-0.4189	0.0641	-0.4191	0.0414	-0.0848	0.0982	0.4494	0.2718	0.3942	-0.2861	0.0978	-0.3305	0.1658	-0.5791	-0.0888	-0.3873	-0.3122	-0.0797	0.3791	0.6414	0.2781	-0.3267	-0.2960	-0.4728	-0.2455	-0.1833	0.0591	0.8113	-0.3013	0.5141	0.2107	0.1971	-0.2885	-0.1518	-0.4181	0.2412	-0.1254	0.2432	-0.7417	-0.2224	0.5603	-0.0575	0.1618	0.6283	0.4177	-0.3256	-0.4120	-0.4117	-0.6816	-0.2902	1.0539	-0.2225	0.1168	0.1220	-0.1961	0.5323	-0.7886	0.2974	-0.8812	-0.4310	0.4225	-0.3939	0.5298	0.5580	-0.2352	-0.2452	-0.3585	-0.9104	-0.1635	-0.3544	-0.9627	-0.5342	0.2060	0.1027	-0.3419	0.6519	-0.1234	-0.2051	0.6684	0.8758	0.3434	4.4887	0.0017	-0.1921	0.2968	0.7167	-0.1710	-0.3940	0.3464	0.8712	0.3160	0.7027	0.4875	-0.0203	0.1541	-0.0461	0.1221	-0.0494	-0.1937	-0.2816	-0.1501	-0.0466	0.3464	-0.7069	-0.5313	0.8196	-0.1992	-0.3867	0.1172	-0.0955	-0.3808	-0.8521	0.1681	0.2754	0.2341	0.3212	0.2963	-0.2342	-0.1724	0.2257	-0.0559	-0.4930	-0.6754	0.8251	-0.0826	1.3128	-0.4297	-0.8313	-0.3349	0.0329	0.9320	-0.1782	0.5969	0.2121	0.2356	0.5279	0.1976	0.4268	-0.4470	0.2099	0.7626	-0.4150	1.5920	-0.1153
g__Lactonifactor	-0.2970	0.6050	-0.4824	-0.5978	-0.0255	0.2556	-0.1280	-1.0303	0.3945	0.0117	-0.1887	0.7392	0.4209	0.0417	0.1858	-0.2316	0.0997	-0.5176	0.0527	-1.0405	0.1135	0.6497	0.0264	0.2175	-0.6492	-0.5512	-0.1779	-0.5233	0.0145	-0.4238	0.0688	-0.7341	-0.4606	0.2414	0.8127	-0.4851	-0.4115	0.6568	-0.7269	-1.0344	0.4853	-0.1167	0.6642	0.1695	0.2189	0.2652	0.0270	0.3697	-0.0621	-0.4779	-0.7280	0.2340	0.0713	0.6504	-0.1352	0.0669	0.5125	-0.1791	0.1570	-0.6304	-0.0656	-0.0064	0.3303	-0.0258	-0.0110	0.0721	-0.4082	0.4984	-0.0681	0.3336	-0.5535	-0.3687	-0.0268	-0.3359	-0.3454	0.6287	0.3758	-0.3699	0.3305	-0.2902	-0.4479	0.2883	0.4288	0.1843	0.0017	3.3757	-0.2357	0.2655	0.0895	0.1516	-0.1977	0.2115	0.3257	-0.3711	0.1417	0.4293	0.1229	0.0744	-0.3654	0.2716	0.1436	-0.1106	0.7048	0.3880	-0.7878	0.2509	0.0137	0.0008	-0.6550	-0.6449	-0.1262	-0.0146	0.1516	-0.4872	-0.1193	0.1256	0.3323	0.2698	-0.5783	-0.6981	0.0705	-0.0361	0.2144	0.1756	-0.3792	-0.5467	0.0610	-0.0778	1.1585	0.0465	0.0866	0.6673	0.1994	0.2174	0.9182	0.3543	0.0375	0.4101	1.2852	0.6174	-0.2762	-0.2686	0.0017	0.3316	-0.3274	-0.1745	-0.4838
g__Laedolimicola	0.3727	-0.2027	0.8691	0.1501	0.4136	0.0310	0.2703	0.2488	-0.1301	0.0727	0.2472	-0.3219	-0.1892	0.1291	0.0813	0.0310	-0.2055	0.4335	-0.0318	0.3659	-0.2910	0.0639	0.0193	0.0522	0.3520	-0.0591	0.1869	0.1747	0.0790	0.1871	0.1467	0.0931	0.2547	-0.0230	-0.2168	0.0576	0.5632	-0.5531	0.5347	0.2802	-0.4182	-0.0039	-0.2687	-0.3045	-0.1335	-0.1377	-0.1481	0.1440	0.1651	-0.2357	0.0525	0.1979	0.0741	-0.5889	0.1894	-0.0773	-0.1829	0.1018	-0.1400	-0.1244	-0.0368	0.0621	-0.1424	-0.2446	0.0438	-0.4866	0.3047	0.1284	0.1378	0.1320	0.7381	0.3754	0.1567	-0.2174	0.2272	-0.1977	-0.2494	0.2903	-0.2241	0.3217	0.0556	-0.1275	0.1339	-0.1610	-0.1921	-0.2357	2.9020	0.0092	-0.1985	-0.3352	0.1369	-0.4206	-0.1882	0.0799	-0.2400	-0.1781	0.0029	-0.0312	-0.4731	-0.0726	0.0199	0.1088	-0.0289	-0.1205	0.3291	-0.2232	-0.1792	0.1800	0.9312	0.4405	0.0439	-0.1921	0.3405	0.1855	0.5182	-0.1053	-0.2356	-0.1970	0.0033	0.1702	-0.1879	-0.0863	-0.1905	-0.0254	0.1024	0.2062	-0.3138	-0.0526	-0.4762	-0.0664	-0.6112	-0.0926	-0.1728	-0.1173	-0.6817	-0.3787	-0.1928	0.0045	-0.0525	-0.3965	0.0875	0.1474	-0.0450	-0.1230	0.4109	0.0892	0.1263
g__Lancefieldella	-0.6642	0.3148	-0.5212	-0.1220	-0.4676	-0.7995	0.0116	-0.2400	0.4981	0.4273	0.0100	0.3006	0.2675	-0.0997	0.0907	0.0525	-0.2959	-0.3441	-0.2334	-0.2676	0.2460	0.2632	0.7367	0.3735	-0.1311	-0.1317	-0.3595	-0.1653	-0.0846	-0.2259	0.4393	-0.1764	0.0733	0.0014	0.4174	-0.0301	-0.4663	0.1384	-0.3229	-0.4122	-0.1215	-0.4299	0.3928	-0.0607	0.1607	0.3512	0.2770	0.2997	-0.2254	-0.8244	-0.1618	-0.3760	0.0246	0.9909	-0.1900	0.2215	0.1379	-0.1765	0.4302	-0.6824	0.2751	-0.6935	0.0480	0.1841	-0.2451	0.3626	0.0368	0.0305	-0.1608	-0.1612	-0.8837	-0.0940	-0.3648	-0.3339	-0.4368	0.4953	0.2542	-0.3077	0.1056	-0.2251	-0.2321	0.1878	0.2194	0.1721	0.2968	0.2655	0.0092	2.2685	0.3363	-0.1527	-0.4262	0.1159	0.3303	-0.5837	0.4454	0.5049	0.3823	-0.0780	-0.0056	0.1968	-0.0394	0.1488	0.2804	0.2349	-0.5714	0.5650	-0.1794	-0.4762	0.2855	-0.3058	-0.0169	-0.3429	-0.2973	-0.2232	0.1415	0.5396	0.6456	0.1742	-0.0702	-0.6771	0.0669	-0.1969	0.2414	-0.2076	-0.1521	-0.2953	0.2576	-0.1483	0.9647	-0.1096	-0.3559	-0.0638	0.2625	0.5706	0.4911	0.5293	-0.4225	0.0540	0.8635	0.0289	0.0539	-0.1816	0.1694	0.7670	-0.7275	0.0205	-0.3747
g__Latilactobacillus	-0.6437	-0.1939	-0.5207	0.6614	-0.5567	-0.5700	0.0247	-0.7700	0.4266	0.5247	0.2299	-0.0327	-0.0846	0.3465	-0.2599	0.3713	-0.2326	-0.5856	-0.2417	0.2571	0.2168	0.3036	1.0683	0.0312	-0.5791	-0.1418	-0.1464	-0.4692	0.1502	-1.1977	0.9906	-0.0413	0.3689	-0.3664	0.0364	-0.4101	-0.2746	0.6639	0.4603	0.3513	-0.3858	-0.5212	-0.4686	0.6911	-0.4378	0.2012	0.1940	-0.2570	-0.4838	-0.0144	0.6698	-0.5226	-0.0748	0.1656	0.1629	0.0662	-0.0119	0.7851	0.4383	-0.0735	0.2062	0.0395	-0.0628	0.2052	-0.3999	0.0924	-0.4341	-0.3409	-0.9129	-0.1988	-0.2902	-0.0921	-0.0176	-0.4291	-0.6809	-0.1113	-0.2021	-0.4545	-0.1965	-0.0314	0.1187	-0.0405	0.2766	0.2857	0.7167	0.0895	-0.1985	0.3363	5.6687	0.2637	-0.8846	0.7410	0.3508	0.2353	0.4004	0.1240	-0.2550	-0.6841	0.3142	-0.0841	0.0448	-0.0464	-0.1114	0.0777	-0.2575	0.0473	-0.7797	0.8419	0.6732	0.5522	-0.3338	0.1192	-0.5550	-0.2826	-0.6906	0.6187	-0.0494	-0.0780	-0.4193	-0.0911	-0.2368	0.0315	0.0197	-0.4683	-0.1013	-0.1567	0.6346	-0.5361	0.0483	0.0082	0.1291	-0.3834	0.1402	0.6846	-0.0227	0.9475	0.0220	-0.1449	-0.3168	-0.4515	1.1016	0.0603	0.7655	0.0955	-0.7294	2.4759	0.2877
g__Lawsonibacter	-0.0301	-0.6216	0.2261	0.4594	0.1073	1.0257	0.1458	0.4764	0.6178	0.3139	0.6903	-0.0169	0.1276	0.2910	0.9658	0.3764	-0.0299	-1.0082	-0.3830	0.6271	-0.7909	-0.3835	-0.0563	-0.0184	0.4584	-0.5999	-0.4746	-0.6650	-0.0831	-0.1331	-0.1466	-0.2927	-1.0941	0.0431	-0.2769	0.1395	-0.4590	-0.8239	0.4347	-0.2158	0.1159	1.8362	-0.7680	0.5346	0.8369	0.0846	-0.2547	-0.7367	-0.2109	0.8471	0.1034	0.4951	-0.2856	-0.5010	-0.3615	-0.2859	1.1675	1.2253	-0.5478	0.2701	-0.2620	0.0208	0.0240	-0.0702	0.1092	-0.7493	-0.6785	0.3093	0.1371	-0.1016	0.1258	-0.1270	0.6647	-0.2436	1.0360	-0.2100	-0.9418	-0.1044	-0.1344	0.2560	0.6176	-0.6034	-0.6537	0.1215	-0.1710	0.1516	-0.3352	-0.1527	0.2637	4.7455	-0.3510	0.1914	-0.2402	0.4776	-0.1945	-0.2063	0.0890	0.0126	-0.0370	-0.1095	0.4317	-0.3519	0.1333	-0.2275	0.0676	-0.4116	0.2280	-0.8854	-0.7511	-0.5261	1.3239	1.0481	0.3456	-0.3694	-0.1989	0.1229	-0.0834	-0.3966	0.7277	-0.3597	-0.5781	0.4005	0.4386	0.6921	0.7406	-0.7476	-0.5004	-0.5268	0.1404	-0.6110	0.0748	0.5980	-0.5436	0.6986	0.6935	-0.4365	0.9458	-0.5856	-0.2128	-1.1958	0.2280	-0.1046	0.2912	-1.2856	0.7847	0.5443	-0.3831
g__Lentihominibacter	0.7031	0.1266	1.6901	0.4302	0.6228	1.4423	0.0683	-1.0376	-0.4202	-0.8609	0.6972	-0.2911	-0.0963	-0.4926	-0.5410	-0.1273	0.2381	0.6316	-0.6967	1.0966	-0.1216	-0.3322	-2.3673	-0.3340	-0.5303	0.6484	0.7762	0.7538	0.4177	1.2061	0.3257	1.0089	-0.7895	-0.1393	-0.5714	0.8324	1.6691	-1.5003	1.2297	1.0799	0.3727	-0.0780	-1.0726	-0.7588	-1.1348	-0.3707	-0.6925	-0.1039	0.7928	0.5176	1.1019	1.8969	-0.3355	-1.9366	0.2383	-0.4918	-1.8156	-0.0819	-0.5833	0.6291	-0.8282	1.9671	0.0766	-0.4348	0.4016	-1.4915	2.1333	-0.2385	1.8850	1.2868	2.2738	0.5511	0.6495	0.1395	1.0292	-0.8863	-1.5319	0.6733	-0.5190	1.6989	-1.3171	-0.8615	-0.6230	-0.4043	-0.3940	-0.1977	0.1369	-0.4262	-0.8846	-0.3510	4.6017	-0.4653	-0.3618	1.1571	-0.4676	-0.5617	-0.1966	0.2504	-0.4690	-0.1731	-0.1421	-0.1136	0.1522	-0.0430	1.6071	-1.2598	0.2733	0.3935	0.4986	1.3608	-0.8048	-0.0365	1.1945	0.3187	-0.5196	0.0309	-0.8135	-0.2105	0.7099	-0.2492	0.2557	-0.1720	-0.4739	0.4639	-0.0440	0.4373	-0.3568	0.4717	-1.5439	0.1401	0.7320	0.2256	-0.7129	-0.4024	-1.6995	-0.7818	-0.4883	-0.5355	-1.6137	-0.4870	0.1033	0.2180	-0.0149	-1.3505	0.9869	-0.7910	0.5199
g__Leuconostoc	-0.6253	-0.1979	-0.5876	-0.2650	-0.3871	-0.8427	-0.2071	0.1273	-0.0496	0.3323	-0.1672	0.2634	0.3612	0.0703	0.1720	-0.0187	-0.3516	0.4069	-0.0205	-0.6308	0.3647	0.0515	1.2984	0.2618	-0.4654	0.1070	-0.1958	-0.2694	0.0262	-0.8986	-0.0663	-0.5704	0.4818	0.0206	0.2735	-0.7231	-0.9197	0.5794	-0.7553	-0.7266	-0.1418	-0.2311	-0.0254	0.6645	0.3773	-0.0800	0.3117	0.3031	0.1237	-0.5137	-0.6455	-0.1003	-0.1636	1.4264	-0.1781	0.3576	0.8977	-0.4904	0.3486	-0.4489	0.1050	-0.8272	0.0857	0.5213	-0.1424	0.6631	-0.1463	-0.3993	-0.4786	-0.2229	-0.9682	-0.1176	-0.5327	0.8261	-0.6098	0.1504	0.7316	-0.4262	0.3632	-0.6358	0.0930	0.6541	0.1524	0.1995	0.3464	0.2115	-0.4206	0.1159	0.7410	0.1914	-0.4653	3.6387	0.1425	-0.7419	-0.0193	0.6808	0.1348	-1.5042	-0.3635	-0.0092	0.3899	0.1286	0.2665	-0.2210	-0.7195	0.3382	-0.0130	0.4749	-0.8512	-0.5967	-0.7431	0.5032	0.3063	-0.1036	-0.3267	0.0454	0.1228	0.2552	-0.0560	0.2571	0.0012	-0.1149	-0.0429	-0.0386	-0.1455	-0.2883	0.3415	-0.0102	1.2873	0.1188	-0.4297	0.1310	0.4376	0.1848	0.4901	0.5066	-0.0673	0.0965	0.8324	0.2957	0.5725	-0.3269	-0.2162	1.1417	-0.6651	1.2972	-0.0172
g__Ligilactobacillus	-0.6095	0.1838	-0.7984	-0.1523	-0.8592	-0.0560	-0.1097	-0.4178	0.1645	0.1942	-0.0617	0.5489	0.1911	-0.3244	-0.1605	-0.0184	-0.2517	-0.1983	0.2465	-0.7685	0.0572	0.0462	1.1389	0.0347	-0.2536	0.2548	-0.1565	-0.4366	0.0124	-0.2003	-0.2254	-0.1168	0.4629	-0.0262	0.2666	-0.7446	-0.6356	-0.6867	-0.6676	-0.7849	-0.3003	-0.2949	1.2107	0.0649	0.3999	0.1526	0.4242	-0.0139	-0.2594	-0.4795	-0.2535	-0.1519	-0.0941	1.4196	0.0966	0.1238	0.7857	-0.8112	0.3916	-0.9677	0.2399	-1.1511	0.0464	0.4873	-0.2418	0.5727	-0.5794	0.1392	-0.3356	-0.1388	-0.5854	-0.1325	-0.5563	-0.6434	-0.3328	0.7956	0.2728	-0.4122	0.0731	-0.9539	-0.3289	0.6520	0.6664	0.6578	0.8712	0.3257	-0.1882	0.3303	0.3508	-0.2402	-0.3618	0.1425	3.8514	-0.6739	1.0618	0.4303	0.1985	0.0402	-0.2621	0.0847	-0.1423	0.2326	-0.0142	0.1155	-0.3471	1.0439	-0.5978	0.2380	-0.9498	-0.2715	-0.1754	-0.3881	-0.3586	-0.1438	0.4518	0.5097	0.7743	0.2279	0.4492	-0.6311	-0.3927	-0.2189	0.2225	-0.1351	-0.3783	-0.3185	0.2926	-0.1346	1.5674	-0.2077	-0.3523	0.1829	0.4866	0.7479	0.3437	1.0362	-0.1569	0.2155	0.9591	-0.1362	0.0450	-0.1749	0.1255	1.2494	-0.5950	0.4647	-0.2558
g__Limivivens	1.1707	-0.5416	1.5752	0.9146	1.1907	1.8169	-0.2636	-0.3904	-0.3335	-0.9191	0.3787	-0.7784	-0.5745	-0.2246	0.1351	0.1676	0.8917	0.7281	-1.1294	2.1892	-0.3628	-0.1038	-1.5858	-0.5366	0.0300	0.6415	0.2782	0.6405	0.1174	0.0913	0.3260	1.2319	-0.3945	-0.4924	-1.5493	1.0734	1.6246	-0.9404	1.8506	2.3195	0.6620	0.4919	-1.6174	-0.6338	-1.4099	-0.6889	-0.9295	-0.6920	0.1223	0.4317	2.1153	0.6960	0.1988	-3.0554	0.0203	-0.6099	-1.5075	0.3157	-0.8600	1.5303	-0.7117	1.8134	-0.0684	-0.8566	0.2928	-0.7834	0.9366	0.0504	0.8299	0.4850	2.2249	0.6239	0.9197	0.6068	0.6503	-1.0820	-1.4503	0.7727	-1.0242	2.1250	-0.2314	-0.6956	-0.1910	-0.0230	0.3160	-0.3711	0.0799	-0.5837	0.2353	0.4776	1.1571	-0.7419	-0.6739	5.9797	-0.6307	-0.6263	-0.5143	0.2601	-0.1359	-0.3712	-0.3247	-0.9442	-0.2602	-0.6270	2.2260	-0.7334	0.1257	1.0310	2.1582	1.1311	0.1900	0.1822	0.2630	0.7554	-0.7788	-0.4294	-0.9556	-0.8563	-1.0612	-0.3153	0.0663	-0.0437	-0.8338	0.3131	0.0471	0.4593	-0.3658	-0.5021	-3.2167	0.7536	0.8213	-0.1927	-0.6472	-0.8787	-1.2394	-0.6583	-0.2631	-0.9598	-1.9374	-0.9531	0.0132	0.8757	-0.0748	-1.3644	1.5126	-0.1903	0.3236
g__Limosilactobacillus	-1.0247	0.7188	-0.8660	-0.0241	-0.8988	-0.9119	-0.0817	0.0828	0.1512	0.4762	-1.0798	0.2027	0.3417	-0.2125	0.0226	0.0941	-0.3055	-0.4626	-0.4089	-0.5383	0.3246	-0.0623	0.7639	0.2810	-0.0359	-0.3206	-0.1169	-0.3097	0.2795	-0.5189	0.4010	-0.1084	-0.0321	-0.0607	0.1997	-0.6917	-0.6097	0.1247	-0.3923	-0.6657	-0.1203	-0.4068	0.3090	0.1661	0.3798	0.1681	0.6496	0.9416	-0.2540	-0.4703	-0.0972	-0.4532	0.1447	1.3587	0.0326	0.4327	0.8616	-1.1260	0.5726	-0.7569	-0.0089	-1.1390	-0.2591	0.2856	-0.2068	0.9667	0.0055	-0.1594	-0.4386	-0.4033	-0.7877	-0.0885	-0.7252	-0.3174	-0.6627	0.3349	0.3747	-0.4418	0.2167	-0.2816	0.0927	1.4699	0.7659	0.9378	0.7027	0.1417	-0.2400	0.4454	0.4004	-0.1945	-0.4676	-0.0193	1.0618	-0.6307	3.7547	0.2053	0.2984	-0.9973	0.2565	0.3419	0.1038	0.5897	-0.2343	-0.0549	-0.7083	1.1720	0.2797	-0.8598	-0.5328	-0.1165	-0.3474	-0.4589	-0.6757	-0.3280	-0.1892	0.5876	1.4974	0.4189	0.2080	-0.7323	-0.1486	-0.1033	0.3312	-0.1449	-0.3269	-0.3620	0.6674	0.0028	1.2757	-0.3419	-0.3372	-0.6005	0.3117	0.1508	0.5882	0.9202	-0.1545	0.1391	0.9908	0.0037	-0.1821	-0.0360	0.0523	1.5198	-0.6882	0.1778	-0.4052
g__Longicatena	-1.0109	0.4502	-1.0755	-0.6133	-0.5796	-1.0717	0.0020	0.4882	0.6432	0.8353	-0.3320	0.6206	0.1115	0.4049	0.5075	-0.0656	-0.0761	-0.3759	0.5164	-1.2005	-0.0708	0.5212	1.4810	0.3532	-0.5383	-0.2474	-0.3975	-0.4540	-0.1773	-0.1622	-0.4334	-0.5561	-0.1475	-0.1124	0.5523	-0.8205	-1.1438	0.9237	-1.1180	-0.6412	-0.3383	-0.1702	0.9506	0.3007	0.3933	0.3175	0.4355	0.4019	-0.3234	-0.6682	-0.9142	-0.4858	-0.1697	2.2976	-0.2568	0.1497	1.0351	-0.3685	0.5539	-0.7729	0.4720	-1.7176	-0.1285	0.7791	-0.2832	0.7017	-0.6225	0.3013	-0.6210	-0.0341	-1.2186	-0.2385	-0.7943	-0.1780	-1.0096	0.7402	0.6686	-0.3041	0.1489	-1.0852	0.0927	0.5787	0.3312	0.3501	0.4875	0.4293	-0.1781	0.5049	0.1240	-0.2063	-0.5617	0.6808	0.4303	-0.6263	0.2053	3.7318	0.3214	-0.1837	-0.2379	0.1985	0.2612	0.1158	0.6988	-0.0193	-0.9453	0.4166	0.2270	0.4849	-0.9334	-0.4836	-0.0708	-0.0423	-0.3915	-0.3828	0.5981	0.0912	0.5596	0.5160	-0.9615	-0.3876	-0.2498	-0.0775	0.5077	0.1673	-0.1867	-0.7119	0.5862	-0.0205	1.8705	0.1055	-0.6850	0.1340	0.0844	0.8894	0.5262	0.6036	-0.3905	0.3408	1.7245	-0.1707	0.1876	-0.1894	-0.0394	0.8607	-0.7508	-0.0183	-0.3892
g__Massilioclostridium	-0.6917	0.4207	-0.2517	-0.5114	-0.5602	-0.4364	-0.0734	-0.1301	0.4875	0.5211	-0.1325	0.2777	0.4493	0.0220	0.3372	0.0163	-0.0869	-0.4925	-0.2645	-0.1092	-0.1137	0.2608	0.6442	0.2096	-0.0155	-0.0669	-0.2910	0.0033	-0.2612	-0.3336	0.3285	-0.0101	-0.0382	-0.0249	0.2527	0.2975	-0.5461	-0.1797	-0.4113	-0.2986	-0.1926	-0.2479	0.3338	0.2558	0.1566	0.4704	0.2880	0.4503	-0.1851	-0.4931	-0.3305	0.0830	-0.2007	0.9699	0.0327	0.1841	0.5413	-0.0565	0.3637	-0.3387	0.2040	-0.7256	-0.1302	0.1782	0.0489	0.0996	0.2336	-0.0797	-0.0509	0.3632	-0.6758	-0.0426	-0.3008	-0.1723	-0.2666	0.1689	0.0851	-0.2641	0.0371	-0.3176	-0.2505	0.1459	0.1031	0.1274	-0.0203	0.1229	0.0029	0.3823	-0.2550	0.0890	-0.1966	0.1348	0.1985	-0.5143	0.2984	0.3214	2.4481	-0.2601	0.1380	0.5548	0.1160	0.1222	0.2542	0.2028	-0.3450	0.1604	0.1102	-0.2336	-0.2192	-0.4843	-0.0830	-0.2764	-0.1830	-0.0810	0.1930	0.2383	0.7412	0.1098	0.1204	-0.6360	0.0516	-0.1492	0.3688	-0.0083	-0.5639	-0.3516	0.1108	-0.1383	0.7315	-0.1371	-0.3500	0.0576	0.1070	0.3310	0.4380	0.1834	-0.6067	-0.1127	0.7395	-0.1347	-0.0363	-0.2028	0.2057	0.1598	-0.5149	-0.1663	-0.3310
g__Mediterraneibacter	-0.2009	-0.8089	0.4385	-0.8637	1.0747	1.6891	0.1610	-0.3821	0.3413	-0.6336	1.2445	0.1227	-0.4540	-0.3132	0.3850	-0.0824	1.0137	-0.0009	0.1008	0.4950	-0.1730	0.2360	0.0392	-0.1423	-0.2600	-0.5914	-0.1743	0.1107	-0.1830	0.5026	0.2774	-0.2460	0.1706	0.1099	0.0557	0.1025	0.1529	0.2135	0.8582	1.1716	0.3786	-0.0189	0.3679	-0.0749	-0.2074	0.0973	-0.2240	-1.4339	-0.3905	0.4607	0.4965	0.6816	0.2764	-0.4867	0.1102	-0.6975	-0.9075	1.4689	-0.6758	0.7866	0.2756	1.2581	0.0850	0.0676	-0.2399	-0.8509	-0.0236	0.4597	0.9549	0.1647	0.5469	-0.0586	1.0569	-1.5469	0.5100	0.1666	-0.4070	0.2743	-0.1178	-0.2234	0.1971	-1.1240	-0.4506	-0.8192	0.1541	0.0744	-0.0312	-0.0780	-0.6841	0.0126	0.2504	-1.5042	0.0402	0.2601	-0.9973	-0.1837	-0.2601	6.1731	-0.0303	-0.4623	-0.5908	-0.7445	0.1723	0.2769	0.0381	-0.0521	-0.2021	-0.5031	0.5814	-0.0395	0.4040	-0.6835	-0.0123	-0.1775	-0.3643	-0.4415	-0.7966	-0.7709	-0.3131	0.7296	0.5112	0.0894	0.2339	0.0747	0.9211	0.0157	-0.1861	0.0838	-0.5444	-0.4309	0.8279	0.8001	-0.4312	0.8136	-0.1810	0.0896	-0.1591	0.1936	0.2055	-0.4887	-0.9995	0.0541	-0.0249	-1.1504	0.9794	-0.3838	-0.2005
g__Megamonas	-0.2249	-0.3501	-0.5007	0.6521	-0.6159	-0.8571	0.0578	0.8146	-0.1112	0.3145	-0.3540	-0.0844	-0.4714	-0.1550	-0.2944	-0.1961	-0.2234	-0.7521	-0.3906	-0.1790	-0.3590	0.5854	-0.6857	-0.1185	0.8353	-0.5890	-0.3658	0.1553	-0.2139	0.0465	0.1590	-0.0903	-0.5181	0.6074	0.4786	0.9681	-0.7581	0.5699	-0.8684	-0.0845	0.7481	0.3767	0.0378	0.1696	0.3118	0.4779	0.3415	0.7515	-0.4003	0.0921	0.2689	-0.5940	0.5220	0.1812	-0.2941	0.2789	0.2747	0.1511	0.4954	-0.0195	-0.5199	0.0283	0.0348	-0.4323	-0.0734	1.0221	2.0008	0.4028	-1.3454	-0.5499	-0.9649	-0.2690	-0.2115	0.4898	-0.2179	0.1741	-0.6123	-0.4659	0.1325	-0.6966	0.1216	-0.1217	0.1587	-0.0523	-0.0461	-0.3654	-0.4731	-0.0056	0.3142	-0.0370	-0.4690	-0.3635	-0.2621	-0.1359	0.2565	-0.2379	0.1380	-0.0303	8.2827	0.2207	-0.1994	0.3437	-0.4991	-0.1255	0.3923	0.4777	0.0703	-0.5258	0.4356	-0.6372	-0.1787	0.2673	-0.5844	0.0637	-0.5047	0.0950	-0.0315	0.3098	0.5850	0.4049	1.1925	0.0746	0.8441	0.0937	0.0776	0.2379	-0.1871	-0.2276	0.3977	0.7205	-1.1407	-0.8069	0.2252	-0.2433	1.1134	-0.6600	0.9453	-0.5346	-0.2997	0.0454	0.0733	-0.1011	3.0686	0.0974	-0.3399	-0.2890	-0.2570
g__Merdibacter	-0.4054	1.1527	-0.1875	0.1377	-0.2918	-0.6072	-0.2132	-0.1378	0.5866	0.3393	-0.2907	0.2883	0.8017	-0.1327	0.4528	-0.1744	-0.2451	-0.4580	0.0274	-0.0184	0.2312	0.1250	0.5654	0.2475	-0.5482	-0.2756	-0.4285	0.1696	-0.1943	-0.0444	0.8060	-0.1310	-0.4099	0.3428	0.3932	-0.1346	-0.5318	0.3898	-0.2418	-0.5164	0.2135	-0.0517	0.9029	0.0940	-0.0495	0.1172	0.3748	0.0150	-0.1145	-0.4509	-0.8073	-0.3130	-0.1972	0.8613	-0.0442	0.1182	0.7547	-0.8851	0.2259	-0.7904	0.1598	-0.7673	0.0000	-0.1071	0.0901	-0.1398	0.0630	-0.0486	-0.3567	0.4825	-0.7652	-0.0413	-0.6759	-0.1662	-0.1771	0.6911	-0.0357	-0.2374	0.1921	0.2482	-0.1916	0.4795	0.3993	0.3583	0.1221	0.2716	-0.0726	0.1968	-0.0841	-0.1095	-0.1731	-0.0092	0.0847	-0.3712	0.3419	0.1985	0.5548	-0.4623	0.2207	2.7611	0.3371	0.3972	0.3040	0.2827	-0.4677	0.0166	0.2287	-0.8779	-0.1784	-0.3134	-0.0854	0.0669	-0.0834	-0.2679	-0.0277	0.4159	1.1649	0.0693	-0.5741	-0.7960	0.0113	-0.0716	0.2818	-0.1628	-0.5307	-0.2900	0.0776	-0.1458	0.9950	-0.1646	-0.5989	0.2941	0.0720	0.0104	0.8089	0.2444	-0.5752	-0.1546	0.6014	0.1515	-0.4760	-0.4148	0.1242	0.2787	-0.6202	0.1113	-0.3349
g__Merdimmobilis	-0.5712	0.0768	-0.1368	-0.2139	0.1660	-0.9170	0.1102	0.3312	0.0905	0.6829	-0.1677	0.0389	0.1781	0.1056	0.3826	-0.0505	-0.5651	-0.5947	-0.3025	-0.4432	-0.3954	0.2297	0.5582	0.2565	0.0868	-0.6310	-0.3812	-0.3588	0.2049	0.1756	-0.0127	-0.2988	-0.4865	0.0733	0.3200	-0.4748	-0.3134	-0.3254	-0.6259	-0.8548	-0.0494	0.0854	0.4081	0.0804	0.4988	0.2086	0.2250	-0.0528	-0.1646	-0.4882	-0.5072	-0.3509	-0.7149	1.1324	-0.1791	0.1193	0.9305	-0.7655	0.3258	-0.2749	0.5526	-1.0485	-0.2302	0.5514	-0.2423	0.2731	-0.2798	0.2937	-0.4451	-0.3692	-0.0664	-0.1118	-0.6693	-0.0989	-0.1662	0.1173	-0.0020	-0.0239	0.0245	0.3064	0.3061	0.5599	0.0390	0.2840	-0.0494	0.1436	0.0199	-0.0394	0.0448	0.4317	-0.1421	0.3899	-0.1423	-0.3247	0.1038	0.2612	0.1160	-0.5908	-0.1994	0.3371	3.1359	0.1557	0.0720	0.1320	-0.3960	0.0707	0.4908	0.0225	-0.4774	-0.3308	0.4200	0.1898	-0.4938	-0.0937	-0.0041	0.0235	0.3430	0.1386	0.4924	0.1060	0.1126	0.4474	0.1592	0.7631	0.0092	-0.6945	0.0156	-0.1181	1.0434	-0.2793	-0.5230	-0.0129	0.1405	0.6466	0.4668	0.1933	0.3124	0.6636	0.6028	0.3277	-0.0675	-0.3469	-0.0264	0.2607	-0.1576	0.3415	-0.3501
g__Merdimonas	-0.1432	1.0067	-0.1704	0.4188	-0.0923	-0.5436	0.0635	0.3726	0.3981	0.0689	-0.4548	0.1772	0.6890	-0.0047	-0.1216	0.1649	-0.4012	-0.7205	0.1496	-0.1545	0.5077	0.2186	0.0499	0.1736	-0.4155	-0.2650	-0.0125	0.1028	-0.2182	0.1532	0.1465	-0.0686	0.2052	0.4420	0.5451	-0.0670	-0.4933	0.0343	0.0588	-1.1004	-0.1935	-0.2791	0.2775	-0.1629	-0.3241	0.1444	0.1727	0.3355	-0.0695	-0.4108	-0.4425	-0.4918	-0.0224	0.7980	-0.0378	0.2643	0.2787	-0.5504	0.1875	-0.6860	0.1400	-0.6462	0.0972	-0.1334	0.3459	0.0111	-0.0748	-0.1878	-0.7343	0.1422	-0.5815	-0.3619	-0.4399	0.4604	-0.4615	0.1330	0.3565	-0.3685	0.1735	0.0168	-0.2430	0.3803	0.0091	0.2579	-0.1937	-0.1106	0.1088	0.1488	-0.0464	-0.3519	-0.1136	0.1286	0.2326	-0.9442	0.5897	0.1158	0.1222	-0.7445	0.3437	0.3972	0.1557	3.5634	-0.0136	0.0305	-0.5584	0.3587	0.4865	-0.3490	-0.3250	0.1995	-0.1695	-0.1070	-0.0804	-0.3060	0.8436	0.2152	0.4545	0.3159	-0.0599	-0.2050	-0.2079	-0.0389	0.1738	-0.0202	-0.2120	0.0071	0.0376	-0.0342	0.8741	-0.4411	-0.3031	-0.2047	0.0333	-0.0323	0.6171	0.2366	0.5156	-0.0113	0.5938	0.6728	0.0195	-0.4768	-0.1984	0.2275	-0.9666	-0.1297	-0.1162
g__Merdivicinus	0.1524	0.9603	0.0929	-0.6830	-0.1630	0.3629	-0.1087	-1.1418	0.8046	0.1450	-0.0081	0.4466	0.5583	-0.0973	0.9333	0.0299	-0.2010	0.2142	0.2953	-0.4572	-0.5533	0.3337	0.1897	0.0460	-0.6556	-0.0107	0.4320	0.7104	-0.3848	-0.2908	-0.1688	-0.2562	-0.5910	0.5515	0.2495	-0.5227	-0.3096	0.3004	-0.5881	-0.2859	-0.0370	-0.0272	0.4750	-0.2338	-0.1689	0.0493	-0.1407	-0.3774	0.0302	-0.6138	-0.7084	0.0373	-0.6975	0.5297	0.1862	-0.1594	0.0889	0.1275	-0.0039	-0.1831	0.3451	-0.4802	0.5060	0.0140	0.4763	-0.3744	-0.2808	0.1655	0.0118	1.2940	-0.2490	-0.0237	-0.5220	0.0042	-0.5208	0.1408	0.0058	0.1219	-0.6210	-0.2703	-0.6907	-0.0092	0.0177	0.0181	-0.2816	0.7048	-0.0289	0.2804	-0.1114	0.1333	0.1522	0.2665	-0.0142	-0.2602	-0.2343	0.6988	0.2542	0.1723	-0.4991	0.3040	0.0720	-0.0136	3.3900	0.2693	-0.1584	0.0285	0.1550	0.3413	-0.4680	0.0653	-0.2497	-0.1256	0.4260	-0.3638	0.2919	0.1811	0.2501	0.0614	-0.5062	-0.9639	-0.2850	0.0430	0.2023	0.0995	-0.1711	0.3753	0.0107	0.1540	0.6002	-0.1700	0.4730	0.9004	0.1035	0.0753	0.3455	0.2270	-0.9644	0.0783	0.8986	-0.0225	-0.1820	0.0573	-0.1774	-0.3475	-0.2690	-0.0867	-0.1002
g__Muricomes	-0.0488	0.7972	-0.1689	-0.4388	-0.3092	-0.0265	0.1851	-0.6830	1.0373	0.3900	-0.1047	0.2822	0.6623	0.1370	0.3085	0.2488	0.1695	-0.3795	0.1803	-0.9595	0.3746	0.5383	0.3442	0.0990	-0.2477	-0.5190	0.0352	0.1601	-0.0508	-0.0206	-0.2488	-0.5572	-0.2598	0.2689	0.7374	-0.1300	-0.1835	0.5268	-0.6236	-0.5403	0.2942	-0.2537	0.8300	-0.1087	0.1763	0.1897	0.1223	0.2002	-0.3229	-0.1998	-0.2968	-0.0418	-0.3390	0.7543	0.0742	-0.0617	0.7395	0.0338	0.0391	-0.3873	0.2253	-0.3084	0.0823	-0.0835	0.1569	-0.2438	-0.0082	-0.0271	-0.0938	0.3369	-0.5561	-0.3896	-0.2211	-0.4568	-0.1646	0.6764	0.1744	-0.3370	0.2775	-0.4345	-0.6117	0.0307	-0.1264	0.0388	-0.1501	0.3880	-0.1205	0.2349	0.0777	-0.2275	-0.0430	-0.2210	0.1155	-0.6270	-0.0549	-0.0193	0.2028	0.2769	-0.1255	0.2827	0.1320	0.0305	0.2693	2.8873	-0.0249	-0.0423	-0.1610	-0.7504	-0.3089	-0.2446	0.2320	-0.2154	0.0115	-0.1392	0.1675	0.0961	0.4117	0.0093	-0.7187	-0.5612	0.0675	0.0238	0.2227	-0.3141	-0.4894	-0.0019	0.0735	-0.0864	0.9512	-0.5047	-0.0929	0.6230	0.2126	0.2725	0.5467	0.2844	-0.1386	0.0835	0.9970	0.2635	-0.1278	-0.2456	0.0161	-0.3085	-0.3457	-0.1828	-0.4177
g__Murimonas	1.0737	-0.5512	1.5513	1.0597	0.8177	1.6332	0.1475	-0.8147	-0.3076	-0.8090	0.9660	-0.7196	-0.3547	-0.3555	0.0730	0.0602	0.5315	0.8880	-0.4825	1.1575	-0.2905	-0.0606	-2.2621	-0.5088	0.4217	0.2185	0.5991	0.8690	0.0109	0.3256	0.5477	1.0879	-0.8268	-0.0007	-1.1039	1.6191	1.4596	-0.9249	1.0512	1.6160	0.3644	0.1781	-1.6996	-0.8889	-0.8834	-0.6817	-0.8879	-0.4546	0.2674	0.7273	1.9388	1.2058	-0.4228	-2.0062	0.4651	-0.6705	-1.6694	0.5862	-0.9097	0.9756	-0.6714	1.6955	0.2460	-0.6400	0.5726	-1.0996	1.8298	-0.7232	0.9645	1.1976	2.4382	0.4636	0.8021	-0.3859	0.7390	-0.5918	-1.6813	0.8119	-1.1129	1.2814	-0.8926	-1.1257	-0.8306	-0.4390	-0.0466	-0.7878	0.3291	-0.5714	-0.2575	0.0676	1.6071	-0.7195	-0.3471	2.2260	-0.7083	-0.9453	-0.3450	0.0381	0.3923	-0.4677	-0.3960	-0.5584	-0.1584	-0.0249	4.8396	-1.1036	-0.0538	0.5534	1.9618	1.5927	0.2646	-0.2507	0.9597	0.2603	-0.1531	-0.3443	-1.1354	-0.7162	-0.2078	-0.1848	0.5663	0.1511	-0.7907	0.1128	0.3544	0.9899	-0.7348	-0.2527	-2.2358	0.2466	0.5768	0.1269	-0.7457	-0.5465	-1.3569	-1.1139	-0.5340	-0.9063	-1.8919	-0.6792	0.1927	0.8292	0.1594	-1.6970	1.7259	-0.2245	0.2384
g__Nanosynbacter	-0.7536	0.1429	-1.5283	-0.7421	-0.5285	-1.6862	-0.2732	0.1684	0.0237	0.6080	-1.6090	0.3265	-0.0277	-0.2441	-0.1204	-0.2468	-0.2309	-0.4746	-0.4251	-0.7495	-0.1569	0.1514	1.8445	0.2345	0.0301	-0.1281	-0.5005	-0.3582	0.2013	-0.0208	-0.1991	-0.2521	1.2847	0.0442	-0.1709	-1.4207	-0.9158	1.0224	-0.9525	0.0534	-0.1880	-0.6678	1.1375	0.4924	0.7894	0.3812	0.6663	0.6138	-0.4314	-1.0298	0.0185	-1.3222	0.7070	2.6581	-0.2731	0.4641	1.0955	-0.2895	0.5546	-0.8759	0.1804	-1.8019	-0.3568	0.4385	-0.3562	2.1399	-0.3440	-0.0440	-0.9316	-0.6529	-1.2123	-0.1803	-1.4520	-0.0613	-1.3494	0.8471	1.4062	-0.4452	0.6165	-1.3623	0.6585	1.2918	0.9139	0.8068	0.3464	0.2509	-0.2232	0.5650	0.0473	-0.4116	-1.2598	0.3382	1.0439	-0.7334	1.1720	0.4166	0.1604	-0.0521	0.4777	0.0166	0.0707	0.3587	0.0285	-0.0423	-1.1036	5.1616	0.0291	-0.5342	-0.0337	-0.8429	-0.1361	-0.8495	-0.4577	-0.4443	0.3271	0.4351	1.0759	0.2243	-0.3573	-0.6952	-0.0032	-0.1805	0.3156	-0.0670	-0.0881	-0.5110	0.7138	0.0691	2.3428	-0.8045	-0.2630	-0.3211	1.0560	0.3299	0.4279	1.2910	-0.4753	0.6988	2.0143	0.7370	-0.2671	-0.1725	0.1314	2.9814	-1.3559	-0.4995	-0.5595
g__Negativibacillus	0.0251	1.7587	-0.5834	-0.4747	0.1066	-0.4478	0.1112	0.4197	-0.3756	-0.0754	-0.6262	-0.2075	0.5798	0.0331	0.8548	-0.2441	0.8733	0.1148	-0.1962	-0.7981	-0.7284	-0.4150	0.3315	0.1715	0.4893	-0.5950	0.1832	0.5659	0.3247	0.7325	-0.2912	0.6819	-0.0721	-0.0980	0.0569	-0.0374	-0.1968	0.3296	-0.0926	-0.1855	0.1589	1.0461	-0.3508	-0.1872	-0.8155	0.2536	-0.4672	0.1195	-0.0597	0.4196	1.3909	-0.4404	-0.0157	-0.1594	0.0031	0.3367	0.4325	-0.7480	-0.1084	0.5005	-0.2694	-0.7822	0.1115	0.1769	0.4268	-0.1297	0.6038	-0.2233	-0.3473	-0.4982	0.5426	-0.1485	-0.2970	0.5240	0.1599	-0.4087	-0.4661	0.3220	-0.4009	0.1176	0.9134	0.0682	-0.4435	-0.0384	-0.7069	0.0137	-0.1792	-0.1794	-0.7797	0.2280	0.2733	-0.0130	-0.5978	0.1257	0.2797	0.2270	0.1102	-0.2021	0.0703	0.2287	0.4908	0.4865	0.1550	-0.1610	-0.0538	0.0291	6.2596	-0.1035	-0.4329	0.0663	0.1816	-0.1780	0.2137	0.2777	0.0176	-0.2352	0.9043	-0.2818	-1.1554	-0.4832	0.2873	0.8594	-0.3960	0.1698	1.2947	-0.2415	0.3206	0.5067	-0.0660	-0.2298	-0.3349	-0.7263	-0.3826	-0.4839	0.9497	-0.0655	0.0594	-0.1469	-0.6154	0.3630	0.0295	-0.3702	-0.6414	-0.2624	-0.1713	-1.3003	-0.4051
g__Odoribacter	0.2896	-0.9072	0.4855	1.1121	0.6921	0.2826	-0.4572	-0.4827	-1.8254	0.6014	1.0290	-0.5326	-1.1543	1.2890	-0.5124	-0.6580	0.6434	0.9088	-0.2503	0.9209	-0.2605	-0.1926	1.4616	-0.1951	-0.3742	0.6330	0.5242	-0.2466	0.1270	-0.2118	-2.2114	1.2664	0.5501	-0.8203	-0.4406	1.4969	0.9787	-1.1060	0.2615	2.0045	-0.4704	-0.6321	-0.8484	-0.2303	-1.0057	0.3291	-1.0840	-0.3073	0.3670	0.2419	1.5851	0.1325	-1.1130	-0.0671	-0.0037	-0.2521	-2.0963	1.5555	-0.0914	1.4557	0.2314	0.8811	-0.4551	0.4109	-0.4159	0.1220	-0.1984	-0.0012	0.4522	0.0833	1.1263	0.1144	0.7466	1.6452	-0.6682	-1.1634	-0.7467	0.0882	-0.7606	-0.4627	-0.0874	-0.3849	0.0850	-0.0900	-0.5313	0.0008	0.1800	-0.4762	0.8419	-0.8854	0.3935	0.4749	0.2380	1.0310	-0.8598	0.4849	-0.2336	-0.5031	-0.5258	-0.8779	0.0225	-0.3490	0.3413	-0.7504	0.5534	-0.5342	-0.1035	10.4397	1.2416	1.1490	-0.1707	0.0111	-0.1963	1.2528	-0.0884	-0.3279	-1.1397	-0.7748	0.7942	-0.3038	0.5075	-0.0865	-0.6868	-0.3074	-0.4890	0.2065	0.0859	0.2956	-1.6403	1.0656	0.5642	-0.4519	0.3825	0.3830	-0.7906	0.1839	-0.4083	0.2084	-2.8307	0.1267	1.5994	0.2874	0.0115	-0.5420	-0.1720	-0.1901	0.4286
g__Oliverpabstia	0.4072	-0.7811	1.2901	0.8221	1.1904	-0.2228	0.1245	-0.5809	-0.8799	-0.2993	1.7189	-0.4667	-0.9903	-0.3244	-0.9555	-0.0553	-0.2407	0.4168	-0.7919	2.7487	-0.2028	-0.0872	-0.3243	0.1068	1.0173	-0.7215	-0.0534	1.2769	-0.1848	0.3463	1.6690	1.5357	0.4300	-0.4554	-1.6335	2.0867	2.2296	-0.7247	2.3960	2.9259	0.5396	-0.1613	-2.2440	-0.2799	-1.5330	-0.3186	0.1567	0.5222	-0.2083	0.6829	1.7877	-0.3203	0.3070	-2.4982	0.4431	-0.2863	-2.1401	0.6439	-0.3290	-0.4961	-0.4095	1.3759	-0.7544	-1.0218	-0.0782	-0.2708	1.9400	-0.5175	0.3840	0.4783	1.3021	0.9377	-0.3066	-0.4038	-0.2655	-1.3242	-1.3193	0.9592	-0.2623	1.9778	-0.9564	-0.6961	-0.1341	-0.2139	0.8196	-0.6550	0.9312	0.2855	0.6732	-0.7511	0.4986	-0.8512	-0.9498	2.1582	-0.5328	-0.9334	-0.2192	0.5814	0.4356	-0.1784	-0.4774	-0.3250	-0.4680	-0.3089	1.9618	-0.0337	-0.4329	1.2416	10.0140	1.2538	-0.4524	-0.5683	0.8518	0.7833	-0.2336	0.2416	-0.6703	-0.6781	-0.7900	0.0855	1.0445	-0.2318	-0.5898	-0.4474	-0.1373	0.4907	-0.6983	0.3614	-3.2667	-0.1221	-0.3013	-0.8269	-0.7975	-1.1361	-1.7710	-1.0139	-0.5625	0.8528	-2.3335	0.1289	0.3474	0.2691	0.6993	-0.8469	-0.0070	0.3179	-0.3293
g__Onthenecus	0.6516	-0.1365	1.0560	0.5043	0.5600	1.0222	0.0993	-0.6374	-0.6391	-0.6669	0.4033	-0.5037	-0.2857	0.1563	-0.5471	0.2004	0.2154	1.0555	-0.2806	0.9481	0.1197	-0.4244	-0.9591	-0.3109	-0.5200	0.5959	0.6291	0.3595	0.3745	0.1594	0.7027	1.5615	0.1333	-0.1253	-0.7135	0.2099	1.1019	-0.6571	1.2753	0.5668	-0.5647	-0.2386	-1.0579	-0.7979	-1.3038	-0.3527	-0.5264	-0.4256	0.6154	0.2406	1.1094	0.3213	0.0142	-1.7425	0.1580	-0.5236	-1.5939	0.7340	-0.5092	1.1461	-0.4862	0.6860	0.2068	-0.5460	0.1940	-0.6065	1.1943	-0.2530	1.5251	0.6025	1.6941	0.4320	0.6588	0.5261	0.0597	-0.8104	-0.7392	0.7580	-0.8194	1.0632	0.1051	-0.4173	-0.7242	-0.2703	-0.1992	-0.6449	0.4405	-0.3058	0.5522	-0.5261	1.3608	-0.5967	-0.2715	1.1311	-0.1165	-0.4836	-0.4843	-0.0395	-0.6372	-0.3134	-0.3308	0.1995	0.0653	-0.2446	1.5927	-0.8429	0.0663	1.1490	1.2538	5.2094	-0.6940	-0.6431	0.2443	0.3831	-0.1989	-0.4838	-0.6025	-0.4987	-0.9382	-0.2612	-0.2441	0.0206	-0.3625	-0.2096	0.3763	0.8270	-0.2116	0.0763	-2.0031	0.3291	1.3120	-0.0516	-0.3996	-0.3445	-1.5925	-0.4185	-0.5560	0.2271	-1.4281	-0.2623	0.1314	0.5095	-0.3394	-0.9140	0.3801	-0.1873	0.7120
g__Otoolea	0.3782	-0.8445	-0.1698	0.1708	0.0437	-0.4762	0.1282	1.0648	0.0028	0.6722	0.1502	-0.3578	-0.4211	0.0669	0.7855	0.0063	0.8869	-0.1045	0.1603	-0.3218	-0.9265	-0.3795	0.4919	0.0542	1.0840	0.2185	-0.5397	-0.5531	0.3991	0.4496	0.3734	0.0714	-0.9187	-0.1919	0.3007	0.1130	-0.4128	-0.1651	-0.2548	-0.0619	-0.1394	0.1505	-0.0788	0.5421	1.9894	0.0911	-0.5184	-1.0215	-0.2010	0.0702	-0.2643	-0.6600	-0.3977	1.2180	-0.0560	-0.2802	0.7380	0.9968	-0.1641	0.5583	0.2040	-0.9335	0.1840	-0.0016	-0.3027	0.1912	-0.9824	0.0466	-0.7982	-0.7467	0.1185	0.0665	-0.2517	-0.4192	0.6595	0.5009	-0.4587	0.0876	-0.0936	-0.0250	0.6295	-0.5951	-0.2702	-0.2480	-0.3867	-0.1262	0.0439	-0.0169	-0.3338	1.3239	-0.8048	-0.7431	-0.1754	0.1900	-0.3474	-0.0708	-0.0830	0.4040	-0.1787	-0.0854	0.4200	-0.1695	-0.2497	0.2320	0.2646	-0.1361	0.1816	-0.1707	-0.4524	-0.6940	4.6869	0.1691	0.2485	0.1249	0.8491	-0.2495	0.0661	-0.1045	0.7084	-0.5697	-0.1355	0.3488	0.2015	0.0379	0.6191	-0.2009	-0.3851	-0.6595	0.4105	0.2304	-0.4926	-0.0013	-0.0788	0.6345	0.2751	-0.2651	0.6547	-0.7297	0.2752	-0.6834	0.4973	0.2517	-0.1069	-0.3115	0.1573	0.1286	0.0522
g__Parabacteroides	0.0504	0.0840	0.4806	1.1228	-0.4035	1.2064	0.0936	0.9319	0.2135	-0.1239	1.0683	-0.1220	0.1399	-0.1186	0.8969	0.3567	-0.2593	-0.4612	0.7045	0.8523	0.1973	-0.3017	-0.6707	-0.3852	-0.3282	-0.0296	0.1567	0.0410	-0.0589	-0.0807	-0.3296	-0.3768	-0.4177	0.2875	0.2473	0.1409	0.5394	-1.4014	0.0982	-0.3745	0.4204	0.9653	-0.3056	0.4663	0.2422	0.1490	-0.3671	-0.7680	-0.1428	0.1385	-0.8968	0.6203	-0.5099	-1.0731	-0.4227	0.0622	0.2767	0.0033	-0.0434	-0.6419	-0.4387	-0.0354	0.3498	-0.3765	-0.0443	-0.3501	0.4706	-0.0587	0.0014	0.0145	0.6131	0.1622	-0.2134	-0.7913	0.8808	0.1572	-1.0037	0.0468	-0.7051	0.8009	0.1674	-0.7681	-0.0750	-0.1228	0.1172	-0.0146	-0.1921	-0.3429	0.1192	1.0481	-0.0365	0.5032	-0.3881	0.1822	-0.4589	-0.0423	-0.2764	-0.6835	0.2673	0.0669	0.1898	-0.1070	-0.1256	-0.2154	-0.2507	-0.8495	-0.1780	0.0111	-0.5683	-0.6431	0.1691	5.9576	-0.0877	-0.4675	0.3456	-0.1379	-0.2607	0.1689	1.2823	2.1919	-0.4674	-0.0788	-0.3794	0.3849	-0.0391	-0.2229	-0.2865	-0.1508	-0.5737	0.2946	-0.2666	0.7052	-0.2593	-0.7712	-0.2548	-0.3702	1.5450	-0.7163	-1.1913	-0.0734	-0.0713	-0.1688	0.1272	-1.1087	0.8758	1.1331	0.6155
g__Paraprevotella	1.1742	-0.2169	0.9572	-0.2040	-0.0697	0.7393	0.0382	-0.8409	-0.0160	0.0149	0.2202	-0.2075	-0.3946	-0.2797	0.4294	0.1814	0.1421	0.5225	0.2062	0.0177	-0.7494	0.1530	0.3168	-0.1138	-0.0105	0.8397	0.3498	0.6282	0.3327	0.6070	0.4930	0.4683	-0.9230	0.0225	0.4070	0.2063	0.7012	-1.3904	-0.0501	0.4678	0.4200	-0.0019	-1.0580	-0.2808	0.2830	-0.3029	-0.2268	-0.1106	0.2330	0.0679	0.3573	1.2235	-0.2748	-0.1363	0.0332	-0.0337	-0.3208	0.1173	-0.3732	-0.0245	-0.4065	0.4281	-0.0119	-0.3078	0.4129	-0.4033	0.3644	-0.4809	0.7028	0.8049	1.1559	0.6157	-0.0386	-0.4136	0.4783	-0.1478	-0.7315	0.3369	-0.1158	0.0434	-0.7036	-0.6689	-0.3339	-0.2496	-0.0955	0.1516	0.3405	-0.2973	-0.5550	0.3456	1.1945	0.3063	-0.3586	0.2630	-0.6757	-0.3915	-0.1830	-0.0123	-0.5844	-0.0834	-0.4938	-0.0804	0.4260	0.0115	0.9597	-0.4577	0.2137	-0.1963	0.8518	0.2443	0.2485	-0.0877	5.2600	0.2941	-0.4272	-0.0733	-0.5279	-0.1802	0.1394	-0.2724	0.0043	-0.0728	-0.3887	-0.0288	-0.1121	0.1560	-0.6495	-0.4273	-0.0556	-0.5467	0.1540	0.5247	-0.2786	-0.3755	-0.3226	-0.6193	-0.1956	-0.6953	-0.0781	-0.3848	0.7012	-0.3051	-0.3944	-0.3498	0.0789	-0.0340	0.1830
g__Pararoseburia	0.4288	-0.2681	0.5016	0.7227	0.0290	-0.1227	-0.0693	-0.0362	-0.3663	0.5942	0.0790	-0.3331	-0.5655	-0.0997	-0.0255	-0.3782	0.3908	0.3643	-0.5414	0.3929	-0.4862	-0.3245	1.1993	-0.2082	0.3189	0.7093	0.1907	0.7633	0.2807	0.0346	-0.4869	0.8001	0.0499	-0.4158	-0.6380	0.5982	0.6070	-1.2440	0.0362	0.3847	0.0979	-0.2939	-0.7549	-0.5831	0.0013	-0.1648	0.0103	-0.6101	0.4475	-0.0743	0.8874	0.2452	-0.0474	0.0444	0.1582	0.1093	-0.5011	0.0005	-0.1426	0.6347	-0.0092	0.5184	-0.2862	-0.2133	-0.1200	-0.1816	-0.1173	-0.1028	0.1327	-0.0430	0.4438	0.3528	0.3163	1.2185	0.3782	-0.2835	0.4972	0.2702	-0.1822	0.3717	0.0843	-0.1352	-0.2778	-0.2266	-0.3808	-0.4872	0.1855	-0.2232	-0.2826	-0.3694	0.3187	-0.1036	-0.1438	0.7554	-0.3280	-0.3828	-0.0810	-0.1775	0.0637	-0.2679	-0.0937	-0.3060	-0.3638	-0.1392	0.2603	-0.4443	0.2777	1.2528	0.7833	0.3831	0.1249	-0.4675	0.2941	4.1045	-0.4719	0.0549	-0.3398	-0.1604	0.4619	-0.4275	-0.0148	-0.1863	-0.1282	-0.1595	0.0340	0.3913	-0.2454	0.0343	-0.3777	0.1245	0.2645	-0.3070	-0.1701	-0.9164	-0.2946	-0.6164	0.1099	-0.2897	-0.7361	-0.2739	0.6763	0.2049	0.1369	-0.3412	-0.5316	-0.7055	0.1689
g__Parasutterella	0.2553	-0.1382	-0.4718	-0.0059	-0.1073	0.1777	0.2741	1.4198	-0.0871	-0.4409	-0.2047	0.1827	0.4976	-0.3072	-0.0779	0.2016	0.1459	-0.1037	1.4130	-0.7293	0.6506	-0.0577	-0.4660	-0.1381	0.5841	-0.2981	0.3713	-0.0332	-0.3501	-0.8243	-0.7059	-0.7651	0.0394	0.3933	0.6841	0.0996	0.1522	0.4244	-0.2683	-0.1905	-0.7306	0.7777	0.7926	-0.4244	0.5294	-0.1153	-0.3040	0.0966	0.0123	-0.5068	-0.5951	0.3208	0.5997	0.4389	0.1739	0.2512	0.7049	-0.1843	0.0523	-0.4917	0.1129	-0.6392	0.0089	0.0141	-0.1292	1.2233	-0.6904	0.9269	-0.6613	-0.0764	0.1959	-0.2546	-0.4437	-0.0998	0.5121	0.8721	-0.1701	-0.1876	-0.3843	-1.0748	0.1571	-0.3110	0.6204	0.0927	-0.8521	-0.1193	0.5182	0.1415	-0.6906	-0.1989	-0.5196	-0.3267	0.4518	-0.7788	-0.1892	0.5981	0.1930	-0.3643	-0.5047	-0.0277	-0.0041	0.8436	0.2919	0.1675	-0.1531	0.3271	0.0176	-0.0884	-0.2336	-0.1989	0.8491	0.3456	-0.4272	-0.4719	7.6508	0.0278	0.2363	0.3927	0.0580	0.6700	-1.2956	-0.2437	-0.1119	-0.2873	-0.0212	-0.2788	0.0572	-0.4216	0.4217	0.4554	-0.2406	0.4804	0.2002	-0.5317	-0.4822	0.1293	-0.2753	-0.1619	0.5716	0.1451	-0.2917	0.2361	-0.6236	1.1739	-0.4350	-0.8277	-0.2927
g__Pauljensenia	-0.6710	0.2459	-0.1839	0.5154	-0.6197	-0.9198	-0.1481	-0.6801	0.5067	0.2490	-0.0657	0.1882	0.1045	-0.3990	-0.5449	-0.2090	-0.5021	-0.7443	-0.6687	0.3725	0.4137	-0.0092	0.3480	0.2149	-0.2588	0.0525	-0.5712	0.0011	-0.4047	-0.3507	0.6547	0.0780	-0.1450	-0.3188	-0.1020	-0.1297	-0.3760	-0.1886	0.2452	0.1861	0.1378	-0.2925	0.3924	0.7384	-0.1548	0.6058	0.3947	0.3945	0.0762	-0.4645	0.1860	-0.1934	0.1191	0.3254	-0.0320	0.2987	0.0885	-0.0440	0.2874	-0.7000	0.2049	-0.3819	-0.0967	0.1853	-0.3085	0.6710	0.2521	-0.1537	-0.5144	0.1236	-0.4478	-0.0286	-0.4754	-0.2120	-0.1647	0.2134	-0.1580	-0.2531	0.8858	0.0469	-0.5889	0.2520	0.3916	0.5648	0.1681	0.1256	-0.1053	0.5396	0.6187	0.1229	0.0309	0.0454	0.5097	-0.4294	0.5876	0.0912	0.2383	-0.4415	0.0950	0.4159	0.0235	0.2152	0.1811	0.0961	-0.3443	0.4351	-0.2352	-0.3279	0.2416	-0.4838	-0.2495	-0.1379	-0.0733	0.0549	0.0278	3.5319	0.7088	0.2831	0.0359	-0.9275	0.1873	-0.4324	0.1493	-0.1945	-0.7696	-0.0866	0.4639	-0.2449	1.0206	-0.2812	-0.9142	-0.2077	-0.0647	0.3627	0.2105	0.8127	-0.2610	0.1120	0.3589	-0.0929	-0.0974	-0.3873	0.2547	0.8792	-0.4890	0.2218	-0.1790
g__Pediococcus	-0.9533	1.3800	-1.1140	0.0589	-0.8768	-1.2435	-0.0067	0.5501	0.5400	0.9937	-0.7196	0.5762	0.9842	-0.3116	0.7436	-0.2046	-0.1205	-0.7006	-0.2670	-1.1992	0.3120	0.1191	2.0539	0.5954	-0.2524	-0.3579	-0.5907	-0.3973	0.2660	-0.4158	-0.1446	-0.1512	-0.1099	0.3865	1.0016	-1.5707	-1.1327	0.4490	-0.3972	-1.2634	0.0939	0.1077	1.5395	0.2171	0.4688	0.5531	0.8689	0.3148	-0.4621	-0.4375	-1.1215	-1.0945	0.1329	1.7505	-0.2135	0.4166	1.7074	-1.3159	0.6419	-1.1259	0.1904	-1.8552	-0.1223	0.3278	-0.3737	0.5532	-0.3072	-0.0279	-0.6868	-0.4765	-1.3401	-0.2419	-1.0600	-0.4011	-0.8070	1.0502	-0.0297	-0.6021	0.3211	-0.2253	0.2538	1.4231	0.5075	1.3002	0.2754	0.3323	-0.2356	0.6456	-0.0494	-0.0834	-0.8135	0.1228	0.7743	-0.9556	1.4974	0.5596	0.7412	-0.7966	-0.0315	1.1649	0.3430	0.4545	0.2501	0.4117	-1.1354	1.0759	0.9043	-1.1397	-0.6703	-0.6025	0.0661	-0.2607	-0.5279	-0.3398	0.2363	0.7088	4.8330	0.5948	-0.7460	-1.4191	-0.3976	-0.1645	0.4948	-0.3940	-0.7436	-0.6644	0.4812	0.1737	2.1970	-0.3495	-1.1842	-0.1805	0.3743	0.2073	1.1023	0.8130	-0.5635	0.2973	1.4798	0.0565	-0.2008	-0.4992	0.0866	1.2031	-1.1978	-0.2589	-0.4660
g__Peptostreptococcus	-0.6941	0.4076	-0.8281	-0.4320	-0.3703	-0.9153	0.0150	0.0971	0.4499	0.1715	-0.6043	0.2970	-0.0416	0.0717	-0.2061	0.1257	-1.0460	-0.6015	0.3501	-0.5513	-0.2146	0.2347	1.0402	0.2103	-0.3429	-0.1215	-0.2685	0.0641	0.5612	-0.1715	-0.0906	-0.5310	0.0371	-0.0063	0.8437	-1.0613	-0.4303	0.9543	-0.4240	-0.5301	0.0980	-0.5662	0.7027	0.1730	0.2585	0.3501	0.8154	0.8585	-0.1496	-0.4214	-0.7492	-0.3866	0.1772	1.6643	-0.2014	0.5704	1.0977	-0.8372	1.0533	-0.8418	0.3509	-1.3351	-0.2896	0.2042	-0.2734	0.8286	0.0497	0.1615	-0.1521	-0.0049	-0.7872	-0.2225	-0.7536	-0.2994	-0.5363	0.2980	1.1287	-0.3709	0.3137	-0.6846	-0.4940	0.5545	0.2634	0.3471	0.2341	0.2698	-0.1970	0.1742	-0.0780	-0.3966	-0.2105	0.2552	0.2279	-0.8563	0.4189	0.5160	0.1098	-0.7709	0.3098	0.0693	0.1386	0.3159	0.0614	0.0093	-0.7162	0.2243	-0.2818	-0.7748	-0.6781	-0.4987	-0.1045	0.1689	-0.1802	-0.1604	0.3927	0.2831	0.5948	3.5189	-0.0610	0.3521	-0.0711	-0.2292	0.2914	0.1068	-0.5418	-0.2322	0.4310	-0.1959	1.9789	0.0518	-1.2585	-0.2165	0.7509	0.4205	0.1532	-0.0486	-0.0519	0.6090	1.3460	0.2160	-0.1896	-0.5031	0.3271	0.7575	-0.8272	-0.2316	-0.0030
g__Phascolarctobacterium	0.2311	-1.1451	1.3391	0.2431	-0.0552	0.4745	-0.1475	0.8768	0.1165	0.1990	0.9133	-0.4873	-0.7443	0.3320	-0.1175	0.4429	-1.3517	0.1286	0.1909	0.4629	-0.4791	-0.4201	-0.1507	-0.2220	1.1453	0.5028	0.2057	-0.3357	-1.1822	0.6485	-0.9450	-0.1437	-0.5571	0.3721	-0.1125	-0.2917	0.0901	-4.2863	0.3932	-0.4918	-0.3005	0.1005	-0.8432	0.5131	1.3979	0.3857	0.1718	-0.7334	0.1833	0.3359	0.2256	0.8238	-0.6539	-0.0868	0.0670	0.2096	0.0033	0.0369	0.2175	0.7997	-0.3799	0.5235	0.0461	-0.3218	-0.1657	-0.5235	0.0083	0.1416	0.0292	-0.8583	0.8805	0.4400	1.1447	-0.2723	1.6615	-0.5501	-0.5677	0.1595	0.0003	0.4252	-0.8688	-0.9167	-0.0468	-0.4519	0.3212	-0.5783	0.0033	-0.0702	-0.4193	0.7277	0.7099	-0.0560	0.4492	-1.0612	0.2080	-0.9615	0.1204	-0.3131	0.5850	-0.5741	0.4924	-0.0599	-0.5062	-0.7187	-0.2078	-0.3573	-1.1554	0.7942	-0.7900	-0.9382	0.7084	1.2823	0.1394	0.4619	0.0580	0.0359	-0.7460	-0.0610	10.0600	2.0417	-0.1769	-0.0586	0.3954	1.0090	-0.2051	0.4915	-0.4511	0.3130	0.2907	-0.1550	0.9978	0.2987	-0.3388	0.5948	-0.9973	-0.9415	0.9983	-0.4207	-1.1942	-0.7284	0.6157	0.2730	0.2710	-0.4283	0.5276	0.2719	0.8819
g__Phocaeicola	0.0996	-0.9191	0.4810	-0.3898	0.6269	1.1657	-0.0379	1.6397	-0.8950	-0.5024	0.5655	-0.5154	-0.7868	-0.2217	-0.7081	0.1520	-0.7570	0.1807	1.1797	0.3290	0.4074	-0.3631	-0.3714	-0.3952	0.4179	0.1691	0.2099	0.0837	-0.3388	0.1325	0.1539	-1.0020	0.8182	0.1644	0.1827	0.4156	0.8525	-0.0184	0.1616	0.1904	-0.0124	0.2981	-0.6120	0.3530	0.5076	-0.3186	0.0279	-0.5560	-0.0046	0.3851	-0.9352	0.3497	0.0577	-0.5043	0.0752	-0.0177	-0.5246	-0.4346	0.1724	0.2867	0.0065	0.8638	-0.0163	0.1670	-0.1410	0.4063	0.1219	0.1392	0.2299	-0.9067	0.3423	0.0265	0.6266	-0.5527	1.0604	-0.7807	0.4690	0.2225	0.3081	0.3902	0.5156	-0.4695	-0.3365	-0.6950	0.2963	-0.6981	0.1702	-0.6771	-0.0911	-0.3597	-0.2492	0.2571	-0.6311	-0.3153	-0.7323	-0.3876	-0.6360	0.7296	0.4049	-0.7960	0.1060	-0.2050	-0.9639	-0.5612	-0.1848	-0.6952	-0.4832	-0.3038	0.0855	-0.2612	-0.5697	2.1919	-0.2724	-0.4275	0.6700	-0.9275	-1.4191	0.3521	2.0417	5.7992	0.0795	0.1441	-0.6049	0.7143	0.4183	0.2491	-0.0624	0.2528	-0.6997	-0.0598	0.3244	-0.0570	-0.4917	-0.0406	-1.2823	-0.6038	1.9114	0.3061	-0.8449	0.2574	-0.6089	0.2405	-0.1646	0.0885	1.0198	0.8808	0.3787
g__Prevotella	-0.1160	-0.6152	-0.4287	0.1777	0.2601	-1.2540	0.1459	-0.2818	0.1151	-0.2904	0.3622	-0.0101	-0.1850	0.2058	-0.3284	-0.1926	0.6046	-0.1256	-0.9528	0.3670	-0.2629	0.5624	-0.4554	0.1753	-0.1755	-0.9120	-0.1534	0.1650	0.9257	0.1149	1.7668	0.4173	-0.4032	-0.6334	-0.2928	1.0922	0.4449	-1.3578	0.5152	1.3537	0.9608	-0.6657	-0.7530	-0.1413	-0.3138	0.0849	0.0005	0.8648	-0.5457	-0.2906	0.5273	-0.1548	-0.0841	-0.1334	-0.0402	0.1362	-0.4401	-0.2697	0.0216	-0.0736	-0.0446	0.8170	0.2390	0.2659	0.0295	-0.4251	1.7851	-0.3539	-0.0750	-0.1464	-0.0175	0.0498	0.6622	-0.5681	-0.1626	0.1934	-0.4847	-0.0643	0.6664	1.0688	-0.7863	-0.2442	0.0968	-0.0206	-0.2342	0.0705	-0.1879	0.0669	-0.2368	-0.5781	0.2557	0.0012	-0.3927	0.0663	-0.1486	-0.2498	0.0516	0.5112	1.1925	0.0113	0.1126	-0.2079	-0.2850	0.0675	0.5663	-0.0032	0.2873	0.5075	1.0445	-0.2441	-0.1355	-0.4674	0.0043	-0.0148	-1.2956	0.1873	-0.3976	-0.0711	-0.1769	0.0795	5.4868	0.3506	-0.2004	0.2069	0.2018	0.3909	0.3497	0.0807	-0.5957	-0.5100	-0.2479	-0.2999	0.0388	1.0977	-0.0226	-0.2742	-1.2722	-0.2220	-0.1004	-0.1807	-0.3635	0.1095	0.3959	0.0107	0.6291	-0.1301	-0.6731
g__Pseudobutyricicoccus	0.3379	0.1419	0.1967	0.1397	0.2191	-0.2357	-0.0526	0.3992	-0.4324	-0.0342	-0.2534	0.0559	0.1192	0.3399	0.0170	-0.1660	-0.1228	-0.1536	0.1161	-0.6102	-0.2137	0.1159	-0.2013	0.0423	0.4502	-0.0764	0.2500	-0.5520	0.3288	0.2641	0.4686	-0.0949	-0.6148	-0.2673	-0.0006	0.1682	-0.1523	-0.1450	0.0078	0.0104	-0.0726	0.4382	-0.4421	-0.0705	0.1480	-0.1957	-0.0421	-0.3805	0.0837	0.1595	0.6411	0.0790	0.0237	0.2048	-0.2496	-0.2100	0.4911	-0.3914	-0.0799	0.0582	-0.0003	-0.3490	0.0879	0.0101	0.1678	0.0204	0.0644	0.1811	-0.2199	-0.1226	0.0125	-0.0597	-0.1147	0.0178	0.2062	0.2017	-0.1303	0.1740	0.0038	0.0929	0.4275	0.1436	-0.0844	-0.1726	-0.1724	-0.0361	-0.0863	-0.1969	0.0315	0.4005	-0.1720	-0.1149	-0.2189	-0.0437	-0.1033	-0.0775	-0.1492	0.0894	0.0746	-0.0716	0.4474	-0.0389	0.0430	0.0238	0.1511	-0.1805	0.8594	-0.0865	-0.2318	0.0206	0.3488	-0.0788	-0.0728	-0.1863	-0.2437	-0.4324	-0.1645	-0.2292	-0.0586	0.1441	0.3506	2.9624	-0.0627	0.1583	0.4106	-0.0364	-0.2393	0.1052	0.4934	-0.4050	-0.1773	-0.1795	-0.1023	0.1375	-0.0407	-0.1774	0.3738	-0.0109	-0.1321	-0.2392	-0.0026	0.0277	0.0561	-0.5109	0.3768	-0.2093	0.4510
g__Pseudoflavonifractor_A	-0.7417	0.0964	-0.5563	-0.1745	-0.2912	-0.7791	0.1527	0.0976	0.4093	0.7046	-0.4553	0.4286	-0.0478	0.4132	0.3244	-0.0520	0.1492	-0.6281	0.1158	-0.3825	-0.1786	0.4473	0.9387	0.1963	-0.0796	-0.2418	-0.4734	-0.4146	-0.2366	-0.0030	0.1110	-0.4107	-0.2625	0.1597	0.3118	-0.5793	-0.7727	0.4563	-0.6275	-0.7750	-0.0508	-0.1150	0.7231	0.4429	0.5115	0.1805	0.5912	0.3015	-0.1903	-0.1053	-0.3414	-0.3151	0.2644	1.2364	-0.2009	0.2178	1.2194	0.1461	0.4269	-0.3414	0.2205	-0.7875	-0.4971	0.1865	-0.2740	0.2126	-0.2499	0.4064	-0.3432	-0.0295	-1.2742	-0.2989	-0.2472	-0.3320	-0.3829	0.4828	0.4611	-0.4003	0.3170	-0.7470	0.1254	0.2602	0.1835	0.0371	0.2257	0.2144	-0.1905	0.2414	0.0197	0.4386	-0.4739	-0.0429	0.2225	-0.8338	0.3312	0.5077	0.3688	0.2339	0.8441	0.2818	0.1592	0.1738	0.2023	0.2227	-0.7907	0.3156	-0.3960	-0.6868	-0.5898	-0.3625	0.2015	-0.3794	-0.3887	-0.1282	-0.1119	0.1493	0.4948	0.2914	0.3954	-0.6049	-0.2004	-0.0627	2.7950	0.1368	-0.0948	-0.6758	0.1022	-0.2537	1.4705	-0.3484	-0.7925	0.0687	0.5094	0.3007	0.7678	0.0645	0.2357	0.1200	1.1484	-0.0232	-0.0278	-0.4458	0.3494	0.2731	-0.6980	-0.0504	-0.3511
g__Pseudoscilispira	-0.3777	-0.0612	-0.2753	-0.4490	0.2260	0.4807	0.0995	0.1872	-0.3079	0.0907	0.1694	-0.1245	-0.1522	-0.2339	0.4902	-0.0084	-0.0313	-0.4208	0.0363	0.7350	-0.6793	0.1543	-0.2191	-0.0587	-0.0447	-0.0159	0.1194	-0.0879	-0.0472	0.4827	0.2006	-0.1925	-0.6370	-0.0359	-0.1634	-0.3328	0.1427	-0.8957	-0.2441	-0.7195	0.4851	0.4391	-0.3678	0.0110	0.0600	-0.0834	-0.1517	0.0374	0.0321	-0.1062	-0.2647	0.3699	-0.3079	0.0003	-0.2725	-0.0721	0.1580	-0.2366	-0.0410	0.3151	-0.3508	0.1954	0.0610	-0.2976	0.0309	-0.5799	0.5561	0.3291	0.4821	-0.0754	0.8986	0.2131	0.6186	-0.3303	0.7267	-0.4845	-0.4730	0.3197	0.0223	0.5724	-0.1190	-0.1995	-0.1181	-0.1304	-0.0559	0.1756	-0.0254	-0.2076	-0.4683	0.6921	0.4639	-0.0386	-0.1351	0.3131	-0.1449	0.1673	-0.0083	0.0747	0.0937	-0.1628	0.7631	-0.0202	0.0995	-0.3141	0.1128	-0.0670	0.1698	-0.3074	-0.4474	-0.2096	0.0379	0.3849	-0.0288	-0.1595	-0.2873	-0.1945	-0.3940	0.1068	1.0090	0.7143	0.2069	0.1583	0.1368	2.9105	-0.1223	-0.3415	-0.3730	0.0950	0.1834	-0.4036	0.1600	0.0444	-0.1914	0.4608	0.0325	-0.4834	0.2259	-0.1503	0.1867	-0.3091	-0.4575	0.2432	-0.1223	-0.6361	0.7144	-0.3042	0.0677
g__Roseburia	0.8221	-0.3673	0.1813	0.7781	0.5737	0.1813	0.0402	0.8778	-0.5434	-1.0628	0.4583	-0.1450	-0.2711	-0.0450	-0.1367	0.0159	1.6169	0.3857	0.3942	0.9231	-0.4843	-0.7969	-1.2223	-0.0674	0.6666	0.1235	-0.0043	-0.2375	0.2243	0.8482	0.0402	0.1860	0.1276	-0.1758	-0.3623	-0.4112	0.1313	0.4832	0.3607	0.1480	-0.5611	0.7453	-0.6888	-0.1116	0.1104	-0.6073	-0.3130	-0.3145	0.1949	0.5148	1.4645	-0.5209	0.3714	-1.0235	-0.1104	-0.3562	0.1534	1.0593	-0.6785	1.2948	-0.3407	0.3621	0.0631	-0.0035	-0.1235	-0.7101	0.0673	-0.2558	-0.1596	-0.5901	0.5905	-0.0197	1.1040	1.2279	0.6010	-0.3107	-0.3177	0.3504	-0.2236	0.2124	1.8110	-1.2346	-0.9404	-0.8108	-0.4930	-0.3792	0.1024	-0.1521	-0.1013	0.7406	-0.0440	-0.1455	-0.3783	0.0471	-0.3269	-0.1867	-0.5639	0.9211	0.0776	-0.5307	0.0092	-0.2120	-0.1711	-0.4894	0.3544	-0.0881	1.2947	-0.4890	-0.1373	0.3763	0.6191	-0.0391	-0.1121	0.0340	-0.0212	-0.7696	-0.7436	-0.5418	-0.2051	0.4183	0.2018	0.4106	-0.0948	-0.1223	5.4803	0.1913	-0.5981	0.4289	-1.2337	-0.3685	-0.0523	-0.3002	-0.2093	0.1828	-0.2433	-0.3934	0.5381	-0.5530	-0.7397	-0.9934	-0.4328	0.4170	-0.1037	-0.6014	0.6133	-0.0768	0.0969
g__Roseburia_D	1.3567	0.2313	1.1169	0.2747	-0.0933	0.6458	-0.2076	-0.2976	-0.0572	-0.5389	0.2153	-0.6179	0.3260	-0.4326	0.2007	0.2660	0.1027	1.3529	0.0201	0.9280	-0.0132	-0.6322	-1.2841	-0.4982	0.7558	0.7232	1.6673	1.3865	0.2545	-0.0688	0.1141	0.4237	-0.4323	0.1685	-0.9997	0.4402	0.9934	-0.4084	0.6607	0.2701	0.0293	0.1575	-0.7145	-0.6190	-0.4694	-0.6056	-0.5347	-0.4360	0.5232	0.2973	0.3942	-0.0198	-0.3224	-1.0889	1.0751	-0.1694	-1.0601	-0.0897	-0.4418	0.7349	-0.4539	0.7730	0.9524	-0.8601	0.7914	-0.7552	0.3402	-0.3942	0.1754	0.4614	1.1796	0.5397	-0.0455	0.6254	0.5464	-0.5045	-0.0319	0.5762	-0.3937	0.5976	-0.1744	-0.5254	-0.4853	-0.2908	-0.6754	-0.5467	0.2062	-0.2953	-0.1567	-0.7476	0.4373	-0.2883	-0.3185	0.4593	-0.3620	-0.7119	-0.3516	0.0157	0.2379	-0.2900	-0.6945	0.0071	0.3753	-0.0019	0.9899	-0.5110	-0.2415	0.2065	0.4907	0.8270	-0.2009	-0.2229	0.1560	0.3913	-0.2788	-0.0866	-0.6644	-0.2322	0.4915	0.2491	0.3909	-0.0364	-0.6758	-0.3415	0.1913	4.5002	-0.4243	0.2426	-2.2357	0.3529	1.5928	0.0621	-0.5472	-0.7721	-0.9345	-0.6828	-0.5168	-0.1924	-0.8352	-0.4213	-0.3695	0.6136	0.0143	-0.9218	0.4596	-0.3178	0.9144
g__Rothia	-1.2779	0.1587	-0.7449	-0.0765	-0.4888	-0.7441	-0.1107	0.0424	-0.0656	0.1277	-0.8132	0.2051	0.0507	0.3177	-0.3977	-0.1889	-0.1220	-0.4382	-0.0884	-0.8497	0.1340	0.2672	0.7782	0.2298	-0.5659	-0.3817	-0.4356	-0.2475	0.2059	-0.6235	0.0741	0.2183	0.2372	-0.2449	0.2321	0.0486	-0.8564	0.0592	-0.3868	0.8716	0.3368	-0.3426	0.4743	0.4413	-0.2369	0.3332	0.2228	0.1901	-0.2752	-0.7079	-0.5856	-0.6902	0.1863	1.6784	-0.1813	0.1736	0.4114	-0.4050	0.6085	-0.4486	0.8453	-0.5044	-0.1525	0.7500	-0.2830	1.4109	0.0428	-0.1342	-0.4120	-0.2852	-0.9834	-0.2442	-0.9292	-0.1409	-0.8090	0.3814	0.3630	-0.4871	0.4666	-0.7181	-0.1777	1.0591	0.6763	0.1863	0.8251	0.0610	-0.3138	0.2576	0.6346	-0.5004	-0.3568	0.3415	0.2926	-0.3658	0.6674	0.5862	0.1108	-0.1861	-0.1871	0.0776	0.0156	0.0376	0.0107	0.0735	-0.7348	0.7138	0.3206	0.0859	-0.6983	-0.2116	-0.3851	-0.2865	-0.6495	-0.2454	0.0572	0.4639	0.4812	0.4310	-0.4511	-0.0624	0.3497	-0.2393	0.1022	-0.3730	-0.5981	-0.4243	3.8998	-0.0134	1.4973	-0.1603	0.0908	-0.4430	0.3511	0.3914	0.6265	1.4999	-0.5144	-0.0804	0.8153	0.4280	0.2169	-0.4503	-0.0073	1.7977	-0.8011	0.3486	-0.4559
g__Ruminiclostridium_E	0.2893	0.2248	0.1845	-0.4416	0.0682	0.3337	-0.0836	-0.0036	-0.5185	-0.0398	0.2779	0.1833	-0.2268	-0.2170	-0.1502	-0.2583	0.4168	0.7592	0.0022	-0.6134	-0.0789	-0.3400	-0.1103	0.0650	0.1022	0.3193	0.8856	0.1773	0.0308	0.1978	-0.6430	0.1347	0.5365	0.0566	-0.1226	-0.5848	-0.1129	0.3385	-0.1042	-0.4595	-0.2658	0.0160	-0.1285	-0.4271	-0.1586	-0.1149	0.4097	0.1543	0.7552	0.1711	-0.6543	0.9116	-0.0342	0.2004	0.0424	-0.1969	-0.6428	-0.0831	-0.0437	0.1114	0.0136	0.1269	-0.2298	0.0775	0.1266	-0.1958	-0.3643	-0.2541	0.2228	0.0844	0.1689	0.2954	0.3879	0.4214	0.2316	-0.3081	0.1944	0.3418	-0.3095	-0.2925	0.1267	0.3104	0.1615	0.1018	-0.0826	-0.0778	-0.0526	-0.1483	-0.5361	-0.5268	0.4717	-0.0102	-0.1346	-0.5021	0.0028	-0.0205	-0.1383	0.0838	-0.2276	-0.1458	-0.1181	-0.0342	0.1540	-0.0864	-0.2527	0.0691	0.5067	0.2956	0.3614	0.0763	-0.6595	-0.1508	-0.4273	0.0343	-0.4216	-0.2449	0.1737	-0.1959	0.3130	0.2528	0.0807	0.1052	-0.2537	0.0950	0.4289	0.2426	-0.0134	3.8586	0.1208	0.0570	0.6681	-0.4947	-0.2631	-0.4760	-0.1867	-0.2658	0.1303	0.2394	0.2800	0.1039	-0.5055	0.2396	-0.1027	0.0833	-0.0021	-0.4508	0.9149
g__Ruminococcus_B	-2.3481	0.7642	-2.8278	-2.0527	-1.1267	-2.8245	0.2279	0.3468	1.6037	2.3137	-2.0389	1.5492	-0.1742	0.7042	-0.2293	0.2645	-1.5482	-1.6559	0.6668	-4.3041	0.2924	1.2521	4.8614	1.2843	-0.9740	-0.7050	-1.5800	-1.5582	-0.4075	0.0522	-1.9985	-1.9038	1.4211	1.0967	2.6402	-2.3879	-3.2496	1.8663	-2.6456	-2.5005	0.7475	-0.4037	3.3915	0.8671	2.3058	1.4704	2.1983	1.0475	-0.7308	-1.6353	-2.5479	-1.2741	0.4773	6.9625	-0.8565	1.2342	4.6853	-1.2561	1.8592	-1.8538	1.8412	-4.1063	-0.5183	2.1259	-0.8772	2.6895	-2.2277	0.6697	-1.5937	-0.3987	-3.6448	-0.9263	-1.3936	-0.5133	-2.1727	2.6428	2.8465	-1.1631	1.7852	-2.5279	-0.1969	2.5883	1.4793	1.4984	1.3128	1.1585	-0.4762	0.9647	0.0483	0.1404	-1.5439	1.2873	1.5674	-3.2167	1.2757	1.8705	0.7315	-0.5444	0.3977	0.9950	1.0434	0.8741	0.6002	0.9512	-2.2358	2.3428	-0.0660	-1.6403	-3.2667	-2.0031	0.4105	-0.5737	-0.0556	-0.3777	0.4217	1.0206	2.1970	1.9789	0.2907	-0.6997	-0.5957	0.4934	1.4705	0.1834	-1.2337	-2.2357	1.4973	0.1208	10.3382	-1.2372	-2.6947	0.6318	1.8405	1.8015	2.5604	1.8156	0.1644	1.3934	5.3396	1.0398	0.4702	-1.0648	0.1796	3.8047	-2.3687	0.3941	-0.8097
g__Ruminococcus_C	-0.0661	-0.4136	0.7636	0.9293	-0.0437	0.4007	-0.0581	0.0263	-0.2556	-0.6662	0.3250	-0.2319	-0.2193	0.0350	-0.2129	0.1080	-0.0956	1.0544	0.2089	0.1220	0.2645	-0.4176	-0.7637	-0.2636	-0.2716	0.6084	-0.4219	-0.2471	-0.2065	-0.2576	-0.8052	0.6813	0.2417	0.2556	-0.2601	0.2326	-0.1292	1.2578	-0.2522	0.2688	-0.6689	-0.1096	0.1606	0.3167	-0.0197	0.1322	-0.5815	-0.3425	0.7395	0.5419	-0.4340	0.4418	0.0016	-1.1273	0.0512	-0.1289	-1.0028	0.0155	0.0216	0.6348	-0.1114	0.8098	0.1642	-0.2662	-0.2920	0.1910	-0.3174	0.4641	-0.1638	-0.1956	0.1006	0.2422	-0.2391	0.6137	-0.1218	-0.0763	0.7901	0.3262	-0.5010	0.0645	0.1322	-0.1251	-0.0365	-0.0610	-0.4297	0.0465	-0.0664	-0.1096	0.0082	-0.6110	0.1401	0.1188	-0.2077	0.7536	-0.3419	0.1055	-0.1371	-0.4309	0.7205	-0.1646	-0.2793	-0.4411	-0.1700	-0.5047	0.2466	-0.8045	-0.2298	1.0656	-0.1221	0.3291	0.2304	0.2946	-0.5467	0.1245	0.4554	-0.2812	-0.3495	0.0518	-0.1550	-0.0598	-0.5100	-0.4050	-0.3484	-0.4036	-0.3685	0.3529	-0.1603	0.0570	-1.2372	5.8103	1.2822	-0.2163	-0.0658	-0.6570	0.1798	-0.3857	0.3417	0.3738	-0.8902	0.3910	0.7434	0.1497	0.7775	0.1282	0.4795	-0.3216	0.6921
g__Ruminococcus_E	1.8399	0.1030	1.6756	-0.1117	-0.0030	2.8172	0.1660	-0.4995	0.4184	-0.8616	0.0552	-0.7278	0.7292	0.0319	0.2285	1.1362	0.3368	1.1530	-0.3650	1.1193	0.3356	-0.7696	-1.8910	-0.5782	-0.1693	1.1109	1.7549	0.3474	-0.6214	0.8036	-0.9230	0.7228	-0.7797	0.6302	-1.0685	0.8908	0.2301	-0.8140	-0.2668	-0.4785	0.3865	0.1559	-0.6478	-1.2299	-0.2695	-0.4704	-0.9846	-1.5334	0.6104	1.0742	0.0199	0.9344	-0.4901	-1.9210	0.9543	-0.6461	-2.2483	1.1094	-0.7432	1.3616	-0.5863	1.9895	1.1599	-0.4875	1.0988	-0.9801	-1.3328	-0.0151	1.2773	0.5340	2.0316	0.5185	0.7840	0.5309	0.7960	-0.7564	-0.2637	1.0406	-0.8487	0.8539	-0.6377	-0.4969	-0.6511	-0.6076	-0.8313	0.0866	-0.6112	-0.3559	0.1291	0.0748	0.7320	-0.4297	-0.3523	0.8213	-0.3372	-0.6850	-0.3500	0.8279	-1.1407	-0.5989	-0.5230	-0.3031	0.4730	-0.0929	0.5768	-0.2630	-0.3349	0.5642	-0.3013	1.3120	-0.4926	-0.2666	0.1540	0.2645	-0.2406	-0.9142	-1.1842	-1.2585	0.9978	0.3244	-0.2479	-0.1773	-0.7925	0.1600	-0.0523	1.5928	0.0908	0.6681	-2.6947	1.2822	10.3840	0.1833	-1.2114	-1.4066	-0.7533	-0.3254	0.0364	-0.2345	-0.6979	0.4900	-0.1409	0.5800	-0.1410	-1.1708	1.1636	-0.4475	0.7457
g__Ruthenibacterium	0.3933	0.1178	0.5297	-0.5847	-0.0755	1.1907	0.3421	-1.0514	0.9009	0.0859	0.7301	0.2206	0.4151	-0.1172	0.9950	0.4022	-0.2612	0.0600	0.4681	-0.1350	0.0324	0.4115	-0.2469	-0.2738	-1.1966	-0.1448	0.2541	0.3162	-0.2178	-0.2335	-0.2046	-0.7473	-0.6317	0.5854	0.2973	-0.5281	0.0749	-0.1334	0.0146	-0.2836	-0.3310	0.0844	0.5566	0.1362	-0.1157	-0.0431	-0.2078	-0.3286	-0.1657	-0.5519	-0.7371	0.8898	-0.5493	-0.3735	0.0914	-0.3025	0.8023	0.1230	-0.3059	-0.1851	-0.1209	0.1307	0.5737	-0.5126	0.3343	-0.7831	-0.1016	0.2547	0.6368	0.9294	0.2312	-0.2127	0.2749	-1.0242	-0.2067	0.7750	0.4889	0.1817	-0.0714	-0.1321	-0.7833	-0.4360	-0.1717	-0.1731	-0.3349	0.6673	-0.0926	-0.0638	-0.3834	0.5980	0.2256	0.1310	0.1829	-0.1927	-0.6005	0.1340	0.0576	0.8001	-0.8069	0.2941	-0.0129	-0.2047	0.9004	0.6230	0.1269	-0.3211	-0.7263	-0.4519	-0.8269	-0.0516	-0.0013	0.7052	0.5247	-0.3070	0.4804	-0.2077	-0.1805	-0.2165	0.2987	-0.0570	-0.2999	-0.1795	0.0687	0.0444	-0.3002	0.0621	-0.4430	-0.4947	0.6318	-0.2163	0.1833	3.8591	-0.0781	0.3458	0.4545	-0.0995	-0.5333	0.3583	0.5801	0.2040	-0.1059	-0.0263	-0.9270	-1.0215	0.0765	0.5826	-0.5327
g__Sarcina	-0.6141	0.1741	-1.0682	-0.5746	-0.0914	-0.8914	-0.1803	-0.2498	-0.1091	0.3703	-0.9554	0.1277	-0.2929	0.0749	-0.0957	-0.3252	-0.3731	-0.1707	0.6063	-0.2300	0.0636	0.3928	1.3821	0.1965	-0.5414	0.0868	-0.5023	-0.5108	0.3343	-0.7582	-0.5370	-0.6521	1.1204	0.1362	0.7231	-0.6587	-0.3262	1.0204	-0.6271	-0.8779	0.0112	-0.8286	0.8280	0.1489	0.2673	0.3105	0.4399	0.6953	-0.4248	-0.8656	-0.1104	-0.3862	0.5108	1.8778	-0.2772	0.4557	1.4411	-0.1273	0.6295	-0.5168	0.4206	-1.0118	-0.3534	0.2666	-0.2585	1.3295	-0.3539	0.5008	-0.4173	-0.1080	-1.1180	-0.3349	-0.5848	-0.3715	-0.6897	0.6414	0.8680	-0.5014	0.2803	-0.8050	0.2015	0.5335	0.4589	0.2789	0.0329	0.1994	-0.1728	0.2625	0.1402	-0.5436	-0.7129	0.4376	0.4866	-0.6472	0.3117	0.0844	0.1070	-0.4312	0.2252	0.0720	0.1405	0.0333	0.1035	0.2126	-0.7457	1.0560	-0.3826	0.3825	-0.7975	-0.3996	-0.0788	-0.2593	-0.2786	-0.1701	0.2002	-0.0647	0.3743	0.7509	-0.3388	-0.4917	0.0388	-0.1023	0.5094	-0.1914	-0.2093	-0.5472	0.3511	-0.2631	1.8405	-0.0658	-1.2114	-0.0781	3.7255	0.4240	0.3188	0.4424	0.3146	0.5293	1.0906	0.6801	-0.4350	-0.4901	0.1528	1.4648	-0.7979	-0.2212	-0.4305
g__Schaedlerella	-1.0686	-0.2778	-0.8109	-1.6064	0.7309	-1.2799	-0.1986	-0.7649	0.7635	0.8258	0.1568	0.5193	-0.5544	0.4145	-0.3269	0.2741	-1.0532	-0.9609	-0.6591	-0.3000	-0.8203	0.5194	1.0084	0.6348	-0.0636	-0.5963	-1.0203	-1.1184	0.2129	0.3697	0.6655	-0.7798	0.1895	-0.2038	1.0997	-0.2314	-0.4874	-1.4667	0.6726	0.5637	-0.0213	-0.6743	0.9308	0.9399	0.7482	0.8103	0.0214	0.3781	-0.6454	-0.9252	-0.2564	-0.1021	-1.1188	1.6125	-0.5071	0.2496	0.4818	0.7137	0.5863	-0.6865	0.5749	-0.9337	0.1629	1.0106	-0.6281	-0.2058	0.0139	-0.2428	-0.6422	-0.4656	-1.1647	-0.3559	0.2115	-0.5616	-0.2716	0.5369	0.1975	-0.4375	1.2730	-0.5484	-0.3165	-0.2601	-0.0005	-0.0604	0.9320	0.2174	-0.1173	0.5706	0.6846	0.6986	-0.4024	0.1848	0.7479	-0.8787	0.1508	0.8894	0.3310	0.8136	-0.2433	0.0104	0.6466	-0.0323	0.0753	0.2725	-0.5465	0.3299	-0.4839	0.3830	-1.1361	-0.3445	0.6345	-0.7712	-0.3755	-0.9164	-0.5317	0.3627	0.2073	0.4205	0.5948	-0.0406	1.0977	0.1375	0.3007	0.4608	0.1828	-0.7721	0.3914	-0.4760	1.8015	-0.6570	-1.4066	0.3458	0.4240	6.6041	0.3459	0.6656	-0.4273	0.7294	1.1869	-0.3330	0.2419	-0.4279	0.1906	0.1464	-0.5210	0.7208	-0.5156
g__Sellimonas	-1.3729	1.1131	-1.1392	-0.7501	-0.9559	-0.5136	-0.3100	-0.2740	1.4319	0.8801	-0.2236	0.6555	1.2484	0.3195	1.2750	0.0912	0.2970	-0.6508	0.3995	-2.3462	0.4821	0.2142	1.3993	0.3274	-0.8672	-0.6277	-0.8490	-0.8139	-0.5112	-0.3961	-0.7494	-0.7842	0.2668	0.5021	1.5692	-0.2948	-2.7798	2.0188	-2.7544	-2.1654	0.0007	0.9289	1.7068	0.1733	0.3741	0.5929	0.2556	0.0026	-0.2274	-0.1829	-1.7237	-0.4668	-0.4580	1.6552	-0.6741	0.4348	1.8469	-0.5874	0.5297	0.3167	1.0991	-0.6763	0.6351	0.4826	0.0154	0.9295	-1.3449	0.1717	-1.2974	-0.5248	-2.3172	-0.8510	0.1584	0.6858	-0.8088	1.1886	1.3433	-0.9577	0.3796	-1.1613	0.4189	0.6886	0.1614	0.2414	-0.1782	0.9182	-0.6817	0.4911	-0.0227	0.6935	-1.6995	0.4901	0.3437	-1.2394	0.5882	0.5262	0.4380	-0.1810	1.1134	0.8089	0.4668	0.6171	0.3455	0.5467	-1.3569	0.4279	0.9497	-0.7906	-1.7710	-1.5925	0.2751	-0.2548	-0.3226	-0.2946	-0.4822	0.2105	1.1023	0.1532	-0.9973	-1.2823	-0.0226	-0.0407	0.7678	0.0325	-0.2433	-0.9345	0.6265	-0.1867	2.5604	0.1798	-0.7533	0.4545	0.3188	0.3459	7.4233	1.0338	0.3056	0.7233	2.0515	1.2183	0.3110	-1.0629	-0.1681	0.6939	-1.3246	0.2798	-1.0702
g__Streptococcus	-1.0344	0.6271	-1.2013	-0.1861	-0.8630	-1.2749	-0.1623	-0.1617	0.2726	0.4659	-0.3219	0.3079	0.3958	0.2206	-0.1759	-0.1074	0.0769	-0.2288	-0.2275	-0.8525	0.5918	0.2952	1.5175	0.4170	-0.5034	-0.3526	-0.7610	-0.6901	-0.5460	-0.6777	0.2212	-0.3388	0.8742	-0.1757	0.2493	-0.1414	-0.9899	0.8432	-0.4491	-0.0221	-0.1277	-0.2911	1.4927	0.5496	-0.0079	0.1688	0.2721	0.3789	-0.4797	-0.6614	-0.4092	-1.0441	0.0278	1.5751	-0.2038	0.0906	0.7118	-0.0647	0.3301	-0.9127	0.8892	-1.0876	0.1383	1.1831	-0.1810	1.5861	-1.1466	0.1894	-0.7439	-0.2895	-1.3509	-0.4618	-1.1924	0.0611	-1.1134	0.2574	0.7207	-0.6520	0.4395	-1.0478	0.2602	1.0408	0.5937	0.6126	0.5969	0.3543	-0.3787	0.5293	0.9475	-0.4365	-0.7818	0.5066	1.0362	-0.6583	0.9202	0.6036	0.1834	0.0896	-0.6600	0.2444	0.1933	0.2366	0.2270	0.2844	-1.1139	1.2910	-0.0655	0.1839	-1.0139	-0.4185	-0.2651	-0.3702	-0.6193	-0.6164	0.1293	0.8127	0.8130	-0.0486	-0.9415	-0.6038	-0.2742	-0.1774	0.0645	-0.4834	-0.3934	-0.6828	1.4999	-0.2658	1.8156	-0.3857	-0.3254	-0.0995	0.4424	0.6656	1.0338	3.1959	-0.6020	0.6160	1.1897	0.5930	-0.2371	-0.3009	-0.3935	2.4145	-0.7830	0.9838	-0.8215
g__Sutterella	0.1482	-0.4063	0.6890	0.8872	0.2649	1.0097	0.1068	1.3132	-0.7992	-0.1622	0.3433	-0.3927	-0.2933	0.0007	0.3031	-0.3567	-0.3951	-0.6074	0.8051	-0.2379	0.6003	-0.2126	-0.2592	-0.0701	0.4735	-0.1661	-0.0312	-0.6920	0.0670	-0.1989	-1.1619	-0.4071	-0.0100	0.2205	0.4683	0.4809	0.0903	0.4761	-0.3049	-1.3873	0.4915	0.7216	-0.2841	0.3047	1.3746	0.0189	0.1368	-1.0642	0.1726	0.1825	-1.1536	0.3154	0.3636	-0.8242	-0.2616	-0.0211	0.5930	0.8120	-0.0482	-0.5363	-0.0850	0.0670	-0.5502	0.0328	-0.2783	0.5412	-0.4784	0.0523	-0.0998	-1.3782	-0.2976	-0.5862	0.2358	0.0192	0.6703	-0.4412	-0.4155	-0.2295	0.2886	0.8413	1.3884	-0.1358	-0.5348	-0.2027	0.2121	0.0375	-0.1928	-0.4225	0.0220	0.9458	-0.4883	-0.0673	-0.1569	-0.2631	-0.1545	-0.3905	-0.6067	-0.1591	0.9453	-0.5752	0.3124	0.5156	-0.9644	-0.1386	-0.5340	-0.4753	0.0594	-0.4083	-0.5625	-0.5560	0.6547	1.5450	-0.1956	0.1099	-0.2753	-0.2610	-0.5635	-0.0519	0.9983	1.9114	-1.2722	0.3738	0.2357	0.2259	0.5381	-0.5168	-0.5144	0.1303	0.1644	0.3417	0.0364	-0.5333	0.3146	-0.4273	0.3056	-0.6020	7.0433	0.3771	-0.0357	0.7219	-0.5702	-0.1256	0.6227	-0.4671	0.5574	0.6577	-0.1098
g__Terrisporobacter	-0.9698	0.3928	-0.4478	-0.7721	0.4945	-1.2311	0.0142	-1.1336	0.3568	0.3067	0.5662	0.4945	-0.0508	0.0817	-0.4098	0.1842	-1.3089	-0.4557	0.4919	-0.5995	0.1562	0.1963	1.5104	0.3712	-0.6573	-1.2000	-0.8911	-0.6550	-0.1679	0.1670	-0.4265	-1.1395	1.6909	0.2207	0.1707	-0.0984	-0.1629	1.3947	-0.3751	-0.6586	-0.2825	-0.3135	1.3395	0.4749	-0.5052	0.0764	0.5660	0.8472	-0.3455	0.0605	-1.1144	-0.6420	-0.0276	1.2326	0.0489	0.3037	1.0766	-0.1512	0.2878	-0.8717	0.6428	-0.6237	-0.1765	0.6492	-0.3005	0.5171	-0.4737	0.4051	-0.6390	-0.5389	-1.7948	-0.5614	-0.8553	-0.1298	-1.2505	0.1471	2.2159	-0.0168	0.7603	-0.3754	-0.1500	0.7690	0.4047	0.2276	0.2356	0.4101	0.0045	0.0540	-0.1449	-0.5856	-0.5355	0.0965	0.2155	-0.9598	0.1391	0.3408	-0.1127	0.1936	-0.5346	-0.1546	0.6636	-0.0113	0.0783	0.0835	-0.9063	0.6988	-0.1469	0.2084	0.8528	0.2271	-0.7297	-0.7163	-0.6953	-0.2897	-0.1619	0.1120	0.2973	0.6090	-0.4207	0.3061	-0.2220	-0.0109	0.1200	-0.1503	-0.5530	-0.1924	-0.0804	0.2394	1.3934	0.3738	-0.2345	0.3583	0.5293	0.7294	0.7233	0.6160	0.3771	5.8695	1.1002	1.8529	-0.2053	-0.9525	-0.1873	0.6262	-0.7299	0.0835	-1.0409
g__Thomasclavelia	-1.5016	0.5153	-1.9633	-2.8515	-1.1144	-1.6228	0.2924	0.2027	1.9601	1.2971	-1.8392	1.2347	0.8805	-0.2161	0.7835	0.7708	-0.8224	-0.7676	0.4861	-2.6625	0.4786	1.1448	2.9814	0.9914	-0.7379	-0.7437	-0.5370	-0.6124	-0.3092	-0.7460	-1.0038	-1.8036	0.6220	1.0939	1.7927	-2.2813	-2.3713	2.2286	-2.7629	-2.7860	0.4849	-0.3926	2.8326	0.3340	2.2788	0.5480	1.6407	0.9639	-0.4753	-1.4268	-2.4307	-0.6095	0.1745	5.0455	-0.1315	0.7737	3.1653	-0.7379	1.2835	-1.4973	1.4255	-3.3455	0.4270	1.4641	-0.0588	1.4546	-2.5551	0.6961	-0.4203	-0.2540	-2.6402	-0.5486	-0.5433	-0.9562	-1.4738	1.9692	2.4694	-0.6051	0.7802	-1.5073	-0.2444	1.8583	1.0799	0.9896	0.5279	1.2852	-0.0525	0.8635	-0.3168	-0.2128	-1.6137	0.8324	0.9591	-1.9374	0.9908	1.7245	0.7395	0.2055	-0.2997	0.6014	0.6028	0.5938	0.8986	0.9970	-1.8919	2.0143	-0.6154	-2.8307	-2.3335	-1.4281	0.2752	-1.1913	-0.0781	-0.7361	0.5716	0.3589	1.4798	1.3460	-1.1942	-0.8449	-0.1004	-0.1321	1.1484	0.1867	-0.7397	-0.8352	0.8153	0.2800	5.3396	-0.8902	-0.6979	0.5801	1.0906	1.1869	2.0515	1.1897	-0.0357	1.1002	7.5782	0.2514	-0.5208	-0.4625	-0.2503	2.5041	-1.2564	0.3936	-0.8586
g__Turicibacter	-0.3668	0.8485	-0.3059	-0.4262	0.0815	-0.5081	-0.1915	-1.1228	-0.1366	0.0907	-0.2946	0.3102	0.6035	0.1598	-1.1995	-0.4109	-1.0618	-0.2903	0.5297	-1.6041	0.4091	0.2496	0.0565	0.1580	-0.2722	-0.1568	-0.3351	0.0671	0.3031	0.2240	-0.1229	-0.2946	2.0288	0.5408	0.5399	0.6382	-0.2427	1.9730	-1.1010	-0.5718	0.0399	-1.1746	0.1604	0.2277	-0.3322	0.0719	0.0122	1.0601	0.0705	-0.3541	-1.1869	-0.8378	0.1584	1.3684	-0.0842	0.4212	-0.5022	-0.1674	0.2252	-0.7612	0.4779	-0.0315	0.2221	0.2673	-0.0811	1.7853	0.2196	-0.7011	-1.4634	-0.7238	-1.0195	-0.5254	-0.4437	0.4232	-0.8123	0.0922	2.1501	-0.2668	0.8736	-0.7697	-0.0741	1.0889	0.4137	0.0893	0.1976	0.6174	-0.3965	0.0289	-0.4515	-1.1958	-0.4870	0.2957	-0.1362	-0.9531	0.0037	-0.1707	-0.1347	-0.4887	0.0454	0.1515	0.3277	0.6728	-0.0225	0.2635	-0.6792	0.7370	0.3630	0.1267	0.1289	-0.2623	-0.6834	-0.0734	-0.3848	-0.2739	0.1451	-0.0929	0.0565	0.2160	-0.7284	0.2574	-0.1807	-0.2392	-0.0232	-0.3091	-0.9934	-0.4213	0.4280	0.1039	1.0398	0.3910	0.4900	0.2040	0.6801	-0.3330	1.2183	0.5930	0.7219	1.8529	0.2514	5.9040	0.2938	-0.5955	-0.1725	1.3391	-0.9132	-0.6502	-0.8263
g__Tyzzerella	-0.6887	-0.4336	-0.3956	0.1222	-0.0466	-0.8236	-0.1318	-0.0414	-0.0381	1.3691	0.3838	0.0737	-0.4756	0.7655	-0.3808	0.2635	0.1987	0.3033	-0.0837	-0.9198	-0.4137	0.0728	0.7906	-0.0736	0.2751	1.0842	-0.2069	-0.0047	-0.1878	0.1742	-0.4371	0.7319	0.0783	-0.0233	0.0895	0.0286	-0.1378	-0.1682	-0.3488	0.3337	-0.4642	-0.6898	-0.5694	-0.0078	0.0501	0.3752	0.0978	-0.1658	0.1413	0.6327	0.7848	-0.1699	-0.7227	1.0749	-0.0392	0.0522	-0.3515	0.8707	0.1451	-0.0673	0.1497	0.0155	-0.0364	0.2228	-0.1908	-0.2447	0.8850	-0.4900	-0.8986	-0.2802	-0.3309	0.4377	-0.1653	0.8544	-0.6484	0.0940	0.2444	-0.2096	-0.4201	-1.1901	-0.6362	-0.1774	0.1273	-0.0515	0.4268	-0.2762	0.0875	0.0539	1.1016	0.2280	0.1033	0.5725	0.0450	0.0132	-0.1821	0.1876	-0.0363	-0.9995	0.0733	-0.4760	-0.0675	0.0195	-0.1820	-0.1278	0.1927	-0.2671	0.0295	1.5994	0.3474	0.1314	0.4973	-0.0713	0.7012	0.6763	-0.2917	-0.0974	-0.2008	-0.1896	0.6157	-0.6089	-0.3635	-0.0026	-0.0278	-0.4575	-0.4328	-0.3695	0.2169	-0.5055	0.4702	0.7434	-0.1409	-0.1059	-0.4350	0.2419	0.3110	-0.2371	-0.5702	-0.2053	-0.5208	0.2938	6.0955	-0.3474	-0.1282	-0.4945	-0.5730	1.1381	0.2441
g__UBA3402	0.9753	-0.3891	0.1073	0.3842	0.0978	0.8377	-0.0458	0.5247	-0.2688	-0.5013	0.2535	-0.4053	-0.1397	0.0314	0.2478	0.0082	0.7421	0.5933	-0.0042	0.1932	-0.6308	-0.2426	-1.0945	-0.2155	0.8144	0.3453	0.6863	0.0475	-0.0828	-0.1462	0.1585	0.7355	-0.5240	-0.2181	-0.5918	-0.0893	0.9411	0.1162	0.6729	0.5080	-0.3925	0.1733	-0.6201	-0.5411	0.2004	-0.4708	-0.3635	-0.4062	0.0827	-0.0833	0.6500	0.3555	-0.1456	-0.9398	0.3701	-0.3765	-0.9699	0.1805	-0.4093	1.0008	-0.3428	0.9164	0.2729	-0.4702	-0.0482	-0.3012	0.0201	-0.1317	0.7237	0.2052	1.2939	0.4960	0.7447	0.4442	0.6155	-0.2347	-0.5616	0.5320	-0.5644	0.6786	0.3113	-0.5298	-0.5938	-0.2035	-0.4470	-0.2686	0.1474	-0.1816	0.0603	-0.1046	0.2180	-0.3269	-0.1749	0.8757	-0.0360	-0.1894	-0.2028	0.0541	-0.1011	-0.4148	-0.3469	-0.4768	0.0573	-0.2456	0.8292	-0.1725	-0.3702	0.2874	0.2691	0.5095	0.2517	-0.1688	-0.3051	0.2049	0.2361	-0.3873	-0.4992	-0.5031	0.2730	0.2405	0.1095	0.0277	-0.4458	0.2432	0.4170	0.6136	-0.4503	0.2396	-1.0648	0.1497	0.5800	-0.0263	-0.4901	-0.4279	-1.0629	-0.3009	-0.1256	-0.9525	-0.4625	-0.5955	-0.3474	3.4756	-0.2104	-0.2851	1.1093	-0.1936	0.3610
g__URXU01	0.0117	-0.5570	0.3252	0.6411	-0.6464	-0.5708	0.0875	0.0042	-0.0193	0.3923	-0.1780	-0.2313	-0.4302	0.0409	-0.4980	0.0543	-0.6205	-0.2793	-0.3994	0.3556	-0.2957	0.2915	0.1666	-0.0613	0.3160	-0.4044	-0.4352	-0.1363	0.0699	0.3832	0.2683	0.0683	0.0031	0.0199	0.1605	0.6878	-0.0443	-0.2131	-0.2076	0.3152	0.3451	-0.3843	-0.3329	-0.0433	0.3364	0.2322	0.1427	0.3311	-0.2209	-0.1863	-0.4820	-0.4462	0.1830	0.4011	0.0338	-0.0096	-0.0586	0.4458	0.4213	-0.7059	-0.1098	0.2233	-0.5354	0.0057	-0.0075	0.4024	1.2006	0.0267	-0.3513	-0.0930	-0.6167	0.1788	-0.4176	-0.1158	0.2386	0.0800	-0.7078	-0.2156	-0.0825	-0.0495	0.2935	0.0476	-0.0475	0.1053	0.2099	0.0017	-0.0450	0.1694	0.7655	0.2912	-0.0149	-0.2162	0.1255	-0.0748	0.0523	-0.0394	0.2057	-0.0249	3.0686	0.1242	-0.0264	-0.1984	-0.1774	0.0161	0.1594	0.1314	-0.6414	0.0115	0.6993	-0.3394	-0.1069	0.1272	-0.3944	0.1369	-0.6236	0.2547	0.0866	0.3271	0.2710	-0.1646	0.3959	0.0561	0.3494	-0.1223	-0.1037	0.0143	-0.0073	-0.1027	0.1796	0.7775	-0.1410	-0.9270	0.1528	0.1906	-0.1681	-0.3935	0.6227	-0.1873	-0.2503	-0.1725	-0.1282	-0.2104	5.0054	-0.0964	-0.2655	-0.2202	0.0025
g__Veillonella	-1.0317	-0.3082	-2.2143	-0.2666	-0.8726	-2.4720	-0.4437	1.4718	-0.5085	0.5235	-2.2808	0.1992	-0.4748	0.1987	-1.1584	-0.5029	-0.5433	0.0344	0.4732	-1.5829	0.5984	-0.0938	2.6424	0.6777	0.2500	0.0691	-1.0931	-0.7942	-0.0246	-0.8796	-0.0049	-0.1553	1.7351	0.0097	0.6509	-1.4412	-1.3632	2.1475	-1.7268	-0.0834	0.1105	-0.6531	1.5648	0.6640	1.4644	0.2034	0.9028	1.0913	-0.2147	-1.5099	-1.1476	-1.8093	1.6661	3.8002	-0.3509	0.6066	1.6977	-1.4590	1.0610	-0.9844	0.9027	-2.4400	-0.3575	1.5654	-0.8978	4.5652	-1.6497	0.3487	-1.3839	-1.4883	-1.7282	-0.2434	-1.7199	0.5604	-1.2648	1.2441	2.0089	-0.8892	0.7784	-1.8312	1.0544	2.2037	1.3804	1.0578	0.7626	0.3316	-0.1230	0.7670	0.0955	-1.2856	-1.3505	1.1417	1.2494	-1.3644	1.5198	0.8607	0.1598	-1.1504	0.0974	0.2787	0.2607	0.2275	-0.3475	-0.3085	-1.6970	2.9814	-0.2624	-0.5420	-0.8469	-0.9140	-0.3115	-1.1087	-0.3498	-0.3412	1.1739	0.8792	1.2031	0.7575	-0.4283	0.0885	0.0107	-0.5109	0.2731	-0.6361	-0.6014	-0.9218	1.7977	0.0833	3.8047	0.1282	-1.1708	-1.0215	1.4648	0.1464	0.6939	2.4145	-0.4671	0.6262	2.5041	1.3391	-0.4945	-0.2851	-0.0964	7.5726	-1.6135	0.5372	-0.7755
g__Vescimonas	1.2522	-0.5549	1.3406	0.3153	0.5597	2.4704	0.2059	0.3282	-0.6637	-1.0412	0.7437	-0.6100	-0.0114	-0.1262	0.7310	0.2448	0.7188	0.9722	0.0329	2.1900	0.0529	-0.2783	-3.1715	-0.5989	0.5322	0.1377	0.4375	0.0932	-0.1893	0.6645	0.2534	0.0184	-0.8188	-0.4804	-0.7415	0.8010	1.1609	-0.1602	1.1085	0.8019	0.2988	1.1196	-1.1370	-0.4336	-0.3501	-0.6284	-1.0520	-0.3516	-0.1548	1.2472	0.7720	1.0465	-0.0238	-2.9861	0.1591	-0.7886	-0.9414	0.3948	-1.1271	1.2528	-0.7409	2.0716	0.1683	-0.2379	0.2341	-0.9873	0.7749	0.2046	1.3462	-0.1010	2.6523	0.2698	1.7772	-0.4427	1.7491	-0.8462	-1.2761	0.6657	-0.8227	1.0233	-0.1011	-1.2493	-0.6923	-0.6410	-0.4150	-0.3274	0.4109	-0.7275	-0.7294	0.7847	0.9869	-0.6651	-0.5950	1.5126	-0.6882	-0.7508	-0.5149	0.9794	-0.3399	-0.6202	-0.1576	-0.9666	-0.2690	-0.3457	1.7259	-1.3559	-0.1713	-0.1720	-0.0070	0.3801	0.1573	0.8758	0.0789	-0.5316	-0.4350	-0.4890	-1.1978	-0.8272	0.5276	1.0198	0.6291	0.3768	-0.6980	0.7144	0.6133	0.4596	-0.8011	-0.0021	-2.3687	0.4795	1.1636	0.0765	-0.7979	-0.5210	-1.3246	-0.7830	0.5574	-0.7299	-1.2564	-0.9132	-0.5730	1.1093	-0.2655	-1.6135	5.4011	0.2172	0.2496
g__Weissella	-0.5429	-0.5995	-0.7124	-0.1648	-0.3135	-0.0449	0.0794	0.1070	0.4091	0.4433	0.7858	0.3407	0.1007	-0.0863	0.3244	0.4326	-0.6810	0.1870	0.1177	0.4624	0.0119	0.0975	0.0751	0.1084	-0.6854	-0.3433	-0.2183	-0.2699	-0.6966	-1.2746	1.6432	-0.2807	0.3177	-0.1730	0.3084	-0.1594	-0.6061	-0.2054	0.3380	-0.3521	-0.4704	-0.0455	-0.1465	0.8312	0.6319	0.1815	0.4371	-0.6136	-0.5697	-0.3175	-1.0024	-0.5341	-0.5295	-0.2592	0.1709	-0.2730	0.4106	0.2239	0.4235	-0.7703	0.4865	-0.3775	0.1709	0.6366	-0.0206	-0.2461	-0.6995	-0.3149	-0.0978	-0.2710	-0.4149	-0.0365	-0.0394	-0.7870	-0.2360	0.2055	-0.0527	-0.1614	-0.1563	0.1450	0.1726	-0.0335	0.1049	0.1193	1.5920	-0.1745	0.0892	0.0205	2.4759	0.5443	-0.7910	1.2972	0.4647	-0.1903	0.1778	-0.0183	-0.1663	-0.3838	-0.2890	0.1113	0.3415	-0.1297	-0.0867	-0.1828	-0.2245	-0.4995	-1.3003	-0.1901	0.3179	-0.1873	0.1286	1.1331	-0.0340	-0.7055	-0.8277	0.2218	-0.2589	-0.2316	0.2719	0.8808	-0.1301	-0.2093	-0.0504	-0.3042	-0.0768	-0.3178	0.3486	-0.4508	0.3941	-0.3216	-0.4475	0.5826	-0.2212	0.7208	0.2798	0.9838	0.6577	0.0835	0.3936	-0.6502	1.1381	-0.1936	-0.2202	0.5372	0.2172	6.4655	-0.0383
g__Wujia	1.1470	-0.3934	0.7763	0.2302	0.1437	0.8927	-0.1399	0.2777	-0.8664	-0.2782	-0.1539	-0.2803	-0.3704	-0.1294	-0.3693	-0.1206	0.0215	0.8406	0.0074	0.6392	-0.5083	-0.5127	-0.2923	-0.3774	0.8494	2.0108	1.2842	0.0170	0.1709	-0.0184	0.6382	1.0981	-0.1821	-0.3340	-0.6556	-0.5892	0.4560	-0.9926	0.4824	0.5849	-0.4094	-0.0953	-0.8397	-0.0878	-0.0556	-0.1487	-0.3450	-0.3087	1.5205	0.3134	0.1948	1.1230	-0.0126	-0.8655	-0.3158	-0.1793	-1.3787	-0.0405	-0.1968	0.5718	-0.3199	0.3973	-0.0645	-0.6969	0.1621	-0.3821	0.0982	-0.3179	0.5707	0.2017	1.1284	0.7733	-0.0000	1.0485	1.2785	-0.4287	-0.3909	0.4886	-0.4484	0.1781	0.5041	-0.3731	0.2656	-0.4051	-0.1153	-0.4838	0.1263	-0.3747	0.2877	-0.3831	0.5199	-0.0172	-0.2558	0.3236	-0.4052	-0.3892	-0.3310	-0.2005	-0.2570	-0.3349	-0.3501	-0.1162	-0.1002	-0.4177	0.2384	-0.5595	-0.4051	0.4286	-0.3293	0.7120	0.0522	0.6155	0.1830	0.1689	-0.2927	-0.1790	-0.4660	-0.0030	0.8819	0.3787	-0.6731	0.4510	-0.3511	0.0677	0.0969	0.9144	-0.4559	0.9149	-0.8097	0.6921	0.7457	-0.5327	-0.4305	-0.5156	-1.0702	-0.8215	-0.1098	-1.0409	-0.8586	-0.8263	0.2441	0.3610	0.0025	-0.7755	0.2496	-0.0383	4.9716
