#OTU ID	g__Acetatifactor	g__Acutalibacter	g__Adlercreutzia	g__Agathobacter	g__Agathobaculum	g__Alistipes	g__Alistipes_A	g__Alitiscatomonas	g__Allocoprobacillus	g__Amedibacterium	g__Anaerobutyricum	g__Anaerofustis	g__Anaeromassilibacillus	g__Anaerostipes	g__Anaerotignum	g__Anaerotruncus	g__Anthropogastromicrobium	g__Aristaeella	g__Bacteroides	g__Bariatricus	g__Bifidobacterium	g__Bittarella	g__Blautia	g__Blautia_A	g__Brotaphodocola	g__Butyribacter	g__CAG-170	g__CAG-177	g__CAG-217	g__CAG-488	g__Catenibacterium	g__Choladousia	g__Clostridium	g__Clostridium_A	g__Clostridium_AP	g__Collinsella	g__Coprococcus_A	g__Dialister	g__Dorea	g__Dorea_A	g__Dorea_D	g__Dysosmobacter	g__Eggerthella	g__Enterobacter	g__Enterocloster	g__Enterococcus	g__Enterococcus_A	g__Enterococcus_B	g__Eubacterium_F	g__Eubacterium_G	g__Eubacterium_I	g__Evtepia	g__Faecalibacterium	g__Faecalimonas	g__Faecousia	g__Finegoldia	g__Flavonifractor	g__Fusicatenibacter	g__Fusobacterium_A	g__Gallintestinimicrobium	g__Gemella	g__Gemmiger	g__Gordonibacter	g__Granulicatella	g__Guopingia	g__Haemophilus_D	g__Holdemanella	g__Holdemania	g__Hominenteromicrobium	g__Hominibacterium	g__Hominicoprocola	g__Hominifimenecus	g__Hominilimicola	g__Hominimerdicola	g__Hominiventricola	g__Hungatella	g__Intestinibacter	g__JAGTTR01	g__Klebsiella	g__Lachnoclostridium_B	g__Lachnospira	g__Lacticaseibacillus	g__Lactiplantibacillus	g__Lactobacillus	g__Lactococcus	g__Lactonifactor	g__Laedolimicola	g__Lancefieldella	g__Latilactobacillus	g__Lawsonibacter	g__Lentihominibacter	g__Leuconostoc	g__Ligilactobacillus	g__Limivivens	g__Limosilactobacillus	g__Longicatena	g__Massilioclostridium	g__Mediterraneibacter	g__Megamonas	g__Merdibacter	g__Merdimmobilis	g__Merdimonas	g__Merdivicinus	g__Muricomes	g__Murimonas	g__Nanosynbacter	g__Negativibacillus	g__Odoribacter	g__Oliverpabstia	g__Onthenecus	g__Otoolea	g__Parabacteroides	g__Paraprevotella	g__Pararoseburia	g__Parasutterella	g__Pauljensenia	g__Pediococcus	g__Peptostreptococcus	g__Phascolarctobacterium	g__Phocaeicola	g__Prevotella	g__Pseudobutyricicoccus	g__Pseudoflavonifractor_A	g__Pseudoscilispira	g__Roseburia	g__Roseburia_D	g__Rothia	g__Ruminiclostridium_E	g__Ruminococcus_B	g__Ruminococcus_C	g__Ruminococcus_E	g__Ruthenibacterium	g__Sarcina	g__Schaedlerella	g__Sellimonas	g__Streptococcus	g__Sutterella	g__Terrisporobacter	g__Thomasclavelia	g__Turicibacter	g__Tyzzerella	g__UBA3402	g__URXU01	g__Veillonella	g__Vescimonas	g__Weissella	g__Wujia
g__Acetatifactor	1.0	0.07832846715328468	0.6700606892523364	0.19980139643134212	0.9804642504596923	0.32019495345418914	0.5464576853055917	0.4668136235515189	0.15361349693251533	0.44211863895407305	0.16430239234449762	0.10609745762711865	0.2522534942820838	0.7402824228028504	0.19980139643134212	0.3397177989130435	0.1271445497630332	0.9462770210057289	0.8474191920547578	0.04175486381322958	0.3320554579093432	0.3171124321657622	0.9494814204185162	0.18142011834319527	0.1584301181102362	0.4411834401349073	0.6200601833660773	0.9395292167695808	0.6289323021122253	0.8381435574421471	0.7685670209390862	0.05647894736842105	0.9397754545454546	0.1584301181102362	0.22340735600277584	0.4284197011813759	0.1678261269549218	0.1678261269549218	0.38205282338806573	0.4502936023622048	0.5112550748752079	0.13353054298642533	0.37353911439114396	0.05647894736842105	0.4502936023622048	0.04175486381322958	0.49821400286944045	0.6603855281342547	0.9359829777875522	0.414280931744312	0.4827995850622407	0.05647894736842105	0.8282628523348758	0.2697199281867146	0.9737051701766644	0.05647894736842105	0.14793531283138917	0.9710537767077941	0.07832846715328468	0.11355555555555556	0.04175486381322958	0.972235045045045	0.44211863895407305	0.06820550847457628	0.8592131651556958	0.9970171396459679	0.9692759831036911	0.9313968405829347	0.05647894736842105	0.45346678594664924	0.05647894736842105	0.04175486381322958	0.6776500095767094	0.44211863895407305	0.04175486381322958	0.04175486381322958	0.6027334547109695	0.10609745762711865	0.1271445497630332	0.21694440433212994	0.04175486381322958	0.2754749124854142	0.6262054768041236	0.3241978386167147	0.11967657992565053	0.38537667057444314	0.05647894736842105	0.04175486381322958	0.698293766282099	0.38745040808394865	0.06820550847457628	0.4912537859007833	0.1584301181102362	0.305407931570762	0.18562685337726526	0.04175486381322958	0.1271445497630332	0.8760167239404353	0.1584301181102362	0.05647894736842105	0.2429398447606727	0.04175486381322958	0.08898009950248756	0.7734129217851033	0.04175486381322958	0.34629920318725105	0.8329158448753462	0.5801656565656566	0.27967478753541075	0.07832846715328468	0.504165429300085	0.4322721915920056	0.46927309124767225	0.6121439333333333	0.9820228060046189	0.5169936420937243	0.3439852429781543	0.06820550847457628	0.7910880271084337	0.39913347122978565	0.2697199281867146	0.32019495345418914	0.08898009950248756	0.9658553267045455	0.38745040808394865	0.11967657992565053	0.9175513167013167	0.6508293061718435	0.04175486381322958	0.8468882708585248	0.95108768503937	0.5300959101844427	0.13353054298642533	0.8020592783505154	0.05647894736842105	0.6262054768041236	0.9878036173250833	0.44632097902097906	0.5995137597791073	0.27967478753541075	0.29207947740881873	0.48468720070942944	0.6168027015154843	0.9752672206923683	0.8836746374116773	0.9835977541030809	0.06820550847457628
g__Acutalibacter	0.07832846715328468	1.0	0.9800945322346097	0.6221647173913043	0.37353911439114396	0.9016206055508831	0.4722697566984909	0.6614594322885866	0.04175486381322958	0.37353911439114396	0.94469389451252	0.596775	0.05647894736842105	0.7807205611775528	0.9323850898602175	0.9190806111937736	0.5593557648256554	0.9916167392539292	0.6402548112816259	0.8779539239226589	0.705303629032258	0.9345016241299304	0.9482153195090987	0.4502936023622048	0.6111774821109123	0.9942653560342395	0.8836746374116773	0.8796853744493391	0.3439852429781543	0.9677730081793395	0.7807205611775528	0.30762199999999995	0.437783906090507	0.27967478753541075	0.5258479245283019	0.7117855647780584	0.353508203125	0.13353054298642533	0.4558514975845411	0.2205520907158044	0.9536550172287772	0.8366941563786008	0.9543260204081633	0.7422184397163122	0.8524399840700917	0.6318888020283119	0.9067249466192171	0.9895055913570887	0.9800945322346097	0.9748822758620691	0.49265186470078054	0.5496094769549457	0.9370401706596653	0.3974895573212259	0.9942653560342395	0.6334788012618296	0.17760365853658538	0.8628474302113226	0.8231854496606335	0.19980139643134212	0.4411834401349073	0.342406795679568	0.6350541553276116	0.8087243459302326	0.10609745762711865	0.9141545422862453	0.20216654107008292	0.9738099880739416	0.04175486381322958	0.14793531283138917	0.353508203125	0.3625399154334038	0.8608939837823697	0.9787833463110766	0.3397177989130435	0.1584301181102362	0.9984887540830611	0.463722821969697	0.7932517225883763	0.6289323021122253	0.678770537757437	0.8819981590482153	0.2965595846645368	0.9972526178010471	0.19980139643134212	0.3745603006907761	0.8292816281014775	0.5423163302752294	0.9738099880739416	0.5510289899768697	0.7494102368726189	0.5464576853055917	0.95108768503937	0.5593557648256554	0.9979529411764706	0.3581597686375321	0.25582057716436635	0.7479613953488372	0.33730196167883214	0.45753926852743015	0.9882473864284356	0.05647894736842105	0.07832846715328468	0.47761507673788745	0.17760365853658538	0.8748439882697947	0.11355555555555556	0.8482504217432053	0.5073929411764706	0.44211863895407305	0.7538028322081344	0.9561958759689922	0.7745821832842301	0.30762199999999995	0.9804642504596923	0.8642285008451436	0.7561157290470722	0.9187988428047663	0.9201504400502915	0.6332195569620253	0.8671459039730813	0.9748822758620691	0.8342391735537191	0.7879917399211882	0.6561398923444975	0.6872776583710407	0.7910880271084337	0.4668136235515189	0.5086889447236181	0.8919085158448551	0.42014139650872817	0.1678261269549218	0.8336944881889764	0.912825298245614	0.31316779233870967	0.9577616549876339	0.897788360237893	0.8659373006612212	0.4322721915920056	0.8889328378378378	0.8026939541041482	0.36882251243781095	0.951996046438657	0.5924537110746898	0.646527444987775	0.8479489743933504	0.22707235494880548
g__Adlercreutzia	0.6700606892523364	0.9800945322346097	1.0	0.6102790181573637	0.8648366328916601	0.2725534554046072	0.3974895573212259	0.9512156476140534	0.8078358111062527	0.3974895573212259	0.6526569620253165	0.3649171500630517	0.9431844666451821	0.8970302769006558	0.9210561283714578	0.95108768503937	0.4108328102189781	0.95108768503937	0.9629934695963208	0.47653685006045954	0.8438744801512288	0.95108768503937	0.38205282338806573	0.9752672206923683	0.5013513405590416	0.8166397217042031	0.7997617030762371	0.8474191920547578	0.9852384637431929	0.9577616549876339	0.7703657210401892	0.1678261269549218	0.7014739710789767	0.6252215813350616	0.9046230449251249	0.8482504217432053	0.2522534942820838	0.8544950132625996	0.9024290507462688	0.9459414100658314	0.47940171017101707	0.7720204321277596	0.9141545422862453	0.5284988745980707	0.9323850898602175	0.5773403508771929	0.376321186440678	0.23155225893459203	0.9024290507462688	0.5693021836228287	0.6309546262968452	0.9291958617604295	0.8733478383579217	0.9781279769463711	0.7070342773615932	0.460729439847231	0.25978212290502795	0.938424145785877	0.48885666666666666	0.9739085683081812	0.45346678594664924	0.5300959101844427	0.4256956781447646	0.8760167239404353	0.7917502256317689	0.5161746835443038	0.8957291778156167	0.9397754545454546	0.7566347797609301	0.7959279205258439	0.7253811649808163	0.4810448275862069	0.31508270189431703	0.881647981444333	0.5207346615720525	0.8002860641139803	0.9577616549876339	0.9738099880739416	0.42014139650872817	0.7508146688741721	0.6039386327503975	0.2205520907158044	0.5946939641109299	0.5053446640316206	0.9120468551983103	0.8438744801512288	0.94469389451252	0.3439852429781543	0.6776500095767094	0.9023445043103449	0.5638276483846731	0.8292816281014775	0.8228315632965165	0.42014139650872817	0.6137761883705505	0.7575236506378802	0.9175513167013167	0.7422184397163122	0.7031405196241017	0.5086889447236181	0.7073149106817352	0.6772810483870968	0.7455372116349047	0.881647981444333	0.6121439333333333	0.591742320338187	0.9779394896362925	0.9644357927946265	0.9346545855865799	0.7635851756364808	0.8056896425432171	0.4807462343096235	0.9182998273083122	0.6410179391682186	0.7199278481012658	0.7660599043062201	0.3935383938814531	0.437783906090507	0.8154137856525496	0.9368911619756873	0.8995122048674173	0.963007564311964	0.37353911439114396	0.7627077768795474	0.7196974558303887	0.6111774821109123	0.6111774821109123	0.8787547865622631	0.4744955447055233	0.8576300198019803	0.23155225893459203	0.9323850898602175	0.5509614669421488	0.6489875885806844	0.9557557315936626	0.7402824228028504	0.9375308429536049	0.8738903027980068	0.35967540356839417	0.7199278481012658	0.818089239782795	0.8544950132625996	0.6805273090079818	0.9477819163578614	0.9842406555491662	0.3581597686375321	0.8648366328916601
g__Agathobacter	0.19980139643134212	0.6221647173913043	0.6102790181573637	1.0	0.40416494960806276	0.5086889447236181	0.6190690658499235	0.6427582546201233	0.5268941176470588	0.6411158383171788	0.04175486381322958	0.7594353688324377	0.8099601943155452	0.04175486381322958	0.9770830249632894	0.9337810957387935	0.04175486381322958	0.9694777029742766	0.617532026286966	0.10609745762711865	0.6221647173913043	0.5073929411764706	0.9082612903225807	0.8060808221181976	0.1724625	0.38537667057444314	0.503407002561913	0.8766015259409968	0.3974895573212259	0.9228294378194207	0.7166754501693706	0.30762199999999995	0.9106200352941177	0.21694440433212994	0.5450844328552803	0.6872776583710407	0.43050290758047766	0.44795520557029184	0.32866536101934873	0.9052528859857483	0.814551567239636	0.7196974558303887	0.963007564311964	0.8060808221181976	0.44632097902097906	0.05647894736842105	0.5348412420382166	0.7436363117232113	0.964030461350443	0.7343135793991417	0.5995137597791073	0.25582057716436635	0.25582057716436635	0.6711034302325581	0.672531403678606	0.10609745762711865	0.20216654107008292	0.32866536101934873	0.2205520907158044	0.6844341163099071	0.32182601744186046	0.8087243459302326	0.6632061468970935	0.04175486381322958	0.8311147550111359	0.6501072771376593	0.8836746374116773	0.9411614754098361	0.7703657210401892	0.8607288015717093	0.4744955447055233	0.979814116619773	0.7728396535580524	0.762962497982895	0.27967478753541075	0.4190053424166368	0.7330200826730968	0.881647981444333	0.20651813471502592	0.3104188612099644	0.04175486381322958	0.09755454545454546	0.6701927198602213	0.8482504217432053	0.815159645072861	0.463722821969697	0.9079588715400995	0.6872776583710407	0.929772124734548	0.9182998273083122	0.9916938138479001	0.646527444987775	0.9848718929254302	0.11355555555555556	0.8363694230769232	0.4810448275862069	0.10609745762711865	0.9318649622054246	0.8020592783505154	0.9122103581460673	0.8738590403071017	0.7660599043062201	0.8801497925311204	0.7566347797609301	0.27967478753541075	0.6081947083990092	0.463722821969697	0.8329158448753462	0.2205520907158044	0.7487489382879894	0.8330176161504426	0.8292816281014775	0.9738099880739416	0.8083395196506549	0.9942653560342395	0.8836746374116773	0.5073929411764706	0.11355555555555556	0.9340383900928794	0.48998858474082707	0.13951462621885158	0.9881666666666666	0.08898009950248756	0.11967657992565053	0.5581872894333844	0.9255169171657814	0.9023445043103449	0.9375308429536049	0.11355555555555556	0.3935383938814531	0.5773403508771929	0.5382515327695561	0.7132130192411437	0.7039504415011036	0.463722821969697	0.8708576725025746	0.6168027015154843	0.5413481851657023	0.22340735600277584	0.7436363117232113	0.8738903027980068	0.6168027015154843	0.9424597285067874	0.6872776583710407	0.6252215813350616	0.8889328378378378	0.31316779233870967
g__Agathobaculum	0.9804642504596923	0.37353911439114396	0.8648366328916601	0.40416494960806276	1.0	0.2522534942820838	0.5268941176470588	0.9887973781704189	0.8200046204151266	0.3889003859513701	0.05647894736842105	0.9742002083333334	0.7658110112359551	0.04175486381322958	0.8863585836114201	0.9557557315936626	0.8591578365574419	0.6782763188073395	0.6652001761597182	0.7734129217851033	0.9698737925494527	0.8166397217042031	0.4284197011813759	0.5844448464651273	0.33469678456591645	0.8087243459302326	0.3320554579093432	0.30762199999999995	0.8341398178807947	0.9411614754098361	0.6411158383171788	0.818089239782795	0.5638276483846731	0.7932517225883763	0.9843257372654156	0.7100766969147005	0.463722821969697	0.6782763188073395	0.9346545855865799	0.6350541553276116	0.8805026752072344	0.2852093023255814	0.8753193733282385	0.9307145631067961	0.8421429500203169	0.353508203125	0.7734129217851033	0.6066086897488119	0.5728837232208815	0.5268941176470588	0.95108768503937	0.7117855647780584	0.3241978386167147	0.94469389451252	0.8547845562913908	0.9198876901956297	0.6039386327503975	0.6771709416522241	0.808990639965172	0.9721339779559118	0.8623475319926873	0.7319282068965517	0.8819981590482153	0.938424145785877	0.38388347107438014	0.47280799142682184	0.7605770454545455	0.9633300152827305	0.9585903580983741	0.6279826170622194	0.7660599043062201	0.7854143945163746	0.957029321911446	0.6271632447492499	0.5638276483846731	0.7199278481012658	0.8836746374116773	0.7436363117232113	0.7066228895806628	0.922999909245604	0.9677643651435504	0.8330176161504426	0.07832846715328468	0.9020428880086425	0.9955350126891624	0.9807434580794895	0.9368911619756873	0.7538028322081344	0.9323850898602175	0.94469389451252	0.31316779233870967	0.7126930810810811	0.8271435497470488	0.7199278481012658	0.6772810483870968	0.8869175475426031	0.7910880271084337	0.19650716560509554	0.9927669215519683	0.8836746374116773	0.9617519840049216	0.9612430594028932	0.7351461683524773	0.9441811885421121	0.9752672206923683	0.9141545422862453	0.8185699300699301	0.9624722665847666	0.6318888020283119	0.9585903580983741	0.48468720070942944	0.460729439847231	0.8796853744493391	0.7117855647780584	0.11967657992565053	0.818089239782795	0.7162947293192782	0.32866536101934873	0.5693021836228287	0.8083395196506549	0.2633374233128834	0.7227920490367776	0.938424145785877	0.8350271676300579	0.9989308833131237	0.6262054768041236	0.9781279769463711	0.8292816281014775	0.963007564311964	0.8190493871151653	0.9677643651435504	0.646527444987775	0.9653428295558492	0.9175513167013167	0.44632097902097906	0.42416068527022255	0.9431844666451821	0.7341097040605643	0.9368911619756873	0.7152720214669052	0.38297614132592295	0.818089239782795	0.9187988428047663	0.858762766798419	0.9016206055508831	0.95108768503937	0.7083671217913708
g__Alistipes	0.32019495345418914	0.9016206055508831	0.2725534554046072	0.5086889447236181	0.2522534942820838	1.0	0.1584301181102362	0.3745603006907761	0.815159645072861	0.9804642504596923	0.9441811885421121	0.3649171500630517	0.8653313521930962	0.578123828030119	0.04175486381322958	0.6262054768041236	0.10609745762711865	0.772128984375	0.4071607300884956	0.10609745762711865	0.8078358111062527	0.9246589540412045	0.1678261269549218	0.10609745762711865	0.6479956795131846	0.6701927198602213	0.38537667057444314	0.49265186470078054	0.6991801895558447	0.5581872894333844	0.9517695979899496	0.7310864295580111	0.7455372116349047	0.9122103581460673	0.95108768503937	0.9024290507462688	0.672531403678606	0.8836746374116773	0.9141545422862453	0.8716008733624453	0.808990639965172	0.04175486381322958	0.6603855281342547	0.47761507673788745	0.3791217443729904	0.11967657992565053	0.1584301181102362	0.11967657992565053	0.9346545855865799	0.06820550847457628	0.15361349693251533	0.25978212290502795	0.9329545676274945	0.8809652823086574	0.7865270393437642	0.2754749124854142	0.9136779951100243	0.4558514975845411	0.06820550847457628	0.7355986652977413	0.19980139643134212	0.463722821969697	0.3581597686375321	0.7677172463077657	0.2669726941747573	0.06820550847457628	0.7455372116349047	0.9995588811188811	0.5973242718446602	0.05647894736842105	0.21133260393873082	0.7215445398773006	0.1678261269549218	0.6739566150870405	0.17760365853658538	0.31316779233870967	0.9059893531157271	0.32866536101934873	0.5413481851657023	0.5112550748752079	0.9360307742998353	0.38297614132592295	0.9949004231311707	0.11355555555555556	0.4558514975845411	0.9768932098765433	0.8617339432753888	0.10609745762711865	0.08898009950248756	0.04175486381322958	0.04175486381322958	0.5761294088910601	0.4411834401349073	0.8113076978729561	0.3320554579093432	0.13951462621885158	0.7022916157690172	0.2205520907158044	0.7351461683524773	0.3581597686375321	0.9979529411764706	0.6772810483870968	0.8898138875245579	0.9916938138479001	0.6701927198602213	0.05647894736842105	0.9023445043103449	0.8282628523348758	0.9575438989169675	0.2697199281867146	0.46927309124767225	0.04175486381322958	0.6923031443009545	0.7518444591465431	0.678770537757437	0.35967540356839417	0.23155225893459203	0.9721339779559118	0.3171124321657622	0.9748822758620691	0.7627077768795474	0.9748822758620691	0.25978212290502795	0.32866536101934873	0.47761507673788745	0.4071607300884956	0.04175486381322958	0.8479489743933504	0.6252215813350616	0.9557557315936626	0.8350271676300579	0.09755454545454546	0.40915629357798167	0.9368445394736843	0.7734129217851033	0.15361349693251533	0.9345016241299304	0.7970547178262168	0.33469678456591645	0.7100766969147005	0.06820550847457628	0.7982329858525689	0.9067249466192171	0.13353054298642533	0.06820550847457628	0.6147894771674387	0.7703657210401892
g__Alistipes_A	0.5464576853055917	0.4722697566984909	0.3974895573212259	0.6190690658499235	0.5268941176470588	0.1584301181102362	1.0	0.8738903027980068	0.6102790181573637	0.6147894771674387	0.6962434596006718	0.7390887417218543	0.4284197011813759	0.6371252493765587	0.6081947083990092	0.6598301405105877	0.8366941563786008	0.9557557315936626	0.9732143671265747	0.6776500095767094	0.9030507923269392	0.968570948875668	0.1678261269549218	0.8438744801512288	0.9407143227199136	0.48998858474082707	0.7896886250189079	0.1271445497630332	0.46927309124767225	0.7538028322081344	0.9106200352941177	0.9557557315936626	0.5856052719069105	0.2725534554046072	0.772128984375	0.8599451752658528	0.9690738977249849	0.5693021836228287	0.9323850898602175	0.9770830249632894	0.8342391735537191	0.7294323207776428	0.9437664808063478	0.8738903027980068	0.8950784129692834	0.7066228895806628	0.678770537757437	0.5237333876221498	0.4722697566984909	0.9340383900928794	0.9073520981507823	0.8390143969403087	0.8638441030981514	0.4055967729970326	0.38297614132592295	0.8779539239226589	0.7745821832842301	0.9375308429536049	0.7987604848304579	0.9380293695652174	0.9082612903225807	0.7660599043062201	0.9337810957387935	0.9375308429536049	0.27967478753541075	0.9692759831036911	0.8515576969212315	0.9262241973639743	0.7932517225883763	0.15361349693251533	0.9748822758620691	0.8787547865622631	0.6309546262968452	0.7660599043062201	0.8794436395759717	0.95108768503937	0.9129058871627146	0.9658553267045455	0.9307145631067961	0.8836746374116773	0.6776500095767094	0.8421429500203169	0.4273639510489511	0.5995137597791073	0.9561958759689922	0.8381435574421471	0.9459414100658314	0.8002860641139803	0.5252205739036274	0.7816468290441176	0.2633374233128834	0.7171821352313167	0.6568388104237118	0.9631198347950235	0.9629934695963208	0.6221647173913043	0.8515576969212315	0.9739085683081812	0.45100290185849357	0.8342391735537191	0.9917707427707427	0.9441811885421121	0.31316779233870967	0.7180694029850746	0.9206042655109489	0.9187988428047663	0.9332131133015837	0.9539786228482003	0.8524399840700917	0.42014139650872817	0.9407143227199136	0.47761507673788745	0.3397177989130435	0.6334788012618296	0.8020592783505154	0.9970883316178534	0.9177307683433317	0.871229702970297	0.6309546262968452	0.7343135793991417	0.7982329858525689	0.9619645666871542	0.95108768503937	0.9404696629213484	0.8215374627501063	0.9187988428047663	0.6701927198602213	0.22340735600277584	0.9781279769463711	0.9658553267045455	0.7800320079828063	0.6711034302325581	0.9494814204185162	0.9267188952509263	0.8105759704519119	0.9323850898602175	0.951996046438657	0.9346545855865799	0.8642285008451436	0.6260520905172414	0.3935383938814531	0.9332131133015837	0.49265186470078054	0.7380762781186093	0.9106200352941177	0.8805026752072344	0.22340735600277584
g__Alitiscatomonas	0.4668136235515189	0.6614594322885866	0.9512156476140534	0.6427582546201233	0.9887973781704189	0.3745603006907761	0.8738903027980068	1.0	0.3745603006907761	0.9122103581460673	0.849077654601309	0.9748822758620691	0.9458062500000001	0.4448213114754098	0.808990639965172	0.8003345430306621	0.4359125042705842	0.8606760330578513	0.7195814027630181	0.9910699062233589	0.634934404536862	0.6020725405158639	0.531543535057318	0.8329158448753462	0.04175486381322958	0.7561157290470722	0.9206042655109489	0.9517695979899496	0.9737051701766644	0.617532026286966	0.8663177156177155	0.4108328102189781	0.7751643697739239	0.6121439333333333	0.9972526178010471	0.8836746374116773	0.47761507673788745	0.5873167654730852	0.7117855647780584	0.9210561283714578	0.8653313521930962	0.8582535478765498	0.8192943645937099	0.9785961130053581	0.04175486381322958	0.9451679464000852	0.6805273090079818	0.6701927198602213	0.9869819862752574	0.9624722665847666	0.3439852429781543	0.7152720214669052	0.7387719244512507	0.9619645666871542	0.9692759831036911	0.7302423236514523	0.8779539239226589	0.9310316445830086	0.8591578365574419	0.5128088495575222	0.486857796014068	0.24003552631578948	0.8878231971449668	0.6147894771674387	0.3320554579093432	0.25582057716436635	0.13951462621885158	0.9894262948207172	0.8878231971449668	0.9052528859857483	0.8518525755357381	0.7865270393437642	0.6782763188073395	0.8515576969212315	0.8019693228858662	0.6411158383171788	0.8323642728156689	0.7073149106817352	0.9796283841522626	0.7836971153846154	0.23545412234042554	0.929772124734548	0.9704640806904857	0.4498724479682855	0.7553467892921661	0.7083671217913708	0.891031619537275	0.9607335078534031	0.8950784129692834	0.6772810483870968	0.5958062776098583	0.8336944881889764	0.9401228589965398	0.8716008733624453	0.46870649391195757	0.8932230054978619	0.6665178299120235	0.18562685337726526	0.11967657992565053	0.9677730081793395	0.9777506703199922	0.8779539239226589	0.392133962264151	0.2725534554046072	0.772128984375	0.13353054298642533	0.8796853744493391	0.8020592783505154	0.7917502256317689	0.7464576056102856	0.5450844328552803	0.7302423236514523	0.9785961130053581	0.9738099880739416	0.7039504415011036	0.9748822758620691	0.8829167979002625	0.8853605712166172	0.3649171500630517	0.17760365853658538	0.7987604848304579	0.9970883316178534	0.7472960572284147	0.7343135793991417	0.7830153575794621	0.6262054768041236	0.5621128812704815	0.9846932350971198	0.353508203125	0.9732169279936084	0.9291958617604295	0.9129058871627146	0.952932528987778	0.7471266422140714	0.9375308429536049	0.531543535057318	0.7192093716719915	0.3581597686375321	0.8836746374116773	0.9916938138479001	0.8836746374116773	0.6334788012618296	0.414280931744312	0.24003552631578948	0.462966	0.7584289486552568	0.8292816281014775
g__Allocoprobacillus	0.15361349693251533	0.04175486381322958	0.8078358111062527	0.5268941176470588	0.8200046204151266	0.815159645072861	0.6102790181573637	0.3745603006907761	1.0	0.36882251243781095	0.7910880271084337	0.13353054298642533	0.33730196167883214	0.46870649391195757	0.8026939541041482	0.9441811885421121	0.4558514975845411	0.9671590826245444	0.6782763188073395	0.3555423955191727	0.7390887417218543	0.4827995850622407	0.772128984375	0.4055967729970326	0.7676463961813842	0.9360307742998353	0.8744792443196323	0.8952951424397371	0.3309185306504445	0.9141545422862453	0.36882251243781095	0.2754749124854142	0.46927309124767225	0.5073929411764706	0.24003552631578948	0.9149759986065954	0.09755454545454546	0.08898009950248756	0.16430239234449762	0.48468720070942944	0.9177307683433317	0.6260520905172414	0.646527444987775	0.6782763188073395	0.841373241154941	0.47940171017101707	0.18142011834319527	0.8952951424397371	0.9249313807531381	0.9796283841522626	0.5958062776098583	0.45473871803172544	0.8679016655907037	0.6039386327503975	0.8019693228858662	0.1678261269549218	0.04175486381322958	0.7083671217913708	0.6477899694811801	0.42416068527022255	0.6294758936170213	0.9612430594028932	0.803840865737344	0.9989308833131237	0.5621128812704815	0.957029321911446	0.33469678456591645	0.19650716560509554	0.07832846715328468	0.4108328102189781	0.09755454545454546	0.13951462621885158	0.8479489743933504	0.9023445043103449	0.5086889447236181	0.07832846715328468	0.9857927807486632	0.25582057716436635	0.5773403508771929	0.7083671217913708	0.4704136237256719	0.22340735600277584	0.1584301181102362	0.8390143969403087	0.3171124321657622	0.31316779233870967	0.979814116619773	0.4593609015345268	0.8663177156177155	0.47653685006045954	0.371576929426331	0.48468720070942944	0.9804642504596923	0.25978212290502795	0.9653428295558492	0.4190053424166368	0.4411834401349073	0.20651813471502592	0.7518444591465431	0.1271445497630332	0.7702526058117498	0.05647894736842105	0.11967657992565053	0.2205520907158044	0.13353054298642533	0.8607288015717093	0.06820550847457628	0.9291958617604295	0.3241978386167147	0.27967478753541075	0.504165429300085	0.891031619537275	0.6701927198602213	0.29397626480086114	0.9031456806282723	0.7031405196241017	0.43050290758047766	0.9024290507462688	0.8952951424397371	0.42014139650872817	0.7152720214669052	0.8062353241822429	0.16430239234449762	0.9221343409090909	0.3555423955191727	0.4810448275862069	0.9852384637431929	0.845709127625202	0.15361349693251533	0.9020428880086425	0.6121439333333333	0.7199278481012658	0.9086703222760005	0.8479489743933504	0.2884360943499726	0.9878036173250833	0.9106200352941177	0.9210561283714578	0.20216654107008292	0.9748822758620691	0.4502936023622048	0.3625399154334038	0.839080642526545	0.5789023728813559	0.5593557648256554	0.6772810483870968	0.29940395569620254
g__Amedibacterium	0.44211863895407305	0.37353911439114396	0.3974895573212259	0.6411158383171788	0.3889003859513701	0.9804642504596923	0.6147894771674387	0.9122103581460673	0.36882251243781095	1.0	0.5112550748752079	0.9098076732673268	0.7807205611775528	0.9141545422862453	0.7910880271084337	0.9370401706596653	0.938424145785877	0.5593557648256554	0.7355986652977413	0.9585903580983741	0.3320554579093432	0.6594029166666666	0.2754749124854142	0.37353911439114396	0.41695171047893403	0.7070342773615932	0.5348412420382166	0.9694777029742766	0.7380762781186093	0.9748822758620691	0.4810448275862069	0.04175486381322958	0.8087243459302326	0.4284197011813759	0.3555423955191727	0.9352684732319895	0.13951462621885158	0.18142011834319527	0.5856052719069105	0.9800945322346097	0.5887445680473372	0.808990639965172	0.5398035328236225	0.8733799666965544	0.48998858474082707	0.44211863895407305	0.05647894736842105	0.13353054298642533	0.858762766798419	0.8390143969403087	0.8185699300699301	0.6751181572339192	0.7247736897274633	0.06820550847457628	0.9737051701766644	0.46534745283018863	0.11355555555555556	0.9401228589965398	0.5258479245283019	0.4284197011813759	0.8231854496606335	0.5789023728813559	0.9132792564969117	0.7479613953488372	0.938424145785877	0.543704	0.30282769633507856	0.2429398447606727	0.2205520907158044	0.8733478383579217	0.10609745762711865	0.5223802885924312	0.9119647867465633	0.5688980568011958	0.24003552631578948	0.6923031443009545	0.6912002811094453	0.4502936023622048	0.6102790181573637	0.5509614669421488	0.6119350356824264	0.15361349693251533	0.05647894736842105	0.437783906090507	0.9557557315936626	0.8311147550111359	0.9122103581460673	0.19100485436893203	0.7600688780487804	0.6598301405105877	0.2884360943499726	0.8727549306625577	0.3555423955191727	0.23545412234042554	0.8401722901385493	0.7494102368726189	0.6102790181573637	0.9942653560342395	0.963007564311964	0.9558771180304128	0.6131660088691796	0.392133962264151	0.9619645666871542	0.8944245303732618	0.15361349693251533	0.6015454087474238	0.7623285714285715	0.504165429300085	0.07832846715328468	0.09755454545454546	0.8342391735537191	0.5348412420382166	0.7422184397163122	0.7436363117232113	0.4912537859007833	0.9340383900928794	0.11355555555555556	0.9644357927946265	0.7702526058117498	0.9187988428047663	0.6279826170622194	0.5973242718446602	0.1724625	0.8753193733282385	0.29207947740881873	0.20651813471502592	0.7073149106817352	0.9667577363461344	0.04175486381322958	0.957029321911446	0.9755550412735849	0.9067249466192171	0.9655502741673436	0.9024290507462688	0.7162947293192782	0.7046282776349614	0.578123828030119	0.8330176161504426	0.09755454545454546	0.8568921125644076	0.10609745762711865	0.305407931570762	0.7685670209390862	0.5728837232208815	0.7575236506378802	0.8957291778156167	0.21133260393873082
g__Anaerobutyricum	0.16430239234449762	0.94469389451252	0.6526569620253165	0.04175486381322958	0.05647894736842105	0.9441811885421121	0.6962434596006718	0.849077654601309	0.7910880271084337	0.5112550748752079	1.0	0.8083395196506549	0.9916938138479001	0.04175486381322958	0.7807205611775528	0.8779539239226589	0.07832846715328468	0.9955350126891624	0.7472960572284147	0.2697199281867146	0.8245878492802708	0.617532026286966	0.8060808221181976	0.8873762379896526	0.19980139643134212	0.9228294378194207	0.8200046204151266	0.47280799142682184	0.9957013523666416	0.837018	0.8607288015717093	0.4256956781447646	0.5073929411764706	0.8681662669245647	0.4284197011813759	0.04175486381322958	0.08898009950248756	0.07832846715328468	0.1271445497630332	0.3263735840076154	0.9291958617604295	0.7763238882025943	0.5610873475609757	0.21133260393873082	0.45100290185849357	0.04175486381322958	0.34842746045694195	0.2825529411764706	0.837018	0.5930223570595099	0.8299676089681103	0.8839091618175065	0.06820550847457628	0.8173583404987103	0.646527444987775	0.1584301181102362	0.27967478753541075	0.06820550847457628	0.07832846715328468	0.4757377392889699	0.5423163302752294	0.937086451048951	0.18142011834319527	0.06820550847457628	0.979814116619773	0.7711958058435439	0.790474841341795	0.815159645072861	0.8323642728156689	0.9960543406851243	0.7095456628477905	0.8341398178807947	0.9059893531157271	0.9473478703115067	0.543704	0.38388347107438014	0.8003345430306621	0.9942653560342395	0.08898009950248756	0.5570122344509854	0.07832846715328468	0.06820550847457628	0.463722821969697	0.7830153575794621	0.8228315632965165	0.7982329858525689	0.8524399840700917	0.2697199281867146	0.9132792564969117	0.7330200826730968	0.6027334547109695	0.646527444987775	0.7946809893887311	0.05647894736842105	0.30282769633507856	0.6623995867768595	0.1271445497630332	0.9368445394736843	0.983511768661735	0.9262241973639743	0.305407931570762	0.7584289486552568	0.6771709416522241	0.9477819163578614	0.32182601744186046	0.4558514975845411	0.9585903580983741	0.9180155929468711	0.20216654107008292	0.376321186440678	0.3263735840076154	0.6700606892523364	0.6121439333333333	0.9917707427707427	0.5258479245283019	0.32019495345418914	0.4218602977667494	0.3974895573212259	0.9625854060134997	0.7278547353760445	0.23545412234042554	0.858762766798419	0.06820550847457628	0.6271632447492499	0.4722697566984909	0.9187988428047663	0.7720204321277596	0.7594353688324377	0.24003552631578948	0.7627077768795474	0.7302423236514523	0.9577616549876339	0.9256835082966475	0.9098076732673268	0.5510289899768697	0.9122103581460673	0.6371252493765587	0.7205476658476658	0.33469678456591645	0.7822122533272142	0.938424145785877	0.95108768503937	0.9079588715400995	0.9119647867465633	0.8484376203208557	0.9748822758620691	0.6782763188073395
g__Anaerofustis	0.10609745762711865	0.596775	0.3649171500630517	0.7594353688324377	0.9742002083333334	0.3649171500630517	0.7390887417218543	0.9748822758620691	0.13353054298642533	0.9098076732673268	0.8083395196506549	1.0	0.3171124321657622	0.38537667057444314	0.7987604848304579	0.7143747044070224	0.6526569620253165	0.9779394896362925	0.968570948875668	0.1584301181102362	0.6095130815913687	0.38297614132592295	0.9340383900928794	0.2825529411764706	0.7253811649808163	0.9979529411764706	0.9785961130053581	0.8699241885625965	0.5268941176470588	0.7728396535580524	0.9967589277345581	0.4273639510489511	0.920430143868463	0.6598301405105877	0.4448213114754098	0.8836746374116773	0.27967478753541075	0.7166754501693706	0.4190053424166368	0.46927309124767225	0.5252205739036274	0.9120468551983103	0.22707235494880548	0.5112550748752079	0.9785961130053581	0.34629920318725105	0.1584301181102362	0.14793531283138917	0.9835977541030809	0.33730196167883214	0.1724625	0.8952951424397371	0.8869175475426031	0.8292816281014775	0.9376783289817232	0.3745603006907761	0.11967657992565053	0.9868998282770464	0.6691438853130486	0.9526202383441355	0.4341746396705559	0.9323850898602175	0.5621128812704815	0.9180155929468711	0.9517695979899496	0.9625854060134997	0.6652001761597182	0.8845806383768402	0.7022916157690172	0.8166397217042031	0.09755454545454546	0.2522534942820838	0.3625399154334038	0.7635851756364808	0.18562685337726526	0.05647894736842105	0.4284197011813759	0.38388347107438014	0.5364079428117554	0.634934404536862	0.3555423955191727	0.2725534554046072	0.4668136235515189	0.5638276483846731	0.8421429500203169	0.36882251243781095	0.7946809893887311	0.27967478753541075	0.9748822758620691	0.9978827102803738	0.6561398923444975	0.7143747044070224	0.9437664808063478	0.2697199281867146	0.8744792443196323	0.3649171500630517	0.7343135793991417	0.1724625	0.4807462343096235	0.04175486381322958	0.9275071484681854	0.11355555555555556	0.13951462621885158	0.47280799142682184	0.20216654107008292	0.7946809893887311	0.2792914979757085	0.6102790181573637	0.45753926852743015	0.3974895573212259	0.6479956795131846	0.34629920318725105	0.7720204321277596	0.5749125367286974	0.6760157539529502	0.13353054298642533	0.19100485436893203	0.38537667057444314	0.9046230449251249	0.5529342571208622	0.9215432340231976	0.6119350356824264	0.2884360943499726	0.8166397217042031	0.11355555555555556	0.5300959101844427	0.9663558203204219	0.8277210134755755	0.6051388939256572	0.9291958617604295	0.7941453906016163	0.6252215813350616	0.9441811885421121	0.6015454087474238	0.22340735600277584	0.7535247648902821	0.9375308429536049	0.2884360943499726	0.37353911439114396	0.2792914979757085	0.9567117136659435	0.6301501910016978	0.845709127625202	0.9375308429536049	0.8484376203208557	0.9451679464000852	0.2669726941747573
g__Anaeromassilibacillus	0.2522534942820838	0.05647894736842105	0.9431844666451821	0.8099601943155452	0.7658110112359551	0.8653313521930962	0.4284197011813759	0.9458062500000001	0.33730196167883214	0.7807205611775528	0.9916938138479001	0.3171124321657622	1.0	0.8154137856525496	0.9291958617604295	0.6900945205479452	0.843450506962282	0.9435263711495117	0.30762199999999995	0.2205520907158044	0.3263735840076154	0.9187988428047663	0.3889003859513701	0.07832846715328468	0.4071607300884956	0.6518104892289108	0.9784085510920437	0.7380762781186093	0.8889328378378378	0.5382515327695561	0.45346678594664924	0.6334788012618296	0.38388347107438014	0.3649171500630517	0.22707235494880548	0.644782058101473	0.7285813662436988	0.10609745762711865	0.8659373006612212	0.17760365853658538	0.9551683406113537	0.9337810957387935	0.29940395569620254	0.9949004231311707	0.9748822758620691	0.9016206055508831	0.9567117136659435	0.9557557315936626	0.646527444987775	0.9235886180705135	0.7205476658476658	0.8323642728156689	0.5809301846080077	0.4593609015345268	0.33730196167883214	0.9916938138479001	0.1271445497630332	0.7658110112359551	0.49821400286944045	0.2205520907158044	0.40915629357798167	0.45473871803172544	0.9737051701766644	0.8209466543543117	0.342406795679568	0.7830153575794621	0.6262054768041236	0.8744792443196323	0.9059893531157271	0.5086889447236181	0.9206042655109489	0.6603855281342547	0.8292816281014775	0.9804642504596923	0.35967540356839417	0.4411834401349073	0.8292816281014775	0.9869819862752574	0.7215445398773006	0.31508270189431703	0.7139871813285458	0.9804642504596923	0.7330200826730968	0.9785961130053581	0.5086889447236181	0.09755454545454546	0.8836746374116773	0.5570122344509854	0.9260585541896921	0.8839091618175065	0.9490494130089899	0.8020592783505154	0.9887973781704189	0.9755550412735849	0.94651173290938	0.29397626480086114	0.45753926852743015	0.8264485159656774	0.9307695274186357	0.3649171500630517	0.9174775413438186	0.2429398447606727	0.20651813471502592	0.39913347122978565	0.6020725405158639	0.9105359052891978	0.6598301405105877	0.9539786228482003	0.8444113029403831	0.7717903529411765	0.3320554579093432	0.9970171396459679	0.6776500095767094	0.2429398447606727	0.769171154760019	0.5910265724381626	0.7702526058117498	0.3745603006907761	0.5924537110746898	0.3320554579093432	0.8957291778156167	0.8681662669245647	0.9428032508073196	1.0	0.31508270189431703	0.9942653560342395	0.8995122048674173	0.8341398178807947	0.6460522369765067	0.5728837232208815	0.7707208149779736	0.3104188612099644	0.5887445680473372	0.9671590826245444	0.29940395569620254	0.9208828984846757	0.9739085683081812	0.903562446504993	0.30282769633507856	0.8836746374116773	0.9020428880086425	0.04175486381322958	0.8836746374116773	0.38388347107438014	0.8020592783505154	0.9583736842105263	0.16430239234449762
g__Anaerostipes	0.7402824228028504	0.7807205611775528	0.8970302769006558	0.04175486381322958	0.04175486381322958	0.578123828030119	0.6371252493765587	0.4448213114754098	0.46870649391195757	0.9141545422862453	0.04175486381322958	0.38537667057444314	0.8154137856525496	1.0	0.83535437053326	0.845709127625202	0.05647894736842105	0.8509213447171826	0.7417842327863307	0.4411834401349073	0.4722697566984909	0.8794436395759717	0.27967478753541075	0.9086703222760005	0.18142011834319527	0.6844341163099071	0.7171821352313167	0.9310316445830086	0.8277210134755755	0.7627077768795474	0.1678261269549218	0.8878231971449668	0.4810448275862069	0.9787833463110766	0.8607288015717093	0.9187988428047663	0.6844341163099071	0.38745040808394865	0.13951462621885158	0.7658110112359551	0.8105759704519119	0.42014139650872817	0.9558771180304128	0.7528722075346992	0.6866785754770451	0.04175486381322958	0.2697199281867146	0.1724625	0.7872005006827493	0.9380293695652174	0.4827995850622407	0.9177307683433317	0.04175486381322958	0.849077654601309	0.839080642526545	0.44795520557029184	0.31508270189431703	0.7115182854042321	0.839080642526545	0.938424145785877	0.7472960572284147	0.2852093023255814	0.976798852491173	0.8988659033078881	0.45100290185849357	0.803840865737344	0.6477899694811801	0.9698737925494527	0.9633300152827305	0.7660599043062201	0.858762766798419	0.9793512112073159	0.9557557315936626	0.8003345430306621	0.5398035328236225	0.29397626480086114	0.769171154760019	0.8292816281014775	0.11355555555555556	0.8292816281014775	0.04175486381322958	0.06820550847457628	0.8192943645937099	0.6309546262968452	0.9462770210057289	0.5621128812704815	0.8135891153512574	0.6771709416522241	0.9275071484681854	0.3320554579093432	0.7575236506378802	0.9784085510920437	0.9503142313787638	0.05647894736842105	0.6039386327503975	0.7932517225883763	0.7166754501693706	0.9939485002829654	0.29397626480086114	0.32866536101934873	0.7734129217851033	0.5621128812704815	0.6410179391682186	0.8779539239226589	0.7195814027630181	0.9747812692117005	0.16430239234449762	0.05647894736842105	0.11967657992565053	0.960321974522293	0.8190493871151653	0.509692658509455	0.8056896425432171	0.8952951424397371	0.986534892601432	0.9210561283714578	0.18142011834319527	0.9175513167013167	0.944657691487092	0.7126930810810811	0.9555885818181817	0.4055967729970326	0.2669726941747573	0.7946809893887311	0.46927309124767225	0.6370132819015847	0.698293766282099	0.972235045045045	0.9132792564969117	0.7543277330264672	0.9291958617604295	0.6585804572564612	0.9768932098765433	0.4810448275862069	0.9187988428047663	0.6479956795131846	0.8515576969212315	0.8393987765089723	0.915371728538283	0.9010100591715977	0.42014139650872817	0.8320294060370009	0.1678261269549218	0.9132792564969117	0.9663558203204219	0.8932230054978619	0.9024290507462688
g__Anaerotignum	0.19980139643134212	0.9323850898602175	0.9210561283714578	0.9770830249632894	0.8863585836114201	0.04175486381322958	0.6081947083990092	0.808990639965172	0.8026939541041482	0.7910880271084337	0.7807205611775528	0.7987604848304579	0.9291958617604295	0.83535437053326	1.0	0.9246589540412045	0.38297614132592295	0.644782058101473	0.4704136237256719	0.531543535057318	0.688651666980599	0.6371252493765587	0.47653685006045954	0.6991801895558447	0.9677730081793395	0.9939485002829654	0.607694081770951	0.9106200352941177	0.7941453906016163	0.6262054768041236	0.6460522369765067	0.7660599043062201	0.13353054298642533	0.9804642504596923	0.4341746396705559	0.583418090692124	0.7584289486552568	0.9631198347950235	0.45473871803172544	0.9122103581460673	0.9653428295558492	0.04175486381322958	0.8003345430306621	0.6772810483870968	0.5334089409260244	0.7073149106817352	0.8062353241822429	0.8166397217042031	0.623548665074886	0.8675242244053774	0.937086451048951	0.5897490084985836	0.7755051012521256	0.8154137856525496	0.45100290185849357	0.5793963329312425	0.3889003859513701	0.42416068527022255	0.371576929426331	0.5161746835443038	0.6797798362528561	0.9970883316178534	0.9172973601945119	0.9450317470456724	0.7195814027630181	0.845709127625202	0.2697199281867146	0.5910265724381626	0.9462770210057289	0.1271445497630332	0.8648366328916601	0.8970302769006558	0.07832846715328468	0.9346545855865799	0.5086889447236181	0.8192943645937099	0.30282769633507856	0.8829167979002625	0.5348412420382166	0.9873460329555195	0.9677730081793395	0.8390143969403087	0.8258683988170681	0.9510460661104656	0.6200601833660773	0.6010148862853204	0.9852384637431929	0.38745040808394865	0.4411834401349073	0.04175486381322958	0.5086889447236181	0.2884360943499726	0.5856052719069105	0.6554379020979022	0.9235886180705135	0.6531071543086173	0.6260520905172414	0.8099601943155452	0.903562446504993	0.4827995850622407	0.9781279769463711	0.9685786764705883	0.7615772948426857	0.486857796014068	0.7417842327863307	0.5237333876221498	0.843450506962282	0.9105359052891978	0.7745821832842301	0.9763209126594701	0.32019495345418914	0.3935383938814531	0.7343135793991417	0.808990639965172	0.9016206055508831	0.48998858474082707	0.7670373804971319	0.8873762379896526	0.3439852429781543	0.7584289486552568	0.22340735600277584	0.8796853744493391	0.7830153575794621	0.5693021836228287	0.9445205254164888	0.9942653560342395	0.9267188952509263	0.7390887417218543	0.8836746374116773	0.7635851756364808	0.4938979838709678	0.18562685337726526	0.8484376203208557	0.9210561283714578	0.8779539239226589	0.9738099880739416	0.6411158383171788	0.2825529411764706	0.981572099074788	0.14793531283138917	0.6427582546201233	0.9431844666451821	0.4411834401349073	0.45100290185849357	0.04175486381322958	0.698293766282099	0.8173583404987103
g__Anaerotruncus	0.3397177989130435	0.9190806111937736	0.95108768503937	0.9337810957387935	0.9557557315936626	0.6262054768041236	0.6598301405105877	0.8003345430306621	0.9441811885421121	0.9370401706596653	0.8779539239226589	0.7143747044070224	0.6900945205479452	0.845709127625202	0.9246589540412045	1.0	0.2669726941747573	0.7854143945163746	0.8515576969212315	0.07832846715328468	0.8231854496606335	0.7387719244512507	0.9020428880086425	0.596775	0.8393987765089723	0.9892529193961833	0.8190493871151653	0.6568388104237118	0.9190806111937736	0.8771852877652141	0.95108768503937	0.07832846715328468	0.9010100591715977	0.9647424344112264	0.3935383938814531	0.7073149106817352	0.47761507673788745	0.8779539239226589	0.16430239234449762	0.09755454545454546	0.8178413482181193	0.6361021103217719	0.7642060498793242	0.8957291778156167	0.7872005006827493	0.8648366328916601	0.634934404536862	0.8779539239226589	0.9337810957387935	0.7319282068965517	0.7538028322081344	0.19980139643134212	0.9318649622054246	0.5910265724381626	0.5258479245283019	0.9431461819746182	0.3581597686375321	0.9881666666666666	0.6776500095767094	0.8836746374116773	0.5112550748752079	0.9346545855865799	0.9380293695652174	0.486857796014068	0.8733799666965544	0.9020428880086425	0.6402548112816259	0.5284988745980707	0.9787833463110766	0.623548665074886	0.35129016608391606	0.7453631429050094	0.596775	0.8164891304347826	0.6027334547109695	0.2965595846645368	0.4108328102189781	0.5413481851657023	0.9023445043103449	0.8748439882697947	0.8599451752658528	0.7205476658476658	0.9023445043103449	0.9843257372654156	0.305407931570762	0.3309185306504445	0.9030507923269392	0.462966	0.7623285714285715	0.9835977541030809	0.6200601833660773	0.772128984375	0.7003934657508818	0.46927309124767225	0.9830474863020282	0.6131660088691796	0.8970302769006558	0.9166917274939173	0.790474841341795	0.8320294060370009	0.8779539239226589	0.27967478753541075	0.9441811885421121	0.9310316445830086	0.3263735840076154	0.5496094769549457	0.6020725405158639	0.6652001761597182	0.6245223521767381	0.3309185306504445	0.9132792564969117	0.7235309669522644	0.7711958058435439	0.9030507923269392	0.8401722901385493	0.897788360237893	0.7538028322081344	0.6370132819015847	0.4704136237256719	0.4341746396705559	0.8292816281014775	0.9748822758620691	0.5809301846080077	0.9262241973639743	0.6131660088691796	0.9916938138479001	0.8681662669245647	0.7584289486552568	0.2754749124854142	0.9323850898602175	0.9551683406113537	0.5638276483846731	0.9796283841522626	0.839080642526545	0.04175486381322958	0.9779394896362925	0.7896886250189079	0.8766015259409968	0.34842746045694195	0.8607288015717093	0.45753926852743015	0.9404696629213484	0.902847942264106	0.7623285714285715	0.7479613953488372	0.9979529411764706	0.8884877397934088
g__Anthropogastromicrobium	0.1271445497630332	0.5593557648256554	0.4108328102189781	0.04175486381322958	0.8591578365574419	0.10609745762711865	0.8366941563786008	0.4359125042705842	0.4558514975845411	0.938424145785877	0.07832846715328468	0.6526569620253165	0.843450506962282	0.05647894736842105	0.38297614132592295	0.2669726941747573	1.0	0.7479613953488372	0.7162947293192782	0.543704	0.7494102368726189	0.5382515327695561	0.5801656565656566	0.8231854496606335	0.371576929426331	0.7070342773615932	0.9166917274939173	0.9136779951100243	0.8748439882697947	0.7594353688324377	0.6479956795131846	0.2205520907158044	0.305407931570762	0.8277210134755755	0.29397626480086114	0.10609745762711865	0.6301501910016978	0.9784085510920437	0.04175486381322958	0.3439852429781543	0.5621128812704815	0.11967657992565053	0.16430239234449762	0.5749125367286974	0.7846164226898444	0.43050290758047766	0.7932517225883763	0.9894262948207172	0.7192093716719915	0.9221343409090909	0.8060808221181976	0.5809301846080077	0.5073929411764706	0.5237333876221498	0.7538028322081344	0.33469678456591645	0.18562685337726526	0.06820550847457628	0.463722821969697	0.5334089409260244	0.48998858474082707	0.27967478753541075	0.8190493871151653	0.35129016608391606	0.6262054768041236	0.688651666980599	0.8099601943155452	0.815159645072861	0.8796853744493391	0.509692658509455	0.7106056149248325	0.509692658509455	0.9010100591715977	0.7763238882025943	0.3555423955191727	0.08898009950248756	0.9804642504596923	0.9631198347950235	0.6200601833660773	0.44795520557029184	0.04175486381322958	0.7566347797609301	0.8836746374116773	0.814551567239636	0.9166917274939173	0.04175486381322958	0.29207947740881873	0.7685670209390862	0.9208828984846757	0.3309185306504445	0.9182998273083122	0.972235045045045	0.964030461350443	0.31508270189431703	0.9380293695652174	0.5610873475609757	0.5450844328552803	0.8192943645937099	0.25582057716436635	0.5924537110746898	0.3171124321657622	0.4190053424166368	0.578123828030119	0.18562685337726526	0.1271445497630332	0.5068003940332114	0.19650716560509554	0.4108328102189781	0.15361349693251533	0.591742320338187	0.8020592783505154	0.617532026286966	0.769651826664558	0.9737051701766644	0.9323850898602175	0.9984887540830611	0.6772810483870968	0.7946809893887311	0.06820550847457628	0.4744955447055233	0.9787833463110766	0.7660599043062201	0.3555423955191727	0.73775625	0.8113076978729561	0.7487489382879894	0.9752672206923683	0.938424145785877	0.2429398447606727	0.6289323021122253	0.5593557648256554	0.14793531283138917	0.9917707427707427	0.7022916157690172	0.07832846715328468	0.9291958617604295	0.769171154760019	0.6701927198602213	0.6544707165732586	0.8215374627501063	0.486857796014068	0.9583736842105263	0.8738903027980068	0.4704136237256719	0.7014739710789767	0.607694081770951	0.4071607300884956
g__Aristaeella	0.9462770210057289	0.9916167392539292	0.95108768503937	0.9694777029742766	0.6782763188073395	0.772128984375	0.9557557315936626	0.8606760330578513	0.9671590826245444	0.5593557648256554	0.9955350126891624	0.9779394896362925	0.9435263711495117	0.8509213447171826	0.644782058101473	0.7854143945163746	0.7479613953488372	1.0	0.7180694029850746	0.8341398178807947	0.9677643651435504	0.9868998282770464	0.6245223521767381	0.9878036173250833	0.8444113029403831	0.790474841341795	0.4218602977667494	0.6854281634197087	0.08898009950248756	0.815159645072861	0.7205476658476658	0.3241978386167147	0.678770537757437	0.11355555555555556	0.9541027722772276	0.8190493871151653	0.7310864295580111	0.7100766969147005	0.9793512112073159	0.9023445043103449	0.4593609015345268	0.8771852877652141	0.9685786764705883	0.642401503294893	0.6121439333333333	0.9441811885421121	0.9206042655109489	0.9558771180304128	0.09755454545454546	0.8060808221181976	0.7932517225883763	0.8819981590482153	0.922999909245604	0.9755550412735849	0.9267188952509263	0.9437664808063478	0.6772810483870968	0.5068003940332114	0.9450317470456724	0.6585804572564612	0.5284988745980707	0.9685786764705883	0.9551683406113537	0.6900945205479452	0.8809652823086574	0.9346545855865799	0.20651813471502592	0.7605770454545455	0.8245878492802708	0.9960543406851243	0.47280799142682184	0.496559654676259	0.22707235494880548	0.09755454545454546	0.9882473864284356	0.9515427224143351	0.6271632447492499	0.5856052719069105	0.8592131651556958	0.6940517680074836	0.7285813662436988	0.8796853744493391	0.8329158448753462	0.6271632447492499	0.9822992307692308	0.9561958759689922	0.9177307683433317	0.8853605712166172	0.8135891153512574	0.44632097902097906	0.6771709416522241	0.616069522131689	0.9310316445830086	0.8638441030981514	0.8288378484381566	0.9704640806904857	0.5749125367286974	0.7728396535580524	0.7180694029850746	0.9629934695963208	0.7932517225883763	0.9882473864284356	0.9541027722772276	0.772128984375	0.5610873475609757	0.8228315632965165	0.9923159535279116	0.9738099880739416	0.7660599043062201	0.7975851349336514	0.6623995867768595	0.9842406555491662	0.9612430594028932	0.7166754501693706	0.9972526178010471	0.6168027015154843	0.9625854060134997	0.8474191920547578	0.7196974558303887	0.2825529411764706	0.8330176161504426	0.9389770406504065	0.8393987765089723	0.3677275732217573	0.7031405196241017	0.6279826170622194	0.6318888020283119	0.305407931570762	0.3677275732217573	0.8336944881889764	0.7143747044070224	0.4071607300884956	0.7196974558303887	0.8336944881889764	0.9738099880739416	0.7031405196241017	0.981572099074788	0.578123828030119	0.6410179391682186	0.578123828030119	0.6641397177024112	0.8509213447171826	0.6010148862853204	0.9927669215519683	0.7584289486552568	0.6289323021122253	0.7247736897274633
g__Bacteroides	0.8474191920547578	0.6402548112816259	0.9629934695963208	0.617532026286966	0.6652001761597182	0.4071607300884956	0.9732143671265747	0.7195814027630181	0.6782763188073395	0.7355986652977413	0.7472960572284147	0.968570948875668	0.30762199999999995	0.7417842327863307	0.4704136237256719	0.8515576969212315	0.7162947293192782	0.7180694029850746	1.0	0.22340735600277584	0.2884360943499726	0.762962497982895	0.9738099880739416	0.36882251243781095	0.22340735600277584	0.981572099074788	0.8407163364993216	0.9739085683081812	0.583418090692124	0.8671459039730813	0.09755454545454546	0.33469678456591645	0.8836746374116773	0.19980139643134212	0.95108768503937	0.960321974522293	0.3171124321657622	0.1678261269549218	0.6334788012618296	0.20651813471502592	0.6623995867768595	0.4018091829085457	0.6137761883705505	0.5053446640316206	0.7046282776349614	0.6039386327503975	0.6271632447492499	0.9329545676274945	0.667441393442623	0.18562685337726526	0.5509614669421488	0.9016206055508831	0.16430239234449762	0.6544707165732586	0.9784085510920437	0.4757377392889699	0.04175486381322958	0.8836746374116773	0.960008544108575	0.9625854060134997	0.972235045045045	0.8796853744493391	0.8845806383768402	0.6137761883705505	0.7412227758007117	0.5189389496717725	0.09755454545454546	0.5237333876221498	0.7836971153846154	0.5995137597791073	0.7535247648902821	0.9132792564969117	0.6350541553276116	0.7836971153846154	0.9255169171657814	0.9647424344112264	0.06820550847457628	0.9541027722772276	0.7436363117232113	0.2965595846645368	0.8299676089681103	0.8056896425432171	0.7028468045807167	0.2792914979757085	0.7268723374586021	0.8105759704519119	0.8385795131291028	0.8407163364993216	0.7351461683524773	0.22707235494880548	0.4411834401349073	0.9435263711495117	0.47653685006045954	0.9376783289817232	0.7711958058435439	0.8407163364993216	0.9561958759689922	0.9441811885421121	0.7106056149248325	0.8836746374116773	0.9835977541030809	0.596775	0.6844341163099071	0.7355986652977413	0.1271445497630332	0.8965981400437636	0.8873762379896526	0.959398426087851	0.3625399154334038	0.8932230054978619	0.9895055913570887	0.04175486381322958	0.7742388164026095	0.7822122533272142	0.9878036173250833	0.8599451752658528	0.8113076978729561	0.7115182854042321	0.7734129217851033	0.04175486381322958	0.32019495345418914	0.5743946424182845	0.9685786764705883	0.891031619537275	0.9079588715400995	0.8873762379896526	0.7594353688324377	0.9404696629213484	0.2965595846645368	0.342406795679568	0.36882251243781095	0.04175486381322958	0.8518525755357381	0.8524399840700917	0.5667894763092269	0.8659373006612212	0.5873167654730852	0.9404696629213484	0.11967657992565053	0.8070951998832798	0.9732169279936084	0.6460522369765067	0.5073929411764706	0.642401503294893	0.20651813471502592	0.9677730081793395	0.617532026286966
g__Bariatricus	0.04175486381322958	0.8779539239226589	0.47653685006045954	0.10609745762711865	0.7734129217851033	0.10609745762711865	0.6776500095767094	0.9910699062233589	0.3555423955191727	0.9585903580983741	0.2697199281867146	0.1584301181102362	0.2205520907158044	0.4411834401349073	0.531543535057318	0.07832846715328468	0.543704	0.8341398178807947	0.22340735600277584	1.0	0.4403862525458248	0.29940395569620254	0.8748439882697947	0.04175486381322958	0.3320554579093432	0.6531071543086173	0.6955389231632081	0.3171124321657622	0.8794436395759717	0.7792219917012448	0.8178413482181193	0.05647894736842105	0.616069522131689	0.40915629357798167	0.6279826170622194	0.4359125042705842	0.07832846715328468	0.32182601744186046	0.09755454545454546	0.04175486381322958	0.981572099074788	0.7928873271196631	0.17760365853658538	0.976798852491173	0.23545412234042554	0.06820550847457628	0.06820550847457628	0.15361349693251533	0.9800945322346097	0.5073929411764706	0.08898009950248756	0.698293766282099	0.6446969827586208	0.05647894736842105	0.7215445398773006	0.10609745762711865	0.04175486381322958	0.8648366328916601	0.04175486381322958	0.3320554579093432	0.11967657992565053	0.9023445043103449	0.8628965095076843	0.2522534942820838	0.7755051012521256	0.9106200352941177	0.9141545422862453	0.8421429500203169	0.29397626480086114	0.7472960572284147	0.11355555555555556	0.29397626480086114	0.3745603006907761	0.7302423236514523	0.1584301181102362	0.40416494960806276	0.22340735600277584	0.5728837232208815	0.6245223521767381	0.2429398447606727	0.24003552631578948	0.09755454545454546	0.6594029166666666	0.8524399840700917	0.7205476658476658	0.1724625	0.7100766969147005	0.04175486381322958	0.607694081770951	0.30762199999999995	0.04175486381322958	0.8003345430306621	0.6137761883705505	0.04175486381322958	0.777836311816361	0.05647894736842105	0.44211863895407305	0.5793963329312425	0.824003743995479	0.11967657992565053	0.8582535478765498	0.22707235494880548	0.4218602977667494	0.5809301846080077	0.04175486381322958	0.13353054298642533	0.31316779233870967	0.48998858474082707	0.14793531283138917	0.08898009950248756	0.4502936023622048	0.8288378484381566	0.4502936023622048	0.6410179391682186	0.7106056149248325	0.47653685006045954	0.08898009950248756	0.09755454545454546	0.7987604848304579	0.3625399154334038	0.3263735840076154	0.7932517225883763	0.04175486381322958	0.5897490084985836	0.18142011834319527	0.6221647173913043	0.33469678456591645	0.981211858509713	0.04175486381322958	0.7800320079828063	0.9748822758620691	0.9543260204081633	0.46534745283018863	0.4744955447055233	0.04175486381322958	0.35967540356839417	0.5169936420937243	0.644782058101473	0.05647894736842105	0.7066228895806628	0.7910880271084337	0.3263735840076154	0.6518104892289108	0.8330176161504426	0.8292816281014775	0.6973350167722698	0.6701927198602213
g__Bifidobacterium	0.3320554579093432	0.705303629032258	0.8438744801512288	0.6221647173913043	0.9698737925494527	0.8078358111062527	0.9030507923269392	0.634934404536862	0.7390887417218543	0.3320554579093432	0.8245878492802708	0.6095130815913687	0.3263735840076154	0.4722697566984909	0.688651666980599	0.8231854496606335	0.7494102368726189	0.9677643651435504	0.2884360943499726	0.4403862525458248	1.0	0.6111774821109123	0.9376783289817232	0.04175486381322958	0.44632097902097906	0.570549207920792	0.8836746374116773	0.9679769067796611	0.6623995867768595	0.45100290185849357	0.04175486381322958	0.48468720070942944	0.583418090692124	0.04175486381322958	0.897788360237893	0.9607335078534031	0.35967540356839417	0.18562685337726526	0.8983275891341257	0.981572099074788	0.8836746374116773	0.7171821352313167	0.4055967729970326	0.9175513167013167	0.8607288015717093	0.3935383938814531	0.7528722075346992	0.9437664808063478	0.5973242718446602	0.8924571271393643	0.4938979838709678	0.6554379020979022	0.583418090692124	0.9122103581460673	0.8342391735537191	0.9323850898602175	0.33469678456591645	0.9671590826245444	0.8937696899414063	0.547823813229572	0.9541027722772276	0.9963134202382069	0.9796283841522626	0.7028468045807167	0.8679016655907037	0.342406795679568	0.4704136237256719	0.9351164755183061	0.9916938138479001	0.7822122533272142	0.3320554579093432	0.6665178299120235	0.705303629032258	0.7430267453625633	0.2669726941747573	0.9677730081793395	0.376321186440678	0.7865270393437642	0.9807434580794895	0.7106056149248325	0.7479613953488372	0.2754749124854142	0.27967478753541075	0.5423163302752294	0.777836311816361	0.4912537859007833	0.891031619537275	0.7890202180826896	0.5169936420937243	0.7195814027630181	0.9008019949220167	0.8562662523142026	0.824003743995479	0.7126930810810811	0.9129058871627146	0.32866536101934873	0.45100290185849357	0.5068003940332114	0.9228294378194207	0.486857796014068	0.7660599043062201	0.9122103581460673	0.7865270393437642	0.4558514975845411	0.2725534554046072	0.5743946424182845	0.5509614669421488	0.6479956795131846	0.7199278481012658	0.8671459039730813	0.8393987765089723	0.9557557315936626	0.5995137597791073	0.6489875885806844	0.9141545422862453	0.9679769067796611	0.2852093023255814	0.937086451048951	0.9517695979899496	0.05647894736842105	0.9187988428047663	0.3171124321657622	0.30762199999999995	0.7366785641025642	0.486857796014068	0.514070507166483	0.8708576725025746	0.6200601833660773	0.3397177989130435	0.871229702970297	0.9667577363461344	0.7380762781186093	0.9329545676274945	0.6489875885806844	0.5086889447236181	0.7600688780487804	0.607694081770951	0.5801656565656566	0.10609745762711865	0.18142011834319527	0.9411614754098361	0.3104188612099644	0.94469389451252	0.6010148862853204	0.44211863895407305	0.6147894771674387	0.15361349693251533
g__Bittarella	0.3171124321657622	0.9345016241299304	0.95108768503937	0.5073929411764706	0.8166397217042031	0.9246589540412045	0.968570948875668	0.6020725405158639	0.4827995850622407	0.6594029166666666	0.617532026286966	0.38297614132592295	0.9187988428047663	0.8794436395759717	0.6371252493765587	0.7387719244512507	0.5382515327695561	0.9868998282770464	0.762962497982895	0.29940395569620254	0.6111774821109123	1.0	0.5638276483846731	0.5621128812704815	0.40416494960806276	0.9512156476140534	0.5749125367286974	0.9370401706596653	0.9190806111937736	0.4807462343096235	0.7635851756364808	0.6213176509043364	0.8019693228858662	0.903562446504993	0.5728837232208815	0.42416068527022255	0.14793531283138917	0.9206042655109489	0.4411834401349073	0.8606760330578513	0.9607335078534031	0.9737051701766644	0.4912537859007833	0.8869175475426031	0.6554379020979022	0.6479956795131846	0.6772810483870968	0.9894262948207172	0.8924571271393643	0.9459414100658314	0.7528722075346992	0.8779539239226589	0.8642285008451436	0.5207346615720525	0.7711958058435439	0.37353911439114396	0.09755454545454546	0.20651813471502592	0.5633977369876791	0.616069522131689	0.9942653560342395	0.6010148862853204	0.6119350356824264	0.7003934657508818	0.7941453906016163	0.47653685006045954	0.6891153354632588	0.7227920490367776	0.8909176636430498	0.7642060498793242	0.18562685337726526	0.6844341163099071	0.9262241973639743	0.8679016655907037	0.4827995850622407	0.6279826170622194	0.8679016655907037	0.9352684732319895	0.3397177989130435	0.9079588715400995	0.35967540356839417	0.7455372116349047	0.839080642526545	0.7745821832842301	0.8748439882697947	0.8653313521930962	0.8733478383579217	0.9079588715400995	0.7872005006827493	0.8628474302113226	0.6260520905172414	0.9526202383441355	0.9441811885421121	0.23545412234042554	0.7677172463077657	0.6102790181573637	0.49265186470078054	0.6526569620253165	0.5793963329312425	0.6561398923444975	0.8716008733624453	0.9073520981507823	0.6051388939256572	0.4359125042705842	0.25582057716436635	0.8869175475426031	0.6121439333333333	0.9677643651435504	0.504165429300085	0.8562662523142026	0.8659373006612212	0.7422184397163122	0.7253811649808163	0.9804642504596923	0.7584289486552568	0.7487489382879894	0.7199278481012658	0.644782058101473	0.41695171047893403	0.7677172463077657	0.4558514975845411	0.9206042655109489	0.37353911439114396	0.437783906090507	0.95108768503937	0.4810448275862069	0.94651173290938	0.8809652823086574	0.3745603006907761	0.8809652823086574	0.6168027015154843	0.769651826664558	0.9972526178010471	0.9132792564969117	0.34842746045694195	0.6900945205479452	0.504165429300085	0.8836746374116773	0.13951462621885158	0.8166397217042031	0.5334089409260244	0.7987604848304579	0.9619645666871542	0.40915629357798167	0.8015678856973645	0.981572099074788	0.7584289486552568
g__Blautia	0.9494814204185162	0.9482153195090987	0.38205282338806573	0.9082612903225807	0.4284197011813759	0.1678261269549218	0.1678261269549218	0.531543535057318	0.772128984375	0.2754749124854142	0.8060808221181976	0.9340383900928794	0.3889003859513701	0.27967478753541075	0.47653685006045954	0.9020428880086425	0.5801656565656566	0.6245223521767381	0.9738099880739416	0.8748439882697947	0.9376783289817232	0.5638276483846731	1.0	0.616069522131689	0.5423163302752294	0.2965595846645368	0.5801656565656566	0.6844341163099071	0.9551683406113537	0.9365921633190649	0.9763209126594701	0.6260520905172414	0.46534745283018863	0.7676463961813842	0.9370401706596653	0.4502936023622048	0.6427582546201233	0.9246589540412045	0.8444113029403831	0.9332131133015837	0.9543260204081633	0.6010148862853204	0.9892529193961833	0.929772124734548	0.35129016608391606	0.9441811885421121	0.47761507673788745	0.5749125367286974	0.7215445398773006	0.7390887417218543	0.8192943645937099	0.4502936023622048	0.9583736842105263	0.21694440433212994	0.5423163302752294	0.5593557648256554	0.8628965095076843	0.25582057716436635	0.47653685006045954	0.2205520907158044	0.35129016608391606	0.1271445497630332	0.8836746374116773	0.9079588715400995	0.19650716560509554	0.6776500095767094	0.8292816281014775	0.6544707165732586	0.6066086897488119	0.9122103581460673	0.47280799142682184	0.8839091618175065	0.1678261269549218	0.9016206055508831	0.5510289899768697	0.7199278481012658	0.9631198347950235	0.19980139643134212	0.8019693228858662	0.4498724479682855	0.571790074074074	0.7132130192411437	0.8320294060370009	0.8083395196506549	0.6544707165732586	0.7028468045807167	0.8154137856525496	0.8026939541041482	0.06820550847457628	0.6318888020283119	0.1678261269549218	0.7199278481012658	0.5973242718446602	0.7932517225883763	0.9059893531157271	0.6427582546201233	0.8663177156177155	0.8688777734827985	0.13353054298642533	0.9784085510920437	0.9742002083333334	0.9804642504596923	0.8292816281014775	0.3397177989130435	0.47653685006045954	0.2669726941747573	0.8385795131291028	0.5958062776098583	0.777836311816361	0.3791217443729904	0.5749125367286974	0.4593609015345268	0.47940171017101707	0.9752672206923683	0.6751181572339192	0.9748822758620691	0.29207947740881873	0.9086703222760005	0.7910880271084337	0.7660599043062201	0.9256835082966475	0.8779539239226589	0.33730196167883214	0.4284197011813759	0.7100766969147005	0.8688777734827985	0.3241978386167147	0.9738099880739416	0.32182601744186046	0.9141545422862453	0.7387719244512507	0.19980139643134212	0.3320554579093432	0.6262054768041236	0.8716008733624453	0.8873762379896526	0.578123828030119	0.6991801895558447	0.4502936023622048	0.9517695979899496	0.13951462621885158	0.8393987765089723	0.5554028725314184	0.31508270189431703	0.4273639510489511	0.2725534554046072	0.814551567239636
g__Blautia_A	0.18142011834319527	0.4502936023622048	0.9752672206923683	0.8060808221181976	0.5844448464651273	0.10609745762711865	0.8438744801512288	0.8329158448753462	0.4055967729970326	0.37353911439114396	0.8873762379896526	0.2825529411764706	0.07832846715328468	0.9086703222760005	0.6991801895558447	0.596775	0.8231854496606335	0.9878036173250833	0.36882251243781095	0.04175486381322958	0.04175486381322958	0.5621128812704815	0.616069522131689	1.0	0.7066228895806628	0.7836971153846154	0.2725534554046072	0.8062353241822429	0.5844448464651273	0.6479956795131846	0.19650716560509554	0.1271445497630332	0.7028468045807167	0.10609745762711865	0.2725534554046072	0.3625399154334038	0.09755454545454546	0.20216654107008292	0.8105759704519119	0.18562685337726526	0.9256835082966475	0.25582057716436635	0.1724625	0.8819981590482153	0.35967540356839417	0.27967478753541075	0.13951462621885158	0.16430239234449762	0.8944245303732618	0.48998858474082707	0.1678261269549218	0.7215445398773006	0.7296485278836162	0.32182601744186046	0.8166397217042031	0.2205520907158044	0.09755454545454546	0.9368445394736843	0.23155225893459203	0.17760365853658538	0.22340735600277584	0.2825529411764706	0.9332131133015837	0.95108768503937	0.9441811885421121	0.3745603006907761	0.8135891153512574	0.9013263329312424	0.376321186440678	0.7970547178262168	0.04175486381322958	0.30762199999999995	0.7917502256317689	0.9375308429536049	0.04175486381322958	0.8482504217432053	0.4055967729970326	0.5924537110746898	0.9770830249632894	0.40416494960806276	0.7487489382879894	0.08898009950248756	0.15361349693251533	0.22340735600277584	0.9375308429536049	0.4810448275862069	0.6119350356824264	0.07832846715328468	0.7319282068965517	0.8320294060370009	0.19980139643134212	0.9748822758620691	0.41339137868315745	0.37353911439114396	0.8366941563786008	0.27967478753541075	0.15361349693251533	0.13951462621885158	0.9149759986065954	0.23545412234042554	0.9939485002829654	0.08898009950248756	0.46927309124767225	0.6361021103217719	0.13951462621885158	0.07832846715328468	0.9166917274939173	0.8154137856525496	0.7070342773615932	0.29207947740881873	0.5053446640316206	0.6213176509043364	0.48998858474082707	0.40915629357798167	0.8836746374116773	0.6402548112816259	0.09755454545454546	0.646527444987775	0.9482153195090987	0.13353054298642533	0.3649171500630517	0.6121439333333333	0.08898009950248756	0.8034451873622336	0.07832846715328468	0.22707235494880548	0.3581597686375321	0.7294323207776428	0.07832846715328468	0.9397754545454546	0.9777506703199922	0.944657691487092	0.4938979838709678	0.9869819862752574	0.08898009950248756	0.20651813471502592	0.6190690658499235	0.9187988428047663	0.04175486381322958	0.44632097902097906	0.8468882708585248	0.07832846715328468	0.6614594322885866	0.6739566150870405	0.871229702970297	0.9541027722772276	0.04175486381322958
g__Brotaphodocola	0.1584301181102362	0.6111774821109123	0.5013513405590416	0.1724625	0.33469678456591645	0.6479956795131846	0.9407143227199136	0.04175486381322958	0.7676463961813842	0.41695171047893403	0.19980139643134212	0.7253811649808163	0.4071607300884956	0.18142011834319527	0.9677730081793395	0.8393987765089723	0.371576929426331	0.8444113029403831	0.22340735600277584	0.3320554579093432	0.44632097902097906	0.40416494960806276	0.5423163302752294	0.7066228895806628	1.0	0.7031405196241017	0.9198876901956297	0.8323642728156689	0.4827995850622407	0.9267188952509263	0.9685786764705883	0.8836746374116773	0.7728396535580524	0.5897490084985836	0.463722821969697	0.83535437053326	0.46927309124767225	0.8078358111062527	0.5581872894333844	0.22340735600277584	0.7417842327863307	0.9246589540412045	0.305407931570762	0.772128984375	0.13951462621885158	0.5621128812704815	0.31508270189431703	0.3263735840076154	0.915371728538283	0.951996046438657	0.6411158383171788	0.9869819862752574	0.353508203125	0.11355555555555556	0.460729439847231	0.7028468045807167	0.06820550847457628	0.2477973059653624	0.08898009950248756	0.7464576056102856	0.839080642526545	0.9895055913570887	0.6370132819015847	0.4403862525458248	0.6081947083990092	0.46927309124767225	0.9526202383441355	0.972235045045045	0.8836746374116773	0.8591578365574419	0.6531071543086173	0.5761294088910601	0.9360307742998353	0.818089239782795	0.08898009950248756	0.9748822758620691	0.5773403508771929	0.7380762781186093	0.5112550748752079	0.4668136235515189	0.04175486381322958	0.2669726941747573	0.5749125367286974	0.814551567239636	0.5268941176470588	0.8393987765089723	0.6119350356824264	0.11355555555555556	0.8185699300699301	0.570549207920792	0.9796283841522626	0.9738099880739416	0.8829167979002625	0.08898009950248756	0.9679769067796611	0.7623285714285715	0.35129016608391606	0.8591578365574419	0.4411834401349073	0.667441393442623	0.8805026752072344	0.17760365853658538	0.5621128812704815	0.3439852429781543	0.4593609015345268	0.8592131651556958	0.8873762379896526	0.8796853744493391	0.10609745762711865	0.9016206055508831	0.1584301181102362	0.19650716560509554	0.7584289486552568	0.7417842327863307	0.9141545422862453	0.5268941176470588	0.8350271676300579	0.3439852429781543	0.3320554579093432	0.8642285008451436	0.8988659033078881	0.9557557315936626	0.32866536101934873	0.305407931570762	0.16430239234449762	0.7205476658476658	0.9644357927946265	0.9768932098765433	0.486857796014068	0.7235309669522644	0.578123828030119	0.5510289899768697	0.3309185306504445	0.6200601833660773	0.36882251243781095	0.8576300198019803	0.9557557315936626	0.25582057716436635	0.18142011834319527	0.9619645666871542	0.9141545422862453	0.23155225893459203	0.9557557315936626	0.32182601744186046	0.3935383938814531	0.845709127625202	0.4218602977667494
g__Butyribacter	0.4411834401349073	0.9942653560342395	0.8166397217042031	0.38537667057444314	0.8087243459302326	0.6701927198602213	0.48998858474082707	0.7561157290470722	0.9360307742998353	0.7070342773615932	0.9228294378194207	0.9979529411764706	0.6518104892289108	0.6844341163099071	0.9939485002829654	0.9892529193961833	0.7070342773615932	0.790474841341795	0.981572099074788	0.6531071543086173	0.570549207920792	0.9512156476140534	0.2965595846645368	0.7836971153846154	0.7031405196241017	1.0	0.8983275891341257	0.9352684732319895	0.7143747044070224	0.8083395196506549	0.7538028322081344	0.9345016241299304	0.7199278481012658	0.7975851349336514	0.9957013523666416	0.9835977541030809	0.9098076732673268	0.8679016655907037	0.9796283841522626	0.4256956781447646	0.5789023728813559	0.7896886250189079	0.9748822758620691	0.95108768503937	0.7444383763837639	0.9878036173250833	0.8329158448753462	0.7676463961813842	0.4912537859007833	0.5169936420937243	0.9748822758620691	0.9024290507462688	0.9739085683081812	0.6479956795131846	0.9917707427707427	0.9332131133015837	0.6923031443009545	0.9957013523666416	0.8393987765089723	0.19650716560509554	0.7623285714285715	0.5897490084985836	0.4810448275862069	0.73775625	0.47280799142682184	0.7890202180826896	0.7717903529411765	0.514070507166483	0.9748822758620691	0.7387719244512507	0.8688777734827985	0.7910880271084337	0.7734129217851033	0.6821777207977208	0.8675242244053774	0.9557557315936626	0.8099601943155452	0.9136779951100243	0.8950784129692834	0.5128088495575222	0.6252215813350616	0.8809652823086574	0.9852384637431929	0.644782058101473	0.7997617030762371	0.4704136237256719	0.6821777207977208	0.5924537110746898	0.6370132819015847	0.7932517225883763	0.7751643697739239	0.9291958617604295	0.504165429300085	0.7003934657508818	0.9577616549876339	0.9404696629213484	0.437783906090507	0.972235045045045	0.8288378484381566	0.981572099074788	0.30282769633507856	0.8209466543543117	0.596775	0.9784085510920437	0.9275071484681854	0.9092930635838151	0.5284988745980707	0.7745821832842301	0.591742320338187	0.8836746374116773	0.9748822758620691	0.8329158448753462	0.7387719244512507	0.34629920318725105	0.4502936023622048	0.7543277330264672	0.8796853744493391	0.6168027015154843	0.644782058101473	0.7472960572284147	0.11355555555555556	0.6200601833660773	0.5509614669421488	0.5252205739036274	0.6594029166666666	0.437783906090507	0.29397626480086114	0.8078358111062527	0.4071607300884956	0.7180694029850746	0.7117855647780584	0.7444383763837639	0.7600688780487804	0.47280799142682184	0.9260585541896921	0.8258683988170681	0.8462423883808499	0.9172973601945119	0.7494102368726189	0.47761507673788745	0.7471266422140714	0.48570565038257796	0.7171821352313167	0.7745821832842301	0.7670373804971319	0.7702526058117498	0.33730196167883214
g__CAG-170	0.6200601833660773	0.8836746374116773	0.7997617030762371	0.503407002561913	0.3320554579093432	0.38537667057444314	0.7896886250189079	0.9206042655109489	0.8744792443196323	0.5348412420382166	0.8200046204151266	0.9785961130053581	0.9784085510920437	0.7171821352313167	0.607694081770951	0.8190493871151653	0.9166917274939173	0.4218602977667494	0.8407163364993216	0.6955389231632081	0.8836746374116773	0.5749125367286974	0.5801656565656566	0.2725534554046072	0.9198876901956297	0.8983275891341257	1.0	0.10609745762711865	0.9407143227199136	0.944657691487092	0.23155225893459203	0.34842746045694195	0.6410179391682186	0.9256835082966475	0.4359125042705842	0.8760167239404353	0.31316779233870967	0.9510460661104656	0.42014139650872817	0.6891153354632588	0.9346545855865799	0.4359125042705842	0.16430239234449762	0.8002860641139803	0.3555423955191727	0.9340383900928794	0.7561157290470722	0.9960543406851243	0.48570565038257796	0.6652001761597182	0.6751181572339192	0.9923159535279116	0.9016206055508831	0.5570122344509854	0.7073149106817352	0.9180155929468711	0.6623995867768595	0.9174775413438186	0.902847942264106	0.8983275891341257	0.8385795131291028	0.596775	0.9796283841522626	0.617532026286966	0.5496094769549457	0.6020725405158639	0.5570122344509854	0.769171154760019	0.9008019949220167	0.9842406555491662	0.04175486381322958	0.3677275732217573	0.5793963329312425	0.6776500095767094	0.6111774821109123	0.6526569620253165	0.981572099074788	0.25582057716436635	0.95108768503937	0.6561398923444975	0.9979529411764706	0.8258683988170681	0.9942653560342395	0.8738590403071017	0.9008019949220167	0.2633374233128834	0.9141545422862453	0.6102790181573637	0.7430267453625633	0.9375308429536049	0.13951462621885158	0.8873762379896526	0.6641397177024112	0.9428032508073196	0.9262241973639743	0.8329158448753462	0.769651826664558	0.9141545422862453	0.9567117136659435	0.9624722665847666	0.8026939541041482	0.6962434596006718	0.902847942264106	0.95108768503937	0.20216654107008292	0.39913347122978565	0.48885666666666666	0.5510289899768697	0.8771852877652141	0.5001450901803608	0.8524399840700917	0.45100290185849357	0.6213176509043364	0.4018091829085457	0.11967657992565053	0.9082612903225807	0.9441811885421121	0.9942653560342395	0.3555423955191727	0.5053446640316206	0.9190806111937736	0.547823813229572	0.6701927198602213	0.9917707427707427	0.9557557315936626	0.07832846715328468	0.8056896425432171	0.7253811649808163	0.09755454545454546	0.9352684732319895	0.9685786764705883	0.8873762379896526	0.578123828030119	0.983511768661735	0.460729439847231	0.3397177989130435	0.5844448464651273	0.8200046204151266	0.6805273090079818	0.7896886250189079	0.20651813471502592	0.7143747044070224	0.9122103581460673	0.29207947740881873	0.6568388104237118	0.8805026752072344	0.7253811649808163
g__CAG-177	0.9395292167695808	0.8796853744493391	0.8474191920547578	0.8766015259409968	0.30762199999999995	0.49265186470078054	0.1271445497630332	0.9517695979899496	0.8952951424397371	0.9694777029742766	0.47280799142682184	0.8699241885625965	0.7380762781186093	0.9310316445830086	0.9106200352941177	0.6568388104237118	0.9136779951100243	0.6854281634197087	0.9739085683081812	0.3171124321657622	0.9679769067796611	0.9370401706596653	0.6844341163099071	0.8062353241822429	0.8323642728156689	0.9352684732319895	0.10609745762711865	1.0	0.8264485159656774	0.8937696899414063	0.9307145631067961	0.6531071543086173	0.8779539239226589	0.8779539239226589	0.6518104892289108	0.9796283841522626	0.9437664808063478	0.6301501910016978	0.5464576853055917	0.6614594322885866	0.8020592783505154	0.6665178299120235	0.5621128812704815	0.9857927807486632	0.777836311816361	0.8450608273817545	0.9407143227199136	0.8342391735537191	0.32182601744186046	0.9843257372654156	0.5946939641109299	0.2754749124854142	0.9016206055508831	0.6147894771674387	0.7180694029850746	0.5169936420937243	0.9526202383441355	0.6772810483870968	0.5825253231211106	0.9016206055508831	0.3974895573212259	0.7285813662436988	0.9543260204081633	0.6872776583710407	0.38388347107438014	0.19980139643134212	0.920430143868463	0.6027334547109695	0.8385795131291028	0.2754749124854142	0.48570565038257796	0.13951462621885158	0.8733799666965544	0.8708576725025746	0.6190690658499235	0.371576929426331	0.8342391735537191	0.7553467892921661	0.8342391735537191	0.4341746396705559	0.9221343409090909	0.762962497982895	0.7319282068965517	0.6955389231632081	0.8178413482181193	0.5268941176470588	0.678770537757437	0.7171821352313167	0.7836971153846154	0.9174775413438186	0.6554379020979022	0.5570122344509854	0.7003934657508818	0.9655502741673436	0.7195814027630181	0.7734129217851033	0.73775625	0.8733799666965544	0.94469389451252	0.9016206055508831	0.9132792564969117	0.1584301181102362	0.7928873271196631	0.7310864295580111	0.7195814027630181	0.6501072771376593	0.7605770454545455	0.9575438989169675	0.9732169279936084	0.414280931744312	0.9451679464000852	0.5001450901803608	0.8026939541041482	0.8087243459302326	0.38745040808394865	0.963007564311964	0.7253811649808163	0.9477819163578614	0.2429398447606727	0.6508293061718435	0.8484376203208557	0.9235886180705135	0.8215374627501063	0.7685670209390862	0.7073149106817352	0.3263735840076154	0.6760157539529502	0.9375308429536049	0.3439852429781543	0.9575438989169675	0.8258683988170681	0.9441811885421121	0.937086451048951	0.8642285008451436	0.3263735840076154	0.3745603006907761	0.38388347107438014	0.9557557315936626	0.8421429500203169	0.9106200352941177	0.5258479245283019	0.9187988428047663	0.9030507923269392	0.20651813471502592	0.9617519840049216	0.4071607300884956	0.6168027015154843
g__CAG-217	0.6289323021122253	0.3439852429781543	0.9852384637431929	0.3974895573212259	0.8341398178807947	0.6991801895558447	0.46927309124767225	0.9737051701766644	0.3309185306504445	0.7380762781186093	0.9957013523666416	0.5268941176470588	0.8889328378378378	0.8277210134755755	0.7941453906016163	0.9190806111937736	0.8748439882697947	0.08898009950248756	0.583418090692124	0.8794436395759717	0.6623995867768595	0.9190806111937736	0.9551683406113537	0.5844448464651273	0.4827995850622407	0.7143747044070224	0.9407143227199136	0.8264485159656774	1.0	0.1678261269549218	0.8462423883808499	0.25582057716436635	0.8863585836114201	0.11967657992565053	0.8323642728156689	0.6561398923444975	0.25978212290502795	0.4018091829085457	0.4912537859007833	0.7070342773615932	0.7152720214669052	0.9846932350971198	0.9942653560342395	0.6711034302325581	0.8796853744493391	0.9728223211605803	0.9291958617604295	0.5207346615720525	0.7471266422140714	0.9804642504596923	0.10609745762711865	0.7642060498793242	0.960321974522293	0.7910880271084337	0.7763238882025943	0.9016206055508831	0.1271445497630332	0.9352684732319895	0.9332131133015837	0.963007564311964	0.2429398447606727	0.5910265724381626	0.7444383763837639	0.8407163364993216	0.7471266422140714	0.4055967729970326	0.04175486381322958	0.9690738977249849	0.3241978386167147	0.33730196167883214	0.32182601744186046	0.4704136237256719	0.9267188952509263	0.18142011834319527	0.8617339432753888	0.6039386327503975	0.4757377392889699	0.5169936420937243	0.7319282068965517	0.44211863895407305	0.9777506703199922	0.9356260400616333	0.8970302769006558	0.9428032508073196	0.6260520905172414	0.7561157290470722	0.7755051012521256	0.6923031443009545	0.9843257372654156	0.4055967729970326	0.6554379020979022	0.94469389451252	0.8836746374116773	0.6252215813350616	0.94651173290938	0.6866785754770451	0.9318649622054246	0.4704136237256719	0.6121439333333333	0.6332195569620253	0.9558771180304128	0.6508293061718435	0.305407931570762	0.9755550412735849	0.10609745762711865	0.7890202180826896	0.5268941176470588	0.9820228060046189	0.5793963329312425	0.531543535057318	0.6200601833660773	0.9577616549876339	0.9575438989169675	0.9370401706596653	0.8568921125644076	0.9450317470456724	0.7143747044070224	0.7896886250189079	0.6526569620253165	0.1271445497630332	0.9848718929254302	0.9561958759689922	0.7543277330264672	0.22340735600277584	0.841373241154941	0.3677275732217573	0.8884877397934088	0.05647894736842105	0.2754749124854142	0.9435263711495117	0.10609745762711865	0.27967478753541075	0.6221647173913043	0.7660599043062201	0.6700606892523364	0.47653685006045954	0.8554127828503375	0.8215374627501063	0.39913347122978565	0.3959763518659558	0.9494814204185162	0.6531071543086173	0.9441811885421121	0.9024290507462688	0.32866536101934873	0.9013263329312424	0.1584301181102362
g__CAG-488	0.8381435574421471	0.9677730081793395	0.9577616549876339	0.9228294378194207	0.9411614754098361	0.5581872894333844	0.7538028322081344	0.617532026286966	0.9141545422862453	0.9748822758620691	0.837018	0.7728396535580524	0.5382515327695561	0.7627077768795474	0.6262054768041236	0.8771852877652141	0.7594353688324377	0.815159645072861	0.8671459039730813	0.7792219917012448	0.45100290185849357	0.4807462343096235	0.9365921633190649	0.6479956795131846	0.9267188952509263	0.8083395196506549	0.944657691487092	0.8937696899414063	0.1678261269549218	1.0	0.40416494960806276	0.9748822758620691	0.9401228589965398	0.8277210134755755	0.9917707427707427	0.822360059549128	0.9557557315936626	0.5633977369876791	0.814551567239636	0.7199278481012658	0.8231854496606335	0.9024290507462688	0.5984215405904059	0.769651826664558	0.8003345430306621	0.9008019949220167	0.7677172463077657	0.47280799142682184	0.9732169279936084	0.460729439847231	0.9359829777875522	0.6598301405105877	0.9784085510920437	0.5086889447236181	0.7676463961813842	0.9106200352941177	0.8329158448753462	0.8995122048674173	0.8753193733282385	0.9289773766816143	0.6446969827586208	0.9352684732319895	0.9445205254164888	0.6350541553276116	0.8679016655907037	0.8779539239226589	0.6561398923444975	0.959398426087851	0.6554379020979022	0.9323850898602175	0.8699241885625965	0.6501072771376593	0.38297614132592295	0.6294758936170213	0.23155225893459203	0.9624722665847666	0.9129058871627146	0.8173583404987103	0.8462423883808499	0.8323642728156689	0.8839091618175065	0.9177307683433317	0.6015454087474238	0.591742320338187	0.9267188952509263	0.7472960572284147	0.9031456806282723	0.9917707427707427	0.3625399154334038	0.38297614132592295	0.9208828984846757	0.7775006944444444	0.9198876901956297	0.6410179391682186	0.9494814204185162	0.929772124734548	0.547823813229572	0.6508293061718435	0.9267188952509263	0.9352684732319895	0.8003345430306621	0.8766015259409968	0.6872776583710407	0.4593609015345268	0.8623475319926873	0.7703657210401892	0.963007564311964	0.2633374233128834	0.9748822758620691	0.6973350167722698	0.9704640806904857	0.762962497982895	0.31508270189431703	0.7872005006827493	0.9557557315936626	0.7351461683524773	0.7278547353760445	0.6371252493765587	0.5887445680473372	0.5086889447236181	0.9435263711495117	0.839080642526545	0.5856052719069105	0.23545412234042554	0.7095456628477905	0.9710537767077941	0.9881666666666666	0.7932517225883763	0.8779539239226589	0.29940395569620254	0.9800945322346097	0.7351461683524773	0.7196974558303887	0.8173583404987103	0.7561157290470722	0.9629934695963208	0.8125077379230546	0.9005934269458904	0.7296485278836162	0.9023445043103449	0.9721339779559118	0.46870649391195757	0.7132130192411437	0.7685670209390862	0.981572099074788	0.6301501910016978	0.3677275732217573
g__Catenibacterium	0.7685670209390862	0.7807205611775528	0.7703657210401892	0.7166754501693706	0.6411158383171788	0.9517695979899496	0.9106200352941177	0.8663177156177155	0.36882251243781095	0.4810448275862069	0.8607288015717093	0.9967589277345581	0.45346678594664924	0.1678261269549218	0.6460522369765067	0.95108768503937	0.6479956795131846	0.7205476658476658	0.09755454545454546	0.8178413482181193	0.04175486381322958	0.7635851756364808	0.9763209126594701	0.19650716560509554	0.9685786764705883	0.7538028322081344	0.23155225893459203	0.9307145631067961	0.8462423883808499	0.40416494960806276	1.0	0.5073929411764706	0.9024290507462688	0.376321186440678	0.7836971153846154	0.8366941563786008	0.35967540356839417	0.21694440433212994	0.922999909245604	0.9807434580794895	0.941607953443259	0.4807462343096235	0.4284197011813759	0.8166397217042031	0.95108768503937	0.967461968838527	0.95108768503937	0.8271435497470488	0.644782058101473	0.5984215405904059	0.9375308429536049	0.8826788011512953	0.33469678456591645	0.95108768503937	0.8628965095076843	0.8606760330578513	0.371576929426331	0.9738099880739416	0.644782058101473	0.6095130815913687	0.7487489382879894	0.981572099074788	0.6411158383171788	0.7703657210401892	0.9738099880739416	0.5887445680473372	0.05647894736842105	0.3625399154334038	0.7535247648902821	0.7039504415011036	0.514070507166483	0.6782763188073395	0.29940395569620254	0.9431461819746182	0.8282628523348758	0.9807434580794895	0.8628965095076843	0.9407143227199136	0.5749125367286974	0.9136779951100243	0.9667577363461344	0.514070507166483	0.36882251243781095	0.9967589277345581	0.5169936420937243	0.7387719244512507	0.7166754501693706	0.9558771180304128	0.486857796014068	0.963007564311964	0.7854143945163746	0.9738099880739416	0.9458062500000001	0.6294758936170213	0.7518444591465431	0.9869819862752574	0.9655502741673436	0.7932517225883763	0.2522534942820838	0.9978827102803738	0.95108768503937	0.9694777029742766	0.9190806111937736	0.7677172463077657	0.4071607300884956	0.7543277330264672	0.920430143868463	0.05647894736842105	0.9368445394736843	0.9310316445830086	0.9927669215519683	0.8062353241822429	0.38297614132592295	0.8809652823086574	0.8154137856525496	0.9024290507462688	0.7658110112359551	0.9351164755183061	0.6119350356824264	0.18562685337726526	0.8716008733624453	0.06820550847457628	0.981572099074788	0.9868998282770464	0.8479489743933504	0.509692658509455	0.9796283841522626	0.705303629032258	0.19650716560509554	0.353508203125	0.8836746374116773	0.8733799666965544	0.7046282776349614	0.7642060498793242	0.9428032508073196	0.967461968838527	0.7296485278836162	0.5161746835443038	0.11967657992565053	0.9187988428047663	0.8779539239226589	0.678770537757437	0.06820550847457628	0.9957013523666416	0.7341097040605643	0.9748822758620691	0.9557557315936626
g__Choladousia	0.05647894736842105	0.30762199999999995	0.1678261269549218	0.30762199999999995	0.818089239782795	0.7310864295580111	0.9557557315936626	0.4108328102189781	0.2754749124854142	0.04175486381322958	0.4256956781447646	0.4273639510489511	0.6334788012618296	0.8878231971449668	0.7660599043062201	0.07832846715328468	0.2205520907158044	0.3241978386167147	0.33469678456591645	0.05647894736842105	0.48468720070942944	0.6213176509043364	0.6260520905172414	0.1271445497630332	0.8836746374116773	0.9345016241299304	0.34842746045694195	0.6531071543086173	0.25582057716436635	0.9748822758620691	0.5073929411764706	1.0	0.7755051012521256	0.05647894736842105	0.18142011834319527	0.5300959101844427	0.04175486381322958	0.18562685337726526	0.04175486381322958	0.20651813471502592	0.07832846715328468	0.8937696899414063	0.20216654107008292	0.8083395196506549	0.05647894736842105	0.31316779233870967	0.22707235494880548	0.818089239782795	0.7910880271084337	0.3309185306504445	0.5348412420382166	0.3397177989130435	0.83535437053326	0.11967657992565053	0.5001450901803608	0.2669726941747573	0.04175486381322958	0.9738099880739416	0.22340735600277584	0.414280931744312	0.04175486381322958	0.5189389496717725	0.6252215813350616	0.08898009950248756	0.9221343409090909	0.571790074074074	0.18142011834319527	0.21133260393873082	0.20216654107008292	0.44211863895407305	0.04175486381322958	0.08898009950248756	0.9289773766816143	0.9122103581460673	0.10609745762711865	0.04175486381322958	0.5128088495575222	0.05647894736842105	0.981211858509713	0.3745603006907761	0.5995137597791073	0.3104188612099644	0.2754749124854142	0.4498724479682855	0.7330200826730968	0.13353054298642533	0.4359125042705842	0.06820550847457628	0.7807205611775528	0.8350271676300579	0.16430239234449762	0.9848718929254302	0.8060808221181976	0.1724625	0.2852093023255814	0.1584301181102362	0.5809301846080077	0.7650709739633559	0.9631198347950235	0.1678261269549218	0.4108328102189781	0.04175486381322958	0.5207346615720525	0.941607953443259	0.04175486381322958	0.42416068527022255	0.3241978386167147	0.8642285008451436	0.11967657992565053	0.07832846715328468	0.8988659033078881	0.9187988428047663	0.19100485436893203	0.5638276483846731	0.9738099880739416	0.8779539239226589	0.15361349693251533	0.39913347122978565	0.769171154760019	0.04175486381322958	0.9848718929254302	0.8904754969325153	0.05647894736842105	0.9291958617604295	0.7660599043062201	0.04175486381322958	0.30282769633507856	0.9291958617604295	0.04175486381322958	0.8482504217432053	0.5761294088910601	0.2429398447606727	0.5995137597791073	0.822360059549128	0.04175486381322958	0.8020592783505154	0.5809301846080077	0.5873167654730852	0.04175486381322958	0.7553467892921661	0.6361021103217719	0.6301501910016978	0.6844341163099071	0.9970883316178534	0.951996046438657	0.9784085510920437	0.10609745762711865
g__Clostridium	0.9397754545454546	0.437783906090507	0.7014739710789767	0.9106200352941177	0.5638276483846731	0.7455372116349047	0.5856052719069105	0.7751643697739239	0.46927309124767225	0.8087243459302326	0.5073929411764706	0.920430143868463	0.38388347107438014	0.4810448275862069	0.13353054298642533	0.9010100591715977	0.305407931570762	0.678770537757437	0.8836746374116773	0.616069522131689	0.583418090692124	0.8019693228858662	0.46534745283018863	0.7028468045807167	0.7728396535580524	0.7199278481012658	0.6410179391682186	0.8779539239226589	0.8863585836114201	0.9401228589965398	0.9024290507462688	0.7755051012521256	1.0	0.7822122533272142	0.6137761883705505	0.31508270189431703	0.6526569620253165	0.634934404536862	0.24003552631578948	0.4912537859007833	0.607694081770951	0.1584301181102362	0.4722697566984909	0.7707208149779736	0.9785961130053581	0.6872776583710407	0.2669726941747573	0.9995588811188811	0.7677172463077657	0.6301501910016978	0.9873460329555195	0.9359829777875522	0.891031619537275	0.7751643697739239	0.8062353241822429	0.5529342571208622	0.44795520557029184	0.30762199999999995	0.8628474302113226	0.95108768503937	0.9435263711495117	0.8407163364993216	0.7788895474137931	0.9092930635838151	0.44632097902097906	0.8498298945682639	0.8592131651556958	0.7285813662436988	0.7083671217913708	0.7584289486552568	0.981572099074788	0.7566347797609301	0.7538028322081344	0.963007564311964	0.9742002083333334	0.5398035328236225	0.04175486381322958	0.6912002811094453	0.9024290507462688	0.94651173290938	0.4593609015345268	0.6027334547109695	0.414280931744312	0.9365921633190649	0.7412227758007117	0.5073929411764706	0.7294323207776428	0.6427582546201233	0.4190053424166368	0.32182601744186046	0.9848718929254302	0.790474841341795	0.7792219917012448	0.5910265724381626	0.6771709416522241	0.9246589540412045	0.6652001761597182	0.9016206055508831	0.9079588715400995	0.9024290507462688	0.48998858474082707	0.9020428880086425	0.6119350356824264	0.9732143671265747	0.9291958617604295	0.9629934695963208	0.7166754501693706	0.7046282776349614	0.5844448464651273	0.9917707427707427	0.9748822758620691	0.9030507923269392	0.9655502741673436	0.13951462621885158	0.6334788012618296	0.9869819862752574	0.2825529411764706	0.9779394896362925	0.7862106664637858	0.7946809893887311	0.9431844666451821	0.9267188952509263	0.7862106664637858	0.5946939641109299	0.29940395569620254	0.9710537767077941	0.5958062776098583	0.9748822758620691	0.7711958058435439	0.45753926852743015	0.7455372116349047	0.8288378484381566	0.9267188952509263	0.8341398178807947	0.8245878492802708	0.9942653560342395	0.7865270393437642	0.11355555555555556	0.9428032508073196	0.2522534942820838	0.6614594322885866	0.9607335078534031	0.8484376203208557	0.5761294088910601	0.9748822758620691	0.871229702970297	0.543704
g__Clostridium_A	0.1584301181102362	0.27967478753541075	0.6252215813350616	0.21694440433212994	0.7932517225883763	0.9122103581460673	0.2725534554046072	0.6121439333333333	0.5073929411764706	0.4284197011813759	0.8681662669245647	0.6598301405105877	0.3649171500630517	0.9787833463110766	0.9804642504596923	0.9647424344112264	0.8277210134755755	0.11355555555555556	0.19980139643134212	0.40915629357798167	0.04175486381322958	0.903562446504993	0.7676463961813842	0.10609745762711865	0.5897490084985836	0.7975851349336514	0.9256835082966475	0.8779539239226589	0.11967657992565053	0.8277210134755755	0.376321186440678	0.05647894736842105	0.7822122533272142	1.0	0.9010100591715977	0.9738099880739416	0.19980139643134212	0.06820550847457628	0.9016206055508831	0.3745603006907761	0.6200601833660773	0.9820228060046189	0.44632097902097906	0.9345016241299304	0.34842746045694195	0.7642060498793242	0.9633300152827305	0.9307695274186357	0.547823813229572	0.8330176161504426	0.22707235494880548	0.7417842327863307	0.9830474863020282	0.7278547353760445	0.8479489743933504	0.9658553267045455	0.10609745762711865	0.8323642728156689	0.6632061468970935	0.902847942264106	0.5621128812704815	0.09755454545454546	0.8760167239404353	0.4284197011813759	0.7199278481012658	0.7412227758007117	0.20216654107008292	0.8679016655907037	0.37353911439114396	0.7380762781186093	0.16430239234449762	0.18562685337726526	0.7039504415011036	0.29397626480086114	0.3889003859513701	0.8407163364993216	0.17760365853658538	0.27967478753541075	0.9375308429536049	0.547823813229572	0.4810448275862069	0.19100485436893203	0.23545412234042554	0.8607288015717093	0.8779539239226589	0.9515427224143351	0.7677172463077657	0.5973242718446602	0.7106056149248325	0.9748822758620691	0.769651826664558	0.31508270189431703	0.9738099880739416	0.7455372116349047	0.47280799142682184	0.6614594322885866	0.9180155929468711	0.9846932350971198	0.9016206055508831	0.5053446640316206	0.667441393442623	0.571790074074074	0.371576929426331	0.9512156476140534	0.21694440433212994	0.5910265724381626	0.968570948875668	0.9679769067796611	0.4502936023622048	0.5223802885924312	0.8970302769006558	0.583418090692124	0.8113076978729561	0.29207947740881873	0.9721339779559118	0.8681662669245647	0.5581872894333844	0.7083671217913708	0.9567117136659435	0.10609745762711865	0.9008019949220167	0.7816468290441176	0.7997617030762371	0.32019495345418914	0.9784085510920437	0.4341746396705559	0.6027334547109695	0.4256956781447646	0.05647894736842105	0.9267188952509263	0.5258479245283019	0.1724625	0.9249313807531381	0.6301501910016978	0.2205520907158044	0.22340735600277584	0.25978212290502795	0.9149759986065954	0.24003552631578948	0.44795520557029184	0.9249313807531381	0.30762199999999995	0.954846836628512	0.9024290507462688	0.36882251243781095	0.7627077768795474	0.2754749124854142
g__Clostridium_AP	0.22340735600277584	0.5258479245283019	0.9046230449251249	0.5450844328552803	0.9843257372654156	0.95108768503937	0.772128984375	0.9972526178010471	0.24003552631578948	0.3555423955191727	0.4284197011813759	0.4448213114754098	0.22707235494880548	0.8607288015717093	0.4341746396705559	0.3935383938814531	0.29397626480086114	0.9541027722772276	0.95108768503937	0.6279826170622194	0.897788360237893	0.5728837232208815	0.9370401706596653	0.2725534554046072	0.463722821969697	0.9957013523666416	0.4359125042705842	0.6518104892289108	0.8323642728156689	0.9917707427707427	0.7836971153846154	0.18142011834319527	0.6137761883705505	0.9010100591715977	1.0	0.6568388104237118	0.04175486381322958	0.8245878492802708	0.08898009950248756	0.1584301181102362	0.5930223570595099	0.7436363117232113	0.414280931744312	0.6289323021122253	0.6020725405158639	0.31508270189431703	0.33730196167883214	0.9175513167013167	0.9848718929254302	0.47280799142682184	0.6111774821109123	0.7139871813285458	0.9694777029742766	0.07832846715328468	0.11967657992565053	0.1271445497630332	0.11355555555555556	0.504165429300085	0.36882251243781095	0.5930223570595099	0.5924537110746898	0.4498724479682855	0.19650716560509554	0.3309185306504445	0.7171821352313167	0.8836746374116773	0.6309546262968452	0.31316779233870967	0.5728837232208815	0.6701927198602213	0.04175486381322958	0.25978212290502795	0.5554028725314184	0.6835667362428842	0.20216654107008292	0.13353054298642533	0.8166397217042031	0.7319282068965517	0.6477899694811801	0.5252205739036274	0.392133962264151	0.06820550847457628	0.7132130192411437	0.5984215405904059	0.3625399154334038	0.2852093023255814	0.8779539239226589	0.7117855647780584	0.9842406555491662	0.18562685337726526	0.22340735600277584	0.8484376203208557	0.6891153354632588	0.2205520907158044	0.9785961130053581	0.11355555555555556	0.1678261269549218	0.8292816281014775	0.9187988428047663	0.6221647173913043	0.8796853744493391	0.06820550847457628	0.8444113029403831	0.8716008733624453	0.18142011834319527	0.9201504400502915	0.5013513405590416	0.95108768503937	0.05647894736842105	0.05647894736842105	0.8836746374116773	0.6526569620253165	0.1678261269549218	0.35129016608391606	0.6700606892523364	0.1724625	0.5621128812704815	0.8599451752658528	0.8329158448753462	0.46534745283018863	0.6119350356824264	0.7865270393437642	0.3745603006907761	0.5973242718446602	0.7846164226898444	0.1271445497630332	0.9030507923269392	0.7455372116349047	0.05647894736842105	0.9098076732673268	0.9494814204185162	0.07832846715328468	0.7584289486552568	0.9970171396459679	0.04175486381322958	0.8498298945682639	0.9927669215519683	0.986534892601432	0.41339137868315745	0.8515576969212315	0.5581872894333844	0.04175486381322958	0.8390143969403087	0.504165429300085	0.20651813471502592	0.9822992307692308	0.07832846715328468
g__Collinsella	0.4284197011813759	0.7117855647780584	0.8482504217432053	0.6872776583710407	0.7100766969147005	0.9024290507462688	0.8599451752658528	0.8836746374116773	0.9149759986065954	0.9352684732319895	0.04175486381322958	0.8836746374116773	0.644782058101473	0.9187988428047663	0.583418090692124	0.7073149106817352	0.10609745762711865	0.8190493871151653	0.960321974522293	0.4359125042705842	0.9607335078534031	0.42416068527022255	0.4502936023622048	0.3625399154334038	0.83535437053326	0.9835977541030809	0.8760167239404353	0.9796283841522626	0.6561398923444975	0.822360059549128	0.8366941563786008	0.5300959101844427	0.31508270189431703	0.9738099880739416	0.6568388104237118	1.0	0.20216654107008292	0.7351461683524773	0.09755454545454546	0.11967657992565053	0.7717903529411765	0.9957013523666416	0.4502936023622048	0.607694081770951	0.688651666980599	0.5621128812704815	0.6623995867768595	0.9345016241299304	0.5809301846080077	0.503407002561913	0.9939485002829654	0.8836746374116773	0.8983275891341257	0.5873167654730852	0.8983275891341257	0.34629920318725105	0.7205476658476658	0.3263735840076154	0.22340735600277584	0.3309185306504445	0.2522534942820838	0.5268941176470588	0.7106056149248325	0.7436363117232113	0.9752672206923683	0.9397754545454546	0.4448213114754098	0.9445205254164888	0.7115182854042321	0.7355986652977413	0.6200601833660773	0.8330176161504426	0.5621128812704815	0.9180155929468711	0.09755454545454546	0.4341746396705559	0.8836746374116773	0.9585903580983741	0.6797798362528561	0.2792914979757085	0.1271445497630332	0.6410179391682186	0.9082612903225807	0.5450844328552803	0.777836311816361	0.6891153354632588	0.6912002811094453	0.29397626480086114	0.7479613953488372	0.49821400286944045	0.6772810483870968	0.8342391735537191	0.6561398923444975	0.49265186470078054	0.9172973601945119	0.27967478753541075	0.342406795679568	0.9960543406851243	0.8178413482181193	0.486857796014068	0.7910880271084337	0.9359829777875522	0.3745603006907761	0.9916167392539292	0.7195814027630181	0.9079588715400995	0.9260585541896921	0.6797798362528561	0.9892529193961833	0.5973242718446602	0.9441811885421121	0.7575236506378802	0.6095130815913687	0.8937696899414063	0.7734129217851033	0.6598301405105877	0.2522534942820838	0.23545412234042554	0.7417842327863307	0.7711958058435439	0.45753926852743015	0.8105759704519119	0.21694440433212994	0.9835977541030809	0.9979529411764706	0.9291958617604295	0.7792219917012448	0.6131660088691796	0.3959763518659558	0.8873762379896526	0.18142011834319527	0.8950784129692834	0.7707208149779736	0.570549207920792	0.46870649391195757	0.9187988428047663	0.6665178299120235	0.7351461683524773	0.15361349693251533	0.7561157290470722	0.9633300152827305	0.9187988428047663	0.849077654601309	0.9515427224143351	0.503407002561913	0.7600688780487804	0.8215374627501063
g__Coprococcus_A	0.1678261269549218	0.353508203125	0.2522534942820838	0.43050290758047766	0.463722821969697	0.672531403678606	0.9690738977249849	0.47761507673788745	0.09755454545454546	0.13951462621885158	0.08898009950248756	0.27967478753541075	0.7285813662436988	0.6844341163099071	0.7584289486552568	0.47761507673788745	0.6301501910016978	0.7310864295580111	0.3171124321657622	0.07832846715328468	0.35967540356839417	0.14793531283138917	0.6427582546201233	0.09755454545454546	0.46927309124767225	0.9098076732673268	0.31316779233870967	0.9437664808063478	0.25978212290502795	0.9557557315936626	0.35967540356839417	0.04175486381322958	0.6526569620253165	0.19980139643134212	0.04175486381322958	0.20216654107008292	1.0	0.21694440433212994	0.05647894736842105	0.05647894736842105	0.3263735840076154	0.9807434580794895	0.08898009950248756	0.4359125042705842	0.19980139643134212	0.1584301181102362	0.04175486381322958	0.5382515327695561	0.9016206055508831	0.6095130815913687	0.04175486381322958	0.8554127828503375	0.8628474302113226	0.05647894736842105	0.4502936023622048	0.07832846715328468	0.04175486381322958	0.881647981444333	0.18142011834319527	0.486857796014068	0.05647894736842105	0.44795520557029184	0.25978212290502795	0.19100485436893203	0.5610873475609757	0.7660599043062201	0.1584301181102362	0.5001450901803608	0.09755454545454546	0.8617339432753888	0.04175486381322958	0.11355555555555556	0.8330176161504426	0.7003934657508818	0.09755454545454546	0.04175486381322958	0.4704136237256719	0.2429398447606727	0.2477973059653624	0.2669726941747573	0.18142011834319527	0.05647894736842105	0.04175486381322958	0.6015454087474238	0.7390887417218543	0.8019693228858662	0.5743946424182845	0.15361349693251533	0.6489875885806844	0.9122103581460673	0.05647894736842105	0.7751643697739239	0.5334089409260244	0.09755454545454546	0.9762258447937132	0.04175486381322958	0.20216654107008292	0.5086889447236181	0.9732143671265747	0.23545412234042554	0.25978212290502795	0.08898009950248756	0.3889003859513701	0.9401228589965398	0.04175486381322958	0.7703657210401892	0.25978212290502795	0.9551683406113537	0.04175486381322958	0.04175486381322958	0.5161746835443038	0.7627077768795474	0.19980139643134212	0.1678261269549218	0.9732169279936084	0.6350541553276116	0.04175486381322958	0.49265186470078054	0.07832846715328468	0.04175486381322958	0.8277210134755755	0.6973350167722698	0.05647894736842105	0.4938979838709678	0.48468720070942944	0.04175486381322958	0.42014139650872817	0.9122103581460673	0.04175486381322958	0.9721339779559118	0.9881666666666666	0.27967478753541075	0.20651813471502592	0.7296485278836162	0.11355555555555556	0.824003743995479	0.9539786228482003	0.8282628523348758	0.04175486381322958	0.5258479245283019	0.4827995850622407	0.3320554579093432	0.47761507673788745	0.9459414100658314	0.922999909245604	0.5667894763092269	0.08898009950248756
g__Dialister	0.1678261269549218	0.13353054298642533	0.8544950132625996	0.44795520557029184	0.6782763188073395	0.8836746374116773	0.5693021836228287	0.5873167654730852	0.08898009950248756	0.18142011834319527	0.07832846715328468	0.7166754501693706	0.10609745762711865	0.38745040808394865	0.9631198347950235	0.8779539239226589	0.9784085510920437	0.7100766969147005	0.1678261269549218	0.32182601744186046	0.18562685337726526	0.9206042655109489	0.9246589540412045	0.20216654107008292	0.8078358111062527	0.8679016655907037	0.9510460661104656	0.6301501910016978	0.4018091829085457	0.5633977369876791	0.21694440433212994	0.18562685337726526	0.634934404536862	0.06820550847457628	0.8245878492802708	0.7351461683524773	0.21694440433212994	1.0	0.5930223570595099	0.414280931744312	0.9086703222760005	0.9881666666666666	0.6015454087474238	0.8524399840700917	0.6361021103217719	0.7139871813285458	0.5825253231211106	0.6739566150870405	0.9119647867465633	0.9079588715400995	0.6772810483870968	0.6518104892289108	0.9370401706596653	0.30282769633507856	0.837018	0.4757377392889699	0.18562685337726526	0.9187988428047663	0.5398035328236225	0.5413481851657023	0.5570122344509854	0.7742388164026095	0.839080642526545	0.11967657992565053	0.7660599043062201	0.7670373804971319	0.11967657992565053	0.7650709739633559	0.32182601744186046	0.6554379020979022	0.4403862525458248	0.19980139643134212	0.960008544108575	0.9441811885421121	0.5844448464651273	0.6051388939256572	0.3263735840076154	0.3104188612099644	0.9800945322346097	0.05647894736842105	0.6334788012618296	0.13353054298642533	0.27967478753541075	0.2669726941747573	0.2633374233128834	0.7436363117232113	0.762962497982895	0.22707235494880548	0.9187988428047663	0.6805273090079818	0.45100290185849357	0.3889003859513701	0.9052528859857483	0.8277210134755755	0.25582057716436635	0.2852093023255814	0.5984215405904059	0.547823813229572	0.6350541553276116	0.40915629357798167	0.8173583404987103	0.21133260393873082	0.13951462621885158	0.504165429300085	0.20216654107008292	0.05647894736842105	0.9458062500000001	0.5510289899768697	0.504165429300085	0.2965595846645368	0.6891153354632588	0.8988659033078881	0.30762199999999995	0.8924571271393643	0.4411834401349073	0.9882473864284356	0.376321186440678	0.4668136235515189	0.6427582546201233	0.5300959101844427	0.15361349693251533	0.7302423236514523	0.40416494960806276	0.6479956795131846	0.305407931570762	0.9024290507462688	0.5509614669421488	0.8190493871151653	0.22340735600277584	0.9748822758620691	0.7910880271084337	0.9307695274186357	0.8407163364993216	0.46870649391195757	0.3745603006907761	0.8839091618175065	0.8988659033078881	0.2477973059653624	0.3171124321657622	0.7003934657508818	0.7742388164026095	0.3745603006907761	0.5013513405590416	0.7728396535580524	0.9441811885421121	0.43050290758047766	0.7444383763837639
g__Dorea	0.38205282338806573	0.4558514975845411	0.9024290507462688	0.32866536101934873	0.9346545855865799	0.9141545422862453	0.9323850898602175	0.7117855647780584	0.16430239234449762	0.5856052719069105	0.1271445497630332	0.4190053424166368	0.8659373006612212	0.13951462621885158	0.45473871803172544	0.16430239234449762	0.04175486381322958	0.9793512112073159	0.6334788012618296	0.09755454545454546	0.8983275891341257	0.4411834401349073	0.8444113029403831	0.8105759704519119	0.5581872894333844	0.9796283841522626	0.42014139650872817	0.5464576853055917	0.4912537859007833	0.814551567239636	0.922999909245604	0.04175486381322958	0.24003552631578948	0.9016206055508831	0.08898009950248756	0.09755454545454546	0.05647894736842105	0.5930223570595099	1.0	0.04175486381322958	0.3677275732217573	0.06820550847457628	0.342406795679568	0.2669726941747573	0.531543535057318	0.5873167654730852	0.353508203125	0.9822992307692308	0.9629934695963208	0.4218602977667494	0.4558514975845411	0.7627077768795474	0.672531403678606	0.4322721915920056	0.5450844328552803	0.3263735840076154	0.07832846715328468	0.33469678456591645	0.7014739710789767	0.8020592783505154	0.5789023728813559	0.7660599043062201	0.43050290758047766	0.3104188612099644	0.9376783289817232	0.9267188952509263	0.6361021103217719	0.583418090692124	0.22340735600277584	0.5450844328552803	0.1678261269549218	0.18562685337726526	0.9970883316178534	0.9748822758620691	0.7584289486552568	0.04175486381322958	0.705303629032258	0.21133260393873082	0.9340383900928794	0.31316779233870967	0.1724625	0.06820550847457628	0.7412227758007117	0.762962497982895	0.1271445497630332	0.09755454545454546	0.6137761883705505	0.4273639510489511	0.33730196167883214	0.7046282776349614	0.48885666666666666	0.21694440433212994	0.9129058871627146	0.5207346615720525	0.8251706371581617	0.3889003859513701	0.8606760330578513	0.9411614754098361	0.8342391735537191	0.6111774821109123	0.6102790181573637	0.13951462621885158	0.6027334547109695	0.8805026752072344	0.04175486381322958	0.9558771180304128	0.07832846715328468	0.9215432340231976	0.04175486381322958	0.09755454545454546	0.7717903529411765	0.9677643651435504	0.7910880271084337	0.44795520557029184	0.9031456806282723	0.6289323021122253	0.18142011834319527	0.9375308429536049	0.16430239234449762	0.8716008733624453	0.8836746374116773	0.7605770454545455	0.06820550847457628	0.8760167239404353	0.7436363117232113	0.8231854496606335	0.24003552631578948	0.9411614754098361	0.22340735600277584	0.7494102368726189	0.8779539239226589	0.5382515327695561	0.9887973781704189	0.18562685337726526	0.04175486381322958	0.8744792443196323	0.8002860641139803	0.9748822758620691	0.14793531283138917	0.9658553267045455	0.7807205611775528	0.8599451752658528	0.8341398178807947	0.9822992307692308	0.9748822758620691	0.437783906090507	0.3745603006907761
g__Dorea_A	0.4502936023622048	0.2205520907158044	0.9459414100658314	0.9052528859857483	0.6350541553276116	0.8716008733624453	0.9770830249632894	0.9210561283714578	0.48468720070942944	0.9800945322346097	0.3263735840076154	0.46927309124767225	0.17760365853658538	0.7658110112359551	0.9122103581460673	0.09755454545454546	0.3439852429781543	0.9023445043103449	0.20651813471502592	0.04175486381322958	0.981572099074788	0.8606760330578513	0.9332131133015837	0.18562685337726526	0.22340735600277584	0.4256956781447646	0.6891153354632588	0.6614594322885866	0.7070342773615932	0.7199278481012658	0.9807434580794895	0.20651813471502592	0.4912537859007833	0.3745603006907761	0.1584301181102362	0.11967657992565053	0.05647894736842105	0.414280931744312	0.04175486381322958	1.0	0.952932528987778	0.9663558203204219	0.17760365853658538	0.9748822758620691	0.9512156476140534	0.9356260400616333	0.9557557315936626	0.981211858509713	0.5610873475609757	0.46927309124767225	0.4341746396705559	0.8444113029403831	0.547823813229572	0.46927309124767225	0.4071607300884956	0.6594029166666666	0.07832846715328468	0.47653685006045954	0.3309185306504445	0.9972526178010471	0.7343135793991417	0.06820550847457628	0.7584289486552568	0.32182601744186046	0.9141545422862453	0.32019495345418914	0.3555423955191727	0.8366941563786008	0.2884360943499726	0.6568388104237118	0.1678261269549218	0.5237333876221498	0.915371728538283	0.47280799142682184	0.4322721915920056	0.13951462621885158	0.2852093023255814	0.39913347122978565	0.5789023728813559	0.9122103581460673	0.7436363117232113	0.23155225893459203	0.6632061468970935	0.7807205611775528	0.4502936023622048	0.48570565038257796	0.8518525755357381	0.38297614132592295	0.29207947740881873	0.6760157539529502	0.5621128812704815	0.5593557648256554	0.9957013523666416	0.7836971153846154	0.9677730081793395	0.21133260393873082	0.9451679464000852	0.9177307683433317	0.9249313807531381	0.2965595846645368	0.9016206055508831	0.04175486381322958	0.2633374233128834	0.9375308429536049	0.05647894736842105	0.803840865737344	0.6739566150870405	0.6020725405158639	0.503407002561913	0.1584301181102362	0.5252205739036274	0.5801656565656566	0.46927309124767225	0.47761507673788745	0.9819350799460604	0.43050290758047766	0.5749125367286974	0.5825253231211106	0.5924537110746898	0.547823813229572	0.9822992307692308	0.9738099880739416	0.9098076732673268	0.9024290507462688	0.4810448275862069	0.8049430268367795	0.23545412234042554	0.9655502741673436	0.47653685006045954	0.6147894771674387	0.938424145785877	0.25978212290502795	0.9979529411764706	0.5258479245283019	0.04175486381322958	0.4403862525458248	0.9752672206923683	0.8606760330578513	0.21694440433212994	0.7235309669522644	0.944657691487092	0.9187988428047663	0.839080642526545	0.8482504217432053	0.9577616549876339	0.37353911439114396	0.4218602977667494
g__Dorea_D	0.5112550748752079	0.9536550172287772	0.47940171017101707	0.814551567239636	0.8805026752072344	0.808990639965172	0.8342391735537191	0.8653313521930962	0.9177307683433317	0.5887445680473372	0.9291958617604295	0.5252205739036274	0.9551683406113537	0.8105759704519119	0.9653428295558492	0.8178413482181193	0.5621128812704815	0.4593609015345268	0.6623995867768595	0.981572099074788	0.8836746374116773	0.9607335078534031	0.9543260204081633	0.9256835082966475	0.7417842327863307	0.5789023728813559	0.9346545855865799	0.8020592783505154	0.7152720214669052	0.8231854496606335	0.941607953443259	0.07832846715328468	0.607694081770951	0.6200601833660773	0.5930223570595099	0.7717903529411765	0.3263735840076154	0.9086703222760005	0.3677275732217573	0.952932528987778	1.0	0.667441393442623	0.769651826664558	0.5789023728813559	0.7046282776349614	0.9779394896362925	0.7215445398773006	0.9894262948207172	0.4757377392889699	0.9375308429536049	0.915371728538283	0.6332195569620253	0.8178413482181193	0.8738903027980068	0.9352684732319895	0.9541027722772276	0.3959763518659558	0.9132792564969117	0.83535437053326	0.9927669215519683	0.571790074074074	0.9781279769463711	0.7975851349336514	0.9174775413438186	0.9785961130053581	0.951996046438657	0.7660599043062201	0.976798852491173	0.5013513405590416	0.9086703222760005	0.4938979838709678	0.5844448464651273	0.959398426087851	0.6294758936170213	0.35129016608391606	0.34629920318725105	0.13353054298642533	0.40915629357798167	0.9016206055508831	0.5693021836228287	0.7199278481012658	0.8863585836114201	0.9625854060134997	0.9748822758620691	0.8385795131291028	0.48570565038257796	0.09755454545454546	0.7126930810810811	0.6410179391682186	0.8801497925311204	0.968570948875668	0.9677730081793395	0.9441811885421121	0.849077654601309	0.9671590826245444	0.9267188952509263	0.9073520981507823	0.9738099880739416	0.9830474863020282	0.6289323021122253	0.9748822758620691	0.3241978386167147	0.7180694029850746	0.9079588715400995	0.1678261269549218	0.7380762781186093	0.34842746045694195	0.8251706371581617	0.1724625	0.6309546262968452	0.9482153195090987	0.7910880271084337	0.25582057716436635	0.6137761883705505	0.8020592783505154	0.9784085510920437	0.94469389451252	0.9441811885421121	0.9942653560342395	0.8087243459302326	0.9323850898602175	0.9246589540412045	0.6991801895558447	0.9441811885421121	0.9023445043103449	0.30282769633507856	0.818089239782795	0.4359125042705842	0.22707235494880548	0.9016206055508831	0.9835977541030809	0.2697199281867146	0.9267188952509263	0.1724625	0.2965595846645368	0.9210561283714578	0.920430143868463	0.3171124321657622	0.7455372116349047	0.3241978386167147	0.7703657210401892	0.47653685006045954	0.342406795679568	0.7302423236514523	0.9346545855865799	0.9679769067796611	0.8576300198019803
g__Dysosmobacter	0.13353054298642533	0.8366941563786008	0.7720204321277596	0.7196974558303887	0.2852093023255814	0.04175486381322958	0.7294323207776428	0.8582535478765498	0.6260520905172414	0.808990639965172	0.7763238882025943	0.9120468551983103	0.9337810957387935	0.42014139650872817	0.04175486381322958	0.6361021103217719	0.11967657992565053	0.8771852877652141	0.4018091829085457	0.7928873271196631	0.7171821352313167	0.9737051701766644	0.6010148862853204	0.25582057716436635	0.9246589540412045	0.7896886250189079	0.4359125042705842	0.6665178299120235	0.9846932350971198	0.9024290507462688	0.4807462343096235	0.8937696899414063	0.1584301181102362	0.9820228060046189	0.7436363117232113	0.9957013523666416	0.9807434580794895	0.9881666666666666	0.06820550847457628	0.9663558203204219	0.667441393442623	1.0	0.983511768661735	0.8766015259409968	0.27967478753541075	0.2477973059653624	0.941607953443259	0.9375308429536049	0.9738099880739416	0.19100485436893203	0.6350541553276116	0.7235309669522644	0.5801656565656566	0.9262241973639743	0.6411158383171788	0.7390887417218543	0.13353054298642533	0.1678261269549218	0.1678261269549218	0.5793963329312425	0.36882251243781095	0.815159645072861	0.7115182854042321	0.8582535478765498	0.3555423955191727	0.2884360943499726	0.9583736842105263	0.20216654107008292	0.9437664808063478	0.20651813471502592	0.09755454545454546	0.9052528859857483	0.27967478753541075	0.9804642504596923	0.19980139643134212	0.8135891153512574	0.95108768503937	0.7677172463077657	0.5930223570595099	0.8924571271393643	0.9558771180304128	0.9462770210057289	0.8873762379896526	0.4256956781447646	0.822360059549128	0.45100290185849357	0.5844448464651273	0.6410179391682186	0.5268941176470588	0.04175486381322958	0.10609745762711865	0.83535437053326	0.3974895573212259	0.7302423236514523	0.7417842327863307	0.32866536101934873	0.9846932350971198	0.9245955117307039	0.8393987765089723	0.7227920490367776	0.9526202383441355	0.9235886180705135	0.8200046204151266	0.9010100591715977	0.9787833463110766	0.07832846715328468	0.06820550847457628	0.7235309669522644	0.6410179391682186	0.5656651162790697	0.27967478753541075	0.24003552631578948	0.7479613953488372	0.47653685006045954	0.9842406555491662	0.9329545676274945	0.8952951424397371	0.7390887417218543	0.7296485278836162	0.7464576056102856	0.3649171500630517	0.6594029166666666	0.83535437053326	0.5930223570595099	0.8878231971449668	0.9246589540412045	0.6962434596006718	0.6190690658499235	0.7355986652977413	0.6632061468970935	0.45100290185849357	0.11967657992565053	0.4322721915920056	0.7199278481012658	0.803840865737344	0.6350541553276116	0.849077654601309	0.678770537757437	0.8060808221181976	0.3935383938814531	0.08898009950248756	0.8329158448753462	0.570549207920792	0.15361349693251533	0.14793531283138917	0.7879917399211882	0.9267188952509263
g__Eggerthella	0.37353911439114396	0.9543260204081633	0.9141545422862453	0.963007564311964	0.8753193733282385	0.6603855281342547	0.9437664808063478	0.8192943645937099	0.646527444987775	0.5398035328236225	0.5610873475609757	0.22707235494880548	0.29940395569620254	0.9558771180304128	0.8003345430306621	0.7642060498793242	0.16430239234449762	0.9685786764705883	0.6137761883705505	0.17760365853658538	0.4055967729970326	0.4912537859007833	0.9892529193961833	0.1724625	0.305407931570762	0.9748822758620691	0.16430239234449762	0.5621128812704815	0.9942653560342395	0.5984215405904059	0.4284197011813759	0.20216654107008292	0.4722697566984909	0.44632097902097906	0.414280931744312	0.4502936023622048	0.08898009950248756	0.6015454087474238	0.342406795679568	0.17760365853658538	0.769651826664558	0.983511768661735	1.0	0.9873460329555195	0.36882251243781095	0.414280931744312	0.04175486381322958	0.3791217443729904	0.95108768503937	0.5258479245283019	0.04175486381322958	0.9787833463110766	0.31508270189431703	0.08898009950248756	0.6102790181573637	0.08898009950248756	0.04175486381322958	0.16430239234449762	0.10609745762711865	0.7464576056102856	0.5223802885924312	0.6489875885806844	0.4108328102189781	0.22707235494880548	0.5364079428117554	0.7788895474137931	0.5068003940332114	0.8228315632965165	0.9748822758620691	0.34842746045694195	0.04175486381322958	0.2965595846645368	0.9459414100658314	0.4912537859007833	0.06820550847457628	0.08898009950248756	0.8534113573039671	0.9852384637431929	0.9031456806282723	0.6260520905172414	0.09755454545454546	0.1584301181102362	0.10609745762711865	0.19100485436893203	0.7755051012521256	0.17760365853658538	0.38745040808394865	0.07832846715328468	0.7387719244512507	0.903562446504993	0.29397626480086114	0.9796283841522626	0.7788895474137931	0.44632097902097906	0.23545412234042554	0.10609745762711865	0.4273639510489511	0.462966	0.808990639965172	0.09755454545454546	0.5509614669421488	0.18142011834319527	0.32866536101934873	0.3889003859513701	0.08898009950248756	0.7896886250189079	0.8245878492802708	0.9819350799460604	0.2965595846645368	0.376321186440678	0.6095130815913687	0.7566347797609301	0.543704	0.7341097040605643	0.698293766282099	0.47653685006045954	0.04175486381322958	0.6119350356824264	0.29207947740881873	0.04175486381322958	0.891031619537275	0.9894262948207172	0.06820550847457628	0.6526569620253165	0.10609745762711865	0.19100485436893203	0.777836311816361	0.7444383763837639	0.04175486381322958	0.8209466543543117	0.95108768503937	0.8607288015717093	0.922999909245604	0.6962434596006718	0.19980139643134212	0.5897490084985836	0.5464576853055917	0.8607288015717093	0.13353054298642533	0.824003743995479	0.7302423236514523	0.13951462621885158	0.8479489743933504	0.9770830249632894	0.8779539239226589	0.9174775413438186	0.19980139643134212
g__Enterobacter	0.05647894736842105	0.7422184397163122	0.5284988745980707	0.8060808221181976	0.9307145631067961	0.47761507673788745	0.8738903027980068	0.9785961130053581	0.6782763188073395	0.8733799666965544	0.21133260393873082	0.5112550748752079	0.9949004231311707	0.7528722075346992	0.6772810483870968	0.8957291778156167	0.5749125367286974	0.642401503294893	0.5053446640316206	0.976798852491173	0.9175513167013167	0.8869175475426031	0.929772124734548	0.8819981590482153	0.772128984375	0.95108768503937	0.8002860641139803	0.9857927807486632	0.6711034302325581	0.769651826664558	0.8166397217042031	0.8083395196506549	0.7707208149779736	0.9345016241299304	0.6289323021122253	0.607694081770951	0.4359125042705842	0.8524399840700917	0.2669726941747573	0.9748822758620691	0.5789023728813559	0.8766015259409968	0.9873460329555195	1.0	0.9013263329312424	0.6501072771376593	0.623548665074886	0.3935383938814531	0.9551683406113537	0.19980139643134212	0.353508203125	0.49821400286944045	0.9957013523666416	0.8681662669245647	0.8779539239226589	0.5946939641109299	0.6805273090079818	0.9174775413438186	0.47940171017101707	0.9031456806282723	0.23155225893459203	0.7199278481012658	0.13951462621885158	0.392133962264151	0.9768932098765433	0.2725534554046072	0.9187988428047663	0.9180155929468711	0.371576929426331	0.8681662669245647	0.4938979838709678	0.33730196167883214	0.9318649622054246	0.9016206055508831	0.839080642526545	0.29940395569620254	0.922999909245604	0.6318888020283119	0.04175486381322958	0.9356260400616333	0.11967657992565053	0.7278547353760445	0.981572099074788	0.95108768503937	0.15361349693251533	0.7022916157690172	0.17760365853658538	0.48570565038257796	0.49821400286944045	0.9307695274186357	0.41339137868315745	0.2852093023255814	0.8113076978729561	0.9739085683081812	0.8426833175483697	0.6119350356824264	0.5924537110746898	0.8829167979002625	0.34842746045694195	0.9215432340231976	0.49265186470078054	0.38388347107438014	0.8826788011512953	0.7117855647780584	0.06820550847457628	0.6477899694811801	0.9141545422862453	0.9558771180304128	0.8292816281014775	0.38205282338806573	0.9619645666871542	0.6411158383171788	0.6508293061718435	0.8628965095076843	0.9365921633190649	0.5984215405904059	0.7660599043062201	0.964030461350443	0.9208828984846757	0.9822992307692308	0.6350541553276116	0.4498724479682855	0.4055967729970326	0.8251706371581617	0.9738099880739416	0.4448213114754098	0.7720204321277596	0.6923031443009545	0.8342391735537191	0.9161914772727273	0.937086451048951	0.8524399840700917	0.11967657992565053	0.45473871803172544	0.2852093023255814	0.7028468045807167	0.8166397217042031	0.8450608273817545	0.8366941563786008	0.4704136237256719	0.9557557315936626	0.9255169171657814	0.4498724479682855	0.6641397177024112	0.8988659033078881	0.7366785641025642	0.6776500095767094
g__Enterocloster	0.4502936023622048	0.8524399840700917	0.9323850898602175	0.44632097902097906	0.8421429500203169	0.3791217443729904	0.8950784129692834	0.04175486381322958	0.841373241154941	0.48998858474082707	0.45100290185849357	0.9785961130053581	0.9748822758620691	0.6866785754770451	0.5334089409260244	0.7872005006827493	0.7846164226898444	0.6121439333333333	0.7046282776349614	0.23545412234042554	0.8607288015717093	0.6554379020979022	0.35129016608391606	0.35967540356839417	0.13951462621885158	0.7444383763837639	0.3555423955191727	0.777836311816361	0.8796853744493391	0.8003345430306621	0.95108768503937	0.05647894736842105	0.9785961130053581	0.34842746045694195	0.6020725405158639	0.688651666980599	0.19980139643134212	0.6361021103217719	0.531543535057318	0.9512156476140534	0.7046282776349614	0.27967478753541075	0.36882251243781095	0.9013263329312424	1.0	0.2725534554046072	0.9289773766816143	0.6614594322885866	0.6772810483870968	0.7822122533272142	0.4284197011813759	0.839080642526545	0.7343135793991417	0.34629920318725105	0.9843257372654156	0.437783906090507	0.3104188612099644	0.6221647173913043	0.3104188612099644	0.9543260204081633	0.20651813471502592	0.7755051012521256	0.7707208149779736	0.07832846715328468	0.5013513405590416	0.7970547178262168	0.9742002083333334	0.8727549306625577	0.32866536101934873	0.7745821832842301	0.06820550847457628	0.808990639965172	0.6518104892289108	0.8336944881889764	0.44632097902097906	0.4757377392889699	0.5529342571208622	0.6501072771376593	0.6334788012618296	0.7162947293192782	0.4108328102189781	0.3439852429781543	0.912825298245614	0.6318888020283119	0.4273639510489511	0.7997617030762371	0.7822122533272142	0.7046282776349614	0.7430267453625633	0.38388347107438014	0.1271445497630332	0.8462423883808499	0.7022916157690172	0.25582057716436635	0.8582535478765498	0.3959763518659558	0.8154137856525496	0.8675242244053774	0.9784085510920437	0.7106056149248325	0.6854281634197087	0.7205476658476658	0.9721339779559118	0.22340735600277584	0.3889003859513701	0.6973350167722698	0.9748822758620691	0.3104188612099644	0.47761507673788745	0.1678261269549218	0.6603855281342547	0.7343135793991417	0.7535247648902821	0.8819981590482153	0.9445205254164888	0.9332131133015837	0.30762199999999995	0.8826788011512953	0.7494102368726189	0.07832846715328468	0.11355555555555556	0.9175513167013167	0.623548665074886	0.9752672206923683	0.543704	0.6015454087474238	0.5300959101844427	0.8271435497470488	0.04175486381322958	0.5169936420937243	0.9215432340231976	0.9748822758620691	0.9368911619756873	0.7879917399211882	0.42014139650872817	0.9437664808063478	0.8819981590482153	0.6260520905172414	0.20216654107008292	0.9245955117307039	0.30762199999999995	0.4827995850622407	0.837018	0.5510289899768697	0.23545412234042554	0.9763209126594701	0.9360307742998353
g__Enterococcus	0.04175486381322958	0.6318888020283119	0.5773403508771929	0.05647894736842105	0.353508203125	0.11967657992565053	0.7066228895806628	0.9451679464000852	0.47940171017101707	0.44211863895407305	0.04175486381322958	0.34629920318725105	0.9016206055508831	0.04175486381322958	0.7073149106817352	0.8648366328916601	0.43050290758047766	0.9441811885421121	0.6039386327503975	0.06820550847457628	0.3935383938814531	0.6479956795131846	0.9441811885421121	0.27967478753541075	0.5621128812704815	0.9878036173250833	0.9340383900928794	0.8450608273817545	0.9728223211605803	0.9008019949220167	0.967461968838527	0.31316779233870967	0.6872776583710407	0.7642060498793242	0.31508270189431703	0.5621128812704815	0.1584301181102362	0.7139871813285458	0.5873167654730852	0.9356260400616333	0.9779394896362925	0.2477973059653624	0.414280931744312	0.6501072771376593	0.2725534554046072	1.0	0.04175486381322958	0.17760365853658538	0.7422184397163122	0.33730196167883214	0.22707235494880548	0.762962497982895	0.05647894736842105	0.3581597686375321	0.822360059549128	0.07832846715328468	0.20216654107008292	0.7106056149248325	0.11967657992565053	0.7854143945163746	0.1678261269549218	0.5743946424182845	0.4284197011813759	0.570549207920792	0.9762258447937132	0.9411614754098361	0.9625854060134997	0.9625854060134997	0.376321186440678	0.5581872894333844	0.10609745762711865	0.8113076978729561	0.29940395569620254	0.9644357927946265	0.06820550847457628	0.13353054298642533	0.8034451873622336	0.7464576056102856	0.1271445497630332	0.463722821969697	0.06820550847457628	0.04175486381322958	0.4273639510489511	0.2669726941747573	0.6334788012618296	0.4704136237256719	0.6111774821109123	0.1584301181102362	0.7932517225883763	0.4744955447055233	0.27967478753541075	0.9380293695652174	0.44795520557029184	0.06820550847457628	0.13951462621885158	0.08898009950248756	0.13951462621885158	0.7788895474137931	0.7800320079828063	0.20216654107008292	0.596775	0.5958062776098583	0.6700606892523364	0.7355986652977413	0.31508270189431703	0.29940395569620254	0.460729439847231	0.8438744801512288	0.1678261269549218	0.19980139643134212	0.38745040808394865	0.6361021103217719	0.6891153354632588	0.8836746374116773	0.9960543406851243	0.6701927198602213	0.09755454545454546	0.38537667057444314	0.9132792564969117	0.19100485436893203	0.7792219917012448	0.8909176636430498	0.05647894736842105	0.7402824228028504	0.1271445497630332	0.503407002561913	0.8801497925311204	0.6027334547109695	0.2633374233128834	0.8026939541041482	0.9692759831036911	0.8608939837823697	0.5423163302752294	0.9739085683081812	0.7635851756364808	0.8020592783505154	0.31316779233870967	0.8020592783505154	0.1724625	0.7751643697739239	0.915371728538283	0.5930223570595099	0.7126930810810811	0.7139871813285458	0.8078358111062527	0.9368911619756873	0.6051388939256572
g__Enterococcus_A	0.49821400286944045	0.9067249466192171	0.376321186440678	0.5348412420382166	0.7734129217851033	0.1584301181102362	0.678770537757437	0.6805273090079818	0.18142011834319527	0.05647894736842105	0.34842746045694195	0.1584301181102362	0.9567117136659435	0.2697199281867146	0.8062353241822429	0.634934404536862	0.7932517225883763	0.9206042655109489	0.6271632447492499	0.06820550847457628	0.7528722075346992	0.6772810483870968	0.47761507673788745	0.13951462621885158	0.31508270189431703	0.8329158448753462	0.7561157290470722	0.9407143227199136	0.9291958617604295	0.7677172463077657	0.95108768503937	0.22707235494880548	0.2669726941747573	0.9633300152827305	0.33730196167883214	0.6623995867768595	0.04175486381322958	0.5825253231211106	0.353508203125	0.9557557315936626	0.7215445398773006	0.941607953443259	0.04175486381322958	0.623548665074886	0.9289773766816143	0.04175486381322958	1.0	0.04175486381322958	0.8366941563786008	0.08898009950248756	0.08898009950248756	0.9822992307692308	0.9175513167013167	0.06820550847457628	0.6854281634197087	0.04175486381322958	0.08898009950248756	0.7285813662436988	0.1678261269549218	0.5930223570595099	0.34842746045694195	0.9752672206923683	0.45473871803172544	0.8534113573039671	0.8390143969403087	0.8836746374116773	0.8534113573039671	0.8544950132625996	0.41339137868315745	0.19100485436893203	0.04175486381322958	0.4912537859007833	0.38297614132592295	0.9846932350971198	0.09755454545454546	0.11355555555555556	0.8582535478765498	0.6371252493765587	0.2852093023255814	0.46870649391195757	0.08898009950248756	0.04175486381322958	0.04175486381322958	0.1584301181102362	0.7031405196241017	0.4055967729970326	0.31508270189431703	0.05647894736842105	0.6962434596006718	0.9738099880739416	0.1584301181102362	0.9895055913570887	0.13951462621885158	0.05647894736842105	0.353508203125	0.08898009950248756	0.2522534942820838	0.7253811649808163	0.9079588715400995	0.2477973059653624	0.7472960572284147	0.5398035328236225	0.7014739710789767	0.4807462343096235	0.13353054298642533	0.31316779233870967	0.514070507166483	0.9016206055508831	0.05647894736842105	0.11355555555555556	0.3935383938814531	0.41695171047893403	0.305407931570762	0.6598301405105877	0.5638276483846731	0.6301501910016978	0.04175486381322958	0.6066086897488119	0.688651666980599	0.9359829777875522	0.9685786764705883	0.9763209126594701	0.04175486381322958	0.4827995850622407	0.04175486381322958	0.6332195569620253	0.5223802885924312	0.8653313521930962	0.05647894736842105	0.8192943645937099	0.9694777029742766	0.6066086897488119	0.4722697566984909	0.9738099880739416	0.7658110112359551	0.8836746374116773	0.9407143227199136	0.9023445043103449	0.06820550847457628	0.972235045045045	0.8699241885625965	0.3320554579093432	0.8518525755357381	0.8178413482181193	0.6332195569620253	0.7453631429050094	0.3397177989130435
g__Enterococcus_B	0.6603855281342547	0.9895055913570887	0.23155225893459203	0.7436363117232113	0.6066086897488119	0.11967657992565053	0.5237333876221498	0.6701927198602213	0.8952951424397371	0.13353054298642533	0.2825529411764706	0.14793531283138917	0.9557557315936626	0.1724625	0.8166397217042031	0.8779539239226589	0.9894262948207172	0.9558771180304128	0.9329545676274945	0.15361349693251533	0.9437664808063478	0.9894262948207172	0.5749125367286974	0.16430239234449762	0.3263735840076154	0.7676463961813842	0.9960543406851243	0.8342391735537191	0.5207346615720525	0.47280799142682184	0.8271435497470488	0.818089239782795	0.9995588811188811	0.9307695274186357	0.9175513167013167	0.9345016241299304	0.5382515327695561	0.6739566150870405	0.9822992307692308	0.981211858509713	0.9894262948207172	0.9375308429536049	0.3791217443729904	0.3935383938814531	0.6614594322885866	0.17760365853658538	0.04175486381322958	1.0	0.95108768503937	0.6294758936170213	0.11967657992565053	0.7022916157690172	0.9677730081793395	0.11967657992565053	0.841373241154941	0.4744955447055233	0.13353054298642533	0.6531071543086173	0.08898009950248756	0.7775006944444444	0.07832846715328468	0.8264485159656774	0.7535247648902821	0.7676463961813842	0.6760157539529502	0.9267188952509263	0.7294323207776428	0.7417842327863307	0.7932517225883763	0.32019495345418914	0.8421429500203169	0.4912537859007833	0.11967657992565053	0.6518104892289108	0.06820550847457628	0.6190690658499235	0.3397177989130435	0.9644357927946265	0.05647894736842105	0.5529342571208622	0.5570122344509854	0.29397626480086114	0.2477973059653624	0.2725534554046072	0.9895055913570887	0.9882473864284356	0.6213176509043364	0.04175486381322958	0.1584301181102362	0.6051388939256572	0.11355555555555556	0.3935383938814531	0.22340735600277584	0.2965595846645368	0.5924537110746898	0.3677275732217573	0.3555423955191727	0.2697199281867146	0.7800320079828063	0.3439852429781543	0.9459414100658314	0.7132130192411437	0.9122103581460673	0.9356260400616333	0.44211863895407305	0.05647894736842105	0.591742320338187	0.981572099074788	0.6121439333333333	0.5423163302752294	0.7879917399211882	0.902847942264106	0.7436363117232113	0.8166397217042031	0.5621128812704815	0.6585804572564612	0.04175486381322958	0.40915629357798167	0.463722821969697	0.9246589540412045	0.48885666666666666	0.8952951424397371	0.04175486381322958	0.9187988428047663	0.1724625	0.45473871803172544	0.5610873475609757	0.678770537757437	0.504165429300085	0.9256835082966475	0.8688777734827985	0.7132130192411437	0.06820550847457628	0.6797798362528561	0.9289773766816143	0.18142011834319527	0.6771709416522241	0.3263735840076154	0.11355555555555556	0.698293766282099	0.9332131133015837	0.5510289899768697	0.3889003859513701	0.5237333876221498	0.6350541553276116	0.8292816281014775	0.30762199999999995
g__Eubacterium_F	0.9359829777875522	0.9800945322346097	0.9024290507462688	0.964030461350443	0.5728837232208815	0.9346545855865799	0.4722697566984909	0.9869819862752574	0.9249313807531381	0.858762766798419	0.837018	0.9835977541030809	0.646527444987775	0.7872005006827493	0.623548665074886	0.9337810957387935	0.7192093716719915	0.09755454545454546	0.667441393442623	0.9800945322346097	0.5973242718446602	0.8924571271393643	0.7215445398773006	0.8944245303732618	0.915371728538283	0.4912537859007833	0.48570565038257796	0.32182601744186046	0.7471266422140714	0.9732169279936084	0.644782058101473	0.7910880271084337	0.7677172463077657	0.547823813229572	0.9848718929254302	0.5809301846080077	0.9016206055508831	0.9119647867465633	0.9629934695963208	0.5610873475609757	0.4757377392889699	0.9738099880739416	0.95108768503937	0.9551683406113537	0.6772810483870968	0.7422184397163122	0.8366941563786008	0.95108768503937	1.0	0.938424145785877	0.9510460661104656	0.9013263329312424	0.7195814027630181	0.8164891304347826	0.8568921125644076	0.38745040808394865	0.7830153575794621	1.0	0.8779539239226589	0.9894262948207172	0.9738099880739416	0.7341097040605643	0.7635851756364808	0.8228315632965165	0.8884877397934088	0.7422184397163122	0.9013263329312424	0.9721339779559118	0.9873460329555195	0.41339137868315745	0.9663558203204219	0.839080642526545	0.6900945205479452	0.5743946424182845	0.6594029166666666	0.7235309669522644	0.688651666980599	0.644782058101473	0.9079588715400995	0.7171821352313167	0.9351164755183061	0.8426833175483697	0.7166754501693706	0.36882251243781095	0.8779539239226589	0.6805273090079818	0.968570948875668	0.8292816281014775	0.9267188952509263	0.8796853744493391	0.9916938138479001	0.7471266422140714	0.486857796014068	0.9892529193961833	0.7417842327863307	0.8200046204151266	0.9375308429536049	0.9346545855865799	0.8836746374116773	0.7896886250189079	0.960008544108575	0.6891153354632588	0.9450317470456724	0.7879917399211882	0.7703657210401892	0.8083395196506549	0.8251706371581617	0.5581872894333844	0.8836746374116773	0.5809301846080077	0.35967540356839417	0.8087243459302326	0.9360307742998353	0.596775	0.7196974558303887	0.6866785754770451	0.9310316445830086	0.9796283841522626	0.8426833175483697	0.6854281634197087	0.7763238882025943	0.47280799142682184	0.95108768503937	0.9633300152827305	0.8608939837823697	0.6213176509043364	0.7642060498793242	0.11967657992565053	0.8498298945682639	0.9567117136659435	0.7117855647780584	0.5638276483846731	0.9024290507462688	0.960321974522293	0.849077654601309	0.9536550172287772	0.6147894771674387	0.9368445394736843	0.7703657210401892	0.9916167392539292	0.7932517225883763	0.44211863895407305	0.7627077768795474	0.976798852491173	0.5773403508771929	0.7594353688324377	0.9175513167013167
g__Eubacterium_G	0.414280931744312	0.9748822758620691	0.5693021836228287	0.7343135793991417	0.5268941176470588	0.06820550847457628	0.9340383900928794	0.9624722665847666	0.9796283841522626	0.8390143969403087	0.5930223570595099	0.33730196167883214	0.9235886180705135	0.9380293695652174	0.8675242244053774	0.7319282068965517	0.9221343409090909	0.8060808221181976	0.18562685337726526	0.5073929411764706	0.8924571271393643	0.9459414100658314	0.7390887417218543	0.48998858474082707	0.951996046438657	0.5169936420937243	0.6652001761597182	0.9843257372654156	0.9804642504596923	0.460729439847231	0.5984215405904059	0.3309185306504445	0.6301501910016978	0.8330176161504426	0.47280799142682184	0.503407002561913	0.6095130815913687	0.9079588715400995	0.4218602977667494	0.46927309124767225	0.9375308429536049	0.19100485436893203	0.5258479245283019	0.19980139643134212	0.7822122533272142	0.33730196167883214	0.08898009950248756	0.6294758936170213	0.938424145785877	1.0	0.18142011834319527	0.514070507166483	0.9187988428047663	0.9784085510920437	0.9208828984846757	0.2965595846645368	0.9633300152827305	0.7677172463077657	0.3320554579093432	0.8524399840700917	0.3555423955191727	0.7039504415011036	0.4757377392889699	0.19650716560509554	0.5995137597791073	0.06820550847457628	0.6294758936170213	0.8547845562913908	0.9738099880739416	0.4558514975845411	0.07832846715328468	0.83535437053326	0.414280931744312	0.8779539239226589	0.11355555555555556	0.1271445497630332	0.5887445680473372	0.2965595846645368	0.22707235494880548	0.616069522131689	0.38537667057444314	0.305407931570762	0.9291958617604295	0.33730196167883214	0.6137761883705505	0.777836311816361	0.38537667057444314	0.32182601744186046	0.17760365853658538	0.6334788012618296	0.19980139643134212	0.9916938138479001	0.7390887417218543	0.5423163302752294	0.18142011834319527	0.15361349693251533	0.33730196167883214	0.986534892601432	0.5510289899768697	0.4668136235515189	0.9848718929254302	0.39913347122978565	0.9122103581460673	0.7355986652977413	0.07832846715328468	0.11355555555555556	0.531543535057318	0.9313968405829347	0.7615772948426857	0.5693021836228287	0.9755550412735849	0.09755454545454546	0.2884360943499726	0.9360307742998353	0.9515427224143351	0.18562685337726526	0.15361349693251533	0.49265186470078054	0.5638276483846731	0.7166754501693706	0.9679769067796611	0.8062353241822429	0.2429398447606727	0.646527444987775	0.20651813471502592	0.7660599043062201	0.22340735600277584	0.9201504400502915	0.7890202180826896	0.5334089409260244	0.9515427224143351	0.8554127828503375	0.25582057716436635	0.9005934269458904	0.1584301181102362	0.06820550847457628	0.7543277330264672	0.8608939837823697	0.6015454087474238	0.7464576056102856	0.9187988428047663	0.9431461819746182	0.6962434596006718	0.460729439847231	0.5053446640316206	0.8166397217042031	0.6371252493765587
g__Eubacterium_I	0.4827995850622407	0.49265186470078054	0.6309546262968452	0.5995137597791073	0.95108768503937	0.15361349693251533	0.9073520981507823	0.3439852429781543	0.5958062776098583	0.8185699300699301	0.8299676089681103	0.1724625	0.7205476658476658	0.4827995850622407	0.937086451048951	0.7538028322081344	0.8060808221181976	0.7932517225883763	0.5509614669421488	0.08898009950248756	0.4938979838709678	0.7528722075346992	0.8192943645937099	0.1678261269549218	0.6411158383171788	0.9748822758620691	0.6751181572339192	0.5946939641109299	0.10609745762711865	0.9359829777875522	0.9375308429536049	0.5348412420382166	0.9873460329555195	0.22707235494880548	0.6111774821109123	0.9939485002829654	0.04175486381322958	0.6772810483870968	0.4558514975845411	0.4341746396705559	0.915371728538283	0.6350541553276116	0.04175486381322958	0.353508203125	0.4284197011813759	0.22707235494880548	0.08898009950248756	0.11967657992565053	0.9510460661104656	0.18142011834319527	1.0	0.6294758936170213	0.7543277330264672	0.48570565038257796	0.4938979838709678	0.5761294088910601	0.08898009950248756	0.18562685337726526	0.5284988745980707	0.9779394896362925	0.07832846715328468	0.5897490084985836	0.11967657992565053	0.38297614132592295	0.6665178299120235	0.4322721915920056	0.20651813471502592	0.8166397217042031	0.4256956781447646	0.7538028322081344	0.04175486381322958	0.3581597686375321	0.8003345430306621	0.7734129217851033	0.16430239234449762	0.19650716560509554	0.20216654107008292	0.9625854060134997	0.3171124321657622	0.7584289486552568	0.2792914979757085	0.10609745762711865	0.7751643697739239	0.11355555555555556	0.8606760330578513	0.8341398178807947	0.8576300198019803	0.23545412234042554	0.8659373006612212	0.9557557315936626	0.18142011834319527	0.8836746374116773	0.7143747044070224	0.06820550847457628	0.6531071543086173	0.04175486381322958	0.6872776583710407	0.05647894736842105	0.9667577363461344	0.36882251243781095	0.9841554105909439	0.2477973059653624	0.938424145785877	0.7453631429050094	0.04175486381322958	0.4498724479682855	0.6991801895558447	0.571790074074074	0.11967657992565053	0.30762199999999995	0.5464576853055917	0.7728396535580524	0.954846836628512	0.7215445398773006	0.7658110112359551	0.460729439847231	0.07832846715328468	0.6279826170622194	0.8468882708585248	0.05647894736842105	0.9895055913570887	0.9631198347950235	0.2792914979757085	0.4704136237256719	0.25978212290502795	0.3791217443729904	0.3625399154334038	0.4284197011813759	0.16430239234449762	0.9779394896362925	0.4055967729970326	0.7319282068965517	0.6039386327503975	0.9631198347950235	0.19650716560509554	0.06820550847457628	0.5621128812704815	0.769171154760019	0.04175486381322958	0.571790074074074	0.7917502256317689	0.06820550847457628	0.9482153195090987	0.6370132819015847	0.7543277330264672	0.8805026752072344	0.11967657992565053
g__Evtepia	0.05647894736842105	0.5496094769549457	0.9291958617604295	0.25582057716436635	0.7117855647780584	0.25978212290502795	0.8390143969403087	0.7152720214669052	0.45473871803172544	0.6751181572339192	0.8839091618175065	0.8952951424397371	0.8323642728156689	0.9177307683433317	0.5897490084985836	0.19980139643134212	0.5809301846080077	0.8819981590482153	0.9016206055508831	0.698293766282099	0.6554379020979022	0.8779539239226589	0.4502936023622048	0.7215445398773006	0.9869819862752574	0.9024290507462688	0.9923159535279116	0.2754749124854142	0.7642060498793242	0.6598301405105877	0.8826788011512953	0.3397177989130435	0.9359829777875522	0.7417842327863307	0.7139871813285458	0.8836746374116773	0.8554127828503375	0.6518104892289108	0.7627077768795474	0.8444113029403831	0.6332195569620253	0.7235309669522644	0.9787833463110766	0.49821400286944045	0.839080642526545	0.762962497982895	0.9822992307692308	0.7022916157690172	0.9013263329312424	0.514070507166483	0.6294758936170213	1.0	0.808990639965172	0.7717903529411765	0.9023445043103449	0.38297614132592295	0.6262054768041236	0.7508146688741721	0.4810448275862069	0.3241978386167147	0.08898009950248756	0.8323642728156689	0.9748822758620691	0.376321186440678	0.623548665074886	0.7132130192411437	0.6121439333333333	0.6015454087474238	0.7132130192411437	0.6402548112816259	0.7196974558303887	0.4322721915920056	0.6271632447492499	0.509692658509455	0.5252205739036274	0.20651813471502592	0.9149759986065954	0.1271445497630332	0.20216654107008292	0.803840865737344	0.5958062776098583	0.7083671217913708	0.9739085683081812	0.44795520557029184	0.2205520907158044	0.9747812692117005	0.9694777029742766	0.5112550748752079	0.5013513405590416	0.7677172463077657	0.1724625	0.7330200826730968	0.5258479245283019	0.8924571271393643	0.617532026286966	0.38297614132592295	0.5161746835443038	0.6479956795131846	0.7717903529411765	0.9023445043103449	0.7543277330264672	0.5897490084985836	0.915371728538283	0.8898138875245579	0.13951462621885158	0.1724625	0.8950784129692834	0.9882473864284356	0.9633300152827305	0.5073929411764706	0.8889328378378378	0.4810448275862069	0.9763209126594701	0.9291958617604295	0.8679016655907037	0.9246589540412045	0.8484376203208557	0.9024290507462688	0.9267188952509263	0.41695171047893403	0.5761294088910601	0.9190806111937736	0.591742320338187	0.45100290185849357	0.9804642504596923	0.7872005006827493	0.8524399840700917	0.4938979838709678	0.31508270189431703	0.7720204321277596	0.9086703222760005	0.9557557315936626	0.2725534554046072	0.8154137856525496	0.414280931744312	0.6371252493765587	0.902847942264106	0.8591578365574419	0.8292816281014775	0.9881666666666666	0.6131660088691796	0.7070342773615932	0.858762766798419	0.7584289486552568	0.6301501910016978	0.8591578365574419	0.16430239234449762
g__Faecalibacterium	0.8282628523348758	0.9370401706596653	0.8733478383579217	0.25582057716436635	0.3241978386167147	0.9329545676274945	0.8638441030981514	0.7387719244512507	0.8679016655907037	0.7247736897274633	0.06820550847457628	0.8869175475426031	0.5809301846080077	0.04175486381322958	0.7755051012521256	0.9318649622054246	0.5073929411764706	0.922999909245604	0.16430239234449762	0.6446969827586208	0.583418090692124	0.8642285008451436	0.9583736842105263	0.7296485278836162	0.353508203125	0.9739085683081812	0.9016206055508831	0.9016206055508831	0.960321974522293	0.9784085510920437	0.33469678456591645	0.83535437053326	0.891031619537275	0.9830474863020282	0.9694777029742766	0.8983275891341257	0.8628474302113226	0.9370401706596653	0.672531403678606	0.547823813229572	0.8178413482181193	0.5801656565656566	0.31508270189431703	0.9957013523666416	0.7343135793991417	0.05647894736842105	0.9175513167013167	0.9677730081793395	0.7195814027630181	0.9187988428047663	0.7543277330264672	0.808990639965172	1.0	0.6940517680074836	0.5801656565656566	0.9356260400616333	0.7143747044070224	0.9360307742998353	0.19980139643134212	0.46927309124767225	0.7865270393437642	0.34629920318725105	0.8748439882697947	0.7166754501693706	0.9122103581460673	0.9967589277345581	0.9704640806904857	0.762962497982895	0.9401228589965398	0.7139871813285458	0.9291958617604295	0.8209466543543117	0.9671590826245444	0.9451679464000852	0.9762258447937132	0.9313968405829347	0.9267188952509263	0.8484376203208557	0.21133260393873082	0.4284197011813759	0.9249313807531381	0.3439852429781543	0.957029321911446	0.4403862525458248	0.6081947083990092	0.9819350799460604	0.9092930635838151	0.9267188952509263	0.9182998273083122	0.9106200352941177	0.9431461819746182	0.6350541553276116	0.8591578365574419	0.3745603006907761	0.9732169279936084	0.9023445043103449	0.8628474302113226	0.7707208149779736	0.3439852429781543	0.9785961130053581	0.47280799142682184	0.9119647867465633	0.7917502256317689	0.8766015259409968	0.903562446504993	0.8292816281014775	0.9262241973639743	0.9129058871627146	0.4704136237256719	0.6531071543086173	0.3241978386167147	0.09755454545454546	0.9819350799460604	0.9389770406504065	0.514070507166483	0.5973242718446602	0.5728837232208815	0.7192093716719915	0.7720204321277596	0.5068003940332114	0.7575236506378802	0.7341097040605643	0.9473478703115067	0.7031405196241017	0.8105759704519119	0.790474841341795	0.8681662669245647	0.7294323207776428	0.9852384637431929	0.9561958759689922	0.8049430268367795	0.6782763188073395	0.9543260204081633	0.9989308833131237	0.7070342773615932	0.9407143227199136	0.4071607300884956	0.903562446504993	0.9910699062233589	0.6015454087474238	0.7865270393437642	0.7605770454545455	0.1724625	0.7380762781186093	0.7600688780487804	0.9431844666451821	0.8878231971449668
g__Faecalimonas	0.2697199281867146	0.3974895573212259	0.9781279769463711	0.6711034302325581	0.94469389451252	0.8809652823086574	0.4055967729970326	0.9619645666871542	0.6039386327503975	0.06820550847457628	0.8173583404987103	0.8292816281014775	0.4593609015345268	0.849077654601309	0.8154137856525496	0.5910265724381626	0.5237333876221498	0.9755550412735849	0.6544707165732586	0.05647894736842105	0.9122103581460673	0.5207346615720525	0.21694440433212994	0.32182601744186046	0.11355555555555556	0.6479956795131846	0.5570122344509854	0.6147894771674387	0.7910880271084337	0.5086889447236181	0.95108768503937	0.11967657992565053	0.7751643697739239	0.7278547353760445	0.07832846715328468	0.5873167654730852	0.05647894736842105	0.30282769633507856	0.4322721915920056	0.46927309124767225	0.8738903027980068	0.9262241973639743	0.08898009950248756	0.8681662669245647	0.34629920318725105	0.3581597686375321	0.06820550847457628	0.11967657992565053	0.8164891304347826	0.9784085510920437	0.48570565038257796	0.7717903529411765	0.6940517680074836	1.0	0.7341097040605643	0.3263735840076154	0.06820550847457628	0.5510289899768697	0.04175486381322958	0.11355555555555556	0.05647894736842105	0.10609745762711865	0.8292816281014775	0.04175486381322958	0.705303629032258	0.8450608273817545	0.5621128812704815	0.9182998273083122	0.4704136237256719	0.8192943645937099	0.04175486381322958	0.2852093023255814	0.7561157290470722	0.9843257372654156	0.04175486381322958	0.32866536101934873	0.634934404536862	0.46870649391195757	0.960321974522293	0.06820550847457628	0.2205520907158044	0.6568388104237118	0.10609745762711865	0.15361349693251533	0.7479613953488372	0.460729439847231	0.43050290758047766	0.04175486381322958	0.6301501910016978	0.7755051012521256	0.20216654107008292	0.8688777734827985	0.06820550847457628	0.13353054298642533	0.5995137597791073	0.05647894736842105	0.41695171047893403	0.8944245303732618	0.944657691487092	0.42014139650872817	0.7734129217851033	0.35967540356839417	0.5693021836228287	0.44211863895407305	0.15361349693251533	0.40915629357798167	0.7302423236514523	0.7788895474137931	0.05647894736842105	0.04175486381322958	0.6594029166666666	0.9031456806282723	0.16430239234449762	0.6294758936170213	0.9647424344112264	0.6020725405158639	0.1678261269549218	0.08898009950248756	0.3439852429781543	0.5633977369876791	0.8264485159656774	0.9873460329555195	0.05647894736842105	0.634934404536862	0.19980139643134212	0.2697199281867146	0.21133260393873082	0.6460522369765067	0.04175486381322958	0.9086703222760005	0.8623475319926873	0.8524399840700917	0.06820550847457628	0.7987604848304579	0.6289323021122253	0.9822992307692308	0.9942653560342395	0.9187988428047663	0.04175486381322958	0.6782763188073395	0.5413481851657023	0.07832846715328468	0.4359125042705842	0.7310864295580111	0.8836746374116773	0.8482504217432053	0.11355555555555556
g__Faecousia	0.9737051701766644	0.9942653560342395	0.7070342773615932	0.672531403678606	0.8547845562913908	0.7865270393437642	0.38297614132592295	0.9692759831036911	0.8019693228858662	0.9737051701766644	0.646527444987775	0.9376783289817232	0.33730196167883214	0.839080642526545	0.45100290185849357	0.5258479245283019	0.7538028322081344	0.9267188952509263	0.9784085510920437	0.7215445398773006	0.8342391735537191	0.7711958058435439	0.5423163302752294	0.8166397217042031	0.460729439847231	0.9917707427707427	0.7073149106817352	0.7180694029850746	0.7763238882025943	0.7676463961813842	0.8628965095076843	0.5001450901803608	0.8062353241822429	0.8479489743933504	0.11967657992565053	0.8983275891341257	0.4502936023622048	0.837018	0.5450844328552803	0.4071607300884956	0.9352684732319895	0.6411158383171788	0.6102790181573637	0.8779539239226589	0.9843257372654156	0.822360059549128	0.6854281634197087	0.841373241154941	0.8568921125644076	0.9208828984846757	0.4938979838709678	0.9023445043103449	0.5801656565656566	0.7341097040605643	1.0	0.9428032508073196	0.45473871803172544	0.1271445497630332	0.8628965095076843	1.0	0.824003743995479	0.8638441030981514	0.2429398447606727	0.2884360943499726	0.667441393442623	0.7296485278836162	0.9262241973639743	0.4807462343096235	0.7039504415011036	0.7253811649808163	0.7917502256317689	0.8826788011512953	0.583418090692124	0.7479613953488372	0.9318649622054246	0.6221647173913043	0.9738099880739416	0.5223802885924312	0.9206042655109489	0.9375308429536049	0.6427582546201233	0.5001450901803608	0.9967589277345581	0.8944245303732618	0.7975851349336514	0.1724625	0.5761294088910601	0.8482504217432053	0.8277210134755755	0.8675242244053774	0.7494102368726189	0.7455372116349047	0.9255169171657814	0.7742388164026095	0.7192093716719915	0.2792914979757085	0.667441393442623	0.9206042655109489	0.6866785754770451	0.7584289486552568	0.8779539239226589	0.414280931744312	0.509692658509455	0.9359829777875522	0.460729439847231	0.7126930810810811	0.7296485278836162	0.9939485002829654	0.646527444987775	0.5621128812704815	0.27967478753541075	0.952932528987778	0.2477973059653624	0.9752672206923683	0.9368911619756873	0.20651813471502592	0.9401228589965398	0.29397626480086114	0.7854143945163746	0.4284197011813759	0.5621128812704815	0.951996046438657	0.8819981590482153	0.5398035328236225	0.7975851349336514	0.839080642526545	0.9963134202382069	0.3241978386167147	0.9177307683433317	0.6912002811094453	0.3745603006907761	0.3320554579093432	0.9323850898602175	0.616069522131689	0.4055967729970326	0.8970302769006558	0.7703657210401892	0.5743946424182845	0.38537667057444314	0.44795520557029184	0.9647424344112264	0.5284988745980707	0.7355986652977413	0.20216654107008292	0.3791217443729904	0.9228294378194207	0.871229702970297
g__Finegoldia	0.05647894736842105	0.6334788012618296	0.460729439847231	0.10609745762711865	0.9198876901956297	0.2754749124854142	0.8779539239226589	0.7302423236514523	0.1678261269549218	0.46534745283018863	0.1584301181102362	0.3745603006907761	0.9916938138479001	0.44795520557029184	0.5793963329312425	0.9431461819746182	0.33469678456591645	0.9437664808063478	0.4757377392889699	0.10609745762711865	0.9323850898602175	0.37353911439114396	0.5593557648256554	0.2205520907158044	0.7028468045807167	0.9332131133015837	0.9180155929468711	0.5169936420937243	0.9016206055508831	0.9106200352941177	0.8606760330578513	0.2669726941747573	0.5529342571208622	0.9658553267045455	0.1271445497630332	0.34629920318725105	0.07832846715328468	0.4757377392889699	0.3263735840076154	0.6594029166666666	0.9541027722772276	0.7390887417218543	0.08898009950248756	0.5946939641109299	0.437783906090507	0.07832846715328468	0.04175486381322958	0.4744955447055233	0.38745040808394865	0.2965595846645368	0.5761294088910601	0.38297614132592295	0.9356260400616333	0.3263735840076154	0.9428032508073196	1.0	0.3974895573212259	0.9732169279936084	0.2825529411764706	0.6900945205479452	0.34842746045694195	0.8779539239226589	0.4190053424166368	0.5844448464651273	0.6010148862853204	0.644782058101473	0.5789023728813559	0.9431844666451821	0.5633977369876791	0.38205282338806573	0.11967657992565053	0.4938979838709678	0.38297614132592295	0.9477819163578614	0.05647894736842105	0.2669726941747573	0.7566347797609301	0.6991801895558447	0.2429398447606727	0.8292816281014775	0.04175486381322958	0.04175486381322958	0.45346678594664924	0.3241978386167147	0.6973350167722698	0.8083395196506549	0.7660599043062201	0.3397177989130435	0.8592131651556958	0.944657691487092	0.10609745762711865	0.7126930810810811	0.7343135793991417	0.05647894736842105	0.6508293061718435	0.09755454545454546	0.45753926852743015	0.5364079428117554	0.8329158448753462	0.35129016608391606	0.9395292167695808	0.11967657992565053	0.5068003940332114	0.6797798362528561	0.4938979838709678	0.7073149106817352	0.44795520557029184	0.915371728538283	0.32182601744186046	0.2697199281867146	0.5761294088910601	0.1271445497630332	0.531543535057318	0.9380293695652174	0.920430143868463	0.40915629357798167	0.04175486381322958	0.5334089409260244	0.9177307683433317	0.6190690658499235	0.18142011834319527	0.9692759831036911	0.05647894736842105	0.839080642526545	0.24003552631578948	0.43050290758047766	0.5621128812704815	0.9541027722772276	0.06820550847457628	0.954846836628512	0.5667894763092269	0.8231854496606335	0.7162947293192782	0.9365921633190649	0.31316779233870967	0.9368445394736843	0.7720204321277596	0.9129058871627146	0.19100485436893203	0.7195814027630181	0.6508293061718435	0.4256956781447646	0.8524399840700917	0.9843257372654156	0.6760157539529502	0.7745821832842301	0.3959763518659558
g__Flavonifractor	0.14793531283138917	0.17760365853658538	0.25978212290502795	0.20216654107008292	0.6039386327503975	0.9136779951100243	0.7745821832842301	0.8779539239226589	0.04175486381322958	0.11355555555555556	0.27967478753541075	0.11967657992565053	0.1271445497630332	0.31508270189431703	0.3889003859513701	0.3581597686375321	0.18562685337726526	0.6772810483870968	0.04175486381322958	0.04175486381322958	0.33469678456591645	0.09755454545454546	0.8628965095076843	0.09755454545454546	0.06820550847457628	0.6923031443009545	0.6623995867768595	0.9526202383441355	0.1271445497630332	0.8329158448753462	0.371576929426331	0.04175486381322958	0.44795520557029184	0.10609745762711865	0.11355555555555556	0.7205476658476658	0.04175486381322958	0.18562685337726526	0.07832846715328468	0.07832846715328468	0.3959763518659558	0.13353054298642533	0.04175486381322958	0.6805273090079818	0.3104188612099644	0.20216654107008292	0.08898009950248756	0.13353054298642533	0.7830153575794621	0.9633300152827305	0.08898009950248756	0.6262054768041236	0.7143747044070224	0.06820550847457628	0.45473871803172544	0.3974895573212259	1.0	0.4411834401349073	0.23155225893459203	0.7436363117232113	0.22707235494880548	0.6279826170622194	0.36882251243781095	0.11355555555555556	0.5638276483846731	0.6131660088691796	0.38745040808394865	0.21133260393873082	0.3439852429781543	0.1678261269549218	0.04175486381322958	0.09755454545454546	0.9843257372654156	0.9770830249632894	0.11355555555555556	0.05647894736842105	0.3241978386167147	0.570549207920792	0.5581872894333844	0.11967657992565053	0.06820550847457628	0.05647894736842105	0.20216654107008292	0.8738590403071017	0.617532026286966	0.05647894736842105	0.8801497925311204	0.11355555555555556	0.9215432340231976	0.20216654107008292	0.5749125367286974	0.928398833295939	0.9677730081793395	0.04175486381322958	0.8779539239226589	0.2825529411764706	0.19980139643134212	0.7615772948426857	0.9819350799460604	0.06820550847457628	0.4411834401349073	0.04175486381322958	0.17760365853658538	0.2522534942820838	0.04175486381322958	0.881647981444333	0.05647894736842105	0.7171821352313167	0.05647894736842105	0.04175486381322958	0.8771852877652141	0.6751181572339192	0.20216654107008292	0.13353054298642533	0.9835977541030809	0.4502936023622048	0.04175486381322958	0.3555423955191727	0.7660599043062201	0.04175486381322958	0.9459414100658314	0.8020592783505154	0.04175486381322958	0.2669726941747573	0.40416494960806276	0.1678261269549218	0.8125077379230546	0.591742320338187	0.04175486381322958	0.6081947083990092	0.22340735600277584	0.05647894736842105	0.6245223521767381	0.9647424344112264	0.04175486381322958	0.9175513167013167	0.95108768503937	0.9136779951100243	0.04175486381322958	0.7199278481012658	0.9187988428047663	0.11967657992565053	0.6772810483870968	0.11967657992565053	0.38745040808394865	0.5348412420382166	0.04175486381322958
g__Fusicatenibacter	0.9710537767077941	0.8628474302113226	0.938424145785877	0.32866536101934873	0.6771709416522241	0.4558514975845411	0.9375308429536049	0.9310316445830086	0.7083671217913708	0.9401228589965398	0.06820550847457628	0.9868998282770464	0.7658110112359551	0.7115182854042321	0.42416068527022255	0.9881666666666666	0.06820550847457628	0.5068003940332114	0.8836746374116773	0.8648366328916601	0.9671590826245444	0.20651813471502592	0.25582057716436635	0.9368445394736843	0.2477973059653624	0.9957013523666416	0.9174775413438186	0.6772810483870968	0.9352684732319895	0.8995122048674173	0.9738099880739416	0.9738099880739416	0.30762199999999995	0.8323642728156689	0.504165429300085	0.3263735840076154	0.881647981444333	0.9187988428047663	0.33469678456591645	0.47653685006045954	0.9132792564969117	0.1678261269549218	0.16430239234449762	0.9174775413438186	0.6221647173913043	0.7106056149248325	0.7285813662436988	0.6531071543086173	1.0	0.7677172463077657	0.18562685337726526	0.7508146688741721	0.9360307742998353	0.5510289899768697	0.1271445497630332	0.9732169279936084	0.4411834401349073	1.0	0.41695171047893403	0.9781279769463711	0.845709127625202	0.6121439333333333	0.24003552631578948	0.4273639510489511	0.8518525755357381	0.5793963329312425	0.8426833175483697	0.94651173290938	0.638824273255814	0.9120468551983103	0.9748822758620691	0.9256835082966475	0.9704640806904857	0.9246589540412045	0.9246589540412045	0.8034451873622336	0.7235309669522644	0.38205282338806573	0.7658110112359551	0.9667577363461344	0.31508270189431703	0.9960543406851243	0.7538028322081344	0.34629920318725105	0.938424145785877	0.5621128812704815	0.9120468551983103	0.6568388104237118	0.9310316445830086	0.6289323021122253	0.7635851756364808	0.762962497982895	0.94651173290938	0.3171124321657622	0.504165429300085	0.6955389231632081	0.1724625	0.5128088495575222	0.9190806111937736	0.9368445394736843	0.6334788012618296	0.7660599043062201	0.7073149106817352	0.5398035328236225	0.8779539239226589	0.9793512112073159	0.9441811885421121	0.353508203125	0.7199278481012658	0.6711034302325581	0.8282628523348758	0.6102790181573637	0.9882473864284356	0.9351164755183061	0.8675242244053774	0.48570565038257796	0.7171821352313167	0.45100290185849357	0.8166397217042031	0.9451679464000852	0.979814116619773	0.9187988428047663	0.37353911439114396	0.47940171017101707	0.04175486381322958	0.8020592783505154	0.920430143868463	0.8675242244053774	0.976798852491173	0.9389770406504065	0.9404696629213484	0.8099601943155452	0.8909176636430498	0.871229702970297	0.9450317470456724	0.8648366328916601	0.23155225893459203	0.5509614669421488	0.6252215813350616	0.769651826664558	0.4722697566984909	0.6119350356824264	0.8642285008451436	0.4558514975845411	0.392133962264151	0.9857927807486632	0.6051388939256572
g__Fusobacterium_A	0.07832846715328468	0.8231854496606335	0.48885666666666666	0.2205520907158044	0.808990639965172	0.06820550847457628	0.7987604848304579	0.8591578365574419	0.6477899694811801	0.5258479245283019	0.07832846715328468	0.6691438853130486	0.49821400286944045	0.839080642526545	0.371576929426331	0.6776500095767094	0.463722821969697	0.9450317470456724	0.960008544108575	0.04175486381322958	0.8937696899414063	0.5633977369876791	0.47653685006045954	0.23155225893459203	0.08898009950248756	0.8393987765089723	0.902847942264106	0.5825253231211106	0.9332131133015837	0.8753193733282385	0.644782058101473	0.22340735600277584	0.8628474302113226	0.6632061468970935	0.36882251243781095	0.22340735600277584	0.18142011834319527	0.5398035328236225	0.7014739710789767	0.3309185306504445	0.83535437053326	0.1678261269549218	0.10609745762711865	0.47940171017101707	0.3104188612099644	0.11967657992565053	0.1678261269549218	0.08898009950248756	0.8779539239226589	0.3320554579093432	0.5284988745980707	0.4810448275862069	0.19980139643134212	0.04175486381322958	0.8628965095076843	0.2825529411764706	0.23155225893459203	0.41695171047893403	1.0	0.3677275732217573	0.04175486381322958	0.6020725405158639	0.8366941563786008	0.13353054298642533	0.7143747044070224	0.7268723374586021	0.9120468551983103	0.937086451048951	0.8779539239226589	0.42416068527022255	0.2633374233128834	0.4256956781447646	0.17760365853658538	0.8738903027980068	0.04175486381322958	0.5112550748752079	0.9503142313787638	0.514070507166483	0.18562685337726526	0.3649171500630517	0.06820550847457628	0.3263735840076154	0.5801656565656566	0.2792914979757085	0.7471266422140714	0.9122103581460673	0.376321186440678	0.11355555555555556	0.35129016608391606	0.1271445497630332	0.11967657992565053	0.638824273255814	0.5749125367286974	0.1584301181102362	0.5450844328552803	0.19980139643134212	0.33469678456591645	0.6081947083990092	0.9411614754098361	0.5509614669421488	0.9073520981507823	0.30762199999999995	0.509692658509455	0.7702526058117498	0.4498724479682855	0.2205520907158044	0.9894262948207172	0.8628965095076843	0.5207346615720525	0.10609745762711865	0.20651813471502592	0.9356260400616333	0.4322721915920056	0.7296485278836162	0.981572099074788	0.30282769633507856	0.41695171047893403	0.2792914979757085	0.9957013523666416	0.5667894763092269	0.2633374233128834	0.8738903027980068	0.05647894736842105	0.7846164226898444	0.10609745762711865	0.1724625	0.22707235494880548	0.9732169279936084	0.07832846715328468	0.9249313807531381	0.9356260400616333	0.6772810483870968	0.11355555555555556	0.7890202180826896	0.5930223570595099	0.6081947083990092	0.4190053424166368	0.2884360943499726	0.05647894736842105	0.4359125042705842	0.6370132819015847	0.2754749124854142	0.8839091618175065	0.8350271676300579	0.7627077768795474	0.8688777734827985	0.3935383938814531
g__Gallintestinimicrobium	0.11355555555555556	0.19980139643134212	0.9739085683081812	0.6844341163099071	0.9721339779559118	0.7355986652977413	0.9380293695652174	0.5128088495575222	0.42416068527022255	0.4284197011813759	0.4757377392889699	0.9526202383441355	0.2205520907158044	0.938424145785877	0.5161746835443038	0.8836746374116773	0.5334089409260244	0.6585804572564612	0.9625854060134997	0.3320554579093432	0.547823813229572	0.616069522131689	0.2205520907158044	0.17760365853658538	0.7464576056102856	0.19650716560509554	0.8983275891341257	0.9016206055508831	0.963007564311964	0.9289773766816143	0.6095130815913687	0.414280931744312	0.95108768503937	0.902847942264106	0.5930223570595099	0.3309185306504445	0.486857796014068	0.5413481851657023	0.8020592783505154	0.9972526178010471	0.9927669215519683	0.5793963329312425	0.7464576056102856	0.9031456806282723	0.9543260204081633	0.7854143945163746	0.5930223570595099	0.7775006944444444	0.9894262948207172	0.8524399840700917	0.9779394896362925	0.3241978386167147	0.46927309124767225	0.11355555555555556	1.0	0.6900945205479452	0.7436363117232113	0.9781279769463711	0.3677275732217573	1.0	0.13353054298642533	0.7143747044070224	0.7436363117232113	0.8869175475426031	0.678770537757437	0.9677643651435504	0.9869819862752574	0.8796853744493391	0.6531071543086173	0.7014739710789767	0.6652001761597182	0.5856052719069105	0.4359125042705842	0.9340383900928794	0.2633374233128834	0.7910880271084337	0.8738903027980068	0.578123828030119	0.3935383938814531	0.2205520907158044	0.8628965095076843	0.957029321911446	0.5773403508771929	0.2477973059653624	0.5382515327695561	0.371576929426331	0.4502936023622048	0.20651813471502592	0.7366785641025642	0.38537667057444314	0.342406795679568	0.7676463961813842	0.3974895573212259	0.2884360943499726	0.5053446640316206	0.3959763518659558	0.09755454545454546	0.9942653560342395	0.9631198347950235	0.9067249466192171	0.5073929411764706	0.9451679464000852	0.38388347107438014	0.504165429300085	0.13353054298642533	0.39913347122978565	0.8607288015717093	0.9728223211605803	0.8805026752072344	0.353508203125	0.36882251243781095	0.5946939641109299	0.897788360237893	0.49265186470078054	0.29397626480086114	0.7854143945163746	0.8078358111062527	0.9995588811188811	0.1724625	0.7253811649808163	0.6309546262968452	0.5423163302752294	0.15361349693251533	0.2965595846645368	0.7100766969147005	0.7294323207776428	0.9752672206923683	0.9902410232117479	0.3935383938814531	0.6137761883705505	0.9345016241299304	0.8245878492802708	0.14793531283138917	0.9619645666871542	0.8166397217042031	0.9360307742998353	0.6632061468970935	0.7910880271084337	0.73775625	0.21133260393873082	0.8288378484381566	0.6015454087474238	0.8329158448753462	0.9337810957387935	0.8623475319926873	0.6427582546201233	0.09755454545454546
g__Gemella	0.04175486381322958	0.4411834401349073	0.45346678594664924	0.32182601744186046	0.8623475319926873	0.19980139643134212	0.9082612903225807	0.486857796014068	0.6294758936170213	0.8231854496606335	0.5423163302752294	0.4341746396705559	0.40915629357798167	0.7472960572284147	0.6797798362528561	0.5112550748752079	0.48998858474082707	0.5284988745980707	0.972235045045045	0.11967657992565053	0.9541027722772276	0.9942653560342395	0.35129016608391606	0.22340735600277584	0.839080642526545	0.7623285714285715	0.8385795131291028	0.3974895573212259	0.2429398447606727	0.6446969827586208	0.7487489382879894	0.04175486381322958	0.9435263711495117	0.5621128812704815	0.5924537110746898	0.2522534942820838	0.05647894736842105	0.5570122344509854	0.5789023728813559	0.7343135793991417	0.571790074074074	0.36882251243781095	0.5223802885924312	0.23155225893459203	0.20651813471502592	0.1678261269549218	0.34842746045694195	0.07832846715328468	0.9738099880739416	0.3555423955191727	0.07832846715328468	0.08898009950248756	0.7865270393437642	0.05647894736842105	0.824003743995479	0.34842746045694195	0.22707235494880548	0.845709127625202	0.04175486381322958	0.13353054298642533	1.0	0.38745040808394865	0.6402548112816259	0.07832846715328468	0.462966	0.19100485436893203	0.4912537859007833	0.9732169279936084	0.06820550847457628	0.9010100591715977	0.13951462621885158	0.06820550847457628	0.10609745762711865	0.9970171396459679	0.04175486381322958	0.06820550847457628	0.2754749124854142	0.25582057716436635	0.13951462621885158	0.05647894736842105	0.4322721915920056	0.45100290185849357	0.9979529411764706	0.3889003859513701	0.3320554579093432	0.6020725405158639	0.05647894736842105	0.04175486381322958	0.20216654107008292	0.3439852429781543	0.05647894736842105	0.6508293061718435	0.342406795679568	0.38745040808394865	0.6460522369765067	0.05647894736842105	0.73775625	0.7946809893887311	0.6561398923444975	0.1584301181102362	0.6081947083990092	0.47761507673788745	0.5633977369876791	0.960008544108575	0.04175486381322958	0.08898009950248756	0.837018	0.8608939837823697	0.3889003859513701	0.04175486381322958	0.5258479245283019	0.6854281634197087	0.4055967729970326	0.32182601744186046	0.818089239782795	0.7879917399211882	0.2429398447606727	0.05647894736842105	0.9728223211605803	0.05647894736842105	0.437783906090507	0.3974895573212259	0.1584301181102362	0.9732143671265747	0.8087243459302326	0.11355555555555556	0.6568388104237118	0.6262054768041236	0.04175486381322958	0.8801497925311204	0.8385795131291028	0.9658553267045455	0.04175486381322958	0.8819981590482153	0.5053446640316206	0.17760365853658538	0.7755051012521256	0.5450844328552803	0.13353054298642533	0.17760365853658538	0.7755051012521256	0.4668136235515189	0.9679769067796611	0.3791217443729904	0.41339137868315745	0.5053446640316206	0.20216654107008292
g__Gemmiger	0.972235045045045	0.342406795679568	0.5300959101844427	0.8087243459302326	0.7319282068965517	0.463722821969697	0.7660599043062201	0.24003552631578948	0.9612430594028932	0.5789023728813559	0.937086451048951	0.9323850898602175	0.45473871803172544	0.2852093023255814	0.9970883316178534	0.9346545855865799	0.27967478753541075	0.9685786764705883	0.8796853744493391	0.9023445043103449	0.9963134202382069	0.6010148862853204	0.1271445497630332	0.2825529411764706	0.9895055913570887	0.5897490084985836	0.596775	0.7285813662436988	0.5910265724381626	0.9352684732319895	0.981572099074788	0.5189389496717725	0.8407163364993216	0.09755454545454546	0.4498724479682855	0.5268941176470588	0.44795520557029184	0.7742388164026095	0.7660599043062201	0.06820550847457628	0.9781279769463711	0.815159645072861	0.6489875885806844	0.7199278481012658	0.7755051012521256	0.5743946424182845	0.9752672206923683	0.8264485159656774	0.7341097040605643	0.7039504415011036	0.5897490084985836	0.8323642728156689	0.34629920318725105	0.10609745762711865	0.8638441030981514	0.8779539239226589	0.6279826170622194	0.6121439333333333	0.6020725405158639	0.7143747044070224	0.38745040808394865	1.0	0.6797798362528561	0.6020725405158639	0.8366941563786008	0.38388347107438014	0.7660599043062201	0.7660599043062201	0.8608939837823697	0.9878036173250833	0.18562685337726526	0.3171124321657622	0.6361021103217719	0.8836746374116773	0.34842746045694195	0.7166754501693706	0.46534745283018863	0.7528722075346992	0.839080642526545	0.5068003940332114	0.7278547353760445	0.9742002083333334	0.3263735840076154	0.8288378484381566	0.9395292167695808	0.954846836628512	0.9262241973639743	0.4757377392889699	0.5284988745980707	0.8020592783505154	0.7561157290470722	0.9690738977249849	0.9073520981507823	0.9208828984846757	0.9016206055508831	0.5364079428117554	0.8105759704519119	0.9748822758620691	0.32866536101934873	0.7676463961813842	0.9445205254164888	0.7132130192411437	0.9949004231311707	0.4018091829085457	0.9122103581460673	0.40416494960806276	0.8264485159656774	0.8462423883808499	0.95108768503937	0.19980139643134212	0.607694081770951	0.5809301846080077	0.6632061468970935	0.42416068527022255	0.7792219917012448	0.7039504415011036	0.43050290758047766	0.4757377392889699	0.642401503294893	0.6279826170622194	0.944657691487092	0.772128984375	0.9738099880739416	0.9190806111937736	0.822360059549128	0.6213176509043364	0.04175486381322958	0.7453631429050094	0.13951462621885158	0.95108768503937	0.8484376203208557	0.7982329858525689	0.3104188612099644	0.8779539239226589	0.9939485002829654	0.7436363117232113	0.9942653560342395	0.9267188952509263	0.6854281634197087	0.8547845562913908	0.5793963329312425	0.5693021836228287	0.6066086897488119	0.7472960572284147	0.9748822758620691	0.19100485436893203	0.34629920318725105
g__Gordonibacter	0.44211863895407305	0.6350541553276116	0.4256956781447646	0.6632061468970935	0.8819981590482153	0.3581597686375321	0.9337810957387935	0.8878231971449668	0.803840865737344	0.9132792564969117	0.18142011834319527	0.5621128812704815	0.9737051701766644	0.976798852491173	0.9172973601945119	0.9380293695652174	0.8190493871151653	0.9551683406113537	0.8845806383768402	0.8628965095076843	0.9796283841522626	0.6119350356824264	0.8836746374116773	0.9332131133015837	0.6370132819015847	0.4810448275862069	0.9796283841522626	0.9543260204081633	0.7444383763837639	0.9445205254164888	0.6411158383171788	0.6252215813350616	0.7788895474137931	0.8760167239404353	0.19650716560509554	0.7106056149248325	0.25978212290502795	0.839080642526545	0.43050290758047766	0.7584289486552568	0.7975851349336514	0.7115182854042321	0.4108328102189781	0.13951462621885158	0.7707208149779736	0.4284197011813759	0.45473871803172544	0.7535247648902821	0.7635851756364808	0.4757377392889699	0.11967657992565053	0.9748822758620691	0.8748439882697947	0.8292816281014775	0.2429398447606727	0.4190053424166368	0.36882251243781095	0.24003552631578948	0.8366941563786008	0.7436363117232113	0.6402548112816259	0.6797798362528561	1.0	0.04175486381322958	0.9228294378194207	0.8681662669245647	0.6279826170622194	0.4071607300884956	0.6371252493765587	0.9016206055508831	0.6015454087474238	0.7430267453625633	0.9842406555491662	0.9892529193961833	0.8653313521930962	0.2697199281867146	0.957029321911446	0.9738099880739416	0.5423163302752294	0.7584289486552568	0.2825529411764706	0.30282769633507856	0.9307695274186357	0.8231854496606335	0.6835667362428842	0.8753193733282385	0.9617519840049216	0.42416068527022255	0.8909176636430498	0.8909176636430498	0.6912002811094453	0.8330176161504426	0.9141545422862453	0.2852093023255814	0.849077654601309	0.42014139650872817	0.4807462343096235	0.6598301405105877	0.9748822758620691	0.9132792564969117	0.8983275891341257	0.2852093023255814	0.9755550412735849	0.9435263711495117	0.4593609015345268	0.8873762379896526	0.7095456628477905	0.9477819163578614	0.3889003859513701	0.9428032508073196	0.9008019949220167	0.5510289899768697	0.83535437053326	0.46927309124767225	0.5013513405590416	0.2792914979757085	0.5013513405590416	0.6370132819015847	0.8450608273817545	0.8020592783505154	0.7487489382879894	0.8311147550111359	0.7196974558303887	0.5300959101844427	0.5789023728813559	0.18562685337726526	0.5773403508771929	0.9201504400502915	0.7528722075346992	0.8592131651556958	0.7734129217851033	0.38205282338806573	0.9970883316178534	0.5844448464651273	0.38297614132592295	0.9024290507462688	0.9030507923269392	0.8592131651556958	0.20651813471502592	0.9082612903225807	0.9260585541896921	0.30762199999999995	0.8836746374116773	0.9748822758620691	0.7660599043062201	0.8591578365574419	0.7553467892921661
g__Granulicatella	0.06820550847457628	0.8087243459302326	0.8760167239404353	0.04175486381322958	0.938424145785877	0.7677172463077657	0.9375308429536049	0.6147894771674387	0.9989308833131237	0.7479613953488372	0.06820550847457628	0.9180155929468711	0.8209466543543117	0.8988659033078881	0.9450317470456724	0.486857796014068	0.35129016608391606	0.6900945205479452	0.6137761883705505	0.2522534942820838	0.7028468045807167	0.7003934657508818	0.9079588715400995	0.95108768503937	0.4403862525458248	0.73775625	0.617532026286966	0.6872776583710407	0.8407163364993216	0.6350541553276116	0.7703657210401892	0.08898009950248756	0.9092930635838151	0.4284197011813759	0.3309185306504445	0.7436363117232113	0.19100485436893203	0.11967657992565053	0.3104188612099644	0.32182601744186046	0.9174775413438186	0.8582535478765498	0.22707235494880548	0.392133962264151	0.07832846715328468	0.570549207920792	0.8534113573039671	0.7676463961813842	0.8228315632965165	0.19650716560509554	0.38297614132592295	0.376321186440678	0.7166754501693706	0.04175486381322958	0.2884360943499726	0.5844448464651273	0.11355555555555556	0.4273639510489511	0.13353054298642533	0.8869175475426031	0.07832846715328468	0.6020725405158639	0.04175486381322958	1.0	0.8185699300699301	0.38537667057444314	0.8873762379896526	0.5844448464651273	0.342406795679568	0.9310316445830086	0.05647894736842105	0.5930223570595099	0.777836311816361	0.8766015259409968	0.18142011834319527	0.04175486381322958	0.7472960572284147	0.7472960572284147	0.6095130815913687	0.38388347107438014	0.29397626480086114	0.3555423955191727	0.9541027722772276	0.8738903027980068	0.5910265724381626	0.5984215405904059	0.4071607300884956	0.3309185306504445	0.2825529411764706	0.45753926852743015	0.1678261269549218	0.7508146688741721	0.8299676089681103	0.20651813471502592	0.44632097902097906	0.3320554579093432	0.504165429300085	0.9710537767077941	0.8245878492802708	0.7982329858525689	0.38537667057444314	0.22707235494880548	0.94651173290938	0.9215432340231976	0.11355555555555556	0.20216654107008292	0.7627077768795474	0.9307695274186357	0.2429398447606727	0.13353054298642533	0.95108768503937	0.8166397217042031	0.2852093023255814	0.6900945205479452	0.5856052719069105	0.4722697566984909	0.9323850898602175	0.05647894736842105	0.9515427224143351	0.32182601744186046	0.4055967729970326	0.7436363117232113	0.47940171017101707	0.7195814027630181	0.8582535478765498	0.06820550847457628	0.35967540356839417	0.915371728538283	0.04175486381322958	0.6271632447492499	0.7660599043062201	0.2669726941747573	0.16430239234449762	0.9555885818181817	0.2429398447606727	0.05647894736842105	0.9424597285067874	0.9819350799460604	0.1271445497630332	0.9747812692117005	0.6776500095767094	0.607694081770951	0.7196974558303887	0.48570565038257796	0.7830153575794621	0.9617519840049216	0.47280799142682184
g__Guopingia	0.8592131651556958	0.10609745762711865	0.7917502256317689	0.8311147550111359	0.38388347107438014	0.2669726941747573	0.27967478753541075	0.3320554579093432	0.5621128812704815	0.938424145785877	0.979814116619773	0.9517695979899496	0.342406795679568	0.45100290185849357	0.7195814027630181	0.8733799666965544	0.6262054768041236	0.8809652823086574	0.7412227758007117	0.7755051012521256	0.8679016655907037	0.7941453906016163	0.19650716560509554	0.9441811885421121	0.6081947083990092	0.47280799142682184	0.5496094769549457	0.38388347107438014	0.7471266422140714	0.8679016655907037	0.9738099880739416	0.9221343409090909	0.44632097902097906	0.7199278481012658	0.7171821352313167	0.9752672206923683	0.5610873475609757	0.7660599043062201	0.9376783289817232	0.9141545422862453	0.9785961130053581	0.3555423955191727	0.5364079428117554	0.9768932098765433	0.5013513405590416	0.9762258447937132	0.8390143969403087	0.6760157539529502	0.8884877397934088	0.5995137597791073	0.6665178299120235	0.623548665074886	0.9122103581460673	0.705303629032258	0.667441393442623	0.6010148862853204	0.5638276483846731	0.8518525755357381	0.7143747044070224	0.678770537757437	0.462966	0.8366941563786008	0.9228294378194207	0.8185699300699301	1.0	0.6891153354632588	0.8904754969325153	0.9375308429536049	0.981572099074788	0.13951462621885158	0.6121439333333333	0.7366785641025642	0.5073929411764706	0.9935923548843794	0.952932528987778	0.9267188952509263	0.6526569620253165	0.5801656565656566	0.8829167979002625	0.9857927807486632	0.9174775413438186	0.6334788012618296	0.9869819862752574	0.5112550748752079	0.9023445043103449	0.3555423955191727	0.5749125367286974	0.8062353241822429	0.16430239234449762	0.5825253231211106	0.19100485436893203	0.8779539239226589	0.623548665074886	0.9267188952509263	0.8628474302113226	0.5237333876221498	0.6427582546201233	0.9768932098765433	0.5667894763092269	0.9431844666451821	0.9260585541896921	0.7872005006827493	0.4502936023622048	0.38745040808394865	0.9972526178010471	0.2697199281867146	0.4411834401349073	0.8192943645937099	0.8019693228858662	0.34629920318725105	0.6691438853130486	0.36882251243781095	0.8438744801512288	0.9949004231311707	0.7910880271084337	0.9210561283714578	0.7745821832842301	0.9738099880739416	0.6262054768041236	0.8733799666965544	0.4071607300884956	0.9916167392539292	0.9267188952509263	0.7100766969147005	0.5496094769549457	0.46927309124767225	0.8277210134755755	0.9698737925494527	0.5789023728813559	0.9739085683081812	0.463722821969697	0.1271445497630332	0.5348412420382166	0.6518104892289108	0.8853605712166172	0.9887973781704189	0.7296485278836162	0.531543535057318	0.9970883316178534	0.9942653560342395	0.5169936420937243	0.9515427224143351	0.9201504400502915	0.08898009950248756	0.6294758936170213	0.6501072771376593	0.9963134202382069
g__Haemophilus_D	0.9970171396459679	0.9141545422862453	0.5161746835443038	0.6501072771376593	0.47280799142682184	0.06820550847457628	0.9692759831036911	0.25582057716436635	0.957029321911446	0.543704	0.7711958058435439	0.9625854060134997	0.7830153575794621	0.803840865737344	0.845709127625202	0.9020428880086425	0.688651666980599	0.9346545855865799	0.5189389496717725	0.9106200352941177	0.342406795679568	0.47653685006045954	0.6776500095767094	0.3745603006907761	0.46927309124767225	0.7890202180826896	0.6020725405158639	0.19980139643134212	0.4055967729970326	0.8779539239226589	0.5887445680473372	0.571790074074074	0.8498298945682639	0.7412227758007117	0.8836746374116773	0.9397754545454546	0.7660599043062201	0.7670373804971319	0.9267188952509263	0.32019495345418914	0.951996046438657	0.2884360943499726	0.7788895474137931	0.2725534554046072	0.7970547178262168	0.9411614754098361	0.8836746374116773	0.9267188952509263	0.7422184397163122	0.06820550847457628	0.4322721915920056	0.7132130192411437	0.9967589277345581	0.8450608273817545	0.7296485278836162	0.644782058101473	0.6131660088691796	0.5793963329312425	0.7268723374586021	0.9677643651435504	0.19100485436893203	0.38388347107438014	0.8681662669245647	0.38537667057444314	0.6891153354632588	1.0	0.9923159535279116	0.9960543406851243	0.5510289899768697	0.8350271676300579	0.48570565038257796	0.4273639510489511	0.7862106664637858	0.6271632447492499	0.7031405196241017	0.6771709416522241	0.938424145785877	0.5581872894333844	0.9215432340231976	0.9512156476140534	0.5728837232208815	0.8292816281014775	0.7975851349336514	0.4190053424166368	0.7660599043062201	0.7014739710789767	0.21133260393873082	0.843450506962282	0.19100485436893203	0.591742320338187	0.2522534942820838	0.8070951998832798	0.9663558203204219	0.8988659033078881	0.45346678594664924	0.6526569620253165	0.7872005006827493	0.9307695274186357	0.5793963329312425	0.8292816281014775	0.9351164755183061	0.4558514975845411	0.8015678856973645	0.4668136235515189	0.9512156476140534	0.04175486381322958	0.371576929426331	0.9515427224143351	0.6332195569620253	0.503407002561913	0.9023445043103449	0.21133260393873082	0.8228315632965165	0.9437664808063478	0.8663177156177155	0.981572099074788	0.8003345430306621	0.9738099880739416	0.7095456628477905	0.8779539239226589	0.9629934695963208	0.9187988428047663	0.762962497982895	0.4273639510489511	0.9132792564969117	0.45346678594664924	0.04175486381322958	0.414280931744312	0.8608939837823697	0.16430239234449762	0.9768932098765433	0.6350541553276116	0.04175486381322958	0.8919085158448551	0.6751181572339192	0.04175486381322958	0.7343135793991417	0.4593609015345268	0.9106200352941177	0.38388347107438014	0.9370401706596653	0.5593557648256554	0.39913347122978565	0.04175486381322958	0.24003552631578948	0.891031619537275	0.9784085510920437
g__Holdemanella	0.9692759831036911	0.20216654107008292	0.8957291778156167	0.8836746374116773	0.7605770454545455	0.7455372116349047	0.8515576969212315	0.13951462621885158	0.33469678456591645	0.30282769633507856	0.790474841341795	0.6652001761597182	0.6262054768041236	0.6477899694811801	0.2697199281867146	0.6402548112816259	0.8099601943155452	0.20651813471502592	0.09755454545454546	0.9141545422862453	0.4704136237256719	0.6891153354632588	0.8292816281014775	0.8135891153512574	0.9526202383441355	0.7717903529411765	0.5570122344509854	0.920430143868463	0.04175486381322958	0.6561398923444975	0.05647894736842105	0.18142011834319527	0.8592131651556958	0.20216654107008292	0.6309546262968452	0.4448213114754098	0.1584301181102362	0.11967657992565053	0.6361021103217719	0.3555423955191727	0.7660599043062201	0.9583736842105263	0.5068003940332114	0.9187988428047663	0.9742002083333334	0.9625854060134997	0.8534113573039671	0.7294323207776428	0.9013263329312424	0.6294758936170213	0.20651813471502592	0.6121439333333333	0.9704640806904857	0.5621128812704815	0.9262241973639743	0.5789023728813559	0.38745040808394865	0.8426833175483697	0.9120468551983103	0.9869819862752574	0.4912537859007833	0.7660599043062201	0.6279826170622194	0.8873762379896526	0.8904754969325153	0.9923159535279116	1.0	0.769651826664558	0.13353054298642533	0.4411834401349073	0.46927309124767225	0.31508270189431703	0.9796283841522626	0.9352684732319895	0.8003345430306621	0.49821400286944045	0.3309185306504445	0.5761294088910601	0.7734129217851033	0.7720204321277596	0.8836746374116773	0.9459414100658314	0.32019495345418914	0.9360307742998353	0.8642285008451436	0.941607953443259	0.8534113573039671	0.6479956795131846	0.7910880271084337	0.9963134202382069	0.514070507166483	0.9132792564969117	0.8484376203208557	0.543704	0.858762766798419	0.7310864295580111	0.7028468045807167	0.8002860641139803	0.9738099880739416	0.5364079428117554	0.7031405196241017	0.7932517225883763	0.6318888020283119	0.5053446640316206	0.05647894736842105	0.8056896425432171	0.8173583404987103	0.4757377392889699	0.891031619537275	0.3320554579093432	0.7106056149248325	0.9543260204081633	0.5496094769549457	0.9318649622054246	0.9024290507462688	0.7464576056102856	0.7253811649808163	0.8909176636430498	0.9132792564969117	0.04175486381322958	0.762962497982895	0.920430143868463	0.94469389451252	0.944657691487092	0.7247736897274633	0.47653685006045954	0.8839091618175065	0.7180694029850746	0.19100485436893203	0.3649171500630517	0.20216654107008292	0.8271435497470488	0.928398833295939	0.9375308429536049	0.8444113029403831	0.8592131651556958	0.8251706371581617	0.596775	0.8251706371581617	0.8787547865622631	0.9180155929468711	0.9020428880086425	0.7046282776349614	0.954846836628512	0.460729439847231	0.8944245303732618	0.42416068527022255
g__Holdemania	0.9313968405829347	0.9738099880739416	0.9397754545454546	0.9411614754098361	0.9633300152827305	0.9995588811188811	0.9262241973639743	0.9894262948207172	0.19650716560509554	0.2429398447606727	0.815159645072861	0.8845806383768402	0.8744792443196323	0.9698737925494527	0.5910265724381626	0.5284988745980707	0.815159645072861	0.7605770454545455	0.5237333876221498	0.8421429500203169	0.9351164755183061	0.7227920490367776	0.6544707165732586	0.9013263329312424	0.972235045045045	0.514070507166483	0.769171154760019	0.6027334547109695	0.9690738977249849	0.959398426087851	0.3625399154334038	0.21133260393873082	0.7285813662436988	0.8679016655907037	0.31316779233870967	0.9445205254164888	0.5001450901803608	0.7650709739633559	0.583418090692124	0.8366941563786008	0.976798852491173	0.20216654107008292	0.8228315632965165	0.9180155929468711	0.8727549306625577	0.9625854060134997	0.8544950132625996	0.7417842327863307	0.9721339779559118	0.8547845562913908	0.8166397217042031	0.6015454087474238	0.762962497982895	0.9182998273083122	0.4807462343096235	0.9431844666451821	0.21133260393873082	0.94651173290938	0.937086451048951	0.8796853744493391	0.9732169279936084	0.7660599043062201	0.4071607300884956	0.5844448464651273	0.9375308429536049	0.9960543406851243	0.769651826664558	1.0	0.5223802885924312	0.38388347107438014	0.7742388164026095	0.47940171017101707	0.7816468290441176	0.6489875885806844	0.6427582546201233	0.3959763518659558	0.8547845562913908	0.839080642526545	0.9738099880739416	0.8518525755357381	0.9970883316178534	0.4411834401349073	0.9955350126891624	0.8836746374116773	0.8853605712166172	0.38297614132592295	0.44211863895407305	0.9752672206923683	0.839080642526545	0.6111774821109123	0.9873460329555195	0.6568388104237118	0.912825298245614	0.504165429300085	0.8426833175483697	0.9368911619756873	0.9541027722772276	0.9132792564969117	0.8628965095076843	0.9307145631067961	0.6891153354632588	0.6245223521767381	0.7959279205258439	0.8794436395759717	0.38388347107438014	0.5073929411764706	0.9869819862752574	0.8554127828503375	0.7946809893887311	0.7910880271084337	0.7717903529411765	0.9435263711495117	0.9120468551983103	0.35967540356839417	0.8748439882697947	0.8617339432753888	0.9512156476140534	0.6665178299120235	0.4498724479682855	0.4807462343096235	0.9894262948207172	0.7970547178262168	0.638824273255814	0.9667577363461344	0.8258683988170681	0.5773403508771929	0.7402824228028504	0.3581597686375321	0.7126930810810811	0.3104188612099644	0.6561398923444975	0.5073929411764706	0.7028468045807167	0.9655502741673436	0.583418090692124	0.981572099074788	0.7975851349336514	0.4256956781447646	0.29207947740881873	0.7199278481012658	0.7039504415011036	0.7031405196241017	0.9031456806282723	0.48885666666666666	0.5801656565656566	0.9431461819746182	0.5510289899768697
g__Hominenteromicrobium	0.05647894736842105	0.04175486381322958	0.7566347797609301	0.7703657210401892	0.9585903580983741	0.5973242718446602	0.7932517225883763	0.8878231971449668	0.07832846715328468	0.2205520907158044	0.8323642728156689	0.7022916157690172	0.9059893531157271	0.9633300152827305	0.9462770210057289	0.9787833463110766	0.8796853744493391	0.8245878492802708	0.7836971153846154	0.29397626480086114	0.9916938138479001	0.8909176636430498	0.6066086897488119	0.376321186440678	0.8836746374116773	0.9748822758620691	0.9008019949220167	0.8385795131291028	0.3241978386167147	0.6554379020979022	0.7535247648902821	0.20216654107008292	0.7083671217913708	0.37353911439114396	0.5728837232208815	0.7115182854042321	0.09755454545454546	0.32182601744186046	0.22340735600277584	0.2884360943499726	0.5013513405590416	0.9437664808063478	0.9748822758620691	0.371576929426331	0.32866536101934873	0.376321186440678	0.41339137868315745	0.7932517225883763	0.9873460329555195	0.9738099880739416	0.4256956781447646	0.7132130192411437	0.9401228589965398	0.4704136237256719	0.7039504415011036	0.5633977369876791	0.3439852429781543	0.638824273255814	0.8779539239226589	0.6531071543086173	0.06820550847457628	0.8608939837823697	0.6371252493765587	0.342406795679568	0.981572099074788	0.5510289899768697	0.13353054298642533	0.5223802885924312	1.0	0.5856052719069105	0.13353054298642533	0.38297614132592295	0.6501072771376593	0.9132792564969117	0.7296485278836162	0.06820550847457628	0.790474841341795	0.10609745762711865	0.6427582546201233	0.547823813229572	0.8878231971449668	0.583418090692124	0.667441393442623	0.503407002561913	0.39913347122978565	0.6751181572339192	0.21133260393873082	0.2725534554046072	0.6614594322885866	0.9902410232117479	0.06820550847457628	0.486857796014068	0.6603855281342547	0.5128088495575222	0.5809301846080077	0.35129016608391606	0.5169936420937243	0.7422184397163122	0.38205282338806573	0.30282769633507856	0.6168027015154843	0.08898009950248756	0.1724625	0.944657691487092	0.04175486381322958	0.9161914772727273	0.4744955447055233	0.9129058871627146	0.5348412420382166	0.15361349693251533	0.6962434596006718	0.7235309669522644	0.769171154760019	0.27967478753541075	0.9201504400502915	0.8087243459302326	0.45753926852743015	0.95108768503937	0.8019693228858662	0.5856052719069105	0.8733478383579217	0.8164891304347826	0.3104188612099644	0.9804642504596923	0.7543277330264672	0.4273639510489511	0.698293766282099	0.839080642526545	0.23545412234042554	0.7800320079828063	0.6603855281342547	0.7518444591465431	0.7660599043062201	0.9210561283714578	0.10609745762711865	0.6020725405158639	0.8738590403071017	0.6632061468970935	0.4810448275862069	0.941607953443259	0.6318888020283119	0.7132130192411437	0.7343135793991417	0.31316779233870967	0.7199278481012658	0.8166397217042031	0.8733799666965544
g__Hominibacterium	0.45346678594664924	0.14793531283138917	0.7959279205258439	0.8607288015717093	0.6279826170622194	0.05647894736842105	0.15361349693251533	0.9052528859857483	0.4108328102189781	0.8733478383579217	0.9960543406851243	0.8166397217042031	0.5086889447236181	0.7660599043062201	0.1271445497630332	0.623548665074886	0.509692658509455	0.9960543406851243	0.5995137597791073	0.7472960572284147	0.7822122533272142	0.7642060498793242	0.9122103581460673	0.7970547178262168	0.8591578365574419	0.7387719244512507	0.9842406555491662	0.2754749124854142	0.33730196167883214	0.9323850898602175	0.7039504415011036	0.44211863895407305	0.7584289486552568	0.7380762781186093	0.6701927198602213	0.7355986652977413	0.8617339432753888	0.6554379020979022	0.5450844328552803	0.6568388104237118	0.9086703222760005	0.20651813471502592	0.34842746045694195	0.8681662669245647	0.7745821832842301	0.5581872894333844	0.19100485436893203	0.32019495345418914	0.41339137868315745	0.4558514975845411	0.7538028322081344	0.6402548112816259	0.7139871813285458	0.8192943645937099	0.7253811649808163	0.38205282338806573	0.1678261269549218	0.9120468551983103	0.42416068527022255	0.7014739710789767	0.9010100591715977	0.9878036173250833	0.9016206055508831	0.9310316445830086	0.13951462621885158	0.8350271676300579	0.4411834401349073	0.38388347107438014	0.5856052719069105	1.0	0.9793512112073159	0.6821777207977208	0.6137761883705505	0.44211863895407305	0.7095456628477905	0.7196974558303887	0.7734129217851033	0.6955389231632081	0.8826788011512953	0.6912002811094453	0.8330176161504426	0.8329158448753462	0.9679769067796611	0.2205520907158044	0.4108328102189781	0.6594029166666666	0.8426833175483697	0.570549207920792	0.7412227758007117	0.11967657992565053	0.5728837232208815	0.9807434580794895	0.22340735600277584	0.9963134202382069	0.3397177989130435	0.7660599043062201	0.9182998273083122	0.9942653560342395	0.4190053424166368	0.7199278481012658	0.8873762379896526	0.8002860641139803	0.8568921125644076	0.9631198347950235	0.38537667057444314	0.34842746045694195	0.29940395569620254	0.8407163364993216	0.9477819163578614	0.8836746374116773	0.7436363117232113	0.6245223521767381	0.8113076978729561	0.7028468045807167	0.9984887540830611	0.8836746374116773	0.6370132819015847	0.9787833463110766	0.9732169279936084	0.32182601744186046	0.8607288015717093	0.9989308833131237	0.8087243459302326	0.9313968405829347	0.9690738977249849	0.9136779951100243	0.5450844328552803	0.5958062776098583	0.9902410232117479	0.8663177156177155	0.32019495345418914	0.1678261269549218	0.9942653560342395	0.8904754969325153	0.5621128812704815	0.8826788011512953	0.9375308429536049	0.7022916157690172	0.8341398178807947	0.7387719244512507	0.9345016241299304	0.9132792564969117	0.6479956795131846	0.13353054298642533	0.1724625	0.9332131133015837	0.4218602977667494
g__Hominicoprocola	0.05647894736842105	0.353508203125	0.7253811649808163	0.4744955447055233	0.7660599043062201	0.21133260393873082	0.9748822758620691	0.8518525755357381	0.09755454545454546	0.10609745762711865	0.7095456628477905	0.09755454545454546	0.9206042655109489	0.858762766798419	0.8648366328916601	0.35129016608391606	0.7106056149248325	0.47280799142682184	0.7535247648902821	0.11355555555555556	0.3320554579093432	0.18562685337726526	0.47280799142682184	0.04175486381322958	0.6531071543086173	0.8688777734827985	0.04175486381322958	0.48570565038257796	0.32182601744186046	0.8699241885625965	0.514070507166483	0.04175486381322958	0.981572099074788	0.16430239234449762	0.04175486381322958	0.6200601833660773	0.04175486381322958	0.4403862525458248	0.1678261269549218	0.1678261269549218	0.4938979838709678	0.09755454545454546	0.04175486381322958	0.4938979838709678	0.06820550847457628	0.10609745762711865	0.04175486381322958	0.8421429500203169	0.9663558203204219	0.07832846715328468	0.04175486381322958	0.7196974558303887	0.9291958617604295	0.04175486381322958	0.7917502256317689	0.11967657992565053	0.04175486381322958	0.9748822758620691	0.2633374233128834	0.6652001761597182	0.13951462621885158	0.18562685337726526	0.6015454087474238	0.05647894736842105	0.6121439333333333	0.48570565038257796	0.46927309124767225	0.7742388164026095	0.13353054298642533	0.9793512112073159	1.0	0.07832846715328468	0.9115607785487475	0.979814116619773	0.04175486381322958	0.04175486381322958	0.5887445680473372	0.11967657992565053	0.6131660088691796	0.3625399154334038	0.3397177989130435	0.05647894736842105	0.23155225893459203	0.4108328102189781	0.9318649622054246	0.2852093023255814	0.24003552631578948	0.18562685337726526	0.8020592783505154	0.9539786228482003	0.05647894736842105	0.8845806383768402	0.5621128812704815	0.1271445497630332	0.8062353241822429	0.05647894736842105	0.4018091829085457	0.4341746396705559	0.5910265724381626	0.06820550847457628	0.5633977369876791	0.04175486381322958	0.4938979838709678	0.5223802885924312	0.04175486381322958	0.11967657992565053	0.9129058871627146	0.9748822758620691	0.04175486381322958	0.04175486381322958	0.8932230054978619	0.39913347122978565	0.18562685337726526	0.8518525755357381	0.9585903580983741	0.8889328378378378	0.05647894736842105	0.44211863895407305	0.5809301846080077	0.07832846715328468	0.7982329858525689	0.7455372116349047	0.04175486381322958	0.5621128812704815	0.5073929411764706	0.06820550847457628	0.13353054298642533	0.437783906090507	0.04175486381322958	0.7115182854042321	0.9804642504596923	0.46534745283018863	0.6641397177024112	0.7975851349336514	0.05647894736842105	0.1724625	0.45473871803172544	0.9658553267045455	0.05647894736842105	0.7670373804971319	0.15361349693251533	0.2792914979757085	0.7707208149779736	0.7380762781186093	0.8748439882697947	0.8952951424397371	0.09755454545454546
g__Hominifimenecus	0.04175486381322958	0.3625399154334038	0.4810448275862069	0.979814116619773	0.7854143945163746	0.7215445398773006	0.8787547865622631	0.7865270393437642	0.13951462621885158	0.5223802885924312	0.8341398178807947	0.2522534942820838	0.6603855281342547	0.9793512112073159	0.8970302769006558	0.7453631429050094	0.509692658509455	0.496559654676259	0.9132792564969117	0.29397626480086114	0.6665178299120235	0.6844341163099071	0.8839091618175065	0.30762199999999995	0.5761294088910601	0.7910880271084337	0.3677275732217573	0.13951462621885158	0.4704136237256719	0.6501072771376593	0.6782763188073395	0.08898009950248756	0.7566347797609301	0.18562685337726526	0.25978212290502795	0.8330176161504426	0.11355555555555556	0.19980139643134212	0.18562685337726526	0.5237333876221498	0.5844448464651273	0.9052528859857483	0.2965595846645368	0.33730196167883214	0.808990639965172	0.8113076978729561	0.4912537859007833	0.4912537859007833	0.839080642526545	0.83535437053326	0.3581597686375321	0.4322721915920056	0.8209466543543117	0.2852093023255814	0.8826788011512953	0.4938979838709678	0.09755454545454546	0.9256835082966475	0.4256956781447646	0.5856052719069105	0.06820550847457628	0.3171124321657622	0.7430267453625633	0.5930223570595099	0.7366785641025642	0.4273639510489511	0.31508270189431703	0.47940171017101707	0.38297614132592295	0.6821777207977208	0.07832846715328468	1.0	0.983511768661735	0.8873762379896526	0.07832846715328468	0.11967657992565053	0.09755454545454546	0.21133260393873082	0.7711958058435439	0.23545412234042554	0.9119647867465633	0.44211863895407305	0.6095130815913687	0.6051388939256572	0.7720204321277596	0.3889003859513701	0.13951462621885158	0.07832846715328468	0.8271435497470488	0.9768932098765433	0.3309185306504445	0.4341746396705559	0.47280799142682184	0.7195814027630181	0.6427582546201233	0.305407931570762	0.9450317470456724	0.7351461683524773	0.9166917274939173	0.2965595846645368	0.4757377392889699	0.08898009950248756	0.4502936023622048	0.891031619537275	0.04175486381322958	0.305407931570762	0.7330200826730968	0.9541027722772276	0.2825529411764706	0.1678261269549218	0.9013263329312424	0.9023445043103449	0.845709127625202	0.11967657992565053	0.9016206055508831	0.9289773766816143	0.5252205739036274	0.4218602977667494	0.7070342773615932	0.4256956781447646	0.9653428295558492	0.8648366328916601	0.13951462621885158	0.9451679464000852	0.7380762781186093	0.04175486381322958	0.5398035328236225	0.5789023728813559	0.04175486381322958	0.8716008733624453	0.9187988428047663	0.7436363117232113	0.2697199281867146	0.7115182854042321	0.21694440433212994	0.504165429300085	0.543704	0.960008544108575	0.2965595846645368	0.8390143969403087	0.9482153195090987	0.7471266422140714	0.8909176636430498	0.6121439333333333	0.9873460329555195	0.6561398923444975	0.15361349693251533
g__Hominilimicola	0.6776500095767094	0.8608939837823697	0.31508270189431703	0.7728396535580524	0.957029321911446	0.1678261269549218	0.6309546262968452	0.6782763188073395	0.8479489743933504	0.9119647867465633	0.9059893531157271	0.3625399154334038	0.8292816281014775	0.9557557315936626	0.07832846715328468	0.596775	0.9010100591715977	0.22707235494880548	0.6350541553276116	0.3745603006907761	0.705303629032258	0.9262241973639743	0.1678261269549218	0.7917502256317689	0.9360307742998353	0.7734129217851033	0.5793963329312425	0.8733799666965544	0.9267188952509263	0.38297614132592295	0.29940395569620254	0.9289773766816143	0.7538028322081344	0.7039504415011036	0.5554028725314184	0.5621128812704815	0.8330176161504426	0.960008544108575	0.9970883316178534	0.915371728538283	0.959398426087851	0.27967478753541075	0.9459414100658314	0.9318649622054246	0.6518104892289108	0.29940395569620254	0.38297614132592295	0.11967657992565053	0.6900945205479452	0.414280931744312	0.8003345430306621	0.6271632447492499	0.9671590826245444	0.7561157290470722	0.583418090692124	0.38297614132592295	0.9843257372654156	0.9704640806904857	0.17760365853658538	0.4359125042705842	0.10609745762711865	0.6361021103217719	0.9842406555491662	0.777836311816361	0.5073929411764706	0.7862106664637858	0.9796283841522626	0.7816468290441176	0.6501072771376593	0.6137761883705505	0.9115607785487475	0.983511768661735	1.0	0.839080642526545	0.38388347107438014	0.41339137868315745	0.6221647173913043	0.960321974522293	0.4827995850622407	0.414280931744312	0.9023445043103449	0.902847942264106	0.9376783289817232	0.4218602977667494	0.6594029166666666	0.9180155929468711	0.5128088495575222	0.05647894736842105	0.14793531283138917	0.371576929426331	0.9067249466192171	0.4218602977667494	0.7677172463077657	0.25582057716436635	0.5789023728813559	0.38297614132592295	1.0	0.5897490084985836	0.8056896425432171	0.23545412234042554	0.6350541553276116	0.9625854060134997	0.5593557648256554	0.4744955447055233	0.7807205611775528	0.20216654107008292	0.8292816281014775	0.6332195569620253	0.9869819862752574	0.8733478383579217	0.8060808221181976	0.376321186440678	0.4722697566984909	0.305407931570762	0.8836746374116773	0.9770830249632894	0.2697199281867146	0.19100485436893203	0.2697199281867146	0.7917502256317689	0.21694440433212994	0.6137761883705505	0.5801656565656566	0.6371252493765587	0.3241978386167147	0.8498298945682639	0.9105359052891978	0.9490494130089899	0.672531403678606	0.9835977541030809	0.9848718929254302	0.4807462343096235	0.22707235494880548	0.9428032508073196	0.9692759831036911	0.9585903580983741	0.8836746374116773	0.2825529411764706	0.9340383900928794	0.5001450901803608	0.818089239782795	0.8771852877652141	0.8884877397934088	0.47940171017101707	0.06820550847457628	0.5593557648256554	0.6632061468970935
g__Hominimerdicola	0.44211863895407305	0.9787833463110766	0.881647981444333	0.762962497982895	0.6271632447492499	0.6739566150870405	0.7660599043062201	0.8515576969212315	0.9023445043103449	0.5688980568011958	0.9473478703115067	0.7635851756364808	0.9804642504596923	0.8003345430306621	0.9346545855865799	0.8164891304347826	0.7763238882025943	0.09755454545454546	0.7836971153846154	0.7302423236514523	0.7430267453625633	0.8679016655907037	0.9016206055508831	0.9375308429536049	0.818089239782795	0.6821777207977208	0.6776500095767094	0.8708576725025746	0.18142011834319527	0.6294758936170213	0.9431461819746182	0.9122103581460673	0.963007564311964	0.29397626480086114	0.6835667362428842	0.9180155929468711	0.7003934657508818	0.9441811885421121	0.9748822758620691	0.47280799142682184	0.6294758936170213	0.9804642504596923	0.4912537859007833	0.9016206055508831	0.8336944881889764	0.9644357927946265	0.9846932350971198	0.6518104892289108	0.5743946424182845	0.8779539239226589	0.7734129217851033	0.509692658509455	0.9451679464000852	0.9843257372654156	0.7479613953488372	0.9477819163578614	0.9770830249632894	0.9246589540412045	0.8738903027980068	0.9340383900928794	0.9970171396459679	0.8836746374116773	0.9892529193961833	0.8766015259409968	0.9935923548843794	0.6271632447492499	0.9352684732319895	0.6489875885806844	0.9132792564969117	0.44211863895407305	0.979814116619773	0.8873762379896526	0.839080642526545	1.0	0.5667894763092269	0.8970302769006558	0.8839091618175065	0.9132792564969117	0.9979529411764706	0.8787547865622631	0.5924537110746898	0.6081947083990092	0.9187988428047663	0.9313968405829347	0.5413481851657023	0.705303629032258	0.8623475319926873	0.9882473864284356	0.5258479245283019	0.29397626480086114	0.9738099880739416	0.6760157539529502	0.6020725405158639	0.5924537110746898	0.9376783289817232	0.9187988428047663	1.0	0.8628474302113226	0.5973242718446602	0.9375308429536049	0.9166917274939173	0.9122103581460673	0.9473478703115067	0.6301501910016978	0.9482153195090987	0.9304515415549598	0.9787833463110766	0.6095130815913687	0.6051388939256572	0.8299676089681103	0.7543277330264672	0.4807462343096235	0.5856052719069105	0.5809301846080077	0.9190806111937736	0.6371252493765587	0.8292816281014775	0.9762258447937132	0.8794436395759717	0.8498298945682639	0.6598301405105877	0.7975851349336514	0.6334788012618296	0.5169936420937243	0.578123828030119	0.9221343409090909	0.1678261269549218	0.8628965095076843	0.8836746374116773	0.48468720070942944	0.8836746374116773	0.8363694230769232	0.8020592783505154	0.48998858474082707	0.8608939837823697	0.8873762379896526	0.462966	0.8498298945682639	0.9690738977249849	0.8329158448753462	0.83535437053326	0.9784085510920437	0.7390887417218543	0.5897490084985836	0.3171124321657622	0.7846164226898444	0.46870649391195757
g__Hominiventricola	0.04175486381322958	0.3397177989130435	0.5207346615720525	0.27967478753541075	0.5638276483846731	0.17760365853658538	0.8794436395759717	0.8019693228858662	0.5086889447236181	0.24003552631578948	0.543704	0.18562685337726526	0.35967540356839417	0.5398035328236225	0.5086889447236181	0.6027334547109695	0.3555423955191727	0.9882473864284356	0.9255169171657814	0.1584301181102362	0.2669726941747573	0.4827995850622407	0.5510289899768697	0.04175486381322958	0.08898009950248756	0.8675242244053774	0.6111774821109123	0.6190690658499235	0.8617339432753888	0.23155225893459203	0.8282628523348758	0.10609745762711865	0.9742002083333334	0.3889003859513701	0.20216654107008292	0.09755454545454546	0.09755454545454546	0.5844448464651273	0.7584289486552568	0.4322721915920056	0.35129016608391606	0.19980139643134212	0.06820550847457628	0.839080642526545	0.44632097902097906	0.06820550847457628	0.09755454545454546	0.06820550847457628	0.6594029166666666	0.11355555555555556	0.16430239234449762	0.5252205739036274	0.9762258447937132	0.04175486381322958	0.9318649622054246	0.05647894736842105	0.11355555555555556	0.9246589540412045	0.04175486381322958	0.2633374233128834	0.04175486381322958	0.34842746045694195	0.8653313521930962	0.18142011834319527	0.952932528987778	0.7031405196241017	0.8003345430306621	0.6427582546201233	0.7296485278836162	0.7095456628477905	0.04175486381322958	0.07832846715328468	0.38388347107438014	0.5667894763092269	1.0	0.06820550847457628	0.44795520557029184	0.8659373006612212	0.39913347122978565	0.07832846715328468	0.1271445497630332	0.16430239234449762	0.30282769633507856	0.17760365853658538	0.6131660088691796	0.3320554579093432	0.04175486381322958	0.04175486381322958	0.2965595846645368	0.32019495345418914	0.30762199999999995	0.8836746374116773	0.3309185306504445	0.31508270189431703	0.8836746374116773	0.04175486381322958	0.11355555555555556	0.5930223570595099	0.7605770454545455	0.04175486381322958	0.9482153195090987	0.07832846715328468	0.31508270189431703	0.5581872894333844	0.05647894736842105	0.21133260393873082	0.6294758936170213	0.9132792564969117	0.18562685337726526	0.05647894736842105	0.7605770454545455	0.7436363117232113	0.2429398447606727	0.38205282338806573	0.7143747044070224	0.531543535057318	0.04175486381322958	0.05647894736842105	0.6213176509043364	0.3745603006907761	0.7862106664637858	0.951996046438657	0.06820550847457628	0.6900945205479452	0.3649171500630517	0.13353054298642533	0.3397177989130435	0.6531071543086173	0.04175486381322958	0.7436363117232113	0.6923031443009545	0.7816468290441176	0.04175486381322958	0.938424145785877	0.3104188612099644	0.18142011834319527	0.9800945322346097	0.1724625	0.08898009950248756	0.3171124321657622	0.7073149106817352	0.08898009950248756	0.843450506962282	0.9441811885421121	0.2429398447606727	0.8320294060370009	0.04175486381322958
g__Hungatella	0.04175486381322958	0.1584301181102362	0.8002860641139803	0.4190053424166368	0.7199278481012658	0.31316779233870967	0.95108768503937	0.6411158383171788	0.07832846715328468	0.6923031443009545	0.38388347107438014	0.05647894736842105	0.4411834401349073	0.29397626480086114	0.8192943645937099	0.2965595846645368	0.08898009950248756	0.9515427224143351	0.9647424344112264	0.40416494960806276	0.9677730081793395	0.6279826170622194	0.7199278481012658	0.8482504217432053	0.9748822758620691	0.9557557315936626	0.6526569620253165	0.371576929426331	0.6039386327503975	0.9624722665847666	0.9807434580794895	0.04175486381322958	0.5398035328236225	0.8407163364993216	0.13353054298642533	0.4341746396705559	0.04175486381322958	0.6051388939256572	0.04175486381322958	0.13951462621885158	0.34629920318725105	0.8135891153512574	0.08898009950248756	0.29940395569620254	0.4757377392889699	0.13353054298642533	0.11355555555555556	0.6190690658499235	0.7235309669522644	0.1271445497630332	0.19650716560509554	0.20651813471502592	0.9313968405829347	0.32866536101934873	0.6221647173913043	0.2669726941747573	0.05647894736842105	0.8034451873622336	0.5112550748752079	0.7910880271084337	0.06820550847457628	0.7166754501693706	0.2697199281867146	0.04175486381322958	0.9267188952509263	0.6771709416522241	0.49821400286944045	0.3959763518659558	0.06820550847457628	0.7196974558303887	0.04175486381322958	0.11967657992565053	0.41339137868315745	0.8970302769006558	0.06820550847457628	1.0	0.9796283841522626	0.20216654107008292	0.45753926852743015	0.19980139643134212	0.3320554579093432	0.17760365853658538	0.45473871803172544	0.6147894771674387	0.20216654107008292	0.05647894736842105	0.34842746045694195	0.08898009950248756	0.4190053424166368	0.9575438989169675	0.40416494960806276	0.3935383938814531	0.48570565038257796	0.22340735600277584	0.4668136235515189	0.09755454545454546	0.6411158383171788	0.591742320338187	0.6027334547109695	0.06820550847457628	0.5112550748752079	0.07832846715328468	0.2725534554046072	0.8192943645937099	0.04175486381322958	0.667441393442623	0.305407931570762	0.6015454087474238	0.18562685337726526	0.06820550847457628	0.9221343409090909	0.3171124321657622	0.7528722075346992	0.18562685337726526	0.8681662669245647	0.6411158383171788	0.07832846715328468	0.27967478753541075	0.7605770454545455	0.31508270189431703	0.9365921633190649	0.6614594322885866	0.05647894736842105	0.9647424344112264	0.376321186440678	0.2697199281867146	0.5581872894333844	0.7910880271084337	0.04175486381322958	0.8853605712166172	0.8653313521930962	0.3439852429781543	0.4403862525458248	0.967461968838527	0.11355555555555556	0.49265186470078054	0.9477819163578614	0.9359829777875522	0.414280931744312	0.6900945205479452	0.8282628523348758	0.7285813662436988	0.8329158448753462	0.9187988428047663	0.4018091829085457	0.3581597686375321	0.06820550847457628
g__Intestinibacter	0.6027334547109695	0.9984887540830611	0.9577616549876339	0.7330200826730968	0.8836746374116773	0.9059893531157271	0.9129058871627146	0.8323642728156689	0.9857927807486632	0.6912002811094453	0.8003345430306621	0.4284197011813759	0.8292816281014775	0.769171154760019	0.30282769633507856	0.4108328102189781	0.9804642504596923	0.6271632447492499	0.06820550847457628	0.22340735600277584	0.376321186440678	0.8679016655907037	0.9631198347950235	0.4055967729970326	0.5773403508771929	0.8099601943155452	0.981572099074788	0.8342391735537191	0.4757377392889699	0.9129058871627146	0.8628965095076843	0.5128088495575222	0.04175486381322958	0.17760365853658538	0.8166397217042031	0.8836746374116773	0.4704136237256719	0.3263735840076154	0.705303629032258	0.2852093023255814	0.13353054298642533	0.95108768503937	0.8534113573039671	0.922999909245604	0.5529342571208622	0.8034451873622336	0.8582535478765498	0.3397177989130435	0.688651666980599	0.5887445680473372	0.20216654107008292	0.9149759986065954	0.9267188952509263	0.634934404536862	0.9738099880739416	0.7566347797609301	0.3241978386167147	0.7235309669522644	0.9503142313787638	0.8738903027980068	0.2754749124854142	0.46534745283018863	0.957029321911446	0.7472960572284147	0.6526569620253165	0.938424145785877	0.3309185306504445	0.8547845562913908	0.790474841341795	0.7734129217851033	0.5887445680473372	0.09755454545454546	0.6221647173913043	0.8839091618175065	0.44795520557029184	0.9796283841522626	1.0	0.9557557315936626	0.9653428295558492	0.414280931744312	0.8482504217432053	0.8020592783505154	0.9796283841522626	0.5423163302752294	0.9685786764705883	0.8889328378378378	0.7635851756364808	0.7707208149779736	0.48998858474082707	0.9267188952509263	0.9624722665847666	0.8049430268367795	0.9424597285067874	0.7100766969147005	0.5656651162790697	0.7702526058117498	0.5638276483846731	0.642401503294893	0.9557557315936626	0.7430267453625633	0.9984887540830611	0.32182601744186046	0.9441811885421121	0.7472960572284147	0.10609745762711865	0.8200046204151266	0.6776500095767094	0.9848718929254302	0.39913347122978565	0.3309185306504445	0.9397754545454546	0.9210561283714578	0.9970171396459679	0.8582535478765498	0.9748822758620691	0.9016206055508831	0.9557557315936626	0.6252215813350616	0.9841554105909439	0.305407931570762	0.7879917399211882	0.9970171396459679	0.9307145631067961	0.8839091618175065	0.9490494130089899	0.6262054768041236	0.8341398178807947	0.7355986652977413	0.23545412234042554	0.7707208149779736	0.9892529193961833	0.6081947083990092	0.8166397217042031	0.4502936023622048	0.09755454545454546	0.5809301846080077	0.8801497925311204	0.05647894736842105	0.2697199281867146	0.04175486381322958	0.7538028322081344	0.8474191920547578	0.95108768503937	0.7816468290441176	0.9494814204185162	0.6350541553276116	0.8034451873622336
g__JAGTTR01	0.10609745762711865	0.463722821969697	0.9738099880739416	0.881647981444333	0.7436363117232113	0.32866536101934873	0.9658553267045455	0.7073149106817352	0.25582057716436635	0.4502936023622048	0.9942653560342395	0.38388347107438014	0.9869819862752574	0.8292816281014775	0.8829167979002625	0.5413481851657023	0.9631198347950235	0.5856052719069105	0.9541027722772276	0.5728837232208815	0.7865270393437642	0.9352684732319895	0.19980139643134212	0.5924537110746898	0.7380762781186093	0.9136779951100243	0.25582057716436635	0.7553467892921661	0.5169936420937243	0.8173583404987103	0.9407143227199136	0.05647894736842105	0.6912002811094453	0.27967478753541075	0.7319282068965517	0.9585903580983741	0.2429398447606727	0.3104188612099644	0.21133260393873082	0.39913347122978565	0.40915629357798167	0.7677172463077657	0.9852384637431929	0.6318888020283119	0.6501072771376593	0.7464576056102856	0.6371252493765587	0.9644357927946265	0.644782058101473	0.2965595846645368	0.9625854060134997	0.1271445497630332	0.8484376203208557	0.46870649391195757	0.5223802885924312	0.6991801895558447	0.570549207920792	0.38205282338806573	0.514070507166483	0.578123828030119	0.25582057716436635	0.7528722075346992	0.9738099880739416	0.7472960572284147	0.5801656565656566	0.5581872894333844	0.5761294088910601	0.839080642526545	0.10609745762711865	0.6955389231632081	0.11967657992565053	0.21133260393873082	0.960321974522293	0.9132792564969117	0.8659373006612212	0.20216654107008292	0.9557557315936626	1.0	0.514070507166483	0.1584301181102362	0.9174775413438186	0.769651826664558	0.5930223570595099	0.7268723374586021	0.4055967729970326	0.8675242244053774	0.24003552631578948	0.2633374233128834	0.45473871803172544	0.9748822758620691	0.05647894736842105	0.9804642504596923	0.45100290185849357	0.8675242244053774	0.33730196167883214	0.46534745283018863	0.8329158448753462	0.9458062500000001	0.9082612903225807	0.34842746045694195	0.8733799666965544	0.19650716560509554	0.6531071543086173	0.9304515415549598	0.07832846715328468	0.19100485436893203	0.8801497925311204	0.9748822758620691	0.6844341163099071	0.07832846715328468	0.5237333876221498	0.5621128812704815	0.2205520907158044	0.4411834401349073	0.2725534554046072	0.9644357927946265	0.7584289486552568	0.9539786228482003	0.7310864295580111	0.7296485278836162	0.9557557315936626	0.9698737925494527	0.41339137868315745	0.8192943645937099	0.929772124734548	0.414280931744312	0.376321186440678	0.7199278481012658	0.30762199999999995	0.4704136237256719	0.617532026286966	0.9115607785487475	0.27967478753541075	0.18142011834319527	0.07832846715328468	0.5258479245283019	0.7152720214669052	0.7319282068965517	0.5825253231211106	0.6962434596006718	0.376321186440678	0.9187988428047663	0.8950784129692834	0.29940395569620254	0.9031456806282723	0.9655502741673436	0.9360307742998353
g__Klebsiella	0.1271445497630332	0.7932517225883763	0.42014139650872817	0.20651813471502592	0.7066228895806628	0.5413481851657023	0.9307145631067961	0.9796283841522626	0.5773403508771929	0.6102790181573637	0.08898009950248756	0.5364079428117554	0.7215445398773006	0.11355555555555556	0.5348412420382166	0.9023445043103449	0.6200601833660773	0.8592131651556958	0.7436363117232113	0.6245223521767381	0.9807434580794895	0.3397177989130435	0.8019693228858662	0.9770830249632894	0.5112550748752079	0.8950784129692834	0.95108768503937	0.8342391735537191	0.7319282068965517	0.8462423883808499	0.5749125367286974	0.981211858509713	0.9024290507462688	0.9375308429536049	0.6477899694811801	0.6797798362528561	0.2477973059653624	0.9800945322346097	0.9340383900928794	0.5789023728813559	0.9016206055508831	0.5930223570595099	0.9031456806282723	0.04175486381322958	0.6334788012618296	0.1271445497630332	0.2852093023255814	0.05647894736842105	0.9079588715400995	0.22707235494880548	0.3171124321657622	0.20216654107008292	0.21133260393873082	0.960321974522293	0.9206042655109489	0.2429398447606727	0.5581872894333844	0.7658110112359551	0.18562685337726526	0.3935383938814531	0.13951462621885158	0.839080642526545	0.5423163302752294	0.6095130815913687	0.8829167979002625	0.9215432340231976	0.7734129217851033	0.9738099880739416	0.6427582546201233	0.8826788011512953	0.6131660088691796	0.7711958058435439	0.4827995850622407	0.9979529411764706	0.39913347122978565	0.45753926852743015	0.9653428295558492	0.514070507166483	1.0	0.8738903027980068	0.07832846715328468	0.3974895573212259	0.7734129217851033	0.8336944881889764	0.3889003859513701	0.94469389451252	0.342406795679568	0.38537667057444314	0.7660599043062201	0.9557557315936626	0.13951462621885158	0.591742320338187	0.6102790181573637	0.23155225893459203	0.8292816281014775	0.32866536101934873	0.1724625	0.9555885818181817	0.4668136235515189	0.7294323207776428	0.3677275732217573	0.9208828984846757	0.7946809893887311	0.9989308833131237	0.4256956781447646	0.22707235494880548	0.6252215813350616	0.8836746374116773	0.4218602977667494	0.27967478753541075	0.9291958617604295	0.95108768503937	0.38297614132592295	0.960321974522293	0.957029321911446	0.803840865737344	0.29397626480086114	0.7932517225883763	0.9441811885421121	0.8393987765089723	0.4359125042705842	0.972235045045045	0.08898009950248756	0.7487489382879894	0.7717903529411765	0.35967540356839417	0.9206042655109489	0.9307145631067961	0.6252215813350616	0.7575236506378802	0.8733799666965544	0.9304515415549598	0.06820550847457628	0.7444383763837639	0.6739566150870405	0.9313968405829347	0.7660599043062201	0.7676463961813842	0.8628965095076843	0.9291958617604295	0.8829167979002625	0.9796283841522626	0.8401722901385493	0.7928873271196631	0.841373241154941	0.9267188952509263	0.8796853744493391
g__Lachnoclostridium_B	0.21694440433212994	0.6289323021122253	0.7508146688741721	0.3104188612099644	0.922999909245604	0.5112550748752079	0.8836746374116773	0.7836971153846154	0.7083671217913708	0.5509614669421488	0.5570122344509854	0.634934404536862	0.31508270189431703	0.8292816281014775	0.9873460329555195	0.8748439882697947	0.44795520557029184	0.6940517680074836	0.2965595846645368	0.2429398447606727	0.7106056149248325	0.9079588715400995	0.4498724479682855	0.40416494960806276	0.4668136235515189	0.5128088495575222	0.6561398923444975	0.4341746396705559	0.44211863895407305	0.8323642728156689	0.9136779951100243	0.3745603006907761	0.94651173290938	0.547823813229572	0.5252205739036274	0.2792914979757085	0.2669726941747573	0.05647894736842105	0.31316779233870967	0.9122103581460673	0.5693021836228287	0.8924571271393643	0.6260520905172414	0.9356260400616333	0.7162947293192782	0.463722821969697	0.46870649391195757	0.5529342571208622	0.7171821352313167	0.616069522131689	0.7584289486552568	0.803840865737344	0.4284197011813759	0.06820550847457628	0.9375308429536049	0.8292816281014775	0.11967657992565053	0.9667577363461344	0.3649171500630517	0.2205520907158044	0.05647894736842105	0.5068003940332114	0.7584289486552568	0.38388347107438014	0.9857927807486632	0.9512156476140534	0.7720204321277596	0.8518525755357381	0.547823813229572	0.6912002811094453	0.3625399154334038	0.23545412234042554	0.414280931744312	0.8787547865622631	0.07832846715328468	0.19980139643134212	0.414280931744312	0.1584301181102362	0.8738903027980068	1.0	0.45473871803172544	0.4273639510489511	0.46534745283018863	0.9180155929468711	0.38388347107438014	0.38537667057444314	0.22707235494880548	0.23155225893459203	0.578123828030119	0.9389770406504065	0.9462770210057289	0.8190493871151653	0.4558514975845411	0.2754749124854142	0.9106200352941177	0.35967540356839417	0.6835667362428842	0.803840865737344	0.8288378484381566	0.40915629357798167	0.7046282776349614	0.8070951998832798	0.371576929426331	0.8474191920547578	0.2633374233128834	0.37353911439114396	0.9119647867465633	0.8591578365574419	0.2754749124854142	0.04175486381322958	0.7987604848304579	0.9784085510920437	0.496559654676259	0.18142011834319527	0.7702526058117498	0.8884877397934088	0.1584301181102362	0.4273639510489511	0.8329158448753462	0.25978212290502795	0.6289323021122253	0.9023445043103449	0.07832846715328468	0.9942653560342395	0.7987604848304579	0.9256835082966475	0.8873762379896526	0.9972526178010471	0.05647894736842105	0.8003345430306621	0.7422184397163122	0.8363694230769232	0.21133260393873082	0.7073149106817352	0.858762766798419	0.9307145631067961	0.7650709739633559	0.9431844666451821	0.15361349693251533	0.543704	0.8653313521930962	0.11967657992565053	0.8390143969403087	0.8524399840700917	0.9401228589965398	0.5223802885924312	0.6797798362528561
g__Lachnospira	0.04175486381322958	0.678770537757437	0.6039386327503975	0.04175486381322958	0.9677643651435504	0.9360307742998353	0.6776500095767094	0.23545412234042554	0.4704136237256719	0.6119350356824264	0.07832846715328468	0.3555423955191727	0.7139871813285458	0.04175486381322958	0.9677730081793395	0.8599451752658528	0.04175486381322958	0.7285813662436988	0.8299676089681103	0.24003552631578948	0.7479613953488372	0.35967540356839417	0.571790074074074	0.7487489382879894	0.04175486381322958	0.6252215813350616	0.9979529411764706	0.9221343409090909	0.9777506703199922	0.8839091618175065	0.9667577363461344	0.5995137597791073	0.4593609015345268	0.4810448275862069	0.392133962264151	0.1271445497630332	0.18142011834319527	0.6334788012618296	0.1724625	0.7436363117232113	0.7199278481012658	0.9558771180304128	0.09755454545454546	0.11967657992565053	0.4108328102189781	0.06820550847457628	0.08898009950248756	0.5570122344509854	0.9351164755183061	0.38537667057444314	0.2792914979757085	0.5958062776098583	0.9249313807531381	0.2205520907158044	0.6427582546201233	0.04175486381322958	0.06820550847457628	0.31508270189431703	0.06820550847457628	0.8628965095076843	0.4322721915920056	0.7278547353760445	0.2825529411764706	0.29397626480086114	0.9174775413438186	0.5728837232208815	0.8836746374116773	0.9970883316178534	0.8878231971449668	0.8330176161504426	0.3397177989130435	0.9119647867465633	0.9023445043103449	0.5924537110746898	0.1271445497630332	0.3320554579093432	0.8482504217432053	0.9174775413438186	0.07832846715328468	0.45473871803172544	1.0	0.07832846715328468	0.5207346615720525	0.6751181572339192	0.9804642504596923	0.5364079428117554	0.6279826170622194	0.20216654107008292	0.7518444591465431	0.9768932098765433	0.6701927198602213	0.463722821969697	0.5621128812704815	0.6760157539529502	0.7623285714285715	0.06820550847457628	0.05647894736842105	0.7742388164026095	0.7615772948426857	0.29397626480086114	0.6866785754770451	0.32019495345418914	0.24003552631578948	0.7854143945163746	0.2522534942820838	0.6489875885806844	0.8070951998832798	0.19980139643134212	0.25978212290502795	0.6371252493765587	0.8623475319926873	0.8185699300699301	0.5793963329312425	0.9539786228482003	0.4810448275862069	0.47940171017101707	0.05647894736842105	0.14793531283138917	0.9115607785487475	0.591742320338187	0.2852093023255814	0.7471266422140714	0.04175486381322958	0.11967657992565053	0.05647894736842105	0.8524399840700917	0.8995122048674173	0.9182998273083122	0.2697199281867146	0.951996046438657	0.8547845562913908	0.4558514975845411	0.486857796014068	0.7100766969147005	0.342406795679568	0.9612430594028932	0.7670373804971319	0.6603855281342547	0.14793531283138917	0.8771852877652141	0.9978827102803738	0.7296485278836162	0.7615772948426857	0.14793531283138917	0.7720204321277596	0.8083395196506549	0.5510289899768697
g__Lacticaseibacillus	0.2754749124854142	0.8819981590482153	0.2205520907158044	0.09755454545454546	0.8330176161504426	0.38297614132592295	0.8421429500203169	0.929772124734548	0.22340735600277584	0.15361349693251533	0.06820550847457628	0.2725534554046072	0.9804642504596923	0.06820550847457628	0.8390143969403087	0.7205476658476658	0.7566347797609301	0.8796853744493391	0.8056896425432171	0.09755454545454546	0.2754749124854142	0.7455372116349047	0.7132130192411437	0.08898009950248756	0.2669726941747573	0.8809652823086574	0.8258683988170681	0.762962497982895	0.9356260400616333	0.9177307683433317	0.514070507166483	0.3104188612099644	0.6027334547109695	0.19100485436893203	0.06820550847457628	0.6410179391682186	0.05647894736842105	0.13353054298642533	0.06820550847457628	0.23155225893459203	0.8863585836114201	0.9462770210057289	0.1584301181102362	0.7278547353760445	0.3439852429781543	0.04175486381322958	0.04175486381322958	0.29397626480086114	0.8426833175483697	0.305407931570762	0.10609745762711865	0.7083671217913708	0.3439852429781543	0.6568388104237118	0.5001450901803608	0.04175486381322958	0.05647894736842105	0.9960543406851243	0.3263735840076154	0.957029321911446	0.45100290185849357	0.9742002083333334	0.30282769633507856	0.3555423955191727	0.6334788012618296	0.8292816281014775	0.9459414100658314	0.4411834401349073	0.583418090692124	0.8329158448753462	0.05647894736842105	0.44211863895407305	0.902847942264106	0.6081947083990092	0.16430239234449762	0.17760365853658538	0.8020592783505154	0.769651826664558	0.3974895573212259	0.4273639510489511	0.07832846715328468	1.0	0.23545412234042554	0.5464576853055917	0.790474841341795	0.6711034302325581	0.920430143868463	0.19980139643134212	0.8562662523142026	0.9120468551983103	0.05647894736842105	0.5693021836228287	0.514070507166483	0.09755454545454546	0.6121439333333333	0.1678261269549218	0.48885666666666666	0.7660599043062201	0.9690738977249849	0.2725534554046072	0.6652001761597182	0.11355555555555556	0.772128984375	0.9984887540830611	0.19100485436893203	0.38388347107438014	0.8154137856525496	0.7566347797609301	0.04175486381322958	0.07832846715328468	0.822360059549128	0.2205520907158044	0.19100485436893203	0.7073149106817352	0.9141545422862453	0.20216654107008292	0.04175486381322958	0.9619645666871542	0.5688980568011958	0.2633374233128834	0.2522534942820838	0.8524399840700917	0.13951462621885158	0.9023445043103449	0.31316779233870967	0.4810448275862069	0.4448213114754098	0.9462770210057289	0.15361349693251533	0.9441811885421121	0.7436363117232113	0.9016206055508831	0.9561958759689922	0.6700606892523364	0.16430239234449762	0.6015454087474238	0.9748822758620691	0.8019693228858662	0.04175486381322958	0.8932230054978619	0.583418090692124	0.1724625	0.8426833175483697	0.5958062776098583	0.9995588811188811	0.6518104892289108	0.4284197011813759
g__Lactiplantibacillus	0.6262054768041236	0.2965595846645368	0.5946939641109299	0.6701927198602213	0.07832846715328468	0.9949004231311707	0.4273639510489511	0.9704640806904857	0.1584301181102362	0.05647894736842105	0.463722821969697	0.4668136235515189	0.7330200826730968	0.8192943645937099	0.8258683988170681	0.9023445043103449	0.8836746374116773	0.8329158448753462	0.7028468045807167	0.6594029166666666	0.27967478753541075	0.839080642526545	0.8320294060370009	0.15361349693251533	0.5749125367286974	0.9852384637431929	0.9942653560342395	0.7319282068965517	0.8970302769006558	0.6015454087474238	0.36882251243781095	0.2754749124854142	0.414280931744312	0.23545412234042554	0.7132130192411437	0.9082612903225807	0.04175486381322958	0.27967478753541075	0.7412227758007117	0.6632061468970935	0.9625854060134997	0.8873762379896526	0.10609745762711865	0.981572099074788	0.912825298245614	0.4273639510489511	0.04175486381322958	0.2477973059653624	0.7166754501693706	0.9291958617604295	0.7751643697739239	0.9739085683081812	0.957029321911446	0.10609745762711865	0.9967589277345581	0.45346678594664924	0.20216654107008292	0.7538028322081344	0.5801656565656566	0.5773403508771929	0.9979529411764706	0.3263735840076154	0.9307695274186357	0.9541027722772276	0.9869819862752574	0.7975851349336514	0.32019495345418914	0.9955350126891624	0.667441393442623	0.9679769067796611	0.23155225893459203	0.6095130815913687	0.9376783289817232	0.9187988428047663	0.30282769633507856	0.45473871803172544	0.9796283841522626	0.5930223570595099	0.7734129217851033	0.46534745283018863	0.5207346615720525	0.23545412234042554	1.0	0.3649171500630517	0.9820228060046189	0.9397754545454546	0.7755051012521256	0.11355555555555556	0.8554127828503375	0.9451679464000852	0.5656651162790697	0.7865270393437642	0.29940395569620254	0.47653685006045954	0.486857796014068	0.5053446640316206	0.17760365853658538	0.9882473864284356	0.9923159535279116	0.5068003940332114	0.9462770210057289	0.43050290758047766	0.6554379020979022	0.38388347107438014	0.460729439847231	0.5237333876221498	0.7199278481012658	0.414280931744312	0.583418090692124	0.08898009950248756	0.6835667362428842	0.6912002811094453	0.6544707165732586	0.33469678456591645	0.2884360943499726	0.9120468551983103	0.04175486381322958	0.7734129217851033	0.937086451048951	0.9748822758620691	0.8779539239226589	0.5793963329312425	0.05647894736842105	0.9763209126594701	0.06820550847457628	0.4807462343096235	0.49821400286944045	0.9368445394736843	0.1584301181102362	0.7039504415011036	0.9698737925494527	0.7910880271084337	0.8366941563786008	0.5693021836228287	0.9307695274186357	0.7566347797609301	0.839080642526545	0.9842406555491662	0.4055967729970326	0.646527444987775	0.8592131651556958	0.4341746396705559	0.4071607300884956	0.837018	0.9671590826245444	0.642401503294893	0.14793531283138917
g__Lactobacillus	0.3241978386167147	0.9972526178010471	0.5053446640316206	0.8482504217432053	0.9020428880086425	0.11355555555555556	0.5995137597791073	0.4498724479682855	0.8390143969403087	0.437783906090507	0.7830153575794621	0.5638276483846731	0.9785961130053581	0.6309546262968452	0.9510460661104656	0.9843257372654156	0.814551567239636	0.6271632447492499	0.2792914979757085	0.8524399840700917	0.5423163302752294	0.7745821832842301	0.8083395196506549	0.22340735600277584	0.814551567239636	0.644782058101473	0.8738590403071017	0.6955389231632081	0.9428032508073196	0.591742320338187	0.9967589277345581	0.4498724479682855	0.9365921633190649	0.8607288015717093	0.5984215405904059	0.5450844328552803	0.6015454087474238	0.2669726941747573	0.762962497982895	0.7807205611775528	0.9748822758620691	0.4256956781447646	0.19100485436893203	0.95108768503937	0.6318888020283119	0.2669726941747573	0.1584301181102362	0.2725534554046072	0.36882251243781095	0.33730196167883214	0.11355555555555556	0.44795520557029184	0.4403862525458248	0.15361349693251533	0.8944245303732618	0.3241978386167147	0.8738590403071017	0.34629920318725105	0.2792914979757085	0.2477973059653624	0.3889003859513701	0.8288378484381566	0.8231854496606335	0.8738903027980068	0.5112550748752079	0.4190053424166368	0.9360307742998353	0.8836746374116773	0.503407002561913	0.2205520907158044	0.4108328102189781	0.6051388939256572	0.4218602977667494	0.9313968405829347	0.17760365853658538	0.6147894771674387	0.5423163302752294	0.7268723374586021	0.8336944881889764	0.9180155929468711	0.6751181572339192	0.5464576853055917	0.3649171500630517	1.0	0.9820228060046189	0.8924571271393643	0.591742320338187	0.23155225893459203	0.9625854060134997	0.36882251243781095	0.18142011834319527	0.9235886180705135	0.08898009950248756	0.7707208149779736	0.04175486381322958	0.3263735840076154	0.5510289899768697	0.09755454545454546	0.7028468045807167	0.36882251243781095	0.9770830249632894	0.8019693228858662	0.7932517225883763	0.8299676089681103	0.7139871813285458	0.16430239234449762	0.762962497982895	0.8889328378378378	0.7865270393437642	0.570549207920792	0.3974895573212259	0.35967540356839417	0.8663177156177155	0.8796853744493391	0.8805026752072344	0.7152720214669052	0.2754749124854142	0.7343135793991417	0.9079588715400995	0.8292816281014775	0.34629920318725105	0.7199278481012658	0.353508203125	0.9187988428047663	0.07832846715328468	0.6479956795131846	0.678770537757437	0.7387719244512507	0.31508270189431703	0.9748822758620691	0.981572099074788	0.6027334547109695	0.42014139650872817	0.9755550412735849	0.6544707165732586	0.7310864295580111	0.17760365853658538	0.9917707427707427	0.5128088495575222	0.33730196167883214	0.9166917274939173	0.42014139650872817	0.5958062776098583	0.4938979838709678	0.981572099074788	0.8937696899414063	0.2792914979757085
g__Lactococcus	0.11967657992565053	0.19980139643134212	0.9120468551983103	0.815159645072861	0.9955350126891624	0.4558514975845411	0.9561958759689922	0.7553467892921661	0.3171124321657622	0.9557557315936626	0.8228315632965165	0.8421429500203169	0.5086889447236181	0.9462770210057289	0.6200601833660773	0.305407931570762	0.9166917274939173	0.9822992307692308	0.7268723374586021	0.7205476658476658	0.777836311816361	0.8748439882697947	0.6544707165732586	0.9375308429536049	0.5268941176470588	0.7997617030762371	0.9008019949220167	0.8178413482181193	0.6260520905172414	0.9267188952509263	0.5169936420937243	0.7330200826730968	0.7412227758007117	0.8779539239226589	0.3625399154334038	0.777836311816361	0.7390887417218543	0.2633374233128834	0.1271445497630332	0.4502936023622048	0.8385795131291028	0.822360059549128	0.7755051012521256	0.15361349693251533	0.4273639510489511	0.6334788012618296	0.7031405196241017	0.9895055913570887	0.8779539239226589	0.6137761883705505	0.8606760330578513	0.2205520907158044	0.6081947083990092	0.7479613953488372	0.7975851349336514	0.6973350167722698	0.617532026286966	0.938424145785877	0.7471266422140714	0.5382515327695561	0.3320554579093432	0.9395292167695808	0.6835667362428842	0.5910265724381626	0.9023445043103449	0.7660599043062201	0.8642285008451436	0.8853605712166172	0.39913347122978565	0.4108328102189781	0.9318649622054246	0.7720204321277596	0.6594029166666666	0.5413481851657023	0.6131660088691796	0.20216654107008292	0.9685786764705883	0.4055967729970326	0.3889003859513701	0.38388347107438014	0.9804642504596923	0.790474841341795	0.9820228060046189	0.9820228060046189	1.0	0.6711034302325581	0.5638276483846731	0.4256956781447646	0.1584301181102362	0.9119647867465633	0.5364079428117554	0.07832846715328468	0.9551683406113537	0.646527444987775	0.769171154760019	0.7650709739633559	0.7046282776349614	0.2669726941747573	0.6603855281342547	0.9882473864284356	0.903562446504993	0.32866536101934873	0.6410179391682186	0.8884877397934088	0.29397626480086114	0.6489875885806844	0.19650716560509554	0.9187988428047663	0.2792914979757085	0.4190053424166368	0.19650716560509554	0.5749125367286974	0.8592131651556958	0.6260520905172414	0.9698737925494527	0.6309546262968452	0.8468882708585248	0.777836311816361	0.981572099074788	0.8801497925311204	0.839080642526545	0.7106056149248325	0.3171124321657622	0.4256956781447646	0.8251706371581617	0.979814116619773	0.95108768503937	0.6700606892523364	0.954846836628512	0.5973242718446602	0.9161914772727273	0.9796283841522626	0.305407931570762	0.570549207920792	0.25978212290502795	0.9748822758620691	0.772128984375	0.9557557315936626	0.8659373006612212	0.9742002083333334	0.3104188612099644	0.9136779951100243	0.617532026286966	0.9796283841522626	0.95108768503937	0.6460522369765067	0.6872776583710407
g__Lactonifactor	0.38537667057444314	0.3745603006907761	0.8438744801512288	0.463722821969697	0.9807434580794895	0.9768932098765433	0.8381435574421471	0.7083671217913708	0.31316779233870967	0.8311147550111359	0.7982329858525689	0.36882251243781095	0.09755454545454546	0.5621128812704815	0.6010148862853204	0.3309185306504445	0.04175486381322958	0.9561958759689922	0.8105759704519119	0.1724625	0.4912537859007833	0.8653313521930962	0.7028468045807167	0.4810448275862069	0.8393987765089723	0.4704136237256719	0.2633374233128834	0.5268941176470588	0.7561157290470722	0.7472960572284147	0.7387719244512507	0.13353054298642533	0.5073929411764706	0.9515427224143351	0.2852093023255814	0.6891153354632588	0.8019693228858662	0.7436363117232113	0.09755454545454546	0.48570565038257796	0.48570565038257796	0.45100290185849357	0.17760365853658538	0.7022916157690172	0.7997617030762371	0.4704136237256719	0.4055967729970326	0.9882473864284356	0.6805273090079818	0.777836311816361	0.8341398178807947	0.9747812692117005	0.9819350799460604	0.460729439847231	0.1724625	0.8083395196506549	0.05647894736842105	0.5621128812704815	0.9122103581460673	0.371576929426331	0.6020725405158639	0.954846836628512	0.8753193733282385	0.5984215405904059	0.3555423955191727	0.7014739710789767	0.941607953443259	0.38297614132592295	0.6751181572339192	0.6594029166666666	0.2852093023255814	0.3889003859513701	0.9180155929468711	0.705303629032258	0.3320554579093432	0.05647894736842105	0.8889328378378378	0.8675242244053774	0.94469389451252	0.38537667057444314	0.5364079428117554	0.6711034302325581	0.9397754545454546	0.8924571271393643	0.6711034302325581	1.0	0.7734129217851033	0.48468720070942944	0.7199278481012658	0.5793963329312425	0.9692759831036911	0.5258479245283019	0.9031456806282723	0.6568388104237118	0.8401722901385493	0.7600688780487804	0.8231854496606335	0.7285813662436988	0.8965981400437636	0.4190053424166368	0.7720204321277596	0.2205520907158044	0.8292816281014775	0.21694440433212994	0.13353054298642533	0.9313968405829347	0.23545412234042554	0.6962434596006718	0.46534745283018863	0.617532026286966	0.7707208149779736	0.9633300152827305	0.705303629032258	0.7792219917012448	0.2965595846645368	0.7997617030762371	0.4498724479682855	0.8462423883808499	0.6701927198602213	0.5688980568011958	0.9431844666451821	0.979814116619773	0.20216654107008292	0.9079588715400995	0.2697199281867146	0.7584289486552568	0.9685786764705883	0.9728223211605803	0.18142011834319527	0.376321186440678	0.9451679464000852	0.19650716560509554	0.9543260204081633	0.9441811885421121	0.06820550847457628	0.8299676089681103	0.376321186440678	0.983511768661735	0.3309185306504445	0.8479489743933504	0.8937696899414063	0.6027334547109695	0.841373241154941	0.5693021836228287	0.8919085158448551	0.938424145785877	0.48570565038257796
g__Laedolimicola	0.05647894736842105	0.8292816281014775	0.94469389451252	0.9079588715400995	0.9368911619756873	0.8617339432753888	0.9459414100658314	0.891031619537275	0.979814116619773	0.9122103581460673	0.8524399840700917	0.7946809893887311	0.8836746374116773	0.8135891153512574	0.9852384637431929	0.9030507923269392	0.29207947740881873	0.9177307683433317	0.8385795131291028	0.7100766969147005	0.891031619537275	0.8733478383579217	0.8154137856525496	0.6119350356824264	0.6119350356824264	0.6821777207977208	0.9141545422862453	0.678770537757437	0.7755051012521256	0.9031456806282723	0.7166754501693706	0.4359125042705842	0.7294323207776428	0.7677172463077657	0.8779539239226589	0.6912002811094453	0.5743946424182845	0.762962497982895	0.6137761883705505	0.8518525755357381	0.09755454545454546	0.5844448464651273	0.38745040808394865	0.17760365853658538	0.7822122533272142	0.6111774821109123	0.31508270189431703	0.6213176509043364	0.968570948875668	0.38537667057444314	0.8576300198019803	0.9694777029742766	0.9092930635838151	0.43050290758047766	0.5761294088910601	0.7660599043062201	0.8801497925311204	0.9120468551983103	0.376321186440678	0.4502936023622048	0.05647894736842105	0.9262241973639743	0.9617519840049216	0.4071607300884956	0.5749125367286974	0.21133260393873082	0.8534113573039671	0.44211863895407305	0.21133260393873082	0.8426833175483697	0.24003552631578948	0.13951462621885158	0.5128088495575222	0.8623475319926873	0.04175486381322958	0.34842746045694195	0.7635851756364808	0.24003552631578948	0.342406795679568	0.22707235494880548	0.6279826170622194	0.920430143868463	0.7755051012521256	0.591742320338187	0.5638276483846731	0.7734129217851033	1.0	0.07832846715328468	0.547823813229572	0.6776500095767094	0.4322721915920056	0.6776500095767094	0.7932517225883763	0.9187988428047663	0.5161746835443038	0.2965595846645368	0.7070342773615932	0.6370132819015847	0.7412227758007117	0.1724625	0.7031405196241017	0.3974895573212259	0.32019495345418914	0.95108768503937	0.22707235494880548	0.06820550847457628	0.951996046438657	0.9895055913570887	0.5364079428117554	0.09755454545454546	0.9120468551983103	0.967461968838527	0.14793531283138917	0.7600688780487804	0.9752672206923683	0.7685670209390862	0.4912537859007833	0.7792219917012448	0.7660599043062201	0.9770830249632894	0.9752672206923683	0.38537667057444314	0.25582057716436635	0.9710537767077941	0.7355986652977413	0.3439852429781543	0.3791217443729904	0.3320554579093432	0.11967657992565053	0.5873167654730852	0.6260520905172414	0.9807434580794895	0.07832846715328468	0.73775625	0.460729439847231	0.2477973059653624	0.623548665074886	0.18562685337726526	0.772128984375	0.20216654107008292	0.8836746374116773	0.9607335078534031	0.9098076732673268	0.13951462621885158	0.4744955447055233	0.9445205254164888	0.7535247648902821
g__Lancefieldella	0.04175486381322958	0.5423163302752294	0.3439852429781543	0.6872776583710407	0.7538028322081344	0.10609745762711865	0.8002860641139803	0.9607335078534031	0.4593609015345268	0.19100485436893203	0.2697199281867146	0.27967478753541075	0.5570122344509854	0.6771709416522241	0.38745040808394865	0.462966	0.7685670209390862	0.8853605712166172	0.8407163364993216	0.04175486381322958	0.7890202180826896	0.9079588715400995	0.8026939541041482	0.07832846715328468	0.11355555555555556	0.5924537110746898	0.6102790181573637	0.7171821352313167	0.6923031443009545	0.9917707427707427	0.9558771180304128	0.06820550847457628	0.6427582546201233	0.5973242718446602	0.7117855647780584	0.29397626480086114	0.15361349693251533	0.22707235494880548	0.4273639510489511	0.38297614132592295	0.7126930810810811	0.6410179391682186	0.07832846715328468	0.48570565038257796	0.7046282776349614	0.1584301181102362	0.05647894736842105	0.04175486381322958	0.8292816281014775	0.32182601744186046	0.23545412234042554	0.5112550748752079	0.9267188952509263	0.04175486381322958	0.8482504217432053	0.3397177989130435	0.11355555555555556	0.6568388104237118	0.11355555555555556	0.20651813471502592	0.04175486381322958	0.4757377392889699	0.42416068527022255	0.3309185306504445	0.8062353241822429	0.843450506962282	0.6479956795131846	0.9752672206923683	0.2725534554046072	0.570549207920792	0.18562685337726526	0.07832846715328468	0.05647894736842105	0.9882473864284356	0.04175486381322958	0.08898009950248756	0.7707208149779736	0.2633374233128834	0.38537667057444314	0.23155225893459203	0.20216654107008292	0.19980139643134212	0.11355555555555556	0.23155225893459203	0.4256956781447646	0.48468720070942944	0.07832846715328468	1.0	0.392133962264151	0.6213176509043364	0.1271445497630332	0.5382515327695561	0.17760365853658538	0.07832846715328468	0.35129016608391606	0.20216654107008292	0.5638276483846731	0.7728396535580524	0.9024290507462688	0.1584301181102362	0.7623285714285715	0.07832846715328468	0.6131660088691796	0.6632061468970935	0.11355555555555556	0.06820550847457628	0.912825298245614	0.7702526058117498	0.4341746396705559	0.11967657992565053	0.2429398447606727	0.3439852429781543	0.7310864295580111	0.3171124321657622	0.7553467892921661	0.6081947083990092	0.04175486381322958	0.3241978386167147	0.9748822758620691	0.9763209126594701	0.3791217443729904	0.48885666666666666	0.05647894736842105	0.9577616549876339	0.04175486381322958	0.3104188612099644	0.591742320338187	0.8228315632965165	0.07832846715328468	0.8562662523142026	0.9016206055508831	0.9122103581460673	0.15361349693251533	0.9431844666451821	0.13951462621885158	0.2884360943499726	0.9462770210057289	0.5189389496717725	0.06820550847457628	0.6641397177024112	0.7494102368726189	0.460729439847231	0.8829167979002625	0.8231854496606335	0.3889003859513701	0.7285813662436988	0.2825529411764706
g__Latilactobacillus	0.698293766282099	0.9738099880739416	0.6776500095767094	0.929772124734548	0.9323850898602175	0.08898009950248756	0.5252205739036274	0.8950784129692834	0.8663177156177155	0.7600688780487804	0.9132792564969117	0.9748822758620691	0.9260585541896921	0.9275071484681854	0.4411834401349073	0.7623285714285715	0.9208828984846757	0.8135891153512574	0.7351461683524773	0.607694081770951	0.5169936420937243	0.7872005006827493	0.06820550847457628	0.7319282068965517	0.8185699300699301	0.6370132819015847	0.7430267453625633	0.7836971153846154	0.9843257372654156	0.3625399154334038	0.486857796014068	0.7807205611775528	0.4190053424166368	0.7106056149248325	0.9842406555491662	0.7479613953488372	0.6489875885806844	0.9187988428047663	0.33730196167883214	0.29207947740881873	0.6410179391682186	0.5268941176470588	0.7387719244512507	0.49821400286944045	0.7430267453625633	0.7932517225883763	0.6962434596006718	0.1584301181102362	0.9267188952509263	0.17760365853658538	0.8659373006612212	0.5013513405590416	0.9182998273083122	0.6301501910016978	0.8277210134755755	0.8592131651556958	0.9215432340231976	0.9310316445830086	0.35129016608391606	0.7366785641025642	0.20216654107008292	0.5284988745980707	0.8909176636430498	0.2825529411764706	0.16430239234449762	0.19100485436893203	0.7910880271084337	0.839080642526545	0.6614594322885866	0.7412227758007117	0.8020592783505154	0.8271435497470488	0.14793531283138917	0.5258479245283019	0.2965595846645368	0.4190053424166368	0.48998858474082707	0.45473871803172544	0.7660599043062201	0.578123828030119	0.7518444591465431	0.8562662523142026	0.8554127828503375	0.9625854060134997	0.1584301181102362	0.7199278481012658	0.547823813229572	0.392133962264151	1.0	0.3309185306504445	0.29397626480086114	0.04175486381322958	0.8794436395759717	0.9748822758620691	0.5693021836228287	0.8003345430306621	0.6245223521767381	0.9008019949220167	0.9784085510920437	0.9030507923269392	0.9441811885421121	0.8679016655907037	0.6554379020979022	0.5423163302752294	0.5013513405590416	0.1724625	0.8970302769006558	0.8829167979002625	0.9852384637431929	0.6111774821109123	0.6844341163099071	0.7982329858525689	0.7792219917012448	0.6027334547109695	0.9763209126594701	0.8401722901385493	0.9370401706596653	0.7436363117232113	0.9575438989169675	0.30282769633507856	0.8154137856525496	0.9748822758620691	0.45473871803172544	0.8215374627501063	0.8185699300699301	0.7932517225883763	0.11355555555555556	0.6477899694811801	0.8733799666965544	0.6501072771376593	0.8547845562913908	0.4744955447055233	0.04175486381322958	0.9748822758620691	0.7487489382879894	0.10609745762711865	0.2852093023255814	0.437783906090507	0.8515576969212315	0.7816468290441176	0.6835667362428842	0.7380762781186093	0.9172973601945119	0.11967657992565053	0.05647894736842105	0.1724625	0.9842406555491662
g__Lawsonibacter	0.38745040808394865	0.5510289899768697	0.9023445043103449	0.9182998273083122	0.94469389451252	0.04175486381322958	0.7816468290441176	0.6772810483870968	0.47653685006045954	0.6598301405105877	0.7330200826730968	0.9978827102803738	0.8839091618175065	0.3320554579093432	0.04175486381322958	0.9835977541030809	0.3309185306504445	0.44632097902097906	0.22707235494880548	0.30762199999999995	0.7195814027630181	0.8628474302113226	0.6318888020283119	0.8320294060370009	0.570549207920792	0.7932517225883763	0.9375308429536049	0.9174775413438186	0.4055967729970326	0.38297614132592295	0.963007564311964	0.8350271676300579	0.32182601744186046	0.9748822758620691	0.18562685337726526	0.49821400286944045	0.9122103581460673	0.6805273090079818	0.7046282776349614	0.6760157539529502	0.8801497925311204	0.04175486381322958	0.903562446504993	0.9307695274186357	0.38388347107438014	0.4744955447055233	0.9738099880739416	0.6051388939256572	0.8796853744493391	0.6334788012618296	0.9557557315936626	0.7677172463077657	0.9106200352941177	0.7755051012521256	0.8675242244053774	0.944657691487092	0.20216654107008292	0.6289323021122253	0.1271445497630332	0.38537667057444314	0.3439852429781543	0.8020592783505154	0.8909176636430498	0.45753926852743015	0.5825253231211106	0.591742320338187	0.9963134202382069	0.6111774821109123	0.9902410232117479	0.11967657992565053	0.9539786228482003	0.9768932098765433	0.371576929426331	0.29397626480086114	0.32019495345418914	0.9575438989169675	0.9267188952509263	0.9748822758620691	0.9557557315936626	0.9389770406504065	0.9768932098765433	0.9120468551983103	0.9451679464000852	0.36882251243781095	0.9119647867465633	0.5793963329312425	0.6776500095767094	0.6213176509043364	0.3309185306504445	1.0	0.34629920318725105	0.42014139650872817	0.34842746045694195	0.5509614669421488	0.644782058101473	0.6262054768041236	0.9129058871627146	0.7535247648902821	0.32182601744186046	0.9970171396459679	0.9122103581460673	0.29207947740881873	0.981572099074788	0.972235045045045	0.6711034302325581	0.06820550847457628	0.6603855281342547	0.49821400286944045	0.19650716560509554	0.9304515415549598	0.3171124321657622	0.6701927198602213	0.9161914772727273	0.9182998273083122	0.8748439882697947	0.6309546262968452	0.9201504400502915	0.1724625	0.2884360943499726	0.4757377392889699	0.305407931570762	0.7605770454545455	0.8753193733282385	0.5749125367286974	0.8599451752658528	0.9256835082966475	0.3104188612099644	0.9431461819746182	0.9820228060046189	0.6797798362528561	0.48570565038257796	0.05647894736842105	0.3649171500630517	0.8819981590482153	0.4218602977667494	0.414280931744312	0.8653313521930962	0.45100290185849357	0.8524399840700917	0.05647894736842105	0.42416068527022255	0.9098076732673268	0.967461968838527	0.13951462621885158	0.05647894736842105	0.95108768503937	0.94469389451252
g__Lentihominibacter	0.06820550847457628	0.7494102368726189	0.5638276483846731	0.9916938138479001	0.31316779233870967	0.04175486381322958	0.2633374233128834	0.5958062776098583	0.371576929426331	0.2884360943499726	0.6027334547109695	0.6561398923444975	0.9490494130089899	0.7575236506378802	0.5086889447236181	0.6200601833660773	0.9182998273083122	0.6771709416522241	0.4411834401349073	0.04175486381322958	0.9008019949220167	0.6260520905172414	0.1678261269549218	0.19980139643134212	0.9796283841522626	0.7751643697739239	0.13951462621885158	0.6554379020979022	0.6554379020979022	0.9208828984846757	0.7854143945163746	0.16430239234449762	0.9848718929254302	0.769651826664558	0.22340735600277584	0.6772810483870968	0.05647894736842105	0.45100290185849357	0.48885666666666666	0.5621128812704815	0.968570948875668	0.10609745762711865	0.29397626480086114	0.41339137868315745	0.1271445497630332	0.27967478753541075	0.1584301181102362	0.11355555555555556	0.9916938138479001	0.19980139643134212	0.18142011834319527	0.1724625	0.9431461819746182	0.20216654107008292	0.7494102368726189	0.10609745762711865	0.5749125367286974	0.7635851756364808	0.11967657992565053	0.342406795679568	0.05647894736842105	0.7561157290470722	0.6912002811094453	0.1678261269549218	0.19100485436893203	0.2522534942820838	0.514070507166483	0.9873460329555195	0.06820550847457628	0.5728837232208815	0.05647894736842105	0.3309185306504445	0.9067249466192171	0.9738099880739416	0.30762199999999995	0.40416494960806276	0.9624722665847666	0.05647894736842105	0.13951462621885158	0.9462770210057289	0.6701927198602213	0.05647894736842105	0.5656651162790697	0.18142011834319527	0.5364079428117554	0.9692759831036911	0.4322721915920056	0.1271445497630332	0.29397626480086114	0.34629920318725105	1.0	0.509692658509455	0.29397626480086114	0.44211863895407305	0.44632097902097906	0.06820550847457628	0.5068003940332114	0.7390887417218543	0.9970171396459679	0.7152720214669052	0.32182601744186046	0.2205520907158044	0.9617519840049216	0.839080642526545	0.18562685337726526	0.1271445497630332	0.4807462343096235	0.38297614132592295	0.3935383938814531	0.04175486381322958	0.7615772948426857	0.04175486381322958	0.04175486381322958	0.8869175475426031	0.644782058101473	0.17760365853658538	0.18142011834319527	0.509692658509455	0.5013513405590416	0.2477973059653624	0.06820550847457628	0.8299676089681103	0.13951462621885158	0.9807434580794895	0.7199278481012658	0.04175486381322958	0.3745603006907761	0.6411158383171788	0.04175486381322958	0.6168027015154843	0.8809652823086574	0.2477973059653624	0.2205520907158044	0.7720204321277596	0.09755454545454546	0.6221647173913043	0.9016206055508831	0.9375308429536049	0.2429398447606727	0.881647981444333	0.05647894736842105	0.4938979838709678	0.95108768503937	0.08898009950248756	0.8342391735537191	0.9016206055508831	0.644782058101473
g__Leuconostoc	0.4912537859007833	0.5464576853055917	0.8292816281014775	0.646527444987775	0.7126930810810811	0.5761294088910601	0.7171821352313167	0.8336944881889764	0.48468720070942944	0.8727549306625577	0.646527444987775	0.7143747044070224	0.8020592783505154	0.9784085510920437	0.2884360943499726	0.772128984375	0.972235045045045	0.616069522131689	0.9435263711495117	0.8003345430306621	0.8562662523142026	0.9526202383441355	0.7199278481012658	0.9748822758620691	0.9738099880739416	0.9291958617604295	0.8873762379896526	0.5570122344509854	0.94469389451252	0.7775006944444444	0.9738099880739416	0.9848718929254302	0.790474841341795	0.31508270189431703	0.8484376203208557	0.8342391735537191	0.7751643697739239	0.3889003859513701	0.21694440433212994	0.5593557648256554	0.9677730081793395	0.83535437053326	0.9796283841522626	0.2852093023255814	0.8462423883808499	0.9380293695652174	0.9895055913570887	0.3935383938814531	0.7471266422140714	0.9916938138479001	0.8836746374116773	0.7330200826730968	0.6350541553276116	0.8688777734827985	0.7455372116349047	0.7126930810810811	0.928398833295939	0.762962497982895	0.638824273255814	0.7676463961813842	0.6508293061718435	0.9690738977249849	0.8330176161504426	0.7508146688741721	0.8779539239226589	0.8070951998832798	0.9132792564969117	0.6568388104237118	0.486857796014068	0.9807434580794895	0.8845806383768402	0.4341746396705559	0.4218602977667494	0.6760157539529502	0.8836746374116773	0.3935383938814531	0.8049430268367795	0.9804642504596923	0.591742320338187	0.8190493871151653	0.463722821969697	0.5693021836228287	0.7865270393437642	0.9235886180705135	0.07832846715328468	0.5258479245283019	0.6776500095767094	0.5382515327695561	0.04175486381322958	0.42014139650872817	0.509692658509455	1.0	0.9942653560342395	0.9120468551983103	0.9291958617604295	0.9177307683433317	0.8264485159656774	0.808990639965172	0.808990639965172	0.9262241973639743	0.9030507923269392	0.4807462343096235	0.6411158383171788	0.6271632447492499	0.8839091618175065	0.5169936420937243	0.8381435574421471	0.9397754545454546	0.6598301405105877	0.7745821832842301	0.04175486381322958	0.952932528987778	0.9208828984846757	0.7196974558303887	0.8329158448753462	0.46927309124767225	0.9404696629213484	0.7028468045807167	0.9942653560342395	0.8185699300699301	0.9375308429536049	0.8292816281014775	0.8771852877652141	0.45473871803172544	0.983511768661735	0.7366785641025642	0.8518525755357381	0.7703657210401892	0.944657691487092	0.9352684732319895	0.8919085158448551	0.7751643697739239	0.8576300198019803	0.9721339779559118	0.6531071543086173	0.7412227758007117	0.7660599043062201	0.9517695979899496	0.7430267453625633	0.8995122048674173	0.5284988745980707	0.8330176161504426	0.8995122048674173	0.31508270189431703	0.46927309124767225	0.33469678456591645	0.964030461350443
g__Ligilactobacillus	0.1584301181102362	0.95108768503937	0.8228315632965165	0.9848718929254302	0.8271435497470488	0.4411834401349073	0.6568388104237118	0.9401228589965398	0.9804642504596923	0.3555423955191727	0.7946809893887311	0.9437664808063478	0.9887973781704189	0.9503142313787638	0.5856052719069105	0.7003934657508818	0.964030461350443	0.9310316445830086	0.47653685006045954	0.6137761883705505	0.824003743995479	0.9441811885421121	0.5973242718446602	0.41339137868315745	0.8829167979002625	0.504165429300085	0.6641397177024112	0.7003934657508818	0.8836746374116773	0.9198876901956297	0.9458062500000001	0.8060808221181976	0.7792219917012448	0.9738099880739416	0.6891153354632588	0.6561398923444975	0.5334089409260244	0.9052528859857483	0.9129058871627146	0.9957013523666416	0.9441811885421121	0.3974895573212259	0.7788895474137931	0.8113076978729561	0.7022916157690172	0.44795520557029184	0.13951462621885158	0.22340735600277584	0.486857796014068	0.7390887417218543	0.7143747044070224	0.5258479245283019	0.8591578365574419	0.06820550847457628	0.9255169171657814	0.7343135793991417	0.9677730081793395	0.94651173290938	0.5749125367286974	0.3974895573212259	0.342406795679568	0.9073520981507823	0.9141545422862453	0.8299676089681103	0.623548665074886	0.9663558203204219	0.8484376203208557	0.912825298245614	0.6603855281342547	0.22340735600277584	0.5621128812704815	0.47280799142682184	0.7677172463077657	0.6020725405158639	0.3309185306504445	0.48570565038257796	0.9424597285067874	0.45100290185849357	0.6102790181573637	0.4558514975845411	0.5621128812704815	0.514070507166483	0.29940395569620254	0.08898009950248756	0.9551683406113537	0.9031456806282723	0.7932517225883763	0.17760365853658538	0.8794436395759717	0.34842746045694195	0.29397626480086114	0.9942653560342395	1.0	0.8474191920547578	0.29207947740881873	0.342406795679568	0.7734129217851033	0.981572099074788	0.8178413482181193	0.4593609015345268	0.6147894771674387	0.769171154760019	0.8438744801512288	0.8738903027980068	0.5910265724381626	0.11355555555555556	0.6691438853130486	0.8623475319926873	0.45473871803172544	0.3439852429781543	0.8642285008451436	0.25978212290502795	0.6081947083990092	0.9008019949220167	0.9957013523666416	0.8034451873622336	0.18142011834319527	0.5693021836228287	0.3320554579093432	0.8779539239226589	0.5825253231211106	0.7836971153846154	0.19980139643134212	0.937086451048951	0.4502936023622048	0.7650709739633559	0.8292816281014775	0.4218602977667494	0.5128088495575222	0.9397754545454546	0.941607953443259	0.7717903529411765	0.3974895573212259	0.9820228060046189	0.9174775413438186	0.9543260204081633	0.9503142313787638	0.981572099074788	0.5189389496717725	0.509692658509455	0.9208828984846757	0.8779539239226589	0.8738590403071017	0.6603855281342547	0.5464576853055917	0.5189389496717725	0.462966
g__Limivivens	0.305407931570762	0.5593557648256554	0.42014139650872817	0.11355555555555556	0.7199278481012658	0.8113076978729561	0.9631198347950235	0.8716008733624453	0.25978212290502795	0.23545412234042554	0.05647894736842105	0.2697199281867146	0.9755550412735849	0.05647894736842105	0.6554379020979022	0.46927309124767225	0.31508270189431703	0.8638441030981514	0.9376783289817232	0.04175486381322958	0.7126930810810811	0.23545412234042554	0.7932517225883763	0.37353911439114396	0.08898009950248756	0.7003934657508818	0.9428032508073196	0.9655502741673436	0.6252215813350616	0.6410179391682186	0.6294758936170213	0.1724625	0.5910265724381626	0.7455372116349047	0.2205520907158044	0.49265186470078054	0.09755454545454546	0.8277210134755755	0.5207346615720525	0.7836971153846154	0.849077654601309	0.7302423236514523	0.44632097902097906	0.9739085683081812	0.25582057716436635	0.06820550847457628	0.05647894736842105	0.2965595846645368	0.9892529193961833	0.5423163302752294	0.06820550847457628	0.8924571271393643	0.3745603006907761	0.13353054298642533	0.7742388164026095	0.05647894736842105	0.04175486381322958	0.3171124321657622	0.1584301181102362	0.2884360943499726	0.38745040808394865	0.9208828984846757	0.2852093023255814	0.20651813471502592	0.9267188952509263	0.8988659033078881	0.543704	0.504165429300085	0.5128088495575222	0.9963134202382069	0.1271445497630332	0.7195814027630181	0.25582057716436635	0.5924537110746898	0.31508270189431703	0.22340735600277584	0.7100766969147005	0.8675242244053774	0.23155225893459203	0.2754749124854142	0.6760157539529502	0.09755454545454546	0.47653685006045954	0.7707208149779736	0.646527444987775	0.6568388104237118	0.9187988428047663	0.07832846715328468	0.9748822758620691	0.5509614669421488	0.44211863895407305	0.9120468551983103	0.8474191920547578	1.0	0.7117855647780584	0.2754749124854142	0.1584301181102362	0.09755454545454546	0.6603855281342547	0.4108328102189781	0.5656651162790697	0.06820550847457628	0.8258683988170681	0.5984215405904059	0.06820550847457628	0.7073149106817352	0.38297614132592295	0.27967478753541075	0.04175486381322958	0.11355555555555556	0.19650716560509554	0.9267188952509263	0.7685670209390862	0.6411158383171788	0.9663558203204219	0.3397177989130435	0.16430239234449762	0.6508293061718435	0.8002860641139803	0.5252205739036274	0.7846164226898444	0.7660599043062201	0.04175486381322958	0.7932517225883763	0.463722821969697	0.5667894763092269	0.7430267453625633	0.9779394896362925	0.05647894736842105	0.9752672206923683	0.6711034302325581	0.6872776583710407	0.981211858509713	0.6854281634197087	0.09755454545454546	0.9539786228482003	0.937086451048951	0.7139871813285458	0.04175486381322958	0.8733478383579217	0.9935923548843794	0.06820550847457628	0.9612430594028932	0.815159645072861	0.9748822758620691	0.7959279205258439	0.4593609015345268
g__Limosilactobacillus	0.18562685337726526	0.9979529411764706	0.6137761883705505	0.8363694230769232	0.6772810483870968	0.3320554579093432	0.9629934695963208	0.46870649391195757	0.9653428295558492	0.8401722901385493	0.30282769633507856	0.8744792443196323	0.94651173290938	0.6039386327503975	0.9235886180705135	0.9830474863020282	0.9380293695652174	0.8288378484381566	0.7711958058435439	0.777836311816361	0.9129058871627146	0.7677172463077657	0.9059893531157271	0.8366941563786008	0.9679769067796611	0.9577616549876339	0.9262241973639743	0.7195814027630181	0.94651173290938	0.9494814204185162	0.7518444591465431	0.2852093023255814	0.6771709416522241	0.47280799142682184	0.9785961130053581	0.9172973601945119	0.9762258447937132	0.25582057716436635	0.8251706371581617	0.9677730081793395	0.9671590826245444	0.7417842327863307	0.23545412234042554	0.8426833175483697	0.8582535478765498	0.13951462621885158	0.353508203125	0.5924537110746898	0.7417842327863307	0.18142011834319527	0.6531071543086173	0.617532026286966	0.9732169279936084	0.5995137597791073	0.7192093716719915	0.6508293061718435	0.8779539239226589	0.504165429300085	0.5450844328552803	0.5053446640316206	0.6460522369765067	0.9016206055508831	0.849077654601309	0.44632097902097906	0.8628474302113226	0.45346678594664924	0.858762766798419	0.8426833175483697	0.5809301846080077	0.3397177989130435	0.8062353241822429	0.6427582546201233	0.5789023728813559	0.9376783289817232	0.8836746374116773	0.4668136235515189	0.5656651162790697	0.33730196167883214	0.8292816281014775	0.9106200352941177	0.7623285714285715	0.6121439333333333	0.486857796014068	0.04175486381322958	0.769171154760019	0.8401722901385493	0.5161746835443038	0.35129016608391606	0.5693021836228287	0.644782058101473	0.44632097902097906	0.9291958617604295	0.29207947740881873	0.7117855647780584	1.0	0.8020592783505154	0.8836746374116773	0.5128088495575222	0.6854281634197087	0.8166397217042031	0.7095456628477905	0.8185699300699301	0.777836311816361	0.5189389496717725	0.8185699300699301	0.05647894736842105	0.45346678594664924	0.5633977369876791	0.843450506962282	0.9752672206923683	0.7553467892921661	0.8026939541041482	0.9551683406113537	0.9375308429536049	0.9329545676274945	0.9431844666451821	0.34842746045694195	0.8904754969325153	0.8164891304347826	0.9031456806282723	0.9182998273083122	0.4256956781447646	0.23545412234042554	0.9407143227199136	0.15361349693251533	0.9820228060046189	0.7247736897274633	0.7100766969147005	0.7822122533272142	0.9978827102803738	0.9677730081793395	0.7115182854042321	0.9989308833131237	0.9407143227199136	0.7932517225883763	0.19980139643134212	0.18142011834319527	0.9351164755183061	0.8952951424397371	0.8385795131291028	0.6279826170622194	0.9738099880739416	0.9187988428047663	0.11355555555555556	0.7830153575794621	0.7800320079828063	0.5252205739036274
g__Longicatena	0.04175486381322958	0.3581597686375321	0.7575236506378802	0.4810448275862069	0.8869175475426031	0.13951462621885158	0.6221647173913043	0.8932230054978619	0.4190053424166368	0.7494102368726189	0.6623995867768595	0.3649171500630517	0.29397626480086114	0.7932517225883763	0.6531071543086173	0.6131660088691796	0.5610873475609757	0.9704640806904857	0.8407163364993216	0.05647894736842105	0.32866536101934873	0.6102790181573637	0.6427582546201233	0.27967478753541075	0.7623285714285715	0.9404696629213484	0.8329158448753462	0.7734129217851033	0.6866785754770451	0.929772124734548	0.9869819862752574	0.1584301181102362	0.9246589540412045	0.6614594322885866	0.11355555555555556	0.27967478753541075	0.04175486381322958	0.2852093023255814	0.3889003859513701	0.21133260393873082	0.9267188952509263	0.32866536101934873	0.10609745762711865	0.6119350356824264	0.3959763518659558	0.08898009950248756	0.08898009950248756	0.3677275732217573	0.8200046204151266	0.15361349693251533	0.04175486381322958	0.38297614132592295	0.9023445043103449	0.05647894736842105	0.2792914979757085	0.09755454545454546	0.2825529411764706	0.6955389231632081	0.19980139643134212	0.3959763518659558	0.05647894736842105	0.5364079428117554	0.42014139650872817	0.3320554579093432	0.5237333876221498	0.6526569620253165	0.7310864295580111	0.9368911619756873	0.35129016608391606	0.7660599043062201	0.05647894736842105	0.305407931570762	0.38297614132592295	0.9187988428047663	0.04175486381322958	0.09755454545454546	0.7702526058117498	0.46534745283018863	0.32866536101934873	0.35967540356839417	0.06820550847457628	0.1678261269549218	0.5053446640316206	0.3263735840076154	0.7650709739633559	0.7600688780487804	0.2965595846645368	0.20216654107008292	0.8003345430306621	0.6262054768041236	0.06820550847457628	0.9177307683433317	0.342406795679568	0.2754749124854142	0.8020592783505154	1.0	0.2792914979757085	0.9016206055508831	0.9857927807486632	0.09755454545454546	0.9846932350971198	0.15361349693251533	0.39913347122978565	0.9187988428047663	0.06820550847457628	0.37353911439114396	0.4558514975845411	0.705303629032258	0.11355555555555556	0.05647894736842105	0.8190493871151653	0.09755454545454546	0.18142011834319527	0.8462423883808499	0.979814116619773	0.3974895573212259	0.04175486381322958	0.07832846715328468	0.922999909245604	0.21694440433212994	0.3309185306504445	0.9970883316178534	0.13951462621885158	0.7180694029850746	0.2633374233128834	0.16430239234449762	0.5268941176470588	0.938424145785877	0.05647894736842105	0.9359829777875522	0.9458062500000001	0.9868998282770464	0.13353054298642533	0.871229702970297	0.13353054298642533	0.8190493871151653	0.8638441030981514	0.7928873271196631	0.17760365853658538	0.5073929411764706	0.5693021836228287	0.15361349693251533	0.94651173290938	0.8282628523348758	0.7932517225883763	0.7196974558303887	0.34629920318725105
g__Massilioclostridium	0.1271445497630332	0.25582057716436635	0.9175513167013167	0.10609745762711865	0.7910880271084337	0.7022916157690172	0.8515576969212315	0.6665178299120235	0.4411834401349073	0.6102790181573637	0.1271445497630332	0.7343135793991417	0.45753926852743015	0.7166754501693706	0.6260520905172414	0.8970302769006558	0.5450844328552803	0.5749125367286974	0.9561958759689922	0.44211863895407305	0.45100290185849357	0.49265186470078054	0.8663177156177155	0.15361349693251533	0.35129016608391606	0.437783906090507	0.769651826664558	0.73775625	0.9318649622054246	0.547823813229572	0.9655502741673436	0.5809301846080077	0.6652001761597182	0.9180155929468711	0.1678261269549218	0.342406795679568	0.20216654107008292	0.5984215405904059	0.8606760330578513	0.9451679464000852	0.9073520981507823	0.9846932350971198	0.4273639510489511	0.5924537110746898	0.8154137856525496	0.13951462621885158	0.2522534942820838	0.3555423955191727	0.9375308429536049	0.33730196167883214	0.6872776583710407	0.5161746835443038	0.8628474302113226	0.41695171047893403	0.667441393442623	0.45753926852743015	0.19980139643134212	0.1724625	0.33469678456591645	0.09755454545454546	0.73775625	0.8105759704519119	0.4807462343096235	0.504165429300085	0.6427582546201233	0.7872005006827493	0.7028468045807167	0.9541027722772276	0.5169936420937243	0.9182998273083122	0.4018091829085457	0.9450317470456724	1.0	1.0	0.11355555555555556	0.6411158383171788	0.5638276483846731	0.8329158448753462	0.1724625	0.6835667362428842	0.05647894736842105	0.48885666666666666	0.17760365853658538	0.5510289899768697	0.7046282776349614	0.8231854496606335	0.7070342773615932	0.5638276483846731	0.6245223521767381	0.9129058871627146	0.5068003940332114	0.8264485159656774	0.7734129217851033	0.1584301181102362	0.8836746374116773	0.2792914979757085	1.0	0.7472960572284147	0.4558514975845411	0.4108328102189781	0.8873762379896526	0.8288378484381566	0.5761294088910601	0.5252205739036274	0.3959763518659558	0.6508293061718435	0.3745603006907761	0.9389770406504065	0.43050290758047766	0.44632097902097906	0.5633977369876791	0.9917707427707427	0.5207346615720525	0.6260520905172414	0.769651826664558	0.5825253231211106	0.3104188612099644	0.5924537110746898	0.9747812692117005	0.5529342571208622	0.31316779233870967	0.9555885818181817	0.07832846715328468	0.8568921125644076	0.18562685337726526	0.5258479245283019	0.9291958617604295	0.8002860641139803	0.5128088495575222	0.9370401706596653	0.9313968405829347	0.8292816281014775	0.48885666666666666	0.9916167392539292	0.6973350167722698	0.7670373804971319	0.8608939837823697	0.6623995867768595	0.3309185306504445	0.45473871803172544	0.8836746374116773	0.1678261269549218	0.6020725405158639	0.6991801895558447	0.9289773766816143	0.9323850898602175	0.22340735600277584
g__Mediterraneibacter	0.8760167239404353	0.7479613953488372	0.7422184397163122	0.9318649622054246	0.19650716560509554	0.2205520907158044	0.9739085683081812	0.18562685337726526	0.20651813471502592	0.9942653560342395	0.9368445394736843	0.1724625	0.8264485159656774	0.9939485002829654	0.8099601943155452	0.9166917274939173	0.8192943645937099	0.7728396535580524	0.9441811885421121	0.5793963329312425	0.5068003940332114	0.6526569620253165	0.8688777734827985	0.13951462621885158	0.8591578365574419	0.972235045045045	0.9141545422862453	0.8733799666965544	0.4704136237256719	0.6508293061718435	0.7932517225883763	0.7650709739633559	0.9016206055508831	0.9846932350971198	0.8292816281014775	0.9960543406851243	0.5086889447236181	0.547823813229572	0.9411614754098361	0.9177307683433317	0.9738099880739416	0.9245955117307039	0.462966	0.8829167979002625	0.8675242244053774	0.7788895474137931	0.7253811649808163	0.2697199281867146	0.9346545855865799	0.986534892601432	0.05647894736842105	0.6479956795131846	0.7707208149779736	0.8944245303732618	0.9206042655109489	0.5364079428117554	0.7615772948426857	0.5128088495575222	0.6081947083990092	0.9942653560342395	0.7946809893887311	0.9748822758620691	0.6598301405105877	0.9710537767077941	0.9768932098765433	0.9307695274186357	0.8002860641139803	0.9132792564969117	0.7422184397163122	0.9942653560342395	0.4341746396705559	0.7351461683524773	0.5897490084985836	0.8628474302113226	0.5930223570595099	0.591742320338187	0.642401503294893	0.9458062500000001	0.9555885818181817	0.803840865737344	0.7742388164026095	0.7660599043062201	0.9882473864284356	0.09755454545454546	0.2669726941747573	0.7285813662436988	0.6370132819015847	0.7728396535580524	0.9008019949220167	0.7535247648902821	0.7390887417218543	0.808990639965172	0.981572099074788	0.09755454545454546	0.5128088495575222	0.9016206055508831	0.7472960572284147	1.0	0.972235045045045	0.5656651162790697	0.7763238882025943	0.2633374233128834	0.7846164226898444	0.9376783289817232	0.45753926852743015	0.9174775413438186	0.2725534554046072	0.6027334547109695	0.3397177989130435	0.938424145785877	0.18142011834319527	0.912825298245614	0.7932517225883763	0.9132792564969117	0.8062353241822429	0.3439852429781543	0.7296485278836162	0.5464576853055917	0.6102790181573637	0.10609745762711865	0.9441811885421121	0.9307145631067961	0.23155225893459203	0.5984215405904059	0.09755454545454546	0.8200046204151266	0.8873762379896526	0.9260585541896921	0.642401503294893	0.8524399840700917	0.8062353241822429	0.9841554105909439	0.8056896425432171	0.8568921125644076	0.5793963329312425	0.7031405196241017	0.6641397177024112	0.9881666666666666	0.33469678456591645	0.7070342773615932	0.95108768503937	0.353508203125	0.7227920490367776	0.9260585541896921	0.9942653560342395	0.9275071484681854	0.462966
g__Megamonas	0.1584301181102362	0.33730196167883214	0.7031405196241017	0.8020592783505154	0.9927669215519683	0.7351461683524773	0.45100290185849357	0.11967657992565053	0.7518444591465431	0.963007564311964	0.983511768661735	0.4807462343096235	0.9307695274186357	0.29397626480086114	0.903562446504993	0.790474841341795	0.25582057716436635	0.7180694029850746	0.7106056149248325	0.824003743995479	0.9228294378194207	0.5793963329312425	0.13353054298642533	0.9149759986065954	0.4411834401349073	0.8288378484381566	0.9567117136659435	0.94469389451252	0.6121439333333333	0.9267188952509263	0.2522534942820838	0.9631198347950235	0.9079588715400995	0.9016206055508831	0.9187988428047663	0.8178413482181193	0.9732143671265747	0.6350541553276116	0.8342391735537191	0.9249313807531381	0.9830474863020282	0.8393987765089723	0.808990639965172	0.34842746045694195	0.9784085510920437	0.7800320079828063	0.9079588715400995	0.7800320079828063	0.8836746374116773	0.5510289899768697	0.9667577363461344	0.7717903529411765	0.3439852429781543	0.944657691487092	0.6866785754770451	0.8329158448753462	0.9819350799460604	0.9190806111937736	0.9411614754098361	0.9631198347950235	0.6561398923444975	0.32866536101934873	0.9748822758620691	0.8245878492802708	0.5667894763092269	0.5793963329312425	0.9738099880739416	0.8628965095076843	0.38205282338806573	0.4190053424166368	0.5910265724381626	0.9166917274939173	0.8056896425432171	0.5973242718446602	0.7605770454545455	0.6027334547109695	0.9557557315936626	0.9082612903225807	0.4668136235515189	0.8288378484381566	0.7615772948426857	0.9690738977249849	0.9923159535279116	0.7028468045807167	0.6603855281342547	0.8965981400437636	0.7412227758007117	0.9024290507462688	0.9784085510920437	0.32182601744186046	0.9970171396459679	0.808990639965172	0.8178413482181193	0.6603855281342547	0.6854281634197087	0.9857927807486632	0.4558514975845411	0.972235045045045	1.0	0.7865270393437642	0.7566347797609301	0.4411834401349073	0.8323642728156689	0.45100290185849357	0.7022916157690172	0.8482504217432053	0.95108768503937	0.6262054768041236	0.5268941176470588	0.8663177156177155	0.8889328378378378	0.8002860641139803	0.6015454087474238	0.9970883316178534	0.9557557315936626	0.8671459039730813	0.7711958058435439	0.9249313807531381	0.672531403678606	0.9763209126594701	0.7751643697739239	0.5667894763092269	0.9368911619756873	0.9329545676274945	0.6805273090079818	0.8468882708585248	0.9647424344112264	0.9376783289817232	0.8178413482181193	0.49821400286944045	0.8671459039730813	0.5973242718446602	0.6700606892523364	0.9073520981507823	0.4018091829085457	0.9644357927946265	0.9370401706596653	0.9887973781704189	0.9738099880739416	0.8330176161504426	0.9435263711495117	0.9916938138479001	0.04175486381322958	0.9895055913570887	0.9557557315936626	0.8554127828503375	0.8105759704519119
g__Merdibacter	0.05647894736842105	0.45753926852743015	0.5086889447236181	0.9122103581460673	0.8836746374116773	0.3581597686375321	0.8342391735537191	0.9677730081793395	0.1271445497630332	0.9558771180304128	0.9262241973639743	0.04175486381322958	0.3649171500630517	0.32866536101934873	0.4827995850622407	0.8320294060370009	0.5924537110746898	0.9629934695963208	0.8836746374116773	0.11967657992565053	0.486857796014068	0.6561398923444975	0.9784085510920437	0.23545412234042554	0.667441393442623	0.981572099074788	0.9624722665847666	0.9016206055508831	0.6332195569620253	0.9352684732319895	0.9978827102803738	0.1678261269549218	0.9024290507462688	0.5053446640316206	0.6221647173913043	0.486857796014068	0.23545412234042554	0.40915629357798167	0.6111774821109123	0.2965595846645368	0.6289323021122253	0.7227920490367776	0.09755454545454546	0.9215432340231976	0.7106056149248325	0.20216654107008292	0.2477973059653624	0.3439852429781543	0.7896886250189079	0.4668136235515189	0.36882251243781095	0.9023445043103449	0.9785961130053581	0.42014139650872817	0.7584289486552568	0.35129016608391606	0.06820550847457628	0.9368445394736843	0.5509614669421488	0.9067249466192171	0.1584301181102362	0.7676463961813842	0.9132792564969117	0.7982329858525689	0.9431844666451821	0.8292816281014775	0.5364079428117554	0.9307145631067961	0.30282769633507856	0.7199278481012658	0.06820550847457628	0.2965595846645368	0.23545412234042554	0.9375308429536049	0.04175486381322958	0.06820550847457628	0.7430267453625633	0.34842746045694195	0.7294323207776428	0.40915629357798167	0.29397626480086114	0.2725534554046072	0.5068003940332114	0.36882251243781095	0.9882473864284356	0.4190053424166368	0.1724625	0.1584301181102362	0.9030507923269392	0.9970171396459679	0.7152720214669052	0.9262241973639743	0.4593609015345268	0.4108328102189781	0.8166397217042031	0.09755454545454546	0.4108328102189781	0.5656651162790697	0.7865270393437642	1.0	0.7917502256317689	0.2725534554046072	0.05647894736842105	0.7775006944444444	0.1271445497630332	0.462966	0.5887445680473372	0.4284197011813759	0.47280799142682184	0.2825529411764706	0.7584289486552568	0.2825529411764706	0.5638276483846731	0.3677275732217573	0.8292816281014775	0.8264485159656774	0.09755454545454546	0.35967540356839417	0.9249313807531381	0.4108328102189781	0.95108768503937	0.8034451873622336	0.2429398447606727	0.9777506703199922	0.13353054298642533	0.5013513405590416	0.9631198347950235	0.9375308429536049	0.1724625	0.7941453906016163	0.9752672206923683	0.7711958058435439	0.7436363117232113	0.8753193733282385	0.4108328102189781	0.8192943645937099	0.9445205254164888	0.6652001761597182	0.32019495345418914	0.2633374233128834	0.9967589277345581	0.5793963329312425	0.8329158448753462	0.9389770406504065	0.38297614132592295	0.7703657210401892	0.23155225893459203
g__Merdimmobilis	0.2429398447606727	0.9882473864284356	0.7073149106817352	0.8738590403071017	0.9617519840049216	0.9979529411764706	0.9917707427707427	0.9777506703199922	0.7702526058117498	0.6131660088691796	0.305407931570762	0.9275071484681854	0.9174775413438186	0.7734129217851033	0.9781279769463711	0.8779539239226589	0.3171124321657622	0.7932517225883763	0.9835977541030809	0.8582535478765498	0.7660599043062201	0.8716008733624453	0.9742002083333334	0.9939485002829654	0.8805026752072344	0.30282769633507856	0.8026939541041482	0.9132792564969117	0.9558771180304128	0.8003345430306621	0.95108768503937	0.4108328102189781	0.48998858474082707	0.667441393442623	0.8796853744493391	0.7910880271084337	0.25978212290502795	0.8173583404987103	0.6102790181573637	0.9016206055508831	0.9748822758620691	0.9526202383441355	0.5509614669421488	0.49265186470078054	0.6854281634197087	0.596775	0.7472960572284147	0.9459414100658314	0.960008544108575	0.9848718929254302	0.9841554105909439	0.7543277330264672	0.47280799142682184	0.7734129217851033	0.8779539239226589	0.9395292167695808	0.4411834401349073	0.6334788012618296	0.9073520981507823	0.5073929411764706	0.6081947083990092	0.9445205254164888	0.8983275891341257	0.38537667057444314	0.9260585541896921	0.9351164755183061	0.7031405196241017	0.6891153354632588	0.6168027015154843	0.8873762379896526	0.5633977369876791	0.4757377392889699	0.6350541553276116	0.9166917274939173	0.9482153195090987	0.5112550748752079	0.9984887540830611	0.8733799666965544	0.3677275732217573	0.7046282776349614	0.6866785754770451	0.6652001761597182	0.9462770210057289	0.9770830249632894	0.903562446504993	0.7720204321277596	0.7031405196241017	0.7623285714285715	0.9441811885421121	0.9122103581460673	0.32182601744186046	0.9030507923269392	0.6147894771674387	0.5656651162790697	0.7095456628477905	0.9846932350971198	0.8873762379896526	0.7763238882025943	0.7566347797609301	0.7917502256317689	1.0	0.8524399840700917	0.8385795131291028	0.8681662669245647	0.38537667057444314	0.981211858509713	0.9201504400502915	0.7800320079828063	0.8779539239226589	0.6805273090079818	0.8547845562913908	0.8738590403071017	0.6594029166666666	0.543704	0.8898138875245579	0.9732143671265747	0.678770537757437	0.8078358111062527	0.21133260393873082	0.33469678456591645	0.7472960572284147	0.95108768503937	0.4341746396705559	0.803840865737344	0.6137761883705505	0.38537667057444314	0.7711958058435439	0.7987604848304579	0.2429398447606727	0.6891153354632588	0.9172973601945119	0.5413481851657023	0.7171821352313167	0.9059893531157271	0.9395292167695808	0.7742388164026095	0.2633374233128834	0.9942653560342395	0.6603855281342547	0.952932528987778	0.7430267453625633	0.9719352221442183	0.6623995867768595	0.9843257372654156	0.967461968838527	0.9119647867465633	0.35967540356839417
g__Merdimonas	0.04175486381322958	0.05647894736842105	0.6772810483870968	0.7660599043062201	0.9612430594028932	0.6772810483870968	0.9441811885421121	0.8779539239226589	0.05647894736842105	0.392133962264151	0.7584289486552568	0.11355555555555556	0.2429398447606727	0.5621128812704815	0.9685786764705883	0.27967478753541075	0.4190053424166368	0.9882473864284356	0.596775	0.22707235494880548	0.9122103581460673	0.9073520981507823	0.9804642504596923	0.08898009950248756	0.17760365853658538	0.8209466543543117	0.6962434596006718	0.1584301181102362	0.6508293061718435	0.8766015259409968	0.9694777029742766	0.04175486381322958	0.9020428880086425	0.571790074074074	0.06820550847457628	0.9359829777875522	0.08898009950248756	0.21133260393873082	0.13951462621885158	0.04175486381322958	0.3241978386167147	0.9235886180705135	0.18142011834319527	0.38388347107438014	0.7205476658476658	0.5958062776098583	0.5398035328236225	0.7132130192411437	0.6891153354632588	0.39913347122978565	0.2477973059653624	0.5897490084985836	0.9119647867465633	0.35967540356839417	0.414280931744312	0.11967657992565053	0.04175486381322958	0.7660599043062201	0.30762199999999995	0.9451679464000852	0.47761507673788745	0.7132130192411437	0.2852093023255814	0.22707235494880548	0.7872005006827493	0.4558514975845411	0.7932517225883763	0.6245223521767381	0.08898009950248756	0.8002860641139803	0.04175486381322958	0.08898009950248756	0.9625854060134997	0.9122103581460673	0.07832846715328468	0.07832846715328468	0.32182601744186046	0.19650716560509554	0.9208828984846757	0.8070951998832798	0.32019495345418914	0.11355555555555556	0.43050290758047766	0.8019693228858662	0.32866536101934873	0.2205520907158044	0.3974895573212259	0.07832846715328468	0.8679016655907037	0.29207947740881873	0.2205520907158044	0.4807462343096235	0.769171154760019	0.06820550847457628	0.8185699300699301	0.15361349693251533	0.8288378484381566	0.2633374233128834	0.4411834401349073	0.2725534554046072	0.8524399840700917	1.0	0.29940395569620254	0.8898138875245579	0.04175486381322958	0.7444383763837639	0.5973242718446602	0.6518104892289108	0.04175486381322958	0.07832846715328468	0.5053446640316206	0.2697199281867146	0.29207947740881873	0.5984215405904059	0.8937696899414063	0.5924537110746898	0.5667894763092269	0.9024290507462688	0.8020592783505154	0.47653685006045954	0.8909176636430498	0.8744792443196323	0.48998858474082707	0.9738099880739416	0.32182601744186046	0.14793531283138917	0.48570565038257796	0.8393987765089723	0.06820550847457628	0.6782763188073395	0.5897490084985836	0.08898009950248756	0.9939485002829654	0.7199278481012658	0.04175486381322958	0.4108328102189781	0.8829167979002625	0.9010100591715977	0.15361349693251533	0.9793512112073159	0.5638276483846731	0.4757377392889699	0.9841554105909439	0.9567117136659435	0.8026939541041482	0.7066228895806628	0.18142011834319527
g__Merdivicinus	0.08898009950248756	0.07832846715328468	0.7455372116349047	0.8801497925311204	0.7351461683524773	0.8898138875245579	0.31316779233870967	0.392133962264151	0.11967657992565053	0.9619645666871542	0.6771709416522241	0.13951462621885158	0.20651813471502592	0.6410179391682186	0.7615772948426857	0.9441811885421121	0.578123828030119	0.9541027722772276	0.6844341163099071	0.4218602977667494	0.7865270393437642	0.6051388939256572	0.8292816281014775	0.46927309124767225	0.5621128812704815	0.596775	0.902847942264106	0.7928873271196631	0.305407931570762	0.6872776583710407	0.9190806111937736	0.5207346615720525	0.6119350356824264	0.371576929426331	0.8444113029403831	0.3745603006907761	0.3889003859513701	0.13951462621885158	0.6027334547109695	0.2633374233128834	0.7180694029850746	0.8200046204151266	0.32866536101934873	0.8826788011512953	0.9721339779559118	0.6700606892523364	0.7014739710789767	0.9122103581460673	0.9450317470456724	0.9122103581460673	0.938424145785877	0.915371728538283	0.7917502256317689	0.5693021836228287	0.509692658509455	0.5068003940332114	0.17760365853658538	0.7073149106817352	0.509692658509455	0.38388347107438014	0.5633977369876791	0.9949004231311707	0.9755550412735849	0.94651173290938	0.4502936023622048	0.8015678856973645	0.6318888020283119	0.7959279205258439	0.1724625	0.8568921125644076	0.4938979838709678	0.4502936023622048	0.5593557648256554	0.9473478703115067	0.31508270189431703	0.2725534554046072	0.9441811885421121	0.6531071543086173	0.7946809893887311	0.371576929426331	0.24003552631578948	0.772128984375	0.6554379020979022	0.7932517225883763	0.6410179391682186	0.8292816281014775	0.32019495345418914	0.6131660088691796	0.6554379020979022	0.981572099074788	0.9617519840049216	0.6411158383171788	0.8438744801512288	0.8258683988170681	0.777836311816361	0.39913347122978565	0.5761294088910601	0.7846164226898444	0.8323642728156689	0.05647894736842105	0.8385795131291028	0.29940395569620254	1.0	0.6598301405105877	0.376321186440678	0.9105359052891978	0.8444113029403831	0.8215374627501063	0.9010100591715977	0.777836311816361	0.46870649391195757	0.8779539239226589	0.8450608273817545	0.38388347107438014	0.839080642526545	0.9748822758620691	0.437783906090507	0.5169936420937243	0.9249313807531381	0.5743946424182845	0.9739085683081812	0.7734129217851033	0.6168027015154843	0.9512156476140534	0.6081947083990092	0.9894262948207172	0.8462423883808499	0.7417842327863307	0.5258479245283019	0.8450608273817545	0.6632061468970935	0.6760157539529502	0.8251706371581617	0.7763238882025943	0.5610873475609757	0.9459414100658314	0.9738099880739416	0.8426833175483697	0.6891153354632588	0.2633374233128834	0.8607288015717093	0.7227920490367776	0.9445205254164888	0.9841554105909439	0.9092930635838151	0.95108768503937	0.7390887417218543
g__Muricomes	0.7734129217851033	0.47761507673788745	0.881647981444333	0.7566347797609301	0.9441811885421121	0.9916938138479001	0.7180694029850746	0.2725534554046072	0.2205520907158044	0.8944245303732618	0.9477819163578614	0.47280799142682184	0.39913347122978565	0.8779539239226589	0.486857796014068	0.9310316445830086	0.18562685337726526	0.772128984375	0.7355986652977413	0.5809301846080077	0.4558514975845411	0.4359125042705842	0.3397177989130435	0.6361021103217719	0.3439852429781543	0.9784085510920437	0.95108768503937	0.7310864295580111	0.9755550412735849	0.4593609015345268	0.7677172463077657	0.941607953443259	0.9732143671265747	0.9512156476140534	0.8716008733624453	0.9916167392539292	0.9401228589965398	0.504165429300085	0.8805026752072344	0.9375308429536049	0.9079588715400995	0.9010100591715977	0.3889003859513701	0.7117855647780584	0.22340735600277584	0.7355986652977413	0.4807462343096235	0.9356260400616333	0.7879917399211882	0.7355986652977413	0.7453631429050094	0.8898138875245579	0.8766015259409968	0.44211863895407305	0.9359829777875522	0.6797798362528561	0.2522534942820838	0.5398035328236225	0.7702526058117498	0.504165429300085	0.960008544108575	0.4018091829085457	0.9435263711495117	0.9215432340231976	0.38745040808394865	0.4668136235515189	0.5053446640316206	0.8794436395759717	0.944657691487092	0.9631198347950235	0.5223802885924312	0.891031619537275	0.4744955447055233	0.6301501910016978	0.5581872894333844	0.8192943645937099	0.7472960572284147	0.9304515415549598	0.9989308833131237	0.8474191920547578	0.7854143945163746	0.9984887540830611	0.38388347107438014	0.8299676089681103	0.8884877397934088	0.21694440433212994	0.95108768503937	0.6632061468970935	0.5423163302752294	0.972235045045045	0.839080642526545	0.6271632447492499	0.8738903027980068	0.5984215405904059	0.5189389496717725	0.9187988428047663	0.5252205739036274	0.9376783289817232	0.45100290185849357	0.7775006944444444	0.8681662669245647	0.8898138875245579	0.6598301405105877	1.0	0.5237333876221498	0.8209466543543117	0.7650709739633559	0.6111774821109123	0.9619645666871542	0.7862106664637858	0.2429398447606727	0.6711034302325581	0.5897490084985836	0.9323850898602175	0.8484376203208557	0.5958062776098583	0.8292816281014775	0.8015678856973645	0.9177307683433317	0.8568921125644076	0.5348412420382166	0.8062353241822429	0.6641397177024112	0.8166397217042031	0.3959763518659558	0.9395292167695808	0.9748822758620691	0.9304515415549598	0.8796853744493391	0.644782058101473	0.841373241154941	0.929772124734548	0.8836746374116773	0.3791217443729904	0.7031405196241017	0.9010100591715977	0.3171124321657622	0.8401722901385493	0.4055967729970326	0.9748822758620691	0.837018	0.4322721915920056	0.8166397217042031	0.21133260393873082	0.41339137868315745	0.37353911439114396	0.46534745283018863
g__Murimonas	0.04175486381322958	0.17760365853658538	0.6121439333333333	0.27967478753541075	0.9752672206923683	0.6701927198602213	0.9206042655109489	0.772128984375	0.13353054298642533	0.15361349693251533	0.32182601744186046	0.20216654107008292	0.6020725405158639	0.7195814027630181	0.7417842327863307	0.3263735840076154	0.1271445497630332	0.5610873475609757	0.1271445497630332	0.04175486381322958	0.2725534554046072	0.25582057716436635	0.47653685006045954	0.13951462621885158	0.4593609015345268	0.9275071484681854	0.20216654107008292	0.7195814027630181	0.10609745762711865	0.8623475319926873	0.4071607300884956	0.04175486381322958	0.9291958617604295	0.21694440433212994	0.18142011834319527	0.7195814027630181	0.04175486381322958	0.20216654107008292	0.04175486381322958	0.05647894736842105	0.1678261269549218	0.9787833463110766	0.08898009950248756	0.06820550847457628	0.3889003859513701	0.31508270189431703	0.13353054298642533	0.44211863895407305	0.7703657210401892	0.07832846715328468	0.04175486381322958	0.13951462621885158	0.903562446504993	0.15361349693251533	0.460729439847231	0.4938979838709678	0.04175486381322958	0.8779539239226589	0.4498724479682855	0.13353054298642533	0.04175486381322958	0.9122103581460673	0.4593609015345268	0.11355555555555556	0.9972526178010471	0.9512156476140534	0.05647894736842105	0.38388347107438014	0.04175486381322958	0.38537667057444314	0.04175486381322958	0.04175486381322958	0.7807205611775528	0.9482153195090987	0.05647894736842105	0.04175486381322958	0.10609745762711865	0.07832846715328468	0.4256956781447646	0.2633374233128834	0.2522534942820838	0.19100485436893203	0.460729439847231	0.7139871813285458	0.29397626480086114	0.13353054298642533	0.22707235494880548	0.11355555555555556	0.5013513405590416	0.6711034302325581	0.18562685337726526	0.8839091618175065	0.5910265724381626	0.06820550847457628	0.8185699300699301	0.06820550847457628	0.3959763518659558	0.45753926852743015	0.7022916157690172	0.1271445497630332	0.38537667057444314	0.04175486381322958	0.376321186440678	0.5237333876221498	1.0	0.6866785754770451	0.5013513405590416	0.9748822758620691	0.05647894736842105	0.05647894736842105	0.6334788012618296	0.9617519840049216	0.20216654107008292	0.6066086897488119	0.8779539239226589	0.6318888020283119	0.07832846715328468	0.39913347122978565	0.46534745283018863	0.04175486381322958	0.9784085510920437	0.8944245303732618	0.04175486381322958	0.9267188952509263	0.5789023728813559	0.13353054298642533	0.7660599043062201	0.509692658509455	0.04175486381322958	0.6508293061718435	0.3241978386167147	0.07832846715328468	0.2825529411764706	0.9768932098765433	0.04175486381322958	0.5743946424182845	0.9368911619756873	0.9800945322346097	0.04175486381322958	0.6301501910016978	0.9694777029742766	0.6221647173913043	0.8264485159656774	0.9779394896362925	0.9494814204185162	0.9583736842105263	0.08898009950248756
g__Nanosynbacter	0.34629920318725105	0.8748439882697947	0.591742320338187	0.6081947083990092	0.9141545422862453	0.05647894736842105	0.9187988428047663	0.13353054298642533	0.8607288015717093	0.6015454087474238	0.4558514975845411	0.7946809893887311	0.9105359052891978	0.9747812692117005	0.5237333876221498	0.5496094769549457	0.5068003940332114	0.8228315632965165	0.8965981400437636	0.13353054298642533	0.5743946424182845	0.8869175475426031	0.2669726941747573	0.07832846715328468	0.8592131651556958	0.9092930635838151	0.39913347122978565	0.6501072771376593	0.7890202180826896	0.7703657210401892	0.7543277330264672	0.42416068527022255	0.9629934695963208	0.5910265724381626	0.9201504400502915	0.9079588715400995	0.7703657210401892	0.05647894736842105	0.9558771180304128	0.803840865737344	0.7380762781186093	0.07832846715328468	0.7896886250189079	0.6477899694811801	0.6973350167722698	0.29940395569620254	0.31316779233870967	0.05647894736842105	0.8083395196506549	0.11355555555555556	0.4498724479682855	0.1724625	0.8292816281014775	0.40915629357798167	0.7126930810810811	0.7073149106817352	0.881647981444333	0.9793512112073159	0.2205520907158044	0.39913347122978565	0.08898009950248756	0.40416494960806276	0.8873762379896526	0.20216654107008292	0.2697199281867146	0.04175486381322958	0.8056896425432171	0.5073929411764706	0.9161914772727273	0.34842746045694195	0.11967657992565053	0.305407931570762	0.20216654107008292	0.9304515415549598	0.21133260393873082	0.667441393442623	0.8200046204151266	0.19100485436893203	0.22707235494880548	0.37353911439114396	0.6489875885806844	0.38388347107438014	0.5237333876221498	0.16430239234449762	0.6489875885806844	0.9313968405829347	0.06820550847457628	0.06820550847457628	0.1724625	0.06820550847457628	0.1271445497630332	0.5169936420937243	0.11355555555555556	0.7073149106817352	0.05647894736842105	0.37353911439114396	0.6508293061718435	0.9174775413438186	0.8482504217432053	0.462966	0.981211858509713	0.7444383763837639	0.9105359052891978	0.8209466543543117	0.6866785754770451	1.0	0.2792914979757085	0.9198876901956297	0.9368445394736843	0.6531071543086173	0.9375308429536049	0.42014139650872817	0.6641397177024112	0.9267188952509263	0.8779539239226589	0.7650709739633559	0.22707235494880548	0.5268941176470588	0.7660599043062201	0.9210561283714578	0.2754749124854142	0.9895055913570887	0.2825529411764706	0.596775	0.4322721915920056	0.5749125367286974	0.10609745762711865	0.5300959101844427	0.07832846715328468	0.6309546262968452	0.9020428880086425	0.36882251243781095	0.04175486381322958	0.7355986652977413	0.7117855647780584	0.05647894736842105	0.4744955447055233	0.938424145785877	0.803840865737344	0.3974895573212259	0.7453631429050094	0.9784085510920437	0.5621128812704815	0.04175486381322958	0.19650716560509554	1.0	0.6370132819015847
g__Negativibacillus	0.8329158448753462	0.11355555555555556	0.9779394896362925	0.463722821969697	0.8185699300699301	0.9023445043103449	0.9332131133015837	0.8796853744493391	0.06820550847457628	0.7623285714285715	0.9585903580983741	0.2792914979757085	0.6598301405105877	0.16430239234449762	0.843450506962282	0.6020725405158639	0.19650716560509554	0.9923159535279116	0.8873762379896526	0.31316779233870967	0.5509614669421488	0.6121439333333333	0.8385795131291028	0.9166917274939173	0.8873762379896526	0.5284988745980707	0.48885666666666666	0.7605770454545455	0.5268941176470588	0.963007564311964	0.920430143868463	0.3241978386167147	0.7166754501693706	0.968570948875668	0.5013513405590416	0.9260585541896921	0.25978212290502795	0.9458062500000001	0.07832846715328468	0.6739566150870405	0.34842746045694195	0.06820550847457628	0.8245878492802708	0.9141545422862453	0.9748822758620691	0.460729439847231	0.514070507166483	0.591742320338187	0.8251706371581617	0.531543535057318	0.6991801895558447	0.8950784129692834	0.9262241973639743	0.7302423236514523	0.7296485278836162	0.44795520557029184	0.05647894736842105	0.9441811885421121	0.9894262948207172	0.8607288015717093	0.837018	0.8264485159656774	0.7095456628477905	0.7627077768795474	0.4411834401349073	0.371576929426331	0.8173583404987103	0.9869819862752574	0.4744955447055233	0.29940395569620254	0.9129058871627146	0.7330200826730968	0.8292816281014775	0.9787833463110766	0.6294758936170213	0.305407931570762	0.6776500095767094	0.8801497925311204	0.6252215813350616	0.9119647867465633	0.8070951998832798	0.8154137856525496	0.7199278481012658	0.762962497982895	0.19650716560509554	0.23545412234042554	0.951996046438657	0.912825298245614	0.8970302769006558	0.6603855281342547	0.4807462343096235	0.8381435574421471	0.6691438853130486	0.38297614132592295	0.45346678594664924	0.4558514975845411	0.3745603006907761	0.2725534554046072	0.95108768503937	0.5887445680473372	0.9201504400502915	0.5973242718446602	0.8444113029403831	0.7650709739633559	0.5013513405590416	0.2792914979757085	1.0	0.9079588715400995	0.4018091829085457	0.6294758936170213	0.8228315632965165	0.7755051012521256	0.7014739710789767	0.5510289899768697	0.9742002083333334	0.7278547353760445	0.32182601744186046	0.7436363117232113	0.8663177156177155	0.5013513405590416	0.9835977541030809	0.6973350167722698	0.29940395569620254	0.9031456806282723	0.9397754545454546	0.6066086897488119	0.8474191920547578	0.8836746374116773	0.6411158383171788	0.7763238882025943	0.8744792443196323	0.6245223521767381	0.9685786764705883	0.22707235494880548	0.2669726941747573	0.34842746045694195	0.4018091829085457	0.6371252493765587	0.30762199999999995	0.9671590826245444	0.8924571271393643	0.8957291778156167	0.8983275891341257	0.2522534942820838	0.48570565038257796	0.509692658509455	0.7623285714285715
g__Odoribacter	0.5801656565656566	0.8482504217432053	0.9644357927946265	0.8329158448753462	0.9624722665847666	0.8282628523348758	0.9539786228482003	0.8020592783505154	0.9291958617604295	0.504165429300085	0.9180155929468711	0.6102790181573637	0.9539786228482003	0.05647894736842105	0.9105359052891978	0.6652001761597182	0.4108328102189781	0.9738099880739416	0.959398426087851	0.48998858474082707	0.6479956795131846	0.9677643651435504	0.5958062776098583	0.8154137856525496	0.8796853744493391	0.7745821832842301	0.5510289899768697	0.9575438989169675	0.9820228060046189	0.2633374233128834	0.05647894736842105	0.8642285008451436	0.7046282776349614	0.9679769067796611	0.95108768503937	0.6797798362528561	0.9551683406113537	0.5510289899768697	0.9215432340231976	0.6020725405158639	0.8251706371581617	0.7235309669522644	0.9819350799460604	0.9558771180304128	0.3104188612099644	0.8438744801512288	0.9016206055508831	0.981572099074788	0.5581872894333844	0.9313968405829347	0.571790074074074	0.9882473864284356	0.9129058871627146	0.7788895474137931	0.9939485002829654	0.915371728538283	0.7171821352313167	0.353508203125	0.8628965095076843	0.9728223211605803	0.8608939837823697	0.8462423883808499	0.9477819163578614	0.9307695274186357	0.8192943645937099	0.9515427224143351	0.4757377392889699	0.8554127828503375	0.9129058871627146	0.8407163364993216	0.9748822758620691	0.9541027722772276	0.6332195569620253	0.6095130815913687	0.9132792564969117	0.6015454087474238	0.9848718929254302	0.9748822758620691	0.8836746374116773	0.8591578365574419	0.19980139643134212	0.7566347797609301	0.414280931744312	0.8889328378378378	0.9187988428047663	0.6962434596006718	0.9895055913570887	0.7702526058117498	0.8829167979002625	0.49821400286944045	0.38297614132592295	0.9397754545454546	0.8623475319926873	0.27967478753541075	0.5633977369876791	0.705303629032258	0.9389770406504065	0.6027334547109695	0.6262054768041236	0.4284197011813759	0.7800320079828063	0.6518104892289108	0.8215374627501063	0.6111774821109123	0.9748822758620691	0.9198876901956297	0.9079588715400995	1.0	0.2852093023255814	0.9842406555491662	0.9585903580983741	0.6598301405105877	0.5068003940332114	0.5973242718446602	0.9942653560342395	0.9175513167013167	0.9082612903225807	0.8020592783505154	0.6081947083990092	0.7703657210401892	0.5946939641109299	0.42014139650872817	0.6294758936170213	0.3889003859513701	0.2205520907158044	0.9437664808063478	0.9967589277345581	0.8675242244053774	0.95108768503937	0.45753926852743015	0.937086451048951	0.2429398447606727	0.646527444987775	0.9942653560342395	0.7600688780487804	0.8468882708585248	0.5496094769549457	0.8738590403071017	0.9667577363461344	0.9365921633190649	0.21694440433212994	0.8450608273817545	0.5496094769549457	0.29940395569620254	0.8518525755357381	0.95108768503937	0.7199278481012658
g__Oliverpabstia	0.27967478753541075	0.5073929411764706	0.9346545855865799	0.2205520907158044	0.6318888020283119	0.9575438989169675	0.8524399840700917	0.7917502256317689	0.3241978386167147	0.07832846715328468	0.20216654107008292	0.45753926852743015	0.8444113029403831	0.11967657992565053	0.7745821832842301	0.6245223521767381	0.15361349693251533	0.7660599043062201	0.3625399154334038	0.14793531283138917	0.7199278481012658	0.504165429300085	0.777836311816361	0.7070342773615932	0.10609745762711865	0.591742320338187	0.8771852877652141	0.9732169279936084	0.5793963329312425	0.9748822758620691	0.9368445394736843	0.11967657992565053	0.5844448464651273	0.4502936023622048	0.05647894736842105	0.9892529193961833	0.04175486381322958	0.504165429300085	0.04175486381322958	0.503407002561913	0.1724625	0.6410179391682186	0.2965595846645368	0.8292816281014775	0.47761507673788745	0.1678261269549218	0.05647894736842105	0.6121439333333333	0.8836746374116773	0.7615772948426857	0.11967657992565053	0.9633300152827305	0.4704136237256719	0.05647894736842105	0.646527444987775	0.32182601744186046	0.05647894736842105	0.7199278481012658	0.5207346615720525	0.8805026752072344	0.3889003859513701	0.95108768503937	0.3889003859513701	0.2429398447606727	0.8019693228858662	0.6332195569620253	0.891031619537275	0.7946809893887311	0.5348412420382166	0.9477819163578614	0.04175486381322958	0.2825529411764706	0.9869819862752574	0.6051388939256572	0.18562685337726526	0.18562685337726526	0.39913347122978565	0.6844341163099071	0.4218602977667494	0.2754749124854142	0.25978212290502795	0.04175486381322958	0.583418090692124	0.7865270393437642	0.2792914979757085	0.46534745283018863	0.5364079428117554	0.4341746396705559	0.9852384637431929	0.19650716560509554	0.3935383938814531	0.6598301405105877	0.45473871803172544	0.04175486381322958	0.843450506962282	0.11355555555555556	0.43050290758047766	0.3397177989130435	0.5268941176470588	0.47280799142682184	0.8779539239226589	0.04175486381322958	0.9010100591715977	0.9619645666871542	0.05647894736842105	0.9368445394736843	0.4018091829085457	0.2852093023255814	1.0	0.04175486381322958	0.837018	0.6309546262968452	0.47761507673788745	0.2725534554046072	0.6962434596006718	0.463722821969697	0.22340735600277584	0.9557557315936626	0.45100290185849357	0.48998858474082707	0.8336944881889764	0.9030507923269392	0.05647894736842105	0.531543535057318	0.36882251243781095	0.41695171047893403	0.7106056149248325	0.9557557315936626	0.06820550847457628	0.9972526178010471	0.8154137856525496	0.04175486381322958	0.9655502741673436	0.8796853744493391	0.04175486381322958	0.5334089409260244	0.8385795131291028	0.95108768503937	0.08898009950248756	0.8524399840700917	0.9755550412735849	0.04175486381322958	0.95108768503937	0.3935383938814531	0.6623995867768595	0.9768932098765433	0.44211863895407305
g__Onthenecus	0.07832846715328468	0.44211863895407305	0.7635851756364808	0.7487489382879894	0.9585903580983741	0.2697199281867146	0.42014139650872817	0.7464576056102856	0.27967478753541075	0.09755454545454546	0.376321186440678	0.3974895573212259	0.7717903529411765	0.960321974522293	0.9763209126594701	0.3309185306504445	0.591742320338187	0.7975851349336514	0.8932230054978619	0.08898009950248756	0.8671459039730813	0.8562662523142026	0.3791217443729904	0.29207947740881873	0.9016206055508831	0.8836746374116773	0.5001450901803608	0.414280931744312	0.531543535057318	0.6973350167722698	0.9310316445830086	0.07832846715328468	0.9917707427707427	0.5223802885924312	0.05647894736842105	0.5973242718446602	0.04175486381322958	0.2965595846645368	0.09755454545454546	0.1584301181102362	0.6309546262968452	0.5656651162790697	0.376321186440678	0.38205282338806573	0.1678261269549218	0.19980139643134212	0.11355555555555556	0.5423163302752294	0.5809301846080077	0.5693021836228287	0.30762199999999995	0.5073929411764706	0.6531071543086173	0.04175486381322958	0.5621128812704815	0.2697199281867146	0.04175486381322958	0.6711034302325581	0.10609745762711865	0.353508203125	0.04175486381322958	0.19980139643134212	0.9428032508073196	0.13353054298642533	0.34629920318725105	0.503407002561913	0.3320554579093432	0.7910880271084337	0.15361349693251533	0.8836746374116773	0.04175486381322958	0.1678261269549218	0.8733478383579217	0.8299676089681103	0.05647894736842105	0.06820550847457628	0.3309185306504445	0.07832846715328468	0.27967478753541075	0.04175486381322958	0.6371252493765587	0.07832846715328468	0.08898009950248756	0.570549207920792	0.4190053424166368	0.617532026286966	0.09755454545454546	0.11967657992565053	0.6111774821109123	0.9304515415549598	0.04175486381322958	0.7745821832842301	0.3439852429781543	0.11355555555555556	0.9752672206923683	0.05647894736842105	0.44632097902097906	0.938424145785877	0.8663177156177155	0.2825529411764706	0.6805273090079818	0.07832846715328468	0.777836311816361	0.7862106664637858	0.05647894736842105	0.6531071543086173	0.6294758936170213	0.9842406555491662	0.04175486381322958	1.0	0.6427582546201233	0.49265186470078054	0.04175486381322958	0.2725534554046072	0.7822122533272142	0.47761507673788745	0.22340735600277584	0.6477899694811801	0.46870649391195757	0.32182601744186046	0.7575236506378802	0.5887445680473372	0.14793531283138917	0.8468882708585248	0.8474191920547578	0.05647894736842105	0.06820550847457628	0.95108768503937	0.04175486381322958	0.902847942264106	0.9942653560342395	0.8438744801512288	0.2725534554046072	0.7792219917012448	0.04175486381322958	0.9738099880739416	0.8019693228858662	0.9607335078534031	0.10609745762711865	0.7390887417218543	0.3745603006907761	0.38388347107438014	0.8003345430306621	0.9016206055508831	0.8836746374116773	0.6479956795131846	0.32866536101934873
g__Otoolea	0.504165429300085	0.7538028322081344	0.8056896425432171	0.8330176161504426	0.48468720070942944	0.46927309124767225	0.9407143227199136	0.5450844328552803	0.504165429300085	0.8342391735537191	0.3263735840076154	0.6479956795131846	0.3320554579093432	0.8190493871151653	0.32019495345418914	0.9132792564969117	0.8020592783505154	0.6623995867768595	0.9895055913570887	0.4502936023622048	0.8393987765089723	0.8659373006612212	0.5749125367286974	0.5053446640316206	0.1584301181102362	0.9748822758620691	0.8524399840700917	0.9451679464000852	0.6200601833660773	0.9704640806904857	0.9927669215519683	0.8988659033078881	0.9748822758620691	0.8970302769006558	0.8836746374116773	0.9441811885421121	0.5161746835443038	0.6891153354632588	0.7717903529411765	0.5252205739036274	0.9482153195090987	0.27967478753541075	0.6095130815913687	0.9619645666871542	0.6603855281342547	0.38745040808394865	0.3935383938814531	0.7879917399211882	0.35967540356839417	0.9755550412735849	0.5464576853055917	0.8889328378378378	0.3241978386167147	0.6594029166666666	0.27967478753541075	0.5761294088910601	0.8771852877652141	0.8282628523348758	0.20651813471502592	0.36882251243781095	0.5258479245283019	0.607694081770951	0.9008019949220167	0.95108768503937	0.6691438853130486	0.9023445043103449	0.7106056149248325	0.7717903529411765	0.6962434596006718	0.7436363117232113	0.8932230054978619	0.9013263329312424	0.8060808221181976	0.7543277330264672	0.7605770454545455	0.9221343409090909	0.9397754545454546	0.5237333876221498	0.9291958617604295	0.7987604848304579	0.8623475319926873	0.822360059549128	0.6835667362428842	0.3974895573212259	0.19650716560509554	0.7707208149779736	0.9120468551983103	0.2429398447606727	0.6844341163099071	0.3171124321657622	0.7615772948426857	0.04175486381322958	0.8642285008451436	0.19650716560509554	0.7553467892921661	0.8190493871151653	0.5633977369876791	0.18142011834319527	0.8889328378378378	0.7584289486552568	0.8547845562913908	0.5053446640316206	0.46870649391195757	0.2429398447606727	0.6334788012618296	0.9375308429536049	0.8228315632965165	0.9585903580983741	0.837018	0.6427582546201233	1.0	0.7455372116349047	0.8444113029403831	0.9738099880739416	0.8178413482181193	0.05647894736842105	0.9187988428047663	0.839080642526545	0.772128984375	0.5667894763092269	0.6782763188073395	0.5413481851657023	0.35967540356839417	0.8760167239404353	0.27967478753541075	0.9380293695652174	0.9459414100658314	0.8829167979002625	0.9955350126891624	0.9092930635838151	0.9307695274186357	0.7070342773615932	0.957029321911446	0.7566347797609301	0.9016206055508831	0.8034451873622336	0.44632097902097906	0.9082612903225807	0.5450844328552803	0.7872005006827493	0.9441811885421121	0.698293766282099	0.8363694230769232	0.95108768503937	0.9375308429536049	0.9256835082966475	0.9401228589965398
g__Parabacteroides	0.4322721915920056	0.9561958759689922	0.4807462343096235	0.8292816281014775	0.460729439847231	0.04175486381322958	0.47761507673788745	0.7302423236514523	0.891031619537275	0.5348412420382166	0.6700606892523364	0.34629920318725105	0.9970171396459679	0.509692658509455	0.3935383938814531	0.7235309669522644	0.617532026286966	0.9842406555491662	0.04175486381322958	0.8288378484381566	0.9557557315936626	0.7422184397163122	0.4593609015345268	0.6213176509043364	0.19650716560509554	0.8329158448753462	0.45100290185849357	0.5001450901803608	0.9577616549876339	0.762962497982895	0.8062353241822429	0.9187988428047663	0.9030507923269392	0.583418090692124	0.6526569620253165	0.7575236506378802	0.7627077768795474	0.8988659033078881	0.9677643651435504	0.5801656565656566	0.7910880271084337	0.24003552631578948	0.7566347797609301	0.6411158383171788	0.7343135793991417	0.6361021103217719	0.41695171047893403	0.902847942264106	0.8087243459302326	0.09755454545454546	0.7728396535580524	0.4810448275862069	0.09755454545454546	0.9031456806282723	0.952932528987778	0.1271445497630332	0.6751181572339192	0.6102790181573637	0.9356260400616333	0.5946939641109299	0.6854281634197087	0.5809301846080077	0.5510289899768697	0.8166397217042031	0.36882251243781095	0.21133260393873082	0.9543260204081633	0.9435263711495117	0.7235309669522644	0.6245223521767381	0.39913347122978565	0.9023445043103449	0.376321186440678	0.4807462343096235	0.7436363117232113	0.3171124321657622	0.9210561283714578	0.5621128812704815	0.95108768503937	0.9784085510920437	0.8185699300699301	0.2205520907158044	0.6912002811094453	0.35967540356839417	0.5749125367286974	0.9633300152827305	0.967461968838527	0.3439852429781543	0.7982329858525689	0.6701927198602213	0.04175486381322958	0.952932528987778	0.25978212290502795	0.9267188952509263	0.8026939541041482	0.09755454545454546	0.9917707427707427	0.912825298245614	0.8002860641139803	0.2825529411764706	0.8738590403071017	0.2697199281867146	0.8779539239226589	0.6711034302325581	0.9617519840049216	0.42014139650872817	0.7755051012521256	0.6598301405105877	0.6309546262968452	0.49265186470078054	0.7455372116349047	1.0	0.463722821969697	0.8836746374116773	0.9255169171657814	0.7302423236514523	0.19980139643134212	0.5300959101844427	0.6271632447492499	0.8166397217042031	0.11967657992565053	0.9721339779559118	0.9842406555491662	0.5348412420382166	0.44795520557029184	0.414280931744312	0.9510460661104656	0.9558771180304128	0.9763209126594701	0.7192093716719915	0.8166397217042031	0.5801656565656566	0.9079588715400995	0.7734129217851033	0.644782058101473	0.9539786228482003	0.07832846715328468	0.941607953443259	0.6262054768041236	0.617532026286966	0.1584301181102362	0.9796283841522626	0.7658110112359551	0.353508203125	0.5844448464651273	0.4757377392889699	0.7605770454545455
g__Paraprevotella	0.46927309124767225	0.7745821832842301	0.9182998273083122	0.9738099880739416	0.8796853744493391	0.6923031443009545	0.3397177989130435	0.9785961130053581	0.6701927198602213	0.7422184397163122	0.6121439333333333	0.7720204321277596	0.6776500095767094	0.8056896425432171	0.7343135793991417	0.7711958058435439	0.769651826664558	0.9612430594028932	0.7742388164026095	0.4502936023622048	0.5995137597791073	0.7253811649808163	0.47940171017101707	0.48998858474082707	0.7584289486552568	0.7387719244512507	0.6213176509043364	0.8026939541041482	0.9575438989169675	0.31508270189431703	0.38297614132592295	0.19100485436893203	0.9655502741673436	0.8113076978729561	0.1678261269549218	0.6095130815913687	0.19980139643134212	0.30762199999999995	0.7910880271084337	0.46927309124767225	0.25582057716436635	0.7479613953488372	0.543704	0.6508293061718435	0.7535247648902821	0.6891153354632588	0.305407931570762	0.7436363117232113	0.9360307742998353	0.2884360943499726	0.954846836628512	0.9763209126594701	0.9819350799460604	0.16430239234449762	0.2477973059653624	0.531543535057318	0.20216654107008292	0.9882473864284356	0.4322721915920056	0.897788360237893	0.4055967729970326	0.6632061468970935	0.83535437053326	0.2852093023255814	0.8438744801512288	0.8228315632965165	0.5496094769549457	0.9120468551983103	0.769171154760019	0.8113076978729561	0.18562685337726526	0.845709127625202	0.4722697566984909	0.5856052719069105	0.2429398447606727	0.7528722075346992	0.9970171396459679	0.2205520907158044	0.38297614132592295	0.496559654676259	0.5793963329312425	0.19100485436893203	0.6544707165732586	0.8663177156177155	0.8592131651556958	0.705303629032258	0.14793531283138917	0.7310864295580111	0.7792219917012448	0.9161914772727273	0.04175486381322958	0.9208828984846757	0.6081947083990092	0.7685670209390862	0.9551683406113537	0.18142011834319527	0.5207346615720525	0.7932517225883763	0.6015454087474238	0.5638276483846731	0.6594029166666666	0.29207947740881873	0.8450608273817545	0.5897490084985836	0.20216654107008292	0.6641397177024112	0.7014739710789767	0.5068003940332114	0.47761507673788745	0.04175486381322958	0.8444113029403831	0.463722821969697	1.0	0.8070951998832798	0.2754749124854142	0.3581597686375321	0.34629920318725105	0.9561958759689922	0.8753193733282385	0.4218602977667494	0.9972526178010471	0.9942653560342395	0.6350541553276116	0.8845806383768402	0.9555885818181817	0.38205282338806573	0.5789023728813559	0.7422184397163122	0.2754749124854142	0.858762766798419	0.8547845562913908	0.9748822758620691	0.6371252493765587	0.9052528859857483	0.3581597686375321	0.9698737925494527	0.7941453906016163	0.981572099074788	0.25978212290502795	0.9008019949220167	0.22707235494880548	0.47940171017101707	0.3935383938814531	0.9738099880739416	0.4055967729970326	0.6479956795131846	0.9784085510920437
g__Pararoseburia	0.6121439333333333	0.30762199999999995	0.6410179391682186	0.8083395196506549	0.7117855647780584	0.7518444591465431	0.6334788012618296	0.9738099880739416	0.29397626480086114	0.7436363117232113	0.9917707427707427	0.5749125367286974	0.2429398447606727	0.8952951424397371	0.808990639965172	0.9030507923269392	0.9737051701766644	0.7166754501693706	0.7822122533272142	0.6410179391682186	0.6489875885806844	0.9804642504596923	0.9752672206923683	0.40915629357798167	0.7417842327863307	0.34629920318725105	0.4018091829085457	0.8087243459302326	0.9370401706596653	0.7872005006827493	0.8809652823086574	0.5638276483846731	0.13951462621885158	0.29207947740881873	0.35129016608391606	0.8937696899414063	0.1678261269549218	0.8924571271393643	0.44795520557029184	0.47761507673788745	0.6137761883705505	0.47653685006045954	0.7341097040605643	0.8628965095076843	0.8819981590482153	0.8836746374116773	0.6598301405105877	0.8166397217042031	0.596775	0.9360307742998353	0.7215445398773006	0.9291958617604295	0.9389770406504065	0.6294758936170213	0.9752672206923683	0.9380293695652174	0.13353054298642533	0.9351164755183061	0.7296485278836162	0.49265186470078054	0.32182601744186046	0.42416068527022255	0.46927309124767225	0.6900945205479452	0.9949004231311707	0.9437664808063478	0.9318649622054246	0.35967540356839417	0.27967478753541075	0.7028468045807167	0.8518525755357381	0.11967657992565053	0.305407931570762	0.5809301846080077	0.38205282338806573	0.18562685337726526	0.8582535478765498	0.4411834401349073	0.960321974522293	0.18142011834319527	0.9539786228482003	0.7073149106817352	0.33469678456591645	0.8796853744493391	0.6260520905172414	0.7792219917012448	0.7600688780487804	0.3171124321657622	0.6027334547109695	0.9182998273083122	0.8869175475426031	0.7196974558303887	0.9008019949220167	0.6411158383171788	0.9375308429536049	0.8462423883808499	0.6260520905172414	0.9132792564969117	0.9970883316178534	0.3677275732217573	0.543704	0.5984215405904059	0.38388347107438014	0.9323850898602175	0.6066086897488119	0.9267188952509263	0.5510289899768697	0.5973242718446602	0.2725534554046072	0.2725534554046072	0.9738099880739416	0.8836746374116773	0.8070951998832798	1.0	0.7494102368726189	0.8554127828503375	0.6641397177024112	0.9187988428047663	0.8070951998832798	0.8845806383768402	0.912825298245614	0.6805273090079818	0.7660599043062201	0.8796853744493391	0.8873762379896526	0.13353054298642533	0.5801656565656566	0.9105359052891978	0.6318888020283119	0.40915629357798167	0.6891153354632588	0.638824273255814	0.583418090692124	0.353508203125	0.596775	0.8845806383768402	0.9008019949220167	0.9577616549876339	0.18562685337726526	0.6168027015154843	0.803840865737344	0.13951462621885158	0.9356260400616333	0.8663177156177155	0.30762199999999995	0.3171124321657622	0.1271445497630332
g__Parasutterella	0.9820228060046189	0.9804642504596923	0.7199278481012658	0.9942653560342395	0.11967657992565053	0.678770537757437	0.8020592783505154	0.7039504415011036	0.9031456806282723	0.4912537859007833	0.5258479245283019	0.6760157539529502	0.769171154760019	0.986534892601432	0.9016206055508831	0.8401722901385493	0.9323850898602175	0.9972526178010471	0.9878036173250833	0.7106056149248325	0.9141545422862453	0.7584289486552568	0.6751181572339192	0.8836746374116773	0.9141545422862453	0.4502936023622048	0.11967657992565053	0.38745040808394865	0.8568921125644076	0.9557557315936626	0.8154137856525496	0.9738099880739416	0.6334788012618296	0.9721339779559118	0.6700606892523364	0.7734129217851033	0.9732169279936084	0.4411834401349073	0.9031456806282723	0.9819350799460604	0.8020592783505154	0.9842406555491662	0.698293766282099	0.9365921633190649	0.9445205254164888	0.9960543406851243	0.5638276483846731	0.5621128812704815	0.7196974558303887	0.9515427224143351	0.7658110112359551	0.8679016655907037	0.514070507166483	0.9647424344112264	0.9368911619756873	0.920430143868463	0.9835977541030809	0.8675242244053774	0.981572099074788	0.29397626480086114	0.818089239782795	0.7792219917012448	0.5013513405590416	0.5856052719069105	0.7910880271084337	0.8663177156177155	0.9024290507462688	0.8748439882697947	0.9201504400502915	0.9984887540830611	0.9585903580983741	0.9016206055508831	0.8836746374116773	0.9190806111937736	0.7143747044070224	0.8681662669245647	0.9748822758620691	0.2725534554046072	0.957029321911446	0.7702526058117498	0.4810448275862069	0.9141545422862453	0.2884360943499726	0.8805026752072344	0.9698737925494527	0.2965595846645368	0.9752672206923683	0.7553467892921661	0.9763209126594701	0.8748439882697947	0.644782058101473	0.8329158448753462	0.9957013523666416	0.9663558203204219	0.9329545676274945	0.979814116619773	0.769651826664558	0.8062353241822429	0.9557557315936626	0.8292816281014775	0.8898138875245579	0.8937696899414063	0.839080642526545	0.8484376203208557	0.8779539239226589	0.8779539239226589	0.9742002083333334	0.9942653560342395	0.6962434596006718	0.7822122533272142	0.8178413482181193	0.9255169171657814	0.2754749124854142	0.7494102368726189	1.0	0.49265186470078054	0.39913347122978565	0.8733799666965544	0.3889003859513701	0.7642060498793242	0.7707208149779736	0.7775006944444444	0.7117855647780584	0.9368911619756873	0.578123828030119	0.7982329858525689	0.903562446504993	0.8323642728156689	0.9536550172287772	0.5621128812704815	0.7195814027630181	0.891031619537275	0.7022916157690172	0.9013263329312424	0.7171821352313167	0.824003743995479	0.10609745762711865	0.808990639965172	0.8744792443196323	0.7862106664637858	0.6371252493765587	0.5728837232208815	0.7205476658476658	0.5773403508771929	0.19650716560509554	0.8628965095076843	0.9747812692117005
g__Pauljensenia	0.5169936420937243	0.8642285008451436	0.7660599043062201	0.8836746374116773	0.818089239782795	0.35967540356839417	0.9970883316178534	0.9748822758620691	0.7031405196241017	0.9340383900928794	0.32019495345418914	0.13353054298642533	0.5910265724381626	0.9210561283714578	0.48998858474082707	0.897788360237893	0.9984887540830611	0.6168027015154843	0.8599451752658528	0.47653685006045954	0.9679769067796611	0.7487489382879894	0.9748822758620691	0.6402548112816259	0.5268941176470588	0.7543277330264672	0.9082612903225807	0.963007564311964	0.9450317470456724	0.7351461683524773	0.9024290507462688	0.8779539239226589	0.9869819862752574	0.8681662669245647	0.1724625	0.6598301405105877	0.6350541553276116	0.9882473864284356	0.6289323021122253	0.43050290758047766	0.9784085510920437	0.9329545676274945	0.47653685006045954	0.5984215405904059	0.9332131133015837	0.6701927198602213	0.6301501910016978	0.6585804572564612	0.6866785754770451	0.18562685337726526	0.460729439847231	0.9246589540412045	0.5973242718446602	0.6020725405158639	0.20651813471502592	0.40915629357798167	0.4502936023622048	0.48570565038257796	0.30282769633507856	0.7854143945163746	0.7879917399211882	0.7039504415011036	0.2792914979757085	0.4722697566984909	0.9210561283714578	0.981572099074788	0.7464576056102856	0.8617339432753888	0.8087243459302326	0.8836746374116773	0.8889328378378378	0.9289773766816143	0.9770830249632894	0.6371252493765587	0.531543535057318	0.6411158383171788	0.9016206055508831	0.9644357927946265	0.803840865737344	0.8884877397934088	0.47940171017101707	0.20216654107008292	0.9120468551983103	0.7152720214669052	0.6309546262968452	0.7997617030762371	0.7685670209390862	0.6081947083990092	0.8401722901385493	0.6309546262968452	0.17760365853658538	0.46927309124767225	0.8034451873622336	0.3397177989130435	0.9431844666451821	0.3974895573212259	0.5825253231211106	0.3439852429781543	0.8671459039730813	0.8264485159656774	0.9732143671265747	0.5924537110746898	0.9748822758620691	0.5958062776098583	0.6318888020283119	0.7650709739633559	0.7278547353760445	0.9175513167013167	0.463722821969697	0.47761507673788745	0.05647894736842105	0.7302423236514523	0.3581597686375321	0.8554127828503375	0.49265186470078054	1.0	0.7235309669522644	0.6427582546201233	0.7627077768795474	0.5773403508771929	0.5693021836228287	0.6411158383171788	0.6923031443009545	0.9677643651435504	0.35129016608391606	0.4668136235515189	0.9267188952509263	0.8716008733624453	0.976798852491173	0.9360307742998353	0.9187988428047663	0.920430143868463	0.9868998282770464	0.8869175475426031	0.5189389496717725	0.7728396535580524	0.952932528987778	0.7734129217851033	0.36882251243781095	0.8020592783505154	0.9136779951100243	0.2205520907158044	0.6168027015154843	0.837018	0.5284988745980707	0.7444383763837639	0.6568388104237118
g__Pediococcus	0.3439852429781543	0.7561157290470722	0.3935383938814531	0.5073929411764706	0.7162947293192782	0.23155225893459203	0.9177307683433317	0.8829167979002625	0.43050290758047766	0.11355555555555556	0.4218602977667494	0.19100485436893203	0.7702526058117498	0.18142011834319527	0.7670373804971319	0.7538028322081344	0.6772810483870968	0.9625854060134997	0.8113076978729561	0.08898009950248756	0.2852093023255814	0.7199278481012658	0.29207947740881873	0.09755454545454546	0.8350271676300579	0.8796853744493391	0.9441811885421121	0.7253811649808163	0.7143747044070224	0.7278547353760445	0.7658110112359551	0.15361349693251533	0.2825529411764706	0.5581872894333844	0.5621128812704815	0.2522534942820838	0.04175486381322958	0.376321186440678	0.18142011834319527	0.5749125367286974	0.94469389451252	0.8952951424397371	0.04175486381322958	0.7660599043062201	0.30762199999999995	0.09755454545454546	0.04175486381322958	0.04175486381322958	0.9310316445830086	0.15361349693251533	0.07832846715328468	0.8484376203208557	0.5728837232208815	0.1678261269549218	0.9401228589965398	0.04175486381322958	0.04175486381322958	0.7171821352313167	0.41695171047893403	0.8078358111062527	0.2429398447606727	0.43050290758047766	0.5013513405590416	0.9323850898602175	0.7745821832842301	0.8003345430306621	0.7253811649808163	0.9512156476140534	0.45753926852743015	0.6370132819015847	0.05647894736842105	0.5252205739036274	0.2697199281867146	0.8292816281014775	0.04175486381322958	0.07832846715328468	0.9557557315936626	0.7584289486552568	0.29397626480086114	0.1584301181102362	0.05647894736842105	0.04175486381322958	0.04175486381322958	0.2754749124854142	0.8468882708585248	0.4498724479682855	0.4912537859007833	0.04175486381322958	0.9370401706596653	0.9201504400502915	0.18142011834319527	0.9404696629213484	0.18142011834319527	0.16430239234449762	0.34842746045694195	0.04175486381322958	0.3104188612099644	0.7296485278836162	0.7711958058435439	0.09755454545454546	0.678770537757437	0.5667894763092269	0.437783906090507	0.8292816281014775	0.07832846715328468	0.22707235494880548	0.32182601744186046	0.9082612903225807	0.22340735600277584	0.22340735600277584	0.9187988428047663	0.19980139643134212	0.34629920318725105	0.6641397177024112	0.39913347122978565	0.7235309669522644	1.0	0.40416494960806276	0.9555885818181817	0.6489875885806844	0.5973242718446602	0.9781279769463711	0.04175486381322958	0.9052528859857483	0.04175486381322958	0.7862106664637858	0.4810448275862069	0.9732143671265747	0.08898009950248756	0.9082612903225807	0.9738099880739416	0.8020592783505154	0.6147894771674387	0.9517695979899496	0.7594353688324377	0.7792219917012448	0.7294323207776428	0.9092930635838151	0.06820550847457628	0.8965981400437636	0.981572099074788	0.3241978386167147	0.8628474302113226	0.9804642504596923	0.6361021103217719	0.6039386327503975	0.35967540356839417
g__Peptostreptococcus	0.06820550847457628	0.9187988428047663	0.437783906090507	0.11355555555555556	0.32866536101934873	0.9721339779559118	0.871229702970297	0.8853605712166172	0.9024290507462688	0.9644357927946265	0.3974895573212259	0.38537667057444314	0.3745603006907761	0.9175513167013167	0.8873762379896526	0.6370132819015847	0.7946809893887311	0.8474191920547578	0.7115182854042321	0.09755454545454546	0.937086451048951	0.644782058101473	0.9086703222760005	0.646527444987775	0.3439852429781543	0.6168027015154843	0.9942653560342395	0.9477819163578614	0.7896886250189079	0.6371252493765587	0.9351164755183061	0.39913347122978565	0.9779394896362925	0.7083671217913708	0.8599451752658528	0.23545412234042554	0.49265186470078054	0.4668136235515189	0.9375308429536049	0.5825253231211106	0.9441811885421121	0.7390887417218543	0.6119350356824264	0.964030461350443	0.8826788011512953	0.38537667057444314	0.6066086897488119	0.40915629357798167	0.9796283841522626	0.49265186470078054	0.6279826170622194	0.9024290507462688	0.7192093716719915	0.08898009950248756	0.29397626480086114	0.5334089409260244	0.3555423955191727	0.45100290185849357	0.2792914979757085	0.9995588811188811	0.05647894736842105	0.4757377392889699	0.6370132819015847	0.05647894736842105	0.9738099880739416	0.9738099880739416	0.8909176636430498	0.6665178299120235	0.95108768503937	0.9787833463110766	0.44211863895407305	0.4218602977667494	0.19100485436893203	0.9762258447937132	0.05647894736842105	0.27967478753541075	0.6252215813350616	0.9539786228482003	0.7932517225883763	0.4273639510489511	0.14793531283138917	0.9619645666871542	0.7734129217851033	0.7343135793991417	0.777836311816361	0.8462423883808499	0.7792219917012448	0.3241978386167147	0.7436363117232113	0.1724625	0.509692658509455	0.7028468045807167	0.5693021836228287	0.6508293061718435	0.8904754969325153	0.07832846715328468	0.5924537110746898	0.5464576853055917	0.9249313807531381	0.35967540356839417	0.8078358111062527	0.9024290507462688	0.5169936420937243	0.8015678856973645	0.39913347122978565	0.5268941176470588	0.7436363117232113	0.8020592783505154	0.9557557315936626	0.6477899694811801	0.839080642526545	0.5300959101844427	0.9561958759689922	0.9187988428047663	0.8733799666965544	0.6427582546201233	0.40416494960806276	1.0	0.705303629032258	0.7792219917012448	0.3791217443729904	0.7100766969147005	0.5398035328236225	0.1678261269549218	0.5223802885924312	0.6700606892523364	0.9655502741673436	0.9260585541896921	0.1271445497630332	0.9307695274186357	0.9368911619756873	0.837018	0.04175486381322958	0.843450506962282	0.8957291778156167	0.9375308429536049	0.9607335078534031	0.2852093023255814	0.38388347107438014	0.37353911439114396	0.9677643651435504	0.9376783289817232	0.9963134202382069	0.938424145785877	0.9450317470456724	0.8562662523142026	0.6371252493765587
g__Phascolarctobacterium	0.7910880271084337	0.9201504400502915	0.8154137856525496	0.9340383900928794	0.5693021836228287	0.3171124321657622	0.6309546262968452	0.3649171500630517	0.8952951424397371	0.7702526058117498	0.9625854060134997	0.9046230449251249	0.5924537110746898	0.944657691487092	0.3439852429781543	0.4704136237256719	0.06820550847457628	0.7196974558303887	0.7734129217851033	0.7987604848304579	0.9517695979899496	0.41695171047893403	0.7910880271084337	0.9482153195090987	0.3320554579093432	0.644782058101473	0.3555423955191727	0.2429398447606727	0.6526569620253165	0.5887445680473372	0.6119350356824264	0.769171154760019	0.7862106664637858	0.9567117136659435	0.8329158448753462	0.7417842327863307	0.07832846715328468	0.6427582546201233	0.16430239234449762	0.5924537110746898	0.9942653560342395	0.7296485278836162	0.29207947740881873	0.9208828984846757	0.7494102368726189	0.9132792564969117	0.688651666980599	0.463722821969697	0.8426833175483697	0.5638276483846731	0.8468882708585248	0.9267188952509263	0.7720204321277596	0.3439852429781543	0.7854143945163746	0.9177307683433317	0.7660599043062201	0.8166397217042031	0.9957013523666416	0.1724625	0.9728223211605803	0.642401503294893	0.8450608273817545	0.9515427224143351	0.6262054768041236	0.7095456628477905	0.9132792564969117	0.4498724479682855	0.8019693228858662	0.9732169279936084	0.5809301846080077	0.7070342773615932	0.2697199281867146	0.8794436395759717	0.6213176509043364	0.7605770454545455	0.9841554105909439	0.7310864295580111	0.9441811885421121	0.8329158448753462	0.9115607785487475	0.5688980568011958	0.937086451048951	0.9079588715400995	0.981572099074788	0.6701927198602213	0.7660599043062201	0.9748822758620691	0.9575438989169675	0.2884360943499726	0.5013513405590416	0.9942653560342395	0.3320554579093432	0.8002860641139803	0.8164891304347826	0.922999909245604	0.9747812692117005	0.6102790181573637	0.672531403678606	0.9249313807531381	0.21133260393873082	0.8020592783505154	0.9249313807531381	0.9177307683433317	0.46534745283018863	0.7660599043062201	0.8663177156177155	0.6081947083990092	0.45100290185849357	0.46870649391195757	0.772128984375	0.6271632447492499	0.8753193733282385	0.8070951998832798	0.3889003859513701	0.7627077768795474	0.9555885818181817	0.705303629032258	1.0	0.667441393442623	0.922999909245604	0.7139871813285458	0.7635851756364808	0.6598301405105877	0.772128984375	0.7166754501693706	0.9536550172287772	0.2725534554046072	0.3649171500630517	0.9781279769463711	0.9633300152827305	0.8271435497470488	0.967461968838527	0.9770830249632894	0.17760365853658538	0.578123828030119	0.342406795679568	0.9323850898602175	0.6460522369765067	0.8438744801512288	0.9441811885421121	0.8796853744493391	0.9719352221442183	0.9612430594028932	0.32182601744186046	0.8957291778156167	0.6020725405158639
g__Phocaeicola	0.39913347122978565	0.6332195569620253	0.9368911619756873	0.48998858474082707	0.8083395196506549	0.9748822758620691	0.7343135793991417	0.17760365853658538	0.42014139650872817	0.9187988428047663	0.7278547353760445	0.5529342571208622	0.3320554579093432	0.7126930810810811	0.7584289486552568	0.4341746396705559	0.4744955447055233	0.2825529411764706	0.04175486381322958	0.3625399154334038	0.05647894736842105	0.7677172463077657	0.7660599043062201	0.13353054298642533	0.8642285008451436	0.7472960572284147	0.5053446640316206	0.6508293061718435	0.1271445497630332	0.5086889447236181	0.18562685337726526	0.04175486381322958	0.7946809893887311	0.10609745762711865	0.46534745283018863	0.7711958058435439	0.04175486381322958	0.5300959101844427	0.8716008733624453	0.547823813229572	0.8087243459302326	0.7464576056102856	0.04175486381322958	0.9822992307692308	0.07832846715328468	0.19100485436893203	0.9359829777875522	0.9246589540412045	0.6854281634197087	0.7166754501693706	0.05647894736842105	0.41695171047893403	0.5068003940332114	0.5633977369876791	0.4284197011813759	0.6190690658499235	0.04175486381322958	0.9451679464000852	0.5667894763092269	0.7253811649808163	0.05647894736842105	0.6279826170622194	0.8020592783505154	0.32182601744186046	0.8733799666965544	0.8779539239226589	0.04175486381322958	0.4807462343096235	0.5856052719069105	0.32182601744186046	0.07832846715328468	0.4256956781447646	0.7917502256317689	0.8498298945682639	0.3745603006907761	0.31508270189431703	0.305407931570762	0.7296485278836162	0.8393987765089723	0.25978212290502795	0.591742320338187	0.2633374233128834	0.9748822758620691	0.8292816281014775	0.8801497925311204	0.5688980568011958	0.9770830249632894	0.9763209126594701	0.30282769633507856	0.4757377392889699	0.2477973059653624	0.8185699300699301	0.8779539239226589	0.5252205739036274	0.9031456806282723	0.21694440433212994	0.5529342571208622	0.10609745762711865	0.9763209126594701	0.4108328102189781	0.33469678456591645	0.47653685006045954	0.5743946424182845	0.8568921125644076	0.04175486381322958	0.9210561283714578	0.5013513405590416	0.7703657210401892	0.48998858474082707	0.32182601744186046	0.5667894763092269	0.8166397217042031	0.4218602977667494	0.8845806383768402	0.7642060498793242	0.5773403508771929	0.6489875885806844	0.7792219917012448	0.667441393442623	1.0	0.967461968838527	0.8952951424397371	0.47280799142682184	0.8173583404987103	0.981211858509713	0.2697199281867146	0.5001450901803608	0.8049430268367795	0.04175486381322958	0.4810448275862069	0.5995137597791073	0.27967478753541075	0.937086451048951	0.5984215405904059	0.4256956781447646	0.6805273090079818	0.25582057716436635	0.8592131651556958	0.04175486381322958	0.8708576725025746	0.9694777029742766	0.29940395569620254	0.8836746374116773	0.9694777029742766	0.29207947740881873	0.9679769067796611	0.1678261269549218
g__Prevotella	0.2697199281867146	0.8671459039730813	0.8995122048674173	0.13951462621885158	0.2633374233128834	0.7627077768795474	0.7982329858525689	0.7987604848304579	0.7152720214669052	0.6279826170622194	0.23545412234042554	0.9215432340231976	0.8957291778156167	0.9555885818181817	0.22340735600277584	0.8292816281014775	0.9787833463110766	0.8330176161504426	0.32019495345418914	0.3263735840076154	0.9187988428047663	0.4558514975845411	0.9256835082966475	0.3649171500630517	0.8988659033078881	0.11355555555555556	0.9190806111937736	0.8484376203208557	0.9848718929254302	0.9435263711495117	0.8716008733624453	0.9848718929254302	0.9431844666451821	0.9008019949220167	0.6119350356824264	0.45753926852743015	0.8277210134755755	0.15361349693251533	0.8836746374116773	0.9822992307692308	0.9323850898602175	0.3649171500630517	0.891031619537275	0.6350541553276116	0.11355555555555556	0.7792219917012448	0.9685786764705883	0.48885666666666666	0.7763238882025943	0.9679769067796611	0.9895055913570887	0.5761294088910601	0.7575236506378802	0.8264485159656774	0.5621128812704815	0.18142011834319527	0.9459414100658314	0.979814116619773	0.2633374233128834	0.6309546262968452	0.437783906090507	0.944657691487092	0.7487489382879894	0.4055967729970326	0.4071607300884956	0.9629934695963208	0.762962497982895	0.9894262948207172	0.8733478383579217	0.8607288015717093	0.7982329858525689	0.9653428295558492	0.21694440433212994	0.6598301405105877	0.7862106664637858	0.9365921633190649	0.7879917399211882	0.9557557315936626	0.4359125042705842	0.6289323021122253	0.2852093023255814	0.2522534942820838	0.8779539239226589	0.34629920318725105	0.839080642526545	0.9431844666451821	0.9752672206923683	0.3791217443729904	0.8154137856525496	0.305407931570762	0.06820550847457628	0.9375308429536049	0.5825253231211106	0.7846164226898444	0.9182998273083122	0.3309185306504445	0.31316779233870967	0.9441811885421121	0.7751643697739239	0.95108768503937	0.7472960572284147	0.8909176636430498	0.9739085683081812	0.5348412420382166	0.9784085510920437	0.2754749124854142	0.9835977541030809	0.5946939641109299	0.8336944881889764	0.7575236506378802	0.6782763188073395	0.11967657992565053	0.9972526178010471	0.912825298245614	0.7707208149779736	0.5693021836228287	0.5973242718446602	0.3791217443729904	0.922999909245604	0.967461968838527	1.0	0.7455372116349047	0.7247736897274633	0.9206042655109489	0.841373241154941	0.7676463961813842	0.9141545422862453	0.8753193733282385	0.7139871813285458	0.8796853744493391	0.6245223521767381	0.6131660088691796	0.5464576853055917	0.4668136235515189	0.3959763518659558	0.7436363117232113	0.7196974558303887	0.9624722665847666	0.5593557648256554	0.7285813662436988	0.5621128812704815	0.3320554579093432	0.6477899694811801	0.4284197011813759	0.6760157539529502	0.9016206055508831	0.9340383900928794
g__Pseudobutyricicoccus	0.32019495345418914	0.9748822758620691	0.963007564311964	0.9881666666666666	0.7227920490367776	0.9748822758620691	0.9619645666871542	0.9970883316178534	0.8062353241822429	0.5973242718446602	0.858762766798419	0.6119350356824264	0.8681662669245647	0.4055967729970326	0.8796853744493391	0.9748822758620691	0.7660599043062201	0.9389770406504065	0.5743946424182845	0.7932517225883763	0.3171124321657622	0.9206042655109489	0.8779539239226589	0.6121439333333333	0.9557557315936626	0.6200601833660773	0.547823813229572	0.9235886180705135	0.9561958759689922	0.839080642526545	0.06820550847457628	0.8904754969325153	0.9267188952509263	0.7816468290441176	0.7865270393437642	0.8105759704519119	0.6973350167722698	0.7302423236514523	0.7605770454545455	0.9738099880739416	0.9246589540412045	0.6594029166666666	0.9894262948207172	0.4498724479682855	0.9175513167013167	0.8909176636430498	0.9763209126594701	0.8952951424397371	0.47280799142682184	0.8062353241822429	0.9631198347950235	0.9190806111937736	0.7341097040605643	0.9873460329555195	0.951996046438657	0.9692759831036911	0.8020592783505154	0.9187988428047663	0.8738903027980068	0.5423163302752294	0.3974895573212259	0.772128984375	0.8311147550111359	0.7436363117232113	0.9916167392539292	0.9187988428047663	0.920430143868463	0.7970547178262168	0.8164891304347826	0.9989308833131237	0.7455372116349047	0.8648366328916601	0.6137761883705505	0.7975851349336514	0.951996046438657	0.6614594322885866	0.9970171396459679	0.9698737925494527	0.972235045045045	0.9023445043103449	0.7471266422140714	0.8524399840700917	0.5793963329312425	0.7199278481012658	0.7106056149248325	0.979814116619773	0.38537667057444314	0.48885666666666666	0.9748822758620691	0.7605770454545455	0.8299676089681103	0.8292816281014775	0.7836971153846154	0.7660599043062201	0.4256956781447646	0.9970883316178534	0.9555885818181817	0.9307145631067961	0.5667894763092269	0.8034451873622336	0.95108768503937	0.8744792443196323	0.7734129217851033	0.8062353241822429	0.8944245303732618	0.9895055913570887	0.6973350167722698	0.42014139650872817	0.9030507923269392	0.5887445680473372	0.5413481851657023	0.9721339779559118	0.9942653560342395	0.6805273090079818	0.7775006944444444	0.6411158383171788	0.9781279769463711	0.7100766969147005	0.7139871813285458	0.8952951424397371	0.7455372116349047	1.0	0.7162947293192782	0.9685786764705883	0.9267188952509263	0.6010148862853204	0.6051388939256572	0.9013263329312424	0.7070342773615932	0.8020592783505154	0.9796283841522626	0.8957291778156167	0.9820228060046189	0.9732169279936084	0.7380762781186093	0.5688980568011958	0.6294758936170213	0.48998858474082707	0.5464576853055917	0.8258683988170681	0.8904754969325153	0.5728837232208815	0.2754749124854142	0.9079588715400995	0.8904754969325153	0.9979529411764706	0.963007564311964
g__Pseudoflavonifractor_A	0.08898009950248756	0.8342391735537191	0.37353911439114396	0.08898009950248756	0.938424145785877	0.25978212290502795	0.95108768503937	0.7472960572284147	0.16430239234449762	0.1724625	0.06820550847457628	0.2884360943499726	0.9428032508073196	0.2669726941747573	0.7830153575794621	0.5809301846080077	0.3555423955191727	0.8393987765089723	0.9685786764705883	0.04175486381322958	0.30762199999999995	0.37353911439114396	0.33730196167883214	0.08898009950248756	0.32866536101934873	0.5509614669421488	0.6701927198602213	0.8215374627501063	0.7543277330264672	0.5856052719069105	0.981572099074788	0.05647894736842105	0.7862106664637858	0.7997617030762371	0.3745603006907761	0.21694440433212994	0.05647894736842105	0.40416494960806276	0.06820550847457628	0.9098076732673268	0.6991801895558447	0.83535437053326	0.06820550847457628	0.4055967729970326	0.623548665074886	0.05647894736842105	0.04175486381322958	0.04175486381322958	0.95108768503937	0.2429398447606727	0.2792914979757085	0.591742320338187	0.9473478703115067	0.05647894736842105	0.8819981590482153	0.05647894736842105	0.04175486381322958	0.37353911439114396	0.05647894736842105	0.15361349693251533	0.1584301181102362	0.9738099880739416	0.7196974558303887	0.47940171017101707	0.9267188952509263	0.762962497982895	0.94469389451252	0.638824273255814	0.3104188612099644	0.8087243459302326	0.04175486381322958	0.13951462621885158	0.5801656565656566	0.6334788012618296	0.06820550847457628	0.05647894736842105	0.9307145631067961	0.41339137868315745	0.08898009950248756	0.07832846715328468	0.04175486381322958	0.13951462621885158	0.05647894736842105	0.353508203125	0.3171124321657622	0.20216654107008292	0.25582057716436635	0.05647894736842105	0.45473871803172544	0.8753193733282385	0.13951462621885158	0.8771852877652141	0.19980139643134212	0.04175486381322958	0.23545412234042554	0.13951462621885158	0.07832846715328468	0.23155225893459203	0.9368911619756873	0.2429398447606727	0.4341746396705559	0.48998858474082707	0.6168027015154843	0.6641397177024112	0.04175486381322958	0.2825529411764706	0.29940395569620254	0.6294758936170213	0.05647894736842105	0.14793531283138917	0.35967540356839417	0.9842406555491662	0.6350541553276116	0.7660599043062201	0.7117855647780584	0.6923031443009545	0.04175486381322958	0.5398035328236225	0.7635851756364808	0.47280799142682184	0.7247736897274633	0.7162947293192782	1.0	0.514070507166483	0.04175486381322958	0.6350541553276116	0.8060808221181976	0.9927669215519683	0.04175486381322958	0.9079588715400995	0.95108768503937	0.8608939837823697	0.46534745283018863	0.979814116619773	0.38745040808394865	0.7535247648902821	0.5570122344509854	0.4359125042705842	0.05647894736842105	0.7199278481012658	0.8878231971449668	0.47280799142682184	0.9141545422862453	0.8062353241822429	0.463722821969697	0.6119350356824264	0.2965595846645368
g__Pseudoscilispira	0.9658553267045455	0.7879917399211882	0.7627077768795474	0.11967657992565053	0.8350271676300579	0.32866536101934873	0.9404696629213484	0.7343135793991417	0.9221343409090909	0.8753193733282385	0.6271632447492499	0.8166397217042031	1.0	0.7946809893887311	0.5693021836228287	0.9262241973639743	0.73775625	0.3677275732217573	0.891031619537275	0.5897490084985836	0.7366785641025642	0.437783906090507	0.4284197011813759	0.8034451873622336	0.305407931570762	0.5252205739036274	0.9917707427707427	0.7685670209390862	0.22340735600277584	0.23545412234042554	0.9868998282770464	0.9291958617604295	0.5946939641109299	0.32019495345418914	0.5973242718446602	0.9835977541030809	0.4938979838709678	0.6479956795131846	0.8760167239404353	0.9024290507462688	0.9441811885421121	0.5930223570595099	0.6526569620253165	0.8251706371581617	0.9752672206923683	0.7402824228028504	0.4827995850622407	0.9187988428047663	0.9633300152827305	0.646527444987775	0.4704136237256719	0.45100290185849357	0.7031405196241017	0.634934404536862	0.5398035328236225	0.839080642526545	0.2669726941747573	0.47940171017101707	0.7846164226898444	0.2965595846645368	0.9732143671265747	0.9190806111937736	0.5300959101844427	0.7195814027630181	0.7100766969147005	0.4273639510489511	0.944657691487092	0.9667577363461344	0.9804642504596923	0.9313968405829347	0.5621128812704815	0.9451679464000852	0.6371252493765587	0.5169936420937243	0.6900945205479452	0.9647424344112264	0.8839091618175065	0.8192943645937099	0.7487489382879894	0.9942653560342395	0.11967657992565053	0.9023445043103449	0.9763209126594701	0.9187988428047663	0.4256956781447646	0.9079588715400995	0.9710537767077941	0.9577616549876339	0.8215374627501063	0.5749125367286974	0.9807434580794895	0.45473871803172544	0.937086451048951	0.7932517225883763	0.9407143227199136	0.7180694029850746	0.8568921125644076	0.5984215405904059	0.9329545676274945	0.9777506703199922	0.803840865737344	0.9738099880739416	0.9512156476140534	0.8166397217042031	0.9267188952509263	0.596775	0.9031456806282723	0.3889003859513701	0.531543535057318	0.8468882708585248	0.8760167239404353	0.5348412420382166	0.8845806383768402	0.8796853744493391	0.9368911619756873	0.9677643651435504	0.9052528859857483	0.1678261269549218	0.6598301405105877	0.8173583404987103	0.9206042655109489	0.9685786764705883	0.514070507166483	1.0	0.9517695979899496	0.5633977369876791	0.6039386327503975	0.9658553267045455	0.2852093023255814	0.4273639510489511	0.9256835082966475	0.19100485436893203	0.922999909245604	0.818089239782795	0.871229702970297	0.9024290507462688	0.30282769633507856	0.5793963329312425	0.509692658509455	0.7402824228028504	0.7642060498793242	0.9351164755183061	0.8878231971449668	0.27967478753541075	0.09755454545454546	0.981572099074788	0.7453631429050094
g__Roseburia	0.38745040808394865	0.6561398923444975	0.7196974558303887	0.5581872894333844	0.9989308833131237	0.47761507673788745	0.8215374627501063	0.7830153575794621	0.3555423955191727	0.29207947740881873	0.4722697566984909	0.11355555555555556	0.31508270189431703	0.46927309124767225	0.9445205254164888	0.6131660088691796	0.8113076978729561	0.7031405196241017	0.9079588715400995	0.18142011834319527	0.486857796014068	0.95108768503937	0.7100766969147005	0.07832846715328468	0.16430239234449762	0.6594029166666666	0.9557557315936626	0.7073149106817352	0.841373241154941	0.7095456628477905	0.8479489743933504	0.7660599043062201	0.29940395569620254	0.9784085510920437	0.7846164226898444	0.9979529411764706	0.48468720070942944	0.305407931570762	0.7436363117232113	0.4810448275862069	0.9023445043103449	0.8878231971449668	0.10609745762711865	0.9738099880739416	0.543704	0.1271445497630332	0.04175486381322958	0.1724625	0.8608939837823697	0.20651813471502592	0.25978212290502795	0.9804642504596923	0.8105759704519119	0.19980139643134212	0.7975851349336514	0.24003552631578948	0.40416494960806276	0.04175486381322958	0.10609745762711865	0.7100766969147005	0.8087243459302326	0.822360059549128	0.5789023728813559	0.8582535478765498	0.5496094769549457	0.9132792564969117	0.7247736897274633	0.8258683988170681	0.7543277330264672	0.9690738977249849	0.5073929411764706	0.7380762781186093	0.3241978386167147	0.578123828030119	0.3649171500630517	0.376321186440678	0.9490494130089899	0.929772124734548	0.7717903529411765	0.7987604848304579	0.05647894736842105	0.31316779233870967	0.06820550847457628	0.07832846715328468	0.8251706371581617	0.2697199281867146	0.7355986652977413	0.04175486381322958	0.8185699300699301	0.8599451752658528	0.7199278481012658	0.983511768661735	0.4502936023622048	0.463722821969697	0.15361349693251533	0.2633374233128834	0.18562685337726526	0.09755454545454546	0.6805273090079818	0.13353054298642533	0.6137761883705505	0.32182601744186046	0.6081947083990092	0.3959763518659558	0.5789023728813559	0.4322721915920056	0.9397754545454546	0.2205520907158044	0.36882251243781095	0.8474191920547578	0.27967478753541075	0.44795520557029184	0.9555885818181817	0.8873762379896526	0.578123828030119	0.35129016608391606	0.04175486381322958	0.5223802885924312	0.772128984375	0.981211858509713	0.841373241154941	0.9267188952509263	0.04175486381322958	0.9517695979899496	1.0	0.9337810957387935	0.6361021103217719	0.8796853744493391	0.7132130192411437	0.8509213447171826	0.9172973601945119	0.9868998282770464	0.7152720214669052	0.5510289899768697	0.7518444591465431	0.6371252493765587	0.9517695979899496	0.6137761883705505	0.2429398447606727	0.6411158383171788	0.9895055913570887	0.49821400286944045	0.9963134202382069	0.2825529411764706	0.9512156476140534	0.8809652823086574	0.496559654676259
g__Roseburia_D	0.11967657992565053	0.6872776583710407	0.6111774821109123	0.9255169171657814	0.6262054768041236	0.4071607300884956	0.9187988428047663	0.6262054768041236	0.4810448275862069	0.20651813471502592	0.9187988428047663	0.5300959101844427	0.9942653560342395	0.6370132819015847	0.9942653560342395	0.9916938138479001	0.7487489382879894	0.6279826170622194	0.8873762379896526	0.6221647173913043	0.514070507166483	0.4810448275862069	0.8688777734827985	0.22707235494880548	0.7205476658476658	0.437783906090507	0.07832846715328468	0.3263735840076154	0.3677275732217573	0.9710537767077941	0.509692658509455	0.04175486381322958	0.9710537767077941	0.4341746396705559	0.1271445497630332	0.9291958617604295	0.04175486381322958	0.9024290507462688	0.8231854496606335	0.8049430268367795	0.30282769633507856	0.9246589540412045	0.19100485436893203	0.4448213114754098	0.6015454087474238	0.503407002561913	0.6332195569620253	0.45473871803172544	0.6213176509043364	0.7660599043062201	0.3791217443729904	0.7872005006827493	0.790474841341795	0.2697199281867146	0.839080642526545	0.43050290758047766	0.1678261269549218	0.8020592783505154	0.1724625	0.7294323207776428	0.11355555555555556	0.6213176509043364	0.18562685337726526	0.06820550847457628	0.46927309124767225	0.45346678594664924	0.47653685006045954	0.5773403508771929	0.4273639510489511	0.9136779951100243	0.06820550847457628	0.04175486381322958	0.8498298945682639	0.9221343409090909	0.13353054298642533	0.2697199281867146	0.6262054768041236	0.414280931744312	0.35967540356839417	0.9256835082966475	0.8524399840700917	0.4810448275862069	0.4807462343096235	0.6479956795131846	0.979814116619773	0.7584289486552568	0.3439852429781543	0.3104188612099644	0.7932517225883763	0.9256835082966475	0.04175486381322958	0.7366785641025642	0.7650709739633559	0.5667894763092269	0.9820228060046189	0.16430239234449762	0.5258479245283019	0.8200046204151266	0.8468882708585248	0.5013513405590416	0.38537667057444314	0.14793531283138917	0.9894262948207172	0.9395292167695808	0.13353054298642533	0.5749125367286974	0.6066086897488119	0.9437664808063478	0.41695171047893403	0.05647894736842105	0.9380293695652174	0.414280931744312	0.38205282338806573	0.13353054298642533	0.7982329858525689	0.4668136235515189	0.7862106664637858	0.6700606892523364	0.7166754501693706	0.2697199281867146	0.7676463961813842	0.6010148862853204	0.6350541553276116	0.5633977369876791	0.9337810957387935	1.0	0.7115182854042321	0.3555423955191727	0.04175486381322958	0.8271435497470488	0.8547845562913908	0.7538028322081344	0.1678261269549218	0.9129058871627146	0.2884360943499726	0.5656651162790697	0.922999909245604	0.9868998282770464	0.21133260393873082	0.7453631429050094	0.5667894763092269	0.3263735840076154	0.7677172463077657	0.6701927198602213	0.5633977369876791	0.34629920318725105	0.04175486381322958
g__Rothia	0.9175513167013167	0.7910880271084337	0.6111774821109123	0.9023445043103449	0.9781279769463711	0.04175486381322958	0.6701927198602213	0.5621128812704815	0.9852384637431929	0.7073149106817352	0.7720204321277596	0.9663558203204219	0.8995122048674173	0.698293766282099	0.9267188952509263	0.8681662669245647	0.9752672206923683	0.6318888020283119	0.7594353688324377	0.33469678456591645	0.8708576725025746	0.94651173290938	0.3241978386167147	0.3581597686375321	0.9644357927946265	0.29397626480086114	0.8056896425432171	0.6760157539529502	0.8884877397934088	0.9881666666666666	0.9796283841522626	0.30282769633507856	0.5958062776098583	0.6027334547109695	0.9030507923269392	0.7792219917012448	0.42014139650872817	0.5509614669421488	0.24003552631578948	0.23545412234042554	0.818089239782795	0.6962434596006718	0.777836311816361	0.7720204321277596	0.5300959101844427	0.8801497925311204	0.5223802885924312	0.5610873475609757	0.7642060498793242	0.22340735600277584	0.3625399154334038	0.8524399840700917	0.8681662669245647	0.21133260393873082	0.9963134202382069	0.5621128812704815	0.8125077379230546	0.920430143868463	0.22707235494880548	0.9752672206923683	0.6568388104237118	0.04175486381322958	0.5773403508771929	0.35967540356839417	0.8277210134755755	0.04175486381322958	0.8839091618175065	0.7402824228028504	0.698293766282099	0.5450844328552803	0.13353054298642533	0.5398035328236225	0.9105359052891978	0.1678261269549218	0.3397177989130435	0.5581872894333844	0.8341398178807947	0.376321186440678	0.9206042655109489	0.8873762379896526	0.8995122048674173	0.4448213114754098	0.49821400286944045	0.678770537757437	0.95108768503937	0.9685786764705883	0.3791217443729904	0.591742320338187	0.11355555555555556	0.3104188612099644	0.3745603006907761	0.8518525755357381	0.8292816281014775	0.7430267453625633	0.7247736897274633	0.5268941176470588	0.9291958617604295	0.8873762379896526	0.9647424344112264	0.9631198347950235	0.7711958058435439	0.48570565038257796	0.8462423883808499	0.9748822758620691	0.7660599043062201	0.10609745762711865	0.8474191920547578	0.9967589277345581	0.7106056149248325	0.06820550847457628	0.9459414100658314	0.9510460661104656	0.5789023728813559	0.5801656565656566	0.903562446504993	0.9267188952509263	0.4810448275862069	0.9655502741673436	0.9536550172287772	0.5001450901803608	0.9141545422862453	0.6051388939256572	0.8060808221181976	0.6039386327503975	0.6361021103217719	0.7115182854042321	1.0	0.5169936420937243	0.27967478753541075	0.29940395569620254	0.8738590403071017	0.7205476658476658	0.463722821969697	0.7471266422140714	0.45100290185849357	0.15361349693251533	0.871229702970297	0.8166397217042031	0.15361349693251533	0.616069522131689	0.4722697566984909	0.9923159535279116	0.9010100591715977	0.17760365853658538	0.2825529411764706	0.8329158448753462	0.9450317470456724
g__Ruminiclostridium_E	0.6508293061718435	0.4668136235515189	0.8787547865622631	0.9375308429536049	0.8292816281014775	0.8479489743933504	0.22340735600277584	0.9846932350971198	0.845709127625202	0.9667577363461344	0.7594353688324377	0.8277210134755755	0.8341398178807947	0.972235045045045	0.7390887417218543	0.7584289486552568	0.938424145785877	0.305407931570762	0.9404696629213484	0.981211858509713	0.6200601833660773	0.8809652823086574	0.9738099880739416	0.7294323207776428	0.9768932098765433	0.8078358111062527	0.7253811649808163	0.9375308429536049	0.05647894736842105	0.7932517225883763	0.705303629032258	0.9291958617604295	0.9748822758620691	0.4256956781447646	0.7455372116349047	0.6131660088691796	0.9122103581460673	0.8190493871151653	0.9411614754098361	0.9655502741673436	0.4359125042705842	0.6190690658499235	0.7444383763837639	0.6923031443009545	0.8271435497470488	0.6027334547109695	0.8653313521930962	0.678770537757437	0.11967657992565053	0.9201504400502915	0.4284197011813759	0.4938979838709678	0.7294323207776428	0.6460522369765067	0.3241978386167147	0.9541027722772276	0.591742320338187	0.8675242244053774	0.9732169279936084	0.9902410232117479	0.6262054768041236	0.7453631429050094	0.9201504400502915	0.915371728538283	0.9698737925494527	0.414280931744312	0.7180694029850746	0.3581597686375321	0.839080642526545	0.5958062776098583	0.437783906090507	0.5789023728813559	0.9490494130089899	0.8628965095076843	0.6531071543086173	0.7910880271084337	0.7355986652977413	0.7199278481012658	0.9307145631067961	0.9972526178010471	0.9182998273083122	0.9462770210057289	0.9368445394736843	0.7387719244512507	0.6700606892523364	0.9728223211605803	0.3320554579093432	0.8228315632965165	0.6477899694811801	0.9431461819746182	0.6411158383171788	0.7703657210401892	0.4218602977667494	0.9779394896362925	0.7100766969147005	0.938424145785877	0.8002860641139803	0.9260585541896921	0.9376783289817232	0.9375308429536049	0.7987604848304579	0.8393987765089723	0.7417842327863307	0.9304515415549598	0.509692658509455	0.5300959101844427	0.8836746374116773	0.8675242244053774	0.9557557315936626	0.95108768503937	0.8829167979002625	0.9558771180304128	0.7422184397163122	0.9105359052891978	0.8323642728156689	0.8716008733624453	0.9732143671265747	0.9260585541896921	0.2725534554046072	0.8049430268367795	0.8753193733282385	0.9013263329312424	0.9927669215519683	0.9658553267045455	0.8796853744493391	0.3555423955191727	0.5169936420937243	1.0	0.5237333876221498	0.2825529411764706	0.9692759831036911	0.7745821832842301	0.6561398923444975	0.94651173290938	0.7896886250189079	0.1584301181102362	0.32866536101934873	0.8438744801512288	0.8390143969403087	0.5413481851657023	0.9086703222760005	0.9843257372654156	0.48468720070942944	0.642401503294893	0.9013263329312424	0.9585903580983741	0.8805026752072344
g__Ruminococcus_B	0.04175486381322958	0.5086889447236181	0.4744955447055233	0.11355555555555556	0.963007564311964	0.6252215813350616	0.9781279769463711	0.353508203125	0.15361349693251533	0.04175486381322958	0.24003552631578948	0.6051388939256572	0.6460522369765067	0.9132792564969117	0.8836746374116773	0.2754749124854142	0.2429398447606727	0.3677275732217573	0.2965595846645368	0.04175486381322958	0.3397177989130435	0.3745603006907761	0.32182601744186046	0.07832846715328468	0.486857796014068	0.4071607300884956	0.09755454545454546	0.3439852429781543	0.2754749124854142	0.8779539239226589	0.19650716560509554	0.04175486381322958	0.7711958058435439	0.05647894736842105	0.05647894736842105	0.3959763518659558	0.04175486381322958	0.22340735600277584	0.22340735600277584	0.47653685006045954	0.22707235494880548	0.7355986652977413	0.04175486381322958	0.8342391735537191	0.04175486381322958	0.2633374233128834	0.05647894736842105	0.504165429300085	0.8498298945682639	0.7890202180826896	0.16430239234449762	0.31508270189431703	0.9852384637431929	0.04175486381322958	0.9177307683433317	0.06820550847457628	0.04175486381322958	0.976798852491173	0.07832846715328468	0.3935383938814531	0.04175486381322958	0.13951462621885158	0.7528722075346992	0.04175486381322958	0.5789023728813559	0.8608939837823697	0.19100485436893203	0.7126930810810811	0.23545412234042554	0.9902410232117479	0.04175486381322958	0.04175486381322958	0.672531403678606	0.8836746374116773	0.04175486381322958	0.04175486381322958	0.23545412234042554	0.30762199999999995	0.6252215813350616	0.05647894736842105	0.2697199281867146	0.15361349693251533	0.1584301181102362	0.31508270189431703	0.954846836628512	0.18142011834319527	0.11967657992565053	0.07832846715328468	0.8733799666965544	0.9820228060046189	0.04175486381322958	0.944657691487092	0.5128088495575222	0.05647894736842105	0.7822122533272142	0.05647894736842105	0.5128088495575222	0.642401503294893	0.8178413482181193	0.1724625	0.2429398447606727	0.06820550847457628	0.5258479245283019	0.8796853744493391	0.04175486381322958	0.07832846715328468	0.6411158383171788	0.95108768503937	0.06820550847457628	0.04175486381322958	0.9955350126891624	0.9763209126594701	0.2754749124854142	0.6318888020283119	0.9536550172287772	0.976798852491173	0.08898009950248756	0.1271445497630332	0.3649171500630517	0.04175486381322958	0.7139871813285458	0.7070342773615932	0.04175486381322958	0.2852093023255814	0.7132130192411437	0.04175486381322958	0.27967478753541075	0.5237333876221498	1.0	0.2633374233128834	0.9307695274186357	0.14793531283138917	0.23155225893459203	0.509692658509455	0.05647894736842105	0.9323850898602175	0.571790074074074	0.7751643697739239	0.04175486381322958	0.7734129217851033	0.27967478753541075	0.1678261269549218	0.2477973059653624	0.95108768503937	0.9512156476140534	0.5930223570595099	0.04175486381322958
g__Ruminococcus_C	0.8468882708585248	0.8919085158448551	0.8576300198019803	0.3935383938814531	0.8190493871151653	0.9557557315936626	0.9658553267045455	0.9732169279936084	0.9020428880086425	0.957029321911446	0.7627077768795474	0.9291958617604295	0.5728837232208815	0.7543277330264672	0.7635851756364808	0.9323850898602175	0.6289323021122253	0.8336944881889764	0.342406795679568	0.7800320079828063	0.871229702970297	0.8809652823086574	0.9141545422862453	0.9397754545454546	0.7235309669522644	0.7180694029850746	0.9352684732319895	0.9575438989169675	0.9435263711495117	0.29940395569620254	0.353508203125	0.8482504217432053	0.45753926852743015	0.9267188952509263	0.9098076732673268	0.8873762379896526	0.9721339779559118	0.9748822758620691	0.7494102368726189	0.6147894771674387	0.9016206055508831	0.6632061468970935	0.8209466543543117	0.9161914772727273	0.5169936420937243	0.8026939541041482	0.8192943645937099	0.9256835082966475	0.9567117136659435	0.5334089409260244	0.9779394896362925	0.7720204321277596	0.9561958759689922	0.9086703222760005	0.6912002811094453	0.954846836628512	0.6081947083990092	0.9389770406504065	0.9249313807531381	0.6137761883705505	0.8801497925311204	0.95108768503937	0.8592131651556958	0.6271632447492499	0.9739085683081812	0.16430239234449762	0.3649171500630517	0.3104188612099644	0.7800320079828063	0.8663177156177155	0.7115182854042321	0.8716008733624453	0.9835977541030809	0.48468720070942944	0.7436363117232113	0.8853605712166172	0.7707208149779736	0.4704136237256719	0.7575236506378802	0.8003345430306621	0.951996046438657	0.9441811885421121	0.7039504415011036	0.9748822758620691	0.5973242718446602	0.376321186440678	0.5873167654730852	0.8562662523142026	0.6501072771376593	0.6797798362528561	0.6168027015154843	0.9352684732319895	0.9397754545454546	0.9752672206923683	0.9978827102803738	0.9359829777875522	0.9370401706596653	0.8524399840700917	0.49821400286944045	0.7941453906016163	0.6891153354632588	0.6782763188073395	0.8450608273817545	0.644782058101473	0.6508293061718435	0.6309546262968452	0.7763238882025943	0.45753926852743015	0.9972526178010471	0.902847942264106	0.9092930635838151	0.7192093716719915	0.858762766798419	0.40915629357798167	0.5621128812704815	0.9360307742998353	0.9082612903225807	0.9307695274186357	0.9781279769463711	0.4810448275862069	0.8796853744493391	0.8020592783505154	0.9079588715400995	0.4273639510489511	0.8509213447171826	0.8271435497470488	0.29940395569620254	0.2825529411764706	0.2633374233128834	1.0	0.9555885818181817	0.19100485436893203	0.5053446640316206	0.2884360943499726	0.9846932350971198	0.8733799666965544	0.7117855647780584	0.4912537859007833	0.815159645072861	0.981572099074788	0.8617339432753888	0.6872776583710407	0.2429398447606727	0.5068003940332114	0.42014139650872817	0.9748822758620691	0.2852093023255814
g__Ruminococcus_E	0.95108768503937	0.42014139650872817	0.23155225893459203	0.5773403508771929	0.9677643651435504	0.8350271676300579	0.7800320079828063	0.9291958617604295	0.6121439333333333	0.9755550412735849	0.7302423236514523	0.7941453906016163	0.7707208149779736	0.9291958617604295	0.4938979838709678	0.9551683406113537	0.5593557648256554	0.7143747044070224	0.36882251243781095	0.9748822758620691	0.9667577363461344	0.6168027015154843	0.7387719244512507	0.9777506703199922	0.578123828030119	0.7117855647780584	0.9685786764705883	0.8258683988170681	0.10609745762711865	0.9800945322346097	0.8836746374116773	0.5761294088910601	0.7455372116349047	0.5258479245283019	0.9494814204185162	0.18142011834319527	0.9881666666666666	0.7910880271084337	0.8779539239226589	0.938424145785877	0.9835977541030809	0.45100290185849357	0.95108768503937	0.937086451048951	0.9215432340231976	0.9692759831036911	0.9694777029742766	0.8688777734827985	0.7117855647780584	0.9515427224143351	0.4055967729970326	0.9086703222760005	0.8049430268367795	0.8623475319926873	0.3745603006907761	0.5667894763092269	0.22340735600277584	0.9404696629213484	0.9356260400616333	0.9345016241299304	0.8385795131291028	0.8484376203208557	0.7734129217851033	0.7660599043062201	0.463722821969697	0.9768932098765433	0.20216654107008292	0.6561398923444975	0.6603855281342547	0.32019495345418914	0.9804642504596923	0.9187988428047663	0.9848718929254302	0.8836746374116773	0.6923031443009545	0.8653313521930962	0.9892529193961833	0.617532026286966	0.8733799666965544	0.7422184397163122	0.8547845562913908	0.7436363117232113	0.9698737925494527	0.981572099074788	0.9161914772727273	0.9451679464000852	0.6260520905172414	0.9016206055508831	0.8547845562913908	0.48570565038257796	0.8809652823086574	0.8919085158448551	0.941607953443259	0.6711034302325581	0.9677730081793395	0.9458062500000001	0.9313968405829347	0.8062353241822429	0.8671459039730813	0.9752672206923683	0.9172973601945119	0.5897490084985836	0.6632061468970935	0.841373241154941	0.3241978386167147	0.9020428880086425	0.8744792443196323	0.937086451048951	0.8154137856525496	0.9942653560342395	0.9307695274186357	0.8166397217042031	0.8547845562913908	0.6891153354632588	0.7195814027630181	0.9187988428047663	0.9738099880739416	0.9368911619756873	0.9633300152827305	0.5995137597791073	0.6245223521767381	0.9796283841522626	0.95108768503937	0.9256835082966475	0.9172973601945119	0.8547845562913908	0.8738590403071017	0.9692759831036911	0.9307695274186357	0.9555885818181817	1.0	0.7166754501693706	0.7422184397163122	0.6402548112816259	0.8576300198019803	0.5510289899768697	0.9781279769463711	0.40416494960806276	0.6121439333333333	0.897788360237893	0.4071607300884956	0.5693021836228287	0.7535247648902821	0.7822122533272142	0.5621128812704815	0.4498724479682855	0.9748822758620691
g__Ruthenibacterium	0.5300959101844427	0.1678261269549218	0.9323850898602175	0.5382515327695561	0.646527444987775	0.09755454545454546	0.6711034302325581	0.9129058871627146	0.7199278481012658	0.9067249466192171	0.9577616549876339	0.6252215813350616	0.3104188612099644	0.6585804572564612	0.18562685337726526	0.5638276483846731	0.14793531283138917	0.4071607300884956	0.04175486381322958	0.9543260204081633	0.7380762781186093	0.769651826664558	0.19980139643134212	0.944657691487092	0.5510289899768697	0.7444383763837639	0.8873762379896526	0.9441811885421121	0.27967478753541075	0.7351461683524773	0.8733799666965544	0.2429398447606727	0.8288378484381566	0.1724625	0.07832846715328468	0.8950784129692834	0.27967478753541075	0.9307695274186357	0.5382515327695561	0.25978212290502795	0.2697199281867146	0.11967657992565053	0.8607288015717093	0.8524399840700917	0.9748822758620691	0.8608939837823697	0.6066086897488119	0.7132130192411437	0.5638276483846731	0.8554127828503375	0.7319282068965517	0.9557557315936626	0.6782763188073395	0.8524399840700917	0.3320554579093432	0.8231854496606335	0.05647894736842105	0.8099601943155452	0.6772810483870968	0.8245878492802708	0.9658553267045455	0.7982329858525689	0.38205282338806573	0.2669726941747573	0.1271445497630332	0.6350541553276116	0.8271435497470488	0.5073929411764706	0.7518444591465431	0.1678261269549218	0.46534745283018863	0.7436363117232113	0.4807462343096235	0.8363694230769232	0.7816468290441176	0.3439852429781543	0.6081947083990092	0.9115607785487475	0.9304515415549598	0.8363694230769232	0.4558514975845411	0.9016206055508831	0.7910880271084337	0.6027334547109695	0.9796283841522626	0.19650716560509554	0.9807434580794895	0.9122103581460673	0.4744955447055233	0.05647894736842105	0.2477973059653624	0.7751643697739239	0.7717903529411765	0.6872776583710407	0.7115182854042321	0.9868998282770464	0.8292816281014775	0.9841554105909439	0.5973242718446602	0.7711958058435439	0.5413481851657023	0.08898009950248756	0.6760157539529502	0.929772124734548	0.07832846715328468	0.36882251243781095	0.6245223521767381	0.2429398447606727	0.04175486381322958	0.8438744801512288	0.7070342773615932	0.5801656565656566	0.9748822758620691	0.638824273255814	0.891031619537275	0.920430143868463	0.8020592783505154	0.837018	0.8271435497470488	0.27967478753541075	0.6131660088691796	0.8957291778156167	0.8608939837823697	0.19100485436893203	0.9868998282770464	0.7538028322081344	0.7205476658476658	0.7745821832842301	0.14793531283138917	0.19100485436893203	0.7166754501693706	1.0	0.8060808221181976	0.9404696629213484	0.10609745762711865	0.8733478383579217	0.8779539239226589	0.9120468551983103	0.570549207920792	0.8245878492802708	0.7192093716719915	0.7455372116349047	0.9310316445830086	0.06820550847457628	0.04175486381322958	0.644782058101473	0.1678261269549218
g__Sarcina	0.13353054298642533	0.8336944881889764	0.5509614669421488	0.7132130192411437	0.9653428295558492	0.40915629357798167	0.9494814204185162	0.952932528987778	0.9086703222760005	0.9655502741673436	0.9256835082966475	0.9441811885421121	0.5887445680473372	0.9768932098765433	0.8484376203208557	0.9796283841522626	0.9917707427707427	0.7196974558303887	0.8518525755357381	0.46534745283018863	0.9329545676274945	0.9972526178010471	0.3320554579093432	0.4938979838709678	0.3309185306504445	0.7600688780487804	0.578123828030119	0.937086451048951	0.6221647173913043	0.7196974558303887	0.7046282776349614	0.5995137597791073	0.9267188952509263	0.9249313807531381	0.7584289486552568	0.7707208149779736	0.20651813471502592	0.8407163364993216	0.9887973781704189	0.9979529411764706	0.9267188952509263	0.4322721915920056	0.922999909245604	0.11967657992565053	0.9368911619756873	0.5423163302752294	0.4722697566984909	0.06820550847457628	0.9024290507462688	0.25582057716436635	0.6039386327503975	0.2725534554046072	0.9543260204081633	0.06820550847457628	0.9323850898602175	0.7162947293192782	0.6245223521767381	0.8909176636430498	0.11355555555555556	0.14793531283138917	0.04175486381322958	0.3104188612099644	0.9970883316178534	0.16430239234449762	0.5348412420382166	0.04175486381322958	0.928398833295939	0.7028468045807167	0.7660599043062201	0.9942653560342395	0.6641397177024112	0.2697199281867146	0.22707235494880548	0.8020592783505154	0.04175486381322958	0.4403862525458248	0.8166397217042031	0.27967478753541075	0.06820550847457628	0.21133260393873082	0.486857796014068	0.9561958759689922	0.8366941563786008	0.42014139650872817	0.305407931570762	0.9543260204081633	0.07832846715328468	0.15361349693251533	0.04175486381322958	0.3649171500630517	0.2205520907158044	0.8576300198019803	0.3974895573212259	0.981211858509713	0.9989308833131237	0.13353054298642533	0.48885666666666666	0.8056896425432171	0.6700606892523364	0.7436363117232113	0.7171821352313167	0.9939485002829654	0.8251706371581617	0.8836746374116773	0.2825529411764706	0.04175486381322958	0.9685786764705883	0.646527444987775	0.9655502741673436	0.2725534554046072	0.957029321911446	0.9079588715400995	0.6371252493765587	0.583418090692124	0.7022916157690172	0.9868998282770464	0.6147894771674387	0.04175486381322958	0.967461968838527	0.937086451048951	0.5464576853055917	0.9820228060046189	0.46534745283018863	0.922999909245604	0.7152720214669052	0.1678261269549218	0.463722821969697	0.6561398923444975	0.23155225893459203	0.5053446640316206	0.7422184397163122	0.8060808221181976	1.0	0.7941453906016163	0.9787833463110766	0.353508203125	0.8965981400437636	0.5169936420937243	0.4668136235515189	0.16430239234449762	0.8215374627501063	0.5510289899768697	0.981572099074788	0.3959763518659558	0.47280799142682184	0.9558771180304128	0.35967540356839417
g__Schaedlerella	0.8020592783505154	0.912825298245614	0.6489875885806844	0.7039504415011036	0.9175513167013167	0.9368445394736843	0.9267188952509263	0.7471266422140714	0.8479489743933504	0.9024290507462688	0.9098076732673268	0.6015454087474238	0.9671590826245444	0.4810448275862069	0.9210561283714578	0.839080642526545	0.7022916157690172	0.8336944881889764	0.8524399840700917	0.4744955447055233	0.6489875885806844	0.9132792564969117	0.6262054768041236	0.9869819862752574	0.6200601833660773	0.47280799142682184	0.983511768661735	0.8642285008451436	0.7660599043062201	0.8173583404987103	0.7642060498793242	0.822360059549128	0.8341398178807947	0.6301501910016978	0.9970171396459679	0.570549207920792	0.7296485278836162	0.46870649391195757	0.18562685337726526	0.5258479245283019	0.1724625	0.7199278481012658	0.6962434596006718	0.45473871803172544	0.7879917399211882	0.9739085683081812	0.9738099880739416	0.6797798362528561	0.960321974522293	0.9005934269458904	0.9631198347950235	0.8154137856525496	0.9989308833131237	0.7987604848304579	0.616069522131689	0.9365921633190649	0.9647424344112264	0.871229702970297	0.7890202180826896	0.9619645666871542	0.8819981590482153	0.8779539239226589	0.5844448464651273	0.9555885818181817	0.6518104892289108	0.8919085158448551	0.9375308429536049	0.9655502741673436	0.9210561283714578	0.8904754969325153	0.7975851349336514	0.7115182854042321	0.9428032508073196	0.48998858474082707	0.938424145785877	0.967461968838527	0.4502936023622048	0.18142011834319527	0.7444383763837639	0.7073149106817352	0.7100766969147005	0.6700606892523364	0.5693021836228287	0.9755550412735849	0.570549207920792	0.9441811885421121	0.73775625	0.9431844666451821	0.9748822758620691	0.8819981590482153	0.7720204321277596	0.9721339779559118	0.9820228060046189	0.6854281634197087	0.9407143227199136	0.871229702970297	0.9916167392539292	0.8568921125644076	0.9073520981507823	0.8753193733282385	0.9059893531157271	0.7199278481012658	0.7763238882025943	0.3791217443729904	0.9768932098765433	0.7355986652977413	0.22707235494880548	0.9942653560342395	0.8796853744493391	0.7792219917012448	0.7566347797609301	0.7734129217851033	0.9052528859857483	0.353508203125	0.9013263329312424	0.8869175475426031	0.9517695979899496	0.843450506962282	0.9770830249632894	0.5984215405904059	0.4668136235515189	0.9732169279936084	0.979814116619773	0.818089239782795	0.5510289899768697	0.9129058871627146	0.7471266422140714	0.94651173290938	0.509692658509455	0.2884360943499726	0.6402548112816259	0.9404696629213484	0.7941453906016163	1.0	0.3677275732217573	0.9187988428047663	0.9380293695652174	0.9820228060046189	0.9728223211605803	0.16430239234449762	0.9376783289817232	0.8592131651556958	0.8292816281014775	0.9692759831036911	0.8608939837823697	0.8125077379230546	0.9023445043103449
g__Sellimonas	0.05647894736842105	0.31316779233870967	0.9557557315936626	0.463722821969697	0.44632097902097906	0.7734129217851033	0.8105759704519119	0.9375308429536049	0.2884360943499726	0.7162947293192782	0.5510289899768697	0.22340735600277584	0.29940395569620254	0.9187988428047663	0.8779539239226589	0.04175486381322958	0.07832846715328468	0.9738099880739416	0.5667894763092269	0.04175486381322958	0.5086889447236181	0.34842746045694195	0.8716008733624453	0.08898009950248756	0.36882251243781095	0.9260585541896921	0.460729439847231	0.3263735840076154	0.6700606892523364	0.7561157290470722	0.9428032508073196	0.04175486381322958	0.8245878492802708	0.2205520907158044	0.04175486381322958	0.46870649391195757	0.11355555555555556	0.3745603006907761	0.04175486381322958	0.04175486381322958	0.2965595846645368	0.803840865737344	0.19980139643134212	0.2852093023255814	0.42014139650872817	0.7635851756364808	0.7658110112359551	0.9289773766816143	0.849077654601309	0.1584301181102362	0.19650716560509554	0.414280931744312	0.7070342773615932	0.6289323021122253	0.4055967729970326	0.31316779233870967	0.04175486381322958	0.9450317470456724	0.5930223570595099	0.8166397217042031	0.5053446640316206	0.9939485002829654	0.38297614132592295	0.2429398447606727	0.8853605712166172	0.6751181572339192	0.8444113029403831	0.583418090692124	0.10609745762711865	0.5621128812704815	0.05647894736842105	0.21694440433212994	0.9692759831036911	0.8608939837823697	0.3104188612099644	0.11355555555555556	0.09755454545454546	0.07832846715328468	0.6739566150870405	0.858762766798419	0.342406795679568	0.16430239234449762	0.9307695274186357	0.6544707165732586	0.25978212290502795	0.06820550847457628	0.460729439847231	0.13951462621885158	0.7487489382879894	0.4218602977667494	0.09755454545454546	0.6531071543086173	0.9174775413438186	0.09755454545454546	0.7932517225883763	0.13353054298642533	0.6973350167722698	0.5793963329312425	0.4018091829085457	0.4108328102189781	0.9395292167695808	0.04175486381322958	0.5610873475609757	0.7031405196241017	0.04175486381322958	0.7117855647780584	0.2669726941747573	0.7600688780487804	0.04175486381322958	0.04175486381322958	0.9016206055508831	0.644782058101473	0.3581597686375321	0.596775	0.7171821352313167	0.5189389496717725	0.7594353688324377	0.8957291778156167	0.17760365853658538	0.4256956781447646	0.3959763518659558	0.7380762781186093	0.38745040808394865	0.871229702970297	0.7518444591465431	0.2884360943499726	0.45100290185849357	0.7896886250189079	0.05647894736842105	0.9846932350971198	0.8576300198019803	0.10609745762711865	0.9787833463110766	0.3677275732217573	1.0	0.4558514975845411	0.7600688780487804	0.7702526058117498	0.04175486381322958	0.8836746374116773	0.83535437053326	0.40915629357798167	0.963007564311964	0.9235886180705135	0.47761507673788745	0.9431461819746182	0.4403862525458248
g__Streptococcus	0.6262054768041236	0.9577616549876339	0.7402824228028504	0.8708576725025746	0.42416068527022255	0.15361349693251533	0.9323850898602175	0.531543535057318	0.9878036173250833	0.7046282776349614	0.9122103581460673	0.7535247648902821	0.9208828984846757	0.6479956795131846	0.9738099880739416	0.9779394896362925	0.9291958617604295	0.7031405196241017	0.8659373006612212	0.35967540356839417	0.7600688780487804	0.6900945205479452	0.8873762379896526	0.20651813471502592	0.8576300198019803	0.8258683988170681	0.3397177989130435	0.3745603006907761	0.47653685006045954	0.9629934695963208	0.967461968838527	0.8020592783505154	0.9942653560342395	0.22340735600277584	0.8498298945682639	0.9187988428047663	0.824003743995479	0.8839091618175065	0.8744792443196323	0.4403862525458248	0.9210561283714578	0.6350541553276116	0.5897490084985836	0.7028468045807167	0.9437664808063478	0.8020592783505154	0.8836746374116773	0.18142011834319527	0.9536550172287772	0.06820550847457628	0.06820550847457628	0.6371252493765587	0.9407143227199136	0.9822992307692308	0.8970302769006558	0.9368445394736843	0.9175513167013167	0.8648366328916601	0.6081947083990092	0.9360307742998353	0.17760365853658538	0.7436363117232113	0.9024290507462688	0.05647894736842105	0.9887973781704189	0.04175486381322958	0.8592131651556958	0.981572099074788	0.6020725405158639	0.8826788011512953	0.1724625	0.504165429300085	0.9585903580983741	0.8873762379896526	0.18142011834319527	0.49265186470078054	0.5809301846080077	0.5258479245283019	0.9313968405829347	0.9307145631067961	0.9612430594028932	0.6015454087474238	0.7566347797609301	0.7310864295580111	0.9748822758620691	0.8299676089681103	0.2477973059653624	0.2884360943499726	0.10609745762711865	0.414280931744312	0.6221647173913043	0.7412227758007117	0.9543260204081633	0.9539786228482003	0.19980139643134212	0.8190493871151653	0.7670373804971319	0.7031405196241017	0.9644357927946265	0.8192943645937099	0.7742388164026095	0.4108328102189781	0.9459414100658314	0.9010100591715977	0.5743946424182845	0.05647894736842105	0.34842746045694195	0.8468882708585248	0.5334089409260244	0.9738099880739416	0.8034451873622336	0.9539786228482003	0.9698737925494527	0.8845806383768402	0.824003743995479	0.7728396535580524	0.7792219917012448	0.9375308429536049	0.578123828030119	0.6805273090079818	0.7436363117232113	0.5688980568011958	0.7535247648902821	0.9024290507462688	0.6371252493765587	0.5656651162790697	0.15361349693251533	0.1584301181102362	0.9323850898602175	0.8733799666965544	0.5510289899768697	0.8733478383579217	0.353508203125	0.9187988428047663	0.4558514975845411	1.0	0.4322721915920056	0.7196974558303887	0.7660599043062201	0.678770537757437	0.8228315632965165	0.7162947293192782	0.9395292167695808	0.04175486381322958	0.6334788012618296	0.9963134202382069	0.8547845562913908
g__Sutterella	0.9878036173250833	0.897788360237893	0.9375308429536049	0.6168027015154843	0.9431844666451821	0.9345016241299304	0.951996046438657	0.7192093716719915	0.9106200352941177	0.578123828030119	0.6371252493765587	0.9375308429536049	0.9739085683081812	0.8515576969212315	0.6411158383171788	0.7896886250189079	0.769171154760019	0.981572099074788	0.5873167654730852	0.5169936420937243	0.607694081770951	0.504165429300085	0.578123828030119	0.6190690658499235	0.9557557315936626	0.8462423883808499	0.5844448464651273	0.38388347107438014	0.8554127828503375	0.8125077379230546	0.7296485278836162	0.5809301846080077	0.7865270393437642	0.25978212290502795	0.9927669215519683	0.6665178299120235	0.9539786228482003	0.8988659033078881	0.8002860641139803	0.9752672206923683	0.920430143868463	0.849077654601309	0.5464576853055917	0.8166397217042031	0.8819981590482153	0.31316779233870967	0.9407143227199136	0.6771709416522241	0.6147894771674387	0.7543277330264672	0.5621128812704815	0.902847942264106	0.4071607300884956	0.9942653560342395	0.7703657210401892	0.7720204321277596	0.95108768503937	0.23155225893459203	0.4190053424166368	0.6632061468970935	0.7755051012521256	0.9942653560342395	0.9030507923269392	0.9424597285067874	0.7296485278836162	0.7343135793991417	0.8251706371581617	0.7975851349336514	0.8738590403071017	0.9375308429536049	0.45473871803172544	0.543704	0.8836746374116773	0.462966	0.9800945322346097	0.9477819163578614	0.8801497925311204	0.7152720214669052	0.7660599043062201	0.7650709739633559	0.7670373804971319	0.9748822758620691	0.839080642526545	0.17760365853658538	0.772128984375	0.376321186440678	0.623548665074886	0.9462770210057289	0.2852093023255814	0.8653313521930962	0.9016206055508831	0.7660599043062201	0.9503142313787638	0.937086451048951	0.18142011834319527	0.8638441030981514	0.8608939837823697	0.6641397177024112	0.9370401706596653	0.9445205254164888	0.2633374233128834	0.8829167979002625	0.9738099880739416	0.3171124321657622	0.9368911619756873	0.4744955447055233	0.4018091829085457	0.5496094769549457	0.8385795131291028	0.8019693228858662	0.44632097902097906	0.07832846715328468	0.7941453906016163	0.9008019949220167	0.10609745762711865	0.952932528987778	0.7294323207776428	0.9607335078534031	0.342406795679568	0.25582057716436635	0.7196974558303887	0.6294758936170213	0.5570122344509854	0.30282769633507856	0.9517695979899496	0.922999909245604	0.871229702970297	0.32866536101934873	0.571790074074074	0.7117855647780584	0.9781279769463711	0.8779539239226589	0.8965981400437636	0.9380293695652174	0.7600688780487804	0.4322721915920056	1.0	0.928398833295939	0.7278547353760445	0.891031619537275	0.9255169171657814	0.7910880271084337	0.9307145631067961	0.8166397217042031	0.5001450901803608	0.616069522131689	0.8524399840700917
g__Terrisporobacter	0.44632097902097906	0.8659373006612212	0.8738903027980068	0.5413481851657023	0.7341097040605643	0.7970547178262168	0.9346545855865799	0.3581597686375321	0.9210561283714578	0.8330176161504426	0.7205476658476658	0.2884360943499726	0.903562446504993	0.8393987765089723	0.2825529411764706	0.8766015259409968	0.6701927198602213	0.578123828030119	0.9404696629213484	0.644782058101473	0.5801656565656566	0.8836746374116773	0.6991801895558447	0.9187988428047663	0.25582057716436635	0.9172973601945119	0.8200046204151266	0.9557557315936626	0.8215374627501063	0.9005934269458904	0.5161746835443038	0.5873167654730852	0.11355555555555556	0.9149759986065954	0.986534892601432	0.7351461683524773	0.8282628523348758	0.2477973059653624	0.9748822758620691	0.8606760330578513	0.3171124321657622	0.678770537757437	0.8607288015717093	0.8450608273817545	0.6260520905172414	0.8020592783505154	0.9023445043103449	0.3263735840076154	0.9368445394736843	0.8608939837823697	0.769171154760019	0.8591578365574419	0.903562446504993	0.9187988428047663	0.5743946424182845	0.9129058871627146	0.9136779951100243	0.5509614669421488	0.2884360943499726	0.7910880271084337	0.5450844328552803	0.9267188952509263	0.8592131651556958	0.9819350799460604	0.531543535057318	0.4593609015345268	0.596775	0.4256956781447646	0.6632061468970935	0.7022916157690172	0.9658553267045455	0.960008544108575	0.2825529411764706	0.8498298945682639	0.1724625	0.9359829777875522	0.05647894736842105	0.7319282068965517	0.7676463961813842	0.9431844666451821	0.6603855281342547	0.8019693228858662	0.9842406555491662	0.9917707427707427	0.9557557315936626	0.983511768661735	0.18562685337726526	0.5189389496717725	0.437783906090507	0.45100290185849357	0.9375308429536049	0.9517695979899496	0.981572099074788	0.7139871813285458	0.9351164755183061	0.7928873271196631	0.6623995867768595	0.9881666666666666	0.9887973781704189	0.6652001761597182	0.9942653560342395	0.9010100591715977	0.8426833175483697	0.8401722901385493	0.9800945322346097	0.938424145785877	0.6371252493765587	0.8738590403071017	0.95108768503937	0.9607335078534031	0.9082612903225807	0.941607953443259	0.981572099074788	0.9577616549876339	0.808990639965172	0.7734129217851033	0.9092930635838151	0.2852093023255814	0.9323850898602175	0.8592131651556958	0.9624722665847666	0.48998858474082707	0.4359125042705842	0.5793963329312425	0.6137761883705505	0.9868998282770464	0.8166397217042031	0.8438744801512288	0.7751643697739239	0.4912537859007833	0.40416494960806276	0.9120468551983103	0.5169936420937243	0.9820228060046189	0.7702526058117498	0.7196974558303887	0.928398833295939	1.0	0.9742002083333334	0.04175486381322958	0.6245223521767381	0.5423163302752294	0.7143747044070224	0.839080642526545	0.9431461819746182	0.8329158448753462	0.5364079428117554
g__Thomasclavelia	0.5995137597791073	0.4322721915920056	0.35967540356839417	0.22340735600277584	0.9368911619756873	0.33469678456591645	0.8642285008451436	0.8836746374116773	0.20216654107008292	0.09755454545454546	0.33469678456591645	0.37353911439114396	0.30282769633507856	0.915371728538283	0.981572099074788	0.34842746045694195	0.6544707165732586	0.6410179391682186	0.11967657992565053	0.05647894736842105	0.10609745762711865	0.13951462621885158	0.4502936023622048	0.04175486381322958	0.18142011834319527	0.7494102368726189	0.6805273090079818	0.8421429500203169	0.39913347122978565	0.7296485278836162	0.11967657992565053	0.04175486381322958	0.9428032508073196	0.24003552631578948	0.41339137868315745	0.15361349693251533	0.04175486381322958	0.3171124321657622	0.14793531283138917	0.21694440433212994	0.7455372116349047	0.8060808221181976	0.13353054298642533	0.8366941563786008	0.20216654107008292	0.1724625	0.06820550847457628	0.11355555555555556	0.7703657210401892	0.6015454087474238	0.04175486381322958	0.8292816281014775	0.9910699062233589	0.04175486381322958	0.38537667057444314	0.19100485436893203	0.04175486381322958	0.6252215813350616	0.05647894736842105	0.73775625	0.13353054298642533	0.6854281634197087	0.20651813471502592	0.1271445497630332	0.9970883316178534	0.9106200352941177	0.8251706371581617	0.29207947740881873	0.4810448275862069	0.8341398178807947	0.05647894736842105	0.2965595846645368	0.9340383900928794	0.9690738977249849	0.08898009950248756	0.414280931744312	0.2697199281867146	0.5825253231211106	0.8628965095076843	0.15361349693251533	0.14793531283138917	0.04175486381322958	0.4055967729970326	0.5128088495575222	0.8659373006612212	0.3309185306504445	0.772128984375	0.06820550847457628	0.8515576969212315	0.8524399840700917	0.2429398447606727	0.7430267453625633	0.5189389496717725	0.04175486381322958	0.8952951424397371	0.17760365853658538	0.3309185306504445	0.33469678456591645	0.9738099880739416	0.32019495345418914	0.6603855281342547	0.15361349693251533	0.6891153354632588	0.4055967729970326	0.04175486381322958	0.803840865737344	0.30762199999999995	0.9667577363461344	0.08898009950248756	0.10609745762711865	0.5450844328552803	0.6262054768041236	0.25978212290502795	0.18562685337726526	0.8744792443196323	0.36882251243781095	0.06820550847457628	0.38388347107438014	0.6460522369765067	0.04175486381322958	0.5593557648256554	0.5464576853055917	0.05647894736842105	0.509692658509455	0.2429398447606727	0.21133260393873082	0.15361349693251533	0.8390143969403087	0.04175486381322958	0.815159645072861	0.6121439333333333	0.570549207920792	0.4668136235515189	0.9728223211605803	0.04175486381322958	0.7660599043062201	0.7278547353760445	0.9742002083333334	1.0	0.95108768503937	0.705303629032258	0.09755454545454546	0.7642060498793242	0.7343135793991417	0.7660599043062201	0.5529342571208622	0.1271445497630332
g__Turicibacter	0.27967478753541075	0.8889328378378378	0.7199278481012658	0.7436363117232113	0.7152720214669052	0.7100766969147005	0.6260520905172414	0.9916938138479001	0.9748822758620691	0.8568921125644076	0.7822122533272142	0.2792914979757085	0.8836746374116773	0.9010100591715977	0.14793531283138917	0.8607288015717093	0.8215374627501063	0.578123828030119	0.8070951998832798	0.7066228895806628	0.18142011834319527	0.8166397217042031	0.9517695979899496	0.44632097902097906	0.9619645666871542	0.47761507673788745	0.7896886250189079	0.9106200352941177	0.3959763518659558	0.9023445043103449	0.9187988428047663	0.7553467892921661	0.2522534942820838	0.44795520557029184	0.8515576969212315	0.7561157290470722	0.5258479245283019	0.7003934657508818	0.9658553267045455	0.7235309669522644	0.3241978386167147	0.3935383938814531	0.824003743995479	0.4704136237256719	0.9245955117307039	0.7751643697739239	0.972235045045045	0.698293766282099	0.9916167392539292	0.7464576056102856	0.571790074074074	0.9881666666666666	0.6015454087474238	0.6782763188073395	0.44795520557029184	0.7195814027630181	0.7199278481012658	0.769651826664558	0.4359125042705842	0.21133260393873082	0.17760365853658538	0.8547845562913908	0.9082612903225807	0.9747812692117005	0.9942653560342395	0.38388347107438014	0.8787547865622631	0.7199278481012658	0.941607953443259	0.7387719244512507	0.7670373804971319	0.8390143969403087	0.5001450901803608	0.8329158448753462	0.3171124321657622	0.6900945205479452	0.04175486381322958	0.6962434596006718	0.9291958617604295	0.543704	0.8771852877652141	0.8932230054978619	0.646527444987775	0.33730196167883214	0.9742002083333334	0.8479489743933504	0.20216654107008292	0.6641397177024112	0.7816468290441176	0.05647894736842105	0.881647981444333	0.8995122048674173	0.509692658509455	0.8733478383579217	0.8385795131291028	0.5073929411764706	0.45473871803172544	0.7070342773615932	0.8330176161504426	0.2633374233128834	0.952932528987778	0.9793512112073159	0.2633374233128834	0.9748822758620691	0.6301501910016978	0.3974895573212259	0.9671590826245444	0.9365921633190649	0.8524399840700917	0.7390887417218543	0.7872005006827493	0.617532026286966	0.9008019949220167	0.6168027015154843	0.7862106664637858	0.8020592783505154	0.8965981400437636	0.37353911439114396	0.8438744801512288	0.8708576725025746	0.7285813662436988	0.8258683988170681	0.7199278481012658	0.7402824228028504	0.6411158383171788	0.7453631429050094	0.616069522131689	0.5413481851657023	0.7734129217851033	0.981572099074788	0.897788360237893	0.8245878492802708	0.16430239234449762	0.16430239234449762	0.8836746374116773	0.678770537757437	0.891031619537275	0.04175486381322958	0.95108768503937	1.0	0.9942653560342395	0.6252215813350616	0.8787547865622631	0.571790074074074	0.7734129217851033	0.818089239782795	0.4071607300884956
g__Tyzzerella	0.29207947740881873	0.8026939541041482	0.818089239782795	0.8738903027980068	0.38297614132592295	0.06820550847457628	0.3935383938814531	0.8836746374116773	0.4502936023622048	0.10609745762711865	0.938424145785877	0.9567117136659435	0.9020428880086425	0.42014139650872817	0.6427582546201233	0.45753926852743015	0.486857796014068	0.6641397177024112	0.9732169279936084	0.7910880271084337	0.9411614754098361	0.5334089409260244	0.13951462621885158	0.8468882708585248	0.9141545422862453	0.7471266422140714	0.20651813471502592	0.5258479245283019	0.9494814204185162	0.9721339779559118	0.8779539239226589	0.6361021103217719	0.6614594322885866	0.9249313807531381	0.5581872894333844	0.9633300152827305	0.4827995850622407	0.7742388164026095	0.7807205611775528	0.944657691487092	0.7703657210401892	0.08898009950248756	0.7302423236514523	0.9557557315936626	0.30762199999999995	0.915371728538283	0.8699241885625965	0.9332131133015837	0.7932517225883763	0.9187988428047663	0.7917502256317689	0.6131660088691796	0.7865270393437642	0.5413481851657023	0.9647424344112264	0.6508293061718435	0.9187988428047663	0.4722697566984909	0.6370132819015847	0.8288378484381566	0.7755051012521256	0.5793963329312425	0.9260585541896921	0.6776500095767094	0.5169936420937243	0.9370401706596653	0.9180155929468711	0.7039504415011036	0.6318888020283119	0.9345016241299304	0.15361349693251533	0.9482153195090987	0.818089239782795	0.83535437053326	0.7073149106817352	0.8282628523348758	0.7538028322081344	0.376321186440678	0.8829167979002625	0.8653313521930962	0.9978827102803738	0.583418090692124	0.8592131651556958	0.9166917274939173	0.3104188612099644	0.8937696899414063	0.8836746374116773	0.7494102368726189	0.6835667362428842	0.42416068527022255	0.05647894736842105	0.5284988745980707	0.9208828984846757	0.9935923548843794	0.6279826170622194	0.5693021836228287	0.8836746374116773	0.95108768503937	0.9435263711495117	0.9967589277345581	0.7430267453625633	0.5638276483846731	0.8607288015717093	0.837018	0.9694777029742766	0.7453631429050094	0.8924571271393643	0.21694440433212994	0.9755550412735849	0.3745603006907761	0.9441811885421121	0.1584301181102362	0.22707235494880548	0.803840865737344	0.6371252493765587	0.9136779951100243	0.981572099074788	0.9677643651435504	0.9441811885421121	0.9694777029742766	0.5621128812704815	0.8904754969325153	0.8878231971449668	0.7642060498793242	0.9895055913570887	0.5667894763092269	0.4722697566984909	0.9086703222760005	0.27967478753541075	0.8617339432753888	0.4071607300884956	0.7192093716719915	0.8215374627501063	0.9376783289817232	0.83535437053326	0.8228315632965165	0.9255169171657814	0.6245223521767381	0.705303629032258	0.9942653560342395	1.0	0.7366785641025642	0.9748822758620691	0.960321974522293	0.9738099880739416	0.571790074074074	0.9647424344112264
g__UBA3402	0.48468720070942944	0.36882251243781095	0.8544950132625996	0.6168027015154843	0.818089239782795	0.7982329858525689	0.9332131133015837	0.6334788012618296	0.3625399154334038	0.305407931570762	0.95108768503937	0.6301501910016978	0.04175486381322958	0.8320294060370009	0.9431844666451821	0.9404696629213484	0.9583736842105263	0.8509213447171826	0.6460522369765067	0.3263735840076154	0.3104188612099644	0.7987604848304579	0.8393987765089723	0.07832846715328468	0.23155225893459203	0.48570565038257796	0.7143747044070224	0.9187988428047663	0.6531071543086173	0.46870649391195757	0.678770537757437	0.6301501910016978	0.9607335078534031	0.30762199999999995	0.04175486381322958	0.9187988428047663	0.3320554579093432	0.3745603006907761	0.8599451752658528	0.9187988428047663	0.47653685006045954	0.8329158448753462	0.13951462621885158	0.9255169171657814	0.4827995850622407	0.5930223570595099	0.3320554579093432	0.5510289899768697	0.44211863895407305	0.9431461819746182	0.06820550847457628	0.7070342773615932	0.7605770454545455	0.07832846715328468	0.5284988745980707	0.4256956781447646	0.11967657992565053	0.6119350356824264	0.2754749124854142	0.6015454087474238	0.4668136235515189	0.5693021836228287	0.30762199999999995	0.607694081770951	0.9515427224143351	0.5593557648256554	0.9020428880086425	0.7031405196241017	0.7132130192411437	0.9132792564969117	0.2792914979757085	0.7471266422140714	0.8771852877652141	0.9784085510920437	0.08898009950248756	0.7285813662436988	0.8474191920547578	0.9187988428047663	0.9796283841522626	0.11967657992565053	0.7296485278836162	0.1724625	0.4341746396705559	0.42014139650872817	0.9136779951100243	0.6027334547109695	0.9607335078534031	0.460729439847231	0.7380762781186093	0.9098076732673268	0.4938979838709678	0.8330176161504426	0.8779539239226589	0.06820550847457628	0.9738099880739416	0.15361349693251533	0.1678261269549218	0.353508203125	0.9916938138479001	0.5793963329312425	0.9719352221442183	0.4757377392889699	0.7227920490367776	0.4322721915920056	0.6221647173913043	0.9784085510920437	0.8957291778156167	0.8450608273817545	0.04175486381322958	0.38388347107438014	0.698293766282099	0.9796283841522626	0.47940171017101707	0.13951462621885158	0.5728837232208815	0.2205520907158044	0.3241978386167147	0.9376783289817232	0.8796853744493391	0.29940395569620254	0.3320554579093432	0.5728837232208815	0.47280799142682184	0.9351164755183061	0.49821400286944045	0.3263735840076154	0.9923159535279116	0.9843257372654156	0.1678261269549218	0.6872776583710407	0.5693021836228287	0.7455372116349047	0.5510289899768697	0.8592131651556958	0.40915629357798167	0.7162947293192782	0.7910880271084337	0.5423163302752294	0.09755454545454546	0.6252215813350616	0.7366785641025642	1.0	0.8873762379896526	0.4448213114754098	0.414280931744312	0.9752672206923683	0.17760365853658538
g__URXU01	0.6168027015154843	0.951996046438657	0.6805273090079818	0.9424597285067874	0.9187988428047663	0.9067249466192171	0.49265186470078054	0.414280931744312	0.839080642526545	0.7685670209390862	0.9079588715400995	0.845709127625202	0.8836746374116773	0.1678261269549218	0.4411834401349073	0.902847942264106	0.8738903027980068	0.6010148862853204	0.5073929411764706	0.6518104892289108	0.94469389451252	0.9619645666871542	0.5554028725314184	0.6614594322885866	0.9557557315936626	0.7171821352313167	0.9122103581460673	0.9030507923269392	0.9441811885421121	0.7132130192411437	0.06820550847457628	0.6844341163099071	0.8484376203208557	0.954846836628512	0.8390143969403087	0.849077654601309	0.47761507673788745	0.5013513405590416	0.8341398178807947	0.839080642526545	0.342406795679568	0.570549207920792	0.8479489743933504	0.4498724479682855	0.837018	0.7126930810810811	0.8518525755357381	0.3889003859513701	0.7627077768795474	0.6962434596006718	0.9482153195090987	0.858762766798419	0.1724625	0.4359125042705842	0.7355986652977413	0.8524399840700917	0.6772810483870968	0.8642285008451436	0.8839091618175065	0.8329158448753462	0.9679769067796611	0.6066086897488119	0.8836746374116773	0.7196974558303887	0.9201504400502915	0.39913347122978565	0.7046282776349614	0.9031456806282723	0.7343135793991417	0.6479956795131846	0.7707208149779736	0.8909176636430498	0.8884877397934088	0.7390887417218543	0.843450506962282	0.8329158448753462	0.95108768503937	0.8950784129692834	0.8401722901385493	0.8390143969403087	0.7615772948426857	0.8426833175483697	0.4071607300884956	0.5958062776098583	0.617532026286966	0.841373241154941	0.9098076732673268	0.8829167979002625	0.9172973601945119	0.967461968838527	0.95108768503937	0.8995122048674173	0.8738590403071017	0.9612430594028932	0.9187988428047663	0.94651173290938	0.6020725405158639	0.7227920490367776	0.04175486381322958	0.8329158448753462	0.6623995867768595	0.9841554105909439	0.9445205254164888	0.8166397217042031	0.8264485159656774	0.5621128812704815	0.8983275891341257	0.5496094769549457	0.95108768503937	0.8003345430306621	0.8363694230769232	0.7658110112359551	0.3935383938814531	0.9356260400616333	0.7205476658476658	0.6168027015154843	0.8628474302113226	0.9963134202382069	0.9719352221442183	0.8836746374116773	0.6477899694811801	0.2754749124854142	0.9141545422862453	0.8878231971449668	0.9963134202382069	0.7677172463077657	0.9010100591715977	0.48468720070942944	0.2477973059653624	0.2429398447606727	0.7535247648902821	0.9310316445830086	0.981572099074788	0.8292816281014775	0.963007564311964	0.9395292167695808	0.9307145631067961	0.7143747044070224	0.7642060498793242	0.8787547865622631	0.9748822758620691	0.8873762379896526	1.0	0.9732143671265747	0.7117855647780584	0.8766015259409968	0.8518525755357381
g__Veillonella	0.9752672206923683	0.5924537110746898	0.9477819163578614	0.6872776583710407	0.858762766798419	0.13353054298642533	0.7380762781186093	0.24003552631578948	0.5789023728813559	0.5728837232208815	0.9119647867465633	0.9375308429536049	0.38388347107438014	0.9132792564969117	0.45100290185849357	0.7623285714285715	0.4704136237256719	0.9927669215519683	0.642401503294893	0.8330176161504426	0.6010148862853204	0.40915629357798167	0.31508270189431703	0.6739566150870405	0.32182601744186046	0.7745821832842301	0.29207947740881873	0.20651813471502592	0.9024290507462688	0.7685670209390862	0.9957013523666416	0.9970883316178534	0.5761294088910601	0.9024290507462688	0.504165429300085	0.9515427224143351	0.9459414100658314	0.7728396535580524	0.9822992307692308	0.8482504217432053	0.7302423236514523	0.15361349693251533	0.9770830249632894	0.6641397177024112	0.5510289899768697	0.7139871813285458	0.8178413482181193	0.5237333876221498	0.976798852491173	0.460729439847231	0.6370132819015847	0.7584289486552568	0.7380762781186093	0.7310864295580111	0.20216654107008292	0.9843257372654156	0.11967657992565053	0.4558514975845411	0.8350271676300579	0.9337810957387935	0.3791217443729904	0.7472960572284147	0.9748822758620691	0.48570565038257796	0.08898009950248756	0.04175486381322958	0.954846836628512	0.48885666666666666	0.31316779233870967	0.13353054298642533	0.7380762781186093	0.6121439333333333	0.47940171017101707	0.5897490084985836	0.9441811885421121	0.9187988428047663	0.7816468290441176	0.29940395569620254	0.7928873271196631	0.8524399840700917	0.14793531283138917	0.5958062776098583	0.837018	0.4938979838709678	0.9796283841522626	0.5693021836228287	0.13951462621885158	0.8231854496606335	0.11967657992565053	0.13951462621885158	0.08898009950248756	0.31508270189431703	0.6603855281342547	0.815159645072861	0.11355555555555556	0.8282628523348758	0.6991801895558447	0.9260585541896921	0.9895055913570887	0.9389770406504065	0.9843257372654156	0.9567117136659435	0.9841554105909439	0.21133260393873082	0.9779394896362925	0.04175486381322958	0.2522534942820838	0.29940395569620254	0.3935383938814531	0.9016206055508831	0.95108768503937	0.353508203125	0.9738099880739416	0.8663177156177155	0.5773403508771929	0.837018	0.9804642504596923	0.938424145785877	0.9612430594028932	0.9694777029742766	0.4284197011813759	0.9079588715400995	0.8062353241822429	0.27967478753541075	0.2825529411764706	0.6701927198602213	0.17760365853658538	0.642401503294893	0.95108768503937	0.5068003940332114	0.7822122533272142	0.06820550847457628	0.3959763518659558	0.9692759831036911	0.9235886180705135	0.04175486381322958	0.8166397217042031	0.839080642526545	0.7343135793991417	0.571790074074074	0.960321974522293	0.4448213114754098	0.9732143671265747	1.0	0.14793531283138917	0.571790074074074	0.7584289486552568
g__Vescimonas	0.8836746374116773	0.646527444987775	0.9842406555491662	0.6252215813350616	0.9016206055508831	0.06820550847457628	0.9106200352941177	0.462966	0.5593557648256554	0.7575236506378802	0.8484376203208557	0.8484376203208557	0.8020592783505154	0.9663558203204219	0.04175486381322958	0.7479613953488372	0.7014739710789767	0.7584289486552568	0.20651813471502592	0.8292816281014775	0.44211863895407305	0.8015678856973645	0.4273639510489511	0.871229702970297	0.3935383938814531	0.7670373804971319	0.6568388104237118	0.9617519840049216	0.32866536101934873	0.981572099074788	0.7341097040605643	0.951996046438657	0.9748822758620691	0.36882251243781095	0.20651813471502592	0.503407002561913	0.922999909245604	0.9441811885421121	0.9748822758620691	0.9577616549876339	0.9346545855865799	0.14793531283138917	0.8779539239226589	0.8988659033078881	0.23545412234042554	0.8078358111062527	0.6332195569620253	0.6350541553276116	0.5773403508771929	0.5053446640316206	0.7543277330264672	0.6301501910016978	0.7600688780487804	0.8836746374116773	0.3791217443729904	0.6760157539529502	0.38745040808394865	0.392133962264151	0.7627077768795474	0.8623475319926873	0.41339137868315745	0.9748822758620691	0.7660599043062201	0.7830153575794621	0.6294758936170213	0.24003552631578948	0.460729439847231	0.5801656565656566	0.7199278481012658	0.1724625	0.8748439882697947	0.9873460329555195	0.06820550847457628	0.3171124321657622	0.2429398447606727	0.4018091829085457	0.9494814204185162	0.9031456806282723	0.841373241154941	0.9401228589965398	0.7720204321277596	0.9995588811188811	0.9671590826245444	0.981572099074788	0.95108768503937	0.8919085158448551	0.4744955447055233	0.3889003859513701	0.05647894736842105	0.05647894736842105	0.8342391735537191	0.46927309124767225	0.5464576853055917	0.9748822758620691	0.7830153575794621	0.7932517225883763	0.9289773766816143	0.9942653560342395	0.9557557315936626	0.38297614132592295	0.967461968838527	0.8026939541041482	0.9092930635838151	0.41339137868315745	0.9494814204185162	0.19650716560509554	0.48570565038257796	0.8518525755357381	0.6623995867768595	0.8836746374116773	0.9375308429536049	0.5844448464651273	0.4055967729970326	0.30762199999999995	0.19650716560509554	0.5284988745980707	0.6361021103217719	0.9450317470456724	0.32182601744186046	0.29207947740881873	0.6760157539529502	0.8904754969325153	0.463722821969697	0.09755454545454546	0.9512156476140534	0.5633977369876791	0.2825529411764706	0.9013263329312424	0.9512156476140534	0.42014139650872817	0.5621128812704815	0.04175486381322958	0.47280799142682184	0.8608939837823697	0.47761507673788745	0.6334788012618296	0.5001450901803608	0.9431461819746182	0.7660599043062201	0.7734129217851033	0.9738099880739416	0.414280931744312	0.7117855647780584	0.14793531283138917	1.0	0.7422184397163122	0.5930223570595099
g__Weissella	0.9835977541030809	0.8479489743933504	0.3581597686375321	0.8889328378378378	0.95108768503937	0.6147894771674387	0.8805026752072344	0.7584289486552568	0.6772810483870968	0.8957291778156167	0.9748822758620691	0.9451679464000852	0.9583736842105263	0.8932230054978619	0.698293766282099	0.9979529411764706	0.607694081770951	0.6289323021122253	0.9677730081793395	0.6973350167722698	0.6147894771674387	0.981572099074788	0.2725534554046072	0.9541027722772276	0.845709127625202	0.7702526058117498	0.8805026752072344	0.4071607300884956	0.9013263329312424	0.6301501910016978	0.9748822758620691	0.9784085510920437	0.871229702970297	0.7627077768795474	0.9822992307692308	0.7600688780487804	0.5667894763092269	0.43050290758047766	0.437783906090507	0.37353911439114396	0.9679769067796611	0.7879917399211882	0.9174775413438186	0.7366785641025642	0.9763209126594701	0.9368911619756873	0.7453631429050094	0.8292816281014775	0.7594353688324377	0.8166397217042031	0.8805026752072344	0.8591578365574419	0.9431844666451821	0.8482504217432053	0.9228294378194207	0.7745821832842301	0.5348412420382166	0.9857927807486632	0.8688777734827985	0.6427582546201233	0.5053446640316206	0.19100485436893203	0.8591578365574419	0.9617519840049216	0.6501072771376593	0.891031619537275	0.8944245303732618	0.9431461819746182	0.8166397217042031	0.9332131133015837	0.8952951424397371	0.6561398923444975	0.5593557648256554	0.7846164226898444	0.8320294060370009	0.3581597686375321	0.6350541553276116	0.9655502741673436	0.9267188952509263	0.5223802885924312	0.8083395196506549	0.6518104892289108	0.642401503294893	0.8937696899414063	0.6460522369765067	0.938424145785877	0.9445205254164888	0.7285813662436988	0.1724625	0.95108768503937	0.9016206055508831	0.33469678456591645	0.5189389496717725	0.7959279205258439	0.7800320079828063	0.7196974558303887	0.9323850898602175	0.9275071484681854	0.8554127828503375	0.7703657210401892	0.9119647867465633	0.7066228895806628	0.95108768503937	0.37353911439114396	0.9583736842105263	1.0	0.509692658509455	0.95108768503937	0.9768932098765433	0.6479956795131846	0.9256835082966475	0.4757377392889699	0.6479956795131846	0.3171124321657622	0.8628965095076843	0.7444383763837639	0.6039386327503975	0.8562662523142026	0.8957291778156167	0.9679769067796611	0.9016206055508831	0.9979529411764706	0.6119350356824264	0.981572099074788	0.8809652823086574	0.34629920318725105	0.8329158448753462	0.9585903580983741	0.5930223570595099	0.9748822758620691	0.4498724479682855	0.644782058101473	0.9558771180304128	0.8125077379230546	0.9431461819746182	0.9963134202382069	0.616069522131689	0.8329158448753462	0.5529342571208622	0.818089239782795	0.571790074074074	0.9752672206923683	0.8766015259409968	0.571790074074074	0.7422184397163122	1.0	0.8836746374116773
g__Wujia	0.06820550847457628	0.22707235494880548	0.8648366328916601	0.31316779233870967	0.7083671217913708	0.7703657210401892	0.22340735600277584	0.8292816281014775	0.29940395569620254	0.21133260393873082	0.6782763188073395	0.2669726941747573	0.16430239234449762	0.9024290507462688	0.8173583404987103	0.8884877397934088	0.4071607300884956	0.7247736897274633	0.617532026286966	0.6701927198602213	0.15361349693251533	0.7584289486552568	0.814551567239636	0.04175486381322958	0.4218602977667494	0.33730196167883214	0.7253811649808163	0.6168027015154843	0.1584301181102362	0.3677275732217573	0.9557557315936626	0.10609745762711865	0.543704	0.2754749124854142	0.07832846715328468	0.8215374627501063	0.08898009950248756	0.7444383763837639	0.3745603006907761	0.4218602977667494	0.8576300198019803	0.9267188952509263	0.19980139643134212	0.6776500095767094	0.9360307742998353	0.6051388939256572	0.3397177989130435	0.30762199999999995	0.9175513167013167	0.6371252493765587	0.11967657992565053	0.16430239234449762	0.8878231971449668	0.11355555555555556	0.871229702970297	0.3959763518659558	0.04175486381322958	0.6051388939256572	0.3935383938814531	0.09755454545454546	0.20216654107008292	0.34629920318725105	0.7553467892921661	0.47280799142682184	0.9963134202382069	0.9784085510920437	0.42416068527022255	0.5510289899768697	0.8733799666965544	0.4218602977667494	0.09755454545454546	0.15361349693251533	0.6632061468970935	0.46870649391195757	0.04175486381322958	0.06820550847457628	0.8034451873622336	0.9360307742998353	0.8796853744493391	0.6797798362528561	0.5510289899768697	0.4284197011813759	0.14793531283138917	0.2792914979757085	0.6872776583710407	0.48570565038257796	0.7535247648902821	0.2825529411764706	0.9842406555491662	0.94469389451252	0.644782058101473	0.964030461350443	0.462966	0.4593609015345268	0.5252205739036274	0.34629920318725105	0.22340735600277584	0.462966	0.8105759704519119	0.23155225893459203	0.35967540356839417	0.18142011834319527	0.7390887417218543	0.46534745283018863	0.08898009950248756	0.6370132819015847	0.7623285714285715	0.7199278481012658	0.44211863895407305	0.32866536101934873	0.9401228589965398	0.7605770454545455	0.9784085510920437	0.1271445497630332	0.9747812692117005	0.6568388104237118	0.35967540356839417	0.6371252493765587	0.6020725405158639	0.1678261269549218	0.9340383900928794	0.963007564311964	0.2965595846645368	0.7453631429050094	0.496559654676259	0.04175486381322958	0.9450317470456724	0.8805026752072344	0.04175486381322958	0.2852093023255814	0.9748822758620691	0.1678261269549218	0.35967540356839417	0.9023445043103449	0.4403862525458248	0.8547845562913908	0.8524399840700917	0.5364079428117554	0.1271445497630332	0.4071607300884956	0.9647424344112264	0.17760365853658538	0.8518525755357381	0.7584289486552568	0.5930223570595099	0.8836746374116773	1.0
