#OTU ID	g__Acetatifactor	g__Acutalibacter	g__Adlercreutzia	g__Agathobacter	g__Agathobaculum	g__Alistipes	g__Alistipes_A	g__Alitiscatomonas	g__Allocoprobacillus	g__Amedibacterium	g__Anaerobutyricum	g__Anaerofustis	g__Anaeromassilibacillus	g__Anaerostipes	g__Anaerotignum	g__Anaerotruncus	g__Anthropogastromicrobium	g__Aristaeella	g__Bacteroides	g__Bariatricus	g__Bifidobacterium	g__Bittarella	g__Blautia	g__Blautia_A	g__Brotaphodocola	g__Butyribacter	g__CAG-170	g__CAG-177	g__CAG-217	g__CAG-488	g__Catenibacterium	g__Choladousia	g__Clostridium	g__Clostridium_A	g__Clostridium_AP	g__Collinsella	g__Coprococcus_A	g__Dialister	g__Dorea	g__Dorea_A	g__Dorea_D	g__Dysosmobacter	g__Eggerthella	g__Enterobacter	g__Enterocloster	g__Enterococcus	g__Enterococcus_A	g__Enterococcus_B	g__Eubacterium_F	g__Eubacterium_G	g__Eubacterium_I	g__Evtepia	g__Faecalibacterium	g__Faecalimonas	g__Faecousia	g__Finegoldia	g__Flavonifractor	g__Fusicatenibacter	g__Fusobacterium_A	g__Gallintestinimicrobium	g__Gemella	g__Gemmiger	g__Gordonibacter	g__Granulicatella	g__Guopingia	g__Haemophilus_D	g__Holdemanella	g__Holdemania	g__Hominenteromicrobium	g__Hominibacterium	g__Hominicoprocola	g__Hominifimenecus	g__Hominilimicola	g__Hominimerdicola	g__Hominiventricola	g__Hungatella	g__Intestinibacter	g__JAGTTR01	g__Klebsiella	g__Lachnoclostridium_B	g__Lachnospira	g__Lacticaseibacillus	g__Lactiplantibacillus	g__Lactobacillus	g__Lactococcus	g__Lactonifactor	g__Laedolimicola	g__Lancefieldella	g__Latilactobacillus	g__Lawsonibacter	g__Lentihominibacter	g__Leuconostoc	g__Ligilactobacillus	g__Limivivens	g__Limosilactobacillus	g__Longicatena	g__Massilioclostridium	g__Mediterraneibacter	g__Megamonas	g__Merdibacter	g__Merdimmobilis	g__Merdimonas	g__Merdivicinus	g__Muricomes	g__Murimonas	g__Nanosynbacter	g__Negativibacillus	g__Odoribacter	g__Oliverpabstia	g__Onthenecus	g__Otoolea	g__Parabacteroides	g__Paraprevotella	g__Pararoseburia	g__Parasutterella	g__Pauljensenia	g__Pediococcus	g__Peptostreptococcus	g__Phascolarctobacterium	g__Phocaeicola	g__Prevotella	g__Pseudobutyricicoccus	g__Pseudoflavonifractor_A	g__Pseudoscilispira	g__Roseburia	g__Roseburia_D	g__Rothia	g__Ruminiclostridium_E	g__Ruminococcus_B	g__Ruminococcus_C	g__Ruminococcus_E	g__Ruthenibacterium	g__Sarcina	g__Schaedlerella	g__Sellimonas	g__Streptococcus	g__Sutterella	g__Terrisporobacter	g__Thomasclavelia	g__Turicibacter	g__Tyzzerella	g__UBA3402	g__URXU01	g__Veillonella	g__Vescimonas	g__Weissella	g__Wujia
g__Acetatifactor	1.0000	0.0040	0.3207	0.0240	0.9441	0.0609	0.1958	0.1389	0.0140	0.1229	0.0160	0.0070	0.0370	0.4066	0.0240	0.0699	0.0100	0.8312	0.5884	0.0010	0.0669	0.0599	0.8372	0.0200	0.0150	0.1219	0.2647	0.8082	0.2747	0.5704	0.4515	0.0020	0.8092	0.0150	0.0300	0.1149	0.0170	0.0170	0.0889	0.1279	0.1718	0.0110	0.0849	0.0020	0.1279	0.0010	0.1618	0.3117	0.7932	0.1069	0.1518	0.0020	0.5504	0.0420	0.9091	0.0020	0.0130	0.9021	0.0040	0.0080	0.0010	0.9051	0.1229	0.0030	0.6094	0.9920	0.8981	0.7802	0.0020	0.1299	0.0020	0.0010	0.3297	0.1229	0.0010	0.0010	0.2468	0.0070	0.0100	0.0280	0.0010	0.0440	0.2717	0.0629	0.0090	0.0919	0.0020	0.0010	0.3497	0.0929	0.0030	0.1578	0.0150	0.0549	0.0210	0.0010	0.0100	0.6414	0.0150	0.0020	0.0350	0.0010	0.0050	0.4635	0.0010	0.0729	0.5604	0.2248	0.0460	0.0040	0.1658	0.1169	0.1409	0.2567	0.9510	0.1758	0.0719	0.0030	0.4895	0.0989	0.0420	0.0609	0.0050	0.8871	0.0929	0.0090	0.7403	0.3007	0.0010	0.5874	0.8442	0.1848	0.0110	0.5075	0.0020	0.2717	0.9670	0.1249	0.2428	0.0460	0.0500	0.1528	0.2617	0.9231	0.6613	0.9550	0.0030
g__Acutalibacter	0.0040	1.0000	0.9421	0.2667	0.0849	0.6993	0.1429	0.3127	0.0010	0.0849	0.8262	0.2398	0.0020	0.4745	0.7832	0.7483	0.2048	0.9760	0.2877	0.6474	0.3586	0.7882	0.8352	0.1279	0.2547	0.9850	0.6633	0.6503	0.0719	0.8931	0.4745	0.0559	0.1199	0.0460	0.1818	0.3676	0.0759	0.0110	0.1319	0.0290	0.8511	0.5684	0.8541	0.4096	0.5974	0.2787	0.7123	0.9730	0.9421	0.9221	0.1588	0.1978	0.7982	0.0979	0.9840	0.2807	0.0190	0.6164	0.5425	0.0240	0.1219	0.0709	0.2827	0.5185	0.0070	0.7323	0.0250	0.9121	0.0010	0.0130	0.0759	0.0799	0.6134	0.9371	0.0699	0.0150	0.9970	0.1369	0.4925	0.2747	0.3317	0.6563	0.0519	0.9940	0.0240	0.0859	0.5534	0.1928	0.9121	0.1998	0.4216	0.1958	0.8422	0.2048	0.9960	0.0779	0.0380	0.4196	0.0689	0.1329	0.9690	0.0020	0.0040	0.1479	0.0190	0.6394	0.0080	0.5904	0.1688	0.1229	0.4266	0.8621	0.4655	0.0559	0.9441	0.6194	0.4296	0.7453	0.7502	0.2797	0.6244	0.9181	0.5644	0.4845	0.3067	0.3397	0.4895	0.1389	0.1698	0.6793	0.1099	0.0170	0.5624	0.7273	0.0579	0.8661	0.6893	0.6224	0.1169	0.6743	0.5085	0.0829	0.8482	0.2358	0.2957	0.5894	0.0310
g__Adlercreutzia	0.3207	0.9421	1.0000	0.2537	0.6204	0.0430	0.0979	0.8452	0.5165	0.0979	0.3027	0.0809	0.8182	0.6883	0.7542	0.8432	0.1049	0.8422	0.8781	0.1469	0.5824	0.8422	0.0889	0.9231	0.1638	0.5305	0.5015	0.5884	0.9610	0.8661	0.4555	0.0170	0.3526	0.2697	0.7093	0.5904	0.0370	0.6004	0.7033	0.8302	0.1489	0.4595	0.7333	0.1838	0.7822	0.2208	0.0869	0.0320	0.7043	0.2138	0.2777	0.7742	0.6344	0.9331	0.3606	0.1349	0.0390	0.8062	0.1558	0.9141	0.1299	0.1848	0.1129	0.6414	0.4905	0.1748	0.6863	0.8092	0.4306	0.4965	0.3876	0.1508	0.0589	0.6553	0.1778	0.5025	0.8661	0.9121	0.1099	0.4226	0.2478	0.0290	0.2378	0.1668	0.7243	0.5824	0.8262	0.0719	0.3297	0.7023	0.2098	0.5524	0.5415	0.1099	0.2587	0.4316	0.7403	0.4096	0.3556	0.1698	0.3616	0.3287	0.4156	0.6553	0.2567	0.2348	0.9321	0.8831	0.7892	0.4416	0.5125	0.1499	0.7433	0.2887	0.3806	0.4466	0.0959	0.1199	0.5275	0.7972	0.6923	0.8791	0.0849	0.4396	0.3796	0.2547	0.2547	0.6484	0.1449	0.6054	0.0320	0.7832	0.1988	0.2987	0.8601	0.4066	0.8022	0.6374	0.0789	0.3816	0.5335	0.6004	0.3337	0.8342	0.9570	0.0779	0.6204
g__Agathobacter	0.0240	0.2667	0.2537	1.0000	0.1009	0.1698	0.2637	0.2917	0.1828	0.2897	0.0010	0.4346	0.5205	0.0010	0.9301	0.7862	0.0010	0.8991	0.2627	0.0070	0.2667	0.1688	0.7163	0.5135	0.0180	0.0919	0.1648	0.6424	0.0979	0.7572	0.3746	0.0559	0.7213	0.0280	0.1948	0.3397	0.1159	0.1259	0.0649	0.7103	0.5255	0.3796	0.8791	0.5135	0.1249	0.0020	0.1878	0.4116	0.8821	0.3986	0.2428	0.0380	0.0380	0.3227	0.3237	0.0070	0.0250	0.0649	0.0290	0.3367	0.0619	0.5185	0.3147	0.0010	0.5564	0.2997	0.6643	0.8132	0.4555	0.6124	0.1449	0.9411	0.4615	0.4406	0.0460	0.1089	0.3966	0.6553	0.0260	0.0569	0.0010	0.0060	0.3217	0.5904	0.5265	0.1369	0.7153	0.3397	0.7752	0.7433	0.9770	0.2957	0.9600	0.0080	0.5674	0.1508	0.0070	0.7812	0.5075	0.7263	0.6364	0.4476	0.6523	0.4306	0.0460	0.2517	0.1369	0.5594	0.0290	0.4206	0.5614	0.5534	0.9131	0.5175	0.9850	0.6593	0.1688	0.0080	0.7872	0.1568	0.0120	0.9680	0.0050	0.0090	0.2038	0.7632	0.7023	0.8002	0.0080	0.0959	0.2208	0.1898	0.3696	0.3566	0.1369	0.6304	0.2617	0.1918	0.0300	0.4126	0.6374	0.2617	0.8152	0.3397	0.2697	0.6743	0.0579
g__Agathobaculum	0.9441	0.0849	0.6204	0.1009	1.0000	0.0370	0.1828	0.9700	0.5375	0.0939	0.0020	0.9151	0.4446	0.0010	0.6683	0.8591	0.6084	0.3307	0.3167	0.4635	0.9001	0.5295	0.1149	0.2288	0.0679	0.5185	0.0669	0.0559	0.5634	0.8132	0.2897	0.5335	0.2098	0.4935	0.9580	0.3646	0.1369	0.3307	0.7892	0.2827	0.6533	0.0480	0.6404	0.7772	0.5794	0.0759	0.4635	0.2498	0.2168	0.1828	0.8432	0.3676	0.0629	0.8262	0.6014	0.7493	0.2478	0.3277	0.5195	0.9041	0.6154	0.3956	0.6563	0.8062	0.0909	0.1439	0.4366	0.8811	0.8681	0.2737	0.4466	0.4805	0.8641	0.2727	0.2098	0.3816	0.6603	0.4126	0.3596	0.7582	0.8921	0.5614	0.0040	0.7003	0.9870	0.9451	0.7972	0.4266	0.7832	0.8262	0.0579	0.3686	0.5485	0.3816	0.3287	0.6693	0.4885	0.0230	0.9800	0.6613	0.8741	0.8731	0.3996	0.8232	0.9231	0.7333	0.5345	0.8761	0.2787	0.8681	0.1528	0.1349	0.6513	0.3676	0.0090	0.5335	0.3736	0.0649	0.2138	0.5175	0.0400	0.3846	0.8052	0.5654	0.9980	0.2717	0.9331	0.5534	0.8791	0.5355	0.8921	0.2957	0.8851	0.7403	0.1249	0.1119	0.8182	0.3976	0.7972	0.3726	0.0899	0.5335	0.7473	0.6074	0.6983	0.8432	0.3626
g__Alistipes	0.0609	0.6993	0.0430	0.1698	0.0370	1.0000	0.0150	0.0859	0.5265	0.9441	0.8232	0.0809	0.6214	0.2218	0.0010	0.2717	0.0070	0.4605	0.1029	0.0070	0.5165	0.7612	0.0170	0.0070	0.2977	0.3217	0.0919	0.1588	0.3506	0.2038	0.8472	0.3946	0.4156	0.7253	0.8402	0.7033	0.3237	0.6623	0.7323	0.6324	0.5195	0.0010	0.3117	0.1479	0.0879	0.0090	0.0150	0.0090	0.7892	0.0030	0.0140	0.0390	0.7842	0.6543	0.4825	0.0440	0.7313	0.1319	0.0030	0.4006	0.0240	0.1369	0.0779	0.4505	0.0410	0.0030	0.4156	0.9990	0.2408	0.0020	0.0270	0.3836	0.0170	0.3247	0.0190	0.0579	0.7113	0.0649	0.1918	0.1718	0.7942	0.0899	0.9860	0.0080	0.1319	0.9291	0.6144	0.0070	0.0050	0.0010	0.0010	0.2198	0.1219	0.5225	0.0669	0.0120	0.3536	0.0290	0.3996	0.0779	0.9960	0.3287	0.6753	0.9770	0.3217	0.0020	0.7023	0.5504	0.8651	0.0420	0.1409	0.0010	0.3447	0.4236	0.3317	0.0789	0.0320	0.9041	0.0599	0.9211	0.4396	0.9181	0.0390	0.0649	0.1479	0.1029	0.0010	0.5894	0.2697	0.8591	0.5654	0.0060	0.1039	0.7962	0.4635	0.0140	0.7882	0.4975	0.0679	0.3646	0.0030	0.4995	0.7123	0.0110	0.0030	0.2597	0.4555
g__Alistipes_A	0.1958	0.1429	0.0979	0.2637	0.1828	0.0150	1.0000	0.6374	0.2537	0.2597	0.3477	0.4056	0.1149	0.2857	0.2517	0.3107	0.5684	0.8601	0.9071	0.3297	0.7063	0.8951	0.0170	0.5824	0.8122	0.1568	0.4865	0.0100	0.1409	0.4266	0.7213	0.8581	0.2298	0.0430	0.4605	0.6104	0.8971	0.2138	0.7832	0.9301	0.5644	0.3916	0.8202	0.6374	0.6843	0.3596	0.3317	0.1798	0.1429	0.7872	0.7133	0.5724	0.6184	0.1019	0.0899	0.6464	0.4655	0.8022	0.5005	0.8042	0.7163	0.4456	0.7862	0.8002	0.0460	0.8981	0.5954	0.7662	0.4925	0.0140	0.9221	0.6484	0.2777	0.4456	0.6494	0.8432	0.7283	0.8871	0.7772	0.6623	0.3297	0.5794	0.1139	0.2428	0.8621	0.5704	0.8302	0.5025	0.1808	0.4755	0.0400	0.3756	0.3077	0.8801	0.8781	0.2667	0.5954	0.9141	0.1289	0.5644	0.9780	0.8232	0.0579	0.3766	0.7522	0.7473	0.7852	0.8521	0.5984	0.1099	0.8122	0.1479	0.0699	0.2807	0.5075	0.9930	0.7413	0.6314	0.2777	0.3986	0.4995	0.8751	0.8432	0.8112	0.5395	0.7443	0.3217	0.0300	0.9331	0.8871	0.4735	0.3227	0.8372	0.7692	0.5215	0.7832	0.8482	0.7892	0.6194	0.2707	0.0959	0.7852	0.1588	0.4036	0.7213	0.6533	0.0300
g__Alitiscatomonas	0.1389	0.3127	0.8452	0.2917	0.9700	0.0859	0.6374	1.0000	0.0859	0.7263	0.5924	0.9221	0.8292	0.1239	0.5195	0.5035	0.1189	0.6114	0.3786	0.9750	0.2817	0.2458	0.1858	0.5594	0.0010	0.4296	0.7522	0.8472	0.9091	0.2627	0.6234	0.1049	0.4665	0.2567	0.9940	0.6643	0.1479	0.2308	0.3676	0.7542	0.6214	0.6064	0.5365	0.9361	0.0010	0.8282	0.3337	0.3217	0.9650	0.8761	0.0719	0.3726	0.4046	0.8751	0.8981	0.3936	0.6464	0.7792	0.6084	0.1728	0.1548	0.0340	0.6723	0.2597	0.0669	0.0380	0.0120	0.9720	0.6723	0.7103	0.5964	0.4825	0.3307	0.5954	0.5055	0.2897	0.5584	0.3616	0.9401	0.4785	0.0330	0.7752	0.9011	0.1269	0.4286	0.3626	0.6783	0.8721	0.6843	0.3287	0.2388	0.5624	0.8102	0.6324	0.1399	0.6813	0.3177	0.0210	0.0090	0.8931	0.9311	0.6474	0.0949	0.0430	0.4605	0.0110	0.6513	0.5065	0.4905	0.4166	0.1948	0.3936	0.9361	0.9121	0.3566	0.9221	0.6583	0.6673	0.0809	0.0190	0.5005	0.9930	0.4186	0.3986	0.4775	0.2717	0.2078	0.9590	0.0759	0.9081	0.7742	0.7283	0.8501	0.4176	0.8012	0.1858	0.3776	0.0779	0.6613	0.9770	0.6623	0.2807	0.1069	0.0340	0.1359	0.4336	0.5544
g__Allocoprobacillus	0.0140	0.0010	0.5165	0.1828	0.5375	0.5265	0.2537	0.0859	1.0000	0.0829	0.4895	0.0110	0.0689	0.1399	0.5085	0.8212	0.1319	0.8901	0.3307	0.0769	0.4056	0.1518	0.4605	0.1019	0.4496	0.7942	0.6384	0.6853	0.0659	0.7333	0.0829	0.0440	0.1409	0.1688	0.0340	0.7343	0.0060	0.0050	0.0160	0.1528	0.7413	0.2707	0.2957	0.3307	0.5784	0.1489	0.0200	0.6853	0.7622	0.9401	0.2388	0.1309	0.6264	0.2478	0.5055	0.0170	0.0010	0.3626	0.2967	0.1119	0.2757	0.8731	0.5105	0.9980	0.2078	0.8641	0.0679	0.0230	0.0040	0.1049	0.0060	0.0120	0.5894	0.7013	0.1698	0.0040	0.9620	0.0380	0.2208	0.3626	0.1419	0.0300	0.0150	0.5724	0.0599	0.0579	0.9411	0.1339	0.6234	0.1469	0.0839	0.1528	0.9441	0.0390	0.8851	0.1089	0.1219	0.0260	0.4236	0.0100	0.4545	0.0020	0.0090	0.0290	0.0110	0.6124	0.0030	0.7742	0.0629	0.0460	0.1658	0.6783	0.3217	0.0509	0.7073	0.3556	0.1159	0.7033	0.6853	0.1099	0.3726	0.5145	0.0160	0.7562	0.0769	0.1508	0.9610	0.5854	0.0140	0.7003	0.2567	0.3816	0.7173	0.5894	0.0490	0.9670	0.7213	0.7542	0.0250	0.9221	0.1279	0.0799	0.5734	0.2228	0.2048	0.3287	0.0529
g__Amedibacterium	0.1229	0.0849	0.0979	0.2897	0.0939	0.9441	0.2597	0.7263	0.0829	1.0000	0.1718	0.7193	0.4745	0.7333	0.4895	0.7982	0.8062	0.2048	0.4006	0.8681	0.0669	0.3097	0.0440	0.0849	0.1079	0.3606	0.1878	0.8991	0.4036	0.9171	0.1508	0.0010	0.5185	0.1149	0.0769	0.7912	0.0120	0.0200	0.2298	0.9421	0.2318	0.5195	0.1908	0.6354	0.1568	0.1229	0.0020	0.0110	0.6074	0.5724	0.5345	0.3257	0.3866	0.0030	0.9091	0.1379	0.0080	0.8102	0.1818	0.1149	0.5425	0.2228	0.7303	0.4196	0.8062	0.1938	0.0539	0.0350	0.0290	0.6344	0.0070	0.1788	0.7233	0.2128	0.0340	0.3447	0.3437	0.1279	0.2537	0.1988	0.2557	0.0140	0.0020	0.1199	0.8581	0.5564	0.7253	0.0220	0.4356	0.3107	0.0490	0.6334	0.0769	0.0330	0.5764	0.4216	0.2537	0.9830	0.8791	0.8611	0.2577	0.0949	0.8751	0.6833	0.0140	0.2448	0.4386	0.1658	0.0040	0.0060	0.5644	0.1878	0.4096	0.4116	0.1578	0.7872	0.0080	0.8831	0.4545	0.7463	0.2737	0.2408	0.0180	0.6404	0.0500	0.0260	0.3616	0.8891	0.0010	0.8641	0.9251	0.7123	0.8861	0.7043	0.3736	0.3576	0.2218	0.5614	0.0060	0.6044	0.0070	0.0549	0.4515	0.2168	0.4316	0.6863	0.0270
g__Anaerobutyricum	0.0160	0.8262	0.3027	0.0010	0.0020	0.8232	0.3477	0.5924	0.4895	0.1718	1.0000	0.5175	0.9770	0.0010	0.4745	0.6454	0.0040	0.9870	0.4186	0.0420	0.5445	0.2627	0.5135	0.6713	0.0240	0.7572	0.5375	0.1439	0.9880	0.5694	0.6124	0.1129	0.1688	0.6274	0.1149	0.0010	0.0050	0.0040	0.0100	0.0639	0.7742	0.4685	0.2058	0.0270	0.1289	0.0010	0.0739	0.0470	0.5694	0.2368	0.5554	0.6653	0.0030	0.5315	0.2957	0.0150	0.0460	0.0030	0.0040	0.1459	0.1928	0.7992	0.0200	0.0030	0.9411	0.4575	0.4875	0.5265	0.5584	0.9890	0.3636	0.5634	0.7113	0.8332	0.1938	0.0909	0.5035	0.9850	0.0050	0.2028	0.0040	0.0030	0.1369	0.4775	0.5415	0.4995	0.5984	0.0420	0.7303	0.3966	0.2468	0.2957	0.4955	0.0020	0.0539	0.3137	0.0100	0.7962	0.9540	0.7662	0.0549	0.4336	0.3277	0.8342	0.0619	0.1319	0.8681	0.7423	0.0250	0.0869	0.0639	0.3207	0.2567	0.9780	0.1818	0.0609	0.1109	0.0979	0.8771	0.3896	0.0330	0.6074	0.0030	0.2727	0.1429	0.7473	0.4595	0.4346	0.0340	0.4396	0.3936	0.8661	0.7642	0.7193	0.1998	0.7263	0.2857	0.3826	0.0679	0.4765	0.8062	0.8442	0.7153	0.7233	0.5914	0.9181	0.3307
g__Anaerofustis	0.0070	0.2398	0.0809	0.4346	0.9151	0.0809	0.4056	0.9221	0.0110	0.7193	0.5175	1.0000	0.0599	0.0919	0.5005	0.3716	0.3027	0.9321	0.8951	0.0150	0.2527	0.0899	0.7872	0.0470	0.3876	0.9960	0.9361	0.6294	0.1828	0.4615	0.9910	0.1139	0.7512	0.3107	0.1239	0.6623	0.0460	0.3746	0.1089	0.1409	0.1808	0.7243	0.0310	0.1718	0.9361	0.0729	0.0150	0.0130	0.9550	0.0689	0.0180	0.6853	0.6693	0.5534	0.8032	0.0859	0.0090	0.9640	0.3197	0.8492	0.1179	0.7832	0.2078	0.7423	0.8472	0.8771	0.3167	0.6663	0.3536	0.5305	0.0060	0.0370	0.0799	0.4416	0.0210	0.0020	0.1149	0.0909	0.1888	0.2817	0.0769	0.0430	0.1389	0.2098	0.5794	0.0829	0.4955	0.0460	0.9191	0.9950	0.3067	0.3716	0.8202	0.0420	0.6384	0.0809	0.3986	0.0180	0.1499	0.0010	0.7702	0.0080	0.0120	0.1439	0.0250	0.4955	0.0450	0.2537	0.1329	0.0979	0.2977	0.0729	0.4595	0.2188	0.3267	0.0110	0.0220	0.0919	0.7093	0.2008	0.7552	0.2557	0.0490	0.5295	0.0080	0.1848	0.8881	0.5495	0.2488	0.7742	0.4945	0.2697	0.8212	0.2448	0.0300	0.4256	0.8012	0.0490	0.0849	0.0450	0.8631	0.2767	0.5854	0.8022	0.5914	0.8282	0.0410
g__Anaeromassilibacillus	0.0370	0.0020	0.8182	0.5205	0.4446	0.6214	0.1149	0.8292	0.0689	0.4745	0.9770	0.0599	1.0000	0.5275	0.7742	0.3427	0.5814	0.8192	0.0559	0.0290	0.0639	0.7463	0.0939	0.0040	0.1029	0.3017	0.9351	0.4036	0.6743	0.1898	0.1299	0.2807	0.0909	0.0809	0.0310	0.2937	0.3906	0.0070	0.6224	0.0190	0.8561	0.7862	0.0529	0.9860	0.9191	0.6983	0.8631	0.8601	0.2957	0.7592	0.3826	0.5584	0.2258	0.1339	0.0689	0.9770	0.0100	0.4446	0.1618	0.0290	0.1039	0.1309	0.9091	0.5385	0.0709	0.4775	0.2717	0.6384	0.7113	0.1698	0.7522	0.3117	0.5544	0.9441	0.0789	0.1219	0.5544	0.9650	0.3836	0.0589	0.3706	0.9441	0.3966	0.9361	0.1698	0.0060	0.6613	0.2028	0.7652	0.6653	0.8362	0.5065	0.9700	0.9251	0.8322	0.0509	0.1329	0.5475	0.7782	0.0809	0.7393	0.0350	0.0260	0.0989	0.2458	0.7203	0.3107	0.8521	0.5834	0.4585	0.0669	0.9920	0.3297	0.0350	0.4525	0.2338	0.4545	0.0859	0.2358	0.0669	0.6863	0.6274	0.8162	1.0000	0.0589	0.9850	0.6923	0.5634	0.2947	0.2168	0.4565	0.0569	0.2318	0.8901	0.0529	0.7532	0.9141	0.7083	0.0539	0.6603	0.7003	0.0010	0.6613	0.0909	0.5065	0.8671	0.0160
g__Anaerostipes	0.4066	0.4745	0.6883	0.0010	0.0010	0.2218	0.2857	0.1239	0.1399	0.7333	0.0010	0.0919	0.5275	1.0000	0.5664	0.5854	0.0020	0.5944	0.4086	0.1219	0.1429	0.6494	0.0460	0.7173	0.0200	0.3367	0.3756	0.7792	0.5495	0.4396	0.0170	0.6723	0.1508	0.9371	0.6124	0.7453	0.3367	0.0929	0.0120	0.4446	0.5215	0.1099	0.8611	0.4246	0.3387	0.0010	0.0420	0.0180	0.4835	0.8042	0.1518	0.7413	0.0010	0.5924	0.5744	0.1259	0.0589	0.3666	0.5744	0.8052	0.4186	0.0480	0.9281	0.6913	0.1289	0.5105	0.2967	0.9001	0.8811	0.4476	0.6074	0.9381	0.8601	0.5035	0.1908	0.0509	0.4525	0.5544	0.0080	0.5544	0.0010	0.0030	0.5365	0.2777	0.8312	0.2078	0.5245	0.3277	0.7702	0.0669	0.4316	0.9351	0.8382	0.0020	0.2478	0.4935	0.3746	0.9820	0.0509	0.0649	0.4625	0.2078	0.2887	0.6474	0.3786	0.9161	0.0160	0.0020	0.0090	0.8711	0.5355	0.1708	0.5125	0.6853	0.9630	0.7542	0.0200	0.7403	0.8252	0.3686	0.8571	0.1019	0.0410	0.4955	0.1409	0.2847	0.3497	0.9051	0.7303	0.4276	0.7742	0.3087	0.9291	0.1508	0.7453	0.2977	0.5954	0.5754	0.7353	0.6953	0.1099	0.5574	0.0170	0.7293	0.8881	0.6813	0.7043
g__Anaerotignum	0.0240	0.7832	0.7542	0.9301	0.6683	0.0010	0.2517	0.5195	0.5085	0.4895	0.4745	0.5005	0.7742	0.5664	1.0000	0.7612	0.0899	0.2937	0.1419	0.1858	0.3407	0.2857	0.1469	0.3506	0.8931	0.9820	0.2507	0.7213	0.4945	0.2717	0.2947	0.4456	0.0110	0.9431	0.1179	0.2278	0.4336	0.8801	0.1309	0.7253	0.8851	0.0010	0.5035	0.3287	0.1868	0.3616	0.5145	0.5295	0.2677	0.6254	0.7992	0.2328	0.4675	0.5275	0.1289	0.2238	0.0939	0.1119	0.0839	0.1748	0.3327	0.9930	0.7383	0.8272	0.3786	0.5854	0.0420	0.2338	0.8312	0.0100	0.6204	0.6883	0.0040	0.7892	0.1698	0.5365	0.0539	0.6583	0.1878	0.9660	0.8931	0.5724	0.5465	0.8392	0.2647	0.2438	0.9610	0.0929	0.1219	0.0010	0.1698	0.0490	0.2298	0.3057	0.7592	0.3037	0.2707	0.5205	0.7083	0.1518	0.9331	0.8961	0.4376	0.1548	0.4086	0.1798	0.5814	0.7203	0.4655	0.9271	0.0609	0.0959	0.3986	0.5195	0.6993	0.1568	0.4486	0.6703	0.0719	0.4336	0.0300	0.6513	0.4775	0.2138	0.8242	0.9850	0.7672	0.4056	0.6633	0.4416	0.1598	0.0210	0.5914	0.7542	0.6464	0.9131	0.2897	0.0470	0.9481	0.0130	0.2917	0.8182	0.1219	0.1289	0.0010	0.3497	0.5315
g__Anaerotruncus	0.0699	0.7483	0.8432	0.7862	0.8591	0.2717	0.3107	0.5035	0.8212	0.7982	0.6454	0.3716	0.3427	0.5854	0.7612	1.0000	0.0410	0.4805	0.5954	0.0040	0.5425	0.4046	0.7003	0.2398	0.5754	0.9710	0.5355	0.3077	0.7483	0.6434	0.8442	0.0040	0.6953	0.8841	0.0959	0.3616	0.1479	0.6474	0.0160	0.0060	0.5325	0.2837	0.4426	0.6863	0.4835	0.6204	0.2817	0.6454	0.7862	0.3956	0.4266	0.0240	0.7812	0.2338	0.1818	0.8172	0.0779	0.9680	0.3297	0.6643	0.1718	0.7892	0.8042	0.1548	0.6354	0.7003	0.2877	0.1838	0.9371	0.2677	0.0749	0.4146	0.2398	0.5285	0.2468	0.0519	0.1049	0.1918	0.7023	0.6394	0.6104	0.3826	0.7023	0.9580	0.0549	0.0659	0.7063	0.1359	0.4386	0.9550	0.2647	0.4605	0.3516	0.1409	0.9530	0.2577	0.6883	0.7373	0.4875	0.5574	0.6474	0.0460	0.8222	0.7792	0.0639	0.1978	0.2458	0.3167	0.2687	0.0659	0.7293	0.3856	0.4575	0.7063	0.5764	0.6893	0.4266	0.2847	0.1419	0.1179	0.5544	0.9221	0.2258	0.7662	0.2577	0.9770	0.6274	0.4326	0.0440	0.7832	0.8561	0.2098	0.9391	0.5744	0.0010	0.9321	0.4865	0.6424	0.0739	0.6124	0.1329	0.8112	0.7053	0.4386	0.4196	0.9960	0.6733
g__Anthropogastromicrobium	0.0100	0.2048	0.1049	0.0010	0.6084	0.0070	0.5684	0.1189	0.1319	0.8062	0.0040	0.3027	0.5814	0.0020	0.0899	0.0410	1.0000	0.4196	0.3736	0.1938	0.4216	0.1898	0.2248	0.5425	0.0839	0.3606	0.7373	0.7313	0.6394	0.4346	0.2977	0.0290	0.0549	0.5495	0.0509	0.0070	0.2767	0.9351	0.0010	0.0719	0.2078	0.0090	0.0160	0.2188	0.4795	0.1159	0.4925	0.9720	0.3776	0.7562	0.5135	0.2258	0.1688	0.1798	0.4266	0.0679	0.0210	0.0030	0.1369	0.1868	0.1568	0.0460	0.5355	0.0749	0.2717	0.3407	0.5205	0.5265	0.6513	0.1708	0.3656	0.1708	0.6953	0.4685	0.0769	0.0050	0.9441	0.8801	0.2647	0.1259	0.0010	0.4306	0.6623	0.5255	0.7373	0.0010	0.0500	0.4515	0.7532	0.0659	0.7433	0.9051	0.8821	0.0589	0.8042	0.2058	0.1948	0.5365	0.0380	0.2358	0.0599	0.1089	0.2218	0.0210	0.0100	0.1678	0.0230	0.1049	0.0140	0.2348	0.5065	0.2627	0.4535	0.9091	0.7832	0.9970	0.3287	0.4955	0.0030	0.1449	0.9371	0.4456	0.0769	0.4026	0.5225	0.4206	0.9241	0.8062	0.0350	0.2747	0.2048	0.0130	0.9780	0.3536	0.0040	0.7732	0.4525	0.3217	0.3047	0.5395	0.1548	0.8671	0.6374	0.1419	0.3526	0.2507	0.1029
g__Aristaeella	0.8312	0.9760	0.8422	0.8991	0.3307	0.4605	0.8601	0.6114	0.8901	0.2048	0.9870	0.9321	0.8192	0.5944	0.2937	0.4805	0.4196	1.0000	0.3766	0.5634	0.8921	0.9640	0.2687	0.9670	0.5834	0.4875	0.1109	0.3377	0.0050	0.5265	0.3826	0.0629	0.3317	0.0080	0.8531	0.5355	0.3946	0.3646	0.9381	0.7023	0.1339	0.6434	0.8961	0.2907	0.2567	0.8222	0.7522	0.8611	0.0060	0.5135	0.4935	0.6563	0.7582	0.9251	0.7692	0.8202	0.3287	0.1678	0.8272	0.3087	0.1838	0.8961	0.8561	0.3427	0.6543	0.7892	0.0260	0.4366	0.5445	0.9890	0.1439	0.1608	0.0310	0.0060	0.9690	0.8462	0.2727	0.2298	0.6094	0.3457	0.3906	0.6513	0.5594	0.2727	0.9520	0.8621	0.7413	0.6673	0.5245	0.1249	0.3277	0.2607	0.7792	0.6184	0.5514	0.9011	0.2188	0.4615	0.3766	0.8781	0.4925	0.9690	0.8531	0.4605	0.2058	0.5415	0.9790	0.9111	0.4476	0.4985	0.3137	0.9570	0.8731	0.3746	0.9940	0.2617	0.8771	0.5884	0.3796	0.0470	0.5614	0.8072	0.5754	0.0819	0.3556	0.2737	0.2787	0.0549	0.0819	0.5624	0.3716	0.1029	0.3796	0.5624	0.9131	0.3556	0.9481	0.2218	0.2887	0.2218	0.3157	0.5944	0.2438	0.9800	0.4326	0.2747	0.3866
g__Bacteroides	0.5884	0.2877	0.8781	0.2627	0.3167	0.1029	0.9071	0.3786	0.3307	0.4006	0.4186	0.8951	0.0559	0.4086	0.1419	0.5954	0.3736	0.3766	1.0000	0.0300	0.0490	0.4406	0.9121	0.0829	0.0300	0.9491	0.5774	0.9141	0.2278	0.6244	0.0060	0.0679	0.6603	0.0240	0.8432	0.8711	0.0599	0.0170	0.2807	0.0260	0.3137	0.0999	0.2587	0.1668	0.3576	0.2478	0.2727	0.7842	0.3187	0.0210	0.1988	0.6983	0.0160	0.3047	0.9351	0.1459	0.0010	0.6603	0.8701	0.8771	0.9051	0.6513	0.6663	0.2587	0.4076	0.1768	0.0060	0.1798	0.4785	0.2428	0.4256	0.7293	0.2827	0.4785	0.7632	0.8841	0.0030	0.8531	0.4126	0.0519	0.5554	0.5125	0.3546	0.0450	0.3886	0.5215	0.5714	0.5774	0.3996	0.0310	0.1219	0.8192	0.1469	0.8032	0.4575	0.5774	0.8621	0.8232	0.3656	0.6633	0.9550	0.2398	0.3367	0.4006	0.0100	0.6873	0.6713	0.8691	0.0799	0.6813	0.9730	0.0010	0.4645	0.4765	0.9670	0.6104	0.5225	0.3666	0.4635	0.0010	0.0609	0.2178	0.8961	0.6783	0.7143	0.6703	0.4346	0.8112	0.0519	0.0709	0.0829	0.0010	0.5964	0.5984	0.2118	0.6224	0.2308	0.8112	0.0090	0.5155	0.9081	0.2947	0.1688	0.2907	0.0260	0.8931	0.2627
g__Bariatricus	0.0010	0.6474	0.1469	0.0070	0.4635	0.0070	0.3297	0.9750	0.0769	0.8681	0.0420	0.0150	0.0290	0.1219	0.1858	0.0040	0.1938	0.5634	0.0300	1.0000	0.1209	0.0529	0.6394	0.0010	0.0669	0.3037	0.3467	0.0599	0.6494	0.4725	0.5325	0.0020	0.2607	0.1039	0.2737	0.1189	0.0040	0.0619	0.0060	0.0010	0.9491	0.4915	0.0190	0.9281	0.0330	0.0030	0.0030	0.0140	0.9421	0.1688	0.0050	0.3497	0.2927	0.0020	0.3836	0.0070	0.0010	0.6204	0.0010	0.0669	0.0090	0.7013	0.6174	0.0370	0.4675	0.7213	0.7323	0.5794	0.0509	0.4186	0.0080	0.0509	0.0859	0.3936	0.0150	0.1009	0.0300	0.2168	0.2687	0.0350	0.0340	0.0060	0.3097	0.5984	0.3826	0.0180	0.3646	0.0010	0.2507	0.0559	0.0010	0.5035	0.2587	0.0010	0.4705	0.0020	0.1229	0.2238	0.5435	0.0090	0.6064	0.0310	0.1109	0.2258	0.0010	0.0110	0.0579	0.1568	0.0130	0.0050	0.1279	0.5514	0.1279	0.2887	0.3656	0.1469	0.0050	0.0060	0.5005	0.0799	0.0639	0.4935	0.0010	0.2328	0.0200	0.2667	0.0679	0.9461	0.0010	0.4735	0.9221	0.8541	0.1379	0.1449	0.0010	0.0789	0.1758	0.2937	0.0020	0.3596	0.4885	0.0639	0.3017	0.5614	0.5534	0.3487	0.3217
g__Bifidobacterium	0.0669	0.3586	0.5824	0.2667	0.9001	0.5165	0.7063	0.2817	0.4056	0.0669	0.5445	0.2527	0.0639	0.1429	0.3407	0.5425	0.4216	0.8921	0.0490	0.1209	1.0000	0.2547	0.8032	0.0010	0.1249	0.2148	0.6603	0.8941	0.3137	0.1289	0.0010	0.1528	0.2278	0.0010	0.6893	0.8721	0.0789	0.0210	0.6903	0.9481	0.6643	0.3756	0.1019	0.7403	0.6124	0.0959	0.4246	0.8202	0.2408	0.6803	0.1598	0.3057	0.2278	0.7263	0.5644	0.7832	0.0679	0.8901	0.6823	0.1968	0.8531	0.9900	0.9401	0.3546	0.6264	0.0709	0.1419	0.7902	0.9770	0.4765	0.0669	0.3177	0.3586	0.4106	0.0410	0.8931	0.0869	0.4825	0.9451	0.3656	0.4196	0.0440	0.0460	0.1928	0.4705	0.1578	0.6783	0.4855	0.1758	0.3786	0.6943	0.6034	0.5435	0.3686	0.7283	0.0649	0.1289	0.1678	0.7572	0.1548	0.4466	0.7253	0.4825	0.1319	0.0430	0.2178	0.1988	0.2977	0.3816	0.6244	0.5754	0.8581	0.2428	0.2987	0.7333	0.8941	0.0480	0.7992	0.8472	0.0020	0.7443	0.0599	0.0559	0.4016	0.1548	0.1738	0.6304	0.2647	0.0699	0.6314	0.8891	0.4036	0.7842	0.2987	0.1698	0.4356	0.2507	0.2248	0.0070	0.0200	0.8132	0.0569	0.8262	0.2438	0.1229	0.2597	0.0140
g__Bittarella	0.0599	0.7882	0.8422	0.1688	0.5295	0.7612	0.8951	0.2458	0.1518	0.3097	0.2627	0.0899	0.7463	0.6494	0.2857	0.4046	0.1898	0.9640	0.4406	0.0529	0.2547	1.0000	0.2098	0.2068	0.1009	0.8452	0.2188	0.7982	0.7483	0.1499	0.4416	0.2657	0.5055	0.7083	0.2168	0.1119	0.0130	0.7522	0.1219	0.6114	0.8721	0.9091	0.1578	0.6693	0.3057	0.2977	0.3287	0.9720	0.6803	0.8302	0.4246	0.6454	0.6194	0.1778	0.4575	0.0849	0.0060	0.0260	0.2088	0.2607	0.9840	0.2438	0.2557	0.3516	0.4945	0.1469	0.3417	0.3846	0.6773	0.4426	0.0210	0.3367	0.7662	0.6264	0.1518	0.2737	0.6264	0.7912	0.0699	0.7153	0.0789	0.4156	0.5734	0.4655	0.6394	0.6214	0.6344	0.7143	0.4835	0.6164	0.2707	0.8492	0.8232	0.0330	0.4505	0.2537	0.1588	0.3027	0.2238	0.3067	0.6324	0.7133	0.2488	0.1189	0.0380	0.6693	0.2567	0.8921	0.1658	0.6034	0.6224	0.4096	0.3876	0.9441	0.4336	0.4206	0.3806	0.2937	0.1079	0.4505	0.1319	0.7522	0.0849	0.1199	0.8432	0.1508	0.8322	0.6543	0.0859	0.6543	0.2617	0.4535	0.9940	0.7303	0.0739	0.3427	0.1658	0.6603	0.0120	0.5305	0.1868	0.5005	0.8751	0.1039	0.5045	0.9491	0.4336
g__Blautia	0.8372	0.8352	0.0889	0.7163	0.1149	0.0170	0.0170	0.1858	0.4605	0.0440	0.5135	0.7872	0.0939	0.0460	0.1469	0.7003	0.2248	0.2687	0.9121	0.6394	0.8032	0.2098	1.0000	0.2607	0.1928	0.0519	0.2248	0.3367	0.8561	0.7952	0.9271	0.2707	0.1379	0.4496	0.7982	0.1279	0.2917	0.7612	0.5834	0.7852	0.8541	0.2438	0.9710	0.7752	0.0749	0.8222	0.1479	0.2188	0.3836	0.4056	0.5365	0.1279	0.8671	0.0280	0.1928	0.2048	0.6174	0.0380	0.1469	0.0290	0.0749	0.0100	0.6633	0.7153	0.0230	0.3297	0.5524	0.3047	0.2498	0.7263	0.1439	0.6653	0.0170	0.6973	0.1998	0.3816	0.8801	0.0240	0.5055	0.1269	0.2158	0.3696	0.5574	0.5175	0.3047	0.3546	0.5275	0.5085	0.0030	0.2787	0.0170	0.3806	0.2408	0.4935	0.7113	0.2917	0.6234	0.6284	0.0110	0.9351	0.9151	0.9431	0.5534	0.0699	0.1469	0.0410	0.5714	0.2388	0.4705	0.0879	0.2188	0.1339	0.1489	0.9241	0.3257	0.9181	0.0500	0.7173	0.4895	0.4476	0.7642	0.6474	0.0689	0.1149	0.3646	0.6284	0.0629	0.9121	0.0619	0.7333	0.4046	0.0240	0.0669	0.2717	0.6324	0.6703	0.2218	0.3506	0.1279	0.8472	0.0120	0.5754	0.2018	0.0589	0.1139	0.0430	0.5255
g__Blautia_A	0.0200	0.1279	0.9231	0.5135	0.2288	0.0070	0.5824	0.5594	0.1019	0.0849	0.6713	0.0470	0.0040	0.7173	0.3506	0.2398	0.5425	0.9670	0.0829	0.0010	0.0010	0.2068	0.2607	1.0000	0.3596	0.4785	0.0430	0.5145	0.2288	0.2977	0.0230	0.0100	0.3546	0.0070	0.0430	0.0799	0.0060	0.0250	0.5215	0.0210	0.7642	0.0380	0.0180	0.6563	0.0789	0.0460	0.0120	0.0160	0.6833	0.1568	0.0170	0.3836	0.3926	0.0619	0.5295	0.0290	0.0060	0.7962	0.0320	0.0190	0.0300	0.0470	0.7852	0.8442	0.8222	0.0859	0.5245	0.6963	0.0869	0.4975	0.0010	0.0559	0.4905	0.8022	0.0010	0.5904	0.1019	0.2358	0.9301	0.1009	0.4206	0.0050	0.0140	0.0300	0.8012	0.1508	0.2557	0.0040	0.3956	0.5574	0.0240	0.9221	0.1059	0.0849	0.5684	0.0460	0.0140	0.0120	0.7343	0.0330	0.9820	0.0050	0.1409	0.2837	0.0120	0.0040	0.7373	0.5275	0.3606	0.0500	0.1668	0.2657	0.1568	0.1039	0.6633	0.2877	0.0060	0.2957	0.8352	0.0110	0.0809	0.2567	0.0050	0.5095	0.0040	0.0310	0.0779	0.3916	0.0040	0.8092	0.9311	0.8252	0.1598	0.9650	0.0050	0.0260	0.2637	0.7453	0.0010	0.1249	0.5874	0.0040	0.3127	0.3247	0.6314	0.8531	0.0010
g__Brotaphodocola	0.0150	0.2547	0.1638	0.0180	0.0679	0.2977	0.8122	0.0010	0.4496	0.1079	0.0240	0.3876	0.1029	0.0200	0.8931	0.5754	0.0839	0.5834	0.0300	0.0669	0.1249	0.1009	0.1928	0.3596	1.0000	0.3556	0.7493	0.5584	0.1518	0.7692	0.8961	0.6643	0.4615	0.2328	0.1369	0.5664	0.1409	0.5165	0.2038	0.0300	0.4086	0.7612	0.0549	0.4605	0.0120	0.2078	0.0589	0.0639	0.7353	0.8482	0.2897	0.9650	0.0759	0.0080	0.1349	0.3546	0.0030	0.0360	0.0050	0.4166	0.5734	0.9730	0.2847	0.1209	0.2517	0.1409	0.8492	0.9051	0.6633	0.6084	0.3037	0.2198	0.7942	0.5335	0.0050	0.9221	0.2208	0.4036	0.1718	0.1389	0.0010	0.0410	0.2188	0.5255	0.1828	0.5754	0.2557	0.0080	0.5345	0.2148	0.9391	0.9121	0.6583	0.0050	0.8941	0.4386	0.0749	0.6084	0.1219	0.3187	0.6533	0.0190	0.2078	0.0719	0.1339	0.6094	0.6703	0.6513	0.0070	0.6983	0.0150	0.0230	0.4336	0.4086	0.7323	0.1828	0.5654	0.0719	0.0669	0.6194	0.6913	0.8601	0.0649	0.0549	0.0160	0.3826	0.8831	0.9291	0.1548	0.3856	0.2218	0.1998	0.0659	0.2647	0.0829	0.6054	0.8581	0.0380	0.0200	0.8751	0.7333	0.0320	0.8601	0.0619	0.0959	0.5854	0.1109
g__Butyribacter	0.1219	0.9850	0.5305	0.0919	0.5185	0.3217	0.1568	0.4296	0.7942	0.3606	0.7572	0.9960	0.3017	0.3367	0.9820	0.9710	0.3606	0.4875	0.9491	0.3037	0.2148	0.8452	0.0519	0.4785	0.3556	1.0000	0.6903	0.7912	0.3716	0.5175	0.4266	0.7882	0.3816	0.4985	0.9880	0.9550	0.7193	0.6264	0.9391	0.1129	0.2228	0.4865	0.9211	0.8412	0.4136	0.9670	0.5604	0.4496	0.1578	0.1758	0.9191	0.7043	0.9141	0.2977	0.9780	0.7852	0.3447	0.9880	0.5754	0.0230	0.4386	0.2328	0.1508	0.4026	0.1439	0.4855	0.4585	0.1738	0.9181	0.4046	0.6284	0.4895	0.4635	0.3347	0.6254	0.8601	0.5205	0.7313	0.6843	0.1728	0.2697	0.6543	0.9610	0.2937	0.5015	0.1419	0.3347	0.2358	0.2847	0.4935	0.4665	0.7732	0.1658	0.3516	0.8661	0.8112	0.1199	0.9051	0.5514	0.9491	0.0539	0.5385	0.2398	0.9341	0.7702	0.7183	0.1838	0.4655	0.2348	0.6613	0.9201	0.5594	0.4046	0.0729	0.1279	0.4276	0.6513	0.2617	0.2937	0.4186	0.0080	0.2647	0.1988	0.1808	0.3097	0.1199	0.0509	0.5165	0.1029	0.3766	0.3676	0.4136	0.4356	0.1439	0.7652	0.5465	0.5864	0.7383	0.4216	0.1479	0.4176	0.1538	0.3756	0.4655	0.4486	0.4545	0.0689
g__CAG-170	0.2647	0.6633	0.5015	0.1648	0.0669	0.0919	0.4865	0.7522	0.6384	0.1878	0.5375	0.9361	0.9351	0.3756	0.2507	0.5355	0.7373	0.1109	0.5774	0.3467	0.6603	0.2188	0.2248	0.0430	0.7493	0.6903	1.0000	0.0070	0.8122	0.8252	0.0320	0.0739	0.2887	0.7642	0.1189	0.6414	0.0579	0.8392	0.1099	0.3417	0.7892	0.1189	0.0160	0.5025	0.0769	0.7872	0.4296	0.9890	0.1538	0.3167	0.3257	0.9790	0.6983	0.2028	0.3616	0.7423	0.3137	0.7393	0.7053	0.6903	0.5714	0.2398	0.9401	0.2627	0.1978	0.2458	0.2028	0.4525	0.6943	0.9570	0.0010	0.0819	0.2238	0.3297	0.2547	0.3027	0.9491	0.0380	0.8412	0.3067	0.9960	0.5465	0.9850	0.6364	0.6943	0.0400	0.7323	0.2537	0.4106	0.8012	0.0120	0.6713	0.3157	0.8162	0.7662	0.5604	0.4535	0.7323	0.8631	0.8761	0.5085	0.3477	0.7053	0.8442	0.0250	0.0989	0.1558	0.1998	0.6434	0.1628	0.5974	0.1289	0.2657	0.0999	0.0090	0.7163	0.8222	0.9850	0.0769	0.1668	0.7483	0.1968	0.3217	0.9780	0.8601	0.0040	0.5125	0.3876	0.0060	0.7912	0.8961	0.6703	0.2218	0.9540	0.1349	0.0699	0.2288	0.5375	0.3337	0.4865	0.0260	0.3716	0.7253	0.0500	0.3077	0.6533	0.3876
g__CAG-177	0.8082	0.6503	0.5884	0.6424	0.0559	0.1588	0.0100	0.8472	0.6853	0.8991	0.1439	0.6294	0.4036	0.7792	0.7213	0.3077	0.7313	0.3377	0.9141	0.0599	0.8941	0.7982	0.3367	0.5145	0.5584	0.7912	0.0070	1.0000	0.5475	0.6823	0.7772	0.3037	0.6454	0.6464	0.3017	0.9401	0.8202	0.2767	0.1958	0.3127	0.5075	0.3177	0.2068	0.9620	0.4705	0.5844	0.8122	0.5644	0.0619	0.9580	0.2378	0.0440	0.6993	0.2597	0.3766	0.1758	0.8492	0.3287	0.2268	0.6973	0.0979	0.3906	0.8541	0.3397	0.0909	0.0240	0.7512	0.2468	0.5714	0.0440	0.1538	0.0120	0.6354	0.6304	0.2637	0.0839	0.5644	0.4286	0.5644	0.1179	0.7562	0.4406	0.3956	0.3467	0.5325	0.1828	0.3317	0.3756	0.4785	0.7393	0.3057	0.2028	0.3516	0.8861	0.3786	0.4625	0.4026	0.6354	0.8262	0.6973	0.7303	0.0150	0.4915	0.3946	0.3786	0.2997	0.4366	0.8651	0.9081	0.1069	0.8282	0.1628	0.5085	0.5185	0.0929	0.8791	0.3876	0.8342	0.0350	0.3007	0.5914	0.7592	0.5395	0.4515	0.3616	0.0639	0.3267	0.8012	0.0719	0.8651	0.5465	0.8232	0.7992	0.6194	0.0639	0.0859	0.0909	0.8591	0.5794	0.7213	0.1818	0.7443	0.7063	0.0260	0.8741	0.1029	0.2617
g__CAG-217	0.2747	0.0719	0.9610	0.0979	0.5634	0.3506	0.1409	0.9091	0.0659	0.4036	0.9880	0.1828	0.6743	0.5495	0.4945	0.7483	0.6394	0.0050	0.2278	0.6494	0.3137	0.7483	0.8561	0.2288	0.1518	0.3716	0.8122	0.5475	1.0000	0.0170	0.5864	0.0380	0.6683	0.0090	0.5584	0.3067	0.0390	0.0999	0.1578	0.3606	0.3726	0.9590	0.9840	0.3227	0.6513	0.9061	0.7732	0.1778	0.4176	0.9441	0.0070	0.4426	0.8711	0.4895	0.4685	0.6993	0.0100	0.7912	0.7852	0.8791	0.0350	0.2338	0.4136	0.5774	0.4176	0.1019	0.0010	0.8971	0.0629	0.0689	0.0619	0.1419	0.7682	0.0200	0.6144	0.2478	0.1459	0.1758	0.3956	0.1229	0.9311	0.7922	0.6883	0.8162	0.2707	0.4296	0.4675	0.3447	0.9580	0.1019	0.3057	0.8262	0.6603	0.2697	0.8322	0.3387	0.7812	0.1419	0.2567	0.2797	0.8611	0.3007	0.0549	0.9251	0.0070	0.4855	0.1828	0.9510	0.2238	0.1858	0.2647	0.8661	0.8651	0.7982	0.6044	0.8272	0.3716	0.4865	0.3027	0.0100	0.9600	0.8621	0.4276	0.0300	0.5784	0.0819	0.6733	0.0020	0.0440	0.8192	0.0070	0.0460	0.2667	0.4456	0.3207	0.1469	0.6024	0.5395	0.0989	0.0969	0.8372	0.3037	0.8212	0.7033	0.0649	0.6963	0.0150
g__CAG-488	0.5704	0.8931	0.8661	0.7572	0.8132	0.2038	0.4266	0.2627	0.7333	0.9171	0.5694	0.4615	0.1898	0.4396	0.2717	0.6434	0.4346	0.5265	0.6244	0.4725	0.1289	0.1499	0.7952	0.2977	0.7692	0.5175	0.8252	0.6823	0.0170	1.0000	0.1009	0.9201	0.8102	0.5495	0.9780	0.5405	0.8591	0.2088	0.5255	0.3806	0.5425	0.7033	0.2418	0.4535	0.5035	0.6943	0.4505	0.1439	0.9081	0.1349	0.7932	0.3107	0.9341	0.1698	0.4496	0.7213	0.5604	0.6923	0.6404	0.7722	0.2927	0.7912	0.8242	0.2827	0.6264	0.6464	0.3067	0.8691	0.3057	0.7832	0.6294	0.2997	0.0899	0.2757	0.0320	0.8761	0.7283	0.5315	0.5864	0.5584	0.6653	0.7413	0.2448	0.2348	0.7692	0.4186	0.7073	0.9780	0.0799	0.0899	0.7532	0.4695	0.7493	0.2887	0.8372	0.7752	0.1968	0.3007	0.7692	0.7912	0.5035	0.6424	0.3397	0.1339	0.6154	0.4555	0.8791	0.0400	0.9211	0.3487	0.9011	0.4406	0.0589	0.4835	0.8591	0.3996	0.3896	0.2857	0.2318	0.1698	0.8192	0.5734	0.2298	0.0330	0.3636	0.9021	0.9680	0.4925	0.6444	0.0529	0.9421	0.3996	0.3796	0.5315	0.4296	0.8781	0.5235	0.6933	0.3926	0.7013	0.9041	0.1399	0.3696	0.4515	0.9481	0.2767	0.0819
g__Catenibacterium	0.4515	0.4745	0.4555	0.3746	0.2897	0.8472	0.7213	0.6234	0.0829	0.1508	0.6124	0.9910	0.1299	0.0170	0.2947	0.8442	0.2977	0.3826	0.0060	0.5325	0.0010	0.4416	0.9271	0.0230	0.8961	0.4266	0.0320	0.7772	0.5864	0.1009	1.0000	0.1688	0.7043	0.0869	0.4785	0.5684	0.0789	0.0280	0.7582	0.9451	0.8142	0.1499	0.1149	0.5305	0.8432	0.8911	0.8442	0.5485	0.2937	0.2418	0.8002	0.6573	0.0679	0.8432	0.6174	0.6114	0.0839	0.9131	0.2937	0.2527	0.4206	0.9481	0.2897	0.4555	0.9121	0.2318	0.0020	0.0799	0.4256	0.3566	0.1738	0.3307	0.0529	0.8172	0.5504	0.9451	0.6174	0.8122	0.2188	0.7313	0.8891	0.1738	0.0829	0.9910	0.1758	0.4046	0.3746	0.8611	0.1548	0.8791	0.4805	0.9111	0.8292	0.2757	0.4236	0.9650	0.8861	0.4935	0.0370	0.9950	0.8442	0.8991	0.7483	0.4505	0.1029	0.4276	0.7512	0.0020	0.7962	0.7792	0.9800	0.5145	0.0899	0.6543	0.5275	0.7043	0.4446	0.7902	0.2557	0.0210	0.6324	0.0030	0.9491	0.9640	0.5894	0.1708	0.9391	0.3586	0.0230	0.0759	0.6623	0.6354	0.3576	0.4426	0.8162	0.8911	0.3926	0.1748	0.0090	0.7473	0.6464	0.3317	0.0030	0.9880	0.3976	0.9211	0.8581
g__Choladousia	0.0020	0.0559	0.0170	0.0559	0.5335	0.3946	0.8581	0.1049	0.0440	0.0010	0.1129	0.1139	0.2807	0.6723	0.4456	0.0040	0.0290	0.0629	0.0679	0.0020	0.1528	0.2657	0.2707	0.0100	0.6643	0.7882	0.0739	0.3037	0.0380	0.9201	0.1688	1.0000	0.4675	0.0020	0.0200	0.1848	0.0010	0.0210	0.0010	0.0260	0.0040	0.6823	0.0250	0.5175	0.0020	0.0579	0.0310	0.5335	0.4895	0.0659	0.1878	0.0699	0.5664	0.0090	0.1628	0.0410	0.0010	0.9121	0.0300	0.1069	0.0010	0.1768	0.2697	0.0050	0.7562	0.2158	0.0200	0.0270	0.0250	0.1229	0.0010	0.0050	0.7722	0.7263	0.0070	0.0010	0.1728	0.0020	0.9461	0.0859	0.2428	0.0569	0.0440	0.1269	0.3966	0.0110	0.1189	0.0030	0.4745	0.5654	0.0160	0.9600	0.5135	0.0180	0.0480	0.0150	0.2258	0.4436	0.8801	0.0170	0.1049	0.0010	0.1778	0.8142	0.0010	0.1119	0.0629	0.6194	0.0090	0.0040	0.6913	0.7473	0.0220	0.2098	0.9131	0.6464	0.0140	0.0989	0.4525	0.0010	0.9600	0.6763	0.0020	0.7742	0.4456	0.0010	0.0539	0.7742	0.0010	0.5904	0.2198	0.0350	0.2428	0.5405	0.0010	0.5065	0.2258	0.2308	0.0010	0.4286	0.2837	0.2767	0.3367	0.9930	0.8482	0.9351	0.0070
g__Clostridium	0.8092	0.1199	0.3526	0.7213	0.2098	0.4156	0.2298	0.4665	0.1409	0.5185	0.1688	0.7512	0.0909	0.1508	0.0110	0.6953	0.0549	0.3317	0.6603	0.2607	0.2278	0.5055	0.1379	0.3546	0.4615	0.3816	0.2887	0.6454	0.6683	0.8102	0.7043	0.4675	1.0000	0.4765	0.2587	0.0589	0.3027	0.2817	0.0340	0.1578	0.2507	0.0150	0.1429	0.4565	0.9361	0.3397	0.0410	0.9990	0.4505	0.2767	0.9660	0.7932	0.6783	0.4665	0.5145	0.2008	0.1259	0.0559	0.6164	0.8442	0.8192	0.5774	0.4715	0.7183	0.1249	0.5934	0.6094	0.3906	0.3626	0.4326	0.9491	0.4306	0.4266	0.8791	0.9151	0.1908	0.0010	0.3437	0.7043	0.8322	0.1339	0.2468	0.1069	0.7952	0.4076	0.1688	0.3916	0.2917	0.1089	0.0619	0.9600	0.4875	0.4725	0.2338	0.3277	0.7612	0.3167	0.6973	0.7153	0.7043	0.1568	0.7003	0.2557	0.9071	0.7732	0.8781	0.3746	0.3576	0.2288	0.9780	0.9201	0.7063	0.8861	0.0120	0.2807	0.9650	0.0470	0.9321	0.4815	0.4955	0.8182	0.7682	0.4815	0.2378	0.0529	0.9021	0.2388	0.9221	0.4575	0.1329	0.4156	0.5514	0.7692	0.5634	0.5445	0.9850	0.4825	0.0080	0.8162	0.0370	0.3127	0.8721	0.5914	0.2198	0.9171	0.6314	0.1938
g__Clostridium_A	0.0150	0.0460	0.2697	0.0280	0.4935	0.7253	0.0430	0.2567	0.1688	0.1149	0.6274	0.3107	0.0809	0.9371	0.9431	0.8841	0.5495	0.0080	0.0240	0.1039	0.0010	0.7083	0.4496	0.0070	0.2328	0.4985	0.7642	0.6464	0.0090	0.5495	0.0869	0.0020	0.4765	1.0000	0.6953	0.9121	0.0240	0.0030	0.6993	0.0859	0.2647	0.9510	0.1249	0.7882	0.0739	0.4426	0.8811	0.7782	0.1968	0.5614	0.0310	0.4086	0.9530	0.3896	0.5894	0.8871	0.0070	0.5584	0.3147	0.7053	0.2078	0.0060	0.6414	0.1149	0.3806	0.4076	0.0250	0.6264	0.0849	0.4036	0.0160	0.0210	0.3566	0.0509	0.0939	0.5774	0.0190	0.0460	0.8022	0.1968	0.1508	0.0220	0.0330	0.6124	0.6464	0.8462	0.4505	0.2408	0.3656	0.9191	0.4535	0.0589	0.9121	0.4156	0.1439	0.3127	0.7423	0.9590	0.6973	0.1668	0.3187	0.2158	0.0839	0.8452	0.0280	0.2338	0.8951	0.8941	0.1279	0.1788	0.6883	0.2278	0.5225	0.0500	0.9041	0.6274	0.2038	0.3626	0.8631	0.0070	0.6943	0.4755	0.5015	0.0609	0.9341	0.1179	0.2468	0.1129	0.0020	0.7692	0.1818	0.0180	0.7622	0.2767	0.0290	0.0300	0.0390	0.7343	0.0340	0.1259	0.7622	0.0559	0.8551	0.7033	0.0829	0.4396	0.0440
g__Clostridium_AP	0.0300	0.1818	0.7093	0.1948	0.9580	0.8402	0.4605	0.9940	0.0340	0.0769	0.1149	0.1239	0.0310	0.6124	0.1179	0.0959	0.0509	0.8531	0.8432	0.2737	0.6893	0.2168	0.7982	0.0430	0.1369	0.9880	0.1189	0.3017	0.5584	0.9780	0.4785	0.0200	0.2587	0.6953	1.0000	0.3077	0.0010	0.5445	0.0050	0.0150	0.2368	0.4116	0.1069	0.2747	0.2458	0.0589	0.0689	0.7403	0.9600	0.1439	0.2547	0.3706	0.8991	0.0040	0.0090	0.0100	0.0080	0.1658	0.0829	0.2368	0.2358	0.1269	0.0230	0.0659	0.3756	0.6613	0.2777	0.0579	0.2168	0.3217	0.0010	0.0390	0.2018	0.3357	0.0250	0.0110	0.5305	0.3956	0.2967	0.1808	0.0949	0.0030	0.3696	0.2418	0.0799	0.0480	0.6474	0.3676	0.9570	0.0210	0.0300	0.5914	0.3417	0.0290	0.9361	0.0080	0.0170	0.5534	0.7473	0.2667	0.6513	0.0030	0.5834	0.6324	0.0200	0.7502	0.1638	0.8442	0.0020	0.0020	0.6613	0.3027	0.0170	0.0749	0.3207	0.0180	0.2068	0.6104	0.5604	0.1379	0.2557	0.4825	0.0859	0.2408	0.4795	0.0100	0.7063	0.4156	0.0020	0.7193	0.8372	0.0040	0.4326	0.9920	0.0010	0.5934	0.9800	0.9630	0.1059	0.5954	0.2038	0.0010	0.5724	0.1658	0.0260	0.9520	0.0040
g__Collinsella	0.1149	0.3676	0.5904	0.3397	0.3646	0.7033	0.6104	0.6643	0.7343	0.7912	0.0010	0.6623	0.2937	0.7453	0.2278	0.3616	0.0070	0.5355	0.8711	0.1189	0.8721	0.1119	0.1279	0.0799	0.5664	0.9550	0.6414	0.9401	0.3067	0.5405	0.5684	0.1848	0.0589	0.9121	0.3077	1.0000	0.0250	0.3996	0.0060	0.0090	0.4585	0.9880	0.1279	0.2507	0.3407	0.2068	0.3137	0.7882	0.2258	0.1648	0.9820	0.6643	0.6903	0.2308	0.6903	0.0729	0.3826	0.0639	0.0300	0.0659	0.0370	0.1828	0.3656	0.4126	0.9241	0.8092	0.1239	0.8242	0.3666	0.4006	0.2647	0.5614	0.2068	0.7423	0.0060	0.1179	0.6593	0.8681	0.3327	0.0450	0.0100	0.2887	0.7163	0.1948	0.4705	0.3417	0.3437	0.0509	0.4196	0.1618	0.3287	0.5644	0.3067	0.1588	0.7383	0.0460	0.0709	0.9890	0.5325	0.1548	0.4895	0.7932	0.0859	0.9760	0.3786	0.7153	0.7652	0.3327	0.9710	0.2408	0.8222	0.4316	0.2527	0.6823	0.4635	0.3107	0.0370	0.0330	0.4086	0.4575	0.1329	0.5215	0.0280	0.9550	0.9960	0.7742	0.4725	0.2577	0.0969	0.6713	0.0200	0.6843	0.4565	0.2148	0.1399	0.7473	0.3177	0.3996	0.0140	0.4296	0.8811	0.7473	0.5924	0.8462	0.1648	0.4356	0.5395
g__Coprococcus_A	0.0170	0.0759	0.0370	0.1159	0.1369	0.3237	0.8971	0.1479	0.0060	0.0120	0.0050	0.0460	0.3906	0.3367	0.4336	0.1479	0.2767	0.3946	0.0599	0.0040	0.0789	0.0130	0.2917	0.0060	0.1409	0.7193	0.0579	0.8202	0.0390	0.8591	0.0789	0.0010	0.3027	0.0240	0.0010	0.0250	1.0000	0.0280	0.0020	0.0020	0.0639	0.9451	0.0050	0.1189	0.0240	0.0150	0.0010	0.1898	0.6973	0.2527	0.0010	0.6024	0.6164	0.0020	0.1279	0.0040	0.0010	0.6553	0.0200	0.1548	0.0020	0.1259	0.0390	0.0220	0.2058	0.4466	0.0150	0.1628	0.0060	0.6144	0.0010	0.0080	0.5614	0.3516	0.0060	0.0010	0.1419	0.0350	0.0360	0.0410	0.0200	0.0020	0.0010	0.2448	0.4056	0.5055	0.2178	0.0140	0.2987	0.7253	0.0020	0.4665	0.1868	0.0060	0.9261	0.0010	0.0250	0.1698	0.9071	0.0330	0.0390	0.0050	0.0939	0.8102	0.0010	0.4555	0.0390	0.8561	0.0010	0.0010	0.1748	0.4396	0.0240	0.0170	0.9081	0.2827	0.0010	0.1588	0.0040	0.0010	0.5495	0.3487	0.0020	0.1598	0.1528	0.0010	0.1099	0.7263	0.0010	0.9041	0.9680	0.0460	0.0260	0.3926	0.0080	0.5435	0.8521	0.5504	0.0010	0.1818	0.1518	0.0669	0.1479	0.8302	0.7582	0.2118	0.0050
g__Dialister	0.0170	0.0110	0.6004	0.1259	0.3307	0.6623	0.2138	0.2308	0.0050	0.0200	0.0040	0.3746	0.0070	0.0929	0.8801	0.6474	0.9351	0.3646	0.0170	0.0619	0.0210	0.7522	0.7612	0.0250	0.5165	0.6264	0.8392	0.2767	0.0999	0.2088	0.0280	0.0210	0.2817	0.0030	0.5445	0.3996	0.0280	1.0000	0.2368	0.1069	0.7173	0.9680	0.2448	0.5984	0.2837	0.3706	0.2268	0.3247	0.7233	0.7153	0.3287	0.3017	0.7982	0.0539	0.5694	0.1459	0.0210	0.7463	0.1908	0.1918	0.2028	0.4645	0.5744	0.0090	0.4476	0.4486	0.0090	0.4436	0.0619	0.3057	0.1209	0.0240	0.8701	0.8222	0.2288	0.2488	0.0639	0.0569	0.9421	0.0020	0.2807	0.0110	0.0460	0.0410	0.0400	0.4126	0.4406	0.0310	0.7473	0.3337	0.1289	0.0939	0.7103	0.5495	0.0380	0.0480	0.2418	0.1968	0.2827	0.1039	0.5315	0.0270	0.0120	0.1658	0.0250	0.0020	0.8292	0.1998	0.1658	0.0519	0.3417	0.6913	0.0559	0.6803	0.1219	0.9690	0.0869	0.1389	0.2917	0.1848	0.0140	0.3936	0.1009	0.2977	0.0549	0.7043	0.1988	0.5355	0.0300	0.9201	0.4895	0.7782	0.5774	0.1399	0.0859	0.6653	0.6913	0.0360	0.0599	0.3516	0.4645	0.0859	0.1638	0.4615	0.8232	0.1159	0.4136
g__Dorea	0.0889	0.1319	0.7033	0.0649	0.7892	0.7323	0.7832	0.3676	0.0160	0.2298	0.0100	0.1089	0.6224	0.0120	0.1309	0.0160	0.0010	0.9381	0.2807	0.0060	0.6903	0.1219	0.5834	0.5215	0.2038	0.9391	0.1099	0.1958	0.1578	0.5255	0.7582	0.0010	0.0340	0.6993	0.0050	0.0060	0.0020	0.2368	1.0000	0.0010	0.0819	0.0030	0.0709	0.0410	0.1858	0.2308	0.0759	0.9520	0.8781	0.1109	0.1319	0.4396	0.3237	0.1169	0.1948	0.0639	0.0040	0.0679	0.3526	0.5075	0.2228	0.4466	0.1159	0.0569	0.8032	0.7692	0.2837	0.2278	0.0300	0.1948	0.0170	0.0210	0.9930	0.9191	0.4336	0.0010	0.3586	0.0270	0.7872	0.0579	0.0180	0.0030	0.4076	0.4406	0.0100	0.0060	0.2587	0.1139	0.0689	0.3576	0.1558	0.0280	0.7283	0.1778	0.5455	0.0939	0.6114	0.8132	0.5644	0.2547	0.2537	0.0120	0.2468	0.6533	0.0010	0.8611	0.0040	0.7552	0.0010	0.0060	0.4585	0.8921	0.4895	0.1259	0.7073	0.2747	0.0200	0.8022	0.0160	0.6324	0.6623	0.4366	0.0030	0.6414	0.4116	0.5425	0.0340	0.8132	0.0300	0.4216	0.6454	0.1898	0.9700	0.0210	0.0010	0.6384	0.5025	0.9181	0.0130	0.8871	0.4745	0.6104	0.5634	0.9520	0.9201	0.1199	0.0859
g__Dorea_A	0.1279	0.0290	0.8302	0.7103	0.2827	0.6324	0.9301	0.7542	0.1528	0.9421	0.0639	0.1409	0.0190	0.4446	0.7253	0.0060	0.0719	0.7023	0.0260	0.0010	0.9481	0.6114	0.7852	0.0210	0.0300	0.1129	0.3417	0.3127	0.3606	0.3806	0.9451	0.0260	0.1578	0.0859	0.0150	0.0090	0.0020	0.1069	0.0010	1.0000	0.8501	0.8881	0.0190	0.9201	0.8452	0.7922	0.8581	0.9461	0.2058	0.1409	0.1179	0.5834	0.1968	0.1409	0.1029	0.3097	0.0040	0.1469	0.0659	0.9940	0.3986	0.0030	0.4336	0.0619	0.7333	0.0609	0.0769	0.5684	0.0490	0.3077	0.0170	0.1798	0.7353	0.1439	0.1169	0.0120	0.0480	0.0989	0.2228	0.7263	0.4126	0.0320	0.3147	0.4745	0.1279	0.1538	0.5964	0.0899	0.0500	0.3267	0.2078	0.2048	0.9880	0.4785	0.8931	0.0270	0.8282	0.7413	0.7622	0.0519	0.6983	0.0010	0.0400	0.8012	0.0020	0.5105	0.3247	0.2458	0.1648	0.0150	0.1808	0.2248	0.1409	0.1479	0.9500	0.1159	0.2188	0.2268	0.2358	0.1968	0.9520	0.9121	0.7193	0.7043	0.1508	0.5115	0.0330	0.8861	0.1469	0.2597	0.8062	0.0390	0.9960	0.1818	0.0010	0.1209	0.9231	0.6114	0.0280	0.3856	0.8252	0.7453	0.5734	0.5904	0.8661	0.0849	0.1109
g__Dorea_D	0.1718	0.8511	0.1489	0.5255	0.6533	0.5195	0.5644	0.6214	0.7413	0.2318	0.7742	0.1808	0.8561	0.5215	0.8851	0.5325	0.2078	0.1339	0.3137	0.9491	0.6643	0.8721	0.8541	0.7642	0.4086	0.2228	0.7892	0.5075	0.3726	0.5425	0.8142	0.0040	0.2507	0.2647	0.2368	0.4585	0.0639	0.7173	0.0819	0.8501	1.0000	0.3187	0.4535	0.2228	0.3576	0.9321	0.3836	0.9720	0.1459	0.8012	0.7353	0.2797	0.5325	0.6374	0.7912	0.8531	0.0969	0.7303	0.5664	0.9800	0.2158	0.9331	0.4985	0.7393	0.9361	0.8482	0.4456	0.9281	0.1638	0.7173	0.1598	0.2288	0.8691	0.2757	0.0749	0.0729	0.0110	0.1039	0.6993	0.2138	0.3816	0.6683	0.8771	0.9171	0.5714	0.1538	0.0060	0.3686	0.2887	0.6523	0.8951	0.8931	0.8232	0.5924	0.8901	0.7672	0.7133	0.9121	0.9530	0.2747	0.9221	0.0629	0.3766	0.7153	0.0170	0.4036	0.0739	0.5455	0.0180	0.2777	0.8352	0.4885	0.0380	0.2587	0.5075	0.9341	0.8262	0.8212	0.9850	0.5185	0.7832	0.7612	0.3506	0.8232	0.7023	0.0539	0.5335	0.1189	0.0310	0.6983	0.9550	0.0420	0.7692	0.0180	0.0519	0.7542	0.7512	0.0599	0.4156	0.0629	0.4555	0.1469	0.0709	0.3936	0.7892	0.8941	0.6054
g__Dysosmobacter	0.0110	0.5684	0.4595	0.3796	0.0480	0.0010	0.3916	0.6064	0.2707	0.5195	0.4685	0.7243	0.7862	0.1099	0.0010	0.2837	0.0090	0.6434	0.0999	0.4915	0.3756	0.9091	0.2438	0.0380	0.7612	0.4865	0.1189	0.3177	0.9590	0.7033	0.1499	0.6823	0.0150	0.9510	0.4116	0.9880	0.9451	0.9680	0.0030	0.8881	0.3187	1.0000	0.9540	0.6424	0.0460	0.0360	0.8142	0.8022	0.9121	0.0220	0.2827	0.3856	0.2248	0.7662	0.2897	0.4056	0.0110	0.0170	0.0170	0.2238	0.0829	0.5265	0.3666	0.6064	0.0769	0.0490	0.8671	0.0250	0.8202	0.0260	0.0060	0.7103	0.0460	0.9441	0.0240	0.5245	0.8442	0.4505	0.2368	0.6803	0.8611	0.8312	0.6713	0.1129	0.5405	0.1289	0.2288	0.2887	0.1828	0.0010	0.0070	0.5664	0.0979	0.3936	0.4086	0.0649	0.9590	0.7602	0.5754	0.3846	0.8492	0.7592	0.5375	0.6953	0.9371	0.0040	0.0030	0.3856	0.2887	0.2108	0.0460	0.0340	0.4196	0.1469	0.9570	0.7842	0.6853	0.4056	0.3926	0.4166	0.0809	0.3097	0.5664	0.2368	0.6723	0.7612	0.3477	0.2637	0.4006	0.3147	0.1289	0.0090	0.1169	0.3816	0.5105	0.2827	0.5924	0.3317	0.5135	0.0959	0.0050	0.5604	0.2148	0.0140	0.0130	0.4845	0.7682
g__Eggerthella	0.0849	0.8541	0.7333	0.8791	0.6404	0.3117	0.8202	0.5365	0.2957	0.1908	0.2058	0.0310	0.0529	0.8611	0.5035	0.4426	0.0160	0.8961	0.2587	0.0190	0.1019	0.1578	0.9710	0.0180	0.0549	0.9211	0.0160	0.2068	0.9840	0.2418	0.1149	0.0250	0.1429	0.1249	0.1069	0.1279	0.0050	0.2448	0.0709	0.0190	0.4535	0.9540	1.0000	0.9660	0.0829	0.1069	0.0010	0.0879	0.8422	0.1818	0.0010	0.9371	0.0589	0.0050	0.2537	0.0050	0.0010	0.0160	0.0070	0.4166	0.1788	0.2987	0.1049	0.0310	0.1888	0.4715	0.1678	0.5415	0.9171	0.0739	0.0010	0.0519	0.8302	0.1578	0.0030	0.0050	0.5994	0.9610	0.7073	0.2707	0.0060	0.0150	0.0070	0.0220	0.4675	0.0190	0.0929	0.0040	0.4046	0.7083	0.0509	0.9401	0.4715	0.1249	0.0330	0.0070	0.1139	0.1359	0.5195	0.0060	0.1988	0.0200	0.0649	0.0939	0.0050	0.4865	0.5445	0.9500	0.0519	0.0869	0.2527	0.4306	0.1938	0.3976	0.3497	0.1469	0.0010	0.2557	0.0500	0.0010	0.6783	0.9720	0.0030	0.3027	0.0070	0.0220	0.4705	0.4136	0.0010	0.5385	0.8422	0.6124	0.7582	0.3477	0.0240	0.2328	0.1958	0.6124	0.0110	0.5435	0.3936	0.0120	0.5894	0.9301	0.6444	0.7393	0.0240
g__Enterobacter	0.0020	0.4096	0.1838	0.5135	0.7772	0.1479	0.6374	0.9361	0.3307	0.6354	0.0270	0.1718	0.9860	0.4246	0.3287	0.6863	0.2188	0.2907	0.1668	0.9281	0.7403	0.6693	0.7752	0.6563	0.4605	0.8412	0.5025	0.9620	0.3227	0.4535	0.5305	0.5175	0.4565	0.7882	0.2747	0.2507	0.1189	0.5984	0.0410	0.9201	0.2228	0.6424	0.9660	1.0000	0.6963	0.2997	0.2677	0.0959	0.8561	0.0240	0.0759	0.1618	0.9880	0.6274	0.6444	0.2378	0.3337	0.7393	0.1489	0.7073	0.0320	0.3816	0.0120	0.0949	0.9291	0.0430	0.7463	0.7423	0.0839	0.6274	0.1598	0.0689	0.7812	0.6993	0.5744	0.0529	0.7582	0.2787	0.0010	0.7922	0.0090	0.3896	0.9491	0.8422	0.0140	0.3536	0.0190	0.1538	0.1618	0.7782	0.1059	0.0480	0.5225	0.9141	0.5804	0.2557	0.2358	0.6583	0.0739	0.7552	0.1588	0.0909	0.6573	0.3676	0.0030	0.2967	0.7333	0.8611	0.5524	0.0889	0.8751	0.2897	0.3007	0.6174	0.7952	0.2418	0.4476	0.8821	0.7532	0.9520	0.2827	0.1269	0.1019	0.5455	0.9111	0.1239	0.4595	0.3447	0.5644	0.7363	0.7992	0.5984	0.0090	0.1309	0.0480	0.3546	0.5305	0.5844	0.5684	0.1419	0.8591	0.7632	0.1269	0.3157	0.6913	0.4016	0.3297
g__Enterocloster	0.1279	0.5974	0.7822	0.1249	0.5794	0.0879	0.6843	0.0010	0.5784	0.1568	0.1289	0.9361	0.9191	0.3387	0.1868	0.4835	0.4795	0.2567	0.3576	0.0330	0.6124	0.3057	0.0749	0.0789	0.0120	0.4136	0.0769	0.4705	0.6513	0.5035	0.8432	0.0020	0.9361	0.0739	0.2458	0.3407	0.0240	0.2837	0.1858	0.8452	0.3576	0.0460	0.0829	0.6963	1.0000	0.0430	0.7722	0.3127	0.3287	0.4765	0.1149	0.5734	0.3986	0.0729	0.9580	0.1199	0.0569	0.2667	0.0569	0.8541	0.0260	0.4675	0.4565	0.0040	0.1638	0.4975	0.9151	0.6334	0.0649	0.4655	0.0030	0.5195	0.3017	0.5624	0.1249	0.1459	0.2008	0.2997	0.2807	0.3736	0.1049	0.0719	0.7273	0.2787	0.1139	0.5015	0.4765	0.3576	0.4106	0.0909	0.0100	0.5864	0.3536	0.0380	0.6064	0.0969	0.5275	0.6254	0.9341	0.3656	0.3377	0.3826	0.9041	0.0300	0.0939	0.3487	0.9191	0.0569	0.1479	0.0170	0.3117	0.3986	0.4256	0.6563	0.8242	0.7852	0.0559	0.6573	0.4216	0.0040	0.0080	0.7403	0.2677	0.9241	0.1938	0.2448	0.1848	0.5485	0.0010	0.1758	0.7552	0.9181	0.7972	0.4845	0.1099	0.8202	0.6563	0.2707	0.0250	0.7602	0.0559	0.1518	0.5694	0.1998	0.0330	0.9271	0.7942
g__Enterococcus	0.0010	0.2787	0.2208	0.0020	0.0759	0.0090	0.3596	0.8282	0.1489	0.1229	0.0010	0.0729	0.6983	0.0010	0.3616	0.6204	0.1159	0.8222	0.2478	0.0030	0.0959	0.2977	0.8222	0.0460	0.2078	0.9670	0.7872	0.5844	0.9061	0.6943	0.8911	0.0579	0.3397	0.4426	0.0589	0.2068	0.0150	0.3706	0.2308	0.7922	0.9321	0.0360	0.1069	0.2997	0.0430	1.0000	0.0010	0.0190	0.4096	0.0689	0.0310	0.4406	0.0020	0.0779	0.5405	0.0040	0.0250	0.3656	0.0090	0.4805	0.0170	0.2178	0.1149	0.2148	0.9261	0.8132	0.8771	0.8771	0.0869	0.2038	0.0070	0.5225	0.0529	0.8831	0.0030	0.0110	0.5095	0.4166	0.0100	0.1369	0.0030	0.0010	0.1139	0.0410	0.2807	0.1419	0.2547	0.0150	0.4935	0.1449	0.0460	0.8042	0.1259	0.0030	0.0120	0.0050	0.0120	0.4715	0.4735	0.0250	0.2398	0.2388	0.3207	0.4006	0.0589	0.0529	0.1349	0.5824	0.0170	0.0240	0.0929	0.2837	0.3417	0.6613	0.9890	0.3217	0.0060	0.0919	0.7293	0.0220	0.4725	0.6773	0.0020	0.4066	0.0100	0.1648	0.6523	0.2468	0.0400	0.5085	0.8981	0.6134	0.1928	0.9141	0.4416	0.5075	0.0579	0.5075	0.0180	0.4665	0.7353	0.2368	0.3686	0.3706	0.5165	0.7972	0.2488
g__Enterococcus_A	0.1618	0.7123	0.0869	0.1878	0.4635	0.0150	0.3317	0.3337	0.0200	0.0020	0.0739	0.0150	0.8631	0.0420	0.5145	0.2817	0.4925	0.7522	0.2727	0.0030	0.4246	0.3287	0.1479	0.0120	0.0589	0.5604	0.4296	0.8122	0.7732	0.4505	0.8442	0.0310	0.0410	0.8811	0.0689	0.3137	0.0010	0.2268	0.0759	0.8581	0.3836	0.8142	0.0010	0.2677	0.7722	0.0010	1.0000	0.0010	0.5684	0.0050	0.0050	0.9520	0.7403	0.0030	0.3377	0.0010	0.0050	0.3906	0.0170	0.2368	0.0739	0.9241	0.1309	0.5994	0.5724	0.6593	0.5994	0.6004	0.1059	0.0220	0.0010	0.1578	0.0899	0.9590	0.0060	0.0080	0.6064	0.2857	0.0480	0.1399	0.0050	0.0010	0.0010	0.0150	0.3556	0.1019	0.0589	0.0020	0.3477	0.9111	0.0150	0.9730	0.0120	0.0020	0.0759	0.0050	0.0370	0.3876	0.7153	0.0360	0.4186	0.1908	0.3526	0.1499	0.0110	0.0579	0.1738	0.6973	0.0020	0.0080	0.0959	0.1079	0.0549	0.3107	0.2098	0.2767	0.0010	0.2498	0.3407	0.7932	0.8961	0.9271	0.0010	0.1518	0.0010	0.2797	0.1788	0.6214	0.0020	0.5365	0.8991	0.2498	0.1429	0.9101	0.4446	0.6643	0.8122	0.7013	0.0030	0.9051	0.6294	0.0669	0.5964	0.5325	0.2797	0.4146	0.0699
g__Enterococcus_B	0.3117	0.9730	0.0320	0.4116	0.2498	0.0090	0.1798	0.3217	0.6853	0.0110	0.0470	0.0130	0.8601	0.0180	0.5295	0.6454	0.9720	0.8611	0.7842	0.0140	0.8202	0.9720	0.2188	0.0160	0.0639	0.4496	0.9890	0.5644	0.1778	0.1439	0.5485	0.5335	0.9990	0.7782	0.7403	0.7882	0.1898	0.3247	0.9520	0.9461	0.9720	0.8022	0.0879	0.0959	0.3127	0.0190	0.0010	1.0000	0.8432	0.2757	0.0090	0.3536	0.8931	0.0090	0.5784	0.1449	0.0110	0.3037	0.0050	0.4695	0.0040	0.5475	0.4256	0.4496	0.3267	0.7682	0.3916	0.4086	0.4935	0.0609	0.5794	0.1578	0.0090	0.3017	0.0030	0.2637	0.0699	0.8831	0.0020	0.2008	0.2028	0.0509	0.0360	0.0430	0.9730	0.9690	0.2657	0.0010	0.0150	0.2488	0.0080	0.0959	0.0300	0.0519	0.2358	0.0819	0.0769	0.0420	0.4735	0.0719	0.8302	0.3696	0.7253	0.7922	0.1229	0.0020	0.2348	0.9491	0.2567	0.1928	0.4845	0.7053	0.4126	0.5295	0.2068	0.3087	0.0010	0.1039	0.1369	0.7612	0.1558	0.6853	0.0010	0.7453	0.0180	0.1309	0.2058	0.3317	0.1658	0.7642	0.6284	0.3696	0.0030	0.3327	0.7722	0.0200	0.3277	0.0639	0.0080	0.3497	0.7852	0.1998	0.0939	0.1798	0.2827	0.5544	0.0559
g__Eubacterium_F	0.7932	0.9421	0.7043	0.8821	0.2168	0.7892	0.1429	0.9650	0.7622	0.6074	0.5694	0.9550	0.2957	0.4835	0.2677	0.7862	0.3776	0.0060	0.3187	0.9421	0.2408	0.6803	0.3836	0.6833	0.7353	0.1578	0.1538	0.0619	0.4176	0.9081	0.2937	0.4895	0.4505	0.1968	0.9600	0.2258	0.6973	0.7233	0.8781	0.2058	0.1459	0.9121	0.8422	0.8561	0.3287	0.4096	0.5684	0.8432	1.0000	0.8052	0.8392	0.6963	0.3786	0.5285	0.6044	0.0929	0.4775	1.0000	0.6464	0.9720	0.9131	0.3976	0.4416	0.5415	0.6733	0.4096	0.6963	0.9041	0.9660	0.1059	0.8881	0.5744	0.3427	0.2178	0.3097	0.3856	0.3407	0.2937	0.7143	0.3756	0.7902	0.5804	0.3746	0.0829	0.6464	0.3337	0.8951	0.5524	0.7692	0.6503	0.9770	0.4176	0.1548	0.9710	0.4086	0.5375	0.8012	0.7892	0.6643	0.4865	0.8701	0.3417	0.8272	0.4845	0.4555	0.5175	0.5455	0.2038	0.6633	0.2258	0.0789	0.5185	0.7942	0.2398	0.3796	0.3387	0.7792	0.9401	0.5804	0.3377	0.4685	0.1439	0.8412	0.8811	0.6134	0.2657	0.4426	0.0090	0.5934	0.8631	0.3676	0.2098	0.7033	0.8711	0.5924	0.8511	0.2597	0.7962	0.4555	0.9760	0.4935	0.1229	0.4396	0.9281	0.2208	0.4346	0.7403
g__Eubacterium_G	0.1069	0.9221	0.2138	0.3986	0.1828	0.0030	0.7872	0.8761	0.9401	0.5724	0.2368	0.0689	0.7592	0.8042	0.6254	0.3956	0.7562	0.5135	0.0210	0.1688	0.6803	0.8302	0.4056	0.1568	0.8482	0.1758	0.3167	0.9580	0.9441	0.1349	0.2418	0.0659	0.2767	0.5614	0.1439	0.1648	0.2527	0.7153	0.1109	0.1409	0.8012	0.0220	0.1818	0.0240	0.4765	0.0689	0.0050	0.2757	0.8052	1.0000	0.0200	0.1738	0.7443	0.9351	0.7532	0.0519	0.8811	0.4505	0.0669	0.5984	0.0769	0.3566	0.1459	0.0230	0.2428	0.0030	0.2757	0.6014	0.9111	0.1319	0.0040	0.5664	0.1069	0.6454	0.0080	0.0100	0.2318	0.0519	0.0310	0.2607	0.0919	0.0549	0.7742	0.0689	0.2587	0.4705	0.0919	0.0619	0.0190	0.2807	0.0240	0.9770	0.4056	0.1928	0.0200	0.0140	0.0689	0.9630	0.1998	0.1389	0.9600	0.0989	0.7263	0.4006	0.0040	0.0080	0.1858	0.7802	0.4376	0.2138	0.9251	0.0060	0.0490	0.7942	0.8462	0.0210	0.0140	0.1588	0.2098	0.3746	0.8941	0.5145	0.0350	0.2957	0.0260	0.4476	0.0300	0.7502	0.4855	0.1868	0.8462	0.6024	0.0380	0.6933	0.0150	0.0030	0.4276	0.6134	0.2448	0.4166	0.7463	0.8172	0.3477	0.1349	0.1668	0.5305	0.2857
g__Eubacterium_I	0.1518	0.1588	0.2777	0.2428	0.8432	0.0140	0.7133	0.0719	0.2388	0.5345	0.5554	0.0180	0.3826	0.1518	0.7992	0.4266	0.5135	0.4935	0.1988	0.0050	0.1598	0.4246	0.5365	0.0170	0.2897	0.9191	0.3257	0.2378	0.0070	0.7932	0.8002	0.1878	0.9660	0.0310	0.2547	0.9820	0.0010	0.3287	0.1319	0.1179	0.7353	0.2827	0.0010	0.0759	0.1149	0.0310	0.0050	0.0090	0.8392	0.0200	1.0000	0.2757	0.4276	0.1538	0.1598	0.2198	0.0050	0.0210	0.1838	0.9321	0.0040	0.2328	0.0090	0.0899	0.3177	0.1169	0.0260	0.5305	0.1129	0.4266	0.0010	0.0779	0.5035	0.4635	0.0160	0.0230	0.0250	0.8771	0.0599	0.4336	0.0450	0.0070	0.4665	0.0080	0.6114	0.5634	0.6054	0.0330	0.6224	0.8591	0.0200	0.6623	0.3716	0.0030	0.3037	0.0010	0.3397	0.0020	0.8891	0.0829	0.9560	0.0360	0.8062	0.4146	0.0010	0.1269	0.3506	0.2158	0.0090	0.0559	0.1958	0.4615	0.8551	0.3836	0.4446	0.1349	0.0040	0.2737	0.5874	0.0020	0.9730	0.8801	0.0450	0.1419	0.0390	0.0879	0.0799	0.1149	0.0160	0.9321	0.1019	0.3956	0.2478	0.8801	0.0230	0.0030	0.2068	0.4525	0.0010	0.2158	0.4905	0.0030	0.8352	0.2847	0.4276	0.6533	0.0090
g__Evtepia	0.0020	0.1978	0.7742	0.0380	0.3676	0.0390	0.5724	0.3726	0.1309	0.3257	0.6653	0.6853	0.5584	0.7413	0.2328	0.0240	0.2258	0.6563	0.6983	0.3497	0.3057	0.6454	0.1279	0.3836	0.9650	0.7043	0.9790	0.0440	0.4426	0.3107	0.6573	0.0699	0.7932	0.4086	0.3706	0.6643	0.6024	0.3017	0.4396	0.5834	0.2797	0.3856	0.9371	0.1618	0.5734	0.4406	0.9520	0.3536	0.6963	0.1738	0.2757	1.0000	0.5195	0.4585	0.7023	0.0899	0.2717	0.4226	0.1508	0.0629	0.0050	0.5584	0.9191	0.0869	0.2677	0.3696	0.2567	0.2448	0.3696	0.2877	0.3796	0.1169	0.2727	0.1708	0.1808	0.0260	0.7343	0.0100	0.0250	0.5105	0.2388	0.3626	0.9141	0.1259	0.0290	0.9161	0.8991	0.1718	0.1638	0.4505	0.0180	0.3966	0.1818	0.6803	0.2627	0.0899	0.1748	0.2977	0.4585	0.7013	0.4276	0.2328	0.7353	0.6753	0.0120	0.0180	0.6843	0.9690	0.8811	0.1688	0.6743	0.1508	0.9271	0.7742	0.6264	0.7612	0.5914	0.7043	0.7682	0.1079	0.2198	0.7483	0.2348	0.1289	0.9441	0.4835	0.5974	0.1598	0.0589	0.4595	0.7173	0.8591	0.0430	0.5275	0.1069	0.2857	0.7053	0.6084	0.5524	0.9680	0.2577	0.3606	0.6074	0.4336	0.2767	0.6084	0.0160
g__Faecalibacterium	0.5504	0.7982	0.6344	0.0380	0.0629	0.7842	0.6184	0.4046	0.6264	0.3866	0.0030	0.6693	0.2258	0.0010	0.4675	0.7812	0.1688	0.7582	0.0160	0.2927	0.2278	0.6194	0.8671	0.3926	0.0759	0.9141	0.6983	0.6993	0.8711	0.9341	0.0679	0.5664	0.6783	0.9530	0.8991	0.6903	0.6164	0.7982	0.3237	0.1968	0.5325	0.2248	0.0589	0.9880	0.3986	0.0020	0.7403	0.8931	0.3786	0.7443	0.4276	0.5195	1.0000	0.3457	0.2248	0.7922	0.3716	0.7942	0.0240	0.1409	0.4825	0.0729	0.6394	0.3746	0.7253	0.9910	0.9011	0.4406	0.8102	0.3706	0.7732	0.5385	0.8901	0.8282	0.9261	0.7802	0.7692	0.5914	0.0270	0.1149	0.7622	0.0719	0.8641	0.1209	0.2517	0.9500	0.7183	0.7672	0.7433	0.7213	0.8172	0.2827	0.6084	0.0859	0.9081	0.7013	0.6164	0.4565	0.0719	0.9361	0.1439	0.7233	0.4905	0.6424	0.7083	0.5534	0.7662	0.7283	0.1419	0.3037	0.0629	0.0060	0.9500	0.8072	0.1738	0.2408	0.2168	0.3776	0.4595	0.1678	0.4316	0.3976	0.8332	0.3556	0.5215	0.4875	0.6274	0.3916	0.9610	0.8621	0.5115	0.3307	0.8541	0.9980	0.3606	0.8122	0.1029	0.7083	0.9750	0.2448	0.4825	0.4366	0.0180	0.4036	0.4356	0.8182	0.6723
g__Faecalimonas	0.0420	0.0979	0.9331	0.3227	0.8262	0.6543	0.1019	0.8751	0.2478	0.0030	0.5315	0.5534	0.1339	0.5924	0.5275	0.2338	0.1798	0.9251	0.3047	0.0020	0.7263	0.1778	0.0280	0.0619	0.0080	0.2977	0.2028	0.2597	0.4895	0.1698	0.8432	0.0090	0.4665	0.3896	0.0040	0.2308	0.0020	0.0539	0.1169	0.1409	0.6374	0.7662	0.0050	0.6274	0.0729	0.0779	0.0030	0.0090	0.5285	0.9351	0.1538	0.4585	0.3457	1.0000	0.3976	0.0639	0.0030	0.1998	0.0010	0.0080	0.0020	0.0070	0.5534	0.0010	0.3586	0.5844	0.2068	0.7433	0.1419	0.5365	0.0010	0.0480	0.4296	0.9580	0.0010	0.0649	0.2817	0.1399	0.8711	0.0030	0.0290	0.3077	0.0070	0.0140	0.4196	0.1349	0.1159	0.0010	0.2767	0.4675	0.0250	0.6284	0.0030	0.0110	0.2428	0.0020	0.1079	0.6833	0.8252	0.1099	0.4625	0.0789	0.2138	0.1229	0.0140	0.1039	0.3936	0.4715	0.0020	0.0010	0.3097	0.7073	0.0160	0.2757	0.8841	0.2458	0.0170	0.0050	0.0719	0.2088	0.5475	0.9660	0.0020	0.2817	0.0240	0.0420	0.0270	0.2947	0.0010	0.7173	0.6154	0.5984	0.0030	0.5005	0.2747	0.9520	0.9850	0.7463	0.0010	0.3307	0.1918	0.0040	0.1189	0.3946	0.6643	0.5904	0.0080
g__Faecousia	0.9091	0.9840	0.3606	0.3237	0.6014	0.4825	0.0899	0.8981	0.5055	0.9091	0.2957	0.8032	0.0689	0.5744	0.1289	0.1818	0.4266	0.7692	0.9351	0.3836	0.5644	0.4575	0.1928	0.5295	0.1349	0.9780	0.3616	0.3766	0.4685	0.4496	0.6174	0.1628	0.5145	0.5894	0.0090	0.6903	0.1279	0.5694	0.1948	0.1029	0.7912	0.2897	0.2537	0.6444	0.9580	0.5405	0.3377	0.5784	0.6044	0.7532	0.1598	0.7023	0.2248	0.3976	1.0000	0.8162	0.1309	0.0100	0.6174	1.0000	0.5435	0.6184	0.0350	0.0490	0.3187	0.3926	0.7662	0.1499	0.3566	0.3876	0.4905	0.6573	0.2278	0.4196	0.7812	0.2667	0.9131	0.1788	0.7522	0.8012	0.2917	0.1628	0.9910	0.6833	0.4985	0.0180	0.2198	0.5904	0.5495	0.6254	0.4216	0.4156	0.7632	0.4645	0.3776	0.0450	0.3187	0.7522	0.3387	0.4336	0.6474	0.1069	0.1708	0.7932	0.1349	0.3686	0.3926	0.9820	0.2957	0.2078	0.0460	0.8501	0.0360	0.9241	0.7972	0.0260	0.8102	0.0509	0.4805	0.1149	0.2078	0.8482	0.6563	0.1908	0.4985	0.5734	0.9900	0.0629	0.7413	0.3437	0.0859	0.0669	0.7832	0.2607	0.1019	0.6883	0.4555	0.2178	0.0919	0.1259	0.8841	0.1838	0.4006	0.0250	0.0879	0.7572	0.6314
g__Finegoldia	0.0020	0.2807	0.1349	0.0070	0.7493	0.0440	0.6464	0.3936	0.0170	0.1379	0.0150	0.0859	0.9770	0.1259	0.2238	0.8172	0.0679	0.8202	0.1459	0.0070	0.7832	0.0849	0.2048	0.0290	0.3546	0.7852	0.7423	0.1758	0.6993	0.7213	0.6114	0.0410	0.2008	0.8871	0.0100	0.0729	0.0040	0.1459	0.0639	0.3097	0.8531	0.4056	0.0050	0.2378	0.1199	0.0040	0.0010	0.1449	0.0929	0.0519	0.2198	0.0899	0.7922	0.0639	0.8162	1.0000	0.0979	0.9081	0.0470	0.3427	0.0739	0.6444	0.1089	0.2288	0.2438	0.2937	0.2228	0.8182	0.2088	0.0889	0.0090	0.1598	0.0899	0.8342	0.0020	0.0410	0.4306	0.3506	0.0350	0.5534	0.0010	0.0010	0.1299	0.0629	0.3487	0.5175	0.4476	0.0699	0.6094	0.8252	0.0070	0.3686	0.3986	0.0020	0.3007	0.0060	0.1329	0.1888	0.5604	0.0749	0.8082	0.0090	0.1678	0.3327	0.1598	0.3616	0.1259	0.7353	0.0619	0.0420	0.2198	0.0100	0.1858	0.8042	0.7512	0.1039	0.0010	0.1868	0.7413	0.2637	0.0200	0.8981	0.0020	0.5744	0.0340	0.1159	0.2078	0.8531	0.0030	0.8551	0.2118	0.5425	0.3736	0.7952	0.0579	0.7962	0.4595	0.7283	0.0220	0.3786	0.3007	0.1129	0.5984	0.9580	0.3267	0.4655	0.0969
g__Flavonifractor	0.0130	0.0190	0.0390	0.0250	0.2478	0.7313	0.4655	0.6464	0.0010	0.0080	0.0460	0.0090	0.0100	0.0589	0.0939	0.0779	0.0210	0.3287	0.0010	0.0010	0.0679	0.0060	0.6174	0.0060	0.0030	0.3447	0.3137	0.8492	0.0100	0.5604	0.0839	0.0010	0.1259	0.0070	0.0080	0.3826	0.0010	0.0210	0.0040	0.0040	0.0969	0.0110	0.0010	0.3337	0.0569	0.0250	0.0050	0.0110	0.4775	0.8811	0.0050	0.2717	0.3716	0.0030	0.1309	0.0979	1.0000	0.1219	0.0320	0.4126	0.0310	0.2737	0.0829	0.0080	0.2098	0.2577	0.0929	0.0270	0.0719	0.0170	0.0010	0.0060	0.9580	0.9301	0.0080	0.0020	0.0629	0.2148	0.2038	0.0090	0.0030	0.0020	0.0250	0.6364	0.2627	0.0020	0.6523	0.0080	0.7552	0.0250	0.2188	0.7712	0.8931	0.0010	0.6474	0.0470	0.0240	0.4376	0.9500	0.0030	0.1219	0.0010	0.0190	0.0370	0.0010	0.6553	0.0020	0.3756	0.0020	0.0010	0.6434	0.3257	0.0250	0.0110	0.9550	0.1279	0.0010	0.0769	0.4466	0.0010	0.8302	0.5065	0.0010	0.0410	0.1009	0.0170	0.5235	0.2348	0.0010	0.2517	0.0300	0.0020	0.2687	0.8841	0.0010	0.7403	0.8422	0.7313	0.0010	0.3816	0.7453	0.0090	0.3287	0.0090	0.0929	0.1878	0.0010
g__Fusicatenibacter	0.9021	0.6164	0.8062	0.0649	0.3277	0.1319	0.8022	0.7792	0.3626	0.8102	0.0030	0.9640	0.4446	0.3666	0.1119	0.9680	0.0030	0.1678	0.6603	0.6204	0.8901	0.0260	0.0380	0.7962	0.0360	0.9880	0.7393	0.3287	0.7912	0.6923	0.9131	0.9121	0.0559	0.5584	0.1658	0.0639	0.6553	0.7463	0.0679	0.1469	0.7303	0.0170	0.0160	0.7393	0.2667	0.3656	0.3906	0.3037	1.0000	0.4505	0.0210	0.4226	0.7942	0.1998	0.0100	0.9081	0.1219	1.0000	0.1079	0.9331	0.5854	0.2567	0.0340	0.1139	0.5964	0.2238	0.5804	0.8322	0.2867	0.7243	0.9221	0.7642	0.9011	0.7612	0.7612	0.5095	0.3856	0.0889	0.4446	0.8891	0.0589	0.9890	0.4266	0.0729	0.8062	0.2078	0.7243	0.3077	0.7792	0.2747	0.4416	0.4406	0.8322	0.0599	0.1658	0.3467	0.0180	0.1728	0.7483	0.7962	0.2807	0.4466	0.3616	0.1908	0.6474	0.9381	0.8232	0.0759	0.3816	0.3227	0.5504	0.2537	0.9690	0.7902	0.6254	0.1538	0.3756	0.1289	0.5305	0.8282	0.9411	0.7463	0.0849	0.1489	0.0010	0.5065	0.7512	0.6254	0.9281	0.8072	0.8112	0.5205	0.6773	0.6314	0.8272	0.6204	0.0320	0.1988	0.2697	0.4535	0.1429	0.2557	0.6194	0.1319	0.0949	0.9620	0.2488
g__Fusobacterium_A	0.0040	0.5425	0.1558	0.0290	0.5195	0.0030	0.5005	0.6084	0.2967	0.1818	0.0040	0.3197	0.1618	0.5744	0.0839	0.3297	0.1369	0.8272	0.8701	0.0010	0.6823	0.2088	0.1469	0.0320	0.0050	0.5754	0.7053	0.2268	0.7852	0.6404	0.2937	0.0300	0.6164	0.3147	0.0829	0.0300	0.0200	0.1908	0.3526	0.0659	0.5664	0.0170	0.0070	0.1489	0.0569	0.0090	0.0170	0.0050	0.6464	0.0669	0.1838	0.1508	0.0240	0.0010	0.6174	0.0470	0.0320	0.1079	1.0000	0.0819	0.0010	0.2458	0.5684	0.0110	0.3716	0.3886	0.7243	0.7992	0.6454	0.1119	0.0400	0.1129	0.0190	0.6374	0.0010	0.1718	0.8382	0.1738	0.0210	0.0809	0.0030	0.0639	0.2248	0.0450	0.4176	0.7253	0.0869	0.0080	0.0749	0.0100	0.0090	0.2867	0.2188	0.0150	0.1948	0.0240	0.0679	0.2517	0.8132	0.1988	0.7133	0.0559	0.1708	0.4545	0.1269	0.0290	0.9720	0.6174	0.1778	0.0070	0.0260	0.7922	0.1169	0.3926	0.9471	0.0539	0.1079	0.0450	0.9880	0.2118	0.0400	0.6374	0.0020	0.4795	0.0070	0.0180	0.0310	0.9081	0.0040	0.7622	0.7922	0.3287	0.0080	0.4855	0.2368	0.2517	0.1089	0.0490	0.0020	0.1189	0.2847	0.0440	0.6653	0.5654	0.4396	0.6284	0.0959
g__Gallintestinimicrobium	0.0080	0.0240	0.9141	0.3367	0.9041	0.4006	0.8042	0.1728	0.1119	0.1149	0.1459	0.8492	0.0290	0.8052	0.1748	0.6643	0.1868	0.3087	0.8771	0.0669	0.1968	0.2607	0.0290	0.0190	0.4166	0.0230	0.6903	0.6973	0.8791	0.7722	0.2527	0.1069	0.8442	0.7053	0.2368	0.0659	0.1548	0.1918	0.5075	0.9940	0.9800	0.2238	0.4166	0.7073	0.8541	0.4805	0.2368	0.4695	0.9720	0.5984	0.9321	0.0629	0.1409	0.0080	1.0000	0.3427	0.4126	0.9331	0.0819	1.0000	0.0110	0.3716	0.4126	0.6693	0.3317	0.8921	0.9650	0.6513	0.3037	0.3526	0.3167	0.2298	0.1189	0.7872	0.0400	0.4885	0.6374	0.2218	0.0959	0.0290	0.6174	0.8641	0.2208	0.0360	0.1898	0.0839	0.1279	0.0260	0.4016	0.0919	0.0709	0.4496	0.0979	0.0490	0.1668	0.0969	0.0060	0.9850	0.8801	0.7123	0.1688	0.8282	0.0909	0.1658	0.0110	0.0989	0.6124	0.9061	0.6533	0.0759	0.0829	0.2378	0.6893	0.1588	0.0509	0.4805	0.5165	0.9990	0.0180	0.3876	0.2777	0.1928	0.0140	0.0519	0.3646	0.3916	0.9241	0.9740	0.0959	0.2587	0.7882	0.5445	0.0130	0.8751	0.5295	0.7942	0.3147	0.4895	0.4026	0.0270	0.5514	0.2448	0.5604	0.7862	0.6154	0.2917	0.0060
g__Gemella	0.0010	0.1219	0.1299	0.0619	0.6154	0.0240	0.7163	0.1548	0.2757	0.5425	0.1928	0.1179	0.1039	0.4186	0.3327	0.1718	0.1568	0.1838	0.9051	0.0090	0.8531	0.9840	0.0749	0.0300	0.5734	0.4386	0.5714	0.0979	0.0350	0.2927	0.4206	0.0010	0.8192	0.2078	0.2358	0.0370	0.0020	0.2028	0.2228	0.3986	0.2158	0.0829	0.1788	0.0320	0.0260	0.0170	0.0739	0.0040	0.9131	0.0769	0.0040	0.0050	0.4825	0.0020	0.5435	0.0739	0.0310	0.5854	0.0010	0.0110	1.0000	0.0929	0.2877	0.0040	0.1359	0.0220	0.1578	0.9081	0.0030	0.6953	0.0120	0.0030	0.0070	0.9920	0.0010	0.0030	0.0440	0.0380	0.0120	0.0020	0.1169	0.1289	0.9960	0.0939	0.0669	0.2458	0.0020	0.0010	0.0250	0.0719	0.0020	0.3007	0.0709	0.0929	0.2947	0.0020	0.4026	0.4955	0.3067	0.0150	0.2517	0.1479	0.2088	0.8701	0.0010	0.0050	0.5694	0.6134	0.0939	0.0010	0.1818	0.3377	0.1019	0.0619	0.5335	0.4845	0.0350	0.0020	0.9061	0.0020	0.1199	0.0979	0.0150	0.9071	0.5185	0.0080	0.3077	0.2717	0.0010	0.6523	0.5714	0.8871	0.0010	0.6563	0.1668	0.0190	0.4675	0.1948	0.0110	0.0190	0.4675	0.1389	0.8941	0.0879	0.1059	0.1668	0.0250
g__Gemmiger	0.9051	0.0709	0.1848	0.5185	0.3956	0.1369	0.4456	0.0340	0.8731	0.2228	0.7992	0.7832	0.1309	0.0480	0.9930	0.7892	0.0460	0.8961	0.6513	0.7013	0.9900	0.2438	0.0100	0.0470	0.9730	0.2328	0.2398	0.3906	0.2338	0.7912	0.9481	0.1768	0.5774	0.0060	0.1269	0.1828	0.1259	0.4645	0.4466	0.0030	0.9331	0.5265	0.2987	0.3816	0.4675	0.2178	0.9241	0.5475	0.3976	0.3566	0.2328	0.5584	0.0729	0.0070	0.6184	0.6444	0.2737	0.2567	0.2458	0.3716	0.0929	1.0000	0.3327	0.2458	0.5684	0.0909	0.4476	0.4476	0.6134	0.9670	0.0210	0.0599	0.2837	0.6643	0.0739	0.3746	0.1379	0.4246	0.5744	0.1678	0.3896	0.9151	0.0639	0.5514	0.8082	0.8551	0.7662	0.1459	0.1838	0.5075	0.4296	0.8971	0.7133	0.7532	0.6993	0.1888	0.5215	0.9201	0.0649	0.4496	0.8242	0.3696	0.9860	0.0999	0.7263	0.1009	0.5475	0.5864	0.8442	0.0240	0.2507	0.2258	0.3147	0.1119	0.4725	0.3566	0.1159	0.1459	0.2907	0.2737	0.8252	0.4605	0.9101	0.7483	0.5405	0.2657	0.0010	0.4146	0.0120	0.8422	0.5914	0.4995	0.0569	0.6474	0.9820	0.4126	0.9840	0.7672	0.3377	0.6014	0.2238	0.2138	0.2498	0.4186	0.9221	0.0220	0.0729
g__Gordonibacter	0.1229	0.2827	0.1129	0.3147	0.6563	0.0779	0.7862	0.6723	0.5105	0.7303	0.0200	0.2078	0.9091	0.9281	0.7383	0.8042	0.5355	0.8561	0.6663	0.6174	0.9401	0.2557	0.6633	0.7852	0.2847	0.1508	0.9401	0.8541	0.4136	0.8242	0.2897	0.2697	0.4715	0.6414	0.0230	0.3656	0.0390	0.5744	0.1159	0.4336	0.4985	0.3666	0.1049	0.0120	0.4565	0.1149	0.1309	0.4256	0.4416	0.1459	0.0090	0.9191	0.6394	0.5534	0.0350	0.1089	0.0829	0.0340	0.5684	0.4126	0.2877	0.3327	1.0000	0.0010	0.7572	0.6274	0.2737	0.1029	0.2857	0.6973	0.2448	0.4106	0.9570	0.9710	0.6214	0.0420	0.8641	0.9101	0.1928	0.4336	0.0470	0.0539	0.7782	0.5425	0.3357	0.6404	0.8741	0.1119	0.6773	0.6773	0.3437	0.5614	0.7323	0.0480	0.5924	0.1099	0.1499	0.3107	0.9181	0.7303	0.6903	0.0480	0.9251	0.8192	0.1339	0.6703	0.3636	0.8342	0.0939	0.8162	0.6943	0.1998	0.5664	0.1409	0.1638	0.0450	0.1638	0.2847	0.5844	0.5075	0.4206	0.5564	0.3796	0.1848	0.2228	0.0210	0.2208	0.7502	0.4246	0.6094	0.4625	0.0889	0.9930	0.2288	0.0899	0.7043	0.7063	0.6094	0.0260	0.7163	0.7652	0.0559	0.6603	0.9201	0.4456	0.6084	0.4286
g__Granulicatella	0.0030	0.5185	0.6414	0.0010	0.8062	0.4505	0.8002	0.2597	0.9980	0.4196	0.0030	0.7423	0.5385	0.6913	0.8272	0.1548	0.0749	0.3427	0.2587	0.0370	0.3546	0.3516	0.7153	0.8442	0.1209	0.4026	0.2627	0.3397	0.5774	0.2827	0.4555	0.0050	0.7183	0.1149	0.0659	0.4126	0.0220	0.0090	0.0569	0.0619	0.7393	0.6064	0.0310	0.0949	0.0040	0.2148	0.5994	0.4496	0.5415	0.0230	0.0899	0.0869	0.3746	0.0010	0.0490	0.2288	0.0080	0.1139	0.0110	0.6693	0.0040	0.2458	0.0010	1.0000	0.5345	0.0919	0.6713	0.2288	0.0709	0.7792	0.0020	0.2368	0.4705	0.6424	0.0200	0.0010	0.4186	0.4186	0.2527	0.0909	0.0509	0.0769	0.8531	0.6374	0.2338	0.2418	0.1029	0.0659	0.0470	0.1329	0.0170	0.4226	0.5554	0.0260	0.1249	0.0669	0.1658	0.9021	0.5445	0.4995	0.0919	0.0310	0.8322	0.7552	0.0080	0.0250	0.4396	0.7782	0.0350	0.0110	0.8412	0.5305	0.0480	0.3427	0.2298	0.1429	0.7832	0.0020	0.8462	0.0619	0.1019	0.4126	0.1489	0.3786	0.6064	0.0030	0.0789	0.7353	0.0010	0.2727	0.4476	0.0410	0.0160	0.8571	0.0350	0.0020	0.8152	0.9500	0.0100	0.9161	0.3297	0.2507	0.3796	0.1538	0.4775	0.8741	0.1439
g__Guopingia	0.6094	0.0070	0.4905	0.5564	0.0909	0.0410	0.0460	0.0669	0.2078	0.8062	0.9411	0.8472	0.0709	0.1289	0.3786	0.6354	0.2717	0.6543	0.4076	0.4675	0.6264	0.4945	0.0230	0.8222	0.2517	0.1439	0.1978	0.0909	0.4176	0.6264	0.9121	0.7562	0.1249	0.3806	0.3756	0.9241	0.2058	0.4476	0.8032	0.7333	0.9361	0.0769	0.1888	0.9291	0.1638	0.9261	0.5724	0.3267	0.6733	0.2428	0.3177	0.2677	0.7253	0.3586	0.3187	0.2438	0.2098	0.5964	0.3716	0.3317	0.1359	0.5684	0.7572	0.5345	1.0000	0.3417	0.6763	0.8002	0.9471	0.0120	0.2567	0.4016	0.1688	0.9810	0.8501	0.7682	0.3027	0.2248	0.6583	0.9620	0.7393	0.2807	0.9650	0.1718	0.7013	0.0769	0.2188	0.5145	0.0160	0.2268	0.0220	0.6474	0.2677	0.7692	0.6164	0.1798	0.2917	0.9291	0.2118	0.8182	0.7652	0.4835	0.1279	0.0929	0.9940	0.0420	0.1219	0.5365	0.5055	0.0729	0.3197	0.0829	0.5824	0.9860	0.4895	0.7542	0.4655	0.9131	0.2717	0.6354	0.1029	0.9760	0.7692	0.3646	0.1978	0.1409	0.5495	0.9001	0.2228	0.9141	0.1369	0.0100	0.1878	0.3017	0.6673	0.9700	0.3926	0.1858	0.9930	0.9830	0.1758	0.8462	0.7502	0.0050	0.2757	0.2997	0.9900
g__Haemophilus_D	0.9920	0.7323	0.1748	0.2997	0.1439	0.0030	0.8981	0.0380	0.8641	0.1938	0.4575	0.8771	0.4775	0.5105	0.5854	0.7003	0.3407	0.7892	0.1768	0.7213	0.0709	0.1469	0.3297	0.0859	0.1409	0.4855	0.2458	0.0240	0.1019	0.6464	0.2318	0.2158	0.5934	0.4076	0.6613	0.8092	0.4466	0.4486	0.7692	0.0609	0.8482	0.0490	0.4715	0.0430	0.4975	0.8132	0.6593	0.7682	0.4096	0.0030	0.1169	0.3696	0.9910	0.5844	0.3926	0.2937	0.2577	0.2238	0.3886	0.8921	0.0220	0.0909	0.6274	0.0919	0.3417	1.0000	0.9790	0.9890	0.1998	0.5654	0.1538	0.1139	0.4815	0.2727	0.3556	0.3277	0.8062	0.2038	0.7552	0.8452	0.2168	0.5524	0.4985	0.1089	0.4466	0.3526	0.0270	0.5814	0.0220	0.2348	0.0370	0.5155	0.8881	0.6913	0.1299	0.3027	0.4835	0.7782	0.2238	0.5534	0.7902	0.1319	0.5045	0.1389	0.8452	0.0010	0.0839	0.8462	0.2797	0.1648	0.7013	0.0270	0.5415	0.8202	0.6234	0.9471	0.5035	0.9101	0.3636	0.6464	0.8781	0.7463	0.4406	0.1139	0.7293	0.1299	0.0010	0.1069	0.6134	0.0160	0.9291	0.2827	0.0010	0.6793	0.3257	0.0010	0.3986	0.1339	0.7213	0.0909	0.7982	0.2048	0.0989	0.0010	0.0340	0.6783	0.9351
g__Holdemanella	0.8981	0.0250	0.6863	0.6643	0.4366	0.4156	0.5954	0.0120	0.0679	0.0539	0.4875	0.3167	0.2717	0.2967	0.0420	0.2877	0.5205	0.0260	0.0060	0.7323	0.1419	0.3417	0.5524	0.5245	0.8492	0.4585	0.2028	0.7512	0.0010	0.3067	0.0020	0.0200	0.6094	0.0250	0.2777	0.1239	0.0150	0.0090	0.2837	0.0769	0.4456	0.8671	0.1678	0.7463	0.9151	0.8771	0.5994	0.3916	0.6963	0.2757	0.0260	0.2567	0.9011	0.2068	0.7662	0.2228	0.0929	0.5804	0.7243	0.9650	0.1578	0.4476	0.2737	0.6713	0.6763	0.9790	1.0000	0.4535	0.0110	0.1219	0.1409	0.0589	0.9401	0.7912	0.5035	0.1618	0.0659	0.2198	0.4635	0.4595	0.6613	0.8302	0.0609	0.7942	0.6194	0.8142	0.5994	0.2977	0.4885	0.9900	0.1738	0.7303	0.5914	0.1938	0.6074	0.3946	0.3546	0.5025	0.9131	0.1888	0.3556	0.4925	0.2787	0.1668	0.0020	0.5125	0.5315	0.1459	0.6783	0.0669	0.3656	0.8541	0.1978	0.7812	0.7043	0.4166	0.3876	0.6773	0.7293	0.0010	0.4406	0.7512	0.8262	0.8252	0.3866	0.1469	0.6653	0.3766	0.0220	0.0809	0.0250	0.5485	0.7712	0.8002	0.5834	0.6094	0.5455	0.2398	0.5455	0.6484	0.7423	0.7003	0.3576	0.8551	0.1349	0.6833	0.1119
g__Holdemania	0.7802	0.9121	0.8092	0.8132	0.8811	0.9990	0.7662	0.9720	0.0230	0.0350	0.5265	0.6663	0.6384	0.9001	0.2338	0.1838	0.5265	0.4366	0.1798	0.5794	0.7902	0.3846	0.3047	0.6963	0.9051	0.1738	0.4525	0.2468	0.8971	0.8691	0.0799	0.0270	0.3906	0.6264	0.0579	0.8242	0.1628	0.4436	0.2278	0.5684	0.9281	0.0250	0.5415	0.7423	0.6334	0.8771	0.6004	0.4086	0.9041	0.6014	0.5305	0.2448	0.4406	0.7433	0.1499	0.8182	0.0270	0.8322	0.7992	0.6513	0.9081	0.4476	0.1029	0.2288	0.8002	0.9890	0.4535	1.0000	0.1788	0.0909	0.4645	0.1489	0.4755	0.2987	0.2917	0.0969	0.6014	0.5734	0.9121	0.5964	0.9930	0.1219	0.9870	0.6623	0.6673	0.0899	0.1229	0.9231	0.5734	0.2547	0.9660	0.3077	0.7273	0.1658	0.5804	0.7972	0.8531	0.7303	0.6174	0.7772	0.3417	0.2687	0.4965	0.6494	0.0909	0.1688	0.9650	0.6024	0.4955	0.4895	0.4585	0.8192	0.7243	0.0789	0.6394	0.6144	0.8452	0.3177	0.1269	0.1499	0.9720	0.4975	0.2867	0.8891	0.5465	0.2208	0.4066	0.0779	0.3686	0.0569	0.3067	0.1688	0.3546	0.8861	0.2278	0.9491	0.4985	0.1129	0.0500	0.3816	0.3566	0.3556	0.7073	0.1558	0.2248	0.8172	0.1998
g__Hominenteromicrobium	0.0020	0.0010	0.4306	0.4555	0.8681	0.2408	0.4925	0.6723	0.0040	0.0290	0.5584	0.3536	0.7113	0.8811	0.8312	0.9371	0.6513	0.5445	0.4785	0.0509	0.9770	0.6773	0.2498	0.0869	0.6633	0.9181	0.6943	0.5714	0.0629	0.3057	0.4256	0.0250	0.3626	0.0849	0.2168	0.3666	0.0060	0.0619	0.0300	0.0490	0.1638	0.8202	0.9171	0.0839	0.0649	0.0869	0.1059	0.4935	0.9660	0.9111	0.1129	0.3696	0.8102	0.1419	0.3566	0.2088	0.0719	0.2867	0.6454	0.3037	0.0030	0.6134	0.2857	0.0709	0.9471	0.1998	0.0110	0.1788	1.0000	0.2298	0.0110	0.0899	0.2997	0.7293	0.3926	0.0030	0.4875	0.0070	0.2917	0.1968	0.6723	0.2278	0.3187	0.1648	0.0989	0.3257	0.0270	0.0430	0.3127	0.9740	0.0030	0.1548	0.3117	0.1728	0.2258	0.0749	0.1758	0.4096	0.0889	0.0539	0.2617	0.0050	0.0180	0.8252	0.0010	0.7363	0.1449	0.7283	0.1878	0.0140	0.3477	0.3856	0.4525	0.0460	0.7502	0.5185	0.1329	0.8432	0.5055	0.2298	0.6344	0.5285	0.0569	0.9441	0.4276	0.1139	0.3497	0.5734	0.0330	0.4735	0.3117	0.4236	0.4476	0.7542	0.0070	0.2458	0.6364	0.3147	0.1508	0.8142	0.2787	0.3696	0.3986	0.0579	0.3816	0.5295	0.6354
g__Hominibacterium	0.1299	0.0130	0.4965	0.6124	0.2737	0.0020	0.0140	0.7103	0.1049	0.6344	0.9890	0.5305	0.1698	0.4476	0.0100	0.2677	0.1708	0.9890	0.2428	0.4186	0.4765	0.4426	0.7263	0.4975	0.6084	0.4046	0.9570	0.0440	0.0689	0.7832	0.3566	0.1229	0.4326	0.4036	0.3217	0.4006	0.6144	0.3057	0.1948	0.3077	0.7173	0.0260	0.0739	0.6274	0.4655	0.2038	0.0220	0.0609	0.1059	0.1319	0.4266	0.2877	0.3706	0.5365	0.3876	0.0889	0.0170	0.7243	0.1119	0.3526	0.6953	0.9670	0.6973	0.7792	0.0120	0.5654	0.1219	0.0909	0.2298	1.0000	0.9381	0.3347	0.2587	0.1229	0.3636	0.3796	0.4635	0.3467	0.6573	0.3437	0.5614	0.5594	0.8941	0.0290	0.1049	0.3097	0.5804	0.2148	0.4076	0.0090	0.2168	0.9451	0.0300	0.9900	0.0699	0.4476	0.7433	0.9840	0.1089	0.3806	0.6713	0.5025	0.6044	0.8801	0.0919	0.0739	0.0529	0.5774	0.8342	0.6593	0.4116	0.2687	0.5225	0.3546	0.9970	0.6613	0.2847	0.9371	0.9081	0.0619	0.6124	0.9980	0.5185	0.7802	0.8971	0.7313	0.1948	0.2388	0.9740	0.6234	0.0609	0.0170	0.9830	0.6763	0.2078	0.6573	0.8022	0.3536	0.5634	0.4046	0.7882	0.7303	0.2977	0.0110	0.0180	0.7852	0.1109
g__Hominicoprocola	0.0020	0.0759	0.3876	0.1449	0.4466	0.0270	0.9221	0.5964	0.0060	0.0070	0.3636	0.0060	0.7522	0.6074	0.6204	0.0749	0.3656	0.1439	0.4256	0.0080	0.0669	0.0210	0.1439	0.0010	0.3037	0.6284	0.0010	0.1538	0.0619	0.6294	0.1738	0.0010	0.9491	0.0160	0.0010	0.2647	0.0010	0.1209	0.0170	0.0170	0.1598	0.0060	0.0010	0.1598	0.0030	0.0070	0.0010	0.5794	0.8881	0.0040	0.0010	0.3796	0.7732	0.0010	0.4905	0.0090	0.0010	0.9221	0.0400	0.3167	0.0120	0.0210	0.2448	0.0020	0.2567	0.1538	0.1409	0.4645	0.0110	0.9381	1.0000	0.0040	0.7223	0.9411	0.0010	0.0010	0.2318	0.0090	0.2577	0.0799	0.0699	0.0020	0.0320	0.1049	0.7812	0.0480	0.0340	0.0210	0.5065	0.8521	0.0020	0.6663	0.2078	0.0100	0.5145	0.0020	0.0999	0.1179	0.2338	0.0030	0.2088	0.0010	0.1598	0.1788	0.0010	0.0090	0.7283	0.9171	0.0010	0.0010	0.6813	0.0989	0.0210	0.5964	0.8681	0.6743	0.0020	0.1229	0.2258	0.0040	0.4995	0.4156	0.0010	0.2078	0.1688	0.0030	0.0110	0.1199	0.0010	0.3666	0.9441	0.1379	0.3157	0.4985	0.0020	0.0180	0.1309	0.8871	0.0020	0.4486	0.0140	0.0450	0.4565	0.4036	0.6394	0.6853	0.0060
g__Hominifimenecus	0.0010	0.0799	0.1508	0.9411	0.4805	0.3836	0.6484	0.4825	0.0120	0.1788	0.5634	0.0370	0.3117	0.9381	0.6883	0.4146	0.1708	0.1608	0.7293	0.0509	0.3177	0.3367	0.6653	0.0559	0.2198	0.4895	0.0819	0.0120	0.1419	0.2997	0.3307	0.0050	0.4306	0.0210	0.0390	0.5614	0.0080	0.0240	0.0210	0.1798	0.2288	0.7103	0.0519	0.0689	0.5195	0.5225	0.1578	0.1578	0.5744	0.5664	0.0779	0.1169	0.5385	0.0480	0.6573	0.1598	0.0060	0.7642	0.1129	0.2298	0.0030	0.0599	0.4106	0.2368	0.4016	0.1139	0.0589	0.1489	0.0899	0.3347	0.0040	1.0000	0.9540	0.6713	0.0040	0.0090	0.0060	0.0270	0.4575	0.0330	0.7233	0.1229	0.2527	0.2488	0.4595	0.0939	0.0120	0.0040	0.5485	0.9291	0.0659	0.1179	0.1439	0.3786	0.2917	0.0549	0.8272	0.3996	0.7373	0.0519	0.1459	0.0050	0.1279	0.6783	0.0010	0.0549	0.3966	0.8531	0.0470	0.0170	0.6963	0.7023	0.5854	0.0090	0.6993	0.7722	0.1808	0.1109	0.3606	0.1129	0.8851	0.6204	0.0120	0.8282	0.4036	0.0010	0.1908	0.2228	0.0010	0.6324	0.7453	0.4126	0.0420	0.3666	0.0280	0.1658	0.1938	0.8701	0.0519	0.5724	0.8352	0.4176	0.6773	0.2567	0.9660	0.3067	0.0140
g__Hominilimicola	0.3297	0.6134	0.0589	0.4615	0.8641	0.0170	0.2777	0.3307	0.5894	0.7233	0.7113	0.0799	0.5544	0.8601	0.0040	0.2398	0.6953	0.0310	0.2827	0.0859	0.3586	0.7662	0.0170	0.4905	0.7942	0.4635	0.2238	0.6354	0.7682	0.0899	0.0529	0.7722	0.4266	0.3566	0.2018	0.2068	0.5614	0.8701	0.9930	0.7353	0.8691	0.0460	0.8302	0.7812	0.3017	0.0529	0.0899	0.0090	0.3427	0.1069	0.5035	0.2727	0.8901	0.4296	0.2278	0.0899	0.9580	0.9011	0.0190	0.1189	0.0070	0.2837	0.9570	0.4705	0.1688	0.4815	0.9401	0.4755	0.2997	0.2587	0.7223	0.9540	1.0000	0.5744	0.0909	0.1059	0.2667	0.8711	0.1518	0.1069	0.7023	0.7053	0.8032	0.1109	0.3097	0.7423	0.1728	0.0020	0.0130	0.0839	0.7123	0.1109	0.4505	0.0380	0.2228	0.0899	1.0000	0.2328	0.5125	0.0330	0.2827	0.8771	0.2048	0.1449	0.4745	0.0250	0.5524	0.2797	0.9650	0.6344	0.5135	0.0869	0.1429	0.0549	0.6643	0.9301	0.0420	0.0220	0.0420	0.4905	0.0280	0.2587	0.2248	0.2857	0.0629	0.5934	0.7203	0.8362	0.3237	0.9550	0.9600	0.1499	0.0310	0.8162	0.8981	0.8681	0.6593	0.0470	0.7872	0.1628	0.5335	0.6434	0.6733	0.1489	0.0030	0.2048	0.3147
g__Hominimerdicola	0.1229	0.9371	0.6553	0.4406	0.2727	0.3247	0.4456	0.5954	0.7013	0.2128	0.8332	0.4416	0.9441	0.5035	0.7892	0.5285	0.4685	0.0060	0.4785	0.3936	0.4106	0.6264	0.6973	0.8022	0.5335	0.3347	0.3297	0.6304	0.0200	0.2757	0.8172	0.7263	0.8791	0.0509	0.3357	0.7423	0.3516	0.8222	0.9191	0.1439	0.2757	0.9441	0.1578	0.6993	0.5624	0.8831	0.9590	0.3017	0.2178	0.6454	0.4635	0.1708	0.8282	0.9580	0.4196	0.8342	0.9301	0.7612	0.6374	0.7872	0.9920	0.6643	0.9710	0.6424	0.9810	0.2727	0.7912	0.2987	0.7293	0.1229	0.9411	0.6713	0.5744	1.0000	0.2118	0.6883	0.6653	0.7293	0.9960	0.6484	0.2358	0.2517	0.7473	0.7802	0.1918	0.3586	0.6154	0.9690	0.1818	0.0509	0.9121	0.3267	0.2458	0.2358	0.8032	0.7463	1.0000	0.6164	0.2408	0.8002	0.7373	0.7253	0.8332	0.2767	0.8352	0.7762	0.9371	0.2527	0.2488	0.5554	0.4276	0.1499	0.2298	0.2258	0.7483	0.2857	0.5544	0.9261	0.6494	0.5934	0.3107	0.4985	0.2807	0.1758	0.2218	0.7562	0.0170	0.6174	0.6623	0.1528	0.6643	0.5674	0.5075	0.1568	0.6134	0.6713	0.1359	0.5934	0.8971	0.5604	0.5664	0.9341	0.4056	0.2328	0.0599	0.4795	0.1399
g__Hominiventricola	0.0010	0.0699	0.1778	0.0460	0.2098	0.0190	0.6494	0.5055	0.1698	0.0340	0.1938	0.0210	0.0789	0.1908	0.1698	0.2468	0.0769	0.9690	0.7632	0.0150	0.0410	0.1518	0.1998	0.0010	0.0050	0.6254	0.2547	0.2637	0.6144	0.0320	0.5504	0.0070	0.9151	0.0939	0.0250	0.0060	0.0060	0.2288	0.4336	0.1169	0.0749	0.0240	0.0030	0.5744	0.1249	0.0030	0.0060	0.0030	0.3097	0.0080	0.0160	0.1808	0.9261	0.0010	0.7812	0.0020	0.0080	0.7612	0.0010	0.0400	0.0010	0.0739	0.6214	0.0200	0.8501	0.3556	0.5035	0.2917	0.3926	0.3636	0.0010	0.0040	0.0909	0.2118	1.0000	0.0030	0.1259	0.6224	0.0989	0.0040	0.0100	0.0160	0.0539	0.0190	0.2577	0.0669	0.0010	0.0010	0.0519	0.0609	0.0559	0.6613	0.0659	0.0589	0.6643	0.0010	0.0080	0.2368	0.4366	0.0010	0.8352	0.0040	0.0589	0.2038	0.0020	0.0270	0.2757	0.7303	0.0210	0.0020	0.4366	0.4126	0.0350	0.0889	0.3716	0.1858	0.0010	0.0020	0.2657	0.0859	0.4815	0.8482	0.0030	0.3427	0.0809	0.0110	0.0699	0.3037	0.0010	0.4126	0.3447	0.4755	0.0010	0.8052	0.0569	0.0200	0.9421	0.0180	0.0050	0.0599	0.3616	0.0050	0.5814	0.8212	0.0350	0.5574	0.0010
g__Hungatella	0.0010	0.0150	0.5025	0.1089	0.3816	0.0579	0.8432	0.2897	0.0040	0.3447	0.0909	0.0020	0.1219	0.0509	0.5365	0.0519	0.0050	0.8462	0.8841	0.1009	0.8931	0.2737	0.3816	0.5904	0.9221	0.8601	0.3027	0.0839	0.2478	0.8761	0.9451	0.0010	0.1908	0.5774	0.0110	0.1179	0.0010	0.2488	0.0010	0.0120	0.0729	0.5245	0.0050	0.0529	0.1459	0.0110	0.0080	0.2637	0.3856	0.0100	0.0230	0.0260	0.7802	0.0649	0.2667	0.0410	0.0020	0.5095	0.1718	0.4885	0.0030	0.3746	0.0420	0.0010	0.7682	0.3277	0.1618	0.0969	0.0030	0.3796	0.0010	0.0090	0.1059	0.6883	0.0030	1.0000	0.9391	0.0250	0.1329	0.0240	0.0669	0.0190	0.1309	0.2597	0.0250	0.0020	0.0739	0.0050	0.1089	0.8651	0.1009	0.0959	0.1538	0.0300	0.1389	0.0060	0.2897	0.2348	0.2468	0.0030	0.1718	0.0040	0.0430	0.5365	0.0010	0.3187	0.0549	0.2448	0.0210	0.0030	0.7562	0.0599	0.4246	0.0210	0.6274	0.2897	0.0040	0.0460	0.4366	0.0589	0.7952	0.3127	0.0020	0.8841	0.0869	0.0420	0.2038	0.4895	0.0010	0.6673	0.6214	0.0719	0.1209	0.8911	0.0080	0.1588	0.8342	0.7932	0.1069	0.3427	0.5504	0.3906	0.5604	0.7453	0.0999	0.0779	0.0030
g__Intestinibacter	0.2468	0.9970	0.8661	0.3966	0.6603	0.7113	0.7283	0.5584	0.9620	0.3437	0.5035	0.1149	0.5544	0.4525	0.0539	0.1049	0.9441	0.2727	0.0030	0.0300	0.0869	0.6264	0.8801	0.1019	0.2208	0.5205	0.9491	0.5644	0.1459	0.7283	0.6174	0.1728	0.0010	0.0190	0.5305	0.6593	0.1419	0.0639	0.3586	0.0480	0.0110	0.8442	0.5994	0.7582	0.2008	0.5095	0.6064	0.0699	0.3407	0.2318	0.0250	0.7343	0.7692	0.2817	0.9131	0.4306	0.0629	0.3856	0.8382	0.6374	0.0440	0.1379	0.8641	0.4186	0.3027	0.8062	0.0659	0.6014	0.4875	0.4635	0.2318	0.0060	0.2667	0.6653	0.1259	0.9391	1.0000	0.8581	0.8851	0.1069	0.5904	0.5065	0.9391	0.1928	0.8961	0.6743	0.4416	0.4565	0.1568	0.7692	0.8761	0.5115	0.8152	0.3646	0.2108	0.4545	0.2098	0.2907	0.8581	0.4106	0.9970	0.0619	0.8232	0.4186	0.0070	0.5375	0.3297	0.9600	0.0989	0.0659	0.8092	0.7542	0.9920	0.6064	0.9191	0.6983	0.8591	0.2697	0.9560	0.0549	0.4845	0.9920	0.7772	0.6653	0.8362	0.2717	0.5634	0.4006	0.0330	0.4565	0.9710	0.2517	0.5305	0.1279	0.0060	0.2258	0.6523	0.0020	0.0420	0.0010	0.4266	0.5884	0.8412	0.4755	0.8372	0.2827	0.5095
g__JAGTTR01	0.0070	0.1369	0.9121	0.6553	0.4126	0.0649	0.8871	0.3616	0.0380	0.1279	0.9850	0.0909	0.9650	0.5544	0.6583	0.1918	0.8801	0.2298	0.8531	0.2168	0.4825	0.7912	0.0240	0.2358	0.4036	0.7313	0.0380	0.4286	0.1758	0.5315	0.8122	0.0020	0.3437	0.0460	0.3956	0.8681	0.0350	0.0569	0.0270	0.0989	0.1039	0.4505	0.9610	0.2787	0.2997	0.4166	0.2857	0.8831	0.2937	0.0519	0.8771	0.0100	0.5914	0.1399	0.1788	0.3506	0.2148	0.0889	0.1738	0.2218	0.0380	0.4246	0.9101	0.4186	0.2248	0.2038	0.2198	0.5734	0.0070	0.3467	0.0090	0.0270	0.8711	0.7293	0.6224	0.0250	0.8581	1.0000	0.1738	0.0150	0.7393	0.4535	0.2368	0.3886	0.1019	0.6254	0.0340	0.0400	0.1309	0.9191	0.0020	0.9441	0.1289	0.6254	0.0689	0.1379	0.5604	0.8292	0.7163	0.0739	0.6354	0.0230	0.3037	0.7762	0.0040	0.0220	0.6523	0.9211	0.3367	0.0040	0.1798	0.2078	0.0290	0.1219	0.0430	0.8831	0.4336	0.8521	0.3946	0.3926	0.8591	0.9001	0.1059	0.5365	0.7752	0.1069	0.0869	0.3816	0.0559	0.1419	0.2627	0.7223	0.0460	0.0200	0.0040	0.1818	0.3726	0.3956	0.2268	0.3477	0.0869	0.7463	0.6843	0.0529	0.7073	0.8861	0.7942
g__Klebsiella	0.0100	0.4925	0.1099	0.0260	0.3596	0.1918	0.7772	0.9401	0.2208	0.2537	0.0050	0.1888	0.3836	0.0080	0.1878	0.7023	0.2647	0.6094	0.4126	0.2687	0.9451	0.0699	0.5055	0.9301	0.1718	0.6843	0.8412	0.5644	0.3956	0.5864	0.2188	0.9461	0.7043	0.8022	0.2967	0.3327	0.0360	0.9421	0.7872	0.2228	0.6993	0.2368	0.7073	0.0010	0.2807	0.0100	0.0480	0.0020	0.7143	0.0310	0.0599	0.0250	0.0270	0.8711	0.7522	0.0350	0.2038	0.4446	0.0210	0.0959	0.0120	0.5744	0.1928	0.2527	0.6583	0.7552	0.4635	0.9121	0.2917	0.6573	0.2577	0.4575	0.1518	0.9960	0.0989	0.1329	0.8851	0.1738	1.0000	0.6374	0.0040	0.0979	0.4625	0.5624	0.0939	0.8262	0.0709	0.0919	0.4476	0.8601	0.0120	0.2348	0.2537	0.0320	0.5544	0.0649	0.0180	0.8571	0.1389	0.3916	0.0819	0.7532	0.4955	0.9980	0.1129	0.0310	0.2697	0.6643	0.1109	0.0460	0.7732	0.8442	0.0899	0.8711	0.8641	0.5105	0.0509	0.4925	0.8232	0.5754	0.1189	0.9051	0.0050	0.4206	0.4585	0.0789	0.7522	0.7772	0.2697	0.4316	0.6354	0.7762	0.0030	0.4136	0.3247	0.7802	0.4466	0.4496	0.6174	0.7732	0.6583	0.9401	0.5764	0.4915	0.5784	0.7682	0.6513
g__Lachnoclostridium_B	0.0280	0.2747	0.4226	0.0569	0.7582	0.1718	0.6623	0.4785	0.3626	0.1988	0.2028	0.2817	0.0589	0.5544	0.9660	0.6394	0.1259	0.3457	0.0519	0.0350	0.3656	0.7153	0.1269	0.1009	0.1389	0.1728	0.3067	0.1179	0.1229	0.5584	0.7313	0.0859	0.8322	0.1968	0.1808	0.0450	0.0410	0.0020	0.0579	0.7263	0.2138	0.6803	0.2707	0.7922	0.3736	0.1369	0.1399	0.2008	0.3756	0.2607	0.4336	0.5105	0.1149	0.0030	0.8012	0.5534	0.0090	0.8891	0.0809	0.0290	0.0020	0.1678	0.4336	0.0909	0.9620	0.8452	0.4595	0.5964	0.1968	0.3437	0.0799	0.0330	0.1069	0.6484	0.0040	0.0240	0.1069	0.0150	0.6374	1.0000	0.1309	0.1139	0.1379	0.7423	0.0909	0.0919	0.0310	0.0320	0.2218	0.8072	0.8312	0.5355	0.1319	0.0440	0.7213	0.0789	0.3357	0.5105	0.5514	0.1039	0.3576	0.5155	0.0839	0.5884	0.0400	0.0849	0.7233	0.6084	0.0440	0.0010	0.5005	0.9351	0.1608	0.0200	0.4545	0.6733	0.0150	0.1139	0.5594	0.0390	0.2747	0.7023	0.0040	0.9840	0.5005	0.7642	0.6713	0.9940	0.0020	0.5035	0.4096	0.5674	0.0270	0.3616	0.6074	0.7772	0.4436	0.8182	0.0140	0.1938	0.6214	0.0090	0.5724	0.5974	0.8102	0.1788	0.3327
g__Lachnospira	0.0010	0.3317	0.2478	0.0010	0.8921	0.7942	0.3297	0.0330	0.1419	0.2557	0.0040	0.0769	0.3706	0.0010	0.8931	0.6104	0.0010	0.3906	0.5554	0.0340	0.4196	0.0789	0.2158	0.4206	0.0010	0.2697	0.9960	0.7562	0.9311	0.6653	0.8891	0.2428	0.1339	0.1508	0.0949	0.0100	0.0200	0.2807	0.0180	0.4126	0.3816	0.8611	0.0060	0.0090	0.1049	0.0030	0.0050	0.2028	0.7902	0.0919	0.0450	0.2388	0.7622	0.0290	0.2917	0.0010	0.0030	0.0589	0.0030	0.6174	0.1169	0.3896	0.0470	0.0509	0.7393	0.2168	0.6613	0.9930	0.6723	0.5614	0.0699	0.7233	0.7023	0.2358	0.0100	0.0669	0.5904	0.7393	0.0040	0.1309	1.0000	0.0040	0.1778	0.3257	0.9441	0.1888	0.2737	0.0250	0.4236	0.9291	0.3217	0.1369	0.2068	0.3267	0.4386	0.0030	0.0020	0.4645	0.4376	0.0509	0.3387	0.0609	0.0340	0.4805	0.0370	0.2987	0.5155	0.0240	0.0390	0.2857	0.6154	0.5345	0.2238	0.8521	0.1508	0.1489	0.0020	0.0130	0.7223	0.2348	0.0480	0.4176	0.0010	0.0090	0.0020	0.5984	0.6923	0.7433	0.0420	0.8482	0.6014	0.1319	0.1548	0.3646	0.0709	0.8731	0.4486	0.3117	0.0130	0.6434	0.9950	0.3926	0.4376	0.0130	0.4595	0.5175	0.1998
g__Lacticaseibacillus	0.0440	0.6563	0.0290	0.0060	0.5614	0.0899	0.5794	0.7752	0.0300	0.0140	0.0030	0.0430	0.9441	0.0030	0.5724	0.3826	0.4306	0.6513	0.5125	0.0060	0.0440	0.4156	0.3696	0.0050	0.0410	0.6543	0.5465	0.4406	0.7922	0.7413	0.1738	0.0569	0.2468	0.0220	0.0030	0.2887	0.0020	0.0110	0.0030	0.0320	0.6683	0.8312	0.0150	0.3896	0.0719	0.0010	0.0010	0.0509	0.5804	0.0549	0.0070	0.3626	0.0719	0.3077	0.1628	0.0010	0.0020	0.9890	0.0639	0.8641	0.1289	0.9151	0.0539	0.0769	0.2807	0.5524	0.8302	0.1219	0.2278	0.5594	0.0020	0.1229	0.7053	0.2517	0.0160	0.0190	0.5065	0.4535	0.0979	0.1139	0.0040	1.0000	0.0330	0.1958	0.4875	0.3227	0.7512	0.0240	0.6034	0.7243	0.0020	0.2138	0.1738	0.0060	0.2567	0.0170	0.1558	0.4476	0.8971	0.0430	0.3167	0.0080	0.4605	0.9970	0.0220	0.0909	0.5275	0.4306	0.0010	0.0040	0.5405	0.0290	0.0220	0.3616	0.7333	0.0250	0.0010	0.8751	0.2128	0.0400	0.0370	0.5984	0.0120	0.7013	0.0579	0.1508	0.1239	0.8312	0.0140	0.8232	0.4126	0.6993	0.8621	0.3207	0.0160	0.2448	0.9221	0.5055	0.0010	0.6813	0.2278	0.0180	0.5804	0.2388	0.9990	0.3017	0.1149
g__Lactiplantibacillus	0.2717	0.0519	0.2378	0.3217	0.0040	0.9860	0.1139	0.9011	0.0150	0.0020	0.1369	0.1389	0.3966	0.5365	0.5465	0.7023	0.6623	0.5594	0.3546	0.3097	0.0460	0.5734	0.5574	0.0140	0.2188	0.9610	0.9850	0.3956	0.6883	0.2448	0.0829	0.0440	0.1069	0.0330	0.3696	0.7163	0.0010	0.0460	0.4076	0.3147	0.8771	0.6713	0.0070	0.9491	0.7273	0.1139	0.0010	0.0360	0.3746	0.7742	0.4665	0.9141	0.8641	0.0070	0.9910	0.1299	0.0250	0.4266	0.2248	0.2208	0.9960	0.0639	0.7782	0.8531	0.9650	0.4985	0.0609	0.9870	0.3187	0.8941	0.0320	0.2527	0.8032	0.7473	0.0539	0.1309	0.9391	0.2368	0.4625	0.1379	0.1778	0.0330	1.0000	0.0809	0.9510	0.8092	0.4675	0.0080	0.6024	0.8282	0.2108	0.4825	0.0529	0.1469	0.1548	0.1668	0.0190	0.9690	0.9790	0.1678	0.8312	0.1159	0.3057	0.0909	0.1349	0.1798	0.3816	0.1069	0.2278	0.0050	0.3357	0.3437	0.3047	0.0679	0.0490	0.7243	0.0010	0.4635	0.7992	0.9211	0.6454	0.2238	0.0020	0.9271	0.0030	0.1499	0.1618	0.7962	0.0150	0.3566	0.9001	0.4895	0.5684	0.2138	0.7782	0.4306	0.5744	0.9570	0.1019	0.2957	0.6094	0.1179	0.1029	0.5694	0.8901	0.2907	0.0130
g__Lactobacillus	0.0629	0.9940	0.1668	0.5904	0.7003	0.0080	0.2428	0.1269	0.5724	0.1199	0.4775	0.2098	0.9361	0.2777	0.8392	0.9580	0.5255	0.2727	0.0450	0.5984	0.1928	0.4655	0.5175	0.0300	0.5255	0.2937	0.6364	0.3467	0.8162	0.2348	0.9910	0.1269	0.7952	0.6124	0.2418	0.1948	0.2448	0.0410	0.4406	0.4745	0.9171	0.1129	0.0220	0.8422	0.2787	0.0410	0.0150	0.0430	0.0829	0.0689	0.0080	0.1259	0.1209	0.0140	0.6833	0.0629	0.6364	0.0729	0.0450	0.0360	0.0939	0.5514	0.5425	0.6374	0.1718	0.1089	0.7942	0.6623	0.1648	0.0290	0.1049	0.2488	0.1109	0.7802	0.0190	0.2597	0.1928	0.3886	0.5624	0.7423	0.3257	0.1958	0.0809	1.0000	0.9510	0.6803	0.2348	0.0320	0.8771	0.0829	0.0200	0.7592	0.0050	0.4565	0.0010	0.0639	0.1998	0.0060	0.3546	0.0829	0.9301	0.5055	0.4935	0.5554	0.3706	0.0160	0.4406	0.6743	0.4825	0.2148	0.0979	0.0789	0.6234	0.6513	0.6533	0.3726	0.0440	0.3986	0.7143	0.5544	0.0729	0.3806	0.0759	0.7473	0.0040	0.2977	0.3317	0.4046	0.0589	0.9171	0.9491	0.2468	0.1099	0.9251	0.3047	0.3946	0.0190	0.9780	0.1728	0.0689	0.7373	0.1099	0.2388	0.1598	0.9481	0.6823	0.0450
g__Lactococcus	0.0090	0.0240	0.7243	0.5265	0.9870	0.1319	0.8621	0.4286	0.0599	0.8581	0.5415	0.5794	0.1698	0.8312	0.2647	0.0549	0.7373	0.9520	0.3886	0.3826	0.4705	0.6394	0.3047	0.8012	0.1828	0.5015	0.6943	0.5325	0.2707	0.7692	0.1758	0.3966	0.4076	0.6464	0.0799	0.4705	0.4056	0.0400	0.0100	0.1279	0.5714	0.5405	0.4675	0.0140	0.1139	0.2807	0.3556	0.9730	0.6464	0.2587	0.6114	0.0290	0.2517	0.4196	0.4985	0.3487	0.2627	0.8062	0.4176	0.1898	0.0669	0.8082	0.3357	0.2338	0.7013	0.4466	0.6194	0.6673	0.0989	0.1049	0.7812	0.4595	0.3097	0.1918	0.2577	0.0250	0.8961	0.1019	0.0939	0.0909	0.9441	0.4875	0.9510	0.9510	1.0000	0.3227	0.2098	0.1129	0.0150	0.7233	0.1888	0.0040	0.8561	0.2957	0.4525	0.4436	0.3576	0.0410	0.3117	0.9690	0.7083	0.0649	0.2887	0.6733	0.0509	0.2987	0.0230	0.7473	0.0450	0.1089	0.0230	0.2188	0.6094	0.2707	0.9001	0.2777	0.5874	0.4705	0.9481	0.6523	0.5734	0.3656	0.0599	0.1129	0.5455	0.9411	0.8402	0.3207	0.8551	0.2408	0.7363	0.9391	0.0549	0.2148	0.0390	0.9191	0.4605	0.8601	0.6224	0.9151	0.0569	0.7313	0.2627	0.9401	0.8432	0.2947	0.3397
g__Lactonifactor	0.0919	0.0859	0.5824	0.1369	0.9451	0.9291	0.5704	0.3626	0.0579	0.5564	0.4995	0.0829	0.0060	0.2078	0.2438	0.0659	0.0010	0.8621	0.5215	0.0180	0.1578	0.6214	0.3546	0.1508	0.5754	0.1419	0.0400	0.1828	0.4296	0.4186	0.4046	0.0110	0.1688	0.8462	0.0480	0.3417	0.5055	0.4126	0.0060	0.1538	0.1538	0.1289	0.0190	0.3536	0.5015	0.1419	0.1019	0.9690	0.3337	0.4705	0.5634	0.9161	0.9500	0.1349	0.0180	0.5175	0.0020	0.2078	0.7253	0.0839	0.2458	0.8551	0.6404	0.2418	0.0769	0.3526	0.8142	0.0899	0.3257	0.3097	0.0480	0.0939	0.7423	0.3586	0.0669	0.0020	0.6743	0.6254	0.8262	0.0919	0.1888	0.3227	0.8092	0.6803	0.3227	1.0000	0.4635	0.1528	0.3816	0.2238	0.8981	0.1818	0.7073	0.3077	0.5764	0.4356	0.5425	0.3906	0.6873	0.1089	0.4595	0.0290	0.5544	0.0280	0.0110	0.7802	0.0330	0.3477	0.1379	0.2627	0.4565	0.8811	0.3586	0.4725	0.0519	0.5015	0.1269	0.5864	0.3217	0.2128	0.8182	0.9411	0.0250	0.7153	0.0420	0.4326	0.8961	0.9061	0.0200	0.0869	0.8282	0.0230	0.8541	0.8232	0.0030	0.5554	0.0869	0.9540	0.0659	0.5894	0.6823	0.2468	0.5784	0.2138	0.6793	0.8052	0.1538
g__Laedolimicola	0.0020	0.5534	0.8262	0.7153	0.7972	0.6144	0.8302	0.6783	0.9411	0.7253	0.5984	0.4955	0.6613	0.5245	0.9610	0.7063	0.0500	0.7413	0.5714	0.3646	0.6783	0.6344	0.5275	0.2557	0.2557	0.3347	0.7323	0.3317	0.4675	0.7073	0.3746	0.1189	0.3916	0.4505	0.6474	0.3437	0.2178	0.4406	0.2587	0.5964	0.0060	0.2288	0.0929	0.0190	0.4765	0.2547	0.0589	0.2657	0.8951	0.0919	0.6054	0.8991	0.7183	0.1159	0.2198	0.4476	0.6523	0.7243	0.0869	0.1279	0.0020	0.7662	0.8741	0.1029	0.2188	0.0270	0.5994	0.1229	0.0270	0.5804	0.0340	0.0120	0.1728	0.6154	0.0010	0.0739	0.4416	0.0340	0.0709	0.0310	0.2737	0.7512	0.4675	0.2348	0.2098	0.4635	1.0000	0.0040	0.1968	0.3297	0.1169	0.3297	0.4935	0.7443	0.1748	0.0519	0.3606	0.2847	0.4076	0.0180	0.3556	0.0979	0.0609	0.8412	0.0310	0.0030	0.8482	0.9730	0.1888	0.0060	0.7243	0.8911	0.0130	0.4356	0.9231	0.4515	0.1578	0.4725	0.4476	0.9301	0.9241	0.0919	0.0380	0.9021	0.4006	0.0719	0.0879	0.0669	0.0090	0.2308	0.2707	0.9451	0.0040	0.4026	0.1349	0.0360	0.2677	0.0210	0.4605	0.0250	0.6613	0.8721	0.7193	0.0120	0.1449	0.8242	0.4256
g__Lancefieldella	0.0010	0.1928	0.0719	0.3397	0.4266	0.0070	0.5025	0.8721	0.1339	0.0220	0.0420	0.0460	0.2028	0.3277	0.0929	0.1359	0.4515	0.6673	0.5774	0.0010	0.4855	0.7143	0.5085	0.0040	0.0080	0.2358	0.2537	0.3756	0.3447	0.9780	0.8611	0.0030	0.2917	0.2408	0.3676	0.0509	0.0140	0.0310	0.1139	0.0899	0.3686	0.2887	0.0040	0.1538	0.3576	0.0150	0.0020	0.0010	0.5524	0.0619	0.0330	0.1718	0.7672	0.0010	0.5904	0.0699	0.0080	0.3077	0.0080	0.0260	0.0010	0.1459	0.1119	0.0659	0.5145	0.5814	0.2977	0.9231	0.0430	0.2148	0.0210	0.0040	0.0020	0.9690	0.0010	0.0050	0.4565	0.0400	0.0919	0.0320	0.0250	0.0240	0.0080	0.0320	0.1129	0.1528	0.0040	1.0000	0.0949	0.2657	0.0100	0.1898	0.0190	0.0040	0.0749	0.0250	0.2098	0.4615	0.7033	0.0150	0.4386	0.0040	0.2577	0.3147	0.0080	0.0030	0.7273	0.4545	0.1179	0.0090	0.0350	0.0719	0.3946	0.0599	0.4286	0.2517	0.0010	0.0629	0.9181	0.9271	0.0879	0.1558	0.0020	0.8661	0.0010	0.0569	0.2348	0.5415	0.0040	0.6034	0.6983	0.7263	0.0140	0.8182	0.0120	0.0490	0.8312	0.1768	0.0030	0.3157	0.4216	0.1349	0.6583	0.5425	0.0939	0.3906	0.0470
g__Latilactobacillus	0.3497	0.9121	0.3297	0.7752	0.7832	0.0050	0.1808	0.6843	0.6234	0.4356	0.7303	0.9191	0.7652	0.7702	0.1219	0.4386	0.7532	0.5245	0.3996	0.2507	0.1758	0.4835	0.0030	0.3956	0.5345	0.2847	0.4106	0.4785	0.9580	0.0799	0.1548	0.4745	0.1089	0.3656	0.9570	0.4196	0.2987	0.7473	0.0689	0.0500	0.2887	0.1828	0.4046	0.1618	0.4106	0.4935	0.3477	0.0150	0.7692	0.0190	0.6224	0.1638	0.7433	0.2767	0.5495	0.6094	0.7552	0.7792	0.0749	0.4016	0.0250	0.1838	0.6773	0.0470	0.0160	0.0220	0.4885	0.5734	0.3127	0.4076	0.5065	0.5485	0.0130	0.1818	0.0519	0.1089	0.1568	0.1309	0.4476	0.2218	0.4236	0.6034	0.6024	0.8771	0.0150	0.3816	0.1968	0.0949	1.0000	0.0659	0.0509	0.0010	0.6494	0.9191	0.2138	0.5035	0.2687	0.6943	0.9341	0.7063	0.8232	0.6264	0.3057	0.1928	0.1638	0.0180	0.6883	0.6583	0.9610	0.2547	0.3367	0.4995	0.4725	0.2468	0.9271	0.5764	0.7982	0.4126	0.8651	0.0539	0.5275	0.9221	0.1309	0.5395	0.5345	0.4925	0.0080	0.2967	0.6354	0.2997	0.6014	0.1449	0.0010	0.9201	0.4206	0.0070	0.0480	0.1199	0.5954	0.4755	0.3357	0.4036	0.7383	0.0090	0.0020	0.0180	0.9570
g__Lawsonibacter	0.0929	0.1998	0.7023	0.7433	0.8262	0.0010	0.4755	0.3287	0.1469	0.3107	0.3966	0.9950	0.6653	0.0669	0.0010	0.9550	0.0659	0.1249	0.0310	0.0559	0.3786	0.6164	0.2787	0.5574	0.2148	0.4935	0.8012	0.7393	0.1019	0.0899	0.8791	0.5654	0.0619	0.9191	0.0210	0.1618	0.7253	0.3337	0.3576	0.3267	0.6523	0.0010	0.7083	0.7782	0.0909	0.1449	0.9111	0.2488	0.6503	0.2807	0.8591	0.4505	0.7213	0.4675	0.6254	0.8252	0.0250	0.2747	0.0100	0.0919	0.0719	0.5075	0.6773	0.1329	0.2268	0.2348	0.9900	0.2547	0.9740	0.0090	0.8521	0.9291	0.0839	0.0509	0.0609	0.8651	0.7692	0.9191	0.8601	0.8072	0.9291	0.7243	0.8282	0.0829	0.7233	0.2238	0.3297	0.2657	0.0659	1.0000	0.0729	0.1099	0.0739	0.1988	0.2937	0.2717	0.7283	0.4256	0.0619	0.9920	0.7263	0.0500	0.9471	0.9051	0.3227	0.0030	0.3117	0.1618	0.0230	0.7762	0.0599	0.3217	0.7363	0.7433	0.6394	0.2777	0.7502	0.0180	0.0490	0.1459	0.0549	0.4366	0.6404	0.2188	0.6104	0.7642	0.0569	0.8172	0.9510	0.3327	0.1538	0.0020	0.0809	0.6563	0.1109	0.1069	0.6214	0.1289	0.5974	0.0020	0.1119	0.7193	0.8911	0.0120	0.0020	0.8432	0.8262
g__Lentihominibacter	0.0030	0.4216	0.2098	0.9770	0.0579	0.0010	0.0400	0.2388	0.0839	0.0490	0.2468	0.3067	0.8362	0.4316	0.1698	0.2647	0.7433	0.3277	0.1219	0.0010	0.6943	0.2707	0.0170	0.0240	0.9391	0.4665	0.0120	0.3057	0.3057	0.7532	0.4805	0.0160	0.9600	0.4535	0.0300	0.3287	0.0020	0.1289	0.1558	0.2078	0.8951	0.0070	0.0509	0.1059	0.0100	0.0460	0.0150	0.0080	0.9770	0.0240	0.0200	0.0180	0.8172	0.0250	0.4216	0.0070	0.2188	0.4416	0.0090	0.0709	0.0020	0.4296	0.3437	0.0170	0.0220	0.0370	0.1738	0.9660	0.0030	0.2168	0.0020	0.0659	0.7123	0.9121	0.0559	0.1009	0.8761	0.0020	0.0120	0.8312	0.3217	0.0020	0.2108	0.0200	0.1888	0.8981	0.1169	0.0100	0.0509	0.0729	1.0000	0.1708	0.0509	0.1229	0.1249	0.0030	0.1678	0.4056	0.9920	0.3726	0.0619	0.0290	0.8741	0.5744	0.0210	0.0100	0.1499	0.0899	0.0959	0.0010	0.4376	0.0010	0.0010	0.6693	0.2937	0.0190	0.0200	0.1708	0.1638	0.0360	0.0030	0.5554	0.0120	0.9451	0.3816	0.0010	0.0859	0.2897	0.0010	0.2617	0.6543	0.0360	0.0290	0.4595	0.0060	0.2667	0.6993	0.8002	0.0350	0.6553	0.0020	0.1598	0.8422	0.0050	0.5644	0.6993	0.2937
g__Leuconostoc	0.1578	0.1958	0.5524	0.2957	0.3686	0.2198	0.3756	0.5624	0.1528	0.6334	0.2957	0.3716	0.5065	0.9351	0.0490	0.4605	0.9051	0.2607	0.8192	0.5035	0.6034	0.8492	0.3806	0.9221	0.9121	0.7732	0.6713	0.2028	0.8262	0.4695	0.9111	0.9600	0.4875	0.0589	0.5914	0.5644	0.4665	0.0939	0.0280	0.2048	0.8931	0.5664	0.9401	0.0480	0.5864	0.8042	0.9730	0.0959	0.4176	0.9770	0.6623	0.3966	0.2827	0.6284	0.4156	0.3686	0.7712	0.4406	0.2867	0.4496	0.3007	0.8971	0.5614	0.4226	0.6474	0.5155	0.7303	0.3077	0.1548	0.9451	0.6663	0.1179	0.1109	0.3267	0.6613	0.0959	0.5115	0.9441	0.2348	0.5355	0.1369	0.2138	0.4825	0.7592	0.0040	0.1818	0.3297	0.1898	0.0010	0.1099	0.1708	1.0000	0.9850	0.7243	0.7742	0.7413	0.5475	0.5195	0.5195	0.7662	0.7063	0.1499	0.2897	0.2727	0.6653	0.1758	0.5704	0.8092	0.3107	0.4655	0.0010	0.8501	0.7532	0.3796	0.5604	0.1409	0.8112	0.3546	0.9830	0.5345	0.8012	0.5534	0.6434	0.1309	0.9540	0.4016	0.5964	0.4555	0.8252	0.7912	0.6793	0.4665	0.6054	0.9041	0.3037	0.4076	0.4476	0.8472	0.4106	0.6923	0.1838	0.5614	0.6923	0.0589	0.1409	0.0679	0.8821
g__Ligilactobacillus	0.0150	0.8422	0.5415	0.9600	0.5485	0.1219	0.3077	0.8102	0.9441	0.0769	0.4955	0.8202	0.9700	0.8382	0.2298	0.3516	0.8821	0.7792	0.1469	0.2587	0.5435	0.8232	0.2408	0.1059	0.6583	0.1658	0.3157	0.3516	0.6603	0.7493	0.8292	0.5135	0.4725	0.9121	0.3417	0.3067	0.1868	0.7103	0.7283	0.9880	0.8232	0.0979	0.4715	0.5225	0.3536	0.1259	0.0120	0.0300	0.1548	0.4056	0.3716	0.1818	0.6084	0.0030	0.7632	0.3986	0.8931	0.8322	0.2188	0.0979	0.0709	0.7133	0.7323	0.5554	0.2677	0.8881	0.5914	0.7273	0.3117	0.0300	0.2078	0.1439	0.4505	0.2458	0.0659	0.1538	0.8152	0.1289	0.2537	0.1319	0.2068	0.1738	0.0529	0.0050	0.8561	0.7073	0.4935	0.0190	0.6494	0.0739	0.0509	0.9850	1.0000	0.5884	0.0500	0.0709	0.4625	0.9471	0.5325	0.1339	0.2597	0.4525	0.5824	0.6374	0.2338	0.0080	0.3197	0.6154	0.1309	0.0719	0.6194	0.0390	0.2517	0.6943	0.9880	0.5095	0.0200	0.2138	0.0669	0.6454	0.2268	0.4785	0.0240	0.7992	0.1279	0.4436	0.5524	0.1109	0.1728	0.8092	0.8142	0.4585	0.0979	0.9510	0.7393	0.8541	0.8382	0.9481	0.1768	0.1708	0.7532	0.6464	0.6364	0.3117	0.1958	0.1768	0.1359
g__Limivivens	0.0549	0.2048	0.1099	0.0080	0.3816	0.5225	0.8801	0.6324	0.0390	0.0330	0.0020	0.0420	0.9251	0.0020	0.3057	0.1409	0.0589	0.6184	0.8032	0.0010	0.3686	0.0330	0.4935	0.0849	0.0050	0.3516	0.8162	0.8861	0.2697	0.2887	0.2757	0.0180	0.2338	0.4156	0.0290	0.1588	0.0060	0.5495	0.1778	0.4785	0.5924	0.3936	0.1249	0.9141	0.0380	0.0030	0.0020	0.0519	0.9710	0.1928	0.0030	0.6803	0.0859	0.0110	0.4645	0.0020	0.0010	0.0599	0.0150	0.0490	0.0929	0.7532	0.0480	0.0260	0.7692	0.6913	0.1938	0.1658	0.1728	0.9900	0.0100	0.3786	0.0380	0.2358	0.0589	0.0300	0.3646	0.6254	0.0320	0.0440	0.3267	0.0060	0.1469	0.4565	0.2957	0.3077	0.7443	0.0040	0.9191	0.1988	0.1229	0.7243	0.5884	1.0000	0.3676	0.0440	0.0150	0.0060	0.3117	0.1049	0.2108	0.0030	0.5465	0.2418	0.0030	0.3616	0.0899	0.0460	0.0010	0.0080	0.0230	0.7682	0.4515	0.2897	0.8881	0.0699	0.0160	0.3007	0.5025	0.1808	0.4795	0.4476	0.0010	0.4925	0.1369	0.2118	0.4106	0.9321	0.0020	0.9241	0.3227	0.3397	0.9461	0.3377	0.0060	0.8521	0.7992	0.3706	0.0010	0.6344	0.9810	0.0030	0.8731	0.5265	0.9191	0.4965	0.1339
g__Limosilactobacillus	0.0210	0.9960	0.2587	0.5674	0.3287	0.0669	0.8781	0.1399	0.8851	0.5764	0.0539	0.6384	0.8322	0.2478	0.7592	0.9530	0.8042	0.5514	0.4575	0.4705	0.7283	0.4505	0.7113	0.5684	0.8941	0.8661	0.7662	0.3786	0.8322	0.8372	0.4236	0.0480	0.3277	0.1439	0.9361	0.7383	0.9261	0.0380	0.5455	0.8931	0.8901	0.4086	0.0330	0.5804	0.6064	0.0120	0.0759	0.2358	0.4086	0.0200	0.3037	0.2627	0.9081	0.2428	0.3776	0.3007	0.6474	0.1658	0.1948	0.1668	0.2947	0.6993	0.5924	0.1249	0.6164	0.1299	0.6074	0.5804	0.2258	0.0699	0.5145	0.2917	0.2228	0.8032	0.6643	0.1389	0.2108	0.0689	0.5544	0.7213	0.4386	0.2567	0.1548	0.0010	0.4525	0.5764	0.1748	0.0749	0.2138	0.2937	0.1249	0.7742	0.0500	0.3676	1.0000	0.5075	0.6633	0.1728	0.3377	0.5295	0.3636	0.5345	0.4705	0.1768	0.5345	0.0020	0.1299	0.2088	0.5814	0.9241	0.4286	0.5085	0.8561	0.8022	0.7842	0.8182	0.0739	0.6763	0.5285	0.7073	0.7433	0.1129	0.0330	0.8122	0.0140	0.9510	0.3866	0.3646	0.4765	0.9950	0.8931	0.3666	0.9980	0.8122	0.4935	0.0240	0.0200	0.7902	0.6853	0.5714	0.2737	0.9101	0.7443	0.0080	0.4775	0.4735	0.1808
g__Longicatena	0.0010	0.0779	0.4316	0.1508	0.6693	0.0120	0.2667	0.6813	0.1089	0.4216	0.3137	0.0809	0.0509	0.4935	0.3037	0.2577	0.2058	0.9011	0.5774	0.0020	0.0649	0.2537	0.2917	0.0460	0.4386	0.8112	0.5604	0.4625	0.3387	0.7752	0.9650	0.0150	0.7612	0.3127	0.0080	0.0460	0.0010	0.0480	0.0939	0.0270	0.7672	0.0649	0.0070	0.2557	0.0969	0.0050	0.0050	0.0819	0.5375	0.0140	0.0010	0.0899	0.7013	0.0020	0.0450	0.0060	0.0470	0.3467	0.0240	0.0969	0.0020	0.1888	0.1099	0.0669	0.1798	0.3027	0.3946	0.7972	0.0749	0.4476	0.0020	0.0549	0.0899	0.7463	0.0010	0.0060	0.4545	0.1379	0.0649	0.0789	0.0030	0.0170	0.1668	0.0639	0.4436	0.4356	0.0519	0.0250	0.5035	0.2717	0.0030	0.7413	0.0709	0.0440	0.5075	1.0000	0.0450	0.6983	0.9620	0.0060	0.9590	0.0140	0.0989	0.7463	0.0030	0.0849	0.1319	0.3586	0.0080	0.0020	0.5355	0.0060	0.0200	0.5864	0.9411	0.0979	0.0010	0.0040	0.7582	0.0280	0.0659	0.9930	0.0120	0.3766	0.0400	0.0160	0.1828	0.8062	0.0020	0.7932	0.8292	0.9640	0.0110	0.6314	0.0110	0.5355	0.6184	0.4915	0.0190	0.1688	0.2138	0.0140	0.8322	0.5504	0.4935	0.3796	0.0729
g__Massilioclostridium	0.0100	0.0380	0.7403	0.0070	0.4885	0.3536	0.5954	0.3177	0.1219	0.2537	0.0100	0.3986	0.1329	0.3746	0.2707	0.6883	0.1948	0.2188	0.8621	0.1229	0.1289	0.1588	0.6234	0.0140	0.0749	0.1199	0.4535	0.4026	0.7812	0.1968	0.8861	0.2258	0.3167	0.7423	0.0170	0.0709	0.0250	0.2418	0.6114	0.8282	0.7133	0.9590	0.1139	0.2358	0.5275	0.0120	0.0370	0.0769	0.8012	0.0689	0.3397	0.1748	0.6164	0.1079	0.3187	0.1329	0.0240	0.0180	0.0679	0.0060	0.4026	0.5215	0.1499	0.1658	0.2917	0.4835	0.3546	0.8531	0.1758	0.7433	0.0999	0.8272	1.0000	1.0000	0.0080	0.2897	0.2098	0.5604	0.0180	0.3357	0.0020	0.1558	0.0190	0.1998	0.3576	0.5425	0.3606	0.2098	0.2687	0.7283	0.1678	0.5475	0.4625	0.0150	0.6633	0.0450	1.0000	0.4186	0.1319	0.1049	0.6713	0.5514	0.2198	0.1808	0.0969	0.3007	0.0859	0.8072	0.1159	0.1249	0.2088	0.9780	0.1778	0.2707	0.4535	0.2268	0.0569	0.2358	0.9161	0.2008	0.0579	0.8571	0.0040	0.6044	0.0210	0.1818	0.7742	0.5025	0.1728	0.7982	0.7802	0.5544	0.1558	0.9760	0.3487	0.4486	0.6134	0.3137	0.0659	0.1309	0.6633	0.0170	0.2458	0.3506	0.7722	0.7832	0.0300
g__Mediterraneibacter	0.6414	0.4196	0.4096	0.7812	0.0230	0.0290	0.9141	0.0210	0.0260	0.9830	0.7962	0.0180	0.5475	0.9820	0.5205	0.7373	0.5365	0.4615	0.8232	0.2238	0.1678	0.3027	0.6284	0.0120	0.6084	0.9051	0.7323	0.6354	0.1419	0.3007	0.4935	0.4436	0.6973	0.9590	0.5534	0.9890	0.1698	0.1968	0.8132	0.7413	0.9121	0.7602	0.1359	0.6583	0.6254	0.4715	0.3876	0.0420	0.7892	0.9630	0.0020	0.2977	0.4565	0.6833	0.7522	0.1888	0.4376	0.1728	0.2517	0.9850	0.4955	0.9201	0.3107	0.9021	0.9291	0.7782	0.5025	0.7303	0.4096	0.9840	0.1179	0.3996	0.2328	0.6164	0.2368	0.2348	0.2907	0.8292	0.8571	0.5105	0.4645	0.4476	0.9690	0.0060	0.0410	0.3906	0.2847	0.4615	0.6943	0.4256	0.4056	0.5195	0.9471	0.0060	0.1728	0.6983	0.4186	1.0000	0.9051	0.2108	0.4685	0.0400	0.4795	0.8032	0.1329	0.7393	0.0430	0.2468	0.0699	0.8062	0.0200	0.7273	0.4925	0.7303	0.5145	0.0719	0.3926	0.1958	0.2537	0.0070	0.8232	0.7772	0.0320	0.2418	0.0060	0.5375	0.6713	0.7652	0.2907	0.5984	0.5145	0.9560	0.5125	0.6044	0.2238	0.3556	0.3157	0.9680	0.0679	0.3606	0.8442	0.0759	0.3846	0.7652	0.9850	0.7702	0.1359
g__Megamonas	0.0150	0.0689	0.3556	0.5075	0.9800	0.3996	0.1289	0.0090	0.4236	0.8791	0.9540	0.1499	0.7782	0.0509	0.7083	0.4875	0.0380	0.3766	0.3656	0.5435	0.7572	0.2238	0.0110	0.7343	0.1219	0.5514	0.8631	0.8262	0.2567	0.7692	0.0370	0.8801	0.7153	0.6973	0.7473	0.5325	0.9071	0.2827	0.5644	0.7622	0.9530	0.5754	0.5195	0.0739	0.9341	0.4735	0.7153	0.4735	0.6643	0.1998	0.8891	0.4585	0.0719	0.8252	0.3387	0.5604	0.9500	0.7483	0.8132	0.8801	0.3067	0.0649	0.9181	0.5445	0.2118	0.2238	0.9131	0.6174	0.0889	0.1089	0.2338	0.7373	0.5125	0.2408	0.4366	0.2468	0.8581	0.7163	0.1389	0.5514	0.4376	0.8971	0.9790	0.3546	0.3117	0.6873	0.4076	0.7033	0.9341	0.0619	0.9920	0.5195	0.5325	0.3117	0.3377	0.9620	0.1319	0.9051	1.0000	0.4825	0.4306	0.1219	0.5584	0.1289	0.3536	0.5904	0.8402	0.2717	0.1828	0.6234	0.6743	0.5025	0.2448	0.9930	0.8591	0.6244	0.4575	0.7622	0.3237	0.9271	0.4665	0.2118	0.7972	0.7842	0.3337	0.5874	0.8841	0.8032	0.5325	0.1618	0.6244	0.2408	0.3207	0.7133	0.0999	0.8831	0.7982	0.9700	0.9111	0.5614	0.8192	0.9770	0.0010	0.9730	0.8581	0.6024	0.5215
g__Merdibacter	0.0020	0.1329	0.1698	0.7263	0.6613	0.0779	0.5644	0.8931	0.0100	0.8611	0.7662	0.0010	0.0809	0.0649	0.1518	0.5574	0.2358	0.8781	0.6633	0.0090	0.1548	0.3067	0.9351	0.0330	0.3187	0.9491	0.8761	0.6973	0.2797	0.7912	0.9950	0.0170	0.7043	0.1668	0.2667	0.1548	0.0330	0.1039	0.2547	0.0519	0.2747	0.3846	0.0060	0.7552	0.3656	0.0250	0.0360	0.0719	0.4865	0.1389	0.0829	0.7013	0.9361	0.1099	0.4336	0.0749	0.0030	0.7962	0.1988	0.7123	0.0150	0.4496	0.7303	0.4995	0.8182	0.5534	0.1888	0.7772	0.0539	0.3806	0.0030	0.0519	0.0330	0.8002	0.0010	0.0030	0.4106	0.0739	0.3916	0.1039	0.0509	0.0430	0.1678	0.0829	0.9690	0.1089	0.0180	0.0150	0.7063	0.9920	0.3726	0.7662	0.1339	0.1049	0.5295	0.0060	0.1049	0.2108	0.4825	1.0000	0.4905	0.0430	0.0020	0.4695	0.0100	0.1359	0.2318	0.1149	0.1439	0.0470	0.4326	0.0470	0.2098	0.0819	0.5544	0.5475	0.0060	0.0789	0.7622	0.1049	0.8442	0.5095	0.0350	0.9311	0.0110	0.1638	0.8801	0.8012	0.0180	0.4945	0.9241	0.4575	0.4126	0.6404	0.1049	0.5365	0.8242	0.3167	0.0609	0.0400	0.9910	0.2238	0.5594	0.8072	0.0899	0.4555	0.0320
g__Merdimmobilis	0.0350	0.9690	0.3616	0.6364	0.8741	0.9960	0.9780	0.9311	0.4545	0.2577	0.0549	0.7702	0.7393	0.4625	0.9331	0.6474	0.0599	0.4925	0.9550	0.6064	0.4466	0.6324	0.9151	0.9820	0.6533	0.0539	0.5085	0.7303	0.8611	0.5035	0.8442	0.1049	0.1568	0.3187	0.6513	0.4895	0.0390	0.5315	0.2537	0.6983	0.9221	0.8492	0.1988	0.1588	0.3377	0.2398	0.4186	0.8302	0.8701	0.9600	0.9560	0.4276	0.1439	0.4625	0.6474	0.8082	0.1219	0.2807	0.7133	0.1688	0.2517	0.8242	0.6903	0.0919	0.7652	0.7902	0.3556	0.3417	0.2617	0.6713	0.2088	0.1459	0.2827	0.7373	0.8352	0.1718	0.9970	0.6354	0.0819	0.3576	0.3387	0.3167	0.8312	0.9301	0.7083	0.4595	0.3556	0.4386	0.8232	0.7263	0.0619	0.7063	0.2597	0.2108	0.3636	0.9590	0.6713	0.4685	0.4306	0.4905	1.0000	0.5974	0.5714	0.6274	0.0919	0.9461	0.7502	0.4735	0.6454	0.3337	0.6014	0.6364	0.3097	0.1938	0.6753	0.9071	0.3317	0.5165	0.0270	0.0679	0.4186	0.8442	0.1179	0.5105	0.2587	0.0919	0.4575	0.5005	0.0350	0.3417	0.7383	0.1918	0.3756	0.7113	0.8082	0.4645	0.0400	0.9850	0.3117	0.8501	0.4106	0.9031	0.3137	0.9580	0.8911	0.7233	0.0789
g__Merdimonas	0.0010	0.0020	0.3287	0.4476	0.8731	0.3287	0.8232	0.6474	0.0020	0.0949	0.4336	0.0080	0.0350	0.2078	0.8961	0.0460	0.1089	0.9690	0.2398	0.0310	0.7253	0.7133	0.9431	0.0050	0.0190	0.5385	0.3477	0.0150	0.3007	0.6424	0.8991	0.0010	0.7003	0.2158	0.0030	0.7932	0.0050	0.0270	0.0120	0.0010	0.0629	0.7592	0.0200	0.0909	0.3826	0.2388	0.1908	0.3696	0.3417	0.0989	0.0360	0.2328	0.7233	0.0789	0.1069	0.0090	0.0010	0.4466	0.0559	0.8282	0.1479	0.3696	0.0480	0.0310	0.4835	0.1319	0.4925	0.2687	0.0050	0.5025	0.0010	0.0050	0.8771	0.7253	0.0040	0.0040	0.0619	0.0230	0.7532	0.5155	0.0609	0.0080	0.1159	0.5055	0.0649	0.0290	0.0979	0.0040	0.6264	0.0500	0.0290	0.1499	0.4525	0.0030	0.5345	0.0140	0.5514	0.0400	0.1219	0.0430	0.5974	1.0000	0.0529	0.6753	0.0010	0.4136	0.2408	0.3017	0.0010	0.0040	0.1668	0.0420	0.0500	0.2418	0.6823	0.2358	0.2118	0.7043	0.5065	0.1469	0.6773	0.6384	0.1568	0.9131	0.0619	0.0130	0.1538	0.5754	0.0030	0.3307	0.2328	0.0050	0.9820	0.3816	0.0010	0.1049	0.6583	0.6953	0.0140	0.9381	0.2098	0.1459	0.9560	0.8631	0.5085	0.3596	0.0200
g__Merdivicinus	0.0050	0.0040	0.4156	0.6523	0.3996	0.6753	0.0579	0.0949	0.0090	0.8751	0.3277	0.0120	0.0260	0.2887	0.4376	0.8222	0.2218	0.8531	0.3367	0.1109	0.4825	0.2488	0.5534	0.1409	0.2078	0.2398	0.7053	0.4915	0.0549	0.3397	0.7483	0.1778	0.2557	0.0839	0.5834	0.0859	0.0939	0.0120	0.2468	0.0400	0.3766	0.5375	0.0649	0.6573	0.9041	0.3207	0.3526	0.7253	0.8272	0.7263	0.8062	0.7353	0.4905	0.2138	0.1708	0.1678	0.0190	0.3616	0.1708	0.0909	0.2088	0.9860	0.9251	0.8322	0.1279	0.5045	0.2787	0.4965	0.0180	0.6044	0.1598	0.1279	0.2048	0.8332	0.0589	0.0430	0.8232	0.3037	0.4955	0.0839	0.0340	0.4605	0.3057	0.4935	0.2887	0.5544	0.0609	0.2577	0.3057	0.9471	0.8741	0.2897	0.5824	0.5465	0.4705	0.0989	0.2198	0.4795	0.5584	0.0020	0.5714	0.0529	1.0000	0.3107	0.0869	0.7203	0.5834	0.5395	0.6953	0.4705	0.1399	0.6454	0.5844	0.0909	0.5744	0.9191	0.1199	0.1758	0.7622	0.2178	0.9141	0.4625	0.2617	0.8452	0.2517	0.9720	0.5864	0.4086	0.1818	0.5844	0.3147	0.3267	0.5455	0.4685	0.2058	0.8302	0.9131	0.5804	0.3417	0.0400	0.6124	0.3846	0.8242	0.9560	0.7183	0.8412	0.4056
g__Muricomes	0.4635	0.1479	0.6553	0.4306	0.8232	0.9770	0.3766	0.0430	0.0290	0.6833	0.8342	0.1439	0.0989	0.6474	0.1548	0.7792	0.0210	0.4605	0.4006	0.2258	0.1319	0.1189	0.0699	0.2837	0.0719	0.9341	0.8442	0.3946	0.9251	0.1339	0.4505	0.8142	0.9071	0.8452	0.6324	0.9760	0.8102	0.1658	0.6533	0.8012	0.7153	0.6953	0.0939	0.3676	0.0300	0.4006	0.1499	0.7922	0.4845	0.4006	0.4146	0.6753	0.6424	0.1229	0.7932	0.3327	0.0370	0.1908	0.4545	0.1658	0.8701	0.0999	0.8192	0.7552	0.0929	0.1389	0.1668	0.6494	0.8252	0.8801	0.1788	0.6783	0.1449	0.2767	0.2038	0.5365	0.4186	0.7762	0.9980	0.5884	0.4805	0.9970	0.0909	0.5554	0.6733	0.0280	0.8412	0.3147	0.1928	0.9051	0.5744	0.2727	0.6374	0.2418	0.1768	0.7463	0.1808	0.8032	0.1289	0.4695	0.6274	0.6753	0.3107	1.0000	0.1798	0.5385	0.4436	0.2547	0.8751	0.4815	0.0350	0.3227	0.2328	0.7832	0.5914	0.2388	0.5534	0.5045	0.7413	0.6044	0.1878	0.5145	0.3157	0.5305	0.0969	0.8082	0.9211	0.7762	0.6503	0.2937	0.5784	0.7752	0.6613	0.0879	0.3556	0.6953	0.0599	0.5764	0.1019	0.9171	0.5694	0.1169	0.5305	0.0270	0.1059	0.0849	0.1379
g__Murimonas	0.0010	0.0190	0.2567	0.0460	0.9231	0.3217	0.7522	0.4605	0.0110	0.0140	0.0619	0.0250	0.2458	0.3786	0.4086	0.0639	0.0100	0.2058	0.0100	0.0010	0.0430	0.0380	0.1469	0.0120	0.1339	0.7702	0.0250	0.3786	0.0070	0.6154	0.1029	0.0010	0.7732	0.0280	0.0200	0.3786	0.0010	0.0250	0.0010	0.0020	0.0170	0.9371	0.0050	0.0030	0.0939	0.0589	0.0110	0.1229	0.4555	0.0040	0.0010	0.0120	0.7083	0.0140	0.1349	0.1598	0.0010	0.6474	0.1269	0.0110	0.0010	0.7263	0.1339	0.0080	0.9940	0.8452	0.0020	0.0909	0.0010	0.0919	0.0010	0.0010	0.4745	0.8352	0.0020	0.0010	0.0070	0.0040	0.1129	0.0400	0.0370	0.0220	0.1349	0.3706	0.0509	0.0110	0.0310	0.0080	0.1638	0.3227	0.0210	0.6653	0.2338	0.0030	0.5345	0.0030	0.0969	0.1329	0.3536	0.0100	0.0919	0.0010	0.0869	0.1798	1.0000	0.3387	0.1638	0.9221	0.0020	0.0020	0.2807	0.8741	0.0250	0.2498	0.6444	0.2787	0.0040	0.0989	0.1379	0.0010	0.9351	0.6833	0.0010	0.7682	0.2228	0.0110	0.4456	0.1708	0.0010	0.3007	0.0629	0.0040	0.0470	0.9291	0.0010	0.2178	0.7972	0.9421	0.0010	0.2767	0.8991	0.2667	0.5475	0.9321	0.8372	0.8671	0.0050
g__Nanosynbacter	0.0729	0.6394	0.2348	0.2517	0.7333	0.0020	0.7473	0.0110	0.6124	0.2448	0.1319	0.4955	0.7203	0.9161	0.1798	0.1978	0.1678	0.5415	0.6873	0.0110	0.2178	0.6693	0.0410	0.0040	0.6094	0.7183	0.0989	0.2997	0.4855	0.4555	0.4276	0.1119	0.8781	0.2338	0.7502	0.7153	0.4555	0.0020	0.8611	0.5105	0.4036	0.0040	0.4865	0.2967	0.3487	0.0529	0.0579	0.0020	0.5175	0.0080	0.1269	0.0180	0.5534	0.1039	0.3686	0.3616	0.6553	0.9381	0.0290	0.0989	0.0050	0.1009	0.6703	0.0250	0.0420	0.0010	0.5125	0.1688	0.7363	0.0739	0.0090	0.0549	0.0250	0.7762	0.0270	0.3187	0.5375	0.0220	0.0310	0.0849	0.2987	0.0909	0.1798	0.0160	0.2987	0.7802	0.0030	0.0030	0.0180	0.0030	0.0100	0.1758	0.0080	0.3616	0.0020	0.0849	0.3007	0.7393	0.5904	0.1359	0.9461	0.4136	0.7203	0.5385	0.3387	1.0000	0.0450	0.7493	0.7962	0.3037	0.8022	0.1099	0.3157	0.7682	0.6464	0.4436	0.0310	0.1828	0.4466	0.7542	0.0440	0.9730	0.0470	0.2398	0.1169	0.2188	0.0070	0.1848	0.0040	0.2777	0.7003	0.0829	0.0010	0.4006	0.3676	0.0020	0.1449	0.8062	0.5105	0.0979	0.4146	0.9341	0.2068	0.0010	0.0230	1.0000	0.2847
g__Negativibacillus	0.5604	0.0080	0.9321	0.1369	0.5345	0.7023	0.7852	0.6513	0.0030	0.4386	0.8681	0.0450	0.3107	0.0160	0.5814	0.2458	0.0230	0.9790	0.6713	0.0579	0.1988	0.2567	0.5714	0.7373	0.6703	0.1838	0.1558	0.4366	0.1828	0.8791	0.7512	0.0629	0.3746	0.8951	0.1638	0.7652	0.0390	0.8292	0.0040	0.3247	0.0739	0.0030	0.5445	0.7333	0.9191	0.1349	0.1738	0.2348	0.5455	0.1858	0.3506	0.6843	0.7662	0.3936	0.3926	0.1259	0.0020	0.8232	0.9720	0.6124	0.5694	0.5475	0.3636	0.4396	0.1219	0.0839	0.5315	0.9650	0.1449	0.0529	0.7283	0.3966	0.5524	0.9371	0.2757	0.0549	0.3297	0.6523	0.2697	0.7233	0.5155	0.5275	0.3816	0.4406	0.0230	0.0330	0.8482	0.7273	0.6883	0.3117	0.1499	0.5704	0.3197	0.0899	0.1299	0.1319	0.0859	0.0430	0.8402	0.2318	0.7502	0.2408	0.5834	0.4436	0.1638	0.0450	1.0000	0.7153	0.0999	0.2757	0.5415	0.4675	0.3526	0.1998	0.9151	0.3896	0.0619	0.4116	0.6234	0.1638	0.9550	0.3487	0.0529	0.7073	0.8092	0.2498	0.5884	0.6613	0.2897	0.4685	0.6384	0.2687	0.8961	0.0310	0.0410	0.0739	0.0999	0.2857	0.0559	0.8901	0.6803	0.6863	0.6903	0.0370	0.1538	0.1708	0.4386
g__Odoribacter	0.2248	0.5904	0.8831	0.5594	0.8761	0.5504	0.8521	0.5065	0.7742	0.1658	0.7423	0.2537	0.8521	0.0020	0.7203	0.3167	0.1049	0.9111	0.8691	0.1568	0.2977	0.8921	0.2388	0.5275	0.6513	0.4655	0.1998	0.8651	0.9510	0.0400	0.0020	0.6194	0.3576	0.8941	0.8442	0.3327	0.8561	0.1998	0.7552	0.2458	0.5455	0.3856	0.9500	0.8611	0.0569	0.5824	0.6973	0.9491	0.2038	0.7802	0.2158	0.9690	0.7283	0.4715	0.9820	0.7353	0.3756	0.0759	0.6174	0.9061	0.6134	0.5864	0.8342	0.7782	0.5365	0.8462	0.1459	0.6024	0.7283	0.5774	0.9171	0.8531	0.2797	0.2527	0.7303	0.2448	0.9600	0.9211	0.6643	0.6084	0.0240	0.4306	0.1069	0.6743	0.7473	0.3477	0.9730	0.4545	0.6583	0.1618	0.0899	0.8092	0.6154	0.0460	0.2088	0.3586	0.8072	0.2468	0.2717	0.1149	0.4735	0.3017	0.5395	0.2547	0.9221	0.7493	0.7153	1.0000	0.0480	0.9570	0.8681	0.3107	0.1678	0.2408	0.9850	0.7403	0.7163	0.5075	0.2517	0.4555	0.2378	0.1099	0.2757	0.0939	0.0290	0.8202	0.9910	0.6254	0.8412	0.1329	0.7992	0.0350	0.2957	0.9850	0.4356	0.5874	0.1978	0.6364	0.8891	0.7952	0.0280	0.5844	0.1978	0.0529	0.5964	0.8442	0.3816
g__Oliverpabstia	0.0460	0.1688	0.7892	0.0290	0.2787	0.8651	0.5984	0.4905	0.0629	0.0040	0.0250	0.1329	0.5834	0.0090	0.4655	0.2687	0.0140	0.4476	0.0799	0.0130	0.3816	0.1658	0.4705	0.3606	0.0070	0.2348	0.6434	0.9081	0.2238	0.9211	0.7962	0.0090	0.2288	0.1279	0.0020	0.9710	0.0010	0.1658	0.0010	0.1648	0.0180	0.2887	0.0519	0.5524	0.1479	0.0170	0.0020	0.2567	0.6633	0.4376	0.0090	0.8811	0.1419	0.0020	0.2957	0.0619	0.0020	0.3816	0.1778	0.6533	0.0939	0.8442	0.0939	0.0350	0.5055	0.2797	0.6783	0.4955	0.1878	0.8342	0.0010	0.0470	0.9650	0.2488	0.0210	0.0210	0.0989	0.3367	0.1109	0.0440	0.0390	0.0010	0.2278	0.4825	0.0450	0.1379	0.1888	0.1179	0.9610	0.0230	0.0959	0.3107	0.1309	0.0010	0.5814	0.0080	0.1159	0.0699	0.1828	0.1439	0.6454	0.0010	0.6953	0.8751	0.0020	0.7962	0.0999	0.0480	1.0000	0.0010	0.5694	0.2777	0.1479	0.0430	0.3477	0.1369	0.0300	0.8601	0.1289	0.1568	0.5624	0.7063	0.0020	0.1858	0.0829	0.1079	0.3656	0.8601	0.0030	0.9940	0.5275	0.0010	0.8861	0.6513	0.0010	0.1868	0.5714	0.8402	0.0050	0.5984	0.9251	0.0010	0.8442	0.0959	0.3137	0.9291	0.1229
g__Onthenecus	0.0040	0.1229	0.4416	0.4206	0.8681	0.0420	0.1099	0.4166	0.0460	0.0060	0.0869	0.0979	0.4585	0.8711	0.9271	0.0659	0.2348	0.4985	0.6813	0.0050	0.6244	0.6034	0.0879	0.0500	0.6983	0.6613	0.1628	0.1069	0.1858	0.3487	0.7792	0.0040	0.9780	0.1788	0.0020	0.2408	0.0010	0.0519	0.0060	0.0150	0.2777	0.2108	0.0869	0.0889	0.0170	0.0240	0.0080	0.1928	0.2258	0.2138	0.0559	0.1688	0.3037	0.0010	0.2078	0.0420	0.0010	0.3227	0.0070	0.0759	0.0010	0.0240	0.8162	0.0110	0.0729	0.1648	0.0669	0.4895	0.0140	0.6593	0.0010	0.0170	0.6344	0.5554	0.0020	0.0030	0.0659	0.0040	0.0460	0.0010	0.2857	0.0040	0.0050	0.2148	0.1089	0.2627	0.0060	0.0090	0.2547	0.7762	0.0010	0.4655	0.0719	0.0080	0.9241	0.0020	0.1249	0.8062	0.6234	0.0470	0.3337	0.0040	0.4705	0.4815	0.0020	0.3037	0.2757	0.9570	0.0010	1.0000	0.2917	0.1588	0.0010	0.0430	0.4765	0.1479	0.0300	0.2967	0.1399	0.0619	0.4316	0.2318	0.0130	0.5874	0.5884	0.0020	0.0030	0.8412	0.0010	0.7053	0.9830	0.5824	0.0430	0.4725	0.0010	0.9101	0.5055	0.8721	0.0070	0.4056	0.0859	0.0909	0.5035	0.6993	0.6613	0.2977	0.0649
g__Otoolea	0.1658	0.4266	0.5125	0.5614	0.1528	0.1409	0.8122	0.1948	0.1658	0.5644	0.0639	0.2977	0.0669	0.5355	0.0609	0.7293	0.5065	0.3137	0.9730	0.1279	0.5754	0.6224	0.2188	0.1668	0.0150	0.9201	0.5974	0.8282	0.2647	0.9011	0.9800	0.6913	0.9201	0.6883	0.6613	0.8222	0.1748	0.3417	0.4585	0.1808	0.8352	0.0460	0.2527	0.8751	0.3117	0.0929	0.0959	0.4845	0.0789	0.9251	0.1958	0.6743	0.0629	0.3097	0.0460	0.2198	0.6434	0.5504	0.0260	0.0829	0.1818	0.2507	0.6943	0.8412	0.3197	0.7013	0.3656	0.4585	0.3477	0.4116	0.6813	0.6963	0.5135	0.4276	0.4366	0.7562	0.8092	0.1798	0.7732	0.5005	0.6154	0.5405	0.3357	0.0979	0.0230	0.4565	0.7243	0.0350	0.3367	0.0599	0.4376	0.0010	0.6194	0.0230	0.4286	0.5355	0.2088	0.0200	0.6743	0.4326	0.6014	0.1668	0.1399	0.0350	0.2807	0.8022	0.5415	0.8681	0.5694	0.2917	1.0000	0.4156	0.5834	0.9111	0.5325	0.0020	0.7473	0.5744	0.4605	0.2118	0.3307	0.1918	0.0789	0.6414	0.0460	0.8042	0.8302	0.6583	0.9870	0.7183	0.7782	0.3606	0.8641	0.4306	0.6973	0.5095	0.1249	0.7163	0.1948	0.4835	0.8212	0.3497	0.5674	0.8432	0.8022	0.7642	0.8102
g__Parabacteroides	0.1169	0.8621	0.1499	0.5534	0.1349	0.0010	0.1479	0.3936	0.6783	0.1878	0.3207	0.0729	0.9920	0.1708	0.0959	0.3856	0.2627	0.9570	0.0010	0.5514	0.8581	0.4096	0.1339	0.2657	0.0230	0.5594	0.1289	0.1628	0.8661	0.4406	0.5145	0.7473	0.7063	0.2278	0.3027	0.4316	0.4396	0.6913	0.8921	0.2248	0.4885	0.0340	0.4306	0.2897	0.3986	0.2837	0.1079	0.7053	0.5185	0.0060	0.4615	0.1508	0.0060	0.7073	0.8501	0.0100	0.3257	0.2537	0.7922	0.2378	0.3377	0.2258	0.1998	0.5305	0.0829	0.0270	0.8541	0.8192	0.3856	0.2687	0.0989	0.7023	0.0869	0.1499	0.4126	0.0599	0.7542	0.2078	0.8442	0.9351	0.5345	0.0290	0.3437	0.0789	0.2188	0.8811	0.8911	0.0719	0.4995	0.3217	0.0010	0.8501	0.0390	0.7682	0.5085	0.0060	0.9780	0.7273	0.5025	0.0470	0.6364	0.0420	0.6454	0.3227	0.8741	0.1099	0.4675	0.3107	0.2777	0.1588	0.4156	1.0000	0.1369	0.6643	0.7632	0.3936	0.0240	0.1848	0.2727	0.5305	0.0090	0.9041	0.9570	0.1878	0.1259	0.1069	0.8392	0.8611	0.9271	0.3776	0.5295	0.2248	0.7143	0.4635	0.2937	0.8521	0.0040	0.8142	0.2717	0.2627	0.0150	0.9401	0.4446	0.0759	0.2288	0.1459	0.4366
g__Paraprevotella	0.1409	0.4655	0.7433	0.9131	0.6513	0.3447	0.0699	0.9361	0.3217	0.4096	0.2567	0.4595	0.3297	0.5125	0.3986	0.4575	0.4535	0.8731	0.4645	0.1279	0.2428	0.3876	0.1489	0.1568	0.4336	0.4046	0.2657	0.5085	0.8651	0.0589	0.0899	0.0220	0.8861	0.5225	0.0170	0.2527	0.0240	0.0559	0.4895	0.1409	0.0380	0.4196	0.1938	0.3007	0.4256	0.3417	0.0549	0.4126	0.7942	0.0490	0.8551	0.9271	0.9500	0.0160	0.0360	0.1858	0.0250	0.9690	0.1169	0.6893	0.1019	0.3147	0.5664	0.0480	0.5824	0.5415	0.1978	0.7243	0.4525	0.5225	0.0210	0.5854	0.1429	0.2298	0.0350	0.4246	0.9920	0.0290	0.0899	0.1608	0.2238	0.0220	0.3047	0.6234	0.6094	0.3586	0.0130	0.3946	0.4725	0.7363	0.0010	0.7532	0.2517	0.4515	0.8561	0.0200	0.1778	0.4925	0.2448	0.2098	0.3097	0.0500	0.5844	0.2328	0.0250	0.3157	0.3526	0.1678	0.1479	0.0010	0.5834	0.1369	1.0000	0.5155	0.0440	0.0779	0.0729	0.8621	0.6404	0.1109	0.9940	0.9830	0.2827	0.6663	0.8571	0.0889	0.2228	0.4096	0.0440	0.6074	0.6014	0.9211	0.2857	0.7103	0.0779	0.9001	0.4945	0.9491	0.0390	0.6943	0.0310	0.1489	0.0959	0.9131	0.1019	0.2977	0.9351
g__Pararoseburia	0.2567	0.0559	0.2887	0.5175	0.3676	0.4236	0.2807	0.9121	0.0509	0.4116	0.9780	0.2188	0.0350	0.6853	0.5195	0.7063	0.9091	0.3746	0.4765	0.2887	0.2987	0.9441	0.9241	0.1039	0.4086	0.0729	0.0999	0.5185	0.7982	0.4835	0.6543	0.2098	0.0120	0.0500	0.0749	0.6823	0.0170	0.6803	0.1259	0.1479	0.2587	0.1469	0.3976	0.6174	0.6563	0.6613	0.3107	0.5295	0.2398	0.7942	0.3836	0.7742	0.8072	0.2757	0.9241	0.8042	0.0110	0.7902	0.3926	0.1588	0.0619	0.1119	0.1409	0.3427	0.9860	0.8202	0.7812	0.0789	0.0460	0.3546	0.5964	0.0090	0.0549	0.2258	0.0889	0.0210	0.6064	0.1219	0.8711	0.0200	0.8521	0.3616	0.0679	0.6513	0.2707	0.4725	0.4356	0.0599	0.2468	0.7433	0.6693	0.3796	0.6943	0.2897	0.8022	0.5864	0.2707	0.7303	0.9930	0.0819	0.1938	0.2418	0.0909	0.7832	0.2498	0.7682	0.1998	0.2408	0.0430	0.0430	0.9111	0.6643	0.5155	1.0000	0.4216	0.6024	0.3157	0.7473	0.5155	0.6663	0.7273	0.3337	0.4476	0.6503	0.6703	0.0110	0.2248	0.7203	0.2787	0.1039	0.3417	0.2867	0.2278	0.0759	0.2398	0.6663	0.6943	0.8661	0.0210	0.2617	0.5105	0.0120	0.7922	0.6234	0.0559	0.0599	0.0100
g__Parasutterella	0.9510	0.9441	0.3806	0.9850	0.0090	0.3317	0.5075	0.3566	0.7073	0.1578	0.1818	0.3267	0.4525	0.9630	0.6993	0.5764	0.7832	0.9940	0.9670	0.3656	0.7333	0.4336	0.3257	0.6633	0.7323	0.1279	0.0090	0.0929	0.6044	0.8591	0.5275	0.9131	0.2807	0.9041	0.3207	0.4635	0.9081	0.1219	0.7073	0.9500	0.5075	0.9570	0.3497	0.7952	0.8242	0.9890	0.2098	0.2068	0.3796	0.8462	0.4446	0.6264	0.1738	0.8841	0.7972	0.7512	0.9550	0.6254	0.9471	0.0509	0.5335	0.4725	0.1638	0.2298	0.4895	0.6234	0.7043	0.6394	0.7502	0.9970	0.8681	0.6993	0.6643	0.7483	0.3716	0.6274	0.9191	0.0430	0.8641	0.4545	0.1508	0.7333	0.0490	0.6533	0.9001	0.0519	0.9231	0.4286	0.9271	0.6394	0.2937	0.5604	0.9880	0.8881	0.7842	0.9411	0.4535	0.5145	0.8591	0.5544	0.6753	0.6823	0.5744	0.5914	0.6444	0.6464	0.9151	0.9850	0.3477	0.4765	0.5325	0.7632	0.0440	0.4216	1.0000	0.1588	0.0989	0.6354	0.0939	0.4426	0.4565	0.4695	0.3676	0.7972	0.2218	0.4995	0.7083	0.5584	0.8511	0.2078	0.3786	0.6783	0.3536	0.6963	0.3756	0.5435	0.0070	0.5195	0.6384	0.4815	0.2857	0.2168	0.3826	0.2208	0.0230	0.6174	0.9161
g__Pauljensenia	0.1758	0.6194	0.4466	0.6593	0.5335	0.0789	0.9930	0.9221	0.3556	0.7872	0.0609	0.0110	0.2338	0.7542	0.1568	0.6893	0.9970	0.2617	0.6104	0.1469	0.8941	0.4206	0.9181	0.2877	0.1828	0.4276	0.7163	0.8791	0.8272	0.3996	0.7043	0.6464	0.9650	0.6274	0.0180	0.3107	0.2827	0.9690	0.2747	0.1159	0.9341	0.7842	0.1469	0.2418	0.7852	0.3217	0.2767	0.3087	0.3387	0.0210	0.1349	0.7612	0.2408	0.2458	0.0260	0.1039	0.1279	0.1538	0.0539	0.4805	0.4845	0.3566	0.0450	0.1429	0.7542	0.9471	0.4166	0.6144	0.5185	0.6613	0.6743	0.7722	0.9301	0.2857	0.1858	0.2897	0.6983	0.8831	0.5105	0.6733	0.1489	0.0250	0.7243	0.3726	0.2777	0.5015	0.4515	0.2517	0.5764	0.2777	0.0190	0.1409	0.5095	0.0699	0.8182	0.0979	0.2268	0.0719	0.6244	0.5475	0.9071	0.2358	0.9191	0.2388	0.2787	0.4436	0.3896	0.7403	0.1369	0.1479	0.0020	0.3936	0.0779	0.6024	0.1588	1.0000	0.3856	0.2917	0.4396	0.2208	0.2138	0.2897	0.3447	0.8921	0.0749	0.1389	0.7672	0.6324	0.9281	0.7942	0.7463	0.7512	0.9640	0.6693	0.1768	0.4615	0.8501	0.4625	0.0829	0.5075	0.7313	0.0290	0.2617	0.5694	0.1838	0.4136	0.3077
g__Pediococcus	0.0719	0.4296	0.0959	0.1688	0.3736	0.0320	0.7413	0.6583	0.1159	0.0080	0.1109	0.0220	0.4545	0.0200	0.4486	0.4266	0.3287	0.8771	0.5225	0.0050	0.0480	0.3806	0.0500	0.0060	0.5654	0.6513	0.8222	0.3876	0.3716	0.3896	0.4446	0.0140	0.0470	0.2038	0.2068	0.0370	0.0010	0.0869	0.0200	0.2188	0.8262	0.6853	0.0010	0.4476	0.0559	0.0060	0.0010	0.0010	0.7792	0.0140	0.0040	0.5914	0.2168	0.0170	0.8102	0.0010	0.0010	0.3756	0.1079	0.5165	0.0350	0.1159	0.1638	0.7832	0.4655	0.5035	0.3876	0.8452	0.1329	0.2847	0.0020	0.1808	0.0420	0.5544	0.0010	0.0040	0.8591	0.4336	0.0509	0.0150	0.0020	0.0010	0.0010	0.0440	0.5874	0.1269	0.1578	0.0010	0.7982	0.7502	0.0200	0.8112	0.0200	0.0160	0.0739	0.0010	0.0569	0.3926	0.4575	0.0060	0.3317	0.2118	0.1199	0.5534	0.0040	0.0310	0.0619	0.7163	0.0300	0.0300	0.7473	0.0240	0.0729	0.3157	0.0989	0.3856	1.0000	0.1009	0.8571	0.2987	0.2408	0.9331	0.0010	0.7103	0.0010	0.4815	0.1508	0.9071	0.0050	0.7163	0.9111	0.5075	0.2597	0.8472	0.4346	0.4725	0.3916	0.7183	0.0030	0.6873	0.9481	0.0629	0.6164	0.9441	0.2837	0.2478	0.0789
g__Peptostreptococcus	0.0030	0.7453	0.1199	0.0080	0.0649	0.9041	0.6314	0.6673	0.7033	0.8831	0.0979	0.0919	0.0859	0.7403	0.6703	0.2847	0.4955	0.5884	0.3666	0.0060	0.7992	0.2937	0.7173	0.2957	0.0719	0.2617	0.9850	0.8342	0.4865	0.2857	0.7902	0.0989	0.9321	0.3626	0.6104	0.0330	0.1588	0.1389	0.8022	0.2268	0.8212	0.4056	0.2557	0.8821	0.6573	0.0919	0.2498	0.1039	0.9401	0.1588	0.2737	0.7043	0.3776	0.0050	0.0509	0.1868	0.0769	0.1289	0.0450	0.9990	0.0020	0.1459	0.2847	0.0020	0.9131	0.9101	0.6773	0.3177	0.8432	0.9371	0.1229	0.1109	0.0220	0.9261	0.0020	0.0460	0.2697	0.8521	0.4925	0.1139	0.0130	0.8751	0.4635	0.3986	0.4705	0.5864	0.4725	0.0629	0.4126	0.0180	0.1708	0.3546	0.2138	0.3007	0.6763	0.0040	0.2358	0.1958	0.7622	0.0789	0.5165	0.7043	0.1758	0.5045	0.0989	0.1828	0.4116	0.5075	0.8601	0.2967	0.5744	0.1848	0.8621	0.7473	0.6354	0.2917	0.1009	1.0000	0.3586	0.4725	0.0879	0.3646	0.1908	0.0170	0.1788	0.3207	0.8861	0.7652	0.0100	0.7782	0.7972	0.5694	0.0010	0.5814	0.6863	0.8022	0.8721	0.0480	0.0909	0.0849	0.8921	0.8032	0.9900	0.8052	0.8272	0.6034	0.2857
g__Phascolarctobacterium	0.4895	0.7502	0.5275	0.7872	0.2138	0.0599	0.2777	0.0809	0.6853	0.4545	0.8771	0.7093	0.2358	0.8252	0.0719	0.1419	0.0030	0.3796	0.4635	0.5005	0.8472	0.1079	0.4895	0.8352	0.0669	0.2937	0.0769	0.0350	0.3027	0.2318	0.2557	0.4525	0.4815	0.8631	0.5604	0.4086	0.0040	0.2917	0.0160	0.2358	0.9850	0.3926	0.0500	0.7532	0.4216	0.7293	0.3407	0.1369	0.5804	0.2098	0.5874	0.7682	0.4595	0.0719	0.4805	0.7413	0.4466	0.5305	0.9880	0.0180	0.9061	0.2907	0.5844	0.8462	0.2717	0.3636	0.7293	0.1269	0.5055	0.9081	0.2258	0.3606	0.0420	0.6494	0.2657	0.4366	0.9560	0.3946	0.8232	0.5594	0.7223	0.2128	0.7992	0.7143	0.9481	0.3217	0.4476	0.9181	0.8651	0.0490	0.1638	0.9830	0.0669	0.5025	0.5285	0.7582	0.9161	0.2537	0.3237	0.7622	0.0270	0.5065	0.7622	0.7413	0.1379	0.4466	0.6234	0.2517	0.1289	0.1399	0.4605	0.2727	0.6404	0.5155	0.0939	0.4396	0.8571	0.3586	1.0000	0.3187	0.7582	0.3706	0.4416	0.3107	0.4605	0.3746	0.8511	0.0430	0.0809	0.9331	0.8811	0.5485	0.8911	0.9301	0.0190	0.2218	0.0709	0.7832	0.2947	0.5824	0.8212	0.6503	0.9031	0.8731	0.0619	0.6863	0.2458
g__Phocaeicola	0.0989	0.2797	0.7972	0.1568	0.5175	0.9211	0.3986	0.0190	0.1099	0.7463	0.3896	0.2008	0.0669	0.3686	0.4336	0.1179	0.1449	0.0470	0.0010	0.0799	0.0020	0.4505	0.4476	0.0110	0.6194	0.4186	0.1668	0.3007	0.0100	0.1698	0.0210	0.0010	0.4955	0.0070	0.1379	0.4575	0.0010	0.1848	0.6324	0.1968	0.5185	0.4166	0.0010	0.9520	0.0040	0.0220	0.7932	0.7612	0.3377	0.3746	0.0020	0.1079	0.1678	0.2088	0.1149	0.2637	0.0010	0.8282	0.2118	0.3876	0.0020	0.2737	0.5075	0.0619	0.6354	0.6464	0.0010	0.1499	0.2298	0.0619	0.0040	0.1129	0.4905	0.5934	0.0859	0.0589	0.0549	0.3926	0.5754	0.0390	0.2348	0.0400	0.9211	0.5544	0.6523	0.2128	0.9301	0.9271	0.0539	0.1459	0.0360	0.5345	0.6454	0.1808	0.7073	0.0280	0.2008	0.0070	0.9271	0.1049	0.0679	0.1469	0.2178	0.6044	0.0010	0.7542	0.1638	0.4555	0.1568	0.0619	0.2118	0.5305	0.1109	0.6663	0.4426	0.2208	0.2987	0.4725	0.3187	1.0000	0.8911	0.6853	0.1439	0.5315	0.9461	0.0420	0.1628	0.5115	0.0010	0.1508	0.2428	0.0460	0.7992	0.2418	0.1129	0.3337	0.0380	0.6094	0.0010	0.6304	0.8991	0.0529	0.6623	0.8991	0.0500	0.8941	0.0170
g__Prevotella	0.0420	0.6244	0.6923	0.0120	0.0400	0.4396	0.4995	0.5005	0.3726	0.2737	0.0330	0.7552	0.6863	0.8571	0.0300	0.5544	0.9371	0.5614	0.0609	0.0639	0.7443	0.1319	0.7642	0.0809	0.6913	0.0080	0.7483	0.5914	0.9600	0.8192	0.6324	0.9600	0.8182	0.6943	0.2557	0.1329	0.5495	0.0140	0.6623	0.9520	0.7832	0.0809	0.6783	0.2827	0.0080	0.4725	0.8961	0.1558	0.4685	0.8941	0.9730	0.2198	0.4316	0.5475	0.2078	0.0200	0.8302	0.9411	0.0400	0.2777	0.1199	0.8252	0.4206	0.1019	0.1029	0.8781	0.4406	0.9720	0.6344	0.6124	0.4995	0.8851	0.0280	0.3107	0.4815	0.7952	0.4845	0.8591	0.1189	0.2747	0.0480	0.0370	0.6454	0.0729	0.5734	0.8182	0.9241	0.0879	0.5275	0.0549	0.0030	0.8012	0.2268	0.4795	0.7433	0.0659	0.0579	0.8232	0.4665	0.8442	0.4186	0.6773	0.9141	0.1878	0.9351	0.0440	0.9550	0.2378	0.5624	0.4316	0.3307	0.0090	0.9940	0.7273	0.4565	0.2138	0.2408	0.0879	0.7582	0.8911	1.0000	0.4156	0.3866	0.7522	0.5784	0.4496	0.7333	0.6404	0.3706	0.6513	0.2687	0.2577	0.1958	0.1389	0.0969	0.4116	0.3796	0.8761	0.2048	0.3906	0.2078	0.0669	0.2967	0.1149	0.3267	0.6993	0.7872
g__Pseudobutyricicoccus	0.0609	0.9181	0.8791	0.9680	0.3846	0.9181	0.8751	0.9930	0.5145	0.2408	0.6074	0.2557	0.6274	0.1019	0.6513	0.9221	0.4456	0.8072	0.2178	0.4935	0.0599	0.7522	0.6474	0.2567	0.8601	0.2647	0.1968	0.7592	0.8621	0.5734	0.0030	0.6763	0.7682	0.4755	0.4825	0.5215	0.3487	0.3936	0.4366	0.9121	0.7612	0.3097	0.9720	0.1269	0.7403	0.6773	0.9271	0.6853	0.1439	0.5145	0.8801	0.7483	0.3976	0.9660	0.8482	0.8981	0.5065	0.7463	0.6374	0.1928	0.0979	0.4605	0.5564	0.4126	0.9760	0.7463	0.7512	0.4975	0.5285	0.9980	0.4156	0.6204	0.2587	0.4985	0.8482	0.3127	0.9920	0.9001	0.9051	0.7023	0.4176	0.5984	0.2238	0.3806	0.3656	0.9411	0.0919	0.1558	0.9221	0.4366	0.5554	0.5534	0.4785	0.4476	0.1129	0.9930	0.8571	0.7772	0.2118	0.5095	0.8442	0.6384	0.4625	0.5145	0.6833	0.9730	0.3487	0.1099	0.7063	0.2318	0.1918	0.9041	0.9830	0.3337	0.4695	0.2897	0.9331	0.3646	0.3706	0.6853	0.4156	1.0000	0.3736	0.8961	0.7682	0.2438	0.2488	0.6963	0.3606	0.5065	0.9391	0.6863	0.9510	0.9081	0.4036	0.2128	0.2757	0.1568	0.1958	0.5465	0.6763	0.2168	0.0440	0.7143	0.6763	0.9960	0.8791
g__Pseudoflavonifractor_A	0.0050	0.5644	0.0849	0.0050	0.8052	0.0390	0.8432	0.4186	0.0160	0.0180	0.0030	0.0490	0.8162	0.0410	0.4775	0.2258	0.0769	0.5754	0.8961	0.0010	0.0559	0.0849	0.0689	0.0050	0.0649	0.1988	0.3217	0.5395	0.4276	0.2298	0.9491	0.0020	0.4815	0.5015	0.0859	0.0280	0.0020	0.1009	0.0030	0.7193	0.3506	0.5664	0.0030	0.1019	0.2677	0.0020	0.0010	0.0010	0.8412	0.0350	0.0450	0.2348	0.8332	0.0020	0.6563	0.0020	0.0010	0.0849	0.0020	0.0140	0.0150	0.9101	0.3796	0.1489	0.7692	0.4406	0.8262	0.2867	0.0569	0.5185	0.0010	0.0120	0.2248	0.2807	0.0030	0.0020	0.7772	0.1059	0.0050	0.0040	0.0010	0.0120	0.0020	0.0759	0.0599	0.0250	0.0380	0.0020	0.1309	0.6404	0.0120	0.6434	0.0240	0.0010	0.0330	0.0120	0.0040	0.0320	0.7972	0.0350	0.1179	0.1568	0.2617	0.3157	0.0010	0.0470	0.0529	0.2757	0.0020	0.0130	0.0789	0.9570	0.2827	0.4476	0.3676	0.3447	0.0010	0.1908	0.4416	0.1439	0.3866	0.3736	1.0000	0.1738	0.0010	0.2827	0.5135	0.9800	0.0010	0.7153	0.8402	0.6134	0.1379	0.9411	0.0929	0.4256	0.2028	0.1189	0.0020	0.3816	0.6723	0.1439	0.7333	0.5145	0.1369	0.2557	0.0519
g__Pseudoscilispira	0.8871	0.4845	0.4396	0.0090	0.5654	0.0649	0.8112	0.3986	0.7562	0.6404	0.2727	0.5295	1.0000	0.4955	0.2138	0.7662	0.4026	0.0819	0.6783	0.2328	0.4016	0.1199	0.1149	0.5095	0.0549	0.1808	0.9780	0.4515	0.0300	0.0330	0.9640	0.7742	0.2378	0.0609	0.2408	0.9550	0.1598	0.2977	0.6414	0.7043	0.8232	0.2368	0.3027	0.5455	0.9241	0.4066	0.1518	0.7453	0.8811	0.2957	0.1419	0.1289	0.3556	0.2817	0.1908	0.5744	0.0410	0.1489	0.4795	0.0519	0.9071	0.7483	0.1848	0.3786	0.3646	0.1139	0.8252	0.8891	0.9441	0.7802	0.2078	0.8282	0.2857	0.1758	0.3427	0.8841	0.6653	0.5365	0.4206	0.9840	0.0090	0.7013	0.9271	0.7473	0.1129	0.7153	0.9021	0.8661	0.5395	0.2188	0.9451	0.1309	0.7992	0.4925	0.8122	0.3766	0.6044	0.2418	0.7842	0.9311	0.5105	0.9131	0.8452	0.5305	0.7682	0.2398	0.7073	0.0939	0.1858	0.5874	0.6414	0.1878	0.6663	0.6503	0.7972	0.8921	0.7103	0.0170	0.3107	0.5315	0.7522	0.8961	0.1738	1.0000	0.8472	0.2088	0.2478	0.8871	0.0480	0.1139	0.7642	0.0220	0.7582	0.5335	0.6314	0.7033	0.0539	0.2238	0.1708	0.4066	0.4426	0.7902	0.6723	0.0460	0.0060	0.9491	0.4146
g__Roseburia	0.0929	0.3067	0.3796	0.2038	0.9980	0.1479	0.5395	0.4775	0.0769	0.0500	0.1429	0.0080	0.0589	0.1409	0.8242	0.2577	0.5225	0.3556	0.7143	0.0200	0.1548	0.8432	0.3646	0.0040	0.0160	0.3097	0.8601	0.3616	0.5784	0.3636	0.5894	0.4456	0.0529	0.9341	0.4795	0.9960	0.1528	0.0549	0.4116	0.1508	0.7023	0.6723	0.0070	0.9111	0.1938	0.0100	0.0010	0.0180	0.6134	0.0260	0.0390	0.9441	0.5215	0.0240	0.4985	0.0340	0.1009	0.0010	0.0070	0.3646	0.5185	0.5405	0.2228	0.6064	0.1978	0.7293	0.3866	0.5465	0.4276	0.8971	0.1688	0.4036	0.0629	0.2218	0.0809	0.0869	0.8362	0.7752	0.4585	0.5005	0.0020	0.0579	0.0030	0.0040	0.5455	0.0420	0.4006	0.0010	0.5345	0.6104	0.3816	0.9540	0.1279	0.1369	0.0140	0.0400	0.0210	0.0060	0.3337	0.0110	0.2587	0.0619	0.2517	0.0969	0.2228	0.1169	0.8092	0.0290	0.0829	0.5884	0.0460	0.1259	0.8571	0.6703	0.2218	0.0749	0.0010	0.1788	0.4605	0.9461	0.5784	0.7682	0.0010	0.8472	1.0000	0.7862	0.2837	0.6503	0.3696	0.5944	0.7383	0.9640	0.3726	0.1998	0.4236	0.2857	0.8472	0.2587	0.0350	0.2897	0.9730	0.1618	0.9900	0.0470	0.8452	0.6543	0.1608
g__Roseburia_D	0.0090	0.3397	0.2547	0.7632	0.2717	0.1029	0.7443	0.2717	0.1508	0.0260	0.7473	0.1848	0.9850	0.2847	0.9850	0.9770	0.4206	0.2737	0.6703	0.2667	0.1738	0.1508	0.6284	0.0310	0.3826	0.1199	0.0040	0.0639	0.0819	0.9021	0.1708	0.0010	0.9021	0.1179	0.0100	0.7742	0.0010	0.7043	0.5425	0.5115	0.0539	0.7612	0.0220	0.1239	0.2448	0.1648	0.2797	0.1309	0.2657	0.4476	0.0879	0.4835	0.4875	0.0420	0.5734	0.1159	0.0170	0.5065	0.0180	0.3916	0.0080	0.2657	0.0210	0.0030	0.1409	0.1299	0.1469	0.2208	0.1139	0.7313	0.0030	0.0010	0.5934	0.7562	0.0110	0.0420	0.2717	0.1069	0.0789	0.7642	0.5984	0.1508	0.1499	0.2977	0.9411	0.4326	0.0719	0.0569	0.4925	0.7642	0.0010	0.4016	0.4436	0.2118	0.9510	0.0160	0.1818	0.5375	0.5874	0.1638	0.0919	0.0130	0.9720	0.8082	0.0110	0.2188	0.2498	0.8202	0.1079	0.0020	0.8042	0.1069	0.0889	0.0110	0.4995	0.1389	0.4815	0.3207	0.3746	0.0420	0.4496	0.2438	0.2827	0.2088	0.7862	1.0000	0.3666	0.0769	0.0010	0.5485	0.6014	0.4266	0.0170	0.7283	0.0490	0.2108	0.7582	0.9640	0.0270	0.4146	0.2118	0.0639	0.4505	0.3217	0.2088	0.0729	0.0010
g__Rothia	0.7403	0.4895	0.2547	0.7023	0.9331	0.0010	0.3217	0.2078	0.9610	0.3616	0.4595	0.8881	0.6923	0.3497	0.7672	0.6274	0.9241	0.2787	0.4346	0.0679	0.6304	0.8322	0.0629	0.0779	0.8831	0.0509	0.5125	0.3267	0.6733	0.9680	0.9391	0.0539	0.2388	0.2468	0.7063	0.4725	0.1099	0.1988	0.0340	0.0330	0.5335	0.3477	0.4705	0.4595	0.1848	0.6523	0.1788	0.2058	0.4426	0.0300	0.0799	0.5974	0.6274	0.0270	0.9900	0.2078	0.5235	0.7512	0.0310	0.9241	0.3077	0.0010	0.2208	0.0789	0.5495	0.0010	0.6653	0.4066	0.3497	0.1948	0.0110	0.1908	0.7203	0.0170	0.0699	0.2038	0.5634	0.0869	0.7522	0.6713	0.6923	0.1239	0.1618	0.3317	0.8402	0.8961	0.0879	0.2348	0.0080	0.0569	0.0859	0.5964	0.5524	0.4106	0.3866	0.1828	0.7742	0.6713	0.8841	0.8801	0.4575	0.1538	0.5864	0.9211	0.4456	0.0070	0.5884	0.9910	0.3656	0.0030	0.8302	0.8392	0.2228	0.2248	0.7083	0.7672	0.1508	0.8861	0.8511	0.1628	0.7333	0.2488	0.5135	0.2478	0.2837	0.3666	1.0000	0.1758	0.0460	0.0529	0.6364	0.3826	0.1369	0.4176	0.1289	0.0140	0.6314	0.5305	0.0140	0.2607	0.1429	0.9790	0.6953	0.0190	0.0470	0.5604	0.8272
g__Ruminiclostridium_E	0.3007	0.1389	0.6484	0.8002	0.5534	0.5894	0.0300	0.9590	0.5854	0.8891	0.4346	0.5495	0.5634	0.9051	0.4056	0.4326	0.8062	0.0549	0.8112	0.9461	0.2647	0.6543	0.9121	0.3916	0.9291	0.5165	0.3876	0.8012	0.0020	0.4925	0.3586	0.7742	0.9221	0.1129	0.4156	0.2577	0.7263	0.5355	0.8132	0.8861	0.1189	0.2637	0.4136	0.3447	0.5485	0.2468	0.6214	0.3317	0.0090	0.7502	0.1149	0.1598	0.3916	0.2947	0.0629	0.8531	0.2348	0.6254	0.9081	0.9740	0.2717	0.4146	0.7502	0.7353	0.9001	0.1069	0.3766	0.0779	0.5734	0.2388	0.1199	0.2228	0.8362	0.6174	0.3037	0.4895	0.4006	0.3816	0.7772	0.9940	0.7433	0.8312	0.7962	0.4046	0.3207	0.9061	0.0669	0.5415	0.2967	0.8172	0.2897	0.4555	0.1109	0.9321	0.3646	0.8062	0.5025	0.7652	0.8032	0.8012	0.5005	0.5754	0.4086	0.7762	0.1708	0.1848	0.6613	0.6254	0.8601	0.8412	0.6583	0.8611	0.4096	0.7203	0.5584	0.6324	0.9071	0.7652	0.0430	0.5115	0.6404	0.6963	0.9800	0.8871	0.6503	0.0769	0.1758	1.0000	0.1798	0.0470	0.8981	0.4655	0.3067	0.8322	0.4865	0.0150	0.0649	0.5824	0.5724	0.1918	0.7173	0.9580	0.1528	0.2907	0.6963	0.8681	0.6533
g__Ruminococcus_B	0.0010	0.1698	0.1449	0.0080	0.8791	0.2697	0.9331	0.0759	0.0140	0.0010	0.0340	0.2488	0.2947	0.7303	0.6633	0.0440	0.0350	0.0819	0.0519	0.0010	0.0699	0.0859	0.0619	0.0040	0.1548	0.1029	0.0060	0.0719	0.0440	0.6444	0.0230	0.0010	0.4575	0.0020	0.0020	0.0969	0.0010	0.0300	0.0300	0.1469	0.0310	0.4006	0.0010	0.5644	0.0010	0.0400	0.0020	0.1658	0.5934	0.4855	0.0160	0.0589	0.9610	0.0010	0.7413	0.0030	0.0010	0.9281	0.0040	0.0959	0.0010	0.0120	0.4246	0.0010	0.2228	0.6134	0.0220	0.3686	0.0330	0.9740	0.0010	0.0010	0.3237	0.6623	0.0010	0.0010	0.0330	0.0559	0.2697	0.0020	0.0420	0.0140	0.0150	0.0589	0.8551	0.0200	0.0090	0.0040	0.6354	0.9510	0.0010	0.8252	0.1728	0.0020	0.4765	0.0020	0.1728	0.2907	0.5325	0.0180	0.0350	0.0030	0.1818	0.6503	0.0010	0.0040	0.2897	0.8412	0.0030	0.0010	0.9870	0.9271	0.0440	0.2787	0.8511	0.9281	0.0050	0.0100	0.0809	0.0010	0.3706	0.3606	0.0010	0.0480	0.3696	0.0010	0.0460	0.1798	1.0000	0.0400	0.7782	0.0130	0.0320	0.1708	0.0020	0.7832	0.2158	0.4665	0.0010	0.4635	0.0460	0.0170	0.0360	0.8432	0.8452	0.2368	0.0010
g__Ruminococcus_C	0.5874	0.6793	0.6054	0.0959	0.5355	0.8591	0.8871	0.9081	0.7003	0.8641	0.4396	0.7742	0.2168	0.4276	0.4416	0.7832	0.2747	0.5624	0.0709	0.4735	0.6314	0.6543	0.7333	0.8092	0.3856	0.3766	0.7912	0.8651	0.8192	0.0529	0.0759	0.5904	0.1329	0.7692	0.7193	0.6713	0.9041	0.9201	0.4216	0.2597	0.6983	0.3147	0.5385	0.7363	0.1758	0.5085	0.5365	0.7642	0.8631	0.1868	0.9321	0.4595	0.8621	0.7173	0.3437	0.8551	0.2517	0.8072	0.7622	0.2587	0.6523	0.8422	0.6094	0.2727	0.9141	0.0160	0.0809	0.0569	0.4735	0.6234	0.3666	0.6324	0.9550	0.1528	0.4126	0.6673	0.4565	0.1419	0.4316	0.5035	0.8482	0.8232	0.3566	0.9171	0.2408	0.0869	0.2308	0.6034	0.2997	0.3327	0.2617	0.7912	0.8092	0.9241	0.9950	0.7932	0.7982	0.5984	0.1618	0.4945	0.3417	0.3307	0.5844	0.2937	0.3007	0.2777	0.4685	0.1329	0.9940	0.7053	0.7183	0.3776	0.6074	0.1039	0.2078	0.7942	0.7163	0.7782	0.9331	0.1508	0.6513	0.5065	0.7153	0.1139	0.5944	0.5485	0.0529	0.0470	0.0400	1.0000	0.8571	0.0220	0.1668	0.0490	0.9590	0.6354	0.3676	0.1578	0.5265	0.9471	0.6144	0.3397	0.0350	0.1678	0.1099	0.9191	0.0480
g__Ruminococcus_E	0.8442	0.1099	0.0320	0.2208	0.8921	0.5654	0.4735	0.7742	0.2567	0.9251	0.3936	0.4945	0.4565	0.7742	0.1598	0.8561	0.2048	0.3716	0.0829	0.9221	0.8891	0.2617	0.4046	0.9311	0.2218	0.3676	0.8961	0.5465	0.0070	0.9421	0.6623	0.2198	0.4156	0.1818	0.8372	0.0200	0.9680	0.4895	0.6454	0.8062	0.9550	0.1289	0.8422	0.7992	0.7552	0.8981	0.8991	0.6284	0.3676	0.8462	0.1019	0.7173	0.5115	0.6154	0.0859	0.2118	0.0300	0.8112	0.7922	0.7882	0.5714	0.5914	0.4625	0.4476	0.1369	0.9291	0.0250	0.3067	0.3117	0.0609	0.9441	0.7453	0.9600	0.6643	0.3447	0.6214	0.9710	0.2627	0.6354	0.4096	0.6014	0.4126	0.9001	0.9491	0.7363	0.8282	0.2707	0.6983	0.6014	0.1538	0.6543	0.6793	0.8142	0.3227	0.8931	0.8292	0.7802	0.5145	0.6244	0.9241	0.7383	0.2328	0.3147	0.5784	0.0629	0.7003	0.6384	0.7992	0.5275	0.9830	0.7782	0.5295	0.6014	0.3417	0.3786	0.7463	0.9111	0.7972	0.8811	0.2428	0.2687	0.9391	0.8402	0.7642	0.7383	0.6014	0.6364	0.8981	0.7782	0.8571	1.0000	0.3746	0.4096	0.2877	0.6054	0.1998	0.9331	0.1009	0.2567	0.6893	0.1029	0.2138	0.4256	0.4765	0.2068	0.1269	0.9211
g__Ruthenibacterium	0.1848	0.0170	0.7832	0.1898	0.2957	0.0060	0.3227	0.7283	0.3816	0.7123	0.8661	0.2697	0.0569	0.3087	0.0210	0.2098	0.0130	0.1029	0.0010	0.8541	0.4036	0.4535	0.0240	0.8252	0.1998	0.4136	0.6703	0.8232	0.0460	0.3996	0.6354	0.0350	0.5514	0.0180	0.0040	0.6843	0.0460	0.7782	0.1898	0.0390	0.0420	0.0090	0.6124	0.5984	0.9181	0.6134	0.2498	0.3696	0.2098	0.6024	0.3956	0.8591	0.3307	0.5984	0.0669	0.5425	0.0020	0.5205	0.3287	0.5445	0.8871	0.4995	0.0889	0.0410	0.0100	0.2827	0.5485	0.1688	0.4236	0.0170	0.1379	0.4126	0.1499	0.5674	0.4755	0.0719	0.2517	0.7223	0.7762	0.5674	0.1319	0.6993	0.4895	0.2468	0.9391	0.0230	0.9451	0.7263	0.1449	0.0020	0.0360	0.4665	0.4585	0.3397	0.3666	0.9640	0.5544	0.9560	0.2408	0.4575	0.1918	0.0050	0.3267	0.7752	0.0040	0.0829	0.2687	0.0350	0.0010	0.5824	0.3606	0.2248	0.9211	0.2867	0.6783	0.7512	0.5075	0.5694	0.5485	0.0460	0.2577	0.6863	0.6134	0.0220	0.9640	0.4266	0.3826	0.4655	0.0130	0.0220	0.3746	1.0000	0.5135	0.8112	0.0070	0.6344	0.6474	0.7243	0.2148	0.5445	0.3776	0.4156	0.7792	0.0030	0.0010	0.2937	0.0170
g__Sarcina	0.0110	0.5624	0.1988	0.3696	0.8851	0.1039	0.8372	0.8501	0.7173	0.8861	0.7642	0.8212	0.2318	0.9291	0.5914	0.9391	0.9780	0.3796	0.5964	0.1379	0.7842	0.9940	0.0669	0.1598	0.0659	0.4356	0.2218	0.7992	0.2667	0.3796	0.3576	0.2428	0.7692	0.7622	0.4326	0.4565	0.0260	0.5774	0.9700	0.9960	0.7692	0.1169	0.7582	0.0090	0.7972	0.1928	0.1429	0.0030	0.7033	0.0380	0.2478	0.0430	0.8541	0.0030	0.7832	0.3736	0.2687	0.6773	0.0080	0.0130	0.0010	0.0569	0.9930	0.0160	0.1878	0.0010	0.7712	0.3546	0.4476	0.9830	0.3157	0.0420	0.0310	0.5075	0.0010	0.1209	0.5305	0.0460	0.0030	0.0270	0.1548	0.8621	0.5684	0.1099	0.0549	0.8541	0.0040	0.0140	0.0010	0.0809	0.0290	0.6054	0.0979	0.9461	0.9980	0.0110	0.1558	0.5125	0.3207	0.4126	0.3756	0.9820	0.5455	0.6613	0.0470	0.0010	0.8961	0.2957	0.8861	0.0430	0.8641	0.7143	0.2857	0.2278	0.3536	0.9640	0.2597	0.0010	0.8911	0.7992	0.1958	0.9510	0.1379	0.7582	0.3726	0.0170	0.1369	0.3067	0.0320	0.1668	0.4096	0.5135	1.0000	0.4945	0.9371	0.0759	0.6873	0.1758	0.1389	0.0160	0.5395	0.1998	0.9491	0.0969	0.1439	0.8611	0.0789
g__Schaedlerella	0.5075	0.7273	0.2987	0.3566	0.7403	0.7962	0.7692	0.4176	0.5894	0.7043	0.7193	0.2448	0.8901	0.1508	0.7542	0.5744	0.3536	0.5624	0.5984	0.1449	0.2987	0.7303	0.2717	0.9650	0.2647	0.1439	0.9540	0.6194	0.4456	0.5315	0.4426	0.5405	0.5634	0.2767	0.9920	0.2148	0.3926	0.1399	0.0210	0.1818	0.0180	0.3816	0.3477	0.1309	0.4845	0.9141	0.9101	0.3327	0.8711	0.6933	0.8801	0.5275	0.9980	0.5005	0.2607	0.7952	0.8841	0.6314	0.4855	0.8751	0.6563	0.6474	0.2288	0.8571	0.3017	0.6793	0.8002	0.8861	0.7542	0.6763	0.4985	0.3666	0.8162	0.1568	0.8052	0.8911	0.1279	0.0200	0.4136	0.3616	0.3646	0.3207	0.2138	0.9251	0.2148	0.8232	0.4026	0.8182	0.9201	0.6563	0.4595	0.9041	0.9510	0.3377	0.8122	0.6314	0.9760	0.6044	0.7133	0.6404	0.7113	0.3816	0.4685	0.0879	0.9291	0.4006	0.0310	0.9850	0.6513	0.4725	0.4306	0.4635	0.7103	0.0759	0.6963	0.6693	0.8472	0.5814	0.9301	0.2418	0.1389	0.9081	0.9411	0.5335	0.1998	0.7283	0.4176	0.8322	0.1708	0.0490	0.2877	0.8112	0.4945	1.0000	0.0819	0.7473	0.8042	0.9510	0.9061	0.0160	0.8032	0.6094	0.5534	0.8981	0.6134	0.5235	0.7023
g__Sellimonas	0.0020	0.0579	0.8601	0.1369	0.1249	0.4635	0.5215	0.8012	0.0490	0.3736	0.1998	0.0300	0.0529	0.7453	0.6464	0.0010	0.0040	0.9131	0.2118	0.0010	0.1698	0.0739	0.6324	0.0050	0.0829	0.7652	0.1349	0.0639	0.3207	0.4296	0.8162	0.0010	0.5445	0.0290	0.0010	0.1399	0.0080	0.0859	0.0010	0.0010	0.0519	0.5105	0.0240	0.0480	0.1099	0.4416	0.4446	0.7722	0.5924	0.0150	0.0230	0.1069	0.3606	0.2747	0.1019	0.0579	0.0010	0.8272	0.2368	0.5295	0.1668	0.9820	0.0899	0.0350	0.6673	0.3257	0.5834	0.2278	0.0070	0.2078	0.0020	0.0280	0.8981	0.6134	0.0569	0.0080	0.0060	0.0040	0.3247	0.6074	0.0709	0.0160	0.7782	0.3047	0.0390	0.0030	0.1349	0.0120	0.4206	0.1109	0.0060	0.3037	0.7393	0.0060	0.4935	0.0110	0.3487	0.2238	0.0999	0.1049	0.8082	0.0010	0.2058	0.3556	0.0010	0.3676	0.0410	0.4356	0.0010	0.0010	0.6973	0.2937	0.0779	0.2398	0.3756	0.1768	0.4346	0.6863	0.0190	0.1129	0.0969	0.4036	0.0929	0.6314	0.4236	0.0490	0.1289	0.4865	0.0020	0.9590	0.6054	0.0070	0.9371	0.0819	1.0000	0.1319	0.4356	0.4545	0.0010	0.6633	0.5664	0.1039	0.8791	0.7592	0.1479	0.8172	0.1209
g__Streptococcus	0.2717	0.8661	0.4066	0.6304	0.1119	0.0140	0.7832	0.1858	0.9670	0.3576	0.7263	0.4256	0.7532	0.2977	0.9131	0.9321	0.7732	0.3556	0.6224	0.0789	0.4356	0.3427	0.6703	0.0260	0.6054	0.5465	0.0699	0.0859	0.1469	0.8781	0.8911	0.5065	0.9850	0.0300	0.5934	0.7473	0.5435	0.6653	0.6384	0.1209	0.7542	0.2827	0.2328	0.3546	0.8202	0.5075	0.6643	0.0200	0.8511	0.0030	0.0030	0.2857	0.8122	0.9520	0.6883	0.7962	0.7403	0.6204	0.2517	0.7942	0.0190	0.4126	0.7043	0.0020	0.9700	0.0010	0.6094	0.9491	0.2458	0.6573	0.0180	0.1658	0.8681	0.6713	0.0200	0.1588	0.2258	0.1818	0.7802	0.7772	0.8731	0.2448	0.4306	0.3946	0.9191	0.5554	0.0360	0.0490	0.0070	0.1069	0.2667	0.4076	0.8541	0.8521	0.0240	0.5355	0.4486	0.3556	0.8831	0.5365	0.4645	0.1049	0.8302	0.6953	0.2178	0.0020	0.0739	0.5874	0.1868	0.9101	0.5095	0.8521	0.9001	0.6663	0.5435	0.4615	0.4725	0.8022	0.2218	0.3337	0.4116	0.2128	0.4256	0.7033	0.2857	0.2108	0.0140	0.0150	0.7832	0.6354	0.1998	0.6344	0.0759	0.7473	0.1319	1.0000	0.1169	0.3796	0.4466	0.3317	0.5415	0.3736	0.8082	0.0010	0.2807	0.9900	0.6014
g__Sutterella	0.9670	0.6893	0.8022	0.2617	0.8182	0.7882	0.8482	0.3776	0.7213	0.2218	0.2857	0.8012	0.9141	0.5954	0.2897	0.4865	0.4525	0.9481	0.2308	0.1758	0.2507	0.1658	0.2218	0.2637	0.8581	0.5864	0.2288	0.0909	0.6024	0.5235	0.3926	0.2258	0.4825	0.0390	0.9800	0.3177	0.8521	0.6913	0.5025	0.9231	0.7512	0.5924	0.1958	0.5305	0.6563	0.0579	0.8122	0.3277	0.2597	0.4276	0.2068	0.7053	0.1029	0.9850	0.4555	0.4595	0.8422	0.0320	0.1089	0.3147	0.4675	0.9840	0.7063	0.8152	0.3926	0.3986	0.5455	0.4985	0.6364	0.8022	0.1309	0.1938	0.6593	0.1359	0.9421	0.8342	0.6523	0.3726	0.4466	0.4436	0.4486	0.9221	0.5744	0.0190	0.4605	0.0869	0.2677	0.8312	0.0480	0.6214	0.6993	0.4476	0.8382	0.7992	0.0200	0.6184	0.6134	0.3157	0.7982	0.8242	0.0400	0.6583	0.9131	0.0599	0.7972	0.1449	0.0999	0.1978	0.5714	0.5055	0.1249	0.0040	0.4945	0.6943	0.0070	0.8501	0.3916	0.8721	0.0709	0.0380	0.3796	0.2757	0.2028	0.0539	0.8472	0.7582	0.6314	0.0649	0.2158	0.3676	0.9331	0.6474	0.6873	0.8042	0.4356	0.1169	1.0000	0.7712	0.3896	0.6783	0.7632	0.4895	0.7772	0.5295	0.1628	0.2607	0.5974
g__Terrisporobacter	0.1249	0.6224	0.6374	0.1918	0.3976	0.4975	0.7892	0.0779	0.7542	0.5614	0.3826	0.0490	0.7083	0.5754	0.0470	0.6424	0.3217	0.2218	0.8112	0.2937	0.2248	0.6603	0.3506	0.7453	0.0380	0.7383	0.5375	0.8591	0.5395	0.6933	0.1748	0.2308	0.0080	0.7343	0.9630	0.3996	0.5504	0.0360	0.9181	0.6114	0.0599	0.3317	0.6124	0.5844	0.2707	0.5075	0.7013	0.0639	0.7962	0.6134	0.4525	0.6084	0.7083	0.7463	0.2178	0.7283	0.7313	0.1988	0.0490	0.4895	0.1948	0.7672	0.6094	0.9500	0.1858	0.1339	0.2398	0.1129	0.3147	0.3536	0.8871	0.8701	0.0470	0.5934	0.0180	0.7932	0.0020	0.3956	0.4496	0.8182	0.3117	0.5055	0.9570	0.9780	0.8601	0.9540	0.0210	0.1768	0.1199	0.1289	0.8002	0.8472	0.9481	0.3706	0.7902	0.4915	0.3137	0.9680	0.9700	0.3167	0.9850	0.6953	0.5804	0.5764	0.9421	0.8062	0.2857	0.6364	0.8402	0.8721	0.7163	0.8142	0.9491	0.8661	0.5195	0.4625	0.7183	0.0480	0.7832	0.6094	0.8761	0.1568	0.1189	0.2238	0.2587	0.9640	0.5305	0.5824	0.4665	0.1578	0.1009	0.7243	0.1758	0.9510	0.4545	0.3796	0.7712	1.0000	0.9151	0.0010	0.2687	0.1928	0.3716	0.5744	0.8172	0.5594	0.1888
g__Thomasclavelia	0.2428	0.1169	0.0789	0.0300	0.7972	0.0679	0.6194	0.6613	0.0250	0.0060	0.0679	0.0849	0.0539	0.7353	0.9481	0.0739	0.3047	0.2887	0.0090	0.0020	0.0070	0.0120	0.1279	0.0010	0.0200	0.4216	0.3337	0.5794	0.0989	0.3926	0.0090	0.0010	0.8162	0.0340	0.1059	0.0140	0.0010	0.0599	0.0130	0.0280	0.4156	0.5135	0.0110	0.5684	0.0250	0.0180	0.0030	0.0080	0.4555	0.2448	0.0010	0.5524	0.9750	0.0010	0.0919	0.0220	0.0010	0.2697	0.0020	0.4026	0.0110	0.3377	0.0260	0.0100	0.9930	0.7213	0.5455	0.0500	0.1508	0.5634	0.0020	0.0519	0.7872	0.8971	0.0050	0.1069	0.0420	0.2268	0.6174	0.0140	0.0130	0.0010	0.1019	0.1728	0.6224	0.0659	0.4605	0.0030	0.5954	0.5974	0.0350	0.4106	0.1768	0.0010	0.6853	0.0190	0.0659	0.0679	0.9111	0.0609	0.3117	0.0140	0.3417	0.1019	0.0010	0.5105	0.0559	0.8891	0.0050	0.0070	0.1948	0.2717	0.0390	0.0210	0.6384	0.0829	0.0030	0.0909	0.2947	0.0010	0.2048	0.1958	0.0020	0.1708	0.0350	0.0270	0.0140	0.5724	0.0010	0.5265	0.2567	0.2148	0.1389	0.9061	0.0010	0.4466	0.3896	0.9151	1.0000	0.8442	0.3586	0.0060	0.4426	0.3986	0.4456	0.2008	0.0100
g__Turicibacter	0.0460	0.6743	0.3816	0.4126	0.3726	0.3646	0.2707	0.9770	0.9221	0.6044	0.4765	0.0450	0.6603	0.6953	0.0130	0.6124	0.5395	0.2218	0.5155	0.3596	0.0200	0.5305	0.8472	0.1249	0.8751	0.1479	0.4865	0.7213	0.0969	0.7013	0.7473	0.4286	0.0370	0.1259	0.5954	0.4296	0.1818	0.3516	0.8871	0.3856	0.0629	0.0959	0.5435	0.1419	0.7602	0.4665	0.9051	0.3497	0.9760	0.4166	0.2158	0.9680	0.2448	0.3307	0.1259	0.3786	0.3816	0.4535	0.1189	0.0270	0.0190	0.6014	0.7163	0.9161	0.9830	0.0909	0.6484	0.3816	0.8142	0.4046	0.4486	0.5724	0.1628	0.5604	0.0599	0.3427	0.0010	0.3477	0.7732	0.1938	0.6434	0.6813	0.2957	0.0689	0.9151	0.5894	0.0250	0.3157	0.4755	0.0020	0.6553	0.6923	0.1708	0.6344	0.5714	0.1688	0.1309	0.3606	0.5614	0.0400	0.8501	0.9381	0.0400	0.9171	0.2767	0.0979	0.8901	0.7952	0.5984	0.4056	0.4835	0.2627	0.6943	0.2617	0.4815	0.5075	0.6873	0.0849	0.5824	0.6304	0.3906	0.5465	0.3816	0.4066	0.2897	0.4146	0.2607	0.1918	0.4635	0.9471	0.6893	0.5445	0.0160	0.0160	0.6633	0.3317	0.6783	0.0010	0.8442	1.0000	0.9840	0.2697	0.6484	0.2158	0.4635	0.5335	0.1029
g__Tyzzerella	0.0500	0.5085	0.5335	0.6374	0.0899	0.0030	0.0959	0.6623	0.1279	0.0070	0.8062	0.8631	0.7003	0.1099	0.2917	0.1329	0.1548	0.3157	0.9081	0.4885	0.8132	0.1868	0.0120	0.5874	0.7333	0.4176	0.0260	0.1818	0.8372	0.9041	0.6464	0.2837	0.3127	0.7622	0.2038	0.8811	0.1518	0.4645	0.4745	0.8252	0.4555	0.0050	0.3936	0.8591	0.0559	0.7353	0.6294	0.7852	0.4935	0.7463	0.4905	0.2577	0.4825	0.1918	0.8841	0.3007	0.7453	0.1429	0.2847	0.5514	0.4675	0.2238	0.7652	0.3297	0.1758	0.7982	0.7423	0.3566	0.2787	0.7882	0.0140	0.8352	0.5335	0.5664	0.3616	0.5504	0.4266	0.0869	0.6583	0.6214	0.9950	0.2278	0.6094	0.7373	0.0569	0.6823	0.6613	0.4216	0.3357	0.1119	0.0020	0.1838	0.7532	0.9810	0.2737	0.2138	0.6633	0.8442	0.8192	0.9910	0.4106	0.2098	0.6124	0.5694	0.8991	0.4146	0.6803	0.0280	0.9251	0.0859	0.8212	0.0150	0.0310	0.5105	0.2857	0.7313	0.9481	0.8921	0.8212	0.8991	0.2078	0.6763	0.6723	0.4426	0.9730	0.2118	0.1429	0.7173	0.0460	0.6144	0.1029	0.3776	0.5395	0.8032	0.5664	0.5415	0.7632	0.2687	0.3586	0.9840	1.0000	0.4016	0.9201	0.8711	0.9131	0.2158	0.8841
g__UBA3402	0.1528	0.0829	0.6004	0.2617	0.5335	0.4995	0.7852	0.2807	0.0799	0.0549	0.8442	0.2767	0.0010	0.5574	0.8182	0.8112	0.8671	0.5944	0.2947	0.0639	0.0569	0.5005	0.5754	0.0040	0.0320	0.1538	0.3716	0.7443	0.3037	0.1399	0.3317	0.2767	0.8721	0.0559	0.0010	0.7473	0.0669	0.0859	0.6104	0.7453	0.1469	0.5604	0.0120	0.7632	0.1518	0.2368	0.0669	0.1998	0.1229	0.8172	0.0030	0.3606	0.4366	0.0040	0.1838	0.1129	0.0090	0.2557	0.0440	0.2448	0.1389	0.2138	0.0559	0.2507	0.8462	0.2048	0.7003	0.3556	0.3696	0.7303	0.0450	0.4176	0.6434	0.9341	0.0050	0.3906	0.5884	0.7463	0.9401	0.0090	0.3926	0.0180	0.1179	0.1099	0.7313	0.2468	0.8721	0.1349	0.4036	0.7193	0.1598	0.5614	0.6464	0.0030	0.9101	0.0140	0.0170	0.0759	0.9770	0.2238	0.9031	0.1459	0.3846	0.1169	0.2667	0.9341	0.6863	0.5844	0.0010	0.0909	0.3497	0.9401	0.1489	0.0120	0.2168	0.0290	0.0629	0.8032	0.6503	0.0529	0.0669	0.2168	0.1439	0.7902	0.1618	0.0639	0.9790	0.9580	0.0170	0.3397	0.2138	0.4156	0.1998	0.6094	0.1039	0.3736	0.4895	0.1928	0.0060	0.2697	0.4016	1.0000	0.6713	0.1239	0.1069	0.9241	0.0190
g__URXU01	0.2617	0.8482	0.3337	0.8152	0.7473	0.7123	0.1588	0.1069	0.5734	0.4515	0.7153	0.5854	0.6613	0.0170	0.1219	0.7053	0.6374	0.2438	0.1688	0.3017	0.8262	0.8751	0.2018	0.3127	0.8601	0.3756	0.7253	0.7063	0.8212	0.3696	0.0030	0.3367	0.5914	0.8551	0.5724	0.5924	0.1479	0.1638	0.5634	0.5734	0.0709	0.2148	0.5894	0.1269	0.5694	0.3686	0.5964	0.0939	0.4396	0.3477	0.8352	0.6074	0.0180	0.1189	0.4006	0.5984	0.3287	0.6194	0.6653	0.5604	0.8941	0.2498	0.6603	0.3796	0.7502	0.0989	0.3576	0.7073	0.3986	0.2977	0.4565	0.6773	0.6733	0.4056	0.5814	0.5604	0.8412	0.6843	0.5764	0.5724	0.4376	0.5804	0.1029	0.2388	0.2627	0.5784	0.7193	0.6583	0.7383	0.8911	0.8422	0.6923	0.6364	0.8731	0.7443	0.8322	0.2458	0.3846	0.0010	0.5594	0.3137	0.9560	0.8242	0.5305	0.5475	0.2068	0.6903	0.1978	0.8442	0.5035	0.5674	0.4446	0.0959	0.7922	0.3826	0.2617	0.6164	0.9900	0.9031	0.6623	0.2967	0.0440	0.7333	0.6723	0.9900	0.4505	0.6953	0.1528	0.0360	0.0350	0.4256	0.7792	0.9491	0.5534	0.8791	0.8082	0.7772	0.3716	0.4426	0.6484	0.9201	0.6713	1.0000	0.9071	0.3676	0.6424	0.5964
g__Veillonella	0.9231	0.2358	0.8342	0.3397	0.6074	0.0110	0.4036	0.0340	0.2228	0.2168	0.7233	0.8022	0.0909	0.7293	0.1289	0.4386	0.1419	0.9800	0.2907	0.5614	0.2438	0.1039	0.0589	0.3247	0.0619	0.4655	0.0500	0.0260	0.7033	0.4515	0.9880	0.9930	0.2198	0.7033	0.1658	0.8462	0.8302	0.4615	0.9520	0.5904	0.3936	0.0140	0.9301	0.3157	0.1998	0.3706	0.5325	0.1798	0.9281	0.1349	0.2847	0.4336	0.4036	0.3946	0.0250	0.9580	0.0090	0.1319	0.5654	0.7862	0.0879	0.4186	0.9201	0.1538	0.0050	0.0010	0.8551	0.1558	0.0579	0.0110	0.4036	0.2567	0.1489	0.2328	0.8212	0.7453	0.4755	0.0529	0.4915	0.5974	0.0130	0.2388	0.5694	0.1598	0.9401	0.2138	0.0120	0.5425	0.0090	0.0120	0.0050	0.0589	0.3117	0.5265	0.0080	0.5504	0.3506	0.7652	0.9730	0.8072	0.9580	0.8631	0.9560	0.0270	0.9321	0.0010	0.0370	0.0529	0.0959	0.6993	0.8432	0.0759	0.9131	0.6234	0.2208	0.5694	0.9441	0.8052	0.8731	0.8991	0.1149	0.7143	0.5145	0.0460	0.0470	0.3217	0.0190	0.2907	0.8432	0.1678	0.4765	0.0030	0.0969	0.8981	0.7592	0.0010	0.5295	0.5744	0.3986	0.2158	0.8711	0.1239	0.9071	1.0000	0.0130	0.2158	0.4336
g__Vescimonas	0.6613	0.2957	0.9570	0.2697	0.6983	0.0030	0.7213	0.1359	0.2048	0.4316	0.5914	0.5914	0.5065	0.8881	0.0010	0.4196	0.3526	0.4326	0.0260	0.5534	0.1229	0.5045	0.1139	0.6314	0.0959	0.4486	0.3077	0.8741	0.0649	0.9481	0.3976	0.8482	0.9171	0.0829	0.0260	0.1648	0.7582	0.8232	0.9201	0.8661	0.7892	0.0130	0.6444	0.6913	0.0330	0.5165	0.2797	0.2827	0.2208	0.1668	0.4276	0.2767	0.4356	0.6643	0.0879	0.3267	0.0929	0.0949	0.4396	0.6154	0.1059	0.9221	0.4456	0.4775	0.2757	0.0340	0.1349	0.2248	0.3816	0.0180	0.6394	0.9660	0.0030	0.0599	0.0350	0.0999	0.8372	0.7073	0.5784	0.8102	0.4595	0.9990	0.8901	0.9481	0.8432	0.6793	0.1449	0.0939	0.0020	0.0020	0.5644	0.1409	0.1958	0.9191	0.4775	0.4935	0.7722	0.9850	0.8581	0.0899	0.8911	0.5085	0.7183	0.1059	0.8372	0.0230	0.1538	0.5964	0.3137	0.6613	0.8022	0.2288	0.1019	0.0559	0.0230	0.1838	0.2837	0.8272	0.0619	0.0500	0.3267	0.6763	0.1369	0.0060	0.8452	0.2088	0.0470	0.6963	0.8452	0.1099	0.2068	0.0010	0.1439	0.6134	0.1479	0.2807	0.1628	0.8172	0.4456	0.4635	0.9131	0.1069	0.3676	0.0130	1.0000	0.4096	0.2368
g__Weissella	0.9550	0.5894	0.0779	0.6743	0.8432	0.2597	0.6533	0.4336	0.3287	0.6863	0.9181	0.8282	0.8671	0.6813	0.3497	0.9960	0.2507	0.2747	0.8931	0.3487	0.2597	0.9491	0.0430	0.8531	0.5854	0.4545	0.6533	0.1029	0.6963	0.2767	0.9211	0.9351	0.6314	0.4396	0.9520	0.4356	0.2118	0.1159	0.1199	0.0849	0.8941	0.4845	0.7393	0.4016	0.9271	0.7972	0.4146	0.5544	0.4346	0.5305	0.6533	0.6084	0.8182	0.5904	0.7572	0.4655	0.1878	0.9620	0.6284	0.2917	0.1668	0.0220	0.6084	0.8741	0.2997	0.6783	0.6833	0.8172	0.5295	0.7852	0.6853	0.3067	0.2048	0.4795	0.5574	0.0779	0.2827	0.8861	0.7682	0.1788	0.5175	0.3017	0.2907	0.6823	0.2947	0.8052	0.8242	0.3906	0.0180	0.8432	0.6993	0.0679	0.1768	0.4965	0.4735	0.3796	0.7832	0.7702	0.6024	0.4555	0.7233	0.3596	0.8412	0.0849	0.8671	1.0000	0.1708	0.8442	0.9291	0.2977	0.7642	0.1459	0.2977	0.0599	0.6174	0.4136	0.2478	0.6034	0.6863	0.8941	0.6993	0.9960	0.2557	0.9491	0.6543	0.0729	0.5604	0.8681	0.2368	0.9191	0.1269	0.2937	0.8611	0.5235	0.8172	0.9900	0.2607	0.5594	0.2008	0.5335	0.2158	0.9241	0.6424	0.2158	0.4096	1.0000	0.6643
g__Wujia	0.0030	0.0310	0.6204	0.0579	0.3626	0.4555	0.0300	0.5544	0.0529	0.0270	0.3307	0.0410	0.0160	0.7043	0.5315	0.6733	0.1029	0.3866	0.2627	0.3217	0.0140	0.4336	0.5255	0.0010	0.1109	0.0689	0.3876	0.2617	0.0150	0.0819	0.8581	0.0070	0.1938	0.0440	0.0040	0.5395	0.0050	0.4136	0.0859	0.1109	0.6054	0.7682	0.0240	0.3297	0.7942	0.2488	0.0699	0.0559	0.7403	0.2857	0.0090	0.0160	0.6723	0.0080	0.6314	0.0969	0.0010	0.2488	0.0959	0.0060	0.0250	0.0729	0.4286	0.1439	0.9900	0.9351	0.1119	0.1998	0.6354	0.1109	0.0060	0.0140	0.3147	0.1399	0.0010	0.0030	0.5095	0.7942	0.6513	0.3327	0.1998	0.1149	0.0130	0.0450	0.3397	0.1538	0.4256	0.0470	0.9570	0.8262	0.2937	0.8821	0.1359	0.1339	0.1808	0.0729	0.0300	0.1359	0.5215	0.0320	0.0789	0.0200	0.4056	0.1379	0.0050	0.2847	0.4386	0.3816	0.1229	0.0649	0.8102	0.4366	0.9351	0.0100	0.9161	0.3077	0.0789	0.2857	0.2458	0.0170	0.7872	0.8791	0.0519	0.4146	0.1608	0.0010	0.8272	0.6533	0.0010	0.0480	0.9211	0.0170	0.0789	0.7023	0.1209	0.6014	0.5974	0.1888	0.0100	0.1029	0.8841	0.0190	0.5964	0.4336	0.2368	0.6643	1.0000
