#OTU ID	g__Acetatifactor	g__Acutalibacter	g__Adlercreutzia	g__Agathobacter	g__Agathobaculum	g__Alistipes	g__Alistipes_A	g__Alitiscatomonas	g__Allocoprobacillus	g__Amedibacterium	g__Anaerobutyricum	g__Anaerofustis	g__Anaeromassilibacillus	g__Anaerostipes	g__Anaerotignum	g__Anaerotruncus	g__Anthropogastromicrobium	g__Aristaeella	g__Bacteroides	g__Bariatricus	g__Bifidobacterium	g__Bittarella	g__Blautia	g__Blautia_A	g__Brotaphodocola	g__Butyribacter	g__CAG-170	g__CAG-177	g__CAG-217	g__CAG-488	g__Catenibacterium	g__Choladousia	g__Clostridium	g__Clostridium_A	g__Clostridium_AP	g__Collinsella	g__Coprococcus_A	g__Dialister	g__Dorea	g__Dorea_A	g__Dorea_D	g__Dysosmobacter	g__Eggerthella	g__Enterobacter	g__Enterocloster	g__Enterococcus	g__Enterococcus_A	g__Enterococcus_B	g__Eubacterium_F	g__Eubacterium_G	g__Eubacterium_I	g__Evtepia	g__Faecalibacterium	g__Faecalimonas	g__Faecousia	g__Finegoldia	g__Flavonifractor	g__Fusicatenibacter	g__Fusobacterium_A	g__Gallintestinimicrobium	g__Gemella	g__Gemmiger	g__Gordonibacter	g__Granulicatella	g__Guopingia	g__Haemophilus_D	g__Holdemanella	g__Holdemania	g__Hominenteromicrobium	g__Hominibacterium	g__Hominicoprocola	g__Hominifimenecus	g__Hominilimicola	g__Hominimerdicola	g__Hominiventricola	g__Hungatella	g__Intestinibacter	g__JAGTTR01	g__Klebsiella	g__Lachnoclostridium_B	g__Lachnospira	g__Lacticaseibacillus	g__Lactiplantibacillus	g__Lactobacillus	g__Lactococcus	g__Lactonifactor	g__Laedolimicola	g__Lancefieldella	g__Latilactobacillus	g__Lawsonibacter	g__Lentihominibacter	g__Leuconostoc	g__Ligilactobacillus	g__Limivivens	g__Limosilactobacillus	g__Longicatena	g__Massilioclostridium	g__Mediterraneibacter	g__Megamonas	g__Merdibacter	g__Merdimmobilis	g__Merdimonas	g__Merdivicinus	g__Muricomes	g__Murimonas	g__Nanosynbacter	g__Negativibacillus	g__Odoribacter	g__Oliverpabstia	g__Onthenecus	g__Otoolea	g__Parabacteroides	g__Paraprevotella	g__Pararoseburia	g__Parasutterella	g__Pauljensenia	g__Pediococcus	g__Peptostreptococcus	g__Phascolarctobacterium	g__Phocaeicola	g__Prevotella	g__Pseudobutyricicoccus	g__Pseudoflavonifractor_A	g__Pseudoscilispira	g__Roseburia	g__Roseburia_D	g__Rothia	g__Ruminiclostridium_E	g__Ruminococcus_B	g__Ruminococcus_C	g__Ruminococcus_E	g__Ruthenibacterium	g__Sarcina	g__Schaedlerella	g__Sellimonas	g__Streptococcus	g__Sutterella	g__Terrisporobacter	g__Thomasclavelia	g__Turicibacter	g__Tyzzerella	g__UBA3402	g__URXU01	g__Veillonella	g__Vescimonas	g__Weissella	g__Wujia
g__Acetatifactor	1.0	0.9394157693174138	0.946498977460143	0.8998689059977648	0.8665845314685314	0.7704102774157513	0.6871341958041958	0.6568421621621622	0.9897273514970636	0.4337787915407855	0.680893268547049	0.6825827122641509	0.9569073637233025	0.9961180568631143	0.8140818284424379	0.9848826121241991	0.9961180568631143	0.8238498125585754	0.950904347826087	0.6465969181721573	0.4363083233532934	0.8599375212224109	0.8171817525276841	0.9956073730098559	0.7750386573220214	0.8038500991080278	0.986429363449692	0.8538512437095616	0.8709948044769933	0.4775826237623762	0.5993712696941612	0.5865909326424871	0.4128404651162791	0.6283183431952664	0.9753587002518892	0.9013933844441697	0.8339435987212666	0.7012170026881721	0.868129209717956	0.8552155832974603	0.6521102685624013	0.7011691840863116	0.44071498237367807	0.804207058242843	0.9143113238967527	0.9805175643327348	0.7325971153846154	0.63116484375	0.9531462235649548	0.7074528596568412	0.8529848835527268	0.7834717076700435	0.9467077024213871	0.8815157279489904	0.9991172684019032	0.4263928616550853	0.6151648121176814	0.9883760806074767	0.5891529411764707	0.45580419847328246	0.9723809334960342	0.491218568019093	0.9901575612097935	0.9612649471591503	0.8193240326191237	0.6327394846217789	0.9094001577669902	0.9531462235649548	0.19550404858299592	0.8387356020942408	0.09055696202531645	0.9336410396716825	0.4527420233463035	0.9755552748137709	0.27836575875486386	0.9710772314597572	0.8684150027886225	0.8434673913043478	0.7258421739130435	0.3943739350180505	0.7720915756341419	0.7108418358531318	0.8247544774957172	0.8868987252861602	0.9558225607158074	0.9074036223929748	0.8684150027886225	0.655027129174217	0.8157010135135135	0.7610145793681005	0.6807701474785918	0.7480268527619423	0.5427219708588956	0.9013933844441697	0.6744386933461909	0.28409386281588445	0.45580419847328246	0.9595665160748056	0.4128404651162791	0.897131047067707	0.8238498125585754	0.8025045908183633	0.795311050197019	0.8448548387096774	0.1296797583081571	0.9415354122265844	0.25212334801762115	0.6655970846946468	0.9535071820824809	0.6667858074222668	0.7859163751987283	0.8837626084669996	0.5242180944421229	0.49408561452513966	0.9686438135332169	0.47073392226148414	0.6009886029411764	0.6649054197126292	0.7744879157427939	0.5608179858657244	0.35445086705202317	0.9037813292307691	0.47073392226148414	0.9030292673902318	0.9753587002518892	0.5458566742081448	0.9842317521494218	0.5733791386271871	0.802136873747495	0.3088880597014925	0.6655970846946468	0.843377111111111	0.22982372322899505	0.8256538043478261	0.8880827586206896	0.8097058966861599	0.7858733759318425	0.8950000381242852	0.9806906138259833	0.9434263349917081	0.7874654774396642	0.8075871057362314	0.343392	0.7017345174262736	0.655027129174217	0.9217266032417194	0.964433053482587
g__Acutalibacter	0.9394157693174138	1.0	0.9745688239457984	0.3088880597014925	0.9613818438381937	0.7085889034799738	0.8262936569478909	0.9070171788906575	0.7602578092142993	0.9848826121241991	0.33407830188679244	0.09055696202531645	0.062389534883720926	0.8692259248956886	0.09055696202531645	0.5733791386271871	0.6094775836541309	0.919601307882644	0.8157010135135135	0.7668463102409638	0.8811227387771413	0.9467077024213871	0.802136873747495	0.9117160720720722	0.7222097698744769	0.941766089191908	0.7017345174262736	0.8815157279489904	0.9737771240506329	0.7893940748440748	0.802136873747495	0.49030905151661053	0.82306382477626	0.33658118081180816	0.1718924485125858	0.804207058242843	0.9841438421208825	0.860959757644075	0.8758389705882355	0.7990276671771313	0.6412462246278755	0.9377496835443039	0.8450662499999999	0.5865909326424871	0.9426811044577511	0.8262936569478909	0.7859163751987283	0.919601307882644	0.5432952	0.7507524513618676	0.54950051986632	0.686392778686609	0.55916175	0.44071498237367807	0.9554701889209095	0.795311050197019	0.5334865008156606	0.548571284540702	0.8472668666764231	0.2628	0.7085889034799738	0.1601641791044776	0.9566820038289724	0.9880046858256212	0.5242180944421229	0.7165420817369093	0.8743995346927603	0.941766089191908	0.37903846153846155	0.9426007336594041	0.7495934573947111	0.8252689735614308	0.6579108600770219	0.7030325005576623	0.4928122748815166	0.5673356557377048	0.8308455340699815	0.9753587002518892	0.4184810546875	0.9103475832828589	0.9245995460893854	0.33407830188679244	0.8385101138747377	0.5041119122257053	0.9743704554655871	0.3004199328107503	0.9217266032417194	0.6407698451507743	0.9750634365231421	0.8627681722245674	0.7119406189555125	0.5997220411927451	0.7258421739130435	0.9100398132427845	0.7030325005576623	0.9759478020319887	0.5354607795371498	0.8792459662288932	0.9981393350765783	0.062389534883720926	0.9329485380116959	0.28409386281588445	0.062389534883720926	0.9618155555555555	0.9254817357964448	0.9467077024213871	0.3452582608695652	0.548571284540702	0.8217584605698096	1.0	0.9606446922110552	0.5570141300399564	0.5642417041912019	0.9654682142487849	0.804207058242843	0.9710772314597572	0.7352722222222222	0.9825143267611216	0.9897273514970636	0.5134028904227782	0.4988544251824818	0.6905402216578157	0.9549363665491829	0.9806906138259833	0.5041119122257053	0.6733330168005843	0.9253100267535186	0.545098975720789	0.8373016671673175	0.5193012858979854	0.6733330168005843	0.6733330168005843	0.989982702287142	0.9237969484391441	0.7480268527619423	0.9209364909390445	0.9267908215363192	0.9543520299946439	0.55916175	0.7412067323151126	0.6781127965492451	0.8341803191489361	0.9377496835443039	0.9558225607158074	0.919601307882644	0.9887924345295829	0.8619859738065062
g__Adlercreutzia	0.946498977460143	0.9745688239457984	1.0	0.9998385562395076	0.8387356020942408	0.7788692223439211	0.7071144275314362	0.796395594262295	0.9237969484391441	0.8868987252861602	0.7187830390920554	0.901716810770751	0.9974391247428465	0.8279478683966636	0.8362343844296922	0.6721990935815776	0.7174452986022871	0.7750386573220214	0.9961180568631143	0.5580740513191181	0.8849700471698112	0.8945457702582369	0.7854097326203209	0.9956073730098559	0.9451784479911943	0.882681649321565	0.8880827586206896	0.8132438531219671	0.9848826121241991	0.8025045908183633	0.9961180568631143	0.9326805785123967	0.986429363449692	0.9167230760095013	0.5096280369718309	0.7095590463749184	0.7108418358531318	0.9660890987921957	0.625059385665529	0.9178548914976876	0.7063052619942516	0.8724294133847426	0.9329485380116959	0.9961180568631143	0.7744879157427939	0.7834717076700435	0.9352795779441796	0.8817897218543046	0.49408561452513966	0.6424118218623481	0.7428989017571885	0.49322295774647884	0.9431784196547145	0.7874654774396642	0.43905338479809974	0.9847083555555557	0.6940411118737132	0.8520989847715735	0.8025045908183633	0.343392	0.9005305000620425	0.8071524799476184	0.3181993865030675	0.816507874015748	0.9377496835443039	0.6568421621621622	0.969148599281683	0.40250584551148233	0.5570141300399564	0.5720783108108108	0.9836661486687124	0.8799993850267379	0.8030424418604651	0.9858209185680566	0.804207058242843	0.8578076890217856	0.7890386391251518	0.8754198279393691	0.5720783108108108	0.8766127954360229	0.9599052217678515	0.9090907909124043	0.8767603960396041	0.9415354122265844	0.6698890625	0.9887924345295829	0.6459770194614769	0.882681649321565	0.7864628992628994	0.9889699583292955	0.28409386281588445	0.9467077024213871	0.6293912359550563	0.9585543436905516	0.8472668666764231	0.8804923076923076	0.9978827102803738	0.8758389705882355	0.9025963333333333	0.7258421739130435	0.860959757644075	0.6272387789711702	0.8733403489490315	0.970576615290395	0.8476785557986871	0.9745688239457984	0.8347778366914103	0.8038500991080278	0.3264582924435721	0.5874029013539651	0.7535325608342989	0.7834717076700435	0.8607818797629128	0.7883770480349344	0.7890386391251518	0.8717920606478292	0.9434263349917081	0.7048326743669481	0.8538512437095616	0.6604112496818528	0.9593462088547692	0.9132247670250897	0.8578076890217856	0.8821594655377695	0.9531462235649548	0.9183308447704686	0.5512336908284023	0.5673356557377048	0.6239594293865905	0.7048326743669481	0.407792590074779	0.8334677714983961	0.9806906138259833	0.6195470960322025	0.9419951219512195	0.8817698859113823	0.6934899518238128	0.8537814201353882	0.8537814201353882	0.5922888538048627	0.9239713067850053	0.8968001640378549	0.7303440419839473	0.795311050197019	0.8896251640293323	0.7507524513618676	0.8535176878612717
g__Agathobacter	0.8998689059977648	0.3088880597014925	0.9998385562395076	1.0	0.5427219708588956	0.38612293853073465	0.37942044581091466	0.9528868079584775	0.8456494565217391	0.5945689622935495	0.18343589743589744	0.3452582608695652	0.860959757644075	0.1478099173553719	0.8837626084669996	0.4805162068965517	0.9471570177359317	0.7704102774157513	0.6521102685624013	0.1296797583081571	0.8874970027247956	0.9318733678756476	0.954148966853207	0.45580419847328246	0.9618312942892873	0.5733791386271871	0.5626362014690451	0.5559433734939758	0.8290858881528269	0.8692259248956886	0.8238498125585754	0.9124308678973868	0.6351663819233949	0.6721990935815776	0.5203324393358876	0.20285444234404537	0.3823783169067475	0.7409860366713682	0.42856931249999997	0.42856931249999997	0.9948797522629824	0.6897253658536586	0.28409386281588445	0.9897273514970636	0.8328463832390273	0.5739002008032128	0.9887924345295829	0.457415397082658	0.9426811044577511	0.5314944285129045	0.7893940748440748	0.616389136087836	0.38978428465530024	0.7762767138393678	0.8717920606478292	0.45109266211604093	0.8811436893203882	0.062389534883720926	0.6081647656016721	0.55916175	0.40250584551148233	0.1296797583081571	0.7258421739130435	0.8135321330534473	0.25212334801762115	0.6905402216578157	0.8426023370050609	0.22982372322899505	0.46454302872062664	0.9855409547244095	0.9558225607158074	0.8328463832390273	0.062389534883720926	0.8821594655377695	0.6054215644820297	0.9805175643327348	0.9961180568631143	0.5413055491329479	0.897131047067707	0.983090522875817	0.655027129174217	0.24574809160305341	0.6407698451507743	0.9037813292307691	0.8698320963721962	0.7095590463749184	0.8885700232378001	0.09055696202531645	0.24574809160305341	0.9585543436905516	0.7254540287320425	0.7671334710743801	0.5046238454706927	0.27836575875486386	0.43146607687614397	0.3943739350180505	0.7766787600880412	0.742170084269663	0.8381580882352941	0.45109266211604093	0.4956203883495146	0.28409386281588445	0.5203324393358876	0.5591996807378503	0.9593462088547692	0.2212577319587629	0.8238498125585754	0.7902947914864163	0.7862841325811001	0.9893240785527715	0.8110841704471808	0.6382336974330967	0.8861692870201097	0.75027034509651	0.9415354122265844	0.44182804878048787	0.9072012822078398	0.6344822455752213	0.8262936569478909	0.8529848835527268	0.989982702287142	0.2587617021276596	0.3004199328107503	0.7063052619942516	0.062389534883720926	0.7812183640007287	0.895903292389515	0.20285444234404537	0.9701684323550466	0.9371245838523384	0.8869101818181818	0.9753587002518892	0.5806787859007833	0.9237969484391441	0.5642417041912019	0.6690528972892315	0.8743995346927603	0.548571284540702	0.4263928616550853	0.7156288547664746	0.9855409547244095	0.820133009244501	0.655027129174217	0.7340416309012876	0.7105031942633638	0.8450662499999999	0.9901575612097935
g__Agathobaculum	0.8665845314685314	0.9613818438381937	0.8387356020942408	0.5427219708588956	1.0	0.8025045908183633	0.8256538043478261	0.5659982050396962	0.7832732824427482	0.7320491490670494	0.37942044581091466	0.2924324644549763	0.804207058242843	0.7488115384615386	0.5688634909833277	0.34051223934723485	0.4263928616550853	0.8195983240223463	0.18343589743589744	0.5967971384136858	0.7258421739130435	0.7208696480938417	0.9142310981419725	0.2212577319587629	0.5739002008032128	0.8417567789034565	0.4625625789473684	0.3823783169067475	0.8345428679817904	0.9459431400594126	0.9595665160748056	0.34675	0.8648640942893223	0.8792459662288932	0.9701684323550466	0.11178125	0.11178125	0.8206760641677254	0.062389534883720926	0.1718924485125858	0.9774143530591776	0.6439178023161863	0.4732839438033116	0.7074528596568412	0.895903292389515	0.20285444234404537	0.20285444234404537	0.062389534883720926	0.4585063636363636	0.8025045908183633	0.7428989017571885	0.8381580882352941	0.1478099173553719	0.3997675352112676	0.7108418358531318	0.8014450865110029	0.715170558050032	0.5626362014690451	0.7412067323151126	0.4625625789473684	0.7325971153846154	0.37942044581091466	0.8920521505376344	0.8761072069621975	0.9037813292307691	0.34675	0.995554743139303	0.9528868079584775	0.4775826237623762	0.9887924345295829	0.3487575	0.9801366007194245	0.45109266211604093	0.8976598504672898	0.6549619963608005	0.4363083233532934	0.2212577319587629	0.74633775044634	0.8157010135135135	0.663370909090909	0.9619471267957526	0.4527420233463035	0.062389534883720926	0.3088880597014925	0.8448548387096774	0.5134028904227782	0.8792459662288932	0.7345833401305056	0.9013933844441697	0.9543520299946439	0.7108418358531318	0.9948797522629824	0.49030905151661053	0.19550404858299592	0.062389534883720926	0.7854097326203209	0.7851293484114162	0.46982308868501527	0.7859163751987283	0.6094775836541309	0.9947304057279236	0.5384594306049822	0.9948797522629824	0.44071498237367807	0.3004199328107503	0.42856931249999997	0.09055696202531645	0.062389534883720926	0.4836581167238842	0.897131047067707	0.8295806080147397	0.5413055491329479	0.5591996807378503	0.5759996043521266	0.5413055491329479	0.5384594306049822	0.5759996043521266	0.8891597424339986	0.6595264931087289	0.2212577319587629	0.7862841325811001	0.3452582608695652	0.778331126554499	0.9887924345295829	0.8367172668374264	0.9426811044577511	0.9254817357964448	0.2628	0.407792590074779	0.625059385665529	0.9723809334960342	0.9528868079584775	0.7858733759318425	0.5371951503006012	0.7637982944855031	0.34051223934723485	0.37942044581091466	0.7649620670073821	0.27836575875486386	0.8339435987212666	0.7089204932343954	0.9861973562653562	0.74633775044634	0.2212577319587629	0.9578647283531408	0.7063052619942516	0.7857818181818181
g__Alistipes	0.7704102774157513	0.7085889034799738	0.7788692223439211	0.38612293853073465	0.8025045908183633	1.0	0.3943739350180505	0.9352795779441796	0.7750386573220214	0.39781350000000004	0.7187830390920554	0.33658118081180816	0.4054589814177563	0.9759478020319887	0.768998052069676	0.6549619963608005	0.7119406189555125	0.8655196804037006	0.41034536290322576	0.700489116719243	0.8339435987212666	0.727724303693006	0.9961180568631143	0.93586	0.9667976576204727	0.9906013228527607	0.8525425115874854	0.27040981432360744	0.6909439917127072	0.986429363449692	0.5458566742081448	0.768998052069676	0.8976598504672898	0.8339435987212666	0.575116197416363	0.4805162068965517	0.6604112496818528	0.9649452144188937	0.55916175	0.5891529411764707	0.9231224578256794	0.27836575875486386	0.9336410396716825	0.680321331424481	0.9405618897637796	0.8864130672926447	0.8525425115874854	0.655027129174217	0.5739002008032128	0.2813370786516854	0.5945689622935495	0.09055696202531645	0.575116197416363	0.407792590074779	0.8758389705882355	0.5905143497757848	0.802136873747495	0.11178125	0.2587617021276596	0.46673452566096424	0.27836575875486386	0.2587617021276596	0.35916000000000003	0.5270201982651797	0.2813370786516854	0.5945689622935495	0.5409223515715949	0.9825143267611216	0.5688634909833277	0.6412462246278755	0.33658118081180816	0.7716763636363637	0.45109266211604093	0.9228383135921191	0.8837626084669996	0.95488782785569	0.9957750213048007	0.8493226299694189	0.9217266032417194	0.74633775044634	0.8476785557986871	0.3004199328107503	0.7345833401305056	0.9842317521494218	0.6744386933461909	0.8411605757756563	0.9228383135921191	0.5673356557377048	0.5270201982651797	0.7156288547664746	0.1718924485125858	0.5478373027798648	0.9974391247428465	0.7325971153846154	0.7610145793681005	0.8937483809280979	0.7480268527619423	0.4304338071693449	0.6655970846946468	0.32322289156626505	0.6075000899550225	0.7356595006090134	0.7902947914864163	0.8450662499999999	0.6649054197126292	0.34675	0.8235849012229539	0.5905143497757848	0.6094775836541309	0.5865909326424871	0.6272387789711702	0.11178125	0.8896251640293323	0.3295508637236085	0.9072012822078398	0.5458566742081448	0.5945689622935495	0.7704102774157513	0.9686438135332169	0.4585063636363636	0.795311050197019	0.3181993865030675	0.5936154185022027	0.9183308447704686	0.4304338071693449	0.995554743139303	0.63116484375	0.8754198279393691	0.45109266211604093	0.523452398989899	0.8627681722245674	0.8058818942875903	0.820133009244501	0.9948797522629824	0.9543520299946439	0.7030325005576623	0.768998052069676	0.3706289156626506	0.5997220411927451	0.7071144275314362	0.7063052619942516	0.8097058966861599	0.6094775836541309	0.47073392226148414	0.9713838423946243	0.42389846841097634	0.8781229894394802
g__Alistipes_A	0.6871341958041958	0.8262936569478909	0.7071144275314362	0.37942044581091466	0.8256538043478261	0.3943739350180505	1.0	0.8025045908183633	0.8950000381242852	0.6094775836541309	0.21154301075268817	0.49690587425424504	0.9515839443054499	0.6757224975938402	0.8976598504672898	0.7254540287320425	0.6126608440797187	0.8345428679817904	0.5478373027798648	0.6718745575221238	0.9426811044577511	0.9065912856967766	0.8345428679817904	0.6495377777777778	0.8758389705882355	0.4805162068965517	0.548571284540702	0.6230308617234469	0.9167230760095013	0.8515306374328444	0.9880046858256212	0.8692259248956886	0.9649452144188937	0.8936335120643432	0.9131427563105635	0.6549619963608005	0.577823076923077	0.7085889034799738	0.4928122748815166	0.49690587425424504	0.7864628992628994	0.34675	0.8792459662288932	0.9543520299946439	0.9124308678973868	0.625059385665529	0.55916175	0.2813370786516854	0.8476785557986871	0.44071498237367807	0.5744157123834887	0.800529344345188	0.11178125	0.5669624871178289	0.8025045908183633	0.3181993865030675	0.9261904667905247	0.19550404858299592	0.7572884622768286	0.34675	0.45109266211604093	0.2628	0.9554701889209095	0.49322295774647884	0.5669624871178289	0.6081647656016721	0.8976598504672898	0.779973851203501	0.6949063455832002	0.9094001577669902	0.7535325608342989	0.8717920606478292	0.3706289156626506	0.8177228365384615	0.9172349946600213	0.7242753753127605	0.5267214404662781	0.8785563283461383	0.8279478683966636	0.705648869680851	0.5270201982651797	0.4527420233463035	0.5409223515715949	0.7851293484114162	0.8256538043478261	0.6009886029411764	0.6351663819233949	0.6212036144578313	0.616389136087836	0.75027034509651	0.5512336908284023	0.6129316802800466	0.9560490794934554	0.7773637795275591	0.4775826237623762	0.7119406189555125	0.7320491490670494	0.22982372322899505	0.663370909090909	0.6071954805664356	0.6721990935815776	0.7089204932343954	0.8193240326191237	0.7229423173277661	0.6905402216578157	0.45541605960264897	0.9654682142487849	0.5334865008156606	0.4152798291721419	0.7515242959798019	0.8976598504672898	0.3264582924435721	0.8627681722245674	0.6099459905660378	0.8736144052682124	0.5642417041912019	0.5865909326424871	0.8727053630363037	0.4598188029661017	0.8821594655377695	0.5103082532751092	0.3823783169067475	0.663370909090909	0.6040477611940298	0.20285444234404537	0.8792459662288932	0.6909439917127072	0.4337787915407855	0.5409223515715949	0.5669624871178289	0.8817897218543046	0.8811436893203882	0.9394157693174138	0.843377111111111	0.9847083555555557	0.5384594306049822	0.8448548387096774	0.7165420817369093	0.38612293853073465	0.8782678653508179	0.7846572201189833	0.9426007336594041	0.6839344827586207	0.6450705882352942	0.8960140743550835	0.6723572614107883	0.995554743139303
g__Alitiscatomonas	0.6568421621621622	0.9070171788906575	0.796395594262295	0.9528868079584775	0.5659982050396962	0.9352795779441796	0.8025045908183633	1.0	0.5171399224806201	0.8515306374328444	0.7581841288096607	0.8238498125585754	0.6897253658536586	0.5840615634122608	0.9108269732078205	0.4527420233463035	0.42856931249999997	0.8387356020942408	0.42389846841097634	0.5673356557377048	0.9887924345295829	0.5608179858657244	0.8984372727272727	0.8266758284298544	0.1296797583081571	0.8476785557986871	0.8867717076983196	0.3452582608695652	0.9978827102803738	0.7874654774396642	0.8766127954360229	0.7495934573947111	0.9599052217678515	0.8214835677042186	0.6129316802800466	0.8177228365384615	0.655027129174217	0.8945457702582369	0.18343589743589744	0.5334865008156606	0.9897273514970636	0.662501342111927	0.9425604006677797	0.9848826121241991	0.9394157693174138	0.9103475832828589	0.25212334801762115	0.9889699583292955	0.8974505443624078	0.968337385674648	0.6327394846217789	0.6744386933461909	0.1601641791044776	0.8381580882352941	0.9284793678360541	0.5918907648365598	0.897131047067707	0.800529344345188	0.3997675352112676	0.6909439917127072	0.6394179738562091	0.7610145793681005	0.795311050197019	0.969148599281683	0.6807701474785918	0.9527566789348344	0.7910566096423017	0.9897273514970636	0.7757301786043086	0.9045454243542436	0.5642417041912019	0.9974391247428465	0.8888079422382672	0.968337385674648	0.18343589743589744	0.969148599281683	0.7671334710743801	0.9336410396716825	0.8397127802690583	0.6940411118737132	0.9822296579077838	0.6163158536585366	0.6698890625	0.6099459905660378	0.8456494565217391	0.9713838423946243	0.7890386391251518	0.8187864691753403	0.6823047089446285	0.6054215644820297	0.9431784196547145	0.9806906138259833	0.5688634909833277	0.3088880597014925	0.8811436893203882	0.5642380753138074	0.49322295774647884	0.4956203883495146	0.8698320963721962	0.54950051986632	0.9887924345295829	0.9884584808403035	0.7857818181818181	0.9426811044577511	0.8860407218517066	0.9593462088547692	0.9108269732078205	0.720130289672544	0.8902040359897172	0.9314958165264493	0.9895006765899865	0.5478373027798648	0.8135321330534473	0.5997220411927451	0.5314944285129045	0.9938200324954601	0.742170084269663	0.8217508675078864	0.4956203883495146	0.7659797511312217	0.7999571985755469	0.7352722222222222	0.8434673913043478	0.8867717076983196	0.8458589969203695	0.9974391247428465	0.4732839438033116	0.5432952	0.6094775836541309	0.7851293484114162	0.7480268527619423	0.7017345174262736	0.8972349479232025	0.9773182831325302	0.8640858587277068	0.5427219708588956	0.8529848835527268	0.7610145793681005	0.8597573189740683	0.9897273514970636	0.5997220411927451	0.6412462246278755	0.9934590665646519	0.8804923076923076	0.9467077024213871	0.8071524799476184	0.8761072069621975
g__Allocoprobacillus	0.9897273514970636	0.7602578092142993	0.9237969484391441	0.8456494565217391	0.7832732824427482	0.7750386573220214	0.8950000381242852	0.5171399224806201	1.0	0.919601307882644	0.8450662499999999	0.7984244376278118	0.4304338071693449	0.7535325608342989	0.4337787915407855	0.5907348837209303	0.9467077024213871	0.843377111111111	0.9382202371541501	0.8601171634411641	0.9115219843656044	0.6009886029411764	0.9543520299946439	0.8932899156441718	0.6681363363363363	0.9654682142487849	0.5033638374717834	0.8817698859113823	0.9124308678973868	0.63116484375	0.39192841490138786	0.4625625789473684	0.6825827122641509	0.33658118081180816	0.7871029612756265	0.5659982050396962	0.7428327392871447	0.9426811044577511	0.3295508637236085	0.46769091375770017	0.7530599187149215	0.9419951219512195	0.941766089191908	0.739867372881356	0.9336410396716825	0.6718745575221238	0.700489116719243	0.7788692223439211	0.9558225607158074	0.8937483809280979	0.7017345174262736	0.9654682142487849	0.5570141300399564	0.8486250000000001	0.9851635083226633	0.8597573189740683	0.8206859248692344	0.30626344676180023	0.7773637795275591	0.8092430295124735	0.8782678653508179	0.9897273514970636	0.795311050197019	0.6698890625	0.9336410396716825	0.46454302872062664	0.7011691840863116	0.8373016671673175	0.9436083388484447	0.5626362014690451	0.5409223515715949	0.8817698859113823	0.4527420233463035	0.8350120235934664	0.6715477799703995	0.7773637795275591	0.5570141300399564	0.6549619963608005	0.755925549132948	0.8749102392344498	0.5659982050396962	0.5759996043521266	0.9897273514970636	0.75027034509651	0.8817897218543046	0.986429363449692	0.6825827122641509	0.8293336665641341	0.7187830390920554	0.6071954805664356	0.8902040359897172	0.7692789385161652	0.4527420233463035	0.8341803191489361	0.5642417041912019	0.5033638374717834	0.717741858500528	0.9336410396716825	0.6239594293865905	0.6151648121176814	0.7409860366713682	0.2924324644549763	0.46454302872062664	0.9651570009313878	0.821085377433138	0.8957922013695155	0.7535325608342989	0.9111080173347779	0.7649620670073821	0.41034536290322576	0.5673356557377048	0.8792459662288932	0.7610145793681005	0.989982702287142	0.884824471021159	0.4928122748815166	0.9810743523573202	0.8206859248692344	0.821085377433138	0.8868987252861602	0.680321331424481	0.868129209717956	0.9906013228527607	0.802136873747495	0.7012170026881721	0.989982702287142	0.5203324393358876	0.6495377777777778	0.727724303693006	0.9651570009313878	0.6535590646347872	0.4527420233463035	0.9245995460893854	0.9805175643327348	0.6871341958041958	0.793120641489912	0.696243322698268	0.9505636601592322	0.3487575	0.5945689622935495	0.6195470960322025	0.6254431605777401	0.6351663819233949	0.9419951219512195	0.8025045908183633	0.8538512437095616	0.8035375641237796
g__Amedibacterium	0.4337787915407855	0.9848826121241991	0.8868987252861602	0.5945689622935495	0.7320491490670494	0.39781350000000004	0.6094775836541309	0.8515306374328444	0.919601307882644	1.0	0.9558225607158074	0.9411762883125632	0.6535590646347872	0.7957861467419189	0.7854097326203209	0.7735055689176689	0.9045454243542436	0.9696527638190955	0.8025045908183633	0.28409386281588445	0.9951436732362182	0.7834717076700435	0.6254431605777401	0.7610145793681005	0.9887924345295829	0.9883760806074767	0.8749102392344498	0.9482609009403018	0.9159925490196079	0.8599375212224109	0.738894846402587	0.7258421739130435	0.8092430295124735	0.6989605388272584	0.9531462235649548	0.9616993315926893	0.42856931249999997	0.9938200324954601	0.7477767984189724	0.6723572614107883	0.7996290519877676	0.800529344345188	0.1478099173553719	0.9524198483206935	0.9721794503816793	0.7996290519877676	0.7999571985755469	0.8665845314685314	0.8853320769532784	0.5570141300399564	0.8861692870201097	0.9806906138259833	0.685326393442623	0.24574809160305341	0.9426007336594041	0.5384594306049822	0.9352795779441796	0.9434653489399294	0.24574809160305341	0.54950051986632	0.7488115384615386	0.3295508637236085	0.9841438421208825	0.6702233564013841	0.9878253802652106	0.6040477611940298	0.7303440419839473	0.9192387268217787	0.3181993865030675	0.7325971153846154	0.5413055491329479	0.9535071820824809	0.7254540287320425	0.9774143530591776	0.54950051986632	0.9336410396716825	0.8785563283461383	0.9411762883125632	0.9883760806074767	0.39192841490138786	0.8140818284424379	0.8071524799476184	0.9081383033106135	0.8097058966861599	0.7766787600880412	0.9737771240506329	0.919601307882644	0.9134969967822667	0.7883770480349344	0.884824471021159	0.630281019036954	0.343392	0.9686438135332169	0.3264582924435721	0.8627681722245674	0.46982308868501527	0.5610413974719102	0.67364952681388	0.4490757175660161	0.8936335120643432	0.9926226324851731	0.9880046858256212	0.9522889587852494	0.8448548387096774	0.44071498237367807	0.9267908215363192	0.41034536290322576	0.5997220411927451	0.6163158536585366	0.8238498125585754	0.9515839443054499	0.6458711646586346	0.5744157123834887	0.33658118081180816	0.30626344676180023	0.7871029612756265	0.6327394846217789	0.8486250000000001	0.7938759428276219	0.800529344345188	0.3295508637236085	0.6351663819233949	0.5739002008032128	0.9745688239457984	0.9524198483206935	0.738894846402587	0.9981393350765783	0.5286141741988497	0.45109266211604093	0.28409386281588445	0.9336410396716825	0.8758389705882355	0.39192841490138786	0.1601641791044776	0.5982740465116279	0.7610145793681005	0.8555942497496781	0.9124308678973868	0.4128404651162791	0.95488782785569	0.343392	0.9533782688369086	0.3487575	0.7858733759318425	0.5409223515715949	0.6351663819233949	0.8411605757756563
g__Anaerobutyricum	0.680893268547049	0.33407830188679244	0.7187830390920554	0.18343589743589744	0.37942044581091466	0.7187830390920554	0.21154301075268817	0.7581841288096607	0.8450662499999999	0.9558225607158074	1.0	0.4527420233463035	0.6075000899550225	0.3452582608695652	0.778331126554499	0.5669624871178289	0.1478099173553719	0.7089204932343954	0.09055696202531645	0.062389534883720926	0.968337385674648	0.6989605388272584	0.9131427563105635	0.5840615634122608	0.5922888538048627	0.5806787859007833	0.45580419847328246	0.4459878034682081	0.8092430295124735	0.9613818438381937	0.7525852598913886	0.9054034249938621	0.8869101818181818	0.9595665160748056	0.8387356020942408	0.24574809160305341	0.43146607687614397	0.5354607795371498	0.1718924485125858	0.34051223934723485	0.9713838423946243	0.28409386281588445	0.44182804878048787	0.7766787600880412	0.9394157693174138	0.44182804878048787	0.21154301075268817	0.062389534883720926	0.5794458715596331	0.6094775836541309	0.21154301075268817	0.8698320963721962	0.062389534883720926	0.21154301075268817	0.8785563283461383	0.6681363363363363	0.6568421621621622	0.062389534883720926	0.952261179281138	0.3129875	0.5016900954111768	0.062389534883720926	0.6949063455832002	0.8110841704471808	0.4363083233532934	0.5720783108108108	0.9124308678973868	0.7017345174262736	0.1296797583081571	0.7288855995055624	0.7477767984189724	0.9750634365231421	0.062389534883720926	0.805177761341223	0.7174452986022871	0.23960765550239232	0.24574809160305341	0.49322295774647884	0.8456494565217391	0.49408561452513966	0.8868987252861602	0.1478099173553719	0.3129875	0.407792590074779	0.9108269732078205	0.6949063455832002	0.8097058966861599	0.44071498237367807	0.6094775836541309	0.8792459662288932	0.7854097326203209	0.5669624871178289	0.5905143497757848	0.33658118081180816	0.24574809160305341	0.8552155832974603	0.8837626084669996	0.062389534883720926	0.7864628992628994	0.2980833333333333	0.5384594306049822	0.4490757175660161	0.6690528972892315	0.1601641791044776	0.34051223934723485	0.18343589743589744	0.3181993865030675	0.1296797583081571	0.37354746835443037	0.8565812500000001	0.6721990935815776	0.34051223934723485	0.7412067323151126	0.2628	0.7174452986022871	0.6771639923132357	0.23960765550239232	0.8206760641677254	0.9070171788906575	0.5794458715596331	0.7428327392871447	0.1478099173553719	0.5361172983870968	0.6655970846946468	0.44182804878048787	0.8538512437095616	0.7923632533241236	0.18343589743589744	0.5608179858657244	0.5759996043521266	0.44071498237367807	0.8358764732547597	0.680321331424481	0.7345833401305056	0.6823047089446285	0.6897253658536586	0.6723572614107883	0.720130289672544	0.4753292974588939	0.33658118081180816	0.9948797522629824	0.717741858500528	0.6412462246278755	0.062389534883720926	0.9549363665491829	0.8238498125585754	0.9131427563105635
g__Anaerofustis	0.6825827122641509	0.09055696202531645	0.901716810770751	0.3452582608695652	0.2924324644549763	0.33658118081180816	0.49690587425424504	0.8238498125585754	0.7984244376278118	0.9411762883125632	0.4527420233463035	1.0	0.9297800994449583	0.4227153298835705	0.9519228562112815	0.8966907126611069	0.8273126353232292	0.8736144052682124	0.3943739350180505	0.8214835677042186	0.7451014934289129	0.995554743139303	0.5642417041912019	0.25212334801762115	0.6129316802800466	0.882681649321565	0.8011227869404242	0.5720783108108108	0.9431784196547145	0.9111080173347779	0.8785563283461383	0.8885700232378001	0.9745688239457984	0.7851293484114162	0.5610413974719102	0.5046238454706927	0.7451014934289129	0.7857818181818181	0.6698890625	0.7671334710743801	0.8985427558761347	0.5759996043521266	0.6568421621621622	0.9512444420250409	0.5432952	0.54950051986632	0.5071370026525198	0.062389534883720926	0.9799504505406489	0.6702233564013841	0.8972349479232025	0.7258421739130435	0.3181993865030675	0.9065912856967766	0.9842317521494218	0.7488115384615386	0.9081383033106135	0.6561065840433773	0.8157010135135135	0.6327394846217789	0.6024306047648136	0.4753292974588939	0.616389136087836	0.4956203883495146	0.768998052069676	0.9362274807430901	0.7325971153846154	0.7288855995055624	0.457415397082658	0.2813370786516854	0.40250584551148233	0.9861973562653562	0.7119406189555125	0.75027034509651	0.4128404651162791	0.8884463348416289	0.8075871057362314	0.9108269732078205	0.5688634909833277	0.5669624871178289	0.5673356557377048	0.3706289156626506	0.4625625789473684	0.46454302872062664	0.5720783108108108	0.7288855995055624	0.9961180568631143	0.5033638374717834	0.7890386391251518	0.9362274807430901	0.6744386933461909	0.9887924345295829	0.9349153136741432	0.9748660779168349	0.3997675352112676	0.9103475832828589	0.3088880597014925	0.5286141741988497	0.9848826121241991	0.39781350000000004	0.9713838423946243	0.18343589743589744	0.5286141741988497	1.0	0.8486250000000001	0.7038561540173603	0.9217266032417194	0.804207058242843	0.6075000899550225	0.9231224578256794	0.6897253658536586	0.491218568019093	0.6283183431952664	0.6212036144578313	0.9897273514970636	0.8362343844296922	0.7923632533241236	0.5361172983870968	0.8906729999999999	0.4490757175660161	0.7071144275314362	0.46673452566096424	0.55916175	0.5580740513191181	0.2813370786516854	0.9938200324954601	0.9801366007194245	0.7370897789495032	0.6212036144578313	0.7893940748440748	0.680893268547049	0.9394157693174138	0.9030292673902318	0.9362274807430901	0.7990276671771313	0.769702088772846	0.8520989847715735	0.5591996807378503	0.7258421739130435	0.7525852598913886	0.8903245283018867	0.843377111111111	0.8968001640378549	0.6918217041800644	0.5041119122257053	0.9974391247428465	0.7063052619942516
g__Anaeromassilibacillus	0.9569073637233025	0.062389534883720926	0.9974391247428465	0.860959757644075	0.804207058242843	0.4054589814177563	0.9515839443054499	0.6897253658536586	0.4304338071693449	0.6535590646347872	0.6075000899550225	0.9297800994449583	1.0	0.8976598504672898	0.3004199328107503	0.062389534883720926	0.5334865008156606	0.986429363449692	0.6272387789711702	0.9686438135332169	0.9382202371541501	0.6163158536585366	0.2813370786516854	0.8884463348416289	0.1718924485125858	0.768998052069676	0.9318733678756476	0.8064519750860516	0.6733330168005843	0.8579918112027296	0.5512336908284023	0.9961180568631143	0.9773182831325302	0.6239594293865905	0.4527420233463035	0.8187864691753403	0.9701623771498772	0.6071954805664356	0.8966907126611069	0.7938759428276219	0.8936335120643432	0.9543520299946439	0.9431784196547145	0.37903846153846155	0.5591996807378503	0.6495377777777778	0.9318733678756476	0.55916175	0.9801366007194245	0.9974391247428465	0.577823076923077	0.9254817357964448	0.46454302872062664	0.8849700471698112	0.8767603960396041	0.7108418358531318	0.1601641791044776	0.55916175	0.9737771240506329	0.41034536290322576	0.8945457702582369	0.6283183431952664	0.8247544774957172	0.662501342111927	0.8448548387096774	0.7649620670073821	0.6549619963608005	0.5922888538048627	0.8974505443624078	0.9731805558373061	0.7480268527619423	0.989982702287142	0.895903292389515	0.4598188029661017	0.5384594306049822	0.5046238454706927	0.45580419847328246	0.9750634365231421	0.49408561452513966	0.9436083388484447	0.7862841325811001	0.7851293484114162	0.6718745575221238	0.9891471727343144	0.8775017482043638	0.43905338479809974	0.8849700471698112	0.986429363449692	0.9254817357964448	0.901716810770751	0.9411762883125632	0.457415397082658	0.7750386573220214	0.6972587445985899	0.7488115384615386	0.9037813292307691	0.9883760806074767	0.9887924345295829	0.8853320769532784	0.2212577319587629	0.9897273514970636	0.37354746835443037	0.11178125	0.5659982050396962	0.8634276637615969	0.820133009244501	0.3088880597014925	0.8035375641237796	0.8256538043478261	0.9773182831325302	0.4527420233463035	0.5642417041912019	0.8701131637168142	0.7535325608342989	0.970576615290395	0.49030905151661053	0.9209364909390445	0.7902947914864163	0.9806906138259833	0.575116197416363	0.6075000899550225	0.8792459662288932	0.7074528596568412	0.8434673913043478	0.7864628992628994	0.9549363665491829	0.7095590463749184	0.8312167483910511	0.7258421739130435	0.9515839443054499	0.4263928616550853	0.6327394846217789	0.8011227869404242	0.6549619963608005	0.8157010135135135	0.4956203883495146	0.9124308678973868	0.8247544774957172	0.40250584551148233	0.8224119635277471	0.952261179281138	0.796395594262295	0.5384594306049822	0.9649452144188937	0.680321331424481	0.5688634909833277	0.7572884622768286
g__Anaerostipes	0.9961180568631143	0.8692259248956886	0.8279478683966636	0.1478099173553719	0.7488115384615386	0.9759478020319887	0.6757224975938402	0.5840615634122608	0.7535325608342989	0.7957861467419189	0.3452582608695652	0.4227153298835705	0.8976598504672898	1.0	0.804207058242843	0.3452582608695652	0.7957861467419189	0.4527420233463035	0.3129875	0.662501342111927	0.3181993865030675	0.987369381775564	0.062389534883720926	0.09055696202531645	0.8599375212224109	0.7854097326203209	0.6129316802800466	0.4988544251824818	0.9584132189386717	0.4152798291721419	0.7525852598913886	0.9891471727343144	0.9842317521494218	0.717741858500528	0.7659797511312217	0.800529344345188	0.5936154185022027	0.49322295774647884	0.20285444234404537	0.11178125	0.5642417041912019	0.7108418358531318	0.2212577319587629	0.062389534883720926	0.27836575875486386	0.49690587425424504	0.2587617021276596	0.3452582608695652	0.8514560727272728	0.4152798291721419	0.8205355665181413	0.9986751610193224	0.4527420233463035	0.7085889034799738	0.7766787600880412	0.33407830188679244	0.8132438531219671	0.43146607687614397	0.9245995460893854	0.9948797522629824	0.3264582924435721	0.9387959823947636	0.8308455340699815	0.25212334801762115	0.35916000000000003	0.617882939481268	0.8238498125585754	0.7208696480938417	0.9961180568631143	0.6382336974330967	0.6833407904022583	0.7038561540173603	0.5033638374717834	0.9103475832828589	0.8339435987212666	0.7325971153846154	0.8599375212224109	0.4363083233532934	0.5409223515715949	0.8775017482043638	0.5907348837209303	0.5608179858657244	0.5432952	0.9084492765957447	0.804207058242843	0.6989605388272584	0.4928122748815166	0.5720783108108108	0.11178125	0.9679222794193348	0.9074036223929748	0.42856931249999997	0.8339435987212666	0.6949063455832002	0.7412067323151126	0.9297800994449583	0.7085889034799738	0.5922888538048627	0.9284793678360541	0.3706289156626506	0.8552155832974603	0.4527420233463035	0.5384594306049822	0.6439178023161863	0.7451014934289129	0.8579918112027296	0.9237969484391441	0.6081647656016721	0.21154301075268817	0.8279478683966636	0.45109266211604093	0.8648640942893223	0.800529344345188	0.6807701474785918	0.8754198279393691	0.3088880597014925	0.625059385665529	0.6382336974330967	0.9770256330385853	0.6718745575221238	0.6412462246278755	0.4598188029661017	0.5519363602941176	0.36642439024390244	0.25212334801762115	0.7409860366713682	0.1601641791044776	0.43905338479809974	0.11178125	0.7859163751987283	0.9938200324954601	0.9961180568631143	0.7063052619942516	0.7460498409542743	0.7352722222222222	0.457415397082658	0.7788692223439211	0.9237969484391441	0.6757224975938402	0.9806906138259833	0.5591996807378503	0.5314944285129045	0.6107688105726873	0.24574809160305341	0.9974391247428465	0.7310479975354282	0.6272387789711702
g__Anaerotignum	0.8140818284424379	0.09055696202531645	0.8362343844296922	0.8837626084669996	0.5688634909833277	0.768998052069676	0.8976598504672898	0.9108269732078205	0.4337787915407855	0.7854097326203209	0.778331126554499	0.9519228562112815	0.3004199328107503	0.804207058242843	1.0	0.7079446467749013	0.7720915756341419	0.8868987252861602	0.6382336974330967	0.7550217290621382	0.9334297891842347	0.7095590463749184	0.6254431605777401	0.727724303693006	0.9117160720720722	0.7412067323151126	0.9419951219512195	0.7972750469043153	0.6075000899550225	0.7834717076700435	0.680893268547049	0.47073392226148414	0.8025045908183633	0.343392	0.062389534883720926	0.5945689622935495	0.7480268527619423	0.8035375641237796	0.9253100267535186	0.950904347826087	0.6681363363363363	0.3295508637236085	0.8607818797629128	0.5242180944421229	0.5458566742081448	0.655027129174217	0.7834717076700435	0.7744879157427939	0.46454302872062664	0.5669624871178289	0.8998689059977648	0.6071954805664356	0.9619471267957526	0.5874029013539651	0.5405651437573848	0.9593462088547692	0.3004199328107503	0.6604112496818528	0.9855409547244095	0.9569073637233025	0.952261179281138	0.8538512437095616	0.9239713067850053	0.5371951503006012	0.8295806080147397	0.42389846841097634	0.7750386573220214	0.5642417041912019	0.9897273514970636	0.680321331424481	0.910544500907441	0.9810743523573202	0.491218568019093	0.9895006765899865	0.7089204932343954	0.55916175	0.5828494952784109	0.6368948844884489	0.7637982944855031	0.7428989017571885	0.8861692870201097	0.8458589969203695	0.7477767984189724	0.5993712696941612	0.685326393442623	0.6129316802800466	0.7258421739130435	0.9228383135921191	0.9822296579077838	0.5046238454706927	0.9334297891842347	0.8323509188361409	0.9134969967822667	0.5794458715596331	0.5267214404662781	0.7846572201189833	0.5267214404662781	0.4598188029661017	0.8106589581304771	0.4527420233463035	0.9616993315926893	0.8976598504672898	0.4227153298835705	0.45580419847328246	0.6450705882352942	0.5432952	0.11178125	0.6495377777777778	0.8853320769532784	0.6075000899550225	0.33658118081180816	0.8075871057362314	0.7071144275314362	0.7530599187149215	0.800529344345188	0.9906013228527607	0.9969900422733677	0.6781127965492451	0.7859163751987283	0.940710808988764	0.8927170653703466	0.9336410396716825	0.7345833401305056	0.9134969967822667	0.24574809160305341	0.6293912359550563	0.8214835677042186	0.6024306047648136	0.8799993850267379	0.8367172668374264	0.963493048628429	0.38978428465530024	0.8885700232378001	0.8698320963721962	0.1601641791044776	0.625059385665529	0.9549363665491829	0.7079446467749013	0.9805175643327348	0.7692789385161652	0.6604112496818528	0.6327394846217789	0.9745699090909091	0.6009886029411764	0.8972349479232025	0.7428989017571885	0.5519363602941176
g__Anaerotruncus	0.9848826121241991	0.5733791386271871	0.6721990935815776	0.4805162068965517	0.34051223934723485	0.6549619963608005	0.7254540287320425	0.4527420233463035	0.5907348837209303	0.7735055689176689	0.5669624871178289	0.8966907126611069	0.062389534883720926	0.3452582608695652	0.7079446467749013	1.0	0.9951436732362182	0.8701131637168142	0.47073392226148414	0.6327394846217789	0.8350120235934664	0.5538453846153847	0.55916175	0.75027034509651	0.5874029013539651	0.8976598504672898	0.9603255553227158	0.9321429951690822	0.8206859248692344	0.5659982050396962	0.8601171634411641	0.4184810546875	0.6054215644820297	0.9806906138259833	0.7618969213226909	0.6129316802800466	0.35916000000000003	0.868129209717956	0.18343589743589744	0.4585063636363636	0.8815157279489904	0.5874029013539651	0.9426811044577511	0.7854097326203209	0.3823783169067475	0.6071954805664356	0.6480704665959703	0.8888079422382672	0.9336410396716825	0.5033638374717834	0.38612293853073465	0.9948797522629824	0.062389534883720926	0.5384594306049822	0.9434653489399294	0.7258421739130435	0.062389534883720926	0.9701684323550466	0.9084492765957447	0.3264582924435721	0.950904347826087	0.21154301075268817	0.8867717076983196	0.9799504505406489	0.793120641489912	0.5840615634122608	0.897131047067707	0.7610145793681005	0.3943739350180505	0.8064519750860516	0.4263928616550853	0.8984372727272727	0.8312167483910511	0.836946976534296	0.6579108600770219	0.062389534883720926	0.5016900954111768	0.9415354122265844	0.9467077024213871	0.8205355665181413	0.8976598504672898	0.8766127954360229	0.8673575181665735	0.7659797511312217	0.9587959502214722	0.5103082532751092	0.8758389705882355	0.9978827102803738	0.986429363449692	0.9314958165264493	0.7507524513618676	0.9429300099700898	0.9434263349917081	0.5744157123834887	0.8799993850267379	0.5041119122257053	0.9848826121241991	0.6040477611940298	0.9897273514970636	0.5193012858979854	0.9245995460893854	0.09055696202531645	0.5570141300399564	0.7530599187149215	0.7079446467749013	0.9531462235649548	0.8736144052682124	0.5967971384136858	0.738894846402587	0.8817897218543046	0.5103082532751092	0.491218568019093	0.6521102685624013	0.9505636601592322	0.8884463348416289	0.9566820038289724	0.8347778366914103	0.1296797583081571	0.8217508675078864	0.5203324393358876	0.34051223934723485	0.8476785557986871	0.9231224578256794	0.8792459662288932	0.7893940748440748	0.8014450865110029	0.8920521505376344	0.8874970027247956	0.343392	0.4337787915407855	0.5945689622935495	0.95488782785569	0.7105031942633638	0.37942044581091466	0.6833407904022583	0.8832807844169518	0.7079446467749013	0.74633775044634	0.1296797583081571	0.8579918112027296	0.9991172684019032	0.6940411118737132	0.9072012822078398	0.48582353801169587	0.8217584605698096	0.9107409425981874	0.7268600041339396
g__Anthropogastromicrobium	0.9961180568631143	0.6094775836541309	0.7174452986022871	0.9471570177359317	0.4263928616550853	0.7119406189555125	0.6126608440797187	0.42856931249999997	0.9467077024213871	0.9045454243542436	0.1478099173553719	0.8273126353232292	0.5334865008156606	0.7957861467419189	0.7720915756341419	0.9951436732362182	1.0	0.9660890987921957	0.8097058966861599	0.6254431605777401	0.9134969967822667	0.8832807844169518	0.7851293484114162	0.8014450865110029	0.9887924345295829	0.836946976534296	0.874366881425634	0.6721990935815776	0.6744386933461909	0.9616993315926893	0.9054034249938621	0.39781350000000004	0.5840615634122608	0.2628	0.9584132189386717	0.9961180568631143	0.4753292974588939	0.686392778686609	0.9893240785527715	0.8035375641237796	0.8792459662288932	0.5559433734939758	0.8362343844296922	0.8312167483910511	0.9350724667349027	0.8761072069621975	0.5103082532751092	0.6047375796178344	0.6047375796178344	0.5659982050396962	0.5361172983870968	0.836946976534296	0.4128404651162791	0.3129875	0.8456494565217391	0.6459770194614769	0.9187308865248227	0.1718924485125858	0.545098975720789	0.9072012822078398	0.42389846841097634	0.3997675352112676	0.7910566096423017	0.8367172668374264	0.488434755210858	0.8476785557986871	0.9891471727343144	0.523452398989899	0.5458566742081448	0.9261904667905247	0.7704102774157513	0.9587959502214722	0.9387959823947636	0.18343589743589744	0.67364952681388	0.28409386281588445	0.9429300099700898	0.8849700471698112	0.8345428679817904	0.09055696202531645	0.5242180944421229	0.1718924485125858	0.882681649321565	0.7887359832635983	0.8743995346927603	0.8097058966861599	0.968337385674648	0.8434673913043478	0.8792459662288932	0.9329485380116959	0.9612649471591503	0.8434673913043478	0.930143986135182	0.3452582608695652	0.407792590074779	0.8266758284298544	0.9667976576204727	0.9618312942892873	0.82896519524618	0.1718924485125858	0.8884463348416289	0.9326805785123967	0.8903245283018867	0.9974391247428465	0.5669624871178289	0.6904538229842446	0.5591996807378503	0.5806787859007833	0.2813370786516854	0.9713838423946243	0.9951436732362182	0.8597573189740683	0.36642439024390244	0.7174452986022871	0.5922888538048627	0.5409223515715949	0.8736144052682124	0.882681649321565	0.882681649321565	0.7063052619942516	0.9599052217678515	0.7827455571740713	0.6075000899550225	0.895903292389515	0.4732839438033116	0.897131047067707	0.6344822455752213	0.3264582924435721	0.8936335120643432	0.8206760641677254	0.8097058966861599	0.8660527023242789	0.6293912359550563	0.858540954274354	0.8960140743550835	0.3088880597014925	0.9974391247428465	0.55916175	0.7655442282259588	0.8171817525276841	0.6327394846217789	0.821085377433138	0.8817897218543046	0.7854097326203209	0.9710772314597572	0.4227153298835705	0.7996290519877676
g__Aristaeella	0.8238498125585754	0.919601307882644	0.7750386573220214	0.7704102774157513	0.8195983240223463	0.8655196804037006	0.8345428679817904	0.8387356020942408	0.843377111111111	0.9696527638190955	0.7089204932343954	0.8736144052682124	0.986429363449692	0.4527420233463035	0.8868987252861602	0.8701131637168142	0.9660890987921957	1.0	0.37354746835443037	0.8903245283018867	0.9697587439811495	0.6667858074222668	0.7352722222222222	0.7854097326203209	0.816507874015748	0.5409223515715949	0.7428989017571885	0.795311050197019	0.5267214404662781	0.1718924485125858	0.895903292389515	0.34051223934723485	0.8811227387771413	0.963493048628429	0.8976598504672898	0.986429363449692	0.8884463348416289	0.8811227387771413	0.986429363449692	0.8758389705882355	0.09055696202531645	0.8339435987212666	0.8937483809280979	0.5806787859007833	0.720130289672544	0.9272828173913044	0.9143113238967527	0.7999571985755469	0.717741858500528	0.8767603960396041	0.8976598504672898	0.9847083555555557	0.38978428465530024	0.9861973562653562	0.8224119635277471	0.7012170026881721	0.3129875	0.7859163751987283	0.9084492765957447	0.9543520299946439	0.9143113238967527	0.9215486006585136	0.9065912856967766	0.9013028645833334	0.82306382477626	0.932519213973799	0.7704102774157513	0.95488782785569	0.8011227869404242	0.6905402216578157	0.686392778686609	0.3295508637236085	0.5744157123834887	0.9585543436905516	0.9482609009403018	0.9124308678973868	0.9426811044577511	0.21154301075268817	0.8792459662288932	0.8811436893203882	0.796395594262295	0.9111080173347779	0.7610145793681005	0.9806906138259833	0.9893240785527715	0.970576615290395	0.779973851203501	0.9134969967822667	0.8555942497496781	0.7063052619942516	0.7938759428276219	0.9897273514970636	0.963906977468591	0.768998052069676	0.843377111111111	0.963493048628429	0.9726808677098151	0.8025045908183633	0.8235849012229539	0.9745699090909091	0.9352795779441796	0.9967310331860486	0.8785563283461383	0.7515242959798019	0.6126608440797187	0.7222097698744769	0.6458711646586346	0.968337385674648	0.7766787600880412	0.802136873747495	0.67364952681388	0.7773637795275591	0.63116484375	0.8914773094170403	0.9100398132427845	0.9948797522629824	0.8295806080147397	0.8217584605698096	0.986429363449692	0.7356595006090134	0.742170084269663	0.5759996043521266	0.9528868079584775	0.7428989017571885	0.800529344345188	0.28409386281588445	0.9616993315926893	0.9245995460893854	0.5907348837209303	0.4152798291721419	0.7668463102409638	0.8025045908183633	0.8262936569478909	0.9527566789348344	0.7854097326203209	0.995554743139303	0.8030424418604651	0.968337385674648	0.7428327392871447	0.7858733759318425	0.5608179858657244	0.40250584551148233	0.8177228365384615	0.7864628992628994	0.8205355665181413	0.8885700232378001	0.46769091375770017
g__Bacteroides	0.950904347826087	0.8157010135135135	0.9961180568631143	0.6521102685624013	0.18343589743589744	0.41034536290322576	0.5478373027798648	0.42389846841097634	0.9382202371541501	0.8025045908183633	0.09055696202531645	0.3943739350180505	0.6272387789711702	0.3129875	0.6382336974330967	0.47073392226148414	0.8097058966861599	0.37354746835443037	1.0	0.5361172983870968	0.8312167483910511	0.8944322675159235	0.705648869680851	0.27836575875486386	0.804207058242843	0.30626344676180023	0.6698890625	0.3088880597014925	0.7910566096423017	0.82306382477626	0.8205355665181413	0.9974391247428465	0.37942044581091466	0.6382336974330967	0.8974505443624078	0.7858733759318425	0.7475766990291263	0.7011691840863116	0.46982308868501527	0.3004199328107503	0.6254431605777401	0.062389534883720926	0.062389534883720926	0.6081647656016721	0.1296797583081571	0.11178125	0.3487575	0.09055696202531645	0.4184810546875	0.3004199328107503	0.38612293853073465	0.8075871057362314	0.062389534883720926	0.7460498409542743	0.9887924345295829	0.6327394846217789	0.2587617021276596	0.7671334710743801	0.9778041595670042	0.5361172983870968	0.4184810546875	0.3004199328107503	0.7890386391251518	0.46454302872062664	0.5193012858979854	0.062389534883720926	0.9050860636598256	0.5707668928086838	0.5384594306049822	0.9236221819033127	0.5127551739130435	0.5720783108108108	0.663370909090909	0.7844196205962061	0.941912716311265	0.5936154185022027	0.9613818438381937	0.4928122748815166	0.8458589969203695	0.9143113238967527	0.8350120235934664	0.09055696202531645	0.989982702287142	0.5427219708588956	0.800529344345188	0.9054034249938621	0.9326805785123967	0.5171399224806201	0.22982372322899505	0.062389534883720926	0.8799993850267379	0.4363083233532934	0.843377111111111	0.7142505784061697	0.33407830188679244	0.6549619963608005	0.989982702287142	0.062389534883720926	0.9770256330385853	0.5409223515715949	0.8766127954360229	0.5608179858657244	0.63116484375	0.2813370786516854	0.5591996807378503	0.062389534883720926	0.6614589489718202	0.2980833333333333	0.9947304057279236	0.897131047067707	0.34675	0.062389534883720926	0.9549363665491829	0.6588053763440861	0.6293912359550563	0.8030424418604651	0.9336410396716825	0.55916175	0.2628	0.062389534883720926	0.9467077024213871	0.2980833333333333	0.9065912856967766	0.8217584605698096	0.9569073637233025	0.5361172983870968	0.523452398989899	0.3997675352112676	0.7854097326203209	0.75027034509651	0.9558225607158074	0.5907348837209303	0.3943739350180505	0.5874029013539651	0.1718924485125858	0.20285444234404537	0.5945689622935495	0.491218568019093	0.7862841325811001	0.5334865008156606	0.6424118218623481	0.7095590463749184	0.8698320963721962	0.11178125	0.8985427558761347	0.8906729999999999	0.7893940748440748
g__Bariatricus	0.6465969181721573	0.7668463102409638	0.5580740513191181	0.1296797583081571	0.5967971384136858	0.700489116719243	0.6718745575221238	0.5673356557377048	0.8601171634411641	0.28409386281588445	0.062389534883720926	0.8214835677042186	0.9686438135332169	0.662501342111927	0.7550217290621382	0.6327394846217789	0.6254431605777401	0.8903245283018867	0.5361172983870968	1.0	0.9805175643327348	0.545098975720789	0.24574809160305341	0.8868987252861602	0.9074036223929748	0.742170084269663	0.9425604006677797	0.6458711646586346	0.800529344345188	0.8279478683966636	0.8717920606478292	0.40250584551148233	0.5267214404662781	0.9806906138259833	0.7602578092142993	0.19550404858299592	0.5659982050396962	0.8717920606478292	0.27040981432360744	0.062389534883720926	0.4304338071693449	0.25212334801762115	0.9961180568631143	0.7370897789495032	0.8555942497496781	0.7229423173277661	0.27836575875486386	0.7017345174262736	0.816507874015748	0.1478099173553719	0.1296797583081571	0.4527420233463035	0.19550404858299592	0.1296797583081571	0.7229423173277661	0.8565812500000001	0.4263928616550853	0.44071498237367807	0.8869101818181818	0.11178125	0.34051223934723485	0.062389534883720926	0.8529848835527268	0.739867372881356	0.2628	0.27836575875486386	0.6239594293865905	0.9731805558373061	0.1478099173553719	0.22982372322899505	0.8038500991080278	0.8135321330534473	0.5134028904227782	0.8034902985074627	0.4263928616550853	0.2813370786516854	0.5945689622935495	0.8247544774957172	0.9799504505406489	0.34051223934723485	0.9737771240506329	0.630281019036954	0.6918217041800644	0.9013933844441697	0.8709948044769933	0.7671334710743801	0.7303440419839473	0.4598188029661017	0.38978428465530024	0.930143986135182	0.39192841490138786	0.6024306047648136	0.616389136087836	0.062389534883720926	0.7480268527619423	0.6702233564013841	0.949569266055046	0.43146607687614397	0.9878253802652106	0.5512336908284023	0.6212036144578313	0.35916000000000003	0.8972349479232025	0.6424118218623481	0.5794458715596331	0.40250584551148233	0.21154301075268817	0.5744157123834887	0.9961180568631143	0.7310479975354282	0.940710808988764	0.3295508637236085	0.7610145793681005	0.5610413974719102	0.8884463348416289	0.8373016671673175	0.5993712696941612	0.6690528972892315	0.9436083388484447	0.8552155832974603	0.6721990935815776	0.5907348837209303	0.43905338479809974	0.9013933844441697	0.3264582924435721	0.6979531987295826	0.9215486006585136	0.3264582924435721	0.1601641791044776	0.1296797583081571	0.1718924485125858	0.49030905151661053	0.7984244376278118	0.6075000899550225	0.8914773094170403	0.2587617021276596	0.5945689622935495	0.407792590074779	0.23960765550239232	0.37942044581091466	0.8535881996537795	0.9416828235294118	0.5409223515715949	0.09055696202531645	0.9770256330385853	0.8535881996537795	0.7846572201189833
g__Bifidobacterium	0.4363083233532934	0.8811227387771413	0.8849700471698112	0.8874970027247956	0.7258421739130435	0.8339435987212666	0.9426811044577511	0.9887924345295829	0.9115219843656044	0.9951436732362182	0.968337385674648	0.7451014934289129	0.9382202371541501	0.3181993865030675	0.9334297891842347	0.8350120235934664	0.9134969967822667	0.9697587439811495	0.8312167483910511	0.9805175643327348	1.0	0.742170084269663	0.9429300099700898	0.4753292974588939	0.5608179858657244	0.9459431400594126	0.9543520299946439	0.963493048628429	0.9111080173347779	0.4128404651162791	0.6081647656016721	0.8458589969203695	0.6382336974330967	0.9774143530591776	0.7012170026881721	0.9957750213048007	0.7618969213226909	0.9961180568631143	0.9961180568631143	0.9081383033106135	0.8555942497496781	0.407792590074779	0.8520989847715735	0.7854097326203209	0.44182804878048787	0.9926226324851731	0.3487575	0.5997220411927451	0.9107409425981874	0.8565812500000001	0.7156288547664746	0.9284793678360541	0.8758389705882355	0.8817698859113823	0.8514560727272728	0.8864130672926447	0.7750386573220214	0.9013933844441697	0.9531462235649548	0.6940411118737132	0.6129316802800466	0.6604112496818528	0.8950000381242852	0.5707668928086838	0.8874970027247956	0.9934590665646519	0.8601171634411641	0.8972349479232025	0.8279478683966636	0.986429363449692	0.062389534883720926	0.930143986135182	0.6949063455832002	0.5384594306049822	0.4527420233463035	0.1601641791044776	0.6327394846217789	0.8206760641677254	0.7187830390920554	0.9111080173347779	0.8458589969203695	0.4054589814177563	0.7017345174262736	0.9081383033106135	0.33658118081180816	0.9425604006677797	0.6549619963608005	0.8529848835527268	0.7535325608342989	0.9013028645833334	0.8097058966861599	0.9030292673902318	0.43146607687614397	0.8448548387096774	0.5220118120237087	0.5361172983870968	0.6934899518238128	0.9974391247428465	0.8440557607090103	0.7692789385161652	0.2587617021276596	0.769702088772846	0.9419951219512195	0.9350724667349027	0.5203324393358876	0.7012170026881721	0.9326805785123967	0.9334297891842347	0.8906729999999999	0.9964716342082981	0.1601641791044776	0.7704102774157513	0.680893268547049	0.6698890625	0.5922888538048627	0.9822296579077838	0.7480268527619423	0.8849700471698112	0.8698320963721962	0.9599052217678515	0.7581841288096607	0.9956073730098559	0.33407830188679244	0.8381580882352941	0.8884463348416289	0.9951436732362182	0.860959757644075	0.8157010135135135	0.930143986135182	0.5642417041912019	0.9245995460893854	0.9974391247428465	0.577823076923077	0.9806906138259833	0.7488115384615386	0.9074036223929748	0.8817897218543046	0.5334865008156606	0.6579108600770219	0.6655970846946468	0.9172349946600213	0.685326393442623	0.8775017482043638	0.6040477611940298	0.7720915756341419	0.920215153655952	0.9061645564961355
g__Bittarella	0.8599375212224109	0.9467077024213871	0.8945457702582369	0.9318733678756476	0.7208696480938417	0.727724303693006	0.9065912856967766	0.5608179858657244	0.6009886029411764	0.7834717076700435	0.6989605388272584	0.995554743139303	0.6163158536585366	0.987369381775564	0.7095590463749184	0.5538453846153847	0.8832807844169518	0.6667858074222668	0.8944322675159235	0.545098975720789	0.742170084269663	1.0	0.8262936569478909	0.9897273514970636	0.874366881425634	0.8358764732547597	0.8976598504672898	0.8809841782283885	0.705648869680851	0.27040981432360744	0.42856931249999997	0.4598188029661017	0.9515839443054499	0.9726808677098151	0.6424118218623481	0.8025045908183633	0.28409386281588445	0.8821594655377695	0.5096280369718309	0.4598188029661017	0.616389136087836	0.7119406189555125	0.6382336974330967	0.8385101138747377	0.6781127965492451	0.662501342111927	0.7834717076700435	0.6561065840433773	0.9306311706303394	0.9619471267957526	0.491218568019093	0.986429363449692	0.7480268527619423	0.6535590646347872	0.9236221819033127	0.989982702287142	0.6667858074222668	0.630281019036954	0.7079446467749013	0.7610145793681005	0.8334677714983961	0.7757301786043086	0.95488782785569	0.9442712159629589	0.9107409425981874	0.9531462235649548	0.6723572614107883	0.8853320769532784	0.7858733759318425	0.8701131637168142	0.4753292974588939	0.8195983240223463	0.8468117672919109	0.6904538229842446	0.8140818284424379	0.7874654774396642	0.802136873747495	0.8429449316290131	0.9580884342202903	0.4956203883495146	0.82896519524618	0.9543520299946439	0.9721794503816793	0.8993180835197614	0.8328463832390273	0.9887924345295829	0.9329485380116959	0.9131427563105635	0.9801366007194245	0.8290858881528269	0.8535881996537795	0.9904271323035594	0.986429363449692	0.3452582608695652	0.8727053630363037	0.8106589581304771	0.8217584605698096	0.9895006765899865	0.7902947914864163	0.768998052069676	0.8781229894394802	0.5626362014690451	0.7108418358531318	0.858540954274354	0.63116484375	0.9543520299946439	0.9115219843656044	0.9072012822078398	0.7938759428276219	0.8579918112027296	0.793120641489912	0.6450705882352942	0.7119406189555125	0.995554743139303	0.8972349479232025	0.8932899156441718	0.7085889034799738	0.9880046858256212	0.6979531987295826	0.5371951503006012	0.6412462246278755	0.9467077024213871	0.9134969967822667	0.8350120235934664	0.9434653489399294	0.5739002008032128	0.7310479975354282	0.9961180568631143	0.4152798291721419	0.6604112496818528	0.9667976576204727	0.3264582924435721	0.75027034509651	0.919601307882644	0.7890386391251518	0.7074528596568412	0.9244687631271877	0.8640858587277068	0.1718924485125858	0.6126608440797187	0.36642439024390244	0.6905402216578157	0.2813370786516854	0.843377111111111	0.7757301786043086	0.8937483809280979	0.6549619963608005
g__Blautia	0.8171817525276841	0.802136873747495	0.7854097326203209	0.954148966853207	0.9142310981419725	0.9961180568631143	0.8345428679817904	0.8984372727272727	0.9543520299946439	0.6254431605777401	0.9131427563105635	0.5642417041912019	0.2813370786516854	0.062389534883720926	0.6254431605777401	0.55916175	0.7851293484114162	0.7352722222222222	0.705648869680851	0.24574809160305341	0.9429300099700898	0.8262936569478909	1.0	0.062389534883720926	0.5432952	0.4227153298835705	0.7957861467419189	0.901716810770751	0.7254540287320425	0.6757224975938402	0.7832732824427482	0.5127551739130435	0.9974391247428465	0.9522889587852494	0.6450705882352942	0.35445086705202317	0.8799993850267379	0.062389534883720926	0.5907348837209303	0.6744386933461909	0.33658118081180816	0.9750634365231421	0.663370909090909	0.25212334801762115	0.062389534883720926	0.42389846841097634	0.738894846402587	0.18343589743589744	0.9543520299946439	0.9858209185680566	0.32322289156626505	0.9549363665491829	0.986429363449692	0.062389534883720926	0.8869101818181818	0.9245995460893854	0.062389534883720926	0.8058818942875903	0.8749102392344498	0.5384594306049822	0.6394179738562091	0.49408561452513966	0.7383675713996354	0.3129875	0.9117160720720722	0.8758389705882355	0.5193012858979854	0.795311050197019	0.5669624871178289	0.5371951503006012	0.44182804878048787	0.8429449316290131	0.9897273514970636	0.836946976534296	0.43146607687614397	0.4753292974588939	0.9697587439811495	0.7854097326203209	0.7119406189555125	0.7757301786043086	0.2212577319587629	0.8733403489490315	0.3452582608695652	0.9159925490196079	0.7254540287320425	0.755925549132948	0.5286141741988497	0.93586	0.9142310981419725	0.8486250000000001	0.8698320963721962	0.7460498409542743	0.4527420233463035	0.5997220411927451	0.7495934573947111	0.9215486006585136	0.9806906138259833	0.7480268527619423	0.8097058966861599	0.8884463348416289	0.6979531987295826	0.9713838423946243	0.8256538043478261	0.9961180568631143	0.7074528596568412	0.6508270783847981	0.9951436732362182	0.7762767138393678	0.968337385674648	0.25212334801762115	0.062389534883720926	0.8906729999999999	0.5591996807378503	0.954148966853207	0.9090907909124043	0.7017345174262736	0.37942044581091466	0.9883760806074767	0.9543520299946439	0.9522889587852494	0.770686345903771	0.795311050197019	0.9866104044548653	0.4152798291721419	0.7352722222222222	0.343392	0.38612293853073465	0.9569073637233025	0.062389534883720926	0.616389136087836	0.6163158536585366	0.8293336665641341	0.7854097326203209	0.6807701474785918	0.9467077024213871	0.8555942497496781	0.9524198483206935	0.7859163751987283	0.24574809160305341	0.8798586691658857	0.4732839438033116	0.6549619963608005	0.8106589581304771	0.8724294133847426	0.6989605388272584	0.9117160720720722	0.7887359832635983
g__Blautia_A	0.9956073730098559	0.9117160720720722	0.9956073730098559	0.45580419847328246	0.2212577319587629	0.93586	0.6495377777777778	0.8266758284298544	0.8932899156441718	0.7610145793681005	0.5840615634122608	0.25212334801762115	0.8884463348416289	0.09055696202531645	0.727724303693006	0.75027034509651	0.8014450865110029	0.7854097326203209	0.27836575875486386	0.8868987252861602	0.4753292974588939	0.9897273514970636	0.062389534883720926	1.0	0.8665845314685314	0.42389846841097634	0.5907348837209303	0.5458566742081448	0.843377111111111	0.6412462246278755	0.6744386933461909	0.9913282596209074	0.6081647656016721	0.5046238454706927	0.836946976534296	0.548571284540702	0.8472668666764231	0.2587617021276596	0.5171399224806201	0.6107688105726873	0.8262936569478909	0.7165420817369093	0.09055696202531645	0.1296797583081571	0.4956203883495146	0.062389534883720926	0.5840615634122608	0.1296797583081571	0.7851293484114162	0.9326805785123967	0.9974391247428465	0.9426007336594041	0.2587617021276596	0.7515242959798019	0.7858733759318425	0.9981393350765783	0.7412067323151126	0.5945689622935495	0.6382336974330967	0.9858209185680566	0.2924324644549763	0.82306382477626	0.6839344827586207	0.062389534883720926	0.727724303693006	0.2924324644549763	0.9013933844441697	0.8238498125585754	0.8817897218543046	0.7854097326203209	0.8692259248956886	0.655027129174217	0.7030325005576623	0.9426811044577511	0.8884463348416289	0.6715477799703995	0.9897273514970636	0.44071498237367807	0.5409223515715949	0.9329485380116959	0.33407830188679244	0.34051223934723485	0.09055696202531645	0.5739002008032128	0.2212577319587629	0.6690528972892315	0.7859163751987283	0.5891529411764707	0.20285444234404537	0.7862841325811001	0.9172349946600213	0.6702233564013841	0.9745699090909091	0.8684150027886225	0.5409223515715949	0.7864628992628994	0.9245995460893854	0.5127551739130435	0.8985427558761347	0.7119406189555125	0.9974391247428465	0.6561065840433773	0.9072012822078398	0.8247544774957172	0.9679222794193348	0.3004199328107503	0.6871341958041958	0.8599375212224109	0.7187830390920554	0.9543520299946439	0.41034536290322576	0.4805162068965517	0.8884463348416289	0.8525425115874854	0.8832807844169518	0.7846572201189833	0.9696527638190955	0.5371951503006012	0.9585543436905516	0.5993712696941612	0.919601307882644	0.4054589814177563	0.6798697223551938	0.6047375796178344	0.2980833333333333	0.3129875	0.1296797583081571	0.5134028904227782	0.7883770480349344	0.8555942497496781	0.617882939481268	0.7012170026881721	0.9755552748137709	0.575116197416363	0.577823076923077	0.062389534883720926	0.47073392226148414	0.9183308447704686	0.5384594306049822	0.7460498409542743	0.9713838423946243	0.8193240326191237	0.9969900422733677	0.55916175	0.882681649321565	0.8097058966861599	0.42856931249999997
g__Brotaphodocola	0.7750386573220214	0.7222097698744769	0.9451784479911943	0.9618312942892873	0.5739002008032128	0.9667976576204727	0.8758389705882355	0.1296797583081571	0.6681363363363363	0.9887924345295829	0.5922888538048627	0.6129316802800466	0.1718924485125858	0.8599375212224109	0.9117160720720722	0.5874029013539651	0.9887924345295829	0.816507874015748	0.804207058242843	0.9074036223929748	0.5608179858657244	0.874366881425634	0.5432952	0.8665845314685314	1.0	0.8853320769532784	0.9957750213048007	0.7854097326203209	0.6979531987295826	0.9434653489399294	0.407792590074779	0.9726808677098151	0.6690528972892315	0.38612293853073465	0.6040477611940298	0.8411605757756563	0.7938759428276219	0.7957861467419189	0.8885700232378001	0.970576615290395	0.700489116719243	0.9467077024213871	0.9961180568631143	0.1718924485125858	0.9070171788906575	0.8817897218543046	0.6394179738562091	0.9531462235649548	0.6107688105726873	0.9558225607158074	0.8135321330534473	0.8397127802690583	0.43146607687614397	0.9961180568631143	0.6382336974330967	0.6548300917431193	0.6382336974330967	0.8171817525276841	0.6549619963608005	0.46769091375770017	0.9013933844441697	0.8038500991080278	0.8362343844296922	0.49322295774647884	0.8247544774957172	0.7187830390920554	0.9578647283531408	0.779973851203501	0.9543520299946439	0.6212036144578313	0.32322289156626505	0.949569266055046	0.9578647283531408	0.9159925490196079	0.09055696202531645	0.9765361049668209	0.32322289156626505	0.8724294133847426	0.23960765550239232	0.9978827102803738	0.9651570009313878	0.795311050197019	0.7356595006090134	0.8792459662288932	0.9074036223929748	0.5103082532751092	0.5384594306049822	0.46673452566096424	0.6163158536585366	0.9884584808403035	0.6075000899550225	0.680893268547049	0.8811436893203882	0.8014450865110029	0.9342253588516747	0.6690528972892315	0.9336410396716825	0.9897273514970636	0.1601641791044776	0.802136873747495	0.95488782785569	0.8937483809280979	0.7586414690130069	0.8266758284298544	0.8868987252861602	0.8238498125585754	0.9858209185680566	0.545098975720789	0.8861692870201097	0.9072012822078398	0.7716763636363637	0.802136873747495	0.8960140743550835	0.6744386933461909	0.7310479975354282	0.7119406189555125	0.8976598504672898	0.8448548387096774	0.9748660779168349	0.8417567789034565	0.9543520299946439	0.7834717076700435	0.8025045908183633	0.5519363602941176	0.9108269732078205	0.9974391247428465	0.7859163751987283	0.7525852598913886	0.5806787859007833	0.9591184615384615	0.9531462235649548	0.22982372322899505	0.6744386933461909	0.8968001640378549	0.6744386933461909	0.6744386933461909	0.9434653489399294	0.6458711646586346	0.6094775836541309	0.8599375212224109	0.9459431400594126	0.6561065840433773	0.5033638374717834	0.8976598504672898	0.3295508637236085	0.8885700232378001	0.7990276671771313
g__Butyribacter	0.8038500991080278	0.941766089191908	0.882681649321565	0.5733791386271871	0.8417567789034565	0.9906013228527607	0.4805162068965517	0.8476785557986871	0.9654682142487849	0.9883760806074767	0.5806787859007833	0.882681649321565	0.768998052069676	0.7854097326203209	0.7412067323151126	0.8976598504672898	0.836946976534296	0.5409223515715949	0.30626344676180023	0.742170084269663	0.9459431400594126	0.8358764732547597	0.4227153298835705	0.42389846841097634	0.8853320769532784	1.0	0.42856931249999997	0.9094001577669902	0.9913282596209074	0.5270201982651797	0.9318733678756476	0.49322295774647884	0.9467077024213871	0.8038500991080278	0.5519363602941176	0.8792459662288932	0.655027129174217	0.805177761341223	0.9887924345295829	0.8761072069621975	0.28409386281588445	0.9560490794934554	0.7174452986022871	0.9326805785123967	0.957742319949012	0.9352795779441796	0.8906729999999999	0.6239594293865905	0.9419951219512195	0.8972349479232025	0.9729803147208121	0.8976598504672898	0.5580740513191181	0.9580884342202903	0.5512336908284023	0.8932899156441718	0.9884584808403035	0.6807701474785918	0.8817698859113823	0.8597573189740683	0.9272828173913044	0.8601171634411641	0.739867372881356	0.8440557607090103	0.7649620670073821	0.6781127965492451	1.0	0.8295806080147397	0.49030905151661053	0.6744386933461909	0.616389136087836	0.5242180944421229	0.6459770194614769	0.9878253802652106	0.5744157123834887	0.6715477799703995	0.7610145793681005	0.2813370786516854	0.795311050197019	0.9697587439811495	0.8328463832390273	0.8869101818181818	0.9910599731749377	0.9825143267611216	0.9974391247428465	0.7477767984189724	0.8417567789034565	0.49408561452513966	0.9013933844441697	0.715170558050032	0.9434263349917081	0.9778041595670042	0.9070171788906575	0.7048326743669481	0.9558225607158074	0.9108269732078205	0.8110841704471808	0.6839344827586207	0.800529344345188	0.9587959502214722	0.8758389705882355	0.8035375641237796	0.4152798291721419	0.8660527023242789	0.8092430295124735	0.9651570009313878	0.8698320963721962	0.6293912359550563	0.920215153655952	0.6412462246278755	0.4152798291721419	0.6344822455752213	0.48582353801169587	0.9531462235649548	0.9889699583292955	0.9519228562112815	0.9108269732078205	0.9810743523573202	0.8011227869404242	0.986429363449692	0.9434653489399294	0.8217584605698096	0.9306311706303394	0.4527420233463035	0.9107409425981874	0.062389534883720926	0.9805175643327348	0.9893240785527715	0.8345428679817904	0.6407698451507743	0.5945689622935495	0.7428327392871447	0.7507524513618676	0.7704102774157513	0.9253100267535186	0.8350120235934664	0.9336410396716825	0.9108269732078205	0.8195983240223463	0.8328463832390273	0.6614589489718202	0.6723572614107883	0.8058818942875903	0.8565812500000001	0.8804923076923076	0.7766787600880412	0.808548
g__CAG-170	0.986429363449692	0.7017345174262736	0.8880827586206896	0.5626362014690451	0.4625625789473684	0.8525425115874854	0.548571284540702	0.8867717076983196	0.5033638374717834	0.8749102392344498	0.45580419847328246	0.8011227869404242	0.9318733678756476	0.6129316802800466	0.9419951219512195	0.9603255553227158	0.874366881425634	0.7428989017571885	0.6698890625	0.9425604006677797	0.9543520299946439	0.8976598504672898	0.7957861467419189	0.5907348837209303	0.9957750213048007	0.42856931249999997	1.0	0.800529344345188	0.4304338071693449	0.9239713067850053	0.8849700471698112	0.9593462088547692	0.9543520299946439	0.9467077024213871	0.9183308447704686	0.9081383033106135	0.7720915756341419	0.4585063636363636	0.8110841704471808	0.9944654628833477	0.47073392226148414	0.8350120235934664	0.54950051986632	0.9134969967822667	0.5354607795371498	0.9519228562112815	0.9697587439811495	0.8350120235934664	0.5193012858979854	0.793120641489912	0.7119406189555125	0.37354746835443037	0.7530599187149215	0.8341803191489361	0.5286141741988497	0.8809841782283885	0.6807701474785918	0.30626344676180023	0.9893240785527715	0.5626362014690451	0.8815157279489904	0.9084492765957447	0.8974505443624078	0.8448548387096774	0.9806906138259833	0.8891597424339986	0.9050860636598256	0.8058818942875903	0.9887924345295829	0.9887924345295829	0.7428327392871447	0.7762767138393678	0.7762767138393678	0.9103475832828589	0.9403067447359531	0.8861692870201097	0.8849700471698112	0.5733791386271871	0.8493226299694189	0.9244687631271877	0.8891597424339986	0.6690528972892315	0.7846572201189833	0.700121966101695	0.8597573189740683	0.42389846841097634	0.962563219227968	0.8691840902758429	0.8552155832974603	0.9306311706303394	0.8266758284298544	0.7854097326203209	0.5413055491329479	0.8450662499999999	0.33407830188679244	0.9284793678360541	0.9045454243542436	0.5794458715596331	0.7851293484114162	0.9981393350765783	0.9318733678756476	0.9805175643327348	0.9535071820824809	0.8552155832974603	0.9336410396716825	0.7854097326203209	0.9956073730098559	0.6230308617234469	0.9606446922110552	0.11178125	0.43905338479809974	0.9477093216630198	0.9236221819033127	0.941766089191908	0.7480268527619423	0.9535071820824809	0.9405618897637796	0.897131047067707	0.8579918112027296	0.9986751610193224	0.9587959502214722	0.6548300917431193	0.8972349479232025	0.7854097326203209	0.67364952681388	0.47073392226148414	0.8195983240223463	0.28409386281588445	0.630281019036954	0.9336410396716825	0.7854097326203209	0.8555942497496781	0.5580740513191181	0.897131047067707	0.802136873747495	0.8698320963721962	0.9467077024213871	0.9522889587852494	0.9549363665491829	0.805177761341223	0.8579918112027296	0.9974391247428465	0.9778041595670042	0.9734790817877774	0.5103082532751092	0.9836661486687124	0.9336410396716825
g__CAG-177	0.8538512437095616	0.8815157279489904	0.8132438531219671	0.5559433734939758	0.3823783169067475	0.27040981432360744	0.6230308617234469	0.3452582608695652	0.8817698859113823	0.9482609009403018	0.4459878034682081	0.5720783108108108	0.8064519750860516	0.4988544251824818	0.7972750469043153	0.9321429951690822	0.6721990935815776	0.795311050197019	0.3088880597014925	0.6458711646586346	0.963493048628429	0.8809841782283885	0.901716810770751	0.5458566742081448	0.7854097326203209	0.9094001577669902	0.800529344345188	1.0	0.82306382477626	0.8387356020942408	0.5673356557377048	0.932519213973799	0.9913282596209074	0.804207058242843	0.9245995460893854	0.6424118218623481	0.2212577319587629	0.55916175	0.6075000899550225	0.5354607795371498	0.9745699090909091	0.4928122748815166	0.6272387789711702	0.7480268527619423	0.7910566096423017	0.5608179858657244	0.34675	0.062389534883720926	0.6771639923132357	0.5997220411927451	0.630281019036954	0.964433053482587	0.1601641791044776	0.8206859248692344	0.8785563283461383	0.6979531987295826	0.8385101138747377	0.3943739350180505	0.8097058966861599	0.6549619963608005	0.49322295774647884	0.5519363602941176	0.35916000000000003	0.27040981432360744	0.6649054197126292	0.4585063636363636	0.4304338071693449	0.9806906138259833	0.32322289156626505	0.8177228365384615	0.5413055491329479	0.9774143530591776	0.2924324644549763	0.9352795779441796	0.3487575	0.9953125	0.9974391247428465	0.9535071820824809	0.8546568596466025	0.7854097326203209	0.802136873747495	0.21154301075268817	0.20285444234404537	0.6568421621621622	0.6254431605777401	0.9533782688369086	0.9671066192390968	0.6094775836541309	0.4775826237623762	0.7345833401305056	0.768998052069676	0.45580419847328246	0.6568421621621622	0.46673452566096424	0.4988544251824818	0.7258421739130435	0.9961180568631143	0.3295508637236085	0.7156288547664746	0.6024306047648136	0.9961180568631143	0.9599052217678515	0.9183308447704686	0.9442712159629589	0.5744157123834887	0.38978428465530024	0.5103082532751092	0.7788692223439211	0.5334865008156606	0.8576229891614375	0.4598188029661017	0.5794458715596331	0.8640858587277068	0.5993712696941612	0.9978827102803738	0.19550404858299592	0.48582353801169587	0.9897273514970636	0.523452398989899	0.7671334710743801	0.9482609009403018	0.5993712696941612	0.5171399224806201	0.8434673913043478	0.2628	0.9519228562112815	0.3823783169067475	0.38978428465530024	0.7428989017571885	0.9387959823947636	0.7187830390920554	0.6327394846217789	0.9134969967822667	0.9448292607689766	0.9560490794934554	0.3943739350180505	0.9236221819033127	0.7038561540173603	0.9244687631271877	0.8429449316290131	0.9974391247428465	0.843377111111111	0.575116197416363	0.4263928616550853	0.858540954274354	0.5242180944421229	0.7864628992628994
g__CAG-217	0.8709948044769933	0.9737771240506329	0.9848826121241991	0.8290858881528269	0.8345428679817904	0.6909439917127072	0.9167230760095013	0.9978827102803738	0.9124308678973868	0.9159925490196079	0.8092430295124735	0.9431784196547145	0.6733330168005843	0.9584132189386717	0.6075000899550225	0.8206859248692344	0.6744386933461909	0.5267214404662781	0.7910566096423017	0.800529344345188	0.9111080173347779	0.705648869680851	0.7254540287320425	0.843377111111111	0.6979531987295826	0.9913282596209074	0.4304338071693449	0.82306382477626	1.0	0.34675	0.9013933844441697	0.9729803147208121	0.9426811044577511	0.7320491490670494	0.9426811044577511	0.8561495070724389	0.1601641791044776	0.727724303693006	0.9956073730098559	0.6909439917127072	0.8030424418604651	0.6690528972892315	0.8754198279393691	0.9713838423946243	0.7370897789495032	0.8790548539114044	0.7370897789495032	0.9543520299946439	0.804207058242843	0.3997675352112676	0.5033638374717834	0.45580419847328246	0.7655442282259588	0.5907348837209303	0.5242180944421229	0.800529344345188	0.8717920606478292	0.9419951219512195	0.7757301786043086	0.8362343844296922	0.8944322675159235	0.49322295774647884	0.9217266032417194	0.989982702287142	0.6129316802800466	0.795311050197019	0.7258421739130435	0.9253100267535186	0.45580419847328246	0.6972587445985899	0.8025045908183633	0.5041119122257053	0.5519363602941176	0.8578076890217856	0.6107688105726873	0.6129316802800466	0.7108418358531318	0.6588053763440861	0.9524198483206935	0.8698320963721962	0.8903245283018867	0.9405618897637796	0.8799993850267379	0.8884463348416289	0.7475766990291263	0.7750386573220214	0.7757301786043086	0.46982308868501527	0.9436083388484447	0.37354746835443037	0.8266758284298544	0.7857818181818181	0.5427219708588956	0.33658118081180816	0.8736144052682124	0.7668463102409638	0.7999571985755469	0.9585543436905516	0.727724303693006	0.7572884622768286	0.8601171634411641	0.9297800994449583	0.9326805785123967	0.5134028904227782	0.7488115384615386	0.8110841704471808	0.3181993865030675	0.795311050197019	0.5270201982651797	0.843377111111111	0.8782678653508179	0.7857818181818181	0.9593462088547692	0.7851293484114162	0.75027034509651	0.9558225607158074	0.9701623771498772	0.8339435987212666	0.6655970846946468	0.4152798291721419	0.6293912359550563	0.8944322675159235	0.9543520299946439	0.9904271323035594	0.8135321330534473	0.7832732824427482	0.9805175643327348	0.5134028904227782	0.5982740465116279	0.9451784479911943	0.4304338071693449	0.9352795779441796	0.941766089191908	0.9887924345295829	0.7356595006090134	0.9501186640471514	0.9649452144188937	0.9297800994449583	0.7038561540173603	0.8749102392344498	0.9522889587852494	0.46769091375770017	0.7602578092142993	0.42389846841097634	0.21154301075268817	0.989982702287142	0.9961180568631143
g__CAG-488	0.4775826237623762	0.7893940748440748	0.8025045908183633	0.8692259248956886	0.9459431400594126	0.986429363449692	0.8515306374328444	0.7874654774396642	0.63116484375	0.8599375212224109	0.9613818438381937	0.9111080173347779	0.8579918112027296	0.4152798291721419	0.7834717076700435	0.5659982050396962	0.9616993315926893	0.1718924485125858	0.82306382477626	0.8279478683966636	0.4128404651162791	0.27040981432360744	0.6757224975938402	0.6412462246278755	0.9434653489399294	0.5270201982651797	0.9239713067850053	0.8387356020942408	0.34675	1.0	0.5361172983870968	0.1296797583081571	0.932519213973799	0.9013933844441697	0.6054215644820297	0.7535325608342989	0.5806787859007833	0.9477093216630198	0.5840615634122608	0.8555942497496781	0.1718924485125858	0.8957922013695155	0.8869101818181818	0.18343589743589744	0.8520989847715735	0.7744879157427939	0.9978827102803738	0.986429363449692	0.8972349479232025	0.9651570009313878	0.6723572614107883	0.8966907126611069	0.9961180568631143	0.5794458715596331	0.7581841288096607	0.45109266211604093	0.5874029013539651	0.630281019036954	0.8132438531219671	0.407792590074779	0.9467077024213871	0.8976598504672898	0.7854097326203209	0.8945457702582369	0.6040477611940298	0.8884463348416289	0.63116484375	0.820133009244501	0.4732839438033116	0.6549619963608005	0.09055696202531645	0.3129875	0.9394157693174138	0.8891597424339986	0.488434755210858	0.941912716311265	0.655027129174217	0.1601641791044776	0.5432952	0.457415397082658	0.8673575181665735	0.8815157279489904	0.9806906138259833	0.895903292389515	0.7119406189555125	0.9842317521494218	0.8323509188361409	0.970576615290395	0.7475766990291263	0.8224119635277471	0.6283183431952664	0.9336410396716825	0.717741858500528	0.8341803191489361	0.9587959502214722	0.858540954274354	0.3997675352112676	0.9969900422733677	0.9045454243542436	0.9755552748137709	0.6040477611940298	0.5580740513191181	0.9350724667349027	0.5405651437573848	0.4527420233463035	0.9866104044548653	0.4928122748815166	0.7716763636363637	0.7834717076700435	0.9448292607689766	0.9595665160748056	0.8347778366914103	0.1601641791044776	0.739867372881356	0.9806906138259833	0.963493048628429	0.9549363665491829	0.7208696480938417	0.9387959823947636	0.8578076890217856	0.09055696202531645	0.989982702287142	0.8035375641237796	0.7089204932343954	0.9013933844441697	0.23960765550239232	0.9745699090909091	0.9701684323550466	0.20285444234404537	0.22982372322899505	0.8976598504672898	0.8206760641677254	0.952261179281138	0.9806906138259833	0.35445086705202317	0.7208696480938417	0.9974391247428465	0.6107688105726873	0.5608179858657244	0.6549619963608005	0.33658118081180816	0.09055696202531645	0.7854097326203209	0.882681649321565	0.3943739350180505	0.9734790817877774	0.5270201982651797
g__Catenibacterium	0.5993712696941612	0.802136873747495	0.9961180568631143	0.8238498125585754	0.9595665160748056	0.5458566742081448	0.9880046858256212	0.8766127954360229	0.39192841490138786	0.738894846402587	0.7525852598913886	0.8785563283461383	0.5512336908284023	0.7525852598913886	0.680893268547049	0.8601171634411641	0.9054034249938621	0.895903292389515	0.8205355665181413	0.8717920606478292	0.6081647656016721	0.42856931249999997	0.7832732824427482	0.6744386933461909	0.407792590074779	0.9318733678756476	0.8849700471698112	0.5673356557377048	0.9013933844441697	0.5361172983870968	1.0	0.5242180944421229	0.9533782688369086	0.8472668666764231	0.5720783108108108	0.8373016671673175	0.800529344345188	0.6667858074222668	0.932519213973799	0.8785563283461383	0.9172349946600213	0.9558225607158074	0.5659982050396962	0.20285444234404537	0.968337385674648	0.9505636601592322	0.9377496835443039	0.8140818284424379	0.5744157123834887	0.6549619963608005	0.9362274807430901	0.9848826121241991	0.7902947914864163	0.6548300917431193	0.4527420233463035	0.8945457702582369	0.9416828235294118	0.7832732824427482	0.6871341958041958	0.8206760641677254	0.8440557607090103	0.8867717076983196	0.9094001577669902	0.8767603960396041	0.9799504505406489	0.5041119122257053	0.545098975720789	0.8968001640378549	0.9770256330385853	0.770686345903771	0.3129875	0.8785563283461383	0.7229423173277661	0.9817496874689949	0.4227153298835705	0.8458589969203695	0.7568265871489034	0.7012170026881721	0.49408561452513966	0.6054215644820297	0.8717920606478292	0.9580884342202903	0.7627765844402277	0.9107409425981874	0.6535590646347872	0.8792459662288932	0.9587959502214722	0.8701131637168142	0.6081647656016721	0.9314958165264493	0.9847083555555557	0.9394157693174138	0.28409386281588445	0.7864628992628994	0.8985427558761347	0.7119406189555125	0.7187830390920554	0.6888327590221187	0.5220118120237087	0.910544500907441	0.9956073730098559	0.9143113238967527	0.5993712696941612	0.970576615290395	0.9701623771498772	0.67364952681388	0.8381580882352941	0.9593462088547692	0.9897273514970636	0.9671066192390968	0.8273126353232292	0.6521102685624013	0.39192841490138786	0.8038500991080278	0.8956807999999999	0.5361172983870968	0.9050860636598256	0.8535176878612717	0.9132247670250897	0.882681649321565	0.32322289156626505	0.858540954274354	0.9013933844441697	0.7174452986022871	0.4585063636363636	0.457415397082658	0.6871341958041958	0.9336410396716825	0.800529344345188	0.940710808988764	0.82896519524618	0.7854097326203209	0.9880046858256212	0.9878253802652106	0.6825827122641509	0.9938200324954601	0.4598188029661017	0.6439178023161863	0.6508270783847981	0.37942044581091466	0.4988544251824818	0.45580419847328246	0.717741858500528	0.7105031942633638	0.7383675713996354	0.9587959502214722	0.67364952681388
g__Choladousia	0.5865909326424871	0.49030905151661053	0.9326805785123967	0.9124308678973868	0.34675	0.768998052069676	0.8692259248956886	0.7495934573947111	0.4625625789473684	0.7258421739130435	0.9054034249938621	0.8885700232378001	0.9961180568631143	0.9891471727343144	0.47073392226148414	0.4184810546875	0.39781350000000004	0.34051223934723485	0.9974391247428465	0.40250584551148233	0.8458589969203695	0.4598188029661017	0.5127551739130435	0.9913282596209074	0.9726808677098151	0.49322295774647884	0.9593462088547692	0.932519213973799	0.9729803147208121	0.1296797583081571	0.5242180944421229	1.0	0.6239594293865905	0.9505636601592322	0.7108418358531318	0.75027034509651	0.09055696202531645	0.545098975720789	0.37942044581091466	0.2813370786516854	0.1718924485125858	0.9072012822078398	0.9371245838523384	0.6798697223551938	0.7187830390920554	0.6909439917127072	0.5409223515715949	0.6099459905660378	0.9878253802652106	0.5016900954111768	0.3295508637236085	0.4775826237623762	0.7440017347956132	0.4527420233463035	0.7610145793681005	0.7883770480349344	0.407792590074779	0.8717920606478292	0.6465969181721573	0.4732839438033116	0.6040477611940298	0.7174452986022871	0.9061645564961355	0.6129316802800466	0.9961180568631143	0.6094775836541309	0.6744386933461909	0.9522889587852494	0.21154301075268817	0.7864628992628994	0.20285444234404537	0.5945689622935495	0.8247544774957172	0.9806906138259833	0.4304338071693449	0.4527420233463035	0.9187308865248227	0.45541605960264897	0.8373016671673175	0.27040981432360744	0.932519213973799	0.8345428679817904	0.9501186640471514	0.655027129174217	0.7874654774396642	0.8634276637615969	0.9991172684019032	0.8884463348416289	0.9773182831325302	0.9522889587852494	0.4337787915407855	0.897131047067707	0.795311050197019	0.11178125	0.630281019036954	0.5559433734939758	0.4363083233532934	0.8698320963721962	0.8673575181665735	0.4585063636363636	0.6723572614107883	0.37903846153846155	0.715170558050032	0.989982702287142	0.18343589743589744	0.9236221819033127	0.9878253802652106	0.7222097698744769	0.25212334801762115	0.6888327590221187	0.9848826121241991	0.5538453846153847	0.062389534883720926	0.9584132189386717	0.9134969967822667	0.6744386933461909	0.6351663819233949	0.22982372322899505	0.821085377433138	0.9084492765957447	0.5384594306049822	0.9236221819033127	0.545098975720789	0.8698320963721962	0.720130289672544	0.2212577319587629	0.6721990935815776	0.49030905151661053	0.3943739350180505	0.1601641791044776	0.9100398132427845	0.7325971153846154	0.9734790817877774	0.7530599187149215	0.6407698451507743	0.3487575	0.8110841704471808	0.7412067323151126	0.3452582608695652	0.7627765844402277	0.38978428465530024	0.43905338479809974	0.7258421739130435	0.8538512437095616	0.7854097326203209	0.8339435987212666	0.882681649321565
g__Clostridium	0.4128404651162791	0.82306382477626	0.986429363449692	0.6351663819233949	0.8648640942893223	0.8976598504672898	0.9649452144188937	0.9599052217678515	0.6825827122641509	0.8092430295124735	0.8869101818181818	0.9745688239457984	0.9773182831325302	0.9842317521494218	0.8025045908183633	0.6054215644820297	0.5840615634122608	0.8811227387771413	0.37942044581091466	0.5267214404662781	0.6382336974330967	0.9515839443054499	0.9974391247428465	0.6081647656016721	0.6690528972892315	0.9467077024213871	0.9543520299946439	0.9913282596209074	0.9426811044577511	0.932519213973799	0.9533782688369086	0.6239594293865905	1.0	0.8195983240223463	0.9291839041888451	0.7477767984189724	0.9426007336594041	0.9013933844441697	0.8217508675078864	0.8849700471698112	0.895903292389515	0.42389846841097634	0.7788692223439211	0.9434263349917081	0.488434755210858	0.4490757175660161	0.7999571985755469	0.802136873747495	0.9701623771498772	0.9848826121241991	0.7655442282259588	0.9037813292307691	0.720130289672544	0.9377496835443039	0.9558225607158074	0.8902040359897172	0.343392	0.8698320963721962	0.9334297891842347	0.9527566789348344	0.9897273514970636	0.7165420817369093	0.8837626084669996	0.8561495070724389	0.9142310981419725	0.4753292974588939	0.7174452986022871	0.5203324393358876	0.8985427558761347	0.9585543436905516	0.796395594262295	0.9855409547244095	0.9961180568631143	0.8290858881528269	0.9713838423946243	0.7258421739130435	0.062389534883720926	0.9072012822078398	0.983090522875817	0.8665845314685314	0.062389534883720926	0.8785563283461383	0.8874970027247956	0.5707668928086838	0.6283183431952664	0.9961180568631143	0.8976598504672898	0.9745688239457984	0.8472668666764231	0.8193240326191237	0.9969900422733677	0.9585543436905516	0.8792459662288932	0.940710808988764	0.9884584808403035	0.7766787600880412	0.8515306374328444	0.5744157123834887	0.8985427558761347	0.9094001577669902	0.9103475832828589	0.9974391247428465	0.9612649471591503	0.9467077024213871	0.6094775836541309	0.20285444234404537	0.8295806080147397	0.3487575	0.7854097326203209	0.9901575612097935	0.6382336974330967	0.42856931249999997	0.9974391247428465	0.9956073730098559	0.6230308617234469	0.34675	0.9297800994449583	0.9394157693174138	0.38978428465530024	0.34051223934723485	0.7859163751987283	0.7999571985755469	0.8781229894394802	0.8914773094170403	0.6368948844884489	0.8792459662288932	0.6075000899550225	0.969148599281683	0.8576229891614375	0.7851293484114162	0.8122963892487046	0.8434673913043478	0.062389534883720926	0.9889699583292955	0.8273126353232292	0.9528868079584775	0.6579108600770219	0.062389534883720926	0.7428989017571885	0.062389534883720926	0.9094001577669902	0.9451784479911943	0.8920521505376344	0.09055696202531645	0.8214835677042186	0.793120641489912	0.995554743139303
g__Clostridium_A	0.6283183431952664	0.33658118081180816	0.9167230760095013	0.6721990935815776	0.8792459662288932	0.8339435987212666	0.8936335120643432	0.8214835677042186	0.33658118081180816	0.6989605388272584	0.9595665160748056	0.7851293484114162	0.6239594293865905	0.717741858500528	0.343392	0.9806906138259833	0.2628	0.963493048628429	0.6382336974330967	0.9806906138259833	0.9774143530591776	0.9726808677098151	0.9522889587852494	0.5046238454706927	0.38612293853073465	0.8038500991080278	0.9467077024213871	0.804207058242843	0.7320491490670494	0.9013933844441697	0.8472668666764231	0.9505636601592322	0.8195983240223463	1.0	0.717741858500528	0.6568421621621622	0.9394157693174138	0.46673452566096424	0.9801366007194245	0.8743995346927603	0.8799993850267379	0.9100398132427845	0.32322289156626505	0.3088880597014925	0.5688634909833277	0.35445086705202317	0.9013933844441697	0.18343589743589744	0.9773182831325302	0.8634276637615969	0.9671066192390968	0.6690528972892315	0.8417567789034565	0.5759996043521266	0.9134969967822667	0.7011691840863116	0.4625625789473684	0.5922888538048627	0.882681649321565	0.9593462088547692	0.6163158536585366	0.8458589969203695	0.9593462088547692	0.2212577319587629	0.7720915756341419	0.8312167483910511	0.7862841325811001	0.8640858587277068	0.8206760641677254	0.6989605388272584	0.7229423173277661	0.8601171634411641	0.23960765550239232	0.42389846841097634	0.6549619963608005	0.54950051986632	0.6979531987295826	0.9065912856967766	0.6465969181721573	0.5840615634122608	0.7854097326203209	0.5610413974719102	0.5334865008156606	0.3823783169067475	0.655027129174217	0.5041119122257053	0.8555942497496781	0.6833407904022583	0.9192387268217787	0.8247544774957172	0.7507524513618676	0.6744386933461909	0.5478373027798648	0.9649452144188937	0.6458711646586346	0.8880827586206896	0.7610145793681005	0.74633775044634	0.7957861467419189	0.6151648121176814	0.9072012822078398	0.9944654628833477	0.5203324393358876	0.7990276671771313	0.9587959502214722	0.33658118081180816	0.8538512437095616	0.6940411118737132	0.5922888538048627	0.9878253802652106	0.5828494952784109	0.7883770480349344	0.7972750469043153	0.9426811044577511	0.9825143267611216	0.6407698451507743	0.804207058242843	0.6424118218623481	0.9961180568631143	0.7773637795275591	0.8515306374328444	0.882681649321565	0.8655196804037006	0.8385101138747377	0.8555942497496781	0.9678138823044419	0.6394179738562091	0.8503899723475477	0.3004199328107503	0.8785563283461383	0.9897273514970636	0.7012170026881721	0.8247544774957172	0.8537814201353882	0.28409386281588445	0.3706289156626506	0.6979531987295826	0.7902947914864163	0.3264582924435721	0.8849700471698112	0.9482609009403018	0.9585543436905516	0.9998385562395076	0.7071144275314362	0.932519213973799	0.9679222794193348	0.37942044581091466
g__Clostridium_AP	0.9753587002518892	0.1718924485125858	0.5096280369718309	0.5203324393358876	0.9701684323550466	0.575116197416363	0.9131427563105635	0.6129316802800466	0.7871029612756265	0.9531462235649548	0.8387356020942408	0.5610413974719102	0.4527420233463035	0.7659797511312217	0.062389534883720926	0.7618969213226909	0.9584132189386717	0.8976598504672898	0.8974505443624078	0.7602578092142993	0.7012170026881721	0.6424118218623481	0.6450705882352942	0.836946976534296	0.6040477611940298	0.5519363602941176	0.9183308447704686	0.9245995460893854	0.9426811044577511	0.6054215644820297	0.5720783108108108	0.7108418358531318	0.9291839041888451	0.717741858500528	1.0	0.882681649321565	0.8727053630363037	0.7762767138393678	0.8387356020942408	0.843377111111111	0.8362343844296922	0.843377111111111	0.8238498125585754	0.33658118081180816	0.9050860636598256	0.8035375641237796	0.9245995460893854	0.7525852598913886	0.9245995460893854	0.8821594655377695	0.8440557607090103	0.11178125	0.8171817525276841	0.6718745575221238	0.9267908215363192	0.9377496835443039	0.5905143497757848	0.9822296579077838	0.8122963892487046	0.9613818438381937	0.8238498125585754	0.6723572614107883	0.7131739699570815	0.5193012858979854	0.7704102774157513	0.5384594306049822	0.9801366007194245	0.3004199328107503	0.6549619963608005	0.7048326743669481	0.617882939481268	0.9618312942892873	0.46769091375770017	0.9352795779441796	0.5427219708588956	0.6508270783847981	0.7812183640007287	0.6459770194614769	0.6195470960322025	0.5997220411927451	0.7174452986022871	0.9580884342202903	0.8206760641677254	0.7477767984189724	0.44182804878048787	0.9054034249938621	0.7750386573220214	0.8782678653508179	0.8293336665641341	0.5242180944421229	0.39192841490138786	0.8135321330534473	0.33658118081180816	0.5427219708588956	0.9267908215363192	0.9956073730098559	0.5733791386271871	0.9991172684019032	0.9947304057279236	0.5267214404662781	0.986429363449692	0.7757301786043086	0.6009886029411764	0.7048326743669481	0.770686345903771	0.6989605388272584	0.3943739350180505	0.957742319949012	0.802136873747495	0.9953125	0.941766089191908	0.9801366007194245	0.8256538043478261	0.9419951219512195	0.8599375212224109	0.9953125	0.9599052217678515	0.768998052069676	0.7131739699570815	0.9619471267957526	0.8761072069621975	0.941912716311265	0.8555942497496781	0.9938200324954601	0.4054589814177563	0.6009886029411764	0.705648869680851	0.7515242959798019	0.8902040359897172	0.9657789131108585	0.5840615634122608	0.3004199328107503	0.67364952681388	0.3181993865030675	0.6905402216578157	0.7716763636363637	0.5432952	0.8038500991080278	0.7864628992628994	0.8347778366914103	0.5096280369718309	0.4227153298835705	0.8014450865110029	0.9209364909390445	0.7229423173277661	0.8214835677042186	0.8030424418604651
g__Collinsella	0.9013933844441697	0.804207058242843	0.7095590463749184	0.20285444234404537	0.11178125	0.4805162068965517	0.6549619963608005	0.8177228365384615	0.5659982050396962	0.9616993315926893	0.24574809160305341	0.5046238454706927	0.8187864691753403	0.800529344345188	0.5945689622935495	0.6129316802800466	0.9961180568631143	0.986429363449692	0.7858733759318425	0.19550404858299592	0.9957750213048007	0.8025045908183633	0.35445086705202317	0.548571284540702	0.8411605757756563	0.8792459662288932	0.9081383033106135	0.6424118218623481	0.8561495070724389	0.7535325608342989	0.8373016671673175	0.75027034509651	0.7477767984189724	0.6568421621621622	0.882681649321565	1.0	0.11178125	0.9599052217678515	0.062389534883720926	0.062389534883720926	0.8472668666764231	0.6909439917127072	0.5103082532751092	0.9549363665491829	0.46982308868501527	0.2980833333333333	0.3264582924435721	0.32322289156626505	0.8345428679817904	0.5610413974719102	0.7854097326203209	0.9654682142487849	0.062389534883720926	0.22982372322899505	0.9436083388484447	0.8974505443624078	0.30626344676180023	0.6272387789711702	0.6833407904022583	0.8792459662288932	0.9543520299946439	0.23960765550239232	0.7131739699570815	0.9948797522629824	0.4128404651162791	0.23960765550239232	0.7108418358531318	0.9967310331860486	0.941912716311265	0.7938759428276219	0.6099459905660378	0.8448548387096774	0.7871029612756265	0.9729803147208121	0.9773182831325302	0.46673452566096424	0.5384594306049822	0.9442712159629589	0.8761072069621975	0.9961180568631143	0.6024306047648136	0.491218568019093	0.1296797583081571	0.6989605388272584	0.8903245283018867	0.8252689735614308	0.9254817357964448	0.6718745575221238	0.9974391247428465	0.5591996807378503	0.755925549132948	0.7851293484114162	0.6771639923132357	0.062389534883720926	0.7440017347956132	0.4775826237623762	0.548571284540702	0.7834717076700435	0.7586414690130069	0.5270201982651797	0.6702233564013841	0.46982308868501527	0.8743995346927603	0.9549363665491829	0.962563219227968	0.23960765550239232	0.8339435987212666	0.18343589743589744	0.3487575	0.39781350000000004	0.5270201982651797	0.4527420233463035	0.5828494952784109	0.48582353801169587	0.8429449316290131	0.8884463348416289	0.7844196205962061	0.8456494565217391	0.6904538229842446	0.20285444234404537	0.38612293853073465	0.5907348837209303	0.8262936569478909	0.8515306374328444	0.41034536290322576	0.9660890987921957	0.8328463832390273	0.8888079422382672	0.43146607687614397	0.9254817357964448	0.9486044570679485	0.9192387268217787	0.5458566742081448	0.9084492765957447	0.7788692223439211	0.7409860366713682	0.9910599731749377	0.8691840902758429	0.39192841490138786	0.7568265871489034	0.9543520299946439	0.8673575181665735	0.8035375641237796	0.25212334801762115	0.910544500907441	0.9111080173347779	0.802136873747495
g__Coprococcus_A	0.8339435987212666	0.9841438421208825	0.7108418358531318	0.3823783169067475	0.11178125	0.6604112496818528	0.577823076923077	0.655027129174217	0.7428327392871447	0.42856931249999997	0.43146607687614397	0.7451014934289129	0.9701623771498772	0.5936154185022027	0.7480268527619423	0.35916000000000003	0.4753292974588939	0.8884463348416289	0.7475766990291263	0.5659982050396962	0.7618969213226909	0.28409386281588445	0.8799993850267379	0.8472668666764231	0.7938759428276219	0.655027129174217	0.7720915756341419	0.2212577319587629	0.1601641791044776	0.5806787859007833	0.800529344345188	0.09055696202531645	0.9426007336594041	0.9394157693174138	0.8727053630363037	0.11178125	1.0	0.9336410396716825	0.09055696202531645	0.20285444234404537	0.8698320963721962	0.55916175	0.9957750213048007	0.8781229894394802	0.2628	0.6195470960322025	0.41034536290322576	0.5267214404662781	0.9326805785123967	0.2924324644549763	0.4598188029661017	0.7864628992628994	0.09055696202531645	0.1478099173553719	0.6721990935815776	0.7071144275314362	0.3823783169067475	0.770686345903771	0.37903846153846155	0.800529344345188	0.8673575181665735	0.4054589814177563	0.6075000899550225	0.8385101138747377	0.7048326743669481	0.44182804878048787	0.8957922013695155	0.8450662499999999	0.34675	0.8341803191489361	0.2587617021276596	0.5626362014690451	0.49690587425424504	0.9778041595670042	0.47073392226148414	0.2813370786516854	0.796395594262295	0.9239713067850053	0.941912716311265	0.5874029013539651	0.8592107249255213	0.6757224975938402	0.5409223515715949	0.6604112496818528	0.8692259248956886	0.8592107249255213	0.9920706287683031	0.343392	0.9713838423946243	0.7530599187149215	0.46982308868501527	0.655027129174217	0.9974391247428465	0.062389534883720926	0.6094775836541309	0.4054589814177563	0.8736144052682124	0.6382336974330967	0.5193012858979854	0.3295508637236085	0.769702088772846	0.63116484375	0.7999571985755469	0.9349153136741432	0.28409386281588445	0.616389136087836	0.6702233564013841	0.4304338071693449	0.062389534883720926	0.7668463102409638	0.5739002008032128	0.5242180944421229	0.22982372322899505	0.8025045908183633	0.5997220411927451	0.46769091375770017	0.6368948844884489	0.5361172983870968	0.4836581167238842	0.6595264931087289	0.457415397082658	0.6239594293865905	0.7356595006090134	0.9701684323550466	0.4585063636363636	0.9467077024213871	0.8429449316290131	0.9580884342202903	0.11178125	0.6918217041800644	0.9887924345295829	0.9261904667905247	0.9217266032417194	0.7428989017571885	0.2980833333333333	0.22982372322899505	0.6823047089446285	0.7477767984189724	0.1601641791044776	0.6897253658536586	0.9848826121241991	0.6595264931087289	0.3487575	0.3264582924435721	0.8754198279393691	0.9774143530591776	0.7258421739130435
g__Dialister	0.7012170026881721	0.860959757644075	0.9660890987921957	0.7409860366713682	0.8206760641677254	0.9649452144188937	0.7085889034799738	0.8945457702582369	0.9426811044577511	0.9938200324954601	0.5354607795371498	0.7857818181818181	0.6071954805664356	0.49322295774647884	0.8035375641237796	0.868129209717956	0.686392778686609	0.8811227387771413	0.7011691840863116	0.8717920606478292	0.9961180568631143	0.8821594655377695	0.062389534883720926	0.2587617021276596	0.7957861467419189	0.805177761341223	0.4585063636363636	0.55916175	0.727724303693006	0.9477093216630198	0.6667858074222668	0.545098975720789	0.9013933844441697	0.46673452566096424	0.7762767138393678	0.9599052217678515	0.9336410396716825	1.0	0.9429300099700898	0.7242753753127605	0.7834717076700435	0.8472668666764231	0.4128404651162791	0.739867372881356	0.3997675352112676	0.7119406189555125	0.9587959502214722	0.44071498237367807	0.8525425115874854	0.9334297891842347	0.8014450865110029	0.39192841490138786	0.55916175	0.1296797583081571	0.9072012822078398	0.940710808988764	0.4527420233463035	0.6047375796178344	0.3088880597014925	0.970576615290395	0.8599375212224109	0.8849700471698112	0.6081647656016721	0.8273126353232292	0.9755552748137709	0.9805175643327348	0.882681649321565	0.986429363449692	0.9030292673902318	0.9254817357964448	0.6382336974330967	0.7108418358531318	0.7174452986022871	0.7957861467419189	0.7890386391251518	0.8266758284298544	0.8429449316290131	0.7352722222222222	0.9901575612097935	0.43146607687614397	1.0	0.843377111111111	0.6054215644820297	0.5427219708588956	0.7832732824427482	0.5384594306049822	0.54950051986632	0.802136873747495	0.8945457702582369	0.7507524513618676	0.7832732824427482	0.9132247670250897	0.9377496835443039	0.7085889034799738	0.5673356557377048	0.7017345174262736	0.8312167483910511	0.5409223515715949	0.9851635083226633	0.9448292607689766	0.9291839041888451	0.6690528972892315	0.941912716311265	0.9143113238967527	0.9442712159629589	0.7089204932343954	0.8781229894394802	0.7108418358531318	0.8968001640378549	0.23960765550239232	0.8903245283018867	0.8187864691753403	0.407792590074779	0.6254431605777401	0.9961180568631143	0.8798586691658857	0.6723572614107883	0.5203324393358876	0.30626344676180023	0.9822296579077838	0.616389136087836	0.4128404651162791	0.8552155832974603	0.7586414690130069	0.4152798291721419	0.5127551739130435	0.9560490794934554	0.6909439917127072	0.6940411118737132	0.7862841325811001	0.9734790817877774	0.9431784196547145	0.9737771240506329	0.8334677714983961	0.8597573189740683	0.8932899156441718	0.8906729999999999	0.6094775836541309	0.5242180944421229	0.8998689059977648	0.800529344345188	0.8476785557986871	0.696243322698268	0.9726808677098151	0.46454302872062664	0.9866104044548653	0.9336410396716825
g__Dorea	0.868129209717956	0.8758389705882355	0.625059385665529	0.42856931249999997	0.062389534883720926	0.55916175	0.4928122748815166	0.18343589743589744	0.3295508637236085	0.7477767984189724	0.1718924485125858	0.6698890625	0.8966907126611069	0.20285444234404537	0.9253100267535186	0.18343589743589744	0.9893240785527715	0.986429363449692	0.46982308868501527	0.27040981432360744	0.9961180568631143	0.5096280369718309	0.5907348837209303	0.5171399224806201	0.8885700232378001	0.9887924345295829	0.8110841704471808	0.6075000899550225	0.9956073730098559	0.5840615634122608	0.932519213973799	0.37942044581091466	0.8217508675078864	0.9801366007194245	0.8387356020942408	0.062389534883720926	0.09055696202531645	0.9429300099700898	1.0	0.062389534883720926	0.7131739699570815	0.30626344676180023	0.5314944285129045	0.8350120235934664	0.7890386391251518	0.2212577319587629	0.33407830188679244	0.6649054197126292	0.7858733759318425	0.8140818284424379	0.062389534883720926	0.7832732824427482	0.062389534883720926	0.062389534883720926	0.9533782688369086	0.8025045908183633	0.1601641791044776	0.5591996807378503	0.9603255553227158	0.8837626084669996	0.7890386391251518	0.27836575875486386	0.5744157123834887	0.8106589581304771	0.43905338479809974	0.3295508637236085	0.6054215644820297	0.8097058966861599	0.7687159001314061	0.6047375796178344	0.3295508637236085	0.950904347826087	0.6047375796178344	0.9618155555555555	0.816507874015748	0.21154301075268817	0.33658118081180816	0.9471570177359317	0.686392778686609	0.738894846402587	0.680321331424481	0.700489116719243	0.20285444234404537	0.8514560727272728	0.6897253658536586	0.9606446922110552	0.8152862552368675	0.8035375641237796	0.6327394846217789	0.6495377777777778	0.6094775836541309	0.6718745575221238	0.940710808988764	0.1478099173553719	0.7108418358531318	0.954148966853207	0.37942044581091466	0.19550404858299592	0.9535071820824809	0.44182804878048787	0.5840615634122608	0.18343589743589744	0.7356595006090134	0.47073392226148414	0.9801366007194245	0.457415397082658	0.9037813292307691	0.09055696202531645	0.1296797583081571	0.33407830188679244	0.9314958165264493	0.45580419847328246	0.3088880597014925	0.2628	0.5046238454706927	0.8476785557986871	0.1718924485125858	0.9245995460893854	0.843377111111111	0.43146607687614397	0.7480268527619423	0.6459770194614769	0.9054034249938621	0.8075871057362314	0.523452398989899	0.8634276637615969	0.7356595006090134	0.7012170026881721	0.1478099173553719	0.5242180944421229	0.5905143497757848	0.9953125	0.4598188029661017	0.9801366007194245	0.7460498409542743	0.7254540287320425	0.7762767138393678	0.727724303693006	0.3487575	0.9426811044577511	0.7187830390920554	0.8358764732547597	0.6382336974330967	0.062389534883720926	0.5046238454706927	0.8011227869404242	0.8640858587277068
g__Dorea_A	0.8552155832974603	0.7990276671771313	0.9178548914976876	0.42856931249999997	0.1718924485125858	0.5891529411764707	0.49690587425424504	0.5334865008156606	0.46769091375770017	0.6723572614107883	0.34051223934723485	0.7671334710743801	0.7938759428276219	0.11178125	0.950904347826087	0.4585063636363636	0.8035375641237796	0.8758389705882355	0.3004199328107503	0.062389534883720926	0.9081383033106135	0.4598188029661017	0.6744386933461909	0.6107688105726873	0.970576615290395	0.8761072069621975	0.9944654628833477	0.5354607795371498	0.6909439917127072	0.8555942497496781	0.8785563283461383	0.2813370786516854	0.8849700471698112	0.8743995346927603	0.843377111111111	0.062389534883720926	0.20285444234404537	0.7242753753127605	0.062389534883720926	1.0	0.8957922013695155	0.21154301075268817	0.5642417041912019	0.5673356557377048	0.9081383033106135	0.5354607795371498	0.1478099173553719	0.4337787915407855	0.6327394846217789	0.20285444234404537	0.062389534883720926	0.4805162068965517	0.062389534883720926	0.25212334801762115	0.910544500907441	0.8038500991080278	0.4527420233463035	0.7012170026881721	0.9654682142487849	0.6412462246278755	0.9117160720720722	0.1601641791044776	0.700121966101695	0.9535071820824809	0.37354746835443037	0.19550404858299592	0.457415397082658	0.9657789131108585	0.46673452566096424	0.7659797511312217	0.6698890625	0.941766089191908	0.5905143497757848	0.7618969213226909	0.8387356020942408	0.1718924485125858	0.2813370786516854	0.7996290519877676	0.4490757175660161	0.6588053763440861	0.7720915756341419	0.6718745575221238	0.4753292974588939	0.7887359832635983	0.9948797522629824	0.8903245283018867	0.7258421739130435	0.7011691840863116	0.4054589814177563	0.9613818438381937	0.4625625789473684	0.407792590074779	0.7610145793681005	0.062389534883720926	0.7495934573947111	0.6579108600770219	0.662501342111927	0.20285444234404537	0.7874654774396642	0.3706289156626506	0.7074528596568412	0.6283183431952664	0.5945689622935495	0.37354746835443037	0.8238498125585754	0.22982372322899505	0.963906977468591	0.062389534883720926	0.36642439024390244	0.8350120235934664	0.941766089191908	0.3452582608695652	0.49030905151661053	0.2980833333333333	0.6744386933461909	0.8798586691658857	0.40250584551148233	0.8758389705882355	0.8195983240223463	0.062389534883720926	0.6649054197126292	0.5458566742081448	0.457415397082658	0.986429363449692	0.2587617021276596	0.9737771240506329	0.7762767138393678	0.727724303693006	0.4459878034682081	0.7208696480938417	0.8217584605698096	0.9974391247428465	0.6698890625	0.9030292673902318	0.941766089191908	0.6283183431952664	0.5458566742081448	0.5103082532751092	0.22982372322899505	0.696243322698268	0.9851635083226633	0.989982702287142	0.8064519750860516	0.062389534883720926	0.6655970846946468	0.8717920606478292	0.9231224578256794
g__Dorea_D	0.6521102685624013	0.6412462246278755	0.7063052619942516	0.9948797522629824	0.9774143530591776	0.9231224578256794	0.7864628992628994	0.9897273514970636	0.7530599187149215	0.7996290519877676	0.9713838423946243	0.8985427558761347	0.8936335120643432	0.5642417041912019	0.6681363363363363	0.8815157279489904	0.8792459662288932	0.09055696202531645	0.6254431605777401	0.4304338071693449	0.8555942497496781	0.616389136087836	0.33658118081180816	0.8262936569478909	0.700489116719243	0.28409386281588445	0.47073392226148414	0.9745699090909091	0.8030424418604651	0.1718924485125858	0.9172349946600213	0.1718924485125858	0.895903292389515	0.8799993850267379	0.8362343844296922	0.8472668666764231	0.8698320963721962	0.7834717076700435	0.7131739699570815	0.8957922013695155	1.0	0.8692259248956886	0.7864628992628994	0.778331126554499	0.7568265871489034	0.8998689059977648	0.9855409547244095	0.9471570177359317	0.9352795779441796	0.7627765844402277	0.4527420233463035	0.7480268527619423	0.7735055689176689	0.46769091375770017	0.5997220411927451	0.8684150027886225	0.4956203883495146	0.941766089191908	0.8025045908183633	0.7187830390920554	0.802136873747495	0.7460498409542743	0.882681649321565	0.9731805558373061	0.9336410396716825	0.9336410396716825	0.7859163751987283	0.8205355665181413	0.22982372322899505	0.4836581167238842	0.21154301075268817	0.4527420233463035	0.9765361049668209	0.9678138823044419	0.5127551739130435	0.75027034509651	0.9159925490196079	0.28409386281588445	0.9904271323035594	0.5997220411927451	0.9618312942892873	0.8727053630363037	0.9897273514970636	0.8417567789034565	0.8426023370050609	0.8758389705882355	0.9416828235294118	0.8782678653508179	0.9686438135332169	0.5642380753138074	0.5270201982651797	0.882681649321565	0.700489116719243	0.545098975720789	0.9956073730098559	0.9585543436905516	0.5519363602941176	0.9745699090909091	0.8177228365384615	0.8709948044769933	0.663370909090909	0.6588053763440861	0.941766089191908	0.9103475832828589	0.22982372322899505	0.9291839041888451	0.9734790817877774	0.9713838423946243	0.7409860366713682	0.3943739350180505	0.9117160720720722	0.9549363665491829	0.2628	0.6918217041800644	0.9350724667349027	0.9745688239457984	0.9953125	0.6614589489718202	0.8367172668374264	0.964433053482587	0.5046238454706927	0.8811227387771413	0.9961180568631143	0.4490757175660161	0.9584132189386717	0.1296797583081571	0.9081383033106135	0.9585543436905516	0.42389846841097634	0.062389534883720926	0.8815157279489904	0.8792459662288932	0.7119406189555125	0.9419951219512195	0.989982702287142	0.7858733759318425	0.8660527023242789	0.7627765844402277	0.820133009244501	0.5874029013539651	0.35445086705202317	0.6126608440797187	0.795311050197019	0.9785854809619239	0.9801366007194245	0.8607818797629128	0.7766787600880412
g__Dysosmobacter	0.7011691840863116	0.9377496835443039	0.8724294133847426	0.6897253658536586	0.6439178023161863	0.27836575875486386	0.34675	0.662501342111927	0.9419951219512195	0.800529344345188	0.28409386281588445	0.5759996043521266	0.9543520299946439	0.7108418358531318	0.3295508637236085	0.5874029013539651	0.5559433734939758	0.8339435987212666	0.062389534883720926	0.25212334801762115	0.407792590074779	0.7119406189555125	0.9750634365231421	0.7165420817369093	0.9467077024213871	0.9560490794934554	0.8350120235934664	0.4928122748815166	0.6690528972892315	0.8957922013695155	0.9558225607158074	0.9072012822078398	0.42389846841097634	0.9100398132427845	0.843377111111111	0.6909439917127072	0.55916175	0.8472668666764231	0.30626344676180023	0.21154301075268817	0.8692259248956886	1.0	0.6212036144578313	0.5270201982651797	0.8972349479232025	0.5642417041912019	0.2212577319587629	0.4490757175660161	0.7851293484114162	0.1478099173553719	0.09055696202531645	0.4304338071693449	0.062389534883720926	0.11178125	0.9585543436905516	0.6129316802800466	0.6579108600770219	0.5071370026525198	0.6099459905660378	0.4775826237623762	0.4732839438033116	0.11178125	0.7568265871489034	0.5041119122257053	0.30626344676180023	0.1601641791044776	0.8252689735614308	0.968337385674648	0.21154301075268817	0.8358764732547597	0.1601641791044776	0.986429363449692	0.28409386281588445	0.6561065840433773	0.5041119122257053	0.8014450865110029	0.49408561452513966	0.9037813292307691	0.8920521505376344	0.49408561452513966	0.8966907126611069	0.3088880597014925	0.897131047067707	0.7174452986022871	0.5918907648365598	0.7340416309012876	0.986429363449692	0.28409386281588445	0.630281019036954	0.5384594306049822	0.4184810546875	0.49690587425424504	0.7242753753127605	0.5512336908284023	0.6094775836541309	0.5134028904227782	0.9649452144188937	0.062389534883720926	0.43146607687614397	0.3487575	0.9671066192390968	0.30626344676180023	0.2628	0.4363083233532934	0.6579108600770219	0.1296797583081571	0.6099459905660378	0.27836575875486386	0.7834717076700435	0.6459770194614769	0.6698890625	0.062389534883720926	0.7507524513618676	0.6604112496818528	0.47073392226148414	0.6126608440797187	0.8034902985074627	0.18343589743589744	0.9531462235649548	0.28409386281588445	0.800529344345188	0.42856931249999997	0.8966907126611069	0.9558225607158074	0.7038561540173603	0.9342253588516747	0.575116197416363	0.8561495070724389	0.11178125	0.43905338479809974	0.9842317521494218	0.9897273514970636	0.7071144275314362	0.8727053630363037	0.5642417041912019	0.09055696202531645	0.9731805558373061	0.2980833333333333	0.343392	0.21154301075268817	0.8692259248956886	0.9806906138259833	0.6107688105726873	0.11178125	0.9037813292307691	0.662501342111927	0.4732839438033116
g__Eggerthella	0.44071498237367807	0.8450662499999999	0.9329485380116959	0.28409386281588445	0.4732839438033116	0.9336410396716825	0.8792459662288932	0.9425604006677797	0.941766089191908	0.1478099173553719	0.44182804878048787	0.6568421621621622	0.9431784196547145	0.2212577319587629	0.8607818797629128	0.9426811044577511	0.8362343844296922	0.8937483809280979	0.062389534883720926	0.9961180568631143	0.8520989847715735	0.6382336974330967	0.663370909090909	0.09055696202531645	0.9961180568631143	0.7174452986022871	0.54950051986632	0.6272387789711702	0.8754198279393691	0.8869101818181818	0.5659982050396962	0.9371245838523384	0.7788692223439211	0.32322289156626505	0.8238498125585754	0.5103082532751092	0.9957750213048007	0.4128404651162791	0.5314944285129045	0.5642417041912019	0.7864628992628994	0.6212036144578313	1.0	0.3088880597014925	0.7687159001314061	0.1478099173553719	0.6412462246278755	0.1601641791044776	0.6905402216578157	0.7735055689176689	0.9713838423946243	0.9599052217678515	0.20285444234404537	0.6424118218623481	0.8809841782283885	0.9961180568631143	0.7108418358531318	0.4263928616550853	0.343392	0.8493226299694189	0.8555942497496781	0.8520989847715735	0.9394157693174138	0.5432952	0.7142505784061697	0.1601641791044776	0.7063052619942516	0.9134969967822667	0.9533782688369086	0.5891529411764707	0.8749102392344498	0.7834717076700435	0.5945689622935495	0.5409223515715949	0.8592107249255213	0.8075871057362314	0.8754198279393691	0.6904538229842446	0.63116484375	0.8135321330534473	0.9961180568631143	0.5673356557377048	0.897131047067707	0.30626344676180023	0.9974391247428465	0.9519228562112815	0.9926226324851731	0.6733330168005843	0.7074528596568412	0.27040981432360744	0.9535071820824809	0.8030424418604651	0.4337787915407855	0.8205355665181413	0.4527420233463035	0.5134028904227782	0.46982308868501527	0.7383675713996354	0.9878253802652106	0.895903292389515	0.8075871057362314	0.5591996807378503	0.7655442282259588	0.957742319949012	0.8950000381242852	0.2813370786516854	0.9467077024213871	0.8411605757756563	0.968337385674648	0.8290858881528269	0.7581841288096607	0.27040981432360744	0.6733330168005843	0.7859163751987283	0.5591996807378503	0.8868987252861602	0.986429363449692	0.8034902985074627	0.3823783169067475	0.2813370786516854	0.5384594306049822	0.7659797511312217	0.970576615290395	0.9236221819033127	0.40250584551148233	0.5570141300399564	0.5384594306049822	0.6904538229842446	0.6733330168005843	0.6823047089446285	0.8849700471698112	0.9897273514970636	0.062389534883720926	0.2924324644549763	0.09055696202531645	0.38612293853073465	0.4598188029661017	0.9686438135332169	0.9321429951690822	0.75027034509651	0.8811436893203882	0.8993180835197614	0.9115219843656044	0.09055696202531645	0.882681649321565	0.3452582608695652	0.3487575
g__Enterobacter	0.804207058242843	0.5865909326424871	0.9961180568631143	0.9897273514970636	0.7074528596568412	0.680321331424481	0.9543520299946439	0.9848826121241991	0.739867372881356	0.9524198483206935	0.7766787600880412	0.9512444420250409	0.37903846153846155	0.062389534883720926	0.5242180944421229	0.7854097326203209	0.8312167483910511	0.5806787859007833	0.6081647656016721	0.7370897789495032	0.7854097326203209	0.8385101138747377	0.25212334801762115	0.1296797583081571	0.1718924485125858	0.9326805785123967	0.9134969967822667	0.7480268527619423	0.9713838423946243	0.18343589743589744	0.20285444234404537	0.6798697223551938	0.9434263349917081	0.3088880597014925	0.33658118081180816	0.9549363665491829	0.8781229894394802	0.739867372881356	0.8350120235934664	0.5673356557377048	0.778331126554499	0.5270201982651797	0.3088880597014925	1.0	0.8891597424339986	0.35445086705202317	0.11178125	0.55916175	0.7581841288096607	0.6807701474785918	0.9115219843656044	0.6458711646586346	0.6655970846946468	0.8601171634411641	0.919601307882644	0.3452582608695652	0.5203324393358876	0.8262936569478909	0.6723572614107883	0.9037813292307691	0.38978428465530024	0.8525425115874854	0.9486044570679485	0.4304338071693449	0.5270201982651797	0.25212334801762115	0.9585543436905516	0.9131427563105635	0.8758389705882355	0.986429363449692	0.2813370786516854	0.5806787859007833	0.548571284540702	0.8799993850267379	0.32322289156626505	0.8974505443624078	0.8341803191489361	0.5270201982651797	0.062389534883720926	0.7477767984189724	0.8525425115874854	0.9535071820824809	0.8367172668374264	0.8252689735614308	0.19550404858299592	0.6718745575221238	0.7495934573947111	0.7095590463749184	0.46454302872062664	0.7119406189555125	0.9183308447704686	0.625059385665529	0.9467077024213871	0.9951436732362182	0.9961180568631143	0.9074036223929748	0.6327394846217789	0.802136873747495	0.8717920606478292	0.995554743139303	0.8266758284298544	0.9426811044577511	0.9657789131108585	0.5046238454706927	0.821085377433138	0.30626344676180023	0.6047375796178344	0.7854097326203209	0.9618155555555555	0.800529344345188	0.9713838423946243	0.882681649321565	0.5519363602941176	0.9897273514970636	0.8075871057362314	0.8035375641237796	0.9961180568631143	0.968337385674648	0.9710772314597572	0.8761072069621975	0.5046238454706927	0.7440017347956132	0.9090907909124043	0.9336410396716825	0.8546568596466025	0.779973851203501	0.33407830188679244	0.6807701474785918	0.38978428465530024	0.7440017347956132	0.9901575612097935	0.8968001640378549	0.940710808988764	0.9326805785123967	0.457415397082658	0.32322289156626505	0.1478099173553719	0.9533782688369086	0.3181993865030675	0.8976598504672898	0.5427219708588956	0.3823783169067475	0.9037813292307691	0.062389534883720926	0.6655970846946468	0.49690587425424504	0.2212577319587629
g__Enterocloster	0.9143113238967527	0.9426811044577511	0.7744879157427939	0.8328463832390273	0.895903292389515	0.9405618897637796	0.9124308678973868	0.9394157693174138	0.9336410396716825	0.9721794503816793	0.9394157693174138	0.5432952	0.5591996807378503	0.27836575875486386	0.5458566742081448	0.3823783169067475	0.9350724667349027	0.720130289672544	0.1296797583081571	0.8555942497496781	0.44182804878048787	0.6781127965492451	0.062389534883720926	0.4956203883495146	0.9070171788906575	0.957742319949012	0.5354607795371498	0.7910566096423017	0.7370897789495032	0.8520989847715735	0.968337385674648	0.7187830390920554	0.488434755210858	0.5688634909833277	0.9050860636598256	0.46982308868501527	0.2628	0.3997675352112676	0.7890386391251518	0.9081383033106135	0.7568265871489034	0.8972349479232025	0.7687159001314061	0.8891597424339986	1.0	0.5610413974719102	0.9081383033106135	0.5071370026525198	0.843377111111111	0.9524198483206935	0.8256538043478261	0.963493048628429	0.7859163751987283	0.1296797583081571	0.5936154185022027	0.9025963333333333	0.062389534883720926	0.8937483809280979	0.6833407904022583	0.9501186640471514	0.2813370786516854	0.7893940748440748	0.9297800994449583	0.3706289156626506	0.895903292389515	0.8743995346927603	0.5046238454706927	0.8684150027886225	0.9336410396716825	0.7515242959798019	0.9254817357964448	0.5865909326424871	0.9183308447704686	0.9501186640471514	0.9436083388484447	0.062389534883720926	0.8937483809280979	0.8458589969203695	0.6099459905660378	0.9891471727343144	0.769702088772846	0.34675	0.6568421621621622	0.9969900422733677	0.5478373027798648	0.9580884342202903	0.9584132189386717	0.7692789385161652	0.7187830390920554	0.5945689622935495	0.8579918112027296	0.9569073637233025	0.8456494565217391	0.6548300917431193	0.4598188029661017	0.9005305000620425	0.9111080173347779	0.7303440419839473	0.9591184615384615	0.8790548539114044	0.8295806080147397	0.6107688105726873	0.7890386391251518	0.8576229891614375	0.9806906138259833	0.6535590646347872	0.9115219843656044	0.9773182831325302	0.6099459905660378	0.46673452566096424	0.062389534883720926	0.617882939481268	0.9753587002518892	0.7530599187149215	0.9132247670250897	0.616389136087836	0.9726808677098151	0.9974391247428465	0.55916175	0.3088880597014925	0.625059385665529	0.800529344345188	0.8956807999999999	0.8514560727272728	0.9522889587852494	0.8906729999999999	0.37354746835443037	0.37354746835443037	0.062389534883720926	0.9543520299946439	0.8238498125585754	0.5405651437573848	0.5512336908284023	0.8295806080147397	0.663370909090909	0.3706289156626506	0.575116197416363	0.6151648121176814	0.09055696202531645	0.6568421621621622	0.738894846402587	0.9245995460893854	0.9311175683469836	0.795311050197019	0.5512336908284023	0.8535176878612717	0.8476785557986871
g__Enterococcus	0.9805175643327348	0.8262936569478909	0.7834717076700435	0.5739002008032128	0.20285444234404537	0.8864130672926447	0.625059385665529	0.9103475832828589	0.6718745575221238	0.7996290519877676	0.44182804878048787	0.54950051986632	0.6495377777777778	0.49690587425424504	0.655027129174217	0.6071954805664356	0.8761072069621975	0.9272828173913044	0.11178125	0.7229423173277661	0.9926226324851731	0.662501342111927	0.42389846841097634	0.062389534883720926	0.8817897218543046	0.9352795779441796	0.9519228562112815	0.5608179858657244	0.8790548539114044	0.7744879157427939	0.9505636601592322	0.6909439917127072	0.4490757175660161	0.35445086705202317	0.8035375641237796	0.2980833333333333	0.6195470960322025	0.7119406189555125	0.2212577319587629	0.5354607795371498	0.8998689059977648	0.5642417041912019	0.1478099173553719	0.35445086705202317	0.5610413974719102	1.0	0.2628	0.062389534883720926	0.989982702287142	0.6094775836541309	0.6595264931087289	0.5967971384136858	0.21154301075268817	0.802136873747495	0.9651570009313878	0.9187308865248227	0.9061645564961355	0.49030905151661053	0.9065912856967766	0.9938200324954601	0.6054215644820297	0.7846572201189833	0.7507524513618676	0.40250584551148233	0.9061645564961355	0.30626344676180023	0.7893940748440748	0.8684150027886225	0.6721990935815776	0.8698320963721962	0.5642417041912019	0.9527566789348344	0.457415397082658	0.7990276671771313	0.9419951219512195	0.700489116719243	0.7156288547664746	0.8538512437095616	0.6972587445985899	0.9416828235294118	0.9825143267611216	0.062389534883720926	0.11178125	0.7345833401305056	0.46769091375770017	0.9842317521494218	0.5127551739130435	0.6649054197126292	0.4625625789473684	0.8535176878612717	0.6588053763440861	0.6595264931087289	0.7550217290621382	0.882681649321565	0.6718745575221238	0.9953125	0.9426007336594041	0.941766089191908	0.6163158536585366	0.8724294133847426	0.9913282596209074	0.8476785557986871	0.9543520299946439	0.8448548387096774	0.8339435987212666	0.27040981432360744	0.7174452986022871	0.9321429951690822	0.8537814201353882	0.9887924345295829	0.4527420233463035	0.5371951503006012	0.680321331424481	0.5413055491329479	0.9906013228527607	0.7692789385161652	0.8097058966861599	0.700489116719243	0.9778041595670042	0.25212334801762115	0.9081383033106135	0.5413055491329479	0.8976598504672898	0.8976598504672898	0.7692789385161652	0.9183308447704686	0.37354746835443037	0.46673452566096424	0.964433053482587	0.8976598504672898	0.9651570009313878	0.7089204932343954	0.4805162068965517	0.5918907648365598	0.7859163751987283	0.11178125	0.5538453846153847	0.7846572201189833	0.6690528972892315	0.11178125	0.8832807844169518	0.8811227387771413	0.5270201982651797	0.19550404858299592	0.9961180568631143	0.9314958165264493	0.8555942497496781
g__Enterococcus_A	0.7325971153846154	0.7859163751987283	0.9352795779441796	0.9887924345295829	0.20285444234404537	0.8525425115874854	0.55916175	0.25212334801762115	0.700489116719243	0.7999571985755469	0.21154301075268817	0.5071370026525198	0.9318733678756476	0.2587617021276596	0.7834717076700435	0.6480704665959703	0.5103082532751092	0.9143113238967527	0.3487575	0.27836575875486386	0.3487575	0.7834717076700435	0.738894846402587	0.5840615634122608	0.6394179738562091	0.8906729999999999	0.9697587439811495	0.34675	0.7370897789495032	0.9978827102803738	0.9377496835443039	0.5409223515715949	0.7999571985755469	0.9013933844441697	0.9245995460893854	0.3264582924435721	0.41034536290322576	0.9587959502214722	0.33407830188679244	0.1478099173553719	0.9855409547244095	0.2212577319587629	0.6412462246278755	0.11178125	0.9081383033106135	0.2628	1.0	0.062389534883720926	0.9311175683469836	0.1718924485125858	0.24574809160305341	0.7659797511312217	0.09055696202531645	0.717741858500528	0.9134969967822667	0.4928122748815166	0.9887924345295829	0.9836661486687124	0.9223370070422534	0.4625625789473684	0.4337787915407855	0.4337787915407855	0.8520989847715735	0.7692789385161652	0.6382336974330967	0.47073392226148414	0.8607818797629128	0.7846572201189833	0.49322295774647884	0.9429300099700898	0.5409223515715949	0.9237969484391441	0.6548300917431193	0.9904271323035594	0.6549619963608005	0.6681363363363363	0.4732839438033116	0.8701131637168142	0.35916000000000003	0.680893268547049	0.8323509188361409	0.44182804878048787	0.25212334801762115	0.9883760806074767	0.55916175	0.8217508675078864	0.9239713067850053	0.6702233564013841	0.7480268527619423	0.9957750213048007	0.6254431605777401	0.4337787915407855	0.45109266211604093	0.24574809160305341	0.9967310331860486	0.8238498125585754	0.970576615290395	0.38612293853073465	0.8458589969203695	0.4128404651162791	0.8936335120643432	0.75027034509651	0.4956203883495146	0.8932899156441718	0.67364952681388	0.37942044581091466	0.5907348837209303	0.1718924485125858	0.5432952	0.9178548914976876	0.3706289156626506	0.33658118081180816	0.7854097326203209	0.7105031942633638	0.7074528596568412	0.8472668666764231	0.8429449316290131	0.8097058966861599	0.9512444420250409	0.4753292974588939	0.8247544774957172	0.488434755210858	0.8458589969203695	0.8785563283461383	0.6833407904022583	0.9394157693174138	0.46769091375770017	0.49030905151661053	0.49408561452513966	0.7844196205962061	0.9964716342082981	0.9967310331860486	0.6081647656016721	0.680321331424481	0.9603255553227158	0.663370909090909	0.46673452566096424	0.6368948844884489	0.42389846841097634	0.1718924485125858	0.5874029013539651	0.9593462088547692	0.6351663819233949	0.062389534883720926	0.8293336665641341	0.8075871057362314	0.8157010135135135
g__Enterococcus_B	0.63116484375	0.919601307882644	0.8817897218543046	0.457415397082658	0.062389534883720926	0.655027129174217	0.2813370786516854	0.9889699583292955	0.7788692223439211	0.8665845314685314	0.062389534883720926	0.062389534883720926	0.55916175	0.3452582608695652	0.7744879157427939	0.8888079422382672	0.6047375796178344	0.7999571985755469	0.09055696202531645	0.7017345174262736	0.5997220411927451	0.6561065840433773	0.18343589743589744	0.1296797583081571	0.9531462235649548	0.6239594293865905	0.8350120235934664	0.062389534883720926	0.9543520299946439	0.986429363449692	0.8140818284424379	0.6099459905660378	0.802136873747495	0.18343589743589744	0.7525852598913886	0.32322289156626505	0.5267214404662781	0.44071498237367807	0.6649054197126292	0.4337787915407855	0.9471570177359317	0.4490757175660161	0.1601641791044776	0.55916175	0.5071370026525198	0.062389534883720926	0.062389534883720926	1.0	0.705648869680851	0.35916000000000003	0.9593462088547692	0.2628	0.062389534883720926	0.8529848835527268	0.860959757644075	0.9599052217678515	0.8217584605698096	0.4263928616550853	0.7716763636363637	0.5570141300399564	0.4459878034682081	0.2980833333333333	0.5127551739130435	0.09055696202531645	0.5041119122257053	0.9090907909124043	0.5458566742081448	0.7851293484114162	0.55916175	0.7258421739130435	0.6979531987295826	0.8927170653703466	0.19550404858299592	0.46769091375770017	0.8985427558761347	0.6595264931087289	0.75027034509651	0.5945689622935495	0.6549619963608005	0.8434673913043478	0.6579108600770219	0.1478099173553719	0.062389534883720926	0.7119406189555125	0.5918907648365598	0.9723809334960342	0.6614589489718202	0.3452582608695652	0.5936154185022027	0.8754198279393691	0.5907348837209303	0.3706289156626506	0.8247544774957172	0.5982740465116279	0.19550404858299592	0.5016900954111768	0.8968001640378549	0.4152798291721419	0.919601307882644	0.6480704665959703	0.884824471021159	0.1296797583081571	0.6327394846217789	0.28409386281588445	0.49690587425424504	0.4152798291721419	0.41034536290322576	0.8476785557986871	0.7258421739130435	0.8782678653508179	0.4054589814177563	0.27836575875486386	0.8640858587277068	0.2924324644549763	0.9920706287683031	0.1296797583081571	0.680893268547049	0.7581841288096607	0.9394157693174138	0.5669624871178289	0.8811436893203882	0.1478099173553719	0.49408561452513966	0.43146607687614397	0.5405651437573848	0.8097058966861599	0.3452582608695652	0.34051223934723485	0.9134969967822667	0.941766089191908	0.8972349479232025	0.8698320963721962	0.5922888538048627	0.2924324644549763	0.9107409425981874	0.343392	0.5071370026525198	0.9090907909124043	0.7887359832635983	0.55916175	0.9961180568631143	0.8535881996537795	0.4263928616550853	0.20285444234404537	0.843377111111111	0.9566820038289724	0.2587617021276596
g__Eubacterium_F	0.9531462235649548	0.5432952	0.49408561452513966	0.9426811044577511	0.4585063636363636	0.5739002008032128	0.8476785557986871	0.8974505443624078	0.9558225607158074	0.8853320769532784	0.5794458715596331	0.9799504505406489	0.9801366007194245	0.8514560727272728	0.46454302872062664	0.9336410396716825	0.6047375796178344	0.717741858500528	0.4184810546875	0.816507874015748	0.9107409425981874	0.9306311706303394	0.9543520299946439	0.7851293484114162	0.6107688105726873	0.9419951219512195	0.5193012858979854	0.6771639923132357	0.804207058242843	0.8972349479232025	0.5744157123834887	0.9878253802652106	0.9701623771498772	0.9773182831325302	0.9245995460893854	0.8345428679817904	0.9326805785123967	0.8525425115874854	0.7858733759318425	0.6327394846217789	0.9352795779441796	0.7851293484114162	0.6905402216578157	0.7581841288096607	0.843377111111111	0.989982702287142	0.9311175683469836	0.705648869680851	1.0	0.8864130672926447	0.9543520299946439	0.7984244376278118	0.45109266211604093	0.7568265871489034	0.7480268527619423	0.9660890987921957	0.8648640942893223	0.5744157123834887	0.9825143267611216	0.9613818438381937	0.9785854809619239	0.6458711646586346	0.962563219227968	0.9279890266512166	0.9986751610193224	0.802136873747495	0.9005305000620425	0.7048326743669481	0.82306382477626	0.9549363665491829	0.7720915756341419	0.9336410396716825	0.9805175643327348	0.8956807999999999	0.8429449316290131	0.8733403489490315	0.7618969213226909	0.9486044570679485	0.8247544774957172	0.8358764732547597	0.680893268547049	0.8238498125585754	0.836946976534296	0.54950051986632	0.9953125	0.5806787859007833	0.7071144275314362	0.8869101818181818	0.941766089191908	0.946498977460143	0.9244687631271877	0.8472668666764231	0.5220118120237087	0.548571284540702	0.4184810546875	0.8968001640378549	0.9321429951690822	0.55916175	0.9880046858256212	0.5739002008032128	0.9081383033106135	0.9745699090909091	0.7507524513618676	0.9178548914976876	0.4836581167238842	0.7550217290621382	0.7345833401305056	0.5384594306049822	0.9549363665491829	0.8440557607090103	0.8896251640293323	0.9887924345295829	0.9527566789348344	0.9961180568631143	0.9897273514970636	0.9866104044548653	0.840688498879761	0.8097058966861599	0.7530599187149215	0.7258421739130435	0.7108418358531318	0.5354607795371498	0.8968001640378549	0.8601171634411641	0.5626362014690451	0.9585543436905516	0.9183308447704686	0.4956203883495146	0.8896251640293323	0.8972349479232025	0.8071524799476184	0.897131047067707	0.9467077024213871	0.8247544774957172	0.8217584605698096	0.9013933844441697	0.6909439917127072	0.9261904667905247	0.8785563283461383	0.7187830390920554	0.8426023370050609	0.8884463348416289	0.8937483809280979	0.7089204932343954	0.9825143267611216	0.6480704665959703	0.6972587445985899
g__Eubacterium_G	0.7074528596568412	0.7507524513618676	0.6424118218623481	0.5314944285129045	0.8025045908183633	0.2813370786516854	0.44071498237367807	0.968337385674648	0.8937483809280979	0.5570141300399564	0.6094775836541309	0.6702233564013841	0.9974391247428465	0.4152798291721419	0.5669624871178289	0.5033638374717834	0.5659982050396962	0.8767603960396041	0.3004199328107503	0.1478099173553719	0.8565812500000001	0.9619471267957526	0.9858209185680566	0.9326805785123967	0.9558225607158074	0.8972349479232025	0.793120641489912	0.5997220411927451	0.3997675352112676	0.9651570009313878	0.6549619963608005	0.5016900954111768	0.9848826121241991	0.8634276637615969	0.8821594655377695	0.5610413974719102	0.2924324644549763	0.9334297891842347	0.8140818284424379	0.20285444234404537	0.7627765844402277	0.1478099173553719	0.7735055689176689	0.6807701474785918	0.9524198483206935	0.6094775836541309	0.1718924485125858	0.35916000000000003	0.8864130672926447	1.0	0.5193012858979854	0.46673452566096424	0.1296797583081571	0.5840615634122608	0.616389136087836	0.8565812500000001	0.941766089191908	0.5427219708588956	0.6293912359550563	0.40250584551148233	0.2980833333333333	0.18343589743589744	0.9231224578256794	0.5759996043521266	0.37354746835443037	0.27040981432360744	0.6905402216578157	0.9362274807430901	0.20285444234404537	0.8011227869404242	0.7187830390920554	0.8782678653508179	0.38612293853073465	0.986429363449692	0.8290858881528269	0.37903846153846155	0.6989605388272584	0.9143113238967527	0.9806906138259833	0.9065912856967766	0.7108418358531318	0.2587617021276596	0.7655442282259588	0.6549619963608005	0.8171817525276841	0.8350120235934664	0.523452398989899	0.1296797583081571	0.5046238454706927	0.7720915756341419	0.5733791386271871	0.7187830390920554	0.8097058966861599	0.1296797583081571	0.63116484375	0.952261179281138	0.9847083555555557	0.970576615290395	0.7957861467419189	0.47073392226148414	0.9956073730098559	0.9054034249938621	0.5071370026525198	0.8880827586206896	0.5046238454706927	0.19550404858299592	0.4836581167238842	0.23960765550239232	0.24574809160305341	0.9482609009403018	0.9897273514970636	0.5041119122257053	0.9350724667349027	0.8011227869404242	0.4598188029661017	0.6081647656016721	0.770686345903771	0.49690587425424504	0.39192841490138786	0.778331126554499	0.8868987252861602	0.5891529411764707	0.5413055491329479	0.9974391247428465	0.09055696202531645	0.9543520299946439	0.5458566742081448	0.7242753753127605	0.45541605960264897	0.5127551739130435	0.5103082532751092	0.9549363665491829	0.9217266032417194	0.4956203883495146	0.9748660779168349	0.44071498237367807	0.5046238454706927	0.40250584551148233	0.5242180944421229	0.42389846841097634	0.1296797583081571	0.6904538229842446	0.43146607687614397	0.062389534883720926	0.9961180568631143	0.9291839041888451	0.9100398132427845
g__Eubacterium_I	0.8529848835527268	0.54950051986632	0.7428989017571885	0.7893940748440748	0.7428989017571885	0.5945689622935495	0.5744157123834887	0.6327394846217789	0.7017345174262736	0.8861692870201097	0.21154301075268817	0.8972349479232025	0.577823076923077	0.8205355665181413	0.8998689059977648	0.38612293853073465	0.5361172983870968	0.8976598504672898	0.38612293853073465	0.1296797583081571	0.7156288547664746	0.491218568019093	0.32322289156626505	0.9974391247428465	0.8135321330534473	0.9729803147208121	0.7119406189555125	0.630281019036954	0.5033638374717834	0.6723572614107883	0.9362274807430901	0.3295508637236085	0.7655442282259588	0.9671066192390968	0.8440557607090103	0.7854097326203209	0.4598188029661017	0.8014450865110029	0.062389534883720926	0.062389534883720926	0.4527420233463035	0.09055696202531645	0.9713838423946243	0.9115219843656044	0.8256538043478261	0.6595264931087289	0.24574809160305341	0.9593462088547692	0.9543520299946439	0.5193012858979854	1.0	0.6327394846217789	0.1601641791044776	0.11178125	0.8960140743550835	0.6459770194614769	0.5270201982651797	0.5220118120237087	0.995554743139303	0.5384594306049822	0.5739002008032128	0.062389534883720926	0.8579918112027296	0.800529344345188	0.4184810546875	0.6075000899550225	0.2924324644549763	0.9679222794193348	0.27040981432360744	0.8701131637168142	0.3129875	0.986429363449692	0.6972587445985899	0.6195470960322025	0.7637982944855031	0.33407830188679244	0.3487575	0.9569073637233025	0.770686345903771	0.7572884622768286	0.9618155555555555	0.5720783108108108	0.7428989017571885	0.9362274807430901	0.6535590646347872	0.8034902985074627	0.6940411118737132	0.9595665160748056	0.48582353801169587	0.8792459662288932	0.6293912359550563	0.41034536290322576	0.9037813292307691	0.24574809160305341	0.8660527023242789	0.696243322698268	0.24574809160305341	0.2924324644549763	0.882681649321565	0.44182804878048787	0.5519363602941176	0.35916000000000003	0.46769091375770017	0.3004199328107503	0.5286141741988497	0.67364952681388	0.9237969484391441	0.09055696202531645	0.44182804878048787	0.24574809160305341	0.8749102392344498	0.49322295774647884	0.663370909090909	0.6382336974330967	0.6382336974330967	0.9801366007194245	0.5046238454706927	0.8660527023242789	0.7156288547664746	0.19550404858299592	0.9111080173347779	0.7222097698744769	0.6757224975938402	0.7063052619942516	0.6459770194614769	0.5046238454706927	0.491218568019093	0.805177761341223	0.09055696202531645	0.11178125	0.8792459662288932	0.9806906138259833	0.9416828235294118	0.5945689622935495	0.7475766990291263	0.8293336665641341	0.523452398989899	0.5361172983870968	0.1478099173553719	0.5071370026525198	0.39781350000000004	0.7890386391251518	0.7119406189555125	0.3452582608695652	0.21154301075268817	0.2980833333333333	0.7890386391251518
g__Evtepia	0.7834717076700435	0.686392778686609	0.49322295774647884	0.616389136087836	0.8381580882352941	0.09055696202531645	0.800529344345188	0.6744386933461909	0.9654682142487849	0.9806906138259833	0.8698320963721962	0.7258421739130435	0.9254817357964448	0.9986751610193224	0.6071954805664356	0.9948797522629824	0.836946976534296	0.9847083555555557	0.8075871057362314	0.4527420233463035	0.9284793678360541	0.986429363449692	0.9549363665491829	0.9426007336594041	0.8397127802690583	0.8976598504672898	0.37354746835443037	0.964433053482587	0.45580419847328246	0.8966907126611069	0.9848826121241991	0.4775826237623762	0.9037813292307691	0.6690528972892315	0.11178125	0.9654682142487849	0.7864628992628994	0.39192841490138786	0.7832732824427482	0.4805162068965517	0.7480268527619423	0.4304338071693449	0.9599052217678515	0.6458711646586346	0.963493048628429	0.5967971384136858	0.7659797511312217	0.2628	0.7984244376278118	0.46673452566096424	0.6327394846217789	1.0	0.8698320963721962	0.6667858074222668	0.45580419847328246	0.5591996807378503	0.8815157279489904	0.5103082532751092	0.6781127965492451	0.5967971384136858	0.5384594306049822	0.46982308868501527	0.4988544251824818	0.27040981432360744	0.2980833333333333	0.5982740465116279	0.9037813292307691	0.9084492765957447	0.1601641791044776	0.5759996043521266	0.9134969967822667	0.9948797522629824	0.4263928616550853	0.7649620670073821	0.9878253802652106	0.8868987252861602	0.7074528596568412	0.8097058966861599	0.9878253802652106	0.9486044570679485	0.8743995346927603	0.5538453846153847	0.7834717076700435	0.7957861467419189	0.9986751610193224	0.778331126554499	0.6521102685624013	0.5371951503006012	0.7229423173277661	0.5405651437573848	0.062389534883720926	0.952261179281138	0.986429363449692	0.9522889587852494	0.9352795779441796	0.4527420233463035	0.9107409425981874	0.9143113238967527	0.7890386391251518	0.5354607795371498	0.7834717076700435	0.41034536290322576	0.6439178023161863	0.2628	0.8914773094170403	0.5936154185022027	0.3181993865030675	0.8853320769532784	0.7864628992628994	0.3129875	0.7871029612756265	0.42389846841097634	0.8195983240223463	0.8758389705882355	0.8785563283461383	0.5538453846153847	0.6721990935815776	0.4128404651162791	0.9244687631271877	0.9543520299946439	0.8902040359897172	0.9910599731749377	0.630281019036954	0.8972349479232025	0.989982702287142	0.7535325608342989	0.6839344827586207	0.9111080173347779	0.705648869680851	0.5203324393358876	0.22982372322899505	0.8733403489490315	0.8957922013695155	0.2813370786516854	0.9948797522629824	0.46769091375770017	0.575116197416363	0.6825827122641509	0.8957922013695155	0.49690587425424504	0.9272828173913044	0.5314944285129045	0.7268600041339396	0.523452398989899	0.23960765550239232	0.9956073730098559	0.39781350000000004
g__Faecalibacterium	0.9467077024213871	0.55916175	0.9431784196547145	0.38978428465530024	0.1478099173553719	0.575116197416363	0.11178125	0.1601641791044776	0.5570141300399564	0.685326393442623	0.062389534883720926	0.3181993865030675	0.46454302872062664	0.4527420233463035	0.9619471267957526	0.062389534883720926	0.4128404651162791	0.38978428465530024	0.062389534883720926	0.19550404858299592	0.8758389705882355	0.7480268527619423	0.986429363449692	0.2587617021276596	0.43146607687614397	0.5580740513191181	0.7530599187149215	0.1601641791044776	0.7655442282259588	0.9961180568631143	0.7902947914864163	0.7440017347956132	0.720130289672544	0.8417567789034565	0.8171817525276841	0.062389534883720926	0.09055696202531645	0.55916175	0.062389534883720926	0.062389534883720926	0.7735055689176689	0.062389534883720926	0.20285444234404537	0.6655970846946468	0.7859163751987283	0.21154301075268817	0.09055696202531645	0.062389534883720926	0.45109266211604093	0.1296797583081571	0.1601641791044776	0.8698320963721962	1.0	0.062389534883720926	0.9192387268217787	0.3452582608695652	0.6424118218623481	0.09055696202531645	0.5041119122257053	0.4805162068965517	0.40250584551148233	0.062389534883720926	0.6833407904022583	0.5580740513191181	0.1718924485125858	0.11178125	0.901716810770751	0.8339435987212666	0.4227153298835705	0.9974391247428465	0.37354746835443037	0.7851293484114162	0.20285444234404537	0.9964716342082981	0.6239594293865905	0.062389534883720926	0.6075000899550225	0.43146607687614397	0.9436083388484447	0.9806906138259833	0.9531462235649548	0.3823783169067475	0.30626344676180023	0.491218568019093	0.9349153136741432	0.7480268527619423	0.8717920606478292	0.5409223515715949	0.8206760641677254	0.9321429951690822	0.8025045908183633	0.7108418358531318	0.910544500907441	0.11178125	0.41034536290322576	0.5828494952784109	0.9745699090909091	0.062389534883720926	0.8974505443624078	0.1601641791044776	0.7834717076700435	0.11178125	0.4805162068965517	0.616389136087836	0.8767603960396041	0.062389534883720926	0.5993712696941612	0.18343589743589744	0.39192841490138786	0.963906977468591	0.9587959502214722	0.062389534883720926	0.7864628992628994	0.6595264931087289	0.43905338479809974	0.9451784479911943	0.7864628992628994	0.45580419847328246	0.5432952	0.24574809160305341	0.5371951503006012	0.1718924485125858	0.9505636601592322	0.7951761486835311	0.1296797583081571	0.5982740465116279	0.491218568019093	0.45580419847328246	0.19550404858299592	0.6757224975938402	0.8817698859113823	0.9467077024213871	0.3129875	0.48582353801169587	0.738894846402587	0.21154301075268817	0.9599052217678515	0.6781127965492451	0.062389534883720926	0.7208696480938417	0.9847083555555557	0.9081383033106135	0.7142505784061697	0.062389534883720926	0.7495934573947111	0.7310479975354282	0.7412067323151126
g__Faecalimonas	0.8815157279489904	0.44071498237367807	0.7874654774396642	0.7762767138393678	0.3997675352112676	0.407792590074779	0.5669624871178289	0.8381580882352941	0.8486250000000001	0.24574809160305341	0.21154301075268817	0.9065912856967766	0.8849700471698112	0.7085889034799738	0.5874029013539651	0.5384594306049822	0.3129875	0.9861973562653562	0.7460498409542743	0.1296797583081571	0.8817698859113823	0.6535590646347872	0.062389534883720926	0.7515242959798019	0.9961180568631143	0.9580884342202903	0.8341803191489361	0.8206859248692344	0.5907348837209303	0.5794458715596331	0.6548300917431193	0.4527420233463035	0.9377496835443039	0.5759996043521266	0.6718745575221238	0.22982372322899505	0.1478099173553719	0.1296797583081571	0.062389534883720926	0.25212334801762115	0.46769091375770017	0.11178125	0.6424118218623481	0.8601171634411641	0.1296797583081571	0.802136873747495	0.717741858500528	0.8529848835527268	0.7568265871489034	0.5840615634122608	0.11178125	0.6667858074222668	0.062389534883720926	1.0	0.7851293484114162	0.9431784196547145	0.18343589743589744	0.407792590074779	0.38978428465530024	0.3452582608695652	0.8766127954360229	0.062389534883720926	0.8655196804037006	0.8937483809280979	0.6099459905660378	0.6508270783847981	0.4928122748815166	0.8555942497496781	0.11178125	0.7038561540173603	0.23960765550239232	0.7627765844402277	0.6412462246278755	0.9566820038289724	0.5409223515715949	0.09055696202531645	0.4585063636363636	0.8966907126611069	0.9394157693174138	0.3088880597014925	0.9543520299946439	0.8874970027247956	0.9533782688369086	0.9065912856967766	0.8426023370050609	0.9352795779441796	0.8849700471698112	0.491218568019093	0.9723809334960342	0.8790548539114044	0.38612293853073465	0.9549363665491829	0.8535881996537795	0.1296797583081571	0.8804923076923076	0.6839344827586207	0.5720783108108108	0.8341803191489361	0.74633775044634	0.4363083233532934	0.575116197416363	0.3004199328107503	0.4775826237623762	0.9855409547244095	0.5409223515715949	0.1718924485125858	0.802136873747495	0.09055696202531645	0.09055696202531645	0.4304338071693449	0.39781350000000004	0.21154301075268817	0.2924324644549763	0.5997220411927451	0.9616993315926893	0.882681649321565	0.8417567789034565	0.6099459905660378	0.7610145793681005	0.6918217041800644	0.5409223515715949	0.7859163751987283	0.700121966101695	0.9967310331860486	0.8217508675078864	0.8655196804037006	0.8974505443624078	0.9799504505406489	0.062389534883720926	0.5361172983870968	0.6909439917127072	0.8733403489490315	0.8849700471698112	0.9961180568631143	0.9467077024213871	0.5409223515715949	0.805177761341223	0.8956807999999999	0.062389534883720926	0.7984244376278118	0.8960140743550835	0.7890386391251518	0.39192841490138786	0.37942044581091466	0.523452398989899	0.9770256330385853	0.9070171788906575
g__Faecousia	0.9991172684019032	0.9554701889209095	0.43905338479809974	0.8717920606478292	0.7108418358531318	0.8758389705882355	0.8025045908183633	0.9284793678360541	0.9851635083226633	0.9426007336594041	0.8785563283461383	0.9842317521494218	0.8767603960396041	0.7766787600880412	0.5405651437573848	0.9434653489399294	0.8456494565217391	0.8224119635277471	0.9887924345295829	0.7229423173277661	0.8514560727272728	0.9236221819033127	0.8869101818181818	0.7858733759318425	0.6382336974330967	0.5512336908284023	0.5286141741988497	0.8785563283461383	0.5242180944421229	0.7581841288096607	0.4527420233463035	0.7610145793681005	0.9558225607158074	0.9134969967822667	0.9267908215363192	0.9436083388484447	0.6721990935815776	0.9072012822078398	0.9533782688369086	0.910544500907441	0.5997220411927451	0.9585543436905516	0.8809841782283885	0.919601307882644	0.5936154185022027	0.9651570009313878	0.9134969967822667	0.860959757644075	0.7480268527619423	0.616389136087836	0.8960140743550835	0.45580419847328246	0.9192387268217787	0.7851293484114162	1.0	0.8334677714983961	0.7586414690130069	0.8193240326191237	0.9426811044577511	0.7857818181818181	0.9321429951690822	0.989982702287142	0.8224119635277471	0.9926226324851731	0.9961180568631143	0.9528868079584775	0.6099459905660378	0.5458566742081448	0.3264582924435721	0.55916175	0.897131047067707	0.8238498125585754	0.983090522875817	0.5891529411764707	0.9467077024213871	0.686392778686609	0.7480268527619423	0.8011227869404242	0.901716810770751	0.9713838423946243	0.983090522875817	0.793120641489912	0.7108418358531318	0.8214835677042186	0.9944654628833477	0.5559433734939758	0.9961180568631143	0.8214835677042186	0.930143986135182	0.9593462088547692	0.37354746835443037	0.8984372727272727	0.5993712696941612	0.9451784479911943	0.6230308617234469	0.9644203694095672	0.8885700232378001	0.7156288547664746	0.897131047067707	0.8698320963721962	0.8903245283018867	0.7174452986022871	0.9448292607689766	0.9124308678973868	0.7890386391251518	0.919601307882644	0.9419951219512195	0.6690528972892315	0.8224119635277471	0.9070171788906575	0.6099459905660378	0.8684150027886225	0.9587959502214722	0.821085377433138	0.9667976576204727	0.9419951219512195	0.8837626084669996	0.7854097326203209	0.8328463832390273	0.9362274807430901	0.9382202371541501	0.9585543436905516	0.8792459662288932	0.6588053763440861	0.9237969484391441	0.7572884622768286	0.9587959502214722	0.5997220411927451	0.7938759428276219	0.7142505784061697	0.6327394846217789	0.8537814201353882	0.8538512437095616	0.9108269732078205	0.9209364909390445	0.9419951219512195	0.9072012822078398	0.9107409425981874	0.968337385674648	0.9434263349917081	0.8809841782283885	0.989982702287142	0.8450662499999999	0.8692259248956886	0.700121966101695	0.6702233564013841	0.9311175683469836
g__Finegoldia	0.4263928616550853	0.795311050197019	0.9847083555555557	0.45109266211604093	0.8014450865110029	0.5905143497757848	0.3181993865030675	0.5918907648365598	0.8597573189740683	0.5384594306049822	0.6681363363363363	0.7488115384615386	0.7108418358531318	0.33407830188679244	0.9593462088547692	0.7258421739130435	0.6459770194614769	0.7012170026881721	0.6327394846217789	0.8565812500000001	0.8864130672926447	0.989982702287142	0.9245995460893854	0.9981393350765783	0.6548300917431193	0.8932899156441718	0.8809841782283885	0.6979531987295826	0.800529344345188	0.45109266211604093	0.8945457702582369	0.7883770480349344	0.8902040359897172	0.7011691840863116	0.9377496835443039	0.8974505443624078	0.7071144275314362	0.940710808988764	0.8025045908183633	0.8038500991080278	0.8684150027886225	0.6129316802800466	0.9961180568631143	0.3452582608695652	0.9025963333333333	0.9187308865248227	0.4928122748815166	0.9599052217678515	0.9660890987921957	0.8565812500000001	0.6459770194614769	0.5591996807378503	0.3452582608695652	0.9431784196547145	0.8334677714983961	1.0	0.680893268547049	0.21154301075268817	0.6480704665959703	0.7011691840863116	0.5354607795371498	0.9434653489399294	0.986429363449692	0.54950051986632	0.6024306047648136	0.46769091375770017	0.8767603960396041	0.9394157693174138	0.5828494952784109	0.9883760806074767	0.9415354122265844	0.5413055491329479	0.8206859248692344	0.6561065840433773	0.7063052619942516	0.34675	0.9878253802652106	0.7990276671771313	0.4585063636363636	0.9991172684019032	0.9569073637233025	0.9913282596209074	0.987369381775564	0.9591184615384615	0.7827455571740713	0.8804923076923076	0.9974391247428465	0.8411605757756563	0.7174452986022871	0.8960140743550835	0.7108418358531318	0.7187830390920554	0.8972349479232025	0.8515306374328444	0.8885700232378001	0.36642439024390244	0.7586414690130069	0.43146607687614397	0.9745699090909091	0.5041119122257053	0.8976598504672898	0.5744157123834887	0.8627681722245674	0.5203324393358876	0.5570141300399564	0.6723572614107883	0.6949063455832002	0.836946976534296	0.8092430295124735	0.6781127965492451	0.9585543436905516	0.49322295774647884	0.9352795779441796	0.739867372881356	0.5134028904227782	0.964433053482587	0.7074528596568412	0.7766787600880412	0.6344822455752213	0.9477093216630198	0.8362343844296922	0.6521102685624013	0.3823783169067475	0.6054215644820297	0.7618969213226909	0.9891471727343144	0.9619471267957526	0.8811227387771413	0.9974391247428465	0.7303440419839473	0.9130605294681361	0.9957750213048007	0.7834717076700435	0.9806906138259833	0.8809841782283885	0.9750634365231421	0.6918217041800644	0.9254817357964448	0.6327394846217789	0.7859163751987283	0.9279890266512166	0.8691840902758429	0.5733791386271871	0.9901575612097935	0.8266758284298544	0.8235849012229539	0.7773637795275591
g__Flavonifractor	0.6151648121176814	0.5334865008156606	0.6940411118737132	0.8811436893203882	0.715170558050032	0.802136873747495	0.9261904667905247	0.897131047067707	0.8206859248692344	0.9352795779441796	0.6568421621621622	0.9081383033106135	0.1601641791044776	0.8132438531219671	0.3004199328107503	0.062389534883720926	0.9187308865248227	0.3129875	0.2587617021276596	0.4263928616550853	0.7750386573220214	0.6667858074222668	0.062389534883720926	0.7412067323151126	0.6382336974330967	0.9884584808403035	0.6807701474785918	0.8385101138747377	0.8717920606478292	0.5874029013539651	0.9416828235294118	0.407792590074779	0.343392	0.4625625789473684	0.5905143497757848	0.30626344676180023	0.3823783169067475	0.4527420233463035	0.1601641791044776	0.4527420233463035	0.4956203883495146	0.6579108600770219	0.7108418358531318	0.5203324393358876	0.062389534883720926	0.9061645564961355	0.9887924345295829	0.8217584605698096	0.8648640942893223	0.941766089191908	0.5270201982651797	0.8815157279489904	0.6424118218623481	0.18343589743589744	0.7586414690130069	0.680893268547049	1.0	0.8927170653703466	0.9111080173347779	0.49030905151661053	0.34675	0.770686345903771	0.8529848835527268	0.33658118081180816	0.9272828173913044	0.8607818797629128	0.6407698451507743	0.9549363665491829	0.7079446467749013	0.49690587425424504	0.8193240326191237	0.5707668928086838	0.8945457702582369	0.8537814201353882	0.5982740465116279	0.062389534883720926	0.5371951503006012	0.6094775836541309	0.8064519750860516	0.5591996807378503	0.8293336665641341	0.5591996807378503	0.9654682142487849	0.8698320963721962	0.5580740513191181	0.6733330168005843	0.9974391247428465	0.9117160720720722	0.7495934573947111	0.4263928616550853	0.8426023370050609	0.5371951503006012	0.9755552748137709	0.35445086705202317	0.6781127965492451	0.9334297891842347	0.8811436893203882	0.6733330168005843	0.9239713067850053	0.9679222794193348	0.9810743523573202	0.3129875	0.9434653489399294	0.9799504505406489	0.9306311706303394	0.4988544251824818	0.778331126554499	0.9130605294681361	0.7011691840863116	0.4363083233532934	0.062389534883720926	0.5806787859007833	0.6495377777777778	0.9734790817877774	0.9701684323550466	0.5519363602941176	0.7762767138393678	0.9679222794193348	0.8058818942875903	0.5413055491329479	0.805177761341223	0.7618969213226909	0.7187830390920554	0.8071524799476184	0.7874654774396642	0.6094775836541309	0.4988544251824818	0.7864628992628994	0.09055696202531645	0.5905143497757848	0.882681649321565	0.062389534883720926	0.8152862552368675	0.9103475832828589	0.343392	0.39781350000000004	0.5659982050396962	0.488434755210858	0.062389534883720926	0.5384594306049822	0.6351663819233949	0.42856931249999997	0.9336410396716825	0.9471570177359317	0.8290858881528269	0.8252689735614308	0.34051223934723485
g__Fusicatenibacter	0.9883760806074767	0.548571284540702	0.8520989847715735	0.062389534883720926	0.5626362014690451	0.11178125	0.19550404858299592	0.800529344345188	0.30626344676180023	0.9434653489399294	0.062389534883720926	0.6561065840433773	0.55916175	0.43146607687614397	0.6604112496818528	0.9701684323550466	0.1718924485125858	0.7859163751987283	0.7671334710743801	0.44071498237367807	0.9013933844441697	0.630281019036954	0.8058818942875903	0.5945689622935495	0.8171817525276841	0.6807701474785918	0.30626344676180023	0.3943739350180505	0.9419951219512195	0.630281019036954	0.7832732824427482	0.8717920606478292	0.8698320963721962	0.5922888538048627	0.9822296579077838	0.6272387789711702	0.770686345903771	0.6047375796178344	0.5591996807378503	0.7012170026881721	0.941766089191908	0.5071370026525198	0.4263928616550853	0.8262936569478909	0.8937483809280979	0.49030905151661053	0.9836661486687124	0.4263928616550853	0.5744157123834887	0.5427219708588956	0.5220118120237087	0.5103082532751092	0.09055696202531645	0.407792590074779	0.8193240326191237	0.21154301075268817	0.8927170653703466	1.0	0.7089204932343954	0.49322295774647884	0.3997675352112676	0.062389534883720926	0.7996290519877676	0.4527420233463035	0.2628	0.3088880597014925	0.8860407218517066	0.24574809160305341	0.25212334801762115	0.5405651437573848	0.963493048628429	0.54950051986632	0.062389534883720926	0.5794458715596331	0.9585543436905516	0.42389846841097634	0.986429363449692	0.4184810546875	0.963906977468591	0.8247544774957172	0.5918907648365598	0.062389534883720926	0.21154301075268817	0.1718924485125858	0.9549363665491829	0.6382336974330967	0.4152798291721419	0.39192841490138786	0.2628	0.8972349479232025	0.6548300917431193	0.5046238454706927	0.3823783169067475	0.5907348837209303	0.09055696202531645	0.7859163751987283	0.804207058242843	0.1296797583081571	0.1296797583081571	0.5580740513191181	0.22982372322899505	0.796395594262295	0.9124308678973868	0.6293912359550563	0.6394179738562091	0.27836575875486386	0.6094775836541309	0.5739002008032128	0.4527420233463035	0.8476785557986871	0.2813370786516854	0.742170084269663	0.8785563283461383	0.6327394846217789	0.6909439917127072	0.5688634909833277	0.6588053763440861	0.680893268547049	0.6904538229842446	0.9434653489399294	0.9501186640471514	0.23960765550239232	0.3088880597014925	0.800529344345188	0.11178125	0.7156288547664746	0.4585063636363636	0.11178125	0.8888079422382672	0.5642380753138074	0.7085889034799738	0.7862841325811001	0.995554743139303	0.7345833401305056	0.2813370786516854	0.3004199328107503	0.802136873747495	0.8884463348416289	0.9134969967822667	0.8743995346927603	0.37942044581091466	0.4263928616550853	0.4836581167238842	0.55916175	0.9111080173347779	0.24574809160305341	0.8235849012229539
g__Fusobacterium_A	0.5891529411764707	0.8472668666764231	0.8025045908183633	0.6081647656016721	0.7412067323151126	0.2587617021276596	0.7572884622768286	0.3997675352112676	0.7773637795275591	0.24574809160305341	0.952261179281138	0.8157010135135135	0.9737771240506329	0.9245995460893854	0.9855409547244095	0.9084492765957447	0.545098975720789	0.9084492765957447	0.9778041595670042	0.8869101818181818	0.9531462235649548	0.7079446467749013	0.8749102392344498	0.6382336974330967	0.6549619963608005	0.8817698859113823	0.9893240785527715	0.8097058966861599	0.7757301786043086	0.8132438531219671	0.6871341958041958	0.6465969181721573	0.9334297891842347	0.882681649321565	0.8122963892487046	0.6833407904022583	0.37903846153846155	0.3088880597014925	0.9603255553227158	0.9654682142487849	0.8025045908183633	0.6099459905660378	0.343392	0.6723572614107883	0.6833407904022583	0.9065912856967766	0.9223370070422534	0.7716763636363637	0.9825143267611216	0.6293912359550563	0.995554743139303	0.6781127965492451	0.5041119122257053	0.38978428465530024	0.9426811044577511	0.6480704665959703	0.9111080173347779	0.7089204932343954	1.0	0.3997675352112676	0.35916000000000003	0.7119406189555125	0.8293336665641341	0.7325971153846154	0.55916175	0.9851635083226633	0.940710808988764	0.9603255553227158	0.49322295774647884	0.6412462246278755	0.3997675352112676	0.9411762883125632	0.8692259248956886	0.9679222794193348	0.5591996807378503	0.941766089191908	0.8792459662288932	0.8619859738065062	0.6535590646347872	0.8035375641237796	0.8339435987212666	0.8385101138747377	0.860959757644075	0.9734790817877774	0.9910599731749377	0.9115219843656044	0.9477093216630198	0.986429363449692	0.9696527638190955	0.969148599281683	0.34675	0.9426811044577511	0.8195983240223463	0.3823783169067475	0.9245995460893854	0.24574809160305341	0.5580740513191181	0.8347778366914103	0.2813370786516854	0.6718745575221238	0.9477093216630198	0.575116197416363	0.6351663819233949	0.9696527638190955	0.663370909090909	0.9806906138259833	0.7859163751987283	0.7480268527619423	0.5361172983870968	0.820133009244501	0.9528868079584775	0.8252689735614308	0.6283183431952664	0.8698320963721962	0.8974505443624078	0.7340416309012876	0.8206859248692344	0.6549619963608005	0.796395594262295	0.9957750213048007	0.8717920606478292	0.7832732824427482	0.6465969181721573	0.9887924345295829	0.6721990935815776	0.680321331424481	0.7572884622768286	0.7851293484114162	0.2587617021276596	0.3004199328107503	0.7572884622768286	0.9723809334960342	0.739867372881356	0.8520989847715735	0.9178548914976876	0.8984372727272727	0.9618155555555555	0.9587959502214722	0.2212577319587629	0.919601307882644	0.8555942497496781	0.8290858881528269	0.6535590646347872	0.9245995460893854	0.9785854809619239	0.8665845314685314	0.983090522875817
g__Gallintestinimicrobium	0.45580419847328246	0.2628	0.343392	0.55916175	0.4625625789473684	0.46673452566096424	0.34675	0.6909439917127072	0.8092430295124735	0.54950051986632	0.3129875	0.6327394846217789	0.41034536290322576	0.9948797522629824	0.9569073637233025	0.3264582924435721	0.9072012822078398	0.9543520299946439	0.5361172983870968	0.11178125	0.6940411118737132	0.7610145793681005	0.5384594306049822	0.9858209185680566	0.46769091375770017	0.8597573189740683	0.5626362014690451	0.6549619963608005	0.8362343844296922	0.407792590074779	0.8206760641677254	0.4732839438033116	0.9527566789348344	0.9593462088547692	0.9613818438381937	0.8792459662288932	0.800529344345188	0.970576615290395	0.8837626084669996	0.6412462246278755	0.7187830390920554	0.4775826237623762	0.8493226299694189	0.9037813292307691	0.9501186640471514	0.9938200324954601	0.4625625789473684	0.5570141300399564	0.9613818438381937	0.40250584551148233	0.5384594306049822	0.5967971384136858	0.4805162068965517	0.3452582608695652	0.7857818181818181	0.7011691840863116	0.49030905151661053	0.49322295774647884	0.3997675352112676	1.0	0.4304338071693449	0.09055696202531645	0.7951761486835311	0.700489116719243	0.8860407218517066	0.6508270783847981	0.9587959502214722	0.8869101818181818	0.20285444234404537	0.49322295774647884	0.5384594306049822	0.8903245283018867	0.4956203883495146	0.739867372881356	0.1718924485125858	0.6283183431952664	0.39781350000000004	0.9543520299946439	0.4585063636363636	0.6382336974330967	1.0	0.700489116719243	0.8110841704471808	0.970576615290395	0.700121966101695	0.49690587425424504	0.7105031942633638	0.8385101138747377	0.9686438135332169	0.769702088772846	0.18343589743589744	0.9231224578256794	0.39192841490138786	0.5286141741988497	0.9245995460893854	0.49690587425424504	0.8832807844169518	0.6909439917127072	0.9419951219512195	0.5519363602941176	0.8974505443624078	0.5610413974719102	0.5688634909833277	0.9131427563105635	0.655027129174217	0.6655970846946468	0.919601307882644	0.5220118120237087	0.8537814201353882	0.9884584808403035	0.6723572614107883	0.1478099173553719	0.8140818284424379	0.7854097326203209	0.8957922013695155	0.7440017347956132	0.6798697223551938	0.5519363602941176	0.769702088772846	0.986429363449692	0.75027034509651	0.6549619963608005	0.5891529411764707	0.8476785557986871	0.7089204932343954	0.9906013228527607	0.5739002008032128	0.6212036144578313	0.37942044581091466	0.3706289156626506	0.20285444234404537	0.6721990935815776	0.9974391247428465	0.5806787859007833	0.8891597424339986	0.6825827122641509	0.30626344676180023	0.6508270783847981	0.25212334801762115	0.5432952	0.8950000381242852	0.3997675352112676	0.970576615290395	0.7174452986022871	0.8293336665641341	0.7012170026881721	0.9599052217678515
g__Gemella	0.9723809334960342	0.7085889034799738	0.9005305000620425	0.40250584551148233	0.7325971153846154	0.27836575875486386	0.45109266211604093	0.6394179738562091	0.8782678653508179	0.7488115384615386	0.5016900954111768	0.6024306047648136	0.8945457702582369	0.3264582924435721	0.952261179281138	0.950904347826087	0.42389846841097634	0.9143113238967527	0.4184810546875	0.34051223934723485	0.6129316802800466	0.8334677714983961	0.6394179738562091	0.2924324644549763	0.9013933844441697	0.9272828173913044	0.8815157279489904	0.49322295774647884	0.8944322675159235	0.9467077024213871	0.8440557607090103	0.6040477611940298	0.9897273514970636	0.6163158536585366	0.8238498125585754	0.9543520299946439	0.8673575181665735	0.8599375212224109	0.7890386391251518	0.9117160720720722	0.802136873747495	0.4732839438033116	0.8555942497496781	0.38978428465530024	0.2813370786516854	0.6054215644820297	0.4337787915407855	0.4459878034682081	0.9785854809619239	0.2980833333333333	0.5739002008032128	0.5384594306049822	0.40250584551148233	0.8766127954360229	0.9321429951690822	0.5354607795371498	0.34675	0.3997675352112676	0.35916000000000003	0.4304338071693449	1.0	0.44182804878048787	0.8781229894394802	0.062389534883720926	0.5610413974719102	0.18343589743589744	0.7208696480938417	0.7568265871489034	0.616389136087836	0.8448548387096774	0.7610145793681005	0.8665845314685314	0.5267214404662781	0.9134969967822667	0.5707668928086838	0.9013028645833334	0.8014450865110029	0.941766089191908	0.9362274807430901	0.9770256330385853	0.5610413974719102	0.1718924485125858	0.9671066192390968	0.8195983240223463	0.21154301075268817	0.9451784479911943	0.7972750469043153	0.6054215644820297	0.1296797583081571	0.5610413974719102	0.6382336974330967	0.062389534883720926	0.963493048628429	0.5220118120237087	0.9515839443054499	0.5945689622935495	0.8592107249255213	0.5371951503006012	0.8792459662288932	0.5193012858979854	0.8809841782283885	0.874366881425634	0.5739002008032128	0.8064519750860516	0.523452398989899	0.548571284540702	0.9311175683469836	0.7720915756341419	0.7480268527619423	0.9403067447359531	0.35916000000000003	0.1718924485125858	0.7507524513618676	0.7659797511312217	0.901716810770751	0.5997220411927451	0.9254817357964448	0.09055696202531645	0.6655970846946468	0.5570141300399564	0.9967310331860486	0.5744157123834887	0.8011227869404242	0.8785563283461383	0.2587617021276596	0.9701684323550466	0.062389534883720926	0.4152798291721419	0.9805175643327348	0.5220118120237087	0.9580884342202903	0.6549619963608005	0.8411605757756563	0.8235849012229539	0.7475766990291263	0.062389534883720926	0.7320491490670494	0.11178125	0.9974391247428465	0.22982372322899505	0.802136873747495	0.9342253588516747	0.6905402216578157	0.6394179738562091	0.7085889034799738	0.1718924485125858	0.9159925490196079
g__Gemmiger	0.491218568019093	0.1601641791044776	0.8071524799476184	0.1296797583081571	0.37942044581091466	0.2587617021276596	0.2628	0.7610145793681005	0.9897273514970636	0.3295508637236085	0.062389534883720926	0.4753292974588939	0.6283183431952664	0.9387959823947636	0.8538512437095616	0.21154301075268817	0.3997675352112676	0.9215486006585136	0.3004199328107503	0.062389534883720926	0.6604112496818528	0.7757301786043086	0.49408561452513966	0.82306382477626	0.8038500991080278	0.8601171634411641	0.9084492765957447	0.5519363602941176	0.49322295774647884	0.8976598504672898	0.8867717076983196	0.7174452986022871	0.7165420817369093	0.8458589969203695	0.6723572614107883	0.23960765550239232	0.4054589814177563	0.8849700471698112	0.27836575875486386	0.1601641791044776	0.7460498409542743	0.11178125	0.8520989847715735	0.8525425115874854	0.7893940748440748	0.7846572201189833	0.4337787915407855	0.2980833333333333	0.6458711646586346	0.18343589743589744	0.062389534883720926	0.46982308868501527	0.062389534883720926	0.062389534883720926	0.989982702287142	0.9434653489399294	0.770686345903771	0.062389534883720926	0.7119406189555125	0.09055696202531645	0.44182804878048787	1.0	0.8758389705882355	0.7586414690130069	0.4363083233532934	0.7535325608342989	0.5193012858979854	0.9350724667349027	0.062389534883720926	0.4263928616550853	0.343392	0.9336410396716825	0.2628	0.986429363449692	0.4304338071693449	0.062389534883720926	0.4928122748815166	0.738894846402587	0.6047375796178344	0.6871341958041958	0.7011691840863116	0.23960765550239232	0.5242180944421229	0.7208696480938417	0.5361172983870968	0.5334865008156606	0.7887359832635983	0.5580740513191181	0.49322295774647884	0.9554701889209095	0.3004199328107503	0.3004199328107503	0.5220118120237087	0.09055696202531645	0.2212577319587629	0.3129875	0.5432952	0.19550404858299592	0.3823783169067475	0.20285444234404537	0.5626362014690451	0.3487575	0.2813370786516854	0.1478099173553719	0.34051223934723485	0.5071370026525198	0.20285444234404537	0.09055696202531645	0.37942044581091466	0.7428327392871447	0.9192387268217787	0.27040981432360744	0.4184810546875	0.21154301075268817	0.9697587439811495	0.686392778686609	0.3181993865030675	0.7530599187149215	0.6690528972892315	0.45580419847328246	0.33658118081180816	0.3264582924435721	0.5134028904227782	0.9701684323550466	0.19550404858299592	0.9030292673902318	0.8290858881528269	0.28409386281588445	0.1718924485125858	0.22982372322899505	0.28409386281588445	0.6681363363363363	0.8804923076923076	0.9094001577669902	0.9005305000620425	0.3295508637236085	0.8515306374328444	0.47073392226148414	0.1478099173553719	0.42389846841097634	0.9644203694095672	0.9806906138259833	0.705648869680851	0.4054589814177563	0.6368948844884489	0.3295508637236085	0.9167230760095013
g__Gordonibacter	0.9901575612097935	0.9566820038289724	0.3181993865030675	0.7258421739130435	0.8920521505376344	0.35916000000000003	0.9554701889209095	0.795311050197019	0.795311050197019	0.9841438421208825	0.6949063455832002	0.616389136087836	0.8247544774957172	0.8308455340699815	0.9239713067850053	0.8867717076983196	0.7910566096423017	0.9065912856967766	0.7890386391251518	0.8529848835527268	0.8950000381242852	0.95488782785569	0.7383675713996354	0.6839344827586207	0.8362343844296922	0.739867372881356	0.8974505443624078	0.35916000000000003	0.9217266032417194	0.7854097326203209	0.9094001577669902	0.9061645564961355	0.8837626084669996	0.9593462088547692	0.7131739699570815	0.7131739699570815	0.6075000899550225	0.6081647656016721	0.5744157123834887	0.700121966101695	0.882681649321565	0.7568265871489034	0.9394157693174138	0.9486044570679485	0.9297800994449583	0.7507524513618676	0.8520989847715735	0.5127551739130435	0.962563219227968	0.9231224578256794	0.8579918112027296	0.4988544251824818	0.6833407904022583	0.8655196804037006	0.8224119635277471	0.986429363449692	0.8529848835527268	0.7996290519877676	0.8293336665641341	0.7951761486835311	0.8781229894394802	0.8758389705882355	1.0	0.9350724667349027	0.910544500907441	0.968337385674648	0.9231224578256794	0.769702088772846	0.9183308447704686	0.8217508675078864	0.4490757175660161	0.9124308678973868	0.8429449316290131	0.9961180568631143	0.7174452986022871	0.9143113238967527	0.8945457702582369	0.8853320769532784	0.8097058966861599	0.9130605294681361	0.7071144275314362	0.5286141741988497	0.46982308868501527	0.8864130672926447	0.804207058242843	0.9887924345295829	0.9723809334960342	0.8972349479232025	0.8576229891614375	0.9482609009403018	0.8238498125585754	0.7288855995055624	0.8891597424339986	0.9387959823947636	0.6549619963608005	0.9729803147208121	0.5384594306049822	0.5739002008032128	0.9543520299946439	0.946498977460143	0.7859163751987283	0.9806906138259833	0.9697587439811495	0.9967310331860486	0.769702088772846	0.8874970027247956	0.9072012822078398	0.9723809334960342	0.7874654774396642	0.968337385674648	0.7834717076700435	0.8749102392344498	0.8456494565217391	0.4598188029661017	0.6934899518238128	0.7910566096423017	0.5744157123834887	0.9593462088547692	0.9183308447704686	0.4928122748815166	0.5591996807378503	0.7268600041339396	0.7887359832635983	0.9953125	0.4490757175660161	0.9848826121241991	0.941766089191908	0.8071524799476184	0.9072012822078398	0.9519228562112815	0.062389534883720926	0.7762767138393678	0.9974391247428465	0.8347778366914103	0.8235849012229539	0.8785563283461383	0.804207058242843	0.796395594262295	0.9825143267611216	0.840688498879761	0.9253100267535186	0.7383675713996354	0.9686438135332169	0.9411762883125632	0.6595264931087289	0.488434755210858	0.8868987252861602
g__Granulicatella	0.9612649471591503	0.9880046858256212	0.816507874015748	0.8135321330534473	0.8761072069621975	0.5270201982651797	0.49322295774647884	0.969148599281683	0.6698890625	0.6702233564013841	0.8110841704471808	0.4956203883495146	0.662501342111927	0.25212334801762115	0.5371951503006012	0.9799504505406489	0.8367172668374264	0.9013028645833334	0.46454302872062664	0.739867372881356	0.5707668928086838	0.9442712159629589	0.3129875	0.062389534883720926	0.49322295774647884	0.8440557607090103	0.8448548387096774	0.27040981432360744	0.989982702287142	0.8945457702582369	0.8767603960396041	0.6129316802800466	0.8561495070724389	0.2212577319587629	0.5193012858979854	0.9948797522629824	0.8385101138747377	0.8273126353232292	0.8106589581304771	0.9535071820824809	0.9731805558373061	0.5041119122257053	0.5432952	0.4304338071693449	0.3706289156626506	0.40250584551148233	0.7692789385161652	0.09055696202531645	0.9279890266512166	0.5759996043521266	0.800529344345188	0.27040981432360744	0.5580740513191181	0.8937483809280979	0.9926226324851731	0.54950051986632	0.33658118081180816	0.4527420233463035	0.7325971153846154	0.700489116719243	0.062389534883720926	0.7586414690130069	0.9350724667349027	1.0	0.6458711646586346	0.11178125	0.47073392226148414	0.8811436893203882	0.5922888538048627	0.9512444420250409	0.9134969967822667	0.7854097326203209	0.6588053763440861	0.963493048628429	0.8535881996537795	0.8727053630363037	0.9737771240506329	0.8238498125585754	0.8701131637168142	0.8205355665181413	0.2813370786516854	0.33407830188679244	0.3997675352112676	0.45109266211604093	0.4956203883495146	0.9237969484391441	0.37942044581091466	0.28409386281588445	0.062389534883720926	0.5688634909833277	0.4304338071693449	0.062389534883720926	0.8030424418604651	0.800529344345188	0.6690528972892315	0.8014450865110029	0.8476785557986871	0.3088880597014925	0.5384594306049822	0.8157010135135135	0.7156288547664746	0.7610145793681005	0.7174452986022871	0.8106589581304771	0.45580419847328246	0.5458566742081448	0.6495377777777778	0.7325971153846154	0.5945689622935495	0.8972349479232025	0.488434755210858	0.1718924485125858	0.7750386573220214	0.575116197416363	0.9961180568631143	0.062389534883720926	0.816507874015748	0.062389534883720926	0.7735055689176689	0.680321331424481	0.9580884342202903	0.4527420233463035	0.46769091375770017	0.6094775836541309	0.5409223515715949	0.8538512437095616	0.062389534883720926	0.44182804878048787	0.8373016671673175	0.6549619963608005	0.9745688239457984	0.18343589743589744	0.8976598504672898	0.5642417041912019	0.6549619963608005	0.062389534883720926	0.800529344345188	0.3487575	0.9721794503816793	0.6071954805664356	0.8341803191489361	0.804207058242843	0.4527420233463035	0.43905338479809974	0.9131427563105635	0.8071524799476184	0.2587617021276596
g__Guopingia	0.8193240326191237	0.5242180944421229	0.9377496835443039	0.25212334801762115	0.9037813292307691	0.2813370786516854	0.5669624871178289	0.6807701474785918	0.9336410396716825	0.9878253802652106	0.4363083233532934	0.768998052069676	0.8448548387096774	0.35916000000000003	0.8295806080147397	0.793120641489912	0.488434755210858	0.82306382477626	0.5193012858979854	0.2628	0.8874970027247956	0.9107409425981874	0.9117160720720722	0.727724303693006	0.8247544774957172	0.7649620670073821	0.9806906138259833	0.6649054197126292	0.6129316802800466	0.6040477611940298	0.9799504505406489	0.9961180568631143	0.9142310981419725	0.7720915756341419	0.7704102774157513	0.4128404651162791	0.7048326743669481	0.9755552748137709	0.43905338479809974	0.37354746835443037	0.9336410396716825	0.30626344676180023	0.7142505784061697	0.5270201982651797	0.895903292389515	0.9061645564961355	0.6382336974330967	0.5041119122257053	0.9986751610193224	0.37354746835443037	0.4184810546875	0.2980833333333333	0.1718924485125858	0.6099459905660378	0.9961180568631143	0.6024306047648136	0.9272828173913044	0.2628	0.55916175	0.8860407218517066	0.5610413974719102	0.4363083233532934	0.910544500907441	0.6458711646586346	1.0	0.6823047089446285	0.9217266032417194	0.8555942497496781	0.7744879157427939	0.7887359832635983	0.9671066192390968	0.6465969181721573	0.42389846841097634	0.9750634365231421	0.9377496835443039	0.4732839438033116	0.9841438421208825	0.5286141741988497	0.9554701889209095	0.8998689059977648	0.802136873747495	0.3452582608695652	0.5384594306049822	0.6825827122641509	0.9336410396716825	0.9336410396716825	0.63116484375	0.6293912359550563	0.34051223934723485	0.8874970027247956	0.6905402216578157	0.7972750469043153	0.6839344827586207	0.4054589814177563	0.45580419847328246	0.802136873747495	0.9587959502214722	0.3943739350180505	0.9321429951690822	0.4363083233532934	0.32322289156626505	0.7258421739130435	0.3452582608695652	0.3264582924435721	0.7460498409542743	0.6239594293865905	0.7851293484114162	0.4527420233463035	0.5918907648365598	0.6480704665959703	0.8206760641677254	0.5270201982651797	0.963493048628429	0.7854097326203209	0.7258421739130435	0.5733791386271871	0.5413055491329479	0.9957750213048007	0.808548	0.8546568596466025	0.8701131637168142	0.7671334710743801	0.920215153655952	0.820133009244501	0.30626344676180023	0.9326805785123967	0.5354607795371498	0.9560490794934554	0.8792459662288932	0.7048326743669481	0.8247544774957172	0.9947304057279236	0.8972349479232025	0.9560490794934554	0.9755552748137709	0.6702233564013841	0.8888079422382672	0.8976598504672898	0.7480268527619423	0.8525425115874854	0.6407698451507743	0.39192841490138786	0.75027034509651	0.33407830188679244	0.6702233564013841	0.6698890625	0.9578647283531408
g__Haemophilus_D	0.6327394846217789	0.7165420817369093	0.6568421621621622	0.6905402216578157	0.34675	0.5945689622935495	0.6081647656016721	0.9527566789348344	0.46454302872062664	0.6040477611940298	0.5720783108108108	0.9362274807430901	0.7649620670073821	0.617882939481268	0.42389846841097634	0.5840615634122608	0.8476785557986871	0.932519213973799	0.062389534883720926	0.27836575875486386	0.9934590665646519	0.9531462235649548	0.8758389705882355	0.2924324644549763	0.7187830390920554	0.6781127965492451	0.8891597424339986	0.4585063636363636	0.795311050197019	0.8884463348416289	0.5041119122257053	0.6094775836541309	0.4753292974588939	0.8312167483910511	0.5384594306049822	0.23960765550239232	0.44182804878048787	0.9805175643327348	0.3295508637236085	0.19550404858299592	0.9336410396716825	0.1601641791044776	0.1601641791044776	0.25212334801762115	0.8743995346927603	0.30626344676180023	0.47073392226148414	0.9090907909124043	0.802136873747495	0.27040981432360744	0.6075000899550225	0.5982740465116279	0.11178125	0.6508270783847981	0.9528868079584775	0.46769091375770017	0.8607818797629128	0.3088880597014925	0.9851635083226633	0.6508270783847981	0.18343589743589744	0.7535325608342989	0.968337385674648	0.11178125	0.6823047089446285	1.0	0.968337385674648	0.8266758284298544	0.45541605960264897	0.6579108600770219	0.8903245283018867	0.8293336665641341	0.4459878034682081	0.9981393350765783	0.8193240326191237	0.38612293853073465	0.5967971384136858	0.802136873747495	0.8956807999999999	0.55916175	0.45541605960264897	0.32322289156626505	0.8698320963721962	0.1601641791044776	0.6327394846217789	0.8976598504672898	0.808548	0.19550404858299592	0.4227153298835705	0.2813370786516854	0.5314944285129045	0.34051223934723485	0.6465969181721573	0.46982308868501527	0.3129875	0.7996290519877676	0.6254431605777401	0.18343589743589744	0.54950051986632	0.7859163751987283	0.9350724667349027	0.9153699964323939	0.9558225607158074	0.9429300099700898	0.4753292974588939	0.062389534883720926	0.3181993865030675	0.3943739350180505	0.3823783169067475	0.9543520299946439	0.5203324393358876	0.062389534883720926	0.7108418358531318	0.6351663819233949	0.9948797522629824	0.6744386933461909	0.9974391247428465	0.062389534883720926	0.8775017482043638	0.18343589743589744	0.9117160720720722	0.41034536290322576	0.8821594655377695	0.9284793678360541	0.8849700471698112	0.8247544774957172	0.062389534883720926	0.7095590463749184	0.5993712696941612	0.3997675352112676	0.9774143530591776	0.27836575875486386	0.1478099173553719	0.35916000000000003	0.4263928616550853	0.062389534883720926	0.4184810546875	0.2813370786516854	0.75027034509651	0.2212577319587629	0.6344822455752213	0.6839344827586207	0.45580419847328246	0.062389534883720926	0.8864130672926447	0.8684150027886225	0.8950000381242852
g__Holdemanella	0.9094001577669902	0.8743995346927603	0.969148599281683	0.8426023370050609	0.995554743139303	0.5409223515715949	0.8976598504672898	0.7910566096423017	0.7011691840863116	0.7303440419839473	0.9124308678973868	0.7325971153846154	0.6549619963608005	0.8238498125585754	0.7750386573220214	0.897131047067707	0.9891471727343144	0.7704102774157513	0.9050860636598256	0.6239594293865905	0.8601171634411641	0.6723572614107883	0.5193012858979854	0.9013933844441697	0.9578647283531408	1.0	0.9050860636598256	0.4304338071693449	0.7258421739130435	0.63116484375	0.545098975720789	0.6744386933461909	0.7174452986022871	0.7862841325811001	0.9801366007194245	0.7108418358531318	0.8957922013695155	0.882681649321565	0.6054215644820297	0.457415397082658	0.7859163751987283	0.8252689735614308	0.7063052619942516	0.9585543436905516	0.5046238454706927	0.7893940748440748	0.8607818797629128	0.5458566742081448	0.9005305000620425	0.6905402216578157	0.2924324644549763	0.9037813292307691	0.901716810770751	0.4928122748815166	0.6099459905660378	0.8767603960396041	0.6407698451507743	0.8860407218517066	0.940710808988764	0.9587959502214722	0.7208696480938417	0.5193012858979854	0.9231224578256794	0.47073392226148414	0.9217266032417194	0.968337385674648	1.0	0.48582353801169587	0.8727053630363037	0.7859163751987283	0.7668463102409638	0.7507524513618676	0.9737771240506329	0.9531462235649548	0.9679222794193348	0.7085889034799738	0.49408561452513966	0.8339435987212666	0.8717920606478292	0.8792459662288932	0.4363083233532934	0.920215153655952	0.8884463348416289	0.8792459662288932	0.8648640942893223	0.7530599187149215	0.9848826121241991	0.4775826237623762	0.8792459662288932	0.9961180568631143	0.9961180568631143	0.8758389705882355	0.8358764732547597	0.9947304057279236	0.49408561452513966	0.9701623771498772	0.6107688105726873	0.8861692870201097	0.7957861467419189	0.9411762883125632	0.9560490794934554	0.8853320769532784	0.7773637795275591	0.9569073637233025	0.8224119635277471	0.9986751610193224	0.8535881996537795	0.5427219708588956	0.8537814201353882	0.7586414690130069	0.6781127965492451	0.8974505443624078	0.8891597424339986	0.8792459662288932	0.8238498125585754	0.3088880597014925	0.800529344345188	0.5134028904227782	0.9974391247428465	0.7428989017571885	0.09055696202531645	0.6054215644820297	0.9416828235294118	0.8902040359897172	0.3706289156626506	0.7627765844402277	0.3004199328107503	0.9072012822078398	0.5033638374717834	0.9961180568631143	0.8140818284424379	0.8849700471698112	0.7788692223439211	0.9866104044548653	0.954148966853207	0.6667858074222668	0.9543520299946439	0.9644203694095672	0.4775826237623762	0.49408561452513966	0.8968001640378549	0.7229423173277661	0.9451784479911943	0.9956073730098559	0.44071498237367807	0.9342253588516747	0.7451014934289129
g__Holdemania	0.9531462235649548	0.941766089191908	0.40250584551148233	0.22982372322899505	0.9528868079584775	0.9825143267611216	0.779973851203501	0.9897273514970636	0.8373016671673175	0.9192387268217787	0.7017345174262736	0.7288855995055624	0.5922888538048627	0.7208696480938417	0.5642417041912019	0.7610145793681005	0.523452398989899	0.95488782785569	0.5707668928086838	0.9731805558373061	0.8972349479232025	0.8853320769532784	0.795311050197019	0.8238498125585754	0.779973851203501	0.8295806080147397	0.8058818942875903	0.9806906138259833	0.9253100267535186	0.820133009244501	0.8968001640378549	0.9522889587852494	0.5203324393358876	0.8640858587277068	0.3004199328107503	0.9967310331860486	0.8450662499999999	0.986429363449692	0.8097058966861599	0.9657789131108585	0.8205355665181413	0.968337385674648	0.9134969967822667	0.9131427563105635	0.8684150027886225	0.8684150027886225	0.7846572201189833	0.7851293484114162	0.7048326743669481	0.9362274807430901	0.9679222794193348	0.9084492765957447	0.8339435987212666	0.8555942497496781	0.5458566742081448	0.9394157693174138	0.9549363665491829	0.24574809160305341	0.9603255553227158	0.8869101818181818	0.7568265871489034	0.9350724667349027	0.769702088772846	0.8811436893203882	0.8555942497496781	0.8266758284298544	0.48582353801169587	1.0	0.9956073730098559	0.7079446467749013	0.9891471727343144	0.9436083388484447	0.9848826121241991	0.3264582924435721	0.804207058242843	0.9111080173347779	0.9436083388484447	0.986429363449692	0.9748660779168349	0.6382336974330967	0.4753292974588939	0.8097058966861599	0.9644203694095672	0.9411762883125632	0.6047375796178344	0.625059385665529	0.8888079422382672	0.9595665160748056	0.7581841288096607	0.7744879157427939	0.6439178023161863	0.8135321330534473	0.6351663819233949	0.8187864691753403	0.770686345903771	0.9906013228527607	0.8440557607090103	0.7242753753127605	0.8976598504672898	0.9806906138259833	0.8362343844296922	0.9403067447359531	0.9245995460893854	0.9124308678973868	0.768998052069676	0.8525425115874854	0.9755552748137709	0.8555942497496781	0.8075871057362314	0.93586	0.9613818438381937	0.7108418358531318	0.8345428679817904	0.995554743139303	0.9753587002518892	0.48582353801169587	0.9543520299946439	0.8956807999999999	0.75027034509651	0.7874654774396642	0.6040477611940298	0.964433053482587	0.523452398989899	0.7851293484114162	0.4152798291721419	0.795311050197019	0.8597573189740683	0.43905338479809974	0.6107688105726873	0.9906013228527607	0.37903846153846155	0.8347778366914103	0.8387356020942408	0.6009886029411764	0.9448292607689766	0.9244687631271877	0.9866104044548653	0.8157010135135135	0.9895006765899865	0.5559433734939758	0.42389846841097634	0.8766127954360229	0.8273126353232292	0.48582353801169587	0.45580419847328246	0.5610413974719102	0.8754198279393691
g__Hominenteromicrobium	0.19550404858299592	0.37903846153846155	0.5570141300399564	0.46454302872062664	0.4775826237623762	0.5688634909833277	0.6949063455832002	0.7757301786043086	0.9436083388484447	0.3181993865030675	0.1296797583081571	0.457415397082658	0.8974505443624078	0.9961180568631143	0.9897273514970636	0.3943739350180505	0.5458566742081448	0.8011227869404242	0.5384594306049822	0.1478099173553719	0.8279478683966636	0.7858733759318425	0.5669624871178289	0.8817897218543046	0.9543520299946439	0.49030905151661053	0.9887924345295829	0.32322289156626505	0.45580419847328246	0.4732839438033116	0.9770256330385853	0.21154301075268817	0.8985427558761347	0.8206760641677254	0.6549619963608005	0.941912716311265	0.34675	0.9030292673902318	0.7687159001314061	0.46673452566096424	0.22982372322899505	0.21154301075268817	0.9533782688369086	0.8758389705882355	0.9336410396716825	0.6721990935815776	0.49322295774647884	0.55916175	0.82306382477626	0.20285444234404537	0.27040981432360744	0.1601641791044776	0.4227153298835705	0.11178125	0.3264582924435721	0.5828494952784109	0.7079446467749013	0.25212334801762115	0.49322295774647884	0.20285444234404537	0.616389136087836	0.062389534883720926	0.9183308447704686	0.5922888538048627	0.7744879157427939	0.45541605960264897	0.8727053630363037	0.9956073730098559	1.0	0.37354746835443037	0.3295508637236085	0.7356595006090134	0.18343589743589744	0.74633775044634	0.1296797583081571	0.33658118081180816	0.7229423173277661	0.6595264931087289	0.5945689622935495	0.4490757175660161	0.9897273514970636	0.34675	0.6897253658536586	0.4956203883495146	0.858540954274354	0.9306311706303394	0.9731805558373061	0.5220118120237087	0.8758389705882355	0.491218568019093	0.1478099173553719	0.8945457702582369	0.5427219708588956	0.37903846153846155	0.5570141300399564	0.6465969181721573	0.9710772314597572	0.35916000000000003	0.25212334801762115	0.3004199328107503	0.8334677714983961	0.45541605960264897	0.8064519750860516	0.6382336974330967	0.2587617021276596	0.7288855995055624	0.3088880597014925	0.6075000899550225	0.24574809160305341	0.9765361049668209	0.8660527023242789	0.4775826237623762	0.11178125	0.7356595006090134	0.9961180568631143	0.55916175	0.5103082532751092	0.2813370786516854	0.40250584551148233	0.8565812500000001	0.7187830390920554	0.5096280369718309	0.35445086705202317	0.9991172684019032	0.6690528972892315	0.4459878034682081	0.616389136087836	0.32322289156626505	0.2212577319587629	0.1296797583081571	0.6412462246278755	0.932519213973799	0.9336410396716825	0.9897273514970636	0.9657789131108585	0.2980833333333333	0.8177228365384615	0.5458566742081448	0.34675	0.3706289156626506	0.9750634365231421	0.9272828173913044	0.1478099173553719	0.5409223515715949	0.9352795779441796	0.8782678653508179	0.9801366007194245
g__Hominibacterium	0.8387356020942408	0.9426007336594041	0.5720783108108108	0.9855409547244095	0.9887924345295829	0.6412462246278755	0.9094001577669902	0.9045454243542436	0.5626362014690451	0.7325971153846154	0.7288855995055624	0.2813370786516854	0.9731805558373061	0.6382336974330967	0.680321331424481	0.8064519750860516	0.9261904667905247	0.6905402216578157	0.9236221819033127	0.22982372322899505	0.986429363449692	0.8701131637168142	0.5371951503006012	0.7854097326203209	0.6212036144578313	0.6744386933461909	0.9887924345295829	0.8177228365384615	0.6972587445985899	0.6549619963608005	0.770686345903771	0.7864628992628994	0.9585543436905516	0.6989605388272584	0.7048326743669481	0.7938759428276219	0.8341803191489361	0.9254817357964448	0.6047375796178344	0.7659797511312217	0.4836581167238842	0.8358764732547597	0.5891529411764707	0.986429363449692	0.7515242959798019	0.8698320963721962	0.9429300099700898	0.7258421739130435	0.9549363665491829	0.8011227869404242	0.8701131637168142	0.5759996043521266	0.9974391247428465	0.7038561540173603	0.55916175	0.9883760806074767	0.49690587425424504	0.5405651437573848	0.6412462246278755	0.49322295774647884	0.8448548387096774	0.4263928616550853	0.8217508675078864	0.9512444420250409	0.7887359832635983	0.6579108600770219	0.7859163751987283	0.7079446467749013	0.37354746835443037	1.0	0.9306311706303394	0.8434673913043478	0.9431784196547145	0.6744386933461909	0.8880827586206896	0.5673356557377048	0.910544500907441	0.7864628992628994	0.9969900422733677	0.6744386933461909	0.8448548387096774	0.5409223515715949	0.9132247670250897	0.7854097326203209	0.8864130672926447	0.919601307882644	0.6588053763440861	0.9132247670250897	0.8815157279489904	0.9956073730098559	0.24574809160305341	0.8339435987212666	0.5922888538048627	0.7858733759318425	0.6254431605777401	0.6918217041800644	0.8206859248692344	0.7440017347956132	0.5041119122257053	0.9037813292307691	0.8920521505376344	0.800529344345188	0.6126608440797187	0.7095590463749184	0.49322295774647884	0.9426811044577511	0.9426007336594041	0.9142310981419725	0.9279890266512166	0.9426811044577511	0.9974391247428465	0.804207058242843	0.5945689622935495	0.6351663819233949	0.9841438421208825	0.7864628992628994	0.7762767138393678	0.5982740465116279	0.9753587002518892	0.941912716311265	0.617882939481268	0.9527566789348344	0.963906977468591	0.38978428465530024	0.9321429951690822	0.7108418358531318	0.836946976534296	0.7871029612756265	0.5945689622935495	0.1296797583081571	0.44071498237367807	0.970576615290395	0.8960140743550835	0.9329485380116959	0.5936154185022027	0.5519363602941176	0.5642380753138074	0.7451014934289129	0.8717920606478292	0.793120641489912	0.6283183431952664	0.9851635083226633	0.6439178023161863	0.7910566096423017	0.8339435987212666	0.7834717076700435	0.6327394846217789
g__Hominicoprocola	0.09055696202531645	0.7495934573947111	0.9836661486687124	0.9558225607158074	0.3487575	0.33658118081180816	0.7535325608342989	0.5642417041912019	0.5409223515715949	0.5413055491329479	0.7477767984189724	0.40250584551148233	0.7480268527619423	0.6833407904022583	0.910544500907441	0.4263928616550853	0.7704102774157513	0.686392778686609	0.5127551739130435	0.8038500991080278	0.062389534883720926	0.4753292974588939	0.44182804878048787	0.8692259248956886	0.32322289156626505	0.616389136087836	0.7428327392871447	0.5413055491329479	0.8025045908183633	0.09055696202531645	0.3129875	0.20285444234404537	0.796395594262295	0.7229423173277661	0.617882939481268	0.6099459905660378	0.2587617021276596	0.6382336974330967	0.3295508637236085	0.6698890625	0.21154301075268817	0.1601641791044776	0.8749102392344498	0.2813370786516854	0.9254817357964448	0.5642417041912019	0.5409223515715949	0.6979531987295826	0.7720915756341419	0.7187830390920554	0.3129875	0.9134969967822667	0.37354746835443037	0.23960765550239232	0.897131047067707	0.9415354122265844	0.8193240326191237	0.963493048628429	0.3997675352112676	0.5384594306049822	0.7610145793681005	0.343392	0.4490757175660161	0.9134969967822667	0.9671066192390968	0.8903245283018867	0.7668463102409638	0.9891471727343144	0.3295508637236085	0.9306311706303394	1.0	0.7254540287320425	0.8122963892487046	0.9377496835443039	0.09055696202531645	0.9961180568631143	0.407792590074779	0.5918907648365598	0.6548300917431193	0.4585063636363636	0.8655196804037006	0.4956203883495146	0.5405651437573848	0.795311050197019	0.7356595006090134	0.8811227387771413	0.5134028904227782	0.954148966853207	0.9948797522629824	0.9897273514970636	0.7477767984189724	0.6823047089446285	0.75027034509651	0.32322289156626505	0.800529344345188	0.46454302872062664	0.20285444234404537	0.5286141741988497	0.7581841288096607	0.37942044581091466	0.488434755210858	0.6054215644820297	0.9731805558373061	0.8880827586206896	0.062389534883720926	0.6047375796178344	0.7187830390920554	0.28409386281588445	0.6918217041800644	0.4585063636363636	0.7610145793681005	0.3452582608695652	0.2587617021276596	0.3452582608695652	0.6195470960322025	0.9228383135921191	0.6825827122641509	0.5103082532751092	1.0	0.27040981432360744	0.062389534883720926	0.802136873747495	0.7864628992628994	0.5478373027798648	0.8038500991080278	0.3129875	0.9578647283531408	0.6094775836541309	0.062389534883720926	0.1478099173553719	0.8869101818181818	0.8781229894394802	0.9585543436905516	0.9111080173347779	0.6561065840433773	0.5610413974719102	0.9131427563105635	0.2587617021276596	0.2980833333333333	0.47073392226148414	0.45541605960264897	0.33658118081180816	0.7258421739130435	0.55916175	0.7229423173277661	0.577823076923077	0.9467077024213871
g__Hominifimenecus	0.9336410396716825	0.8252689735614308	0.8799993850267379	0.8328463832390273	0.9801366007194245	0.7716763636363637	0.8717920606478292	0.9974391247428465	0.8817698859113823	0.9535071820824809	0.9750634365231421	0.9861973562653562	0.989982702287142	0.7038561540173603	0.9810743523573202	0.8984372727272727	0.9587959502214722	0.3295508637236085	0.5720783108108108	0.8135321330534473	0.930143986135182	0.8195983240223463	0.8429449316290131	0.655027129174217	0.949569266055046	0.5242180944421229	0.7762767138393678	0.9774143530591776	0.5041119122257053	0.3129875	0.8785563283461383	0.5945689622935495	0.9855409547244095	0.8601171634411641	0.9618312942892873	0.8448548387096774	0.5626362014690451	0.7108418358531318	0.950904347826087	0.941766089191908	0.4527420233463035	0.986429363449692	0.7834717076700435	0.5806787859007833	0.5865909326424871	0.9527566789348344	0.9237969484391441	0.8927170653703466	0.9336410396716825	0.8782678653508179	0.986429363449692	0.9948797522629824	0.7851293484114162	0.7627765844402277	0.8238498125585754	0.5413055491329479	0.5707668928086838	0.54950051986632	0.9411762883125632	0.8903245283018867	0.8665845314685314	0.9336410396716825	0.9124308678973868	0.7854097326203209	0.6465969181721573	0.8293336665641341	0.7507524513618676	0.9436083388484447	0.7356595006090134	0.8434673913043478	0.7254540287320425	1.0	0.7858733759318425	0.808548	0.700489116719243	0.9774143530591776	0.8450662499999999	0.37354746835443037	0.882681649321565	0.6807701474785918	0.7383675713996354	0.8373016671673175	0.82896519524618	0.962563219227968	0.9858209185680566	0.7030325005576623	0.9858209185680566	0.8561495070724389	0.4490757175660161	0.9578647283531408	0.6972587445985899	0.7893940748440748	0.9806906138259833	0.897131047067707	0.6054215644820297	0.9467077024213871	0.9851635083226633	0.843377111111111	0.9805175643327348	0.858540954274354	0.6465969181721573	0.9117160720720722	0.9974391247428465	0.6723572614107883	0.9394157693174138	0.8034902985074627	0.5905143497757848	0.8790548539114044	0.7854097326203209	0.860959757644075	0.7108418358531318	0.9585543436905516	0.22982372322899505	0.9037813292307691	0.8798586691658857	0.9215486006585136	0.9524198483206935	0.9442712159629589	0.9774143530591776	0.8106589581304771	0.6940411118737132	0.7480268527619423	0.9352795779441796	0.9671066192390968	0.6272387789711702	0.4054589814177563	0.7846572201189833	0.9861973562653562	0.8064519750860516	0.9527566789348344	0.5608179858657244	0.8334677714983961	0.9613818438381937	0.860959757644075	0.4363083233532934	0.9891471727343144	0.8217584605698096	0.9964716342082981	0.8448548387096774	0.800529344345188	0.9895006765899865	0.2628	0.8601171634411641	0.9228383135921191	0.4988544251824818	0.9130605294681361	0.7618969213226909
g__Hominilimicola	0.4527420233463035	0.6579108600770219	0.8030424418604651	0.062389534883720926	0.45109266211604093	0.45109266211604093	0.3706289156626506	0.8888079422382672	0.4527420233463035	0.7254540287320425	0.062389534883720926	0.7119406189555125	0.895903292389515	0.5033638374717834	0.491218568019093	0.8312167483910511	0.9387959823947636	0.5744157123834887	0.663370909090909	0.5134028904227782	0.6949063455832002	0.8468117672919109	0.9897273514970636	0.7030325005576623	0.9578647283531408	0.6459770194614769	0.7762767138393678	0.2924324644549763	0.5519363602941176	0.9394157693174138	0.7229423173277661	0.8247544774957172	0.9961180568631143	0.23960765550239232	0.46769091375770017	0.7871029612756265	0.49690587425424504	0.7174452986022871	0.6047375796178344	0.5905143497757848	0.9765361049668209	0.28409386281588445	0.5945689622935495	0.548571284540702	0.9183308447704686	0.457415397082658	0.6548300917431193	0.19550404858299592	0.9805175643327348	0.38612293853073465	0.6972587445985899	0.4263928616550853	0.20285444234404537	0.6412462246278755	0.983090522875817	0.8206859248692344	0.8945457702582369	0.062389534883720926	0.8692259248956886	0.4956203883495146	0.5267214404662781	0.2628	0.8429449316290131	0.6588053763440861	0.42389846841097634	0.4459878034682081	0.9737771240506329	0.9848826121241991	0.18343589743589744	0.9431784196547145	0.8122963892487046	0.7858733759318425	1.0	0.5570141300399564	0.7222097698744769	0.9906013228527607	0.700121966101695	0.6163158536585366	0.9311175683469836	0.5270201982651797	0.6459770194614769	0.09055696202531645	0.1601641791044776	0.4625625789473684	0.5134028904227782	0.8888079422382672	0.7258421739130435	0.1296797583081571	0.34051223934723485	0.6450705882352942	0.44071498237367807	0.5642417041912019	0.6715477799703995	0.5673356557377048	0.20285444234404537	0.6833407904022583	0.7923632533241236	0.1601641791044776	0.28409386281588445	0.5733791386271871	0.6744386933461909	0.42389846841097634	0.8110841704471808	0.37942044581091466	0.35916000000000003	0.1478099173553719	0.24574809160305341	0.795311050197019	0.6424118218623481	0.9956073730098559	0.5409223515715949	0.43146607687614397	0.8328463832390273	0.8936335120643432	0.5673356557377048	0.4184810546875	0.2813370786516854	0.9070171788906575	0.5203324393358876	0.9836661486687124	0.9606446922110552	0.23960765550239232	0.44071498237367807	0.7268600041339396	0.8434673913043478	0.7535325608342989	0.5626362014690451	0.39781350000000004	0.8837626084669996	0.9183308447704686	0.5759996043521266	0.8885700232378001	0.9103475832828589	0.2212577319587629	0.6568421621621622	0.6825827122641509	0.8345428679817904	0.802136873747495	0.9956073730098559	0.5707668928086838	0.4775826237623762	0.6949063455832002	0.39781350000000004	0.46454302872062664	0.9013028645833334	0.3487575	0.5642380753138074
g__Hominimerdicola	0.9755552748137709	0.7030325005576623	0.9858209185680566	0.8821594655377695	0.8976598504672898	0.9228383135921191	0.8177228365384615	0.968337385674648	0.8350120235934664	0.9774143530591776	0.805177761341223	0.75027034509651	0.4598188029661017	0.9103475832828589	0.9895006765899865	0.836946976534296	0.18343589743589744	0.9585543436905516	0.7844196205962061	0.8034902985074627	0.5384594306049822	0.6904538229842446	0.836946976534296	0.9426811044577511	0.9159925490196079	0.9878253802652106	0.9103475832828589	0.9352795779441796	0.8578076890217856	0.8891597424339986	0.9817496874689949	0.9806906138259833	0.8290858881528269	0.42389846841097634	0.9352795779441796	0.9729803147208121	0.9778041595670042	0.7957861467419189	0.9618155555555555	0.7618969213226909	0.9678138823044419	0.6561065840433773	0.5409223515715949	0.8799993850267379	0.9501186640471514	0.7990276671771313	0.9904271323035594	0.46769091375770017	0.8956807999999999	0.986429363449692	0.6195470960322025	0.7649620670073821	0.9964716342082981	0.9566820038289724	0.5891529411764707	0.6561065840433773	0.8537814201353882	0.5794458715596331	0.9679222794193348	0.739867372881356	0.9134969967822667	0.986429363449692	0.9961180568631143	0.963493048628429	0.9750634365231421	0.9981393350765783	0.9531462235649548	0.3264582924435721	0.74633775044634	0.6744386933461909	0.9377496835443039	0.808548	0.5570141300399564	1.0	0.715170558050032	0.6839344827586207	0.9660890987921957	0.9522889587852494	0.7345833401305056	0.9801366007194245	0.55916175	0.8861692870201097	0.9842317521494218	0.9183308447704686	0.8821594655377695	0.37903846153846155	0.5096280369718309	0.8849700471698112	0.686392778686609	0.5580740513191181	0.6195470960322025	0.8698320963721962	0.8619859738065062	0.840688498879761	0.9531462235649548	0.9352795779441796	0.5610413974719102	0.9889699583292955	0.901716810770751	0.8177228365384615	0.27040981432360744	0.804207058242843	0.4128404651162791	0.742170084269663	0.6690528972892315	0.941766089191908	0.5559433734939758	0.67364952681388	0.2813370786516854	0.9947304057279236	0.7871029612756265	0.4836581167238842	0.9578647283531408	0.9644203694095672	0.964433053482587	0.7409860366713682	0.995554743139303	0.9405618897637796	0.9515839443054499	0.67364952681388	0.9419951219512195	0.9889699583292955	0.9519228562112815	0.7859163751987283	0.4490757175660161	0.9969900422733677	0.952261179281138	0.8110841704471808	0.9267908215363192	0.6825827122641509	0.9336410396716825	0.4988544251824818	0.4625625789473684	0.4928122748815166	0.8993180835197614	0.8025045908183633	0.9134969967822667	0.6163158536585366	0.8256538043478261	0.20285444234404537	0.685326393442623	0.8493226299694189	0.9697587439811495	0.9893240785527715	0.9486044570679485	0.7812183640007287	0.8247544774957172
g__Hominiventricola	0.27836575875486386	0.4928122748815166	0.804207058242843	0.6054215644820297	0.6549619963608005	0.8837626084669996	0.9172349946600213	0.18343589743589744	0.6715477799703995	0.54950051986632	0.7174452986022871	0.4128404651162791	0.5384594306049822	0.8339435987212666	0.7089204932343954	0.6579108600770219	0.67364952681388	0.9482609009403018	0.941912716311265	0.4263928616550853	0.4527420233463035	0.8140818284424379	0.43146607687614397	0.8884463348416289	0.09055696202531645	0.5744157123834887	0.9403067447359531	0.3487575	0.6107688105726873	0.488434755210858	0.4227153298835705	0.4304338071693449	0.9713838423946243	0.6549619963608005	0.5427219708588956	0.9773182831325302	0.47073392226148414	0.7890386391251518	0.816507874015748	0.8387356020942408	0.5127551739130435	0.5041119122257053	0.8592107249255213	0.32322289156626505	0.9436083388484447	0.9419951219512195	0.6549619963608005	0.8985427558761347	0.8429449316290131	0.8290858881528269	0.7637982944855031	0.9878253802652106	0.6239594293865905	0.5409223515715949	0.9467077024213871	0.7063052619942516	0.5982740465116279	0.9585543436905516	0.5591996807378503	0.1718924485125858	0.5707668928086838	0.4304338071693449	0.7174452986022871	0.8535881996537795	0.9377496835443039	0.8193240326191237	0.9679222794193348	0.804207058242843	0.1296797583081571	0.8880827586206896	0.09055696202531645	0.700489116719243	0.7222097698744769	0.715170558050032	1.0	0.8252689735614308	0.5610413974719102	0.5033638374717834	0.22982372322899505	0.5096280369718309	0.9467077024213871	0.7428989017571885	0.8339435987212666	0.9336410396716825	0.717741858500528	0.9616993315926893	0.343392	0.8537814201353882	0.8698320963721962	0.8450662499999999	0.6239594293865905	0.882681649321565	0.8411605757756563	0.575116197416363	0.970576615290395	0.5432952	0.7310479975354282	0.8936335120643432	0.8579918112027296	0.46673452566096424	0.20285444234404537	0.7268600041339396	0.7383675713996354	0.8811227387771413	0.45541605960264897	0.9593462088547692	0.9512444420250409	0.9405618897637796	0.8655196804037006	0.8698320963721962	0.9130605294681361	0.5041119122257053	0.1601641791044776	0.44182804878048787	0.9878253802652106	0.7079446467749013	0.8861692870201097	0.4363083233532934	0.3823783169067475	0.9336410396716825	0.8660527023242789	0.9415354122265844	0.5794458715596331	0.8456494565217391	0.5405651437573848	0.5413055491329479	0.8546568596466025	0.6667858074222668	0.44182804878048787	0.7011691840863116	0.7074528596568412	0.5427219708588956	0.9697587439811495	0.8140818284424379	0.8698320963721962	0.4598188029661017	0.8798586691658857	0.457415397082658	0.5071370026525198	0.3004199328107503	0.8785563283461383	0.4337787915407855	0.8411605757756563	0.9425604006677797	0.4152798291721419	0.9618312942892873	0.9618155555555555
g__Hungatella	0.9710772314597572	0.5673356557377048	0.8578076890217856	0.9805175643327348	0.4363083233532934	0.95488782785569	0.7242753753127605	0.969148599281683	0.7773637795275591	0.9336410396716825	0.23960765550239232	0.8884463348416289	0.5046238454706927	0.7325971153846154	0.55916175	0.062389534883720926	0.28409386281588445	0.9124308678973868	0.5936154185022027	0.2813370786516854	0.1601641791044776	0.7874654774396642	0.4753292974588939	0.6715477799703995	0.9765361049668209	0.6715477799703995	0.8861692870201097	0.9953125	0.6129316802800466	0.941912716311265	0.8458589969203695	0.4527420233463035	0.7258421739130435	0.54950051986632	0.6508270783847981	0.46673452566096424	0.2813370786516854	0.8266758284298544	0.21154301075268817	0.1718924485125858	0.75027034509651	0.8014450865110029	0.8075871057362314	0.8974505443624078	0.062389534883720926	0.700489116719243	0.6681363363363363	0.6595264931087289	0.8733403489490315	0.37903846153846155	0.33407830188679244	0.8868987252861602	0.062389534883720926	0.09055696202531645	0.686392778686609	0.34675	0.062389534883720926	0.42389846841097634	0.941766089191908	0.6283183431952664	0.9013028645833334	0.062389534883720926	0.9143113238967527	0.8727053630363037	0.4732839438033116	0.38612293853073465	0.7085889034799738	0.9111080173347779	0.33658118081180816	0.5673356557377048	0.9961180568631143	0.9774143530591776	0.9906013228527607	0.6839344827586207	0.8252689735614308	1.0	0.5361172983870968	0.9599052217678515	0.8193240326191237	0.6604112496818528	0.9426007336594041	0.9913282596209074	0.9050860636598256	0.768998052069676	0.46454302872062664	0.7854097326203209	0.9948797522629824	0.7659797511312217	0.950904347826087	0.9806906138259833	0.802136873747495	0.8535881996537795	0.9619471267957526	0.19550404858299592	0.7655442282259588	0.9603255553227158	0.9501186640471514	0.6327394846217789	0.9167230760095013	0.75027034509651	0.8974505443624078	0.11178125	0.8381580882352941	0.617882939481268	0.717741858500528	0.9765361049668209	0.5103082532751092	0.6239594293865905	0.5409223515715949	0.49690587425424504	0.062389534883720926	0.5659982050396962	0.7242753753127605	0.93586	0.8206859248692344	0.9748660779168349	1.0	0.44071498237367807	0.8691840902758429	0.6107688105726873	0.8135321330534473	0.9134969967822667	0.3004199328107503	0.9957750213048007	0.5945689622935495	0.9336410396716825	0.9901575612097935	1.0	0.32322289156626505	0.7105031942633638	0.9956073730098559	0.3295508637236085	0.9810743523573202	0.8092430295124735	0.9528868079584775	0.9074036223929748	0.4054589814177563	0.7340416309012876	0.09055696202531645	0.9217266032417194	0.9426811044577511	0.9531462235649548	0.9107409425981874	0.3088880597014925	0.6458711646586346	0.8064519750860516	0.6733330168005843
g__Intestinibacter	0.8684150027886225	0.8308455340699815	0.7890386391251518	0.9961180568631143	0.2212577319587629	0.9957750213048007	0.5267214404662781	0.7671334710743801	0.5570141300399564	0.8785563283461383	0.24574809160305341	0.8075871057362314	0.45580419847328246	0.8599375212224109	0.5828494952784109	0.5016900954111768	0.9429300099700898	0.9426811044577511	0.9613818438381937	0.5945689622935495	0.6327394846217789	0.802136873747495	0.9697587439811495	0.9897273514970636	0.32322289156626505	0.7610145793681005	0.8849700471698112	0.9974391247428465	0.7108418358531318	0.655027129174217	0.7568265871489034	0.9187308865248227	0.062389534883720926	0.6979531987295826	0.7812183640007287	0.5384594306049822	0.796395594262295	0.8429449316290131	0.33658118081180816	0.2813370786516854	0.9159925490196079	0.49408561452513966	0.8754198279393691	0.8341803191489361	0.8937483809280979	0.7156288547664746	0.4732839438033116	0.75027034509651	0.7618969213226909	0.6989605388272584	0.3487575	0.7074528596568412	0.6075000899550225	0.4585063636363636	0.7480268527619423	0.9878253802652106	0.5371951503006012	0.986429363449692	0.8792459662288932	0.39781350000000004	0.8014450865110029	0.4928122748815166	0.8945457702582369	0.9737771240506329	0.9841438421208825	0.5967971384136858	0.49408561452513966	0.9436083388484447	0.7229423173277661	0.910544500907441	0.407792590074779	0.8450662499999999	0.700121966101695	0.9660890987921957	0.5610413974719102	0.5361172983870968	1.0	0.8387356020942408	0.986429363449692	0.8252689735614308	0.7011691840863116	0.8867717076983196	0.5512336908284023	0.9944654628833477	0.46769091375770017	0.3129875	0.941766089191908	0.6549619963608005	0.4585063636363636	0.9291839041888451	0.8743995346927603	0.8775017482043638	0.836946976534296	0.4459878034682081	0.9094001577669902	0.9884584808403035	0.8785563283461383	0.5519363602941176	0.9887924345295829	0.9100398132427845	0.9750634365231421	0.9880046858256212	0.8266758284298544	0.5220118120237087	0.5413055491329479	0.34675	0.4337787915407855	0.062389534883720926	0.6690528972892315	0.5127551739130435	0.9578647283531408	0.7687159001314061	0.8974505443624078	0.5688634909833277	0.5409223515715949	0.8520989847715735	0.7890386391251518	0.8476785557986871	0.9861973562653562	0.67364952681388	0.8347778366914103	0.9451784479911943	0.9587959502214722	0.8792459662288932	0.8985427558761347	0.9599052217678515	0.6972587445985899	0.7990276671771313	0.2212577319587629	0.9130605294681361	0.457415397082658	0.964433053482587	0.062389534883720926	0.46769091375770017	0.9948797522629824	0.8945457702582369	0.9394157693174138	0.21154301075268817	0.062389534883720926	0.19550404858299592	0.9998385562395076	0.7659797511312217	0.9961180568631143	0.062389534883720926	0.7095590463749184	0.5626362014690451	0.9801366007194245
g__JAGTTR01	0.8434673913043478	0.9753587002518892	0.8754198279393691	0.5413055491329479	0.74633775044634	0.8493226299694189	0.8785563283461383	0.9336410396716825	0.6549619963608005	0.9411762883125632	0.49322295774647884	0.9108269732078205	0.9750634365231421	0.4363083233532934	0.6368948844884489	0.9415354122265844	0.8849700471698112	0.21154301075268817	0.4928122748815166	0.8247544774957172	0.8206760641677254	0.8429449316290131	0.7854097326203209	0.44071498237367807	0.8724294133847426	0.2813370786516854	0.5733791386271871	0.9535071820824809	0.6588053763440861	0.1601641791044776	0.7012170026881721	0.45541605960264897	0.9072012822078398	0.9065912856967766	0.6459770194614769	0.9442712159629589	0.9239713067850053	0.7352722222222222	0.9471570177359317	0.7996290519877676	0.28409386281588445	0.9037813292307691	0.6904538229842446	0.5270201982651797	0.8458589969203695	0.8538512437095616	0.8701131637168142	0.5945689622935495	0.9486044570679485	0.9143113238967527	0.9569073637233025	0.8097058966861599	0.43146607687614397	0.8966907126611069	0.8011227869404242	0.7990276671771313	0.6094775836541309	0.4184810546875	0.8619859738065062	0.9543520299946439	0.941766089191908	0.738894846402587	0.8853320769532784	0.8238498125585754	0.5286141741988497	0.802136873747495	0.8339435987212666	0.986429363449692	0.6595264931087289	0.7864628992628994	0.5918907648365598	0.37354746835443037	0.6163158536585366	0.9522889587852494	0.5033638374717834	0.9599052217678515	0.8387356020942408	1.0	0.9584132189386717	0.6394179738562091	0.8339435987212666	0.5478373027798648	0.6825827122641509	0.7156288547664746	0.9183308447704686	0.715170558050032	0.7480268527619423	0.9560490794934554	0.5733791386271871	0.7356595006090134	0.9311175683469836	0.7320491490670494	0.8727053630363037	0.9566820038289724	0.738894846402587	0.8867717076983196	0.9231224578256794	0.6094775836541309	0.8767603960396041	0.9904271323035594	0.5286141741988497	0.9904271323035594	0.9618155555555555	0.5936154185022027	0.7923632533241236	0.6548300917431193	0.5707668928086838	0.7637982944855031	0.8944322675159235	0.9549363665491829	0.655027129174217	0.8743995346927603	0.40250584551148233	0.9731805558373061	0.9377496835443039	0.9094001577669902	0.7864628992628994	0.9524198483206935	0.8290858881528269	0.8733403489490315	0.5608179858657244	0.5936154185022027	0.9512444420250409	0.8217508675078864	0.491218568019093	0.28409386281588445	0.7165420817369093	0.7857818181818181	0.8279478683966636	0.6595264931087289	0.5720783108108108	0.9543520299946439	0.9701623771498772	0.8709948044769933	0.680321331424481	0.9750634365231421	0.8592107249255213	0.9878253802652106	0.9050860636598256	0.8972349479232025	0.6888327590221187	0.19550404858299592	0.9981393350765783	0.6459770194614769	0.6807701474785918	0.9660890987921957	0.7105031942633638
g__Klebsiella	0.7258421739130435	0.4184810546875	0.5720783108108108	0.897131047067707	0.8157010135135135	0.9217266032417194	0.8279478683966636	0.8397127802690583	0.755925549132948	0.9883760806074767	0.8456494565217391	0.5688634909833277	0.49408561452513966	0.5409223515715949	0.7637982944855031	0.9467077024213871	0.8345428679817904	0.8792459662288932	0.8458589969203695	0.9799504505406489	0.7187830390920554	0.9580884342202903	0.7119406189555125	0.5409223515715949	0.23960765550239232	0.795311050197019	0.8493226299694189	0.8546568596466025	0.9524198483206935	0.5432952	0.49408561452513966	0.8373016671673175	0.983090522875817	0.6465969181721573	0.6195470960322025	0.8761072069621975	0.941912716311265	0.9901575612097935	0.686392778686609	0.4490757175660161	0.9904271323035594	0.8920521505376344	0.63116484375	0.062389534883720926	0.6099459905660378	0.6972587445985899	0.35916000000000003	0.6549619963608005	0.8247544774957172	0.9806906138259833	0.770686345903771	0.9878253802652106	0.9436083388484447	0.9394157693174138	0.901716810770751	0.4585063636363636	0.8064519750860516	0.963906977468591	0.6535590646347872	0.4585063636363636	0.9362274807430901	0.6047375796178344	0.8097058966861599	0.8701131637168142	0.9554701889209095	0.8956807999999999	0.8717920606478292	0.9748660779168349	0.5945689622935495	0.9969900422733677	0.6548300917431193	0.882681649321565	0.9311175683469836	0.7345833401305056	0.22982372322899505	0.8193240326191237	0.986429363449692	0.9584132189386717	1.0	0.9037813292307691	0.802136873747495	0.49030905151661053	0.9143113238967527	0.4337787915407855	0.7859163751987283	0.5409223515715949	0.8025045908183633	0.9654682142487849	0.7649620670073821	0.9806906138259833	0.8034902985074627	0.7108418358531318	0.6071954805664356	0.9037813292307691	0.9527566789348344	0.7996290519877676	0.7310479975354282	0.9352795779441796	0.8217508675078864	0.5982740465116279	0.7854097326203209	0.9822296579077838	0.755925549132948	0.6450705882352942	0.9759478020319887	0.4732839438033116	0.795311050197019	0.9342253588516747	0.9948797522629824	0.4928122748815166	0.7857818181818181	0.7030325005576623	0.685326393442623	0.9951436732362182	0.7659797511312217	0.5673356557377048	0.9748660779168349	0.8537814201353882	0.8476785557986871	0.9143113238967527	0.8634276637615969	0.9974391247428465	0.8864130672926447	0.9336410396716825	0.8555942497496781	0.9713838423946243	0.9836661486687124	0.8503899723475477	0.7488115384615386	0.738894846402587	0.5688634909833277	0.6690528972892315	0.9889699583292955	0.9172349946600213	0.5918907648365598	0.9806906138259833	0.5922888538048627	0.3487575	0.9217266032417194	0.575116197416363	0.8945457702582369	0.680893268547049	0.700121966101695	0.1478099173553719	0.5806787859007833	0.6595264931087289	0.7131739699570815
g__Lachnoclostridium_B	0.3943739350180505	0.9103475832828589	0.8766127954360229	0.983090522875817	0.663370909090909	0.74633775044634	0.705648869680851	0.6940411118737132	0.8749102392344498	0.39192841490138786	0.49408561452513966	0.5669624871178289	0.9436083388484447	0.8775017482043638	0.7428989017571885	0.8205355665181413	0.09055696202531645	0.8811436893203882	0.9143113238967527	0.34051223934723485	0.9111080173347779	0.4956203883495146	0.7757301786043086	0.9329485380116959	0.9978827102803738	0.9697587439811495	0.9244687631271877	0.7854097326203209	0.8698320963721962	0.457415397082658	0.6054215644820297	0.27040981432360744	0.8665845314685314	0.5840615634122608	0.5997220411927451	0.9961180568631143	0.5874029013539651	0.43146607687614397	0.738894846402587	0.6588053763440861	0.5997220411927451	0.49408561452513966	0.8135321330534473	0.7477767984189724	0.9891471727343144	0.9416828235294118	0.680893268547049	0.8434673913043478	0.8358764732547597	0.9065912856967766	0.7572884622768286	0.9486044570679485	0.9806906138259833	0.3088880597014925	0.9713838423946243	0.9991172684019032	0.5591996807378503	0.8247544774957172	0.8035375641237796	0.6382336974330967	0.9770256330385853	0.6871341958041958	0.9130605294681361	0.8205355665181413	0.8998689059977648	0.55916175	0.8792459662288932	0.6382336974330967	0.4490757175660161	0.6744386933461909	0.4585063636363636	0.6807701474785918	0.5270201982651797	0.9801366007194245	0.5096280369718309	0.6604112496818528	0.8252689735614308	0.6394179738562091	0.9037813292307691	1.0	0.7972750469043153	0.6614589489718202	0.8724294133847426	0.9377496835443039	0.8809841782283885	0.8660527023242789	0.8766127954360229	0.9774143530591776	0.9132247670250897	0.9054034249938621	0.802136873747495	0.5945689622935495	0.779973851203501	0.8347778366914103	0.6439178023161863	0.8132438531219671	0.715170558050032	0.44182804878048787	0.5891529411764707	0.5936154185022027	0.491218568019093	0.919601307882644	0.9429300099700898	0.6807701474785918	0.2587617021276596	0.9961180568631143	0.8944322675159235	0.6614589489718202	0.4527420233463035	0.8206859248692344	0.7119406189555125	0.5409223515715949	0.27040981432360744	0.8736144052682124	0.5409223515715949	0.3452582608695652	0.8884463348416289	0.8932899156441718	0.49408561452513966	0.897131047067707	0.715170558050032	0.8205355665181413	0.6681363363363363	0.9961180568631143	0.9382202371541501	0.7089204932343954	0.7704102774157513	0.5519363602941176	0.8974505443624078	0.655027129174217	0.9810743523573202	0.9593462088547692	0.802136873747495	0.9405618897637796	0.6744386933461909	0.34675	0.8214835677042186	0.8214835677042186	0.8205355665181413	0.882681649321565	0.7108418358531318	0.5409223515715949	0.40250584551148233	0.8448548387096774	0.9806906138259833	0.6949063455832002	0.9543520299946439
g__Lachnospira	0.7720915756341419	0.9245995460893854	0.9599052217678515	0.655027129174217	0.9619471267957526	0.8476785557986871	0.5270201982651797	0.9822296579077838	0.5659982050396962	0.8140818284424379	0.8868987252861602	0.5673356557377048	0.7862841325811001	0.5907348837209303	0.8861692870201097	0.8976598504672898	0.5242180944421229	0.796395594262295	0.8350120235934664	0.9737771240506329	0.8458589969203695	0.82896519524618	0.2212577319587629	0.33407830188679244	0.9651570009313878	0.8328463832390273	0.8891597424339986	0.802136873747495	0.8903245283018867	0.8673575181665735	0.8717920606478292	0.932519213973799	0.062389534883720926	0.7854097326203209	0.7174452986022871	0.6024306047648136	0.8592107249255213	1.0	0.680321331424481	0.7720915756341419	0.9618312942892873	0.8966907126611069	0.9961180568631143	0.8525425115874854	0.769702088772846	0.9825143267611216	0.8323509188361409	0.6579108600770219	0.680893268547049	0.7108418358531318	0.9618155555555555	0.8743995346927603	0.9531462235649548	0.9543520299946439	0.983090522875817	0.9569073637233025	0.8293336665641341	0.5918907648365598	0.8339435987212666	1.0	0.5610413974719102	0.7011691840863116	0.7071144275314362	0.2813370786516854	0.802136873747495	0.45541605960264897	0.4363083233532934	0.4753292974588939	0.9897273514970636	0.8448548387096774	0.8655196804037006	0.7383675713996354	0.6459770194614769	0.55916175	0.9467077024213871	0.9426007336594041	0.7011691840863116	0.8339435987212666	0.802136873747495	0.7972750469043153	1.0	0.8944322675159235	0.5922888538048627	0.8673575181665735	0.9842317521494218	0.9013933844441697	0.6681363363363363	0.9426007336594041	0.45541605960264897	0.7910566096423017	0.9806906138259833	0.7834717076700435	0.7618969213226909	0.9806906138259833	0.9124308678973868	0.5570141300399564	0.491218568019093	0.8607818797629128	0.4805162068965517	0.8235849012229539	0.5874029013539651	0.6439178023161863	0.7834717076700435	0.7012170026881721	0.8058818942875903	0.7844196205962061	0.9951436732362182	0.4304338071693449	0.9855409547244095	0.874366881425634	0.7320491490670494	0.8214835677042186	0.8888079422382672	0.7586414690130069	0.802136873747495	0.41034536290322576	0.5538453846153847	0.5519363602941176	0.2628	0.6702233564013841	0.9558225607158074	0.7352722222222222	0.5041119122257053	0.75027034509651	0.062389534883720926	0.8749102392344498	0.5945689622935495	0.8503899723475477	0.6094775836541309	0.9350724667349027	0.9267908215363192	0.8974505443624078	0.6081647656016721	0.7890386391251518	0.7788692223439211	0.9131427563105635	0.9745688239457984	0.7851293484114162	0.9606446922110552	0.3706289156626506	0.680893268547049	0.9037813292307691	0.7187830390920554	0.7671334710743801	0.8782678653508179	0.8903245283018867	0.9729803147208121
g__Lacticaseibacillus	0.7108418358531318	0.33407830188679244	0.9090907909124043	0.24574809160305341	0.4527420233463035	0.3004199328107503	0.4527420233463035	0.6163158536585366	0.5759996043521266	0.8071524799476184	0.1478099173553719	0.3706289156626506	0.7851293484114162	0.5608179858657244	0.8458589969203695	0.8766127954360229	0.1718924485125858	0.9111080173347779	0.09055696202531645	0.630281019036954	0.4054589814177563	0.9543520299946439	0.8733403489490315	0.34051223934723485	0.795311050197019	0.8869101818181818	0.6690528972892315	0.21154301075268817	0.9405618897637796	0.8815157279489904	0.9580884342202903	0.8345428679817904	0.8785563283461383	0.5610413974719102	0.9580884342202903	0.491218568019093	0.6757224975938402	0.843377111111111	0.700489116719243	0.6718745575221238	0.8727053630363037	0.3088880597014925	0.5673356557377048	0.9535071820824809	0.34675	0.062389534883720926	0.44182804878048787	0.1478099173553719	0.8238498125585754	0.2587617021276596	0.5720783108108108	0.5538453846153847	0.3823783169067475	0.8874970027247956	0.793120641489912	0.9913282596209074	0.5591996807378503	0.062389534883720926	0.8385101138747377	0.700489116719243	0.1718924485125858	0.23960765550239232	0.5286141741988497	0.33407830188679244	0.3452582608695652	0.32322289156626505	0.920215153655952	0.8097058966861599	0.34675	0.5409223515715949	0.4956203883495146	0.8373016671673175	0.09055696202531645	0.8861692870201097	0.7428989017571885	0.9913282596209074	0.8867717076983196	0.5478373027798648	0.49030905151661053	0.6614589489718202	0.8944322675159235	1.0	0.11178125	0.09055696202531645	0.6254431605777401	0.24574809160305341	0.5806787859007833	0.2980833333333333	0.49322295774647884	0.8064519750860516	0.6972587445985899	0.3004199328107503	0.1601641791044776	0.6588053763440861	0.062389534883720926	0.8785563283461383	0.7890386391251518	0.3181993865030675	0.6934899518238128	0.3264582924435721	0.727724303693006	0.9025963333333333	0.8804923076923076	0.8798586691658857	0.6549619963608005	0.11178125	0.7744879157427939	0.55916175	0.720130289672544	0.8767603960396041	0.1718924485125858	0.39781350000000004	0.7131739699570815	0.40250584551148233	0.882681649321565	0.11178125	0.09055696202531645	0.970576615290395	0.8811227387771413	0.062389534883720926	0.7610145793681005	0.3181993865030675	0.616389136087836	0.8458589969203695	0.45109266211604093	0.9377496835443039	0.23960765550239232	0.062389534883720926	0.8785563283461383	0.5314944285129045	0.8334677714983961	0.9132247670250897	0.7174452986022871	0.4184810546875	0.6979531987295826	0.09055696202531645	0.770686345903771	0.2628	0.6450705882352942	0.19550404858299592	0.46982308868501527	0.7208696480938417	0.49030905151661053	0.3997675352112676	0.821085377433138	0.2212577319587629	0.8950000381242852
g__Lactiplantibacillus	0.8247544774957172	0.8385101138747377	0.8767603960396041	0.6407698451507743	0.062389534883720926	0.7345833401305056	0.5409223515715949	0.6698890625	0.9897273514970636	0.9081383033106135	0.3129875	0.4625625789473684	0.6718745575221238	0.5432952	0.7477767984189724	0.8673575181665735	0.882681649321565	0.7610145793681005	0.989982702287142	0.6918217041800644	0.7017345174262736	0.9721794503816793	0.3452582608695652	0.09055696202531645	0.7356595006090134	0.9910599731749377	0.7846572201189833	0.20285444234404537	0.8799993850267379	0.9806906138259833	0.7627765844402277	0.9501186640471514	0.8874970027247956	0.5334865008156606	0.8206760641677254	0.1296797583081571	0.5409223515715949	0.6054215644820297	0.20285444234404537	0.4753292974588939	0.9897273514970636	0.897131047067707	0.897131047067707	0.8367172668374264	0.6568421621621622	0.11178125	0.25212334801762115	0.062389534883720926	0.836946976534296	0.7655442282259588	0.7428989017571885	0.7834717076700435	0.30626344676180023	0.9533782688369086	0.7108418358531318	0.987369381775564	0.9654682142487849	0.21154301075268817	0.860959757644075	0.8110841704471808	0.9671066192390968	0.5242180944421229	0.46982308868501527	0.3997675352112676	0.5384594306049822	0.8698320963721962	0.8884463348416289	0.9644203694095672	0.6897253658536586	0.9132247670250897	0.5405651437573848	0.82896519524618	0.1601641791044776	0.9842317521494218	0.8339435987212666	0.9050860636598256	0.5512336908284023	0.6825827122641509	0.9143113238967527	0.8724294133847426	0.5922888538048627	0.11178125	1.0	0.18343589743589744	0.343392	0.49030905151661053	0.6871341958041958	0.8034902985074627	0.6905402216578157	0.6024306047648136	0.7716763636363637	0.4585063636363636	0.7846572201189833	0.6480704665959703	0.1478099173553719	0.7874654774396642	0.5103082532751092	0.44182804878048787	0.9245995460893854	0.6382336974330967	0.9858209185680566	0.8691840902758429	0.9887924345295829	0.7757301786043086	0.6458711646586346	0.5918907648365598	0.545098975720789	0.5905143497757848	0.5945689622935495	0.8312167483910511	0.25212334801762115	0.968337385674648	0.8767603960396041	0.1296797583081571	0.6807701474785918	0.1718924485125858	0.1718924485125858	0.700489116719243	0.6283183431952664	0.7187830390920554	0.8279478683966636	0.2212577319587629	0.2980833333333333	0.7310479975354282	0.7142505784061697	0.968337385674648	0.41034536290322576	0.28409386281588445	0.8691840902758429	0.8450662499999999	0.843377111111111	0.8110841704471808	0.9074036223929748	0.7017345174262736	0.7340416309012876	0.7864628992628994	0.8974505443624078	0.680893268547049	0.8927170653703466	0.8579918112027296	0.9618312942892873	0.860959757644075	0.7999571985755469	0.37942044581091466	0.8717920606478292	0.6394179738562091	0.46769091375770017
g__Lactobacillus	0.8868987252861602	0.5041119122257053	0.9415354122265844	0.9037813292307691	0.3088880597014925	0.9842317521494218	0.7851293484114162	0.6099459905660378	0.75027034509651	0.8097058966861599	0.407792590074779	0.46454302872062664	0.9891471727343144	0.9084492765957447	0.5993712696941612	0.7659797511312217	0.7887359832635983	0.9806906138259833	0.5427219708588956	0.9013933844441697	0.9081383033106135	0.8993180835197614	0.9159925490196079	0.5739002008032128	0.8792459662288932	0.9825143267611216	0.700121966101695	0.6568421621621622	0.8884463348416289	0.895903292389515	0.9107409425981874	0.655027129174217	0.5707668928086838	0.3823783169067475	0.7477767984189724	0.6989605388272584	0.6604112496818528	0.5427219708588956	0.8514560727272728	0.7887359832635983	0.8417567789034565	0.7174452986022871	0.30626344676180023	0.8252689735614308	0.9969900422733677	0.7345833401305056	0.9883760806074767	0.7119406189555125	0.54950051986632	0.6549619963608005	0.9362274807430901	0.7957861467419189	0.491218568019093	0.9065912856967766	0.8214835677042186	0.9591184615384615	0.8698320963721962	0.1718924485125858	0.9734790817877774	0.970576615290395	0.8195983240223463	0.7208696480938417	0.8864130672926447	0.45109266211604093	0.6825827122641509	0.1601641791044776	0.8792459662288932	0.9411762883125632	0.4956203883495146	0.7854097326203209	0.795311050197019	0.962563219227968	0.4625625789473684	0.9183308447704686	0.9336410396716825	0.768998052069676	0.9944654628833477	0.7156288547664746	0.4337787915407855	0.9377496835443039	0.8673575181665735	0.09055696202531645	0.18343589743589744	1.0	0.9272828173913044	0.2628	0.457415397082658	0.3943739350180505	0.9904271323035594	0.9187308865248227	0.8385101138747377	0.9599052217678515	0.11178125	0.9448292607689766	0.062389534883720926	0.9419951219512195	0.8790548539114044	0.44182804878048787	0.42856931249999997	0.6690528972892315	0.9884584808403035	0.8448548387096774	0.9543520299946439	0.8195983240223463	0.5874029013539651	0.1296797583081571	0.5220118120237087	0.7627765844402277	0.8535176878612717	0.5405651437573848	0.7862841325811001	0.7550217290621382	0.8339435987212666	0.8861692870201097	0.8811227387771413	0.34051223934723485	0.9132247670250897	0.6702233564013841	0.9861973562653562	0.6495377777777778	0.5669624871178289	0.6195470960322025	0.9124308678973868	0.9426007336594041	0.9013028645833334	0.9794644460028051	0.8273126353232292	0.39781350000000004	0.8972349479232025	0.5384594306049822	0.7999571985755469	0.9657789131108585	0.8592107249255213	0.6107688105726873	1.0	0.19550404858299592	0.7951761486835311	0.6344822455752213	0.800529344345188	0.9314958165264493	0.800529344345188	0.7788692223439211	0.28409386281588445	0.7893940748440748	0.9108269732078205	0.6465969181721573	0.8761072069621975
g__Lactococcus	0.9558225607158074	0.9743704554655871	0.6698890625	0.8698320963721962	0.8448548387096774	0.6744386933461909	0.8256538043478261	0.8456494565217391	0.8817897218543046	0.7766787600880412	0.9108269732078205	0.5720783108108108	0.8775017482043638	0.804207058242843	0.685326393442623	0.9587959502214722	0.8743995346927603	0.9893240785527715	0.800529344345188	0.8709948044769933	0.33658118081180816	0.8328463832390273	0.7254540287320425	0.2212577319587629	0.9074036223929748	0.9974391247428465	0.8597573189740683	0.6254431605777401	0.7475766990291263	0.7119406189555125	0.6535590646347872	0.7874654774396642	0.6283183431952664	0.655027129174217	0.44182804878048787	0.8903245283018867	0.8692259248956886	0.7832732824427482	0.6897253658536586	0.9948797522629824	0.8426023370050609	0.5918907648365598	0.9974391247428465	0.19550404858299592	0.5478373027798648	0.46769091375770017	0.55916175	0.5918907648365598	0.9953125	0.8171817525276841	0.6535590646347872	0.9986751610193224	0.9349153136741432	0.8426023370050609	0.9944654628833477	0.7827455571740713	0.5580740513191181	0.9549363665491829	0.9910599731749377	0.700121966101695	0.21154301075268817	0.5361172983870968	0.804207058242843	0.4956203883495146	0.9336410396716825	0.6327394846217789	0.8648640942893223	0.6047375796178344	0.858540954274354	0.8864130672926447	0.7356595006090134	0.9858209185680566	0.5134028904227782	0.8821594655377695	0.717741858500528	0.46454302872062664	0.46769091375770017	0.9183308447704686	0.7859163751987283	0.8809841782283885	0.9842317521494218	0.6254431605777401	0.343392	0.9272828173913044	1.0	0.8655196804037006	0.8976598504672898	0.9618312942892873	0.3088880597014925	0.6690528972892315	0.7890386391251518	0.1478099173553719	0.8295806080147397	0.9893240785527715	0.9560490794934554	0.8256538043478261	0.930143986135182	0.38978428465530024	0.8736144052682124	0.5997220411927451	0.8450662499999999	0.7320491490670494	0.8561495070724389	0.9806906138259833	0.8290858881528269	0.836946976534296	0.9183308447704686	0.9215486006585136	0.9701684323550466	0.9901575612097935	0.42389846841097634	0.5918907648365598	0.47073392226148414	0.5907348837209303	0.4527420233463035	0.9434653489399294	0.6744386933461909	0.9072012822078398	0.986429363449692	0.9072012822078398	0.9801366007194245	0.5478373027798648	0.8546568596466025	0.795311050197019	0.6094775836541309	0.9956073730098559	0.27040981432360744	0.6690528972892315	0.9585543436905516	0.7258421739130435	0.7428327392871447	0.5828494952784109	0.6549619963608005	0.840688498879761	0.9558225607158074	0.23960765550239232	0.5134028904227782	0.6459770194614769	0.7720915756341419	0.9467077024213871	0.9054034249938621	0.8529848835527268	0.7972750469043153	0.9731805558373061	0.8397127802690583	0.09055696202531645	0.8157010135135135
g__Lactonifactor	0.9074036223929748	0.3004199328107503	0.9887924345295829	0.7095590463749184	0.5134028904227782	0.8411605757756563	0.6009886029411764	0.9713838423946243	0.986429363449692	0.9737771240506329	0.6949063455832002	0.7288855995055624	0.43905338479809974	0.6989605388272584	0.6129316802800466	0.5103082532751092	0.8097058966861599	0.970576615290395	0.9054034249938621	0.7671334710743801	0.9425604006677797	0.9887924345295829	0.755925549132948	0.6690528972892315	0.5103082532751092	0.7477767984189724	0.42389846841097634	0.9533782688369086	0.7750386573220214	0.9842317521494218	0.8792459662288932	0.8634276637615969	0.9961180568631143	0.5041119122257053	0.9054034249938621	0.8252689735614308	0.8592107249255213	0.5384594306049822	0.9606446922110552	0.8903245283018867	0.8758389705882355	0.7340416309012876	0.9519228562112815	0.6718745575221238	0.9580884342202903	0.9842317521494218	0.8217508675078864	0.9723809334960342	0.5806787859007833	0.8350120235934664	0.8034902985074627	0.778331126554499	0.7480268527619423	0.9352795779441796	0.5559433734939758	0.8804923076923076	0.6733330168005843	0.6382336974330967	0.9115219843656044	0.49690587425424504	0.9451784479911943	0.5334865008156606	0.9887924345295829	0.9237969484391441	0.9336410396716825	0.8976598504672898	0.7530599187149215	0.625059385665529	0.9306311706303394	0.919601307882644	0.8811227387771413	0.7030325005576623	0.8888079422382672	0.37903846153846155	0.9616993315926893	0.7854097326203209	0.3129875	0.715170558050032	0.5409223515715949	0.8660527023242789	0.9013933844441697	0.24574809160305341	0.49030905151661053	0.2628	0.8655196804037006	1.0	0.919601307882644	0.9558225607158074	0.8736144052682124	0.9974391247428465	0.7871029612756265	0.8993180835197614	0.8817698859113823	0.7568265871489034	0.5739002008032128	0.9131427563105635	0.5371951503006012	0.8790548539114044	0.816507874015748	0.8974505443624078	0.8468117672919109	0.9030292673902318	0.9974391247428465	0.9743704554655871	0.8936335120643432	0.8555942497496781	0.8849700471698112	0.491218568019093	0.8717920606478292	0.7766787600880412	0.6905402216578157	0.8468117672919109	0.7957861467419189	0.9713838423946243	0.9321429951690822	0.8601171634411641	0.696243322698268	0.8766127954360229	0.9731805558373061	0.9013933844441697	0.7477767984189724	0.8960140743550835	0.6327394846217789	0.6614589489718202	0.37903846153846155	0.986429363449692	0.9723809334960342	0.4527420233463035	0.9081383033106135	0.7460498409542743	0.5016900954111768	0.4753292974588939	0.986429363449692	0.8578076890217856	0.5096280369718309	0.986429363449692	0.8448548387096774	0.9634792572557994	0.6905402216578157	0.7859163751987283	0.9964716342082981	0.9209364909390445	0.9306311706303394	0.8206859248692344	0.8097058966861599	0.9558225607158074	0.9318733678756476
g__Laedolimicola	0.8684150027886225	0.9217266032417194	0.6459770194614769	0.8885700232378001	0.8792459662288932	0.9228383135921191	0.6351663819233949	0.7890386391251518	0.6825827122641509	0.919601307882644	0.8097058966861599	0.9961180568631143	0.8849700471698112	0.4928122748815166	0.7258421739130435	0.8758389705882355	0.968337385674648	0.779973851203501	0.9326805785123967	0.7303440419839473	0.6549619963608005	0.9329485380116959	0.5286141741988497	0.7859163751987283	0.5384594306049822	0.8417567789034565	0.962563219227968	0.9671066192390968	0.7757301786043086	0.8323509188361409	0.9587959502214722	0.9991172684019032	0.8976598504672898	0.8555942497496781	0.7750386573220214	0.9254817357964448	0.9920706287683031	0.54950051986632	0.8152862552368675	0.7258421739130435	0.9416828235294118	0.986429363449692	0.9926226324851731	0.7495934573947111	0.9584132189386717	0.5127551739130435	0.9239713067850053	0.6614589489718202	0.7071144275314362	0.523452398989899	0.6940411118737132	0.6521102685624013	0.8717920606478292	0.8849700471698112	0.9961180568631143	0.9974391247428465	0.9974391247428465	0.4152798291721419	0.9477093216630198	0.7105031942633638	0.7972750469043153	0.7887359832635983	0.9723809334960342	0.37942044581091466	0.63116484375	0.808548	0.9848826121241991	0.8888079422382672	0.9731805558373061	0.6588053763440861	0.5134028904227782	0.9858209185680566	0.7258421739130435	0.5096280369718309	0.343392	0.9948797522629824	0.941766089191908	0.7480268527619423	0.8025045908183633	0.8766127954360229	0.6681363363363363	0.5806787859007833	0.6871341958041958	0.457415397082658	0.8976598504672898	0.919601307882644	1.0	0.7428989017571885	0.2587617021276596	0.6718745575221238	0.8867717076983196	0.4753292974588939	0.9284793678360541	0.919601307882644	0.6549619963608005	0.9223370070422534	0.9956073730098559	0.8217508675078864	0.6940411118737132	0.804207058242843	0.20285444234404537	0.8927170653703466	0.919601307882644	0.575116197416363	0.9467077024213871	0.9634792572557994	0.8648640942893223	0.7871029612756265	0.3487575	0.7412067323151126	0.9070171788906575	0.9895006765899865	0.8235849012229539	0.9878253802652106	0.9660890987921957	0.82306382477626	0.6904538229842446	0.9897273514970636	0.9515839443054499	0.9349153136741432	0.8538512437095616	0.9603255553227158	0.7851293484114162	0.9759478020319887	0.6459770194614769	0.9434263349917081	0.548571284540702	0.8373016671673175	0.9841438421208825	0.45541605960264897	0.6151648121176814	0.800529344345188	0.6690528972892315	0.9531462235649548	0.950904347826087	0.7079446467749013	0.7515242959798019	0.986429363449692	0.9657789131108585	0.964433053482587	0.9866104044548653	0.45541605960264897	0.49408561452513966	0.6940411118737132	0.9651570009313878	0.6897253658536586	0.5432952
g__Lancefieldella	0.655027129174217	0.6407698451507743	0.882681649321565	0.09055696202531645	0.7345833401305056	0.5673356557377048	0.6212036144578313	0.8187864691753403	0.8293336665641341	0.9134969967822667	0.44071498237367807	0.5033638374717834	0.986429363449692	0.5720783108108108	0.9228383135921191	0.9978827102803738	0.8434673913043478	0.9134969967822667	0.5171399224806201	0.4598188029661017	0.8529848835527268	0.9131427563105635	0.93586	0.5891529411764707	0.46673452566096424	0.49408561452513966	0.8691840902758429	0.6094775836541309	0.46982308868501527	0.970576615290395	0.8701131637168142	0.8884463348416289	0.9745688239457984	0.6833407904022583	0.8782678653508179	0.6718745575221238	0.343392	0.802136873747495	0.8035375641237796	0.7011691840863116	0.8782678653508179	0.28409386281588445	0.6733330168005843	0.7095590463749184	0.7692789385161652	0.6649054197126292	0.6702233564013841	0.3452582608695652	0.8869101818181818	0.1296797583081571	0.9595665160748056	0.5371951503006012	0.5409223515715949	0.491218568019093	0.8214835677042186	0.8411605757756563	0.9117160720720722	0.39192841490138786	0.986429363449692	0.8385101138747377	0.6054215644820297	0.5580740513191181	0.8972349479232025	0.28409386281588445	0.6293912359550563	0.19550404858299592	0.4775826237623762	0.9595665160748056	0.5220118120237087	0.9132247670250897	0.954148966853207	0.8561495070724389	0.1296797583081571	0.8849700471698112	0.8537814201353882	0.7659797511312217	0.6549619963608005	0.9560490794934554	0.9654682142487849	0.9774143530591776	0.9426007336594041	0.2980833333333333	0.8034902985074627	0.3943739350180505	0.9618312942892873	0.9558225607158074	0.7428989017571885	1.0	0.6450705882352942	0.457415397082658	0.5918907648365598	0.9587959502214722	0.8782678653508179	0.4184810546875	0.1718924485125858	0.9531462235649548	0.9336410396716825	0.6521102685624013	0.1601641791044776	0.6823047089446285	0.8957922013695155	0.6450705882352942	0.874366881425634	0.800529344345188	0.3823783169067475	0.062389534883720926	0.5134028904227782	0.7352722222222222	0.32322289156626505	0.9848826121241991	0.9471570177359317	0.3295508637236085	0.9801366007194245	0.7637982944855031	0.9587959502214722	0.33407830188679244	0.9533782688369086	0.18343589743589744	0.8896251640293323	0.8367172668374264	0.950904347826087	0.7572884622768286	0.7119406189555125	0.9848826121241991	0.3487575	0.8976598504672898	0.5642417041912019	0.7156288547664746	0.5982740465116279	0.4836581167238842	0.843377111111111	0.6212036144578313	0.808548	0.6163158536585366	0.8515306374328444	0.1601641791044776	0.9050860636598256	0.5033638374717834	0.6871341958041958	0.5041119122257053	0.8976598504672898	0.9342253588516747	0.4337787915407855	0.1601641791044776	0.9554701889209095	0.8692259248956886	0.7938759428276219
g__Latilactobacillus	0.8157010135135135	0.9750634365231421	0.7864628992628994	0.24574809160305341	0.9013933844441697	0.5270201982651797	0.616389136087836	0.6823047089446285	0.7187830390920554	0.7883770480349344	0.6094775836541309	0.7890386391251518	0.9254817357964448	0.11178125	0.9822296579077838	0.986429363449692	0.8792459662288932	0.8555942497496781	0.22982372322899505	0.38978428465530024	0.7535325608342989	0.9801366007194245	0.9142310981419725	0.20285444234404537	0.6163158536585366	0.9013933844441697	0.8552155832974603	0.4775826237623762	0.9436083388484447	0.7475766990291263	0.6081647656016721	0.9773182831325302	0.8472668666764231	0.9192387268217787	0.8293336665641341	0.9974391247428465	0.9713838423946243	0.8945457702582369	0.6327394846217789	0.4054589814177563	0.9686438135332169	0.630281019036954	0.7074528596568412	0.46454302872062664	0.7187830390920554	0.4625625789473684	0.7480268527619423	0.5936154185022027	0.941766089191908	0.5046238454706927	0.48582353801169587	0.7229423173277661	0.8206760641677254	0.9723809334960342	0.930143986135182	0.7174452986022871	0.7495934573947111	0.2628	0.9696527638190955	0.9686438135332169	0.1296797583081571	0.49322295774647884	0.8576229891614375	0.062389534883720926	0.34051223934723485	0.4227153298835705	0.8792459662288932	0.7581841288096607	0.8758389705882355	0.8815157279489904	0.9948797522629824	0.4490757175660161	0.34051223934723485	0.686392778686609	0.8698320963721962	0.950904347826087	0.4585063636363636	0.5733791386271871	0.7649620670073821	0.9132247670250897	0.45541605960264897	0.49322295774647884	0.6905402216578157	0.9904271323035594	0.3088880597014925	0.8736144052682124	0.2587617021276596	0.6450705882352942	1.0	0.8817897218543046	0.969148599281683	0.062389534883720926	0.6508270783847981	0.6075000899550225	0.8684150027886225	0.9806906138259833	0.9115219843656044	0.2980833333333333	0.6382336974330967	0.8345428679817904	0.21154301075268817	0.9074036223929748	0.8014450865110029	0.4459878034682081	0.9723809334960342	0.5286141741988497	0.9964716342082981	0.4128404651162791	0.7859163751987283	0.8538512437095616	0.4732839438033116	0.804207058242843	0.7165420817369093	0.7174452986022871	0.7627765844402277	0.2924324644549763	0.9215486006585136	0.8733403489490315	0.7572884622768286	0.6833407904022583	0.8339435987212666	0.5874029013539651	0.8957922013695155	0.9081383033106135	0.407792590074779	0.9425604006677797	0.062389534883720926	0.6099459905660378	0.8811436893203882	0.7671334710743801	0.8785563283461383	0.55916175	0.5409223515715949	0.8792459662288932	0.6024306047648136	0.19550404858299592	0.5642380753138074	0.6934899518238128	0.9974391247428465	0.7637982944855031	0.9887924345295829	0.43146607687614397	0.8985427558761347	0.6009886029411764	0.9467077024213871	0.062389534883720926	0.9947304057279236
g__Lawsonibacter	0.7610145793681005	0.8627681722245674	0.9889699583292955	0.9585543436905516	0.9543520299946439	0.7156288547664746	0.75027034509651	0.6054215644820297	0.6071954805664356	0.884824471021159	0.8792459662288932	0.9362274807430901	0.901716810770751	0.9679222794193348	0.5046238454706927	0.9314958165264493	0.9329485380116959	0.7063052619942516	0.062389534883720926	0.930143986135182	0.9013028645833334	0.8290858881528269	0.8486250000000001	0.7862841325811001	0.9884584808403035	0.715170558050032	0.9306311706303394	0.7345833401305056	0.37354746835443037	0.8224119635277471	0.9314958165264493	0.9522889587852494	0.8193240326191237	0.8247544774957172	0.5242180944421229	0.5591996807378503	0.7530599187149215	0.7507524513618676	0.6495377777777778	0.9613818438381937	0.5642380753138074	0.5384594306049822	0.27040981432360744	0.7119406189555125	0.5945689622935495	0.8535176878612717	0.9957750213048007	0.8754198279393691	0.946498977460143	0.7720915756341419	0.8792459662288932	0.5405651437573848	0.9321429951690822	0.8790548539114044	0.9593462088547692	0.8960140743550835	0.4263928616550853	0.8972349479232025	0.969148599281683	0.769702088772846	0.5610413974719102	0.9554701889209095	0.9482609009403018	0.5688634909833277	0.8874970027247956	0.2813370786516854	0.9961180568631143	0.7744879157427939	0.491218568019093	0.9956073730098559	0.9897273514970636	0.9578647283531408	0.6450705882352942	0.5580740513191181	0.8450662499999999	0.9806906138259833	0.9291839041888451	0.7356595006090134	0.9806906138259833	0.9054034249938621	0.7910566096423017	0.8064519750860516	0.6024306047648136	0.9187308865248227	0.6690528972892315	0.9974391247428465	0.6718745575221238	0.457415397082658	0.8817897218543046	1.0	0.6690528972892315	0.9416828235294118	0.9336410396716825	0.8034902985074627	0.868129209717956	0.9805175643327348	0.617882939481268	0.795311050197019	0.7079446467749013	0.9878253802652106	0.7352722222222222	0.93586	0.9817496874689949	0.8896251640293323	0.6009886029411764	0.8341803191489361	0.5384594306049822	0.9239713067850053	0.9897273514970636	0.7108418358531318	0.7105031942633638	0.2628	0.9595665160748056	0.8692259248956886	0.7119406189555125	0.9336410396716825	0.8864130672926447	0.3487575	0.6549619963608005	0.2980833333333333	0.6781127965492451	0.986429363449692	0.8339435987212666	0.8397127802690583	0.9237969484391441	0.6604112496818528	0.7488115384615386	0.9889699583292955	0.9801366007194245	0.8476785557986871	0.74633775044634	0.7999571985755469	0.7586414690130069	0.5559433734939758	0.4598188029661017	0.5267214404662781	0.5626362014690451	0.796395594262295	0.9887924345295829	0.5071370026525198	0.488434755210858	0.9817496874689949	0.7864628992628994	0.4128404651162791	0.8804923076923076	0.8578076890217856	0.5759996043521266
g__Lentihominibacter	0.6807701474785918	0.7119406189555125	0.28409386281588445	0.7254540287320425	0.7108418358531318	0.1718924485125858	0.5512336908284023	0.9431784196547145	0.8902040359897172	0.630281019036954	0.7854097326203209	0.6744386933461909	0.9411762883125632	0.9074036223929748	0.9334297891842347	0.7507524513618676	0.9612649471591503	0.7938759428276219	0.8799993850267379	0.39192841490138786	0.8097058966861599	0.8535881996537795	0.8698320963721962	0.9172349946600213	0.6075000899550225	0.9434263349917081	0.8266758284298544	0.768998052069676	0.8266758284298544	0.6283183431952664	0.9847083555555557	0.4337787915407855	0.9969900422733677	0.7507524513618676	0.39192841490138786	0.755925549132948	0.46982308868501527	0.7832732824427482	0.6094775836541309	0.4625625789473684	0.5270201982651797	0.4184810546875	0.9535071820824809	0.9183308447704686	0.8579918112027296	0.6588053763440861	0.6254431605777401	0.5907348837209303	0.9244687631271877	0.5733791386271871	0.6293912359550563	0.062389534883720926	0.8025045908183633	0.38612293853073465	0.37354746835443037	0.7108418358531318	0.8426023370050609	0.6548300917431193	0.34675	0.18343589743589744	0.6382336974330967	0.3004199328107503	0.8238498125585754	0.4304338071693449	0.6905402216578157	0.5314944285129045	0.9961180568631143	0.6439178023161863	0.1478099173553719	0.24574809160305341	0.7477767984189724	0.6972587445985899	0.44071498237367807	0.6195470960322025	0.6239594293865905	0.802136873747495	0.8743995346927603	0.9311175683469836	0.8034902985074627	0.802136873747495	0.9806906138259833	0.6972587445985899	0.7716763636363637	0.8385101138747377	0.7890386391251518	0.7871029612756265	0.8867717076983196	0.5918907648365598	0.969148599281683	0.6690528972892315	1.0	0.946498977460143	0.9172349946600213	0.8869101818181818	0.910544500907441	0.6382336974330967	0.9405618897637796	0.8535881996537795	0.39192841490138786	0.43146607687614397	0.9842317521494218	0.41034536290322576	0.7773637795275591	0.7716763636363637	0.7412067323151126	0.5642417041912019	0.8535881996537795	0.9434653489399294	0.6099459905660378	0.717741858500528	0.9713838423946243	0.24574809160305341	0.3264582924435721	0.820133009244501	0.9591184615384615	0.3823783169067475	0.617882939481268	0.27040981432360744	0.8809841782283885	0.9678138823044419	0.6909439917127072	0.6897253658536586	0.5739002008032128	0.9619471267957526	0.9895006765899865	0.7012170026881721	0.685326393442623	0.9657789131108585	0.3997675352112676	0.27836575875486386	0.34675	0.8860407218517066	0.9072012822078398	0.4128404651162791	0.9405618897637796	0.33407830188679244	0.5242180944421229	0.7288855995055624	0.662501342111927	0.4184810546875	0.9893240785527715	0.9054034249938621	0.32322289156626505	0.6099459905660378	0.5559433734939758	0.9606446922110552	0.8529848835527268
g__Leuconostoc	0.7480268527619423	0.5997220411927451	0.9467077024213871	0.7671334710743801	0.9948797522629824	0.5478373027798648	0.6129316802800466	0.9806906138259833	0.7692789385161652	0.343392	0.5669624871178289	0.9887924345295829	0.457415397082658	0.42856931249999997	0.8323509188361409	0.9429300099700898	0.8434673913043478	0.9897273514970636	0.4363083233532934	0.6024306047648136	0.9030292673902318	0.9904271323035594	0.7460498409542743	0.6702233564013841	0.680893268547049	0.9778041595670042	0.7854097326203209	0.45580419847328246	0.7857818181818181	0.9336410396716825	0.9394157693174138	0.897131047067707	0.9585543436905516	0.6744386933461909	0.8135321330534473	0.7851293484114162	0.655027129174217	0.9132247670250897	0.6718745575221238	0.407792590074779	0.882681649321565	0.49690587425424504	0.8030424418604651	0.625059385665529	0.9569073637233025	0.6595264931087289	0.4337787915407855	0.3706289156626506	0.8472668666764231	0.7187830390920554	0.41034536290322576	0.952261179281138	0.7108418358531318	0.9549363665491829	0.8984372727272727	0.7187830390920554	0.5371951503006012	0.5046238454706927	0.9426811044577511	0.9231224578256794	0.062389534883720926	0.3004199328107503	0.7288855995055624	0.062389534883720926	0.7972750469043153	0.34051223934723485	0.8758389705882355	0.8135321330534473	0.8945457702582369	0.8339435987212666	0.6823047089446285	0.7893940748440748	0.5642417041912019	0.8698320963721962	0.882681649321565	0.8535881996537795	0.8775017482043638	0.7320491490670494	0.7108418358531318	0.5945689622935495	0.7834717076700435	0.3004199328107503	0.4585063636363636	0.9599052217678515	0.1478099173553719	0.8993180835197614	0.4753292974588939	0.9587959502214722	0.062389534883720926	0.9416828235294118	0.946498977460143	1.0	0.9948797522629824	0.20285444234404537	0.895903292389515	0.9486044570679485	0.9593462088547692	0.09055696202531645	0.5033638374717834	0.8273126353232292	0.685326393442623	0.860959757644075	0.9618155555555555	0.680893268547049	0.7720915756341419	0.9013933844441697	0.7990276671771313	0.33658118081180816	0.6771639923132357	0.9524198483206935	0.6024306047648136	0.6715477799703995	0.9891471727343144	0.6424118218623481	0.802136873747495	0.45109266211604093	0.9964716342082981	0.8937483809280979	0.7610145793681005	0.4363083233532934	0.8985427558761347	0.6871341958041958	0.9743704554655871	0.9336410396716825	0.5580740513191181	0.9981393350765783	0.062389534883720926	0.49408561452513966	0.963906977468591	0.7105031942633638	0.9486044570679485	0.38978428465530024	0.9352795779441796	0.9090907909124043	0.8030424418604651	0.062389534883720926	0.9618312942892873	0.09055696202531645	0.897131047067707	0.7864628992628994	0.769702088772846	0.6715477799703995	0.8972349479232025	0.5413055491329479	0.910544500907441	0.062389534883720926	0.9801366007194245
g__Ligilactobacillus	0.5427219708588956	0.7258421739130435	0.6293912359550563	0.5046238454706927	0.49030905151661053	0.9974391247428465	0.9560490794934554	0.5688634909833277	0.4527420233463035	0.9686438135332169	0.5905143497757848	0.9349153136741432	0.7750386573220214	0.8339435987212666	0.9134969967822667	0.9434263349917081	0.930143986135182	0.963906977468591	0.843377111111111	0.616389136087836	0.43146607687614397	0.986429363449692	0.4527420233463035	0.9745699090909091	0.8811436893203882	0.9070171788906575	0.5413055491329479	0.6568421621621622	0.5427219708588956	0.717741858500528	0.28409386281588445	0.795311050197019	0.8792459662288932	0.5478373027798648	0.33658118081180816	0.6771639923132357	0.9974391247428465	0.9377496835443039	0.940710808988764	0.7610145793681005	0.700489116719243	0.7242753753127605	0.4337787915407855	0.9467077024213871	0.8456494565217391	0.7550217290621382	0.45109266211604093	0.8247544774957172	0.5220118120237087	0.8097058966861599	0.9037813292307691	0.986429363449692	0.910544500907441	0.8535881996537795	0.5993712696941612	0.8972349479232025	0.9755552748137709	0.3823783169067475	0.8195983240223463	0.39192841490138786	0.963493048628429	0.5220118120237087	0.8891597424339986	0.8030424418604651	0.6839344827586207	0.6465969181721573	0.8358764732547597	0.6351663819233949	0.5427219708588956	0.5922888538048627	0.75027034509651	0.9806906138259833	0.6715477799703995	0.8619859738065062	0.8411605757756563	0.9619471267957526	0.836946976534296	0.8727053630363037	0.6071954805664356	0.779973851203501	0.7618969213226909	0.1601641791044776	0.7846572201189833	0.11178125	0.8295806080147397	0.8817698859113823	0.9284793678360541	0.8782678653508179	0.6508270783847981	0.9336410396716825	0.9172349946600213	0.9948797522629824	1.0	0.577823076923077	0.1601641791044776	0.9884584808403035	0.9679222794193348	0.577823076923077	0.6897253658536586	0.7637982944855031	0.9558225607158074	0.8888079422382672	0.874366881425634	0.986429363449692	0.75027034509651	0.5512336908284023	0.7890386391251518	0.46982308868501527	0.986429363449692	0.8555942497496781	0.2587617021276596	0.9543520299946439	0.7972750469043153	0.8627681722245674	0.6909439917127072	0.37942044581091466	0.6394179738562091	0.9377496835443039	0.995554743139303	0.9981393350765783	0.9778041595670042	0.6450705882352942	0.9382202371541501	0.8920521505376344	0.9897273514970636	0.9187308865248227	0.6081647656016721	0.25212334801762115	0.9543520299946439	0.7668463102409638	0.8177228365384615	0.9352795779441796	0.8864130672926447	0.9901575612097935	0.9415354122265844	0.42856931249999997	0.21154301075268817	0.9920706287683031	0.74633775044634	0.9543520299946439	0.770686345903771	0.8058818942875903	0.9806906138259833	0.7910566096423017	0.9533782688369086	0.995554743139303	0.7659797511312217
g__Limivivens	0.9013933844441697	0.9100398132427845	0.9585543436905516	0.27836575875486386	0.19550404858299592	0.7325971153846154	0.7773637795275591	0.3088880597014925	0.8341803191489361	0.3264582924435721	0.33658118081180816	0.9748660779168349	0.6972587445985899	0.6949063455832002	0.5794458715596331	0.5744157123834887	0.3452582608695652	0.768998052069676	0.7142505784061697	0.062389534883720926	0.8448548387096774	0.3452582608695652	0.5997220411927451	0.8684150027886225	0.8014450865110029	0.7048326743669481	0.8450662499999999	0.46673452566096424	0.33658118081180816	0.8341803191489361	0.7864628992628994	0.11178125	0.940710808988764	0.9649452144188937	0.5427219708588956	0.062389534883720926	0.062389534883720926	0.7085889034799738	0.1478099173553719	0.062389534883720926	0.545098975720789	0.5512336908284023	0.8205355665181413	0.9951436732362182	0.6548300917431193	0.882681649321565	0.24574809160305341	0.5982740465116279	0.548571284540702	0.1296797583081571	0.24574809160305341	0.9522889587852494	0.11178125	0.1296797583081571	0.9451784479911943	0.8515306374328444	0.35445086705202317	0.5907348837209303	0.3823783169067475	0.5286141741988497	0.5220118120237087	0.09055696202531645	0.9387959823947636	0.800529344345188	0.4054589814177563	0.46982308868501527	0.9947304057279236	0.8187864691753403	0.37903846153846155	0.7858733759318425	0.32322289156626505	0.897131047067707	0.5673356557377048	0.840688498879761	0.575116197416363	0.19550404858299592	0.4459878034682081	0.9566820038289724	0.9037813292307691	0.8347778366914103	0.9806906138259833	0.6588053763440861	0.6480704665959703	0.9448292607689766	0.9893240785527715	0.7568265871489034	0.919601307882644	0.4184810546875	0.6075000899550225	0.8034902985074627	0.8869101818181818	0.20285444234404537	0.577823076923077	1.0	0.5242180944421229	0.48582353801169587	0.6595264931087289	0.457415397082658	0.795311050197019	0.6293912359550563	0.9124308678973868	0.7370897789495032	0.8561495070724389	0.6904538229842446	0.2628	0.616389136087836	0.2587617021276596	0.25212334801762115	0.1296797583081571	0.8417567789034565	0.9187308865248227	0.5610413974719102	0.8743995346927603	0.6094775836541309	0.9593462088547692	0.6382336974330967	0.7131739699570815	0.7079446467749013	0.8849700471698112	0.7174452986022871	0.9759478020319887	0.5580740513191181	0.6614589489718202	0.8323509188361409	0.20285444234404537	0.6254431605777401	0.696243322698268	0.35445086705202317	0.1478099173553719	0.43146607687614397	0.6721990935815776	0.7893940748440748	0.9382202371541501	0.9377496835443039	0.8701131637168142	0.37942044581091466	0.6047375796178344	0.5669624871178289	0.062389534883720926	0.7480268527619423	0.8177228365384615	0.9817496874689949	0.67364952681388	0.27836575875486386	0.9245995460893854	0.7451014934289129	0.5610413974719102
g__Limosilactobacillus	0.6744386933461909	0.7030325005576623	0.8472668666764231	0.43146607687614397	0.062389534883720926	0.7610145793681005	0.4775826237623762	0.8811436893203882	0.5642417041912019	0.8627681722245674	0.24574809160305341	0.3997675352112676	0.7488115384615386	0.7412067323151126	0.5267214404662781	0.8799993850267379	0.407792590074779	0.843377111111111	0.33407830188679244	0.7480268527619423	0.5220118120237087	0.8727053630363037	0.7495934573947111	0.5409223515715949	0.9342253588516747	0.9558225607158074	0.33407830188679244	0.4988544251824818	0.8736144052682124	0.9587959502214722	0.8985427558761347	0.630281019036954	0.9884584808403035	0.6458711646586346	0.9267908215363192	0.7440017347956132	0.6094775836541309	0.5673356557377048	0.7108418358531318	0.7495934573947111	0.9956073730098559	0.6094775836541309	0.4527420233463035	0.9961180568631143	0.4598188029661017	0.6718745575221238	0.9967310331860486	0.19550404858299592	0.4184810546875	0.63116484375	0.8660527023242789	0.9352795779441796	0.41034536290322576	0.8804923076923076	0.6230308617234469	0.8885700232378001	0.6781127965492451	0.09055696202531645	0.9245995460893854	0.9245995460893854	0.9515839443054499	0.2212577319587629	0.6549619963608005	0.6690528972892315	0.45580419847328246	0.3129875	0.49408561452513966	0.770686345903771	0.5570141300399564	0.6254431605777401	0.800529344345188	0.6054215644820297	0.20285444234404537	0.9531462235649548	0.970576615290395	0.7655442282259588	0.9094001577669902	0.738894846402587	0.9527566789348344	0.6439178023161863	0.9124308678973868	0.062389534883720926	0.1478099173553719	0.062389534883720926	0.9560490794934554	0.5739002008032128	0.6549619963608005	0.1718924485125858	0.8684150027886225	0.868129209717956	0.910544500907441	0.895903292389515	0.1601641791044776	0.5242180944421229	1.0	0.8619859738065062	0.941766089191908	0.41034536290322576	0.19550404858299592	0.7030325005576623	0.7610145793681005	0.545098975720789	0.9618312942892873	0.548571284540702	0.5334865008156606	0.2628	0.3487575	0.577823076923077	0.9613818438381937	0.6009886029411764	0.39192841490138786	0.6129316802800466	0.7757301786043086	0.5096280369718309	0.9755552748137709	0.4054589814177563	0.6480704665959703	0.8387356020942408	0.9585543436905516	0.5046238454706927	0.8397127802690583	0.34675	0.8171817525276841	0.9084492765957447	0.6649054197126292	0.9805175643327348	0.82896519524618	0.09055696202531645	0.9279890266512166	0.49690587425424504	0.9477093216630198	0.897131047067707	0.6721990935815776	0.696243322698268	0.67364952681388	0.11178125	0.9679222794193348	0.9245995460893854	0.843377111111111	0.8957922013695155	0.7871029612756265	0.663370909090909	0.3004199328107503	0.18343589743589744	0.6459770194614769	0.995554743139303	0.9743704554655871
g__Longicatena	0.28409386281588445	0.9759478020319887	0.8804923076923076	0.3943739350180505	0.7854097326203209	0.8937483809280979	0.7119406189555125	0.5642380753138074	0.5033638374717834	0.46982308868501527	0.8552155832974603	0.9103475832828589	0.9037813292307691	0.9297800994449583	0.7846572201189833	0.5041119122257053	0.8266758284298544	0.963493048628429	0.6549619963608005	0.6702233564013841	0.5361172983870968	0.8106589581304771	0.9215486006585136	0.7864628992628994	0.6690528972892315	0.9108269732078205	0.9284793678360541	0.7258421739130435	0.7668463102409638	0.858540954274354	0.7119406189555125	0.5559433734939758	0.7766787600880412	0.8880827586206896	0.9956073730098559	0.4775826237623762	0.4054589814177563	0.7017345174262736	0.954148966853207	0.6579108600770219	0.9585543436905516	0.5134028904227782	0.5134028904227782	0.9074036223929748	0.9005305000620425	0.9953125	0.8238498125585754	0.5016900954111768	0.8968001640378549	0.952261179281138	0.696243322698268	0.4527420233463035	0.5828494952784109	0.6839344827586207	0.9644203694095672	0.36642439024390244	0.9334297891842347	0.7859163751987283	0.24574809160305341	0.49690587425424504	0.5945689622935495	0.3129875	0.9729803147208121	0.8014450865110029	0.802136873747495	0.7996290519877676	0.9701623771498772	0.9906013228527607	0.6465969181721573	0.6918217041800644	0.46454302872062664	0.9467077024213871	0.6833407904022583	0.9352795779441796	0.5432952	0.9603255553227158	0.9884584808403035	0.8867717076983196	0.7996290519877676	0.8132438531219671	0.5570141300399564	0.8785563283461383	0.7874654774396642	0.9419951219512195	0.8256538043478261	0.9131427563105635	0.9223370070422534	0.9531462235649548	0.9806906138259833	0.9805175643327348	0.6382336974330967	0.9486044570679485	0.9884584808403035	0.48582353801169587	0.8619859738065062	1.0	0.6667858074222668	0.8035375641237796	0.9124308678973868	0.7890386391251518	0.9081383033106135	0.3706289156626506	0.9074036223929748	0.3943739350180505	0.4928122748815166	0.9245995460893854	0.4585063636363636	0.7902947914864163	0.7846572201189833	0.795311050197019	0.7268600041339396	0.5905143497757848	0.7495934573947111	0.9416828235294118	0.804207058242843	0.8468117672919109	0.4988544251824818	0.343392	0.9910599731749377	0.8238498125585754	0.44071498237367807	0.7812183640007287	0.7834717076700435	0.9426811044577511	0.9587959502214722	0.9239713067850053	0.9606446922110552	0.7864628992628994	0.4753292974588939	0.5432952	0.617882939481268	0.8960140743550835	0.7692789385161652	0.9524198483206935	0.9619471267957526	0.9311175683469836	0.8552155832974603	0.8799993850267379	0.4836581167238842	0.9913282596209074	0.8758389705882355	0.9897273514970636	0.5610413974719102	0.8974505443624078	0.9710772314597572	0.9318733678756476	0.9543520299946439
g__Massilioclostridium	0.45580419847328246	0.5354607795371498	0.9978827102803738	0.7766787600880412	0.7851293484114162	0.7480268527619423	0.7320491490670494	0.49322295774647884	0.717741858500528	0.5610413974719102	0.8837626084669996	0.3088880597014925	0.9883760806074767	0.7085889034799738	0.5267214404662781	0.9848826121241991	0.9667976576204727	0.9726808677098151	0.989982702287142	0.949569266055046	0.6934899518238128	0.8217584605698096	0.9806906138259833	0.9245995460893854	0.9336410396716825	0.8110841704471808	0.9045454243542436	0.9961180568631143	0.7999571985755469	0.3997675352112676	0.7187830390920554	0.4363083233532934	0.8515306374328444	0.7610145793681005	0.5733791386271871	0.548571284540702	0.8736144052682124	0.8312167483910511	0.37942044581091466	0.662501342111927	0.5519363602941176	0.9649452144188937	0.46982308868501527	0.6327394846217789	0.9111080173347779	0.9426007336594041	0.970576615290395	0.8968001640378549	0.9321429951690822	0.9847083555555557	0.24574809160305341	0.9107409425981874	0.9745699090909091	0.5720783108108108	0.8885700232378001	0.7586414690130069	0.8811436893203882	0.804207058242843	0.5580740513191181	0.8832807844169518	0.8592107249255213	0.5432952	0.5384594306049822	0.8476785557986871	0.9587959502214722	0.6254431605777401	0.6107688105726873	0.8440557607090103	0.9710772314597572	0.8206859248692344	0.20285444234404537	0.9851635083226633	0.7923632533241236	0.5610413974719102	0.7310479975354282	0.9501186640471514	0.8785563283461383	0.9231224578256794	0.7310479975354282	0.715170558050032	0.491218568019093	0.7890386391251518	0.5103082532751092	0.8790548539114044	0.930143986135182	0.5371951503006012	0.9956073730098559	0.9336410396716825	0.9115219843656044	0.617882939481268	0.9405618897637796	0.9593462088547692	0.9679222794193348	0.6595264931087289	0.941766089191908	0.6667858074222668	1.0	0.901716810770751	0.963493048628429	0.54950051986632	0.8341803191489361	0.7310479975354282	0.9759478020319887	0.9743704554655871	0.6394179738562091	0.952261179281138	0.8888079422382672	0.6368948844884489	0.882681649321565	0.5945689622935495	0.970576615290395	0.7668463102409638	0.6163158536585366	0.062389534883720926	0.8957922013695155	0.5591996807378503	0.25212334801762115	0.8936335120643432	0.9013933844441697	0.35916000000000003	0.34051223934723485	0.6771639923132357	0.7038561540173603	0.8758389705882355	0.8122963892487046	0.5334865008156606	0.9352795779441796	0.8025045908183633	0.49690587425424504	0.6458711646586346	0.6715477799703995	0.9794644460028051	0.5642417041912019	0.33407830188679244	0.2980833333333333	0.9897273514970636	0.6465969181721573	0.8217584605698096	0.8367172668374264	0.8861692870201097	0.20285444234404537	0.6254431605777401	0.8195983240223463	0.7586414690130069	0.8906729999999999	0.8817897218543046	0.7165420817369093
g__Mediterraneibacter	0.9595665160748056	0.8792459662288932	0.8758389705882355	0.742170084269663	0.46982308868501527	0.4304338071693449	0.22982372322899505	0.4956203883495146	0.9336410396716825	0.67364952681388	0.062389534883720926	0.5286141741988497	0.9887924345295829	0.5922888538048627	0.4598188029661017	0.6040477611940298	0.9618312942892873	0.8025045908183633	0.062389534883720926	0.43146607687614397	0.9974391247428465	0.9895006765899865	0.7480268527619423	0.5127551739130435	0.9897273514970636	0.6839344827586207	0.5794458715596331	0.3295508637236085	0.9585543436905516	0.9969900422733677	0.6888327590221187	0.8698320963721962	0.5744157123834887	0.74633775044634	0.9991172684019032	0.7834717076700435	0.6382336974330967	0.5409223515715949	0.19550404858299592	0.20285444234404537	0.9745699090909091	0.062389534883720926	0.7383675713996354	0.802136873747495	0.7303440419839473	0.941766089191908	0.38612293853073465	0.4152798291721419	0.55916175	0.970576615290395	0.2924324644549763	0.9143113238967527	0.062389534883720926	0.8341803191489361	0.7156288547664746	0.43146607687614397	0.6733330168005843	0.1296797583081571	0.8347778366914103	0.6909439917127072	0.5371951503006012	0.19550404858299592	0.5739002008032128	0.3088880597014925	0.3943739350180505	0.18343589743589744	0.8861692870201097	0.7242753753127605	0.35916000000000003	0.7440017347956132	0.5286141741988497	0.843377111111111	0.1601641791044776	0.9889699583292955	0.8936335120643432	0.6327394846217789	0.5519363602941176	0.6094775836541309	0.9352795779441796	0.44182804878048787	0.8607818797629128	0.3181993865030675	0.44182804878048787	0.44182804878048787	0.38978428465530024	0.8790548539114044	0.8217508675078864	0.6521102685624013	0.2980833333333333	0.795311050197019	0.8535881996537795	0.09055696202531645	0.577823076923077	0.457415397082658	0.41034536290322576	0.8035375641237796	0.901716810770751	1.0	0.7268600041339396	0.548571284540702	0.7862841325811001	0.7011691840863116	0.9851635083226633	0.43905338479809974	0.33407830188679244	0.4304338071693449	0.5828494952784109	0.1718924485125858	0.5874029013539651	0.9810743523573202	0.6107688105726873	0.062389534883720926	0.8891597424339986	0.407792590074779	0.8974505443624078	0.7119406189555125	0.9426007336594041	0.6230308617234469	0.9848826121241991	0.09055696202531645	0.6839344827586207	0.1296797583081571	0.5286141741988497	0.8290858881528269	0.7477767984189724	0.7428327392871447	0.37354746835443037	0.3129875	0.5270201982651797	0.35445086705202317	0.7165420817369093	0.5733791386271871	0.488434755210858	0.9467077024213871	0.8555942497496781	0.3295508637236085	0.9618155555555555	0.39192841490138786	0.8171817525276841	0.8884463348416289	0.8914773094170403	0.9314958165264493	0.7671334710743801	0.3487575	0.9651570009313878	0.22982372322899505	0.5409223515715949
g__Megamonas	0.4128404651162791	0.9981393350765783	0.9025963333333333	0.8381580882352941	0.7859163751987283	0.6655970846946468	0.663370909090909	0.8698320963721962	0.6239594293865905	0.4490757175660161	0.7864628992628994	0.9848826121241991	0.8853320769532784	0.9284793678360541	0.8106589581304771	0.9897273514970636	0.82896519524618	0.8235849012229539	0.9770256330385853	0.9878253802652106	0.8440557607090103	0.7902947914864163	0.8097058966861599	0.8985427558761347	0.1601641791044776	0.800529344345188	0.7851293484114162	0.7156288547664746	0.727724303693006	0.9045454243542436	0.5220118120237087	0.8673575181665735	0.8985427558761347	0.7957861467419189	0.9947304057279236	0.7586414690130069	0.5193012858979854	0.9851635083226633	0.9535071820824809	0.7874654774396642	0.8177228365384615	0.43146607687614397	0.9878253802652106	0.8717920606478292	0.9591184615384615	0.6163158536585366	0.8458589969203695	0.919601307882644	0.9880046858256212	0.7957861467419189	0.882681649321565	0.7890386391251518	0.8974505443624078	0.74633775044634	0.897131047067707	0.9745699090909091	0.9239713067850053	0.1296797583081571	0.2813370786516854	0.9419951219512195	0.8792459662288932	0.3823783169067475	0.9543520299946439	0.5384594306049822	0.9321429951690822	0.54950051986632	0.7957861467419189	0.8976598504672898	0.25212334801762115	0.5041119122257053	0.7581841288096607	0.9805175643327348	0.28409386281588445	0.901716810770751	0.8579918112027296	0.9167230760095013	0.9887924345295829	0.8767603960396041	0.8217508675078864	0.5891529411764707	0.4805162068965517	0.6934899518238128	0.9245995460893854	0.42856931249999997	0.8736144052682124	0.816507874015748	0.6940411118737132	0.1601641791044776	0.6382336974330967	0.7079446467749013	0.39192841490138786	0.5033638374717834	0.6897253658536586	0.795311050197019	0.19550404858299592	0.9124308678973868	0.963493048628429	0.7268600041339396	1.0	0.8135321330534473	0.9172349946600213	0.9956073730098559	0.9261904667905247	0.9183308447704686	0.23960765550239232	0.9974391247428465	0.38612293853073465	0.9519228562112815	0.5707668928086838	0.7412067323151126	0.9697587439811495	0.8295806080147397	0.5016900954111768	0.9549363665491829	0.9748660779168349	0.37354746835443037	0.802136873747495	0.4459878034682081	0.6459770194614769	0.7844196205962061	0.6744386933461909	0.8152862552368675	0.7692789385161652	0.9671066192390968	0.4128404651162791	0.8205355665181413	0.5905143497757848	0.46454302872062664	0.8535176878612717	0.5413055491329479	0.5642380753138074	0.9806906138259833	0.9426811044577511	0.9616993315926893	0.8546568596466025	0.09055696202531645	0.742170084269663	0.9419951219512195	0.9841438421208825	0.7857818181818181	0.8885700232378001	0.919601307882644	0.11178125	0.8599375212224109	0.7268600041339396	0.548571284540702	0.9131427563105635
g__Merdibacter	0.897131047067707	0.062389534883720926	0.7258421739130435	0.45109266211604093	0.6094775836541309	0.32322289156626505	0.6071954805664356	0.54950051986632	0.6151648121176814	0.8936335120643432	0.2980833333333333	0.39781350000000004	0.2212577319587629	0.3706289156626506	0.4527420233463035	0.5193012858979854	0.1718924485125858	0.9745699090909091	0.5409223515715949	0.5512336908284023	0.7692789385161652	0.768998052069676	0.8884463348416289	0.7119406189555125	0.802136873747495	0.9587959502214722	0.9981393350765783	0.6024306047648136	0.7572884622768286	0.9755552748137709	0.910544500907441	0.4585063636363636	0.9094001577669902	0.6151648121176814	0.5267214404662781	0.5270201982651797	0.3295508637236085	0.9448292607689766	0.44182804878048787	0.3706289156626506	0.8709948044769933	0.3487575	0.895903292389515	0.995554743139303	0.8790548539114044	0.8724294133847426	0.4128404651162791	0.6480704665959703	0.5739002008032128	0.47073392226148414	0.44182804878048787	0.5354607795371498	0.1601641791044776	0.4363083233532934	0.8698320963721962	0.5041119122257053	0.9679222794193348	0.5580740513191181	0.6718745575221238	0.5519363602941176	0.5193012858979854	0.20285444234404537	0.946498977460143	0.8157010135135135	0.4363083233532934	0.7859163751987283	0.9411762883125632	0.9806906138259833	0.3004199328107503	0.9037813292307691	0.37942044581091466	0.858540954274354	0.5733791386271871	0.8177228365384615	0.46673452566096424	0.75027034509651	0.9100398132427845	0.9904271323035594	0.5982740465116279	0.5936154185022027	0.8235849012229539	0.3264582924435721	0.6382336974330967	0.6690528972892315	0.5997220411927451	0.8974505443624078	0.804207058242843	0.6823047089446285	0.8345428679817904	0.9878253802652106	0.43146607687614397	0.8273126353232292	0.7637982944855031	0.6293912359550563	0.7030325005576623	0.7890386391251518	0.54950051986632	0.548571284540702	0.8135321330534473	1.0	0.9013933844441697	0.5720783108108108	0.22982372322899505	0.8798586691658857	0.9895006765899865	0.7345833401305056	0.7834717076700435	0.43905338479809974	0.3295508637236085	0.7999571985755469	0.8486250000000001	0.39192841490138786	0.6918217041800644	0.45580419847328246	0.7488115384615386	0.5538453846153847	0.523452398989899	0.9961180568631143	0.7887359832635983	0.34675	0.5384594306049822	0.4805162068965517	0.82306382477626	0.946498977460143	0.11178125	0.800529344345188	0.6940411118737132	0.5512336908284023	0.6129316802800466	0.5134028904227782	0.9429300099700898	0.9805175643327348	0.9851635083226633	0.8976598504672898	0.4988544251824818	0.5707668928086838	0.986429363449692	0.9124308678973868	0.3129875	0.6129316802800466	0.8817698859113823	0.7859163751987283	0.7480268527619423	0.548571284540702	0.8817698859113823	0.5071370026525198	0.968337385674648
g__Merdimmobilis	0.8238498125585754	0.9329485380116959	0.860959757644075	0.4956203883495146	0.9947304057279236	0.6075000899550225	0.6721990935815776	0.9887924345295829	0.7409860366713682	0.9926226324851731	0.5384594306049822	0.9713838423946243	0.9897273514970636	0.8552155832974603	0.9616993315926893	0.9245995460893854	0.8884463348416289	0.9352795779441796	0.8766127954360229	0.6212036144578313	0.2587617021276596	0.8781229894394802	0.6979531987295826	0.9974391247428465	0.95488782785569	0.8758389705882355	0.9318733678756476	0.9961180568631143	0.8601171634411641	0.6040477611940298	0.9956073730098559	0.6723572614107883	0.9103475832828589	0.9072012822078398	0.986429363449692	0.6702233564013841	0.769702088772846	0.9291839041888451	0.5840615634122608	0.7074528596568412	0.663370909090909	0.9671066192390968	0.8075871057362314	0.8266758284298544	0.8295806080147397	0.9913282596209074	0.8936335120643432	0.884824471021159	0.9081383033106135	0.9956073730098559	0.5519363602941176	0.7834717076700435	0.7834717076700435	0.575116197416363	0.8903245283018867	0.8976598504672898	0.9810743523573202	0.22982372322899505	0.9477093216630198	0.8974505443624078	0.8809841782283885	0.5626362014690451	0.7859163751987283	0.7156288547664746	0.32322289156626505	0.9350724667349027	0.9560490794934554	0.8362343844296922	0.8334677714983961	0.8920521505376344	0.488434755210858	0.6465969181721573	0.6744386933461909	0.27040981432360744	0.20285444234404537	0.8974505443624078	0.9750634365231421	0.5286141741988497	0.7854097326203209	0.491218568019093	0.5874029013539651	0.727724303693006	0.9858209185680566	0.9884584808403035	0.8450662499999999	0.8468117672919109	0.20285444234404537	0.8957922013695155	0.21154301075268817	0.7352722222222222	0.9842317521494218	0.685326393442623	0.9558225607158074	0.9124308678973868	0.7610145793681005	0.9081383033106135	0.8341803191489361	0.7862841325811001	0.9172349946600213	0.9013933844441697	1.0	0.9884584808403035	0.8373016671673175	0.39192841490138786	0.6351663819233949	0.9178548914976876	0.9848826121241991	0.7475766990291263	0.7858733759318425	0.9005305000620425	0.6807701474785918	0.9187308865248227	0.5982740465116279	0.9880046858256212	0.9134969967822667	0.9961180568631143	0.7525852598913886	0.8171817525276841	0.8448548387096774	0.9805175643327348	0.9531462235649548	0.843377111111111	0.6561065840433773	0.9117160720720722	0.5759996043521266	0.8976598504672898	0.8515306374328444	0.8972349479232025	0.8692259248956886	0.9505636601592322	0.6949063455832002	0.9543520299946439	0.8092430295124735	0.9084492765957447	0.6905402216578157	0.9187308865248227	0.7440017347956132	0.9878253802652106	0.9606446922110552	0.7325971153846154	0.9697587439811495	0.3295508637236085	0.8362343844296922	0.9701623771498772	0.8071524799476184	0.6798697223551938	0.9239713067850053
g__Merdimonas	0.8025045908183633	0.28409386281588445	0.6272387789711702	0.28409386281588445	0.5384594306049822	0.7356595006090134	0.7089204932343954	0.9884584808403035	0.2924324644549763	0.9880046858256212	0.4490757175660161	0.18343589743589744	0.37354746835443037	0.4527420233463035	0.8976598504672898	0.09055696202531645	0.9326805785123967	0.9967310331860486	0.5608179858657244	0.35916000000000003	0.769702088772846	0.5626362014690451	0.9713838423946243	0.6561065840433773	0.8937483809280979	0.8035375641237796	0.9805175643327348	0.9599052217678515	0.9297800994449583	0.5580740513191181	0.9143113238967527	0.37903846153846155	0.9974391247428465	0.9944654628833477	0.7757301786043086	0.46982308868501527	0.63116484375	0.6690528972892315	0.18343589743589744	0.6283183431952664	0.6588053763440861	0.30626344676180023	0.5591996807378503	0.9426811044577511	0.6107688105726873	0.8476785557986871	0.75027034509651	0.1296797583081571	0.9745699090909091	0.9054034249938621	0.35916000000000003	0.41034536290322576	0.11178125	0.3004199328107503	0.7174452986022871	0.5744157123834887	0.3129875	0.796395594262295	0.575116197416363	0.5610413974719102	0.874366881425634	0.3487575	0.9806906138259833	0.7610145793681005	0.7258421739130435	0.9153699964323939	0.8853320769532784	0.9403067447359531	0.45541605960264897	0.800529344345188	0.6054215644820297	0.9117160720720722	0.42389846841097634	0.804207058242843	0.7268600041339396	0.11178125	0.9880046858256212	0.9904271323035594	0.9822296579077838	0.919601307882644	0.6439178023161863	0.9025963333333333	0.8691840902758429	0.8448548387096774	0.7320491490670494	0.9030292673902318	0.8927170653703466	0.6450705882352942	0.9074036223929748	0.93586	0.41034536290322576	0.860959757644075	0.8888079422382672	0.7370897789495032	0.545098975720789	0.3706289156626506	0.7310479975354282	0.7011691840863116	0.9956073730098559	0.5720783108108108	0.9884584808403035	1.0	0.3487575	0.5016900954111768	0.9352795779441796	0.8976598504672898	0.9531462235649548	0.930143986135182	0.8535881996537795	0.5538453846153847	0.7874654774396642	0.3997675352112676	0.5945689622935495	0.8525425115874854	0.8476785557986871	0.9416828235294118	0.7356595006090134	0.22982372322899505	0.7477767984189724	0.7773637795275591	0.7095590463749184	0.75027034509651	0.7668463102409638	0.9434263349917081	0.8811436893203882	0.738894846402587	0.9336410396716825	0.9974391247428465	0.39781350000000004	0.46673452566096424	0.8362343844296922	0.44182804878048787	0.897131047067707	0.793120641489912	0.9382202371541501	0.9535071820824809	0.9549363665491829	0.9387959823947636	0.30626344676180023	0.9111080173347779	0.7071144275314362	0.8252689735614308	0.9619471267957526	0.5907348837209303	0.8885700232378001	0.9467077024213871	0.9734790817877774
g__Merdivicinus	0.795311050197019	0.062389534883720926	0.8733403489490315	0.5203324393358876	0.9948797522629824	0.7902947914864163	0.8193240326191237	0.7857818181818181	0.46454302872062664	0.9522889587852494	0.6690528972892315	0.5286141741988497	0.11178125	0.5384594306049822	0.4227153298835705	0.5570141300399564	0.8903245283018867	0.8785563283461383	0.63116484375	0.8972349479232025	0.9419951219512195	0.7108418358531318	0.8256538043478261	0.9072012822078398	0.7586414690130069	0.4152798291721419	0.9535071820824809	0.9183308447704686	0.9326805785123967	0.9350724667349027	0.5993712696941612	0.715170558050032	0.9612649471591503	0.5203324393358876	0.6009886029411764	0.8743995346927603	0.7999571985755469	0.941912716311265	0.7356595006090134	0.5945689622935495	0.941766089191908	0.2628	0.7655442282259588	0.9657789131108585	0.7890386391251518	0.9543520299946439	0.4956203883495146	0.6327394846217789	0.7507524513618676	0.5071370026525198	0.46769091375770017	0.6439178023161863	0.4805162068965517	0.4775826237623762	0.9448292607689766	0.8627681722245674	0.9434653489399294	0.9124308678973868	0.6351663819233949	0.5688634909833277	0.5739002008032128	0.2813370786516854	0.9697587439811495	0.7174452986022871	0.3452582608695652	0.9558225607158074	0.7773637795275591	0.9245995460893854	0.8064519750860516	0.6126608440797187	0.9731805558373061	0.9974391247428465	0.8110841704471808	0.4128404651162791	0.7383675713996354	0.8381580882352941	0.8266758284298544	0.9618155555555555	0.755925549132948	0.9429300099700898	0.7834717076700435	0.8804923076923076	0.9887924345295829	0.9543520299946439	0.8561495070724389	0.9974391247428465	0.919601307882644	0.874366881425634	0.8014450865110029	0.9817496874689949	0.7773637795275591	0.9618155555555555	0.874366881425634	0.8561495070724389	0.9618312942892873	0.9074036223929748	0.9759478020319887	0.9851635083226633	0.9261904667905247	0.22982372322899505	0.8373016671673175	0.3487575	1.0	0.8792459662288932	0.5103082532751092	0.9072012822078398	0.2628	0.4527420233463035	0.39781350000000004	0.9486044570679485	0.8790548539114044	0.18343589743589744	0.8429449316290131	0.9543520299946439	0.964433053482587	0.9893240785527715	0.9279890266512166	0.9913282596209074	0.8440557607090103	0.6825827122641509	0.9108269732078205	0.8217508675078864	0.9897273514970636	0.8152862552368675	0.5922888538048627	0.9897273514970636	0.868129209717956	0.9910599731749377	0.9471570177359317	0.9880046858256212	0.821085377433138	0.9515839443054499	0.7310479975354282	0.705648869680851	0.46769091375770017	0.9132247670250897	0.8993180835197614	0.9897273514970636	0.5409223515715949	0.8092430295124735	0.6715477799703995	0.8341803191489361	0.9729803147208121	0.6718745575221238	0.9866104044548653	0.8817698859113823	0.995554743139303
g__Muricomes	0.8448548387096774	0.9618155555555555	0.970576615290395	0.5591996807378503	0.44071498237367807	0.8450662499999999	0.7229423173277661	0.9426811044577511	0.9651570009313878	0.8448548387096774	0.1601641791044776	1.0	0.5659982050396962	0.6439178023161863	0.45580419847328246	0.7530599187149215	0.9974391247428465	0.7515242959798019	0.2813370786516854	0.6424118218623481	0.9350724667349027	0.858540954274354	0.9961180568631143	0.8247544774957172	0.8266758284298544	0.8660527023242789	0.8552155832974603	0.9442712159629589	0.5134028904227782	0.5405651437573848	0.970576615290395	0.989982702287142	0.9467077024213871	0.7990276671771313	0.7048326743669481	0.9549363665491829	0.9349153136741432	0.9143113238967527	0.47073392226148414	0.37354746835443037	0.9103475832828589	0.4363083233532934	0.957742319949012	0.5046238454706927	0.8576229891614375	0.8448548387096774	0.8932899156441718	0.28409386281588445	0.9178548914976876	0.8880827586206896	0.3004199328107503	0.2628	0.616389136087836	0.9855409547244095	0.9124308678973868	0.5203324393358876	0.9799504505406489	0.6293912359550563	0.9696527638190955	0.9131427563105635	0.8064519750860516	0.1478099173553719	0.9967310331860486	0.8106589581304771	0.3264582924435721	0.9429300099700898	0.9569073637233025	0.9124308678973868	0.6382336974330967	0.7095590463749184	0.8880827586206896	0.6723572614107883	0.37942044581091466	0.742170084269663	0.8811227387771413	0.617882939481268	0.5220118120237087	0.5936154185022027	0.6450705882352942	0.6807701474785918	0.7012170026881721	0.8798586691658857	0.7757301786043086	0.8195983240223463	0.9806906138259833	0.9743704554655871	0.575116197416363	0.800529344345188	0.4459878034682081	0.8896251640293323	0.7716763636363637	0.680893268547049	0.986429363449692	0.6904538229842446	0.548571284540702	0.3943739350180505	0.9743704554655871	0.43905338479809974	0.9183308447704686	0.8798586691658857	0.39192841490138786	0.5016900954111768	0.8792459662288932	1.0	0.6825827122641509	0.7750386573220214	0.3088880597014925	0.7174452986022871	0.800529344345188	0.46454302872062664	0.8860407218517066	0.8724294133847426	0.8597573189740683	0.55916175	0.7851293484114162	0.8476785557986871	0.44071498237367807	0.8972349479232025	0.9081383033106135	0.6465969181721573	0.986429363449692	0.8849700471698112	0.9329485380116959	0.920215153655952	0.9948797522629824	0.9111080173347779	0.8565812500000001	0.8034902985074627	0.8503899723475477	0.6614589489718202	0.769702088772846	0.8790548539114044	0.986429363449692	0.9228383135921191	0.9371245838523384	0.9961180568631143	0.6508270783847981	0.804207058242843	0.7827455571740713	0.9861973562653562	0.8811436893203882	0.34675	0.9377496835443039	0.5610413974719102	0.6459770194614769	0.8811227387771413	0.9436083388484447
g__Murimonas	0.1296797583081571	0.9254817357964448	0.8476785557986871	0.9593462088547692	0.3004199328107503	0.6649054197126292	0.6905402216578157	0.8860407218517066	0.821085377433138	0.44071498237367807	0.34051223934723485	0.8486250000000001	0.8634276637615969	0.7451014934289129	0.6450705882352942	0.7079446467749013	0.5669624871178289	0.6126608440797187	0.5591996807378503	0.5794458715596331	0.5203324393358876	0.63116484375	0.7074528596568412	0.9679222794193348	0.8868987252861602	0.8092430295124735	0.9336410396716825	0.5744157123834887	0.7488115384615386	0.4527420233463035	0.9701623771498772	0.18343589743589744	0.6094775836541309	0.9587959502214722	0.770686345903771	0.962563219227968	0.28409386281588445	0.9442712159629589	0.9801366007194245	0.8238498125585754	0.22982372322899505	0.6579108600770219	0.8950000381242852	0.821085377433138	0.9806906138259833	0.8339435987212666	0.67364952681388	0.49690587425424504	0.4836581167238842	0.5046238454706927	0.5286141741988497	0.8914773094170403	0.8767603960396041	0.5409223515715949	0.7890386391251518	0.5570141300399564	0.9306311706303394	0.6394179738562091	0.663370909090909	0.655027129174217	0.523452398989899	0.34051223934723485	0.769702088772846	0.45580419847328246	0.7460498409542743	0.4753292974588939	0.8224119635277471	0.768998052069676	0.2587617021276596	0.49322295774647884	0.062389534883720926	0.9394157693174138	0.35916000000000003	0.6690528972892315	0.45541605960264897	0.717741858500528	0.5413055491329479	0.7923632533241236	0.9759478020319887	0.2587617021276596	0.8058818942875903	0.6549619963608005	0.6458711646586346	0.5874029013539651	0.8290858881528269	0.8936335120643432	0.9467077024213871	0.3823783169067475	0.9723809334960342	0.6009886029411764	0.7412067323151126	0.7720915756341419	0.75027034509651	0.2628	0.5334865008156606	0.4928122748815166	0.6394179738562091	0.33407830188679244	0.23960765550239232	0.9895006765899865	0.6351663819233949	0.9352795779441796	0.5103082532751092	0.6825827122641509	1.0	0.700489116719243	0.062389534883720926	0.6771639923132357	0.5642380753138074	0.8206859248692344	0.8601171634411641	0.7017345174262736	0.5016900954111768	0.4988544251824818	0.7857818181818181	0.30626344676180023	0.6744386933461909	0.27040981432360744	0.49322295774647884	0.5907348837209303	0.24574809160305341	0.6667858074222668	0.5371951503006012	0.7174452986022871	0.9111080173347779	0.4128404651162791	0.7844196205962061	0.2628	0.1601641791044776	0.11178125	0.9726808677098151	0.6047375796178344	0.6407698451507743	0.9848826121241991	0.9866104044548653	0.32322289156626505	0.6579108600770219	0.548571284540702	0.37354746835443037	0.6723572614107883	0.8867717076983196	0.9429300099700898	0.27836575875486386	0.630281019036954	0.8665845314685314	0.9585543436905516	0.9013933844441697
g__Nanosynbacter	0.9415354122265844	0.9467077024213871	0.9745688239457984	0.2212577319587629	0.42856931249999997	0.34675	0.45541605960264897	0.9593462088547692	0.8957922013695155	0.9267908215363192	0.18343589743589744	0.7038561540173603	0.820133009244501	0.8579918112027296	0.5432952	0.9531462235649548	0.6904538229842446	0.7222097698744769	0.062389534883720926	0.40250584551148233	0.7012170026881721	0.9543520299946439	0.6508270783847981	0.3004199328107503	0.8238498125585754	0.9651570009313878	0.7854097326203209	0.38978428465530024	0.8110841704471808	0.9866104044548653	0.67364952681388	0.9236221819033127	0.20285444234404537	0.33658118081180816	0.6989605388272584	0.23960765550239232	0.616389136087836	0.7089204932343954	0.457415397082658	0.22982372322899505	0.9291839041888451	0.1296797583081571	0.2813370786516854	0.30626344676180023	0.6535590646347872	0.27040981432360744	0.37942044581091466	0.4152798291721419	0.7550217290621382	0.19550404858299592	0.67364952681388	0.5936154185022027	0.062389534883720926	0.1718924485125858	0.919601307882644	0.6723572614107883	0.4988544251824818	0.27836575875486386	0.9806906138259833	0.6655970846946468	0.548571284540702	0.5071370026525198	0.8874970027247956	0.5458566742081448	0.6239594293865905	0.062389534883720926	0.9986751610193224	0.8525425115874854	0.7288855995055624	0.9426811044577511	0.6047375796178344	0.8034902985074627	0.1478099173553719	0.941766089191908	0.9593462088547692	0.9765361049668209	0.34675	0.6548300917431193	0.4732839438033116	0.9961180568631143	0.7844196205962061	0.11178125	0.5918907648365598	0.1296797583081571	0.836946976534296	0.8555942497496781	0.9634792572557994	0.062389534883720926	0.5286141741988497	0.8341803191489361	0.5642417041912019	0.9013933844441697	0.5512336908284023	0.616389136087836	0.2628	0.9245995460893854	0.952261179281138	0.4304338071693449	0.9974391247428465	0.7345833401305056	0.9178548914976876	0.8976598504672898	0.9072012822078398	0.7750386573220214	0.700489116719243	1.0	0.4625625789473684	0.37354746835443037	0.6771639923132357	0.9528868079584775	0.8698320963721962	0.09055696202531645	0.8701131637168142	0.8493226299694189	0.919601307882644	0.8684150027886225	0.882681649321565	0.7038561540173603	0.9352795779441796	0.19550404858299592	0.7862841325811001	0.37942044581091466	0.8698320963721962	0.9644203694095672	0.858540954274354	0.8792459662288932	0.7812183640007287	0.6698890625	0.6129316802800466	0.8896251640293323	0.770686345903771	0.2813370786516854	0.21154301075268817	0.8767603960396041	0.5673356557377048	0.09055696202531645	0.8648640942893223	0.5922888538048627	0.7572884622768286	0.407792590074779	0.7692789385161652	0.9336410396716825	0.5409223515715949	0.062389534883720926	0.9595665160748056	0.9895006765899865	0.5794458715596331
g__Negativibacillus	0.25212334801762115	0.3452582608695652	0.8347778366914103	0.8238498125585754	0.09055696202531645	0.8235849012229539	0.9654682142487849	0.9108269732078205	0.7535325608342989	0.41034536290322576	0.3181993865030675	0.9217266032417194	0.3088880597014925	0.9237969484391441	0.11178125	0.8736144052682124	0.5591996807378503	0.6458711646586346	0.6614589489718202	0.21154301075268817	0.9326805785123967	0.9115219843656044	0.9951436732362182	0.6871341958041958	0.9858209185680566	0.8698320963721962	0.9956073730098559	0.5103082532751092	0.3181993865030675	0.4928122748815166	0.8381580882352941	0.9878253802652106	0.8295806080147397	0.8538512437095616	0.3943739350180505	0.8339435987212666	0.6702233564013841	0.8781229894394802	0.9037813292307691	0.963906977468591	0.9734790817877774	0.6099459905660378	0.9467077024213871	0.6047375796178344	0.9115219843656044	0.7174452986022871	0.5907348837209303	0.41034536290322576	0.7345833401305056	0.4836581167238842	0.9237969484391441	0.3181993865030675	0.5993712696941612	0.802136873747495	0.9419951219512195	0.6949063455832002	0.778331126554499	0.6094775836541309	0.7859163751987283	0.919601307882644	0.9311175683469836	0.20285444234404537	0.9072012822078398	0.6495377777777778	0.7851293484114162	0.3181993865030675	0.8535881996537795	0.9755552748137709	0.3088880597014925	0.9426007336594041	0.7187830390920554	0.5905143497757848	0.24574809160305341	0.5559433734939758	0.9512444420250409	0.5103082532751092	0.4337787915407855	0.5707668928086838	0.795311050197019	0.8944322675159235	0.9951436732362182	0.7744879157427939	0.545098975720789	0.5220118120237087	0.9183308447704686	0.8849700471698112	0.8648640942893223	0.5134028904227782	0.9964716342082981	0.5384594306049822	0.8535881996537795	0.7990276671771313	0.7890386391251518	0.2587617021276596	0.3487575	0.4585063636363636	0.8888079422382672	0.5828494952784109	0.38612293853073465	0.7834717076700435	0.9848826121241991	0.9531462235649548	0.2628	0.3088880597014925	0.062389534883720926	0.4625625789473684	1.0	0.6480704665959703	0.986429363449692	0.7258421739130435	0.9522889587852494	0.8347778366914103	0.8035375641237796	0.8038500991080278	0.8665845314685314	0.491218568019093	0.8849700471698112	0.625059385665529	0.8411605757756563	0.93586	0.5384594306049822	0.7222097698744769	0.548571284540702	0.9558225607158074	0.9889699583292955	0.9531462235649548	0.8960140743550835	0.45109266211604093	0.5046238454706927	0.6047375796178344	0.3264582924435721	0.9578647283531408	0.5478373027798648	0.9612649471591503	0.8592107249255213	0.3129875	0.7671334710743801	0.8187864691753403	0.7119406189555125	0.7692789385161652	0.9618155555555555	0.3004199328107503	0.42856931249999997	0.5134028904227782	0.755925549132948	0.9543520299946439	0.5193012858979854
g__Odoribacter	0.6655970846946468	0.548571284540702	0.8038500991080278	0.7902947914864163	0.062389534883720926	0.5905143497757848	0.5334865008156606	0.720130289672544	0.9111080173347779	0.5997220411927451	0.1296797583081571	0.804207058242843	0.8035375641237796	0.6081647656016721	0.6495377777777778	0.5967971384136858	0.5806787859007833	0.968337385674648	0.2980833333333333	0.5744157123834887	0.9334297891842347	0.9072012822078398	0.7762767138393678	0.8599375212224109	0.545098975720789	0.6293912359550563	0.6230308617234469	0.7788692223439211	0.795311050197019	0.7716763636363637	0.9593462088547692	0.7222097698744769	0.3487575	0.6940411118737132	0.957742319949012	0.18343589743589744	0.4304338071693449	0.7108418358531318	0.09055696202531645	0.062389534883720926	0.9713838423946243	0.27836575875486386	0.8411605757756563	0.7854097326203209	0.9773182831325302	0.9321429951690822	0.1718924485125858	0.8476785557986871	0.5384594306049822	0.23960765550239232	0.09055696202531645	0.8853320769532784	0.18343589743589744	0.09055696202531645	0.6690528972892315	0.836946976534296	0.9130605294681361	0.5739002008032128	0.7480268527619423	0.5220118120237087	0.7720915756341419	0.09055696202531645	0.9723809334960342	0.7325971153846154	0.4527420233463035	0.3943739350180505	0.5427219708588956	0.8555942497496781	0.6075000899550225	0.9142310981419725	0.28409386281588445	0.8790548539114044	0.795311050197019	0.67364952681388	0.9405618897637796	0.6239594293865905	0.062389534883720926	0.7637982944855031	0.9342253588516747	0.6614589489718202	0.4304338071693449	0.55916175	0.5905143497757848	0.7627765844402277	0.9215486006585136	0.491218568019093	0.7871029612756265	0.7352722222222222	0.4128404651162791	0.9239713067850053	0.9434653489399294	0.33658118081180816	0.46982308868501527	0.25212334801762115	0.577823076923077	0.7902947914864163	0.6368948844884489	0.1718924485125858	0.9519228562112815	0.43905338479809974	0.7475766990291263	0.930143986135182	0.4527420233463035	0.7174452986022871	0.6771639923132357	0.37354746835443037	0.6480704665959703	1.0	0.062389534883720926	0.8448548387096774	0.7352722222222222	0.4054589814177563	0.8727053630363037	0.8434673913043478	0.11178125	0.9974391247428465	0.843377111111111	0.8034902985074627	0.8193240326191237	0.11178125	0.910544500907441	0.7846572201189833	0.868129209717956	0.986429363449692	0.9284793678360541	0.9726808677098151	0.5203324393358876	0.33658118081180816	0.062389534883720926	0.5134028904227782	0.8698320963721962	0.75027034509651	0.3004199328107503	0.9729803147208121	0.6871341958041958	0.5993712696941612	0.7788692223439211	0.680321331424481	0.062389534883720926	0.8312167483910511	0.5096280369718309	0.986429363449692	0.8373016671673175	0.09055696202531645	0.9394157693174138	0.9159925490196079	0.9183308447704686
g__Oliverpabstia	0.9535071820824809	0.8217584605698096	0.3264582924435721	0.7862841325811001	0.4836581167238842	0.6094775836541309	0.4152798291721419	0.8902040359897172	0.7649620670073821	0.6163158536585366	0.37354746835443037	0.6075000899550225	0.8256538043478261	0.21154301075268817	0.8853320769532784	0.738894846402587	0.2813370786516854	0.7766787600880412	0.9947304057279236	0.9961180568631143	0.8906729999999999	0.7938759428276219	0.968337385674648	0.7187830390920554	0.8861692870201097	0.920215153655952	0.9606446922110552	0.5334865008156606	0.5270201982651797	0.7834717076700435	0.9897273514970636	0.25212334801762115	0.7854097326203209	0.5922888538048627	0.802136873747495	0.3487575	0.062389534883720926	0.8968001640378549	0.1296797583081571	0.36642439024390244	0.7409860366713682	0.7834717076700435	0.968337385674648	0.9618155555555555	0.6099459905660378	0.8537814201353882	0.5432952	0.7258421739130435	0.9549363665491829	0.24574809160305341	0.44182804878048787	0.7864628992628994	0.39192841490138786	0.09055696202531645	0.8224119635277471	0.8092430295124735	0.7011691840863116	0.4527420233463035	0.5361172983870968	0.8537814201353882	0.7480268527619423	0.37942044581091466	0.7874654774396642	0.5945689622935495	0.5918907648365598	0.3823783169067475	0.8537814201353882	0.8075871057362314	0.24574809160305341	0.9279890266512166	0.6918217041800644	0.7854097326203209	0.6424118218623481	0.2813370786516854	0.8655196804037006	0.5409223515715949	0.6690528972892315	0.8944322675159235	0.9948797522629824	0.4527420233463035	0.9855409547244095	0.720130289672544	0.5945689622935495	0.8535176878612717	0.9701684323550466	0.8717920606478292	0.3487575	0.32322289156626505	0.7859163751987283	0.9897273514970636	0.6099459905660378	0.6771639923132357	0.986429363449692	0.1296797583081571	0.9613818438381937	0.7846572201189833	0.882681649321565	0.5874029013539651	0.5707668928086838	0.3295508637236085	0.7858733759318425	0.8535881996537795	0.39781350000000004	0.800529344345188	0.5642380753138074	0.6771639923132357	0.986429363449692	0.062389534883720926	1.0	0.882681649321565	0.8515306374328444	0.9467077024213871	0.5744157123834887	0.8698320963721962	0.6459770194614769	0.5041119122257053	0.5458566742081448	0.8206859248692344	0.47073392226148414	0.962563219227968	0.8097058966861599	0.8238498125585754	0.48582353801169587	0.7038561540173603	0.33658118081180816	0.9349153136741432	0.28409386281588445	0.8821594655377695	0.3181993865030675	0.7834717076700435	0.8849700471698112	0.5642380753138074	0.8058818942875903	0.7832732824427482	0.3295508637236085	0.6561065840433773	0.9081383033106135	0.8350120235934664	0.343392	0.9167230760095013	0.9748660779168349	0.9245995460893854	0.3129875	0.25212334801762115	0.6690528972892315	0.970576615290395	0.9848826121241991
g__Onthenecus	0.6667858074222668	1.0	0.5874029013539651	0.9893240785527715	0.897131047067707	0.5865909326424871	0.7515242959798019	0.9314958165264493	0.41034536290322576	0.8238498125585754	0.8565812500000001	0.9231224578256794	0.9773182831325302	0.8279478683966636	0.6075000899550225	0.8817897218543046	0.9713838423946243	0.802136873747495	0.897131047067707	0.7310479975354282	0.9964716342082981	0.8579918112027296	0.25212334801762115	0.9543520299946439	0.9072012822078398	0.6412462246278755	0.11178125	0.8576229891614375	0.843377111111111	0.9448292607689766	0.9671066192390968	0.6888327590221187	0.9901575612097935	0.9878253802652106	0.9953125	0.39781350000000004	0.7668463102409638	0.23960765550239232	0.33407830188679244	0.8350120235934664	0.3943739350180505	0.6459770194614769	0.8290858881528269	0.800529344345188	0.46673452566096424	0.9887924345295829	0.9178548914976876	0.8782678653508179	0.8440557607090103	0.9482609009403018	0.24574809160305341	0.3129875	0.963906977468591	0.4304338071693449	0.9070171788906575	0.6781127965492451	0.4363083233532934	0.8476785557986871	0.820133009244501	0.9884584808403035	0.9403067447359531	0.7428327392871447	0.968337385674648	0.8972349479232025	0.6480704665959703	0.9543520299946439	0.7586414690130069	0.93586	0.9765361049668209	0.9426811044577511	0.4585063636363636	0.860959757644075	0.9956073730098559	0.9947304057279236	0.8698320963721962	0.49690587425424504	0.5127551739130435	0.9549363665491829	0.4928122748815166	0.8206859248692344	0.874366881425634	0.8767603960396041	0.8312167483910511	0.5405651437573848	0.9901575612097935	0.7766787600880412	0.7412067323151126	0.9848826121241991	0.8538512437095616	0.7108418358531318	0.717741858500528	0.9524198483206935	0.8555942497496781	0.8417567789034565	0.6009886029411764	0.795311050197019	0.5945689622935495	0.9810743523573202	0.7412067323151126	0.7999571985755469	0.9005305000620425	0.5538453846153847	0.9486044570679485	0.46454302872062664	0.8206859248692344	0.9528868079584775	0.7258421739130435	0.8448548387096774	0.882681649321565	1.0	0.5967971384136858	0.8799993850267379	0.8312167483910511	0.6549619963608005	0.9459431400594126	0.9806906138259833	0.802136873747495	0.9111080173347779	0.986429363449692	0.9580884342202903	0.8290858881528269	0.995554743139303	0.9228383135921191	0.8493226299694189	0.8767603960396041	0.34675	0.9906013228527607	0.5242180944421229	0.48582353801169587	0.625059385665529	0.9593462088547692	0.8025045908183633	0.5413055491329479	0.9599052217678515	0.8367172668374264	0.8132438531219671	0.8561495070724389	0.9591184615384615	0.7854097326203209	0.8347778366914103	0.38612293853073465	0.9848826121241991	0.6047375796178344	0.9974391247428465	0.3004199328107503	0.7320491490670494	0.8334677714983961
g__Otoolea	0.7859163751987283	0.9606446922110552	0.7535325608342989	0.8110841704471808	0.8295806080147397	0.6272387789711702	0.8976598504672898	0.9895006765899865	0.5673356557377048	0.9515839443054499	0.6721990935815776	0.6897253658536586	0.4527420233463035	0.45109266211604093	0.33658118081180816	0.5103082532751092	0.9951436732362182	0.67364952681388	0.34675	0.940710808988764	0.1601641791044776	0.793120641489912	0.062389534883720926	0.41034536290322576	0.7716763636363637	0.4152798291721419	0.43905338479809974	0.4598188029661017	0.8782678653508179	0.9595665160748056	0.8273126353232292	0.9848826121241991	0.6382336974330967	0.5828494952784109	0.941766089191908	0.5270201982651797	0.5739002008032128	0.8903245283018867	0.9314958165264493	0.941766089191908	0.9117160720720722	0.6698890625	0.7581841288096607	0.9713838423946243	0.062389534883720926	0.4527420233463035	0.3706289156626506	0.4054589814177563	0.8896251640293323	0.9897273514970636	0.8749102392344498	0.7871029612756265	0.9587959502214722	0.39781350000000004	0.6099459905660378	0.9585543436905516	0.062389534883720926	0.2813370786516854	0.9528868079584775	0.6723572614107883	0.35916000000000003	0.9192387268217787	0.7834717076700435	0.488434755210858	0.8206760641677254	0.5203324393358876	0.6781127965492451	0.9613818438381937	0.8660527023242789	0.9974391247428465	0.7610145793681005	0.7108418358531318	0.5409223515715949	0.7871029612756265	0.9130605294681361	0.062389534883720926	0.9578647283531408	0.655027129174217	0.7857818181818181	0.7119406189555125	0.7320491490670494	0.1718924485125858	0.25212334801762115	0.7862841325811001	0.42389846841097634	0.6905402216578157	0.9070171788906575	0.9471570177359317	0.4732839438033116	0.7105031942633638	0.9713838423946243	0.6024306047648136	0.2587617021276596	0.9187308865248227	0.39192841490138786	0.7268600041339396	0.970576615290395	0.6107688105726873	0.9697587439811495	0.8486250000000001	0.6807701474785918	0.7874654774396642	0.8790548539114044	0.8860407218517066	0.8601171634411641	0.8698320963721962	0.9522889587852494	0.7352722222222222	0.8515306374328444	0.5967971384136858	1.0	0.5945689622935495	0.941912716311265	0.7655442282259588	0.9974391247428465	0.4054589814177563	0.5033638374717834	0.770686345903771	0.8998689059977648	0.8950000381242852	0.7412067323151126	0.41034536290322576	0.7851293484114162	0.7887359832635983	0.9543520299946439	0.46454302872062664	0.3264582924435721	0.21154301075268817	0.18343589743589744	0.7858733759318425	0.9805175643327348	0.062389534883720926	0.7017345174262736	0.8761072069621975	0.7655442282259588	0.5361172983870968	0.9858209185680566	0.577823076923077	0.33407830188679244	0.616389136087836	0.5384594306049822	0.9431784196547145	0.9806906138259833	0.4054589814177563	0.6839344827586207	0.8273126353232292	0.6465969181721573
g__Parabacteroides	0.8837626084669996	0.5570141300399564	0.7834717076700435	0.6382336974330967	0.5413055491329479	0.11178125	0.3264582924435721	0.5478373027798648	0.8792459662288932	0.6458711646586346	0.34051223934723485	0.491218568019093	0.5642417041912019	0.8648640942893223	0.8075871057362314	0.491218568019093	0.8597573189740683	0.7773637795275591	0.062389534883720926	0.3295508637236085	0.7704102774157513	0.6450705882352942	0.8906729999999999	0.4805162068965517	0.802136873747495	0.6344822455752213	0.9477093216630198	0.5794458715596331	0.7857818181818181	0.8347778366914103	0.6521102685624013	0.5538453846153847	0.42856931249999997	0.7883770480349344	0.9801366007194245	0.4527420233463035	0.5242180944421229	0.8187864691753403	0.45580419847328246	0.3452582608695652	0.9549363665491829	0.062389534883720926	0.27040981432360744	0.882681649321565	0.617882939481268	0.5371951503006012	0.33658118081180816	0.27836575875486386	0.9887924345295829	0.5041119122257053	0.49322295774647884	0.42389846841097634	0.062389534883720926	0.21154301075268817	0.8684150027886225	0.49322295774647884	0.5806787859007833	0.742170084269663	0.8252689735614308	0.1478099173553719	0.1718924485125858	0.27040981432360744	0.8749102392344498	0.1718924485125858	0.5270201982651797	0.062389534883720926	0.8974505443624078	0.7108418358531318	0.4775826237623762	0.804207058242843	0.3452582608695652	0.9585543436905516	0.43146607687614397	0.4836581167238842	0.5041119122257053	0.5659982050396962	0.7687159001314061	0.8743995346927603	0.7030325005576623	0.5409223515715949	0.8214835677042186	0.39781350000000004	0.968337385674648	0.7550217290621382	0.5918907648365598	0.8468117672919109	0.9895006765899865	0.3295508637236085	0.804207058242843	0.2628	0.24574809160305341	0.6715477799703995	0.9543520299946439	0.5610413974719102	0.6129316802800466	0.5905143497757848	0.7668463102409638	0.062389534883720926	0.8295806080147397	0.39192841490138786	0.9187308865248227	0.3997675352112676	0.18343589743589744	0.8724294133847426	0.7017345174262736	0.09055696202531645	0.8347778366914103	0.4054589814177563	0.9467077024213871	0.8799993850267379	0.5945689622935495	1.0	0.49030905151661053	0.8599375212224109	0.9415354122265844	0.8832807844169518	0.8792459662288932	0.062389534883720926	0.7156288547664746	0.062389534883720926	0.5744157123834887	0.34675	0.8717920606478292	0.8476785557986871	0.7996290519877676	0.8974505443624078	0.45580419847328246	0.779973851203501	0.343392	0.46982308868501527	0.9696527638190955	0.6327394846217789	0.3452582608695652	0.3295508637236085	0.8960140743550835	0.062389534883720926	0.7142505784061697	0.25212334801762115	0.4152798291721419	0.23960765550239232	0.8308455340699815	0.800529344345188	0.5580740513191181	0.09055696202531645	0.9419951219512195	0.9618312942892873	0.6521102685624013
g__Paraprevotella	0.5242180944421229	0.5642417041912019	0.8607818797629128	0.8861692870201097	0.5591996807378503	0.8896251640293323	0.8627681722245674	0.8135321330534473	0.7610145793681005	0.5744157123834887	0.7412067323151126	0.6283183431952664	0.8701131637168142	0.800529344345188	0.7071144275314362	0.6521102685624013	0.36642439024390244	0.63116484375	0.9549363665491829	0.7610145793681005	0.680893268547049	0.7119406189555125	0.5591996807378503	0.8884463348416289	0.8960140743550835	0.48582353801169587	0.9236221819033127	0.8640858587277068	0.9593462088547692	0.1601641791044776	0.39192841490138786	0.062389534883720926	0.9974391247428465	0.7972750469043153	0.8256538043478261	0.5828494952784109	0.22982372322899505	0.407792590074779	0.3088880597014925	0.49030905151661053	0.2628	0.7507524513618676	0.6733330168005843	0.5519363602941176	0.9753587002518892	0.680321331424481	0.7854097326203209	0.8640858587277068	0.9527566789348344	0.9350724667349027	0.663370909090909	0.8195983240223463	0.7864628992628994	0.2924324644549763	0.9587959502214722	0.9352795779441796	0.6495377777777778	0.8785563283461383	0.6283183431952664	0.8140818284424379	0.7507524513618676	0.4184810546875	0.8456494565217391	0.7750386573220214	0.963493048628429	0.7108418358531318	0.8891597424339986	0.8345428679817904	0.11178125	0.5945689622935495	0.2587617021276596	0.22982372322899505	0.8328463832390273	0.9578647283531408	0.1601641791044776	0.7242753753127605	0.8974505443624078	0.40250584551148233	0.685326393442623	0.27040981432360744	0.8888079422382672	0.7131739699570815	0.8767603960396041	0.8339435987212666	0.47073392226148414	0.7957861467419189	0.8235849012229539	0.9801366007194245	0.7165420817369093	0.9595665160748056	0.3264582924435721	0.9891471727343144	0.7972750469043153	0.8743995346927603	0.7757301786043086	0.7495934573947111	0.6163158536585366	0.8891597424339986	0.5016900954111768	0.6918217041800644	0.5982740465116279	0.5945689622935495	0.8429449316290131	0.8597573189740683	0.5016900954111768	0.8701131637168142	0.8035375641237796	0.8727053630363037	0.5744157123834887	0.8312167483910511	0.941912716311265	0.49030905151661053	1.0	0.4598188029661017	0.8698320963721962	0.7288855995055624	0.8217584605698096	0.27040981432360744	0.8578076890217856	0.7038561540173603	0.062389534883720926	0.9132247670250897	0.6905402216578157	0.8896251640293323	0.9701684323550466	0.42389846841097634	0.9678138823044419	0.6521102685624013	0.5127551739130435	0.43146607687614397	0.5371951503006012	0.8902040359897172	0.9471570177359317	0.8097058966861599	0.54950051986632	0.3181993865030675	0.9884584808403035	0.5673356557377048	0.6979531987295826	0.3997675352112676	0.9512444420250409	0.2212577319587629	0.4625625789473684	0.9578647283531408	0.7174452986022871	0.8206760641677254	0.5669624871178289
g__Pararoseburia	0.49408561452513966	0.9654682142487849	0.7883770480349344	0.75027034509651	0.5759996043521266	0.3295508637236085	0.6099459905660378	0.5997220411927451	0.989982702287142	0.33658118081180816	0.2628	0.6212036144578313	0.7535325608342989	0.6807701474785918	0.7530599187149215	0.9505636601592322	0.7174452986022871	0.8914773094170403	0.6588053763440861	0.5610413974719102	0.6698890625	0.995554743139303	0.954148966853207	0.8525425115874854	0.6744386933461909	0.9531462235649548	0.941766089191908	0.5993712696941612	0.7851293484114162	0.739867372881356	0.8038500991080278	0.9584132189386717	0.9956073730098559	0.9426811044577511	0.9419951219512195	0.48582353801169587	0.8025045908183633	0.6254431605777401	0.2628	0.2980833333333333	0.6918217041800644	0.6604112496818528	0.7859163751987283	0.9897273514970636	0.7530599187149215	0.5413055491329479	0.7105031942633638	0.2924324644549763	0.9961180568631143	0.8011227869404242	0.6382336974330967	0.8758389705882355	0.6595264931087289	0.5997220411927451	0.821085377433138	0.739867372881356	0.9734790817877774	0.6327394846217789	0.8698320963721962	0.7854097326203209	0.7659797511312217	0.21154301075268817	0.4598188029661017	0.575116197416363	0.7854097326203209	0.6351663819233949	0.8792459662288932	0.995554743139303	0.7356595006090134	0.6351663819233949	0.3452582608695652	0.9037813292307691	0.8936335120643432	0.9644203694095672	0.44182804878048787	0.93586	0.5688634909833277	0.9731805558373061	0.9951436732362182	0.8736144052682124	0.7586414690130069	0.40250584551148233	0.1296797583081571	0.8861692870201097	0.5907348837209303	0.9713838423946243	0.9878253802652106	0.7637982944855031	0.7174452986022871	0.8692259248956886	0.820133009244501	0.6424118218623481	0.8627681722245674	0.6094775836541309	0.5096280369718309	0.9416828235294118	0.062389534883720926	0.407792590074779	0.9549363665491829	0.45580419847328246	0.9880046858256212	0.8525425115874854	0.9543520299946439	0.55916175	0.4988544251824818	0.8493226299694189	0.8038500991080278	0.8434673913043478	0.8698320963721962	0.6549619963608005	0.7655442282259588	0.8599375212224109	0.4598188029661017	1.0	0.8853320769532784	0.45541605960264897	0.45580419847328246	0.9595665160748056	0.989982702287142	0.6744386933461909	0.3129875	0.6681363363363363	0.6230308617234469	0.9887924345295829	0.5409223515715949	0.6718745575221238	0.680321331424481	0.6757224975938402	0.5371951503006012	0.6972587445985899	0.5922888538048627	0.9334297891842347	0.8293336665641341	0.9425604006677797	0.7844196205962061	0.6412462246278755	0.8493226299694189	0.2980833333333333	0.7692789385161652	0.717741858500528	0.491218568019093	0.9231224578256794	0.6888327590221187	0.7208696480938417	0.7048326743669481	0.6126608440797187	0.9528868079584775
g__Parasutterella	0.9686438135332169	0.804207058242843	0.7890386391251518	0.9415354122265844	0.5413055491329479	0.9072012822078398	0.8736144052682124	0.5314944285129045	0.884824471021159	0.30626344676180023	0.7174452986022871	0.9897273514970636	0.970576615290395	0.8754198279393691	0.800529344345188	0.8884463348416289	0.5922888538048627	0.9100398132427845	0.6293912359550563	0.8884463348416289	0.5922888538048627	0.8972349479232025	0.9090907909124043	0.8832807844169518	0.7310479975354282	0.9889699583292955	0.7480268527619423	0.9978827102803738	0.75027034509651	0.9806906138259833	0.8956807999999999	0.9134969967822667	0.6230308617234469	0.9825143267611216	0.8599375212224109	0.8429449316290131	0.5997220411927451	0.9961180568631143	0.5046238454706927	0.6744386933461909	0.9350724667349027	0.47073392226148414	0.5591996807378503	0.8075871057362314	0.9132247670250897	0.9906013228527607	0.7074528596568412	0.9920706287683031	0.9897273514970636	0.4598188029661017	0.6382336974330967	0.8785563283461383	0.43905338479809974	0.9616993315926893	0.9667976576204727	0.5134028904227782	0.9701684323550466	0.6909439917127072	0.8974505443624078	0.8957922013695155	0.901716810770751	0.9697587439811495	0.6934899518238128	0.9961180568631143	0.7258421739130435	0.9948797522629824	0.8238498125585754	0.9753587002518892	0.9961180568631143	0.9841438421208825	0.6195470960322025	0.8798586691658857	0.5673356557377048	0.964433053482587	0.9878253802652106	0.8206859248692344	0.5409223515715949	0.9377496835443039	0.7659797511312217	0.5409223515715949	0.802136873747495	0.882681649321565	0.6807701474785918	0.8811227387771413	0.4527420233463035	0.9321429951690822	0.9660890987921957	0.9587959502214722	0.7627765844402277	0.7119406189555125	0.9591184615384615	0.802136873747495	0.6909439917127072	0.9593462088547692	0.9755552748137709	0.804207058242843	0.8957922013695155	0.8974505443624078	0.9748660779168349	0.7488115384615386	0.9134969967822667	0.8476785557986871	0.964433053482587	0.7851293484114162	0.7857818181818181	0.919601307882644	0.8665845314685314	0.11178125	0.6459770194614769	0.9459431400594126	0.9974391247428465	0.9415354122265844	0.8698320963721962	0.8853320769532784	1.0	0.9805175643327348	0.9244687631271877	0.7142505784061697	0.7074528596568412	0.9599052217678515	0.7451014934289129	0.8279478683966636	0.1478099173553719	0.6094775836541309	0.9961180568631143	0.8860407218517066	0.7495934573947111	0.9618312942892873	0.4527420233463035	0.7089204932343954	0.8135321330534473	0.8235849012229539	0.630281019036954	0.8387356020942408	0.7074528596568412	0.630281019036954	0.8937483809280979	0.5673356557377048	0.8869101818181818	0.9660890987921957	0.9891471727343144	0.769702088772846	0.6568421621621622	0.705648869680851	0.9178548914976876	0.8295806080147397	0.662501342111927
g__Pauljensenia	0.47073392226148414	0.9710772314597572	0.8717920606478292	0.44182804878048787	0.5384594306049822	0.5458566742081448	0.5642417041912019	0.9938200324954601	0.4928122748815166	0.7871029612756265	0.6771639923132357	0.8362343844296922	0.49030905151661053	0.3088880597014925	0.9906013228527607	0.9566820038289724	0.5409223515715949	0.9948797522629824	0.8030424418604651	0.8373016671673175	0.9822296579077838	0.8932899156441718	0.7017345174262736	0.7846572201189833	0.7119406189555125	0.9519228562112815	0.9535071820824809	0.19550404858299592	0.9558225607158074	0.963493048628429	0.5361172983870968	0.6744386933461909	0.34675	0.6407698451507743	0.9953125	0.8884463348416289	0.46769091375770017	0.8798586691658857	0.8476785557986871	0.8798586691658857	0.9745688239457984	0.6126608440797187	0.8868987252861602	0.8035375641237796	0.616389136087836	0.7692789385161652	0.8472668666764231	0.1296797583081571	0.9866104044548653	0.6081647656016721	0.9801366007194245	0.5538453846153847	0.9451784479911943	0.882681649321565	0.9419951219512195	0.964433053482587	0.5519363602941176	0.5688634909833277	0.7340416309012876	0.7440017347956132	0.5997220411927451	0.686392778686609	0.7910566096423017	0.062389534883720926	0.5733791386271871	0.6744386933461909	0.3088880597014925	0.48582353801169587	0.55916175	0.7864628992628994	0.9228383135921191	0.9215486006585136	0.4184810546875	0.7409860366713682	0.7079446467749013	0.9748660779168349	0.8520989847715735	0.9094001577669902	0.5673356557377048	0.3452582608695652	0.41034536290322576	0.11178125	0.1718924485125858	0.34051223934723485	0.9434653489399294	0.8601171634411641	0.82306382477626	0.33407830188679244	0.2924324644549763	0.9336410396716825	0.3823783169067475	0.45109266211604093	0.37942044581091466	0.6382336974330967	0.4054589814177563	0.8468117672919109	0.5591996807378503	0.7119406189555125	0.37354746835443037	0.5538453846153847	0.9961180568631143	0.9416828235294118	0.9893240785527715	0.8476785557986871	0.30626344676180023	0.8684150027886225	0.491218568019093	0.9974391247428465	0.5041119122257053	0.9806906138259833	0.4054589814177563	0.8832807844169518	0.7288855995055624	0.45541605960264897	0.9805175643327348	1.0	0.6254431605777401	0.3997675352112676	0.6757224975938402	0.8817897218543046	0.9613818438381937	0.4585063636363636	0.4227153298835705	0.7655442282259588	0.625059385665529	0.9603255553227158	0.062389534883720926	0.488434755210858	0.6904538229842446	0.5936154185022027	0.8985427558761347	0.8775017482043638	0.5413055491329479	0.9897273514970636	0.9377496835443039	0.062389534883720926	0.882681649321565	0.987369381775564	0.963906977468591	0.940710808988764	0.804207058242843	0.941766089191908	0.09055696202531645	0.9405618897637796	0.8758389705882355	0.755925549132948	0.6568421621621622
g__Pediococcus	0.6009886029411764	0.7352722222222222	0.9434263349917081	0.9072012822078398	0.5759996043521266	0.5945689622935495	0.5865909326424871	0.742170084269663	0.9810743523573202	0.6327394846217789	0.23960765550239232	0.7923632533241236	0.9209364909390445	0.625059385665529	0.9969900422733677	0.8347778366914103	0.8736144052682124	0.8295806080147397	0.9336410396716825	0.5993712696941612	0.7480268527619423	0.7085889034799738	0.37942044581091466	0.9696527638190955	0.8976598504672898	0.9108269732078205	0.9405618897637796	0.48582353801169587	0.9701623771498772	0.9549363665491829	0.9050860636598256	0.6351663819233949	0.9297800994449583	0.804207058242843	0.9599052217678515	0.7844196205962061	0.6368948844884489	0.6723572614107883	0.1718924485125858	0.40250584551148233	0.9953125	0.8034902985074627	0.986429363449692	0.9961180568631143	0.9726808677098151	0.8097058966861599	0.8429449316290131	0.680893268547049	0.840688498879761	0.770686345903771	0.5046238454706927	0.6721990935815776	0.7864628992628994	0.8417567789034565	0.8837626084669996	0.7074528596568412	0.7762767138393678	0.6588053763440861	0.8206859248692344	0.6798697223551938	0.9254817357964448	0.3181993865030675	0.5744157123834887	0.816507874015748	0.5413055491329479	0.9974391247428465	0.800529344345188	0.9543520299946439	0.5103082532751092	0.7762767138393678	0.6825827122641509	0.9524198483206935	0.2813370786516854	0.995554743139303	0.8861692870201097	1.0	0.7890386391251518	0.7864628992628994	0.9748660779168349	0.8884463348416289	0.5538453846153847	0.09055696202531645	0.1718924485125858	0.9132247670250897	0.6744386933461909	0.696243322698268	0.6904538229842446	0.9533782688369086	0.9215486006585136	0.8864130672926447	0.617882939481268	0.9964716342082981	0.6394179738562091	0.7131739699570815	0.6480704665959703	0.4988544251824818	0.25212334801762115	0.9426007336594041	0.802136873747495	0.523452398989899	0.7525852598913886	0.7356595006090134	0.9279890266512166	0.44071498237367807	0.6744386933461909	0.882681649321565	0.8849700471698112	0.843377111111111	0.5458566742081448	0.802136873747495	0.5033638374717834	0.8792459662288932	0.8217584605698096	0.45580419847328246	0.9244687631271877	0.6254431605777401	1.0	0.8565812500000001	0.9584132189386717	0.9956073730098559	0.8821594655377695	0.47073392226148414	0.5103082532751092	0.7610145793681005	0.8224119635277471	0.9543520299946439	0.8578076890217856	0.34675	0.5103082532751092	0.6107688105726873	0.9778041595670042	0.9111080173347779	0.6239594293865905	0.986429363449692	0.7477767984189724	0.9806906138259833	0.932519213973799	0.8815157279489904	0.8293336665641341	0.662501342111927	0.8884463348416289	0.9072012822078398	0.662501342111927	0.8140818284424379	0.8709948044769933	0.74633775044634	0.6833407904022583
g__Peptostreptococcus	0.6649054197126292	0.9825143267611216	0.7048326743669481	0.6344822455752213	0.8891597424339986	0.7704102774157513	0.8727053630363037	0.8217508675078864	0.8206859248692344	0.8486250000000001	0.8206760641677254	0.5361172983870968	0.7902947914864163	0.6382336974330967	0.6781127965492451	0.1296797583081571	0.882681649321565	0.8217584605698096	0.55916175	0.6690528972892315	0.8849700471698112	0.9880046858256212	0.9883760806074767	0.5371951503006012	0.8448548387096774	0.9810743523573202	0.897131047067707	0.9897273514970636	0.8339435987212666	0.7208696480938417	0.8535176878612717	0.22982372322899505	0.9394157693174138	0.6424118218623481	0.768998052069676	0.8456494565217391	0.5361172983870968	0.5203324393358876	0.9245995460893854	0.8758389705882355	0.6614589489718202	0.18343589743589744	0.8034902985074627	0.968337385674648	0.9974391247428465	0.700489116719243	0.8097058966861599	0.7581841288096607	0.8097058966861599	0.49690587425424504	0.8660527023242789	0.4128404651162791	0.45580419847328246	0.6099459905660378	0.7854097326203209	0.7766787600880412	0.9679222794193348	0.680893268547049	0.6549619963608005	0.5519363602941176	0.09055696202531645	0.7530599187149215	0.9593462088547692	0.062389534883720926	0.9957750213048007	0.062389534883720926	0.5134028904227782	0.8956807999999999	0.2813370786516854	0.5982740465116279	0.5103082532751092	0.9442712159629589	0.9070171788906575	0.9405618897637796	0.4363083233532934	0.44071498237367807	0.8476785557986871	0.9524198483206935	0.8537814201353882	0.8932899156441718	0.5519363602941176	0.970576615290395	0.700489116719243	0.6702233564013841	0.9072012822078398	0.8766127954360229	0.9897273514970636	0.18343589743589744	0.8733403489490315	0.3487575	0.27040981432360744	0.8937483809280979	0.9377496835443039	0.7079446467749013	0.8387356020942408	0.343392	0.8936335120643432	0.6230308617234469	0.4459878034682081	0.9961180568631143	0.8171817525276841	0.22982372322899505	0.9913282596209074	0.8972349479232025	0.27040981432360744	0.7038561540173603	0.625059385665529	0.8034902985074627	0.8206859248692344	0.9111080173347779	0.770686345903771	0.062389534883720926	0.27040981432360744	0.9595665160748056	0.7142505784061697	0.3997675352112676	0.8565812500000001	1.0	0.7984244376278118	0.7568265871489034	0.6071954805664356	0.6081647656016721	0.8238498125585754	0.995554743139303	0.7951761486835311	0.9729803147208121	0.11178125	0.9350724667349027	0.7089204932343954	0.3264582924435721	0.9593462088547692	0.39192841490138786	0.7108418358531318	0.3004199328107503	0.6009886029411764	0.062389534883720926	0.8038500991080278	0.1601641791044776	0.5220118120237087	0.25212334801762115	0.8792459662288932	0.9512444420250409	0.5096280369718309	0.1601641791044776	0.9272828173913044	0.4585063636363636	0.8578076890217856
g__Phascolarctobacterium	0.7744879157427939	0.9897273514970636	0.8538512437095616	0.8262936569478909	0.6595264931087289	0.9686438135332169	0.4598188029661017	0.4956203883495146	0.821085377433138	0.7938759428276219	0.9070171788906575	0.8906729999999999	0.9806906138259833	0.9770256330385853	0.7859163751987283	0.8217508675078864	0.882681649321565	0.986429363449692	0.2628	0.9436083388484447	0.8698320963721962	0.6979531987295826	0.9543520299946439	0.9585543436905516	0.9748660779168349	0.8011227869404242	0.8579918112027296	0.523452398989899	0.6655970846946468	0.9387959823947636	0.9132247670250897	0.821085377433138	0.38978428465530024	0.9961180568631143	0.7131739699570815	0.6904538229842446	0.4836581167238842	0.30626344676180023	0.843377111111111	0.8195983240223463	0.8367172668374264	0.9531462235649548	0.3823783169067475	0.9710772314597572	0.55916175	0.9778041595670042	0.9512444420250409	0.9394157693174138	0.7530599187149215	0.39192841490138786	0.7156288547664746	0.9244687631271877	0.5432952	0.7610145793681005	0.8328463832390273	0.6344822455752213	0.8058818942875903	0.6904538229842446	0.796395594262295	0.769702088772846	0.6655970846946468	0.6690528972892315	0.9183308447704686	0.7735055689176689	0.808548	0.8775017482043638	0.9974391247428465	0.75027034509651	0.40250584551148233	0.9753587002518892	1.0	0.9774143530591776	0.5203324393358876	0.9515839443054499	0.3823783169067475	0.8691840902758429	0.9861973562653562	0.8290858881528269	0.8476785557986871	0.49408561452513966	0.2628	0.8811227387771413	0.6283183431952664	0.9861973562653562	0.986429363449692	0.9731805558373061	0.9515839443054499	0.8896251640293323	0.7572884622768286	0.6549619963608005	0.8809841782283885	0.7610145793681005	0.995554743139303	0.8849700471698112	0.9585543436905516	0.9910599731749377	0.9013933844441697	0.9848826121241991	0.6459770194614769	0.7887359832635983	0.8448548387096774	0.7477767984189724	0.8440557607090103	0.9081383033106135	0.49322295774647884	0.9352795779441796	0.8411605757756563	0.8193240326191237	0.47073392226148414	0.986429363449692	0.8998689059977648	0.7156288547664746	0.8578076890217856	0.989982702287142	0.7074528596568412	0.6757224975938402	0.9584132189386717	0.7984244376278118	1.0	0.09055696202531645	0.9745688239457984	0.9134969967822667	0.7412067323151126	0.8578076890217856	0.6254431605777401	0.7890386391251518	0.821085377433138	0.9961180568631143	0.5993712696941612	0.8515306374328444	0.9153699964323939	0.9765361049668209	0.820133009244501	0.3088880597014925	0.5559433734939758	0.9111080173347779	0.795311050197019	0.920215153655952	0.5538453846153847	0.8984372727272727	0.5270201982651797	0.6979531987295826	0.4527420233463035	0.7187830390920554	0.9013933844441697	0.7428327392871447	0.8782678653508179
g__Phocaeicola	0.5608179858657244	0.5134028904227782	0.6604112496818528	0.8529848835527268	0.2212577319587629	0.4585063636363636	0.8821594655377695	0.7659797511312217	0.8868987252861602	0.800529344345188	0.5794458715596331	0.4490757175660161	0.575116197416363	0.6718745575221238	0.940710808988764	0.5203324393358876	0.7063052619942516	0.7356595006090134	0.062389534883720926	0.8552155832974603	0.9599052217678515	0.5371951503006012	0.9522889587852494	0.5993712696941612	0.8417567789034565	0.986429363449692	0.9986751610193224	0.7671334710743801	0.4152798291721419	0.8578076890217856	0.882681649321565	0.9084492765957447	0.34051223934723485	0.7773637795275591	0.9619471267957526	0.20285444234404537	0.6595264931087289	0.9822296579077838	0.43146607687614397	0.062389534883720926	0.964433053482587	0.28409386281588445	0.2813370786516854	0.8761072069621975	0.3088880597014925	0.25212334801762115	0.4753292974588939	0.5669624871178289	0.7258421739130435	0.778331126554499	0.19550404858299592	0.9543520299946439	0.24574809160305341	0.6918217041800644	0.9362274807430901	0.9477093216630198	0.5413055491329479	0.9434653489399294	0.9957750213048007	0.986429363449692	0.5570141300399564	0.45580419847328246	0.4928122748815166	0.680321331424481	0.8546568596466025	0.18343589743589744	0.7428989017571885	0.7874654774396642	0.8565812500000001	0.941912716311265	0.27040981432360744	0.8106589581304771	0.9836661486687124	0.67364952681388	0.9336410396716825	0.6107688105726873	0.67364952681388	0.8733403489490315	0.9143113238967527	0.897131047067707	0.6702233564013841	0.062389534883720926	0.7187830390920554	0.6495377777777778	0.9072012822078398	0.9013933844441697	0.9349153136741432	0.8367172668374264	0.6833407904022583	0.2980833333333333	0.9678138823044419	0.4363083233532934	0.9981393350765783	0.7174452986022871	0.5046238454706927	0.8238498125585754	0.35916000000000003	0.09055696202531645	0.7844196205962061	0.34675	0.9805175643327348	0.7773637795275591	0.6825827122641509	0.6465969181721573	0.5907348837209303	0.19550404858299592	0.93586	0.11178125	0.962563219227968	0.9580884342202903	0.8950000381242852	0.062389534883720926	0.7038561540173603	0.6744386933461909	0.9599052217678515	0.8817897218543046	0.9956073730098559	0.7568265871489034	0.09055696202531645	1.0	0.523452398989899	0.37942044581091466	0.9329485380116959	0.9753587002518892	0.9239713067850053	0.9505636601592322	0.8312167483910511	0.8256538043478261	0.840688498879761	0.715170558050032	0.7480268527619423	0.6655970846946468	0.49408561452513966	0.9524198483206935	0.9426811044577511	0.343392	0.970576615290395	0.5478373027798648	0.5840615634122608	0.42856931249999997	0.8634276637615969	0.9969900422733677	0.9223370070422534	0.11178125	0.5918907648365598	0.7883770480349344	0.8743995346927603
g__Prevotella	0.35445086705202317	0.4988544251824818	0.9593462088547692	0.989982702287142	0.7862841325811001	0.795311050197019	0.5103082532751092	0.7999571985755469	0.680321331424481	0.3295508637236085	0.7428327392871447	0.7071144275314362	0.6075000899550225	0.6412462246278755	0.8927170653703466	0.34051223934723485	0.9599052217678515	0.742170084269663	0.9467077024213871	0.6721990935815776	0.7581841288096607	0.6412462246278755	0.770686345903771	0.919601307882644	0.9543520299946439	0.9434653489399294	0.9587959502214722	0.9482609009403018	0.6293912359550563	0.09055696202531645	0.32322289156626505	0.5384594306049822	0.7859163751987283	0.8515306374328444	0.8761072069621975	0.38612293853073465	0.457415397082658	0.616389136087836	0.7480268527619423	0.6649054197126292	0.5046238454706927	0.800529344345188	0.5384594306049822	0.5046238454706927	0.625059385665529	0.9081383033106135	0.8247544774957172	0.8811436893203882	0.7108418358531318	0.8868987252861602	0.9111080173347779	0.8902040359897172	0.5371951503006012	0.5409223515715949	0.9382202371541501	0.8362343844296922	0.805177761341223	0.9501186640471514	0.8717920606478292	0.75027034509651	0.9967310331860486	0.33658118081180816	0.5591996807378503	0.9580884342202903	0.8701131637168142	0.9117160720720722	0.09055696202531645	0.6040477611940298	0.7187830390920554	0.617882939481268	0.062389534883720926	0.6940411118737132	0.9606446922110552	0.9419951219512195	0.8660527023242789	0.8135321330534473	0.8347778366914103	0.5608179858657244	0.8634276637615969	0.715170558050032	0.9558225607158074	0.7610145793681005	0.8279478683966636	0.5669624871178289	0.9801366007194245	0.7477767984189724	0.8538512437095616	0.950904347826087	0.8339435987212666	0.6781127965492451	0.6909439917127072	0.8985427558761347	0.9778041595670042	0.9759478020319887	0.8397127802690583	0.44071498237367807	0.34051223934723485	0.6839344827586207	0.6744386933461909	0.5384594306049822	0.9531462235649548	0.7095590463749184	0.9108269732078205	0.986429363449692	0.24574809160305341	0.7862841325811001	0.5384594306049822	0.910544500907441	0.8097058966861599	0.8290858881528269	0.7412067323151126	0.5744157123834887	0.062389534883720926	0.3129875	0.7451014934289129	0.9613818438381937	0.8821594655377695	0.6071954805664356	0.9745688239457984	0.523452398989899	1.0	0.6949063455832002	0.8578076890217856	0.7857818181818181	0.9111080173347779	0.6024306047648136	0.4337787915407855	0.7012170026881721	0.3264582924435721	0.22982372322899505	0.897131047067707	0.5891529411764707	0.6702233564013841	0.8206760641677254	0.2628	0.8906729999999999	0.8599375212224109	0.5907348837209303	0.3997675352112676	0.8535881996537795	0.5033638374717834	0.37942044581091466	0.2628	0.9587959502214722	0.9336410396716825	0.941912716311265	0.6407698451507743
g__Pseudobutyricicoccus	0.9037813292307691	0.6905402216578157	0.9132247670250897	0.2587617021276596	0.3452582608695652	0.3181993865030675	0.3823783169067475	0.7352722222222222	0.868129209717956	0.6351663819233949	0.1478099173553719	0.46673452566096424	0.8792459662288932	0.4598188029661017	0.9336410396716825	0.8476785557986871	0.7827455571740713	0.5759996043521266	0.2980833333333333	0.5907348837209303	0.9956073730098559	0.9467077024213871	0.795311050197019	0.4054589814177563	0.7834717076700435	0.8217584605698096	0.6548300917431193	0.5993712696941612	0.8944322675159235	0.989982702287142	0.858540954274354	0.9236221819033127	0.7999571985755469	0.882681649321565	0.941912716311265	0.5907348837209303	0.6239594293865905	0.4128404651162791	0.6459770194614769	0.5458566742081448	0.8811227387771413	0.42856931249999997	0.7659797511312217	0.7440017347956132	0.800529344345188	0.5413055491329479	0.488434755210858	0.1478099173553719	0.5354607795371498	0.5891529411764707	0.7222097698744769	0.9910599731749377	0.1718924485125858	0.7859163751987283	0.9585543436905516	0.6521102685624013	0.7618969213226909	0.23960765550239232	0.7832732824427482	0.6549619963608005	0.5744157123834887	0.3264582924435721	0.7268600041339396	0.4527420233463035	0.7671334710743801	0.41034536290322576	0.6054215644820297	0.964433053482587	0.5096280369718309	0.9527566789348344	0.802136873747495	0.7480268527619423	0.23960765550239232	0.9889699583292955	0.9415354122265844	0.9134969967822667	0.9451784479911943	0.5936154185022027	0.9974391247428465	0.8205355665181413	0.7352722222222222	0.3181993865030675	0.2212577319587629	0.6195470960322025	0.5478373027798648	0.8960140743550835	0.9603255553227158	0.7572884622768286	0.5874029013539651	0.986429363449692	0.6897253658536586	0.6871341958041958	0.6450705882352942	0.5580740513191181	0.34675	0.7812183640007287	0.6771639923132357	0.1296797583081571	0.8152862552368675	0.4805162068965517	0.843377111111111	0.75027034509651	0.8217508675078864	0.8849700471698112	0.6667858074222668	0.37942044581091466	0.7222097698744769	0.7846572201189833	0.8238498125585754	0.995554743139303	0.41034536290322576	0.34675	0.9132247670250897	0.6681363363363363	0.8279478683966636	0.4585063636363636	0.47073392226148414	0.6081647656016721	0.9134969967822667	0.37942044581091466	0.6949063455832002	1.0	0.7887359832635983	0.9081383033106135	0.343392	0.5591996807378503	0.7859163751987283	0.6458711646586346	0.8426023370050609	0.7990276671771313	0.9115219843656044	0.523452398989899	0.8555942497496781	0.9591184615384615	0.9419951219512195	0.545098975720789	0.9591184615384615	0.6798697223551938	0.7572884622768286	0.860959757644075	0.9329485380116959	0.8328463832390273	0.7012170026881721	0.37942044581091466	0.9657789131108585	0.8238498125585754	0.9948797522629824
g__Pseudoflavonifractor_A	0.47073392226148414	0.9549363665491829	0.8578076890217856	0.3004199328107503	0.778331126554499	0.5936154185022027	0.663370909090909	0.8434673913043478	0.9906013228527607	0.5739002008032128	0.5361172983870968	0.55916175	0.7074528596568412	0.5519363602941176	0.7345833401305056	0.9231224578256794	0.6075000899550225	0.9528868079584775	0.9065912856967766	0.43905338479809974	0.33407830188679244	0.9134969967822667	0.9866104044548653	0.6798697223551938	0.8025045908183633	0.9306311706303394	0.8972349479232025	0.5171399224806201	0.9543520299946439	0.8035375641237796	0.9013933844441697	0.545098975720789	0.8781229894394802	0.8655196804037006	0.8555942497496781	0.8262936569478909	0.7356595006090134	0.8552155832974603	0.9054034249938621	0.457415397082658	0.9961180568631143	0.8966907126611069	0.970576615290395	0.9090907909124043	0.8956807999999999	0.8976598504672898	0.8458589969203695	0.49408561452513966	0.8968001640378549	0.5413055491329479	0.6757224975938402	0.630281019036954	0.9505636601592322	0.700121966101695	0.8792459662288932	0.3823783169067475	0.7187830390920554	0.3088880597014925	0.6465969181721573	0.5891529411764707	0.8011227869404242	0.5134028904227782	0.7887359832635983	0.46769091375770017	0.920215153655952	0.8821594655377695	0.9416828235294118	0.523452398989899	0.35445086705202317	0.963906977468591	0.7864628992628994	0.9352795779441796	0.44071498237367807	0.9519228562112815	0.5794458715596331	0.3004199328107503	0.9587959502214722	0.9512444420250409	0.8864130672926447	0.6681363363363363	0.5041119122257053	0.616389136087836	0.2980833333333333	0.9124308678973868	0.8546568596466025	0.6327394846217789	0.7851293484114162	0.7119406189555125	0.8957922013695155	0.8339435987212666	0.5739002008032128	0.9743704554655871	0.9382202371541501	0.6614589489718202	0.8171817525276841	0.7834717076700435	0.7038561540173603	0.5286141741988497	0.7692789385161652	0.82306382477626	0.6561065840433773	0.7668463102409638	0.9897273514970636	0.9329485380116959	0.5371951503006012	0.8698320963721962	0.548571284540702	0.868129209717956	0.48582353801169587	0.9228383135921191	0.7851293484114162	0.8717920606478292	0.6905402216578157	0.6230308617234469	0.1478099173553719	0.4227153298835705	0.5103082532751092	0.8238498125585754	0.7412067323151126	0.9329485380116959	0.8578076890217856	0.7887359832635983	1.0	0.407792590074779	0.30626344676180023	0.9726808677098151	0.895903292389515	0.6614589489718202	0.9549363665491829	0.8561495070724389	0.7525852598913886	0.7409860366713682	0.7095590463749184	0.717741858500528	0.821085377433138	0.9419951219512195	0.8698320963721962	0.8535176878612717	0.8579918112027296	0.8932899156441718	0.8832807844169518	0.9223370070422534	0.34675	0.7864628992628994	0.7834717076700435	0.9701684323550466	0.8247544774957172
g__Pseudoscilispira	0.9030292673902318	0.9806906138259833	0.8821594655377695	0.7063052619942516	0.9887924345295829	0.9183308447704686	0.6040477611940298	0.8867717076983196	0.802136873747495	0.9745688239457984	0.6655970846946468	0.5580740513191181	0.8434673913043478	0.36642439024390244	0.9134969967822667	0.8792459662288932	0.895903292389515	0.7428989017571885	0.8217584605698096	0.9013933844441697	0.8381580882352941	0.8350120235934664	0.4152798291721419	0.6047375796178344	0.5519363602941176	0.4527420233463035	0.7854097326203209	0.8434673913043478	0.9904271323035594	0.7089204932343954	0.7174452986022871	0.8698320963721962	0.8914773094170403	0.8385101138747377	0.9938200324954601	0.8515306374328444	0.9701684323550466	0.7586414690130069	0.8075871057362314	0.986429363449692	0.4490757175660161	0.9558225607158074	0.9236221819033127	0.9336410396716825	0.8514560727272728	0.8976598504672898	0.8785563283461383	0.43146607687614397	0.8601171634411641	0.9974391247428465	0.7063052619942516	0.8972349479232025	0.7951761486835311	0.9967310331860486	0.6588053763440861	0.6054215644820297	0.8071524799476184	0.800529344345188	0.9887924345295829	0.8476785557986871	0.8785563283461383	0.9701684323550466	0.9953125	0.6094775836541309	0.820133009244501	0.9284793678360541	0.8902040359897172	0.7851293484114162	0.9991172684019032	0.38978428465530024	0.5478373027798648	0.9671066192390968	0.7268600041339396	0.7859163751987283	0.8456494565217391	0.9957750213048007	0.8792459662288932	0.8217508675078864	0.9336410396716825	0.9961180568631143	0.75027034509651	0.8458589969203695	0.7310479975354282	0.9426007336594041	0.795311050197019	0.6614589489718202	0.9759478020319887	0.9848826121241991	0.9081383033106135	0.8397127802690583	0.9619471267957526	0.9336410396716825	0.8920521505376344	0.8323509188361409	0.9084492765957447	0.9426811044577511	0.8758389705882355	0.8290858881528269	0.9671066192390968	0.946498977460143	0.9117160720720722	0.9434263349917081	0.8152862552368675	0.920215153655952	0.7174452986022871	0.9644203694095672	0.9558225607158074	0.986429363449692	0.7038561540173603	0.8493226299694189	0.7887359832635983	0.8476785557986871	0.8896251640293323	0.9887924345295829	0.6094775836541309	0.7655442282259588	0.7610145793681005	0.995554743139303	0.8578076890217856	0.9753587002518892	0.7857818181818181	0.9081383033106135	0.407792590074779	1.0	0.7165420817369093	0.6094775836541309	0.808548	0.9967310331860486	0.5538453846153847	0.46673452566096424	0.9416828235294118	0.9961180568631143	0.8799993850267379	0.5203324393358876	0.8920521505376344	0.946498977460143	0.9434263349917081	0.9072012822078398	0.800529344345188	0.8206859248692344	0.9549363665491829	0.8761072069621975	0.9947304057279236	0.919601307882644	0.6548300917431193	0.9612649471591503	0.7996290519877676
g__Roseburia	0.9753587002518892	0.5041119122257053	0.9531462235649548	0.062389534883720926	0.8367172668374264	0.4304338071693449	0.20285444234404537	0.8458589969203695	0.7012170026881721	0.9524198483206935	0.44182804878048787	0.2813370786516854	0.7864628992628994	0.25212334801762115	0.24574809160305341	0.7893940748440748	0.4732839438033116	0.800529344345188	0.9569073637233025	0.3264582924435721	0.8884463348416289	0.9434653489399294	0.7352722222222222	0.2980833333333333	0.9108269732078205	0.9107409425981874	0.67364952681388	0.2628	0.8135321330534473	0.9013933844441697	0.4585063636363636	0.720130289672544	0.6368948844884489	0.8555942497496781	0.4054589814177563	0.41034536290322576	0.4585063636363636	0.4152798291721419	0.523452398989899	0.2587617021276596	0.9584132189386717	0.7038561540173603	0.40250584551148233	0.8546568596466025	0.9522889587852494	0.7692789385161652	0.6833407904022583	0.5405651437573848	0.5626362014690451	0.09055696202531645	0.6459770194614769	0.989982702287142	0.1296797583081571	0.8217508675078864	0.9237969484391441	0.7618969213226909	0.7874654774396642	0.11178125	0.6721990935815776	0.7089204932343954	0.2587617021276596	0.19550404858299592	0.4490757175660161	0.5409223515715949	0.30626344676180023	0.8849700471698112	0.3706289156626506	0.4152798291721419	0.6690528972892315	0.9321429951690822	0.8038500991080278	0.6272387789711702	0.8434673913043478	0.4490757175660161	0.5405651437573848	0.5945689622935495	0.8985427558761347	0.491218568019093	0.8555942497496781	0.9382202371541501	0.062389534883720926	0.45109266211604093	0.7142505784061697	0.9013028645833334	0.6094775836541309	0.37903846153846155	0.6459770194614769	0.3487575	0.407792590074779	0.9237969484391441	0.9895006765899865	0.5580740513191181	0.9897273514970636	0.20285444234404537	0.6649054197126292	0.9587959502214722	0.8122963892487046	0.7477767984189724	0.4128404651162791	0.11178125	0.5759996043521266	0.8811436893203882	0.5922888538048627	0.9948797522629824	0.9111080173347779	0.858540954274354	0.9889699583292955	0.9284793678360541	0.33658118081180816	0.8767603960396041	0.9543520299946439	0.7996290519877676	0.9701684323550466	0.5409223515715949	0.9961180568631143	0.625059385665529	0.8224119635277471	0.7951761486835311	0.6254431605777401	0.9239713067850053	0.9111080173347779	0.343392	0.30626344676180023	0.7165420817369093	1.0	0.8640858587277068	0.54950051986632	0.48582353801169587	0.8974505443624078	0.9192387268217787	0.9616993315926893	0.9801366007194245	0.8476785557986871	0.8385101138747377	0.950904347826087	0.55916175	0.7428989017571885	0.6588053763440861	0.7515242959798019	0.940710808988764	0.8132438531219671	0.9192387268217787	0.7671334710743801	0.686392778686609	0.7890386391251518	0.6465969181721573	0.8476785557986871
g__Roseburia_D	0.5458566742081448	0.6733330168005843	0.9183308447704686	0.7812183640007287	0.9426811044577511	0.995554743139303	0.8792459662288932	0.9974391247428465	0.989982702287142	0.738894846402587	0.8538512437095616	0.9938200324954601	0.9549363665491829	0.7409860366713682	0.6293912359550563	0.8014450865110029	0.897131047067707	0.28409386281588445	0.5361172983870968	0.6979531987295826	0.9951436732362182	0.5739002008032128	0.343392	0.3129875	0.9974391247428465	0.062389534883720926	0.47073392226148414	0.9519228562112815	0.7832732824427482	0.23960765550239232	0.457415397082658	0.2212577319587629	0.8792459662288932	0.9678138823044419	0.6009886029411764	0.9660890987921957	0.9467077024213871	0.5127551739130435	0.8634276637615969	0.9737771240506329	0.1296797583081571	0.9342253588516747	0.5570141300399564	0.779973851203501	0.8906729999999999	0.9183308447704686	0.9394157693174138	0.8097058966861599	0.9585543436905516	0.9543520299946439	0.5046238454706927	0.7535325608342989	0.5982740465116279	0.8655196804037006	0.7572884622768286	0.9891471727343144	0.6094775836541309	0.7156288547664746	0.680321331424481	0.9906013228527607	0.9701684323550466	0.9030292673902318	0.9848826121241991	0.8538512437095616	0.9326805785123967	0.8247544774957172	0.7627765844402277	0.795311050197019	0.4459878034682081	0.7108418358531318	0.3129875	0.4054589814177563	0.7535325608342989	0.9969900422733677	0.5413055491329479	0.9336410396716825	0.9599052217678515	0.28409386281588445	0.9713838423946243	0.7089204932343954	0.8749102392344498	0.9377496835443039	0.968337385674648	0.9794644460028051	0.9956073730098559	0.986429363449692	0.9434263349917081	0.8976598504672898	0.9425604006677797	0.6604112496818528	0.7012170026881721	0.9981393350765783	0.9187308865248227	0.6254431605777401	0.9805175643327348	0.9239713067850053	0.5334865008156606	0.7428327392871447	0.8205355665181413	0.800529344345188	0.8976598504672898	0.738894846402587	0.9897273514970636	0.9111080173347779	0.4128404651162791	0.8792459662288932	0.9531462235649548	0.9726808677098151	0.9349153136741432	0.34675	0.46454302872062664	0.8974505443624078	0.42389846841097634	0.6718745575221238	0.8860407218517066	0.9603255553227158	0.9543520299946439	0.9729803147208121	0.7890386391251518	0.9505636601592322	0.6024306047648136	0.5591996807378503	0.9726808677098151	0.6094775836541309	0.8640858587277068	1.0	0.9591184615384615	0.882681649321565	0.5361172983870968	0.1478099173553719	0.8434673913043478	0.7108418358531318	0.6989605388272584	0.9030292673902318	0.7893940748440748	0.9713838423946243	0.9745699090909091	0.7851293484114162	0.8849700471698112	0.6344822455752213	0.42856931249999997	0.5432952	0.8417567789034565	0.7085889034799738	0.9897273514970636	0.7586414690130069	0.6744386933461909
g__Rothia	0.9842317521494218	0.9253100267535186	0.5512336908284023	0.895903292389515	0.9254817357964448	0.63116484375	0.6909439917127072	0.4732839438033116	0.5203324393358876	0.9981393350765783	0.7923632533241236	0.9801366007194245	0.7095590463749184	0.1601641791044776	0.8214835677042186	0.8920521505376344	0.6344822455752213	0.9616993315926893	0.523452398989899	0.9215486006585136	0.860959757644075	0.7310479975354282	0.38612293853073465	0.1296797583081571	0.7859163751987283	0.9805175643327348	0.8195983240223463	0.3823783169067475	0.9805175643327348	0.9745699090909091	0.6871341958041958	0.6721990935815776	0.6075000899550225	0.6394179738562091	0.705648869680851	0.8328463832390273	0.8429449316290131	0.9560490794934554	0.7356595006090134	0.7762767138393678	0.9081383033106135	0.575116197416363	0.5384594306049822	0.33407830188679244	0.37354746835443037	0.37354746835443037	0.46769091375770017	0.3452582608695652	0.9183308447704686	0.5458566742081448	0.491218568019093	0.6839344827586207	0.491218568019093	0.8974505443624078	0.9587959502214722	0.9619471267957526	0.4988544251824818	0.4585063636363636	0.7572884622768286	0.5739002008032128	0.062389534883720926	0.8290858881528269	0.941766089191908	0.062389534883720926	0.5354607795371498	0.062389534883720926	0.3004199328107503	0.8597573189740683	0.616389136087836	0.836946976534296	0.9578647283531408	0.7846572201189833	0.5626362014690451	0.952261179281138	0.8546568596466025	0.9901575612097935	0.6972587445985899	0.7165420817369093	0.9836661486687124	0.7704102774157513	0.5945689622935495	0.23960765550239232	0.41034536290322576	0.8273126353232292	0.27040981432360744	0.9723809334960342	0.548571284540702	0.5642417041912019	0.062389534883720926	0.7488115384615386	0.685326393442623	0.062389534883720926	0.6081647656016721	0.696243322698268	0.82896519524618	0.9606446922110552	0.9352795779441796	0.37354746835443037	0.5905143497757848	0.6940411118737132	0.8515306374328444	0.9336410396716825	0.868129209717956	0.8565812500000001	0.7844196205962061	0.7812183640007287	0.8960140743550835	0.5203324393358876	0.28409386281588445	0.9906013228527607	0.3264582924435721	0.45580419847328246	0.9678138823044419	0.680321331424481	0.7495934573947111	0.062389534883720926	0.8578076890217856	0.11178125	0.821085377433138	0.8312167483910511	0.4337787915407855	0.7859163751987283	0.895903292389515	0.808548	0.54950051986632	0.9591184615384615	1.0	0.7480268527619423	0.6839344827586207	0.6940411118737132	0.8817897218543046	0.7325971153846154	0.8295806080147397	0.5354607795371498	0.5409223515715949	0.062389534883720926	0.3088880597014925	0.4775826237623762	0.75027034509651	0.8880827586206896	0.8440557607090103	0.9045454243542436	0.8724294133847426	0.45109266211604093	0.8998689059977648	0.1601641791044776	0.6604112496818528
g__Ruminiclostridium_E	0.5733791386271871	0.545098975720789	0.5673356557377048	0.20285444234404537	0.2628	0.8754198279393691	0.4337787915407855	0.5432952	0.6495377777777778	0.5286141741988497	0.18343589743589744	0.7370897789495032	0.8312167483910511	0.43905338479809974	0.6024306047648136	0.8874970027247956	0.3264582924435721	0.9245995460893854	0.3997675352112676	0.3264582924435721	0.8157010135135135	0.9961180568631143	0.9569073637233025	0.5134028904227782	0.7525852598913886	0.9893240785527715	0.28409386281588445	0.38978428465530024	0.5134028904227782	0.9701684323550466	0.9336410396716825	0.49030905151661053	0.969148599281683	0.8503899723475477	0.7515242959798019	0.8888079422382672	0.9580884342202903	0.6909439917127072	0.7012170026881721	0.727724303693006	0.9585543436905516	0.8561495070724389	0.6904538229842446	0.6807701474785918	0.37354746835443037	0.46673452566096424	0.49030905151661053	0.34051223934723485	0.4956203883495146	0.7242753753127605	0.805177761341223	0.9111080173347779	0.45580419847328246	0.9799504505406489	0.5997220411927451	0.8811227387771413	0.7864628992628994	0.11178125	0.7851293484114162	0.6212036144578313	0.4152798291721419	0.28409386281588445	0.8071524799476184	0.44182804878048787	0.9560490794934554	0.7095590463749184	0.9072012822078398	0.43905338479809974	0.32322289156626505	0.7871029612756265	0.6094775836541309	0.9861973562653562	0.39781350000000004	0.8110841704471808	0.6667858074222668	1.0	0.7990276671771313	0.7857818181818181	0.8503899723475477	0.5519363602941176	0.8503899723475477	0.062389534883720926	0.28409386281588445	0.39781350000000004	0.6690528972892315	0.4527420233463035	0.8373016671673175	0.7156288547664746	0.6099459905660378	0.9889699583292955	0.9657789131108585	0.49408561452513966	0.25212334801762115	0.35445086705202317	0.09055696202531645	0.7864628992628994	0.8025045908183633	0.3129875	0.46454302872062664	0.5512336908284023	0.8972349479232025	0.9974391247428465	0.9910599731749377	0.8034902985074627	0.2628	0.6698890625	0.45109266211604093	0.33658118081180816	0.8821594655377695	0.5242180944421229	0.21154301075268817	0.779973851203501	0.6521102685624013	0.6757224975938402	0.9618312942892873	0.488434755210858	0.34675	0.9350724667349027	0.9961180568631143	0.8256538043478261	0.7012170026881721	0.6458711646586346	0.6614589489718202	0.9967310331860486	0.48582353801169587	0.882681649321565	0.7480268527619423	1.0	0.8217584605698096	0.5016900954111768	0.8717920606478292	0.8736144052682124	0.9223370070422534	0.7890386391251518	0.9111080173347779	0.20285444234404537	0.9512444420250409	0.5733791386271871	0.8385101138747377	0.8025045908183633	0.9599052217678515	0.8758389705882355	0.755925549132948	0.7854097326203209	0.6825827122641509	0.6904538229842446	0.986429363449692
g__Ruminococcus_B	0.802136873747495	0.8373016671673175	0.6239594293865905	0.9701684323550466	0.407792590074779	0.45109266211604093	0.5409223515715949	0.6094775836541309	0.727724303693006	0.45109266211604093	0.5608179858657244	0.6212036144578313	0.7258421739130435	0.11178125	0.8799993850267379	0.343392	0.8936335120643432	0.5907348837209303	0.7854097326203209	0.1601641791044776	0.930143986135182	0.4152798291721419	0.062389534883720926	0.7883770480349344	0.5806787859007833	0.8345428679817904	0.630281019036954	0.7428989017571885	0.5982740465116279	0.20285444234404537	0.800529344345188	0.3943739350180505	0.8576229891614375	0.3004199328107503	0.8902040359897172	0.43146607687614397	0.11178125	0.6940411118737132	0.1478099173553719	0.4459878034682081	0.42389846841097634	0.11178125	0.6733330168005843	0.38978428465530024	0.062389534883720926	0.964433053482587	0.49408561452513966	0.9134969967822667	0.8896251640293323	0.45541605960264897	0.09055696202531645	0.705648869680851	0.19550404858299592	0.062389534883720926	0.7938759428276219	0.9974391247428465	0.09055696202531645	0.8888079422382672	0.2587617021276596	0.37942044581091466	0.9805175643327348	0.1718924485125858	0.9072012822078398	0.8373016671673175	0.8792459662288932	0.5993712696941612	0.5033638374717834	0.6107688105726873	0.2212577319587629	0.5945689622935495	0.062389534883720926	0.8064519750860516	0.8837626084669996	0.9267908215363192	0.44182804878048787	0.32322289156626505	0.2212577319587629	0.8279478683966636	0.7488115384615386	0.8974505443624078	0.6094775836541309	0.8785563283461383	0.8691840902758429	0.8972349479232025	0.9585543436905516	0.9081383033106135	0.9841438421208825	0.5982740465116279	0.8811436893203882	0.9801366007194245	0.3997675352112676	0.963906977468591	0.9543520299946439	0.1478099173553719	0.9279890266512166	0.4753292974588939	0.49690587425424504	0.5270201982651797	0.8535176878612717	0.6129316802800466	0.8692259248956886	0.39781350000000004	0.9471570177359317	0.8503899723475477	0.1601641791044776	0.6129316802800466	0.5046238454706927	0.062389534883720926	0.3181993865030675	0.48582353801169587	0.18343589743589744	0.343392	0.5127551739130435	0.5371951503006012	0.4527420233463035	0.6904538229842446	0.5103082532751092	0.7089204932343954	0.5993712696941612	0.840688498879761	0.3264582924435721	0.8426023370050609	0.9549363665491829	0.5538453846153847	0.8974505443624078	0.5361172983870968	0.6839344827586207	0.8217584605698096	1.0	0.09055696202531645	0.8634276637615969	0.8869101818181818	0.9183308447704686	0.9878253802652106	0.5405651437573848	0.836946976534296	0.705648869680851	0.5759996043521266	0.062389534883720926	0.6230308617234469	0.5945689622935495	0.7174452986022871	0.755925549132948	0.5033638374717834	0.8014450865110029	0.9745699090909091	0.6839344827586207
g__Ruminococcus_C	0.3088880597014925	0.5193012858979854	0.7048326743669481	0.9371245838523384	0.625059385665529	0.523452398989899	0.5669624871178289	0.7851293484114162	0.9651570009313878	0.28409386281588445	0.5759996043521266	0.7893940748440748	0.9515839443054499	0.7859163751987283	0.8367172668374264	0.4337787915407855	0.8206760641677254	0.4152798291721419	0.75027034509651	0.1296797583081571	0.5642417041912019	0.6604112496818528	0.616389136087836	0.8555942497496781	0.9591184615384615	0.6407698451507743	0.9336410396716825	0.9387959823947636	0.9451784479911943	0.22982372322899505	0.940710808988764	0.1601641791044776	0.7851293484114162	0.8785563283461383	0.9657789131108585	0.9254817357964448	0.6918217041800644	0.7862841325811001	0.5242180944421229	0.7208696480938417	0.062389534883720926	0.43905338479809974	0.6823047089446285	0.7440017347956132	0.9543520299946439	0.8976598504672898	0.7844196205962061	0.941766089191908	0.8972349479232025	0.5127551739130435	0.11178125	0.5203324393358876	0.6757224975938402	0.5361172983870968	0.7142505784061697	0.7303440419839473	0.5905143497757848	0.5642380753138074	0.3004199328107503	0.3706289156626506	0.5220118120237087	0.22982372322899505	0.9519228562112815	0.6549619963608005	0.7048326743669481	0.3997675352112676	0.9961180568631143	0.9906013228527607	0.1296797583081571	0.1296797583081571	0.1478099173553719	0.9527566789348344	0.9183308447704686	0.6825827122641509	0.7011691840863116	0.7105031942633638	0.9130605294681361	0.6595264931087289	0.738894846402587	0.655027129174217	0.9350724667349027	0.5314944285129045	0.8450662499999999	0.5384594306049822	0.7258421739130435	0.7460498409542743	0.45541605960264897	0.4836581167238842	0.7671334710743801	0.8476785557986871	0.27836575875486386	0.7105031942633638	0.7668463102409638	0.43146607687614397	0.49690587425424504	0.5432952	0.6458711646586346	0.35445086705202317	0.5413055491329479	0.5134028904227782	0.9505636601592322	0.46673452566096424	0.9880046858256212	0.6614589489718202	0.11178125	0.8896251640293323	0.6047375796178344	0.5134028904227782	0.7834717076700435	0.625059385665529	0.7858733759318425	0.46982308868501527	0.43146607687614397	0.6972587445985899	0.7089204932343954	0.5936154185022027	0.6107688105726873	0.3264582924435721	0.8515306374328444	0.715170558050032	0.22982372322899505	0.7990276671771313	0.8561495070724389	0.46673452566096424	0.9192387268217787	0.1478099173553719	0.6940411118737132	0.5016900954111768	0.09055696202531645	1.0	0.45541605960264897	0.7655442282259588	0.43146607687614397	0.6918217041800644	0.9419951219512195	0.343392	0.6081647656016721	0.6702233564013841	0.2628	0.8968001640378549	0.5458566742081448	0.9318733678756476	0.38978428465530024	0.6129316802800466	0.9072012822078398	0.6368948844884489	0.6723572614107883
g__Ruminococcus_E	0.6655970846946468	0.6733330168005843	0.407792590074779	0.8869101818181818	0.9723809334960342	0.8627681722245674	0.8817897218543046	0.7480268527619423	0.6535590646347872	0.9336410396716825	0.44071498237367807	0.680893268547049	0.4263928616550853	0.9938200324954601	0.963493048628429	0.5945689622935495	0.8097058966861599	0.7668463102409638	0.9558225607158074	0.1718924485125858	0.9245995460893854	0.9667976576204727	0.6163158536585366	0.617882939481268	0.9531462235649548	0.5945689622935495	0.7854097326203209	0.7187830390920554	0.4304338071693449	0.8976598504672898	0.82896519524618	0.9100398132427845	0.8122963892487046	0.9897273514970636	0.5840615634122608	0.9486044570679485	0.9887924345295829	0.9734790817877774	0.5905143497757848	0.8217584605698096	0.8815157279489904	0.9842317521494218	0.8849700471698112	0.9901575612097935	0.8238498125585754	0.9651570009313878	0.9964716342082981	0.8972349479232025	0.8071524799476184	0.5103082532751092	0.8792459662288932	0.22982372322899505	0.8817698859113823	0.6909439917127072	0.6327394846217789	0.9130605294681361	0.882681649321565	0.7085889034799738	0.7572884622768286	0.20285444234404537	0.9580884342202903	0.28409386281588445	0.062389534883720926	0.9745688239457984	0.8247544774957172	0.9774143530591776	0.8140818284424379	0.37903846153846155	0.6412462246278755	0.44071498237367807	0.8869101818181818	0.5608179858657244	0.5759996043521266	0.9336410396716825	0.7074528596568412	0.9956073730098559	0.457415397082658	0.5720783108108108	0.5688634909833277	0.9810743523573202	0.9267908215363192	0.8334677714983961	0.843377111111111	0.7999571985755469	0.7428327392871447	0.5016900954111768	0.6151648121176814	0.843377111111111	0.8785563283461383	0.74633775044634	0.34675	0.9486044570679485	0.8177228365384615	0.6721990935815776	0.9477093216630198	0.617882939481268	0.6715477799703995	0.7165420817369093	0.5642380753138074	0.9429300099700898	0.6949063455832002	0.8362343844296922	0.821085377433138	0.769702088772846	0.9726808677098151	0.770686345903771	0.3264582924435721	0.8698320963721962	0.8849700471698112	0.9593462088547692	0.9805175643327348	0.9696527638190955	0.5371951503006012	0.5922888538048627	0.8135321330534473	0.8985427558761347	0.9778041595670042	0.9593462088547692	0.9153699964323939	0.7480268527619423	0.897131047067707	0.9115219843656044	0.7525852598913886	0.9416828235294118	0.9616993315926893	0.8434673913043478	0.8817897218543046	0.8717920606478292	0.8634276637615969	0.45541605960264897	1.0	0.9926226324851731	0.8974505443624078	0.9142310981419725	0.9431784196547145	0.8864130672926447	0.9377496835443039	0.9584132189386717	0.7883770480349344	0.8884463348416289	0.686392778686609	0.43905338479809974	0.7079446467749013	0.63116484375	0.38612293853073465	0.9124308678973868	0.9961180568631143
g__Ruthenibacterium	0.843377111111111	0.6733330168005843	0.8334677714983961	0.9753587002518892	0.9528868079584775	0.8058818942875903	0.8811436893203882	0.7017345174262736	0.4527420233463035	0.8758389705882355	0.8358764732547597	0.9394157693174138	0.6327394846217789	0.9961180568631143	0.38978428465530024	0.95488782785569	0.8660527023242789	0.8025045908183633	0.5907348837209303	0.49030905151661053	0.9974391247428465	0.3264582924435721	0.8293336665641341	0.7012170026881721	0.22982372322899505	0.7428327392871447	0.8555942497496781	0.6327394846217789	0.9352795779441796	0.8206760641677254	0.7854097326203209	0.7325971153846154	0.8434673913043478	0.7012170026881721	0.3004199328107503	0.9192387268217787	0.9261904667905247	0.9431784196547145	0.9953125	0.9974391247428465	0.8792459662288932	0.9897273514970636	0.9897273514970636	0.8968001640378549	0.5405651437573848	0.7089204932343954	0.9967310331860486	0.8698320963721962	0.897131047067707	0.9549363665491829	0.9806906138259833	0.8733403489490315	0.9467077024213871	0.8733403489490315	0.8537814201353882	0.9957750213048007	0.062389534883720926	0.7862841325811001	0.9723809334960342	0.6721990935815776	0.6549619963608005	0.6681363363363363	0.7762767138393678	0.18343589743589744	0.9947304057279236	0.27836575875486386	0.8849700471698112	0.8347778366914103	0.932519213973799	0.970576615290395	0.8781229894394802	0.8334677714983961	0.8885700232378001	0.4988544251824818	0.5427219708588956	0.3295508637236085	0.964433053482587	0.9543520299946439	0.6690528972892315	0.9593462088547692	0.8974505443624078	0.9132247670250897	0.8110841704471808	0.9657789131108585	0.5828494952784109	0.4753292974588939	0.800529344345188	0.6212036144578313	0.55916175	0.7999571985755469	0.8860407218517066	0.38978428465530024	0.9352795779441796	0.7893940748440748	0.897131047067707	0.8960140743550835	0.9794644460028051	0.5733791386271871	0.9806906138259833	0.9805175643327348	0.9543520299946439	0.44182804878048787	0.9515839443054499	0.8790548539114044	0.6047375796178344	0.2813370786516854	0.9578647283531408	0.75027034509651	0.5642380753138074	0.8025045908183633	0.062389534883720926	0.6327394846217789	0.8902040359897172	0.9334297891842347	0.8235849012229539	0.8775017482043638	0.9111080173347779	0.39192841490138786	0.9765361049668209	0.6655970846946468	0.5891529411764707	0.523452398989899	0.7409860366713682	0.9961180568631143	0.9801366007194245	0.7108418358531318	0.7325971153846154	0.8736144052682124	0.8869101818181818	0.7655442282259588	0.9926226324851731	1.0	0.9696527638190955	0.7535325608342989	0.6744386933461909	0.5220118120237087	0.901716810770751	0.4337787915407855	0.816507874015748	0.9314958165264493	0.9419951219512195	0.8339435987212666	0.9025963333333333	0.3181993865030675	0.74633775044634	0.7530599187149215	0.6327394846217789
g__Sarcina	0.22982372322899505	0.989982702287142	0.9806906138259833	0.5806787859007833	0.7858733759318425	0.820133009244501	0.9394157693174138	0.8972349479232025	0.9245995460893854	0.39192841490138786	0.680321331424481	0.9030292673902318	0.8011227869404242	0.7063052619942516	0.8885700232378001	0.7105031942633638	0.6293912359550563	0.8262936569478909	0.3943739350180505	0.7984244376278118	0.577823076923077	0.75027034509651	0.7854097326203209	0.9755552748137709	0.6744386933461909	0.7507524513618676	0.5580740513191181	0.9134969967822667	0.941766089191908	0.952261179281138	0.9880046858256212	0.9734790817877774	0.062389534883720926	0.8247544774957172	0.67364952681388	0.5458566742081448	0.9217266032417194	0.9737771240506329	0.4598188029661017	0.6698890625	0.7119406189555125	0.7071144275314362	0.062389534883720926	0.940710808988764	0.5512336908284023	0.4805162068965517	0.6081647656016721	0.5922888538048627	0.9467077024213871	0.9217266032417194	0.9416828235294118	0.8957922013695155	0.3129875	0.8849700471698112	0.8538512437095616	0.7834717076700435	0.8152862552368675	0.995554743139303	0.739867372881356	0.9974391247428465	0.8411605757756563	0.8804923076923076	0.9974391247428465	0.8976598504672898	0.8972349479232025	0.1478099173553719	0.7788692223439211	0.8387356020942408	0.9336410396716825	0.8960140743550835	0.9585543436905516	0.9613818438381937	0.9103475832828589	0.4625625789473684	0.9697587439811495	0.9810743523573202	0.062389534883720926	0.9701623771498772	0.9889699583292955	0.802136873747495	0.6081647656016721	0.7174452986022871	0.9074036223929748	0.8592107249255213	0.6549619963608005	0.986429363449692	0.6690528972892315	0.808548	0.5409223515715949	0.7586414690130069	0.9072012822078398	0.9352795779441796	0.8864130672926447	0.9382202371541501	0.6721990935815776	0.7692789385161652	0.5642417041912019	0.488434755210858	0.9426811044577511	0.9851635083226633	0.8092430295124735	0.897131047067707	0.7310479975354282	0.986429363449692	0.6407698451507743	0.21154301075268817	0.5478373027798648	0.3004199328107503	0.8058818942875903	0.5413055491329479	0.7017345174262736	0.3452582608695652	0.9471570177359317	0.8293336665641341	0.630281019036954	0.5413055491329479	0.6239594293865905	0.7108418358531318	0.820133009244501	0.49408561452513966	0.6702233564013841	0.8555942497496781	0.7095590463749184	0.8799993850267379	0.8476785557986871	0.6989605388272584	0.8295806080147397	0.9223370070422534	0.9183308447704686	0.43146607687614397	0.8974505443624078	0.9696527638190955	1.0	0.5840615634122608	0.9107409425981874	0.8976598504672898	0.8867717076983196	0.5739002008032128	0.5669624871178289	0.18343589743589744	0.8607818797629128	0.9759478020319887	0.9599052217678515	0.062389534883720926	0.9961180568631143	0.37903846153846155	0.9801366007194245
g__Schaedlerella	0.8256538043478261	0.9237969484391441	0.6195470960322025	0.9237969484391441	0.5371951503006012	0.9948797522629824	0.843377111111111	0.9773182831325302	0.9805175643327348	0.1601641791044776	0.7345833401305056	0.9362274807430901	0.6549619963608005	0.7460498409542743	0.8698320963721962	0.37942044581091466	0.858540954274354	0.9527566789348344	0.5874029013539651	0.6075000899550225	0.9806906138259833	0.919601307882644	0.6807701474785918	0.575116197416363	0.8968001640378549	0.7704102774157513	0.897131047067707	0.9448292607689766	0.9887924345295829	0.9806906138259833	0.9878253802652106	0.7530599187149215	0.9889699583292955	0.8537814201353882	0.3181993865030675	0.9084492765957447	0.7428989017571885	0.8334677714983961	0.9801366007194245	0.9030292673902318	0.9419951219512195	0.8727053630363037	0.2924324644549763	0.9326805785123967	0.8295806080147397	0.5918907648365598	0.680321331424481	0.2924324644549763	0.8247544774957172	0.4956203883495146	0.5945689622935495	0.2813370786516854	0.48582353801169587	0.9961180568631143	0.9108269732078205	0.9806906138259833	0.9103475832828589	0.7345833401305056	0.8520989847715735	0.5806787859007833	0.8235849012229539	0.9094001577669902	0.8347778366914103	0.5642417041912019	0.9560490794934554	0.35916000000000003	0.9866104044548653	0.6009886029411764	0.9897273514970636	0.9329485380116959	0.9111080173347779	0.860959757644075	0.2212577319587629	0.4928122748815166	0.8140818284424379	0.8092430295124735	0.46769091375770017	0.8709948044769933	0.9172349946600213	0.9405618897637796	0.7890386391251518	0.4184810546875	0.7017345174262736	0.6107688105726873	0.840688498879761	0.8578076890217856	0.9531462235649548	0.6163158536585366	0.8792459662288932	0.5559433734939758	0.4128404651162791	0.9090907909124043	0.9901575612097935	0.9377496835443039	0.696243322698268	0.9524198483206935	0.33407830188679244	0.9467077024213871	0.9616993315926893	0.8976598504672898	0.9084492765957447	0.793120641489912	0.705648869680851	0.9228383135921191	0.9848826121241991	0.8767603960396041	0.9612649471591503	0.9729803147208121	0.7832732824427482	0.9599052217678515	0.8761072069621975	0.3295508637236085	0.8097058966861599	0.9425604006677797	0.8387356020942408	0.9897273514970636	0.986429363449692	0.3004199328107503	0.3088880597014925	0.9524198483206935	0.8206760641677254	0.9591184615384615	0.717741858500528	0.5203324393358876	0.8385101138747377	0.9030292673902318	0.5354607795371498	0.7890386391251518	0.9878253802652106	0.6918217041800644	0.9142310981419725	0.7535325608342989	0.5840615634122608	1.0	0.7142505784061697	0.7515242959798019	0.4227153298835705	0.715170558050032	0.9005305000620425	0.49322295774647884	0.11178125	0.9599052217678515	0.8565812500000001	0.4928122748815166	0.9061645564961355	0.6888327590221187	0.5203324393358876
g__Sellimonas	0.8880827586206896	0.7480268527619423	0.9419951219512195	0.5642417041912019	0.7637982944855031	0.9543520299946439	0.9847083555555557	0.8640858587277068	0.6871341958041958	0.5982740465116279	0.6823047089446285	0.7990276671771313	0.8157010135135135	0.7352722222222222	0.1601641791044776	0.6833407904022583	0.8960140743550835	0.7854097326203209	0.1718924485125858	0.8914773094170403	0.7488115384615386	0.7890386391251518	0.9467077024213871	0.577823076923077	0.6744386933461909	0.9253100267535186	0.802136873747495	0.9560490794934554	0.7356595006090134	0.35445086705202317	0.6825827122641509	0.6407698451507743	0.8273126353232292	0.28409386281588445	0.6905402216578157	0.7788692223439211	0.2980833333333333	0.8597573189740683	0.7460498409542743	0.941766089191908	0.989982702287142	0.5642417041912019	0.09055696202531645	0.457415397082658	0.663370909090909	0.7859163751987283	0.9603255553227158	0.9107409425981874	0.8217584605698096	0.9748660779168349	0.7475766990291263	0.9948797522629824	0.738894846402587	0.9467077024213871	0.9209364909390445	0.8809841782283885	0.343392	0.2813370786516854	0.9178548914976876	0.8891597424339986	0.7475766990291263	0.9005305000620425	0.8235849012229539	0.6549619963608005	0.9755552748137709	0.4263928616550853	0.954148966853207	0.9448292607689766	0.9657789131108585	0.5936154185022027	0.6561065840433773	0.4363083233532934	0.6568421621621622	0.8993180835197614	0.8698320963721962	0.9528868079584775	0.9948797522629824	0.680321331424481	0.5918907648365598	0.6744386933461909	0.7788692223439211	0.6979531987295826	0.7340416309012876	1.0	0.9558225607158074	0.5096280369718309	0.950904347826087	0.8515306374328444	0.6024306047648136	0.4598188029661017	0.9405618897637796	0.8030424418604651	0.9415354122265844	0.8701131637168142	0.67364952681388	0.9619471267957526	0.2980833333333333	0.8555942497496781	0.8546568596466025	0.4988544251824818	0.6905402216578157	0.9382202371541501	0.46769091375770017	0.9371245838523384	0.9866104044548653	0.5673356557377048	0.8592107249255213	0.6871341958041958	0.3295508637236085	0.8367172668374264	0.7655442282259588	0.8960140743550835	0.54950051986632	0.7844196205962061	0.7074528596568412	0.9377496835443039	0.7477767984189724	0.6009886029411764	0.5559433734939758	0.9426811044577511	0.2628	0.9419951219512195	0.821085377433138	0.8920521505376344	0.950904347826087	0.7893940748440748	0.5409223515715949	0.9111080173347779	0.5405651437573848	0.9419951219512195	0.9431784196547145	0.6744386933461909	0.9107409425981874	0.7142505784061697	1.0	0.575116197416363	0.9953125	0.5759996043521266	0.8247544774957172	0.46769091375770017	0.8515306374328444	0.700489116719243	0.680893268547049	0.9223370070422534	0.7890386391251518	0.941912716311265	0.8698320963721962
g__Streptococcus	0.8097058966861599	0.9209364909390445	0.8817698859113823	0.6690528972892315	0.34051223934723485	0.7030325005576623	0.5384594306049822	0.5427219708588956	0.793120641489912	0.7610145793681005	0.6897253658536586	0.769702088772846	0.4956203883495146	0.457415397082658	0.625059385665529	0.8832807844169518	0.3088880597014925	0.995554743139303	0.20285444234404537	0.2587617021276596	0.9074036223929748	0.7074528596568412	0.8555942497496781	0.062389534883720926	0.6744386933461909	0.8350120235934664	0.8698320963721962	0.3943739350180505	0.9501186640471514	0.7208696480938417	0.9938200324954601	0.3487575	0.9528868079584775	0.3706289156626506	0.7716763636363637	0.7409860366713682	0.22982372322899505	0.8932899156441718	0.7254540287320425	0.6283183431952664	0.7858733759318425	0.09055696202531645	0.38612293853073465	0.32322289156626505	0.3706289156626506	0.11178125	0.663370909090909	0.343392	0.9013933844441697	0.44071498237367807	0.8293336665641341	0.46769091375770017	0.21154301075268817	0.5409223515715949	0.9419951219512195	0.9750634365231421	0.39781350000000004	0.3004199328107503	0.8984372727272727	0.6825827122641509	0.062389534883720926	0.3295508637236085	0.8785563283461383	0.062389534883720926	0.6702233564013841	0.062389534883720926	0.6667858074222668	0.9244687631271877	0.2980833333333333	0.5519363602941176	0.5610413974719102	0.9891471727343144	0.6825827122641509	0.8025045908183633	0.4598188029661017	0.9074036223929748	0.8945457702582369	0.9750634365231421	0.9806906138259833	0.34675	0.9131427563105635	0.09055696202531645	0.7864628992628994	0.19550404858299592	0.23960765550239232	0.986429363449692	0.7079446467749013	0.1601641791044776	0.19550404858299592	0.5267214404662781	0.33407830188679244	0.062389534883720926	0.42856931249999997	0.37942044581091466	0.11178125	0.9311175683469836	0.9897273514970636	0.3295508637236085	0.09055696202531645	0.5707668928086838	0.9187308865248227	0.9535071820824809	0.9132247670250897	0.9961180568631143	0.32322289156626505	0.09055696202531645	0.3129875	0.5993712696941612	0.6561065840433773	0.8132438531219671	0.5361172983870968	0.062389534883720926	0.3181993865030675	0.6412462246278755	0.630281019036954	0.062389534883720926	0.9806906138259833	0.062389534883720926	0.9111080173347779	0.343392	0.8906729999999999	0.545098975720789	0.9419951219512195	0.946498977460143	0.55916175	0.9713838423946243	0.062389534883720926	0.20285444234404537	0.836946976534296	0.343392	0.8864130672926447	0.5220118120237087	0.8976598504672898	0.7515242959798019	0.575116197416363	1.0	0.6690528972892315	0.1296797583081571	0.995554743139303	0.3264582924435721	0.7832732824427482	0.9569073637233025	0.2587617021276596	0.1296797583081571	0.9183308447704686	0.24574809160305341	0.6561065840433773
g__Sutterella	0.7858733759318425	0.9267908215363192	0.6934899518238128	0.8743995346927603	0.37942044581091466	0.768998052069676	0.8448548387096774	0.8529848835527268	0.696243322698268	0.8555942497496781	0.6723572614107883	0.8520989847715735	0.9124308678973868	0.7788692223439211	0.9549363665491829	0.7079446467749013	0.9974391247428465	0.8030424418604651	0.5945689622935495	0.5945689622935495	0.8817897218543046	0.9244687631271877	0.9524198483206935	0.47073392226148414	0.9434653489399294	0.9336410396716825	0.9467077024213871	0.9236221819033127	0.9649452144188937	0.9974391247428465	0.4598188029661017	0.8110841704471808	0.6579108600770219	0.6979531987295826	0.5432952	0.9910599731749377	0.6823047089446285	0.8906729999999999	0.7762767138393678	0.5458566742081448	0.8660527023242789	0.9731805558373061	0.4598188029661017	0.1478099173553719	0.575116197416363	0.5538453846153847	0.46673452566096424	0.5071370026525198	0.6909439917127072	0.5046238454706927	0.523452398989899	0.575116197416363	0.9599052217678515	0.805177761341223	0.9072012822078398	0.6918217041800644	0.5659982050396962	0.802136873747495	0.9618155555555555	0.30626344676180023	0.7320491490670494	0.8515306374328444	0.804207058242843	0.800529344345188	0.8888079422382672	0.4184810546875	0.9543520299946439	0.9866104044548653	0.8177228365384615	0.5642380753138074	0.9131427563105635	0.8217584605698096	0.8345428679817904	0.9134969967822667	0.8798586691658857	0.4054589814177563	0.9394157693174138	0.8592107249255213	0.5922888538048627	0.8214835677042186	0.9745688239457984	0.770686345903771	0.8974505443624078	0.7951761486835311	0.5134028904227782	0.8448548387096774	0.7515242959798019	0.9050860636598256	0.5642380753138074	0.5626362014690451	0.5242180944421229	0.9618312942892873	0.21154301075268817	0.6047375796178344	0.9679222794193348	0.8552155832974603	0.6465969181721573	0.9618155555555555	0.742170084269663	0.986429363449692	0.7440017347956132	0.9549363665491829	0.8993180835197614	0.6508270783847981	0.6579108600770219	0.8648640942893223	0.7671334710743801	0.7788692223439211	0.9081383033106135	0.8561495070724389	0.9858209185680566	0.7142505784061697	0.9884584808403035	0.8493226299694189	0.8937483809280979	0.882681649321565	0.932519213973799	0.8038500991080278	0.795311050197019	0.970576615290395	0.8599375212224109	0.9591184615384615	0.8698320963721962	0.9434263349917081	0.7428989017571885	0.9745699090909091	0.3088880597014925	0.9512444420250409	0.705648869680851	0.6081647656016721	0.9377496835443039	0.901716810770751	0.8867717076983196	0.4227153298835705	0.9953125	0.6690528972892315	1.0	0.9961180568631143	0.964433053482587	0.9897273514970636	0.6508270783847981	0.9755552748137709	0.7887359832635983	0.49690587425424504	0.9336410396716825	0.9713838423946243	0.9619471267957526
g__Terrisporobacter	0.8950000381242852	0.9543520299946439	0.8537814201353882	0.548571284540702	0.7649620670073821	0.3706289156626506	0.7165420817369093	0.7610145793681005	0.9505636601592322	0.9124308678973868	0.720130289672544	0.5591996807378503	0.8247544774957172	0.9237969484391441	0.7079446467749013	0.74633775044634	0.55916175	0.968337385674648	0.491218568019093	0.407792590074779	0.5334865008156606	0.8640858587277068	0.7859163751987283	0.9183308447704686	0.6458711646586346	0.9108269732078205	0.9522889587852494	0.7038561540173603	0.9297800994449583	0.6107688105726873	0.6439178023161863	0.7412067323151126	0.062389534883720926	0.7902947914864163	0.8038500991080278	0.8691840902758429	0.7477767984189724	0.6094775836541309	0.727724303693006	0.5103082532751092	0.7627765844402277	0.2980833333333333	0.9686438135332169	0.9533782688369086	0.6151648121176814	0.7846572201189833	0.6368948844884489	0.9090907909124043	0.9261904667905247	0.40250584551148233	0.5361172983870968	0.6825827122641509	0.6781127965492451	0.8956807999999999	0.9107409425981874	0.9254817357964448	0.488434755210858	0.8884463348416289	0.9587959502214722	0.6508270783847981	0.11178125	0.47073392226148414	0.796395594262295	0.3487575	0.8976598504672898	0.2813370786516854	0.9644203694095672	0.8157010135135135	0.5458566742081448	0.7451014934289129	0.2587617021276596	0.9964716342082981	0.802136873747495	0.6163158536585366	0.457415397082658	0.7340416309012876	0.21154301075268817	0.9878253802652106	0.3487575	0.8214835677042186	0.7851293484114162	0.2628	0.680893268547049	0.6344822455752213	0.6459770194614769	0.9634792572557994	0.986429363449692	0.5033638374717834	0.6934899518238128	0.796395594262295	0.7288855995055624	0.09055696202531645	0.9920706287683031	0.5669624871178289	0.9245995460893854	0.8799993850267379	0.8217584605698096	0.39192841490138786	0.9419951219512195	0.9124308678973868	0.9878253802652106	0.9387959823947636	0.9897273514970636	0.804207058242843	0.548571284540702	0.5922888538048627	0.8187864691753403	0.680321331424481	0.8350120235934664	0.9591184615384615	0.577823076923077	0.25212334801762115	0.5673356557377048	0.2980833333333333	0.5673356557377048	0.987369381775564	0.8815157279489904	0.1601641791044776	0.920215153655952	0.5478373027798648	0.5907348837209303	0.6798697223551938	0.8535176878612717	0.9072012822078398	0.6588053763440861	0.7851293484114162	0.4775826237623762	0.5733791386271871	0.5759996043521266	0.6702233564013841	0.9584132189386717	0.4337787915407855	0.5739002008032128	0.715170558050032	0.5759996043521266	0.1296797583081571	0.9961180568631143	1.0	0.7834717076700435	0.062389534883720926	0.9774143530591776	0.778331126554499	0.8727053630363037	0.5354607795371498	0.4988544251824818	0.7258421739130435	0.9554701889209095
g__Thomasclavelia	0.9806906138259833	0.55916175	0.8537814201353882	0.4263928616550853	0.27836575875486386	0.5997220411927451	0.38612293853073465	0.8597573189740683	0.3487575	0.4128404651162791	0.4753292974588939	0.7258421739130435	0.40250584551148233	0.6757224975938402	0.9805175643327348	0.1296797583081571	0.7655442282259588	0.7428327392871447	0.7862841325811001	0.23960765550239232	0.6579108600770219	0.1718924485125858	0.24574809160305341	0.5384594306049822	0.6094775836541309	0.8195983240223463	0.9549363665491829	0.9244687631271877	0.7038561540173603	0.5608179858657244	0.6508270783847981	0.3452582608695652	0.7428989017571885	0.3264582924435721	0.7864628992628994	0.39192841490138786	0.1601641791044776	0.5242180944421229	0.3487575	0.22982372322899505	0.820133009244501	0.343392	0.9321429951690822	0.3181993865030675	0.09055696202531645	0.6690528972892315	0.42389846841097634	0.7887359832635983	0.8785563283461383	0.5242180944421229	0.1478099173553719	0.8957922013695155	0.062389534883720926	0.062389534883720926	0.968337385674648	0.6327394846217789	0.062389534883720926	0.9134969967822667	0.2212577319587629	0.25212334801762115	0.9974391247428465	0.1478099173553719	0.9825143267611216	0.9721794503816793	0.7480268527619423	0.75027034509651	0.4775826237623762	0.9895006765899865	0.34675	0.8717920606478292	0.2980833333333333	0.8448548387096774	0.9956073730098559	0.8256538043478261	0.5071370026525198	0.09055696202531645	0.062389534883720926	0.9050860636598256	0.9217266032417194	0.8205355665181413	0.9606446922110552	0.6450705882352942	0.8927170653703466	0.800529344345188	0.7720915756341419	0.6905402216578157	0.9657789131108585	0.6871341958041958	0.9974391247428465	0.9887924345295829	0.662501342111927	0.897131047067707	0.74633775044634	0.062389534883720926	0.843377111111111	0.4836581167238842	0.8367172668374264	0.8171817525276841	0.9841438421208825	0.3129875	0.9606446922110552	0.30626344676180023	0.5409223515715949	0.7827455571740713	0.37354746835443037	0.7572884622768286	0.7119406189555125	0.062389534883720926	0.343392	0.7854097326203209	0.33407830188679244	0.4152798291721419	0.6979531987295826	0.7692789385161652	0.8869101818181818	0.963906977468591	0.8293336665641341	0.5220118120237087	0.5538453846153847	0.5840615634122608	0.3997675352112676	0.7572884622768286	0.8579918112027296	0.800529344345188	0.7515242959798019	0.8849700471698112	0.75027034509651	0.8385101138747377	0.062389534883720926	0.2628	0.7883770480349344	0.816507874015748	0.5669624871178289	0.9005305000620425	0.8247544774957172	0.995554743139303	0.964433053482587	0.7834717076700435	1.0	0.7851293484114162	0.7766787600880412	0.6871341958041958	0.7187830390920554	0.35445086705202317	0.8785563283461383	0.8861692870201097	0.6054215644820297
g__Turicibacter	0.9434263349917081	0.7412067323151126	0.5922888538048627	0.7156288547664746	0.8339435987212666	0.7071144275314362	0.8782678653508179	0.9897273514970636	0.5945689622935495	0.95488782785569	0.33658118081180816	0.7525852598913886	0.8224119635277471	0.9806906138259833	0.7692789385161652	0.8579918112027296	0.8171817525276841	0.7858733759318425	0.5334865008156606	0.37942044581091466	0.6655970846946468	0.6126608440797187	0.8798586691658857	0.7460498409542743	0.8599375212224109	0.8328463832390273	0.805177761341223	0.8429449316290131	0.8749102392344498	0.6549619963608005	0.37942044581091466	0.7627765844402277	0.062389534883720926	0.8849700471698112	0.8347778366914103	0.7568265871489034	0.6897253658536586	0.8998689059977648	0.9426811044577511	0.696243322698268	0.5874029013539651	0.21154301075268817	0.75027034509651	0.8976598504672898	0.6568421621621622	0.11178125	0.1718924485125858	0.55916175	0.7187830390920554	0.42389846841097634	0.5071370026525198	0.49690587425424504	0.7208696480938417	0.7984244376278118	0.9434263349917081	0.7859163751987283	0.5384594306049822	0.8743995346927603	0.919601307882644	0.5432952	0.22982372322899505	0.42389846841097634	0.840688498879761	0.6071954805664356	0.8525425115874854	0.2212577319587629	0.49408561452513966	0.5559433734939758	0.3706289156626506	0.793120641489912	0.47073392226148414	0.800529344345188	0.5707668928086838	0.20285444234404537	0.3004199328107503	0.9217266032417194	0.19550404858299592	0.8972349479232025	0.575116197416363	0.882681649321565	0.3706289156626506	0.19550404858299592	0.8579918112027296	0.9314958165264493	0.9467077024213871	0.7859163751987283	0.964433053482587	0.5041119122257053	0.7637982944855031	0.5071370026525198	0.4184810546875	0.7864628992628994	0.9543520299946439	0.7480268527619423	0.8957922013695155	0.9913282596209074	0.8861692870201097	0.8884463348416289	0.7857818181818181	0.6129316802800466	0.7325971153846154	0.9111080173347779	0.8092430295124735	0.9861973562653562	0.6723572614107883	0.407792590074779	0.7692789385161652	0.8312167483910511	0.9167230760095013	0.8347778366914103	0.616389136087836	0.23960765550239232	0.3997675352112676	0.717741858500528	0.9660890987921957	0.940710808988764	0.662501342111927	0.25212334801762115	0.8984372727272727	0.42856931249999997	0.8535881996537795	0.860959757644075	0.8932899156441718	0.8206859248692344	0.940710808988764	0.6344822455752213	0.8880827586206896	0.8025045908183633	0.6230308617234469	0.8968001640378549	0.8884463348416289	0.9314958165264493	0.18343589743589744	0.49322295774647884	0.46769091375770017	0.3264582924435721	0.9897273514970636	0.062389534883720926	0.7851293484114162	1.0	0.5570141300399564	0.768998052069676	0.8537814201353882	0.25212334801762115	0.9773182831325302	0.8217508675078864	0.9336410396716825
g__Tyzzerella	0.7874654774396642	0.6781127965492451	0.9239713067850053	0.9855409547244095	0.7089204932343954	0.7063052619942516	0.7846572201189833	0.5997220411927451	0.6195470960322025	0.343392	0.9948797522629824	0.8903245283018867	0.952261179281138	0.5591996807378503	0.6604112496818528	0.9991172684019032	0.6327394846217789	0.5608179858657244	0.6424118218623481	0.8535881996537795	0.9172349946600213	0.36642439024390244	0.4732839438033116	0.9713838423946243	0.9459431400594126	0.6614589489718202	0.8579918112027296	0.9974391247428465	0.9522889587852494	0.33658118081180816	0.4988544251824818	0.38978428465530024	0.9094001577669902	0.9482609009403018	0.5096280369718309	0.9543520299946439	0.9848826121241991	0.800529344345188	0.7187830390920554	0.9851635083226633	0.35445086705202317	0.8692259248956886	0.8811436893203882	0.5427219708588956	0.738894846402587	0.8832807844169518	0.5874029013539651	0.9961180568631143	0.8426023370050609	0.1296797583081571	0.39781350000000004	0.9272828173913044	0.9847083555555557	0.8960140743550835	0.8809841782283885	0.9279890266512166	0.6351663819233949	0.37942044581091466	0.8555942497496781	0.8950000381242852	0.802136873747495	0.9644203694095672	0.9253100267535186	0.8341803191489361	0.6407698451507743	0.6344822455752213	0.8968001640378549	0.42389846841097634	0.9750634365231421	0.6283183431952664	0.45541605960264897	0.9895006765899865	0.4775826237623762	0.685326393442623	0.8785563283461383	0.9426811044577511	0.9998385562395076	0.6888327590221187	0.8945457702582369	0.7108418358531318	0.680893268547049	0.46982308868501527	0.9618312942892873	0.800529344345188	0.9054034249938621	0.9964716342082981	0.9866104044548653	0.8976598504672898	0.9887924345295829	0.488434755210858	0.9893240785527715	0.769702088772846	0.770686345903771	0.8177228365384615	0.7871029612756265	0.8758389705882355	0.20285444234404537	0.8914773094170403	0.8885700232378001	0.8817698859113823	0.9697587439811495	0.7071144275314362	0.6715477799703995	0.8811436893203882	0.8867717076983196	0.7692789385161652	0.9618155555555555	0.5096280369718309	0.9748660779168349	0.38612293853073465	0.5384594306049822	0.8308455340699815	0.9512444420250409	0.491218568019093	0.9891471727343144	0.804207058242843	0.8884463348416289	0.8792459662288932	0.5270201982651797	0.8634276637615969	0.5033638374717834	0.9329485380116959	0.8832807844169518	0.9549363665491829	0.8132438531219671	0.42856931249999997	0.8440557607090103	0.9599052217678515	0.5945689622935495	0.5458566742081448	0.686392778686609	0.9419951219512195	0.8607818797629128	0.11178125	0.8515306374328444	0.7832732824427482	0.6508270783847981	0.9774143530591776	0.7766787600880412	0.5570141300399564	1.0	0.4304338071693449	0.986429363449692	0.3088880597014925	0.882681649321565	0.8448548387096774	0.8849700471698112
g__UBA3402	0.8075871057362314	0.8341803191489361	0.8968001640378549	0.820133009244501	0.9861973562653562	0.8097058966861599	0.9426007336594041	0.6412462246278755	0.6254431605777401	0.9533782688369086	0.717741858500528	0.843377111111111	0.796395594262295	0.5314944285129045	0.6327394846217789	0.6940411118737132	0.821085377433138	0.40250584551148233	0.7095590463749184	0.9416828235294118	0.685326393442623	0.6905402216578157	0.6549619963608005	0.8193240326191237	0.6561065840433773	0.6723572614107883	0.9974391247428465	0.843377111111111	0.46769091375770017	0.09055696202531645	0.45580419847328246	0.43905338479809974	0.9451784479911943	0.9585543436905516	0.4227153298835705	0.8673575181665735	0.6595264931087289	0.8476785557986871	0.8358764732547597	0.989982702287142	0.6126608440797187	0.9806906138259833	0.8993180835197614	0.3823783169067475	0.9245995460893854	0.8811227387771413	0.9593462088547692	0.8535881996537795	0.8884463348416289	0.6904538229842446	0.7890386391251518	0.5314944285129045	0.9081383033106135	0.7890386391251518	0.989982702287142	0.8691840902758429	0.42856931249999997	0.4263928616550853	0.8290858881528269	0.3997675352112676	0.9342253588516747	0.9806906138259833	0.7383675713996354	0.804207058242843	0.39192841490138786	0.6839344827586207	0.7229423173277661	0.8766127954360229	0.9272828173913044	0.9851635083226633	0.33658118081180816	0.2628	0.6949063455832002	0.8493226299694189	0.4337787915407855	0.9531462235649548	0.7659797511312217	0.19550404858299592	0.680893268547049	0.5409223515715949	0.9037813292307691	0.7208696480938417	0.860959757644075	0.7788692223439211	0.8529848835527268	0.9209364909390445	0.45541605960264897	0.9342253588516747	0.43146607687614397	0.9817496874689949	0.9054034249938621	0.6715477799703995	0.8058818942875903	0.9817496874689949	0.663370909090909	0.9897273514970636	0.6254431605777401	0.9314958165264493	0.919601307882644	0.7859163751987283	0.3295508637236085	0.8252689735614308	0.8341803191489361	0.34675	0.9429300099700898	0.9336410396716825	0.3004199328107503	0.986429363449692	0.9245995460893854	0.9848826121241991	0.9431784196547145	0.800529344345188	0.2212577319587629	0.9231224578256794	0.769702088772846	0.941766089191908	0.9072012822078398	0.9512444420250409	0.6979531987295826	0.9969900422733677	0.37942044581091466	0.8328463832390273	0.9223370070422534	0.8761072069621975	0.9192387268217787	0.5432952	0.9045454243542436	0.8758389705882355	0.7174452986022871	0.9318733678756476	0.43905338479809974	0.8339435987212666	0.9759478020319887	0.9599052217678515	0.700489116719243	0.9569073637233025	0.9755552748137709	0.778331126554499	0.6871341958041958	0.768998052069676	0.4304338071693449	1.0	0.7515242959798019	0.7428327392871447	0.5270201982651797	0.7864628992628994	0.6833407904022583
g__URXU01	0.343392	0.9377496835443039	0.7303440419839473	0.655027129174217	0.74633775044634	0.6094775836541309	0.6839344827586207	0.9934590665646519	0.6351663819233949	0.3487575	0.6412462246278755	0.8968001640378549	0.5384594306049822	0.6107688105726873	0.9745699090909091	0.9072012822078398	0.8817897218543046	0.8177228365384615	0.8698320963721962	0.5409223515715949	0.8775017482043638	0.2813370786516854	0.8106589581304771	0.9969900422733677	0.5033638374717834	0.8058818942875903	0.9778041595670042	0.575116197416363	0.7602578092142993	0.7854097326203209	0.717741858500528	0.7258421739130435	0.8920521505376344	0.9998385562395076	0.8014450865110029	0.8035375641237796	0.3487575	0.696243322698268	0.6382336974330967	0.8064519750860516	0.795311050197019	0.6107688105726873	0.9115219843656044	0.9037813292307691	0.9311175683469836	0.5270201982651797	0.6351663819233949	0.4263928616550853	0.8937483809280979	0.43146607687614397	0.7119406189555125	0.7268600041339396	0.7142505784061697	0.39192841490138786	0.8450662499999999	0.5733791386271871	0.9336410396716825	0.4836581167238842	0.6535590646347872	0.970576615290395	0.6905402216578157	0.705648869680851	0.9686438135332169	0.4527420233463035	0.75027034509651	0.45580419847328246	0.9451784479911943	0.8273126353232292	0.1478099173553719	0.6439178023161863	0.7258421739130435	0.8601171634411641	0.39781350000000004	0.9697587439811495	0.8411605757756563	0.9107409425981874	0.9961180568631143	0.9981393350765783	0.700121966101695	0.40250584551148233	0.7187830390920554	0.49030905151661053	0.7999571985755469	0.28409386281588445	0.7972750469043153	0.9306311706303394	0.49408561452513966	0.4337787915407855	0.8985427558761347	0.7864628992628994	0.32322289156626505	0.8972349479232025	0.9806906138259833	0.67364952681388	0.3004199328107503	0.5610413974719102	0.8195983240223463	0.7671334710743801	0.11178125	0.7480268527619423	0.8362343844296922	0.9619471267957526	0.9729803147208121	0.9377496835443039	0.27836575875486386	0.5409223515715949	0.42856931249999997	0.8373016671673175	0.3129875	0.6047375796178344	0.9806906138259833	0.5580740513191181	0.4625625789473684	0.6888327590221187	0.6568421621621622	0.09055696202531645	0.662501342111927	0.5096280369718309	0.4527420233463035	0.9223370070422534	0.2628	0.7012170026881721	0.34675	0.9947304057279236	0.7671334710743801	0.8417567789034565	0.8724294133847426	0.755925549132948	0.755925549132948	0.38978428465530024	0.7079446467749013	0.9025963333333333	0.9599052217678515	0.8565812500000001	0.680893268547049	0.2587617021276596	0.7887359832635983	0.8727053630363037	0.7187830390920554	0.8537814201353882	0.986429363449692	0.7515242959798019	1.0	0.5907348837209303	0.7345833401305056	0.9904271323035594	0.8468117672919109
g__Veillonella	0.7017345174262736	0.9558225607158074	0.795311050197019	0.7340416309012876	0.2212577319587629	0.47073392226148414	0.6450705882352942	0.8804923076923076	0.9419951219512195	0.7858733759318425	0.062389534883720926	0.6918217041800644	0.9649452144188937	0.24574809160305341	0.6009886029411764	0.48582353801169587	0.7854097326203209	0.7864628992628994	0.11178125	0.09055696202531645	0.6040477611940298	0.843377111111111	0.8724294133847426	0.55916175	0.8976598504672898	0.8565812500000001	0.9734790817877774	0.4263928616550853	0.42389846841097634	0.882681649321565	0.7105031942633638	0.8538512437095616	0.09055696202531645	0.7071144275314362	0.9209364909390445	0.25212334801762115	0.3264582924435721	0.9726808677098151	0.062389534883720926	0.062389534883720926	0.9785854809619239	0.11178125	0.09055696202531645	0.062389534883720926	0.795311050197019	0.19550404858299592	0.062389534883720926	0.20285444234404537	0.7089204932343954	0.062389534883720926	0.3452582608695652	0.523452398989899	0.062389534883720926	0.37942044581091466	0.8692259248956886	0.9901575612097935	0.9471570177359317	0.55916175	0.9245995460893854	0.7174452986022871	0.6394179738562091	0.4054589814177563	0.9411762883125632	0.43905338479809974	0.33407830188679244	0.062389534883720926	0.9956073730098559	0.48582353801169587	0.5409223515715949	0.7910566096423017	0.55916175	0.9228383135921191	0.46454302872062664	0.9893240785527715	0.9425604006677797	0.3088880597014925	0.062389534883720926	0.6459770194614769	0.1478099173553719	0.8448548387096774	0.7671334710743801	0.3997675352112676	0.37942044581091466	0.7893940748440748	0.9731805558373061	0.8206859248692344	0.6940411118737132	0.1601641791044776	0.6009886029411764	0.4128404651162791	0.6099459905660378	0.5413055491329479	0.7910566096423017	0.27836575875486386	0.18343589743589744	0.8974505443624078	0.7586414690130069	0.3487575	0.8599375212224109	0.548571284540702	0.9701623771498772	0.5907348837209303	0.6718745575221238	0.5610413974719102	0.630281019036954	0.062389534883720926	0.5134028904227782	0.09055696202531645	0.25212334801762115	0.9974391247428465	0.4054589814177563	0.09055696202531645	0.9578647283531408	0.7208696480938417	0.705648869680851	0.9405618897637796	0.8140818284424379	0.1601641791044776	0.7187830390920554	0.11178125	0.9587959502214722	0.37942044581091466	0.7864628992628994	0.919601307882644	0.686392778686609	0.7085889034799738	0.45109266211604093	0.7854097326203209	0.5033638374717834	0.6129316802800466	0.63116484375	0.3181993865030675	0.062389534883720926	0.4928122748815166	0.9223370070422534	0.1296797583081571	0.49690587425424504	0.5354607795371498	0.35445086705202317	0.25212334801762115	0.3088880597014925	0.7428327392871447	0.5907348837209303	1.0	0.5874029013539651	0.8367172668374264	0.795311050197019
g__Vescimonas	0.655027129174217	0.919601307882644	0.8896251640293323	0.7105031942633638	0.9578647283531408	0.9713838423946243	0.8960140743550835	0.9467077024213871	0.8025045908183633	0.5409223515715949	0.9549363665491829	0.5041119122257053	0.680321331424481	0.9974391247428465	0.8972349479232025	0.8217584605698096	0.9710772314597572	0.8205355665181413	0.8985427558761347	0.9770256330385853	0.7720915756341419	0.7757301786043086	0.6989605388272584	0.882681649321565	0.3295508637236085	0.8804923076923076	0.5103082532751092	0.858540954274354	0.21154301075268817	0.3943739350180505	0.7383675713996354	0.7854097326203209	0.8214835677042186	0.932519213973799	0.7229423173277661	0.910544500907441	0.8754198279393691	0.46454302872062664	0.5046238454706927	0.6655970846946468	0.9801366007194245	0.9037813292307691	0.882681649321565	0.6655970846946468	0.5512336908284023	0.9961180568631143	0.8293336665641341	0.843377111111111	0.9825143267611216	0.9961180568631143	0.21154301075268817	0.23960765550239232	0.7495934573947111	0.523452398989899	0.700121966101695	0.8266758284298544	0.8290858881528269	0.9111080173347779	0.9785854809619239	0.8293336665641341	0.7085889034799738	0.6368948844884489	0.6595264931087289	0.9131427563105635	0.6702233564013841	0.8864130672926447	0.44071498237367807	0.45580419847328246	0.9352795779441796	0.8339435987212666	0.7229423173277661	0.4988544251824818	0.9013028645833334	0.9486044570679485	0.4152798291721419	0.6458711646586346	0.7095590463749184	0.6807701474785918	0.5806787859007833	0.9806906138259833	0.8782678653508179	0.821085377433138	0.8717920606478292	0.9108269732078205	0.8397127802690583	0.8097058966861599	0.9651570009313878	0.9554701889209095	0.9467077024213871	0.8804923076923076	0.5559433734939758	0.910544500907441	0.9533782688369086	0.9245995460893854	0.6459770194614769	0.9710772314597572	0.8906729999999999	0.9651570009313878	0.7268600041339396	0.8817698859113823	0.8071524799476184	0.8885700232378001	0.9866104044548653	0.6459770194614769	0.8665845314685314	0.9595665160748056	0.755925549132948	0.9394157693174138	0.6690528972892315	0.3004199328107503	0.6839344827586207	0.9419951219512195	0.7174452986022871	0.7048326743669481	0.9178548914976876	0.8758389705882355	0.8709948044769933	0.9272828173913044	0.9013933844441697	0.5918907648365598	0.9336410396716825	0.9657789131108585	0.7834717076700435	0.6548300917431193	0.7890386391251518	0.9897273514970636	0.8998689059977648	0.6825827122641509	0.8014450865110029	0.9072012822078398	0.38612293853073465	0.74633775044634	0.9961180568631143	0.9061645564961355	0.7890386391251518	0.9183308447704686	0.9336410396716825	0.4988544251824818	0.8785563283461383	0.9773182831325302	0.882681649321565	0.5270201982651797	0.7345833401305056	0.5874029013539651	1.0	0.8224119635277471	0.700121966101695
g__Weissella	0.9217266032417194	0.9887924345295829	0.7507524513618676	0.8450662499999999	0.7063052619942516	0.42389846841097634	0.6723572614107883	0.8071524799476184	0.8538512437095616	0.6351663819233949	0.8238498125585754	0.9974391247428465	0.5688634909833277	0.7310479975354282	0.7428989017571885	0.9107409425981874	0.4227153298835705	0.8885700232378001	0.8906729999999999	0.8535881996537795	0.920215153655952	0.8937483809280979	0.9117160720720722	0.8097058966861599	0.8885700232378001	0.7766787600880412	0.9836661486687124	0.5242180944421229	0.989982702287142	0.9734790817877774	0.9587959502214722	0.8339435987212666	0.793120641489912	0.9679222794193348	0.8214835677042186	0.9111080173347779	0.9774143530591776	0.9866104044548653	0.8011227869404242	0.8717920606478292	0.8607818797629128	0.662501342111927	0.3452582608695652	0.49690587425424504	0.8535176878612717	0.9314958165264493	0.8075871057362314	0.9566820038289724	0.6480704665959703	0.9291839041888451	0.2980833333333333	0.9956073730098559	0.7310479975354282	0.9770256330385853	0.6702233564013841	0.8235849012229539	0.8252689735614308	0.24574809160305341	0.8665845314685314	0.7012170026881721	0.1718924485125858	0.3295508637236085	0.488434755210858	0.8071524799476184	0.6698890625	0.8684150027886225	0.9342253588516747	0.5610413974719102	0.8782678653508179	0.7834717076700435	0.577823076923077	0.9130605294681361	0.3487575	0.7812183640007287	0.9618312942892873	0.8064519750860516	0.5626362014690451	0.9660890987921957	0.6595264931087289	0.6949063455832002	0.8903245283018867	0.2212577319587629	0.6394179738562091	0.6465969181721573	0.09055696202531645	0.9558225607158074	0.6897253658536586	0.8692259248956886	0.062389534883720926	0.8578076890217856	0.9606446922110552	0.062389534883720926	0.995554743139303	0.7451014934289129	0.995554743139303	0.9318733678756476	0.8817897218543046	0.22982372322899505	0.548571284540702	0.5071370026525198	0.6798697223551938	0.9467077024213871	0.8817698859113823	0.8811227387771413	0.9585543436905516	0.9895006765899865	0.9543520299946439	0.9159925490196079	0.970576615290395	0.7320491490670494	0.8273126353232292	0.9618312942892873	0.8206760641677254	0.6126608440797187	0.8295806080147397	0.755925549132948	0.74633775044634	0.4585063636363636	0.7428327392871447	0.7883770480349344	0.941912716311265	0.8238498125585754	0.9701684323550466	0.9612649471591503	0.6465969181721573	0.7586414690130069	0.1601641791044776	0.6904538229842446	0.9745699090909091	0.6368948844884489	0.9124308678973868	0.7530599187149215	0.37903846153846155	0.6888327590221187	0.941912716311265	0.24574809160305341	0.9713838423946243	0.7258421739130435	0.8861692870201097	0.8217508675078864	0.8448548387096774	0.7864628992628994	0.9904271323035594	0.8367172668374264	0.8224119635277471	1.0	0.986429363449692
g__Wujia	0.964433053482587	0.8619859738065062	0.8535176878612717	0.9901575612097935	0.7857818181818181	0.8781229894394802	0.995554743139303	0.8761072069621975	0.8035375641237796	0.8411605757756563	0.9131427563105635	0.7063052619942516	0.7572884622768286	0.6272387789711702	0.5519363602941176	0.7268600041339396	0.7996290519877676	0.46769091375770017	0.7893940748440748	0.7846572201189833	0.9061645564961355	0.6549619963608005	0.7887359832635983	0.42856931249999997	0.7990276671771313	0.808548	0.9336410396716825	0.7864628992628994	0.9961180568631143	0.5270201982651797	0.67364952681388	0.882681649321565	0.995554743139303	0.37942044581091466	0.8030424418604651	0.802136873747495	0.7258421739130435	0.9336410396716825	0.8640858587277068	0.9231224578256794	0.7766787600880412	0.4732839438033116	0.3487575	0.2212577319587629	0.8476785557986871	0.8555942497496781	0.8157010135135135	0.2587617021276596	0.6972587445985899	0.9100398132427845	0.7890386391251518	0.39781350000000004	0.7412067323151126	0.9070171788906575	0.9311175683469836	0.7773637795275591	0.34051223934723485	0.8235849012229539	0.983090522875817	0.9599052217678515	0.9159925490196079	0.9167230760095013	0.8868987252861602	0.2587617021276596	0.9578647283531408	0.8950000381242852	0.7451014934289129	0.8754198279393691	0.9801366007194245	0.6327394846217789	0.9467077024213871	0.7618969213226909	0.5642380753138074	0.8247544774957172	0.9618155555555555	0.6733330168005843	0.9801366007194245	0.7105031942633638	0.7131739699570815	0.9543520299946439	0.9729803147208121	0.8950000381242852	0.46769091375770017	0.8761072069621975	0.8157010135135135	0.9318733678756476	0.5432952	0.7938759428276219	0.9947304057279236	0.5759996043521266	0.8529848835527268	0.9801366007194245	0.7659797511312217	0.5610413974719102	0.9743704554655871	0.9543520299946439	0.7165420817369093	0.5409223515715949	0.9131427563105635	0.968337385674648	0.9239713067850053	0.9734790817877774	0.995554743139303	0.9436083388484447	0.9013933844441697	0.5794458715596331	0.5193012858979854	0.9183308447704686	0.9848826121241991	0.8334677714983961	0.6465969181721573	0.6521102685624013	0.5669624871178289	0.9528868079584775	0.662501342111927	0.6568421621621622	0.6833407904022583	0.8578076890217856	0.8782678653508179	0.8743995346927603	0.6407698451507743	0.9948797522629824	0.8247544774957172	0.7996290519877676	0.8476785557986871	0.6744386933461909	0.6604112496818528	0.986429363449692	0.6839344827586207	0.6723572614107883	0.9961180568631143	0.6327394846217789	0.9801366007194245	0.5203324393358876	0.8698320963721962	0.6561065840433773	0.9619471267957526	0.9554701889209095	0.6054215644820297	0.9336410396716825	0.8849700471698112	0.6833407904022583	0.8468117672919109	0.795311050197019	0.700121966101695	0.986429363449692	1.0
