#OTU ID	g__Acetatifactor	g__Acutalibacter	g__Adlercreutzia	g__Agathobacter	g__Agathobaculum	g__Alistipes	g__Alistipes_A	g__Alitiscatomonas	g__Allocoprobacillus	g__Amedibacterium	g__Anaerobutyricum	g__Anaerofustis	g__Anaeromassilibacillus	g__Anaerostipes	g__Anaerotignum	g__Anaerotruncus	g__Anthropogastromicrobium	g__Aristaeella	g__Bacteroides	g__Bariatricus	g__Bifidobacterium	g__Bittarella	g__Blautia	g__Blautia_A	g__Brotaphodocola	g__Butyribacter	g__CAG-170	g__CAG-177	g__CAG-217	g__CAG-488	g__Catenibacterium	g__Choladousia	g__Clostridium	g__Clostridium_A	g__Clostridium_AP	g__Collinsella	g__Coprococcus_A	g__Dialister	g__Dorea	g__Dorea_A	g__Dorea_D	g__Dysosmobacter	g__Eggerthella	g__Enterobacter	g__Enterocloster	g__Enterococcus	g__Enterococcus_A	g__Enterococcus_B	g__Eubacterium_F	g__Eubacterium_G	g__Eubacterium_I	g__Evtepia	g__Faecalibacterium	g__Faecalimonas	g__Faecousia	g__Finegoldia	g__Flavonifractor	g__Fusicatenibacter	g__Fusobacterium_A	g__Gallintestinimicrobium	g__Gemella	g__Gemmiger	g__Gordonibacter	g__Granulicatella	g__Guopingia	g__Haemophilus_D	g__Holdemanella	g__Holdemania	g__Hominenteromicrobium	g__Hominibacterium	g__Hominicoprocola	g__Hominifimenecus	g__Hominilimicola	g__Hominimerdicola	g__Hominiventricola	g__Hungatella	g__Intestinibacter	g__JAGTTR01	g__Klebsiella	g__Lachnoclostridium_B	g__Lachnospira	g__Lacticaseibacillus	g__Lactiplantibacillus	g__Lactobacillus	g__Lactococcus	g__Lactonifactor	g__Laedolimicola	g__Lancefieldella	g__Latilactobacillus	g__Lawsonibacter	g__Lentihominibacter	g__Leuconostoc	g__Ligilactobacillus	g__Limivivens	g__Limosilactobacillus	g__Longicatena	g__Massilioclostridium	g__Mediterraneibacter	g__Megamonas	g__Merdibacter	g__Merdimmobilis	g__Merdimonas	g__Merdivicinus	g__Muricomes	g__Murimonas	g__Nanosynbacter	g__Negativibacillus	g__Odoribacter	g__Oliverpabstia	g__Onthenecus	g__Otoolea	g__Parabacteroides	g__Paraprevotella	g__Pararoseburia	g__Parasutterella	g__Pauljensenia	g__Pediococcus	g__Peptostreptococcus	g__Phascolarctobacterium	g__Phocaeicola	g__Prevotella	g__Pseudobutyricicoccus	g__Pseudoflavonifractor_A	g__Pseudoscilispira	g__Roseburia	g__Roseburia_D	g__Rothia	g__Ruminiclostridium_E	g__Ruminococcus_B	g__Ruminococcus_C	g__Ruminococcus_E	g__Ruthenibacterium	g__Sarcina	g__Schaedlerella	g__Sellimonas	g__Streptococcus	g__Sutterella	g__Terrisporobacter	g__Thomasclavelia	g__Turicibacter	g__Tyzzerella	g__UBA3402	g__URXU01	g__Veillonella	g__Vescimonas	g__Weissella	g__Wujia
g__Acetatifactor	3.0013	-0.0680	0.0500	-0.1858	0.2091	0.2645	-0.1612	0.3403	0.0184	-0.5397	0.4792	-0.1944	-0.0548	0.0067	0.1916	-0.0180	-0.0074	0.1079	0.0971	0.3508	-0.9116	-0.0987	-0.3402	0.0154	0.1815	0.1384	0.0143	-0.0886	-0.1156	0.3067	0.3372	0.2833	0.7590	-0.4088	-0.0336	-0.2382	0.1766	-0.4472	-0.2051	-0.2523	0.2228	0.2620	-0.6690	0.3198	-0.1553	0.0422	-0.3945	-0.7234	-0.0357	0.2746	-0.1555	0.2066	-0.1170	-0.2678	-0.0008	-0.4041	-0.5568	0.0342	-0.2936	0.3847	0.0418	0.6580	-0.0059	0.0705	0.1017	0.5738	0.1219	0.0392	0.5965	0.1244	0.7795	0.0440	0.5812	0.0425	0.4521	0.0387	-0.2446	0.0871	0.4357	0.5162	0.3730	-0.4304	-0.2374	-0.1800	-0.0589	-0.0773	0.0887	-0.2711	-0.2386	0.2324	0.2147	0.3007	-0.5888	0.1053	-0.4534	-0.5284	-0.3547	0.0815	-0.5048	-0.0633	0.1397	-0.1549	0.1580	-0.0986	0.6259	0.1385	0.5964	-0.4813	-0.0648	0.2248	0.3504	0.1832	0.2989	-0.2554	-0.0406	-0.4530	-0.6801	-0.3163	-0.2507	-0.5286	0.6081	-0.0528	-0.3389	-0.0642	0.0528	0.2754	-0.0381	-0.2177	-0.3664	0.4604	0.2709	-0.2218	1.1061	0.1842	-0.1474	-0.2268	-0.2805	-0.1363	-0.0439	0.0985	-0.2187	0.1184	-0.4003	0.4849	-0.2248	-0.1421	-0.0305
g__Acutalibacter	-0.0680	4.0307	0.0304	-1.1990	-0.0660	-0.3848	0.1113	0.1386	0.2770	-0.0288	-1.0525	0.6325	1.4476	-0.2416	0.9892	0.3279	-0.4701	-0.0625	-0.3419	-0.3040	0.3037	0.0514	0.4363	-0.1811	-0.2478	-0.0594	0.1871	0.0852	0.0329	-0.1705	-0.2296	-0.3856	-0.3283	0.8055	0.8535	-0.4759	0.0282	0.2844	-0.2301	-0.3860	-0.2522	-0.0812	-0.2902	-0.6549	-0.1361	-0.3010	0.4131	0.2469	0.2905	-0.2893	-0.4701	-0.3121	-0.7331	1.1479	0.0397	0.2066	0.7229	-0.7557	0.1444	-0.5767	0.3739	-1.2245	0.0317	0.0326	0.2591	-0.5610	-0.1944	0.0573	-0.5870	0.0564	-0.2488	-0.1223	-0.4671	0.3286	-0.3594	0.5826	0.3329	-0.0217	-0.9568	-0.1274	-0.1873	1.1169	0.2682	0.7267	-0.0473	0.5347	-0.0687	0.3543	0.0595	0.1730	-0.2235	-0.4922	0.4522	0.1110	0.5167	-0.0351	0.3444	-0.2453	-0.0029	0.7215	0.0671	0.6149	0.9170	0.0318	0.0736	0.1354	0.6530	-0.6789	-0.2463	0.0002	0.0933	-0.6176	-0.3300	0.0246	0.2608	-0.0457	0.5686	-0.0306	0.0171	-0.6472	-0.5319	0.1559	0.0462	-0.0176	-0.7612	-0.2468	-0.1344	0.2675	0.3728	-0.3922	-0.3140	0.4511	0.0315	-0.1086	0.3510	-0.1190	-0.1295	0.0930	0.7965	0.4370	-0.3395	-0.1221	0.0617	0.1098	-0.0754	-0.0339	-0.1134
g__Adlercreutzia	0.0500	0.0304	2.6845	-0.0003	0.1925	0.2301	-0.1346	-0.2002	0.0840	-0.1284	0.3723	-0.0655	-0.0029	0.2277	-0.1499	-0.1991	-0.2780	0.1127	-0.0099	0.3672	0.2036	-0.0730	-0.3575	0.0103	-0.0490	-0.0830	0.0691	0.0996	0.0166	0.1288	0.0035	0.0579	0.0316	-0.0938	0.3715	0.4693	0.2446	-0.0465	0.4078	-0.1238	0.1567	0.1184	0.1055	-0.0095	-0.3368	-0.2794	-0.1156	-0.2694	0.2461	0.2915	0.2400	0.3493	0.0907	-0.3914	0.2865	-0.0152	-0.3903	0.2502	-0.1387	0.4109	-0.1165	0.2483	0.3004	-0.2413	-0.0384	-0.4885	-0.0357	0.3044	0.2967	0.2290	0.0218	-0.0749	0.2262	0.0190	0.1279	-0.1690	-0.3344	-0.0697	0.5180	-0.1280	-0.0748	-0.1497	-0.1568	0.0901	-0.3122	0.0127	-0.1808	-0.1050	-0.2628	-0.0124	0.3964	0.0691	0.4436	-0.0417	0.2163	-0.1105	-0.0014	-0.1799	-0.0877	-0.1353	-0.0915	-0.2571	-0.0903	-0.0205	-0.1133	-0.0553	-0.1436	0.2407	0.6111	0.2437	-0.3330	0.2656	0.1043	-0.1112	0.1968	-0.1260	-0.1155	-0.2534	-0.1548	-0.3467	-0.0499	-0.0472	-0.1052	0.0737	0.0846	0.0592	-0.4924	0.1967	-0.5519	0.2032	0.4276	-0.1949	0.0479	0.2981	0.0754	-0.1422	-0.3108	-0.1607	-0.2377	-0.4488	0.0777	-0.0620	-0.1569	-0.3201	0.0851	0.3175	0.0911
g__Agathobacter	-0.1858	-1.1990	-0.0003	9.8280	1.0648	1.2953	-0.5231	0.1238	0.3350	-0.7695	2.2087	-0.6540	-0.3174	2.0958	-0.2460	-0.6572	0.1582	-0.2428	1.0279	1.5756	0.5094	0.0937	-0.2093	1.4223	0.0693	0.5030	-0.4663	-0.4426	0.3080	-0.2153	-0.3599	0.1508	-1.0483	0.7502	-0.8139	2.6245	1.0449	0.8346	1.3538	1.5975	0.0172	0.5868	1.8435	-0.0395	0.6082	-1.0824	0.0512	-2.1504	-0.0799	0.8771	0.4542	0.6185	1.6955	-0.9615	-0.1562	-0.7838	0.4219	4.3217	-0.5855	0.6251	-1.1719	2.2515	-0.2848	-0.5473	-0.7163	-1.1258	-0.3745	-0.9026	0.8084	0.0338	-0.0966	-0.2006	2.7583	0.3027	0.5102	0.0671	0.0222	-0.4314	0.4090	-0.0485	1.0865	-2.2519	-0.9252	-0.3192	-0.3163	-0.3917	-0.1471	-1.5404	-1.8658	-0.1053	0.3818	-0.5805	-1.3618	1.1561	-1.5912	-0.9014	-0.3262	0.8217	-0.3269	-0.5142	-0.6185	-1.0524	-0.6276	-0.4822	0.0755	-2.2975	0.3185	0.6228	0.4974	0.0283	0.6324	0.8895	0.1981	-0.2839	-0.1734	-0.9426	-0.4258	-0.6991	-0.4227	0.4201	0.0422	-0.5639	-0.8133	-0.3225	3.3195	0.3063	-0.3423	-0.7606	-0.1752	0.1147	0.2258	0.0900	-1.2482	0.1751	0.9536	-0.7611	-0.3560	-0.9894	-1.8260	-0.8252	0.0403	-0.2391	-0.4508	-0.8561	-0.3998	-0.4813	0.0166
g__Agathobaculum	0.2091	-0.0660	0.1925	1.0648	6.4177	0.3662	-0.1514	0.6523	-0.3630	-0.4553	1.4392	-0.5622	0.3006	0.5810	0.5995	-0.6266	0.9163	-0.1621	1.7389	0.6443	-0.8238	-0.2704	-0.2781	1.5806	0.4923	-0.1792	-0.4419	-0.4635	0.2170	0.0785	-0.0779	0.6610	0.3906	0.3041	0.0560	2.6618	1.2332	-0.4425	2.2486	2.1543	-0.0296	0.5009	1.0884	-0.6763	0.3035	-1.5566	-1.8172	-3.6139	-0.4505	0.3257	0.4259	0.2425	1.9171	-1.5661	-0.2579	-0.2647	-0.6955	1.1017	-0.3406	0.5858	0.4503	1.2666	-0.0965	-0.3070	-0.0916	-1.6248	-0.0160	-0.0669	0.6214	0.0183	0.7780	-0.0262	0.9835	0.1951	0.3529	-1.0385	-1.7288	-0.1950	-0.5146	0.5014	-0.1363	-1.2192	-1.7268	-1.3628	-0.3211	-0.5296	0.1224	-0.3753	0.2590	-0.0891	0.3047	0.0183	-1.0483	0.9628	-2.2583	-0.3109	-0.2574	1.1902	-0.3418	-0.3119	0.0133	-0.5487	0.0128	-0.4691	0.6942	-1.4729	1.1481	1.9048	0.8479	0.1399	0.4475	0.8736	0.4893	-0.3426	0.7466	-0.6405	-1.1679	-0.1966	0.5914	1.4279	0.3949	-0.4124	-0.2643	-0.0118	0.4417	-0.0938	-0.1850	-0.5782	-1.4694	0.4311	-0.0569	-0.1294	-0.5526	0.6751	-0.4816	-1.0955	-1.0460	0.4736	-1.7997	0.4110	0.4332	-0.0196	-0.2638	-1.9400	-0.0574	0.6311	-0.2120
g__Alistipes	0.2645	-0.3848	0.2301	1.2953	0.3662	4.8875	-0.3896	-0.1146	0.3194	-0.7764	0.5941	-0.4773	0.7055	-0.0586	0.3014	0.3204	0.4531	-0.1146	1.0400	0.4331	-0.4541	0.2246	-0.0160	0.1704	-0.0491	-0.0135	0.1302	-0.4506	0.3262	-0.0212	-0.5311	-0.2605	-0.2320	0.2941	0.4895	1.2840	0.4418	0.1069	0.7743	0.7840	0.0781	0.8401	0.1582	-0.6326	0.1816	-0.2623	-0.3764	-0.9481	-0.3071	0.8508	0.5086	1.1148	0.8416	-1.4005	0.1220	-0.3957	0.4531	2.0860	-0.7648	0.5009	-0.9916	1.3298	-0.4005	-0.8209	-0.4728	-0.9361	-0.5959	0.0265	0.4521	0.3164	0.7006	-0.1738	0.8354	-0.1340	0.1208	0.1006	0.0214	-0.1131	-0.2208	-0.3570	0.3973	-1.3149	-0.4365	-0.0507	-0.4875	0.1686	-0.0771	-0.4555	-0.7999	0.3423	0.7664	-0.6303	0.0059	0.3240	-0.5102	-0.1473	-0.2460	1.0594	-0.4196	-0.4324	-0.3471	-0.2851	-0.2004	-0.1292	0.3396	-1.4192	0.2410	0.7260	0.5481	0.3829	0.7221	1.4543	0.1265	-0.4500	-0.1746	-0.5638	-0.9634	-0.3390	0.0621	0.8638	0.3249	-0.3782	-0.3489	0.0797	1.0978	0.0069	-0.6575	-0.1044	-1.2259	0.4531	-0.1930	0.3491	0.4325	0.0170	0.0954	-0.4803	-0.3961	-0.8528	-0.9230	-0.5648	0.3732	-0.1767	-0.3275	-1.0923	-0.0381	-1.0814	-0.1071
g__Alistipes_A	-0.1612	0.1113	-0.1346	-0.5231	-0.1514	-0.3896	1.9338	-0.1230	-0.0822	0.2449	-0.6266	0.1942	0.0387	-0.2531	-0.0660	0.1316	-0.2394	0.0674	-0.3591	-0.2021	-0.0805	0.0464	-0.1845	-0.2755	-0.0713	0.2046	0.1652	0.1431	0.0554	-0.0756	-0.0129	-0.0684	-0.0384	-0.0908	-0.0648	-0.3707	-0.2160	-0.2653	-0.3553	-0.4015	0.0983	-0.3284	-0.1188	0.0510	-0.0965	0.2816	0.3663	0.7666	0.0719	-0.3053	-0.2381	-0.1148	-0.7186	0.4539	0.0828	0.3013	-0.0786	-0.6580	0.1308	-0.2738	0.3395	-0.5383	0.0212	0.3700	0.1488	0.3567	0.0752	0.1024	-0.1566	-0.0478	-0.1363	0.0554	-0.3957	-0.1250	-0.0499	0.2004	0.4103	0.0550	-0.1700	-0.1773	-0.4036	0.4717	0.3115	0.1823	0.1265	0.1710	0.1427	0.1978	0.2747	-0.1460	-0.1749	0.2634	0.0487	-0.1323	0.4146	0.1561	0.1274	-0.6495	0.1891	0.1445	0.1518	0.1441	0.1028	0.1114	-0.1430	0.5175	-0.0235	-0.3479	-0.3469	0.1231	-0.0992	-0.4704	-0.0722	0.1466	0.1046	0.2424	0.4396	0.0969	0.3110	-0.1001	-0.2800	0.2071	0.1594	0.1503	-0.6688	0.0660	0.2367	0.2072	0.4285	-0.1969	-0.0803	-0.0960	0.0712	0.0910	-0.0193	0.2817	0.1191	0.1854	0.5445	0.1113	0.1399	0.0298	0.1394	0.3209	0.0590	0.2602	0.0056
g__Alitiscatomonas	0.3403	0.1386	-0.2002	0.1238	0.6523	-0.1146	-0.1230	4.4718	-0.5412	-0.2188	0.5096	0.1392	-0.3831	0.6813	-0.1366	-0.4388	0.7117	-0.1216	1.0028	0.5390	0.0510	-0.3211	-0.2797	0.3489	0.7650	0.1401	-0.1045	-0.3999	-0.0016	0.1925	-0.1674	0.2522	-0.1043	-0.2890	-0.4220	0.5135	0.4135	0.2424	1.2371	0.8243	-0.0167	0.4055	0.1433	0.0550	0.1571	-0.1966	-1.3201	0.0519	-0.0918	0.0608	0.4633	-0.3575	1.6543	-0.4602	-0.0622	-0.3707	-0.2430	-0.4452	-0.5751	0.3003	-0.4957	0.4429	-0.1502	0.0664	-0.2036	0.1493	-0.3060	0.0166	0.2521	0.1053	0.4428	-0.0015	-0.2160	-0.0571	0.6258	-0.0708	-0.5299	0.0603	0.3789	0.3693	-0.0544	-0.6734	-0.4905	0.6056	-0.2428	-0.0354	0.1565	0.2249	0.5175	-0.4169	-0.0680	0.0387	-0.7270	0.6889	0.2867	-0.4515	-0.4254	0.9396	0.1874	-0.2844	-0.0145	0.0234	-0.2110	-0.0559	0.1315	-0.1224	-0.1222	0.4979	0.1912	0.0823	0.0263	0.6803	0.1890	-0.2751	0.5954	-0.0138	-0.5816	0.2544	-0.6661	0.4049	-0.3057	-0.1547	-0.1526	-0.0963	0.3368	-0.0019	-0.8217	-0.2908	-0.8316	0.2289	-0.2851	-0.4450	-0.2649	0.0355	-0.2420	-0.6230	-0.2455	-0.3664	-0.3567	-0.0315	-0.4486	0.2598	0.0082	-0.3084	-0.0671	-0.3819	-0.1095
g__Allocoprobacillus	0.0184	0.2770	0.0840	0.3350	-0.3630	0.3194	-0.0822	-0.5412	3.8843	-0.1176	0.3204	0.1461	0.5818	0.3924	0.5729	0.3132	0.0882	-0.1065	0.1268	-0.2005	0.1992	0.2831	-0.1268	-0.2237	-0.2849	0.0360	-0.2942	-0.0907	-0.0952	-0.2740	-0.5870	-0.4181	0.5199	0.8010	0.2424	-0.9089	-0.3024	0.1224	-0.9090	-0.8462	-0.1877	-0.0857	0.1422	-0.4889	0.1505	0.4691	0.5589	0.5687	0.0424	0.1429	-0.3523	-0.0435	-0.7416	0.3912	0.0152	-0.1424	0.3475	1.2057	0.2241	0.1808	-0.1974	-0.0283	0.1304	-0.5315	-0.0504	-0.9422	-0.3628	-0.1453	0.0764	0.3314	-0.4352	-0.0878	0.7199	0.2307	-0.2526	0.3607	0.8059	-0.2057	0.4588	0.1694	0.7527	-0.7291	-0.0208	-0.4185	0.1892	0.0196	-0.1970	-0.1822	-0.4261	0.4014	0.1009	-0.3303	-0.8081	-0.1985	-0.7157	0.4279	0.2242	0.1471	-0.3807	0.2192	-0.2150	0.6142	0.3950	0.0291	0.1725	-0.2560	0.2695	0.1748	0.3449	-0.4349	0.7157	0.2360	-0.2036	-0.0124	-0.1740	-0.5338	-0.0618	-0.2321	-0.2633	-0.2009	-0.3759	-0.0832	-0.0090	-0.1352	-0.4993	0.0096	-0.6949	-0.2162	0.5734	-0.0459	0.3213	0.6797	0.1896	0.0336	0.3997	-0.3095	-0.4351	-0.0930	1.1558	0.6028	0.3923	-0.2588	-0.2721	-0.1432	-0.1786	-0.2653	-0.1379
g__Amedibacterium	-0.5397	-0.0288	-0.1284	-0.7695	-0.4553	-0.7764	0.2449	-0.2188	-0.1176	4.6791	-0.1137	0.0520	-0.4052	0.3770	-0.2975	-0.2216	-0.1718	0.0277	0.3884	-0.8745	0.0226	0.1873	0.7842	0.4369	0.0213	-0.0224	0.1134	0.0471	-0.0988	-0.1360	-0.3119	-0.2615	0.3862	0.4423	0.0711	0.1387	-0.6461	-0.0264	-0.4257	-0.5850	-0.1678	-0.2688	1.3277	-0.1222	0.0698	-0.3832	-0.4376	-0.4257	0.0977	0.5179	-0.1730	-0.0375	0.5844	1.7033	-0.0542	0.4085	-0.1553	-0.1395	0.7527	-0.4054	0.3934	-1.0090	0.0138	0.5491	-0.0132	0.7819	-0.3620	0.0859	-0.6807	-0.2240	-0.4582	-0.0435	-0.4472	-0.0472	-0.3713	-0.1263	-0.2896	-0.0557	-0.0417	-0.7429	0.4121	-0.4109	0.1714	-0.3585	0.3468	-0.0362	-0.0686	0.1148	0.3999	-0.1523	-0.3061	0.8304	-0.0771	-0.6489	0.3040	0.5191	0.3654	-0.6523	0.6146	0.0787	0.0084	0.0216	0.0603	0.1299	-0.4817	-0.2141	-0.6112	-0.6432	-0.5030	-0.1749	-0.1238	-0.5377	-0.3451	0.4159	0.9025	0.2863	0.8258	-0.2261	0.3210	0.3444	-0.8643	0.2114	0.3460	-0.0229	0.1234	-0.2336	-0.0040	0.3117	1.0650	-0.6073	-0.0821	0.2209	-1.1401	0.9965	0.5688	0.3801	-0.2410	0.1563	1.1713	-0.1147	0.6898	-0.0530	0.5033	-0.4891	0.3806	0.6232	-0.1390
g__Anaerobutyricum	0.4792	-1.0525	0.3723	2.2087	1.4392	0.5941	-0.6266	0.5096	0.3204	-0.1137	8.4780	-0.5298	-0.6524	1.5402	0.4217	-0.5323	1.6079	-0.2797	2.3287	1.9172	-0.1569	-0.3358	-0.3422	1.0288	0.5424	-0.4875	-0.5281	-0.4917	0.3017	-0.0650	0.4505	0.1629	-0.3557	0.1128	0.3086	2.3613	0.9309	1.2076	1.7498	1.6901	-0.0423	1.1263	1.3306	-0.6964	-0.2479	-1.1948	-2.1022	-3.9802	-0.3987	0.6671	1.2662	0.2708	3.8549	-2.7156	-0.1373	-0.4746	-0.9508	3.9508	0.0981	0.9103	-0.9626	2.9940	-0.2947	-0.5250	-0.4684	-1.2818	0.2290	-0.3575	1.2188	0.3556	0.4280	-0.0350	2.7501	0.4119	0.3353	-1.5270	-2.2341	-0.4264	-0.5033	0.8826	0.4044	-2.5567	-1.3836	-1.3684	-0.2498	-0.4061	-0.2171	-0.8355	-0.8651	0.2526	0.3120	-0.8750	-1.0005	0.9247	-1.8790	-0.2636	0.1754	3.2204	-0.4020	-0.5608	-0.5330	-0.7126	-0.4002	-0.7879	0.8009	-2.4237	0.9894	2.0578	1.0814	0.2147	0.8503	1.3728	0.3404	-0.6344	-0.5645	-0.5999	-2.3457	-0.3784	-0.2408	0.9545	0.5024	-0.6587	-0.5248	-0.3171	1.4006	-0.2233	-0.5829	-0.7566	-1.3504	0.5444	0.7485	-0.4125	-0.9649	0.4891	0.6607	-0.6409	-0.6879	-0.5807	-1.5642	-1.5146	0.0211	-0.3005	-0.4159	-2.7198	0.0725	-0.5092	-0.1175
g__Anaerofustis	-0.1944	0.6325	-0.0655	-0.6540	-0.5622	-0.4773	0.1942	0.1392	0.1461	0.0520	-0.5298	2.1904	0.0661	-0.5020	-0.0415	0.0680	-0.1499	0.0630	-0.5337	-0.1454	0.3189	-0.0036	-0.4789	-0.6752	-0.2034	0.0669	0.1002	0.1756	0.0431	-0.0553	-0.0954	-0.0693	-0.0404	0.1801	0.2640	-0.5894	-0.1707	-0.2442	-0.2852	-0.2489	-0.0572	-0.2578	-0.3190	-0.0622	-0.4487	0.3949	0.5019	1.3703	0.0189	-0.2196	-0.0794	-0.1716	-0.6195	0.1515	0.0104	0.1532	-0.1180	-0.3814	0.1167	-0.1854	0.3011	-0.4668	0.1592	0.4382	0.1048	0.1000	0.2026	0.1318	-0.2860	0.3305	-0.3307	0.0109	-0.2269	-0.1866	-0.2658	0.1157	0.2381	0.0461	-0.4411	0.2708	-0.4332	0.6017	0.4487	0.4487	0.3065	0.1426	0.0017	0.2708	0.2039	-0.0557	-0.1600	0.0134	0.0904	0.0236	0.5768	0.0730	0.3159	-0.4443	0.0169	0.2381	-0.0227	0.4540	0.2267	-0.0001	-0.0895	0.3406	-0.0609	-0.1931	-0.2817	0.0508	-0.3049	-0.4116	-0.1765	0.1564	0.0127	0.1192	0.2648	0.2874	-0.1010	-0.4124	-0.2036	0.2046	0.2061	0.1828	-0.6609	-0.0059	-0.0284	0.1220	0.4212	-0.1202	0.1922	0.0709	0.1194	-0.0584	0.1805	0.1833	-0.1322	0.3278	0.3220	0.2329	0.0886	-0.0810	0.0607	0.3408	0.2358	0.0025	0.1326
g__Anaeromassilibacillus	-0.0548	1.4476	-0.0029	-0.3174	0.3006	0.7055	0.0387	-0.3831	0.5818	-0.4052	-0.6524	0.0661	3.9211	-0.1827	0.7318	1.0521	0.5905	0.0151	-0.6066	-0.0568	-0.1678	0.2684	1.3171	0.2334	-0.7451	0.1795	0.0579	-0.1286	-0.2950	-0.1255	-0.4423	-0.0061	0.0651	0.4783	0.5096	0.4280	0.0508	0.6769	-0.1929	-0.3846	0.0897	-0.0662	-0.1238	-0.9824	0.7766	-0.5507	-0.1792	-0.9672	-0.0237	-0.0035	-0.4643	0.0907	-0.8750	0.3271	0.0957	0.2712	1.3584	0.7436	0.0332	-0.4730	-0.1850	-0.5902	-0.1243	-0.5229	0.1056	-0.5137	-0.4165	-0.2876	-0.1088	0.0335	-0.2540	0.0090	0.1841	0.5433	-0.3274	0.6541	0.9486	0.0234	-0.8657	0.0880	0.4285	-0.4087	-0.4812	0.0270	-0.1988	0.4403	-0.0873	0.0192	-0.1455	-0.1149	0.0590	-0.6626	-0.4238	0.3266	-0.4642	0.1178	0.0194	0.0322	-0.1369	0.4278	0.0112	0.5132	0.6875	0.2722	0.1361	-0.4101	0.6251	-0.3466	0.2565	-0.0286	0.8684	-0.6096	0.1245	-0.1616	-0.0483	-0.5503	0.2182	0.2667	0.0394	-0.5710	-0.4673	-0.0770	-0.2227	0.1128	-0.4084	-0.0483	-0.4503	-0.1173	0.5703	-0.0603	-0.5151	0.4696	0.3870	-0.3788	0.2825	-0.6292	0.1466	0.2599	1.0934	0.3100	0.0706	-0.1499	-0.3315	0.0889	-0.2565	-0.6647	-0.1792
g__Anaerostipes	0.0067	-0.2416	0.2277	2.0958	0.5810	-0.0586	-0.2531	0.6813	0.3924	0.3770	1.5402	-0.5020	-0.1827	6.4319	-0.3265	-0.6991	0.3973	-0.4188	1.4392	0.5677	1.8134	-0.0202	2.9453	2.0972	-0.2135	-0.2493	-0.3300	-0.3851	0.0680	-0.6015	-0.3900	-0.0183	0.0632	0.5386	-0.3624	0.6996	0.6044	1.2031	1.5215	2.0679	-0.3968	0.4490	1.6609	-2.3346	1.7703	-1.0563	-1.7391	-2.0297	-0.1560	0.8521	0.3276	-0.0020	1.2316	0.9242	-0.2114	-0.7264	0.4860	1.3806	0.1224	0.0128	-1.1415	0.1962	-0.1449	-1.4234	-0.4776	-1.0465	-0.3618	-0.2954	0.0074	-0.4073	-0.3991	-0.2543	0.9141	0.1726	-0.1997	-0.5406	0.4674	-0.4161	-1.0898	0.2512	1.0090	-1.0420	-0.8456	-0.2487	-0.3940	-0.3511	-0.4283	-0.5604	-1.7906	0.0683	-0.1314	-1.0281	-0.4441	0.4419	0.6700	0.1166	-0.3405	0.9850	-0.1476	-0.4829	-0.1873	-0.6859	-0.4870	-0.3260	-0.3135	-0.4887	-0.1357	0.8069	1.2431	-0.2413	1.2493	0.3187	-0.2475	-0.2789	0.2768	-1.0127	-1.1125	-0.5738	0.0563	0.6637	-0.6168	-0.3478	-0.4657	-0.5046	1.7144	-0.2929	-1.6749	-0.4398	2.2966	-0.2873	-0.0130	0.0106	-0.8046	0.4031	-0.5129	-0.9342	-0.4449	-0.1803	0.9171	0.0640	0.6533	-0.4142	-0.3768	-1.9399	-0.0040	-0.6675	-0.3245
g__Anaerotignum	0.1916	0.9892	-0.1499	-0.2460	0.5995	0.3014	-0.0660	-0.1366	0.5729	-0.2975	0.4217	-0.0415	0.7318	-0.3265	3.8833	0.2360	-0.2930	-0.0817	0.6045	-0.2946	-0.1850	0.1959	0.7499	0.4469	0.0898	-0.1997	-0.0460	-0.1369	-0.3242	-0.1724	-0.3367	-0.4068	-0.3813	0.7568	1.0114	-0.8096	-0.2880	0.3404	0.1413	-0.1010	-0.2319	0.6439	0.2601	-0.7696	0.7478	-0.5449	-0.4370	-0.5900	0.3228	-0.4291	-0.1242	0.3621	0.0772	0.8452	-0.2898	-0.0511	1.1103	0.5938	0.0198	-0.0507	0.0907	-0.2570	-0.0530	-0.6642	0.1136	-1.0435	0.2878	0.3091	0.0174	0.2377	-0.0938	-0.0175	0.6663	-0.0186	-0.2309	0.5554	-0.7661	-0.1986	-0.4578	-0.2981	-0.2470	-0.3128	-0.3809	-0.5901	-0.4047	0.2985	-0.1810	-0.0955	-0.0454	0.4976	0.0662	-0.2557	-0.1803	-0.3856	-0.7573	-0.2295	0.3805	0.8774	-0.2255	0.3050	-0.0362	0.1078	0.4296	-0.3313	0.2884	-0.8768	0.8489	0.5474	-0.1554	-0.2942	1.0215	0.3240	-0.2367	-0.1629	0.2703	0.0180	-0.0120	-0.3493	0.2946	-0.1178	-0.1550	0.0487	0.2141	-0.0707	-1.2689	-0.2759	-0.3103	-0.2255	-0.2861	0.1685	-0.0453	0.7483	-0.2467	0.1789	1.0948	-0.4655	-0.0800	-0.3814	0.0677	-0.4093	0.3488	-0.2344	-0.0251	-0.7258	-0.0965	0.4403	-0.2759
g__Anaerotruncus	-0.0180	0.3279	-0.1991	-0.6572	-0.6266	0.3204	0.1316	-0.4388	0.3132	-0.2216	-0.5323	0.0680	1.0521	-0.6991	0.2360	2.6480	-0.0079	-0.0760	-0.6079	-0.3236	-0.2890	0.2337	0.5740	-0.3184	-0.2498	-0.0669	0.0284	0.0427	-0.1367	-0.2512	0.1335	-0.3342	0.4751	0.0338	0.1988	-0.6010	-0.5015	0.1970	-0.8158	-0.6348	-0.0772	-0.3216	-0.0885	-0.3037	0.7841	0.4271	0.4392	0.2401	0.0476	-0.3741	-0.4919	0.0071	-1.2790	0.6844	-0.0391	0.1812	1.0659	-0.0517	0.0784	-0.3906	0.0640	-0.9349	-0.0670	0.0380	0.1089	0.5641	-0.1099	-0.1474	-0.3880	-0.1221	-0.3865	-0.0591	-0.1957	0.1509	-0.1927	1.2356	0.6781	0.0342	-0.0935	-0.1639	0.1784	0.1981	0.1830	0.2818	0.0514	0.2851	0.0762	-0.0027	-0.0224	0.0754	-0.1520	0.0700	-0.0828	-0.2943	0.1952	0.3441	0.0154	-0.4713	0.0121	0.2245	-0.0627	0.6922	0.2597	0.1451	-0.1908	0.0897	-0.1094	-0.4648	-0.2613	-0.0907	0.5559	-0.5210	-0.2102	0.0331	-0.1172	0.0477	0.2953	0.7242	0.1910	-0.4626	-0.5670	0.0724	0.0635	0.0714	-0.3011	-0.1319	0.1495	0.0722	0.8944	-0.3162	-0.2912	0.0609	0.3862	-0.4471	0.3211	0.1326	0.2975	0.2656	1.1933	0.1818	0.0011	-0.1623	0.0656	0.6882	-0.1215	-0.1409	-0.1449
g__Anthropogastromicrobium	-0.0074	-0.4701	-0.2780	0.1582	0.9163	0.4531	-0.2394	0.7117	0.0882	-0.1718	1.6079	-0.1499	0.5905	0.3973	-0.2930	-0.0079	4.8480	-0.0249	0.4095	0.4803	-0.2602	-0.1152	0.5810	0.4092	0.0164	0.1587	-0.1148	-0.2221	0.3231	-0.0513	0.1454	0.5429	0.7838	-1.0464	-0.0681	-0.0151	0.6095	-0.6532	-0.0273	0.4345	0.1224	0.5412	-0.3385	-0.3926	0.1903	-0.2636	-0.9846	-1.0603	-0.2836	0.5405	0.5801	0.2141	1.0886	-1.6940	-0.1367	-0.3674	0.2058	1.7025	-0.4430	0.1144	-0.8011	1.0671	-0.1559	-0.3343	-0.3234	-0.4345	-0.0264	-0.4106	0.4717	-0.0859	0.2844	-0.0395	0.1492	0.9694	0.3006	-1.0790	0.1719	0.0904	-0.4406	1.0894	0.9523	-1.5612	-0.2371	-0.4192	-0.2470	-0.1793	-0.0388	-0.2085	0.2487	-0.0971	-0.0492	-0.2809	-0.1811	0.6801	-1.0764	-0.2123	-0.0457	0.0976	-0.2476	-0.5258	0.1163	-0.0852	-0.1217	0.0022	0.4109	-0.6654	0.4885	0.7815	0.9550	-0.0367	-0.0203	0.2723	0.5721	-0.1949	-0.5746	-0.5256	-0.3793	-0.1812	-0.2106	0.4886	-0.0863	-0.1429	-0.3591	-0.0930	1.0078	0.1109	-0.6403	-0.4309	-0.2857	0.2178	-0.2267	-0.2461	0.7162	0.2321	-0.1996	-0.9505	0.0049	0.6331	-0.5761	-0.3684	0.4548	-0.1526	-0.1238	-0.5458	-0.0329	-1.0128	0.1716
g__Aristaeella	0.1079	-0.0625	0.1127	-0.2428	-0.1621	-0.1146	0.0674	-0.1216	-0.1065	0.0277	-0.2797	0.0630	0.0151	-0.4188	-0.0817	-0.0760	-0.0249	1.8522	-0.5028	0.0865	-0.0503	-0.1386	-0.2813	-0.1928	-0.1086	0.1973	0.1087	0.0854	-0.2286	0.4540	0.0704	0.3074	0.1256	0.0337	-0.0767	-0.0302	0.0758	-0.1321	0.0182	-0.1463	0.4085	-0.1145	-0.1127	0.3658	-0.2763	0.0844	0.0934	0.2830	0.1158	0.0898	0.0762	-0.0159	-0.5239	-0.0253	0.0791	0.1519	-0.6222	-0.2213	-0.0556	0.0293	0.0697	-0.0805	-0.0451	0.0897	0.0763	0.0950	0.1675	0.0280	0.1129	0.1399	0.1625	0.2436	-0.3038	-0.0357	0.0305	-0.0850	-0.0756	0.2567	0.1388	0.0940	-0.2040	0.0975	0.1978	0.0215	0.0133	0.0199	-0.0953	-0.0559	0.1292	-0.1786	0.1018	0.0091	0.0395	0.1378	0.1691	0.0272	-0.0178	-0.2004	-0.1151	0.0167	0.0344	-0.0021	0.0668	0.1013	0.1736	0.2924	-0.2044	0.0395	0.1662	0.1041	-0.2902	-0.1884	0.1667	0.0530	-0.0749	-0.0070	0.2061	-0.1251	-0.0150	-0.2074	0.1800	0.1403	0.0269	0.1109	-0.2154	0.3294	-0.0468	0.0381	-0.4250	0.2710	-0.1296	-0.1562	0.1973	-0.0441	-0.1812	0.0056	-0.1530	-0.0330	-0.2756	-0.1860	-0.2451	0.2283	-0.0820	0.2429	-0.0955	0.1108	0.2014
g__Bacteroides	0.0971	-0.3419	-0.0099	1.0279	1.7389	1.0400	-0.3591	1.0028	0.1268	0.3884	2.3287	-0.5337	-0.6066	1.4392	0.6045	-0.6079	0.4095	-0.5028	7.3677	0.7758	-0.5882	-0.1333	0.9061	1.5322	0.2821	-0.6828	-0.3133	-0.5210	0.2989	-0.2303	-0.3592	-0.0050	-1.5023	0.6700	0.1901	0.7783	0.4286	0.7998	1.1212	1.7724	-0.3771	1.7477	2.4746	-1.0198	2.1763	-1.9860	-1.5715	-3.4340	-0.5071	1.0783	0.9967	0.3190	3.5686	-0.9219	-0.0153	-0.4897	1.7148	0.6945	0.0449	0.5832	-0.9956	1.5333	-0.1899	-1.1844	-0.3827	-2.9861	-0.2218	0.4539	0.6191	0.1032	0.6563	-0.3777	0.7198	-0.4038	0.0793	-0.8483	-0.1438	-0.4099	0.4819	-0.1889	-0.5456	-2.3353	0.0366	-1.0276	-0.4388	-0.1346	-0.0877	-0.6590	-1.4880	1.4193	0.1659	-1.0460	-0.4317	0.4222	-1.5669	-0.4785	-0.0117	3.1918	-0.0534	-0.3761	-0.1734	-0.5399	-0.4106	-0.6486	0.5102	-2.8261	0.5117	1.4654	-0.0207	-0.1534	1.5819	3.5591	-0.0830	-0.3127	0.6806	-0.3802	-0.2718	-0.7048	1.3084	3.6348	0.1323	-0.4815	0.1293	-0.1837	0.1653	-0.4996	-1.0470	-0.5150	-0.7239	0.3481	0.0791	0.7759	-1.5737	0.6270	1.6535	-1.3786	-0.7994	-0.9378	-0.7052	-1.0331	0.5958	-0.3114	-0.1936	-3.0419	0.1573	-0.2984	-0.2280
g__Bariatricus	0.3508	-0.3040	0.3672	1.5756	0.6443	0.4331	-0.2021	0.5390	-0.2005	-0.8745	1.9172	-0.1454	-0.0568	0.5677	-0.2946	-0.3236	0.4803	0.0865	0.7758	4.3514	-0.0653	-0.3261	-1.5405	0.2420	0.1076	0.2243	-0.0533	-0.2279	0.2093	0.1658	0.1925	0.5199	-0.8084	-0.0470	-0.2907	1.8802	0.5058	0.2611	1.0320	2.2073	0.4151	0.8013	0.0106	-0.5188	-0.3271	-0.4561	-1.2997	-0.7934	-0.1392	0.9134	1.0115	0.5637	1.3847	-2.0415	0.1937	-0.1720	-1.0299	1.0482	-0.1270	0.8556	-0.8457	1.8554	0.1049	-0.4500	-0.4348	-1.4116	0.4686	-0.0316	0.9201	0.6049	0.2269	-0.1429	0.6948	0.2779	0.4407	-0.9952	-0.8144	-0.1173	-0.0637	0.7611	-0.0665	-0.6833	-0.4734	-0.2032	-0.2087	-0.2179	-0.1882	-0.5454	-0.9534	-0.1005	0.4941	-0.5527	-0.6481	1.2845	-0.4846	-0.3332	-0.0577	1.0467	0.0217	-0.2679	-0.3104	-0.5513	-0.1061	-0.2434	0.3678	-1.1450	0.7580	0.7138	0.0105	0.2376	0.1359	1.0019	0.2253	-0.2829	0.1886	-0.2274	-0.8855	-0.4219	-0.0968	0.2668	0.4222	-0.2274	-0.4576	0.0805	1.1407	0.2464	-0.1797	-0.4301	-1.6725	0.8368	0.7612	-0.6906	0.4451	-0.4601	0.1934	-1.0048	-0.5709	-0.7617	-1.5348	-0.9605	-0.1975	-0.0638	-0.3653	-1.7074	0.0285	-0.2894	0.1698
g__Bifidobacterium	-0.9116	0.3037	0.2036	0.5094	-0.8238	-0.4541	-0.0805	0.0510	0.1992	0.0226	-0.1569	0.3189	-0.1678	1.8134	-0.1850	-0.2890	-0.2602	-0.0503	-0.5882	-0.0653	11.1601	0.3670	-0.2566	1.4904	-0.6873	-0.0976	-0.0658	0.0543	-0.1753	-0.7495	-0.7529	-0.2805	1.1491	0.0780	0.5885	0.0369	-0.5411	0.0225	0.0208	0.3586	-0.2205	-1.0628	0.5248	-0.8143	-1.7701	-0.0408	2.0654	1.7667	0.1231	-0.3664	-0.6089	-0.1797	-0.5191	-0.5836	0.2000	-0.2477	-0.7918	0.4177	-0.0941	-0.4989	-0.8838	-0.9820	0.1333	-1.1526	-0.1534	-0.0338	0.3920	-0.1646	-0.3577	0.0372	-1.6385	-0.1066	0.8043	-0.9262	-0.7328	-2.0209	1.3344	-0.2053	-1.0263	-0.2455	0.5826	1.8411	0.8238	0.3473	1.4843	0.1128	-0.3998	0.3210	-0.7543	-0.2207	-0.2865	0.2941	1.5618	-0.3239	1.4631	0.7751	0.4585	0.0206	0.3622	0.2567	-1.0440	-0.4003	0.1168	-0.1178	-0.7285	1.1643	-0.1827	-0.2645	0.3104	-0.0097	-2.4769	-0.6697	-0.4804	0.3795	-0.9420	-0.0615	1.0375	0.2926	-0.3491	-0.1314	-0.5842	0.0060	-0.8434	-0.2069	-0.4246	-0.0116	-0.4789	0.2216	0.3598	-0.6421	-0.1760	0.0053	1.3963	0.0639	0.6531	0.2830	0.3744	1.0674	1.3238	1.0089	0.2106	-0.3939	0.2048	1.4330	0.3814	0.3133	0.1365
g__Bittarella	-0.0987	0.0514	-0.0730	0.0937	-0.2704	0.2246	0.0464	-0.3211	0.2831	0.1873	-0.3358	-0.0036	0.2684	-0.0202	0.1959	0.2337	-0.1152	-0.1386	-0.1333	-0.3261	0.3670	2.1316	0.2452	-0.0161	-0.0884	-0.0936	-0.0609	-0.0641	-0.1745	-0.3492	-0.3751	-0.2727	0.0701	-0.0296	0.2354	-0.3007	-0.4936	-0.1644	-0.4333	-0.5382	-0.1796	-0.2072	-0.3692	-0.1955	0.3749	0.3320	0.2845	0.4941	-0.0442	0.0287	-0.3342	0.0147	-0.2821	0.4865	-0.0403	0.0110	0.3458	0.4226	0.1727	-0.1477	0.1658	-0.2385	0.0242	-0.0727	0.0463	0.0674	-0.2412	-0.0700	-0.1325	-0.0814	-0.2965	-0.0848	-0.1581	0.2252	-0.1057	0.2067	0.2581	-0.0728	-0.0587	-0.3595	-0.2271	0.0703	0.0380	0.1225	-0.1447	0.0095	-0.0366	-0.0651	-0.0262	0.1305	-0.0844	0.0126	-0.0206	-0.3999	0.1520	0.1375	0.1050	-0.0139	0.1542	0.1064	-0.0813	0.2403	0.1534	0.0806	-0.2004	0.0833	0.0705	-0.1204	-0.1803	-0.0909	0.2457	-0.3247	-0.1546	-0.0038	0.0965	0.0895	0.4099	0.0157	0.2354	-0.3944	-0.2847	0.0293	-0.0549	-0.0811	-0.0851	-0.2027	0.2512	-0.0026	0.7060	-0.1923	-0.0300	0.5210	0.3175	0.0776	0.1990	0.2313	-0.0862	-0.1346	0.9550	0.3593	0.4214	-0.1473	0.3614	0.2093	-0.1314	-0.1204	-0.1634
g__Blautia	-0.3402	0.4363	-0.3575	-0.2093	-0.2781	-0.0160	-0.1845	-0.2797	-0.1268	0.7842	-0.3422	-0.4789	1.3171	2.9453	0.7499	0.5740	0.5810	-0.2813	0.9061	-1.5405	-0.2566	0.2452	10.6536	2.9926	-0.6690	-0.6902	-0.2485	-0.1264	-0.4653	-0.4464	-0.4529	-0.7119	0.0166	0.1574	0.6639	-2.3512	-0.2822	3.4006	-1.0118	-1.0124	-0.7846	-0.0539	1.0103	-2.2686	3.7767	-1.4677	-0.9128	-3.1287	0.0709	0.0556	-1.2725	-0.1166	0.0674	5.0314	-0.1582	0.1631	3.6244	0.7279	0.2475	-0.6882	-0.8532	-1.3174	-0.3018	-1.7029	-0.1111	0.5765	-1.0251	-0.2975	-0.7166	-0.6102	-0.9075	-0.1823	-0.0520	0.3825	-0.7499	1.2614	-0.1301	-0.2534	-1.0182	-0.4873	2.1606	-0.5337	-1.5508	-0.2779	-0.6510	-0.3808	-0.5019	-0.1474	-0.2864	0.3486	-0.2265	-0.6567	1.4591	-0.7037	-0.8070	0.1679	0.0437	0.8601	-0.4293	0.1459	0.4323	0.0700	-0.2881	0.0062	-0.4633	1.2685	-0.0125	-0.7211	0.0915	-0.9944	2.8810	-0.3514	-0.6001	0.0680	-0.2716	-0.6059	2.3211	0.0374	-0.1350	-0.1630	-0.5577	-0.2130	-0.0361	-0.5722	0.9783	-0.8057	-1.5920	-0.0739	4.1950	-0.5797	-0.6248	0.4711	-0.8066	0.6549	-0.1786	-0.4210	0.1564	0.5657	2.5039	0.4128	0.9483	-0.4157	-0.2761	-0.5276	-0.4448	-0.3193	-0.2721
g__Blautia_A	0.0154	-0.1811	0.0103	1.4223	1.5806	0.1704	-0.2755	0.3489	-0.2237	0.4369	1.0288	-0.6752	0.2334	2.0972	0.4469	-0.3184	0.4092	-0.1928	1.5322	0.2420	1.4904	-0.0161	2.9926	6.7790	-0.2044	-0.5669	-0.3700	-0.3492	-0.2333	-0.4310	-0.4887	-0.0137	0.9818	0.9108	0.2711	1.3512	0.2790	1.7270	0.9993	0.9118	-0.1955	0.4588	2.3235	-2.3968	1.2740	-2.3878	-1.0326	-3.0324	-0.2312	0.1486	0.0073	-0.1152	1.7576	0.8627	-0.2067	-0.0016	0.7071	1.0399	0.4473	0.0333	-1.2325	0.4485	-0.2808	-2.3133	-0.2291	-1.8699	-0.2365	-0.2029	-0.1917	-0.2873	-0.2247	-0.2991	0.6260	0.1237	-0.1437	-0.6866	0.0356	-0.4047	-1.1273	0.1353	1.6416	-1.5968	-1.8514	-0.9000	-1.3683	-0.3845	-0.2234	-0.5647	-1.5317	0.3500	-0.1109	-0.6340	0.0761	0.2356	-1.2185	0.3280	0.1061	1.1702	0.1677	-0.2406	-0.0038	-0.4472	-0.1411	-0.1771	0.0552	-1.8780	0.4467	0.3859	0.5050	0.0757	1.3897	1.0518	-0.1603	-0.1519	-0.2580	-0.3488	0.1172	-0.7248	-0.0963	0.7900	-0.1902	-0.3809	-0.3666	-0.3444	1.7488	-0.6884	-2.0979	-0.3841	0.6980	-0.2107	-0.5284	0.5719	0.0839	0.6650	0.7587	-1.8561	-0.9529	0.1883	1.3104	0.5938	0.0564	-0.1991	0.0049	-1.2079	-0.1559	-0.5143	-0.5076
g__Brotaphodocola	0.1815	-0.2478	-0.0490	0.0693	0.4923	-0.0491	-0.0713	0.7650	-0.2849	0.0213	0.5424	-0.2034	-0.7451	-0.2135	0.0898	-0.2498	0.0164	-0.1086	0.2821	0.1076	-0.6873	-0.0884	-0.6690	-0.2044	2.7783	-0.0849	-0.0030	-0.1155	0.2038	0.0412	0.4370	-0.0280	-0.4240	-0.5978	-0.3075	0.3224	0.1956	-0.3209	0.1697	-0.0518	-0.1709	0.0588	-0.0085	1.0845	0.1692	0.1706	-0.4850	0.1340	0.1968	-0.0492	0.1792	-0.1479	0.7168	0.0097	-0.1845	-0.2443	-0.4972	-0.2911	-0.2384	0.3397	0.1235	0.2774	-0.0929	0.5780	-0.0916	0.4377	0.0585	0.1411	-0.0442	-0.2303	0.5093	-0.0323	-0.0634	-0.0922	0.5136	0.0427	-0.9501	-0.0722	1.0374	0.0029	-0.0582	-0.3238	-0.3195	0.1815	0.1186	-0.2938	0.2304	0.3910	0.4267	-0.0147	-0.2411	0.3547	-0.1838	0.1712	0.1137	-0.2533	-0.0547	-0.0220	0.6823	-0.1097	0.0427	-0.0879	-0.1670	-0.1039	-0.0872	0.3139	-0.0189	0.5432	-0.1383	0.0781	0.3326	0.2641	0.0812	-0.1653	0.2724	0.2597	-0.1888	0.1745	0.0314	0.2041	-0.0611	0.1088	0.1336	-0.2235	-0.1573	-0.0014	0.2727	-0.1296	-0.6082	-0.0360	0.0472	-0.7637	-0.4701	0.1023	-0.3373	0.3226	-0.0822	-0.3679	-0.5935	-0.2050	-0.0610	0.1845	0.2804	0.1864	-0.3955	0.1711	0.1301
g__Butyribacter	0.1384	-0.0594	-0.0830	0.5030	-0.1792	-0.0135	0.2046	0.1401	0.0360	-0.0224	-0.4875	0.0669	0.1795	-0.2493	-0.1997	-0.0669	0.1587	0.1973	-0.6828	0.2243	-0.0976	-0.0936	-0.6902	-0.5669	-0.0849	2.3653	0.2478	-0.0492	0.0077	0.2337	-0.0618	0.2796	0.0766	0.1906	-0.2944	0.2098	0.2533	-0.2683	-0.0219	-0.1677	0.3647	-0.0411	-0.3061	0.1067	-0.0757	0.0872	0.1673	0.5711	0.0357	0.0980	0.0345	0.0816	-0.4793	0.0856	0.1856	0.0732	-0.0226	-0.3794	-0.0772	-0.0958	-0.0854	-0.1790	-0.1163	0.1914	0.1120	0.4308	-0.0002	-0.1004	0.3107	0.1718	0.2321	0.1971	0.3370	-0.0153	0.2105	0.3062	0.3178	0.2985	-0.2738	-0.0329	0.2369	-0.1588	0.0128	0.0272	0.0032	0.1514	0.0855	-0.3215	0.1210	-0.2175	0.0389	-0.0312	-0.1293	0.1989	-0.0777	-0.0725	-0.1136	-0.3758	-0.1568	-0.0257	0.0774	-0.1296	0.3137	0.0718	0.1259	-0.0618	0.1074	-0.3844	-0.0878	0.2048	-0.6105	-0.3607	0.2648	0.0280	-0.0153	-0.0518	0.1646	-0.0184	-0.1846	0.0258	0.0587	0.0818	-0.0522	0.2218	-0.1382	0.6934	0.0346	-0.0072	-0.2683	0.2209	-0.2453	-0.2483	0.3194	-0.1943	-0.0816	-0.1711	0.0671	-0.0938	0.2777	-0.1941	-0.2506	0.1545	-0.1122	0.2038	-0.0777	-0.2623	0.0986
g__CAG-170	0.0143	0.1871	0.0691	-0.4663	-0.4419	0.1302	0.1652	-0.1045	-0.2942	0.1134	-0.5281	0.1002	0.0579	-0.3300	-0.0460	0.0284	-0.1148	0.1087	-0.3133	-0.0533	-0.0658	-0.0609	-0.2485	-0.3700	-0.0030	0.2478	2.0730	0.0936	0.2976	0.0424	0.0802	0.0297	0.0612	-0.0550	0.0611	0.1417	0.1687	-0.5363	0.1693	-0.0104	0.2147	0.1216	-0.3893	0.1051	-0.4789	0.0690	0.0522	0.2645	0.2081	0.1509	0.1941	0.3841	-0.2628	-0.2382	0.1871	0.0813	-0.3038	-0.6651	0.0075	-0.2167	0.1040	-0.1039	-0.0469	0.1622	-0.0128	0.1503	0.0810	0.0991	-0.0102	-0.0109	0.1560	0.1036	-0.2017	-0.0672	0.0353	-0.1168	-0.1549	0.1631	-0.1840	-0.0631	-0.1467	0.3289	0.2116	0.2701	0.1286	0.2824	0.0174	-0.0884	0.1524	0.0642	0.0992	0.1802	0.4025	-0.1053	0.6158	-0.0575	-0.0598	-0.3910	0.1454	0.0005	0.0442	-0.0143	0.0313	-0.0740	0.0459	0.2674	-0.0057	-0.3450	0.0382	0.4947	-0.5072	-0.0666	0.0463	0.0309	0.1887	0.0454	0.1015	-0.0880	-0.1253	-0.0005	-0.0352	0.1315	0.0664	0.1058	-0.3393	0.2457	0.1826	0.2997	-0.4198	0.0476	-0.1304	-0.1338	0.4293	0.0833	-0.1724	0.1176	0.0563	-0.0536	0.0685	-0.1814	-0.1064	0.0011	0.0160	0.0469	0.2318	0.0283	0.0381
g__CAG-177	-0.0886	0.0852	0.0996	-0.4426	-0.4635	-0.4506	0.1431	-0.3999	-0.0907	0.0471	-0.4917	0.1756	-0.1286	-0.3851	-0.1369	0.0427	-0.2221	0.0854	-0.5210	-0.2279	0.0543	-0.0641	-0.1264	-0.3492	-0.1155	-0.0492	0.0936	1.9894	-0.1021	-0.0807	0.2332	-0.0466	-0.0119	-0.1409	0.0630	-0.3921	-0.4126	-0.3935	-0.3069	-0.4117	0.0168	-0.2602	-0.3137	0.2579	-0.2143	0.3393	0.5846	1.1103	0.1321	-0.2365	-0.2167	-0.0276	-0.6471	0.2343	-0.0585	0.1633	-0.1779	-0.5409	0.1093	-0.1624	0.3462	-0.3514	0.2202	0.5490	0.1258	0.5336	0.3609	0.0115	-0.3230	0.0962	-0.2269	0.0157	-0.4782	0.0528	-0.2669	-0.0074	0.0023	-0.0216	-0.1650	-0.1433	-0.2165	0.6929	0.5956	0.2878	0.2481	0.0252	0.0196	0.2019	0.3987	-0.1668	-0.1166	0.3658	0.2951	-0.2710	0.4262	0.1551	0.0018	-0.6192	0.1711	0.1449	-0.0030	0.0271	0.0460	0.0321	-0.1986	0.5795	-0.2462	-0.2162	-0.2950	0.0852	-0.4477	-0.3129	-0.0747	0.1564	0.0017	0.4885	0.5323	-0.0102	0.3066	-0.1900	-0.0394	0.1503	0.2216	0.0743	-0.6173	0.0287	0.4729	0.2238	0.2909	-0.0410	0.1573	-0.2563	0.0978	0.0444	-0.0444	0.3869	0.0690	0.2065	0.0987	0.1493	0.0015	-0.0763	0.1845	0.5448	0.0750	0.3797	0.0933
g__CAG-217	-0.1156	0.0329	0.0166	0.3080	0.2170	0.3262	0.0554	-0.0016	-0.0952	-0.0988	0.3017	0.0431	-0.2950	0.0680	-0.3242	-0.1367	0.3231	-0.2286	0.2989	0.2093	-0.1753	-0.1745	-0.4653	-0.2333	0.2038	0.0077	0.2976	-0.1021	2.9203	-0.4129	-0.1070	0.0262	-0.1052	-0.2962	0.0729	-0.2893	0.7869	-0.4027	0.0082	0.4232	-0.1236	0.2751	-0.1839	0.0660	-0.4030	0.1965	-0.4140	-0.1102	0.1120	0.5307	0.4035	0.4087	0.3714	-0.7085	0.2300	-0.1626	-0.2045	0.1301	-0.1721	-0.1329	-0.1410	0.6086	-0.0475	0.0184	-0.1848	-0.3640	-0.2483	0.0581	0.3636	-0.1916	0.1656	-0.2394	0.4454	-0.1563	0.2305	-0.4136	-0.4232	-0.1550	0.0842	0.1376	0.1988	-0.1188	0.1788	0.1733	0.2626	0.1583	0.1316	-0.3848	-0.0941	0.4930	0.1210	-0.2551	0.5672	0.5051	0.2079	-0.1837	0.1428	0.0755	-0.2478	-0.1270	0.1086	0.0637	-0.0628	-0.2382	0.1820	-0.3301	0.5184	0.2979	0.4577	0.1240	-0.2018	0.2701	-0.0404	0.1251	-0.2639	-0.0541	0.0831	-0.1763	-0.3343	0.6316	-0.3556	-0.0548	0.0403	0.0069	0.3031	-0.1435	0.0297	0.2399	-0.6084	-0.0490	0.4199	-0.0889	-0.1229	-0.0219	-0.2945	0.0685	0.0579	0.0950	-0.5069	-0.1866	0.0522	-0.2800	-0.1433	-0.8357	0.5133	0.0136	0.0053
g__CAG-488	0.3067	-0.1705	0.1288	-0.2153	0.0785	-0.0212	-0.0756	0.1925	-0.2740	-0.1360	-0.0650	-0.0553	-0.1255	-0.6015	-0.1724	-0.2512	-0.0513	0.4540	-0.2303	0.1658	-0.7495	-0.3492	-0.4464	-0.4310	0.0412	0.2337	0.0424	-0.0807	-0.4129	2.4438	0.3235	0.4964	-0.1032	0.1021	-0.2727	0.3938	0.3071	-0.0824	0.3961	0.1997	0.4950	0.0943	-0.1631	0.9419	-0.2182	-0.2587	-0.0041	-0.0400	-0.0659	0.0395	0.2558	-0.0857	0.0080	-0.5981	0.1185	0.3350	-0.4822	-0.4514	-0.1286	0.3375	-0.0634	0.1394	-0.1058	0.1352	0.1788	0.1937	0.2889	0.1036	0.3289	0.1818	0.7588	0.3050	-0.0816	-0.1115	0.2554	0.0801	-0.4590	0.3838	0.5489	0.4062	-0.2057	-0.1603	-0.0296	-0.1342	-0.2717	-0.0138	0.0816	-0.0309	0.2843	-0.1461	0.1945	-0.0716	-0.3182	0.1369	-0.0649	-0.1134	-0.3188	-0.0076	-0.0913	-0.0157	0.2142	-0.2634	-0.0464	0.2181	0.2928	0.0300	-0.3217	0.2824	0.2106	0.0405	-0.0693	0.2057	0.5365	-0.1234	0.0268	-0.0445	-0.0930	-0.2375	-0.0672	0.1496	0.8961	-0.0057	0.1302	0.1320	-0.1429	0.4200	0.0410	-0.0214	-1.0252	0.4971	-0.0803	0.1830	-0.0810	-0.0205	-0.5215	-0.2463	-0.0047	-0.3376	-0.5761	-0.3838	-0.4541	0.4814	-0.1230	-0.1944	-0.3260	-0.0473	0.2166
g__Catenibacterium	0.3372	-0.2296	0.0035	-0.3599	-0.0779	-0.5311	-0.0129	-0.1674	-0.5870	-0.3119	0.4505	-0.0954	-0.4423	-0.3900	-0.3367	0.1335	0.1454	0.0704	-0.3592	0.1925	-0.7529	-0.3751	-0.4529	-0.4887	0.4370	-0.0618	0.0802	0.2332	-0.1070	0.3235	3.7406	0.3720	-0.1015	-0.2059	-0.3880	0.4118	0.2461	-0.5649	-0.1029	0.2389	0.0679	0.0566	-0.5990	1.1502	0.0785	-0.1048	-0.1379	-0.4503	0.2445	-0.3591	0.0769	-0.0252	0.3727	-0.7394	-0.3115	0.1103	-0.1262	-0.4309	-0.2592	-0.1723	-0.2136	0.2029	-0.0629	-0.2159	0.0177	0.8795	0.5067	-0.0971	-0.0254	-0.1922	0.5731	0.0932	-0.3839	0.0292	0.3934	0.2315	-0.4702	0.1663	0.7994	0.4065	0.2591	0.0968	0.3478	0.1651	0.4147	-0.1089	0.0327	-0.1357	0.5387	0.0880	-0.0223	0.0996	0.9821	0.2160	0.1886	-0.2687	-0.2137	-0.5263	-0.4644	-0.0605	-0.0054	-0.0899	-0.2944	0.0315	0.0365	0.6279	-0.1782	-0.0791	-0.0216	0.0359	-0.3204	0.4883	0.4647	-0.1300	-0.1520	0.4917	0.2240	-0.1898	0.1432	0.2072	0.7516	0.0875	-0.0844	-0.1850	0.8557	0.3538	0.4687	-0.0505	-0.4390	0.0669	0.1644	-0.3041	-0.0313	0.0231	-0.3729	0.0171	0.6173	-0.4343	-0.6418	-0.8353	-0.4656	0.3302	-0.2018	0.5213	-0.2122	-0.0868	0.2051
g__Choladousia	0.2833	-0.3856	0.0579	0.1508	0.6610	-0.2605	-0.0684	0.2522	-0.4181	-0.2615	0.1629	-0.0693	-0.0061	-0.0183	-0.4068	-0.3342	0.5429	0.3074	-0.0050	0.5199	-0.2805	-0.2727	-0.7119	-0.0137	-0.0280	0.2796	0.0297	-0.0466	0.0262	0.4964	0.3720	2.6259	0.4446	-0.0637	-0.2369	0.4567	0.8074	-0.5340	0.6482	0.8549	0.4985	0.0980	0.1125	0.4414	-0.4148	-0.3699	-0.5902	-0.6872	0.0099	0.4033	0.5209	0.3940	0.3883	-0.8889	0.1239	-0.1650	-0.7208	-0.2307	-0.2311	0.3406	-0.3687	0.3312	0.0550	-0.4487	-0.0025	-0.5757	0.2860	-0.0385	0.5707	0.1465	0.5516	0.1846	0.2139	0.0273	0.3182	-0.5381	-0.1433	0.2343	0.2563	0.5793	0.1196	-0.2581	-0.0812	-0.4096	-0.2295	-0.1030	0.0008	-0.1085	-0.0369	0.0532	0.3187	-0.1254	-0.2884	0.6810	-0.4508	-0.3155	-0.3297	0.2027	-0.1276	-0.2457	0.1955	-0.4069	-0.1724	-0.0080	0.4701	-0.1429	0.0187	0.3500	0.6726	0.1992	0.0314	0.4775	0.5712	-0.0283	-0.1014	-0.2828	-0.5798	-0.6211	-0.1877	0.1231	0.4101	-0.0413	-0.2615	0.0809	0.3924	0.4442	-0.3822	-0.2373	-0.8384	0.5663	0.0811	0.2806	-0.0567	0.2164	-0.3434	-0.5654	-0.2258	-0.2722	-0.9000	-0.2992	-0.4540	0.2936	-0.1703	-0.2346	0.1469	0.2295	0.0715
g__Clostridium	0.7590	-0.3283	0.0316	-1.0483	0.3906	-0.2320	-0.0384	-0.1043	0.5199	0.3862	-0.3557	-0.0404	0.0651	0.0632	-0.3813	0.4751	0.7838	0.1256	-1.5023	-0.8084	1.1491	0.0701	0.0166	0.9818	-0.4240	0.0766	0.0612	-0.0119	-0.1052	-0.1032	-0.1015	0.4446	7.5720	-0.3726	0.1422	-0.8860	0.1345	-0.3356	-0.4553	-0.3644	0.1341	-0.8342	-0.5822	-0.1900	-1.3831	1.2107	0.6169	-0.7837	0.0378	0.0392	-0.4408	-0.1892	-0.7657	0.2841	-0.0622	-0.1741	-1.6652	0.4524	-0.1211	-0.0948	0.0357	-0.6949	-0.1203	-0.3535	0.0918	1.4442	-0.5481	-0.5042	-0.1886	-0.0562	-0.3466	0.0235	-0.0069	0.3303	-0.0454	-0.5802	3.4506	0.0961	0.0629	0.2841	2.9356	0.4206	-0.3057	-1.0006	-0.7004	-0.0083	-0.1098	-0.0598	-0.3791	-0.3216	0.0052	0.1115	-0.3290	-0.1189	-0.0547	0.3390	-0.2132	-1.0905	-0.1946	-0.1071	0.1295	-0.0029	-0.0682	0.0763	0.4791	2.1675	-0.2706	-1.4256	0.4643	-0.0196	-0.8895	-1.2768	-0.0039	0.0071	-0.7040	-1.0481	0.2823	0.1468	-1.0861	-1.3139	-0.4400	0.1687	-0.1785	0.1218	0.9423	0.1721	-0.8685	0.0361	0.5017	0.3181	-0.3180	-0.3765	4.4442	-0.0262	-0.4125	0.1424	-0.7187	2.0228	0.8285	2.8564	-0.2080	-0.0715	-0.1417	2.8179	0.2485	-0.5687	0.0063
g__Clostridium_A	-0.4088	0.8055	-0.0938	0.7502	0.3041	0.2941	-0.0908	-0.2890	0.8010	0.4423	0.1128	0.1801	0.4783	0.5386	0.7568	0.0338	-1.0464	0.0337	0.6700	-0.0470	0.0780	-0.0296	0.1574	0.9108	-0.5978	0.1906	-0.0550	-0.1409	-0.2962	0.1021	-0.2059	-0.0637	-0.3726	4.7568	0.3477	0.8998	-0.1004	1.0101	0.0511	0.3164	-0.1208	0.1450	1.2359	-1.3769	0.9212	-1.1189	0.2685	-2.1018	0.0277	0.2166	-0.0532	0.3816	0.3800	1.0943	0.0769	0.3119	0.9698	0.8200	0.1593	0.0565	-0.5434	0.3398	-0.0337	-1.3678	-0.1683	-0.4512	-0.3399	0.1486	-0.2274	0.2862	-0.3158	-0.1182	1.0933	-0.6863	-0.3081	0.7318	0.6976	-0.0795	-0.7475	-0.5417	0.5176	-0.8522	-0.7463	-1.0090	-0.5075	0.4539	-0.1366	-0.3563	-0.1826	0.2523	0.2464	-0.4935	-0.8236	-0.0508	-0.6871	-0.1627	0.2282	0.5593	-0.2737	0.2609	-0.0982	-0.0144	0.4265	-0.1763	0.0555	-1.4888	0.1980	-0.6208	-0.5682	-0.0197	0.8272	0.4105	-0.2184	0.0551	-0.0445	-0.4704	-0.5117	-0.4518	-0.0086	0.4285	-0.2615	-0.0818	0.1450	-0.1344	-0.3549	0.0409	-0.6568	-0.1203	1.5844	-0.1425	0.0172	0.4697	-0.4203	0.2134	1.0410	-0.9222	-0.4901	-0.3567	1.3993	-0.2622	0.0824	-0.0452	-0.0003	-0.6502	0.0840	0.0958	-0.4137
g__Clostridium_AP	-0.0336	0.8535	0.3715	-0.8139	0.0560	0.4895	-0.0648	-0.4220	0.2424	0.0711	0.3086	0.2640	0.5096	-0.3624	1.0114	0.1988	-0.0681	-0.0767	0.1901	-0.2907	0.5885	0.2354	0.6639	0.2711	-0.3075	-0.2944	0.0611	0.0630	0.0729	-0.2727	-0.3880	-0.2369	0.1422	0.3477	3.5940	-0.2945	-0.1578	0.3963	-0.2652	-0.2926	-0.1255	-0.1709	-0.3158	-0.9423	0.1773	-0.3129	0.1507	-0.5798	0.0615	-0.1535	-0.1896	0.8041	-0.3192	0.6568	0.0561	-0.0656	0.6901	0.0519	0.1704	0.0412	-0.2369	-0.4815	0.1745	-0.6384	0.1341	-0.7945	-0.0455	0.4548	-0.2933	0.2166	-0.3335	-0.0292	0.6537	-0.0835	-0.3222	0.4569	-0.4678	-0.1987	-0.6265	-0.3893	-0.4942	0.1001	-0.2801	0.4003	-0.6369	0.0901	-0.1514	-0.1379	-0.2862	0.4471	0.4307	-0.2538	0.9428	-0.4219	0.1431	-0.0056	0.3115	-0.0012	0.0136	0.2471	0.0170	0.2078	0.2836	-0.1928	0.1877	-0.5705	0.5105	-0.0804	-0.2539	0.0070	0.1190	-0.0439	-0.1549	-0.0462	-0.1961	-0.0059	0.1057	-0.2811	0.3328	-0.0788	-0.1612	0.0405	0.1206	0.0062	-0.8772	-0.2748	-0.4306	0.1404	0.2482	0.0362	0.3528	0.7749	0.5653	0.6546	0.3981	-0.2944	-0.5352	-0.2743	0.4329	-0.2766	0.4685	-0.3424	0.1513	-0.1692	0.2174	-0.3165	-0.1351
g__Collinsella	-0.2382	-0.4759	0.4693	2.6245	2.6618	1.2840	-0.3707	0.5135	-0.9089	0.1387	2.3613	-0.5894	0.4280	0.6996	-0.8096	-0.6010	-0.0151	-0.0302	0.7783	1.8802	0.0369	-0.3007	-2.3512	1.3512	0.3224	0.2098	0.1417	-0.3921	-0.2893	0.3938	0.4118	0.4567	-0.8860	0.8998	-0.2945	12.7664	1.9920	0.1835	4.2453	3.9413	0.2355	0.6188	1.5209	0.2083	-1.8100	-1.9374	-2.2850	-2.8994	-0.2226	0.9076	0.5277	0.1067	4.2892	-3.1363	-0.0893	0.2237	-2.2390	1.3086	-0.6017	0.2503	0.1525	2.0678	-0.3233	-0.0269	-0.6283	-2.5482	0.7217	-0.0090	-0.1471	0.3477	0.7325	0.2032	0.7022	0.0915	0.0558	-1.3903	-1.6802	-0.0786	-0.5291	0.0126	-1.4374	-1.8100	-2.1246	-0.9645	0.3496	-0.2803	-0.1334	-0.6011	-0.0065	-0.9222	0.4176	-0.6372	-1.0191	1.6965	-0.9445	0.9599	-0.6522	0.8479	0.5451	-0.5173	-0.5250	-0.8733	-0.2623	0.0888	-0.0866	-2.9944	0.3565	2.3820	1.4634	0.9300	-1.5417	1.4312	0.6804	-0.5854	0.4684	-0.3027	-1.0860	0.4282	0.8140	2.2055	1.4293	-0.3889	-0.3005	0.2127	1.9603	0.0821	0.5670	-0.1503	-2.1091	0.1583	-0.1300	-0.2514	-1.5947	0.2555	-0.6098	-0.6973	-0.0363	-0.4084	-2.2676	-0.8153	-0.1631	0.2074	-0.3267	-2.6619	0.1840	0.3710	0.2725
g__Coprococcus_A	0.1766	0.0282	0.2446	1.0449	1.2332	0.4418	-0.2160	0.4135	-0.3024	-0.6461	0.9309	-0.1707	0.0508	0.6044	-0.2880	-0.5015	0.6095	0.0758	0.4286	0.5058	-0.5411	-0.4936	-0.2822	0.2790	0.1956	0.2533	0.1687	-0.4126	0.7869	0.3071	0.2461	0.8074	0.1345	-0.1004	-0.1578	1.9920	3.9984	0.1656	1.6080	1.2921	0.1165	0.4562	0.0147	0.2704	-1.2037	-0.5583	-0.9560	-1.0557	-0.0600	0.7313	0.5541	0.2422	1.6834	-1.8397	0.2022	-0.2723	-0.9555	0.4703	-0.5369	0.2016	-0.2071	0.8763	-0.2247	-0.2973	-0.1793	-1.0005	0.1526	0.1287	0.5948	0.1435	0.6445	0.2593	0.6677	0.0357	0.3889	-0.9862	-0.4503	0.0589	0.1417	0.4507	-0.2943	-0.5745	-0.6192	-0.5144	-0.1996	0.1305	-0.0103	-0.5928	-0.0575	0.2902	0.3928	-0.4578	-0.0057	1.3043	-0.6690	-0.5302	-0.1170	0.6284	-0.4933	-0.3720	0.2013	-0.3278	-0.1760	-0.0532	0.5613	-0.7316	0.3414	0.8600	1.6274	0.1999	-0.6968	0.6497	0.5609	-0.1375	-0.4657	-0.5915	-0.7490	-0.5105	-0.6045	0.4829	0.5825	-0.1922	-0.2177	-0.0299	0.9276	0.0577	-0.2765	-0.0326	-1.7829	0.2649	-0.0187	0.1354	-0.1668	0.3099	-0.8185	-0.9368	-0.4175	-0.3495	-1.6813	-0.4705	-0.0354	0.2291	-0.4418	-1.2489	0.1280	-0.0595	0.1912
g__Dialister	-0.4472	0.2844	-0.0465	0.8346	-0.4425	0.1069	-0.2653	0.2424	0.1224	-0.0264	1.2076	-0.2442	0.6769	1.2031	0.3404	0.1970	-0.6532	-0.1321	0.7998	0.2611	0.0225	-0.1644	3.4006	1.7270	-0.3209	-0.2683	-0.5363	-0.3935	-0.4027	-0.0824	-0.5649	-0.5340	-0.3356	1.0101	0.3963	0.1835	0.1656	8.3653	0.1748	0.7718	-0.2717	-0.2805	1.3892	-0.7603	1.6191	-0.7328	-0.1736	-1.9251	-0.1757	0.1684	-0.3939	-0.9198	1.1761	2.8352	-0.1143	0.1192	1.4020	1.1211	0.9143	-0.0605	-0.3641	0.3525	-0.3387	-0.4620	-0.0297	0.1156	-0.2720	0.0236	-0.1866	-0.1195	-0.5488	-0.2716	0.6236	-0.3965	-0.2683	0.4589	0.5431	-0.2395	-0.0361	-0.9257	-0.0009	-0.5381	-0.8596	-1.0683	-0.4952	-0.5206	-0.4109	-0.3343	-0.3040	-0.4332	-0.3042	-0.2208	0.2023	0.4918	-1.0804	0.4427	-0.2499	1.1794	-0.0445	0.0618	-0.1186	0.4721	0.1002	-0.1133	0.0941	-0.9302	0.2367	-0.7481	-0.2529	-0.9051	0.3549	-0.4768	-0.7027	-0.3601	0.0118	-0.2581	-1.0607	0.8055	-1.2862	-0.0531	0.7069	-0.4390	-0.2128	-0.2558	1.5325	-0.5533	-0.1554	-0.2966	1.0374	-0.3373	-0.0575	-0.1636	-0.0993	-0.3303	-0.3420	-0.2614	0.2910	-0.7536	1.4273	-0.3022	-0.3609	-0.1854	-0.3509	0.1175	-0.6019	-0.0520	-0.0831
g__Dorea	-0.2051	-0.2301	0.4078	1.3538	2.2486	0.7743	-0.3553	1.2371	-0.9090	-0.4257	1.7498	-0.2852	-0.1929	1.5215	0.1413	-0.8158	-0.0273	0.0182	1.1212	1.0320	0.0208	-0.4333	-1.0118	0.9993	0.1697	-0.0219	0.1693	-0.3069	0.0082	0.3961	-0.1029	0.6482	-0.4553	0.0511	-0.2652	4.2453	1.6080	0.1748	6.2902	3.9949	0.2916	0.9278	0.9926	-0.4655	-0.5519	-1.4779	-1.5521	-1.0952	-0.1958	0.3018	1.5632	0.3359	2.6428	-2.5459	-0.0541	-0.2784	-1.7722	1.0767	0.0587	0.1654	0.4041	1.4078	-0.3203	0.4327	-0.3871	-1.6642	0.6054	0.1912	0.3139	0.3902	0.7790	0.0513	0.7295	0.0769	0.1953	-1.2519	-1.6262	-0.0516	-0.7691	0.4390	-0.7894	-0.7111	-1.4085	-0.3823	-0.5174	-0.0611	-0.1780	-0.2812	-0.7246	-0.4765	0.3816	-0.5582	-0.1557	1.1758	-0.6384	0.0762	-0.6276	1.7297	-0.0932	-0.4216	-0.4187	-0.9122	-0.2882	-0.4386	0.0430	-1.3465	-0.1507	2.2265	1.5966	0.6688	-0.1975	0.9990	0.6871	-0.5730	0.7608	-0.2633	-2.1639	0.1563	0.3133	1.0111	0.4438	-0.2447	-0.1170	0.1736	1.0396	0.1771	-0.5622	-0.2385	-2.0569	0.5012	-0.5148	-0.0167	-1.2454	0.0416	-0.4972	-0.5106	-0.4737	-0.5266	-1.5453	-0.1583	-0.4085	0.1606	-0.3431	-2.5999	0.4934	-0.4904	0.1422
g__Dorea_A	-0.2523	-0.3860	-0.1238	1.5975	2.1543	0.7840	-0.4015	0.8243	-0.8462	-0.5850	1.6901	-0.2489	-0.3846	2.0679	-0.1010	-0.6348	0.4345	-0.1463	1.7724	2.2073	0.3586	-0.5382	-1.0124	0.9118	-0.0518	-0.1677	-0.0104	-0.4117	0.4232	0.1997	0.2389	0.8549	-0.3644	0.3164	-0.2926	3.9413	1.2921	0.7718	3.9949	8.1881	0.1411	1.2830	1.0301	-1.0687	-0.3451	-1.0216	-2.4172	-1.9848	-0.3601	1.3351	1.8074	0.7479	2.6602	-2.5739	-0.0883	-0.2945	-1.3534	0.8898	0.0660	0.4713	-0.2338	1.9020	-0.2757	-0.1547	-0.5354	-2.4403	0.9888	-0.0498	0.6954	0.3200	0.4927	0.0770	0.8899	-0.4566	0.2152	-1.7515	-1.8600	-0.1890	-1.4855	0.5781	-0.6950	-0.9062	-1.1197	-0.5729	-0.0271	-0.1684	-0.2636	-0.4678	-1.2862	0.0790	0.5949	-1.1555	-0.6399	1.5651	-0.7458	0.4851	-0.4107	1.9666	0.3843	-0.5247	-0.3531	-0.4997	-0.4756	-0.6040	0.2567	-2.3161	0.0839	2.6562	1.1502	0.2458	-0.1900	1.3594	0.5899	-0.5794	0.6225	-0.2511	-1.8030	0.2589	0.4059	2.0460	0.6294	-0.3607	-0.5976	-0.0191	1.8389	0.0505	-0.6107	-0.2629	-1.6497	0.3967	-0.2853	-0.0076	-0.9196	0.1892	-0.1712	-0.7557	-0.8631	-0.9294	-2.3338	-0.7681	0.0492	0.0170	-0.2448	-3.0332	0.4093	-0.4360	0.1010
g__Dorea_D	0.2228	-0.2522	0.1567	0.0172	-0.0296	0.0781	0.0983	-0.0167	-0.1877	-0.1678	-0.0423	-0.0572	0.0897	-0.3968	-0.2319	-0.0772	0.1224	0.4085	-0.3771	0.4151	-0.2205	-0.1796	-0.7846	-0.1955	-0.1709	0.3647	0.2147	0.0168	-0.1236	0.4950	0.0679	0.4985	0.1341	-0.1208	-0.1255	0.2355	0.1165	-0.2717	0.2916	0.1411	2.2149	0.1036	-0.2207	0.2801	-0.3068	-0.1150	0.0280	0.1037	-0.0438	0.1970	0.3715	0.1690	-0.2691	-0.6554	0.1597	0.0926	-0.5178	-0.0897	-0.1253	0.1593	-0.1839	0.2747	-0.0616	0.0403	0.0357	-0.1018	0.1698	-0.1013	0.4698	0.2457	0.4805	0.2266	0.0353	-0.0316	0.2442	-0.2342	-0.1209	0.2754	0.0155	0.2825	-0.0601	-0.1737	-0.0169	-0.1768	-0.1511	0.0797	-0.0360	-0.0881	0.0391	-0.2735	0.2250	-0.1212	-0.3105	0.2789	-0.0080	-0.0356	-0.2257	-0.0485	-0.1434	-0.0703	0.1696	-0.2044	0.0445	0.0491	0.3838	0.1230	0.0260	0.0352	0.2206	0.3006	-0.1237	-0.0604	0.3871	-0.1457	0.0705	-0.0293	-0.0096	-0.2450	-0.1468	-0.0442	0.3659	0.0619	0.0032	0.2368	-0.0684	0.5362	-0.1192	-0.0219	-0.6843	0.5776	-0.0852	-0.1206	0.3434	-0.0583	-0.0131	-0.1770	-0.1378	-0.2215	-0.2610	-0.3950	-0.4421	0.1797	-0.1136	-0.0390	0.0167	-0.1640	0.1086
g__Dysosmobacter	0.2620	-0.0812	0.1184	0.5868	0.5009	0.8401	-0.3284	0.4055	-0.0857	-0.2688	1.1263	-0.2578	-0.0662	0.4490	0.6439	-0.3216	0.5412	-0.1145	1.7477	0.8013	-1.0628	-0.2072	-0.0539	0.4588	0.0588	-0.0411	0.1216	-0.2602	0.2751	0.0943	0.0566	0.0980	-0.8342	0.1450	-0.1709	0.6188	0.4562	-0.2805	0.9278	1.2830	0.1036	3.4510	0.5716	-0.7761	0.2212	-0.6253	-1.3109	-1.1671	0.1459	0.8701	1.1185	0.5079	1.8421	-1.8498	-0.0320	-0.3285	0.5526	0.8316	-0.3139	0.4071	-0.5868	1.4592	-0.1440	-0.6653	-0.3606	-1.5318	0.2455	0.0295	0.6663	0.1394	0.7051	-0.0160	0.8746	-0.3727	0.3370	-0.3071	-0.8519	-0.0707	-0.2311	0.5183	0.2160	-1.1134	-0.1689	-0.4350	-0.4855	0.2188	-0.0125	-0.5527	-0.4930	0.4387	0.4045	-0.6071	-0.4306	0.3992	-0.6045	-0.4324	0.0298	1.7809	-0.5241	-0.3427	-0.0376	-0.5570	-0.5286	-0.3465	0.2572	-1.6704	0.3673	1.0956	0.3118	0.2698	0.5172	2.1263	0.2047	-0.2017	0.5882	-0.4095	-0.4356	-0.8446	-0.0717	0.8940	0.2659	-0.2661	-0.1045	0.0378	0.5081	0.0614	-0.6072	-0.1034	-1.6216	0.4137	0.0225	-0.0233	-0.5394	0.1620	0.5563	-1.1153	-0.0455	-0.8142	-1.1321	-1.0583	0.1695	0.0171	-0.2704	-1.6058	0.0942	-0.5606	-0.3300
g__Eggerthella	-0.6690	-0.2902	0.1055	1.8435	1.0884	0.1582	-0.1188	0.1433	0.1422	1.3277	1.3306	-0.3190	-0.1238	1.6609	0.2601	-0.0885	-0.3385	-0.1127	2.4746	0.0106	0.5248	-0.3692	1.0103	2.3235	-0.0085	-0.3061	-0.3893	-0.3137	-0.1839	-0.1631	-0.5990	0.1125	-0.5822	1.2359	-0.3158	1.5209	0.0147	1.3892	0.9926	1.0301	-0.2207	0.5716	7.1763	-1.6565	0.6574	-1.6738	-0.8842	-2.9541	-0.2898	0.4219	-0.0763	0.0804	1.8566	1.1395	-0.1280	0.0065	0.7738	1.4120	0.8223	0.2067	-0.3287	-0.4113	0.0753	-0.9610	-0.2466	-2.1742	-0.5342	0.1132	-0.0954	-0.4386	-0.2337	-0.2144	0.8244	-0.7208	-0.1738	-0.4065	-0.4383	-0.2616	-0.9637	-0.3487	-0.0195	-1.0113	-0.2698	-1.4067	-0.0099	-0.0703	0.0137	-0.4768	-0.6584	1.0087	-0.0703	-0.4268	-1.2186	0.3071	-1.2299	0.6480	0.5717	0.7558	0.0377	-0.1039	-0.2373	-0.5449	-0.2940	0.0486	-0.1566	-1.9141	-0.1118	0.4356	0.0916	-0.2289	0.6437	1.3503	-0.3785	0.2100	0.7669	-0.2509	0.0547	-0.3414	1.0329	1.3612	-0.7903	-0.1885	0.0438	-0.0876	1.4000	-0.4928	-0.9800	-0.2657	1.0040	-0.4122	-0.1863	-0.0290	-3.0538	1.1149	1.7291	-1.1502	-0.9971	-0.0870	0.2351	-0.6122	0.2171	-0.1132	0.1089	-2.6898	0.1575	1.3567	-0.5747
g__Enterobacter	0.3198	-0.6549	-0.0095	-0.0395	-0.6763	-0.6326	0.0510	0.0550	-0.4889	-0.1222	-0.6964	-0.0622	-0.9824	-2.3346	-0.7696	-0.3037	-0.3926	0.3658	-1.0198	-0.5188	-0.8143	-0.1955	-2.2686	-2.3968	1.0845	0.1067	0.1051	0.2579	0.0660	0.9419	1.1502	0.4414	-0.1900	-1.3769	-0.9423	0.2083	0.2704	-0.7603	-0.4655	-1.0687	0.2801	-0.7761	-1.6565	8.3742	-0.4001	1.4022	2.3444	1.5621	0.2596	-0.5753	-0.2072	-0.5722	-0.9038	-0.5861	-0.0904	0.8477	-1.1220	-0.5608	-0.4634	0.1563	1.1687	0.4506	0.0630	1.2468	0.4127	2.0817	0.1061	-0.1190	0.2277	0.0221	1.0089	0.3676	-0.9431	0.2758	0.7499	0.2858	-0.5519	0.3948	5.0218	0.4727	-0.4854	0.1610	0.4194	-0.4760	1.4603	-0.4027	0.2591	0.4425	1.2308	-0.4823	-0.1145	0.7608	-0.1834	-0.0158	-0.0178	-0.1606	-0.4438	-0.6046	0.2625	-0.0088	0.2570	0.1073	0.0666	0.4499	0.2547	1.9242	-0.5984	0.6255	0.0994	-0.2689	-0.1142	-0.3094	0.5362	-0.0146	0.4236	-0.3744	0.0129	-0.0748	-0.0816	0.3340	0.9172	0.2170	0.1294	0.0929	-0.4605	0.3031	1.4891	0.2978	-1.8762	0.3742	0.0165	-0.2641	-0.2291	-0.1589	-1.0836	1.2190	1.6067	-0.1474	-1.9866	-0.2820	-0.7471	0.6147	-0.1350	2.5303	-0.4218	1.2155	0.7102
g__Enterocloster	-0.1553	-0.1361	-0.3368	0.6082	0.3035	0.1816	-0.0965	0.1571	0.1505	0.0698	-0.2479	-0.4487	0.7766	1.7703	0.7478	0.7841	0.1903	-0.2763	2.1763	-0.3271	-1.7701	0.3749	3.7767	1.2740	0.1692	-0.0757	-0.4789	-0.2143	-0.4030	-0.2182	0.0785	-0.4148	-1.3831	0.9212	0.1773	-1.8100	-1.2037	1.6191	-0.5519	-0.3451	-0.3068	0.2212	0.6574	-0.4001	8.7418	-1.0941	-0.3411	-1.8060	-0.1912	-0.1202	-0.3729	0.0788	-0.6922	3.6089	-0.3913	-0.1755	4.4975	0.3898	0.4767	-0.1098	-1.4009	-0.6195	-0.0875	-1.4761	-0.1096	-0.5126	-0.9312	-0.1899	-0.1422	-0.3220	-0.1475	-0.3785	0.2382	0.1319	0.0897	2.4112	0.4249	-0.1713	1.1275	0.0333	0.6856	-1.7372	-0.7917	0.0130	-0.8975	0.0725	-0.0591	-0.4014	-0.7184	0.6791	-0.2170	-0.1151	-0.4832	-0.5953	-1.4388	0.1940	-0.1460	0.8152	-0.1010	-0.1455	0.2665	0.5283	-0.3037	-0.1743	-0.0354	-1.2273	-0.1699	-0.1024	-0.7905	-0.6777	4.5512	0.8802	-0.0457	-0.2742	0.2162	-0.6966	0.1453	0.0097	0.8572	1.4840	-0.7841	-0.1908	0.1696	-0.1690	-0.1595	-0.1616	-1.4999	-0.5690	4.6095	-0.0867	-0.2904	0.9380	-1.2956	-0.3577	0.6982	-1.2241	0.8518	-0.8072	3.3713	-0.8537	0.4868	-0.1167	-0.1083	-0.7203	-0.5433	-0.4444	-0.1833
g__Enterococcus	0.0422	-0.3010	-0.2794	-1.0824	-1.5566	-0.2623	0.2816	-0.1966	0.4691	-0.3832	-1.1948	0.3949	-0.5507	-1.0563	-0.5449	0.4271	-0.2636	0.0844	-1.9860	-0.4561	-0.0408	0.3320	-1.4677	-2.3878	0.1706	0.0872	0.0690	0.3393	0.1965	-0.2587	-0.1048	-0.3699	1.2107	-1.1189	-0.3129	-1.9374	-0.5583	-0.7328	-1.4779	-1.0216	-0.1150	-0.6253	-1.6738	1.4022	-1.0941	7.0465	1.8749	4.2976	0.0143	-0.5955	-0.5453	-0.5413	-1.8293	0.7251	0.0462	-0.1241	-0.2601	-1.3089	-0.1334	-0.0196	0.6479	-0.5296	0.2132	1.2169	0.0909	1.6704	-0.4168	-0.1574	-0.4328	-0.1751	-0.5611	0.0547	-1.0039	0.3806	-0.0800	0.6038	0.7538	0.1372	0.7513	-0.1167	-0.0649	2.6069	1.7421	0.6056	0.8877	0.0264	0.4115	0.4605	1.1159	-0.2631	-0.3816	0.6040	0.5799	-0.1827	0.8090	0.0115	0.0827	-0.2157	0.5497	0.1373	0.0135	0.2243	-0.0679	0.1622	-0.2321	1.8695	-0.4023	-0.2225	-0.3080	-0.0218	-1.2588	-0.8881	-0.3668	0.3681	-0.0290	0.4037	0.6352	0.5062	-0.0710	-1.3928	-0.1972	0.3090	0.1358	0.1125	-0.6160	0.1205	1.2441	0.4252	-0.1541	-0.1589	-0.0609	-0.5471	1.2386	-0.6264	-0.4514	1.6101	0.8276	0.4342	-0.9338	1.8717	-0.2299	0.1407	0.4730	2.1133	0.0053	0.2021	0.1650
g__Enterococcus_A	-0.3945	0.4131	-0.1156	0.0512	-1.8172	-0.3764	0.3663	-1.3201	0.5589	-0.4376	-2.1022	0.5019	-0.1792	-1.7391	-0.4370	0.4392	-0.9846	0.0934	-1.5715	-1.2997	2.0654	0.2845	-0.9128	-1.0326	-0.4850	0.1673	0.0522	0.5846	-0.4140	-0.0041	-0.1379	-0.5902	0.6169	0.2685	0.1507	-2.2850	-0.9560	-0.1736	-1.5521	-2.4172	0.0280	-1.3109	-0.8842	2.3444	-0.3411	1.8749	9.0850	3.8654	0.0906	-1.4329	-1.3370	-0.4102	-2.9258	1.0341	0.1118	0.6994	0.0439	-0.0823	0.1469	-0.6952	1.1316	-1.3343	0.1636	0.6065	0.3201	1.5633	-0.3367	-0.2866	-0.7048	-0.0923	-0.6851	-0.0988	-0.8043	-0.0252	-0.4095	0.7448	1.5293	0.1444	1.7069	-0.5741	0.5727	1.4762	1.6169	0.0493	0.9079	-0.2565	0.0950	0.5049	0.6500	0.0159	-0.4502	1.1275	1.2956	-1.1065	0.0100	0.3227	-0.0529	-1.6743	-0.3131	0.5021	-0.1609	0.3889	0.6195	0.1393	-0.4280	1.8667	-0.6279	-1.9398	-0.8808	-0.1457	-1.5400	-1.4785	-0.3239	0.2962	-0.6189	0.3271	0.6415	0.3805	0.1317	-1.1380	-0.4098	0.4099	0.2387	0.1523	-0.8890	0.0924	1.2240	0.4600	1.5695	-0.3484	-0.0095	-0.0101	1.1301	-0.5632	0.0973	0.7269	1.0648	0.7823	1.7494	1.9872	-0.6540	0.0524	0.4378	3.3076	-0.2438	0.6084	0.2115
g__Enterococcus_B	-0.7234	0.2469	-0.2694	-2.1504	-3.6139	-0.9481	0.7666	0.0519	0.5687	-0.4257	-3.9802	1.3703	-0.9672	-2.0297	-0.5900	0.2401	-1.0603	0.2830	-3.4340	-0.7934	1.7667	0.4941	-3.1287	-3.0324	0.1340	0.5711	0.2645	1.1103	-0.1102	-0.0400	-0.4503	-0.6872	-0.7837	-2.1018	-0.5798	-2.8994	-1.0557	-1.9251	-1.0952	-1.9848	0.1037	-1.1671	-2.9541	1.5621	-1.8060	4.2976	3.8654	15.0878	0.4100	-1.3992	-0.1334	-1.3678	-3.8348	0.8468	0.2055	0.1070	-0.7690	-2.1535	0.5097	-0.7319	1.3881	-2.1967	0.5478	3.3672	0.5527	0.4471	1.0734	0.3713	-0.8661	0.4818	-0.6124	0.1657	-2.3781	1.2357	-0.1963	1.0105	1.0524	0.4674	1.3245	-0.4234	-1.4200	3.2382	3.1917	0.9718	1.0553	-0.0679	0.4450	1.2917	1.2792	-0.3511	-0.6743	1.7265	0.6934	-0.8432	2.7782	0.9748	0.2222	-1.9566	0.2283	0.4162	-0.2279	1.3823	0.6451	0.9558	-0.8406	2.3728	-1.1867	-0.6167	-0.8228	-0.2724	-1.9491	-2.0343	-0.2930	0.8415	0.0318	2.0807	1.4629	0.6730	0.2215	-1.2588	0.3859	0.9545	0.8027	0.7073	-1.6966	0.3500	2.0313	0.8111	0.4310	-0.1484	0.2769	0.4389	1.5509	-1.5861	-0.3438	1.8164	1.3630	-0.3128	1.0150	1.4358	-0.0128	0.2529	0.8245	3.2050	0.3072	0.2138	0.9322
g__Eubacterium_F	-0.0357	0.2905	0.2461	-0.0799	-0.4505	-0.3071	0.0719	-0.0918	0.0424	0.0977	-0.3987	0.0189	-0.0237	-0.1560	0.3228	0.0476	-0.2836	0.1158	-0.5071	-0.1392	0.1231	-0.0442	0.0709	-0.2312	0.1968	0.0357	0.2081	0.1321	0.1120	-0.0659	0.2445	0.0099	0.0378	0.0277	0.0615	-0.2226	-0.0600	-0.1757	-0.1958	-0.3601	-0.0438	0.1459	-0.2898	0.2596	-0.1912	0.0143	0.0906	0.4100	2.0504	-0.0917	0.0417	0.1314	-0.5162	0.3281	0.1117	0.0241	-0.1538	-0.4290	0.0169	-0.0278	0.0230	-0.3287	0.0204	-0.0902	0.0009	0.2477	0.0851	0.1388	-0.1047	0.0311	-0.1470	0.0359	-0.0240	-0.0906	0.0879	0.1322	-0.2738	0.0279	0.2125	-0.1221	0.3374	0.2152	0.1557	0.3965	0.0062	0.2038	-0.1192	-0.0826	0.0637	-0.0439	0.0488	0.1331	0.4344	-0.2595	0.5373	-0.0664	0.0432	-0.4292	0.0112	0.1682	-0.0541	-0.0227	-0.1302	-0.0419	-0.2435	0.2868	-0.1666	-0.4143	-0.0490	0.0875	-0.1281	-0.0159	-0.0332	0.0045	-0.0108	0.0176	0.2392	-0.1433	-0.1998	-0.2330	-0.2102	0.1715	0.0634	-0.0707	-0.3944	0.0252	0.0985	0.1987	0.1546	-0.0693	0.1240	-0.1037	0.0676	0.1189	0.1645	0.0929	0.2420	-0.0739	0.1586	-0.2573	-0.1124	0.0581	0.0628	0.3013	-0.0131	0.3179	0.1308
g__Eubacterium_G	0.2746	-0.2893	0.2915	0.8771	0.3257	0.8508	-0.3053	0.0608	0.1429	0.5179	0.6671	-0.2196	-0.0035	0.8521	-0.4291	-0.3741	0.5405	0.0898	1.0783	0.9134	-0.3664	0.0287	0.0556	0.1486	-0.0492	0.0980	0.1509	-0.2365	0.5307	0.0395	-0.3591	0.4033	0.0392	0.2166	-0.1535	0.9076	0.7313	0.1684	0.3018	1.3351	0.1970	0.8701	0.4219	-0.5753	-0.1202	-0.5955	-1.4329	-1.3992	-0.0917	3.8970	0.5072	0.5365	1.5552	-0.8981	0.2228	-0.1538	-0.1370	0.8203	-0.3437	0.4981	-0.8523	1.2999	-0.0678	-0.6338	-0.3375	-1.3354	-0.3845	0.0624	0.7162	0.1791	0.2788	-0.0965	0.7934	0.0253	0.1488	-0.8059	-0.6146	-0.0625	0.0549	0.1219	0.5501	-1.1775	-0.3691	-0.5431	0.2672	-0.1620	-0.3047	-0.8912	-0.7081	0.2550	0.3169	-0.4074	-0.3675	0.8482	-0.6659	0.0721	0.0188	0.0763	-0.2466	-0.2953	-0.0073	-0.1024	-0.3790	-0.0877	0.4008	-1.5996	0.5002	1.1097	0.9102	0.0541	0.0313	0.7056	-0.0703	0.1374	0.6523	-0.4465	-0.5462	-0.5429	-0.7054	0.3605	-0.1769	-0.2110	-0.3366	0.0035	1.6564	0.0489	-0.6571	-0.1731	-1.0267	0.4101	0.4524	0.0904	-0.1758	0.5098	0.0434	-0.6891	-0.6247	-0.7220	-0.8977	-0.8247	0.8826	-0.2147	-0.3926	-1.8382	0.0105	-0.1417	-0.0703
g__Eubacterium_I	-0.1555	-0.4701	0.2400	0.4542	0.4259	0.5086	-0.2381	0.4633	-0.3523	-0.1730	1.2662	-0.0794	-0.4643	0.3276	-0.1242	-0.4919	0.5801	0.0762	0.9967	1.0115	-0.6089	-0.3342	-1.2725	0.0073	0.1792	0.0345	0.1941	-0.2167	0.4035	0.2558	0.0769	0.5209	-0.4408	-0.0532	-0.1896	0.5277	0.5541	-0.3939	1.5632	1.8074	0.3715	1.1185	-0.0763	-0.2072	-0.3729	-0.5453	-1.3370	-0.1334	0.0417	0.5072	4.0561	0.3642	1.4296	-1.9950	0.0819	-0.3180	-0.7988	0.8570	-0.0063	0.4043	-0.5467	1.7903	-0.1075	-0.3507	-0.3183	-0.7934	0.8330	0.0326	0.6509	0.1277	0.6363	-0.0135	0.4323	0.4383	0.2097	-0.8768	-1.1347	-0.0349	-0.4696	0.2944	0.0914	-0.7722	-0.4019	0.1389	-0.4756	-0.1780	-0.2010	-0.0526	-0.7727	-0.1704	0.2798	-0.7600	-0.1817	0.7232	0.2799	-0.2983	-0.6025	1.1196	0.1610	-0.3468	-0.3241	-0.5355	-0.3848	-0.4546	0.3851	-0.6655	-0.1037	1.5233	0.6480	0.5963	0.2733	0.6933	0.2824	-0.2267	0.4394	-0.0435	-1.0096	-0.1933	-0.3552	1.1306	0.1424	-0.1572	0.2569	0.1989	0.6227	0.3666	-0.7505	-0.1344	-1.6985	0.8576	0.1493	-0.0337	0.1548	-0.4264	0.3757	-0.2540	-0.5812	-0.5793	-1.6774	-0.7123	-0.6688	0.1541	0.2209	-1.1470	0.6131	-1.1134	0.1550
g__Evtepia	0.2066	-0.3121	0.3493	0.6185	0.2425	1.1148	-0.1148	-0.3575	-0.0435	-0.0375	0.2708	-0.1716	0.0907	-0.0020	0.3621	0.0071	0.2141	-0.0159	0.3190	0.5637	-0.1797	0.0147	-0.1166	-0.1152	-0.1479	0.0816	0.3841	-0.0276	0.4087	-0.0857	-0.0252	0.3940	-0.1892	0.3816	0.8041	0.1067	0.2422	-0.9198	0.3359	0.7479	0.1690	0.5079	0.0804	-0.5722	0.0788	-0.5413	-0.4102	-1.3678	0.1314	0.5365	0.3642	3.3642	0.2476	-0.6644	0.2883	-0.3375	0.2238	0.7842	-0.2635	0.3160	-0.4986	0.6750	0.2562	-0.9229	-0.3446	-0.6729	-0.1269	0.0797	0.7239	0.3023	0.0885	0.0090	0.6642	-0.2664	-0.0155	-0.1783	-0.5226	-0.1045	-0.0361	-0.0760	0.2417	-0.6647	-0.3049	-0.3151	-0.0014	0.1719	-0.2004	-0.4001	-0.3745	0.4161	1.0659	0.0774	0.0347	-0.0531	-0.1268	-0.4346	0.0833	0.1693	-0.2262	-0.2562	-0.1679	-0.4439	-0.2474	-0.4151	0.1012	-0.6990	0.5639	0.1946	0.2602	0.5169	0.3636	0.6976	0.1515	-0.0858	0.1691	-0.4258	-0.6010	-0.5604	0.1134	0.0832	-0.1404	-0.0075	-0.2612	-0.0751	0.0217	0.1765	-0.4351	0.0582	-0.5575	0.3534	0.6811	0.1968	0.2246	0.6876	0.0114	-0.5907	-0.4999	-0.3896	-0.2221	-0.6581	0.0989	-0.2828	-0.1972	-0.7996	0.5179	-0.0117	-0.3422
g__Faecalibacterium	-0.1170	-0.7331	0.0907	1.6955	1.9171	0.8416	-0.7186	1.6543	-0.7416	0.5844	3.8549	-0.6195	-0.8750	1.2316	0.0772	-1.2790	1.0886	-0.5239	3.5686	1.3847	-0.5191	-0.2821	0.0674	1.7576	0.7168	-0.4793	-0.2628	-0.6471	0.3714	0.0080	0.3727	0.3883	-0.7657	0.3800	-0.3192	4.2892	1.6834	1.1761	2.6428	2.6602	-0.2691	1.8421	1.8566	-0.9038	-0.6922	-1.8293	-2.9258	-3.8348	-0.5162	1.5552	1.4296	0.2476	7.9147	-3.3059	-0.0877	-0.8498	-0.9873	2.6037	-0.6774	0.6590	-1.1268	2.8305	-0.2772	-1.0130	-0.6763	-2.4912	0.2123	0.2130	0.7773	0.0034	0.8791	-0.2219	1.5783	0.0084	0.4395	-1.9161	-1.1520	-0.4697	-0.2162	0.0494	0.1722	-1.6408	-1.4180	-1.1840	-0.1689	-0.3341	-0.1388	-0.6278	-0.4753	-0.1570	0.2719	-0.6463	-0.2678	1.2819	-1.5125	-0.5984	-0.0471	2.7111	-0.2041	-0.7104	-0.2791	-1.2091	-0.6172	-0.3736	0.2031	-2.8646	0.5960	2.0930	1.1133	0.0614	-0.1487	2.6523	0.3048	-0.3464	1.0104	0.1240	-0.8108	-0.8945	-0.8131	1.5593	0.8163	-0.6237	0.0762	-0.2204	2.3836	-0.4516	-1.1095	-0.4936	-2.6381	0.4427	0.2020	-0.1328	-1.8101	0.8195	0.5788	-1.5238	-0.1056	-0.6808	-2.6490	-0.7107	0.0416	-0.1141	-0.3368	-3.4406	0.3303	-0.7124	-0.2806
g__Faecalimonas	-0.2678	1.1479	-0.3914	-0.9615	-1.5661	-1.4005	0.4539	-0.4602	0.3912	1.7033	-2.7156	0.1515	0.3271	0.9242	0.8452	0.6844	-1.6940	-0.0253	-0.9219	-2.0415	-0.5836	0.4865	5.0314	0.8627	0.0097	0.0856	-0.2382	0.2343	-0.7085	-0.5981	-0.7394	-0.8889	0.2841	1.0943	0.6568	-3.1363	-1.8397	2.8352	-2.5459	-2.5739	-0.6554	-1.8498	1.1395	-0.5861	3.6089	0.7251	1.0341	0.8468	0.3281	-0.8981	-1.9950	-0.6644	-3.3059	13.1665	-0.2798	0.1384	2.6866	-2.1005	0.9940	-1.0548	0.3857	-2.9717	0.1994	0.4114	0.4240	1.3423	-1.1823	-0.2430	-1.4780	-0.4537	-1.3526	-0.3051	-1.0155	-0.1355	-0.6636	3.1163	2.0365	-0.1455	-0.2902	-1.3922	0.2598	0.4542	0.1624	0.3537	-0.4855	-0.1341	-0.1791	0.9480	0.1337	0.3223	-0.8812	0.1499	0.5760	-1.5882	0.4877	0.5797	0.6202	-0.6816	0.6079	0.6129	0.6300	1.0570	0.7707	0.0339	-0.7438	3.3632	-0.4435	-2.8987	-2.0971	-0.8947	1.9537	-2.1977	-1.0594	0.4418	0.1410	0.3285	0.7715	0.8539	0.6687	-0.9366	-1.0223	0.2408	0.4884	-0.0068	-0.7169	-0.2526	0.3981	0.0387	5.2503	-0.7689	-0.6011	0.3750	-0.5478	-0.0116	0.1958	1.1720	-0.5574	0.3313	4.6992	0.7142	0.2665	-0.3052	0.8299	2.2374	-0.7418	0.1212	-0.1564
g__Faecousia	-0.0008	0.0397	0.2865	-0.1562	-0.2579	0.1220	0.0828	-0.0622	0.0152	-0.0542	-0.1373	0.0104	0.0957	-0.2114	-0.2898	-0.0391	-0.1367	0.0791	-0.0153	0.1937	0.2000	-0.0403	-0.1582	-0.2067	-0.1845	0.1856	0.1871	-0.0585	0.2300	0.1185	-0.3115	0.1239	-0.0622	0.0769	0.0561	-0.0893	0.2022	-0.1143	-0.0541	-0.0883	0.1597	-0.0320	-0.1280	-0.0904	-0.3913	0.0462	0.1118	0.2055	0.1117	0.2228	0.0819	0.2883	-0.0877	-0.2798	1.8655	0.1006	-0.2487	-0.2096	-0.0387	0.1170	-0.0641	0.0112	0.0804	0.0098	0.0015	-0.0667	-0.2574	0.2009	0.3249	0.1807	-0.0700	0.0783	-0.0173	-0.2527	0.0329	-0.2359	0.2749	0.0847	0.1169	0.0220	0.0265	0.2291	0.2463	0.1768	-0.0077	0.2014	-0.0025	-0.1008	0.0791	0.0309	0.2528	0.0877	0.3331	0.0412	0.3387	-0.0304	0.0631	-0.2704	-0.0708	-0.0633	0.0588	-0.1567	0.0369	0.0477	-0.1038	-0.1129	-0.0431	-0.2968	0.1323	0.0536	-0.3489	0.1188	0.0278	0.0803	0.0324	-0.0489	0.1693	-0.1563	-0.1413	-0.0692	-0.0548	0.0167	-0.0702	0.1352	-0.0930	0.1171	-0.0490	0.1529	-0.2532	0.1483	0.1849	-0.1217	0.1794	-0.0673	-0.0767	-0.0494	-0.0879	0.0867	-0.0477	-0.0671	-0.0880	0.0061	-0.0801	-0.1566	0.1498	0.2903	0.0330
g__Finegoldia	-0.4041	0.2066	-0.0152	-0.7838	-0.2647	-0.3957	0.3013	-0.3707	-0.1424	0.4085	-0.4746	0.1532	0.2712	-0.7264	-0.0511	0.1812	-0.3674	0.1519	-0.4897	-0.1720	-0.2477	0.0110	0.1631	-0.0016	-0.2443	0.0732	0.0813	0.1633	-0.1626	0.3350	0.1103	-0.1650	-0.1741	0.3119	-0.0656	0.2237	-0.2723	0.1192	-0.2784	-0.2945	0.0926	-0.3285	0.0065	0.8477	-0.1755	-0.1241	0.6994	0.1070	0.0241	-0.1538	-0.3180	-0.3375	-0.8498	0.1384	0.1006	2.9498	0.4228	-1.0525	0.2397	-0.2163	0.4579	-0.0942	0.0101	0.5234	0.1889	0.7733	-0.1512	0.0497	-0.3019	0.0132	0.0566	0.2184	-0.2532	-0.3246	-0.1963	0.6363	-0.0281	0.1124	0.7554	0.0014	-0.0935	0.0179	0.0247	-0.0794	-0.2507	0.0987	0.0010	0.1478	0.3597	-0.1076	-0.1886	-0.3094	-0.1639	-0.1590	-0.1937	0.4952	0.1726	-0.7488	0.0331	0.2293	0.0851	0.2885	0.1054	0.2584	-0.2835	0.5133	-0.2643	0.2426	-0.2278	-0.2185	-0.0762	-0.5871	-0.0517	0.1429	0.4351	0.0456	0.4960	0.2220	0.3733	-0.0863	-0.1859	0.1624	0.3892	0.2146	-0.3922	-0.0130	0.0600	0.0758	0.0068	-0.1965	0.0750	-0.0066	-0.3618	0.0267	-0.1601	0.0426	0.3438	-0.0898	0.5804	-0.2915	0.0797	0.0875	0.2602	-0.0312	-0.1288	0.2599	0.1356
g__Flavonifractor	-0.5568	0.7229	-0.3903	0.4219	-0.6955	0.4531	-0.0786	-0.2430	0.3475	-0.1553	-0.9508	-0.1180	1.3584	0.4860	1.1103	1.0659	0.2058	-0.6222	1.7148	-1.0299	-0.7918	0.3458	3.6244	0.7071	-0.4972	-0.0226	-0.3038	-0.1779	-0.2045	-0.4822	-0.1262	-0.7208	-1.6652	0.9698	0.6901	-2.2390	-0.9555	1.4020	-1.7722	-1.3534	-0.5178	0.5526	0.7738	-1.1220	4.4975	-0.2601	0.0439	-0.7690	-0.1538	-0.1370	-0.7988	0.2238	-0.9873	2.6866	-0.2487	0.4228	8.0231	-0.3827	0.1568	-0.6098	-1.1525	-0.6167	-0.1482	-1.4521	-0.0818	-0.4822	-0.6615	0.0758	-0.4253	-0.5504	-0.3187	-0.3734	0.2732	0.3018	-0.4465	3.0767	1.3426	-0.3338	0.6085	-0.7296	0.5807	-1.0823	-0.0959	-0.3766	-0.8240	0.3914	-0.0023	-0.1688	-0.6455	0.8958	-0.2016	-0.9000	0.0876	-0.9530	-0.8493	-0.1394	0.1812	0.8980	-0.1596	0.0401	0.0328	0.9135	-0.0965	-0.0367	-0.1075	-1.4163	0.3933	-0.2809	-0.5978	-0.6731	2.9552	0.8749	-0.4438	0.0326	0.0911	-0.7566	0.8449	-0.0825	0.4403	0.9345	-0.3997	-0.1962	0.3483	-0.1894	0.6082	-0.4545	-1.0930	-0.2185	3.2056	-0.5430	-0.2166	2.0552	-0.6078	-0.2173	1.2117	-1.2272	0.8371	-0.9894	2.9497	-1.0703	0.5951	-0.5696	-0.1034	-0.2132	-0.2470	-0.4678	-0.6422
g__Fusicatenibacter	0.0342	-0.7557	0.2502	4.3217	1.1017	2.0860	-0.6580	-0.4452	1.2057	-0.1395	3.9508	-0.3814	0.7436	1.3806	0.5938	-0.0517	1.7025	-0.2213	0.6945	1.0482	0.4177	0.4226	0.7279	1.0399	-0.2911	-0.3794	-0.6651	-0.5409	0.1301	-0.4514	-0.4309	-0.2307	0.4524	0.8200	0.0519	1.3086	0.4703	1.1211	1.0767	0.8898	-0.0897	0.8316	1.4120	-0.5608	0.3898	-1.3089	-0.0823	-2.1535	-0.4290	0.8203	0.8570	0.7842	2.6037	-2.1005	-0.2096	-1.0525	-0.3827	9.1581	-0.4675	0.6559	-1.1787	2.4881	-0.2144	-1.3219	-0.6478	-2.1250	-0.2745	-0.7764	1.1367	0.5668	-0.0770	-0.4408	2.4474	0.7745	0.0734	-1.2256	-0.0818	-0.5017	-0.1406	0.3557	1.1605	-3.5109	-1.7275	-1.9854	-0.1254	-0.4682	-0.5597	-0.9138	-1.6198	-0.2240	0.4302	-1.0738	-1.5752	0.6537	-2.6301	-0.3986	0.2958	2.3680	-1.3546	-0.3975	-0.8814	-0.3353	0.1574	-0.4059	0.4897	-2.2608	0.6121	1.0982	1.1042	-0.2507	1.9102	0.6924	0.1865	-0.3671	-0.6674	-0.7906	-1.1571	-0.6107	-0.6371	0.1806	-0.1597	-0.6004	-0.8356	-0.2300	2.7781	-0.3844	-1.3293	-0.8741	0.4468	0.5827	0.4676	0.5399	-0.0246	0.5016	1.3770	-1.4148	-0.5096	-0.3077	-0.3765	-0.4009	1.0025	-0.6010	-0.5762	-1.3614	-0.1476	-1.6785	-0.2212
g__Fusobacterium_A	-0.2936	0.1444	-0.1387	-0.5855	-0.3406	-0.7648	0.1308	-0.5751	0.2241	0.7527	0.0981	0.1167	0.0332	0.1224	0.0198	0.0784	-0.4430	-0.0556	0.0449	-0.1270	-0.0941	0.1727	0.2475	0.4473	-0.2384	-0.0772	0.0075	0.1093	-0.1721	-0.1286	-0.2592	-0.2311	-0.1211	0.1593	0.1704	-0.6017	-0.5369	0.9143	0.0587	0.0660	-0.1253	-0.3139	0.8223	-0.4634	0.4767	-0.1334	0.1469	0.5097	0.0169	-0.3437	-0.0063	-0.2635	-0.6774	0.9940	-0.0387	0.2397	0.1568	-0.4675	3.1711	-0.4006	0.6173	-0.3718	0.0995	0.3366	0.2091	0.0431	0.0810	-0.0306	-0.3623	-0.2301	-0.4339	-0.0358	-0.1761	-0.0412	-0.2712	-0.0931	-0.2138	-0.0772	-0.4799	0.1888	-0.3036	0.2663	0.1816	0.0430	0.0136	-0.0731	0.0353	0.0189	-0.0543	-0.0363	-0.4032	0.0933	0.2558	-0.4661	0.1233	0.7174	0.2677	0.2694	0.5957	0.1617	0.0458	0.3100	0.2268	-0.0215	-0.2235	0.0439	-0.1899	-0.3595	-0.4527	-0.1360	0.0926	-0.2473	-0.2360	0.0819	0.1222	0.2558	0.3433	0.3050	0.2337	0.0139	-0.1551	0.1106	0.2247	0.0091	-0.4807	-0.1967	0.3276	0.1188	1.1147	-0.4727	-0.1847	-0.0389	-0.4173	-0.1558	0.1170	0.1314	-0.0520	-0.0550	1.1734	-0.1301	-0.1417	-0.1091	0.2216	-0.1524	0.0222	0.2222	0.0150
g__Gallintestinimicrobium	0.3847	-0.5767	0.4109	0.6251	0.5858	0.5009	-0.2738	0.3003	0.1808	-0.4054	0.9103	-0.1854	-0.4730	0.0128	-0.0507	-0.3906	0.1144	0.0293	0.5832	0.8556	-0.4989	-0.1477	-0.6882	0.0333	0.3397	-0.0958	-0.2167	-0.1624	-0.1329	0.3375	-0.1723	0.3406	-0.0948	0.0565	0.0412	0.2503	0.2016	-0.0605	0.1654	0.4713	0.1593	0.4071	0.2067	0.1563	-0.1098	-0.0196	-0.6952	-0.7319	-0.0278	0.4981	0.4043	0.3160	0.6590	-1.0548	0.1170	-0.2163	-0.6098	0.6559	-0.4006	2.7470	-0.5188	1.1733	0.1147	-0.3554	-0.0633	-0.5400	-0.0566	0.0836	0.5871	0.3004	0.3336	0.0595	0.5176	-0.2482	0.5144	-0.3973	-0.8051	-0.0368	0.7231	0.3080	-0.0001	-0.4137	-0.2515	0.0659	-0.2933	-0.3065	0.1574	-0.1301	0.0471	0.2169	0.4917	0.1025	-0.7566	0.3669	-0.1120	-0.3593	-0.0851	0.4274	-0.0691	-0.2084	0.0766	-0.2978	-0.2655	-0.0592	0.2177	-0.4916	0.0765	0.5657	0.1685	0.0108	0.4294	0.9109	0.1304	-0.1210	-0.1213	-0.2358	-0.5059	-0.3771	-0.2619	-0.0232	0.2539	-0.1583	-0.2526	-0.0875	0.4232	-0.0082	-0.4868	-0.1881	-0.8748	0.4040	0.6210	-0.3344	0.0034	0.3456	0.1515	-0.3315	-0.6698	-0.3710	-1.0233	-0.5165	0.1120	0.3087	0.0231	-0.4245	-0.1166	0.3938	-0.0285
g__Gemella	0.0418	0.3739	-0.1165	-1.1719	0.4503	-0.9916	0.3395	-0.4957	-0.1974	0.3934	-0.9626	0.3011	-0.1850	-1.1415	0.0907	0.0640	-0.8011	0.0697	-0.9956	-0.8457	-0.8838	0.1658	-0.8532	-1.2325	0.1235	-0.0854	0.1040	0.3462	-0.1410	-0.0634	-0.2136	-0.3687	0.0357	-0.5434	-0.2369	0.1525	-0.2071	-0.3641	0.4041	-0.2338	-0.1839	-0.5868	-0.3287	1.1687	-1.4009	0.6479	1.1316	1.3881	0.0230	-0.8523	-0.5467	-0.4986	-1.1268	0.3857	-0.0641	0.4579	-1.1525	-1.1787	0.6173	-0.5188	4.9958	-0.9905	0.0983	3.1536	0.2740	1.8012	0.4136	0.2294	-0.3982	-0.1717	-0.2826	0.1164	-0.7482	0.1430	-0.3659	0.1934	-0.4728	0.0574	0.1869	-0.0457	-0.8833	1.7091	0.0772	0.3708	1.0988	-0.0628	0.1558	0.4277	1.4449	-0.5076	-0.3319	1.5007	0.0889	-0.5224	0.1395	0.4249	0.1573	-0.9296	0.1957	0.3137	0.1303	0.1591	0.3722	0.1684	-0.4247	1.0160	-0.1140	-0.4506	-0.3678	-0.0763	-1.1172	-1.3226	-0.2479	0.1903	0.1815	0.5207	0.2270	1.3020	0.4960	-0.7289	-0.0069	0.2525	0.2032	0.1078	-1.4748	-0.0387	2.6135	0.3966	-0.0848	-0.4575	-0.0673	-0.5481	-0.3767	-0.2634	-0.4110	2.3072	0.4381	1.2932	0.0046	1.2810	-0.2853	-0.0722	0.2592	0.7916	0.2634	1.4128	0.0844
g__Gemmiger	0.6580	-1.2245	0.2483	2.2515	1.2666	1.3298	-0.5383	0.4429	-0.0283	-1.0090	2.9940	-0.4668	-0.5902	0.1962	-0.2570	-0.9349	1.0671	-0.0805	1.5333	1.8554	-0.9820	-0.2385	-1.3174	0.4485	0.2774	-0.1790	-0.1039	-0.3514	0.6086	0.1394	0.2029	0.3312	-0.6949	0.3398	-0.4815	2.0678	0.8763	0.3525	1.4078	1.9020	0.2747	1.4592	-0.4113	0.4506	-0.6195	-0.5296	-1.3343	-2.1967	-0.3287	1.2999	1.7903	0.6750	2.8305	-2.9717	0.0112	-0.0942	-0.6167	2.4881	-0.3718	1.1733	-0.9905	6.8810	-0.1217	-0.6030	-0.4376	-0.6976	0.7650	0.0858	1.4962	0.6074	0.8372	-0.0733	1.3889	-0.0452	0.5884	-1.7716	-1.2771	-0.2229	0.9184	0.5068	0.8264	-1.8195	-0.9162	-0.6426	-0.8529	-0.5073	-0.2078	-0.5563	-1.0206	0.0957	0.7058	-1.2239	-1.0086	1.3130	-1.7689	-0.8397	-0.5075	1.8673	-0.8331	-0.5924	-0.4321	-0.7582	-0.7629	-0.7061	0.7225	-1.3686	1.0971	2.1920	1.0517	0.3335	0.2523	1.3895	0.6009	-0.6395	0.0794	-0.5339	-1.9303	-0.4378	-0.6239	1.0112	1.0593	-0.4245	-0.5013	-0.0429	1.9549	0.1297	-0.4547	-0.6085	-2.3440	0.8394	0.9124	-0.6136	0.4085	-0.1932	-0.2357	-1.1820	-0.3325	-0.9507	-2.2483	-1.1373	0.0751	-0.0285	-0.3085	-1.4952	0.3775	-1.3785	0.0998
g__Gordonibacter	-0.0059	0.0317	0.3004	-0.2848	-0.0965	-0.4005	0.0212	-0.1502	0.1304	0.0138	-0.2947	0.1592	-0.1243	-0.1449	-0.0530	-0.0670	-0.1559	-0.0451	-0.1899	0.1049	0.1333	0.0242	-0.3018	-0.2808	-0.0929	-0.1163	-0.0469	0.2202	-0.0475	-0.1058	-0.0629	0.0550	-0.1203	-0.0337	0.1745	-0.3233	-0.2247	-0.3387	-0.3203	-0.2757	-0.0616	-0.1440	0.0753	0.0630	-0.0875	0.2132	0.1636	0.5478	0.0204	-0.0678	-0.1075	0.2562	-0.2772	0.1994	0.0804	0.0101	-0.1482	-0.2144	0.0995	0.1147	0.0983	-0.1217	1.9150	0.0648	0.0464	-0.0509	0.0607	0.1064	0.0511	0.0890	-0.2749	-0.0376	-0.1284	-0.0037	-0.1263	-0.0831	-0.1260	-0.0478	0.2034	-0.0661	-0.2793	0.4106	0.3716	0.1126	0.1436	0.0082	-0.0155	0.0703	0.1372	0.0427	0.0869	0.2096	0.1028	-0.0437	0.3086	0.0221	0.2050	-0.3611	0.0375	0.0318	-0.1043	-0.0145	-0.0192	-0.0022	-0.1191	0.1372	0.0638	-0.0337	-0.1522	-0.0222	-0.2108	-0.1154	-0.0821	0.2034	0.2143	0.1490	0.4435	0.0393	0.0709	-0.3462	-0.2573	0.1102	0.1133	-0.0044	-0.4737	-0.0125	0.0603	0.0865	0.1290	-0.0332	0.5349	-0.1690	0.0033	0.1135	0.1419	0.1062	-0.1582	0.1509	0.0268	0.1443	0.0553	-0.1209	0.0225	0.0786	0.1593	0.4149	-0.0581
g__Granulicatella	0.0705	0.0326	-0.2413	-0.5473	-0.3070	-0.8209	0.3700	0.0664	-0.5315	0.5491	-0.5250	0.4382	-0.5229	-1.4234	-0.6642	0.0380	-0.3343	0.0897	-1.1844	-0.4500	-1.1526	-0.0727	-1.7029	-2.3133	0.5780	0.1914	0.1622	0.5490	0.0184	0.1352	-0.2159	-0.4487	-0.3535	-1.3678	-0.6384	-0.0269	-0.2973	-0.4620	0.4327	-0.1547	0.0403	-0.6653	-0.9610	1.2468	-1.4761	1.2169	0.6065	3.3672	-0.0902	-0.6338	-0.3507	-0.9229	-1.0130	0.4114	0.0098	0.5234	-1.4521	-1.3219	0.3366	-0.3554	3.1536	-0.6030	0.0648	6.5016	0.2695	2.4462	0.8470	0.1338	-0.4897	-0.0764	0.1457	0.2037	-0.6374	-0.0784	-0.1910	0.3084	-0.0962	0.1634	0.3710	-0.3205	-1.6251	1.4957	1.0850	1.1399	0.8686	0.1140	0.4961	0.9325	1.8965	-0.6343	-0.5523	1.7347	-0.4710	-0.3009	0.7927	0.3057	0.1818	-1.5784	0.6438	0.1710	0.3074	0.3058	0.3176	0.1950	-0.5831	1.2261	-0.4739	-0.5892	-0.6910	0.1406	-1.1062	-1.5931	-0.2789	0.3455	0.0257	1.6016	-0.6328	1.9805	0.4443	-0.6530	0.0977	0.3672	0.5419	0.3085	-1.0379	0.1691	3.4641	0.4374	-0.5413	-0.4072	0.0478	-1.3823	-0.3088	-0.6327	-0.6309	3.0904	0.3964	1.0779	-0.1067	0.7684	-0.2775	0.2058	0.5130	1.3727	0.1173	0.4782	0.6321
g__Guopingia	0.1017	0.2591	-0.0384	-0.7163	-0.0916	-0.4728	0.1488	-0.2036	-0.0504	-0.0132	-0.4684	0.1048	0.1056	-0.4776	0.1136	0.1089	-0.3234	0.0763	-0.3827	-0.4348	-0.1534	0.0463	-0.1111	-0.2291	-0.0916	0.1120	-0.0128	0.1258	-0.1848	0.1788	0.0177	-0.0025	0.0918	-0.1683	0.1341	-0.6283	-0.1793	-0.0297	-0.3871	-0.5354	0.0357	-0.3606	-0.2466	0.4127	-0.1096	0.0909	0.3201	0.5527	0.0009	-0.3375	-0.3183	-0.3446	-0.6763	0.4240	0.0015	0.1889	-0.0818	-0.6478	0.2091	-0.0633	0.2740	-0.4376	0.0464	0.2695	1.9097	0.3088	0.0603	0.0695	-0.1242	-0.0987	0.0266	0.1353	-0.3922	0.0237	0.0370	0.3569	0.0268	0.1701	0.0582	0.0752	-0.1993	0.5325	0.3176	0.2616	0.0568	0.0398	0.1479	0.1994	0.4723	0.0735	-0.1399	0.1507	0.2515	-0.2827	0.4448	0.1125	0.0274	-0.4868	0.0523	0.1968	0.2739	0.1339	0.2820	0.2570	0.1251	0.3786	-0.1258	-0.4275	-0.2566	-0.1566	-0.1722	-0.3402	0.0235	0.0887	-0.1899	0.2456	0.4588	0.0040	0.1405	-0.1329	0.1008	0.0876	0.0442	0.0766	-0.5976	-0.0424	0.3470	0.0239	0.1367	-0.1476	-0.0971	0.0063	0.1149	-0.0334	-0.0266	0.2115	0.0883	0.0796	0.2753	0.1451	-0.2081	0.2329	0.1138	0.5690	-0.1482	0.2886	0.0227
g__Haemophilus_D	0.5738	-0.5610	-0.4885	-1.1258	-1.6248	-0.9361	0.3567	0.1493	-0.9422	0.7819	-1.2818	0.1000	-0.5137	-1.0465	-1.0435	0.5641	-0.4345	0.0950	-2.9861	-1.4116	-0.0338	0.0674	0.5765	-1.8699	0.4377	0.4308	0.1503	0.5336	-0.3640	0.1937	0.8795	-0.5757	1.4442	-0.4512	-0.7945	-2.5482	-1.0005	0.1156	-1.6642	-2.4403	-0.1018	-1.5318	-2.1742	2.0817	-0.5126	1.6704	1.5633	0.4471	0.2477	-1.3354	-0.7934	-0.6729	-2.4912	1.3423	-0.0667	0.7733	-0.4822	-2.1250	0.0431	-0.5400	1.8012	-0.6976	-0.0509	2.4462	0.3088	10.4645	-0.1043	-0.2677	-0.8197	-0.4780	-0.2546	0.2153	-1.3347	-0.0033	-0.2782	1.4033	1.3095	0.2310	0.4264	-0.8387	1.6396	1.9118	0.3724	1.9875	0.8094	0.1506	0.2300	1.4120	1.4397	-1.1584	-0.6235	1.4415	0.9958	-0.8767	1.9177	-0.3984	-0.5313	-2.3556	0.8129	0.2533	-0.1265	0.1635	-0.0847	0.1013	-0.7270	4.4622	-1.1042	-1.5482	-1.1914	0.0852	-1.3533	-2.5543	-0.4222	0.3839	0.0175	0.6604	0.0082	1.9366	-0.3275	-1.9982	-0.2437	0.5139	0.1899	-0.0997	-0.4384	0.2595	2.4044	0.3089	1.3842	-0.8431	0.0634	-1.5201	2.5793	-1.1638	-1.2597	3.2961	1.3475	1.5330	0.8981	1.9517	-0.6740	0.3763	0.6732	4.7789	-0.2126	0.4769	0.1413
g__Holdemanella	0.1219	-0.1944	-0.0357	-0.3745	-0.0160	-0.5959	0.0752	-0.3060	-0.3628	-0.3620	0.2290	0.2026	-0.4165	-0.3618	0.2878	-0.1099	-0.0264	0.1675	-0.2218	0.4686	0.3920	-0.2412	-1.0251	-0.2365	0.0585	-0.0002	0.0810	0.3609	-0.2483	0.2889	0.5067	0.2860	-0.5481	-0.3399	-0.0455	0.7217	0.1526	-0.2720	0.6054	0.9888	0.1698	0.2455	-0.5342	0.1061	-0.9312	-0.4168	-0.3367	1.0734	0.0851	-0.3845	0.8330	-0.1269	0.2123	-1.1823	-0.2574	-0.1512	-0.6615	-0.2745	0.0810	-0.0566	0.4136	0.7650	0.0607	0.8470	0.0603	-0.1043	4.7226	0.4010	0.1632	0.1951	0.2470	0.1674	0.0527	-0.0736	0.0356	-0.4494	-1.0561	0.1189	-0.3161	0.1603	-0.9966	0.2052	-0.2082	-0.2530	0.2183	-0.2161	-0.0141	0.5020	0.2389	0.0075	-0.0058	0.2091	-0.3109	0.0110	0.8540	-0.0478	-0.3233	-0.2813	0.2628	-0.0539	-0.0514	-0.1274	-0.2043	-0.0405	0.1770	-0.0034	0.1876	0.7347	0.2214	0.2306	-0.6162	-0.2183	0.1146	-0.0977	-0.2693	0.7322	-0.5127	0.6019	-0.0048	0.4196	1.1626	0.2291	0.0653	0.0961	-1.1329	0.2062	1.0553	0.0740	-1.0283	0.0061	0.2117	-0.1974	0.4773	-0.0293	-0.0971	0.4600	0.0963	0.0703	-1.0461	-0.8406	0.1535	0.2026	0.0556	-0.0190	0.4676	-0.1683	0.2113
g__Holdemania	0.0392	0.0573	0.3044	-0.9026	-0.0669	0.0265	0.1024	0.0166	-0.1453	0.0859	-0.3575	0.1318	-0.2876	-0.2954	0.3091	-0.1474	-0.4106	0.0280	0.4539	-0.0316	-0.1646	-0.0700	-0.2975	-0.2029	0.1411	-0.1004	0.0991	0.0115	0.0581	0.1036	-0.0971	-0.0385	-0.5042	0.1486	0.4548	-0.0090	0.1287	0.0236	0.1912	-0.0498	-0.1013	0.0295	0.1132	-0.1190	-0.1899	-0.1574	-0.2866	0.3713	0.1388	0.0624	0.0326	0.0797	0.2130	-0.2430	0.2009	0.0497	0.0758	-0.7764	-0.0306	0.0836	0.2294	0.0858	0.1064	0.1338	0.0695	-0.2677	0.4010	2.2595	0.0053	0.1625	0.0142	-0.0282	-0.0240	-0.4751	-0.1062	0.0976	-0.0875	0.0095	-0.0515	-0.2668	-0.5786	0.2552	0.0422	-0.0822	-0.3255	0.2032	-0.0630	0.0429	0.2457	0.1859	0.1883	0.1783	0.3791	-0.1447	0.2806	-0.0075	0.0981	-0.3444	0.0901	0.0150	0.1104	-0.0499	-0.0581	0.0542	-0.1436	-0.2305	-0.0259	0.1759	-0.1832	-0.0465	0.0608	0.2839	-0.1061	0.0034	0.0251	0.3675	0.0890	0.0925	0.2233	0.2320	0.2935	0.0214	0.2529	0.1090	-0.6215	-0.1311	0.1706	0.2227	-0.5009	0.0085	0.3897	0.1760	-0.2244	0.2825	0.0712	0.0920	-0.0157	-0.1839	-0.0210	-0.4332	0.3827	0.0781	0.1066	-0.6300	0.2813	0.4409	0.0678
g__Hominenteromicrobium	0.5965	-0.5870	0.2967	0.8084	0.6214	0.4521	-0.1566	0.2521	0.0764	-0.6807	1.2188	-0.2860	-0.1088	0.0074	0.0174	-0.3880	0.4717	0.1129	0.6191	0.9201	-0.3577	-0.1325	-0.7166	-0.1917	-0.0442	0.3107	-0.0102	-0.3230	0.3636	0.3289	-0.0254	0.5707	-0.1886	-0.2274	-0.2933	-0.1471	0.5948	-0.1866	0.3139	0.6954	0.4698	0.6663	-0.0954	0.2277	-0.1422	-0.4328	-0.7048	-0.8661	-0.1047	0.7162	0.6509	0.7239	0.7773	-1.4780	0.3249	-0.3019	-0.4253	1.1367	-0.3623	0.5871	-0.3982	1.4962	0.0511	-0.4897	-0.1242	-0.8197	0.1632	0.0053	2.9619	0.3937	0.5230	0.1477	0.8775	-0.2498	0.6451	-0.6855	-0.4446	0.1620	0.6175	0.4723	-0.0172	-0.8753	-0.3673	-0.6145	-0.1785	0.0610	-0.0231	-0.3830	-0.2029	0.4210	0.6074	-0.1409	-0.5578	0.4714	-0.6101	-0.2747	-0.0257	0.8546	-0.6909	-0.3468	0.1232	-0.4004	-0.1328	-0.2004	0.5085	-0.4758	0.5483	0.4993	0.7791	0.0253	0.2311	0.6096	0.6268	-0.1474	-0.0037	-0.4122	-0.7839	-0.6302	-0.5817	0.1992	0.2936	-0.2096	-0.4062	-0.0005	0.4909	0.3352	-0.4834	-0.3522	-1.2357	0.7088	0.2752	-0.0938	0.1273	0.0154	-0.0508	-0.7146	-0.2305	-0.4640	-0.9972	-0.7584	-0.0308	0.0556	-0.5398	-0.7066	0.0546	-0.2031	-0.0202
g__Hominibacterium	0.1244	0.0564	0.2290	0.0338	0.0183	0.3164	-0.0478	0.1053	0.3314	-0.2240	0.3556	0.3305	0.0335	-0.4073	0.2377	-0.1221	-0.0859	0.1399	0.1032	0.6049	0.0372	-0.0814	-0.6102	-0.2873	-0.2303	0.1718	-0.0109	0.0962	-0.1916	0.1818	-0.1922	0.1465	-0.0562	0.2862	0.2166	0.3477	0.1435	-0.1195	0.3902	0.3200	0.2457	0.1394	-0.4386	0.0221	-0.3220	-0.1751	-0.0923	0.4818	0.0311	0.1791	0.1277	0.3023	0.0034	-0.4537	0.1807	0.0132	-0.5504	0.5668	-0.2301	0.3004	-0.1717	0.6074	0.0890	-0.0764	-0.0987	-0.4780	0.1951	0.1625	0.3937	2.3665	0.0613	0.0856	0.0661	-0.2553	0.0696	-0.4001	-0.1580	0.1013	0.0056	0.2681	-0.2359	-0.5439	-0.1071	-0.2581	-0.1272	0.0600	-0.1620	-0.0737	-0.1438	-0.0064	0.4062	-0.1758	-0.4286	0.1609	-0.4385	-0.2143	0.1072	0.3220	-0.3606	0.0522	-0.0805	0.1388	0.2160	-0.1418	0.2756	-0.1206	0.0568	0.1140	-0.0797	0.0445	0.0047	0.2140	0.2315	-0.1643	0.0260	-0.1949	-0.3604	-0.3114	0.0268	-0.0753	0.3268	-0.0247	0.0280	0.2561	-0.1166	0.1641	-0.2052	-0.1143	-0.5473	0.4738	0.3587	0.0369	0.1613	0.0728	0.3682	-0.3791	-0.3981	-0.2446	-0.2236	-0.2428	0.2667	0.0110	-0.1868	-0.2848	0.1024	-0.2678	0.1829
g__Hominicoprocola	0.7795	-0.2488	0.0218	-0.0966	0.7780	0.7006	-0.1363	0.4428	-0.4352	-0.4582	0.4280	-0.3307	-0.2540	-0.3991	-0.0938	-0.3865	0.2844	0.1625	0.6563	0.2269	-1.6385	-0.2965	-0.9075	-0.2247	0.5093	0.2321	0.1560	-0.2269	0.1656	0.7588	0.5731	0.5516	-0.3466	-0.3158	-0.3335	0.7325	0.6445	-0.5488	0.7790	0.4927	0.4805	0.7051	-0.2337	1.0089	-0.1475	-0.5611	-0.6851	-0.6124	-0.1470	0.2788	0.6363	0.0885	0.8791	-1.3526	-0.0700	0.0566	-0.3187	-0.0770	-0.4339	0.3336	-0.2826	0.8372	-0.2749	0.1457	0.0266	-0.2546	0.2470	0.0142	0.5230	0.0613	3.1663	0.1532	0.2671	-0.0832	0.6100	0.0092	-0.9173	0.2083	0.5629	0.4935	-0.2587	-0.7320	-0.5388	-0.3095	-0.3038	-0.1026	0.2586	-0.0548	-0.0177	-0.0163	0.1895	-0.3825	-0.3706	0.5021	-0.3405	-0.4219	-0.5300	0.6726	-0.2476	-0.2948	0.3406	-0.2841	-0.0296	-0.0763	0.7189	-0.6455	0.2706	0.8967	0.3354	0.3775	0.3779	0.8067	0.4979	-0.3468	0.3935	-0.0996	-0.5857	-0.4505	0.0001	0.8373	1.0666	-0.1058	0.1489	0.2514	0.3203	0.4153	-0.0898	-0.2115	-1.8849	0.6619	-0.1067	0.1904	0.0890	0.1104	-0.4117	-0.4798	0.1243	-0.8206	-1.1318	-0.6532	-0.4748	0.3786	-0.1846	-0.7165	-0.2089	-0.5524	0.0461
g__Hominifimenecus	0.0440	-0.1223	-0.0749	-0.2006	-0.0262	-0.1738	0.0554	-0.0015	-0.0878	-0.0435	-0.0350	0.0109	0.0090	-0.2543	-0.0175	-0.0591	-0.0395	0.2436	-0.3777	-0.1429	-0.1066	-0.0848	-0.1823	-0.2991	-0.0323	0.1971	0.1036	0.0157	-0.2394	0.3050	0.0932	0.1846	0.0235	-0.1182	-0.0292	0.2032	0.2593	-0.2716	0.0513	0.0770	0.2266	-0.0160	-0.2144	0.3676	-0.3785	0.0547	-0.0988	0.1657	0.0359	-0.0965	-0.0135	0.0090	-0.2219	-0.3051	0.0783	0.2184	-0.3734	-0.4408	-0.0358	0.0595	0.1164	-0.0733	-0.0376	0.2037	0.1353	0.2153	0.1674	-0.0282	0.1477	0.0856	0.1532	1.8655	-0.1862	-0.1306	0.1291	-0.0215	-0.1888	0.2197	0.1324	0.1959	-0.2710	0.1736	0.1437	0.0403	-0.0190	0.1420	0.0096	0.0941	0.4305	0.0302	0.1364	0.1682	0.0232	-0.0699	0.3506	0.0372	-0.0126	-0.1819	-0.0182	0.0662	0.1636	-0.0523	0.0020	0.1380	0.0361	0.2255	-0.2226	0.1281	0.1600	-0.0752	-0.2846	0.0435	0.3506	0.0470	-0.0989	0.0641	0.0790	-0.0486	-0.0236	-0.1682	0.2138	0.1007	0.0395	0.0192	-0.3511	0.2529	0.1954	0.0083	-0.2283	0.0317	-0.2303	-0.1359	-0.0519	0.1075	-0.3887	0.0111	-0.1474	-0.0035	-0.1967	-0.1796	0.0091	0.3131	-0.0733	0.1016	-0.2165	0.0949	0.1097
g__Hominilimicola	0.5812	-0.4671	0.2262	2.7583	0.9835	0.8354	-0.3957	-0.2160	0.7199	-0.4472	2.7501	-0.2269	0.1841	0.9141	0.6663	-0.1957	0.1492	-0.3038	0.7198	0.6948	0.8043	-0.1581	-0.0520	0.6260	-0.0634	0.3370	-0.2017	-0.4782	0.4454	-0.0816	-0.3839	0.2139	-0.0069	1.0933	0.6537	0.7022	0.6677	0.6236	0.7295	0.8899	0.0353	0.8746	0.8244	-0.9431	0.2382	-1.0039	-0.8043	-2.3781	-0.0240	0.7934	0.4323	0.6642	1.5783	-1.0155	-0.0173	-0.2532	0.2732	2.4474	-0.1761	0.5176	-0.7482	1.3889	-0.1284	-0.6374	-0.3922	-1.3347	0.0527	-0.0240	0.8775	0.0661	0.2671	-0.1862	5.6662	-0.6102	0.2793	-0.0244	-0.7693	-0.2731	-0.2140	0.6495	0.8054	-2.0425	-1.4531	-0.9675	-0.7684	-0.1324	-0.2161	-1.0145	-1.1040	0.4760	0.5145	-0.6804	-0.6856	0.5053	-1.7279	-0.3767	0.2238	1.8604	-0.8779	-0.3025	-0.3195	-0.5984	-0.2047	-0.4812	0.6003	-2.0638	0.9509	0.4482	0.5454	0.0071	0.9190	0.9863	0.2009	-0.1034	-0.6481	-0.7949	-1.8241	-0.1733	-0.7218	-0.0405	0.0852	-0.4667	-0.5106	-0.2300	0.3944	0.2521	-0.8271	-0.4301	-0.3643	0.1112	0.5193	0.2403	-0.2464	1.0181	0.5690	-0.5485	-0.3205	-0.3699	-0.0103	-0.8163	0.6833	-0.2626	-0.5468	-1.2640	0.1219	-1.1455	-0.3631
g__Hominimerdicola	0.0425	0.3286	0.0190	0.3027	0.1951	-0.1340	-0.1250	-0.0571	0.2307	-0.0472	0.4119	-0.1866	0.5433	0.1726	-0.0186	0.1509	0.9694	-0.0357	-0.4038	0.2779	-0.9262	0.2252	0.3825	0.1237	-0.0922	-0.0153	-0.0672	0.0528	-0.1563	-0.1115	0.0292	0.0273	0.3303	-0.6863	-0.0835	0.0915	0.0357	-0.3965	0.0769	-0.4566	-0.0316	-0.3727	-0.7208	0.2758	0.1319	0.3806	-0.0252	1.2357	-0.0906	0.0253	0.4383	-0.2664	0.0084	-0.1355	-0.2527	-0.3246	0.3018	0.7745	-0.0412	-0.2482	0.1430	-0.0452	-0.0037	-0.0784	0.0237	-0.0033	-0.0736	-0.4751	-0.2498	-0.2553	-0.0832	-0.1306	-0.6102	4.0272	-0.2287	0.4555	-0.0917	-0.0426	-0.5200	0.0351	0.7876	0.2542	-0.0350	0.1550	-0.1814	-0.4731	-0.3044	-0.1436	-0.5040	-0.4515	-0.3022	-0.2098	0.2722	0.1993	-0.1304	0.0728	-0.3539	-0.0337	-0.1328	0.1264	-0.5563	0.1989	0.4403	0.1776	0.2837	-0.1694	0.4203	0.5217	0.8124	-0.0109	0.4096	-0.7449	-0.0470	-0.0323	0.0590	-0.3196	-0.0195	-0.0971	-0.0957	-0.4695	0.0983	0.0094	-0.0519	-0.1521	0.8996	-0.0025	-0.1097	-0.1369	-0.1953	0.2778	-0.0931	0.6223	0.9628	-0.5528	-0.1691	-0.2948	-0.1370	0.4880	-0.4195	1.2319	-0.3666	-0.1168	-0.0328	0.0364	-0.0629	-0.4078	0.1348
g__Hominiventricola	0.4521	-0.3594	0.1279	0.5102	0.3529	0.1208	-0.0499	0.6258	-0.2526	-0.3713	0.3353	-0.2658	-0.3274	-0.1997	-0.2309	-0.1927	0.3006	0.0305	0.0793	0.4407	-0.7328	-0.1057	-0.7499	-0.1437	0.5136	0.2105	0.0353	-0.2669	0.2305	0.2554	0.3934	0.3182	-0.0454	-0.3081	-0.3222	0.0558	0.3889	-0.2683	0.1953	0.2152	0.2442	0.3370	-0.1738	0.7499	0.0897	-0.0800	-0.4095	-0.1963	0.0879	0.1488	0.2097	-0.0155	0.4395	-0.6636	0.0329	-0.1963	-0.4465	0.0734	-0.2712	0.5144	-0.3659	0.5884	-0.1263	-0.1910	0.0370	-0.2782	0.0356	-0.1062	0.6451	0.0696	0.6100	0.1291	0.2793	-0.2287	2.2759	-0.1959	-0.5264	0.1968	0.9127	0.3644	0.0849	-0.3178	-0.1800	0.0960	-0.2594	-0.0278	0.2736	-0.1085	0.1743	0.1290	0.1998	0.1419	-0.2090	0.2744	-0.0467	-0.2813	-0.1578	0.1390	-0.1285	-0.2147	0.4062	-0.1772	-0.1623	0.0609	0.3030	-0.0801	0.0438	0.0913	0.1496	0.0874	0.1284	0.4825	0.5490	-0.2437	0.0181	-0.2292	-0.2036	-0.4340	-0.4816	0.0858	0.1366	-0.0351	-0.2306	-0.0833	0.5167	0.2354	-0.1797	-0.1443	-0.7112	0.1829	-0.1947	-0.4179	-0.0520	0.1547	-0.1415	-0.4539	0.1355	-0.4584	-0.6031	-0.6904	-0.1187	0.2607	-0.0974	0.0916	-0.3104	0.0542	0.0243
g__Hungatella	0.0387	0.5826	-0.1690	0.0671	-1.0385	0.1006	0.2004	-0.0708	0.3607	-0.1263	-1.5270	0.1157	0.6541	-0.5406	0.5554	1.2356	-1.0790	-0.0850	-0.8483	-0.9952	-2.0209	0.2067	1.2614	-0.6866	0.0427	0.3062	-0.1168	-0.0074	-0.4136	0.0801	0.2315	-0.5381	-0.5802	0.7318	0.4569	-1.3903	-0.9862	0.4589	-1.2519	-1.7515	-0.2342	-0.3071	-0.4065	0.2858	2.4112	0.6038	0.7448	1.0105	0.1322	-0.8059	-0.8768	-0.1783	-1.9161	3.1163	-0.2359	0.6363	3.0767	-1.2256	-0.0931	-0.3973	0.1934	-1.7716	-0.0831	0.3084	0.3569	1.4033	-0.4494	0.0976	-0.6855	-0.4001	0.0092	-0.0215	-0.0244	0.4555	-0.1959	5.9384	1.0871	0.0446	0.5000	-0.4858	-0.1936	0.0330	-0.2045	0.4947	-0.8238	0.2357	0.0090	0.3181	-0.1298	-0.0461	-0.2208	-0.2855	-0.1086	-0.9415	0.5214	0.0635	-0.0687	-0.8103	0.1407	0.1946	0.1201	1.0369	0.1832	0.3061	-0.2939	0.0958	-0.5982	-0.7411	-0.6806	-0.4954	2.2439	-0.7772	-0.3034	0.0647	0.3226	-0.0541	0.0006	0.7946	0.2644	-0.6890	-0.3244	0.0666	0.6399	0.0082	-0.8957	0.0899	0.0383	-0.0001	1.5616	-0.3361	0.0086	0.9797	-0.0715	-0.3165	-0.1168	0.2061	0.9348	-0.4812	2.2950	0.2152	-0.1016	-0.0614	0.1054	1.4916	-0.3552	-0.4546	-0.2962
g__Intestinibacter	-0.2446	0.3329	-0.3344	0.0222	-1.7288	0.0214	0.4103	-0.5299	0.8059	-0.2896	-2.2341	0.2381	0.9486	0.4674	-0.7661	0.6781	0.1719	-0.0756	-0.1438	-0.8144	1.3344	0.2581	-0.1301	0.0356	-0.9501	0.3178	-0.1549	0.0023	-0.4232	-0.4590	-0.4702	-0.1433	3.4506	0.6976	-0.4678	-1.6802	-0.4503	0.5431	-1.6262	-1.8600	-0.1209	-0.8519	-0.4383	-0.5519	0.4249	0.7538	1.5293	1.0524	-0.2738	-0.6146	-1.1347	-0.5226	-1.1520	2.0365	0.2749	-0.0281	1.3426	-0.0818	-0.2138	-0.8051	-0.4728	-1.2771	-0.1260	-0.0962	0.0268	1.3095	-1.0561	-0.0875	-0.4446	-0.1580	-0.9173	-0.1888	-0.7693	-0.0917	-0.5264	1.0871	9.6331	0.1666	0.0702	-0.3909	0.9695	0.4246	1.0195	-0.0249	-1.0813	0.8881	-0.0885	0.5984	-1.3048	-0.1784	-0.2029	-0.3407	-0.5530	-0.8924	0.3721	0.0360	0.2074	-1.3111	0.0316	0.1109	0.0498	0.0370	0.2583	0.5026	-0.5990	2.0537	-0.9081	-2.7277	-0.6934	-0.6327	0.1624	-0.6500	-0.1631	0.4208	-0.9332	-0.3359	-0.8346	0.3518	0.0449	-0.8389	-0.4103	0.0711	0.0762	0.1405	0.3797	-0.0685	-0.8263	0.2250	2.6492	-0.1660	-0.8433	0.1010	4.0428	-0.9276	-0.0261	0.3065	0.1688	1.6616	4.1634	2.0226	-0.0005	-0.2889	-0.0086	3.6552	-0.4117	-1.1399	-0.0323
g__JAGTTR01	0.0871	-0.0217	-0.0697	-0.4314	-0.1950	-0.1131	0.0550	0.0603	-0.2057	-0.0557	-0.4264	0.0461	0.0234	-0.4161	-0.1986	0.0342	0.0904	0.2567	-0.4099	-0.1173	-0.2053	-0.0728	-0.2534	-0.4047	-0.0722	0.2985	0.1631	-0.0216	-0.1550	0.3838	0.1663	0.2343	0.0961	-0.0795	-0.1987	-0.0786	0.0589	-0.2395	-0.0516	-0.1890	0.2754	-0.0707	-0.2616	0.3948	-0.1713	0.1372	0.1444	0.4674	0.0279	-0.0625	-0.0349	-0.1045	-0.4697	-0.1455	0.0847	0.1124	-0.3338	-0.5017	-0.0772	-0.0368	0.0574	-0.2229	-0.0478	0.1634	0.1701	0.2310	0.1189	0.0095	0.1620	0.1013	0.2083	0.2197	-0.2731	-0.0426	0.1968	0.0446	0.1666	1.8000	-0.0485	0.2084	-0.1651	0.3834	0.2342	0.2400	-0.0679	0.1283	0.1036	-0.0318	0.3267	-0.1530	0.0394	0.1865	0.1235	-0.0302	0.2241	0.0761	-0.0459	-0.3469	-0.0855	0.0067	0.2049	-0.0071	0.0244	0.1554	0.1016	0.3459	-0.2285	-0.2100	0.0836	0.0285	-0.2893	-0.1126	0.2507	0.0138	-0.0502	0.0694	0.2490	-0.0377	-0.1277	-0.1143	0.2691	0.1301	0.0303	0.0800	-0.4291	0.2908	0.2174	0.0859	-0.1841	0.1597	-0.2239	-0.0445	0.0382	-0.1007	-0.2207	0.0277	0.1109	0.0149	-0.1202	-0.0935	-0.1936	0.3014	0.0004	0.3291	-0.1444	-0.0403	0.1141
g__Klebsiella	0.4357	-0.9568	0.5180	0.4090	-0.5146	-0.2208	-0.1700	0.3789	0.4588	-0.0417	-0.5033	-0.4411	-0.8657	-1.0898	-0.4578	-0.0935	-0.4406	0.1388	0.4819	-0.0637	-1.0263	-0.0587	-1.0182	-1.1273	1.0374	-0.2738	-0.1840	-0.1650	0.0842	0.5489	0.7994	0.2563	0.0629	-0.7475	-0.6265	-0.5291	0.1417	-0.0361	-0.7691	-1.4855	0.0155	-0.2311	-0.9637	5.0218	1.1275	0.7513	1.7069	1.3245	0.2125	0.0549	-0.4696	-0.0361	-0.2162	-0.2902	0.1169	0.7554	0.6085	-0.1406	-0.4799	0.7231	0.1869	0.9184	0.2034	0.3710	0.0582	0.4264	-0.3161	-0.0515	0.6175	0.0056	0.5629	0.1324	-0.2140	-0.5200	0.9127	0.5000	0.0702	-0.0485	9.1188	0.2233	0.6506	-1.4562	0.2521	-1.4198	0.5243	-0.6055	0.2106	-0.0761	0.6201	0.0485	0.2842	0.6844	-1.0059	-0.1811	-0.1928	-0.3707	-0.3608	0.2434	-0.3696	-0.3719	0.3026	0.0391	-0.3409	0.3777	0.0455	1.6271	-0.3648	0.2459	-0.0218	-0.6541	0.6704	0.7275	0.4117	-0.0098	0.5009	-0.7427	-0.1540	-0.3267	-0.3682	0.2495	0.3422	-0.0034	-0.1725	-0.0849	0.4789	-0.0563	0.0777	-0.1709	-0.8728	0.3999	0.6474	-0.7091	-0.0540	0.1790	-0.8729	0.0609	0.8652	-1.3148	-0.2968	-1.0255	-0.2392	0.3403	-0.3592	2.6158	-0.4969	0.9219	0.3130
g__Lachnoclostridium_B	0.5162	-0.1274	-0.1280	-0.0485	0.5014	-0.3570	-0.1773	0.3693	0.1694	-0.7429	0.8826	0.2708	0.0880	0.2512	-0.2981	-0.1639	1.0894	0.0940	-0.1889	0.7611	-0.2455	-0.3595	-0.4873	0.1353	0.0029	-0.0329	-0.0631	-0.1433	0.1376	0.4062	0.4065	0.5793	0.2841	-0.5417	-0.3893	0.0126	0.4507	-0.9257	0.4390	0.5781	0.2825	0.5183	-0.3487	0.4727	0.0333	-0.1167	-0.5741	-0.4234	-0.1221	0.1219	0.2944	-0.0760	0.0494	-1.3922	0.0220	0.0014	-0.7296	0.3557	0.1888	0.3080	-0.0457	0.5068	-0.0661	-0.3205	0.0752	-0.8387	0.1603	-0.2668	0.4723	0.2681	0.4935	0.1959	0.6495	0.0351	0.3644	-0.4858	-0.3909	0.2084	0.2233	4.0104	0.4161	-0.6239	-0.2189	-0.1462	-0.2010	-0.1365	0.0979	-0.0345	0.1660	-0.1396	0.1815	-0.5200	-0.3904	0.1925	-0.6103	0.2009	0.2367	0.9202	-0.4328	-0.2439	0.3913	0.0962	-0.0617	0.2096	0.5819	-0.0081	0.1401	0.5331	0.6065	-0.1662	0.4980	0.6509	0.5733	-0.0957	-0.5357	-0.6692	-0.3173	-0.1545	-0.5979	-0.1774	0.3529	-0.1141	-0.2555	0.0047	0.1394	0.2367	-0.3752	-0.2745	-0.2868	0.2987	-0.0271	-0.0702	-0.4120	-0.0840	-0.4383	-0.7986	0.2743	0.2641	-0.4161	-0.2359	-0.3404	0.3050	-0.4178	-0.3456	-0.0232	-0.4923	0.0500
g__Lachnospira	0.3730	-0.1873	-0.0748	1.0865	-0.1363	0.3973	-0.4036	-0.0544	0.7527	0.4121	0.4044	-0.4332	0.4285	1.0090	-0.2470	0.1784	0.9523	-0.2040	-0.5456	-0.0665	0.5826	-0.2271	2.1606	1.6416	-0.0582	0.2369	-0.1467	-0.2165	0.1988	-0.2057	0.2591	0.1196	2.9356	0.5176	-0.4942	-1.4374	-0.2943	-0.0009	-0.7894	-0.6950	-0.0601	0.2160	-0.0195	-0.4854	0.6856	-0.0649	0.5727	-1.4200	0.3374	0.5501	0.0914	0.2417	0.1722	0.2598	0.0265	-0.0935	0.5807	1.1605	-0.3036	-0.0001	-0.8833	0.8264	-0.2793	-1.6251	-0.1993	1.6396	-0.9966	-0.5786	-0.0172	-0.2359	-0.2587	-0.2710	0.8054	0.7876	0.0849	-0.1936	0.9695	-0.1651	0.6506	0.4161	8.8618	-0.3689	-0.9093	-0.4545	-0.0501	-0.1640	-0.3479	-0.1268	-1.3403	-0.3838	0.0427	-0.5051	0.6763	-0.0410	-0.3268	-0.6573	-0.6127	-0.4558	-0.8712	-0.1868	-0.5070	-0.5149	-0.3130	-0.3109	0.2903	0.7969	0.0155	-1.3996	0.0544	-0.2070	0.8204	-0.4736	-0.1787	-0.2676	-0.4573	-0.9329	1.4482	-0.7902	-1.4368	-0.8165	-0.1240	-0.2269	-0.5660	-0.2779	2.4687	0.1747	-1.0150	-0.1718	1.2416	-0.1138	-0.1498	-0.2896	1.1371	-0.4329	-0.5814	-0.2398	0.0737	0.5200	-0.1665	1.5142	-0.5720	-0.1294	-0.3737	0.8028	-0.1931	-0.3394	0.0461
g__Lacticaseibacillus	-0.4304	1.1169	-0.1497	-2.2519	-1.2192	-1.3149	0.4717	-0.6734	-0.7291	-0.4109	-2.5567	0.6017	-0.4087	-1.0420	-0.3128	0.1981	-1.5612	0.0975	-2.3353	-0.6833	1.8411	0.0703	-0.5337	-1.5968	-0.3238	-0.1588	0.3289	0.6929	-0.1188	-0.1603	0.0968	-0.2581	0.4206	-0.8522	0.1001	-1.8100	-0.5745	-0.5381	-0.7111	-0.9062	-0.1737	-1.1134	-1.0113	0.1610	-1.7372	2.6069	1.4762	3.2382	0.2152	-1.1775	-0.7722	-0.6647	-1.6408	0.4542	0.2291	0.0179	-1.0823	-3.5109	0.2663	-0.4137	1.7091	-1.8195	0.4106	1.4957	0.5325	1.9118	0.2052	0.2552	-0.8753	-0.5439	-0.7320	0.1736	-2.0425	0.2542	-0.3178	0.0330	0.4246	0.3834	-1.4562	-0.6239	-0.3689	8.5670	2.2703	2.8939	0.7420	0.8770	0.3999	0.9659	1.1168	-0.3520	-0.3689	1.3803	2.0468	-0.5295	3.2378	0.2099	0.2867	-1.6800	0.5381	0.5891	0.3542	0.1596	0.1853	0.1517	-0.4534	2.7282	-0.4069	-1.0893	-0.5792	0.1889	-2.1294	-1.2909	-0.3802	0.5114	0.2972	1.5624	2.8212	0.0748	-0.3076	-2.0102	0.5098	0.5484	0.4417	0.1796	-1.4128	-0.1081	1.6863	0.8715	-0.4984	-0.5934	-0.2870	-0.2048	0.8319	-0.9365	-0.6544	2.2081	0.5148	1.4228	-1.1899	1.8324	-0.8438	0.2919	0.5492	1.5608	0.2512	1.8138	0.1393
g__Lactiplantibacillus	-0.2374	0.2682	-0.1568	-0.9252	-1.7268	-0.4365	0.3115	-0.4905	-0.0208	0.1714	-1.3836	0.4487	-0.4812	-0.8456	-0.3809	0.1830	-0.2371	0.1978	0.0366	-0.4734	0.8238	0.0380	-1.5508	-1.8514	-0.3195	0.0128	0.2116	0.5956	0.1788	-0.0296	0.3478	-0.0812	-0.3057	-0.7463	-0.2801	-2.1246	-0.6192	-0.8596	-1.4085	-1.1197	-0.0169	-0.1689	-0.2698	0.4194	-0.7917	1.7421	1.6169	3.1917	0.1557	-0.3691	-0.4019	-0.3049	-1.4180	0.1624	0.2463	0.0247	-0.0959	-1.7275	0.1816	-0.2515	0.0772	-0.9162	0.3716	1.0850	0.3176	0.3724	-0.2082	0.0422	-0.3673	-0.1071	-0.5388	0.1437	-1.4531	-0.0350	-0.1800	-0.2045	1.0195	0.2342	0.2521	-0.2189	-0.9093	2.2703	6.0982	1.5348	1.0071	0.4968	0.2539	0.2716	0.6027	0.5180	-0.2588	0.8482	0.4879	-0.4424	1.8083	0.2931	0.4803	-1.1505	-0.1424	0.2729	-0.0260	0.1840	0.0203	0.2085	-0.3499	0.9960	-0.5580	-0.7861	-0.6277	-0.2043	-1.6151	-0.0845	-0.1576	0.6858	0.5239	1.1968	2.0479	-0.4572	0.5924	-0.5464	-0.3077	0.4914	0.6316	0.2280	-0.7054	-0.0440	1.0431	0.5334	-0.4176	-0.2104	0.2267	-0.3668	-0.2539	-0.4375	0.4753	0.3946	0.2004	0.5410	-0.3483	0.3296	-0.0718	0.1456	0.2115	1.3828	0.1627	0.7637	0.4285
g__Lactobacillus	-0.1800	0.7267	0.0901	-0.3192	-1.3628	-0.0507	0.1823	0.6056	-0.4185	-0.3585	-1.3684	0.4487	0.0270	-0.2487	-0.5901	0.2818	-0.4192	0.0215	-1.0276	-0.2032	0.3473	0.1225	-0.2779	-0.9000	0.1815	0.0272	0.2701	0.2878	0.1733	-0.1342	0.1651	-0.4096	-1.0006	-1.0090	0.4003	-0.9645	-0.5144	-1.0683	-0.3823	-0.5729	-0.1768	-0.4350	-1.4067	-0.4760	0.0130	0.6056	0.0493	0.9718	0.3965	-0.5431	0.1389	-0.3151	-1.1840	0.3537	0.1768	-0.0794	-0.3766	-1.9854	0.0430	0.0659	0.3708	-0.6426	0.1126	1.1399	0.2616	1.9875	-0.2530	-0.0822	-0.6145	-0.2581	-0.3095	0.0403	-0.9675	0.1550	0.0960	0.4947	-0.0249	0.2400	-1.4198	-0.1462	-0.4545	2.8939	1.5348	7.1732	0.1646	0.7597	0.4537	0.7640	-0.0317	-0.1630	-0.1980	-0.1153	2.1727	-0.0952	3.3707	0.1126	-0.1648	-1.3065	0.8188	0.2705	-0.0182	0.2255	-0.0722	0.1824	-0.4615	2.3773	-0.6280	-0.5661	-0.3038	0.5268	-0.5694	-0.5291	-0.1889	0.1244	-0.2536	0.9429	0.3187	0.5361	0.0392	-0.7310	-0.7262	0.2884	0.1155	0.0778	-0.3024	0.0401	0.4161	0.4949	0.3906	-0.5425	-0.2920	0.0853	0.4574	-0.5543	-0.0001	1.3898	0.4447	0.6527	-0.6307	0.1845	-0.3451	0.2258	0.6955	0.6187	-0.1233	-0.8263	0.1431
g__Lactococcus	-0.0589	-0.0473	-0.3122	-0.3163	-0.3211	-0.4875	0.1265	-0.2428	0.1892	0.3468	-0.2498	0.3065	-0.1988	-0.3940	-0.4047	0.0514	-0.2470	0.0133	-0.4388	-0.2087	1.4843	-0.1447	-0.6510	-1.3683	0.1186	0.0032	0.1286	0.2481	0.2626	-0.2717	0.4147	-0.2295	-0.7004	-0.5075	-0.6369	0.3496	-0.1996	-0.4952	-0.5174	-0.0271	-0.1511	-0.4855	-0.0099	1.4603	-0.8975	0.8877	0.9079	1.0553	0.0062	0.2672	-0.4756	-0.0014	-0.1689	-0.4855	-0.0077	-0.2507	-0.8240	-0.1254	0.0136	-0.2933	1.0988	-0.8529	0.1436	0.8686	0.0568	0.8094	0.2183	-0.3255	-0.1785	-0.1272	-0.3038	-0.0190	-0.7684	-0.1814	-0.2594	-0.8238	-1.0813	-0.0679	0.5243	-0.2010	-0.0501	0.7420	1.0071	0.1646	4.9885	-0.1529	-0.0909	-0.0574	1.1145	-0.4111	-0.2084	1.2387	0.4090	-0.0172	0.1222	0.2063	-0.0805	-1.1833	0.1953	0.2639	-0.1552	0.2960	0.1621	-0.0240	-0.1988	0.4539	0.1189	0.1986	-0.0639	0.0114	-1.1057	-0.6315	-0.4548	0.2800	0.7523	-0.0954	0.7676	0.1611	0.0293	0.1907	-0.0502	0.2586	-0.1604	-0.1744	-0.7527	0.0068	1.1637	0.2289	0.1398	-0.2781	0.2947	-0.6187	-0.7462	-0.2261	-0.0856	1.0885	0.7008	0.5510	-0.5618	0.1304	-0.1545	-0.1429	-0.2043	0.0854	0.1587	1.7157	0.1594
g__Lactonifactor	-0.0773	0.5347	0.0127	-0.3917	-0.5296	0.1686	0.1710	-0.0354	0.0196	-0.0362	-0.4061	0.1426	0.4403	-0.3511	0.2985	0.2851	-0.1793	0.0199	-0.1346	-0.2179	0.1128	0.0095	-0.3808	-0.3845	-0.2938	0.1514	0.2824	0.0252	0.1583	-0.0138	-0.1089	-0.1030	-0.0083	0.4539	0.0901	-0.2803	0.1305	-0.5206	-0.0611	-0.1684	0.0797	0.2188	-0.0703	-0.4027	0.0725	0.0264	-0.2565	-0.0679	0.2038	-0.1620	-0.1780	0.1719	-0.3341	-0.1341	0.2014	0.0987	0.3914	-0.4682	-0.0731	-0.3065	-0.0628	-0.5073	0.0082	0.1140	0.0398	0.1506	-0.2161	0.2032	0.0610	0.0600	-0.1026	0.1420	-0.1324	-0.4731	-0.0278	0.2357	0.8881	0.1283	-0.6055	-0.1365	-0.1640	0.8770	0.4968	0.7597	-0.1529	2.5299	0.0491	-0.0437	0.1719	0.0016	0.1324	-0.1204	0.1696	-0.1734	0.4793	-0.0763	0.2649	-0.1778	-0.1632	0.0537	0.1005	0.0727	0.0014	0.0215	-0.0789	0.2552	-0.1057	-0.5532	-0.1372	0.1482	0.3707	0.2002	0.1279	-0.0211	-0.0808	0.1350	0.4519	-0.1275	0.0357	-0.1213	-0.2301	0.0500	0.2132	0.1677	-0.7023	0.0120	0.0490	0.2449	0.1642	-0.1779	-0.3360	0.4853	0.0293	-0.1383	0.4457	0.0212	0.1678	-0.0499	0.4542	-0.2640	0.0038	-0.0478	-0.0506	-0.2804	0.1282	0.0729	-0.0441
g__Laedolimicola	0.0887	-0.0687	-0.1808	-0.1471	0.1224	-0.0771	0.1427	0.1565	-0.1970	-0.0686	-0.2171	0.0017	-0.0873	-0.4283	-0.1810	0.0762	-0.0388	-0.0953	-0.0877	-0.1882	-0.3998	-0.0366	-0.5019	-0.2234	0.2304	0.0855	0.0174	0.0196	0.1316	0.0816	0.0327	0.0008	-0.1098	-0.1366	-0.1514	-0.1334	-0.0103	-0.4109	-0.1780	-0.2636	-0.0360	-0.0125	0.0137	0.2591	-0.0591	0.4115	0.0950	0.4450	-0.1192	-0.3047	-0.2010	-0.2004	-0.1388	-0.1791	-0.0025	0.0010	-0.0023	-0.5597	0.0353	0.1574	0.1558	-0.2078	-0.0155	0.4961	0.1479	0.2300	-0.0141	-0.0630	-0.0231	-0.1620	0.2586	0.0096	-0.2161	-0.3044	0.2736	0.0090	-0.0885	0.1036	0.2106	0.0979	-0.3479	0.3999	0.2539	0.4537	-0.0909	0.0491	1.9805	0.1550	0.5888	0.2044	-0.0664	0.3637	-0.0761	-0.0514	0.3265	-0.0569	-0.0033	-0.1890	0.1891	0.0887	0.3599	0.0695	0.0511	0.1735	0.0376	0.0583	-0.0938	-0.2079	-0.4221	0.1323	-0.1171	0.0174	0.0940	0.0093	0.0317	0.1384	0.3523	0.0107	0.0462	0.0705	-0.1244	0.0200	0.1114	0.0135	-0.3401	-0.0364	0.3722	0.0738	-0.0303	-0.2590	-0.2068	-0.1692	-0.3389	0.0411	0.0492	0.2212	0.1894	0.0200	-0.0504	-0.0384	-0.0128	0.2145	0.2267	0.3415	-0.0228	0.2758	-0.1806
g__Lancefieldella	-0.2711	0.3543	-0.1050	-1.5404	-0.3753	-0.4555	0.1978	0.2249	-0.1822	0.1148	-0.8355	0.2708	0.0192	-0.5604	-0.0955	-0.0027	-0.2085	-0.0559	-0.6590	-0.5454	0.3210	-0.0651	-0.1474	-0.5647	0.3910	-0.3215	-0.0884	0.2019	-0.3848	-0.0309	-0.1357	-0.1085	-0.0598	-0.3563	-0.1379	-0.6011	-0.5928	-0.3343	-0.2812	-0.4678	-0.0881	-0.5527	-0.4768	0.4425	-0.4014	0.4605	0.5049	1.2917	-0.0826	-0.8912	-0.0526	-0.4001	-0.6278	0.9480	-0.1008	0.1478	-0.1688	-0.9138	0.0189	-0.1301	0.4277	-0.5563	0.0703	0.9325	0.1994	1.4120	0.5020	0.0429	-0.3830	-0.0737	-0.0548	0.0941	-1.0145	-0.1436	-0.1085	0.3181	0.5984	-0.0318	-0.0761	-0.0345	-0.1268	0.9659	0.2716	0.7640	-0.0574	-0.0437	0.1550	3.3516	0.4531	-0.4588	-0.2813	0.0680	0.2062	-0.4692	1.1712	-0.0545	0.0677	-0.5595	0.7613	0.1724	0.0879	0.2863	0.1056	0.1313	-0.4148	1.8123	-0.4050	-0.3781	-0.6615	-0.0196	0.1106	-0.7812	-0.0225	0.1439	-0.0704	0.6206	-0.1026	0.8015	0.1508	-0.2289	-0.0716	0.1289	0.2101	0.0148	-0.9140	-0.0790	0.5389	0.1705	0.6625	-0.3666	-0.1484	-0.4367	0.3524	-0.3651	-0.2285	0.9128	0.1332	0.5358	0.5464	0.6334	-0.1120	0.0482	0.3645	1.2579	-0.0457	-0.2228	-0.1405
g__Latilactobacillus	-0.2386	0.0595	-0.2628	-1.8658	0.2590	-0.7999	0.2747	0.5175	-0.4261	0.3999	-0.8651	0.2039	-0.1455	-1.7906	-0.0454	-0.0224	0.2487	0.1292	-1.4880	-0.9534	-0.7543	-0.0262	-0.2864	-1.5317	0.4267	0.1210	0.1524	0.3987	-0.0941	0.2843	0.5387	-0.0369	-0.3791	-0.1826	-0.2862	-0.0065	-0.0575	-0.3040	-0.7246	-1.2862	0.0391	-0.4930	-0.6584	1.2308	-0.7184	1.1159	0.6500	1.2792	0.0637	-0.7081	-0.7727	-0.3745	-0.4753	0.1337	0.0791	0.3597	-0.6455	-1.6198	-0.0543	0.0471	1.4449	-1.0206	0.1372	1.8965	0.4723	1.4397	0.2389	0.2457	-0.2029	-0.1438	-0.0177	0.4305	-1.1040	-0.5040	0.1743	-0.1298	-1.3048	0.3267	0.6201	0.1660	-1.3403	1.1168	0.6027	-0.0317	1.1145	0.1719	0.5888	0.4531	6.7122	-0.2143	0.0472	2.7944	0.7502	-0.4974	0.3556	-0.0331	0.1176	-1.5283	0.4948	0.1495	0.8071	0.1527	0.2342	0.4728	-0.0513	1.2184	-0.0066	-1.1916	-0.4128	-0.1895	-1.1628	-0.4227	0.3263	0.2444	-0.4558	1.0158	-0.2949	0.2348	-0.4386	-0.6325	0.3464	0.2826	0.1343	0.0979	-1.3163	0.0825	3.1141	0.3072	-0.4035	-0.2888	-0.1869	-0.7498	-1.1035	0.2242	-0.7419	1.3453	0.7619	0.5214	-0.0095	-0.5275	-0.0283	0.4756	0.1208	0.9545	0.0815	2.7292	-0.0126
g__Lawsonibacter	0.2324	0.1730	-0.0124	-0.1053	-0.0891	0.3423	-0.1460	-0.4169	0.4014	-0.1523	0.2526	-0.0557	-0.1149	0.0683	0.4976	0.0754	-0.0971	-0.1786	1.4193	-0.1005	-0.2207	0.1305	0.3486	0.3500	-0.0147	-0.2175	0.0642	-0.1668	0.4930	-0.1461	0.0880	0.0532	-0.3216	0.2523	0.4471	-0.9222	0.2902	-0.4332	-0.4765	0.0790	-0.2735	0.4387	1.0087	-0.4823	0.6791	-0.2631	0.0159	-0.3511	-0.0439	0.2550	-0.1704	0.4161	-0.1570	0.3223	0.0309	-0.1076	0.8958	-0.2240	-0.0363	0.2169	-0.5076	0.0957	0.0427	-0.6343	0.0735	-1.1584	0.0075	0.1859	0.4210	-0.0064	-0.0163	0.0302	0.4760	-0.4515	0.1290	-0.0461	-0.1784	-0.1530	0.0485	-0.1396	-0.3838	-0.3520	0.5180	-0.1630	-0.4111	0.0016	0.2044	-0.4588	-0.2143	3.6200	0.2512	0.0983	0.1251	-0.2232	-0.2571	-0.0274	0.2961	0.3883	-0.3150	-0.0131	0.2122	-0.0727	0.0242	-0.0832	0.3029	-0.3730	0.4199	-0.1468	-0.0213	-0.2383	0.4889	1.0024	0.0469	0.1024	-0.3248	-0.0933	-0.2823	-0.6616	0.4293	0.8970	-0.3697	0.0088	-0.1450	-0.1187	0.1721	-0.2500	-0.3742	-0.0077	-0.0707	-0.1573	0.2461	0.2800	-0.4676	0.4534	0.6318	-0.5664	-0.5247	-0.2963	0.0369	-0.6739	0.4946	-0.0209	-0.1689	-1.0235	0.1178	0.2597	-0.2537
g__Lentihominibacter	0.2147	-0.2235	0.3964	0.3818	0.3047	0.7664	-0.1749	-0.0680	0.1009	-0.3061	0.3120	-0.1600	0.0590	-0.1314	0.0662	-0.1520	-0.0492	0.1018	0.1659	0.4941	-0.2865	-0.0844	-0.2265	-0.1109	-0.2411	0.0389	0.0992	-0.1166	0.1210	0.1945	-0.0223	0.3187	0.0052	0.2464	0.4307	0.4176	0.3928	-0.3042	0.3816	0.5949	0.2250	0.4045	-0.0703	-0.1145	-0.2170	-0.3816	-0.4502	-0.6743	0.0488	0.3169	0.2798	1.0659	0.2719	-0.8812	0.2528	-0.1886	-0.2016	0.4302	-0.4032	0.4917	-0.3319	0.7058	0.0869	-0.5523	-0.1399	-0.6235	-0.0058	0.1883	0.6074	0.4062	0.1895	0.1364	0.5145	-0.3022	0.1998	-0.2208	-0.2029	0.0394	0.2842	0.1815	0.0427	-0.3689	-0.2588	-0.1980	-0.2084	0.1324	-0.0664	-0.2813	0.0472	0.2512	2.2864	0.0639	-0.1193	0.0968	-0.1222	-0.2400	-0.0454	0.2026	-0.4419	-0.2294	0.0142	-0.3680	-0.1436	-0.1168	0.1643	-0.5713	0.1163	0.0841	0.3298	0.1825	0.0482	0.7081	0.3549	-0.0934	0.0547	-0.4467	-0.5284	-0.5498	-0.1236	0.0408	0.2830	-0.1261	-0.2338	0.0236	0.0234	0.1636	-0.3551	0.0205	-0.7648	0.4187	0.3976	0.1274	0.1444	0.4107	-0.0876	-0.5431	-0.4359	-0.2730	-0.4644	-0.5774	-0.0129	0.0623	-0.3499	-0.5089	0.2569	0.0602	-0.0899
g__Leuconostoc	0.3007	-0.4922	0.0691	-0.5805	0.0183	-0.6303	0.2634	0.0387	-0.3303	0.8304	-0.8750	0.0134	-0.6626	-1.0281	-0.2557	0.0700	-0.2809	0.0091	-1.0460	-0.5527	0.2941	0.0126	-0.6567	-0.6340	0.3547	-0.0312	0.1802	0.3658	-0.2551	-0.0716	0.0996	-0.1254	0.1115	-0.4935	-0.2538	-0.6372	-0.4578	-0.2208	-0.5582	-1.1555	-0.1212	-0.6071	-0.4268	0.7608	-0.1151	0.6040	1.1275	1.7265	0.1331	-0.4074	-0.7600	0.0774	-0.6463	0.1499	0.0877	-0.3094	-0.9000	-1.0738	0.0933	0.1025	1.5007	-1.2239	0.2096	1.7347	0.1507	1.4415	0.2091	0.1783	-0.1409	-0.1758	-0.3825	0.1682	-0.6804	-0.2098	0.1419	-0.2855	-0.3407	0.1865	0.6844	-0.5200	-0.5051	1.3803	0.8482	-0.1153	1.2387	-0.1204	0.3637	0.0680	2.7944	0.0983	0.0639	5.2067	-0.0205	-0.8723	0.2610	-0.0853	0.0568	-2.0207	0.6037	0.1418	0.3109	-0.1835	-0.0556	0.2480	-0.2512	0.2785	-0.2739	-1.1409	-0.4771	0.0658	-0.7977	-0.5732	0.0177	0.2565	0.3205	0.6917	-0.0126	0.1759	-0.4038	-0.8999	-0.1759	0.1920	-0.0391	-0.0597	-0.8631	-0.0013	1.9715	0.3413	-0.1128	-0.2959	0.0803	-0.9187	-0.1789	0.1446	-0.3541	1.5216	0.0850	1.3404	0.3219	0.4452	0.3297	0.2748	0.1143	1.0197	0.1044	3.1873	0.0281
g__Ligilactobacillus	-0.5888	0.4522	0.4436	-1.3618	-1.0483	0.0059	0.0487	-0.7270	-0.8081	-0.0771	-1.0005	0.0904	-0.4238	-0.4441	-0.1803	-0.0828	-0.1811	0.0395	-0.4317	-0.6481	1.5618	-0.0206	1.4591	0.0761	-0.1838	-0.1293	0.4025	0.2951	0.5672	-0.3182	0.9821	-0.2884	-0.3290	-0.8236	0.9428	-1.0191	-0.0057	0.2023	-0.1557	-0.6399	-0.3105	-0.4306	-1.2186	-0.1834	-0.4832	0.5799	1.2956	0.6934	0.4344	-0.3675	-0.1817	0.0347	-0.2678	0.5760	0.3331	-0.1639	0.0876	-1.5752	0.2558	-0.7566	0.0889	-1.0086	0.1028	-0.4710	0.2515	0.9958	-0.3109	0.3791	-0.5578	-0.4286	-0.3706	0.0232	-0.6856	0.2722	-0.2090	-0.1086	-0.5530	0.1235	-1.0059	-0.3904	0.6763	2.0468	0.4879	2.1727	0.4090	0.1696	-0.0761	0.2062	0.7502	0.1251	-0.1193	-0.0205	7.6378	-0.5926	2.0640	0.0276	0.0512	-1.0249	0.4672	0.2118	-0.0661	-0.1721	0.1819	0.0198	-0.3129	1.2359	-0.3399	-1.1330	-0.0453	0.2087	-1.5680	-0.1246	-0.2546	0.1379	-0.5335	0.9110	1.1072	-0.1511	0.0147	-0.0078	-0.0510	0.2673	0.0956	-0.1183	-0.0326	-0.1177	0.8764	0.6219	0.1754	-0.3006	-0.2965	0.1756	0.3797	0.0305	-0.1429	0.9323	1.3786	-0.0240	-0.7778	0.1433	-0.3642	-0.2225	0.0348	0.6476	0.0740	0.0136	0.2442
g__Limivivens	0.1053	0.1110	-0.0417	1.1561	0.9628	0.3240	-0.1323	0.6889	-0.1985	-0.6489	0.9247	0.0236	0.3266	0.4419	-0.3856	-0.2943	0.6801	0.1378	0.4222	1.2845	-0.3239	-0.3999	-0.7037	0.2356	0.1712	0.1989	-0.1053	-0.2710	0.5051	0.1369	0.2160	0.6810	-0.1189	-0.0508	-0.4219	1.6965	1.3043	0.4918	1.1758	1.5651	0.2789	0.3992	0.3071	-0.0158	-0.5953	-0.1827	-1.1065	-0.8432	-0.2595	0.8482	0.7232	-0.0531	1.2819	-1.5882	0.0412	-0.1590	-0.9530	0.6537	-0.4661	0.3669	-0.5224	1.3130	-0.0437	-0.3009	-0.2827	-0.8767	0.0110	-0.1447	0.4714	0.1609	0.5021	-0.0699	0.5053	0.1993	0.2744	-0.9415	-0.8924	-0.0302	-0.1811	0.1925	-0.0410	-0.5295	-0.4424	-0.0952	-0.0172	-0.1734	-0.0514	-0.4692	-0.4974	-0.2232	0.0968	-0.8723	-0.5926	3.2355	-0.6722	-0.4218	-0.2478	0.7819	-0.2127	-0.2015	-0.0785	-0.2250	-0.1289	-0.1879	0.5236	-0.6760	0.5893	1.0290	0.9862	0.1338	-0.1634	0.5079	0.1145	-0.2001	0.0627	-0.3717	-0.5421	-0.2970	-0.1608	0.3893	0.0399	-0.2042	-0.2355	0.1165	1.2680	0.2523	-0.4400	-0.3303	-1.5393	0.4191	0.2857	-0.3092	-0.1289	-0.0839	-0.1839	-0.6729	-0.4666	-0.4687	-1.7944	-0.3641	-0.2085	-0.0194	-0.2167	-1.1291	0.0677	-0.3876	0.2560
g__Limosilactobacillus	-0.4534	0.5167	0.2163	-1.5912	-2.2583	-0.5102	0.4146	0.2867	-0.7157	0.3040	-1.8790	0.5768	-0.4642	0.6700	-0.7573	0.1952	-1.0764	0.1691	-1.5669	-0.4846	1.4631	0.1520	-0.8070	-1.2185	0.1137	-0.0777	0.6158	0.4262	0.2079	-0.0649	0.1886	-0.4508	-0.0547	-0.6871	0.1431	-0.9445	-0.6690	-1.0804	-0.6384	-0.7458	-0.0080	-0.6045	-1.2299	-0.0178	-1.4388	0.8090	0.0100	2.7782	0.5373	-0.6659	0.2799	-0.1268	-1.5125	0.4877	0.3387	-0.1937	-0.8493	-2.6301	0.1233	-0.1120	0.1395	-1.7689	0.3086	0.7927	0.4448	1.9177	0.8540	0.2806	-0.6101	-0.4385	-0.3405	0.3506	-1.7279	-0.1304	-0.0467	0.5214	0.3721	0.2241	-0.1928	-0.6103	-0.3268	3.2378	1.8083	3.3707	0.1222	0.4793	0.3265	1.1712	0.3556	-0.2571	-0.1222	0.2610	2.0640	-0.6722	8.3779	0.2376	-0.0943	-1.5686	1.2690	0.2882	0.3034	0.5963	0.0599	0.4263	-0.5787	2.2656	-0.9430	-0.9953	-0.0933	0.4871	-1.4137	-0.8853	-0.2959	0.4390	-0.0761	0.9705	1.0784	0.3380	-0.1119	-1.0358	-0.3390	0.4810	0.2398	0.1087	-0.9076	0.0319	0.4595	0.9227	0.3081	-0.6419	-0.1025	-0.2686	0.9680	-0.5261	-0.6753	2.0470	0.0981	0.2028	-0.5448	-0.3019	-0.3910	0.3590	0.6796	2.2820	0.4374	-0.0221	0.0331
g__Longicatena	-0.5284	-0.0351	-0.1105	-0.9014	-0.3109	-0.1473	0.1561	-0.4515	0.4279	0.5191	-0.2636	0.0730	0.1178	0.1166	-0.2295	0.3441	-0.2123	0.0272	-0.4785	-0.3332	0.7751	0.1375	0.1679	0.3280	-0.2533	-0.0725	-0.0575	0.1551	-0.1837	-0.1134	-0.2687	-0.3155	0.3390	-0.1627	-0.0056	0.9599	-0.5302	0.4427	0.0762	0.4851	-0.0356	-0.4324	0.6480	-0.1606	0.1940	0.0115	0.3227	0.9748	-0.0664	0.0721	-0.2983	-0.4346	-0.5984	0.5797	-0.0304	0.4952	-0.1394	-0.3986	0.7174	-0.3593	0.4249	-0.8397	0.0221	0.3057	0.1125	-0.3984	-0.0478	-0.0075	-0.2747	-0.2143	-0.4219	0.0372	-0.3767	0.0728	-0.2813	0.0635	0.0360	0.0761	-0.3707	0.2009	-0.6573	0.2099	0.2931	0.1126	0.2063	-0.0763	-0.0569	-0.0545	-0.0331	-0.0274	-0.2400	-0.0853	0.0276	-0.4218	0.2376	3.3867	0.2314	-0.3238	0.0962	0.1228	-0.0712	0.4602	0.0744	0.3397	-0.3475	-0.1690	-0.4045	0.3035	0.2544	-0.1648	-0.4090	-0.4994	-0.1898	0.0418	0.2298	0.1679	0.8769	0.6104	0.0191	0.2554	-0.5607	0.1163	0.1708	-0.0399	0.0881	-0.0648	0.0720	0.1321	0.8919	-0.3207	-0.2928	0.1529	-0.3951	-0.0615	0.0661	0.1052	0.1901	0.1566	0.8790	0.0190	0.1454	0.0104	0.2688	-0.2099	-0.0277	0.1225	0.0391
g__Massilioclostridium	-0.3547	0.3444	-0.0014	-0.3262	-0.2574	-0.2460	0.1274	-0.4254	0.2242	0.3654	0.1754	0.3159	0.0194	-0.3405	0.3805	0.0154	-0.0457	-0.0178	-0.0117	-0.0577	0.4585	0.1050	0.0437	0.1061	-0.0547	-0.1136	-0.0598	0.0018	0.1428	-0.3188	-0.2137	-0.3297	-0.2132	0.2282	0.3115	-0.6522	-0.1170	-0.2499	-0.6276	-0.4107	-0.2257	0.0298	0.5717	-0.4438	-0.1460	0.0827	-0.0529	0.2222	0.0432	0.0188	-0.6025	0.0833	-0.0471	0.6202	0.0631	0.1726	0.1812	0.2958	0.2677	-0.0851	0.1573	-0.5075	0.2050	0.1818	0.0274	-0.5313	-0.3233	0.0981	-0.0257	0.1072	-0.5300	-0.0126	0.2238	-0.3539	-0.1578	-0.0687	0.2074	-0.0459	-0.3608	0.2367	-0.6127	0.2867	0.4803	-0.1648	-0.0805	0.2649	-0.0033	0.0677	0.1176	0.2961	-0.0454	0.0568	0.0512	-0.2478	-0.0943	0.2314	2.5691	0.1558	0.0386	0.2077	0.1117	0.1790	-0.0214	0.0193	-0.2188	-0.1017	0.0972	-0.3973	-0.1268	-0.2501	0.0489	0.2703	-0.2267	0.4662	-0.1116	0.3520	0.9935	-0.1098	0.1060	-0.6142	-0.5135	0.1464	0.1766	-0.0712	-0.2728	-0.2563	-0.1104	0.1103	0.6956	-0.2268	0.2391	-0.0307	-0.5317	0.5003	0.6800	0.0144	-0.3321	0.1862	0.2918	-0.1510	0.6185	-0.1901	0.1207	-0.3400	-0.0763	0.1504	-0.1461
g__Mediterraneibacter	0.0815	-0.2453	-0.1799	0.8217	1.1902	1.0594	-0.6495	0.9396	0.1471	-0.6523	3.2204	-0.4443	0.0322	0.9850	0.8774	-0.4713	0.0976	-0.2004	3.1918	1.0467	0.0206	-0.0139	0.8601	1.1702	-0.0220	-0.3758	-0.3910	-0.6192	0.0755	-0.0076	-0.5263	0.2027	-1.0905	0.5593	-0.0012	0.8479	0.6284	1.1794	1.7297	1.9666	-0.0485	1.7809	0.7558	-0.6046	0.8152	-0.2157	-1.6743	-1.9566	-0.4292	0.0763	1.1196	0.1693	2.7111	-0.6816	-0.2704	-0.7488	0.8980	2.3680	0.2694	0.4274	-0.9296	1.8673	-0.3611	-1.5784	-0.4868	-2.3556	-0.2813	-0.3444	0.8546	0.3220	0.6726	-0.1819	1.8604	-0.0337	0.1390	-0.8103	-1.3111	-0.3469	0.2434	0.9202	-0.4558	-1.6800	-1.1505	-1.3065	-1.1833	-0.1778	-0.1890	-0.5595	-1.5283	0.3883	0.2026	-2.0207	-1.0249	0.7819	-1.5686	-0.3238	0.1558	8.4720	-0.4879	-0.3917	-0.2979	-0.4349	-0.0291	-0.5524	0.8321	-1.7476	0.6019	1.9308	0.7904	-0.0401	0.9637	2.9925	0.1746	-0.5090	-0.2465	-0.5460	-0.2775	-0.6867	0.0568	1.8800	0.6249	-0.6423	-0.5407	-0.1759	0.7533	-0.3221	-1.4097	-0.5870	-1.5413	0.8050	-0.4397	0.8513	-1.3642	-0.1265	0.3491	-1.3121	-0.1235	-1.2620	-0.6383	-0.3515	-0.2365	-0.1012	-0.2934	-1.7349	0.0542	-1.7695	-0.4463
g__Megamonas	-0.5048	-0.0029	-0.0877	-0.3269	-0.3418	-0.4196	0.1891	0.1874	-0.3807	0.6146	-0.4020	0.0169	-0.1369	-0.1476	-0.2255	0.0121	-0.2476	-0.1151	-0.0534	0.0217	0.3622	0.1542	-0.4293	0.1677	0.6823	-0.1568	0.1454	0.1711	-0.2478	-0.0913	-0.4644	-0.1276	-0.1946	-0.2737	0.0136	0.5451	-0.4933	-0.0445	-0.0932	0.3843	-0.1434	-0.5241	0.0377	0.2625	-0.1010	0.5497	-0.3131	0.2283	0.0112	-0.2466	0.1610	-0.2262	-0.2041	0.6079	-0.0708	0.0331	-0.1596	-1.3546	0.5957	-0.0691	0.1957	-0.8331	0.0375	0.6438	0.0523	0.8129	0.2628	0.0901	-0.6909	-0.3606	-0.2476	-0.0182	-0.8779	-0.1328	-0.1285	0.1407	0.0316	-0.0855	-0.3696	-0.4328	-0.8712	0.5381	-0.1424	0.8188	0.1953	-0.1632	0.1891	0.7613	0.4948	-0.3150	-0.4419	0.6037	0.4672	-0.2127	1.2690	0.0962	0.0386	-0.4879	3.8826	0.1271	0.0821	-0.0066	-0.0690	0.0679	-0.5740	-0.0070	-0.5419	0.1014	-0.4722	0.2144	-0.0593	-0.2851	-0.3551	0.0379	-0.0403	0.6064	0.4411	0.5545	0.4263	0.3444	-0.3806	0.1108	0.1870	-0.0258	-0.8980	-0.1392	0.6056	0.3053	0.3448	-0.3670	-0.3698	-0.0435	-0.1456	-0.0542	-0.2295	1.1114	-0.3437	0.1053	0.0469	0.3531	0.1515	0.0628	0.7527	0.3229	-0.2116	0.6611	-0.0625
g__Merdibacter	-0.0633	0.7215	-0.1353	-0.5142	-0.3119	-0.4324	0.1445	-0.2844	0.2192	0.0787	-0.5608	0.2381	0.4278	-0.4829	0.3050	0.2245	-0.5258	0.0167	-0.3761	-0.2679	0.2567	0.1064	0.1459	-0.2406	-0.1097	-0.0257	0.0005	0.1449	-0.1270	-0.0157	-0.0605	-0.2457	-0.1071	0.2609	0.2471	-0.5173	-0.3720	0.0618	-0.4216	-0.5247	-0.0703	-0.3427	-0.1039	-0.0088	-0.1455	0.1373	0.5021	0.4162	0.1682	-0.2953	-0.3468	-0.2562	-0.7104	0.6129	-0.0633	0.2293	0.0401	-0.3975	0.1617	-0.2084	0.3137	-0.5924	0.0318	0.1710	0.1968	0.2533	-0.0539	0.0150	-0.3468	0.0522	-0.2948	0.0662	-0.3025	0.1264	-0.2147	0.1946	0.1109	0.0067	-0.3719	-0.2439	-0.1868	0.5891	0.2729	0.2705	0.2639	0.0537	0.0887	0.1724	0.1495	-0.0131	-0.2294	0.1418	0.2118	-0.2015	0.2882	0.1228	0.2077	-0.3917	0.1271	1.9445	0.0562	0.2141	0.3566	0.0574	0.0071	0.2848	0.1370	-0.4275	-0.4363	-0.1107	-0.1478	-0.4357	-0.1388	0.2045	0.1754	0.2499	0.4756	0.0050	0.1530	-0.4566	-0.2910	0.1837	0.0995	-0.0298	-0.7638	-0.1000	0.2500	0.1709	0.4044	-0.2347	-0.0366	0.0208	-0.0216	-0.0757	0.3516	0.2804	0.0155	0.0720	0.6633	0.3077	-0.0791	-0.0929	0.1119	0.4262	-0.0654	0.3901	0.0186
g__Merdimmobilis	0.1397	0.0671	-0.0915	-0.6185	0.0133	-0.3471	0.1518	-0.0145	-0.2150	0.0084	-0.5330	-0.0227	0.0112	-0.1873	-0.0362	-0.0627	0.1163	0.0344	-0.1734	-0.3104	-1.0440	-0.0813	0.4323	-0.0038	0.0427	0.0774	0.0442	-0.0030	0.1086	0.2142	-0.0054	0.1955	0.1295	-0.0982	0.0170	-0.5250	0.2013	-0.1186	-0.4187	-0.3531	0.1696	-0.0376	-0.2373	0.2570	0.2665	0.0135	-0.1609	-0.2279	-0.0541	-0.0073	-0.3241	-0.1679	-0.2791	0.6300	0.0588	0.0851	0.0328	-0.8814	0.0458	0.0766	0.1303	-0.4321	-0.1043	0.3074	0.2739	-0.1265	-0.0514	0.1104	0.1232	-0.0805	0.3406	0.1636	-0.3195	-0.5563	0.4062	0.1201	0.0498	0.2049	0.3026	0.3913	-0.5070	0.3542	-0.0260	-0.0182	-0.1552	0.1005	0.3599	0.0879	0.8071	0.2122	0.0142	0.3109	-0.0661	-0.0785	0.3034	-0.0712	0.1117	-0.2979	0.0821	0.0562	2.5400	-0.0128	0.1024	0.2800	0.2145	0.1432	-0.0190	-0.2985	-0.2074	-0.0760	0.3853	0.1104	0.2414	-0.0089	-0.0833	-0.0048	0.3845	-0.1695	-0.1480	0.0345	0.0565	0.0755	0.2000	0.0580	-0.4906	0.0674	0.1837	0.0631	0.2137	0.0478	-0.2197	-0.0572	-0.2897	0.0929	-0.2870	0.0852	0.2598	0.0185	0.0701	-0.2947	-0.0417	0.3231	0.1043	0.0485	-0.1196	0.3565	-0.0487
g__Merdimonas	-0.1549	0.6149	-0.2571	-1.0524	-0.5487	-0.2851	0.1441	0.0234	0.6142	0.0216	-0.7126	0.4540	0.5132	-0.6859	0.1078	0.6922	-0.0852	-0.0021	-0.5399	-0.5513	-0.4003	0.2403	0.0700	-0.4472	-0.0879	-0.1296	-0.0143	0.0271	0.0637	-0.2634	-0.0899	-0.4069	-0.0029	-0.0144	0.2078	-0.8733	-0.3278	0.4721	-0.9122	-0.4997	-0.2044	-0.5570	-0.5449	0.1073	0.5283	0.2243	0.3889	1.3823	-0.0227	-0.1024	-0.5355	-0.4439	-1.2091	1.0570	-0.1567	0.2885	0.9135	-0.3353	0.3100	-0.2978	0.1591	-0.7582	-0.0145	0.3058	0.1339	0.1635	-0.1274	-0.0499	-0.4004	0.1388	-0.2841	-0.0523	-0.5984	0.1989	-0.1772	1.0369	0.0370	-0.0071	0.0391	0.0962	-0.5149	0.1596	0.1840	0.2255	0.2960	0.0727	0.0695	0.2863	0.1527	-0.0727	-0.3680	-0.1835	-0.1721	-0.2250	0.5963	0.4602	0.1790	-0.4349	-0.0066	0.2141	-0.0128	3.0547	0.4326	0.2783	0.0608	0.2002	0.0533	-0.1198	0.1795	-0.2901	0.3089	-0.6713	-0.2633	0.0899	-0.1748	0.0760	0.4800	0.7061	-0.2637	-0.2834	-0.3067	0.1218	0.1606	0.0416	-0.2114	-0.1687	0.1145	-0.0022	0.8759	-0.3647	-0.1459	0.5408	0.1815	-0.2074	-0.0876	0.0612	-0.0622	0.0944	1.0269	0.1372	0.2627	-0.1169	0.0298	0.6373	-0.0889	-0.0943	0.0262
g__Merdivicinus	0.1580	0.9170	-0.0903	-0.6276	0.0128	-0.2004	0.1028	-0.2110	0.3950	0.0603	-0.4002	0.2267	0.6875	-0.4870	0.4296	0.2597	-0.1217	0.0668	-0.4106	-0.1061	0.1168	0.1534	-0.2881	-0.1411	-0.1670	0.3137	0.0313	0.0460	-0.0628	-0.0464	-0.2944	-0.1724	-0.0682	0.4265	0.2836	-0.2623	-0.1760	0.1002	-0.2882	-0.4756	0.0445	-0.5286	-0.2940	0.0666	-0.3037	-0.0679	0.6195	0.6451	-0.1302	-0.3790	-0.3848	-0.2474	-0.6172	0.7707	0.0369	0.1054	-0.0965	0.1574	0.2268	-0.2655	0.3722	-0.7629	-0.0192	0.3176	0.2820	-0.0847	-0.2043	-0.0581	-0.1328	0.2160	-0.0296	0.0020	-0.2047	0.4403	-0.1623	0.1832	0.2583	0.0244	-0.3409	-0.0617	-0.3130	0.1853	0.0203	-0.0722	0.1621	0.0014	0.0511	0.1056	0.2342	0.0242	-0.1436	-0.0556	0.1819	-0.1289	0.0599	0.0744	-0.0214	-0.0291	-0.0690	0.3566	0.1024	0.4326	2.6355	0.0722	0.2778	0.1581	0.5409	-0.6050	-0.4881	-0.0415	-0.1851	-0.7870	-0.1098	0.0281	0.0420	-0.0129	0.1303	-0.0126	0.1537	-0.3247	-0.0949	0.0887	-0.0097	0.1005	-0.4922	0.0126	0.1800	0.0049	0.1146	-0.0145	-0.1262	0.0573	0.3484	-0.2401	0.4699	-0.1000	-0.1188	-0.0152	0.6172	0.2301	-0.2331	-0.1024	-0.0230	0.4316	0.0124	0.1662	-0.0058
g__Muricomes	-0.0986	0.0318	-0.0205	-0.4822	-0.4691	-0.1292	0.1114	-0.0559	0.0291	0.1299	-0.7879	-0.0001	0.2722	-0.3260	-0.3313	0.1451	0.0022	0.1013	-0.6486	-0.2434	-0.1178	0.0806	0.0062	-0.1771	-0.1039	0.0718	-0.0740	0.0321	-0.2382	0.2181	0.0315	-0.0080	0.0763	-0.1763	-0.1928	0.0888	-0.0532	-0.1133	-0.4386	-0.6040	0.0491	-0.3465	0.0486	0.4499	-0.1743	0.1622	0.1393	0.9558	-0.0419	-0.0877	-0.4546	-0.4151	-0.3736	0.0339	0.0477	0.2584	-0.0367	-0.4059	-0.0215	-0.0592	0.1684	-0.7061	-0.0022	0.1950	0.2570	0.1013	-0.0405	0.0542	-0.2004	-0.1418	-0.0763	0.1380	-0.4812	0.1776	0.0609	0.3061	0.5026	0.1554	0.3777	0.2096	-0.3109	0.1517	0.2085	0.1824	-0.0240	0.0215	0.1735	0.1313	0.4728	-0.0832	-0.1168	0.2480	0.0198	-0.1879	0.4263	0.3397	0.0193	-0.5524	0.0679	0.0574	0.2800	0.2783	0.0722	2.0468	-0.1631	0.2847	-0.3874	-0.2548	0.1595	-0.2640	-0.1462	-0.1326	0.0817	0.1776	-0.1784	0.1123	0.6465	0.0845	-0.0827	-0.2891	-0.0164	0.0513	0.0410	0.0449	-0.0108	-0.0520	0.1491	0.0850	0.1934	-0.1753	-0.1386	0.1155	0.0229	0.0581	-0.0601	0.0041	0.2858	0.1739	0.2729	0.0215	0.0973	0.2714	0.0381	0.4524	-0.1719	0.1391	0.0356
g__Murimonas	0.6259	0.0736	-0.1133	0.0755	0.6942	0.3396	-0.1430	0.1315	0.1725	-0.4817	0.8009	-0.0895	0.1361	-0.3135	0.2884	-0.1908	0.4109	0.1736	0.5102	0.3678	-0.7285	-0.2004	-0.4633	0.0552	-0.0872	0.1259	0.0459	-0.1986	0.1820	0.2928	0.0365	0.4701	0.4791	0.0555	0.1877	-0.0866	0.5613	0.0941	0.0430	0.2567	0.3838	0.2572	-0.1566	0.2547	-0.0354	-0.2321	-0.4280	-0.8406	-0.2435	0.4008	0.3851	0.1012	0.2031	-0.7438	-0.1038	-0.2835	-0.1075	0.4897	-0.2235	0.2177	-0.4247	0.7225	-0.1191	-0.5831	0.1251	-0.7270	0.1770	-0.1436	0.5085	0.2756	0.7189	0.0361	0.6003	0.2837	0.3030	-0.2939	-0.5990	0.1016	0.0455	0.5819	0.2903	-0.4534	-0.3499	-0.4615	-0.1988	-0.0789	0.0376	-0.4148	-0.0513	0.3029	0.1643	-0.2512	-0.3129	0.5236	-0.5787	-0.3475	-0.2188	0.8321	-0.5740	0.0071	0.2145	0.0608	0.2778	-0.1631	2.5546	-0.4721	0.8164	0.3966	0.3844	0.1300	0.2137	0.3302	0.2896	-0.2331	-0.2281	-0.5273	-0.5100	-0.6078	-0.4680	0.4155	0.6352	-0.1456	-0.2635	0.1484	0.1379	0.3233	-0.2900	-0.3415	-1.1787	0.5890	-0.0271	0.4005	0.5004	-0.0171	-0.0217	-0.6205	-0.3374	-0.4272	-0.8667	-0.3963	-0.1143	0.0429	-0.4069	-0.5199	0.0999	-0.0652	-0.0622
g__Nanosynbacter	0.1385	0.1354	-0.0553	-2.2975	-1.4729	-1.4192	0.5175	-0.1224	-0.2560	-0.2141	-2.4237	0.3406	-0.4101	-0.4887	-0.8768	0.0897	-0.6654	0.2924	-2.8261	-1.1450	1.1643	0.0833	1.2685	-1.8780	0.3139	-0.0618	0.2674	0.5795	-0.3301	0.0300	0.6279	-0.1429	2.1675	-1.4888	-0.5705	-2.9944	-0.7316	-0.9302	-1.3465	-2.3161	0.1230	-1.6704	-1.9141	1.9242	-1.2273	1.8695	1.8667	2.3728	0.2868	-1.5996	-0.6655	-0.6990	-2.8646	3.3632	-0.1129	0.5133	-1.4163	-2.2608	0.0439	-0.4916	1.0160	-1.3686	0.1372	1.2261	0.3786	4.4622	-0.0034	-0.2305	-0.4758	-0.1206	-0.6455	0.2255	-2.0638	-0.1694	-0.0801	0.0958	2.0537	0.3459	1.6271	-0.0081	0.7969	2.7282	0.9960	2.3773	0.4539	0.2552	0.0583	1.8123	1.2184	-0.3730	-0.5713	0.2785	1.2359	-0.6760	2.2656	-0.1690	-0.1017	-1.7476	-0.0070	0.2848	0.1432	0.2002	0.1581	0.2847	-0.4721	10.9306	-0.9262	-1.7381	-0.7275	0.0867	-0.5038	-2.4943	-0.2347	0.1872	-0.2321	0.3473	0.5662	0.6419	0.2014	-2.1087	-0.5318	0.5328	0.2278	0.0628	-0.5014	0.2024	0.6799	0.3364	1.3670	-0.2206	-0.4305	-1.5228	2.3942	-0.3153	-1.0029	2.4060	0.4009	0.9423	0.9468	1.5591	-0.4912	0.1188	0.5525	4.1604	-0.0803	-0.0516	0.4806
g__Negativibacillus	0.5964	0.6530	-0.1436	0.3185	1.1481	0.2410	-0.0235	-0.1222	0.2695	-0.6112	0.9894	-0.0609	0.6251	-0.1357	0.8489	-0.1094	0.4885	-0.2044	0.5117	0.7580	-0.1827	0.0705	-0.0125	0.4467	-0.0189	0.1074	-0.0057	-0.2462	0.5184	-0.3217	-0.1782	0.0187	-0.2706	0.1980	0.5105	0.3565	0.3414	0.2367	-0.1507	0.0839	0.0260	0.3673	-0.1118	-0.5984	-0.1699	-0.4023	-0.6279	-1.1867	-0.1666	0.5002	-0.1037	0.5639	0.5960	-0.4435	-0.0431	-0.2643	0.3933	0.6121	-0.1899	0.0765	-0.1140	1.0971	0.0638	-0.4739	-0.1258	-1.1042	0.1876	-0.0259	0.5483	0.0568	0.2706	-0.2226	0.9509	0.4203	0.0438	-0.5982	-0.9081	-0.2285	-0.3648	0.1401	0.0155	-0.4069	-0.5580	-0.6280	0.1189	-0.1057	-0.0938	-0.4050	-0.0066	0.4199	0.1163	-0.2739	-0.3399	0.5893	-0.9430	-0.4045	0.0972	0.6019	-0.5419	0.1370	-0.0190	0.0533	0.5409	-0.3874	0.8164	-0.9262	3.3345	0.5004	-0.0284	0.2168	0.1048	0.2328	-0.1514	-0.1238	0.1867	-0.5037	-0.2407	-0.3877	-0.2153	0.1036	0.4890	-0.1402	-0.3066	-0.0351	0.0347	-0.0442	0.1869	-0.3066	-0.8175	0.3042	0.5290	0.0693	0.7278	0.0566	0.2016	-0.7470	-0.2946	-0.2441	-0.5453	-0.3531	0.0532	-0.3837	-0.3891	-0.7988	0.1920	0.0850	-0.2887
g__Odoribacter	-0.4813	-0.6789	0.2407	0.6228	1.9048	0.7260	-0.3479	0.4979	0.1748	-0.6432	2.0578	-0.1931	-0.3466	0.8069	0.5474	-0.4648	0.7815	0.0395	1.4654	0.7138	-0.2645	-0.1204	-0.7211	0.3859	0.5432	-0.3844	-0.3450	-0.2162	0.2979	0.2824	-0.0791	0.3500	-1.4256	-0.6208	-0.0804	2.3820	0.8600	-0.7481	2.2265	2.6562	0.0352	1.0956	0.4356	0.6255	-0.1024	-0.2225	-1.9398	-0.6167	-0.4143	1.1097	1.5233	0.1946	2.0930	-2.8987	-0.2968	0.2426	-0.2809	1.0982	-0.3595	0.5657	-0.4506	2.1920	-0.0337	-0.5892	-0.4275	-1.5482	0.7347	0.1759	0.4993	0.1140	0.8967	0.1281	0.4482	0.5217	0.0913	-0.7411	-2.7277	-0.2100	0.2459	0.5331	-1.3996	-1.0893	-0.7861	-0.5661	0.1986	-0.5532	-0.2079	-0.3781	-1.1916	-0.1468	0.0841	-1.1409	-1.1330	1.0290	-0.9953	0.3035	-0.3973	1.9308	0.1014	-0.4275	-0.2985	-0.1198	-0.6050	-0.2548	0.3966	-1.7381	0.5004	7.2045	2.0832	0.2008	0.6443	1.1676	0.1806	-0.1704	1.4659	-0.0099	-0.5143	0.3857	0.3736	1.7036	0.1957	-0.1822	0.2076	0.0243	-0.2364	-0.0488	-0.9911	-0.5334	-2.9059	0.5631	0.2258	0.5115	-1.6815	-0.0623	-0.6333	-0.7255	-0.4782	-0.5914	-2.9336	-0.4471	0.6843	-0.0258	0.1955	-2.5602	0.0973	-0.2213	0.0964
g__Oliverpabstia	-0.0648	-0.2463	0.6111	0.4974	0.8479	0.5481	-0.3469	0.1912	0.3449	-0.5030	1.0814	-0.2817	0.2565	1.2431	-0.1554	-0.2613	0.9550	0.1662	-0.0207	0.0105	0.3104	-0.1803	0.0915	0.5050	-0.1383	-0.0878	0.0382	-0.2950	0.4577	0.2106	-0.0216	0.6726	0.4643	-0.5682	-0.2539	1.4634	1.6274	-0.2529	1.5966	1.1502	0.2206	0.3118	0.0916	0.0994	-0.7905	-0.3080	-0.8808	-0.8228	-0.0490	0.9102	0.6480	0.2602	1.1133	-2.0971	0.1323	-0.2278	-0.5978	1.1042	-0.4527	0.1685	-0.3678	1.0517	-0.1522	-0.6910	-0.2566	-1.1914	0.2214	-0.1832	0.7791	-0.0797	0.3354	0.1600	0.5454	0.8124	0.1496	-0.6806	-0.6934	0.0836	-0.0218	0.6065	0.0544	-0.5792	-0.6277	-0.3038	-0.0639	-0.1372	-0.4221	-0.6615	-0.4128	-0.0213	0.3298	-0.4771	-0.0453	0.9862	-0.0933	0.2544	-0.1268	0.7904	-0.4722	-0.4363	-0.2074	0.1795	-0.4881	0.1595	0.3844	-0.7275	-0.0284	2.0832	4.8048	0.1417	-0.3354	0.1206	0.3521	-0.1197	-0.4899	-0.5955	-1.0406	-0.2635	-0.7300	0.0693	-0.2801	-0.1220	-0.4429	-0.2091	1.2477	0.0731	-1.1365	-0.0876	-1.4048	0.2199	-0.1600	0.5937	-0.4781	0.3026	-0.9516	-0.5204	-0.1651	0.2940	-1.3302	0.1954	0.0488	-0.0820	-0.4942	-1.4129	0.2983	-0.0704	0.0238
g__Onthenecus	0.2248	0.0002	0.2437	0.0283	0.1399	0.3829	0.1231	0.0823	-0.4349	-0.1749	0.2147	0.0508	-0.0286	-0.2413	-0.2942	-0.0907	-0.0367	0.1041	-0.1534	0.2376	-0.0097	-0.0909	-0.9944	0.0757	0.0781	0.2048	0.4947	0.0852	0.1240	0.0405	0.0359	0.1992	-0.0196	-0.0197	0.0070	0.9300	0.1999	-0.9051	0.6688	0.2458	0.3006	0.2698	-0.2289	-0.2689	-0.6777	-0.0218	-0.1457	-0.2724	0.0875	0.0541	0.5963	0.5169	0.0614	-0.8947	0.0536	-0.2185	-0.6731	-0.2507	-0.1360	0.0108	-0.0763	0.3335	-0.0222	0.1406	-0.1566	0.0852	0.2306	-0.0465	0.0253	0.0445	0.3775	-0.0752	0.0071	-0.0109	0.0874	-0.4954	-0.6327	0.0285	-0.6541	-0.1662	-0.2070	0.1889	-0.2043	0.5268	0.0114	0.1482	0.1323	-0.0196	-0.1895	-0.2383	0.1825	0.0658	0.2087	0.1338	0.4871	-0.1648	-0.2501	-0.0401	0.2144	-0.1107	-0.0760	-0.2901	-0.0415	-0.2640	0.1300	0.0867	0.2168	0.2008	0.1417	2.6240	-0.4809	0.1585	0.1179	-0.1672	0.0682	-0.0258	-0.3475	0.0983	-0.0185	0.0588	0.1683	0.0049	-0.0608	0.0867	-0.1874	0.3683	-0.0134	0.2359	-0.7388	0.2327	-0.0418	-0.2043	0.5896	0.0443	0.1824	0.2077	-0.1672	0.0516	-0.3789	-0.2030	-0.4471	0.0147	0.2143	0.0062	0.3785	-0.3270	-0.0911
g__Otoolea	0.3504	0.0933	-0.3330	0.6324	0.4475	0.7221	-0.0992	0.0263	0.7157	-0.1238	0.8503	-0.3049	0.8684	1.2493	1.0215	0.5559	-0.0203	-0.2902	1.5819	0.1359	-2.4769	0.2457	2.8810	1.3897	0.3326	-0.6105	-0.5072	-0.4477	-0.2018	-0.0693	-0.3204	0.0314	-0.8895	0.8272	0.1190	-1.5417	-0.6968	0.3549	-0.1975	-0.1900	-0.1237	0.5172	0.6437	-0.1142	4.5512	-1.2588	-1.5400	-1.9491	-0.1281	0.0313	0.2733	0.3636	-0.1487	1.9537	-0.3489	-0.0762	2.9552	1.9102	0.0926	0.4294	-1.1172	0.2523	-0.2108	-1.1062	-0.1722	-1.3533	-0.6162	0.0608	0.2311	0.0047	0.3779	-0.2846	0.9190	0.4096	0.1284	2.2439	0.1624	-0.2893	0.6704	0.4980	0.8204	-2.1294	-1.6151	-0.5694	-1.1057	0.3707	-0.1171	0.1106	-1.1628	0.4889	0.0482	-0.7977	-1.5680	-0.1634	-1.4137	-0.4090	0.0489	0.9637	-0.0593	-0.1478	0.3853	0.3089	-0.1851	-0.1462	0.2137	-0.5038	0.1048	0.6443	-0.3354	-0.4809	7.8324	0.9149	0.0903	-0.2477	0.0072	-0.9180	-1.5424	-0.4505	0.2253	0.2831	-0.5134	-0.4262	0.2753	-0.2245	-0.1422	-0.5956	-1.5162	-0.6780	2.5263	0.3239	-0.0428	1.9799	-0.8587	0.2619	0.5248	-0.8978	-0.0595	-0.8164	1.8481	-0.9367	0.7396	-0.0708	-0.0350	-1.6502	-0.3861	-0.5040	-0.3518
g__Parabacteroides	0.1832	-0.6176	0.2656	0.8895	0.8736	1.4543	-0.4704	0.6803	0.2360	-0.5377	1.3728	-0.4116	-0.6096	0.3187	0.3240	-0.5210	0.2723	-0.1884	3.5591	1.0019	-0.6697	-0.3247	-0.3514	1.0518	0.2641	-0.3607	-0.0666	-0.3129	0.2701	0.2057	0.4883	0.4775	-1.2768	0.4105	-0.0439	1.4312	0.6497	-0.4768	0.9990	1.3594	-0.0604	2.1263	1.3503	-0.3094	0.8802	-0.8881	-1.4785	-2.0343	-0.0159	0.7056	0.6933	0.6976	2.6523	-2.1977	0.1188	-0.5871	0.8749	0.6924	-0.2473	0.9109	-1.3226	1.3895	-0.1154	-1.5931	-0.3402	-2.5543	-0.2183	0.2839	0.6096	0.2140	0.8067	0.0435	0.9863	-0.7449	0.4825	-0.7772	-0.6500	-0.1126	0.7275	0.6509	-0.4736	-1.2909	-0.0845	-0.5291	-0.6315	0.2002	0.0174	-0.7812	-0.4227	1.0024	0.7081	-0.5732	-0.1246	0.5079	-0.8853	-0.4994	0.2703	2.9925	-0.2851	-0.4357	0.1104	-0.6713	-0.7870	-0.1326	0.3302	-2.4943	0.2328	1.1676	0.1206	0.1585	0.9149	6.0333	0.5011	-0.1264	-0.1489	-0.2103	0.4592	-1.3177	0.4775	2.3968	0.6499	-0.4035	-0.1659	-0.1547	0.5727	-0.1167	-1.0086	-0.1924	-1.5535	0.5542	0.0606	0.6191	-1.4460	0.8677	0.2354	-1.6615	-0.5220	-1.1713	-1.4584	-1.4895	0.2623	0.1948	-0.4132	-2.3579	0.0858	-0.1090	-0.3219
g__Paraprevotella	0.2989	-0.3300	0.1043	0.1981	0.4893	0.1265	-0.0722	0.1890	-0.2036	-0.3451	0.3404	-0.1765	0.1245	-0.2475	-0.2367	-0.2102	0.5721	0.1667	-0.0830	0.2253	-0.4804	-0.1546	-0.6001	-0.1603	0.0812	0.2648	0.0463	-0.0747	-0.0404	0.5365	0.4647	0.5712	-0.0039	-0.2184	-0.1549	0.6804	0.5609	-0.7027	0.6871	0.5899	0.3871	0.2047	-0.3785	0.5362	-0.0457	-0.3668	-0.3239	-0.2930	-0.0332	-0.0703	0.2824	0.1515	0.3048	-1.0594	0.0278	-0.0517	-0.4438	0.1865	-0.2360	0.1304	-0.2479	0.6009	-0.0821	-0.2789	0.0235	-0.4222	0.1146	-0.1061	0.6268	0.2315	0.4979	0.3506	0.2009	-0.0470	0.5490	-0.3034	-0.1631	0.2507	0.4117	0.5733	-0.1787	-0.3802	-0.1576	-0.1889	-0.4548	0.1279	0.0940	-0.0225	0.3263	0.0469	0.3549	0.0177	-0.2546	0.1145	-0.2959	-0.1898	-0.2267	0.1746	-0.3551	-0.1388	0.2414	-0.2633	-0.1098	0.0817	0.2896	-0.2347	-0.1514	0.1806	0.3521	0.1179	0.0903	0.5011	2.4805	-0.2489	-0.1497	-0.2420	-0.3033	-0.5225	-0.1522	0.3071	0.7695	-0.0449	-0.1762	0.0652	0.0498	0.3303	-0.0563	-0.1613	-0.6859	0.3469	-0.3062	0.1338	-0.0909	0.1683	-0.4272	-0.5847	0.0187	-0.4094	-0.4673	-0.6283	-0.0603	0.3773	-0.2866	-0.0841	-0.1689	-0.2455	0.1964
g__Pararoseburia	-0.2554	0.0246	-0.1112	-0.2839	-0.3426	-0.4500	0.1466	-0.2751	-0.0124	0.4159	-0.6344	0.1564	-0.1616	-0.2789	-0.1629	0.0331	-0.1949	0.0530	-0.3127	-0.2829	0.3795	-0.0038	0.0680	-0.1519	-0.1653	0.0280	0.0309	0.1564	0.1251	-0.1234	-0.1300	-0.0283	0.0071	0.0551	-0.0462	-0.5854	-0.1375	-0.3601	-0.5730	-0.5794	-0.1457	-0.2017	0.2100	-0.0146	-0.2742	0.3681	0.2962	0.8415	0.0045	0.1374	-0.2267	-0.0858	-0.3464	0.4418	0.0803	0.1429	0.0326	-0.3671	0.0819	-0.1210	0.1903	-0.6395	0.2034	0.3455	0.0887	0.3839	-0.0977	0.0034	-0.1474	-0.1643	-0.3468	0.0470	-0.1034	-0.0323	-0.2437	0.0647	0.4208	0.0138	-0.0098	-0.0957	-0.2676	0.5114	0.6858	0.1244	0.2800	-0.0211	0.0093	0.1439	0.2444	0.1024	-0.0934	0.2565	0.1379	-0.2001	0.4390	0.0418	0.4662	-0.5090	0.0379	0.2045	-0.0089	0.0899	0.0281	0.1776	-0.2331	0.1872	-0.1238	-0.1704	-0.1197	-0.1672	-0.2477	-0.1264	-0.2489	2.0197	-0.0876	0.3449	0.5842	0.0382	0.0137	-0.2674	-0.4413	0.1337	0.1748	0.0096	-0.3862	-0.1568	0.2739	0.1340	0.4560	-0.1466	0.2064	-0.0609	-0.1957	0.0443	0.1751	0.2511	-0.1238	0.4826	0.2744	0.2606	0.2997	-0.0381	0.1459	0.3082	0.1393	0.3313	-0.0256
g__Parasutterella	-0.0406	0.2608	0.1968	-0.1734	0.7466	-0.1746	0.1046	0.5954	-0.1740	0.9025	-0.5645	0.0127	-0.0483	0.2768	0.2703	-0.1172	-0.5746	-0.0749	0.6806	0.1886	-0.9420	0.0965	-0.2716	-0.2580	0.2724	-0.0153	0.1887	0.0017	-0.2639	0.0268	-0.1520	-0.1014	-0.7040	-0.0445	-0.1961	0.4684	-0.4657	0.0118	0.7608	0.6225	0.0705	0.5882	0.7669	0.4236	0.2162	-0.0290	-0.6189	0.0318	-0.0108	0.6523	0.4394	0.1691	1.0104	0.1410	0.0324	0.4351	0.0911	-0.6674	0.1222	-0.1213	0.1815	0.0794	0.2143	0.0257	-0.1899	0.0175	-0.2693	0.0251	-0.0037	0.0260	0.3935	-0.0989	-0.6481	0.0590	0.0181	0.3226	-0.9332	-0.0502	0.5009	-0.5357	-0.4573	0.2972	0.5239	-0.2536	0.7523	-0.0808	0.0317	-0.0704	-0.4558	-0.3248	0.0547	0.3205	-0.5335	0.0627	-0.0761	0.2298	-0.1116	-0.2465	-0.0403	0.1754	-0.0833	-0.1748	0.0420	-0.1784	-0.2281	-0.2321	0.1867	1.4659	-0.4899	0.0682	0.0072	-0.1489	-0.1497	-0.0876	4.8777	0.0426	0.2322	-0.3779	0.4313	-0.0893	-0.3855	0.1193	0.7576	0.2620	-0.0178	0.1129	-0.4430	-0.0359	-1.1707	0.2800	0.2079	-0.2915	-0.7490	0.2304	0.4358	-0.5464	-0.2046	-0.5932	-0.3095	-0.0845	-0.0193	-0.1892	0.2818	-0.6545	0.0907	0.3476	-0.2531
g__Pauljensenia	-0.4530	-0.0457	-0.1260	-0.9426	-0.6405	-0.5638	0.2424	-0.0138	-0.5338	0.2863	-0.5999	0.1192	-0.5503	-1.0127	0.0180	0.0477	-0.5256	-0.0070	-0.3802	-0.2274	-0.0615	0.0895	-0.6059	-0.3488	0.2597	-0.0518	0.0454	0.4885	-0.0541	-0.0445	0.4917	-0.2828	-1.0481	-0.4704	-0.0059	-0.3027	-0.5915	-0.2581	-0.2633	-0.2511	-0.0293	-0.4095	-0.2509	-0.3744	-0.6966	0.4037	0.3271	2.0807	0.0176	-0.4465	-0.0435	-0.4258	0.1240	0.3285	-0.0489	0.0456	-0.7566	-0.7906	0.2558	-0.2358	0.5207	-0.5339	0.1490	1.6016	0.2456	0.6604	0.7322	0.3675	-0.4122	-0.1949	-0.0996	0.0641	-0.7949	-0.3196	-0.2292	-0.0541	-0.3359	0.0694	-0.7427	-0.6692	-0.9329	1.5624	1.1968	0.9429	-0.0954	0.1350	0.1384	0.6206	1.0158	-0.0933	-0.4467	0.6917	0.9110	-0.3717	0.9705	0.1679	0.3520	-0.5460	0.6064	0.2499	-0.0048	0.0760	-0.0129	0.1123	-0.5273	0.3473	-0.5037	-0.0099	-0.5955	-0.0258	-0.9180	-0.2103	-0.2420	0.3449	0.0426	4.1550	0.7967	0.6382	0.4018	-0.2103	0.0557	0.2791	0.4388	0.1670	-0.6562	-0.0453	1.6814	0.3020	-0.6433	-0.3571	0.1312	-0.2063	-0.7962	0.0170	0.1099	1.4382	0.2013	0.0293	-0.0993	0.1197	0.2380	0.0567	0.7133	0.1608	-0.1175	0.4363	0.2213
g__Pediococcus	-0.6801	0.5686	-0.1155	-0.4258	-1.1679	-0.9634	0.4396	-0.5816	-0.0618	0.8258	-2.3457	0.2648	0.2182	-1.1125	-0.0120	0.2953	-0.3793	0.2061	-0.2718	-0.8855	1.0375	0.4099	2.3211	0.1172	-0.1888	0.1646	0.1015	0.5323	0.0831	-0.0930	0.2240	-0.5798	0.2823	-0.5117	0.1057	-1.0860	-0.7490	-1.0607	-2.1639	-1.8030	-0.0096	-0.4356	0.0547	0.0129	0.1453	0.6352	0.6415	1.4629	0.2392	-0.5462	-1.0096	-0.6010	-0.8108	0.7715	0.1693	0.4960	0.8449	-1.1571	0.3433	-0.5059	0.2270	-1.9303	0.4435	-0.6328	0.4588	0.0082	-0.5127	0.0890	-0.7839	-0.3604	-0.5857	0.0790	-1.8241	-0.0195	-0.2036	0.0006	-0.8346	0.2490	-0.1540	-0.3173	1.4482	2.8212	2.0479	0.3187	0.7676	0.4519	0.3523	-0.1026	-0.2949	-0.2823	-0.5284	-0.0126	1.1072	-0.5421	1.0784	0.8769	0.9935	-0.2775	0.4411	0.4756	0.3845	0.4800	0.1303	0.6465	-0.5100	0.5662	-0.2407	-0.5143	-1.0406	-0.3475	-1.5424	0.4592	-0.3033	0.5842	0.2322	0.7967	12.0996	-0.3743	0.1440	-0.0239	-0.3105	0.4733	0.6819	0.3060	-0.6780	-0.0916	-0.4773	0.6695	1.7031	-0.6117	-0.0567	0.2818	-1.2000	-0.0394	0.6946	-0.0894	0.2173	0.3787	-0.7310	1.0029	0.2882	0.1585	0.4694	0.7544	-0.2231	0.8115	0.3846
g__Peptostreptococcus	-0.3163	-0.0306	-0.2534	-0.6991	-0.1966	-0.3390	0.0969	0.2544	-0.2321	-0.2261	-0.3784	0.2874	0.2667	-0.5738	-0.3493	0.7242	-0.1812	-0.1251	-0.7048	-0.4219	0.2926	0.0157	0.0374	-0.7248	0.1745	-0.0184	-0.0880	-0.0102	-0.1763	-0.2375	-0.1898	-0.6211	0.1468	-0.4518	-0.2811	0.4282	-0.5105	0.8055	0.1563	0.2589	-0.2450	-0.8446	-0.3414	-0.0748	0.0097	0.5062	0.3805	0.6730	-0.1433	-0.5429	-0.1933	-0.5604	-0.8945	0.8539	-0.1563	0.2220	-0.0825	-0.6107	0.3050	-0.3771	1.3020	-0.4378	0.0393	1.9805	0.0040	1.9366	0.6019	0.0925	-0.6302	-0.3114	-0.4505	-0.0486	-0.1733	-0.0971	-0.4340	0.7946	0.3518	-0.0377	-0.3267	-0.1545	-0.7902	0.0748	-0.4572	0.5361	0.1611	-0.1275	0.0107	0.8015	0.2348	-0.6616	-0.5498	0.1759	-0.1511	-0.2970	0.3380	0.6104	-0.1098	-0.6867	0.5545	0.0050	-0.1695	0.7061	-0.0126	0.0845	-0.6078	0.6419	-0.3877	0.3857	-0.2635	0.0983	-0.4505	-1.3177	-0.5225	0.0382	-0.3779	0.6382	-0.3743	4.1393	-0.2815	-0.3744	-0.4829	0.2184	0.1546	-0.0060	-0.4029	-0.0263	1.2608	0.0555	0.6335	-0.5507	-0.0528	-0.7888	0.5652	-0.7587	-0.5470	1.6519	0.2978	1.1508	0.9657	1.1184	-0.1552	-0.0520	0.3545	1.5408	-0.0736	-0.8278	0.1136
g__Phascolarctobacterium	-0.2507	0.0171	-0.1548	-0.4227	0.5914	0.0621	0.3110	-0.6661	-0.2633	0.3210	-0.2408	-0.1010	0.0394	0.0563	0.2946	0.1910	-0.2106	-0.0150	1.3084	-0.0968	-0.3491	0.2354	-0.1350	-0.0963	0.0314	-0.1846	-0.1253	0.3066	-0.3343	-0.0672	0.1432	-0.1877	-1.0861	-0.0086	0.3328	0.8140	-0.6045	-1.2862	0.3133	0.4059	-0.1468	-0.0717	1.0329	-0.0816	0.8572	-0.0710	0.1317	0.2215	-0.1998	-0.7054	-0.3552	0.1134	-0.8131	0.6687	-0.1413	0.3733	0.4403	-0.6371	0.2337	-0.2619	0.4960	-0.6239	0.0709	0.4443	0.1405	-0.3275	-0.0048	0.2233	-0.5817	0.0268	0.0001	-0.0236	-0.7218	-0.0957	-0.4816	0.2644	0.0449	-0.1277	-0.3682	-0.5979	-1.4368	-0.3076	0.5924	0.0392	0.0293	0.0357	0.0462	0.1508	-0.4386	0.4293	-0.1236	-0.4038	0.0147	-0.1608	-0.1119	0.0191	0.1060	0.0568	0.4263	0.1530	-0.1480	-0.2637	0.1537	-0.0827	-0.4680	0.2014	-0.2153	0.3736	-0.7300	-0.0185	0.2253	0.4775	-0.1522	0.0137	0.4313	0.4018	0.1440	-0.2815	4.7904	1.5630	-0.0555	0.0609	0.2397	0.1238	-0.7314	-0.2035	0.3339	-0.0039	0.8671	-0.1727	-0.1108	-0.0497	-0.4341	0.8209	0.6615	0.1724	-0.3411	-0.1362	0.9693	0.2057	0.5437	-0.2320	0.4338	-0.6361	-0.1188	0.5189	0.1050
g__Phocaeicola	-0.5286	-0.6472	-0.3467	0.4201	1.4279	0.8638	-0.1001	0.4049	-0.2009	0.3444	0.9545	-0.4124	-0.5710	0.6637	-0.1178	-0.4626	0.4886	-0.2074	3.6348	0.2668	-0.1314	-0.3944	-0.1630	0.7900	0.2041	0.0258	-0.0005	-0.1900	0.6316	0.1496	0.2072	0.1231	-1.3139	0.4285	-0.0788	2.2055	0.4829	-0.0531	1.0111	2.0460	-0.0442	0.8940	1.3612	0.3340	1.4840	-1.3928	-1.1380	-1.2588	-0.2330	0.3605	1.1306	0.0832	1.5593	-0.9366	-0.0692	-0.0863	0.9345	0.1806	0.0139	-0.0232	-0.7289	1.0112	-0.3462	-0.6530	-0.1329	-1.9982	0.4196	0.2320	0.1992	-0.0753	0.8373	-0.1682	-0.0405	-0.4695	0.0858	-0.6890	-0.8389	-0.1143	0.2495	-0.1774	-0.8165	-2.0102	-0.5464	-0.7310	0.1907	-0.1213	0.0705	-0.2289	-0.6325	0.8970	0.0408	-0.8999	-0.0078	0.3893	-1.0358	0.2554	-0.6142	1.8800	0.3444	-0.4566	0.0345	-0.2834	-0.3247	-0.2891	0.4155	-2.1087	0.1036	1.7036	0.0693	0.0588	0.2831	2.3968	0.3071	-0.2674	-0.0893	-0.2103	-0.0239	-0.3744	1.5630	5.4410	0.7419	-0.3746	-0.0813	0.0285	-0.2193	-0.0682	-0.3752	-0.1454	-0.5049	0.3276	-0.3444	0.5730	-1.1269	0.0966	0.1282	-1.0104	0.0821	-0.7435	-1.0084	-1.0689	0.2225	0.0055	-0.0943	-2.5016	0.3917	-0.4809	0.1260
g__Prevotella	0.6081	-0.5319	-0.0499	0.0422	0.3949	0.3249	-0.2800	-0.3057	-0.3759	-0.8643	0.5024	-0.2036	-0.4673	-0.6168	-0.1550	-0.5670	-0.0863	0.1800	0.1323	0.4222	-0.5842	-0.2847	-0.5577	-0.1902	-0.0611	0.0587	-0.0352	-0.0394	-0.3556	0.8961	0.7516	0.4101	-0.4400	-0.2615	-0.1612	1.4293	0.5825	0.7069	0.4438	0.6294	0.3659	0.2659	-0.7903	0.9172	-0.7841	-0.1972	-0.4098	0.3859	-0.2102	-0.1769	0.1424	-0.1404	0.8163	-1.0223	-0.0548	-0.1859	-0.3997	-0.1597	-0.1551	0.2539	-0.0069	1.0593	-0.2573	0.0977	0.1008	-0.2437	1.1626	0.2935	0.2936	0.3268	1.0666	0.2138	0.0852	0.0983	0.1366	-0.3244	-0.4103	0.2691	0.3422	0.3529	-0.1240	0.5098	-0.3077	-0.7262	-0.0502	-0.2301	-0.1244	-0.0716	0.3464	-0.3697	0.2830	-0.1759	-0.0510	0.0399	-0.3390	-0.5607	-0.5135	0.6249	-0.3806	-0.2910	0.0565	-0.3067	-0.0949	-0.0164	0.6352	-0.5318	0.4890	0.1957	-0.2801	0.1683	-0.5134	0.6499	0.7695	-0.4413	-0.3855	0.0557	-0.3105	-0.4829	-0.0555	0.7419	4.3826	-0.1882	-0.1391	0.1616	0.1914	0.3198	0.9015	-0.2020	-1.3612	0.6648	0.1249	0.5986	0.6452	-0.2397	-1.0462	-0.1933	0.2423	-0.5796	-1.1894	-0.3020	-0.5367	0.4548	-0.5261	0.1176	-0.0816	-0.1433	0.2501
g__Pseudobutyricicoccus	-0.0528	0.1559	-0.0472	-0.5639	-0.4124	-0.3782	0.2071	-0.1547	-0.0832	0.2114	-0.6587	0.2046	-0.0770	-0.3478	0.0487	0.0724	-0.1429	0.1403	-0.4815	-0.2274	0.0060	0.0293	-0.2130	-0.3809	0.1088	0.0818	0.1315	0.1503	-0.0548	-0.0057	0.0875	-0.0413	0.1687	-0.0818	0.0405	-0.3889	-0.1922	-0.4390	-0.2447	-0.3607	0.0619	-0.2661	-0.1885	0.2170	-0.1908	0.3090	0.4099	0.9545	0.1715	-0.2110	-0.1572	-0.0075	-0.6237	0.2408	0.0167	0.1624	-0.1962	-0.6004	0.1106	-0.1583	0.2525	-0.4245	0.1102	0.3672	0.0876	0.5139	0.2291	0.0214	-0.2096	-0.0247	-0.1058	0.1007	-0.4667	0.0094	-0.0351	0.0666	0.0711	0.1301	-0.0034	-0.1141	-0.2269	0.5484	0.4914	0.2884	0.2586	0.0500	0.0200	0.1289	0.2826	0.0088	-0.1261	0.1920	0.2673	-0.2042	0.4810	0.1163	0.1464	-0.6423	0.1108	0.1837	0.0755	0.1218	0.0887	0.0513	-0.1456	0.5328	-0.1402	-0.1822	-0.1220	0.0049	-0.4262	-0.4035	-0.0449	0.1337	0.1193	0.2791	0.4733	0.2184	0.0609	-0.3746	-0.1882	1.8061	0.1062	0.0439	-0.5152	0.1740	0.1636	0.1325	0.1569	-0.0961	0.0520	-0.2859	0.1533	-0.0296	-0.0485	0.2495	0.0380	0.1998	0.2333	0.1142	-0.0492	0.0769	0.1335	0.5205	0.0190	0.1458	-0.0037
g__Pseudoflavonifractor_A	-0.3389	0.0462	-0.1052	-0.8133	-0.2643	-0.3489	0.1594	-0.1526	-0.0090	0.3460	-0.5248	0.2061	-0.2227	-0.4657	0.2141	0.0635	-0.3591	0.0269	0.1293	-0.4576	-0.8434	-0.0549	-0.0361	-0.3666	0.1336	-0.0522	0.0664	0.2216	0.0403	0.1302	-0.0844	-0.2615	-0.1785	0.1450	0.1206	-0.3005	-0.2177	-0.2128	-0.1170	-0.5976	0.0032	-0.1045	0.0438	0.1294	0.1696	0.1358	0.2387	0.8027	0.0634	-0.3366	0.2569	-0.2612	0.0762	0.4884	-0.0702	0.3892	0.3483	-0.8356	0.2247	-0.2526	0.2032	-0.5013	0.1133	0.5419	0.0442	0.1899	0.0653	0.2529	-0.4062	0.0280	0.1489	0.0395	-0.5106	-0.0519	-0.2306	0.6399	0.0762	0.0303	-0.1725	-0.2555	-0.5660	0.4417	0.6316	0.1155	-0.1604	0.2132	0.1114	0.2101	0.1343	-0.1450	-0.2338	-0.0391	0.0956	-0.2355	0.2398	0.1708	0.1766	-0.5407	0.1870	0.0995	0.2000	0.1606	-0.0097	0.0410	-0.2635	0.2278	-0.3066	0.2076	-0.4429	-0.0608	0.2753	-0.1659	-0.1762	0.1748	0.7576	0.4388	0.6819	0.1546	0.2397	-0.0813	-0.1391	0.1062	2.6655	0.2676	-0.7420	-0.0222	0.1401	0.1687	0.0797	0.1078	0.1737	0.2520	-0.3645	-0.2149	0.2109	0.0736	0.1460	0.1603	0.2352	0.1412	0.1069	-0.0501	0.3477	-0.2969	0.1337	-0.0418	0.0973
g__Pseudoscilispira	-0.0642	-0.0176	0.0737	-0.3225	-0.0118	0.0797	0.1503	-0.0963	-0.1352	-0.0229	-0.3171	0.1828	0.1128	-0.5046	-0.0707	0.0714	-0.0930	0.1109	-0.1837	0.0805	-0.2069	-0.0811	-0.5722	-0.3444	-0.2235	0.2218	0.1058	0.0743	0.0069	0.1320	-0.1850	0.0809	0.1218	-0.1344	0.0062	0.2127	-0.0299	-0.2558	0.1736	-0.0191	0.2368	0.0378	-0.0876	0.0929	-0.1690	0.1125	0.1523	0.7073	-0.0707	0.0035	0.1989	-0.0751	-0.2204	-0.0068	0.1352	0.2146	-0.1894	-0.2300	0.0091	-0.0875	0.1078	-0.0429	-0.0044	0.3085	0.0766	-0.0997	0.0961	0.1090	-0.0005	0.2561	0.2514	0.0192	-0.2300	-0.1521	-0.0833	0.0082	0.1405	0.0800	-0.0849	0.0047	-0.2779	0.1796	0.2280	0.0778	-0.1744	0.1677	0.0135	0.0148	0.0979	-0.1187	0.0236	-0.0597	-0.1183	0.1165	0.1087	-0.0399	-0.0712	-0.1759	-0.0258	-0.0298	0.0580	0.0416	0.1005	0.0449	0.1484	0.0628	-0.0351	0.0243	-0.2091	0.0867	-0.2245	-0.1547	0.0652	0.0096	0.2620	0.1670	0.3060	-0.0060	0.1238	0.0285	0.1616	0.0439	0.2676	2.0170	-0.2990	0.1713	0.1732	-0.0021	-0.4671	0.2462	0.0437	0.0047	0.1519	-0.2774	0.1034	0.0531	-0.0543	-0.0786	-0.2337	-0.1825	0.0386	-0.0681	0.0040	-0.0946	0.1616	-0.0505	0.0902
g__Roseburia	0.0528	-0.7612	0.0846	3.3195	0.4417	1.0978	-0.6688	0.3368	-0.4993	0.1234	1.4006	-0.6609	-0.4084	1.7144	-1.2689	-0.3011	1.0078	-0.2154	0.1653	1.1407	-0.4246	-0.0851	0.9783	1.7488	-0.1573	-0.1382	-0.3393	-0.6173	0.3031	-0.1429	0.8557	0.3924	0.9423	-0.3549	-0.8772	1.9603	0.9276	1.5325	1.0396	1.8389	-0.0684	0.5081	1.4000	-0.4605	-0.1595	-0.6160	-0.8890	-1.6966	-0.3944	1.6564	0.6227	0.0217	2.3836	-0.7169	-0.0930	-0.3922	0.6082	2.7781	-0.4807	0.4232	-1.4748	1.9549	-0.4737	-1.0379	-0.5976	-0.4384	-1.1329	-0.6215	0.4909	-0.1166	0.3203	-0.3511	0.3944	0.8996	0.5167	-0.8957	0.3797	-0.4291	0.4789	0.1394	2.4687	-1.4128	-0.7054	-0.3024	-0.7527	-0.7023	-0.3401	-0.9140	-1.3163	0.1721	0.0234	-0.8631	-0.0326	1.2680	-0.9076	0.0881	-0.2728	0.7533	-0.8980	-0.7638	-0.4906	-0.2114	-0.4922	-0.0108	0.1379	-0.5014	0.0347	-0.2364	1.2477	-0.1874	-0.1422	0.5727	0.0498	-0.3862	-0.0178	-0.6562	-0.6780	-0.4029	-0.7314	-0.2193	0.1914	-0.5152	-0.7420	-0.2990	8.4715	-0.1961	-1.0737	-0.4711	-0.4108	0.1407	-0.0779	0.0766	0.5274	0.3020	0.1512	-0.9162	-0.5844	-0.7205	-0.8234	-0.1910	-0.3527	-0.1094	-0.2975	-0.9568	-0.2794	-0.9229	-0.1914
g__Roseburia_D	0.2754	-0.2468	0.0592	0.3063	-0.0938	0.0069	0.0660	-0.0019	0.0096	-0.2336	-0.2233	-0.0059	-0.0483	-0.2929	-0.2759	-0.1319	0.1109	0.3294	-0.4996	0.2464	-0.0116	-0.2027	-0.8057	-0.6884	-0.0014	0.6934	0.2457	0.0287	-0.1435	0.4200	0.3538	0.4442	0.1721	0.0409	-0.2748	0.0821	0.0577	-0.5533	0.1771	0.0505	0.5362	0.0614	-0.4928	0.3031	-0.1616	0.1205	0.0924	0.3500	0.0252	0.0489	0.3666	0.1765	-0.4516	-0.2526	0.1171	-0.0130	-0.4545	-0.3844	-0.1967	-0.0082	-0.0387	0.1297	-0.0125	0.1691	-0.0424	0.2595	0.2062	-0.1311	0.3352	0.1641	0.4153	0.2529	0.2521	-0.0025	0.2354	0.0899	-0.0685	0.2908	-0.0563	0.2367	0.1747	-0.1081	-0.0440	0.0401	0.0068	0.0120	-0.0364	-0.0790	0.0825	-0.2500	0.1636	-0.0013	-0.1177	0.2523	0.0319	-0.0648	-0.2563	-0.3221	-0.1392	-0.1000	0.0674	-0.1687	0.0126	-0.0520	0.3233	0.2024	-0.0442	-0.0488	0.0731	0.3683	-0.5956	-0.1167	0.3303	-0.1568	0.1129	-0.0453	-0.0916	-0.0263	-0.2035	-0.0682	0.3198	0.1740	-0.0222	0.1713	-0.1961	2.4592	-0.0634	-0.0706	-0.6025	0.5346	-0.1142	-0.2697	0.3741	-0.0902	-0.2238	-0.0398	-0.0356	-0.2258	-0.1798	-0.3760	-0.3937	0.2262	-0.0912	0.3832	-0.0106	-0.2805	0.1646
g__Rothia	-0.0381	-0.1344	-0.4924	-0.3423	-0.1850	-0.6575	0.2367	-0.8217	-0.6949	-0.0040	-0.5829	-0.0284	-0.4503	-1.6749	-0.3103	0.1495	-0.6403	-0.0468	-1.0470	-0.1797	-0.4789	0.2512	-1.5920	-2.0979	0.2727	0.0346	0.1826	0.4729	0.0297	0.0410	0.4687	-0.3822	-0.8685	-0.6568	-0.4306	0.5670	-0.2765	-0.1554	-0.5622	-0.6107	-0.1192	-0.6072	-0.9800	1.4891	-1.4999	1.2441	1.2240	2.0313	0.0985	-0.6571	-0.7505	-0.4351	-1.1095	0.3981	-0.0490	0.0600	-1.0930	-1.3293	0.3276	-0.4868	2.6135	-0.4547	0.0603	3.4641	0.3470	2.4044	1.0553	0.1706	-0.4834	-0.2052	-0.0898	0.1954	-0.8271	-0.1097	-0.1797	0.0383	-0.8263	0.2174	0.0777	-0.3752	-1.0150	1.6863	1.0431	0.4161	1.1637	0.0490	0.3722	0.5389	3.1141	-0.3742	-0.3551	1.9715	0.8764	-0.4400	0.4595	0.0720	-0.1104	-1.4097	0.6056	0.2500	0.1837	0.1145	0.1800	0.1491	-0.2900	0.6799	0.1869	-0.9911	-1.1365	-0.0134	-1.5162	-1.0086	-0.0563	0.2739	-0.4430	1.6814	-0.4773	1.2608	0.3339	-0.3752	0.9015	0.1636	0.1401	0.1732	-1.0737	-0.0634	6.8683	0.2302	-0.8940	-0.3778	0.1899	-0.5060	-0.4858	-0.6798	-0.7831	2.8200	1.1643	0.9098	-0.7409	0.2997	-0.2763	0.1074	0.1569	1.3280	-0.1317	1.9509	0.3119
g__Ruminiclostridium_E	-0.2177	0.2675	0.1967	-0.7606	-0.5782	-0.1044	0.2072	-0.2908	-0.2162	0.3117	-0.7566	0.1220	-0.1173	-0.4398	-0.2255	0.0722	-0.4309	0.0381	-0.5150	-0.4301	0.2216	-0.0026	-0.0739	-0.3841	-0.1296	-0.0072	0.2997	0.2238	0.2399	-0.0214	-0.0505	-0.2373	0.0361	-0.1203	0.1404	-0.1503	-0.0326	-0.2966	-0.2385	-0.2629	-0.0219	-0.1034	-0.2657	0.2978	-0.5690	0.4252	0.4600	0.8111	0.1987	-0.1731	-0.1344	0.0582	-0.4936	0.0387	0.1529	0.0758	-0.2185	-0.8741	0.1188	-0.1881	0.3966	-0.6085	0.0865	0.4374	0.0239	0.3089	0.0740	0.2227	-0.3522	-0.1143	-0.2115	0.0083	-0.4301	-0.1369	-0.1443	-0.0001	0.2250	0.0859	-0.1709	-0.2745	-0.1718	0.8715	0.5334	0.4949	0.2289	0.2449	0.0738	0.1705	0.3072	-0.0077	0.0205	0.3413	0.6219	-0.3303	0.9227	0.1321	0.1103	-0.5870	0.3053	0.1709	0.0631	-0.0022	0.0049	0.0850	-0.3415	0.3364	-0.3066	-0.5334	-0.0876	0.2359	-0.6780	-0.1924	-0.1613	0.1340	-0.0359	0.3020	0.6695	0.0555	-0.0039	-0.1454	-0.2020	0.1325	0.1687	-0.0021	-0.4711	-0.0706	0.2302	2.1156	0.2214	-0.2403	-0.0837	-0.1043	0.1002	0.1453	-0.0754	0.5586	0.0501	0.2737	0.2029	0.1917	0.0324	-0.0658	0.1235	0.2302	0.1512	0.2698	0.0104
g__Ruminococcus_B	-0.3664	0.3728	-0.5519	-0.1752	-1.4694	-1.2259	0.4285	-0.8316	0.5734	1.0650	-1.3504	0.4212	0.5703	2.2966	-0.2861	0.8944	-0.2857	-0.4250	-0.7239	-1.6725	0.3598	0.7060	4.1950	0.6980	-0.6082	-0.2683	-0.4198	0.2909	-0.6084	-1.0252	-0.4390	-0.8384	0.5017	1.5844	0.2482	-2.1091	-1.7829	1.0374	-2.0569	-1.6497	-0.6843	-1.6216	1.0040	-1.8762	4.6095	-0.1541	1.5695	0.4310	0.1546	-1.0267	-1.6985	-0.5575	-2.6381	5.2503	-0.2532	0.0068	3.2056	0.4468	1.1147	-0.8748	-0.0848	-2.3440	0.1290	-0.5413	0.1367	1.3842	-1.0283	-0.5009	-1.2357	-0.5473	-1.8849	-0.2283	-0.3643	-0.1953	-0.7112	1.5616	2.6492	-0.1841	-0.8728	-0.2868	1.2416	-0.4984	-0.4176	0.3906	0.1398	0.1642	-0.0303	0.6625	-0.4035	-0.0707	-0.7648	-0.1128	0.1754	-1.5393	0.3081	0.8919	0.6956	-1.5413	0.3448	0.4044	0.2137	0.8759	0.1146	0.1934	-1.1787	1.3670	-0.8175	-2.9059	-1.4048	-0.7388	2.5263	-1.5535	-0.6859	0.4560	-1.1707	-0.6433	1.7031	0.6335	0.8671	-0.5049	-1.3612	0.1569	0.0797	-0.4671	-0.4108	-0.6025	-0.8940	0.2214	10.5987	-1.4819	-0.2922	0.3116	-0.2971	0.0405	1.1042	0.4664	0.6922	0.9553	5.1358	1.0242	0.7617	-0.3653	0.3461	1.6554	-0.3173	0.0977	-0.3638
g__Ruminococcus_C	0.4604	-0.3922	0.2032	0.1147	0.4311	0.4531	-0.1969	0.2289	-0.0459	-0.6073	0.5444	-0.1202	-0.0603	-0.2873	0.1685	-0.3162	0.2178	0.2710	0.3481	0.8368	-0.6421	-0.1923	-0.5797	-0.2107	-0.0360	0.2209	0.0476	-0.0410	-0.0490	0.4971	0.0669	0.5663	0.3181	-0.1425	0.0362	0.1583	0.2649	-0.3373	0.5012	0.3967	0.5776	0.4137	-0.4122	0.3742	-0.0867	-0.1589	-0.3484	-0.1484	-0.0693	0.4101	0.8576	0.3534	0.4427	-0.7689	0.1483	-0.1965	-0.5430	0.5827	-0.4727	0.4040	-0.4575	0.8394	-0.0332	-0.4072	-0.1476	-0.8431	0.0061	0.0085	0.7088	0.4738	0.6619	0.0317	0.1112	0.2778	0.1829	-0.3361	-0.1660	0.1597	0.3999	0.2987	-0.1138	-0.5934	-0.2104	-0.5425	-0.2781	-0.1779	-0.2590	-0.3666	-0.2888	-0.1573	0.4187	-0.2959	-0.3006	0.4191	-0.6419	-0.3207	-0.2268	0.8050	-0.3670	-0.2347	0.0478	-0.3647	-0.0145	-0.1753	0.5890	-0.2206	0.3042	0.5631	0.2199	0.2327	0.3239	0.5542	0.3469	-0.1466	0.2800	-0.3571	-0.6117	-0.5507	-0.1727	0.3276	0.6648	-0.0961	0.1078	0.2462	0.1407	0.5346	-0.3778	-0.2403	-1.4819	2.6564	0.3623	0.2648	0.7811	-0.2702	-0.0878	-0.6204	-0.3985	-0.3350	-1.0831	-0.1605	-0.3733	0.0494	-0.3309	-0.5638	0.0729	-0.4714	0.1785
g__Ruminococcus_E	0.2709	-0.3140	0.4276	0.2258	-0.0569	-0.1930	-0.0803	-0.2851	0.3213	-0.0821	0.7485	0.1922	-0.5151	-0.0130	-0.0453	-0.2912	-0.2267	-0.1296	0.0791	0.7612	-0.1760	-0.0300	-0.6248	-0.5284	0.0472	-0.2453	-0.1304	0.1573	0.4199	-0.0803	0.1644	0.0811	-0.3180	0.0172	0.3528	-0.1300	-0.0187	-0.0575	-0.5148	-0.2853	-0.0852	0.0225	-0.1863	0.0165	-0.2904	-0.0609	-0.0095	0.2769	0.1240	0.4524	0.1493	0.6811	0.2020	-0.6011	0.1849	0.0750	-0.2166	0.4676	-0.1847	0.6210	-0.0673	0.9124	0.5349	0.0478	-0.0971	0.0634	0.2117	0.3897	0.2752	0.3587	-0.1067	-0.2303	0.5193	-0.0931	-0.1947	0.0086	-0.8433	-0.2239	0.6474	-0.0271	-0.1498	-0.2870	0.2267	-0.2920	0.2947	-0.3360	-0.2068	-0.1484	-0.1869	0.2461	0.3976	0.0803	-0.2965	0.2857	-0.1025	-0.2928	0.2391	-0.4397	-0.3698	-0.0366	-0.2197	-0.1459	-0.1262	-0.1386	-0.0271	-0.4305	0.5290	0.2258	-0.1600	-0.0418	-0.0428	0.0606	-0.3062	0.2064	0.2079	0.1312	-0.0567	-0.0528	-0.1108	-0.3444	0.1249	0.0520	0.1737	0.0437	-0.0779	-0.1142	0.1899	-0.0837	-0.2922	0.3623	3.3292	0.0107	0.2129	0.1005	0.0860	-0.1482	-0.0930	0.0708	-0.4035	-0.1826	0.2754	-0.3213	-0.1846	-0.5826	0.4135	0.1344	-0.0037
g__Ruthenibacterium	-0.2218	0.4511	-0.1949	0.0900	-0.1294	0.3491	-0.0960	-0.4450	0.6797	0.2209	-0.4125	0.0709	0.4696	0.0106	0.7483	0.0609	-0.2461	-0.1562	0.7759	-0.6906	0.0053	0.5210	0.4711	0.5719	-0.7637	-0.2483	-0.1338	-0.2563	-0.0889	0.1830	-0.3041	0.2806	-0.3765	0.4697	0.7749	-0.2514	0.1354	-0.1636	-0.0167	-0.0076	-0.1206	-0.0233	-0.0290	-0.2641	0.9380	-0.5471	-0.0101	0.4389	-0.1037	0.0904	-0.0337	0.1968	-0.1328	0.3750	-0.1217	-0.0066	2.0552	0.5399	-0.0389	-0.3344	-0.5481	-0.6136	-0.1690	-1.3823	0.0063	-1.5201	-0.1974	0.1760	-0.0938	0.0369	0.1904	-0.1359	0.2403	0.6223	-0.4179	0.9797	0.1010	-0.0445	-0.7091	-0.0702	-0.2896	-0.2048	-0.3668	0.0853	-0.6187	0.4853	-0.1692	-0.4367	-0.7498	0.2800	0.1274	-0.9187	0.1756	-0.3092	-0.2686	0.1529	-0.0307	0.8513	-0.0435	0.0208	-0.0572	0.5408	0.0573	0.1155	0.4005	-1.5228	0.0693	0.5115	0.5937	-0.2043	1.9799	0.6191	0.1338	-0.0609	-0.2915	-0.2063	0.2818	-0.7888	-0.0497	0.5730	0.5986	-0.2859	0.2520	0.0047	0.0766	-0.2697	-0.5060	-0.1043	0.3116	0.2648	0.0107	5.1634	-0.1009	0.3295	0.5282	-0.7334	0.1965	-0.8253	0.5147	-0.1602	0.1025	-0.1556	-0.1069	-1.4662	0.2677	-0.4909	-0.2834
g__Sarcina	1.1061	0.0315	0.0479	-1.2482	-0.5526	0.4325	0.0712	-0.2649	0.1896	-1.1401	-0.9649	0.1194	0.3870	-0.8046	-0.2467	0.3862	0.7162	0.1973	-1.5737	0.4451	1.3963	0.3175	-0.8066	0.0839	-0.4701	0.3194	0.4293	0.0978	-0.1229	-0.0810	-0.0313	-0.0567	4.4442	-0.4203	0.5653	-1.5947	-0.1668	-0.0993	-1.2454	-0.9196	0.3434	-0.5394	-3.0538	-0.2291	-1.2956	1.2386	1.1301	1.5509	0.0676	-0.1758	0.1548	0.2246	-1.8101	-0.5478	0.1794	-0.3618	-0.6078	-0.0246	-0.4173	0.0034	-0.3767	0.4085	0.0033	-0.3088	0.1149	2.5793	0.4773	-0.2244	0.1273	0.1613	0.0890	-0.0519	-0.2464	0.9628	-0.0520	-0.0715	4.0428	0.0382	-0.0540	-0.4120	1.1371	0.8319	-0.2539	0.4574	-0.7462	0.0293	-0.3389	0.3524	-1.1035	-0.4676	0.1444	-0.1789	0.3797	-0.1289	0.9680	-0.3951	-0.5317	-1.3642	-0.1456	-0.0216	-0.2897	0.1815	0.3484	0.0229	0.5004	2.3942	0.7278	-1.6815	-0.4781	0.5896	-0.8587	-1.4460	-0.0909	-0.1957	-0.7490	-0.7962	-1.2000	0.5652	-0.4341	-1.1269	0.6452	0.1533	-0.3645	0.1519	0.5274	0.3741	-0.4858	0.1002	-0.2971	0.7811	0.2129	-0.1009	9.1556	-0.7099	-0.2514	0.2781	-0.2882	0.8679	1.3694	1.8510	-0.2720	-0.0478	-0.0609	3.8250	-0.0089	-1.5571	-0.0372
g__Schaedlerella	0.1842	-0.1086	0.2981	0.1751	0.6751	0.0170	0.0910	0.0355	0.0336	0.9965	0.4891	-0.0584	-0.3788	0.4031	0.1789	-0.4471	0.2321	-0.0441	0.6270	-0.4601	0.0639	0.0776	0.6549	0.6650	0.1023	-0.1943	0.0833	0.0444	-0.0219	-0.0205	0.0231	0.2164	-0.0262	0.2134	0.6546	0.2555	0.3099	-0.3303	0.0416	0.1892	-0.0583	0.1620	1.1149	-0.1589	-0.3577	-0.6264	-0.5632	-1.5861	0.1189	0.5098	-0.4264	0.6876	0.8195	-0.0116	-0.0673	0.0267	-0.2173	0.5016	-0.1558	0.3456	-0.2634	-0.1932	0.1135	-0.6327	-0.0334	-1.1638	-0.0293	0.2825	0.0154	0.0728	0.1104	0.1075	1.0181	-0.5528	0.1547	-0.3165	-0.9276	-0.1007	0.1790	-0.0840	-0.4329	-0.9365	-0.4375	-0.5543	-0.2261	-0.1383	0.0411	-0.3651	0.2242	0.4534	0.4107	0.1446	0.0305	-0.0839	-0.5261	-0.0615	0.5003	-0.1265	-0.0542	-0.0757	0.0929	-0.2074	-0.2401	0.0581	-0.0171	-0.3153	0.0566	-0.0623	0.3026	0.0443	0.2619	0.8677	0.1683	0.0443	0.2304	0.0170	-0.0394	-0.7587	0.8209	0.0966	-0.2397	-0.0296	-0.2149	-0.2774	0.3020	-0.0902	-0.6798	0.1453	0.0405	-0.2702	0.1005	0.3295	-0.7099	3.9163	0.3889	-0.3402	-0.6864	-0.3787	0.2338	-0.6908	0.9854	0.0368	0.1355	-0.8741	-0.0945	0.4908	-0.3057
g__Sellimonas	-0.1474	0.3510	0.0754	0.9536	-0.4816	0.0954	-0.0193	-0.2420	0.3997	0.5688	0.6607	0.1805	0.2825	-0.5129	1.0948	0.3211	-0.1996	-0.1812	1.6535	0.1934	0.6531	0.1990	-0.1786	0.7587	-0.3373	-0.0816	-0.1724	-0.0444	-0.2945	-0.5215	-0.3729	-0.3434	-0.4125	1.0410	0.3981	-0.6098	-0.8185	-0.3420	-0.4972	-0.1712	-0.0131	0.5563	1.7291	-1.0836	0.6982	-0.4514	0.0973	-0.3438	0.1645	0.0434	0.3757	0.0114	0.5788	0.1958	-0.0767	-0.1601	1.2117	1.3770	0.1170	0.1515	-0.4110	-0.2357	0.1419	-0.6309	-0.0266	-1.2597	-0.0971	0.0712	-0.0508	0.3682	-0.4117	-0.3887	0.5690	-0.1691	-0.1415	-0.1168	-0.0261	-0.2207	-0.8729	-0.4383	-0.5814	-0.6544	0.4753	-0.0001	-0.0856	0.4457	0.0492	-0.2285	-0.7419	0.6318	-0.0876	-0.3541	-0.1429	-0.1839	-0.6753	0.0661	0.6800	0.3491	-0.2295	0.3516	-0.2870	-0.0876	0.4699	-0.0601	-0.0217	-1.0029	0.2016	-0.6333	-0.9516	0.1824	0.5248	0.2354	-0.4272	0.1751	0.4358	0.1099	0.6946	-0.5470	0.6615	0.1282	-1.0462	-0.0485	0.2109	0.1034	0.1512	-0.2238	-0.7831	-0.0754	1.1042	-0.0878	0.0860	0.5282	-0.2514	0.3889	5.4001	-0.6533	0.0147	-0.6436	0.4627	-0.9456	0.2384	-0.2404	0.2931	-0.2337	0.2219	-0.1488	-0.1245
g__Streptococcus	-0.2268	-0.1190	-0.1422	-0.7611	-1.0955	-0.4803	0.2817	-0.6230	-0.3095	0.3801	-0.6409	0.1833	-0.6292	-0.9342	-0.4655	0.1326	-0.9505	0.0056	-1.3786	-1.0048	0.2830	0.2313	-0.4210	-1.8561	0.3226	-0.1711	0.1176	0.3869	0.0685	-0.2463	0.0171	-0.5654	0.1424	-0.9222	-0.2944	-0.6973	-0.9368	-0.2614	-0.5106	-0.7557	-0.1770	-1.1153	-1.1502	1.2190	-1.2241	1.6101	0.7269	1.8164	0.0929	-0.6891	-0.2540	-0.5907	-1.5238	1.1720	-0.0494	0.0426	-1.2272	-1.4148	0.1314	-0.3315	2.3072	-1.1820	0.1062	3.0904	0.2115	3.2961	0.4600	0.0920	-0.7146	-0.3791	-0.4798	0.0111	-0.5485	-0.2948	-0.4539	0.2061	0.3065	0.0277	0.0609	-0.7986	-0.2398	2.2081	0.3946	1.3898	1.0885	0.0212	0.2212	0.9128	1.3453	-0.5664	-0.5431	1.5216	0.9323	-0.6729	2.0470	0.1052	0.0144	-1.3121	1.1114	0.2804	0.0852	0.0612	-0.1000	0.0041	-0.6205	2.4060	-0.7470	-0.7255	-0.5204	0.2077	-0.8978	-1.6615	-0.5847	0.2511	-0.5464	1.4382	-0.0894	1.6519	0.1724	-1.0104	-0.1933	0.2495	0.0736	0.0531	-0.9162	-0.0398	2.8200	0.5586	0.4664	-0.6204	-0.1482	-0.7334	0.2781	-0.3402	-0.6533	4.4139	0.5514	1.2582	-0.0173	1.1357	-0.2969	0.0475	0.5805	2.1991	0.0966	1.3981	0.2642
g__Sutterella	-0.2805	-0.1295	-0.3108	-0.3560	-1.0460	-0.3961	0.1191	-0.2455	-0.4351	-0.2410	-0.6879	-0.1322	0.1466	-0.4449	-0.0800	0.2975	0.0049	-0.1530	-0.7994	-0.5709	0.3744	-0.0862	0.1564	-0.9529	-0.0822	0.0671	0.0563	0.0690	0.0579	-0.0047	0.6173	-0.2258	-0.7187	-0.4901	-0.5352	-0.0363	-0.4175	0.2910	-0.4737	-0.8631	-0.1378	-0.0455	-0.9971	1.6067	0.8518	0.8276	1.0648	1.3630	0.2420	-0.6247	-0.5812	-0.4999	-0.1056	-0.5574	-0.0879	0.3438	0.8371	-0.5096	-0.0520	-0.6698	0.4381	-0.3325	-0.1582	0.3964	0.0883	1.3475	0.0963	-0.0157	-0.2305	-0.3981	0.1243	-0.1474	-0.3205	-0.1370	0.1355	0.9348	0.1688	0.1109	0.8652	0.2743	0.0737	0.5148	0.2004	0.4447	0.7008	0.1678	0.1894	0.1332	0.7619	-0.5247	-0.4359	0.0850	1.3786	-0.4666	0.0981	0.1901	-0.3321	-0.1235	-0.3437	0.0155	0.2598	-0.0622	-0.1188	0.2858	-0.3374	0.4009	-0.2946	-0.4782	-0.1651	-0.1672	-0.0595	-0.5220	0.0187	-0.1238	-0.2046	0.2013	0.2173	0.2978	-0.3411	0.0821	0.2423	0.0380	0.1460	-0.0543	-0.5844	-0.0356	1.1643	0.0501	0.6922	-0.3985	-0.0930	0.1965	-0.2882	-0.6864	0.0147	0.5514	5.4083	0.0113	-0.0942	-0.0303	-0.4390	-0.0278	-0.1995	1.0336	-0.0803	0.0755	0.0357
g__Terrisporobacter	-0.1363	0.0930	-0.1607	-0.9894	0.4736	-0.8528	0.1854	-0.3664	-0.0930	0.1563	-0.5807	0.3278	0.2599	-0.1803	-0.3814	0.2656	0.6331	-0.0330	-0.9378	-0.7617	1.0674	-0.1346	0.5657	0.1883	-0.3679	-0.0938	-0.0536	0.2065	0.0950	-0.3376	-0.4343	-0.2722	2.0228	-0.3567	-0.2743	-0.4084	-0.3495	-0.7536	-0.5266	-0.9294	-0.2215	-0.8142	-0.0870	-0.1474	-0.8072	0.4342	0.7823	-0.3128	-0.0739	-0.7220	-0.5793	-0.3896	-0.6808	0.3313	0.0867	-0.0898	-0.9894	-0.3077	-0.0550	-0.3710	1.2932	-0.9507	0.1509	1.0779	0.0796	1.5330	0.0703	-0.1839	-0.4640	-0.2446	-0.8206	-0.0035	-0.3699	0.4880	-0.4584	-0.4812	1.6616	0.0149	-1.3148	0.2641	0.5200	1.4228	0.5410	0.6527	0.5510	-0.0499	0.0200	0.5358	0.5214	-0.2963	-0.2730	1.3404	-0.0240	-0.4687	0.2028	0.1566	0.1862	-1.2620	0.1053	0.0720	0.0185	0.0944	-0.0152	0.1739	-0.4272	0.9423	-0.2441	-0.5914	0.2940	0.0516	-0.8164	-1.1713	-0.4094	0.4826	-0.5932	0.0293	0.3787	1.1508	-0.1362	-0.7435	-0.5796	0.1998	0.1603	-0.0786	-0.7205	-0.2258	0.9098	0.2737	0.9553	-0.3350	0.0708	-0.8253	0.8679	-0.3787	-0.6436	1.2582	0.0113	5.2830	0.5746	2.8100	-0.0470	-0.2010	-0.1332	1.0043	0.4400	0.5576	0.0552
g__Thomasclavelia	-0.0439	0.7965	-0.2377	-1.8260	-1.7997	-0.9230	0.5445	-0.3567	1.1558	1.1713	-1.5642	0.3220	1.0934	0.9171	0.0677	1.1933	-0.5761	-0.2756	-0.7052	-1.5348	1.3238	0.9550	2.5039	1.3104	-0.5935	0.2777	0.0685	0.0987	-0.5069	-0.5761	-0.6418	-0.9000	0.8285	1.3993	0.4329	-2.2676	-1.6813	1.4273	-1.5453	-2.3338	-0.2610	-1.1321	0.2351	-1.9866	3.3713	-0.9338	1.7494	1.0150	0.1586	-0.8977	-1.6774	-0.2221	-2.6490	4.6992	-0.0477	0.5804	2.9497	-0.3765	1.1734	-1.0233	0.0046	-2.2483	0.0268	-0.1067	0.2753	0.8981	-1.0461	-0.0210	-0.9972	-0.2236	-1.1318	-0.1967	-0.0103	-0.4195	-0.6031	2.2950	4.1634	-0.1202	-0.2968	-0.4161	-0.1665	-1.1899	-0.3483	-0.6307	-0.5618	0.4542	-0.0504	0.5464	-0.0095	0.0369	-0.4644	0.3219	-0.7778	-1.7944	-0.5448	0.8790	0.2918	-0.6383	0.0469	0.6633	0.0701	1.0269	0.6172	0.2729	-0.8667	0.9468	-0.5453	-2.9336	-1.3302	-0.3789	1.8481	-1.4584	-0.4673	0.2744	-0.3095	-0.0993	-0.7310	0.9657	0.9693	-1.0084	-1.1894	0.2333	0.2352	-0.2337	-0.8234	-0.1798	-0.7409	0.2029	5.1358	-1.0831	-0.4035	0.5147	1.3694	0.2338	0.4627	-0.0173	-0.0942	0.5746	10.4949	0.6718	0.5088	-0.3863	0.3895	2.0694	-0.2013	-0.4011	-0.4455
g__Turicibacter	0.0985	0.4370	-0.4488	-0.8252	0.4110	-0.5648	0.1113	-0.0315	0.6028	-0.1147	-1.5146	0.2329	0.3100	0.0640	-0.4093	0.1818	-0.3684	-0.1860	-1.0331	-0.9605	1.0089	0.3593	0.4128	0.5938	-0.2050	-0.1941	-0.1814	0.1493	-0.1866	-0.3838	-0.8353	-0.2992	2.8564	-0.2622	-0.2766	-0.8153	-0.4705	-0.3022	-0.1583	-0.7681	-0.3950	-1.0583	-0.6122	-0.2820	-0.8537	1.8717	1.9872	1.4358	-0.2573	-0.8247	-0.7123	-0.6581	-0.7107	0.7142	-0.0671	-0.2915	-1.0703	-0.4009	-0.1301	-0.5165	1.2810	-1.1373	0.1443	0.7684	0.1451	1.9517	-0.8406	-0.4332	-0.7584	-0.2428	-0.6532	-0.1796	-0.8163	1.2319	-0.6904	0.2152	2.0226	-0.0935	-1.0255	-0.2359	1.5142	1.8324	0.3296	0.1845	0.1304	-0.2640	-0.0384	0.6334	-0.5275	-0.6739	-0.5774	0.4452	0.1433	-0.3641	-0.3019	0.0190	-0.1510	-0.3515	0.3531	0.3077	-0.2947	0.1372	0.2301	0.0215	-0.3963	1.5591	-0.3531	-0.4471	0.1954	-0.2030	-0.9367	-1.4895	-0.6283	0.2606	-0.0845	0.1197	1.0029	1.1184	0.2057	-1.0689	-0.3020	0.1142	0.1412	-0.1825	-0.1910	-0.3760	0.2997	0.1917	1.0242	-0.1605	-0.1826	-0.1602	1.8510	-0.6908	-0.9456	1.1357	-0.0303	2.8100	0.6718	6.9326	-0.6326	-0.2348	0.1768	1.9147	-0.0428	-0.4377	-0.0828
g__Tyzzerella	-0.2187	-0.3395	0.0777	0.0403	0.4332	0.3732	0.1399	-0.4486	0.3923	0.6898	0.0211	0.0886	0.0706	0.6533	0.3488	0.0011	0.4548	-0.2451	0.5958	-0.1975	0.2106	0.4214	0.9483	0.0564	-0.0610	-0.2506	-0.1064	0.0015	0.0522	-0.4541	-0.4656	-0.4540	-0.2080	0.0824	0.4685	-0.1631	-0.0354	-0.3609	-0.4085	0.0492	-0.4421	0.1695	0.2171	-0.7471	0.4868	-0.2299	-0.6540	-0.0128	-0.1124	0.8826	-0.6688	0.0989	0.0416	0.2665	-0.0880	0.0797	0.5951	1.0025	-0.1417	0.1120	-0.2853	0.0751	0.0553	-0.2775	-0.2081	-0.6740	0.1535	0.3827	-0.0308	0.2667	-0.4748	0.0091	0.6833	-0.3666	-0.1187	-0.1016	-0.0005	-0.1936	-0.2392	-0.3404	-0.5720	-0.8438	-0.0718	-0.3451	-0.1545	0.0038	-0.0128	-0.1120	-0.0283	0.4946	-0.0129	0.3297	-0.3642	-0.2085	-0.3910	0.1454	0.6185	-0.2365	0.1515	-0.0791	-0.0417	0.2627	-0.2331	0.0973	-0.1143	-0.4912	0.0532	0.6843	0.0488	-0.4471	0.7396	0.2623	-0.0603	0.2997	-0.0193	0.2380	0.2882	-0.1552	0.5437	0.2225	-0.5367	-0.0492	0.1069	0.0386	-0.3527	-0.3937	-0.2763	0.0324	0.7617	-0.3733	0.2754	0.1025	-0.2720	0.9854	0.2384	-0.2969	-0.4390	-0.0470	0.5088	-0.6326	3.8873	-0.3593	0.0156	-1.0914	-0.1091	0.2618	-0.0944
g__UBA3402	0.1184	-0.1221	-0.0620	-0.2391	-0.0196	-0.1767	0.0298	0.2598	-0.2588	-0.0530	-0.3005	-0.0810	-0.1499	-0.4142	-0.2344	-0.1623	-0.1526	0.2283	-0.3114	-0.0638	-0.3939	-0.1473	-0.4157	-0.1991	0.1845	0.1545	0.0011	-0.0763	-0.2800	0.4814	0.3302	0.2936	-0.0715	-0.0452	-0.3424	0.2074	0.2291	-0.1854	0.1606	0.0170	0.1797	0.0171	-0.1132	0.6147	-0.1167	0.1407	0.0524	0.2529	0.0581	-0.2147	0.1541	-0.2828	-0.1141	-0.3052	0.0061	0.0875	-0.5696	-0.6010	-0.1091	0.3087	-0.0722	-0.0285	-0.1209	0.2058	0.2329	0.3763	0.2026	0.0781	0.0556	0.0110	0.3786	0.3131	-0.2626	-0.1168	0.2607	-0.0614	-0.2889	0.3014	0.3403	0.3050	-0.1294	0.2919	0.1456	0.2258	-0.1429	-0.0478	0.2145	0.0482	0.4756	-0.0209	0.0623	0.2748	-0.2225	-0.0194	0.3590	0.0104	-0.1901	-0.1012	0.0628	-0.0929	0.3231	-0.1169	-0.1024	0.2714	0.0429	0.1188	-0.3837	-0.0258	-0.0820	0.0147	-0.0708	0.1948	0.3773	-0.0381	-0.1892	0.0567	0.1585	-0.0520	-0.2320	0.0055	0.4548	0.0769	-0.0501	-0.0681	-0.1094	0.2262	0.1074	-0.0658	-0.3653	0.0494	-0.3213	-0.1556	-0.0478	0.0368	-0.2404	0.0475	-0.0278	-0.2010	-0.3863	-0.2348	-0.3593	2.1135	0.1271	0.3138	-0.2336	0.2317	0.1356
g__URXU01	-0.4003	0.0617	-0.1569	-0.4508	-0.2638	-0.3275	0.1394	0.0082	-0.2721	0.5033	-0.4159	0.0607	-0.3315	-0.3768	-0.0251	0.0656	-0.1238	-0.0820	-0.1936	-0.3653	0.2048	0.3614	-0.2761	0.0049	0.2804	-0.1122	0.0160	0.1845	-0.1433	-0.1230	-0.2018	-0.1703	-0.1417	-0.0003	0.1513	-0.3267	-0.4418	-0.3509	-0.3431	-0.2448	-0.1136	-0.2704	0.1089	-0.1350	-0.1083	0.4730	0.4378	0.8245	0.0628	-0.3926	0.2209	-0.1972	-0.3368	0.8299	-0.0801	0.2602	-0.1034	-0.5762	0.2216	0.0231	0.2592	-0.3085	0.0225	0.5130	0.1138	0.6732	0.0556	0.1066	-0.5398	-0.1868	-0.1846	-0.0733	-0.5468	-0.0328	-0.0974	0.1054	-0.0086	0.0004	-0.3592	-0.4178	-0.3737	0.5492	0.2115	0.6955	-0.2043	-0.0506	0.2267	0.3645	0.1208	-0.1689	-0.3499	0.1143	0.0348	-0.2167	0.6796	0.2688	0.1207	-0.2934	0.7527	0.1119	0.1043	0.0298	-0.0230	0.0381	-0.4069	0.5525	-0.3891	0.1955	-0.4942	0.2143	-0.0350	-0.4132	-0.2866	0.1459	0.2818	0.7133	0.4694	0.3545	0.4338	-0.0943	-0.5261	0.1335	0.3477	0.0040	-0.2975	-0.0912	0.1569	0.1235	0.3461	-0.3309	-0.1846	-0.1069	-0.0609	0.1355	0.2931	0.5805	-0.1995	-0.1332	0.3895	0.1768	0.0156	0.1271	2.5420	0.5021	-0.1617	0.0142	-0.0868
g__Veillonella	0.4849	0.1098	-0.3201	-0.8561	-1.9400	-1.0923	0.3209	-0.3084	-0.1432	-0.4891	-2.7198	0.3408	0.0889	-1.9399	-0.7258	0.6882	-0.5458	0.2429	-3.0419	-1.7074	1.4330	0.2093	-0.5276	-1.2079	0.1864	0.2038	0.0469	0.5448	-0.8357	-0.1944	0.5213	-0.2346	2.8179	-0.6502	-0.1692	-2.6619	-1.2489	0.1175	-2.5999	-3.0332	-0.0390	-1.6058	-2.6898	2.5303	-0.7203	2.1133	3.3076	3.2050	0.3013	-1.8382	-1.1470	-0.7996	-3.4406	2.2374	-0.1566	-0.0312	-0.2132	-1.3614	-0.1524	-0.4245	0.7916	-1.4952	0.0786	1.3727	0.5690	4.7789	-0.0190	-0.6300	-0.7066	-0.2848	-0.7165	0.1016	-1.2640	0.0364	0.0916	1.4916	3.6552	0.3291	2.6158	-0.3456	0.8028	1.5608	1.3828	0.6187	0.0854	-0.2804	0.3415	1.2579	0.9545	-1.0235	-0.5089	1.0197	0.6476	-1.1291	2.2820	-0.2099	-0.3400	-1.7349	0.3229	0.4262	0.0485	0.6373	0.4316	0.4524	-0.5199	4.1604	-0.7988	-2.5602	-1.4129	0.0062	-1.6502	-2.3579	-0.0841	0.3082	-0.6545	0.1608	0.7544	1.5408	-0.6361	-2.5016	0.1176	0.5205	-0.2969	-0.0946	-0.9568	0.3832	1.3280	0.2302	1.6554	-0.5638	-0.5826	-1.4662	3.8250	-0.8741	-0.2337	2.1991	1.0336	1.0043	2.0694	1.9147	-1.0914	0.3138	0.5021	9.6422	-0.5488	-0.5469	0.2579
g__Vescimonas	-0.2248	-0.0754	0.0851	-0.3998	-0.0574	-0.0381	0.0590	-0.0671	-0.1786	0.3806	0.0725	0.2358	-0.2565	-0.0040	-0.0965	-0.1215	-0.0329	-0.0955	0.1573	0.0285	0.3814	-0.1314	-0.4448	-0.1559	-0.3955	-0.0777	0.2318	0.0750	0.5133	-0.3260	-0.2122	0.1469	0.2485	0.0840	0.2174	0.1840	0.1280	-0.6019	0.4934	0.4093	0.0167	0.0942	0.1575	-0.4218	-0.5433	0.0053	-0.2438	0.3072	-0.0131	0.0105	0.6131	0.5179	0.3303	-0.7418	0.1498	-0.1288	-0.2470	-0.1476	0.0222	-0.1166	0.2634	0.3775	0.1593	0.1173	-0.1482	-0.2126	0.4676	0.2813	0.0546	0.1024	-0.2089	-0.2165	0.1219	-0.0629	-0.3104	-0.3552	-0.4117	-0.1444	-0.4969	-0.0232	-0.1931	0.2512	0.1627	-0.1233	0.1587	0.1282	-0.0228	-0.0457	0.0815	0.1178	0.2569	0.1044	0.0740	0.0677	0.4374	-0.0277	-0.0763	0.0542	-0.2116	-0.0654	-0.1196	-0.0889	0.0124	-0.1719	0.0999	-0.0803	0.1920	0.0973	0.2983	0.3785	-0.3861	0.0858	-0.1689	0.1393	0.0907	-0.1175	-0.2231	-0.0736	-0.1188	0.3917	-0.0816	0.0190	0.1337	0.1616	-0.2794	-0.0106	-0.1317	0.1512	-0.3173	0.0729	0.4135	0.2677	-0.0089	-0.0945	0.2219	0.0966	-0.0803	0.4400	-0.2013	-0.0428	-0.1091	-0.2336	-0.1617	-0.5488	2.5117	0.2361	-0.1486
g__Weissella	-0.1421	-0.0339	0.3175	-0.4813	0.6311	-1.0814	0.2602	-0.3819	-0.2653	0.6232	-0.5092	0.0025	-0.6647	-0.6675	0.4403	-0.1409	-1.0128	0.1108	-0.2984	-0.2894	0.3133	-0.1204	-0.3193	-0.5143	0.1711	-0.2623	0.0283	0.3797	0.0136	-0.0473	-0.0868	0.2295	-0.5687	0.0958	-0.3165	0.3710	-0.0595	-0.0520	-0.4904	-0.4360	-0.1640	-0.5606	1.3567	1.2155	-0.4444	0.2021	0.6084	0.2138	0.3179	-0.1417	-1.1134	-0.0117	-0.7124	0.1212	0.2903	0.2599	-0.4678	-1.6785	0.2222	0.3938	1.4128	-1.3785	0.4149	0.4782	0.2886	0.4769	-0.1683	0.4409	-0.2031	-0.2678	-0.5524	0.0949	-1.1455	-0.4078	0.0542	-0.4546	-1.1399	-0.0403	0.9219	-0.4923	-0.3394	1.8138	0.7637	-0.8263	1.7157	0.0729	0.2758	-0.2228	2.7292	0.2597	0.0602	3.1873	0.0136	-0.3876	-0.0221	0.1225	0.1504	-1.7695	0.6611	0.3901	0.3565	-0.0943	0.1662	0.1391	-0.0652	-0.0516	0.0850	-0.2213	-0.0704	-0.3270	-0.5040	-0.1090	-0.2455	0.3313	0.3476	0.4363	0.8115	-0.8278	0.5189	-0.4809	-0.1433	0.1458	-0.0418	-0.0505	-0.9229	-0.2805	1.9509	0.2698	0.0977	-0.4714	0.1344	-0.4909	-1.5571	0.4908	-0.1488	1.3981	0.0755	0.5576	-0.4011	-0.4377	0.2618	0.2317	0.0142	-0.5469	0.2361	7.2263	0.0181
g__Wujia	-0.0305	-0.1134	0.0911	0.0166	-0.2120	-0.1071	0.0056	-0.1095	-0.1379	-0.1390	-0.1175	0.1326	-0.1792	-0.3245	-0.2759	-0.1449	0.1716	0.2014	-0.2280	0.1698	0.1365	-0.1634	-0.2721	-0.5076	0.1301	0.0986	0.0381	0.0933	0.0053	0.2166	0.2051	0.0715	0.0063	-0.4137	-0.1351	0.2725	0.1912	-0.0831	0.1422	0.1010	0.1086	-0.3300	-0.5747	0.7102	-0.1833	0.1650	0.2115	0.9322	0.1308	-0.0703	0.1550	-0.3422	-0.2806	-0.1564	0.0330	0.1356	-0.6422	-0.2212	0.0150	-0.0285	0.0844	0.0998	-0.0581	0.6321	0.0227	0.1413	0.2113	0.0678	-0.0202	0.1829	0.0461	0.1097	-0.3631	0.1348	0.0243	-0.2962	-0.0323	0.1141	0.3130	0.0500	0.0461	0.1393	0.4285	0.1431	0.1594	-0.0441	-0.1806	-0.1405	-0.0126	-0.2537	-0.0899	0.0281	0.2442	0.2560	0.0331	0.0391	-0.1461	-0.4463	-0.0625	0.0186	-0.0487	0.0262	-0.0058	0.0356	-0.0622	0.4806	-0.2887	0.0964	0.0238	-0.0911	-0.3518	-0.3219	0.1964	-0.0256	-0.2531	0.2213	0.3846	0.1136	0.1050	0.1260	0.2501	-0.0037	0.0973	0.0902	-0.1914	0.1646	0.3119	0.0104	-0.3638	0.1785	-0.0037	-0.2834	-0.0372	-0.3057	-0.1245	0.2642	0.0357	0.0552	-0.4455	-0.0828	-0.0944	0.1356	-0.0868	0.2579	-0.1486	0.0181	2.0407
