#OTU ID	PV126	PD157	PV99	PD99	CT16	PD236	PV46	PD214	PV32	PD79	PD108	PD222	PD139	PD178	PD250	PD183	PV142	PV98	PD165	CT48	PD193	PV101	PD41	CT5	PD233	PD120	PD180	PV157	PV62	PD169	PD226	PD35	PV121	PV18	PD95	PD242	CT44	PD44	PV13	PD100	PD98	PV27	PD179	PD243	PD172	PD258	PD112	PV11	PD38	PV68	PV29	PV87	PV130	CT36	PV50	PD25	PD143	PD66	PD39	PD235	PD87	PD30	PV28	PD259	CT50	CT40	PD11	PD12	PV161	CT31	CT27	PD133	PV124	PD223	PD255	PD101	PV129	PD116	PD70	CT39	PV103	PD59	PD91	PD84	PV106	PD124	PD237	PD42	PV56	PD73	PV116	PD36	PV93	PD240	PD103	PD173	PD225	PV5	PD53	PD241	PD195	PD23	PV109	PV54	PD187	PD244	PD161	PD189	PD212	PV80	PD239	PD37	CT6	PD82	PV152	PV36	PD76	CT11	CT9	CT53	PD86	PV1	PD118	PD164	PD188	PV141	PD261	CT34	PD105	PD31	CT19	CT49	PD13	CT41	PD89	CT12	PD115	PD134	PD106	PV134	PD19	PV105	PD203	PD125	PD28	PV118	PD232	PV34	PD128	PD17	PD185	PD132	PV63	PV154	PD229	PV156	PV135	PD136	CT57	PV117	PD146	PD254	PV155	PD47	PV45	PV16	PD196	PD201	PV52	PD252	CT52	PV74	CT18	PV81	CT8	PD107	PD121	CT42	CT29	PV61	PV131	PD176	PV100	PV24	PD217	PV42	PV146	PV35	PD228	CT17	PD80	PD248	PD48	PD64	PD174	PV71	PD177	PD88	PD81	PD50	PV86	PV110	PD113	PV136	PD10	PD129	PD51	PD40	CT2	PV153	PD54	PV159	PD67	PV144	PD32	PV57	PD126	PV77	PV37	PV139	PV2	PV102	PD160	PD3	PV3	PD4	PD234	PD8	PD110	PD142	PV53	PV43	PD85	PD5	CT14	PD9	PV125	PD94	PV133	PD247	PV132	PD102	PD150	PD207	PV148	PV162	PV147	PD148	PD2	PD191	PD218	PD96	CT10	PD7	CT1	PD224	PD56	PD192	PV85	CT28	PD206	PV38	CT51	PD186	PV15	CT46	PD198	PD18	PV115	PD151	PV8	PV84	PD27	CT33	PV96	PV127	PD117	CT45	PV59	PV90	PD104	PD26	PV69	PD211	PD55	PD83	CT55	PD123	PD210	PV22	PV163	PV19	PD29	PD184	CT37	PD69	CT3	PV150	PD60	PD21	PD152	PD213	PD190	CT54	CT43	CT21	CT7	PD153	PD141	PV88	CT22	PD200	PD168	PD97	PV158	PD119	PV73	PD227	PD74	PD90	PD260	PV160	PV137	PD144	PV94	PV112	PV9	PD158	PV91	PV66	PD167	PV120	PD131	PD1	CT26	PV4	PD6	CT35	PV64	PD202	PV72	PV26	PD199	PV58	PV107	PD34	PD175	PV10	PV31	PD230	PD77	PV166	PD209	PD256	PD245	PV104	PD24	CT38	PV128	PD197	PV145	PD46	PV143	PV97	PD208	PD45	CT25	PD114	PD49	PD58	PD149	PV79	PD75	PD204	PV30	CT13	PD253	PD63	PV41	PD62	PD14	PD170	PD156	PV75	PD15	CT4	PV76	PV114	PD140	PV151	PD16	PV67	PD33	PV20	PV123	PD122	PV21	CT56	PD220	PD221	PV140	PV119	PV111	PV164	PV17	PV60	PV14	PV122	CT32	PV6	PV82	PD52	PD20	PD61	PD251	CT30	PD219	PV78	CT15	PV25	PV113	PV55	PD137	PD181	PD205	PV47	PV12	PD231	PV44	PV70	PD216	PV48	PD145	CT20	PV65	PD154	PV40	PD130	PD138	PD257	PV33	PV138	CT47	PV149	PD93	PV83	PV7	PV165	PV51	PD111	PD68	PD155	PD163	PD171	PV108	PV23	PV92	PD238	PD162	PD166	PD65	PV89	PD246	PD135	PD109	PD249	PD194	PD182	PD57	PD159	PD127	PD72	PD215	CT24	PD92	PD71	PD147	PD78	PV49	PD43	CT23	PV39	PV95
s__Eubacterium_G ventriosum (1)	0.0	0.0	0.0	66.0	0.0	0.0	0.0	0.0	3.0	0.0	0.0	8.0	0.0	0.0	0.0	0.0	7.0	0.0	0.0	7.0	0.0	0.0	0.0	0.0	161.0	0.0	40.0	11.0	0.0	0.0	0.0	1.0	21.0	0.0	0.0	0.0	6.0	0.0	18.0	0.0	3.0	0.0	0.0	0.0	12.0	0.0	117.0	0.0	2.0	0.0	0.0	27.0	14.0	51.0	0.0	0.0	0.0	0.0	53.0	0.0	13.0	0.0	0.0	0.0	0.0	55.0	11.0	0.0	23.0	19.0	0.0	0.0	0.0	6.0	0.0	3.0	42.0	0.0	0.0	0.0	0.0	0.0	0.0	0.0	0.0	0.0	8.0	0.0	0.0	22.0	0.0	0.0	0.0	0.0	0.0	0.0	0.0	0.0	0.0	0.0	14.0	0.0	0.0	0.0	0.0	26.0	9.0	0.0	0.0	34.0	19.0	0.0	0.0	0.0	0.0	37.0	0.0	11.0	13.0	8.0	0.0	0.0	0.0	14.0	0.0	14.0	1.0	12.0	6.0	3.0	20.0	0.0	0.0	30.0	1.0	19.0	12.0	33.0	0.0	0.0	0.0	0.0	85.0	0.0	0.0	19.0	141.0	0.0	0.0	0.0	198.0	0.0	2.0	0.0	0.0	6.0	7.0	0.0	0.0	4.0	0.0	0.0	15.0	0.0	47.0	0.0	0.0	0.0	45.0	0.0	19.0	0.0	15.0	0.0	0.0	2.0	0.0	0.0	23.0	19.0	5.0	0.0	0.0	20.0	0.0	0.0	0.0	0.0	3.0	27.0	11.0	0.0	0.0	0.0	15.0	0.0	0.0	4.0	0.0	0.0	16.0	5.0	34.0	70.0	0.0	0.0	0.0	0.0	5.0	0.0	0.0	0.0	0.0	6.0	0.0	43.0	9.0	0.0	0.0	0.0	27.0	0.0	0.0	0.0	0.0	7.0	0.0	0.0	0.0	0.0	0.0	26.0	0.0	5.0	15.0	0.0	25.0	0.0	0.0	0.0	5.0	0.0	0.0	32.0	0.0	5.0	0.0	18.0	15.0	0.0	34.0	0.0	7.0	12.0	0.0	109.0	0.0	33.0	0.0	90.0	0.0	39.0	0.0	7.0	10.0	5.0	35.0	16.0	2.0	0.0	17.0	2.0	0.0	23.0	15.0	0.0	0.0	10.0	0.0	0.0	0.0	0.0	19.0	0.0	0.0	0.0	0.0	0.0	0.0	6.0	0.0	48.0	0.0	14.0	21.0	38.0	22.0	8.0	0.0	0.0	0.0	0.0	13.0	0.0	11.0	6.0	4.0	0.0	29.0	0.0	147.0	0.0	36.0	0.0	15.0	0.0	0.0	0.0	0.0	0.0	2.0	29.0	0.0	16.0	0.0	0.0	0.0	8.0	0.0	96.0	0.0	0.0	39.0	12.0	3.0	0.0	0.0	11.0	0.0	0.0	10.0	0.0	28.0	7.0	0.0	0.0	2.0	0.0	0.0	0.0	0.0	0.0	0.0	0.0	0.0	0.0	0.0	29.0	11.0	5.0	26.0	0.0	0.0	20.0	0.0	0.0	37.0	0.0	24.0	69.0	2.0	0.0	48.0	0.0	7.0	37.0	0.0	84.0	3.0	0.0	0.0	31.0	0.0	0.0	21.0	23.0	0.0	0.0	0.0	9.0	0.0	20.0	0.0	0.0	0.0	23.0	5.0	0.0	0.0	0.0	46.0	25.0	93.0	5.0	0.0	23.0	0.0	35.0	39.0	0.0	14.0	0.0	0.0	0.0	0.0	0.0	0.0	14.0	8.0	36.0	108.0	0.0	1.0	77.0	0.0	6.0	50.0	0.0	0.0	5.0	0.0	17.0	0.0	0.0	0.0	0.0	8.0	0.0	0.0	0.0	0.0	2.0	30.0	0.0	0.0	0.0	4.0	6.0	0.0	0.0	0.0	0.0	0.0	0.0	0.0	13.0	0.0	0.0	0.0	3.0	6.0	23.0	5.0	0.0	18.0	20.0	0.0	0.0	0.0	0.0	0.0	0.0	67.0	65.0	0.0	21.0	0.0	0.0	11.0	0.0	33.0	6.0	0.0
g__Lactiplantibacillus (1)	0.0	4.0	0.0	0.0	0.0	0.0	0.0	0.0	0.0	0.0	0.0	0.0	0.0	0.0	0.0	114.0	0.0	0.0	0.0	0.0	0.0	0.0	0.0	0.0	0.0	0.0	0.0	0.0	0.0	0.0	0.0	0.0	0.0	0.0	0.0	69.0	0.0	0.0	0.0	0.0	0.0	0.0	0.0	0.0	0.0	0.0	0.0	0.0	0.0	0.0	0.0	0.0	0.0	48.0	0.0	0.0	0.0	0.0	0.0	0.0	0.0	0.0	0.0	0.0	0.0	0.0	0.0	0.0	0.0	0.0	0.0	0.0	0.0	0.0	0.0	0.0	0.0	20.0	0.0	5.0	1.0	0.0	0.0	0.0	0.0	0.0	0.0	0.0	0.0	0.0	6.0	0.0	0.0	0.0	0.0	0.0	0.0	1.0	0.0	0.0	0.0	1.0	0.0	0.0	209.0	0.0	0.0	0.0	0.0	0.0	0.0	0.0	0.0	22.0	0.0	0.0	0.0	0.0	0.0	3.0	0.0	0.0	0.0	4.0	0.0	0.0	2.0	0.0	0.0	0.0	0.0	0.0	0.0	0.0	0.0	0.0	0.0	0.0	0.0	0.0	0.0	0.0	0.0	0.0	0.0	0.0	0.0	0.0	0.0	0.0	1.0	0.0	0.0	0.0	0.0	0.0	0.0	14.0	0.0	0.0	0.0	0.0	0.0	0.0	0.0	0.0	0.0	5.0	0.0	0.0	0.0	0.0	0.0	0.0	0.0	0.0	0.0	0.0	0.0	0.0	0.0	0.0	0.0	0.0	4.0	0.0	0.0	0.0	0.0	0.0	0.0	0.0	0.0	0.0	0.0	0.0	0.0	0.0	0.0	17.0	0.0	0.0	0.0	6.0	82.0	0.0	0.0	237.0	0.0	0.0	0.0	0.0	0.0	0.0	23.0	0.0	0.0	0.0	1.0	0.0	0.0	0.0	0.0	5.0	0.0	0.0	0.0	0.0	0.0	0.0	0.0	0.0	11.0	0.0	0.0	0.0	0.0	0.0	0.0	0.0	0.0	0.0	0.0	0.0	0.0	0.0	0.0	0.0	0.0	0.0	0.0	2.0	0.0	0.0	0.0	0.0	0.0	0.0	0.0	3.0	19.0	0.0	13.0	0.0	3.0	0.0	0.0	0.0	0.0	0.0	0.0	0.0	0.0	0.0	0.0	0.0	0.0	0.0	0.0	0.0	14.0	0.0	0.0	0.0	0.0	0.0	0.0	0.0	0.0	0.0	0.0	0.0	0.0	2.0	18.0	0.0	0.0	0.0	0.0	0.0	0.0	0.0	0.0	13.0	0.0	0.0	0.0	0.0	0.0	0.0	0.0	0.0	0.0	0.0	0.0	0.0	0.0	0.0	0.0	0.0	0.0	0.0	0.0	0.0	0.0	0.0	0.0	0.0	25.0	0.0	0.0	0.0	0.0	0.0	0.0	0.0	128.0	0.0	0.0	0.0	2.0	8.0	0.0	0.0	0.0	0.0	0.0	0.0	10.0	0.0	0.0	0.0	0.0	0.0	0.0	0.0	0.0	0.0	0.0	0.0	0.0	0.0	0.0	0.0	0.0	3.0	0.0	9.0	0.0	0.0	0.0	0.0	0.0	0.0	2.0	0.0	0.0	0.0	0.0	0.0	0.0	0.0	0.0	0.0	0.0	0.0	2.0	0.0	0.0	0.0	0.0	0.0	0.0	0.0	0.0	0.0	0.0	3.0	0.0	1.0	0.0	0.0	0.0	0.0	0.0	0.0	0.0	0.0	0.0	0.0	0.0	3.0	0.0	4.0	0.0	0.0	0.0	0.0	0.0	0.0	0.0	0.0	0.0	0.0	0.0	0.0	0.0	0.0	5.0	0.0	0.0	18.0	0.0	0.0	19.0	0.0	0.0	0.0	0.0	0.0	0.0	0.0	0.0	440.0	2.0	0.0	0.0	0.0	0.0	36.0	0.0	0.0	0.0	0.0	0.0	0.0	0.0	0.0	0.0	0.0	0.0	0.0	0.0	0.0	0.0	7.0	0.0	0.0	0.0	0.0	0.0	0.0	0.0	0.0	0.0	0.0	0.0	0.0	0.0	0.0	0.0	0.0	15.0
g__Latilactobacillus (1)	5.0	0.0	0.0	0.0	0.0	0.0	4.0	0.0	1.0	0.0	0.0	0.0	0.0	0.0	0.0	0.0	0.0	0.0	6.0	0.0	0.0	0.0	57.0	2.0	118.0	0.0	2.0	0.0	81.0	0.0	3.0	0.0	0.0	0.0	426.0	0.0	3.0	0.0	0.0	0.0	0.0	0.0	12.0	8.0	0.0	0.0	0.0	0.0	635.0	0.0	2.0	59.0	0.0	2.0	0.0	0.0	12.0	38.0	0.0	4.0	0.0	0.0	0.0	0.0	2.0	0.0	0.0	0.0	10.0	0.0	3.0	0.0	0.0	0.0	0.0	0.0	0.0	12.0	7.0	0.0	0.0	0.0	0.0	0.0	0.0	0.0	0.0	0.0	0.0	0.0	0.0	0.0	0.0	0.0	0.0	0.0	0.0	0.0	0.0	0.0	1.0	0.0	0.0	0.0	21.0	21.0	1.0	0.0	0.0	0.0	10.0	0.0	0.0	2.0	8.0	420.0	0.0	0.0	33.0	0.0	0.0	0.0	0.0	0.0	0.0	0.0	0.0	1.0	0.0	0.0	0.0	0.0	30.0	6.0	1.0	0.0	0.0	0.0	39.0	5.0	0.0	0.0	0.0	0.0	9.0	0.0	0.0	7.0	0.0	0.0	0.0	36.0	2.0	0.0	0.0	0.0	77.0	1.0	21.0	0.0	0.0	0.0	0.0	0.0	0.0	0.0	3.0	0.0	0.0	0.0	1.0	0.0	2.0	0.0	14.0	10.0	0.0	14.0	3.0	4.0	0.0	0.0	0.0	0.0	0.0	0.0	0.0	16.0	0.0	0.0	0.0	0.0	3.0	7.0	0.0	1.0	37.0	0.0	0.0	0.0	0.0	0.0	0.0	84.0	0.0	0.0	0.0	0.0	2.0	0.0	0.0	0.0	1.0	2.0	57.0	0.0	0.0	0.0	0.0	0.0	13.0	0.0	0.0	0.0	0.0	0.0	0.0	0.0	0.0	0.0	0.0	0.0	0.0	1.0	3.0	0.0	0.0	0.0	1.0	0.0	4.0	15.0	0.0	1.0	0.0	0.0	0.0	72.0	0.0	0.0	0.0	0.0	1.0	0.0	0.0	0.0	0.0	0.0	0.0	0.0	0.0	0.0	0.0	0.0	0.0	0.0	1.0	0.0	1.0	2.0	0.0	0.0	0.0	0.0	33.0	6.0	0.0	0.0	2.0	0.0	0.0	3.0	0.0	0.0	2.0	0.0	0.0	0.0	1.0	21.0	0.0	0.0	0.0	0.0	49.0	1.0	50.0	0.0	0.0	0.0	4.0	1.0	0.0	4.0	0.0	4.0	0.0	0.0	0.0	0.0	0.0	0.0	0.0	0.0	0.0	0.0	2.0	0.0	0.0	0.0	0.0	0.0	0.0	0.0	7.0	0.0	0.0	0.0	4.0	0.0	0.0	0.0	13.0	0.0	0.0	0.0	0.0	0.0	0.0	0.0	0.0	0.0	0.0	0.0	0.0	0.0	0.0	0.0	0.0	0.0	18.0	0.0	0.0	62.0	179.0	0.0	1.0	12.0	0.0	264.0	5.0	0.0	139.0	0.0	0.0	0.0	0.0	43.0	99.0	1.0	0.0	0.0	0.0	0.0	0.0	0.0	0.0	0.0	0.0	0.0	0.0	3.0	0.0	13.0	0.0	7.0	0.0	10.0	0.0	6.0	0.0	3.0	0.0	0.0	6.0	0.0	21.0	0.0	14.0	2.0	13.0	0.0	0.0	0.0	0.0	0.0	0.0	0.0	0.0	0.0	3.0	0.0	0.0	0.0	0.0	4.0	0.0	0.0	23.0	0.0	0.0	0.0	32.0	0.0	7.0	2.0	0.0	1.0	0.0	0.0	4.0	0.0	0.0	0.0	4.0	7.0	0.0	5.0	0.0	0.0	0.0	0.0	0.0	4.0	0.0	5.0	0.0	2.0	0.0	2.0	0.0	0.0	0.0	0.0	0.0	0.0	2.0	2.0	0.0	0.0	16.0	12.0	0.0	0.0	8.0	0.0	2.0	37.0	0.0	0.0	0.0	0.0	52.0	0.0	0.0	0.0	0.0	2.0	0.0	0.0	12.0	0.0	5.0
s__Weissella koreensis (1)	0.0	0.0	0.0	0.0	0.0	0.0	0.0	0.0	0.0	0.0	1.0	0.0	0.0	0.0	0.0	0.0	0.0	0.0	0.0	0.0	0.0	0.0	0.0	0.0	9.0	0.0	0.0	0.0	0.0	0.0	0.0	0.0	4.0	0.0	0.0	0.0	0.0	0.0	0.0	0.0	0.0	0.0	0.0	1.0	0.0	0.0	10.0	0.0	0.0	0.0	0.0	0.0	0.0	0.0	0.0	0.0	0.0	10.0	4.0	0.0	0.0	0.0	0.0	2.0	0.0	0.0	0.0	0.0	5.0	0.0	0.0	0.0	0.0	0.0	0.0	0.0	13.0	0.0	0.0	0.0	0.0	0.0	0.0	0.0	0.0	0.0	0.0	0.0	0.0	0.0	0.0	0.0	0.0	0.0	0.0	0.0	0.0	0.0	0.0	0.0	0.0	0.0	0.0	5.0	0.0	1.0	0.0	0.0	0.0	2.0	18.0	0.0	0.0	0.0	0.0	0.0	0.0	0.0	0.0	0.0	0.0	0.0	3.0	0.0	0.0	0.0	0.0	0.0	0.0	0.0	0.0	1.0	0.0	0.0	0.0	0.0	0.0	0.0	7.0	0.0	0.0	0.0	0.0	6.0	3.0	0.0	0.0	16.0	0.0	0.0	0.0	0.0	0.0	0.0	1.0	0.0	0.0	0.0	5.0	0.0	0.0	0.0	0.0	0.0	0.0	0.0	0.0	0.0	0.0	0.0	0.0	3.0	0.0	0.0	0.0	0.0	0.0	0.0	0.0	0.0	0.0	0.0	0.0	0.0	0.0	0.0	0.0	3.0	0.0	0.0	0.0	0.0	1.0	0.0	0.0	9.0	0.0	1.0	2.0	0.0	0.0	0.0	0.0	19.0	2.0	27.0	15.0	0.0	0.0	0.0	0.0	0.0	0.0	3.0	1.0	0.0	0.0	0.0	4.0	4.0	5.0	0.0	0.0	0.0	0.0	0.0	4.0	0.0	0.0	0.0	6.0	0.0	0.0	1.0	0.0	2.0	0.0	0.0	0.0	7.0	0.0	3.0	0.0	0.0	0.0	4.0	0.0	24.0	0.0	0.0	0.0	0.0	0.0	0.0	0.0	0.0	0.0	0.0	0.0	0.0	7.0	0.0	4.0	0.0	0.0	0.0	2.0	0.0	0.0	0.0	0.0	0.0	0.0	2.0	0.0	0.0	0.0	0.0	0.0	0.0	0.0	11.0	0.0	0.0	7.0	0.0	0.0	0.0	0.0	12.0	0.0	0.0	0.0	0.0	0.0	4.0	0.0	0.0	0.0	0.0	1.0	0.0	0.0	0.0	0.0	0.0	0.0	0.0	0.0	0.0	0.0	0.0	4.0	0.0	0.0	3.0	0.0	0.0	3.0	0.0	0.0	0.0	13.0	0.0	0.0	0.0	0.0	0.0	0.0	0.0	0.0	5.0	4.0	0.0	0.0	0.0	0.0	0.0	0.0	0.0	0.0	0.0	4.0	0.0	0.0	0.0	0.0	0.0	0.0	0.0	0.0	0.0	0.0	0.0	8.0	0.0	2.0	38.0	10.0	5.0	1.0	0.0	4.0	0.0	3.0	0.0	0.0	0.0	19.0	1.0	0.0	0.0	13.0	0.0	0.0	0.0	0.0	0.0	0.0	0.0	0.0	0.0	0.0	0.0	0.0	0.0	0.0	0.0	4.0	4.0	0.0	0.0	0.0	0.0	0.0	7.0	20.0	0.0	19.0	0.0	2.0	0.0	3.0	0.0	0.0	0.0	0.0	0.0	0.0	9.0	0.0	0.0	43.0	0.0	0.0	0.0	2.0	0.0	3.0	0.0	0.0	0.0	0.0	0.0	2.0	0.0	0.0	0.0	0.0	0.0	0.0	14.0	0.0	0.0	0.0	0.0	0.0	0.0	0.0	0.0	0.0	0.0	0.0	18.0	0.0	0.0	0.0	0.0	0.0	0.0	0.0	0.0	0.0	0.0	0.0	0.0	0.0	1.0	0.0	0.0	1.0	0.0	2.0	0.0	0.0	0.0	3.0	0.0	0.0	0.0	0.0	4.0	25.0	0.0	0.0	5.0	9.0	0.0	0.0	0.0	0.0	0.0	0.0
g__Lacticaseibacillus (1)	0.0	17.0	0.0	0.0	0.0	3.0	0.0	0.0	0.0	0.0	0.0	0.0	0.0	0.0	0.0	197.0	0.0	0.0	0.0	0.0	0.0	0.0	170.0	0.0	0.0	0.0	0.0	0.0	0.0	20.0	0.0	0.0	0.0	0.0	49.0	0.0	0.0	0.0	0.0	0.0	0.0	5.0	0.0	0.0	0.0	0.0	1.0	0.0	0.0	0.0	2.0	0.0	0.0	0.0	0.0	0.0	0.0	0.0	0.0	0.0	0.0	0.0	0.0	2.0	0.0	0.0	0.0	0.0	0.0	0.0	0.0	0.0	0.0	0.0	1.0	0.0	0.0	0.0	0.0	0.0	0.0	0.0	0.0	0.0	0.0	1.0	0.0	0.0	0.0	0.0	0.0	5.0	0.0	0.0	0.0	18.0	0.0	0.0	0.0	0.0	0.0	0.0	0.0	0.0	0.0	0.0	0.0	0.0	0.0	0.0	0.0	64.0	0.0	31.0	0.0	0.0	0.0	0.0	0.0	0.0	0.0	0.0	0.0	0.0	0.0	0.0	1.0	0.0	0.0	0.0	9.0	0.0	0.0	0.0	0.0	0.0	0.0	0.0	6.0	0.0	0.0	0.0	4.0	0.0	0.0	0.0	8.0	0.0	0.0	0.0	0.0	0.0	0.0	0.0	20.0	0.0	0.0	0.0	0.0	0.0	0.0	2.0	0.0	0.0	0.0	0.0	0.0	4.0	0.0	7.0	0.0	0.0	0.0	0.0	4.0	0.0	5.0	0.0	0.0	0.0	0.0	0.0	0.0	0.0	0.0	0.0	0.0	0.0	0.0	0.0	0.0	6.0	0.0	0.0	0.0	0.0	0.0	0.0	0.0	4.0	1.0	0.0	2.0	0.0	0.0	0.0	0.0	2.0	0.0	0.0	0.0	0.0	0.0	0.0	49.0	0.0	0.0	0.0	0.0	0.0	0.0	0.0	0.0	572.0	0.0	6.0	0.0	6.0	13.0	0.0	0.0	1.0	44.0	6.0	0.0	0.0	0.0	0.0	0.0	3.0	17.0	0.0	0.0	0.0	0.0	0.0	0.0	0.0	0.0	10.0	0.0	0.0	0.0	0.0	0.0	0.0	0.0	0.0	0.0	0.0	699.0	0.0	0.0	0.0	0.0	0.0	0.0	6.0	0.0	0.0	0.0	0.0	0.0	0.0	0.0	0.0	0.0	0.0	0.0	0.0	7.0	0.0	0.0	0.0	0.0	0.0	0.0	0.0	0.0	0.0	0.0	0.0	0.0	0.0	0.0	0.0	0.0	0.0	2.0	0.0	0.0	0.0	0.0	0.0	0.0	0.0	0.0	97.0	0.0	0.0	0.0	0.0	0.0	0.0	0.0	0.0	0.0	0.0	0.0	1.0	0.0	0.0	0.0	0.0	0.0	0.0	0.0	0.0	0.0	0.0	0.0	0.0	0.0	0.0	0.0	0.0	0.0	0.0	0.0	0.0	0.0	0.0	0.0	0.0	0.0	0.0	0.0	0.0	0.0	0.0	0.0	0.0	0.0	0.0	0.0	0.0	0.0	0.0	0.0	0.0	0.0	0.0	2.0	0.0	0.0	0.0	0.0	0.0	0.0	0.0	0.0	56.0	0.0	0.0	0.0	0.0	0.0	0.0	0.0	10.0	0.0	0.0	0.0	0.0	0.0	0.0	0.0	0.0	0.0	0.0	0.0	0.0	0.0	0.0	0.0	0.0	0.0	0.0	0.0	2.0	0.0	0.0	0.0	0.0	0.0	0.0	0.0	0.0	0.0	0.0	0.0	0.0	0.0	3.0	12.0	0.0	0.0	0.0	0.0	0.0	0.0	0.0	0.0	0.0	0.0	0.0	0.0	0.0	0.0	0.0	13.0	0.0	6.0	0.0	0.0	0.0	0.0	0.0	4.0	4.0	0.0	0.0	0.0	0.0	0.0	0.0	0.0	0.0	0.0	4.0	13.0	0.0	0.0	0.0	0.0	0.0	0.0	0.0	127.0	0.0	0.0	0.0	0.0	0.0	0.0	10.0	0.0	0.0	0.0	0.0	0.0	0.0	0.0	0.0	0.0	0.0	0.0	0.0	0.0	0.0	0.0	0.0	3.0
s__Lacticaseibacillus rhamnosus (1)	0.0	54.0	0.0	0.0	0.0	0.0	0.0	0.0	0.0	0.0	0.0	0.0	0.0	0.0	0.0	10.0	0.0	0.0	0.0	0.0	0.0	0.0	0.0	0.0	0.0	0.0	0.0	0.0	0.0	0.0	8.0	0.0	0.0	0.0	0.0	0.0	0.0	0.0	0.0	0.0	5.0	0.0	0.0	0.0	0.0	3.0	0.0	0.0	0.0	0.0	0.0	0.0	0.0	0.0	0.0	12.0	0.0	0.0	0.0	0.0	0.0	0.0	0.0	0.0	0.0	0.0	0.0	0.0	0.0	0.0	0.0	7.0	0.0	0.0	0.0	0.0	0.0	0.0	0.0	0.0	0.0	4.0	4.0	0.0	0.0	0.0	0.0	0.0	0.0	0.0	0.0	0.0	0.0	0.0	0.0	22.0	0.0	0.0	0.0	0.0	0.0	5.0	0.0	1.0	0.0	0.0	0.0	0.0	0.0	0.0	0.0	53.0	0.0	22.0	0.0	0.0	0.0	0.0	0.0	0.0	0.0	0.0	0.0	0.0	0.0	0.0	0.0	0.0	0.0	0.0	0.0	0.0	0.0	0.0	1.0	0.0	0.0	0.0	0.0	0.0	0.0	0.0	0.0	0.0	0.0	0.0	0.0	0.0	0.0	0.0	0.0	8.0	0.0	0.0	0.0	0.0	0.0	0.0	0.0	0.0	0.0	0.0	0.0	0.0	0.0	0.0	0.0	0.0	0.0	0.0	0.0	0.0	0.0	0.0	0.0	0.0	0.0	0.0	0.0	0.0	0.0	2.0	0.0	0.0	0.0	1.0	0.0	0.0	0.0	9.0	0.0	0.0	0.0	0.0	0.0	0.0	0.0	9.0	1.0	0.0	0.0	0.0	0.0	0.0	1.0	0.0	0.0	11.0	0.0	0.0	2.0	0.0	0.0	0.0	0.0	0.0	0.0	0.0	0.0	0.0	0.0	0.0	0.0	66.0	0.0	0.0	0.0	0.0	0.0	0.0	5.0	0.0	0.0	0.0	0.0	0.0	0.0	0.0	0.0	0.0	0.0	0.0	0.0	0.0	0.0	0.0	0.0	0.0	0.0	0.0	0.0	0.0	0.0	10.0	0.0	0.0	0.0	1.0	0.0	1.0	29.0	0.0	1.0	0.0	0.0	0.0	0.0	0.0	0.0	0.0	0.0	0.0	0.0	0.0	0.0	0.0	0.0	0.0	0.0	0.0	7.0	0.0	0.0	0.0	6.0	0.0	0.0	0.0	0.0	0.0	0.0	0.0	5.0	0.0	20.0	0.0	0.0	0.0	0.0	0.0	0.0	0.0	0.0	0.0	0.0	0.0	0.0	0.0	0.0	40.0	0.0	0.0	0.0	0.0	0.0	11.0	0.0	0.0	0.0	0.0	1.0	0.0	0.0	0.0	0.0	0.0	0.0	0.0	4.0	0.0	0.0	0.0	0.0	9.0	0.0	0.0	0.0	0.0	0.0	0.0	0.0	0.0	0.0	0.0	0.0	0.0	0.0	0.0	0.0	0.0	0.0	0.0	0.0	0.0	0.0	0.0	17.0	0.0	0.0	0.0	0.0	0.0	0.0	0.0	0.0	0.0	0.0	9.0	0.0	0.0	0.0	0.0	0.0	0.0	0.0	0.0	0.0	7.0	0.0	0.0	0.0	8.0	0.0	0.0	0.0	0.0	0.0	0.0	0.0	0.0	0.0	0.0	0.0	0.0	0.0	0.0	0.0	0.0	0.0	20.0	0.0	0.0	0.0	0.0	0.0	0.0	0.0	1.0	0.0	0.0	0.0	0.0	3.0	0.0	0.0	0.0	0.0	0.0	0.0	0.0	0.0	0.0	0.0	0.0	0.0	0.0	0.0	0.0	0.0	0.0	0.0	0.0	4.0	0.0	0.0	0.0	0.0	0.0	0.0	0.0	0.0	0.0	0.0	0.0	0.0	0.0	0.0	0.0	0.0	0.0	0.0	0.0	0.0	0.0	0.0	0.0	0.0	0.0	0.0	0.0	0.0	0.0	0.0	0.0	0.0	0.0	0.0	0.0	0.0	0.0	0.0	1.0	0.0	3.0	3.0	0.0	0.0	3.0	0.0	0.0	0.0	0.0	0.0
g__Pediococcus (1)	0.0	0.0	0.0	0.0	0.0	0.0	0.0	0.0	0.0	1.0	0.0	0.0	2.0	0.0	0.0	9.0	0.0	0.0	0.0	0.0	0.0	0.0	0.0	0.0	0.0	0.0	0.0	0.0	0.0	160.0	1348.0	0.0	0.0	0.0	0.0	0.0	0.0	0.0	0.0	0.0	0.0	0.0	0.0	0.0	11.0	0.0	4.0	0.0	0.0	0.0	0.0	0.0	0.0	0.0	0.0	0.0	0.0	0.0	0.0	0.0	0.0	3.0	1785.0	0.0	0.0	0.0	0.0	5.0	0.0	0.0	0.0	0.0	0.0	0.0	0.0	0.0	0.0	0.0	0.0	72.0	14.0	455.0	0.0	0.0	0.0	0.0	0.0	0.0	0.0	0.0	0.0	0.0	0.0	1.0	0.0	1.0	0.0	0.0	0.0	0.0	0.0	0.0	4.0	0.0	952.0	0.0	0.0	0.0	0.0	0.0	0.0	237.0	0.0	0.0	0.0	0.0	0.0	0.0	0.0	0.0	0.0	1337.0	0.0	0.0	0.0	0.0	0.0	0.0	0.0	0.0	0.0	0.0	4.0	0.0	0.0	0.0	1.0	0.0	0.0	0.0	0.0	0.0	1064.0	0.0	0.0	0.0	186.0	0.0	0.0	0.0	0.0	0.0	0.0	0.0	0.0	0.0	0.0	265.0	0.0	0.0	0.0	0.0	0.0	1.0	2.0	0.0	0.0	0.0	0.0	2094.0	0.0	0.0	0.0	0.0	0.0	0.0	0.0	5.0	0.0	0.0	0.0	0.0	0.0	0.0	0.0	0.0	0.0	0.0	0.0	0.0	0.0	108.0	0.0	0.0	0.0	0.0	0.0	0.0	0.0	0.0	0.0	0.0	0.0	0.0	1693.0	0.0	13.0	0.0	0.0	0.0	123.0	0.0	0.0	0.0	0.0	0.0	0.0	5.0	0.0	0.0	0.0	0.0	0.0	0.0	40.0	1.0	0.0	206.0	0.0	0.0	0.0	3.0	0.0	0.0	0.0	259.0	0.0	0.0	0.0	0.0	0.0	0.0	0.0	0.0	0.0	0.0	0.0	0.0	0.0	0.0	0.0	0.0	0.0	0.0	0.0	0.0	0.0	0.0	2.0	0.0	2714.0	0.0	82.0	0.0	0.0	0.0	0.0	0.0	0.0	0.0	0.0	0.0	0.0	0.0	0.0	0.0	0.0	0.0	0.0	0.0	22.0	2.0	1.0	197.0	0.0	0.0	0.0	0.0	0.0	0.0	0.0	0.0	0.0	0.0	0.0	0.0	0.0	0.0	6.0	9.0	0.0	0.0	0.0	0.0	0.0	0.0	0.0	0.0	0.0	641.0	0.0	0.0	0.0	0.0	0.0	0.0	0.0	0.0	0.0	0.0	0.0	0.0	0.0	0.0	0.0	0.0	0.0	0.0	0.0	0.0	0.0	1.0	0.0	32.0	0.0	0.0	0.0	0.0	0.0	0.0	0.0	0.0	0.0	0.0	0.0	0.0	296.0	0.0	0.0	0.0	3.0	0.0	0.0	0.0	0.0	0.0	0.0	0.0	0.0	0.0	0.0	0.0	0.0	0.0	0.0	0.0	0.0	0.0	0.0	0.0	0.0	0.0	0.0	0.0	0.0	0.0	25.0	0.0	0.0	0.0	0.0	0.0	0.0	0.0	0.0	0.0	0.0	0.0	0.0	0.0	0.0	0.0	0.0	0.0	0.0	0.0	0.0	0.0	0.0	357.0	0.0	2.0	0.0	0.0	0.0	0.0	0.0	0.0	0.0	0.0	0.0	0.0	0.0	0.0	0.0	0.0	0.0	0.0	0.0	0.0	0.0	0.0	0.0	0.0	0.0	0.0	0.0	0.0	0.0	0.0	386.0	0.0	85.0	0.0	0.0	0.0	0.0	14.0	0.0	1016.0	0.0	0.0	0.0	0.0	0.0	0.0	0.0	0.0	0.0	822.0	23.0	2.0	0.0	251.0	20.0	0.0	0.0	0.0	10.0	0.0	0.0	0.0	0.0	0.0	0.0	0.0	0.0	9.0	0.0	0.0	0.0	0.0	0.0	0.0	0.0	0.0	107.0	0.0	0.0	55.0	0.0	0.0	0.0
s__Ligilactobacillus salivarius (1)	0.0	0.0	0.0	0.0	0.0	0.0	0.0	0.0	0.0	0.0	0.0	0.0	0.0	0.0	0.0	0.0	0.0	0.0	0.0	0.0	0.0	0.0	0.0	0.0	0.0	0.0	0.0	0.0	0.0	0.0	0.0	0.0	3.0	0.0	114.0	0.0	0.0	0.0	0.0	0.0	0.0	0.0	0.0	0.0	0.0	2765.0	4.0	0.0	0.0	0.0	0.0	486.0	4.0	0.0	0.0	0.0	0.0	0.0	0.0	0.0	0.0	3.0	1.0	1.0	0.0	0.0	0.0	0.0	0.0	0.0	0.0	0.0	10.0	0.0	0.0	0.0	0.0	0.0	10.0	0.0	0.0	0.0	0.0	0.0	0.0	0.0	0.0	0.0	0.0	0.0	1.0	0.0	0.0	0.0	0.0	19.0	0.0	0.0	0.0	0.0	0.0	0.0	0.0	0.0	0.0	0.0	0.0	0.0	0.0	0.0	0.0	19.0	0.0	0.0	0.0	0.0	0.0	0.0	0.0	0.0	0.0	0.0	7.0	0.0	0.0	0.0	0.0	0.0	0.0	0.0	0.0	0.0	1.0	0.0	0.0	0.0	0.0	0.0	0.0	9.0	0.0	0.0	0.0	0.0	0.0	0.0	0.0	0.0	0.0	0.0	0.0	0.0	0.0	0.0	0.0	0.0	0.0	18.0	0.0	0.0	0.0	0.0	0.0	0.0	0.0	0.0	0.0	0.0	0.0	0.0	0.0	44.0	0.0	3.0	0.0	0.0	0.0	0.0	0.0	0.0	0.0	0.0	0.0	0.0	0.0	0.0	0.0	0.0	0.0	0.0	0.0	73.0	0.0	0.0	10.0	0.0	0.0	0.0	1.0	0.0	0.0	0.0	0.0	0.0	0.0	0.0	0.0	0.0	0.0	20.0	46.0	0.0	0.0	0.0	0.0	0.0	0.0	0.0	0.0	0.0	0.0	0.0	0.0	0.0	0.0	0.0	0.0	0.0	0.0	0.0	0.0	0.0	87.0	1.0	0.0	0.0	0.0	0.0	0.0	0.0	1.0	0.0	0.0	0.0	0.0	0.0	0.0	0.0	0.0	0.0	0.0	0.0	0.0	0.0	0.0	0.0	0.0	0.0	0.0	0.0	0.0	0.0	0.0	0.0	0.0	0.0	0.0	3864.0	0.0	0.0	0.0	0.0	0.0	0.0	0.0	0.0	2.0	0.0	0.0	0.0	0.0	0.0	0.0	0.0	0.0	0.0	0.0	0.0	0.0	0.0	0.0	0.0	0.0	0.0	147.0	0.0	0.0	0.0	0.0	0.0	0.0	0.0	0.0	0.0	0.0	0.0	8.0	0.0	0.0	0.0	0.0	0.0	0.0	0.0	0.0	0.0	7.0	0.0	10.0	0.0	0.0	0.0	0.0	0.0	0.0	0.0	0.0	0.0	0.0	0.0	0.0	0.0	0.0	0.0	0.0	0.0	20.0	0.0	0.0	0.0	0.0	0.0	0.0	0.0	0.0	0.0	0.0	29.0	0.0	0.0	0.0	4.0	0.0	6.0	0.0	0.0	0.0	0.0	0.0	0.0	0.0	0.0	0.0	0.0	0.0	0.0	0.0	1449.0	0.0	0.0	0.0	0.0	0.0	0.0	0.0	0.0	0.0	0.0	0.0	0.0	0.0	0.0	3.0	0.0	0.0	0.0	0.0	0.0	0.0	0.0	0.0	0.0	0.0	0.0	0.0	10.0	0.0	0.0	0.0	0.0	0.0	0.0	2.0	0.0	0.0	0.0	0.0	0.0	0.0	0.0	0.0	0.0	0.0	0.0	0.0	0.0	0.0	10.0	0.0	0.0	0.0	0.0	0.0	0.0	0.0	0.0	0.0	0.0	0.0	0.0	0.0	0.0	0.0	0.0	0.0	0.0	0.0	0.0	0.0	0.0	236.0	0.0	0.0	19.0	0.0	0.0	0.0	0.0	0.0	1.0	0.0	0.0	0.0	0.0	0.0	0.0	0.0	0.0	110.0	6.0	0.0	16.0	0.0	0.0	0.0	0.0	0.0	0.0	0.0	0.0	0.0	0.0	0.0	0.0	0.0	0.0	0.0	0.0	0.0	0.0	0.0	0.0	0.0
s__Leuconostoc lactis (1)	8.0	0.0	0.0	0.0	0.0	0.0	0.0	0.0	0.0	0.0	2.0	0.0	36.0	0.0	0.0	1.0	0.0	0.0	0.0	0.0	0.0	0.0	7.0	0.0	0.0	0.0	0.0	0.0	0.0	0.0	10.0	0.0	0.0	0.0	18.0	0.0	0.0	0.0	0.0	0.0	0.0	0.0	0.0	0.0	0.0	0.0	0.0	0.0	37.0	0.0	0.0	0.0	0.0	0.0	0.0	0.0	0.0	0.0	0.0	0.0	0.0	0.0	0.0	0.0	0.0	0.0	0.0	0.0	0.0	3.0	0.0	0.0	7.0	0.0	0.0	0.0	0.0	0.0	0.0	0.0	0.0	0.0	0.0	0.0	0.0	0.0	0.0	0.0	0.0	0.0	0.0	0.0	0.0	0.0	0.0	0.0	14.0	0.0	0.0	0.0	0.0	0.0	0.0	0.0	0.0	0.0	0.0	0.0	0.0	1.0	0.0	0.0	0.0	0.0	0.0	0.0	0.0	9.0	15.0	0.0	0.0	0.0	0.0	0.0	0.0	0.0	0.0	0.0	0.0	0.0	0.0	0.0	0.0	0.0	5.0	1.0	0.0	5.0	6.0	0.0	0.0	0.0	0.0	0.0	0.0	0.0	0.0	0.0	0.0	0.0	3.0	0.0	0.0	0.0	0.0	0.0	0.0	0.0	0.0	0.0	0.0	0.0	0.0	0.0	0.0	0.0	0.0	0.0	0.0	3.0	2.0	0.0	0.0	0.0	9.0	0.0	1.0	0.0	0.0	0.0	0.0	0.0	0.0	0.0	0.0	0.0	0.0	0.0	0.0	0.0	0.0	0.0	0.0	0.0	0.0	0.0	0.0	0.0	0.0	0.0	0.0	0.0	0.0	0.0	0.0	0.0	0.0	0.0	5.0	0.0	0.0	0.0	0.0	0.0	0.0	0.0	0.0	0.0	0.0	0.0	2.0	0.0	0.0	0.0	0.0	0.0	0.0	0.0	0.0	0.0	0.0	0.0	0.0	0.0	0.0	0.0	0.0	0.0	0.0	0.0	0.0	0.0	0.0	0.0	0.0	0.0	0.0	0.0	0.0	0.0	0.0	0.0	0.0	0.0	0.0	0.0	0.0	0.0	0.0	0.0	0.0	0.0	0.0	0.0	0.0	0.0	0.0	0.0	0.0	0.0	0.0	4.0	35.0	0.0	9.0	0.0	0.0	0.0	0.0	0.0	6.0	0.0	0.0	0.0	0.0	0.0	0.0	0.0	0.0	0.0	0.0	0.0	0.0	0.0	0.0	0.0	0.0	0.0	0.0	0.0	4.0	0.0	0.0	0.0	0.0	0.0	0.0	4.0	0.0	0.0	0.0	0.0	0.0	0.0	0.0	5.0	5.0	0.0	0.0	2.0	0.0	0.0	0.0	0.0	0.0	0.0	0.0	0.0	0.0	32.0	0.0	0.0	0.0	0.0	0.0	0.0	0.0	0.0	0.0	0.0	0.0	0.0	0.0	0.0	0.0	0.0	0.0	0.0	0.0	0.0	0.0	0.0	0.0	3.0	433.0	0.0	0.0	1.0	0.0	0.0	0.0	0.0	0.0	0.0	0.0	3.0	0.0	5.0	0.0	0.0	0.0	0.0	0.0	0.0	0.0	0.0	0.0	0.0	0.0	0.0	3.0	2.0	0.0	0.0	0.0	0.0	0.0	0.0	0.0	0.0	0.0	0.0	0.0	0.0	0.0	0.0	0.0	0.0	0.0	5.0	18.0	0.0	0.0	0.0	0.0	0.0	0.0	0.0	0.0	0.0	0.0	0.0	0.0	0.0	0.0	0.0	0.0	0.0	1.0	0.0	0.0	0.0	0.0	0.0	0.0	2.0	0.0	0.0	0.0	0.0	0.0	2.0	0.0	0.0	0.0	0.0	0.0	0.0	0.0	0.0	3.0	0.0	0.0	0.0	0.0	1.0	0.0	0.0	0.0	0.0	0.0	0.0	0.0	0.0	0.0	0.0	0.0	0.0	0.0	0.0	0.0	0.0	0.0	0.0	0.0	0.0	0.0	0.0	0.0	0.0	0.0	0.0	0.0	0.0	0.0	0.0	2.0	6.0	0.0	0.0	0.0	0.0	0.0
g__Weissella (1)	373.0	0.0	9.0	0.0	0.0	0.0	0.0	0.0	1.0	0.0	93.0	2.0	8.0	2.0	0.0	3.0	0.0	0.0	4.0	1.0	0.0	0.0	102.0	0.0	8.0	0.0	0.0	6.0	0.0	0.0	180.0	0.0	0.0	0.0	64.0	1.0	121.0	0.0	0.0	0.0	0.0	0.0	457.0	0.0	0.0	0.0	0.0	0.0	119.0	0.0	0.0	98.0	360.0	28.0	0.0	0.0	0.0	0.0	0.0	1.0	0.0	0.0	1.0	0.0	1.0	0.0	0.0	0.0	0.0	20.0	14.0	1.0	10.0	0.0	0.0	2.0	0.0	0.0	0.0	0.0	0.0	0.0	79.0	0.0	0.0	0.0	0.0	0.0	0.0	0.0	0.0	0.0	0.0	0.0	0.0	0.0	455.0	0.0	0.0	0.0	1.0	168.0	0.0	0.0	0.0	0.0	0.0	0.0	0.0	0.0	12.0	3.0	0.0	0.0	9.0	37.0	0.0	8.0	15.0	21.0	8.0	1.0	0.0	0.0	0.0	0.0	0.0	0.0	0.0	0.0	0.0	0.0	6.0	27.0	5.0	1.0	0.0	8.0	37.0	0.0	0.0	0.0	15.0	0.0	0.0	0.0	0.0	4.0	0.0	0.0	0.0	50.0	0.0	2.0	0.0	0.0	11.0	0.0	77.0	0.0	0.0	5.0	58.0	0.0	0.0	0.0	11.0	12.0	0.0	8.0	412.0	0.0	0.0	0.0	4.0	0.0	1.0	0.0	3.0	0.0	0.0	0.0	0.0	6.0	0.0	0.0	0.0	0.0	0.0	24.0	0.0	0.0	0.0	0.0	0.0	0.0	7.0	0.0	0.0	0.0	0.0	0.0	0.0	160.0	3.0	0.0	0.0	0.0	0.0	0.0	0.0	0.0	0.0	0.0	0.0	0.0	0.0	0.0	0.0	0.0	52.0	2.0	59.0	0.0	0.0	0.0	0.0	1.0	0.0	0.0	0.0	0.0	0.0	0.0	3.0	0.0	0.0	0.0	0.0	24.0	41.0	12.0	0.0	0.0	0.0	0.0	0.0	0.0	0.0	0.0	0.0	0.0	0.0	2.0	44.0	0.0	16.0	0.0	0.0	1.0	0.0	42.0	0.0	0.0	6.0	1.0	5.0	0.0	0.0	0.0	0.0	12.0	4.0	31.0	33.0	2.0	0.0	1.0	0.0	0.0	23.0	0.0	0.0	0.0	0.0	0.0	8.0	0.0	3.0	3.0	0.0	21.0	0.0	0.0	554.0	0.0	0.0	21.0	0.0	0.0	0.0	0.0	10.0	38.0	0.0	0.0	0.0	0.0	0.0	28.0	0.0	0.0	0.0	0.0	0.0	0.0	0.0	0.0	0.0	0.0	0.0	5.0	0.0	0.0	9.0	4.0	0.0	1.0	0.0	0.0	1.0	0.0	0.0	0.0	2.0	27.0	0.0	0.0	0.0	0.0	11.0	9.0	0.0	3.0	0.0	0.0	0.0	0.0	1.0	0.0	0.0	0.0	4.0	219.0	0.0	0.0	0.0	0.0	5.0	144.0	0.0	0.0	18.0	0.0	0.0	0.0	0.0	12.0	0.0	0.0	0.0	0.0	0.0	0.0	0.0	0.0	0.0	0.0	0.0	0.0	4.0	26.0	0.0	0.0	0.0	9.0	2.0	0.0	0.0	0.0	0.0	0.0	0.0	63.0	0.0	7.0	2.0	0.0	0.0	22.0	0.0	0.0	0.0	0.0	0.0	0.0	0.0	0.0	62.0	0.0	2.0	0.0	0.0	0.0	0.0	0.0	0.0	0.0	41.0	41.0	0.0	0.0	20.0	2.0	0.0	0.0	0.0	0.0	0.0	0.0	0.0	98.0	5.0	6.0	0.0	0.0	0.0	0.0	3.0	0.0	0.0	0.0	0.0	0.0	0.0	0.0	5.0	0.0	0.0	0.0	0.0	0.0	0.0	0.0	20.0	0.0	0.0	0.0	4.0	21.0	0.0	2.0	0.0	0.0	5.0	0.0	0.0	0.0	0.0	0.0	0.0	0.0	0.0	3.0	0.0	0.0	0.0	82.0	0.0	0.0	26.0	14.0	32.0
s__Limosilactobacillus fermentum (1)	0.0	4.0	0.0	0.0	0.0	0.0	0.0	0.0	0.0	0.0	0.0	0.0	3.0	2.0	0.0	22.0	0.0	0.0	0.0	0.0	0.0	0.0	0.0	0.0	0.0	0.0	0.0	0.0	0.0	20.0	0.0	0.0	0.0	0.0	0.0	0.0	0.0	0.0	0.0	0.0	0.0	0.0	20.0	0.0	0.0	0.0	0.0	0.0	1.0	0.0	0.0	304.0	0.0	0.0	0.0	580.0	0.0	0.0	0.0	0.0	0.0	0.0	0.0	0.0	0.0	0.0	0.0	0.0	0.0	0.0	0.0	718.0	19.0	0.0	0.0	0.0	0.0	30.0	0.0	0.0	0.0	0.0	14.0	0.0	0.0	0.0	0.0	0.0	0.0	0.0	0.0	2.0	0.0	0.0	0.0	28.0	2.0	0.0	0.0	0.0	0.0	8.0	0.0	0.0	0.0	0.0	0.0	0.0	0.0	0.0	0.0	2.0	0.0	2.0	0.0	0.0	0.0	0.0	0.0	0.0	0.0	0.0	0.0	0.0	0.0	0.0	0.0	0.0	0.0	16.0	0.0	0.0	0.0	0.0	0.0	0.0	2.0	0.0	0.0	0.0	0.0	0.0	0.0	0.0	0.0	0.0	10.0	0.0	0.0	0.0	0.0	0.0	0.0	0.0	0.0	0.0	0.0	29.0	0.0	0.0	0.0	0.0	0.0	0.0	0.0	0.0	0.0	0.0	1.0	0.0	0.0	0.0	0.0	0.0	0.0	0.0	256.0	12.0	0.0	0.0	0.0	0.0	1.0	0.0	0.0	0.0	0.0	0.0	0.0	0.0	0.0	87.0	0.0	0.0	0.0	0.0	0.0	0.0	0.0	18.0	0.0	0.0	0.0	0.0	0.0	0.0	0.0	0.0	0.0	0.0	0.0	0.0	0.0	0.0	7.0	0.0	0.0	0.0	0.0	0.0	0.0	0.0	0.0	209.0	0.0	1.0	0.0	0.0	0.0	0.0	2.0	0.0	0.0	0.0	0.0	0.0	0.0	0.0	0.0	16.0	0.0	0.0	0.0	0.0	0.0	0.0	0.0	0.0	0.0	0.0	0.0	0.0	0.0	0.0	0.0	0.0	0.0	27.0	0.0	0.0	0.0	0.0	0.0	0.0	0.0	0.0	0.0	188.0	0.0	0.0	0.0	0.0	0.0	0.0	0.0	1.0	1.0	0.0	0.0	0.0	0.0	0.0	0.0	0.0	0.0	0.0	0.0	2.0	0.0	0.0	0.0	0.0	0.0	0.0	3.0	0.0	0.0	0.0	0.0	0.0	0.0	0.0	0.0	7.0	0.0	0.0	0.0	0.0	0.0	0.0	0.0	0.0	0.0	0.0	0.0	11.0	0.0	0.0	0.0	0.0	4.0	0.0	0.0	0.0	0.0	0.0	0.0	0.0	0.0	0.0	0.0	0.0	0.0	20.0	0.0	0.0	1.0	0.0	0.0	0.0	0.0	0.0	0.0	0.0	0.0	0.0	0.0	0.0	0.0	0.0	0.0	0.0	0.0	0.0	0.0	0.0	0.0	0.0	0.0	0.0	0.0	0.0	0.0	0.0	0.0	0.0	0.0	30.0	0.0	0.0	0.0	0.0	0.0	0.0	0.0	0.0	0.0	1.0	0.0	0.0	0.0	0.0	0.0	0.0	0.0	0.0	0.0	0.0	0.0	0.0	0.0	0.0	0.0	0.0	0.0	0.0	0.0	0.0	0.0	3.0	6.0	0.0	0.0	0.0	0.0	0.0	0.0	2.0	0.0	0.0	0.0	0.0	0.0	0.0	0.0	22.0	0.0	0.0	0.0	0.0	0.0	1.0	0.0	0.0	0.0	0.0	0.0	2.0	0.0	0.0	0.0	0.0	16.0	0.0	0.0	0.0	0.0	0.0	0.0	0.0	5.0	0.0	0.0	2.0	0.0	7.0	0.0	0.0	0.0	0.0	0.0	0.0	0.0	2.0	0.0	0.0	0.0	0.0	71.0	6.0	0.0	13.0	0.0	0.0	0.0	8.0	0.0	0.0	0.0	0.0	0.0	0.0	0.0	0.0	50.0	0.0	0.0	0.0	0.0	0.0	0.0	0.0	0.0
g__Granulicatella (1)	5.0	0.0	4.0	0.0	0.0	3.0	0.0	0.0	1.0	3.0	0.0	2.0	0.0	1.0	0.0	0.0	0.0	0.0	2.0	0.0	0.0	0.0	43.0	0.0	0.0	0.0	1.0	0.0	2.0	0.0	0.0	4.0	0.0	1.0	16.0	5.0	0.0	2.0	0.0	1.0	0.0	0.0	2.0	0.0	0.0	0.0	5.0	0.0	3.0	0.0	0.0	0.0	0.0	5.0	0.0	11.0	0.0	0.0	3.0	8.0	0.0	508.0	0.0	0.0	0.0	0.0	0.0	1.0	0.0	3.0	0.0	1.0	2.0	3.0	0.0	1.0	0.0	9.0	2.0	0.0	0.0	121.0	1.0	0.0	0.0	0.0	0.0	0.0	0.0	2.0	0.0	6.0	1.0	0.0	0.0	0.0	3.0	0.0	0.0	2.0	0.0	0.0	0.0	2.0	4.0	5.0	0.0	0.0	0.0	0.0	0.0	4.0	3.0	4.0	0.0	0.0	0.0	0.0	1.0	0.0	0.0	1.0	6.0	0.0	0.0	0.0	315.0	0.0	0.0	0.0	5.0	0.0	2.0	3.0	0.0	3.0	0.0	0.0	1.0	0.0	2.0	0.0	0.0	0.0	5.0	0.0	0.0	2.0	0.0	4.0	0.0	9.0	0.0	1.0	0.0	0.0	0.0	0.0	0.0	0.0	0.0	6.0	0.0	2.0	0.0	0.0	1.0	0.0	0.0	0.0	2.0	5.0	2.0	0.0	5.0	2.0	12.0	0.0	1.0	0.0	0.0	0.0	0.0	0.0	0.0	2.0	0.0	1.0	0.0	2.0	0.0	0.0	145.0	0.0	0.0	0.0	3.0	4.0	0.0	4.0	0.0	0.0	0.0	0.0	1.0	2.0	3.0	0.0	0.0	0.0	0.0	0.0	3.0	0.0	2.0	0.0	0.0	0.0	0.0	2.0	2.0	1.0	0.0	11.0	2.0	1.0	6.0	0.0	0.0	0.0	6.0	0.0	0.0	0.0	0.0	0.0	0.0	0.0	0.0	0.0	1.0	0.0	0.0	0.0	0.0	0.0	0.0	0.0	0.0	0.0	0.0	1.0	0.0	0.0	0.0	1.0	0.0	0.0	0.0	0.0	0.0	0.0	0.0	1.0	0.0	0.0	0.0	0.0	1.0	0.0	0.0	0.0	16.0	0.0	3.0	1.0	0.0	1.0	0.0	0.0	48.0	0.0	0.0	0.0	0.0	0.0	0.0	3.0	2.0	0.0	1.0	0.0	7.0	0.0	0.0	0.0	0.0	0.0	0.0	4.0	0.0	2.0	0.0	0.0	0.0	0.0	0.0	3.0	2.0	0.0	3.0	0.0	0.0	9.0	0.0	5.0	0.0	6.0	1.0	17.0	6.0	0.0	0.0	0.0	0.0	0.0	0.0	0.0	0.0	0.0	0.0	2.0	1.0	1.0	0.0	0.0	6.0	0.0	0.0	0.0	0.0	0.0	0.0	0.0	0.0	1329.0	0.0	0.0	0.0	0.0	0.0	0.0	0.0	13.0	4.0	0.0	3.0	0.0	1.0	0.0	0.0	10.0	0.0	0.0	0.0	0.0	0.0	0.0	2.0	0.0	0.0	2.0	0.0	0.0	0.0	0.0	0.0	8.0	0.0	0.0	0.0	0.0	0.0	0.0	0.0	0.0	4.0	0.0	0.0	0.0	0.0	0.0	0.0	8.0	3.0	0.0	1.0	0.0	0.0	0.0	5.0	0.0	0.0	0.0	0.0	1.0	0.0	0.0	4.0	0.0	0.0	0.0	2.0	3.0	4.0	7.0	1.0	0.0	2.0	2.0	5.0	1.0	1.0	0.0	0.0	1.0	5.0	0.0	3.0	2.0	1.0	0.0	0.0	2.0	0.0	8.0	3.0	0.0	0.0	2.0	1.0	0.0	0.0	0.0	0.0	3.0	0.0	0.0	4.0	0.0	5.0	0.0	7.0	0.0	0.0	0.0	3.0	0.0	0.0	0.0	1.0	0.0	4.0	1.0	10.0	0.0	0.0	1.0	0.0	0.0	2.0	0.0	8.0	0.0	9.0	0.0	0.0	4.0	2.0	2.0	0.0	1.0	0.0
g__Gemella (1)	0.0	0.0	0.0	1.0	0.0	0.0	0.0	0.0	0.0	0.0	0.0	0.0	0.0	2.0	0.0	0.0	1.0	0.0	0.0	0.0	0.0	0.0	2.0	2.0	0.0	0.0	0.0	0.0	0.0	0.0	0.0	0.0	0.0	0.0	44.0	0.0	0.0	1.0	0.0	0.0	0.0	0.0	4.0	0.0	0.0	0.0	1.0	2.0	0.0	0.0	0.0	0.0	0.0	0.0	0.0	2.0	0.0	0.0	0.0	0.0	0.0	11.0	0.0	6.0	0.0	0.0	0.0	0.0	0.0	0.0	1.0	0.0	0.0	0.0	0.0	0.0	0.0	0.0	2.0	0.0	0.0	0.0	0.0	0.0	0.0	0.0	0.0	0.0	0.0	2.0	0.0	0.0	3.0	0.0	0.0	0.0	0.0	0.0	0.0	0.0	0.0	0.0	0.0	0.0	0.0	0.0	0.0	0.0	0.0	0.0	0.0	2.0	0.0	0.0	0.0	0.0	0.0	1.0	0.0	0.0	1.0	0.0	1.0	0.0	0.0	0.0	0.0	0.0	0.0	0.0	0.0	2.0	0.0	0.0	0.0	0.0	0.0	0.0	0.0	0.0	0.0	0.0	1.0	0.0	3.0	0.0	0.0	0.0	0.0	5.0	0.0	3.0	0.0	1.0	0.0	0.0	0.0	0.0	5.0	0.0	0.0	6.0	0.0	0.0	0.0	0.0	0.0	0.0	0.0	2.0	0.0	0.0	5.0	0.0	1.0	4.0	6.0	0.0	0.0	0.0	0.0	0.0	0.0	2.0	0.0	0.0	0.0	0.0	0.0	0.0	0.0	0.0	98.0	0.0	0.0	0.0	0.0	1.0	2.0	8.0	0.0	0.0	0.0	0.0	0.0	0.0	2.0	0.0	0.0	0.0	0.0	0.0	0.0	0.0	0.0	0.0	0.0	0.0	0.0	0.0	0.0	0.0	0.0	0.0	0.0	2.0	0.0	0.0	0.0	0.0	0.0	0.0	0.0	0.0	0.0	0.0	0.0	1.0	0.0	0.0	0.0	0.0	0.0	0.0	1.0	0.0	2.0	0.0	0.0	0.0	0.0	1.0	0.0	0.0	0.0	0.0	0.0	0.0	0.0	0.0	0.0	0.0	0.0	0.0	0.0	0.0	0.0	0.0	1.0	0.0	0.0	0.0	0.0	0.0	6.0	0.0	0.0	4.0	0.0	0.0	10.0	0.0	0.0	0.0	1.0	0.0	0.0	1.0	0.0	0.0	0.0	0.0	5.0	0.0	2.0	0.0	0.0	11.0	0.0	0.0	0.0	0.0	0.0	0.0	0.0	0.0	0.0	3.0	0.0	2.0	0.0	0.0	2.0	8.0	0.0	1.0	0.0	0.0	0.0	2.0	0.0	0.0	3.0	0.0	0.0	0.0	0.0	0.0	0.0	0.0	0.0	2.0	0.0	0.0	0.0	0.0	0.0	0.0	0.0	0.0	0.0	0.0	0.0	0.0	0.0	0.0	0.0	0.0	0.0	0.0	0.0	0.0	0.0	8.0	5.0	0.0	1.0	0.0	0.0	2.0	0.0	3.0	1.0	0.0	0.0	0.0	0.0	0.0	0.0	0.0	0.0	0.0	0.0	0.0	0.0	0.0	0.0	6.0	0.0	0.0	0.0	0.0	0.0	0.0	1.0	0.0	3.0	0.0	0.0	0.0	4.0	0.0	4.0	1.0	0.0	0.0	0.0	0.0	0.0	0.0	4.0	0.0	0.0	0.0	0.0	0.0	0.0	0.0	2.0	0.0	0.0	1.0	2.0	2.0	0.0	0.0	0.0	0.0	0.0	1.0	0.0	0.0	0.0	0.0	0.0	1.0	1.0	0.0	3.0	1.0	0.0	0.0	0.0	0.0	0.0	0.0	0.0	0.0	0.0	0.0	0.0	0.0	0.0	0.0	0.0	0.0	0.0	0.0	4.0	0.0	0.0	0.0	2.0	0.0	0.0	2.0	0.0	0.0	0.0	0.0	0.0	0.0	0.0	0.0	9.0	0.0	0.0	5.0	0.0	0.0	0.0	2.0	0.0	0.0	0.0	0.0	0.0	3.0	0.0	0.0	0.0	0.0	0.0
g__Lactococcus (1)	61.0	0.0	0.0	0.0	0.0	0.0	0.0	0.0	0.0	0.0	25.0	0.0	0.0	0.0	0.0	43.0	0.0	0.0	0.0	1.0	0.0	0.0	0.0	0.0	2.0	0.0	1.0	0.0	2.0	0.0	0.0	0.0	0.0	0.0	668.0	1.0	0.0	0.0	0.0	0.0	0.0	0.0	2.0	0.0	0.0	0.0	7.0	2.0	30.0	0.0	2.0	40.0	0.0	0.0	0.0	0.0	0.0	0.0	0.0	0.0	0.0	13.0	0.0	0.0	9.0	0.0	0.0	0.0	0.0	0.0	0.0	0.0	1.0	0.0	0.0	0.0	0.0	0.0	0.0	0.0	3.0	0.0	0.0	0.0	0.0	0.0	0.0	0.0	0.0	0.0	0.0	0.0	0.0	0.0	6.0	0.0	1.0	0.0	0.0	0.0	0.0	3.0	0.0	0.0	11.0	0.0	0.0	0.0	0.0	0.0	0.0	0.0	0.0	0.0	4.0	0.0	0.0	0.0	0.0	1.0	0.0	0.0	0.0	3.0	0.0	0.0	0.0	0.0	0.0	0.0	1.0	0.0	30.0	34.0	0.0	1.0	0.0	4.0	8.0	0.0	0.0	0.0	8.0	0.0	0.0	0.0	0.0	0.0	0.0	0.0	0.0	0.0	4.0	0.0	0.0	0.0	0.0	0.0	0.0	0.0	0.0	4.0	8.0	0.0	0.0	0.0	0.0	37.0	0.0	7.0	0.0	0.0	0.0	0.0	3.0	0.0	0.0	1.0	0.0	0.0	0.0	0.0	0.0	0.0	63.0	0.0	0.0	0.0	0.0	0.0	0.0	0.0	0.0	0.0	0.0	0.0	0.0	0.0	0.0	0.0	0.0	0.0	0.0	1.0	0.0	0.0	0.0	29.0	3.0	0.0	0.0	0.0	0.0	0.0	0.0	3.0	0.0	0.0	4.0	0.0	2.0	0.0	149.0	0.0	0.0	0.0	0.0	0.0	0.0	0.0	0.0	0.0	0.0	0.0	0.0	0.0	0.0	0.0	6.0	0.0	0.0	1.0	0.0	0.0	0.0	0.0	2.0	0.0	0.0	0.0	0.0	2.0	0.0	2.0	0.0	0.0	0.0	0.0	0.0	0.0	0.0	9.0	0.0	0.0	0.0	0.0	194.0	0.0	0.0	0.0	0.0	31.0	14.0	1.0	86.0	0.0	0.0	6.0	0.0	0.0	2.0	0.0	0.0	0.0	0.0	0.0	0.0	0.0	0.0	0.0	0.0	0.0	0.0	0.0	104.0	0.0	0.0	0.0	0.0	0.0	0.0	0.0	0.0	0.0	5.0	0.0	0.0	0.0	0.0	0.0	7.0	0.0	0.0	0.0	0.0	0.0	0.0	1.0	0.0	17.0	2.0	0.0	0.0	0.0	0.0	0.0	0.0	0.0	0.0	0.0	0.0	0.0	0.0	0.0	0.0	2.0	0.0	0.0	0.0	0.0	0.0	0.0	0.0	0.0	0.0	0.0	0.0	0.0	0.0	0.0	0.0	0.0	0.0	14.0	0.0	0.0	0.0	0.0	0.0	5.0	0.0	0.0	0.0	0.0	0.0	0.0	0.0	20.0	0.0	0.0	0.0	0.0	0.0	0.0	0.0	0.0	0.0	0.0	0.0	0.0	0.0	0.0	0.0	0.0	3.0	0.0	1.0	0.0	0.0	0.0	0.0	0.0	0.0	1.0	0.0	0.0	0.0	0.0	0.0	0.0	3.0	0.0	0.0	0.0	0.0	0.0	0.0	0.0	14.0	0.0	0.0	0.0	2.0	0.0	0.0	0.0	0.0	0.0	0.0	0.0	0.0	0.0	0.0	0.0	0.0	0.0	0.0	0.0	0.0	0.0	0.0	0.0	0.0	0.0	0.0	0.0	3.0	0.0	0.0	0.0	4.0	0.0	0.0	0.0	1.0	0.0	0.0	0.0	0.0	0.0	0.0	1.0	0.0	5.0	0.0	0.0	0.0	0.0	0.0	0.0	0.0	0.0	0.0	0.0	0.0	0.0	0.0	0.0	0.0	0.0	0.0	0.0	0.0	0.0	0.0	0.0	0.0	0.0	0.0	0.0	0.0	0.0	1.0
s__Enterococcus faecalis (1)	0.0	0.0	0.0	0.0	0.0	0.0	0.0	0.0	0.0	0.0	0.0	0.0	0.0	0.0	0.0	97.0	0.0	0.0	0.0	0.0	0.0	0.0	884.0	0.0	0.0	0.0	0.0	0.0	0.0	0.0	0.0	0.0	0.0	0.0	5.0	0.0	0.0	0.0	0.0	0.0	2.0	0.0	0.0	0.0	0.0	7.0	0.0	0.0	4.0	0.0	0.0	0.0	0.0	0.0	0.0	0.0	0.0	0.0	7.0	0.0	0.0	0.0	17.0	0.0	0.0	0.0	0.0	1.0	0.0	0.0	0.0	0.0	0.0	0.0	0.0	0.0	0.0	730.0	0.0	0.0	0.0	0.0	0.0	0.0	0.0	4.0	0.0	0.0	0.0	0.0	0.0	0.0	0.0	0.0	0.0	0.0	0.0	0.0	0.0	0.0	0.0	0.0	0.0	0.0	0.0	0.0	0.0	0.0	0.0	0.0	0.0	8.0	0.0	79.0	0.0	3.0	0.0	0.0	0.0	0.0	0.0	0.0	0.0	0.0	0.0	9.0	0.0	0.0	0.0	0.0	0.0	0.0	0.0	0.0	0.0	0.0	0.0	0.0	0.0	0.0	4.0	0.0	0.0	0.0	0.0	0.0	0.0	0.0	0.0	0.0	0.0	0.0	0.0	0.0	0.0	0.0	0.0	2.0	0.0	0.0	0.0	0.0	0.0	0.0	0.0	0.0	0.0	4.0	0.0	0.0	0.0	0.0	0.0	0.0	0.0	0.0	0.0	0.0	0.0	0.0	0.0	0.0	0.0	0.0	1.0	0.0	0.0	0.0	0.0	0.0	0.0	0.0	0.0	0.0	0.0	0.0	0.0	0.0	0.0	0.0	0.0	0.0	0.0	0.0	0.0	0.0	0.0	0.0	0.0	0.0	0.0	0.0	0.0	0.0	0.0	0.0	0.0	0.0	0.0	0.0	0.0	0.0	0.0	0.0	0.0	0.0	0.0	0.0	47.0	2.0	0.0	0.0	29.0	0.0	0.0	0.0	0.0	0.0	0.0	0.0	0.0	0.0	0.0	0.0	0.0	0.0	0.0	0.0	0.0	26.0	0.0	0.0	0.0	0.0	0.0	0.0	0.0	0.0	0.0	0.0	0.0	0.0	12.0	0.0	0.0	0.0	0.0	0.0	0.0	2.0	0.0	0.0	50.0	0.0	2.0	0.0	0.0	0.0	0.0	0.0	16.0	0.0	0.0	2.0	0.0	0.0	0.0	10.0	0.0	0.0	0.0	0.0	0.0	4.0	0.0	0.0	9.0	17.0	2.0	0.0	11.0	0.0	0.0	0.0	0.0	0.0	0.0	5.0	0.0	1.0	0.0	0.0	0.0	0.0	0.0	0.0	0.0	0.0	0.0	6.0	12.0	0.0	0.0	0.0	0.0	0.0	0.0	0.0	0.0	0.0	0.0	0.0	0.0	0.0	0.0	0.0	0.0	0.0	0.0	0.0	0.0	0.0	0.0	0.0	0.0	0.0	2.0	0.0	0.0	0.0	0.0	0.0	0.0	0.0	0.0	0.0	0.0	0.0	4.0	0.0	0.0	0.0	0.0	0.0	0.0	0.0	0.0	0.0	0.0	0.0	13.0	0.0	0.0	0.0	0.0	0.0	0.0	0.0	0.0	0.0	0.0	0.0	0.0	0.0	0.0	0.0	0.0	0.0	1.0	0.0	0.0	0.0	19.0	0.0	0.0	0.0	0.0	0.0	0.0	0.0	0.0	0.0	0.0	0.0	0.0	0.0	0.0	0.0	87.0	0.0	0.0	0.0	0.0	0.0	0.0	3.0	0.0	0.0	0.0	0.0	0.0	0.0	0.0	0.0	0.0	0.0	0.0	16.0	0.0	0.0	0.0	0.0	0.0	0.0	0.0	0.0	0.0	0.0	0.0	0.0	0.0	0.0	0.0	14.0	0.0	0.0	0.0	0.0	0.0	0.0	7.0	0.0	0.0	0.0	0.0	0.0	0.0	0.0	0.0	0.0	0.0	0.0	0.0	0.0	0.0	0.0	0.0	0.0	0.0	0.0	20.0	0.0	0.0	0.0	7.0	0.0	0.0	0.0	0.0	0.0	0.0	0.0	14.0
g__Enterococcus_B (1)	0.0	11.0	0.0	1.0	0.0	19.0	1.0	0.0	0.0	0.0	0.0	12.0	0.0	4.0	0.0	477.0	0.0	0.0	0.0	0.0	0.0	0.0	6023.0	0.0	0.0	7.0	0.0	0.0	1219.0	3.0	36.0	0.0	0.0	0.0	745.0	17.0	6.0	0.0	0.0	3.0	6.0	0.0	0.0	2.0	0.0	15.0	0.0	2.0	0.0	0.0	0.0	0.0	0.0	0.0	3.0	0.0	0.0	13.0	0.0	69.0	15.0	2.0	0.0	0.0	0.0	0.0	10.0	10.0	0.0	8.0	0.0	22.0	59.0	0.0	0.0	0.0	0.0	5.0	2.0	18.0	158.0	51.0	18.0	0.0	30.0	25.0	0.0	0.0	0.0	0.0	3.0	134.0	13.0	1.0	0.0	5.0	6.0	0.0	0.0	44.0	13.0	18.0	2.0	0.0	39.0	0.0	0.0	0.0	79.0	1.0	0.0	86.0	0.0	1195.0	7.0	0.0	0.0	0.0	0.0	0.0	0.0	23.0	9.0	6.0	82.0	0.0	2363.0	0.0	4.0	1.0	0.0	0.0	1.0	0.0	200.0	0.0	161.0	47.0	0.0	0.0	113.0	0.0	0.0	153.0	0.0	11.0	0.0	0.0	4.0	200.0	3.0	0.0	0.0	1.0	7.0	0.0	0.0	16.0	0.0	2.0	337.0	5.0	0.0	0.0	53.0	0.0	0.0	0.0	0.0	8.0	29.0	0.0	2.0	0.0	0.0	8.0	69.0	3.0	0.0	11.0	0.0	0.0	2.0	0.0	98.0	0.0	0.0	1.0	6.0	0.0	0.0	17.0	0.0	0.0	2.0	0.0	0.0	0.0	0.0	0.0	0.0	2.0	139.0	0.0	195.0	0.0	0.0	6.0	3.0	48.0	0.0	0.0	0.0	0.0	6568.0	0.0	0.0	0.0	0.0	0.0	12.0	0.0	0.0	266.0	45.0	0.0	0.0	11.0	5.0	8.0	0.0	0.0	10.0	5.0	0.0	0.0	4.0	0.0	0.0	201.0	0.0	0.0	0.0	2.0	0.0	0.0	0.0	0.0	2.0	0.0	0.0	74.0	0.0	0.0	0.0	0.0	0.0	0.0	0.0	0.0	0.0	0.0	0.0	0.0	0.0	0.0	5.0	0.0	4.0	22.0	0.0	10.0	73.0	0.0	9.0	0.0	1.0	0.0	0.0	2.0	76.0	0.0	1.0	17.0	26.0	92.0	54.0	8.0	15.0	0.0	0.0	0.0	0.0	16.0	0.0	0.0	0.0	10.0	62.0	0.0	0.0	0.0	0.0	28.0	0.0	0.0	0.0	0.0	0.0	26.0	0.0	7.0	0.0	1684.0	0.0	3.0	0.0	1.0	0.0	482.0	132.0	298.0	0.0	0.0	0.0	0.0	70.0	0.0	0.0	3.0	24.0	14.0	6.0	1.0	0.0	0.0	0.0	0.0	0.0	221.0	0.0	0.0	0.0	56.0	0.0	0.0	12.0	2.0	37.0	0.0	0.0	0.0	0.0	0.0	12.0	0.0	0.0	4.0	0.0	0.0	0.0	321.0	0.0	0.0	0.0	0.0	0.0	0.0	0.0	0.0	0.0	0.0	0.0	0.0	0.0	0.0	0.0	0.0	0.0	140.0	0.0	0.0	7.0	4.0	0.0	8.0	0.0	0.0	26.0	13.0	28.0	345.0	0.0	0.0	0.0	31.0	0.0	67.0	7.0	0.0	0.0	2.0	0.0	0.0	0.0	0.0	1.0	5.0	0.0	2.0	6.0	0.0	0.0	26.0	17.0	0.0	0.0	3.0	0.0	0.0	0.0	0.0	0.0	0.0	12.0	0.0	0.0	0.0	0.0	0.0	0.0	0.0	9.0	3.0	0.0	0.0	0.0	390.0	0.0	0.0	0.0	0.0	0.0	7.0	0.0	0.0	0.0	0.0	0.0	1177.0	116.0	0.0	0.0	15.0	0.0	0.0	0.0	45.0	0.0	0.0	0.0	0.0	0.0	0.0	53.0	2.0	10.0	0.0	0.0	2.0	37.0	0.0	5.0	0.0	1.0	0.0	0.0	0.0	0.0	0.0	0.0	0.0	46.0
s__Streptococcus mutans (1)	0.0	0.0	0.0	0.0	0.0	0.0	0.0	0.0	0.0	0.0	0.0	0.0	0.0	0.0	0.0	0.0	0.0	0.0	0.0	0.0	0.0	0.0	0.0	0.0	0.0	0.0	0.0	0.0	0.0	0.0	0.0	0.0	1.0	0.0	0.0	0.0	6.0	0.0	0.0	1.0	2.0	0.0	4.0	0.0	0.0	0.0	0.0	0.0	0.0	0.0	0.0	3.0	0.0	0.0	0.0	35.0	0.0	0.0	0.0	0.0	0.0	0.0	3.0	0.0	0.0	0.0	0.0	0.0	0.0	0.0	0.0	2.0	0.0	0.0	0.0	0.0	0.0	0.0	0.0	0.0	0.0	0.0	0.0	0.0	0.0	0.0	0.0	0.0	0.0	0.0	3.0	0.0	0.0	0.0	3.0	5.0	1.0	0.0	0.0	0.0	0.0	0.0	0.0	0.0	4.0	0.0	0.0	0.0	0.0	0.0	0.0	0.0	0.0	4.0	0.0	0.0	3.0	0.0	0.0	0.0	0.0	0.0	1.0	0.0	0.0	0.0	0.0	0.0	0.0	2.0	0.0	0.0	0.0	0.0	0.0	0.0	0.0	0.0	0.0	0.0	0.0	3.0	0.0	0.0	0.0	0.0	0.0	0.0	0.0	17.0	0.0	0.0	0.0	0.0	0.0	0.0	0.0	0.0	0.0	0.0	0.0	4.0	0.0	0.0	0.0	0.0	0.0	0.0	0.0	0.0	0.0	15.0	0.0	0.0	0.0	0.0	5.0	0.0	0.0	0.0	0.0	0.0	0.0	0.0	0.0	0.0	0.0	0.0	0.0	0.0	0.0	0.0	0.0	0.0	0.0	0.0	0.0	0.0	0.0	0.0	0.0	0.0	0.0	0.0	0.0	0.0	0.0	0.0	0.0	0.0	0.0	0.0	2.0	0.0	0.0	0.0	0.0	0.0	0.0	0.0	3.0	0.0	0.0	3.0	0.0	0.0	0.0	0.0	3.0	0.0	0.0	0.0	0.0	0.0	0.0	0.0	0.0	0.0	0.0	0.0	12.0	0.0	2.0	0.0	0.0	0.0	0.0	0.0	0.0	1.0	0.0	0.0	0.0	0.0	0.0	0.0	0.0	0.0	0.0	0.0	0.0	0.0	0.0	0.0	0.0	0.0	0.0	63.0	0.0	0.0	0.0	2.0	0.0	0.0	5.0	0.0	0.0	0.0	0.0	0.0	0.0	0.0	0.0	0.0	0.0	0.0	0.0	0.0	0.0	0.0	0.0	0.0	0.0	0.0	0.0	0.0	0.0	0.0	0.0	0.0	0.0	0.0	0.0	0.0	0.0	0.0	3.0	0.0	0.0	0.0	0.0	0.0	1.0	0.0	0.0	0.0	0.0	0.0	0.0	0.0	10.0	0.0	0.0	0.0	0.0	0.0	0.0	0.0	0.0	0.0	0.0	2.0	0.0	2.0	0.0	0.0	1.0	0.0	0.0	0.0	0.0	0.0	0.0	4.0	0.0	0.0	0.0	0.0	0.0	0.0	0.0	0.0	0.0	0.0	0.0	0.0	0.0	0.0	0.0	5.0	0.0	0.0	0.0	0.0	0.0	0.0	0.0	31.0	0.0	0.0	0.0	0.0	0.0	0.0	0.0	0.0	0.0	0.0	0.0	0.0	0.0	0.0	0.0	0.0	0.0	0.0	0.0	0.0	0.0	0.0	0.0	0.0	0.0	0.0	0.0	0.0	0.0	0.0	0.0	4.0	0.0	0.0	0.0	0.0	0.0	0.0	0.0	2.0	0.0	0.0	0.0	0.0	0.0	0.0	0.0	0.0	0.0	0.0	0.0	0.0	0.0	0.0	1.0	0.0	0.0	0.0	6.0	2.0	0.0	0.0	0.0	0.0	0.0	0.0	0.0	0.0	0.0	0.0	0.0	0.0	1.0	0.0	0.0	0.0	0.0	0.0	0.0	2.0	0.0	0.0	0.0	0.0	0.0	0.0	0.0	0.0	0.0	0.0	33.0	0.0	0.0	0.0	0.0	0.0	0.0	0.0	0.0	0.0	0.0	0.0	0.0	0.0	2.0	0.0	23.0	0.0	0.0	0.0	0.0	0.0	0.0	0.0	0.0
g__Enterococcus_A (1)	0.0	15.0	0.0	0.0	0.0	0.0	0.0	0.0	0.0	0.0	6.0	0.0	0.0	0.0	2.0	0.0	0.0	0.0	0.0	0.0	0.0	0.0	0.0	0.0	0.0	0.0	0.0	0.0	0.0	0.0	0.0	0.0	0.0	0.0	103.0	94.0	0.0	4.0	0.0	0.0	0.0	0.0	5.0	0.0	0.0	0.0	147.0	0.0	0.0	3.0	30.0	0.0	0.0	0.0	0.0	0.0	0.0	0.0	0.0	0.0	0.0	0.0	0.0	0.0	10.0	0.0	0.0	0.0	0.0	0.0	0.0	0.0	0.0	0.0	0.0	0.0	0.0	0.0	0.0	0.0	0.0	4.0	4.0	0.0	0.0	428.0	0.0	0.0	0.0	0.0	0.0	66.0	0.0	0.0	8.0	0.0	0.0	0.0	12.0	0.0	0.0	0.0	0.0	0.0	0.0	0.0	0.0	0.0	0.0	0.0	0.0	5.0	0.0	0.0	0.0	0.0	0.0	0.0	0.0	0.0	0.0	0.0	0.0	0.0	0.0	0.0	0.0	0.0	0.0	0.0	0.0	0.0	0.0	0.0	0.0	0.0	0.0	0.0	0.0	0.0	18.0	0.0	0.0	0.0	34.0	0.0	0.0	0.0	0.0	54.0	0.0	0.0	0.0	0.0	0.0	0.0	0.0	21.0	0.0	0.0	0.0	0.0	0.0	5.0	0.0	4.0	0.0	0.0	0.0	0.0	0.0	0.0	0.0	0.0	0.0	0.0	0.0	0.0	0.0	0.0	0.0	0.0	0.0	0.0	0.0	0.0	0.0	0.0	0.0	0.0	0.0	0.0	0.0	0.0	0.0	0.0	0.0	0.0	2.0	0.0	0.0	0.0	0.0	0.0	0.0	67.0	0.0	0.0	0.0	0.0	12.0	0.0	0.0	0.0	40.0	0.0	0.0	0.0	0.0	0.0	0.0	0.0	0.0	0.0	0.0	0.0	0.0	0.0	0.0	9.0	0.0	0.0	58.0	0.0	0.0	0.0	0.0	0.0	0.0	215.0	0.0	0.0	0.0	0.0	0.0	0.0	0.0	0.0	0.0	0.0	0.0	0.0	0.0	0.0	2.0	0.0	0.0	0.0	0.0	0.0	0.0	1.0	0.0	0.0	0.0	0.0	0.0	0.0	0.0	0.0	0.0	0.0	0.0	0.0	0.0	0.0	0.0	0.0	0.0	0.0	113.0	0.0	0.0	0.0	0.0	0.0	10.0	0.0	0.0	0.0	0.0	0.0	12.0	0.0	0.0	0.0	0.0	0.0	60.0	0.0	39.0	0.0	0.0	0.0	0.0	0.0	0.0	0.0	0.0	3.0	0.0	0.0	0.0	0.0	0.0	0.0	0.0	0.0	0.0	457.0	0.0	0.0	0.0	0.0	1.0	0.0	0.0	0.0	0.0	0.0	0.0	0.0	0.0	0.0	0.0	0.0	0.0	0.0	0.0	0.0	0.0	0.0	0.0	0.0	0.0	0.0	0.0	0.0	0.0	18.0	8.0	0.0	0.0	0.0	0.0	0.0	0.0	0.0	0.0	0.0	0.0	0.0	0.0	0.0	0.0	0.0	0.0	7.0	0.0	0.0	0.0	0.0	0.0	0.0	0.0	0.0	0.0	0.0	0.0	0.0	0.0	0.0	0.0	0.0	0.0	0.0	0.0	0.0	0.0	0.0	7.0	0.0	0.0	0.0	0.0	0.0	0.0	30.0	0.0	1.0	0.0	0.0	0.0	0.0	6.0	0.0	0.0	0.0	0.0	0.0	0.0	0.0	8.0	0.0	0.0	0.0	0.0	0.0	0.0	0.0	0.0	0.0	2.0	0.0	0.0	0.0	0.0	4.0	0.0	0.0	0.0	0.0	11.0	0.0	0.0	0.0	0.0	0.0	0.0	0.0	0.0	0.0	0.0	56.0	0.0	0.0	0.0	0.0	0.0	6.0	27.0	0.0	0.0	0.0	0.0	0.0	0.0	0.0	0.0	0.0	0.0	0.0	0.0	0.0	0.0	0.0	0.0	0.0	0.0	0.0	27.0	0.0	0.0	0.0	0.0	0.0	0.0	0.0	0.0	10.0	0.0	0.0	0.0
g__Streptococcus (4)	0.0	0.0	23.0	7.0	0.0	30.0	1.0	0.0	0.0	0.0	0.0	0.0	0.0	0.0	0.0	11.0	0.0	0.0	0.0	0.0	0.0	0.0	14.0	0.0	0.0	4.0	0.0	0.0	54.0	5.0	0.0	0.0	2.0	0.0	188.0	0.0	0.0	0.0	0.0	4.0	2.0	0.0	21.0	0.0	4.0	3.0	0.0	0.0	60.0	0.0	0.0	14.0	0.0	0.0	0.0	100.0	0.0	0.0	0.0	0.0	0.0	0.0	0.0	0.0	0.0	0.0	8.0	0.0	0.0	0.0	0.0	37.0	42.0	0.0	0.0	0.0	0.0	14.0	7.0	0.0	3.0	0.0	38.0	0.0	4.0	0.0	0.0	4.0	0.0	8.0	5.0	0.0	0.0	0.0	2.0	0.0	17.0	0.0	0.0	96.0	0.0	59.0	1.0	0.0	6.0	0.0	6.0	0.0	0.0	0.0	10.0	50.0	0.0	0.0	0.0	0.0	3.0	0.0	3.0	0.0	0.0	0.0	14.0	0.0	0.0	0.0	0.0	0.0	0.0	3.0	0.0	0.0	0.0	0.0	3.0	0.0	0.0	4.0	2.0	0.0	20.0	0.0	2.0	0.0	0.0	0.0	6.0	1.0	21.0	0.0	0.0	0.0	0.0	5.0	4.0	0.0	0.0	0.0	0.0	0.0	0.0	33.0	0.0	0.0	2.0	0.0	3.0	2.0	2.0	0.0	65.0	32.0	0.0	0.0	8.0	0.0	61.0	10.0	0.0	0.0	5.0	0.0	0.0	0.0	0.0	0.0	0.0	0.0	0.0	0.0	0.0	0.0	0.0	2.0	0.0	1.0	0.0	0.0	15.0	0.0	0.0	0.0	0.0	0.0	0.0	11.0	0.0	5.0	0.0	0.0	2.0	0.0	0.0	0.0	0.0	0.0	0.0	0.0	0.0	0.0	0.0	0.0	0.0	0.0	0.0	0.0	0.0	0.0	2.0	0.0	0.0	0.0	77.0	0.0	0.0	0.0	0.0	5.0	4.0	0.0	0.0	0.0	0.0	0.0	0.0	0.0	0.0	0.0	0.0	0.0	0.0	0.0	0.0	1.0	5.0	0.0	0.0	0.0	5.0	0.0	0.0	0.0	0.0	0.0	0.0	5.0	14.0	11.0	0.0	0.0	0.0	1.0	0.0	0.0	0.0	4.0	0.0	0.0	0.0	0.0	0.0	0.0	0.0	9.0	0.0	0.0	0.0	26.0	0.0	0.0	0.0	0.0	0.0	4.0	10.0	0.0	0.0	0.0	1.0	5.0	5.0	3.0	0.0	11.0	0.0	0.0	7.0	4.0	0.0	0.0	0.0	0.0	0.0	59.0	0.0	0.0	3.0	0.0	0.0	4.0	43.0	0.0	2.0	0.0	0.0	4.0	1.0	0.0	0.0	0.0	0.0	7.0	0.0	15.0	0.0	9.0	27.0	0.0	0.0	0.0	0.0	0.0	0.0	0.0	0.0	0.0	0.0	0.0	0.0	0.0	0.0	0.0	0.0	302.0	17.0	0.0	6.0	5.0	2.0	0.0	0.0	0.0	0.0	0.0	0.0	0.0	0.0	32.0	0.0	1.0	20.0	0.0	11.0	10.0	0.0	0.0	0.0	0.0	0.0	0.0	0.0	0.0	0.0	4.0	0.0	0.0	37.0	0.0	0.0	0.0	1.0	0.0	0.0	8.0	26.0	0.0	0.0	0.0	0.0	4.0	60.0	0.0	0.0	0.0	0.0	0.0	0.0	2.0	0.0	0.0	0.0	11.0	0.0	0.0	2.0	29.0	3.0	5.0	0.0	0.0	0.0	7.0	0.0	0.0	0.0	0.0	2.0	0.0	0.0	5.0	3.0	10.0	0.0	13.0	10.0	0.0	0.0	0.0	0.0	5.0	16.0	0.0	1.0	6.0	0.0	21.0	0.0	0.0	16.0	0.0	12.0	0.0	0.0	0.0	0.0	0.0	0.0	6.0	43.0	0.0	0.0	0.0	0.0	0.0	0.0	0.0	0.0	4.0	0.0	0.0	0.0	0.0	22.0	0.0	19.0	1.0	0.0	11.0	13.0	0.0	0.0	10.0	0.0
g__Streptococcus (6)	5.0	0.0	0.0	3.0	0.0	0.0	0.0	0.0	5.0	0.0	6.0	0.0	0.0	0.0	0.0	0.0	1.0	0.0	1.0	0.0	0.0	0.0	1.0	0.0	0.0	0.0	0.0	0.0	0.0	0.0	3.0	0.0	0.0	5.0	0.0	0.0	0.0	0.0	2.0	0.0	0.0	0.0	0.0	1.0	0.0	0.0	0.0	4.0	19.0	0.0	5.0	0.0	0.0	0.0	0.0	10.0	0.0	0.0	0.0	0.0	0.0	602.0	0.0	0.0	0.0	0.0	0.0	0.0	0.0	0.0	0.0	0.0	0.0	0.0	0.0	0.0	0.0	0.0	1.0	0.0	0.0	0.0	0.0	0.0	0.0	0.0	0.0	0.0	0.0	0.0	0.0	0.0	0.0	0.0	0.0	0.0	0.0	0.0	0.0	0.0	0.0	0.0	0.0	18.0	0.0	0.0	0.0	0.0	0.0	0.0	0.0	0.0	0.0	0.0	0.0	0.0	0.0	0.0	0.0	3.0	0.0	0.0	2.0	0.0	0.0	0.0	0.0	0.0	0.0	0.0	14.0	0.0	0.0	0.0	0.0	0.0	2.0	0.0	1.0	0.0	10.0	0.0	2.0	0.0	0.0	2.0	0.0	0.0	0.0	2.0	5.0	0.0	0.0	1.0	0.0	0.0	0.0	0.0	3.0	0.0	0.0	0.0	0.0	0.0	0.0	0.0	0.0	0.0	0.0	0.0	0.0	0.0	14.0	0.0	6.0	0.0	16.0	0.0	0.0	0.0	0.0	0.0	0.0	0.0	0.0	0.0	0.0	0.0	0.0	4.0	0.0	0.0	134.0	0.0	0.0	0.0	12.0	3.0	0.0	0.0	0.0	0.0	0.0	0.0	2.0	0.0	0.0	0.0	0.0	0.0	0.0	0.0	11.0	0.0	0.0	0.0	0.0	0.0	0.0	0.0	0.0	0.0	10.0	0.0	0.0	0.0	4.0	0.0	0.0	0.0	41.0	0.0	0.0	0.0	0.0	0.0	0.0	0.0	0.0	0.0	0.0	3.0	0.0	0.0	6.0	0.0	2.0	0.0	0.0	0.0	2.0	0.0	0.0	0.0	0.0	0.0	0.0	0.0	0.0	0.0	0.0	0.0	0.0	0.0	0.0	0.0	0.0	0.0	0.0	0.0	0.0	0.0	3.0	0.0	108.0	0.0	0.0	10.0	3.0	0.0	21.0	1.0	0.0	0.0	2.0	0.0	0.0	0.0	7.0	5.0	10.0	0.0	0.0	0.0	0.0	0.0	0.0	0.0	0.0	0.0	0.0	0.0	0.0	0.0	9.0	2.0	0.0	0.0	1.0	0.0	0.0	0.0	0.0	18.0	0.0	0.0	0.0	2.0	0.0	0.0	0.0	0.0	0.0	0.0	0.0	0.0	0.0	0.0	0.0	0.0	0.0	0.0	0.0	0.0	0.0	0.0	3.0	0.0	0.0	0.0	0.0	0.0	0.0	3.0	0.0	0.0	0.0	0.0	0.0	7.0	0.0	0.0	0.0	9.0	10.0	0.0	5.0	0.0	0.0	12.0	0.0	0.0	0.0	6.0	0.0	0.0	0.0	0.0	0.0	0.0	0.0	0.0	0.0	0.0	0.0	0.0	0.0	3.0	0.0	2.0	0.0	0.0	0.0	0.0	2.0	0.0	7.0	0.0	0.0	0.0	0.0	0.0	0.0	0.0	0.0	0.0	3.0	0.0	0.0	0.0	1.0	0.0	0.0	0.0	0.0	0.0	0.0	0.0	8.0	3.0	0.0	0.0	5.0	5.0	0.0	17.0	0.0	0.0	0.0	0.0	0.0	0.0	2.0	0.0	0.0	0.0	0.0	0.0	0.0	0.0	0.0	10.0	12.0	0.0	0.0	0.0	0.0	0.0	0.0	0.0	0.0	0.0	0.0	0.0	2.0	0.0	0.0	0.0	0.0	0.0	0.0	2.0	0.0	0.0	0.0	0.0	1.0	0.0	0.0	0.0	1.0	0.0	0.0	0.0	4.0	0.0	0.0	0.0	0.0	5.0	0.0	0.0	0.0	2.0	5.0	0.0	0.0	4.0	0.0	0.0	8.0	0.0	0.0
g__Streptococcus (7)	2.0	0.0	0.0	1.0	0.0	0.0	0.0	0.0	0.0	0.0	0.0	9.0	0.0	4.0	0.0	0.0	3.0	0.0	0.0	0.0	0.0	0.0	7.0	0.0	0.0	0.0	0.0	0.0	0.0	0.0	8.0	0.0	0.0	3.0	0.0	0.0	0.0	0.0	0.0	0.0	0.0	0.0	0.0	4.0	0.0	0.0	7.0	0.0	17.0	0.0	0.0	0.0	0.0	0.0	0.0	5.0	0.0	0.0	0.0	0.0	0.0	5.0	0.0	0.0	0.0	0.0	0.0	0.0	0.0	0.0	0.0	0.0	0.0	0.0	0.0	0.0	0.0	0.0	1.0	0.0	0.0	0.0	0.0	0.0	0.0	0.0	0.0	0.0	0.0	0.0	0.0	0.0	0.0	0.0	0.0	0.0	0.0	0.0	0.0	0.0	0.0	0.0	0.0	22.0	0.0	0.0	0.0	0.0	0.0	0.0	0.0	0.0	0.0	0.0	0.0	0.0	0.0	0.0	0.0	1.0	0.0	0.0	2.0	0.0	0.0	0.0	0.0	0.0	0.0	0.0	13.0	0.0	0.0	0.0	0.0	0.0	0.0	0.0	3.0	0.0	4.0	0.0	2.0	0.0	0.0	0.0	0.0	0.0	0.0	2.0	0.0	53.0	0.0	3.0	0.0	0.0	7.0	0.0	7.0	0.0	0.0	7.0	0.0	0.0	0.0	0.0	0.0	0.0	0.0	0.0	0.0	0.0	9.0	0.0	2.0	0.0	4.0	0.0	0.0	0.0	0.0	0.0	0.0	0.0	0.0	4.0	0.0	0.0	0.0	0.0	0.0	4.0	395.0	0.0	0.0	0.0	5.0	5.0	0.0	0.0	0.0	0.0	0.0	0.0	0.0	0.0	0.0	0.0	0.0	0.0	0.0	0.0	5.0	0.0	0.0	0.0	0.0	0.0	0.0	0.0	0.0	0.0	1.0	0.0	0.0	0.0	4.0	0.0	0.0	0.0	30.0	0.0	0.0	9.0	0.0	0.0	0.0	0.0	0.0	0.0	0.0	0.0	0.0	0.0	0.0	0.0	1.0	0.0	0.0	0.0	0.0	0.0	0.0	0.0	0.0	0.0	0.0	0.0	0.0	0.0	0.0	0.0	0.0	0.0	0.0	0.0	0.0	5.0	5.0	0.0	0.0	0.0	0.0	0.0	46.0	0.0	0.0	22.0	0.0	0.0	1.0	1.0	3.0	0.0	4.0	0.0	0.0	0.0	1.0	2.0	0.0	0.0	0.0	0.0	0.0	0.0	0.0	0.0	0.0	0.0	0.0	0.0	0.0	0.0	0.0	4.0	0.0	0.0	10.0	0.0	0.0	0.0	0.0	19.0	0.0	65.0	0.0	4.0	0.0	2.0	0.0	0.0	0.0	0.0	0.0	0.0	0.0	0.0	0.0	0.0	0.0	0.0	0.0	0.0	0.0	0.0	2.0	2.0	0.0	0.0	0.0	0.0	0.0	1.0	0.0	0.0	0.0	0.0	0.0	11.0	0.0	0.0	0.0	41.0	3.0	0.0	7.0	0.0	0.0	4.0	0.0	0.0	0.0	0.0	0.0	0.0	0.0	0.0	0.0	0.0	0.0	0.0	0.0	0.0	0.0	0.0	0.0	16.0	0.0	1.0	0.0	0.0	0.0	0.0	0.0	0.0	2.0	0.0	0.0	0.0	0.0	0.0	0.0	0.0	0.0	0.0	1.0	6.0	0.0	0.0	0.0	0.0	0.0	0.0	0.0	0.0	0.0	0.0	12.0	1.0	0.0	0.0	8.0	3.0	0.0	5.0	0.0	0.0	0.0	0.0	0.0	0.0	7.0	0.0	0.0	0.0	0.0	0.0	0.0	0.0	0.0	5.0	22.0	0.0	0.0	0.0	3.0	0.0	0.0	0.0	0.0	0.0	0.0	0.0	0.0	0.0	0.0	0.0	7.0	0.0	0.0	5.0	0.0	0.0	0.0	0.0	2.0	0.0	0.0	0.0	1.0	0.0	0.0	0.0	4.0	0.0	0.0	0.0	0.0	0.0	0.0	0.0	0.0	2.0	0.0	0.0	0.0	2.0	0.0	0.0	9.0	0.0	0.0
g__Streptococcus (3)	5.0	0.0	6.0	4.0	2.0	4.0	3.0	0.0	0.0	3.0	0.0	0.0	2.0	0.0	0.0	3.0	0.0	0.0	0.0	0.0	0.0	9.0	103.0	0.0	0.0	4.0	9.0	0.0	12.0	0.0	0.0	0.0	0.0	0.0	65.0	11.0	3.0	4.0	0.0	0.0	0.0	0.0	20.0	0.0	0.0	0.0	4.0	0.0	27.0	0.0	0.0	0.0	0.0	4.0	2.0	145.0	0.0	1.0	7.0	4.0	0.0	5106.0	1.0	10.0	1.0	0.0	3.0	0.0	0.0	0.0	0.0	0.0	0.0	0.0	0.0	0.0	0.0	0.0	8.0	0.0	0.0	0.0	8.0	0.0	0.0	0.0	0.0	0.0	0.0	3.0	0.0	1.0	8.0	1.0	3.0	0.0	2.0	0.0	6.0	0.0	0.0	5.0	0.0	0.0	10.0	6.0	24.0	11.0	0.0	0.0	0.0	24.0	4.0	1.0	22.0	0.0	0.0	0.0	3.0	0.0	0.0	5.0	7.0	0.0	3.0	0.0	3.0	2.0	0.0	7.0	0.0	1.0	0.0	0.0	1.0	5.0	0.0	4.0	11.0	0.0	0.0	0.0	0.0	1.0	7.0	0.0	0.0	0.0	1.0	6.0	0.0	7.0	0.0	0.0	0.0	0.0	0.0	0.0	0.0	5.0	0.0	25.0	0.0	6.0	9.0	0.0	10.0	0.0	0.0	7.0	23.0	0.0	17.0	0.0	21.0	2.0	33.0	23.0	0.0	0.0	0.0	0.0	0.0	2.0	0.0	0.0	0.0	0.0	0.0	4.0	1.0	0.0	335.0	0.0	4.0	0.0	9.0	8.0	0.0	0.0	0.0	0.0	0.0	0.0	0.0	2.0	3.0	1.0	0.0	0.0	0.0	0.0	13.0	0.0	0.0	0.0	0.0	0.0	2.0	0.0	0.0	1.0	0.0	1.0	3.0	7.0	0.0	0.0	0.0	1.0	0.0	0.0	1.0	0.0	0.0	5.0	0.0	0.0	9.0	0.0	0.0	0.0	0.0	0.0	0.0	0.0	0.0	0.0	0.0	0.0	0.0	3.0	0.0	0.0	0.0	0.0	0.0	2.0	0.0	0.0	0.0	0.0	0.0	4.0	0.0	0.0	0.0	4.0	0.0	0.0	4.0	0.0	25.0	9.0	32.0	0.0	0.0	20.0	0.0	0.0	22.0	15.0	0.0	0.0	7.0	6.0	0.0	2.0	0.0	0.0	0.0	0.0	9.0	72.0	34.0	5.0	0.0	8.0	6.0	8.0	0.0	4.0	0.0	3.0	0.0	0.0	4.0	11.0	0.0	2.0	0.0	0.0	0.0	60.0	0.0	10.0	0.0	0.0	1.0	12.0	23.0	3.0	0.0	0.0	0.0	0.0	0.0	0.0	0.0	0.0	6.0	8.0	0.0	3.0	0.0	10.0	7.0	0.0	0.0	0.0	0.0	0.0	0.0	0.0	0.0	2.0	0.0	0.0	0.0	0.0	2.0	0.0	0.0	74.0	31.0	0.0	4.0	0.0	2.0	0.0	0.0	18.0	0.0	0.0	0.0	0.0	0.0	3.0	4.0	0.0	6.0	6.0	0.0	0.0	0.0	0.0	1.0	19.0	0.0	0.0	0.0	0.0	0.0	4.0	0.0	1.0	18.0	0.0	3.0	0.0	4.0	2.0	0.0	9.0	5.0	0.0	0.0	0.0	0.0	0.0	5.0	2.0	0.0	0.0	3.0	6.0	3.0	0.0	0.0	0.0	0.0	0.0	32.0	7.0	2.0	7.0	0.0	0.0	0.0	0.0	0.0	0.0	7.0	0.0	0.0	0.0	4.0	0.0	12.0	7.0	0.0	0.0	0.0	0.0	0.0	9.0	0.0	0.0	0.0	0.0	6.0	0.0	0.0	4.0	0.0	1.0	0.0	4.0	6.0	2.0	2.0	0.0	15.0	1.0	0.0	0.0	0.0	7.0	7.0	0.0	0.0	0.0	0.0	0.0	15.0	4.0	0.0	7.0	0.0	0.0	0.0	7.0	14.0	0.0	19.0	0.0	0.0	31.0	0.0	14.0	9.0	4.0	2.0
g__Streptococcus (8)	1.0	0.0	3.0	0.0	2.0	0.0	0.0	0.0	0.0	2.0	0.0	0.0	1.0	0.0	0.0	1.0	0.0	0.0	0.0	0.0	0.0	0.0	4.0	0.0	1.0	3.0	1.0	0.0	2.0	0.0	0.0	0.0	1.0	0.0	3.0	2.0	2.0	0.0	0.0	0.0	0.0	0.0	2.0	0.0	0.0	0.0	0.0	0.0	5.0	0.0	0.0	0.0	0.0	1.0	3.0	11.0	0.0	0.0	0.0	2.0	0.0	37.0	0.0	2.0	0.0	0.0	3.0	0.0	0.0	0.0	0.0	0.0	0.0	0.0	0.0	0.0	0.0	0.0	2.0	0.0	0.0	0.0	0.0	0.0	0.0	0.0	0.0	0.0	0.0	0.0	0.0	0.0	7.0	1.0	0.0	0.0	3.0	0.0	0.0	0.0	0.0	0.0	0.0	0.0	2.0	0.0	2.0	3.0	0.0	0.0	0.0	1.0	1.0	0.0	6.0	0.0	0.0	0.0	1.0	0.0	0.0	4.0	7.0	0.0	3.0	5.0	0.0	1.0	0.0	2.0	0.0	1.0	1.0	0.0	0.0	7.0	0.0	2.0	1.0	0.0	0.0	0.0	0.0	0.0	0.0	0.0	0.0	0.0	0.0	3.0	0.0	3.0	0.0	0.0	0.0	0.0	0.0	0.0	0.0	0.0	0.0	8.0	5.0	0.0	1.0	0.0	3.0	0.0	0.0	1.0	3.0	0.0	1.0	0.0	2.0	6.0	10.0	0.0	0.0	0.0	0.0	0.0	0.0	3.0	0.0	0.0	2.0	1.0	0.0	0.0	0.0	0.0	58.0	0.0	1.0	0.0	0.0	1.0	0.0	3.0	0.0	0.0	0.0	0.0	0.0	1.0	1.0	3.0	0.0	0.0	0.0	0.0	0.0	0.0	0.0	0.0	0.0	0.0	1.0	3.0	0.0	0.0	0.0	0.0	1.0	1.0	0.0	0.0	0.0	3.0	0.0	0.0	0.0	0.0	0.0	6.0	0.0	2.0	4.0	0.0	0.0	0.0	1.0	0.0	0.0	0.0	0.0	0.0	0.0	0.0	0.0	1.0	0.0	0.0	0.0	0.0	0.0	0.0	0.0	0.0	0.0	0.0	0.0	1.0	2.0	0.0	0.0	0.0	0.0	0.0	0.0	0.0	0.0	0.0	3.0	0.0	0.0	3.0	0.0	0.0	0.0	3.0	0.0	0.0	1.0	0.0	0.0	2.0	0.0	0.0	0.0	0.0	4.0	3.0	4.0	1.0	0.0	1.0	2.0	1.0	0.0	0.0	0.0	0.0	0.0	0.0	1.0	6.0	0.0	1.0	0.0	0.0	0.0	20.0	0.0	1.0	0.0	0.0	0.0	0.0	11.0	2.0	0.0	0.0	0.0	0.0	0.0	0.0	0.0	0.0	0.0	1.0	0.0	0.0	0.0	0.0	0.0	0.0	0.0	0.0	0.0	0.0	0.0	0.0	0.0	0.0	0.0	0.0	0.0	0.0	1.0	0.0	0.0	45.0	4.0	0.0	1.0	0.0	1.0	0.0	0.0	1.0	0.0	0.0	0.0	3.0	0.0	0.0	1.0	0.0	0.0	0.0	0.0	0.0	0.0	0.0	0.0	2.0	0.0	0.0	0.0	0.0	0.0	2.0	0.0	1.0	3.0	0.0	1.0	0.0	1.0	2.0	0.0	0.0	2.0	0.0	0.0	0.0	0.0	0.0	0.0	0.0	0.0	0.0	0.0	4.0	0.0	0.0	0.0	0.0	0.0	0.0	0.0	1.0	1.0	0.0	0.0	0.0	0.0	0.0	0.0	0.0	0.0	0.0	0.0	0.0	0.0	0.0	2.0	1.0	0.0	0.0	0.0	0.0	0.0	0.0	0.0	0.0	0.0	0.0	1.0	0.0	0.0	2.0	0.0	0.0	4.0	1.0	1.0	1.0	0.0	0.0	1.0	3.0	0.0	0.0	0.0	2.0	2.0	0.0	0.0	0.0	1.0	0.0	3.0	1.0	0.0	3.0	0.0	0.0	0.0	1.0	5.0	0.0	2.0	0.0	0.0	3.0	0.0	9.0	0.0	0.0	1.0
s__Turicibacter bilis (1)	0.0	13.0	0.0	4.0	0.0	166.0	38.0	2.0	5.0	0.0	0.0	50.0	0.0	0.0	29.0	0.0	2.0	0.0	2.0	1.0	0.0	0.0	0.0	0.0	0.0	3.0	0.0	0.0	0.0	0.0	0.0	0.0	0.0	0.0	0.0	0.0	0.0	0.0	0.0	0.0	0.0	0.0	1.0	0.0	0.0	0.0	0.0	76.0	1.0	1.0	0.0	0.0	0.0	2.0	3.0	0.0	5.0	5.0	4.0	0.0	0.0	0.0	2.0	0.0	0.0	0.0	5.0	0.0	0.0	2.0	0.0	0.0	0.0	0.0	0.0	0.0	0.0	0.0	85.0	18.0	7.0	0.0	0.0	0.0	7.0	0.0	0.0	0.0	13.0	24.0	0.0	0.0	0.0	8.0	31.0	0.0	2.0	10.0	0.0	20.0	28.0	0.0	0.0	29.0	0.0	0.0	0.0	0.0	13.0	0.0	109.0	3.0	4.0	14.0	0.0	0.0	0.0	0.0	8.0	3.0	0.0	0.0	47.0	0.0	0.0	1.0	0.0	3.0	53.0	0.0	0.0	0.0	1.0	0.0	60.0	13.0	16.0	0.0	0.0	3.0	1.0	0.0	0.0	0.0	0.0	8.0	29.0	0.0	1.0	5.0	4.0	0.0	8.0	3.0	2.0	23.0	115.0	0.0	19.0	1.0	10.0	0.0	15.0	0.0	0.0	0.0	2.0	30.0	1.0	5.0	0.0	19.0	0.0	0.0	127.0	0.0	0.0	0.0	0.0	37.0	3.0	0.0	0.0	1.0	86.0	2.0	0.0	81.0	4.0	0.0	0.0	3.0	0.0	44.0	0.0	0.0	0.0	10.0	2.0	0.0	0.0	0.0	0.0	0.0	0.0	0.0	2.0	7.0	0.0	0.0	65.0	0.0	0.0	0.0	0.0	0.0	0.0	26.0	28.0	30.0	0.0	0.0	4.0	0.0	6.0	0.0	0.0	0.0	0.0	1.0	9.0	0.0	137.0	20.0	0.0	3.0	0.0	4.0	9.0	0.0	0.0	0.0	0.0	8.0	0.0	2.0	0.0	5.0	0.0	0.0	0.0	0.0	2.0	9.0	0.0	0.0	0.0	0.0	0.0	8.0	0.0	1.0	0.0	2.0	0.0	0.0	34.0	0.0	0.0	0.0	2.0	0.0	4.0	0.0	0.0	0.0	0.0	0.0	28.0	0.0	171.0	0.0	0.0	50.0	0.0	0.0	0.0	50.0	0.0	0.0	5.0	2.0	39.0	3.0	0.0	0.0	0.0	0.0	15.0	0.0	0.0	0.0	0.0	0.0	0.0	0.0	0.0	454.0	0.0	0.0	0.0	4.0	0.0	0.0	13.0	12.0	0.0	14.0	94.0	3.0	0.0	59.0	0.0	0.0	0.0	0.0	0.0	0.0	0.0	0.0	0.0	3.0	0.0	1.0	3.0	0.0	2.0	0.0	0.0	0.0	0.0	0.0	0.0	0.0	0.0	0.0	0.0	6.0	0.0	0.0	58.0	0.0	0.0	0.0	227.0	5.0	17.0	0.0	0.0	0.0	1.0	14.0	0.0	0.0	0.0	3.0	0.0	0.0	0.0	15.0	304.0	0.0	40.0	0.0	0.0	43.0	0.0	0.0	0.0	0.0	0.0	0.0	27.0	0.0	10.0	41.0	0.0	21.0	0.0	0.0	0.0	9.0	0.0	0.0	0.0	0.0	0.0	0.0	0.0	0.0	2.0	0.0	0.0	0.0	0.0	0.0	48.0	36.0	2.0	45.0	7.0	20.0	3.0	0.0	0.0	0.0	0.0	23.0	0.0	0.0	0.0	13.0	1.0	0.0	0.0	18.0	6.0	0.0	0.0	0.0	0.0	2.0	13.0	7.0	25.0	1.0	0.0	0.0	0.0	0.0	10.0	4.0	12.0	0.0	4.0	0.0	0.0	0.0	3.0	0.0	17.0	4.0	0.0	0.0	0.0	0.0	2.0	3.0	0.0	0.0	0.0	0.0	0.0	0.0	3.0	1.0	60.0	0.0	0.0	0.0	0.0	7.0	3.0	1.0	1.0	0.0	3.0	0.0	14.0	0.0	6.0	0.0	0.0
g__Streptococcus (2)	0.0	0.0	99.0	15.0	0.0	0.0	12.0	0.0	0.0	7.0	0.0	0.0	10.0	0.0	0.0	19.0	0.0	0.0	9.0	0.0	0.0	0.0	874.0	0.0	0.0	0.0	11.0	0.0	13.0	5.0	0.0	0.0	15.0	4.0	515.0	5.0	11.0	6.0	0.0	1.0	16.0	0.0	28.0	0.0	3.0	4.0	4.0	0.0	52.0	3.0	0.0	32.0	0.0	13.0	2.0	497.0	0.0	4.0	4.0	6.0	0.0	0.0	19.0	0.0	1.0	5.0	14.0	1.0	0.0	3.0	3.0	72.0	90.0	0.0	0.0	1.0	4.0	66.0	14.0	5.0	0.0	5.0	50.0	0.0	10.0	0.0	6.0	4.0	13.0	12.0	5.0	9.0	13.0	0.0	0.0	1.0	14.0	3.0	0.0	35.0	0.0	101.0	0.0	0.0	18.0	4.0	13.0	0.0	5.0	3.0	4.0	53.0	3.0	6.0	50.0	0.0	8.0	0.0	17.0	0.0	0.0	13.0	12.0	0.0	1.0	0.0	1.0	0.0	4.0	6.0	0.0	15.0	1.0	0.0	7.0	0.0	0.0	13.0	1.0	10.0	0.0	3.0	0.0	0.0	0.0	0.0	0.0	0.0	16.0	9.0	0.0	0.0	0.0	1.0	3.0	0.0	0.0	0.0	16.0	0.0	16.0	47.0	0.0	0.0	8.0	0.0	8.0	3.0	0.0	8.0	74.0	47.0	4.0	0.0	17.0	22.0	21.0	26.0	0.0	0.0	0.0	10.0	0.0	0.0	0.0	0.0	1.0	0.0	7.0	11.0	0.0	0.0	0.0	2.0	0.0	0.0	0.0	0.0	2.0	5.0	0.0	0.0	0.0	3.0	1.0	96.0	0.0	13.0	0.0	8.0	6.0	2.0	6.0	0.0	0.0	5.0	0.0	20.0	0.0	9.0	19.0	0.0	0.0	0.0	1.0	7.0	0.0	0.0	7.0	0.0	0.0	6.0	55.0	0.0	0.0	4.0	0.0	2.0	0.0	3.0	10.0	0.0	0.0	0.0	11.0	0.0	0.0	3.0	0.0	0.0	0.0	9.0	0.0	0.0	0.0	0.0	0.0	0.0	2.0	1.0	0.0	3.0	1.0	6.0	0.0	3.0	8.0	10.0	0.0	4.0	0.0	14.0	0.0	0.0	0.0	32.0	0.0	0.0	0.0	0.0	0.0	0.0	0.0	5.0	7.0	10.0	0.0	21.0	0.0	6.0	0.0	1.0	4.0	24.0	13.0	3.0	14.0	18.0	0.0	40.0	0.0	11.0	0.0	14.0	0.0	0.0	53.0	144.0	0.0	6.0	0.0	0.0	8.0	345.0	5.0	0.0	5.0	0.0	10.0	39.0	48.0	0.0	0.0	0.0	0.0	0.0	0.0	0.0	4.0	0.0	0.0	5.0	0.0	16.0	0.0	10.0	37.0	0.0	0.0	0.0	0.0	5.0	0.0	6.0	0.0	0.0	0.0	0.0	1.0	0.0	0.0	7.0	0.0	1120.0	0.0	0.0	1.0	0.0	5.0	46.0	0.0	0.0	0.0	0.0	0.0	7.0	0.0	118.0	0.0	8.0	10.0	1.0	6.0	0.0	0.0	4.0	0.0	0.0	0.0	0.0	0.0	0.0	4.0	73.0	0.0	4.0	23.0	0.0	0.0	3.0	19.0	0.0	0.0	13.0	58.0	12.0	10.0	0.0	0.0	37.0	55.0	5.0	0.0	4.0	0.0	1.0	0.0	15.0	0.0	0.0	0.0	8.0	0.0	0.0	8.0	27.0	0.0	0.0	8.0	0.0	0.0	7.0	1.0	0.0	0.0	3.0	5.0	14.0	22.0	38.0	4.0	28.0	0.0	4.0	9.0	0.0	3.0	0.0	0.0	14.0	56.0	0.0	4.0	16.0	0.0	31.0	0.0	17.0	0.0	1.0	12.0	0.0	25.0	0.0	0.0	4.0	0.0	3.0	33.0	0.0	1.0	16.0	0.0	0.0	0.0	5.0	0.0	21.0	0.0	0.0	0.0	0.0	40.0	2.0	89.0	4.0	0.0	217.0	8.0	5.0	0.0	21.0	10.0
g__Streptococcus (1)	51.0	1.0	3278.0	104.0	0.0	304.0	336.0	9.0	6.0	77.0	7.0	25.0	45.0	9.0	37.0	49.0	0.0	1.0	8.0	3.0	17.0	7.0	673.0	19.0	17.0	158.0	50.0	0.0	537.0	99.0	602.0	1.0	71.0	105.0	554.0	39.0	412.0	13.0	20.0	18.0	73.0	8.0	280.0	7.0	33.0	21.0	37.0	3.0	2503.0	65.0	6.0	723.0	282.0	100.0	22.0	1429.0	12.0	47.0	47.0	186.0	6.0	10.0	46.0	13.0	142.0	35.0	45.0	1.0	7.0	39.0	24.0	611.0	456.0	10.0	17.0	7.0	10.0	779.0	11.0	64.0	19.0	2.0	979.0	0.0	25.0	3.0	24.0	38.0	51.0	68.0	145.0	11.0	54.0	12.0	9.0	9.0	554.0	10.0	3.0	137.0	15.0	2245.0	7.0	154.0	27.0	32.0	385.0	347.0	35.0	16.0	8.0	672.0	43.0	9.0	182.0	34.0	47.0	3.0	67.0	25.0	8.0	35.0	160.0	0.0	59.0	11.0	2.0	16.0	79.0	61.0	42.0	19.0	14.0	5.0	8.0	31.0	76.0	490.0	66.0	66.0	53.0	10.0	0.0	0.0	44.0	4.0	11.0	25.0	69.0	57.0	15.0	0.0	0.0	5.0	150.0	0.0	56.0	3.0	85.0	0.0	53.0	1642.0	18.0	0.0	157.0	0.0	198.0	17.0	39.0	258.0	186.0	220.0	38.0	17.0	220.0	154.0	2152.0	577.0	4.0	9.0	391.0	12.0	3.0	25.0	0.0	23.0	10.0	37.0	47.0	46.0	0.0	11.0	1924.0	45.0	14.0	4.0	62.0	7.0	54.0	133.0	0.0	0.0	3.0	22.0	6.0	125.0	38.0	95.0	2.0	24.0	18.0	0.0	0.0	2.0	8.0	21.0	0.0	71.0	22.0	27.0	91.0	15.0	28.0	53.0	36.0	13.0	24.0	3.0	57.0	0.0	156.0	26.0	920.0	8.0	10.0	64.0	26.0	28.0	88.0	83.0	37.0	5.0	3.0	4.0	27.0	1.0	12.0	7.0	0.0	8.0	0.0	4.0	7.0	16.0	9.0	6.0	16.0	4.0	57.0	0.0	15.0	62.0	17.0	18.0	21.0	35.0	78.0	207.0	2.0	12.0	19.0	154.0	26.0	52.0	111.0	105.0	3.0	39.0	0.0	0.0	588.0	42.0	24.0	58.0	279.0	94.0	6.0	67.0	21.0	30.0	0.0	43.0	64.0	237.0	868.0	9.0	53.0	220.0	97.0	220.0	21.0	21.0	7.0	54.0	2.0	38.0	1017.0	719.0	39.0	19.0	0.0	24.0	29.0	186.0	26.0	102.0	43.0	0.0	192.0	125.0	81.0	11.0	15.0	11.0	7.0	6.0	24.0	24.0	5.0	0.0	110.0	96.0	0.0	82.0	16.0	36.0	235.0	3.0	3.0	32.0	0.0	47.0	0.0	231.0	0.0	1.0	4.0	110.0	26.0	0.0	52.0	41.0	20.0	481.0	548.0	11.0	81.0	37.0	37.0	916.0	3.0	1.0	3.0	10.0	6.0	15.0	8.0	752.0	0.0	38.0	117.0	13.0	177.0	20.0	0.0	49.0	5.0	516.0	7.0	10.0	15.0	42.0	23.0	1532.0	30.0	37.0	193.0	7.0	14.0	5.0	90.0	26.0	18.0	30.0	423.0	15.0	28.0	0.0	4.0	260.0	485.0	21.0	0.0	40.0	10.0	39.0	2.0	38.0	19.0	16.0	8.0	22.0	66.0	23.0	57.0	887.0	28.0	38.0	49.0	5.0	29.0	659.0	35.0	9.0	13.0	35.0	31.0	70.0	34.0	745.0	19.0	145.0	42.0	79.0	502.0	73.0	28.0	0.0	14.0	88.0	157.0	4.0	87.0	32.0	3.0	640.0	6.0	184.0	132.0	21.0	136.0	4.0	8.0	18.0	8.0	7.0	34.0	72.0	2093.0	0.0	18.0	383.0	10.0	29.0	37.0	262.0	2.0	83.0	4.0	4.0	7.0	17.0	593.0	16.0	2631.0	14.0	2.0	427.0	31.0	424.0	85.0	21.0	0.0
d__Bacteria (2)	19.0	0.0	0.0	34.0	0.0	0.0	0.0	0.0	0.0	0.0	29.0	0.0	0.0	0.0	0.0	0.0	0.0	0.0	0.0	0.0	0.0	0.0	0.0	0.0	17.0	0.0	0.0	0.0	0.0	0.0	0.0	0.0	0.0	0.0	0.0	61.0	0.0	0.0	0.0	0.0	16.0	0.0	0.0	0.0	0.0	61.0	0.0	45.0	0.0	0.0	37.0	34.0	0.0	0.0	0.0	109.0	0.0	0.0	10.0	0.0	75.0	0.0	60.0	13.0	11.0	0.0	0.0	0.0	0.0	0.0	56.0	0.0	0.0	0.0	30.0	0.0	0.0	0.0	0.0	18.0	221.0	0.0	0.0	1.0	0.0	0.0	0.0	6.0	0.0	8.0	183.0	0.0	0.0	0.0	0.0	0.0	103.0	23.0	0.0	60.0	0.0	0.0	0.0	0.0	0.0	0.0	0.0	0.0	0.0	0.0	0.0	0.0	618.0	72.0	0.0	0.0	0.0	0.0	0.0	19.0	0.0	0.0	0.0	12.0	0.0	8.0	0.0	0.0	14.0	0.0	13.0	0.0	69.0	0.0	0.0	10.0	55.0	87.0	0.0	0.0	0.0	0.0	74.0	214.0	27.0	18.0	0.0	0.0	45.0	462.0	0.0	75.0	8.0	0.0	0.0	6.0	0.0	0.0	0.0	279.0	0.0	92.0	0.0	2.0	0.0	5.0	35.0	0.0	0.0	0.0	0.0	0.0	0.0	0.0	0.0	0.0	28.0	0.0	0.0	0.0	0.0	0.0	0.0	0.0	99.0	0.0	0.0	0.0	0.0	174.0	0.0	0.0	0.0	0.0	0.0	0.0	6.0	8.0	10.0	594.0	0.0	0.0	0.0	0.0	12.0	12.0	68.0	40.0	0.0	29.0	14.0	0.0	17.0	0.0	96.0	0.0	28.0	0.0	23.0	0.0	0.0	0.0	0.0	0.0	0.0	0.0	0.0	0.0	86.0	0.0	0.0	0.0	22.0	7.0	17.0	334.0	160.0	0.0	56.0	0.0	0.0	0.0	0.0	0.0	0.0	0.0	14.0	0.0	19.0	0.0	28.0	0.0	0.0	0.0	0.0	0.0	0.0	0.0	60.0	162.0	0.0	0.0	14.0	0.0	0.0	0.0	53.0	110.0	0.0	28.0	0.0	0.0	0.0	0.0	0.0	0.0	0.0	177.0	8.0	7.0	0.0	12.0	0.0	0.0	0.0	0.0	0.0	94.0	0.0	243.0	0.0	0.0	58.0	0.0	37.0	0.0	0.0	548.0	0.0	0.0	0.0	0.0	0.0	0.0	0.0	0.0	0.0	0.0	0.0	0.0	37.0	0.0	0.0	0.0	0.0	25.0	0.0	291.0	0.0	0.0	0.0	0.0	0.0	0.0	0.0	0.0	0.0	0.0	0.0	0.0	0.0	0.0	0.0	0.0	0.0	76.0	108.0	0.0	0.0	0.0	36.0	0.0	0.0	0.0	0.0	0.0	0.0	0.0	0.0	16.0	444.0	0.0	0.0	0.0	21.0	0.0	185.0	83.0	0.0	0.0	0.0	0.0	0.0	0.0	0.0	23.0	0.0	97.0	0.0	0.0	0.0	80.0	0.0	0.0	5.0	0.0	0.0	0.0	0.0	685.0	0.0	20.0	0.0	0.0	64.0	0.0	0.0	0.0	0.0	0.0	0.0	0.0	0.0	0.0	0.0	41.0	299.0	204.0	0.0	0.0	0.0	13.0	0.0	10.0	0.0	0.0	0.0	60.0	0.0	0.0	0.0	0.0	14.0	0.0	2228.0	0.0	6.0	0.0	0.0	0.0	0.0	276.0	0.0	0.0	0.0	0.0	14.0	0.0	0.0	117.0	5.0	72.0	0.0	17.0	0.0	0.0	28.0	128.0	666.0	0.0	202.0	0.0	48.0	0.0	0.0	0.0	0.0	0.0	0.0	0.0	0.0	0.0	0.0	14.0	0.0	0.0	0.0	0.0	0.0	0.0	0.0	0.0	0.0	0.0	0.0	48.0	0.0	0.0	0.0	0.0	0.0	6.0	0.0	201.0	0.0	0.0	0.0	0.0	0.0	0.0	0.0	24.0	77.0
g__Streptococcus (5)	0.0	0.0	0.0	6.0	0.0	10.0	0.0	0.0	7.0	0.0	1.0	24.0	4.0	0.0	0.0	0.0	0.0	0.0	0.0	0.0	7.0	0.0	0.0	7.0	1.0	6.0	0.0	0.0	9.0	0.0	4.0	0.0	0.0	0.0	0.0	0.0	0.0	0.0	0.0	3.0	0.0	0.0	7.0	0.0	0.0	0.0	0.0	0.0	24.0	0.0	0.0	0.0	0.0	6.0	0.0	0.0	0.0	0.0	4.0	37.0	0.0	0.0	0.0	3.0	0.0	0.0	0.0	0.0	0.0	0.0	0.0	0.0	0.0	5.0	0.0	0.0	0.0	3.0	16.0	0.0	0.0	0.0	3.0	0.0	0.0	0.0	0.0	0.0	0.0	0.0	3.0	0.0	0.0	6.0	0.0	0.0	0.0	0.0	0.0	5.0	0.0	4.0	0.0	13.0	0.0	8.0	63.0	10.0	0.0	0.0	0.0	54.0	4.0	0.0	8.0	5.0	0.0	0.0	0.0	0.0	1.0	1.0	0.0	0.0	0.0	0.0	5.0	0.0	0.0	2.0	23.0	0.0	0.0	4.0	0.0	2.0	26.0	7.0	6.0	0.0	9.0	0.0	12.0	3.0	4.0	0.0	0.0	7.0	0.0	0.0	0.0	33.0	0.0	0.0	0.0	0.0	0.0	0.0	11.0	6.0	0.0	0.0	0.0	0.0	0.0	0.0	18.0	0.0	0.0	2.0	61.0	0.0	10.0	0.0	18.0	0.0	26.0	0.0	0.0	5.0	0.0	0.0	0.0	0.0	0.0	2.0	0.0	0.0	0.0	3.0	0.0	0.0	286.0	5.0	15.0	0.0	15.0	12.0	0.0	0.0	0.0	0.0	0.0	0.0	0.0	7.0	6.0	0.0	0.0	0.0	0.0	0.0	4.0	0.0	18.0	0.0	0.0	0.0	0.0	0.0	0.0	5.0	6.0	0.0	6.0	0.0	0.0	0.0	0.0	0.0	7.0	0.0	10.0	0.0	0.0	0.0	5.0	0.0	9.0	0.0	0.0	0.0	0.0	0.0	0.0	0.0	6.0	6.0	0.0	0.0	0.0	0.0	0.0	0.0	0.0	0.0	0.0	0.0	0.0	0.0	0.0	0.0	0.0	0.0	0.0	0.0	0.0	8.0	5.0	0.0	3.0	0.0	0.0	0.0	11.0	0.0	0.0	17.0	0.0	0.0	160.0	11.0	0.0	0.0	5.0	6.0	0.0	7.0	4.0	0.0	0.0	0.0	8.0	1.0	37.0	0.0	0.0	16.0	6.0	0.0	1.0	6.0	0.0	0.0	0.0	6.0	0.0	0.0	18.0	0.0	2.0	0.0	0.0	17.0	0.0	22.0	0.0	13.0	0.0	0.0	0.0	11.0	0.0	0.0	0.0	0.0	0.0	2.0	0.0	0.0	0.0	1.0	9.0	0.0	3.0	0.0	3.0	0.0	0.0	0.0	0.0	0.0	0.0	0.0	0.0	0.0	0.0	25.0	0.0	3.0	4.0	0.0	0.0	55.0	157.0	0.0	15.0	0.0	0.0	2.0	3.0	6.0	6.0	0.0	0.0	0.0	0.0	0.0	1.0	0.0	0.0	1.0	4.0	5.0	0.0	0.0	0.0	45.0	2.0	0.0	0.0	0.0	0.0	8.0	0.0	0.0	22.0	0.0	2.0	0.0	0.0	4.0	0.0	8.0	6.0	0.0	0.0	7.0	0.0	0.0	3.0	0.0	0.0	0.0	2.0	0.0	2.0	0.0	25.0	0.0	0.0	0.0	24.0	10.0	0.0	5.0	0.0	10.0	0.0	6.0	0.0	5.0	7.0	0.0	13.0	3.0	0.0	0.0	0.0	0.0	0.0	0.0	11.0	5.0	0.0	5.0	0.0	0.0	0.0	4.0	9.0	0.0	0.0	0.0	0.0	0.0	2.0	0.0	0.0	0.0	0.0	2.0	0.0	0.0	10.0	0.0	0.0	8.0	0.0	0.0	0.0	0.0	1.0	0.0	8.0	0.0	0.0	0.0	0.0	0.0	0.0	2.0	0.0	0.0	4.0	0.0	0.0	10.0	0.0	8.0	10.0	0.0	0.0
g__Streptococcus (9)	0.0	0.0	0.0	0.0	0.0	0.0	3.0	0.0	0.0	2.0	0.0	0.0	0.0	2.0	0.0	0.0	0.0	0.0	0.0	0.0	0.0	0.0	5.0	0.0	0.0	0.0	0.0	0.0	0.0	0.0	0.0	0.0	0.0	0.0	0.0	0.0	0.0	0.0	0.0	0.0	0.0	0.0	10.0	0.0	0.0	0.0	0.0	0.0	0.0	0.0	0.0	0.0	0.0	0.0	0.0	1.0	0.0	0.0	0.0	0.0	0.0	0.0	1.0	0.0	0.0	0.0	0.0	0.0	0.0	0.0	0.0	0.0	0.0	0.0	0.0	0.0	0.0	2.0	0.0	0.0	0.0	0.0	0.0	0.0	0.0	0.0	0.0	0.0	0.0	0.0	0.0	0.0	0.0	0.0	0.0	0.0	0.0	0.0	0.0	5.0	0.0	0.0	0.0	0.0	0.0	0.0	0.0	0.0	0.0	0.0	3.0	0.0	0.0	0.0	0.0	0.0	0.0	0.0	0.0	0.0	0.0	0.0	1.0	0.0	0.0	0.0	0.0	0.0	0.0	3.0	0.0	0.0	0.0	0.0	0.0	0.0	0.0	0.0	0.0	0.0	0.0	0.0	0.0	0.0	1.0	0.0	0.0	0.0	0.0	0.0	0.0	0.0	0.0	0.0	0.0	0.0	0.0	0.0	0.0	0.0	0.0	5.0	0.0	0.0	0.0	0.0	0.0	0.0	0.0	1.0	14.0	0.0	3.0	0.0	0.0	0.0	0.0	0.0	0.0	0.0	0.0	0.0	0.0	0.0	0.0	0.0	0.0	0.0	0.0	0.0	0.0	0.0	2.0	0.0	0.0	2.0	5.0	0.0	0.0	0.0	0.0	0.0	0.0	0.0	0.0	0.0	0.0	0.0	0.0	0.0	3.0	0.0	2.0	0.0	0.0	0.0	0.0	6.0	0.0	0.0	0.0	0.0	0.0	0.0	0.0	0.0	0.0	0.0	0.0	0.0	0.0	0.0	0.0	0.0	0.0	0.0	0.0	0.0	0.0	0.0	0.0	0.0	0.0	0.0	0.0	0.0	0.0	0.0	0.0	0.0	0.0	0.0	0.0	1.0	0.0	0.0	1.0	0.0	0.0	0.0	0.0	0.0	0.0	1.0	0.0	0.0	0.0	0.0	0.0	0.0	0.0	0.0	0.0	0.0	7.0	0.0	0.0	0.0	0.0	0.0	0.0	6.0	0.0	0.0	2.0	4.0	0.0	5.0	0.0	3.0	0.0	0.0	0.0	0.0	0.0	0.0	0.0	0.0	0.0	1.0	0.0	0.0	0.0	0.0	0.0	0.0	0.0	1.0	0.0	0.0	0.0	0.0	0.0	8.0	0.0	1.0	0.0	0.0	2.0	1.0	0.0	0.0	0.0	0.0	0.0	0.0	0.0	0.0	0.0	0.0	0.0	0.0	0.0	0.0	0.0	0.0	0.0	0.0	0.0	0.0	0.0	0.0	0.0	0.0	0.0	0.0	0.0	0.0	0.0	0.0	0.0	0.0	0.0	0.0	1.0	0.0	0.0	2.0	0.0	0.0	0.0	1.0	0.0	0.0	0.0	2.0	0.0	0.0	0.0	0.0	0.0	0.0	0.0	0.0	0.0	0.0	0.0	0.0	0.0	0.0	0.0	0.0	0.0	0.0	0.0	0.0	0.0	0.0	0.0	0.0	0.0	0.0	0.0	0.0	0.0	0.0	1.0	0.0	0.0	0.0	1.0	0.0	0.0	0.0	0.0	0.0	0.0	0.0	0.0	0.0	0.0	0.0	0.0	0.0	0.0	0.0	0.0	0.0	0.0	0.0	0.0	5.0	0.0	0.0	0.0	0.0	0.0	0.0	0.0	0.0	0.0	0.0	0.0	0.0	0.0	0.0	0.0	0.0	0.0	0.0	0.0	0.0	0.0	0.0	0.0	0.0	0.0	0.0	3.0	0.0	0.0	0.0	0.0	0.0	0.0	0.0	8.0	0.0	0.0	0.0	0.0	0.0	0.0	0.0	0.0	3.0	0.0	0.0	0.0	0.0	0.0	0.0	0.0	0.0	0.0	0.0	0.0	0.0	2.0	0.0	0.0	0.0	2.0
s__Streptococcus anginosus (1)	0.0	0.0	15.0	0.0	0.0	0.0	0.0	0.0	0.0	0.0	0.0	4.0	0.0	0.0	0.0	0.0	0.0	0.0	0.0	0.0	0.0	0.0	0.0	0.0	0.0	0.0	0.0	0.0	0.0	0.0	0.0	5.0	0.0	0.0	10.0	0.0	0.0	0.0	0.0	0.0	0.0	0.0	0.0	0.0	0.0	0.0	4.0	0.0	12.0	0.0	0.0	21.0	0.0	0.0	0.0	322.0	0.0	0.0	12.0	0.0	3.0	0.0	3.0	0.0	0.0	0.0	0.0	0.0	0.0	0.0	0.0	0.0	0.0	0.0	235.0	0.0	0.0	0.0	6.0	0.0	0.0	0.0	8.0	2.0	0.0	0.0	0.0	0.0	0.0	0.0	0.0	0.0	0.0	0.0	0.0	0.0	4.0	0.0	0.0	0.0	0.0	14.0	0.0	1.0	0.0	0.0	0.0	0.0	0.0	0.0	29.0	52.0	0.0	0.0	0.0	0.0	0.0	0.0	3.0	0.0	0.0	0.0	7.0	0.0	0.0	0.0	0.0	0.0	0.0	0.0	0.0	0.0	0.0	0.0	0.0	0.0	1.0	7.0	0.0	0.0	0.0	0.0	0.0	0.0	0.0	0.0	0.0	0.0	0.0	0.0	0.0	0.0	0.0	0.0	0.0	0.0	0.0	0.0	0.0	0.0	0.0	5.0	0.0	0.0	0.0	0.0	0.0	0.0	0.0	0.0	0.0	0.0	0.0	0.0	7.0	2.0	8.0	4.0	0.0	0.0	0.0	0.0	0.0	0.0	0.0	0.0	0.0	0.0	0.0	0.0	0.0	0.0	92.0	3.0	0.0	0.0	0.0	0.0	0.0	0.0	0.0	0.0	0.0	0.0	0.0	0.0	0.0	0.0	0.0	0.0	0.0	0.0	0.0	0.0	3.0	0.0	0.0	0.0	0.0	0.0	0.0	0.0	0.0	0.0	0.0	0.0	0.0	0.0	2.0	0.0	0.0	0.0	0.0	0.0	0.0	0.0	0.0	0.0	0.0	0.0	0.0	0.0	0.0	0.0	0.0	0.0	0.0	0.0	0.0	0.0	0.0	0.0	0.0	0.0	0.0	0.0	0.0	0.0	0.0	0.0	0.0	0.0	0.0	0.0	0.0	0.0	0.0	0.0	0.0	0.0	0.0	0.0	9.0	0.0	0.0	0.0	0.0	0.0	0.0	0.0	2.0	0.0	0.0	0.0	0.0	4.0	0.0	13.0	0.0	2.0	0.0	0.0	0.0	75.0	26.0	0.0	0.0	0.0	0.0	0.0	0.0	0.0	0.0	0.0	2.0	0.0	3.0	10.0	0.0	0.0	0.0	0.0	0.0	16.0	0.0	0.0	0.0	0.0	0.0	6.0	10.0	0.0	0.0	0.0	0.0	0.0	0.0	0.0	0.0	0.0	0.0	0.0	0.0	9.0	0.0	0.0	5.0	0.0	0.0	0.0	0.0	0.0	0.0	0.0	0.0	0.0	0.0	0.0	0.0	1.0	0.0	0.0	0.0	0.0	1.0	0.0	0.0	0.0	0.0	0.0	0.0	0.0	0.0	0.0	0.0	0.0	0.0	2.0	0.0	0.0	0.0	0.0	0.0	0.0	0.0	0.0	0.0	3.0	0.0	0.0	0.0	0.0	0.0	0.0	0.0	0.0	0.0	0.0	0.0	0.0	0.0	0.0	0.0	0.0	12.0	0.0	0.0	0.0	0.0	0.0	22.0	0.0	0.0	0.0	0.0	0.0	0.0	0.0	0.0	0.0	0.0	0.0	0.0	0.0	3.0	0.0	0.0	0.0	0.0	0.0	0.0	0.0	0.0	0.0	0.0	0.0	0.0	1.0	0.0	0.0	0.0	0.0	0.0	0.0	0.0	0.0	0.0	0.0	0.0	0.0	0.0	0.0	0.0	0.0	0.0	0.0	0.0	0.0	0.0	0.0	0.0	0.0	0.0	0.0	0.0	0.0	0.0	0.0	12.0	0.0	0.0	4.0	0.0	4.0	3.0	0.0	0.0	0.0	0.0	0.0	0.0	0.0	7.0	0.0	8.0	0.0	0.0	11.0	0.0	0.0	0.0	0.0	0.0
s__Allocoprobacillus sp002160865 (2)	0.0	0.0	0.0	0.0	0.0	1.0	7.0	0.0	1.0	0.0	0.0	0.0	0.0	1.0	0.0	0.0	0.0	0.0	0.0	0.0	0.0	0.0	0.0	0.0	0.0	0.0	0.0	0.0	0.0	0.0	0.0	0.0	0.0	0.0	0.0	0.0	0.0	0.0	0.0	0.0	0.0	0.0	0.0	0.0	8.0	0.0	0.0	6.0	0.0	0.0	0.0	6.0	0.0	0.0	0.0	0.0	0.0	0.0	0.0	0.0	0.0	0.0	7.0	0.0	0.0	0.0	0.0	0.0	0.0	0.0	0.0	0.0	0.0	0.0	0.0	0.0	11.0	0.0	0.0	0.0	0.0	18.0	0.0	0.0	0.0	0.0	0.0	31.0	0.0	0.0	0.0	0.0	0.0	0.0	25.0	0.0	0.0	0.0	0.0	0.0	0.0	0.0	0.0	0.0	0.0	0.0	0.0	0.0	0.0	0.0	0.0	0.0	0.0	1.0	0.0	0.0	0.0	0.0	0.0	0.0	0.0	0.0	0.0	2.0	0.0	0.0	0.0	2.0	0.0	0.0	0.0	2.0	0.0	4.0	0.0	0.0	0.0	0.0	0.0	0.0	0.0	0.0	0.0	0.0	0.0	0.0	0.0	0.0	0.0	11.0	0.0	0.0	0.0	0.0	0.0	0.0	0.0	0.0	0.0	0.0	0.0	0.0	0.0	0.0	0.0	0.0	0.0	0.0	4.0	0.0	0.0	0.0	0.0	0.0	4.0	0.0	0.0	0.0	0.0	0.0	0.0	0.0	0.0	0.0	0.0	0.0	0.0	0.0	0.0	0.0	0.0	0.0	0.0	0.0	4.0	0.0	0.0	0.0	10.0	0.0	0.0	0.0	0.0	0.0	0.0	0.0	0.0	0.0	0.0	0.0	0.0	0.0	0.0	0.0	0.0	0.0	0.0	0.0	0.0	0.0	0.0	0.0	0.0	0.0	0.0	0.0	0.0	0.0	0.0	0.0	0.0	0.0	0.0	0.0	0.0	0.0	0.0	0.0	0.0	0.0	0.0	0.0	0.0	0.0	0.0	0.0	49.0	0.0	1.0	0.0	0.0	0.0	0.0	0.0	8.0	0.0	0.0	0.0	0.0	0.0	0.0	0.0	1.0	0.0	0.0	1.0	0.0	0.0	0.0	0.0	0.0	0.0	0.0	0.0	0.0	0.0	0.0	0.0	0.0	0.0	0.0	4.0	0.0	0.0	0.0	0.0	0.0	0.0	0.0	0.0	0.0	0.0	0.0	0.0	0.0	0.0	0.0	4.0	0.0	0.0	0.0	16.0	0.0	0.0	0.0	0.0	0.0	3.0	0.0	0.0	4.0	0.0	0.0	0.0	0.0	0.0	0.0	0.0	0.0	0.0	0.0	0.0	0.0	0.0	4.0	0.0	0.0	0.0	0.0	0.0	0.0	0.0	0.0	0.0	0.0	0.0	0.0	0.0	0.0	0.0	0.0	0.0	0.0	5.0	0.0	0.0	2.0	0.0	0.0	0.0	0.0	0.0	0.0	0.0	0.0	0.0	0.0	1.0	0.0	0.0	0.0	0.0	0.0	0.0	0.0	0.0	1.0	0.0	0.0	0.0	0.0	1.0	0.0	0.0	0.0	2.0	8.0	0.0	0.0	0.0	0.0	0.0	0.0	0.0	0.0	15.0	0.0	27.0	0.0	0.0	0.0	0.0	0.0	0.0	0.0	0.0	0.0	0.0	0.0	18.0	2.0	0.0	0.0	0.0	1.0	0.0	2.0	0.0	0.0	0.0	0.0	0.0	0.0	0.0	0.0	0.0	0.0	0.0	0.0	0.0	7.0	0.0	0.0	0.0	0.0	0.0	0.0	0.0	0.0	0.0	0.0	0.0	0.0	43.0	0.0	0.0	0.0	0.0	0.0	0.0	16.0	0.0	0.0	0.0	0.0	0.0	0.0	0.0	0.0	0.0	0.0	0.0	0.0	2.0	3.0	0.0	0.0	0.0	0.0	0.0	1.0	0.0	0.0	0.0	0.0	0.0	0.0	0.0	0.0	25.0	34.0	0.0	0.0	0.0	0.0	0.0	44.0	0.0	0.0	0.0	0.0	0.0	6.0
s__Allocoprobacillus sp002160865 (1)	1.0	0.0	0.0	2.0	0.0	0.0	6.0	0.0	0.0	0.0	7.0	0.0	0.0	0.0	1.0	0.0	0.0	0.0	0.0	0.0	0.0	0.0	0.0	3.0	9.0	0.0	0.0	0.0	0.0	0.0	0.0	0.0	1.0	0.0	0.0	0.0	0.0	0.0	0.0	0.0	0.0	0.0	0.0	0.0	0.0	0.0	0.0	0.0	0.0	2.0	0.0	0.0	0.0	0.0	0.0	0.0	0.0	0.0	10.0	0.0	0.0	0.0	9.0	0.0	2.0	0.0	0.0	0.0	11.0	4.0	3.0	0.0	0.0	0.0	0.0	0.0	0.0	0.0	0.0	4.0	14.0	0.0	0.0	0.0	0.0	0.0	0.0	0.0	0.0	0.0	0.0	0.0	0.0	0.0	5.0	0.0	0.0	0.0	0.0	0.0	0.0	0.0	0.0	0.0	0.0	0.0	0.0	0.0	0.0	8.0	0.0	0.0	11.0	0.0	0.0	0.0	0.0	1.0	0.0	0.0	0.0	0.0	0.0	0.0	0.0	0.0	0.0	0.0	0.0	0.0	0.0	0.0	0.0	0.0	0.0	0.0	49.0	0.0	0.0	0.0	18.0	0.0	0.0	17.0	0.0	12.0	0.0	0.0	0.0	5.0	3.0	0.0	0.0	0.0	6.0	0.0	0.0	0.0	172.0	0.0	2.0	0.0	0.0	0.0	0.0	0.0	0.0	3.0	0.0	0.0	0.0	0.0	0.0	0.0	14.0	3.0	0.0	0.0	0.0	0.0	0.0	0.0	0.0	10.0	0.0	0.0	0.0	7.0	3.0	0.0	0.0	0.0	0.0	0.0	0.0	0.0	0.0	0.0	0.0	0.0	0.0	0.0	0.0	0.0	0.0	0.0	0.0	0.0	0.0	0.0	0.0	0.0	0.0	0.0	0.0	1.0	0.0	8.0	0.0	0.0	0.0	0.0	0.0	0.0	0.0	0.0	0.0	0.0	0.0	0.0	2.0	0.0	0.0	0.0	0.0	0.0	0.0	0.0	0.0	0.0	0.0	2.0	0.0	0.0	0.0	0.0	49.0	0.0	0.0	0.0	33.0	0.0	0.0	0.0	0.0	0.0	0.0	2.0	0.0	0.0	0.0	0.0	0.0	0.0	0.0	0.0	0.0	0.0	0.0	0.0	5.0	0.0	0.0	0.0	1.0	0.0	0.0	10.0	0.0	0.0	0.0	3.0	0.0	0.0	0.0	0.0	0.0	0.0	0.0	3.0	0.0	0.0	0.0	0.0	0.0	1.0	1.0	0.0	0.0	0.0	0.0	0.0	0.0	0.0	0.0	0.0	0.0	0.0	4.0	2.0	0.0	0.0	0.0	0.0	0.0	0.0	0.0	0.0	0.0	0.0	0.0	0.0	0.0	0.0	0.0	0.0	0.0	0.0	0.0	0.0	0.0	0.0	0.0	0.0	0.0	0.0	0.0	1.0	0.0	4.0	0.0	2.0	0.0	0.0	0.0	0.0	0.0	0.0	0.0	0.0	0.0	2.0	0.0	0.0	0.0	0.0	0.0	0.0	5.0	0.0	0.0	0.0	0.0	0.0	0.0	0.0	0.0	0.0	0.0	0.0	0.0	0.0	0.0	0.0	0.0	0.0	0.0	0.0	1.0	0.0	0.0	0.0	0.0	0.0	2.0	0.0	0.0	0.0	0.0	0.0	0.0	7.0	0.0	0.0	0.0	0.0	6.0	43.0	0.0	0.0	0.0	0.0	0.0	0.0	0.0	0.0	0.0	0.0	0.0	5.0	0.0	0.0	0.0	0.0	0.0	0.0	0.0	0.0	0.0	0.0	0.0	0.0	0.0	0.0	0.0	348.0	1.0	0.0	2.0	0.0	0.0	0.0	0.0	0.0	0.0	0.0	0.0	0.0	0.0	0.0	0.0	0.0	0.0	0.0	3.0	0.0	0.0	0.0	0.0	0.0	66.0	31.0	0.0	0.0	0.0	8.0	0.0	0.0	0.0	0.0	0.0	5.0	0.0	0.0	0.0	0.0	0.0	0.0	0.0	0.0	85.0	0.0	0.0	9.0	0.0	0.0	0.0	0.0	1.0	0.0	0.0	0.0	0.0
s__Holdemania filiformis (1)	0.0	0.0	0.0	0.0	0.0	0.0	0.0	0.0	0.0	0.0	0.0	2.0	0.0	0.0	0.0	0.0	0.0	0.0	0.0	1.0	0.0	0.0	0.0	0.0	0.0	0.0	0.0	0.0	0.0	0.0	0.0	0.0	2.0	3.0	0.0	0.0	0.0	0.0	0.0	0.0	0.0	0.0	0.0	20.0	0.0	0.0	0.0	0.0	0.0	0.0	0.0	0.0	6.0	1.0	2.0	0.0	0.0	0.0	0.0	0.0	2.0	0.0	0.0	0.0	0.0	0.0	0.0	0.0	0.0	0.0	0.0	0.0	0.0	0.0	0.0	2.0	0.0	0.0	0.0	0.0	0.0	0.0	0.0	0.0	2.0	0.0	0.0	0.0	0.0	3.0	0.0	0.0	0.0	2.0	0.0	0.0	0.0	0.0	0.0	0.0	0.0	0.0	0.0	0.0	0.0	0.0	3.0	0.0	0.0	4.0	0.0	0.0	0.0	0.0	0.0	0.0	3.0	0.0	0.0	0.0	5.0	0.0	0.0	0.0	0.0	1.0	0.0	0.0	0.0	0.0	0.0	4.0	0.0	0.0	0.0	3.0	0.0	2.0	0.0	0.0	0.0	5.0	0.0	0.0	0.0	4.0	0.0	0.0	3.0	0.0	0.0	0.0	7.0	0.0	1.0	0.0	0.0	0.0	0.0	0.0	3.0	0.0	0.0	0.0	0.0	0.0	3.0	0.0	0.0	0.0	0.0	1.0	0.0	0.0	0.0	5.0	0.0	0.0	0.0	0.0	4.0	0.0	0.0	6.0	0.0	0.0	0.0	2.0	0.0	3.0	0.0	0.0	0.0	1.0	38.0	0.0	3.0	0.0	0.0	0.0	0.0	0.0	0.0	0.0	0.0	0.0	0.0	2.0	0.0	0.0	0.0	0.0	0.0	0.0	0.0	0.0	0.0	0.0	0.0	0.0	0.0	0.0	0.0	0.0	0.0	0.0	0.0	0.0	0.0	0.0	0.0	0.0	0.0	0.0	0.0	0.0	0.0	0.0	0.0	0.0	0.0	0.0	0.0	3.0	1.0	1.0	6.0	0.0	1.0	0.0	0.0	0.0	0.0	0.0	19.0	0.0	3.0	0.0	0.0	0.0	0.0	0.0	0.0	1.0	2.0	0.0	0.0	7.0	0.0	0.0	0.0	0.0	0.0	4.0	0.0	0.0	0.0	0.0	0.0	0.0	0.0	0.0	0.0	0.0	0.0	0.0	0.0	0.0	0.0	0.0	0.0	0.0	0.0	2.0	2.0	2.0	0.0	0.0	0.0	0.0	0.0	0.0	0.0	0.0	0.0	0.0	0.0	0.0	0.0	0.0	2.0	0.0	0.0	0.0	0.0	0.0	0.0	0.0	0.0	0.0	0.0	0.0	0.0	0.0	0.0	0.0	0.0	6.0	0.0	0.0	0.0	3.0	0.0	0.0	0.0	0.0	0.0	1.0	0.0	4.0	0.0	5.0	0.0	4.0	0.0	0.0	0.0	0.0	0.0	0.0	0.0	0.0	0.0	0.0	0.0	0.0	0.0	0.0	0.0	0.0	0.0	1.0	1.0	0.0	0.0	0.0	0.0	0.0	0.0	0.0	0.0	1.0	0.0	0.0	1.0	0.0	0.0	0.0	0.0	0.0	0.0	0.0	0.0	0.0	0.0	0.0	0.0	0.0	0.0	1.0	0.0	9.0	0.0	2.0	0.0	0.0	0.0	0.0	0.0	0.0	4.0	0.0	0.0	0.0	6.0	0.0	2.0	0.0	0.0	0.0	0.0	0.0	0.0	0.0	0.0	0.0	0.0	0.0	0.0	8.0	0.0	0.0	0.0	0.0	0.0	0.0	0.0	0.0	0.0	0.0	0.0	0.0	0.0	0.0	0.0	0.0	0.0	0.0	0.0	0.0	0.0	3.0	0.0	0.0	0.0	0.0	2.0	0.0	0.0	0.0	0.0	0.0	0.0	0.0	0.0	0.0	0.0	4.0	0.0	0.0	0.0	0.0	2.0	0.0	0.0	0.0	0.0	0.0	0.0	5.0	0.0	0.0	0.0	0.0	0.0	0.0	0.0	0.0	0.0	0.0	0.0	0.0	0.0
g__Holdemania (1)	0.0	0.0	0.0	0.0	0.0	0.0	0.0	0.0	0.0	0.0	0.0	0.0	0.0	0.0	1.0	0.0	0.0	0.0	0.0	0.0	0.0	0.0	0.0	0.0	2.0	0.0	0.0	0.0	0.0	0.0	0.0	0.0	2.0	0.0	0.0	0.0	0.0	0.0	0.0	0.0	0.0	0.0	0.0	0.0	0.0	0.0	0.0	0.0	0.0	0.0	0.0	2.0	0.0	0.0	0.0	0.0	0.0	0.0	0.0	0.0	0.0	3.0	0.0	0.0	0.0	0.0	0.0	0.0	0.0	0.0	3.0	0.0	0.0	0.0	0.0	0.0	7.0	0.0	0.0	0.0	0.0	0.0	0.0	0.0	0.0	0.0	0.0	0.0	0.0	0.0	2.0	0.0	0.0	0.0	1.0	0.0	0.0	0.0	0.0	0.0	0.0	0.0	0.0	2.0	0.0	0.0	0.0	0.0	0.0	0.0	0.0	0.0	0.0	0.0	0.0	0.0	0.0	0.0	1.0	1.0	0.0	0.0	0.0	0.0	0.0	2.0	0.0	9.0	0.0	0.0	1.0	0.0	0.0	0.0	0.0	0.0	0.0	0.0	2.0	0.0	0.0	0.0	0.0	0.0	0.0	0.0	0.0	0.0	0.0	0.0	29.0	0.0	0.0	0.0	0.0	4.0	0.0	0.0	0.0	0.0	0.0	0.0	0.0	0.0	0.0	0.0	0.0	0.0	0.0	0.0	0.0	0.0	0.0	0.0	0.0	0.0	0.0	0.0	0.0	0.0	0.0	0.0	0.0	0.0	0.0	0.0	0.0	3.0	0.0	0.0	0.0	0.0	0.0	0.0	0.0	1.0	0.0	0.0	0.0	0.0	0.0	0.0	0.0	0.0	0.0	0.0	0.0	0.0	0.0	0.0	0.0	0.0	0.0	2.0	0.0	0.0	0.0	0.0	0.0	0.0	0.0	0.0	0.0	0.0	0.0	0.0	10.0	0.0	0.0	0.0	5.0	0.0	0.0	1.0	0.0	0.0	0.0	0.0	0.0	0.0	0.0	3.0	0.0	0.0	0.0	0.0	0.0	0.0	0.0	0.0	0.0	0.0	0.0	0.0	0.0	0.0	0.0	2.0	0.0	1.0	0.0	0.0	0.0	0.0	0.0	0.0	0.0	0.0	4.0	0.0	0.0	0.0	0.0	0.0	0.0	0.0	0.0	0.0	1.0	0.0	0.0	0.0	0.0	0.0	0.0	0.0	0.0	0.0	0.0	2.0	0.0	0.0	0.0	0.0	0.0	0.0	0.0	4.0	0.0	0.0	0.0	0.0	0.0	0.0	0.0	0.0	0.0	0.0	0.0	0.0	0.0	0.0	0.0	1.0	0.0	0.0	0.0	0.0	0.0	0.0	0.0	0.0	4.0	0.0	0.0	0.0	0.0	0.0	0.0	0.0	0.0	0.0	2.0	0.0	0.0	0.0	0.0	0.0	0.0	0.0	0.0	0.0	0.0	0.0	0.0	0.0	0.0	1.0	0.0	0.0	0.0	3.0	0.0	0.0	0.0	0.0	0.0	0.0	0.0	0.0	0.0	0.0	0.0	0.0	0.0	0.0	0.0	0.0	0.0	0.0	0.0	0.0	6.0	0.0	0.0	0.0	0.0	0.0	1.0	0.0	0.0	0.0	0.0	0.0	0.0	0.0	0.0	0.0	0.0	0.0	2.0	0.0	0.0	0.0	2.0	0.0	5.0	0.0	0.0	2.0	0.0	0.0	0.0	0.0	0.0	2.0	0.0	0.0	0.0	2.0	1.0	0.0	0.0	1.0	0.0	0.0	0.0	7.0	0.0	0.0	0.0	0.0	0.0	0.0	0.0	1.0	5.0	0.0	0.0	2.0	0.0	0.0	0.0	0.0	0.0	0.0	2.0	0.0	0.0	0.0	0.0	0.0	3.0	0.0	0.0	0.0	0.0	0.0	0.0	0.0	0.0	0.0	0.0	0.0	0.0	0.0	2.0	0.0	0.0	2.0	0.0	0.0	0.0	9.0	0.0	0.0	0.0	0.0	0.0	0.0	0.0	0.0	0.0	0.0	0.0	0.0	0.0	0.0	0.0	0.0	0.0	0.0	0.0
s__Thomasclavelia ramosa (1)	2.0	30.0	17.0	0.0	0.0	10.0	8.0	0.0	11.0	15.0	22.0	0.0	0.0	5.0	0.0	0.0	3.0	0.0	0.0	0.0	0.0	1.0	0.0	0.0	2.0	0.0	0.0	0.0	0.0	0.0	3.0	0.0	0.0	19.0	0.0	13.0	0.0	45.0	0.0	1.0	0.0	13.0	0.0	6.0	2.0	0.0	74.0	2.0	18.0	4.0	13.0	5.0	80.0	1.0	0.0	0.0	0.0	0.0	0.0	3.0	0.0	1.0	8.0	153.0	3.0	0.0	0.0	28.0	3.0	0.0	5.0	0.0	0.0	0.0	0.0	0.0	22.0	0.0	0.0	4.0	65.0	9.0	24.0	19.0	0.0	5.0	22.0	3.0	1.0	4.0	0.0	180.0	0.0	9.0	0.0	0.0	0.0	0.0	239.0	13.0	0.0	29.0	0.0	0.0	32.0	0.0	0.0	83.0	0.0	0.0	46.0	0.0	4.0	0.0	0.0	0.0	48.0	3.0	0.0	3.0	0.0	1.0	26.0	0.0	0.0	0.0	0.0	0.0	0.0	0.0	0.0	19.0	6.0	5.0	7.0	0.0	19.0	2.0	1.0	6.0	384.0	0.0	0.0	5.0	65.0	12.0	0.0	1.0	0.0	168.0	1.0	0.0	20.0	13.0	13.0	0.0	0.0	44.0	381.0	3.0	0.0	18.0	0.0	1.0	25.0	19.0	0.0	0.0	1.0	8.0	0.0	0.0	0.0	22.0	2.0	0.0	77.0	0.0	0.0	0.0	0.0	0.0	37.0	53.0	0.0	0.0	0.0	2.0	0.0	17.0	0.0	0.0	0.0	0.0	0.0	0.0	1.0	0.0	59.0	0.0	0.0	1.0	0.0	1.0	0.0	47.0	0.0	3.0	0.0	0.0	8.0	0.0	336.0	0.0	0.0	20.0	0.0	0.0	2.0	2.0	0.0	0.0	0.0	43.0	32.0	57.0	30.0	7.0	31.0	562.0	5.0	1.0	0.0	0.0	0.0	0.0	0.0	0.0	0.0	0.0	0.0	0.0	0.0	0.0	0.0	0.0	5.0	0.0	0.0	28.0	2.0	0.0	0.0	0.0	18.0	0.0	361.0	0.0	164.0	0.0	3.0	1.0	3.0	0.0	0.0	0.0	0.0	0.0	0.0	9.0	0.0	15.0	0.0	0.0	6.0	0.0	7.0	0.0	6.0	0.0	0.0	0.0	0.0	7.0	935.0	81.0	160.0	281.0	44.0	0.0	0.0	11.0	66.0	0.0	0.0	0.0	0.0	1.0	69.0	19.0	32.0	0.0	0.0	14.0	0.0	0.0	0.0	8.0	9.0	3.0	5.0	0.0	0.0	0.0	0.0	9.0	1.0	0.0	46.0	0.0	446.0	0.0	246.0	0.0	14.0	98.0	21.0	3.0	122.0	0.0	0.0	77.0	2.0	19.0	0.0	43.0	19.0	2.0	13.0	0.0	0.0	0.0	0.0	1.0	3.0	0.0	7.0	49.0	1.0	52.0	8.0	0.0	0.0	3.0	0.0	0.0	0.0	0.0	0.0	0.0	0.0	0.0	0.0	7.0	0.0	1.0	0.0	3.0	0.0	0.0	7.0	1.0	3.0	0.0	4.0	0.0	42.0	0.0	0.0	189.0	0.0	136.0	0.0	0.0	40.0	0.0	30.0	20.0	14.0	60.0	32.0	0.0	0.0	1.0	3.0	0.0	0.0	107.0	326.0	0.0	0.0	10.0	2.0	0.0	4.0	26.0	0.0	2.0	0.0	0.0	0.0	13.0	0.0	0.0	192.0	0.0	0.0	1.0	0.0	27.0	16.0	0.0	0.0	0.0	0.0	45.0	0.0	26.0	32.0	0.0	0.0	0.0	0.0	3.0	3.0	73.0	2.0	5.0	89.0	6.0	59.0	2.0	0.0	67.0	0.0	0.0	0.0	0.0	10.0	6.0	0.0	39.0	64.0	88.0	26.0	26.0	2.0	0.0	0.0	0.0	14.0	0.0	61.0	0.0	84.0	17.0	865.0	0.0	25.0	3.0	70.0	0.0	0.0	0.0	0.0	0.0	189.0	2.0	16.0	15.0	0.0	0.0	87.0
s__Odoribacter sp900762515 (1)	0.0	0.0	0.0	0.0	27.0	0.0	0.0	112.0	0.0	0.0	0.0	61.0	0.0	157.0	156.0	708.0	0.0	0.0	0.0	124.0	22.0	0.0	0.0	155.0	0.0	105.0	69.0	84.0	4.0	0.0	0.0	0.0	42.0	0.0	0.0	0.0	0.0	0.0	153.0	0.0	87.0	245.0	1.0	0.0	0.0	0.0	0.0	0.0	0.0	2.0	0.0	0.0	332.0	15.0	9.0	0.0	38.0	8.0	150.0	0.0	92.0	6.0	1.0	0.0	0.0	0.0	34.0	0.0	7.0	74.0	73.0	0.0	0.0	0.0	0.0	60.0	0.0	0.0	0.0	0.0	0.0	0.0	0.0	0.0	0.0	0.0	0.0	0.0	0.0	0.0	3.0	0.0	524.0	0.0	0.0	0.0	326.0	74.0	0.0	0.0	42.0	0.0	0.0	63.0	0.0	248.0	0.0	0.0	117.0	44.0	0.0	0.0	0.0	0.0	0.0	36.0	0.0	82.0	63.0	0.0	0.0	0.0	156.0	0.0	129.0	17.0	2.0	96.0	5.0	15.0	0.0	0.0	0.0	47.0	0.0	28.0	89.0	98.0	76.0	612.0	0.0	17.0	101.0	215.0	0.0	0.0	145.0	179.0	29.0	0.0	27.0	1.0	0.0	0.0	0.0	58.0	4.0	0.0	0.0	6.0	0.0	0.0	0.0	0.0	0.0	0.0	164.0	59.0	99.0	0.0	18.0	471.0	61.0	0.0	115.0	613.0	0.0	3.0	80.0	22.0	0.0	64.0	0.0	0.0	39.0	104.0	4.0	62.0	50.0	0.0	51.0	0.0	1.0	43.0	261.0	1.0	179.0	0.0	0.0	0.0	130.0	73.0	56.0	0.0	0.0	62.0	0.0	128.0	10.0	19.0	0.0	0.0	0.0	2.0	0.0	0.0	19.0	18.0	0.0	164.0	86.0	0.0	0.0	0.0	0.0	0.0	0.0	0.0	0.0	0.0	0.0	129.0	0.0	0.0	79.0	0.0	81.0	98.0	477.0	0.0	33.0	31.0	158.0	81.0	62.0	0.0	0.0	59.0	59.0	0.0	0.0	0.0	4.0	17.0	0.0	55.0	0.0	46.0	0.0	103.0	0.0	0.0	0.0	87.0	36.0	129.0	0.0	0.0	2.0	0.0	35.0	0.0	0.0	9.0	0.0	0.0	0.0	114.0	0.0	0.0	0.0	58.0	0.0	0.0	0.0	0.0	0.0	0.0	0.0	57.0	0.0	0.0	0.0	78.0	86.0	47.0	182.0	0.0	0.0	0.0	0.0	0.0	35.0	118.0	32.0	19.0	295.0	0.0	0.0	0.0	0.0	5.0	444.0	123.0	68.0	0.0	52.0	46.0	0.0	0.0	0.0	40.0	0.0	89.0	0.0	0.0	0.0	105.0	0.0	0.0	0.0	76.0	0.0	1.0	0.0	0.0	0.0	23.0	0.0	148.0	83.0	69.0	49.0	0.0	0.0	6.0	3.0	0.0	147.0	0.0	0.0	286.0	0.0	134.0	0.0	15.0	443.0	114.0	175.0	34.0	79.0	946.0	0.0	0.0	525.0	1.0	38.0	0.0	46.0	122.0	371.0	39.0	0.0	231.0	0.0	46.0	0.0	106.0	0.0	0.0	83.0	0.0	113.0	91.0	0.0	20.0	0.0	0.0	0.0	0.0	0.0	86.0	418.0	101.0	44.0	47.0	71.0	0.0	0.0	0.0	0.0	0.0	20.0	78.0	0.0	8.0	44.0	97.0	67.0	17.0	139.0	0.0	187.0	170.0	0.0	0.0	2.0	351.0	129.0	0.0	0.0	16.0	194.0	491.0	0.0	0.0	14.0	0.0	0.0	19.0	0.0	0.0	0.0	0.0	88.0	0.0	230.0	0.0	0.0	3.0	0.0	26.0	45.0	0.0	56.0	7.0	141.0	0.0	1094.0	49.0	0.0	0.0	0.0	0.0	0.0	0.0	245.0	0.0	0.0	0.0	0.0	0.0	0.0	103.0	49.0	0.0	0.0	117.0	0.0	0.0	0.0	41.0	51.0	0.0	72.0	217.0	0.0	880.0	12.0	2.0	4.0	207.0	0.0
s__Catenibacterium faecis (1)	0.0	0.0	0.0	208.0	299.0	0.0	0.0	0.0	0.0	0.0	0.0	111.0	0.0	0.0	0.0	0.0	0.0	189.0	0.0	0.0	0.0	0.0	0.0	0.0	0.0	0.0	0.0	0.0	15.0	0.0	0.0	3.0	0.0	0.0	0.0	0.0	0.0	0.0	0.0	0.0	0.0	0.0	54.0	0.0	0.0	0.0	0.0	0.0	0.0	0.0	0.0	0.0	0.0	247.0	0.0	0.0	0.0	105.0	0.0	475.0	0.0	10.0	0.0	0.0	0.0	745.0	0.0	0.0	0.0	0.0	0.0	0.0	807.0	0.0	1.0	0.0	0.0	0.0	0.0	0.0	0.0	0.0	0.0	0.0	0.0	0.0	0.0	0.0	0.0	0.0	0.0	0.0	0.0	0.0	0.0	0.0	0.0	0.0	0.0	0.0	0.0	0.0	0.0	0.0	0.0	0.0	0.0	0.0	0.0	0.0	0.0	0.0	0.0	0.0	35.0	0.0	0.0	0.0	207.0	0.0	543.0	0.0	0.0	0.0	0.0	0.0	0.0	0.0	160.0	0.0	244.0	70.0	0.0	0.0	0.0	0.0	0.0	0.0	0.0	0.0	0.0	0.0	0.0	0.0	0.0	0.0	0.0	0.0	0.0	0.0	1.0	0.0	0.0	0.0	0.0	0.0	133.0	0.0	2.0	0.0	0.0	0.0	316.0	3.0	0.0	0.0	0.0	0.0	0.0	0.0	127.0	0.0	524.0	0.0	0.0	0.0	0.0	162.0	0.0	0.0	0.0	0.0	0.0	0.0	0.0	0.0	290.0	0.0	0.0	0.0	0.0	0.0	0.0	0.0	0.0	0.0	0.0	0.0	0.0	0.0	0.0	0.0	0.0	3.0	0.0	0.0	0.0	0.0	130.0	115.0	0.0	396.0	0.0	598.0	0.0	0.0	0.0	0.0	0.0	0.0	0.0	709.0	843.0	0.0	5.0	0.0	0.0	0.0	0.0	0.0	0.0	0.0	0.0	0.0	0.0	0.0	0.0	0.0	0.0	0.0	0.0	0.0	0.0	0.0	0.0	70.0	0.0	0.0	0.0	0.0	0.0	0.0	531.0	0.0	49.0	0.0	0.0	0.0	0.0	0.0	0.0	0.0	66.0	0.0	0.0	21.0	165.0	0.0	159.0	0.0	0.0	0.0	0.0	208.0	0.0	228.0	2.0	0.0	0.0	468.0	0.0	0.0	0.0	0.0	0.0	0.0	0.0	0.0	0.0	0.0	0.0	0.0	0.0	0.0	0.0	0.0	0.0	388.0	0.0	0.0	0.0	0.0	0.0	2438.0	88.0	494.0	0.0	0.0	0.0	0.0	0.0	96.0	0.0	0.0	0.0	0.0	0.0	0.0	0.0	0.0	2.0	0.0	0.0	0.0	0.0	0.0	0.0	0.0	0.0	0.0	0.0	0.0	0.0	0.0	184.0	0.0	0.0	0.0	0.0	0.0	0.0	0.0	0.0	0.0	0.0	0.0	0.0	0.0	0.0	0.0	0.0	0.0	0.0	0.0	0.0	0.0	0.0	0.0	0.0	0.0	0.0	0.0	48.0	0.0	0.0	239.0	0.0	290.0	0.0	0.0	0.0	0.0	0.0	0.0	0.0	0.0	0.0	0.0	0.0	0.0	0.0	0.0	0.0	0.0	0.0	857.0	0.0	0.0	0.0	0.0	0.0	0.0	0.0	0.0	0.0	0.0	0.0	0.0	0.0	0.0	87.0	0.0	140.0	0.0	0.0	0.0	0.0	0.0	0.0	0.0	0.0	0.0	0.0	0.0	0.0	50.0	0.0	0.0	0.0	0.0	0.0	0.0	0.0	0.0	1022.0	0.0	0.0	0.0	0.0	0.0	0.0	0.0	0.0	0.0	0.0	0.0	0.0	0.0	0.0	0.0	0.0	0.0	0.0	0.0	0.0	0.0	0.0	455.0	0.0	0.0	0.0	0.0	0.0	0.0	119.0	0.0	0.0	0.0	3.0	100.0	0.0	164.0	0.0	0.0	0.0	0.0	0.0	0.0	0.0	0.0	0.0	0.0	0.0	0.0	0.0	0.0	0.0	0.0	0.0	0.0	214.0	0.0	0.0
s__Thomasclavelia spiroformis (1)	0.0	0.0	0.0	0.0	0.0	0.0	16.0	0.0	10.0	1.0	6.0	0.0	15.0	0.0	0.0	0.0	0.0	0.0	0.0	0.0	0.0	0.0	0.0	4.0	2.0	0.0	0.0	0.0	0.0	0.0	0.0	0.0	0.0	0.0	0.0	0.0	0.0	0.0	0.0	3.0	0.0	0.0	8.0	0.0	5.0	0.0	32.0	7.0	0.0	0.0	0.0	1.0	0.0	0.0	4.0	0.0	2.0	0.0	6.0	6.0	0.0	0.0	7.0	0.0	6.0	0.0	0.0	0.0	0.0	0.0	9.0	0.0	0.0	0.0	0.0	2.0	19.0	0.0	0.0	9.0	22.0	17.0	0.0	0.0	0.0	0.0	0.0	15.0	0.0	6.0	0.0	72.0	0.0	1.0	0.0	0.0	0.0	0.0	0.0	0.0	0.0	0.0	0.0	6.0	12.0	0.0	0.0	0.0	1.0	2.0	4.0	0.0	0.0	0.0	0.0	0.0	5.0	0.0	0.0	0.0	0.0	0.0	0.0	0.0	0.0	0.0	0.0	8.0	0.0	0.0	0.0	0.0	0.0	10.0	10.0	0.0	27.0	3.0	3.0	5.0	0.0	0.0	0.0	0.0	10.0	10.0	0.0	0.0	0.0	20.0	7.0	0.0	4.0	0.0	0.0	0.0	0.0	6.0	59.0	0.0	0.0	1.0	0.0	0.0	0.0	0.0	0.0	0.0	0.0	26.0	0.0	0.0	0.0	1.0	10.0	0.0	0.0	0.0	3.0	0.0	0.0	0.0	0.0	7.0	0.0	0.0	0.0	13.0	2.0	0.0	1.0	0.0	0.0	0.0	24.0	3.0	0.0	0.0	86.0	0.0	0.0	0.0	0.0	0.0	0.0	0.0	1.0	0.0	0.0	0.0	0.0	0.0	20.0	0.0	110.0	7.0	0.0	0.0	0.0	1.0	0.0	0.0	0.0	15.0	11.0	0.0	0.0	0.0	0.0	0.0	7.0	0.0	0.0	0.0	3.0	0.0	0.0	8.0	0.0	0.0	0.0	0.0	0.0	0.0	0.0	0.0	6.0	2.0	5.0	5.0	10.0	0.0	0.0	4.0	0.0	0.0	0.0	5.0	0.0	1.0	0.0	0.0	0.0	0.0	0.0	0.0	0.0	13.0	0.0	0.0	0.0	2.0	0.0	3.0	11.0	0.0	0.0	11.0	0.0	0.0	0.0	19.0	0.0	0.0	23.0	0.0	0.0	46.0	1.0	14.0	0.0	0.0	0.0	0.0	0.0	0.0	0.0	0.0	0.0	0.0	0.0	10.0	0.0	0.0	0.0	0.0	0.0	16.0	0.0	0.0	0.0	0.0	0.0	19.0	0.0	51.0	0.0	0.0	0.0	0.0	12.0	0.0	0.0	0.0	0.0	0.0	0.0	3.0	0.0	0.0	3.0	2.0	0.0	13.0	0.0	18.0	0.0	0.0	1.0	0.0	0.0	1.0	0.0	0.0	0.0	0.0	0.0	0.0	0.0	0.0	0.0	0.0	0.0	23.0	0.0	3.0	5.0	0.0	0.0	0.0	0.0	0.0	0.0	0.0	0.0	0.0	0.0	24.0	0.0	0.0	0.0	0.0	3.0	6.0	0.0	0.0	12.0	0.0	1.0	0.0	0.0	0.0	3.0	0.0	1.0	0.0	0.0	8.0	0.0	0.0	35.0	0.0	6.0	0.0	0.0	6.0	20.0	0.0	57.0	1.0	0.0	0.0	0.0	0.0	0.0	0.0	0.0	0.0	0.0	0.0	0.0	0.0	1.0	11.0	0.0	0.0	0.0	0.0	0.0	0.0	39.0	0.0	0.0	0.0	0.0	0.0	3.0	1.0	0.0	0.0	0.0	0.0	0.0	0.0	0.0	0.0	0.0	5.0	0.0	0.0	92.0	0.0	0.0	0.0	0.0	0.0	2.0	0.0	3.0	1.0	85.0	5.0	0.0	4.0	10.0	3.0	1.0	0.0	0.0	0.0	0.0	0.0	0.0	3.0	2.0	0.0	0.0	0.0	0.0	4.0	14.0	1.0	1.0	6.0	0.0	0.0	15.0	14.0	0.0	0.0	0.0	0.0	0.0
d__Bacteria (1)	0.0	44.0	1.0	4.0	0.0	19.0	9.0	0.0	21.0	3.0	13.0	12.0	142.0	2.0	11.0	0.0	3.0	0.0	0.0	0.0	2.0	0.0	0.0	7.0	2.0	4.0	6.0	0.0	0.0	14.0	0.0	0.0	1.0	0.0	0.0	215.0	0.0	0.0	0.0	12.0	1.0	0.0	2.0	16.0	12.0	608.0	60.0	0.0	1.0	0.0	29.0	4.0	32.0	4.0	0.0	0.0	13.0	0.0	3.0	5.0	0.0	0.0	9.0	30.0	23.0	0.0	0.0	16.0	0.0	0.0	2.0	0.0	0.0	5.0	0.0	0.0	1.0	0.0	4.0	10.0	46.0	5.0	38.0	0.0	2.0	113.0	0.0	7.0	1.0	0.0	0.0	0.0	0.0	4.0	0.0	128.0	13.0	0.0	8.0	6.0	0.0	17.0	0.0	2.0	1194.0	1.0	1.0	16.0	0.0	2.0	27.0	151.0	3.0	0.0	0.0	0.0	13.0	6.0	0.0	3.0	3.0	2.0	163.0	13.0	4.0	1.0	2.0	15.0	0.0	0.0	0.0	0.0	0.0	9.0	11.0	0.0	42.0	4.0	1.0	9.0	314.0	0.0	5.0	44.0	1561.0	5.0	12.0	2.0	6.0	25.0	19.0	76.0	1.0	0.0	9.0	0.0	0.0	69.0	94.0	0.0	2.0	17.0	0.0	1.0	31.0	12.0	0.0	2.0	0.0	115.0	0.0	0.0	0.0	11.0	2.0	3.0	59.0	0.0	0.0	0.0	0.0	0.0	11.0	15.0	3.0	0.0	0.0	7.0	19.0	0.0	0.0	1.0	0.0	2.0	53.0	0.0	5.0	20.0	144.0	0.0	0.0	0.0	0.0	4.0	0.0	88.0	14.0	31.0	0.0	0.0	0.0	0.0	190.0	0.0	0.0	0.0	0.0	0.0	3.0	3.0	0.0	0.0	0.0	227.0	61.0	36.0	14.0	4.0	459.0	635.0	0.0	0.0	0.0	4.0	2.0	0.0	1.0	9.0	0.0	845.0	2.0	1.0	0.0	1.0	0.0	0.0	15.0	2.0	2.0	0.0	0.0	0.0	0.0	4.0	16.0	4.0	243.0	5.0	277.0	1.0	22.0	0.0	15.0	3.0	3.0	0.0	0.0	4.0	1.0	64.0	5.0	13.0	0.0	0.0	0.0	0.0	0.0	3.0	0.0	16.0	0.0	70.0	2.0	9.0	0.0	292.0	0.0	84.0	9.0	4.0	0.0	6.0	32.0	15.0	9.0	2.0	7.0	13.0	320.0	9.0	457.0	33.0	0.0	16.0	0.0	0.0	1.0	156.0	2.0	18.0	0.0	0.0	4.0	15.0	0.0	17.0	3.0	0.0	303.0	0.0	280.0	0.0	11.0	1.0	2.0	15.0	37.0	2.0	108.0	0.0	12.0	9.0	2.0	2.0	0.0	364.0	31.0	2.0	9.0	0.0	0.0	0.0	0.0	0.0	0.0	0.0	20.0	0.0	0.0	600.0	20.0	7.0	1.0	16.0	0.0	2.0	3.0	0.0	7.0	0.0	0.0	34.0	0.0	5.0	0.0	0.0	1.0	66.0	0.0	0.0	0.0	1.0	3.0	0.0	8.0	0.0	20.0	1.0	0.0	134.0	0.0	32.0	2.0	0.0	8.0	0.0	3.0	39.0	0.0	3.0	53.0	13.0	6.0	18.0	18.0	0.0	11.0	11.0	124.0	9.0	0.0	13.0	0.0	0.0	8.0	0.0	4.0	5.0	3.0	0.0	0.0	10.0	0.0	5.0	6.0	0.0	0.0	22.0	0.0	3.0	0.0	0.0	3.0	3.0	0.0	12.0	2.0	127.0	8.0	0.0	324.0	0.0	6.0	12.0	0.0	62.0	4.0	5.0	33.0	10.0	68.0	0.0	2.0	14.0	0.0	0.0	2.0	0.0	1.0	6.0	0.0	92.0	0.0	67.0	32.0	8.0	0.0	10.0	0.0	0.0	6.0	0.0	16.0	5.0	18.0	31.0	386.0	0.0	16.0	0.0	26.0	1.0	0.0	3.0	0.0	0.0	381.0	5.0	0.0	145.0	0.0	0.0	279.0
s__Amedibacterium intestinale (1)	19.0	0.0	0.0	0.0	0.0	0.0	0.0	0.0	8.0	23.0	0.0	0.0	191.0	31.0	0.0	0.0	0.0	0.0	0.0	1.0	0.0	0.0	0.0	0.0	14.0	0.0	3.0	0.0	0.0	0.0	0.0	0.0	1.0	0.0	0.0	0.0	0.0	0.0	29.0	0.0	0.0	0.0	0.0	1.0	0.0	0.0	0.0	0.0	69.0	0.0	0.0	0.0	7.0	0.0	0.0	0.0	0.0	0.0	0.0	0.0	0.0	0.0	0.0	0.0	0.0	0.0	0.0	0.0	0.0	0.0	2.0	0.0	0.0	0.0	0.0	0.0	0.0	0.0	0.0	0.0	12.0	0.0	0.0	0.0	0.0	0.0	0.0	0.0	0.0	0.0	0.0	0.0	0.0	0.0	0.0	0.0	8.0	0.0	0.0	0.0	14.0	0.0	37.0	0.0	0.0	0.0	0.0	0.0	0.0	4.0	0.0	0.0	0.0	0.0	0.0	0.0	1.0	0.0	0.0	0.0	0.0	10.0	0.0	0.0	0.0	0.0	0.0	0.0	0.0	0.0	0.0	0.0	0.0	0.0	0.0	0.0	0.0	0.0	0.0	0.0	0.0	15.0	21.0	0.0	0.0	0.0	9.0	0.0	0.0	0.0	0.0	0.0	0.0	0.0	0.0	0.0	0.0	0.0	10.0	0.0	0.0	0.0	0.0	2.0	48.0	0.0	0.0	0.0	0.0	0.0	0.0	0.0	0.0	155.0	0.0	0.0	0.0	0.0	0.0	0.0	0.0	0.0	0.0	3.0	9.0	0.0	0.0	0.0	0.0	0.0	0.0	0.0	0.0	0.0	0.0	0.0	0.0	0.0	0.0	0.0	0.0	0.0	0.0	0.0	0.0	0.0	0.0	0.0	0.0	0.0	0.0	0.0	0.0	0.0	0.0	0.0	0.0	0.0	0.0	0.0	0.0	0.0	0.0	0.0	0.0	0.0	0.0	0.0	0.0	0.0	0.0	4.0	0.0	0.0	0.0	0.0	0.0	0.0	0.0	0.0	0.0	0.0	0.0	0.0	0.0	0.0	0.0	4.0	0.0	0.0	0.0	0.0	0.0	0.0	0.0	0.0	0.0	0.0	0.0	7.0	0.0	3.0	0.0	0.0	0.0	0.0	0.0	2.0	5.0	0.0	0.0	0.0	0.0	0.0	174.0	0.0	0.0	0.0	0.0	0.0	0.0	185.0	0.0	0.0	0.0	0.0	0.0	0.0	0.0	0.0	0.0	11.0	0.0	0.0	0.0	0.0	0.0	0.0	0.0	28.0	0.0	0.0	0.0	0.0	0.0	0.0	0.0	0.0	14.0	0.0	1.0	0.0	0.0	0.0	0.0	40.0	0.0	1.0	0.0	0.0	0.0	0.0	23.0	2.0	0.0	0.0	31.0	0.0	0.0	0.0	0.0	105.0	6.0	0.0	0.0	0.0	0.0	0.0	0.0	0.0	0.0	0.0	0.0	0.0	62.0	0.0	0.0	0.0	0.0	0.0	3.0	0.0	0.0	0.0	0.0	1.0	0.0	0.0	0.0	0.0	0.0	0.0	0.0	0.0	11.0	0.0	0.0	0.0	0.0	0.0	9.0	0.0	0.0	6.0	0.0	0.0	0.0	0.0	0.0	0.0	0.0	0.0	0.0	0.0	17.0	0.0	0.0	0.0	0.0	150.0	0.0	0.0	29.0	0.0	0.0	0.0	0.0	0.0	0.0	22.0	0.0	1.0	0.0	0.0	0.0	0.0	0.0	0.0	0.0	0.0	0.0	26.0	0.0	0.0	0.0	0.0	0.0	0.0	0.0	0.0	0.0	0.0	47.0	0.0	0.0	0.0	0.0	0.0	422.0	0.0	0.0	0.0	0.0	0.0	0.0	0.0	0.0	0.0	0.0	0.0	0.0	0.0	0.0	38.0	0.0	0.0	5.0	0.0	24.0	33.0	0.0	0.0	0.0	9.0	0.0	0.0	0.0	8.0	0.0	0.0	0.0	0.0	0.0	0.0	0.0	0.0	0.0	2.0	0.0	0.0	0.0	0.0	12.0	0.0	0.0	5.0	0.0	85.0	0.0	0.0	0.0	0.0	0.0
s__Holdemanella biformis (1)	0.0	0.0	0.0	0.0	109.0	0.0	0.0	0.0	0.0	0.0	0.0	0.0	0.0	0.0	0.0	0.0	0.0	9.0	0.0	0.0	0.0	0.0	0.0	0.0	0.0	0.0	0.0	0.0	41.0	0.0	0.0	34.0	0.0	0.0	0.0	0.0	0.0	0.0	0.0	0.0	0.0	0.0	0.0	0.0	0.0	0.0	0.0	0.0	0.0	0.0	0.0	0.0	0.0	0.0	0.0	0.0	0.0	0.0	0.0	0.0	617.0	0.0	0.0	0.0	0.0	0.0	0.0	0.0	0.0	0.0	0.0	0.0	0.0	0.0	0.0	360.0	0.0	0.0	0.0	0.0	0.0	0.0	0.0	0.0	0.0	0.0	0.0	0.0	0.0	0.0	0.0	1.0	0.0	0.0	0.0	0.0	0.0	0.0	0.0	0.0	0.0	0.0	0.0	0.0	0.0	0.0	0.0	224.0	0.0	0.0	0.0	0.0	798.0	0.0	55.0	0.0	0.0	0.0	0.0	0.0	0.0	0.0	0.0	0.0	0.0	0.0	5.0	0.0	0.0	0.0	0.0	0.0	0.0	0.0	0.0	0.0	0.0	0.0	0.0	0.0	0.0	226.0	0.0	0.0	0.0	0.0	0.0	0.0	217.0	0.0	0.0	0.0	0.0	0.0	0.0	0.0	0.0	0.0	0.0	0.0	0.0	0.0	31.0	0.0	0.0	0.0	0.0	0.0	0.0	0.0	25.0	0.0	0.0	0.0	0.0	0.0	0.0	20.0	0.0	182.0	851.0	0.0	0.0	0.0	0.0	0.0	146.0	0.0	0.0	147.0	0.0	0.0	0.0	0.0	0.0	0.0	0.0	0.0	0.0	0.0	0.0	0.0	0.0	0.0	0.0	0.0	0.0	0.0	54.0	0.0	0.0	34.0	1.0	0.0	0.0	0.0	0.0	0.0	0.0	0.0	0.0	0.0	0.0	0.0	0.0	0.0	0.0	0.0	0.0	0.0	0.0	0.0	0.0	0.0	0.0	0.0	0.0	0.0	0.0	0.0	328.0	0.0	0.0	0.0	0.0	37.0	0.0	0.0	0.0	0.0	0.0	0.0	0.0	0.0	0.0	0.0	0.0	0.0	0.0	0.0	0.0	0.0	0.0	0.0	0.0	0.0	18.0	0.0	126.0	0.0	0.0	0.0	0.0	0.0	6.0	27.0	0.0	0.0	0.0	0.0	0.0	0.0	0.0	0.0	0.0	0.0	0.0	0.0	0.0	0.0	0.0	0.0	0.0	13.0	0.0	0.0	0.0	0.0	0.0	0.0	0.0	0.0	217.0	0.0	0.0	0.0	0.0	0.0	0.0	0.0	0.0	193.0	0.0	1093.0	57.0	0.0	0.0	0.0	0.0	0.0	0.0	0.0	0.0	0.0	0.0	0.0	0.0	0.0	0.0	0.0	0.0	0.0	0.0	0.0	45.0	0.0	0.0	0.0	0.0	0.0	0.0	0.0	455.0	0.0	0.0	0.0	0.0	0.0	0.0	0.0	0.0	0.0	0.0	0.0	0.0	0.0	0.0	0.0	0.0	34.0	88.0	0.0	4.0	0.0	0.0	0.0	0.0	0.0	1053.0	0.0	0.0	0.0	0.0	0.0	0.0	0.0	0.0	0.0	0.0	0.0	0.0	0.0	0.0	0.0	0.0	35.0	0.0	0.0	0.0	0.0	0.0	0.0	0.0	0.0	0.0	0.0	0.0	0.0	0.0	0.0	0.0	0.0	0.0	30.0	0.0	24.0	0.0	211.0	0.0	0.0	1.0	0.0	0.0	0.0	0.0	191.0	0.0	0.0	0.0	0.0	0.0	0.0	0.0	0.0	7.0	0.0	0.0	0.0	0.0	0.0	0.0	0.0	0.0	0.0	0.0	0.0	0.0	0.0	0.0	0.0	0.0	0.0	0.0	0.0	0.0	0.0	0.0	0.0	0.0	0.0	0.0	0.0	0.0	0.0	1.0	0.0	0.0	0.0	0.0	4.0	321.0	0.0	0.0	0.0	0.0	0.0	0.0	0.0	0.0	0.0	0.0	0.0	0.0	0.0	0.0	0.0	0.0	0.0	0.0	0.0	18.0	132.0	0.0
g__Holdemanella (1)	0.0	0.0	0.0	1.0	74.0	0.0	0.0	0.0	0.0	0.0	0.0	371.0	0.0	0.0	0.0	0.0	23.0	4.0	0.0	0.0	0.0	295.0	0.0	0.0	0.0	0.0	0.0	0.0	62.0	0.0	0.0	5.0	0.0	0.0	0.0	0.0	200.0	0.0	0.0	0.0	0.0	0.0	0.0	0.0	0.0	0.0	0.0	0.0	0.0	0.0	0.0	0.0	0.0	0.0	0.0	0.0	0.0	132.0	0.0	0.0	0.0	1.0	0.0	0.0	0.0	0.0	0.0	0.0	0.0	0.0	0.0	2447.0	541.0	340.0	0.0	18.0	0.0	0.0	0.0	0.0	0.0	0.0	0.0	0.0	0.0	0.0	0.0	0.0	0.0	0.0	0.0	0.0	2.0	0.0	0.0	0.0	0.0	0.0	0.0	0.0	0.0	0.0	0.0	0.0	0.0	0.0	0.0	0.0	0.0	0.0	0.0	0.0	396.0	0.0	13.0	0.0	0.0	0.0	308.0	298.0	0.0	0.0	0.0	0.0	0.0	0.0	0.0	0.0	38.0	0.0	2.0	0.0	0.0	731.0	0.0	0.0	0.0	0.0	0.0	0.0	0.0	0.0	0.0	0.0	0.0	0.0	0.0	0.0	1517.0	0.0	0.0	19.0	0.0	454.0	0.0	0.0	56.0	0.0	0.0	285.0	0.0	0.0	239.0	0.0	0.0	0.0	0.0	0.0	0.0	0.0	7.0	0.0	0.0	0.0	0.0	0.0	0.0	23.0	0.0	0.0	0.0	0.0	0.0	0.0	847.0	0.0	191.0	0.0	0.0	0.0	1.0	0.0	0.0	0.0	0.0	96.0	0.0	0.0	0.0	0.0	0.0	0.0	94.0	1.0	0.0	0.0	0.0	0.0	190.0	0.0	0.0	14.0	0.0	34.0	0.0	0.0	0.0	0.0	0.0	0.0	0.0	163.0	0.0	0.0	9.0	0.0	0.0	0.0	0.0	0.0	0.0	0.0	0.0	0.0	0.0	0.0	0.0	0.0	0.0	0.0	0.0	0.0	0.0	0.0	0.0	53.0	0.0	0.0	0.0	0.0	0.0	0.0	0.0	0.0	0.0	18.0	0.0	0.0	0.0	0.0	0.0	0.0	0.0	0.0	0.0	14.0	0.0	0.0	0.0	0.0	0.0	0.0	0.0	364.0	0.0	44.0	5.0	0.0	0.0	0.0	0.0	0.0	0.0	0.0	0.0	0.0	0.0	0.0	0.0	0.0	0.0	0.0	0.0	0.0	0.0	0.0	0.0	0.0	0.0	0.0	0.0	0.0	0.0	0.0	75.0	0.0	0.0	0.0	0.0	0.0	0.0	113.0	0.0	0.0	0.0	0.0	0.0	0.0	0.0	0.0	0.0	0.0	0.0	0.0	0.0	0.0	0.0	0.0	0.0	128.0	0.0	0.0	0.0	0.0	23.0	0.0	0.0	0.0	0.0	14.0	0.0	0.0	0.0	0.0	0.0	0.0	0.0	0.0	0.0	0.0	0.0	0.0	0.0	0.0	0.0	0.0	0.0	0.0	0.0	0.0	37.0	0.0	0.0	0.0	0.0	509.0	2.0	0.0	0.0	0.0	0.0	559.0	0.0	0.0	0.0	0.0	0.0	0.0	0.0	0.0	0.0	0.0	0.0	0.0	0.0	0.0	0.0	0.0	0.0	0.0	0.0	0.0	0.0	0.0	0.0	0.0	0.0	0.0	0.0	0.0	0.0	0.0	0.0	324.0	0.0	360.0	200.0	0.0	469.0	0.0	0.0	0.0	0.0	0.0	0.0	0.0	0.0	0.0	0.0	0.0	0.0	0.0	0.0	0.0	288.0	0.0	0.0	0.0	0.0	0.0	0.0	0.0	0.0	0.0	0.0	0.0	0.0	0.0	0.0	0.0	0.0	0.0	201.0	0.0	0.0	208.0	0.0	72.0	0.0	0.0	0.0	0.0	0.0	0.0	0.0	0.0	0.0	0.0	0.0	72.0	0.0	0.0	0.0	0.0	0.0	0.0	0.0	0.0	0.0	0.0	0.0	0.0	0.0	0.0	0.0	0.0	0.0	0.0	0.0	0.0	56.0	0.0	0.0
s__Longicatena caecimuris (1)	2.0	0.0	0.0	0.0	0.0	0.0	0.0	0.0	0.0	5.0	17.0	0.0	0.0	0.0	0.0	0.0	0.0	0.0	0.0	0.0	0.0	0.0	0.0	0.0	70.0	0.0	0.0	0.0	0.0	0.0	0.0	0.0	0.0	0.0	0.0	0.0	0.0	0.0	0.0	0.0	0.0	6.0	0.0	0.0	10.0	0.0	0.0	24.0	0.0	1.0	0.0	0.0	0.0	0.0	0.0	0.0	0.0	0.0	1.0	0.0	0.0	0.0	0.0	11.0	0.0	2.0	0.0	0.0	6.0	0.0	0.0	0.0	0.0	0.0	1.0	0.0	0.0	0.0	0.0	0.0	0.0	0.0	0.0	0.0	0.0	0.0	0.0	22.0	0.0	0.0	0.0	0.0	0.0	0.0	7.0	0.0	0.0	0.0	0.0	97.0	0.0	0.0	0.0	2.0	0.0	0.0	0.0	0.0	0.0	0.0	0.0	0.0	0.0	0.0	0.0	0.0	0.0	0.0	0.0	0.0	0.0	0.0	0.0	0.0	0.0	0.0	0.0	0.0	0.0	0.0	0.0	0.0	3.0	0.0	0.0	0.0	137.0	14.0	0.0	9.0	0.0	0.0	36.0	0.0	0.0	0.0	0.0	0.0	0.0	0.0	76.0	0.0	0.0	0.0	498.0	1.0	0.0	0.0	0.0	0.0	0.0	0.0	0.0	0.0	0.0	0.0	0.0	0.0	4.0	0.0	0.0	0.0	0.0	0.0	11.0	2.0	0.0	0.0	0.0	0.0	0.0	0.0	0.0	5.0	0.0	0.0	0.0	0.0	0.0	0.0	0.0	0.0	0.0	0.0	314.0	0.0	0.0	0.0	0.0	0.0	0.0	0.0	0.0	0.0	0.0	0.0	9.0	0.0	0.0	0.0	0.0	0.0	0.0	0.0	0.0	1.0	0.0	0.0	0.0	0.0	0.0	0.0	0.0	0.0	0.0	0.0	0.0	0.0	0.0	0.0	0.0	7.0	0.0	0.0	0.0	0.0	0.0	0.0	0.0	0.0	0.0	0.0	0.0	0.0	0.0	0.0	12.0	0.0	0.0	0.0	0.0	0.0	0.0	0.0	0.0	0.0	0.0	0.0	0.0	0.0	0.0	0.0	0.0	0.0	0.0	0.0	0.0	0.0	0.0	0.0	0.0	93.0	0.0	0.0	0.0	0.0	0.0	0.0	0.0	0.0	0.0	0.0	0.0	0.0	0.0	0.0	0.0	0.0	0.0	0.0	0.0	0.0	1.0	0.0	0.0	0.0	0.0	0.0	0.0	10.0	0.0	0.0	0.0	0.0	0.0	0.0	0.0	0.0	0.0	0.0	0.0	0.0	0.0	7.0	0.0	0.0	0.0	0.0	0.0	0.0	0.0	0.0	0.0	0.0	0.0	0.0	0.0	0.0	0.0	0.0	0.0	0.0	0.0	0.0	0.0	0.0	0.0	0.0	0.0	0.0	0.0	0.0	0.0	0.0	0.0	0.0	0.0	0.0	2.0	0.0	0.0	0.0	0.0	0.0	0.0	0.0	0.0	0.0	0.0	0.0	0.0	0.0	0.0	0.0	0.0	0.0	0.0	0.0	0.0	0.0	0.0	0.0	0.0	0.0	0.0	0.0	0.0	0.0	0.0	0.0	0.0	0.0	10.0	0.0	7.0	0.0	0.0	20.0	0.0	2.0	0.0	0.0	0.0	0.0	0.0	0.0	0.0	18.0	0.0	0.0	0.0	0.0	0.0	0.0	0.0	0.0	0.0	0.0	0.0	0.0	0.0	0.0	0.0	8.0	0.0	0.0	0.0	0.0	0.0	3.0	0.0	0.0	0.0	0.0	0.0	0.0	16.0	0.0	0.0	0.0	0.0	0.0	0.0	0.0	0.0	0.0	0.0	0.0	0.0	0.0	0.0	0.0	0.0	0.0	0.0	0.0	0.0	0.0	0.0	0.0	0.0	0.0	0.0	0.0	0.0	0.0	0.0	0.0	0.0	0.0	0.0	0.0	0.0	0.0	0.0	105.0	0.0	0.0	0.0	9.0	0.0	0.0	0.0	0.0	0.0	0.0	0.0	21.0	7.0	0.0	0.0	0.0	0.0
s__Phocaeicola plebeius (1)	0.0	0.0	0.0	0.0	27.0	0.0	0.0	84.0	0.0	0.0	0.0	6.0	0.0	0.0	0.0	0.0	0.0	0.0	0.0	1572.0	0.0	0.0	0.0	0.0	0.0	0.0	0.0	616.0	0.0	0.0	0.0	0.0	0.0	0.0	0.0	0.0	0.0	0.0	572.0	0.0	0.0	0.0	0.0	2012.0	0.0	0.0	0.0	0.0	25.0	4.0	0.0	0.0	0.0	64.0	29.0	0.0	425.0	8.0	0.0	0.0	0.0	0.0	0.0	0.0	0.0	0.0	415.0	0.0	438.0	19.0	1.0	0.0	57.0	0.0	0.0	9.0	0.0	0.0	0.0	0.0	0.0	0.0	0.0	0.0	0.0	0.0	0.0	0.0	0.0	0.0	0.0	0.0	0.0	2.0	0.0	0.0	0.0	43.0	0.0	0.0	0.0	0.0	0.0	0.0	0.0	327.0	0.0	0.0	194.0	0.0	0.0	0.0	0.0	0.0	0.0	0.0	0.0	0.0	0.0	0.0	0.0	0.0	32.0	0.0	103.0	0.0	0.0	0.0	3.0	24.0	0.0	0.0	0.0	46.0	0.0	0.0	0.0	0.0	0.0	0.0	0.0	0.0	0.0	0.0	0.0	0.0	0.0	0.0	0.0	0.0	1.0	0.0	0.0	0.0	0.0	0.0	0.0	0.0	2.0	0.0	42.0	0.0	0.0	0.0	1.0	0.0	0.0	0.0	0.0	3.0	0.0	2.0	404.0	0.0	0.0	10.0	0.0	0.0	0.0	434.0	0.0	0.0	0.0	0.0	0.0	1.0	0.0	0.0	1.0	165.0	2.0	0.0	0.0	0.0	0.0	21.0	0.0	0.0	0.0	0.0	0.0	0.0	9.0	0.0	0.0	0.0	691.0	0.0	0.0	0.0	0.0	0.0	0.0	9.0	0.0	0.0	23.0	404.0	0.0	0.0	11.0	0.0	396.0	0.0	0.0	0.0	0.0	0.0	0.0	0.0	0.0	0.0	0.0	204.0	90.0	0.0	0.0	0.0	0.0	0.0	0.0	193.0	1454.0	0.0	211.0	32.0	0.0	5.0	45.0	0.0	0.0	0.0	0.0	0.0	0.0	143.0	0.0	0.0	0.0	634.0	0.0	2489.0	0.0	0.0	0.0	0.0	32.0	9.0	0.0	0.0	0.0	0.0	0.0	37.0	0.0	2.0	0.0	0.0	0.0	443.0	0.0	0.0	0.0	0.0	0.0	0.0	0.0	0.0	607.0	0.0	10.0	345.0	0.0	4.0	0.0	0.0	30.0	0.0	0.0	0.0	0.0	0.0	0.0	0.0	3.0	0.0	18.0	0.0	0.0	153.0	7.0	31.0	0.0	0.0	0.0	0.0	0.0	2998.0	0.0	0.0	0.0	0.0	0.0	234.0	199.0	0.0	0.0	0.0	0.0	0.0	0.0	0.0	0.0	0.0	19.0	0.0	0.0	0.0	0.0	0.0	0.0	0.0	250.0	0.0	2.0	57.0	0.0	0.0	0.0	0.0	317.0	49.0	0.0	0.0	0.0	0.0	0.0	0.0	0.0	609.0	14.0	2.0	0.0	0.0	696.0	294.0	211.0	0.0	0.0	39.0	15.0	1.0	17.0	0.0	0.0	73.0	0.0	0.0	102.0	0.0	154.0	0.0	0.0	0.0	0.0	0.0	0.0	0.0	1098.0	1632.0	0.0	0.0	0.0	0.0	2.0	31.0	0.0	0.0	0.0	0.0	0.0	0.0	0.0	0.0	0.0	44.0	0.0	25.0	93.0	0.0	3.0	0.0	0.0	0.0	1.0	91.0	0.0	0.0	0.0	1.0	0.0	0.0	0.0	418.0	93.0	0.0	0.0	0.0	0.0	0.0	0.0	0.0	0.0	13.0	0.0	0.0	0.0	4.0	6.0	0.0	0.0	0.0	0.0	11.0	0.0	15.0	0.0	0.0	0.0	0.0	0.0	0.0	187.0	0.0	0.0	0.0	0.0	2070.0	0.0	0.0	163.0	0.0	0.0	0.0	10.0	0.0	0.0	0.0	0.0	0.0	0.0	0.0	0.0	138.0	0.0	0.0	0.0	0.0	0.0	0.0	6.0	0.0	0.0
g__Phocaeicola (2)	0.0	0.0	0.0	26.0	0.0	0.0	0.0	16.0	0.0	0.0	0.0	2.0	0.0	0.0	0.0	0.0	0.0	0.0	0.0	0.0	0.0	0.0	0.0	0.0	0.0	0.0	0.0	211.0	0.0	0.0	0.0	0.0	0.0	0.0	0.0	0.0	0.0	0.0	443.0	0.0	0.0	0.0	0.0	231.0	0.0	0.0	0.0	0.0	0.0	0.0	0.0	0.0	0.0	0.0	0.0	0.0	276.0	0.0	0.0	0.0	0.0	0.0	0.0	0.0	0.0	0.0	117.0	0.0	495.0	15.0	0.0	0.0	2.0	0.0	0.0	0.0	0.0	0.0	0.0	1.0	0.0	0.0	0.0	0.0	0.0	0.0	2.0	0.0	0.0	0.0	0.0	0.0	0.0	0.0	0.0	0.0	0.0	2.0	0.0	0.0	0.0	0.0	0.0	0.0	0.0	169.0	0.0	0.0	0.0	0.0	0.0	0.0	0.0	0.0	0.0	0.0	0.0	0.0	0.0	0.0	0.0	0.0	0.0	0.0	56.0	0.0	0.0	0.0	91.0	3.0	0.0	203.0	0.0	0.0	0.0	0.0	0.0	0.0	0.0	0.0	0.0	0.0	0.0	0.0	0.0	0.0	0.0	16.0	5.0	0.0	0.0	0.0	0.0	0.0	0.0	0.0	0.0	0.0	0.0	0.0	12.0	0.0	0.0	0.0	0.0	0.0	0.0	0.0	0.0	0.0	0.0	0.0	49.0	0.0	0.0	1.0	0.0	0.0	0.0	38.0	0.0	0.0	0.0	0.0	0.0	0.0	0.0	0.0	0.0	0.0	0.0	0.0	0.0	0.0	0.0	0.0	0.0	0.0	0.0	0.0	0.0	0.0	1.0	0.0	0.0	0.0	0.0	0.0	24.0	16.0	0.0	0.0	0.0	3.0	0.0	0.0	0.0	284.0	0.0	0.0	2.0	0.0	18.0	0.0	0.0	0.0	0.0	0.0	0.0	0.0	0.0	0.0	0.0	164.0	14.0	0.0	9.0	0.0	0.0	0.0	0.0	0.0	0.0	0.0	68.0	1.0	0.0	0.0	20.0	0.0	0.0	0.0	0.0	0.0	0.0	2.0	0.0	0.0	0.0	12.0	0.0	0.0	0.0	0.0	0.0	0.0	2.0	14.0	0.0	0.0	0.0	0.0	0.0	1.0	0.0	1.0	0.0	0.0	0.0	303.0	0.0	0.0	0.0	0.0	0.0	0.0	0.0	0.0	0.0	0.0	2.0	272.0	0.0	0.0	0.0	0.0	6.0	0.0	0.0	0.0	0.0	0.0	0.0	0.0	0.0	0.0	7.0	0.0	0.0	83.0	35.0	0.0	0.0	0.0	0.0	0.0	0.0	0.0	0.0	0.0	0.0	0.0	0.0	57.0	233.0	0.0	0.0	0.0	0.0	0.0	0.0	0.0	0.0	0.0	1.0	0.0	0.0	0.0	0.0	0.0	0.0	0.0	63.0	0.0	255.0	0.0	0.0	0.0	0.0	0.0	38.0	3.0	0.0	5.0	0.0	0.0	0.0	0.0	0.0	140.0	4.0	0.0	0.0	0.0	0.0	47.0	35.0	0.0	0.0	12.0	205.0	0.0	1.0	0.0	0.0	0.0	0.0	0.0	39.0	0.0	38.0	0.0	0.0	0.0	0.0	0.0	0.0	0.0	1106.0	0.0	0.0	0.0	0.0	0.0	0.0	12.0	0.0	0.0	0.0	0.0	0.0	0.0	0.0	0.0	0.0	18.0	0.0	0.0	27.0	0.0	0.0	0.0	0.0	0.0	0.0	0.0	0.0	0.0	7.0	0.0	0.0	0.0	0.0	51.0	4.0	0.0	0.0	0.0	0.0	0.0	0.0	0.0	0.0	12.0	0.0	0.0	0.0	0.0	0.0	0.0	0.0	0.0	0.0	3.0	0.0	1.0	0.0	0.0	0.0	0.0	0.0	0.0	89.0	2.0	5.0	0.0	0.0	0.0	0.0	0.0	1.0	0.0	0.0	0.0	0.0	3.0	0.0	0.0	0.0	0.0	0.0	0.0	0.0	0.0	0.0	0.0	0.0	75.0	0.0	0.0	0.0	0.0	0.0
g__Phocaeicola (1)	0.0	0.0	0.0	0.0	3.0	0.0	0.0	19.0	0.0	0.0	0.0	6.0	0.0	0.0	0.0	0.0	0.0	2.0	0.0	0.0	0.0	0.0	0.0	0.0	0.0	0.0	0.0	335.0	5.0	0.0	0.0	0.0	31.0	0.0	0.0	1.0	10.0	0.0	0.0	0.0	0.0	0.0	0.0	244.0	0.0	2.0	55.0	0.0	3.0	0.0	0.0	0.0	20.0	66.0	0.0	0.0	308.0	0.0	0.0	147.0	0.0	0.0	0.0	0.0	0.0	0.0	151.0	0.0	61.0	3.0	0.0	0.0	19.0	0.0	0.0	0.0	0.0	0.0	0.0	0.0	0.0	0.0	0.0	0.0	0.0	0.0	0.0	0.0	0.0	0.0	1.0	0.0	0.0	0.0	0.0	0.0	0.0	10.0	0.0	0.0	0.0	0.0	0.0	0.0	0.0	376.0	0.0	0.0	0.0	0.0	0.0	0.0	0.0	0.0	0.0	0.0	0.0	0.0	17.0	0.0	0.0	0.0	21.0	0.0	322.0	0.0	0.0	0.0	2.0	4.0	0.0	0.0	0.0	0.0	0.0	0.0	0.0	0.0	0.0	0.0	0.0	0.0	0.0	0.0	0.0	5.0	0.0	103.0	0.0	0.0	0.0	0.0	0.0	0.0	0.0	0.0	8.0	0.0	0.0	0.0	19.0	0.0	20.0	0.0	0.0	0.0	0.0	0.0	0.0	0.0	0.0	0.0	263.0	0.0	0.0	27.0	0.0	6.0	0.0	49.0	0.0	0.0	1.0	0.0	0.0	0.0	0.0	0.0	0.0	0.0	0.0	0.0	0.0	0.0	0.0	0.0	0.0	0.0	0.0	0.0	0.0	0.0	11.0	0.0	0.0	0.0	0.0	0.0	0.0	0.0	0.0	0.0	0.0	73.0	0.0	1.0	8.0	187.0	0.0	0.0	261.0	0.0	24.0	0.0	0.0	0.0	0.0	0.0	0.0	0.0	0.0	0.0	0.0	368.0	27.0	0.0	0.0	0.0	0.0	0.0	0.0	0.0	0.0	0.0	58.0	20.0	0.0	0.0	27.0	0.0	0.0	0.0	0.0	0.0	0.0	16.0	0.0	0.0	0.0	18.0	0.0	0.0	0.0	0.0	0.0	0.0	1.0	0.0	0.0	0.0	0.0	0.0	0.0	55.0	8.0	7.0	0.0	0.0	0.0	91.0	0.0	0.0	0.0	0.0	0.0	0.0	0.0	0.0	0.0	0.0	3.0	438.0	0.0	1.0	0.0	0.0	7.0	0.0	0.0	0.0	0.0	0.0	0.0	3.0	0.0	0.0	0.0	0.0	0.0	80.0	7.0	7.0	0.0	0.0	0.0	0.0	0.0	0.0	0.0	0.0	0.0	117.0	0.0	91.0	253.0	0.0	1.0	0.0	0.0	0.0	0.0	0.0	2.0	0.0	1.0	1.0	0.0	0.0	0.0	0.0	0.0	0.0	277.0	0.0	17.0	0.0	0.0	0.0	0.0	0.0	43.0	6.0	0.0	0.0	0.0	0.0	0.0	0.0	0.0	204.0	9.0	0.0	1.0	0.0	0.0	158.0	64.0	0.0	0.0	20.0	56.0	0.0	23.0	0.0	0.0	0.0	0.0	0.0	62.0	0.0	28.0	0.0	0.0	80.0	0.0	0.0	0.0	0.0	606.0	0.0	0.0	0.0	0.0	0.0	0.0	0.0	0.0	0.0	0.0	0.0	0.0	0.0	0.0	0.0	0.0	19.0	0.0	0.0	148.0	0.0	0.0	0.0	0.0	0.0	0.0	0.0	0.0	0.0	87.0	0.0	0.0	0.0	0.0	112.0	15.0	0.0	0.0	2.0	0.0	255.0	0.0	0.0	0.0	4.0	0.0	0.0	0.0	0.0	0.0	0.0	0.0	1.0	0.0	4.0	0.0	1.0	0.0	0.0	0.0	1.0	0.0	0.0	91.0	0.0	0.0	0.0	348.0	0.0	0.0	0.0	2.0	0.0	0.0	0.0	1.0	0.0	0.0	0.0	0.0	0.0	0.0	0.0	0.0	0.0	0.0	10.0	0.0	0.0	0.0	3.0	1.0	8.0	0.0
s__Phocaeicola plebeius_A (1)	0.0	0.0	1901.0	202.0	7.0	1.0	0.0	22.0	0.0	0.0	0.0	12.0	0.0	0.0	1.0	0.0	0.0	0.0	0.0	0.0	0.0	821.0	0.0	0.0	0.0	0.0	0.0	584.0	6.0	0.0	0.0	38.0	95.0	2.0	0.0	0.0	32.0	301.0	0.0	0.0	0.0	0.0	1269.0	181.0	0.0	0.0	207.0	0.0	35.0	0.0	0.0	0.0	156.0	26.0	0.0	0.0	1857.0	0.0	0.0	558.0	0.0	4.0	0.0	0.0	0.0	0.0	129.0	1.0	185.0	62.0	0.0	0.0	20.0	0.0	0.0	86.0	0.0	0.0	1.0	0.0	0.0	3.0	0.0	0.0	1.0	0.0	0.0	0.0	0.0	0.0	0.0	0.0	966.0	0.0	0.0	0.0	0.0	32.0	0.0	0.0	0.0	0.0	1719.0	0.0	0.0	1812.0	0.0	0.0	0.0	0.0	0.0	0.0	0.0	0.0	0.0	0.0	0.0	0.0	11.0	0.0	0.0	2804.0	49.0	0.0	322.0	0.0	1.0	0.0	346.0	188.0	2.0	421.0	2.0	0.0	0.0	0.0	0.0	0.0	1.0	1.0	1.0	0.0	0.0	0.0	0.0	0.0	0.0	975.0	11.0	0.0	0.0	0.0	5.0	0.0	0.0	0.0	20.0	0.0	0.0	0.0	151.0	0.0	271.0	0.0	0.0	0.0	0.0	0.0	1634.0	0.0	11.0	0.0	388.0	0.0	418.0	74.0	0.0	3.0	0.0	61.0	0.0	0.0	0.0	0.0	0.0	0.0	17.0	0.0	0.0	0.0	4.0	3.0	0.0	1191.0	2.0	0.0	0.0	0.0	0.0	0.0	54.0	0.0	94.0	0.0	3.0	0.0	0.0	0.0	15.0	128.0	0.0	0.0	0.0	387.0	0.0	0.0	15.0	262.0	0.0	0.0	294.0	8.0	70.0	0.0	2.0	2.0	0.0	0.0	0.0	5.0	0.0	2.0	0.0	634.0	558.0	12.0	186.0	0.0	0.0	0.0	95.0	0.0	0.0	0.0	1104.0	54.0	0.0	0.0	16.0	642.0	0.0	0.0	7.0	0.0	0.0	60.0	3.0	0.0	0.0	45.0	0.0	0.0	1.0	3.0	248.0	0.0	66.0	57.0	62.0	0.0	0.0	0.0	0.0	145.0	0.0	1.0	1.0	0.0	12.0	217.0	1.0	1.0	0.0	0.0	1.0	0.0	0.0	0.0	0.0	0.0	32.0	936.0	0.0	214.0	0.0	0.0	102.0	12.0	0.0	2.0	2.0	0.0	0.0	0.0	0.0	833.0	0.0	0.0	0.0	1015.0	31.0	0.0	0.0	0.0	0.0	0.0	0.0	0.0	0.0	0.0	0.0	469.0	0.0	292.0	2012.0	0.0	0.0	1.0	0.0	56.0	0.0	0.0	29.0	0.0	12.0	0.0	2.0	0.0	2.0	0.0	5.0	0.0	291.0	0.0	1309.0	0.0	2.0	0.0	0.0	0.0	78.0	29.0	3607.0	0.0	0.0	0.0	0.0	2.0	0.0	323.0	3.0	0.0	4.0	2.0	0.0	295.0	251.0	0.0	0.0	2034.0	867.0	0.0	18.0	82.0	4.0	0.0	0.0	0.0	1031.0	0.0	67.0	0.0	1246.0	12.0	0.0	2.0	0.0	0.0	1188.0	0.0	0.0	0.0	0.0	0.0	0.0	0.0	0.0	0.0	0.0	0.0	0.0	1.0	0.0	0.0	0.0	284.0	0.0	0.0	1386.0	0.0	0.0	0.0	0.0	0.0	0.0	0.0	6.0	0.0	104.0	0.0	0.0	238.0	0.0	272.0	23.0	0.0	0.0	0.0	1.0	125.0	2.0	0.0	3.0	45.0	0.0	0.0	0.0	0.0	0.0	3.0	0.0	18.0	8.0	53.0	87.0	23.0	0.0	40.0	0.0	0.0	0.0	1.0	1413.0	0.0	0.0	0.0	1302.0	0.0	4.0	4.0	31.0	0.0	587.0	0.0	359.0	0.0	0.0	2131.0	0.0	0.0	0.0	0.0	0.0	0.0	2.0	57.0	0.0	330.0	4.0	0.0	30.0	14.0	1.0
s__Bacteroides stercoris (2)	0.0	0.0	0.0	0.0	0.0	0.0	0.0	5.0	757.0	0.0	0.0	0.0	0.0	0.0	0.0	0.0	0.0	0.0	0.0	69.0	206.0	29.0	0.0	0.0	0.0	0.0	0.0	0.0	0.0	0.0	0.0	0.0	0.0	0.0	0.0	0.0	0.0	0.0	0.0	0.0	0.0	104.0	0.0	22.0	0.0	0.0	0.0	0.0	0.0	0.0	0.0	241.0	18.0	0.0	0.0	0.0	0.0	0.0	1.0	1.0	0.0	0.0	0.0	0.0	0.0	0.0	47.0	0.0	0.0	24.0	0.0	0.0	3.0	14.0	0.0	0.0	0.0	0.0	0.0	0.0	424.0	0.0	0.0	0.0	0.0	0.0	0.0	0.0	20.0	0.0	0.0	0.0	0.0	113.0	0.0	0.0	0.0	0.0	0.0	0.0	95.0	0.0	0.0	0.0	0.0	8.0	0.0	0.0	0.0	0.0	0.0	0.0	0.0	0.0	0.0	0.0	0.0	0.0	4.0	0.0	0.0	0.0	0.0	0.0	0.0	0.0	0.0	196.0	0.0	0.0	0.0	0.0	0.0	0.0	0.0	0.0	0.0	0.0	0.0	260.0	0.0	185.0	0.0	35.0	0.0	0.0	0.0	0.0	0.0	0.0	0.0	0.0	0.0	0.0	0.0	497.0	0.0	0.0	0.0	7.0	0.0	0.0	39.0	0.0	0.0	0.0	0.0	0.0	0.0	0.0	0.0	145.0	0.0	0.0	0.0	0.0	4.0	0.0	0.0	0.0	0.0	0.0	149.0	977.0	0.0	0.0	5.0	0.0	0.0	11.0	0.0	0.0	0.0	0.0	0.0	5.0	0.0	0.0	0.0	0.0	7.0	33.0	0.0	36.0	0.0	0.0	0.0	0.0	10.0	0.0	0.0	0.0	0.0	4.0	0.0	0.0	0.0	0.0	0.0	0.0	0.0	0.0	35.0	0.0	0.0	0.0	0.0	0.0	0.0	0.0	0.0	0.0	0.0	0.0	0.0	0.0	0.0	0.0	0.0	0.0	0.0	61.0	25.0	0.0	0.0	0.0	0.0	125.0	0.0	0.0	128.0	0.0	0.0	0.0	0.0	61.0	0.0	0.0	0.0	0.0	0.0	0.0	30.0	206.0	0.0	0.0	0.0	0.0	25.0	0.0	0.0	113.0	0.0	0.0	112.0	0.0	0.0	3.0	0.0	24.0	0.0	0.0	0.0	0.0	0.0	0.0	0.0	0.0	0.0	0.0	43.0	23.0	0.0	41.0	0.0	50.0	79.0	8.0	0.0	0.0	250.0	0.0	0.0	0.0	0.0	66.0	0.0	0.0	43.0	0.0	5.0	0.0	0.0	0.0	0.0	0.0	0.0	0.0	0.0	0.0	0.0	0.0	209.0	0.0	0.0	0.0	0.0	172.0	0.0	0.0	0.0	0.0	0.0	0.0	0.0	0.0	0.0	0.0	0.0	0.0	0.0	62.0	0.0	0.0	365.0	0.0	0.0	0.0	46.0	0.0	40.0	43.0	41.0	0.0	0.0	0.0	0.0	0.0	0.0	0.0	0.0	0.0	10.0	0.0	0.0	0.0	0.0	0.0	34.0	0.0	0.0	0.0	0.0	0.0	0.0	0.0	0.0	0.0	25.0	0.0	24.0	0.0	0.0	0.0	0.0	0.0	0.0	0.0	0.0	0.0	0.0	0.0	0.0	0.0	0.0	0.0	0.0	0.0	0.0	0.0	0.0	0.0	0.0	0.0	0.0	0.0	9.0	0.0	0.0	100.0	0.0	0.0	0.0	0.0	0.0	0.0	0.0	0.0	7.0	0.0	0.0	1.0	0.0	40.0	0.0	0.0	0.0	0.0	0.0	11.0	0.0	0.0	0.0	0.0	0.0	0.0	0.0	0.0	0.0	21.0	0.0	9.0	0.0	0.0	18.0	0.0	0.0	17.0	0.0	0.0	0.0	0.0	0.0	0.0	0.0	0.0	0.0	0.0	0.0	0.0	0.0	0.0	0.0	0.0	0.0	0.0	0.0	0.0	0.0	0.0	0.0	2.0	0.0	0.0	0.0	0.0	0.0	0.0	0.0	0.0	12.0	0.0	0.0
s__Bacteroides uniformis (2)	0.0	0.0	9.0	0.0	0.0	0.0	215.0	0.0	0.0	0.0	145.0	0.0	42.0	0.0	123.0	0.0	32.0	0.0	0.0	0.0	0.0	9.0	0.0	30.0	0.0	55.0	0.0	0.0	0.0	0.0	0.0	0.0	22.0	115.0	0.0	0.0	10.0	13.0	0.0	43.0	90.0	84.0	0.0	0.0	0.0	0.0	0.0	32.0	0.0	0.0	371.0	0.0	0.0	127.0	0.0	0.0	64.0	0.0	2.0	0.0	2.0	0.0	0.0	0.0	0.0	3.0	15.0	0.0	0.0	270.0	0.0	0.0	10.0	33.0	0.0	71.0	145.0	0.0	10.0	0.0	200.0	2.0	0.0	0.0	2.0	0.0	0.0	0.0	16.0	0.0	0.0	0.0	5.0	0.0	315.0	1.0	0.0	15.0	0.0	151.0	0.0	0.0	0.0	39.0	0.0	0.0	0.0	0.0	41.0	0.0	0.0	0.0	0.0	0.0	0.0	0.0	0.0	57.0	10.0	0.0	0.0	0.0	179.0	0.0	0.0	224.0	0.0	0.0	14.0	0.0	0.0	0.0	0.0	0.0	168.0	10.0	0.0	0.0	0.0	0.0	0.0	1.0	0.0	121.0	0.0	0.0	0.0	0.0	12.0	0.0	0.0	8.0	13.0	0.0	0.0	356.0	7.0	516.0	0.0	0.0	0.0	46.0	0.0	0.0	0.0	0.0	0.0	356.0	51.0	0.0	0.0	0.0	9.0	0.0	0.0	0.0	0.0	0.0	97.0	5.0	0.0	0.0	0.0	0.0	3.0	0.0	0.0	0.0	151.0	0.0	209.0	0.0	0.0	12.0	0.0	0.0	30.0	0.0	49.0	0.0	77.0	0.0	6.0	99.0	0.0	0.0	0.0	0.0	0.0	0.0	0.0	0.0	2.0	8.0	0.0	223.0	26.0	0.0	96.0	0.0	63.0	0.0	0.0	0.0	8.0	0.0	0.0	0.0	0.0	0.0	25.0	0.0	0.0	26.0	22.0	0.0	0.0	0.0	0.0	0.0	0.0	0.0	0.0	0.0	0.0	0.0	0.0	61.0	0.0	0.0	1368.0	0.0	25.0	11.0	0.0	82.0	0.0	0.0	0.0	77.0	0.0	0.0	0.0	135.0	2.0	0.0	7.0	34.0	0.0	0.0	0.0	0.0	0.0	99.0	27.0	0.0	29.0	0.0	505.0	34.0	3.0	0.0	4.0	0.0	0.0	0.0	0.0	0.0	0.0	0.0	0.0	7.0	0.0	0.0	0.0	29.0	0.0	1.0	0.0	0.0	0.0	0.0	32.0	0.0	4.0	6.0	0.0	0.0	78.0	0.0	0.0	0.0	0.0	21.0	0.0	0.0	96.0	0.0	306.0	0.0	0.0	0.0	0.0	0.0	0.0	349.0	0.0	79.0	0.0	0.0	0.0	0.0	39.0	0.0	0.0	0.0	0.0	0.0	6.0	0.0	11.0	0.0	7.0	41.0	0.0	0.0	0.0	233.0	1.0	0.0	0.0	0.0	0.0	0.0	0.0	294.0	0.0	34.0	75.0	0.0	0.0	0.0	0.0	0.0	0.0	0.0	0.0	0.0	0.0	0.0	0.0	5.0	5.0	12.0	31.0	0.0	0.0	0.0	0.0	0.0	0.0	447.0	0.0	0.0	0.0	9.0	0.0	0.0	0.0	0.0	0.0	0.0	0.0	25.0	0.0	0.0	0.0	73.0	0.0	0.0	85.0	0.0	7.0	1.0	0.0	0.0	285.0	73.0	0.0	307.0	12.0	18.0	0.0	0.0	0.0	14.0	0.0	0.0	7.0	17.0	0.0	0.0	0.0	0.0	0.0	0.0	20.0	83.0	17.0	0.0	0.0	2.0	0.0	0.0	3.0	0.0	164.0	0.0	0.0	0.0	0.0	10.0	331.0	0.0	87.0	11.0	0.0	0.0	0.0	1.0	0.0	0.0	5.0	0.0	0.0	167.0	269.0	0.0	0.0	0.0	0.0	74.0	11.0	0.0	0.0	0.0	0.0	0.0	0.0	100.0	0.0	0.0	0.0	15.0	20.0	168.0	0.0	0.0	0.0	0.0	0.0	11.0	0.0
s__Bacteroides uniformis (1)	0.0	0.0	0.0	0.0	6.0	0.0	80.0	0.0	206.0	46.0	0.0	0.0	152.0	76.0	0.0	0.0	70.0	0.0	0.0	18.0	0.0	25.0	0.0	14.0	0.0	130.0	311.0	23.0	1.0	0.0	0.0	0.0	32.0	210.0	0.0	0.0	24.0	7.0	0.0	0.0	0.0	259.0	115.0	1.0	0.0	5.0	0.0	84.0	7.0	77.0	137.0	360.0	35.0	0.0	0.0	0.0	129.0	13.0	233.0	0.0	349.0	5.0	0.0	3.0	0.0	10.0	3.0	0.0	52.0	184.0	0.0	0.0	11.0	10.0	152.0	63.0	56.0	0.0	0.0	582.0	227.0	0.0	325.0	0.0	16.0	0.0	86.0	0.0	0.0	90.0	0.0	0.0	19.0	27.0	102.0	0.0	350.0	99.0	0.0	58.0	51.0	2.0	22.0	13.0	0.0	0.0	0.0	0.0	236.0	195.0	3.0	0.0	0.0	0.0	0.0	99.0	246.0	0.0	113.0	0.0	29.0	0.0	0.0	691.0	24.0	672.0	2.0	0.0	16.0	1.0	59.0	0.0	1.0	0.0	60.0	0.0	0.0	371.0	0.0	0.0	0.0	11.0	0.0	327.0	0.0	0.0	0.0	18.0	0.0	0.0	0.0	4.0	49.0	0.0	15.0	130.0	0.0	0.0	99.0	0.0	13.0	118.0	81.0	0.0	0.0	277.0	46.0	0.0	0.0	0.0	18.0	529.0	0.0	990.0	55.0	0.0	0.0	4.0	415.0	45.0	6.0	130.0	0.0	0.0	10.0	0.0	3.0	726.0	43.0	8.0	29.0	0.0	0.0	46.0	3.0	17.0	2.0	0.0	0.0	0.0	68.0	0.0	11.0	97.0	0.0	0.0	0.0	0.0	8.0	11.0	0.0	77.0	0.0	0.0	0.0	11.0	19.0	59.0	68.0	0.0	228.0	0.0	1.0	0.0	22.0	73.0	217.0	459.0	0.0	0.0	0.0	38.0	3.0	35.0	10.0	0.0	25.0	0.0	0.0	0.0	0.0	152.0	4.0	0.0	15.0	14.0	0.0	4.0	1651.0	0.0	0.0	0.0	0.0	35.0	0.0	27.0	0.0	0.0	0.0	0.0	246.0	0.0	0.0	0.0	36.0	20.0	78.0	46.0	15.0	0.0	55.0	136.0	0.0	39.0	82.0	5.0	35.0	9.0	0.0	129.0	0.0	0.0	3.0	249.0	0.0	0.0	0.0	0.0	0.0	110.0	29.0	2.0	0.0	11.0	170.0	37.0	99.0	0.0	0.0	0.0	0.0	0.0	298.0	0.0	0.0	0.0	0.0	0.0	80.0	11.0	5.0	0.0	0.0	49.0	36.0	0.0	37.0	0.0	0.0	0.0	0.0	0.0	0.0	309.0	2.0	778.0	0.0	249.0	0.0	0.0	4.0	239.0	426.0	1.0	4.0	0.0	3.0	55.0	202.0	49.0	0.0	28.0	97.0	248.0	58.0	0.0	0.0	14.0	63.0	0.0	22.0	0.0	0.0	0.0	0.0	22.0	0.0	19.0	34.0	90.0	4.0	5.0	4.0	0.0	9.0	0.0	0.0	0.0	0.0	0.0	0.0	4.0	71.0	0.0	88.0	341.0	1.0	72.0	205.0	0.0	25.0	198.0	3.0	2.0	965.0	11.0	0.0	2.0	0.0	0.0	1.0	0.0	0.0	61.0	24.0	0.0	162.0	89.0	0.0	0.0	18.0	248.0	37.0	0.0	32.0	10.0	46.0	88.0	0.0	92.0	41.0	46.0	0.0	0.0	0.0	182.0	0.0	64.0	16.0	123.0	0.0	1.0	9.0	33.0	0.0	409.0	31.0	29.0	6.0	15.0	0.0	48.0	0.0	196.0	30.0	2.0	140.0	0.0	0.0	0.0	0.0	42.0	123.0	0.0	29.0	12.0	312.0	7.0	7.0	0.0	0.0	0.0	6.0	3.0	7.0	16.0	0.0	6.0	12.0	22.0	395.0	103.0	0.0	117.0	4.0	2.0	0.0	4.0	155.0	55.0	0.0	0.0	0.0	27.0	7.0	11.0	0.0	0.0	32.0	0.0	9.0	0.0	0.0
s__Bacteroides stercoris (1)	5.0	0.0	0.0	11.0	13.0	0.0	0.0	0.0	0.0	0.0	0.0	0.0	0.0	0.0	0.0	0.0	0.0	0.0	0.0	0.0	0.0	0.0	0.0	25.0	0.0	25.0	0.0	0.0	0.0	0.0	0.0	0.0	7.0	0.0	0.0	0.0	0.0	0.0	0.0	0.0	0.0	73.0	0.0	0.0	0.0	0.0	0.0	0.0	0.0	0.0	0.0	0.0	0.0	0.0	0.0	1.0	0.0	0.0	0.0	0.0	0.0	3.0	0.0	0.0	0.0	0.0	0.0	0.0	0.0	4.0	0.0	0.0	0.0	0.0	0.0	0.0	0.0	0.0	1.0	0.0	82.0	2.0	0.0	0.0	0.0	0.0	9.0	0.0	77.0	0.0	0.0	0.0	0.0	25.0	0.0	0.0	0.0	0.0	0.0	0.0	0.0	0.0	0.0	0.0	0.0	0.0	0.0	0.0	0.0	0.0	0.0	0.0	0.0	0.0	0.0	0.0	0.0	0.0	0.0	10.0	0.0	0.0	1.0	0.0	0.0	526.0	1.0	0.0	44.0	0.0	28.0	139.0	0.0	0.0	0.0	0.0	0.0	0.0	0.0	0.0	0.0	104.0	0.0	13.0	0.0	640.0	0.0	0.0	3.0	0.0	0.0	0.0	384.0	28.0	0.0	70.0	0.0	0.0	0.0	0.0	0.0	0.0	0.0	0.0	0.0	0.0	0.0	0.0	0.0	0.0	0.0	0.0	0.0	0.0	0.0	0.0	0.0	0.0	0.0	0.0	0.0	0.0	1779.0	0.0	0.0	1.0	0.0	0.0	0.0	1.0	47.0	0.0	0.0	0.0	0.0	0.0	0.0	0.0	0.0	0.0	20.0	30.0	0.0	135.0	0.0	0.0	0.0	0.0	0.0	0.0	21.0	0.0	0.0	0.0	0.0	0.0	0.0	0.0	134.0	428.0	0.0	0.0	0.0	0.0	0.0	0.0	0.0	0.0	0.0	0.0	0.0	0.0	1.0	42.0	141.0	0.0	48.0	0.0	0.0	0.0	0.0	0.0	0.0	0.0	0.0	11.0	0.0	0.0	0.0	0.0	0.0	0.0	8.0	0.0	0.0	0.0	0.0	0.0	0.0	15.0	0.0	0.0	73.0	193.0	0.0	20.0	0.0	0.0	0.0	0.0	0.0	65.0	0.0	3.0	49.0	2.0	0.0	0.0	0.0	0.0	5.0	0.0	0.0	0.0	0.0	0.0	0.0	0.0	166.0	0.0	0.0	14.0	0.0	0.0	18.0	0.0	0.0	0.0	1.0	0.0	225.0	0.0	0.0	0.0	0.0	0.0	0.0	0.0	15.0	0.0	0.0	0.0	0.0	0.0	3.0	0.0	34.0	0.0	0.0	2.0	0.0	0.0	0.0	298.0	0.0	0.0	0.0	349.0	0.0	0.0	0.0	0.0	0.0	0.0	0.0	0.0	0.0	54.0	0.0	0.0	0.0	0.0	23.0	0.0	0.0	0.0	1.0	0.0	0.0	0.0	0.0	0.0	0.0	42.0	0.0	0.0	0.0	0.0	0.0	0.0	0.0	33.0	0.0	0.0	14.0	15.0	0.0	0.0	34.0	0.0	0.0	0.0	1.0	0.0	0.0	1.0	0.0	1.0	17.0	0.0	17.0	0.0	0.0	67.0	0.0	0.0	509.0	0.0	0.0	0.0	0.0	0.0	0.0	0.0	0.0	1.0	0.0	0.0	0.0	0.0	8.0	810.0	0.0	0.0	0.0	0.0	0.0	0.0	0.0	0.0	531.0	0.0	0.0	0.0	0.0	0.0	0.0	0.0	0.0	0.0	0.0	0.0	291.0	22.0	8.0	0.0	0.0	0.0	0.0	0.0	0.0	55.0	0.0	130.0	120.0	0.0	0.0	0.0	0.0	273.0	0.0	0.0	16.0	0.0	4.0	4.0	131.0	0.0	0.0	0.0	0.0	0.0	0.0	145.0	0.0	0.0	0.0	0.0	0.0	0.0	297.0	202.0	13.0	62.0	0.0	0.0	0.0	0.0	0.0	0.0	0.0	10.0	0.0	122.0	0.0	0.0	0.0	0.0	7.0	0.0	0.0	0.0	0.0
s__Bacteroides luhongzhouii (2)	0.0	0.0	0.0	0.0	0.0	0.0	0.0	0.0	0.0	0.0	0.0	0.0	0.0	0.0	0.0	0.0	0.0	0.0	0.0	0.0	21.0	0.0	0.0	0.0	0.0	0.0	26.0	13.0	0.0	0.0	0.0	0.0	0.0	0.0	0.0	0.0	0.0	0.0	0.0	0.0	0.0	0.0	0.0	0.0	0.0	0.0	0.0	36.0	0.0	0.0	0.0	0.0	0.0	0.0	0.0	0.0	0.0	0.0	0.0	0.0	0.0	0.0	0.0	0.0	0.0	0.0	0.0	0.0	0.0	0.0	0.0	0.0	2.0	0.0	0.0	0.0	0.0	0.0	0.0	0.0	0.0	0.0	0.0	0.0	10.0	0.0	5.0	0.0	0.0	0.0	0.0	0.0	0.0	0.0	5.0	0.0	701.0	0.0	0.0	0.0	15.0	0.0	0.0	0.0	0.0	0.0	2.0	0.0	0.0	0.0	0.0	0.0	0.0	0.0	0.0	0.0	0.0	0.0	0.0	0.0	0.0	0.0	0.0	0.0	0.0	66.0	0.0	13.0	0.0	0.0	0.0	0.0	0.0	0.0	51.0	0.0	0.0	0.0	0.0	0.0	0.0	0.0	0.0	0.0	0.0	0.0	0.0	0.0	0.0	0.0	0.0	0.0	30.0	0.0	59.0	0.0	0.0	0.0	0.0	0.0	0.0	0.0	0.0	0.0	0.0	0.0	11.0	0.0	0.0	0.0	0.0	0.0	0.0	0.0	0.0	0.0	0.0	0.0	0.0	0.0	0.0	0.0	17.0	0.0	0.0	0.0	0.0	0.0	0.0	0.0	0.0	0.0	0.0	0.0	0.0	0.0	0.0	0.0	0.0	0.0	0.0	0.0	25.0	0.0	0.0	0.0	0.0	0.0	0.0	0.0	0.0	0.0	0.0	8.0	0.0	0.0	0.0	0.0	0.0	0.0	0.0	0.0	0.0	0.0	0.0	14.0	0.0	0.0	0.0	0.0	0.0	186.0	0.0	0.0	0.0	0.0	0.0	0.0	0.0	0.0	0.0	0.0	0.0	6.0	0.0	0.0	0.0	0.0	0.0	0.0	0.0	0.0	0.0	0.0	0.0	0.0	0.0	0.0	0.0	0.0	39.0	0.0	10.0	0.0	0.0	0.0	0.0	0.0	0.0	0.0	0.0	0.0	0.0	0.0	0.0	0.0	0.0	0.0	11.0	16.0	0.0	0.0	0.0	0.0	0.0	0.0	0.0	0.0	0.0	0.0	0.0	0.0	0.0	1.0	0.0	0.0	0.0	0.0	0.0	0.0	0.0	0.0	0.0	0.0	0.0	0.0	0.0	0.0	0.0	0.0	0.0	0.0	0.0	0.0	0.0	0.0	25.0	0.0	0.0	0.0	0.0	0.0	0.0	0.0	0.0	10.0	0.0	11.0	0.0	0.0	0.0	0.0	0.0	0.0	0.0	0.0	0.0	10.0	0.0	0.0	0.0	0.0	17.0	0.0	0.0	0.0	0.0	0.0	0.0	0.0	0.0	0.0	0.0	0.0	0.0	0.0	0.0	4.0	6.0	0.0	0.0	0.0	27.0	0.0	0.0	0.0	0.0	0.0	0.0	0.0	0.0	0.0	8.0	0.0	0.0	0.0	0.0	0.0	3.0	0.0	0.0	0.0	18.0	0.0	0.0	0.0	0.0	0.0	0.0	0.0	0.0	0.0	0.0	0.0	0.0	0.0	0.0	18.0	0.0	0.0	0.0	0.0	0.0	0.0	0.0	0.0	8.0	0.0	0.0	0.0	0.0	0.0	0.0	0.0	0.0	0.0	0.0	9.0	0.0	60.0	0.0	0.0	0.0	0.0	0.0	0.0	19.0	3.0	0.0	0.0	0.0	0.0	0.0	0.0	0.0	0.0	284.0	0.0	0.0	0.0	120.0	0.0	0.0	0.0	0.0	0.0	0.0	0.0	0.0	0.0	0.0	0.0	0.0	0.0	0.0	0.0	0.0	0.0	0.0	0.0	0.0	0.0	0.0	0.0	0.0	0.0	18.0	0.0	16.0	0.0	0.0	0.0	0.0	0.0	0.0	0.0	0.0	0.0	0.0	0.0	0.0	0.0	0.0
s__Bacteroides luhongzhouii (1)	0.0	0.0	5.0	0.0	5.0	0.0	4.0	0.0	4.0	7.0	0.0	0.0	0.0	0.0	0.0	0.0	0.0	0.0	0.0	0.0	0.0	0.0	0.0	0.0	0.0	2.0	0.0	0.0	1.0	0.0	0.0	1.0	6.0	0.0	0.0	0.0	0.0	0.0	0.0	0.0	0.0	99.0	0.0	0.0	0.0	0.0	0.0	105.0	0.0	0.0	0.0	14.0	0.0	0.0	0.0	0.0	0.0	0.0	1.0	5.0	0.0	0.0	0.0	1.0	0.0	15.0	4.0	0.0	0.0	0.0	0.0	0.0	0.0	0.0	0.0	1.0	47.0	0.0	0.0	0.0	0.0	0.0	67.0	0.0	0.0	0.0	0.0	0.0	4.0	0.0	4.0	0.0	0.0	18.0	9.0	0.0	790.0	0.0	0.0	0.0	27.0	0.0	0.0	2.0	0.0	0.0	35.0	47.0	8.0	0.0	0.0	0.0	0.0	0.0	0.0	0.0	0.0	0.0	0.0	0.0	0.0	0.0	448.0	15.0	0.0	20.0	0.0	0.0	2.0	0.0	4.0	0.0	0.0	0.0	58.0	5.0	0.0	12.0	0.0	0.0	0.0	12.0	0.0	0.0	0.0	0.0	0.0	0.0	0.0	0.0	0.0	0.0	35.0	0.0	48.0	0.0	0.0	0.0	0.0	0.0	0.0	0.0	2.0	0.0	0.0	0.0	0.0	0.0	0.0	0.0	0.0	142.0	0.0	0.0	50.0	0.0	0.0	0.0	0.0	0.0	0.0	48.0	1.0	13.0	0.0	0.0	4.0	0.0	0.0	20.0	7.0	0.0	0.0	34.0	0.0	0.0	0.0	0.0	131.0	0.0	0.0	127.0	11.0	21.0	0.0	0.0	10.0	8.0	0.0	0.0	0.0	9.0	3.0	8.0	0.0	0.0	0.0	0.0	0.0	0.0	24.0	0.0	1.0	0.0	0.0	1920.0	19.0	0.0	0.0	0.0	14.0	0.0	0.0	0.0	0.0	0.0	2.0	0.0	0.0	0.0	0.0	0.0	0.0	306.0	4.0	0.0	0.0	0.0	0.0	0.0	10.0	0.0	3.0	0.0	0.0	0.0	10.0	0.0	0.0	0.0	39.0	0.0	21.0	4.0	5.0	0.0	0.0	5.0	0.0	0.0	217.0	0.0	0.0	0.0	7.0	0.0	0.0	0.0	24.0	8.0	0.0	0.0	0.0	0.0	0.0	0.0	0.0	0.0	0.0	0.0	0.0	0.0	0.0	0.0	9.0	2.0	0.0	0.0	1.0	0.0	0.0	0.0	60.0	0.0	0.0	36.0	0.0	0.0	0.0	0.0	0.0	0.0	0.0	74.0	0.0	0.0	5.0	0.0	759.0	0.0	0.0	0.0	220.0	0.0	0.0	39.0	0.0	30.0	0.0	0.0	0.0	354.0	8.0	0.0	0.0	0.0	0.0	18.0	0.0	178.0	4.0	0.0	0.0	0.0	1.0	0.0	0.0	0.0	0.0	0.0	0.0	9.0	0.0	10.0	0.0	0.0	0.0	26.0	4.0	0.0	1.0	0.0	11.0	0.0	0.0	0.0	5.0	1.0	39.0	0.0	0.0	0.0	27.0	5.0	14.0	12.0	0.0	4.0	0.0	0.0	0.0	0.0	36.0	0.0	9.0	0.0	0.0	0.0	0.0	7.0	0.0	2.0	0.0	136.0	0.0	0.0	0.0	58.0	0.0	0.0	0.0	0.0	4.0	0.0	0.0	0.0	17.0	5.0	7.0	0.0	0.0	0.0	0.0	92.0	0.0	3.0	0.0	3.0	0.0	104.0	0.0	0.0	0.0	0.0	0.0	0.0	0.0	0.0	0.0	0.0	0.0	5.0	0.0	4.0	0.0	0.0	0.0	0.0	0.0	0.0	161.0	4.0	0.0	0.0	5.0	0.0	0.0	0.0	0.0	0.0	0.0	0.0	0.0	0.0	0.0	0.0	13.0	0.0	0.0	0.0	70.0	26.0	0.0	0.0	0.0	828.0	51.0	0.0	0.0	0.0	165.0	0.0	12.0	0.0	0.0	3.0	0.0	4.0	0.0	0.0	0.0	0.0	0.0
s__Bacteroides luhongzhouii (3)	0.0	0.0	7.0	0.0	0.0	0.0	0.0	0.0	0.0	4.0	0.0	0.0	0.0	0.0	2.0	0.0	0.0	0.0	0.0	0.0	0.0	0.0	0.0	0.0	0.0	1.0	0.0	0.0	0.0	0.0	0.0	0.0	0.0	0.0	0.0	0.0	0.0	0.0	0.0	0.0	0.0	5.0	0.0	0.0	0.0	0.0	0.0	0.0	0.0	0.0	0.0	0.0	0.0	0.0	0.0	0.0	0.0	0.0	0.0	0.0	0.0	0.0	0.0	0.0	0.0	0.0	0.0	0.0	0.0	0.0	0.0	0.0	0.0	0.0	0.0	0.0	2.0	0.0	0.0	0.0	0.0	0.0	6.0	0.0	0.0	0.0	0.0	0.0	0.0	0.0	1.0	0.0	0.0	0.0	1.0	0.0	0.0	0.0	0.0	0.0	1.0	0.0	0.0	0.0	0.0	0.0	9.0	0.0	0.0	0.0	0.0	0.0	0.0	0.0	0.0	0.0	0.0	0.0	0.0	0.0	0.0	0.0	10.0	8.0	0.0	0.0	0.0	0.0	0.0	0.0	0.0	0.0	0.0	0.0	1.0	0.0	0.0	12.0	0.0	0.0	0.0	0.0	0.0	0.0	0.0	1.0	0.0	0.0	0.0	0.0	0.0	0.0	1.0	0.0	0.0	1.0	0.0	0.0	0.0	0.0	0.0	0.0	0.0	0.0	0.0	0.0	0.0	0.0	0.0	0.0	0.0	0.0	0.0	0.0	0.0	0.0	0.0	0.0	0.0	0.0	0.0	4.0	26.0	0.0	0.0	0.0	0.0	0.0	0.0	0.0	0.0	0.0	0.0	0.0	0.0	0.0	0.0	0.0	0.0	0.0	0.0	0.0	4.0	2.0	0.0	0.0	0.0	0.0	0.0	0.0	0.0	4.0	0.0	0.0	0.0	0.0	0.0	0.0	0.0	0.0	0.0	0.0	0.0	0.0	0.0	17.0	0.0	0.0	0.0	0.0	0.0	0.0	0.0	0.0	0.0	0.0	1.0	0.0	0.0	0.0	0.0	0.0	0.0	29.0	0.0	0.0	0.0	0.0	0.0	0.0	0.0	0.0	1.0	0.0	0.0	0.0	0.0	0.0	0.0	0.0	0.0	0.0	0.0	0.0	0.0	0.0	0.0	0.0	0.0	0.0	17.0	0.0	0.0	0.0	0.0	0.0	0.0	0.0	1.0	0.0	0.0	0.0	0.0	0.0	0.0	0.0	0.0	0.0	0.0	0.0	0.0	0.0	0.0	0.0	0.0	0.0	0.0	0.0	0.0	0.0	0.0	0.0	2.0	0.0	0.0	0.0	0.0	0.0	0.0	0.0	0.0	0.0	0.0	0.0	0.0	0.0	2.0	0.0	18.0	0.0	0.0	0.0	0.0	0.0	0.0	3.0	0.0	0.0	0.0	0.0	0.0	0.0	0.0	0.0	0.0	0.0	0.0	1.0	0.0	0.0	1.0	0.0	0.0	0.0	3.0	0.0	0.0	0.0	0.0	0.0	0.0	0.0	0.0	0.0	0.0	0.0	0.0	3.0	1.0	0.0	0.0	0.0	0.0	0.0	0.0	1.0	0.0	0.0	3.0	0.0	0.0	0.0	0.0	0.0	8.0	0.0	0.0	1.0	0.0	0.0	0.0	0.0	0.0	0.0	0.0	0.0	0.0	0.0	0.0	0.0	0.0	0.0	0.0	0.0	0.0	0.0	0.0	0.0	0.0	0.0	0.0	0.0	0.0	0.0	0.0	0.0	1.0	0.0	0.0	0.0	0.0	0.0	0.0	7.0	0.0	0.0	0.0	22.0	0.0	12.0	0.0	0.0	0.0	0.0	0.0	0.0	0.0	0.0	0.0	0.0	0.0	1.0	0.0	0.0	0.0	0.0	0.0	0.0	0.0	0.0	0.0	1.0	0.0	0.0	0.0	0.0	0.0	0.0	0.0	0.0	0.0	0.0	0.0	0.0	0.0	0.0	0.0	0.0	0.0	0.0	2.0	2.0	2.0	0.0	0.0	27.0	0.0	0.0	0.0	0.0	0.0	0.0	6.0	0.0	0.0	0.0	0.0	0.0	0.0	0.0	0.0	0.0	0.0
s__Bacteroides cellulosilyticus (1)	0.0	0.0	0.0	0.0	0.0	2.0	0.0	0.0	0.0	0.0	23.0	0.0	0.0	0.0	0.0	0.0	0.0	0.0	0.0	0.0	0.0	0.0	0.0	0.0	0.0	6.0	0.0	5.0	0.0	0.0	0.0	0.0	0.0	0.0	0.0	0.0	7.0	0.0	0.0	0.0	0.0	0.0	0.0	0.0	0.0	0.0	0.0	0.0	0.0	0.0	113.0	12.0	0.0	6.0	0.0	0.0	0.0	0.0	21.0	0.0	0.0	0.0	0.0	0.0	0.0	11.0	0.0	0.0	9.0	77.0	0.0	0.0	0.0	2.0	0.0	4.0	0.0	0.0	0.0	0.0	8.0	0.0	0.0	22.0	0.0	0.0	1.0	0.0	0.0	0.0	0.0	0.0	0.0	0.0	0.0	0.0	0.0	1.0	0.0	0.0	0.0	0.0	0.0	3.0	0.0	0.0	0.0	0.0	5.0	0.0	0.0	0.0	0.0	0.0	0.0	0.0	0.0	0.0	0.0	60.0	0.0	0.0	0.0	7.0	0.0	0.0	0.0	0.0	0.0	0.0	0.0	81.0	0.0	0.0	6.0	0.0	0.0	0.0	0.0	0.0	0.0	0.0	0.0	31.0	0.0	0.0	0.0	0.0	0.0	0.0	0.0	0.0	0.0	0.0	0.0	0.0	0.0	0.0	0.0	1.0	0.0	0.0	0.0	0.0	30.0	0.0	6.0	0.0	0.0	0.0	4.0	14.0	0.0	0.0	3.0	0.0	0.0	0.0	0.0	0.0	0.0	4.0	0.0	0.0	0.0	0.0	0.0	0.0	25.0	0.0	0.0	0.0	0.0	0.0	0.0	0.0	0.0	0.0	0.0	0.0	0.0	0.0	0.0	0.0	0.0	37.0	0.0	0.0	0.0	0.0	0.0	0.0	0.0	1.0	0.0	0.0	0.0	0.0	8.0	0.0	0.0	0.0	0.0	0.0	0.0	20.0	2.0	0.0	0.0	0.0	0.0	0.0	0.0	0.0	0.0	0.0	0.0	0.0	0.0	0.0	0.0	0.0	0.0	0.0	0.0	0.0	0.0	0.0	0.0	0.0	0.0	0.0	31.0	0.0	0.0	0.0	0.0	0.0	0.0	0.0	306.0	0.0	0.0	0.0	6.0	2.0	0.0	40.0	0.0	0.0	0.0	0.0	0.0	13.0	0.0	0.0	8.0	0.0	6.0	3.0	0.0	0.0	0.0	0.0	0.0	0.0	0.0	0.0	0.0	0.0	3.0	0.0	0.0	0.0	21.0	0.0	0.0	0.0	0.0	0.0	0.0	0.0	0.0	0.0	6.0	0.0	0.0	0.0	0.0	0.0	2.0	0.0	0.0	0.0	6.0	0.0	0.0	0.0	0.0	0.0	0.0	7.0	3.0	0.0	0.0	0.0	0.0	4.0	0.0	0.0	0.0	0.0	0.0	0.0	0.0	0.0	0.0	0.0	0.0	0.0	0.0	0.0	0.0	0.0	0.0	0.0	0.0	1.0	0.0	0.0	0.0	0.0	0.0	0.0	0.0	0.0	0.0	0.0	0.0	0.0	1.0	0.0	55.0	101.0	0.0	0.0	0.0	0.0	0.0	0.0	0.0	0.0	0.0	0.0	35.0	0.0	0.0	0.0	47.0	0.0	0.0	0.0	0.0	0.0	0.0	0.0	0.0	0.0	0.0	0.0	0.0	0.0	0.0	0.0	0.0	0.0	0.0	0.0	0.0	0.0	0.0	0.0	25.0	0.0	0.0	0.0	0.0	0.0	5.0	0.0	0.0	0.0	0.0	0.0	0.0	0.0	0.0	0.0	0.0	0.0	0.0	0.0	0.0	0.0	0.0	0.0	0.0	0.0	0.0	0.0	0.0	0.0	0.0	29.0	0.0	0.0	0.0	0.0	0.0	0.0	0.0	3.0	1.0	0.0	0.0	2.0	17.0	0.0	0.0	0.0	0.0	0.0	0.0	0.0	0.0	0.0	0.0	0.0	0.0	0.0	0.0	0.0	0.0	0.0	0.0	9.0	0.0	0.0	0.0	1.0	0.0	0.0	28.0	0.0	0.0	5.0	0.0	0.0	0.0	0.0	0.0	0.0	0.0
s__Bacteroides faecis (1)	0.0	0.0	11.0	0.0	0.0	0.0	0.0	0.0	0.0	0.0	0.0	0.0	0.0	0.0	0.0	0.0	0.0	0.0	0.0	0.0	0.0	0.0	0.0	0.0	0.0	0.0	0.0	0.0	0.0	0.0	0.0	0.0	0.0	0.0	0.0	0.0	0.0	0.0	0.0	0.0	0.0	11.0	0.0	0.0	0.0	0.0	0.0	0.0	0.0	0.0	0.0	6.0	0.0	0.0	0.0	0.0	0.0	0.0	0.0	0.0	0.0	0.0	0.0	0.0	0.0	0.0	0.0	0.0	0.0	1.0	0.0	0.0	0.0	0.0	12.0	3.0	1.0	0.0	0.0	4.0	14.0	0.0	0.0	0.0	38.0	0.0	0.0	0.0	0.0	0.0	4.0	0.0	0.0	0.0	0.0	0.0	0.0	0.0	0.0	0.0	0.0	0.0	0.0	0.0	0.0	0.0	0.0	0.0	0.0	0.0	0.0	0.0	0.0	0.0	0.0	0.0	0.0	0.0	0.0	0.0	0.0	0.0	0.0	0.0	0.0	0.0	1.0	0.0	0.0	0.0	0.0	0.0	0.0	0.0	0.0	0.0	0.0	0.0	0.0	0.0	0.0	4.0	0.0	0.0	0.0	0.0	0.0	0.0	0.0	0.0	0.0	0.0	19.0	0.0	0.0	0.0	0.0	12.0	0.0	0.0	0.0	0.0	0.0	0.0	0.0	0.0	3.0	0.0	0.0	0.0	0.0	15.0	0.0	17.0	0.0	0.0	0.0	0.0	0.0	0.0	0.0	0.0	111.0	3.0	0.0	1.0	3.0	0.0	0.0	0.0	0.0	0.0	0.0	0.0	0.0	0.0	0.0	0.0	0.0	0.0	0.0	6.0	0.0	0.0	0.0	0.0	0.0	0.0	0.0	0.0	0.0	0.0	0.0	0.0	0.0	0.0	0.0	0.0	0.0	0.0	0.0	0.0	0.0	0.0	0.0	120.0	0.0	0.0	0.0	0.0	0.0	14.0	0.0	0.0	13.0	0.0	0.0	0.0	0.0	0.0	0.0	0.0	0.0	0.0	0.0	0.0	0.0	0.0	0.0	0.0	0.0	0.0	0.0	0.0	0.0	0.0	0.0	0.0	841.0	8.0	9.0	0.0	0.0	0.0	0.0	0.0	0.0	0.0	0.0	0.0	14.0	0.0	0.0	0.0	8.0	0.0	0.0	0.0	4.0	0.0	0.0	0.0	0.0	0.0	0.0	0.0	0.0	0.0	0.0	0.0	0.0	0.0	0.0	0.0	0.0	0.0	0.0	0.0	0.0	0.0	15.0	0.0	0.0	0.0	0.0	0.0	0.0	0.0	0.0	0.0	0.0	0.0	0.0	0.0	0.0	0.0	0.0	0.0	0.0	0.0	0.0	0.0	0.0	0.0	0.0	20.0	0.0	0.0	0.0	0.0	0.0	0.0	0.0	0.0	0.0	0.0	0.0	0.0	23.0	0.0	9.0	0.0	0.0	0.0	0.0	0.0	0.0	0.0	0.0	0.0	0.0	0.0	0.0	0.0	0.0	0.0	0.0	0.0	0.0	0.0	0.0	0.0	0.0	0.0	0.0	0.0	0.0	0.0	6.0	0.0	0.0	0.0	0.0	0.0	0.0	0.0	0.0	0.0	1.0	0.0	0.0	0.0	0.0	0.0	0.0	0.0	9.0	0.0	0.0	0.0	0.0	0.0	0.0	7.0	0.0	0.0	0.0	0.0	0.0	0.0	0.0	0.0	13.0	0.0	0.0	0.0	1.0	0.0	0.0	0.0	0.0	0.0	0.0	0.0	0.0	0.0	0.0	0.0	0.0	0.0	0.0	0.0	0.0	0.0	0.0	0.0	0.0	0.0	0.0	1.0	0.0	0.0	0.0	20.0	0.0	0.0	11.0	0.0	0.0	0.0	88.0	0.0	0.0	0.0	0.0	0.0	0.0	0.0	0.0	0.0	0.0	0.0	0.0	0.0	0.0	11.0	0.0	0.0	0.0	0.0	0.0	0.0	0.0	0.0	0.0	13.0	0.0	0.0	0.0	0.0	0.0	0.0	12.0	0.0	0.0	0.0	0.0	0.0	0.0	0.0	0.0	0.0	0.0
g__Prevotella (3)	0.0	0.0	0.0	0.0	1689.0	0.0	0.0	283.0	0.0	0.0	0.0	13.0	0.0	0.0	0.0	0.0	0.0	1341.0	1594.0	0.0	0.0	0.0	0.0	0.0	0.0	0.0	0.0	0.0	0.0	0.0	0.0	0.0	9.0	4.0	0.0	0.0	0.0	0.0	0.0	0.0	7.0	0.0	0.0	0.0	0.0	0.0	0.0	0.0	0.0	0.0	0.0	0.0	0.0	0.0	0.0	0.0	0.0	16.0	0.0	399.0	0.0	0.0	0.0	0.0	0.0	0.0	0.0	0.0	0.0	0.0	0.0	1.0	0.0	0.0	0.0	372.0	0.0	0.0	556.0	0.0	0.0	0.0	0.0	0.0	0.0	0.0	0.0	4.0	0.0	0.0	0.0	0.0	0.0	0.0	0.0	0.0	0.0	0.0	0.0	0.0	0.0	0.0	0.0	0.0	0.0	0.0	0.0	0.0	0.0	227.0	0.0	0.0	0.0	0.0	644.0	0.0	0.0	0.0	0.0	0.0	0.0	0.0	5.0	0.0	0.0	0.0	0.0	0.0	0.0	1007.0	15.0	0.0	0.0	187.0	0.0	0.0	0.0	0.0	600.0	0.0	0.0	0.0	0.0	0.0	0.0	0.0	0.0	0.0	0.0	0.0	0.0	64.0	0.0	273.0	0.0	0.0	0.0	0.0	0.0	0.0	144.0	0.0	0.0	0.0	0.0	0.0	0.0	0.0	0.0	0.0	0.0	0.0	0.0	0.0	0.0	0.0	0.0	5.0	0.0	0.0	0.0	0.0	0.0	0.0	0.0	0.0	5.0	0.0	0.0	114.0	0.0	0.0	0.0	0.0	0.0	786.0	0.0	0.0	0.0	0.0	0.0	0.0	0.0	19.0	0.0	0.0	0.0	0.0	0.0	0.0	0.0	4.0	0.0	0.0	0.0	0.0	0.0	0.0	0.0	0.0	0.0	8.0	0.0	0.0	0.0	0.0	0.0	0.0	0.0	0.0	0.0	0.0	0.0	0.0	0.0	0.0	318.0	0.0	0.0	0.0	0.0	0.0	0.0	0.0	0.0	0.0	0.0	0.0	0.0	0.0	0.0	0.0	0.0	0.0	52.0	0.0	0.0	0.0	0.0	0.0	0.0	0.0	0.0	0.0	0.0	3.0	0.0	0.0	0.0	0.0	0.0	0.0	0.0	1.0	0.0	0.0	0.0	0.0	0.0	0.0	0.0	0.0	0.0	0.0	0.0	0.0	0.0	0.0	0.0	0.0	0.0	0.0	0.0	0.0	0.0	0.0	0.0	0.0	0.0	0.0	0.0	0.0	0.0	3.0	23.0	1.0	0.0	0.0	0.0	0.0	0.0	92.0	0.0	0.0	444.0	0.0	0.0	0.0	0.0	0.0	0.0	0.0	0.0	0.0	0.0	0.0	0.0	0.0	0.0	201.0	0.0	0.0	52.0	0.0	28.0	0.0	0.0	0.0	0.0	0.0	238.0	0.0	0.0	0.0	0.0	0.0	0.0	0.0	0.0	0.0	0.0	0.0	0.0	0.0	0.0	0.0	1.0	0.0	0.0	0.0	0.0	0.0	0.0	0.0	134.0	0.0	0.0	0.0	1.0	0.0	0.0	993.0	0.0	0.0	0.0	0.0	0.0	0.0	0.0	0.0	0.0	0.0	0.0	0.0	0.0	4.0	0.0	0.0	0.0	0.0	0.0	0.0	0.0	0.0	0.0	128.0	0.0	0.0	0.0	0.0	87.0	0.0	44.0	0.0	0.0	46.0	0.0	0.0	0.0	0.0	0.0	0.0	0.0	0.0	0.0	0.0	37.0	0.0	511.0	0.0	3.0	90.0	0.0	0.0	79.0	0.0	0.0	0.0	0.0	483.0	0.0	0.0	0.0	0.0	0.0	0.0	0.0	0.0	0.0	0.0	0.0	0.0	0.0	0.0	39.0	0.0	0.0	228.0	0.0	0.0	0.0	0.0	0.0	4.0	10.0	0.0	0.0	0.0	4.0	0.0	0.0	0.0	0.0	0.0	0.0	0.0	0.0	0.0	0.0	0.0	0.0	0.0	0.0	0.0	0.0	0.0	0.0	0.0	0.0	0.0	0.0	32.0	0.0
s__Prevotella copri_I (1)	0.0	0.0	0.0	0.0	0.0	0.0	0.0	0.0	0.0	0.0	0.0	15.0	0.0	0.0	0.0	0.0	0.0	0.0	11.0	0.0	0.0	0.0	0.0	0.0	0.0	0.0	0.0	0.0	34.0	0.0	0.0	0.0	178.0	0.0	0.0	0.0	0.0	0.0	0.0	0.0	291.0	0.0	0.0	0.0	0.0	3.0	0.0	0.0	0.0	0.0	0.0	0.0	0.0	0.0	0.0	0.0	0.0	215.0	0.0	0.0	0.0	0.0	0.0	0.0	0.0	0.0	0.0	0.0	0.0	0.0	0.0	0.0	0.0	0.0	0.0	0.0	0.0	0.0	0.0	0.0	0.0	4.0	1.0	0.0	0.0	0.0	0.0	0.0	0.0	0.0	0.0	0.0	0.0	0.0	2.0	0.0	0.0	0.0	0.0	0.0	0.0	0.0	0.0	0.0	0.0	0.0	0.0	0.0	0.0	0.0	0.0	0.0	0.0	0.0	329.0	0.0	0.0	4.0	0.0	0.0	0.0	0.0	10.0	0.0	0.0	0.0	0.0	0.0	52.0	1029.0	0.0	0.0	0.0	0.0	0.0	0.0	0.0	0.0	0.0	0.0	0.0	0.0	0.0	0.0	0.0	0.0	0.0	0.0	0.0	0.0	0.0	0.0	0.0	554.0	0.0	0.0	79.0	0.0	0.0	0.0	224.0	0.0	84.0	0.0	0.0	0.0	11.0	0.0	0.0	3.0	38.0	0.0	458.0	0.0	0.0	0.0	0.0	0.0	0.0	0.0	0.0	0.0	0.0	0.0	0.0	0.0	0.0	0.0	0.0	0.0	0.0	0.0	0.0	0.0	0.0	887.0	0.0	0.0	0.0	0.0	0.0	0.0	10.0	2.0	0.0	0.0	315.0	0.0	0.0	0.0	0.0	0.0	0.0	0.0	0.0	1.0	0.0	0.0	0.0	0.0	0.0	622.0	0.0	0.0	0.0	0.0	0.0	0.0	0.0	0.0	0.0	0.0	0.0	0.0	0.0	0.0	0.0	0.0	0.0	0.0	0.0	0.0	0.0	0.0	0.0	20.0	0.0	0.0	0.0	467.0	0.0	0.0	0.0	0.0	0.0	0.0	0.0	0.0	0.0	312.0	0.0	0.0	0.0	0.0	0.0	0.0	0.0	0.0	0.0	0.0	0.0	0.0	0.0	0.0	0.0	46.0	0.0	1.0	0.0	0.0	0.0	0.0	13.0	0.0	0.0	0.0	0.0	0.0	0.0	0.0	545.0	0.0	0.0	0.0	0.0	0.0	0.0	1.0	0.0	0.0	0.0	0.0	0.0	0.0	0.0	0.0	0.0	0.0	126.0	0.0	0.0	86.0	0.0	0.0	58.0	0.0	0.0	0.0	1.0	0.0	0.0	0.0	0.0	0.0	0.0	0.0	0.0	0.0	0.0	276.0	0.0	0.0	11.0	0.0	298.0	0.0	0.0	0.0	0.0	5.0	0.0	0.0	0.0	0.0	0.0	0.0	0.0	0.0	0.0	0.0	0.0	0.0	0.0	0.0	0.0	0.0	0.0	0.0	0.0	0.0	10.0	0.0	155.0	0.0	0.0	0.0	0.0	0.0	0.0	0.0	0.0	0.0	2.0	0.0	0.0	0.0	0.0	0.0	0.0	0.0	0.0	0.0	0.0	1.0	0.0	0.0	0.0	0.0	0.0	0.0	0.0	0.0	0.0	0.0	0.0	142.0	0.0	0.0	0.0	0.0	104.0	0.0	0.0	30.0	0.0	0.0	0.0	13.0	0.0	0.0	0.0	0.0	0.0	0.0	0.0	0.0	19.0	0.0	0.0	0.0	0.0	0.0	0.0	0.0	0.0	0.0	0.0	0.0	0.0	566.0	0.0	0.0	0.0	0.0	0.0	0.0	0.0	0.0	0.0	0.0	0.0	0.0	0.0	0.0	0.0	0.0	0.0	0.0	0.0	0.0	0.0	0.0	0.0	0.0	0.0	0.0	0.0	0.0	0.0	188.0	0.0	0.0	0.0	0.0	78.0	0.0	0.0	0.0	0.0	0.0	0.0	0.0	0.0	0.0	0.0	0.0	0.0	0.0	0.0	0.0	380.0	0.0	0.0
g__Prevotella (1)	0.0	0.0	0.0	7.0	494.0	0.0	0.0	0.0	0.0	0.0	0.0	0.0	0.0	0.0	0.0	0.0	0.0	540.0	83.0	0.0	0.0	0.0	0.0	4.0	2.0	0.0	6.0	0.0	389.0	0.0	0.0	0.0	143.0	0.0	0.0	0.0	0.0	2.0	1.0	474.0	52.0	3.0	0.0	0.0	0.0	0.0	0.0	0.0	0.0	0.0	0.0	0.0	0.0	1.0	2.0	0.0	0.0	161.0	4.0	697.0	0.0	6.0	0.0	3.0	0.0	234.0	0.0	0.0	0.0	0.0	0.0	0.0	0.0	76.0	5.0	5.0	1.0	0.0	3.0	0.0	0.0	0.0	0.0	1.0	0.0	0.0	4.0	0.0	0.0	0.0	0.0	0.0	0.0	0.0	0.0	0.0	0.0	0.0	85.0	0.0	0.0	2.0	0.0	0.0	0.0	2.0	0.0	0.0	0.0	492.0	0.0	0.0	5.0	0.0	1060.0	0.0	0.0	0.0	0.0	0.0	0.0	0.0	20.0	0.0	0.0	0.0	2.0	0.0	67.0	783.0	91.0	1.0	0.0	0.0	0.0	0.0	0.0	0.0	0.0	0.0	0.0	0.0	0.0	0.0	0.0	0.0	0.0	0.0	0.0	0.0	18.0	213.0	0.0	113.0	0.0	6.0	865.0	0.0	0.0	17.0	888.0	0.0	378.0	3.0	0.0	1.0	53.0	0.0	0.0	0.0	1069.0	0.0	604.0	2.0	2.0	0.0	0.0	0.0	0.0	0.0	949.0	3.0	0.0	0.0	8.0	167.0	35.0	1.0	0.0	1240.0	0.0	0.0	0.0	0.0	0.0	73.0	0.0	0.0	0.0	0.0	0.0	7.0	59.0	0.0	0.0	1.0	1191.0	0.0	821.0	0.0	0.0	0.0	0.0	0.0	2.0	0.0	1.0	0.0	0.0	0.0	0.0	729.0	0.0	0.0	0.0	0.0	0.0	0.0	1.0	0.0	0.0	0.0	0.0	0.0	0.0	0.0	0.0	18.0	0.0	0.0	487.0	0.0	1.0	0.0	1.0	563.0	0.0	0.0	0.0	575.0	0.0	0.0	0.0	0.0	5.0	0.0	0.0	0.0	0.0	1683.0	0.0	0.0	0.0	0.0	0.0	7.0	0.0	1.0	696.0	0.0	0.0	0.0	0.0	0.0	0.0	1929.0	1.0	0.0	0.0	0.0	4.0	0.0	1044.0	0.0	0.0	0.0	0.0	0.0	0.0	0.0	847.0	0.0	0.0	21.0	0.0	128.0	0.0	14.0	2.0	0.0	0.0	0.0	0.0	0.0	29.0	0.0	4.0	0.0	208.0	464.0	0.0	1422.0	0.0	0.0	2109.0	0.0	0.0	0.0	0.0	0.0	0.0	0.0	0.0	0.0	9.0	0.0	0.0	0.0	0.0	736.0	0.0	0.0	269.0	0.0	978.0	0.0	0.0	476.0	0.0	8.0	1652.0	259.0	0.0	0.0	0.0	20.0	0.0	0.0	0.0	0.0	0.0	0.0	0.0	0.0	0.0	0.0	0.0	0.0	0.0	0.0	1072.0	0.0	80.0	10.0	623.0	0.0	0.0	0.0	0.0	0.0	0.0	1975.0	0.0	0.0	0.0	0.0	0.0	0.0	0.0	0.0	0.0	0.0	0.0	4.0	0.0	0.0	3.0	0.0	0.0	0.0	0.0	0.0	0.0	0.0	1081.0	1543.0	0.0	0.0	0.0	0.0	4.0	0.0	132.0	132.0	0.0	93.0	0.0	31.0	0.0	1.0	0.0	0.0	0.0	0.0	3.0	0.0	906.0	0.0	304.0	0.0	0.0	1796.0	0.0	0.0	25.0	0.0	1.0	0.0	0.0	683.0	0.0	0.0	1.0	2.0	0.0	0.0	0.0	3.0	0.0	0.0	0.0	0.0	0.0	2.0	405.0	56.0	0.0	58.0	0.0	146.0	1.0	0.0	33.0	0.0	31.0	0.0	6.0	5.0	0.0	55.0	1.0	0.0	3.0	0.0	996.0	0.0	0.0	0.0	0.0	0.0	0.0	0.0	0.0	1.0	0.0	0.0	0.0	2.0	0.0	1.0	630.0	8.0	0.0
o__Bacteroidales (2)	0.0	0.0	0.0	0.0	0.0	0.0	0.0	0.0	0.0	0.0	11.0	0.0	0.0	0.0	0.0	0.0	10.0	0.0	0.0	0.0	0.0	0.0	0.0	0.0	8.0	0.0	0.0	0.0	0.0	0.0	0.0	0.0	0.0	0.0	0.0	0.0	0.0	0.0	0.0	0.0	0.0	0.0	0.0	0.0	25.0	0.0	0.0	0.0	0.0	0.0	0.0	10.0	0.0	7.0	0.0	0.0	0.0	0.0	0.0	0.0	9.0	0.0	0.0	0.0	0.0	0.0	0.0	0.0	5.0	5.0	0.0	0.0	0.0	0.0	19.0	3.0	0.0	0.0	0.0	0.0	0.0	0.0	0.0	0.0	3.0	0.0	11.0	0.0	0.0	0.0	30.0	0.0	0.0	0.0	5.0	0.0	0.0	8.0	0.0	0.0	0.0	0.0	0.0	0.0	0.0	0.0	0.0	0.0	0.0	9.0	0.0	0.0	0.0	0.0	0.0	9.0	0.0	0.0	0.0	1.0	0.0	0.0	3.0	0.0	0.0	0.0	0.0	9.0	5.0	0.0	4.0	2.0	0.0	0.0	0.0	10.0	0.0	0.0	0.0	0.0	0.0	0.0	0.0	0.0	0.0	0.0	0.0	0.0	0.0	0.0	0.0	0.0	0.0	0.0	0.0	0.0	0.0	0.0	1.0	0.0	0.0	0.0	0.0	0.0	0.0	0.0	0.0	0.0	13.0	0.0	0.0	27.0	14.0	0.0	0.0	0.0	0.0	0.0	11.0	5.0	0.0	9.0	4.0	18.0	0.0	0.0	0.0	18.0	7.0	0.0	4.0	0.0	0.0	0.0	0.0	2.0	0.0	0.0	0.0	0.0	2.0	2.0	0.0	0.0	0.0	0.0	0.0	0.0	0.0	0.0	0.0	0.0	0.0	0.0	0.0	0.0	0.0	1.0	0.0	0.0	0.0	0.0	0.0	0.0	0.0	0.0	17.0	0.0	0.0	0.0	2.0	56.0	0.0	0.0	0.0	0.0	2.0	0.0	0.0	0.0	0.0	0.0	0.0	0.0	15.0	6.0	0.0	0.0	0.0	0.0	0.0	0.0	0.0	0.0	0.0	11.0	1.0	0.0	0.0	7.0	0.0	0.0	0.0	17.0	12.0	0.0	0.0	0.0	14.0	0.0	0.0	0.0	0.0	10.0	7.0	0.0	0.0	0.0	0.0	0.0	0.0	0.0	0.0	0.0	0.0	0.0	0.0	0.0	0.0	17.0	0.0	0.0	0.0	0.0	4.0	3.0	0.0	0.0	0.0	0.0	0.0	0.0	0.0	0.0	0.0	0.0	0.0	0.0	8.0	0.0	5.0	0.0	0.0	0.0	0.0	0.0	3.0	0.0	0.0	0.0	0.0	17.0	0.0	5.0	0.0	0.0	0.0	0.0	0.0	0.0	0.0	0.0	0.0	0.0	0.0	0.0	0.0	0.0	60.0	5.0	0.0	0.0	0.0	0.0	0.0	3.0	3.0	6.0	12.0	0.0	0.0	0.0	0.0	0.0	0.0	0.0	0.0	3.0	0.0	0.0	3.0	0.0	0.0	0.0	0.0	10.0	0.0	0.0	0.0	0.0	0.0	1.0	0.0	0.0	0.0	0.0	0.0	0.0	6.0	0.0	0.0	28.0	0.0	0.0	0.0	0.0	0.0	0.0	0.0	0.0	0.0	0.0	0.0	11.0	0.0	0.0	31.0	0.0	0.0	0.0	2.0	0.0	0.0	0.0	0.0	11.0	9.0	0.0	0.0	8.0	3.0	0.0	0.0	0.0	0.0	5.0	0.0	0.0	0.0	0.0	0.0	0.0	0.0	0.0	0.0	0.0	0.0	8.0	0.0	0.0	0.0	4.0	0.0	0.0	1.0	0.0	0.0	0.0	0.0	0.0	0.0	4.0	4.0	0.0	4.0	0.0	0.0	0.0	0.0	0.0	0.0	0.0	0.0	0.0	0.0	79.0	0.0	0.0	0.0	0.0	0.0	0.0	0.0	0.0	0.0	0.0	0.0	0.0	0.0	0.0	0.0	0.0	0.0	9.0	1.0	6.0	0.0	0.0	1.0	0.0	0.0	0.0	0.0
s__Alistipes shahii (1)	0.0	0.0	0.0	0.0	0.0	0.0	0.0	0.0	0.0	0.0	0.0	0.0	0.0	0.0	0.0	0.0	3.0	0.0	0.0	0.0	0.0	0.0	0.0	0.0	0.0	0.0	0.0	0.0	0.0	0.0	0.0	0.0	0.0	0.0	0.0	0.0	0.0	0.0	0.0	0.0	0.0	18.0	0.0	4.0	0.0	0.0	0.0	0.0	0.0	0.0	0.0	0.0	0.0	0.0	0.0	0.0	0.0	0.0	18.0	0.0	10.0	0.0	0.0	0.0	0.0	0.0	0.0	0.0	0.0	35.0	70.0	0.0	0.0	0.0	0.0	0.0	0.0	0.0	0.0	0.0	0.0	0.0	0.0	0.0	0.0	0.0	0.0	0.0	0.0	0.0	39.0	0.0	0.0	0.0	38.0	0.0	0.0	0.0	0.0	0.0	5.0	0.0	0.0	14.0	0.0	0.0	0.0	0.0	0.0	0.0	0.0	0.0	0.0	0.0	0.0	0.0	0.0	43.0	6.0	0.0	3.0	0.0	7.0	0.0	0.0	0.0	0.0	0.0	0.0	0.0	0.0	0.0	0.0	0.0	0.0	0.0	0.0	0.0	0.0	0.0	0.0	2.0	0.0	0.0	0.0	0.0	0.0	0.0	0.0	0.0	0.0	0.0	0.0	0.0	0.0	0.0	0.0	0.0	0.0	0.0	0.0	0.0	9.0	0.0	0.0	0.0	18.0	0.0	0.0	0.0	0.0	18.0	0.0	0.0	0.0	14.0	0.0	2.0	0.0	35.0	0.0	0.0	0.0	0.0	0.0	0.0	0.0	0.0	13.0	8.0	0.0	0.0	0.0	0.0	0.0	14.0	0.0	0.0	0.0	0.0	0.0	0.0	0.0	0.0	0.0	0.0	0.0	0.0	0.0	0.0	0.0	0.0	0.0	0.0	0.0	0.0	0.0	0.0	0.0	0.0	8.0	0.0	0.0	0.0	0.0	0.0	0.0	0.0	0.0	0.0	36.0	0.0	0.0	0.0	7.0	0.0	0.0	0.0	0.0	0.0	0.0	0.0	0.0	0.0	0.0	0.0	0.0	0.0	0.0	0.0	0.0	0.0	0.0	0.0	0.0	1.0	2.0	0.0	0.0	0.0	0.0	0.0	5.0	0.0	37.0	0.0	16.0	0.0	9.0	0.0	19.0	0.0	0.0	15.0	0.0	1.0	0.0	0.0	0.0	0.0	0.0	0.0	0.0	0.0	0.0	0.0	0.0	0.0	0.0	5.0	11.0	0.0	0.0	0.0	94.0	3.0	4.0	0.0	0.0	0.0	0.0	0.0	0.0	0.0	7.0	0.0	0.0	0.0	0.0	0.0	0.0	0.0	16.0	0.0	0.0	0.0	7.0	0.0	0.0	0.0	0.0	31.0	0.0	0.0	0.0	15.0	0.0	0.0	0.0	0.0	0.0	0.0	0.0	0.0	2.0	0.0	0.0	0.0	0.0	0.0	0.0	15.0	0.0	0.0	0.0	0.0	0.0	0.0	0.0	0.0	0.0	0.0	0.0	0.0	0.0	0.0	0.0	0.0	0.0	0.0	4.0	1.0	0.0	0.0	0.0	6.0	0.0	0.0	0.0	0.0	0.0	0.0	0.0	0.0	0.0	0.0	0.0	0.0	0.0	0.0	0.0	33.0	0.0	0.0	0.0	0.0	0.0	0.0	0.0	0.0	0.0	102.0	0.0	0.0	0.0	0.0	69.0	0.0	0.0	0.0	0.0	0.0	24.0	0.0	0.0	2.0	0.0	18.0	0.0	0.0	0.0	0.0	0.0	0.0	0.0	0.0	0.0	0.0	0.0	0.0	0.0	3.0	0.0	0.0	0.0	0.0	0.0	0.0	0.0	0.0	0.0	0.0	0.0	0.0	8.0	0.0	0.0	0.0	0.0	0.0	0.0	0.0	0.0	0.0	22.0	0.0	0.0	1.0	0.0	0.0	0.0	0.0	0.0	0.0	0.0	0.0	0.0	0.0	0.0	0.0	0.0	0.0	18.0	0.0	0.0	0.0	0.0	0.0	0.0	0.0	0.0	0.0	0.0	10.0	0.0	0.0	0.0	0.0	0.0	0.0	0.0	0.0	0.0
s__Alistipes shahii (2)	0.0	0.0	0.0	0.0	6.0	0.0	12.0	0.0	0.0	0.0	0.0	0.0	0.0	0.0	0.0	0.0	0.0	0.0	0.0	6.0	0.0	0.0	0.0	0.0	0.0	1.0	0.0	5.0	0.0	0.0	0.0	0.0	2.0	0.0	0.0	0.0	0.0	0.0	0.0	0.0	0.0	0.0	0.0	0.0	0.0	0.0	0.0	0.0	0.0	3.0	32.0	0.0	0.0	0.0	0.0	0.0	0.0	0.0	0.0	0.0	0.0	0.0	0.0	0.0	0.0	0.0	0.0	0.0	0.0	0.0	0.0	0.0	6.0	6.0	0.0	6.0	0.0	0.0	0.0	0.0	0.0	0.0	0.0	0.0	0.0	0.0	0.0	0.0	3.0	0.0	0.0	0.0	0.0	0.0	0.0	0.0	0.0	79.0	0.0	0.0	0.0	0.0	0.0	0.0	0.0	0.0	0.0	0.0	7.0	21.0	0.0	0.0	0.0	0.0	0.0	38.0	0.0	0.0	0.0	9.0	0.0	0.0	0.0	0.0	0.0	0.0	0.0	0.0	15.0	0.0	0.0	1.0	0.0	0.0	0.0	0.0	0.0	0.0	0.0	0.0	0.0	0.0	0.0	0.0	0.0	0.0	0.0	0.0	0.0	0.0	0.0	0.0	8.0	0.0	0.0	0.0	0.0	0.0	0.0	0.0	0.0	0.0	0.0	0.0	0.0	0.0	0.0	0.0	33.0	0.0	0.0	0.0	9.0	0.0	0.0	21.0	0.0	1.0	0.0	0.0	0.0	0.0	0.0	8.0	0.0	0.0	0.0	0.0	0.0	5.0	42.0	0.0	0.0	0.0	0.0	0.0	0.0	0.0	0.0	0.0	11.0	0.0	3.0	0.0	0.0	0.0	0.0	0.0	0.0	0.0	0.0	0.0	0.0	1.0	0.0	27.0	7.0	0.0	23.0	0.0	7.0	0.0	0.0	0.0	0.0	0.0	0.0	0.0	0.0	0.0	0.0	0.0	0.0	2.0	0.0	0.0	0.0	0.0	0.0	0.0	0.0	0.0	0.0	0.0	0.0	6.0	0.0	0.0	0.0	0.0	0.0	0.0	7.0	0.0	0.0	0.0	0.0	0.0	0.0	18.0	0.0	0.0	0.0	0.0	0.0	0.0	0.0	0.0	0.0	0.0	16.0	0.0	0.0	0.0	0.0	0.0	3.0	0.0	0.0	0.0	0.0	0.0	0.0	0.0	0.0	0.0	0.0	0.0	0.0	0.0	0.0	0.0	0.0	0.0	0.0	0.0	0.0	0.0	0.0	0.0	0.0	0.0	4.0	0.0	0.0	4.0	0.0	0.0	0.0	0.0	0.0	0.0	0.0	0.0	5.0	0.0	0.0	0.0	0.0	0.0	0.0	0.0	0.0	0.0	0.0	0.0	0.0	0.0	0.0	0.0	0.0	0.0	38.0	0.0	0.0	0.0	0.0	0.0	0.0	0.0	10.0	0.0	16.0	0.0	0.0	0.0	0.0	0.0	19.0	0.0	0.0	3.0	0.0	1.0	0.0	0.0	0.0	0.0	0.0	0.0	0.0	0.0	0.0	0.0	0.0	0.0	2.0	0.0	0.0	0.0	0.0	0.0	0.0	0.0	19.0	19.0	0.0	0.0	11.0	0.0	0.0	30.0	14.0	0.0	0.0	0.0	5.0	0.0	0.0	0.0	0.0	0.0	0.0	0.0	0.0	0.0	0.0	3.0	0.0	0.0	8.0	0.0	0.0	0.0	0.0	0.0	20.0	0.0	0.0	52.0	0.0	0.0	0.0	0.0	0.0	0.0	0.0	0.0	0.0	0.0	0.0	0.0	0.0	0.0	0.0	0.0	34.0	0.0	0.0	5.0	0.0	0.0	0.0	0.0	0.0	0.0	0.0	0.0	0.0	0.0	0.0	0.0	0.0	0.0	6.0	35.0	0.0	0.0	0.0	0.0	0.0	0.0	0.0	0.0	0.0	0.0	0.0	0.0	0.0	4.0	0.0	0.0	0.0	0.0	0.0	0.0	0.0	0.0	0.0	0.0	0.0	0.0	0.0	0.0	0.0	22.0	0.0	0.0	0.0	0.0	0.0	0.0	0.0
s__Alistipes onderdonkii (1)	0.0	0.0	4.0	0.0	0.0	0.0	47.0	0.0	19.0	0.0	0.0	0.0	0.0	0.0	1.0	0.0	32.0	0.0	0.0	0.0	0.0	4.0	0.0	0.0	119.0	0.0	0.0	4.0	0.0	0.0	0.0	0.0	3.0	0.0	0.0	0.0	0.0	0.0	5.0	0.0	0.0	0.0	0.0	6.0	0.0	0.0	0.0	0.0	0.0	5.0	0.0	143.0	0.0	0.0	3074.0	0.0	0.0	0.0	27.0	0.0	66.0	0.0	42.0	0.0	0.0	0.0	0.0	0.0	37.0	18.0	289.0	0.0	0.0	11.0	0.0	6.0	0.0	0.0	0.0	131.0	0.0	0.0	0.0	42.0	31.0	0.0	103.0	0.0	0.0	0.0	0.0	0.0	0.0	0.0	115.0	0.0	0.0	137.0	0.0	0.0	0.0	0.0	0.0	6.0	0.0	0.0	0.0	0.0	3.0	8.0	0.0	0.0	0.0	0.0	4.0	0.0	0.0	0.0	0.0	0.0	0.0	0.0	1.0	0.0	0.0	0.0	0.0	129.0	2.0	0.0	0.0	5.0	0.0	0.0	0.0	7.0	0.0	0.0	0.0	24.0	0.0	1.0	0.0	0.0	0.0	44.0	0.0	0.0	0.0	0.0	395.0	0.0	4.0	0.0	4.0	0.0	0.0	0.0	0.0	0.0	0.0	0.0	0.0	0.0	0.0	0.0	27.0	0.0	0.0	0.0	6.0	4.0	5.0	0.0	21.0	0.0	0.0	0.0	19.0	27.0	0.0	8.0	0.0	24.0	1.0	0.0	1.0	0.0	0.0	0.0	0.0	0.0	0.0	0.0	2.0	0.0	0.0	0.0	0.0	0.0	4.0	51.0	2.0	0.0	0.0	0.0	0.0	0.0	0.0	0.0	0.0	0.0	0.0	3.0	0.0	66.0	0.0	28.0	0.0	2.0	0.0	0.0	0.0	0.0	0.0	0.0	0.0	0.0	0.0	0.0	17.0	0.0	6.0	21.0	7.0	0.0	0.0	0.0	0.0	0.0	4.0	0.0	0.0	19.0	0.0	0.0	0.0	0.0	0.0	0.0	24.0	0.0	0.0	0.0	0.0	9.0	0.0	13.0	0.0	0.0	0.0	2.0	0.0	0.0	43.0	0.0	329.0	15.0	6.0	0.0	40.0	0.0	0.0	1.0	39.0	0.0	11.0	4.0	19.0	15.0	0.0	0.0	0.0	0.0	0.0	0.0	0.0	0.0	0.0	0.0	3.0	0.0	0.0	0.0	2.0	0.0	0.0	12.0	0.0	0.0	0.0	0.0	3.0	0.0	0.0	1.0	0.0	0.0	28.0	0.0	1.0	0.0	2.0	0.0	0.0	0.0	3.0	0.0	0.0	0.0	0.0	20.0	0.0	3.0	0.0	90.0	0.0	0.0	0.0	2.0	0.0	0.0	0.0	0.0	0.0	0.0	0.0	0.0	32.0	4.0	0.0	0.0	0.0	116.0	6.0	0.0	0.0	0.0	1.0	2468.0	0.0	1.0	0.0	0.0	0.0	0.0	0.0	4.0	11.0	0.0	0.0	0.0	0.0	0.0	0.0	15.0	7.0	0.0	0.0	0.0	0.0	0.0	8.0	0.0	0.0	0.0	0.0	0.0	10.0	0.0	0.0	7.0	0.0	0.0	0.0	0.0	0.0	0.0	0.0	0.0	0.0	38.0	0.0	31.0	0.0	0.0	0.0	0.0	0.0	0.0	0.0	0.0	11.0	0.0	0.0	0.0	41.0	0.0	13.0	20.0	0.0	0.0	0.0	0.0	0.0	0.0	0.0	17.0	1.0	0.0	0.0	0.0	0.0	1.0	0.0	0.0	0.0	8.0	0.0	31.0	0.0	9.0	0.0	0.0	0.0	0.0	0.0	0.0	1.0	0.0	0.0	21.0	0.0	0.0	14.0	1.0	0.0	0.0	0.0	0.0	0.0	0.0	0.0	0.0	0.0	0.0	0.0	0.0	0.0	0.0	0.0	59.0	0.0	0.0	0.0	0.0	0.0	0.0	6.0	0.0	0.0	0.0	0.0	13.0	0.0	0.0	0.0	0.0	37.0	0.0	0.0	0.0	0.0
g__Alistipes (1)	0.0	0.0	0.0	0.0	0.0	0.0	8.0	0.0	0.0	0.0	0.0	0.0	0.0	0.0	0.0	0.0	0.0	0.0	0.0	0.0	0.0	0.0	0.0	0.0	0.0	0.0	0.0	0.0	0.0	0.0	0.0	0.0	0.0	18.0	0.0	0.0	0.0	0.0	0.0	0.0	0.0	5.0	0.0	0.0	0.0	0.0	0.0	0.0	0.0	0.0	0.0	0.0	0.0	11.0	0.0	0.0	0.0	0.0	1.0	0.0	0.0	0.0	374.0	0.0	0.0	0.0	0.0	0.0	0.0	4.0	13.0	0.0	0.0	0.0	0.0	0.0	14.0	0.0	0.0	0.0	0.0	0.0	0.0	0.0	0.0	0.0	0.0	0.0	0.0	0.0	0.0	0.0	0.0	2.0	4.0	0.0	0.0	0.0	0.0	0.0	0.0	0.0	0.0	4.0	0.0	0.0	0.0	0.0	0.0	0.0	0.0	0.0	0.0	0.0	0.0	0.0	0.0	0.0	0.0	0.0	0.0	0.0	0.0	0.0	0.0	0.0	0.0	10.0	0.0	0.0	8.0	0.0	0.0	0.0	0.0	0.0	37.0	0.0	0.0	0.0	0.0	0.0	0.0	0.0	0.0	0.0	0.0	0.0	0.0	0.0	0.0	0.0	0.0	0.0	0.0	0.0	0.0	0.0	0.0	0.0	0.0	0.0	0.0	0.0	0.0	0.0	0.0	0.0	0.0	0.0	0.0	0.0	2.0	0.0	0.0	0.0	0.0	0.0	0.0	5.0	0.0	0.0	0.0	0.0	0.0	0.0	0.0	28.0	0.0	0.0	0.0	0.0	0.0	2.0	0.0	0.0	0.0	0.0	0.0	0.0	0.0	0.0	2.0	0.0	0.0	0.0	0.0	0.0	0.0	0.0	0.0	0.0	0.0	0.0	0.0	17.0	0.0	0.0	0.0	0.0	3.0	0.0	0.0	0.0	0.0	0.0	0.0	21.0	0.0	0.0	6.0	37.0	0.0	0.0	0.0	0.0	35.0	0.0	0.0	0.0	0.0	0.0	0.0	0.0	6.0	7.0	0.0	0.0	0.0	0.0	0.0	0.0	0.0	0.0	0.0	0.0	0.0	6.0	0.0	3.0	0.0	0.0	0.0	0.0	0.0	4.0	0.0	0.0	0.0	0.0	0.0	0.0	0.0	0.0	0.0	0.0	0.0	0.0	0.0	4.0	0.0	0.0	0.0	0.0	0.0	0.0	0.0	0.0	0.0	0.0	0.0	0.0	0.0	0.0	0.0	0.0	0.0	0.0	0.0	0.0	0.0	0.0	19.0	0.0	0.0	0.0	2.0	0.0	0.0	0.0	0.0	0.0	0.0	0.0	0.0	0.0	0.0	0.0	0.0	0.0	0.0	0.0	0.0	0.0	0.0	7.0	0.0	0.0	0.0	0.0	0.0	0.0	0.0	0.0	0.0	0.0	0.0	4.0	0.0	0.0	0.0	0.0	0.0	0.0	0.0	31.0	0.0	0.0	0.0	0.0	0.0	0.0	0.0	0.0	0.0	0.0	0.0	1.0	0.0	0.0	0.0	0.0	0.0	0.0	0.0	0.0	0.0	0.0	0.0	0.0	0.0	0.0	0.0	0.0	0.0	5.0	0.0	0.0	2.0	0.0	0.0	86.0	2.0	0.0	27.0	0.0	0.0	0.0	0.0	0.0	0.0	0.0	0.0	0.0	0.0	0.0	15.0	0.0	0.0	0.0	4.0	0.0	0.0	0.0	0.0	0.0	0.0	0.0	0.0	0.0	5.0	0.0	0.0	0.0	0.0	0.0	0.0	0.0	0.0	0.0	0.0	0.0	0.0	0.0	0.0	6.0	9.0	0.0	0.0	0.0	0.0	18.0	0.0	0.0	0.0	0.0	0.0	0.0	0.0	0.0	0.0	0.0	0.0	0.0	0.0	0.0	0.0	0.0	0.0	0.0	0.0	0.0	0.0	0.0	0.0	44.0	0.0	0.0	0.0	0.0	0.0	0.0	0.0	26.0	0.0	0.0	0.0	0.0	0.0	0.0	0.0	0.0	0.0	0.0	0.0	10.0	0.0	0.0	0.0	0.0	0.0	0.0	0.0
s__Alistipes_A indistinctus (1)	0.0	0.0	0.0	0.0	0.0	0.0	0.0	0.0	0.0	0.0	0.0	0.0	0.0	0.0	0.0	0.0	16.0	0.0	0.0	0.0	0.0	0.0	0.0	0.0	0.0	0.0	0.0	0.0	0.0	0.0	0.0	0.0	2.0	0.0	0.0	0.0	1.0	0.0	0.0	0.0	0.0	2.0	0.0	0.0	0.0	0.0	0.0	0.0	0.0	0.0	0.0	0.0	0.0	0.0	0.0	0.0	0.0	0.0	2.0	0.0	2.0	0.0	0.0	0.0	0.0	0.0	0.0	0.0	4.0	1.0	0.0	0.0	0.0	0.0	0.0	2.0	0.0	0.0	0.0	0.0	0.0	0.0	0.0	0.0	0.0	0.0	3.0	0.0	0.0	0.0	0.0	0.0	0.0	0.0	18.0	0.0	0.0	5.0	0.0	0.0	0.0	0.0	0.0	1.0	0.0	0.0	0.0	0.0	0.0	0.0	0.0	0.0	0.0	0.0	0.0	0.0	0.0	0.0	0.0	5.0	2.0	0.0	0.0	0.0	0.0	0.0	0.0	7.0	26.0	0.0	0.0	0.0	0.0	0.0	0.0	1.0	0.0	0.0	0.0	0.0	0.0	2.0	0.0	0.0	0.0	0.0	0.0	0.0	0.0	0.0	0.0	0.0	0.0	0.0	0.0	0.0	0.0	0.0	0.0	0.0	0.0	0.0	0.0	0.0	0.0	0.0	0.0	0.0	0.0	0.0	0.0	0.0	2.0	0.0	0.0	0.0	0.0	2.0	0.0	0.0	0.0	4.0	0.0	2.0	0.0	0.0	0.0	11.0	0.0	3.0	0.0	0.0	0.0	0.0	0.0	0.0	0.0	0.0	0.0	0.0	0.0	0.0	21.0	0.0	0.0	0.0	0.0	0.0	0.0	0.0	0.0	0.0	0.0	0.0	0.0	0.0	4.0	0.0	16.0	0.0	0.0	0.0	0.0	0.0	0.0	0.0	0.0	0.0	0.0	0.0	0.0	0.0	0.0	0.0	0.0	0.0	0.0	0.0	0.0	0.0	0.0	0.0	0.0	0.0	0.0	3.0	0.0	0.0	0.0	0.0	0.0	0.0	3.0	0.0	0.0	0.0	0.0	0.0	0.0	0.0	0.0	0.0	0.0	0.0	0.0	0.0	0.0	0.0	0.0	0.0	0.0	0.0	0.0	0.0	0.0	0.0	0.0	0.0	0.0	0.0	0.0	0.0	0.0	0.0	0.0	0.0	0.0	0.0	0.0	2.0	7.0	0.0	0.0	0.0	2.0	0.0	0.0	4.0	0.0	0.0	0.0	0.0	0.0	0.0	0.0	0.0	0.0	0.0	0.0	0.0	1.0	0.0	2.0	0.0	0.0	0.0	0.0	0.0	0.0	0.0	0.0	0.0	5.0	0.0	0.0	0.0	0.0	0.0	0.0	0.0	0.0	0.0	0.0	0.0	0.0	0.0	0.0	0.0	0.0	0.0	0.0	13.0	0.0	0.0	0.0	0.0	0.0	0.0	0.0	0.0	0.0	0.0	0.0	0.0	0.0	0.0	0.0	0.0	0.0	0.0	0.0	0.0	0.0	0.0	0.0	0.0	0.0	0.0	0.0	0.0	0.0	1.0	0.0	0.0	0.0	0.0	0.0	0.0	0.0	0.0	0.0	0.0	0.0	0.0	3.0	0.0	0.0	0.0	0.0	0.0	0.0	0.0	0.0	0.0	0.0	0.0	8.0	0.0	0.0	0.0	2.0	0.0	0.0	0.0	0.0	0.0	0.0	0.0	0.0	2.0	0.0	0.0	0.0	0.0	0.0	0.0	0.0	0.0	0.0	0.0	0.0	0.0	0.0	0.0	0.0	0.0	0.0	0.0	0.0	0.0	0.0	4.0	0.0	0.0	0.0	0.0	0.0	0.0	0.0	0.0	0.0	8.0	0.0	0.0	34.0	9.0	0.0	0.0	0.0	0.0	0.0	0.0	0.0	0.0	5.0	0.0	0.0	0.0	0.0	0.0	0.0	0.0	0.0	0.0	0.0	0.0	0.0	0.0	0.0	0.0	0.0	0.0	1.0	0.0	0.0	0.0	0.0	0.0	0.0	0.0	0.0	0.0	0.0
s__Alistipes putredinis (1)	1.0	0.0	9.0	0.0	0.0	0.0	250.0	0.0	0.0	0.0	0.0	0.0	0.0	0.0	68.0	0.0	42.0	0.0	0.0	0.0	0.0	4.0	0.0	19.0	210.0	5.0	0.0	0.0	0.0	0.0	0.0	0.0	1.0	0.0	1.0	0.0	0.0	0.0	51.0	0.0	0.0	0.0	0.0	0.0	0.0	0.0	1.0	53.0	0.0	0.0	119.0	317.0	0.0	45.0	0.0	0.0	0.0	2.0	0.0	0.0	151.0	0.0	0.0	0.0	0.0	288.0	0.0	0.0	0.0	70.0	291.0	0.0	13.0	18.0	0.0	0.0	0.0	0.0	2.0	0.0	0.0	1.0	0.0	7.0	0.0	0.0	135.0	0.0	0.0	0.0	0.0	0.0	22.0	0.0	97.0	0.0	0.0	248.0	0.0	0.0	27.0	0.0	0.0	43.0	1.0	0.0	0.0	0.0	48.0	121.0	0.0	0.0	0.0	0.0	12.0	103.0	0.0	0.0	11.0	28.0	0.0	0.0	24.0	0.0	0.0	0.0	0.0	99.0	160.0	0.0	94.0	116.0	0.0	0.0	0.0	27.0	0.0	0.0	0.0	30.0	0.0	0.0	0.0	0.0	0.0	0.0	0.0	0.0	7.0	0.0	0.0	0.0	335.0	13.0	0.0	146.0	0.0	0.0	0.0	11.0	0.0	0.0	75.0	0.0	1.0	0.0	10.0	0.0	184.0	0.0	0.0	89.0	49.0	0.0	0.0	262.0	0.0	1.0	0.0	235.0	0.0	0.0	1.0	0.0	0.0	0.0	1.0	378.0	0.0	0.0	63.0	2.0	0.0	0.0	0.0	49.0	0.0	0.0	0.0	0.0	31.0	0.0	30.0	3.0	0.0	0.0	0.0	0.0	0.0	0.0	0.0	19.0	2.0	0.0	0.0	182.0	26.0	83.0	0.0	0.0	191.0	0.0	0.0	0.0	11.0	0.0	53.0	0.0	0.0	0.0	73.0	0.0	0.0	43.0	64.0	0.0	138.0	0.0	0.0	0.0	0.0	244.0	0.0	0.0	0.0	3.0	0.0	0.0	147.0	0.0	269.0	1.0	0.0	0.0	0.0	33.0	0.0	257.0	0.0	57.0	0.0	0.0	0.0	0.0	42.0	0.0	58.0	253.0	0.0	0.0	138.0	0.0	0.0	45.0	0.0	1.0	6.0	5.0	74.0	0.0	3.0	0.0	0.0	0.0	0.0	0.0	0.0	0.0	0.0	56.0	26.0	0.0	0.0	0.0	123.0	82.0	50.0	0.0	1.0	0.0	0.0	0.0	29.0	0.0	0.0	31.0	0.0	0.0	230.0	0.0	66.0	0.0	208.0	0.0	0.0	0.0	0.0	0.0	0.0	0.0	0.0	251.0	0.0	0.0	0.0	270.0	0.0	0.0	0.0	0.0	0.0	0.0	0.0	0.0	0.0	0.0	0.0	0.0	0.0	34.0	0.0	66.0	163.0	0.0	164.0	0.0	0.0	0.0	0.0	0.0	52.0	0.0	0.0	0.0	0.0	0.0	12.0	139.0	0.0	0.0	0.0	0.0	0.0	79.0	0.0	0.0	21.0	0.0	0.0	0.0	0.0	3.0	0.0	1.0	0.0	23.0	0.0	0.0	142.0	0.0	0.0	0.0	52.0	0.0	125.0	5.0	0.0	0.0	0.0	0.0	0.0	0.0	0.0	0.0	0.0	0.0	299.0	0.0	1679.0	0.0	50.0	0.0	218.0	0.0	0.0	4.0	333.0	46.0	97.0	0.0	136.0	0.0	0.0	1.0	0.0	0.0	1.0	0.0	13.0	0.0	0.0	0.0	0.0	0.0	0.0	0.0	205.0	0.0	0.0	80.0	0.0	0.0	0.0	39.0	0.0	0.0	0.0	0.0	0.0	0.0	0.0	81.0	26.0	0.0	141.0	44.0	278.0	0.0	0.0	2.0	0.0	0.0	0.0	0.0	0.0	0.0	0.0	0.0	0.0	0.0	0.0	0.0	18.0	0.0	0.0	0.0	0.0	0.0	0.0	0.0	0.0	0.0	0.0	110.0	22.0	86.0	0.0	0.0	62.0	0.0	0.0	0.0	0.0
s__Bacteroides caccae (1)	0.0	0.0	17.0	0.0	0.0	0.0	0.0	0.0	0.0	37.0	0.0	0.0	0.0	0.0	21.0	0.0	0.0	0.0	0.0	11.0	11.0	14.0	0.0	0.0	0.0	7.0	0.0	0.0	0.0	0.0	0.0	0.0	0.0	0.0	0.0	0.0	1.0	0.0	0.0	0.0	0.0	0.0	0.0	13.0	0.0	0.0	0.0	0.0	0.0	0.0	21.0	0.0	0.0	14.0	0.0	0.0	0.0	5.0	18.0	0.0	0.0	0.0	0.0	0.0	0.0	0.0	0.0	0.0	0.0	0.0	0.0	0.0	6.0	9.0	0.0	0.0	5.0	0.0	0.0	0.0	118.0	0.0	135.0	0.0	0.0	0.0	0.0	0.0	0.0	0.0	0.0	0.0	16.0	16.0	0.0	0.0	0.0	8.0	0.0	0.0	0.0	0.0	0.0	9.0	0.0	0.0	0.0	114.0	0.0	0.0	0.0	0.0	0.0	0.0	4.0	60.0	0.0	0.0	1.0	76.0	7.0	0.0	0.0	21.0	0.0	0.0	0.0	0.0	3.0	0.0	0.0	0.0	0.0	0.0	94.0	0.0	0.0	0.0	0.0	0.0	0.0	0.0	0.0	0.0	0.0	0.0	0.0	0.0	0.0	0.0	0.0	2.0	0.0	0.0	0.0	0.0	0.0	0.0	0.0	0.0	0.0	0.0	33.0	0.0	0.0	0.0	46.0	0.0	0.0	0.0	4.0	0.0	0.0	0.0	0.0	0.0	0.0	0.0	54.0	0.0	7.0	4.0	0.0	25.0	2.0	0.0	26.0	0.0	0.0	0.0	0.0	0.0	0.0	7.0	0.0	22.0	0.0	0.0	0.0	0.0	0.0	0.0	0.0	0.0	0.0	22.0	0.0	39.0	0.0	0.0	0.0	30.0	0.0	0.0	0.0	0.0	0.0	17.0	66.0	0.0	0.0	0.0	0.0	0.0	0.0	0.0	0.0	0.0	0.0	0.0	48.0	0.0	0.0	0.0	6.0	0.0	0.0	0.0	0.0	0.0	0.0	0.0	0.0	0.0	58.0	0.0	0.0	41.0	0.0	0.0	0.0	0.0	11.0	0.0	0.0	113.0	0.0	0.0	0.0	0.0	0.0	0.0	0.0	0.0	0.0	0.0	21.0	0.0	0.0	0.0	0.0	0.0	0.0	13.0	63.0	0.0	0.0	0.0	18.0	0.0	0.0	0.0	0.0	0.0	0.0	0.0	0.0	0.0	0.0	0.0	0.0	0.0	0.0	0.0	68.0	0.0	129.0	0.0	0.0	0.0	0.0	0.0	0.0	0.0	0.0	0.0	0.0	0.0	0.0	0.0	28.0	0.0	15.0	22.0	2.0	0.0	14.0	0.0	0.0	0.0	0.0	70.0	0.0	0.0	0.0	0.0	0.0	0.0	0.0	0.0	2.0	0.0	4.0	0.0	0.0	0.0	0.0	0.0	0.0	0.0	15.0	0.0	13.0	0.0	94.0	0.0	0.0	0.0	0.0	0.0	6.0	1.0	0.0	0.0	0.0	0.0	0.0	0.0	24.0	0.0	6.0	0.0	0.0	0.0	13.0	0.0	0.0	0.0	0.0	0.0	0.0	0.0	132.0	0.0	0.0	0.0	0.0	0.0	0.0	0.0	0.0	0.0	0.0	0.0	346.0	0.0	0.0	0.0	0.0	0.0	0.0	0.0	0.0	0.0	0.0	0.0	0.0	44.0	0.0	0.0	74.0	0.0	1.0	0.0	0.0	0.0	29.0	58.0	0.0	23.0	0.0	27.0	0.0	0.0	0.0	1.0	0.0	262.0	0.0	0.0	0.0	0.0	0.0	0.0	8.0	0.0	0.0	0.0	0.0	2.0	0.0	0.0	0.0	18.0	33.0	0.0	0.0	0.0	0.0	0.0	0.0	36.0	0.0	0.0	38.0	0.0	16.0	0.0	0.0	0.0	0.0	0.0	0.0	0.0	0.0	436.0	32.0	0.0	0.0	0.0	0.0	49.0	0.0	0.0	5.0	0.0	0.0	0.0	0.0	0.0	0.0	0.0	0.0	0.0	0.0	0.0	0.0	0.0	0.0	0.0	0.0	13.0	0.0
s__Bacteroides caccae (2)	0.0	0.0	0.0	0.0	0.0	0.0	0.0	0.0	29.0	0.0	116.0	0.0	0.0	214.0	0.0	0.0	31.0	0.0	0.0	0.0	0.0	0.0	0.0	0.0	0.0	0.0	0.0	46.0	0.0	0.0	0.0	0.0	4.0	0.0	0.0	0.0	0.0	0.0	92.0	0.0	114.0	0.0	0.0	0.0	0.0	0.0	0.0	0.0	8.0	0.0	0.0	0.0	0.0	0.0	0.0	0.0	0.0	0.0	0.0	0.0	141.0	0.0	0.0	0.0	0.0	0.0	0.0	0.0	0.0	0.0	0.0	0.0	0.0	0.0	0.0	57.0	20.0	0.0	0.0	0.0	0.0	0.0	0.0	0.0	0.0	0.0	4.0	0.0	0.0	0.0	0.0	0.0	0.0	0.0	0.0	0.0	0.0	0.0	0.0	0.0	31.0	0.0	0.0	0.0	0.0	0.0	0.0	0.0	10.0	89.0	0.0	0.0	0.0	0.0	0.0	0.0	0.0	0.0	0.0	0.0	0.0	0.0	0.0	0.0	0.0	0.0	0.0	0.0	10.0	0.0	70.0	0.0	0.0	0.0	0.0	8.0	0.0	0.0	0.0	0.0	0.0	0.0	0.0	0.0	0.0	0.0	0.0	0.0	0.0	0.0	0.0	0.0	0.0	10.0	0.0	0.0	0.0	0.0	0.0	0.0	0.0	0.0	0.0	0.0	0.0	0.0	0.0	0.0	0.0	0.0	0.0	28.0	0.0	0.0	0.0	0.0	0.0	0.0	0.0	0.0	0.0	0.0	0.0	0.0	0.0	0.0	0.0	0.0	0.0	0.0	50.0	0.0	0.0	0.0	0.0	0.0	0.0	0.0	0.0	0.0	44.0	52.0	14.0	0.0	0.0	0.0	0.0	0.0	0.0	4.0	3.0	0.0	0.0	0.0	0.0	0.0	0.0	0.0	0.0	0.0	0.0	0.0	3.0	0.0	0.0	0.0	0.0	0.0	0.0	0.0	0.0	0.0	0.0	0.0	0.0	0.0	0.0	0.0	0.0	0.0	0.0	0.0	0.0	0.0	0.0	0.0	0.0	0.0	0.0	0.0	79.0	0.0	0.0	12.0	0.0	0.0	0.0	0.0	0.0	0.0	0.0	0.0	0.0	0.0	75.0	0.0	0.0	0.0	0.0	0.0	0.0	0.0	0.0	0.0	0.0	0.0	0.0	25.0	0.0	23.0	0.0	0.0	0.0	0.0	0.0	0.0	0.0	0.0	0.0	17.0	0.0	0.0	0.0	5.0	0.0	0.0	0.0	8.0	0.0	0.0	0.0	0.0	0.0	0.0	0.0	32.0	0.0	0.0	0.0	0.0	0.0	0.0	0.0	0.0	0.0	0.0	7.0	0.0	0.0	0.0	0.0	0.0	0.0	21.0	0.0	0.0	0.0	0.0	0.0	0.0	0.0	5.0	0.0	0.0	0.0	0.0	0.0	0.0	0.0	11.0	0.0	0.0	0.0	0.0	0.0	0.0	0.0	0.0	53.0	0.0	0.0	0.0	0.0	0.0	0.0	0.0	21.0	0.0	0.0	0.0	0.0	13.0	0.0	0.0	0.0	0.0	0.0	0.0	0.0	0.0	0.0	0.0	0.0	10.0	0.0	0.0	0.0	0.0	0.0	0.0	23.0	0.0	0.0	0.0	0.0	0.0	282.0	0.0	0.0	0.0	0.0	0.0	0.0	0.0	0.0	0.0	50.0	0.0	0.0	0.0	0.0	0.0	0.0	0.0	0.0	14.0	0.0	0.0	0.0	0.0	15.0	0.0	0.0	0.0	0.0	0.0	0.0	0.0	0.0	0.0	0.0	0.0	0.0	0.0	0.0	0.0	73.0	0.0	132.0	0.0	0.0	0.0	0.0	0.0	0.0	0.0	0.0	0.0	0.0	0.0	0.0	0.0	0.0	0.0	0.0	0.0	0.0	0.0	0.0	0.0	0.0	308.0	0.0	48.0	0.0	0.0	0.0	0.0	0.0	0.0	0.0	0.0	37.0	0.0	0.0	0.0	0.0	0.0	66.0	0.0	0.0	0.0	0.0	30.0	0.0	0.0	0.0	0.0	2.0	0.0	0.0	0.0	0.0
s__Alistipes communis (1)	0.0	0.0	0.0	0.0	0.0	0.0	0.0	0.0	0.0	0.0	0.0	0.0	0.0	0.0	0.0	0.0	0.0	0.0	0.0	0.0	0.0	0.0	0.0	0.0	0.0	2.0	0.0	0.0	0.0	0.0	0.0	0.0	1.0	0.0	0.0	0.0	0.0	0.0	0.0	0.0	0.0	0.0	0.0	0.0	0.0	0.0	0.0	0.0	0.0	0.0	0.0	0.0	0.0	0.0	0.0	0.0	0.0	0.0	0.0	0.0	0.0	0.0	0.0	0.0	0.0	0.0	0.0	0.0	0.0	0.0	0.0	0.0	0.0	1.0	0.0	0.0	0.0	0.0	0.0	0.0	0.0	0.0	0.0	0.0	0.0	0.0	0.0	0.0	0.0	0.0	52.0	0.0	0.0	0.0	7.0	0.0	0.0	0.0	0.0	0.0	0.0	0.0	0.0	0.0	0.0	0.0	0.0	0.0	9.0	4.0	0.0	0.0	0.0	0.0	0.0	23.0	0.0	0.0	0.0	0.0	2.0	0.0	0.0	0.0	0.0	0.0	0.0	0.0	17.0	0.0	0.0	0.0	0.0	0.0	0.0	6.0	0.0	0.0	0.0	0.0	0.0	0.0	0.0	1.0	0.0	0.0	0.0	0.0	0.0	0.0	0.0	0.0	24.0	0.0	0.0	19.0	0.0	0.0	0.0	0.0	0.0	0.0	11.0	0.0	0.0	0.0	0.0	0.0	14.0	0.0	0.0	0.0	0.0	0.0	0.0	0.0	0.0	0.0	0.0	11.0	0.0	0.0	0.0	0.0	0.0	0.0	0.0	0.0	0.0	0.0	2.0	0.0	0.0	0.0	0.0	0.0	0.0	0.0	0.0	0.0	7.0	0.0	13.0	0.0	0.0	0.0	0.0	0.0	0.0	0.0	0.0	0.0	0.0	0.0	0.0	0.0	1.0	0.0	15.0	0.0	7.0	0.0	0.0	0.0	0.0	0.0	1.0	0.0	0.0	0.0	0.0	3.0	0.0	0.0	6.0	0.0	5.0	0.0	0.0	0.0	0.0	0.0	0.0	0.0	0.0	0.0	0.0	0.0	0.0	0.0	0.0	0.0	4.0	0.0	0.0	5.0	0.0	0.0	0.0	0.0	0.0	0.0	0.0	5.0	0.0	2.0	12.0	4.0	0.0	0.0	0.0	0.0	0.0	0.0	0.0	0.0	0.0	0.0	0.0	0.0	0.0	0.0	0.0	0.0	0.0	0.0	0.0	0.0	0.0	0.0	0.0	0.0	0.0	0.0	57.0	11.0	0.0	0.0	0.0	0.0	0.0	0.0	0.0	0.0	0.0	0.0	0.0	0.0	3.0	0.0	0.0	0.0	18.0	0.0	0.0	0.0	0.0	0.0	0.0	0.0	0.0	0.0	0.0	0.0	0.0	0.0	0.0	0.0	0.0	0.0	0.0	0.0	0.0	0.0	0.0	0.0	7.0	15.0	4.0	4.0	3.0	0.0	6.0	0.0	0.0	0.0	0.0	0.0	0.0	0.0	0.0	0.0	0.0	0.0	0.0	0.0	0.0	11.0	0.0	0.0	5.0	0.0	0.0	0.0	0.0	12.0	0.0	0.0	0.0	0.0	0.0	0.0	0.0	0.0	0.0	0.0	0.0	0.0	0.0	0.0	0.0	0.0	0.0	0.0	0.0	0.0	0.0	0.0	0.0	0.0	0.0	0.0	0.0	0.0	0.0	0.0	0.0	0.0	0.0	0.0	0.0	0.0	0.0	0.0	0.0	0.0	0.0	0.0	0.0	0.0	0.0	0.0	0.0	0.0	0.0	0.0	0.0	0.0	0.0	0.0	0.0	0.0	0.0	0.0	0.0	0.0	0.0	0.0	0.0	2.0	0.0	0.0	0.0	0.0	0.0	0.0	0.0	0.0	0.0	0.0	0.0	5.0	7.0	0.0	1.0	0.0	0.0	3.0	0.0	0.0	0.0	0.0	0.0	0.0	0.0	0.0	0.0	0.0	0.0	5.0	0.0	0.0	7.0	0.0	0.0	0.0	0.0	0.0	0.0	0.0	0.0	0.0	0.0	0.0	0.0	0.0	0.0	0.0	0.0	0.0	5.0	0.0	0.0
o__Bacteroidales (1)	0.0	0.0	0.0	0.0	2.0	0.0	0.0	0.0	0.0	0.0	11.0	0.0	0.0	0.0	0.0	0.0	25.0	0.0	0.0	0.0	6.0	1.0	0.0	0.0	27.0	7.0	0.0	12.0	0.0	0.0	0.0	0.0	4.0	0.0	0.0	0.0	0.0	0.0	5.0	0.0	0.0	15.0	0.0	0.0	0.0	0.0	0.0	0.0	0.0	0.0	1.0	11.0	0.0	0.0	0.0	0.0	0.0	2.0	2.0	0.0	0.0	0.0	0.0	0.0	0.0	0.0	0.0	0.0	2.0	22.0	0.0	0.0	0.0	4.0	4.0	2.0	0.0	0.0	0.0	0.0	0.0	0.0	0.0	0.0	12.0	0.0	4.0	0.0	3.0	0.0	0.0	0.0	2.0	4.0	25.0	0.0	0.0	17.0	0.0	0.0	0.0	0.0	0.0	0.0	0.0	0.0	0.0	0.0	0.0	11.0	0.0	0.0	0.0	0.0	5.0	32.0	0.0	0.0	0.0	0.0	0.0	0.0	0.0	0.0	0.0	0.0	0.0	29.0	19.0	0.0	14.0	6.0	0.0	0.0	1.0	0.0	0.0	0.0	0.0	0.0	0.0	0.0	0.0	6.0	0.0	0.0	0.0	0.0	2.0	0.0	0.0	0.0	18.0	0.0	0.0	12.0	0.0	0.0	0.0	0.0	0.0	0.0	0.0	0.0	0.0	0.0	9.0	0.0	9.0	0.0	3.0	0.0	21.0	0.0	0.0	3.0	0.0	0.0	0.0	0.0	0.0	0.0	0.0	0.0	0.0	0.0	4.0	38.0	26.0	10.0	5.0	0.0	0.0	0.0	0.0	2.0	0.0	0.0	0.0	0.0	0.0	10.0	13.0	0.0	0.0	0.0	0.0	0.0	2.0	0.0	0.0	0.0	0.0	1.0	0.0	0.0	0.0	0.0	20.0	0.0	2.0	0.0	0.0	0.0	0.0	0.0	0.0	0.0	0.0	0.0	5.0	0.0	0.0	0.0	6.0	0.0	13.0	0.0	0.0	0.0	0.0	0.0	0.0	0.0	0.0	0.0	0.0	0.0	0.0	0.0	13.0	0.0	10.0	0.0	0.0	6.0	0.0	0.0	0.0	0.0	0.0	0.0	0.0	10.0	0.0	1.0	13.0	1.0	0.0	0.0	0.0	0.0	0.0	0.0	0.0	1.0	0.0	0.0	4.0	4.0	0.0	0.0	0.0	0.0	0.0	0.0	0.0	0.0	0.0	5.0	8.0	0.0	0.0	0.0	0.0	0.0	0.0	1.0	1.0	0.0	0.0	0.0	0.0	0.0	2.0	4.0	0.0	0.0	0.0	0.0	0.0	0.0	37.0	0.0	0.0	0.0	0.0	0.0	0.0	0.0	0.0	0.0	0.0	14.0	0.0	0.0	0.0	0.0	0.0	0.0	0.0	0.0	0.0	0.0	3.0	0.0	0.0	0.0	0.0	0.0	0.0	3.0	0.0	0.0	0.0	12.0	0.0	11.0	0.0	0.0	0.0	0.0	0.0	0.0	0.0	0.0	0.0	7.0	0.0	0.0	6.0	0.0	4.0	0.0	0.0	0.0	0.0	0.0	0.0	0.0	0.0	0.0	0.0	0.0	0.0	2.0	0.0	0.0	30.0	0.0	0.0	112.0	0.0	0.0	0.0	0.0	6.0	0.0	0.0	0.0	0.0	0.0	0.0	0.0	0.0	0.0	11.0	0.0	0.0	0.0	8.0	0.0	8.0	0.0	0.0	5.0	12.0	7.0	13.0	5.0	0.0	0.0	0.0	0.0	0.0	0.0	0.0	22.0	1.0	0.0	0.0	0.0	0.0	0.0	0.0	0.0	30.0	0.0	0.0	1.0	0.0	0.0	0.0	0.0	0.0	0.0	2.0	0.0	0.0	0.0	0.0	14.0	0.0	0.0	20.0	17.0	0.0	3.0	0.0	0.0	0.0	0.0	0.0	0.0	0.0	0.0	0.0	0.0	0.0	3.0	0.0	0.0	4.0	0.0	0.0	0.0	0.0	0.0	9.0	0.0	0.0	0.0	0.0	0.0	0.0	2.0	0.0	0.0	0.0	0.0	5.0	0.0	0.0
s__Parabacteroides merdae (1)	2.0	0.0	11.0	0.0	11.0	0.0	0.0	0.0	67.0	0.0	22.0	0.0	81.0	0.0	0.0	0.0	52.0	1.0	0.0	82.0	54.0	18.0	0.0	16.0	0.0	6.0	118.0	12.0	2.0	0.0	0.0	13.0	16.0	0.0	0.0	0.0	0.0	0.0	114.0	0.0	141.0	0.0	56.0	21.0	0.0	0.0	0.0	100.0	0.0	0.0	362.0	3.0	8.0	109.0	1.0	0.0	20.0	5.0	13.0	0.0	63.0	0.0	70.0	1.0	0.0	39.0	0.0	0.0	0.0	36.0	0.0	0.0	4.0	1.0	0.0	42.0	47.0	0.0	0.0	63.0	293.0	1.0	45.0	1.0	33.0	0.0	0.0	0.0	29.0	0.0	38.0	0.0	11.0	52.0	29.0	0.0	0.0	33.0	0.0	0.0	13.0	0.0	1.0	0.0	0.0	6.0	0.0	0.0	11.0	0.0	0.0	0.0	2.0	0.0	5.0	236.0	0.0	0.0	33.0	14.0	0.0	0.0	0.0	127.0	0.0	0.0	0.0	0.0	138.0	0.0	46.0	0.0	0.0	0.0	114.0	17.0	0.0	0.0	0.0	0.0	0.0	6.0	0.0	288.0	0.0	0.0	0.0	0.0	47.0	0.0	927.0	0.0	31.0	19.0	0.0	55.0	0.0	0.0	8.0	11.0	3.0	0.0	54.0	0.0	0.0	0.0	9.0	0.0	34.0	0.0	27.0	16.0	18.0	0.0	0.0	0.0	0.0	0.0	0.0	31.0	12.0	0.0	806.0	52.0	0.0	5.0	8.0	0.0	95.0	37.0	0.0	2.0	0.0	0.0	0.0	26.0	114.0	0.0	0.0	0.0	15.0	67.0	94.0	0.0	0.0	0.0	0.0	18.0	5.0	2.0	9.0	64.0	0.0	17.0	0.0	0.0	0.0	0.0	214.0	0.0	16.0	0.0	4.0	0.0	0.0	174.0	44.0	0.0	0.0	0.0	0.0	0.0	0.0	8.0	26.0	0.0	76.0	0.0	0.0	0.0	0.0	54.0	0.0	0.0	28.0	29.0	0.0	33.0	0.0	0.0	0.0	0.0	16.0	0.0	0.0	5.0	0.0	39.0	0.0	0.0	0.0	30.0	733.0	0.0	62.0	74.0	10.0	92.0	37.0	0.0	110.0	0.0	0.0	47.0	15.0	0.0	6.0	26.0	7.0	18.0	1.0	0.0	0.0	118.0	0.0	0.0	0.0	0.0	0.0	0.0	0.0	9.0	0.0	53.0	86.0	29.0	45.0	14.0	0.0	1.0	0.0	0.0	0.0	0.0	13.0	105.0	0.0	0.0	60.0	0.0	48.0	0.0	33.0	0.0	9.0	0.0	0.0	0.0	0.0	0.0	0.0	95.0	0.0	28.0	1.0	98.0	0.0	38.0	0.0	24.0	2.0	0.0	28.0	0.0	10.0	0.0	0.0	8.0	920.0	21.0	15.0	37.0	20.0	31.0	113.0	0.0	1.0	227.0	21.0	0.0	1.0	34.0	0.0	4.0	0.0	205.0	0.0	39.0	11.0	19.0	7.0	7.0	25.0	0.0	7.0	76.0	27.0	0.0	0.0	0.0	0.0	0.0	0.0	18.0	0.0	16.0	0.0	0.0	75.0	0.0	7.0	0.0	0.0	12.0	0.0	2.0	99.0	1121.0	0.0	0.0	2.0	119.0	0.0	0.0	25.0	0.0	0.0	52.0	0.0	0.0	36.0	0.0	0.0	1.0	41.0	9.0	34.0	12.0	52.0	0.0	89.0	0.0	0.0	0.0	0.0	48.0	1.0	173.0	3.0	0.0	0.0	0.0	72.0	0.0	0.0	83.0	134.0	18.0	0.0	7.0	0.0	0.0	0.0	21.0	50.0	0.0	55.0	0.0	0.0	3.0	0.0	35.0	0.0	41.0	157.0	39.0	63.0	19.0	0.0	1.0	0.0	0.0	5.0	2.0	0.0	0.0	0.0	0.0	2.0	2.0	0.0	19.0	0.0	40.0	0.0	0.0	0.0	0.0	2.0	0.0	515.0	0.0	0.0	38.0	0.0	9.0	0.0	156.0	1.0	0.0	10.0	31.0	0.0
s__Parabacteroides distasonis (1)	0.0	0.0	5.0	0.0	2.0	0.0	10.0	4.0	32.0	0.0	0.0	0.0	0.0	0.0	2.0	0.0	0.0	0.0	1.0	0.0	76.0	7.0	0.0	3.0	598.0	4.0	0.0	0.0	0.0	0.0	0.0	7.0	8.0	0.0	0.0	0.0	32.0	0.0	0.0	0.0	0.0	160.0	0.0	0.0	853.0	0.0	0.0	0.0	0.0	0.0	378.0	37.0	0.0	0.0	0.0	0.0	20.0	4.0	10.0	316.0	0.0	0.0	0.0	1.0	0.0	88.0	0.0	0.0	0.0	2.0	0.0	0.0	0.0	0.0	23.0	5.0	0.0	0.0	3.0	0.0	0.0	1.0	0.0	13.0	0.0	0.0	0.0	0.0	12.0	0.0	15.0	0.0	0.0	0.0	0.0	0.0	0.0	9.0	0.0	0.0	0.0	0.0	8.0	3.0	0.0	0.0	0.0	0.0	2.0	38.0	0.0	0.0	0.0	0.0	0.0	0.0	0.0	1.0	0.0	222.0	13.0	5.0	0.0	0.0	6.0	0.0	0.0	0.0	0.0	0.0	0.0	22.0	0.0	61.0	0.0	7.0	0.0	6.0	0.0	0.0	0.0	41.0	0.0	0.0	0.0	0.0	12.0	4.0	9.0	0.0	0.0	0.0	2.0	0.0	0.0	0.0	0.0	78.0	0.0	6.0	0.0	70.0	15.0	0.0	0.0	0.0	0.0	42.0	6.0	0.0	0.0	0.0	0.0	0.0	39.0	0.0	0.0	0.0	0.0	5.0	0.0	65.0	0.0	0.0	0.0	0.0	0.0	32.0	0.0	0.0	11.0	0.0	0.0	12.0	0.0	0.0	14.0	0.0	0.0	0.0	11.0	0.0	7.0	11.0	0.0	0.0	0.0	0.0	0.0	8.0	0.0	0.0	0.0	2.0	0.0	0.0	0.0	0.0	33.0	0.0	0.0	0.0	4.0	0.0	0.0	0.0	0.0	0.0	0.0	0.0	22.0	0.0	0.0	17.0	3.0	0.0	15.0	0.0	0.0	0.0	0.0	37.0	0.0	0.0	0.0	0.0	0.0	0.0	0.0	0.0	102.0	0.0	0.0	0.0	0.0	0.0	0.0	73.0	0.0	0.0	1.0	0.0	0.0	25.0	0.0	24.0	18.0	6.0	9.0	0.0	754.0	0.0	0.0	0.0	0.0	12.0	23.0	0.0	0.0	17.0	0.0	0.0	0.0	0.0	0.0	0.0	0.0	0.0	0.0	0.0	7.0	37.0	0.0	13.0	4.0	0.0	26.0	4.0	0.0	0.0	0.0	0.0	12.0	0.0	8.0	0.0	0.0	0.0	42.0	0.0	52.0	0.0	0.0	0.0	10.0	0.0	0.0	0.0	0.0	0.0	0.0	0.0	0.0	0.0	0.0	99.0	0.0	15.0	0.0	0.0	0.0	0.0	1.0	0.0	0.0	2.0	0.0	21.0	0.0	0.0	0.0	0.0	3.0	0.0	0.0	0.0	0.0	0.0	0.0	0.0	12.0	7.0	14.0	0.0	0.0	0.0	0.0	0.0	16.0	0.0	1.0	5.0	149.0	0.0	0.0	0.0	9.0	0.0	0.0	2.0	0.0	0.0	39.0	0.0	0.0	28.0	1.0	0.0	8.0	0.0	0.0	0.0	5.0	1.0	0.0	5.0	0.0	0.0	0.0	0.0	0.0	0.0	0.0	0.0	6.0	0.0	0.0	67.0	0.0	183.0	3.0	0.0	33.0	5.0	0.0	0.0	0.0	43.0	35.0	7.0	0.0	0.0	0.0	0.0	0.0	26.0	0.0	0.0	5.0	10.0	179.0	0.0	0.0	23.0	0.0	16.0	0.0	0.0	0.0	12.0	0.0	0.0	0.0	0.0	0.0	0.0	0.0	0.0	0.0	112.0	0.0	25.0	23.0	0.0	9.0	0.0	0.0	0.0	1.0	0.0	0.0	0.0	0.0	0.0	0.0	0.0	22.0	5.0	0.0	0.0	0.0	0.0	0.0	0.0	29.0	0.0	0.0	0.0	0.0	0.0	0.0	12.0	0.0	8.0	0.0	4.0	0.0	17.0	0.0	0.0	0.0	0.0	0.0
s__Bacteroides ovatus (7)	0.0	0.0	10.0	0.0	2.0	0.0	0.0	0.0	29.0	54.0	0.0	0.0	0.0	0.0	7.0	0.0	0.0	0.0	0.0	0.0	0.0	0.0	0.0	0.0	0.0	0.0	0.0	0.0	0.0	0.0	0.0	0.0	0.0	0.0	0.0	0.0	0.0	0.0	0.0	0.0	0.0	0.0	0.0	0.0	0.0	0.0	0.0	0.0	0.0	0.0	0.0	0.0	0.0	0.0	0.0	0.0	0.0	0.0	8.0	0.0	0.0	0.0	0.0	0.0	0.0	0.0	0.0	0.0	0.0	0.0	0.0	0.0	0.0	0.0	0.0	0.0	0.0	0.0	0.0	0.0	0.0	2.0	246.0	0.0	0.0	0.0	12.0	0.0	0.0	0.0	5.0	0.0	0.0	0.0	0.0	0.0	0.0	0.0	0.0	0.0	0.0	0.0	0.0	0.0	0.0	0.0	4.0	0.0	0.0	0.0	0.0	0.0	0.0	0.0	0.0	0.0	0.0	0.0	0.0	0.0	0.0	0.0	0.0	20.0	1.0	0.0	0.0	0.0	0.0	0.0	0.0	1.0	0.0	0.0	203.0	0.0	0.0	41.0	0.0	0.0	0.0	0.0	0.0	0.0	0.0	0.0	0.0	0.0	0.0	0.0	0.0	0.0	37.0	1.0	2.0	9.0	0.0	0.0	0.0	0.0	0.0	0.0	0.0	0.0	0.0	0.0	0.0	4.0	0.0	0.0	0.0	0.0	0.0	0.0	0.0	0.0	0.0	0.0	0.0	0.0	0.0	0.0	54.0	0.0	0.0	0.0	0.0	0.0	0.0	0.0	0.0	0.0	0.0	5.0	0.0	0.0	0.0	0.0	0.0	0.0	0.0	0.0	16.0	0.0	0.0	0.0	21.0	0.0	0.0	0.0	0.0	34.0	0.0	0.0	0.0	0.0	0.0	8.0	0.0	0.0	0.0	0.0	1.0	0.0	0.0	0.0	0.0	0.0	0.0	0.0	0.0	0.0	0.0	0.0	0.0	0.0	0.0	0.0	0.0	0.0	0.0	0.0	0.0	70.0	0.0	0.0	0.0	0.0	0.0	0.0	0.0	0.0	0.0	0.0	0.0	0.0	0.0	0.0	0.0	0.0	0.0	0.0	0.0	0.0	0.0	0.0	0.0	0.0	9.0	0.0	0.0	0.0	0.0	0.0	0.0	0.0	0.0	0.0	13.0	0.0	1.0	0.0	0.0	0.0	0.0	0.0	0.0	0.0	0.0	0.0	0.0	0.0	0.0	0.0	0.0	1.0	0.0	0.0	0.0	0.0	0.0	0.0	0.0	0.0	0.0	0.0	0.0	0.0	0.0	0.0	0.0	0.0	0.0	0.0	0.0	0.0	4.0	0.0	0.0	0.0	0.0	0.0	0.0	0.0	0.0	0.0	0.0	0.0	0.0	0.0	0.0	0.0	0.0	0.0	0.0	0.0	14.0	0.0	0.0	0.0	0.0	0.0	0.0	0.0	0.0	0.0	0.0	0.0	0.0	0.0	0.0	0.0	0.0	0.0	0.0	0.0	0.0	90.0	0.0	0.0	0.0	0.0	0.0	0.0	14.0	5.0	0.0	0.0	0.0	0.0	0.0	0.0	0.0	0.0	32.0	0.0	0.0	8.0	32.0	0.0	0.0	0.0	0.0	0.0	0.0	0.0	71.0	0.0	0.0	0.0	0.0	0.0	0.0	0.0	0.0	0.0	0.0	0.0	6.0	0.0	0.0	0.0	0.0	0.0	0.0	0.0	0.0	0.0	11.0	0.0	0.0	0.0	0.0	163.0	0.0	3.0	0.0	67.0	0.0	0.0	0.0	0.0	0.0	0.0	0.0	0.0	45.0	0.0	0.0	0.0	0.0	17.0	0.0	0.0	0.0	0.0	0.0	0.0	0.0	0.0	0.0	0.0	0.0	0.0	5.0	0.0	0.0	0.0	0.0	0.0	0.0	0.0	0.0	0.0	0.0	0.0	0.0	0.0	0.0	0.0	0.0	0.0	0.0	0.0	0.0	7.0	0.0	0.0	0.0	0.0	0.0	0.0	0.0	0.0	0.0	0.0	0.0	0.0	2.0	0.0	0.0	0.0	0.0
s__Bacteroides ovatus (6)	0.0	0.0	0.0	0.0	0.0	0.0	2.0	0.0	0.0	0.0	9.0	0.0	0.0	45.0	13.0	0.0	5.0	0.0	0.0	0.0	145.0	0.0	0.0	0.0	0.0	2.0	0.0	0.0	0.0	0.0	0.0	0.0	2.0	0.0	0.0	0.0	0.0	0.0	6.0	0.0	8.0	17.0	4.0	0.0	0.0	0.0	0.0	5.0	0.0	8.0	71.0	0.0	0.0	0.0	1.0	0.0	7.0	0.0	0.0	0.0	0.0	0.0	0.0	0.0	0.0	0.0	0.0	0.0	7.0	0.0	0.0	0.0	0.0	0.0	0.0	0.0	0.0	0.0	0.0	15.0	7.0	0.0	0.0	0.0	0.0	0.0	0.0	0.0	6.0	0.0	191.0	0.0	0.0	0.0	1.0	0.0	0.0	0.0	0.0	0.0	0.0	0.0	0.0	0.0	0.0	0.0	0.0	0.0	0.0	0.0	0.0	0.0	0.0	0.0	0.0	10.0	0.0	0.0	0.0	0.0	0.0	0.0	0.0	22.0	0.0	0.0	0.0	0.0	0.0	0.0	0.0	0.0	0.0	0.0	0.0	0.0	0.0	0.0	0.0	0.0	0.0	0.0	0.0	0.0	0.0	0.0	12.0	0.0	0.0	0.0	0.0	0.0	0.0	0.0	0.0	0.0	0.0	0.0	0.0	0.0	0.0	10.0	0.0	0.0	0.0	0.0	0.0	0.0	0.0	0.0	0.0	0.0	0.0	0.0	0.0	0.0	0.0	0.0	0.0	0.0	0.0	0.0	0.0	0.0	4.0	0.0	0.0	3.0	0.0	0.0	0.0	0.0	0.0	0.0	0.0	0.0	6.0	0.0	0.0	0.0	0.0	0.0	0.0	9.0	0.0	0.0	0.0	0.0	0.0	0.0	0.0	0.0	0.0	0.0	0.0	30.0	2.0	0.0	0.0	5.0	0.0	0.0	0.0	0.0	0.0	3.0	0.0	0.0	0.0	0.0	0.0	0.0	0.0	0.0	0.0	0.0	4.0	0.0	0.0	0.0	0.0	0.0	0.0	0.0	0.0	0.0	15.0	0.0	17.0	0.0	3.0	0.0	0.0	0.0	0.0	0.0	0.0	175.0	0.0	0.0	0.0	3.0	0.0	0.0	0.0	0.0	0.0	0.0	0.0	0.0	0.0	0.0	0.0	0.0	0.0	0.0	0.0	0.0	9.0	0.0	0.0	0.0	6.0	89.0	0.0	0.0	0.0	0.0	0.0	0.0	0.0	0.0	0.0	0.0	0.0	0.0	5.0	0.0	0.0	0.0	0.0	0.0	12.0	0.0	0.0	0.0	0.0	0.0	0.0	0.0	0.0	0.0	0.0	0.0	0.0	0.0	34.0	0.0	0.0	0.0	0.0	0.0	4.0	0.0	21.0	7.0	18.0	0.0	0.0	0.0	0.0	0.0	0.0	0.0	0.0	0.0	0.0	0.0	0.0	0.0	0.0	0.0	0.0	0.0	0.0	0.0	0.0	79.0	39.0	0.0	0.0	0.0	0.0	0.0	0.0	0.0	0.0	0.0	0.0	0.0	0.0	0.0	0.0	0.0	0.0	0.0	0.0	0.0	0.0	0.0	0.0	0.0	0.0	0.0	7.0	0.0	8.0	0.0	0.0	0.0	0.0	63.0	0.0	0.0	32.0	0.0	0.0	0.0	0.0	0.0	0.0	0.0	0.0	10.0	8.0	0.0	0.0	0.0	0.0	0.0	0.0	0.0	0.0	0.0	0.0	0.0	0.0	0.0	0.0	2.0	16.0	11.0	0.0	0.0	0.0	0.0	0.0	0.0	0.0	0.0	41.0	5.0	0.0	0.0	0.0	0.0	32.0	0.0	0.0	0.0	0.0	0.0	0.0	0.0	20.0	0.0	0.0	0.0	0.0	0.0	0.0	0.0	0.0	0.0	0.0	0.0	0.0	0.0	0.0	0.0	0.0	0.0	0.0	0.0	13.0	0.0	0.0	0.0	0.0	0.0	6.0	8.0	0.0	0.0	0.0	0.0	0.0	0.0	12.0	180.0	0.0	0.0	0.0	0.0	0.0	0.0	23.0	0.0	0.0	0.0	0.0	0.0	0.0
s__Bacteroides ovatus (1)	4.0	0.0	0.0	0.0	0.0	0.0	0.0	0.0	29.0	15.0	0.0	0.0	0.0	98.0	27.0	0.0	1.0	0.0	0.0	0.0	33.0	0.0	0.0	0.0	4.0	2.0	0.0	0.0	0.0	0.0	0.0	0.0	9.0	0.0	0.0	27.0	0.0	5.0	2.0	1.0	79.0	3.0	1.0	2.0	0.0	0.0	0.0	0.0	2.0	19.0	272.0	0.0	0.0	2.0	32.0	0.0	4.0	1.0	0.0	0.0	0.0	0.0	14.0	0.0	0.0	0.0	0.0	0.0	1.0	0.0	0.0	0.0	0.0	0.0	219.0	0.0	0.0	0.0	0.0	76.0	15.0	0.0	0.0	0.0	0.0	0.0	0.0	0.0	0.0	0.0	21.0	0.0	0.0	0.0	190.0	0.0	0.0	0.0	0.0	0.0	21.0	0.0	0.0	0.0	0.0	0.0	200.0	0.0	0.0	7.0	0.0	0.0	0.0	0.0	0.0	0.0	0.0	322.0	7.0	5.0	0.0	0.0	58.0	12.0	0.0	0.0	0.0	0.0	1.0	0.0	0.0	0.0	0.0	0.0	1.0	3.0	0.0	44.0	0.0	0.0	0.0	1.0	0.0	0.0	0.0	0.0	3.0	0.0	1.0	0.0	0.0	0.0	0.0	0.0	0.0	1.0	0.0	0.0	11.0	0.0	0.0	17.0	0.0	0.0	0.0	0.0	6.0	2.0	0.0	0.0	0.0	0.0	0.0	0.0	0.0	108.0	0.0	0.0	0.0	0.0	0.0	0.0	3.0	0.0	0.0	0.0	0.0	0.0	0.0	0.0	3.0	0.0	0.0	1.0	79.0	0.0	2.0	4.0	24.0	0.0	5.0	0.0	0.0	73.0	0.0	5.0	0.0	0.0	0.0	0.0	0.0	3.0	0.0	0.0	0.0	63.0	2.0	0.0	0.0	141.0	0.0	0.0	0.0	0.0	0.0	7.0	0.0	34.0	0.0	0.0	2.0	0.0	0.0	0.0	9.0	0.0	18.0	0.0	3.0	0.0	0.0	6.0	0.0	93.0	0.0	0.0	230.0	0.0	6.0	0.0	0.0	0.0	11.0	2.0	0.0	4.0	0.0	933.0	1157.0	0.0	0.0	5.0	0.0	4.0	0.0	5.0	0.0	0.0	0.0	0.0	6.0	0.0	0.0	0.0	0.0	3.0	4.0	0.0	3.0	4.0	0.0	0.0	0.0	89.0	0.0	0.0	0.0	0.0	0.0	1.0	9.0	0.0	0.0	8.0	0.0	0.0	11.0	0.0	0.0	0.0	0.0	0.0	5.0	0.0	0.0	4.0	3.0	0.0	0.0	0.0	5.0	0.0	0.0	0.0	6.0	0.0	17.0	0.0	129.0	0.0	0.0	0.0	0.0	4.0	4.0	0.0	0.0	0.0	0.0	0.0	0.0	0.0	4.0	0.0	0.0	0.0	192.0	5.0	125.0	0.0	5.0	0.0	0.0	0.0	7.0	0.0	0.0	72.0	188.0	0.0	0.0	0.0	0.0	0.0	0.0	0.0	1.0	0.0	21.0	0.0	0.0	0.0	0.0	1.0	0.0	0.0	0.0	0.0	0.0	0.0	0.0	0.0	0.0	0.0	20.0	0.0	0.0	0.0	0.0	0.0	0.0	6.0	3.0	0.0	49.0	0.0	0.0	0.0	0.0	0.0	0.0	0.0	0.0	0.0	29.0	0.0	3.0	0.0	587.0	0.0	0.0	0.0	0.0	0.0	0.0	4.0	0.0	13.0	17.0	8.0	0.0	2.0	0.0	1.0	0.0	5.0	0.0	0.0	0.0	7.0	1.0	10.0	0.0	0.0	0.0	29.0	9.0	0.0	0.0	0.0	0.0	0.0	0.0	0.0	1.0	0.0	0.0	0.0	0.0	4.0	0.0	3.0	0.0	0.0	0.0	16.0	1.0	0.0	0.0	0.0	0.0	0.0	0.0	0.0	0.0	0.0	1.0	0.0	0.0	0.0	92.0	26.0	0.0	0.0	0.0	0.0	0.0	0.0	0.0	279.0	0.0	0.0	116.0	5.0	0.0	0.0	0.0	0.0	0.0	0.0	0.0	4.0	0.0
s__Bacteroides ovatus (2)	0.0	0.0	0.0	1.0	0.0	0.0	5.0	0.0	66.0	0.0	198.0	0.0	0.0	25.0	6.0	0.0	10.0	0.0	0.0	0.0	108.0	3.0	0.0	0.0	29.0	11.0	47.0	0.0	0.0	0.0	0.0	0.0	24.0	0.0	0.0	163.0	0.0	148.0	9.0	144.0	70.0	27.0	16.0	7.0	0.0	0.0	0.0	13.0	0.0	0.0	264.0	0.0	1.0	9.0	87.0	0.0	27.0	0.0	0.0	0.0	7.0	0.0	199.0	0.0	0.0	0.0	0.0	0.0	33.0	2.0	0.0	0.0	0.0	0.0	0.0	5.0	0.0	0.0	0.0	55.0	6.0	0.0	0.0	4.0	0.0	0.0	0.0	0.0	2.0	0.0	32.0	0.0	0.0	0.0	0.0	0.0	0.0	6.0	52.0	0.0	0.0	0.0	0.0	0.0	0.0	0.0	180.0	0.0	2.0	4.0	0.0	0.0	0.0	0.0	0.0	0.0	0.0	0.0	0.0	2.0	18.0	0.0	15.0	11.0	0.0	0.0	0.0	0.0	2.0	0.0	6.0	22.0	0.0	0.0	5.0	0.0	0.0	0.0	0.0	0.0	0.0	0.0	0.0	0.0	0.0	0.0	37.0	7.0	0.0	0.0	0.0	0.0	0.0	0.0	0.0	2.0	0.0	0.0	0.0	8.0	1.0	0.0	0.0	0.0	0.0	0.0	7.0	17.0	4.0	0.0	0.0	1.0	0.0	0.0	38.0	29.0	0.0	0.0	0.0	0.0	0.0	0.0	7.0	0.0	0.0	0.0	0.0	63.0	0.0	0.0	4.0	0.0	0.0	4.0	41.0	0.0	12.0	0.0	2.0	0.0	0.0	1.0	9.0	0.0	0.0	0.0	0.0	3.0	0.0	2.0	0.0	0.0	0.0	0.0	0.0	244.0	0.0	0.0	4.0	19.0	3.0	0.0	0.0	0.0	0.0	6.0	78.0	124.0	0.0	0.0	0.0	0.0	0.0	5.0	5.0	0.0	1.0	0.0	0.0	0.0	8.0	15.0	0.0	0.0	0.0	0.0	0.0	0.0	54.0	0.0	8.0	0.0	0.0	0.0	0.0	0.0	9.0	0.0	0.0	0.0	0.0	7.0	0.0	0.0	6.0	0.0	3.0	3.0	0.0	0.0	20.0	0.0	0.0	1.0	0.0	0.0	6.0	0.0	8.0	1.0	0.0	0.0	5.0	477.0	0.0	0.0	0.0	0.0	0.0	0.0	9.0	20.0	0.0	7.0	2.0	0.0	20.0	0.0	0.0	0.0	0.0	0.0	0.0	0.0	0.0	0.0	0.0	0.0	3.0	0.0	0.0	0.0	0.0	0.0	0.0	0.0	0.0	0.0	19.0	0.0	0.0	0.0	11.0	6.0	28.0	0.0	52.0	0.0	0.0	0.0	1008.0	0.0	7.0	0.0	0.0	0.0	555.0	0.0	45.0	0.0	0.0	0.0	0.0	0.0	0.0	0.0	0.0	251.0	0.0	0.0	11.0	0.0	0.0	0.0	0.0	0.0	0.0	0.0	25.0	0.0	0.0	0.0	7.0	0.0	0.0	0.0	0.0	0.0	0.0	11.0	0.0	0.0	3.0	0.0	0.0	0.0	8.0	0.0	0.0	0.0	1.0	430.0	2.0	0.0	56.0	0.0	0.0	0.0	0.0	0.0	0.0	0.0	0.0	40.0	0.0	0.0	2.0	0.0	181.0	0.0	0.0	0.0	0.0	0.0	0.0	0.0	19.0	0.0	0.0	19.0	0.0	5.0	0.0	4.0	0.0	0.0	0.0	0.0	0.0	0.0	33.0	0.0	0.0	0.0	0.0	78.0	139.0	5.0	0.0	7.0	0.0	0.0	0.0	9.0	6.0	0.0	0.0	0.0	0.0	0.0	0.0	5.0	0.0	0.0	0.0	0.0	0.0	0.0	2.0	0.0	0.0	0.0	0.0	2.0	19.0	0.0	1.0	0.0	0.0	0.0	0.0	14.0	0.0	17.0	23.0	0.0	0.0	0.0	2.0	0.0	0.0	0.0	0.0	0.0	17.0	8.0	19.0	0.0	0.0	0.0	3.0	0.0	0.0
s__Bacteroides ovatus (3)	0.0	0.0	0.0	0.0	0.0	0.0	187.0	0.0	0.0	0.0	0.0	0.0	0.0	0.0	0.0	0.0	10.0	0.0	0.0	0.0	49.0	0.0	0.0	0.0	0.0	0.0	0.0	0.0	0.0	0.0	0.0	0.0	0.0	0.0	0.0	117.0	0.0	0.0	2.0	7.0	27.0	20.0	4.0	0.0	0.0	0.0	0.0	0.0	0.0	0.0	0.0	0.0	10.0	0.0	25.0	0.0	0.0	0.0	0.0	0.0	7.0	0.0	0.0	0.0	0.0	0.0	0.0	0.0	47.0	1.0	0.0	0.0	0.0	0.0	0.0	0.0	0.0	0.0	0.0	0.0	0.0	0.0	0.0	0.0	0.0	0.0	0.0	0.0	0.0	0.0	202.0	0.0	0.0	0.0	0.0	0.0	0.0	0.0	0.0	0.0	0.0	0.0	0.0	0.0	0.0	0.0	0.0	0.0	0.0	0.0	0.0	0.0	0.0	0.0	0.0	62.0	0.0	0.0	0.0	7.0	0.0	0.0	0.0	0.0	0.0	0.0	0.0	0.0	5.0	0.0	0.0	5.0	0.0	0.0	18.0	0.0	0.0	0.0	0.0	0.0	0.0	0.0	0.0	0.0	0.0	0.0	26.0	1.0	0.0	0.0	0.0	0.0	0.0	0.0	0.0	0.0	0.0	0.0	0.0	0.0	0.0	0.0	0.0	0.0	0.0	0.0	0.0	1.0	0.0	0.0	0.0	1.0	4.0	0.0	0.0	0.0	0.0	0.0	0.0	0.0	0.0	0.0	0.0	0.0	16.0	0.0	0.0	40.0	5.0	0.0	0.0	0.0	0.0	0.0	0.0	0.0	7.0	0.0	0.0	0.0	0.0	4.0	0.0	0.0	0.0	0.0	0.0	1.0	0.0	0.0	0.0	0.0	0.0	0.0	0.0	0.0	3.0	0.0	14.0	0.0	0.0	0.0	0.0	0.0	0.0	0.0	3.0	44.0	0.0	0.0	0.0	0.0	0.0	0.0	7.0	0.0	12.0	0.0	0.0	0.0	0.0	8.0	0.0	0.0	0.0	0.0	0.0	0.0	195.0	0.0	0.0	0.0	0.0	0.0	0.0	0.0	0.0	0.0	0.0	0.0	0.0	0.0	0.0	0.0	0.0	2.0	0.0	0.0	0.0	1391.0	0.0	0.0	0.0	0.0	1.0	0.0	0.0	0.0	0.0	0.0	0.0	0.0	0.0	0.0	0.0	0.0	0.0	0.0	0.0	11.0	0.0	0.0	0.0	0.0	2.0	0.0	0.0	0.0	0.0	0.0	0.0	0.0	2.0	0.0	0.0	0.0	0.0	0.0	0.0	0.0	0.0	0.0	0.0	0.0	0.0	0.0	0.0	0.0	0.0	0.0	0.0	0.0	0.0	0.0	0.0	0.0	108.0	0.0	0.0	0.0	0.0	0.0	0.0	0.0	0.0	0.0	0.0	0.0	0.0	7.0	0.0	7.0	0.0	0.0	0.0	0.0	0.0	498.0	64.0	0.0	0.0	0.0	0.0	0.0	0.0	0.0	5.0	0.0	0.0	0.0	0.0	1.0	0.0	0.0	0.0	0.0	0.0	0.0	0.0	0.0	0.0	0.0	0.0	0.0	0.0	0.0	0.0	0.0	0.0	0.0	1.0	34.0	0.0	0.0	53.0	0.0	0.0	0.0	0.0	23.0	0.0	8.0	0.0	0.0	0.0	0.0	27.0	0.0	71.0	0.0	0.0	0.0	0.0	0.0	0.0	0.0	10.0	0.0	0.0	0.0	46.0	6.0	0.0	16.0	0.0	0.0	0.0	0.0	0.0	28.0	17.0	0.0	0.0	0.0	0.0	61.0	0.0	2.0	0.0	3.0	0.0	0.0	0.0	4.0	12.0	0.0	0.0	0.0	0.0	0.0	0.0	0.0	0.0	0.0	0.0	8.0	0.0	0.0	0.0	0.0	0.0	0.0	9.0	0.0	0.0	0.0	6.0	0.0	0.0	0.0	0.0	0.0	0.0	9.0	12.0	0.0	0.0	0.0	2.0	0.0	0.0	0.0	0.0	0.0	32.0	5.0	4.0	0.0	0.0	0.0	0.0	0.0	0.0
s__Phocaeicola coprocola (2)	0.0	0.0	0.0	0.0	0.0	0.0	0.0	0.0	0.0	0.0	0.0	0.0	0.0	0.0	0.0	0.0	843.0	0.0	0.0	0.0	0.0	134.0	0.0	0.0	0.0	0.0	0.0	1230.0	0.0	0.0	0.0	22.0	38.0	0.0	0.0	0.0	0.0	0.0	0.0	0.0	199.0	0.0	0.0	68.0	0.0	0.0	0.0	0.0	0.0	0.0	0.0	51.0	26.0	0.0	3.0	0.0	0.0	0.0	0.0	0.0	0.0	0.0	0.0	0.0	0.0	0.0	0.0	0.0	0.0	0.0	0.0	0.0	32.0	0.0	0.0	0.0	0.0	0.0	0.0	0.0	0.0	0.0	0.0	1.0	0.0	0.0	0.0	0.0	0.0	0.0	0.0	0.0	0.0	0.0	0.0	0.0	0.0	0.0	0.0	151.0	0.0	0.0	0.0	0.0	0.0	0.0	0.0	0.0	0.0	0.0	0.0	0.0	0.0	0.0	0.0	0.0	0.0	0.0	0.0	200.0	0.0	0.0	0.0	0.0	0.0	0.0	0.0	0.0	0.0	64.0	49.0	254.0	0.0	0.0	0.0	97.0	0.0	0.0	0.0	0.0	0.0	0.0	0.0	0.0	0.0	0.0	0.0	337.0	0.0	0.0	0.0	0.0	0.0	0.0	0.0	0.0	0.0	0.0	0.0	0.0	0.0	0.0	0.0	0.0	0.0	0.0	0.0	0.0	0.0	0.0	0.0	0.0	161.0	0.0	0.0	0.0	0.0	0.0	0.0	235.0	0.0	0.0	1.0	0.0	0.0	0.0	9.0	0.0	0.0	0.0	0.0	0.0	0.0	0.0	0.0	0.0	0.0	0.0	0.0	0.0	0.0	0.0	0.0	0.0	0.0	0.0	0.0	87.0	5.0	0.0	0.0	0.0	0.0	0.0	0.0	0.0	125.0	0.0	0.0	0.0	0.0	0.0	161.0	0.0	0.0	0.0	0.0	0.0	0.0	0.0	0.0	0.0	0.0	0.0	0.0	0.0	0.0	0.0	0.0	0.0	82.0	256.0	0.0	0.0	0.0	0.0	0.0	0.0	0.0	0.0	432.0	0.0	0.0	0.0	0.0	0.0	0.0	0.0	0.0	0.0	0.0	0.0	0.0	0.0	0.0	0.0	84.0	0.0	166.0	0.0	0.0	157.0	0.0	0.0	3.0	39.0	0.0	0.0	0.0	0.0	0.0	0.0	0.0	0.0	0.0	0.0	0.0	0.0	0.0	0.0	0.0	0.0	0.0	95.0	0.0	0.0	0.0	9.0	0.0	0.0	91.0	0.0	0.0	0.0	0.0	0.0	0.0	0.0	0.0	0.0	409.0	0.0	0.0	0.0	0.0	0.0	0.0	0.0	0.0	0.0	0.0	374.0	0.0	0.0	0.0	0.0	0.0	0.0	0.0	0.0	0.0	0.0	8.0	0.0	0.0	0.0	0.0	0.0	0.0	0.0	0.0	67.0	516.0	0.0	0.0	0.0	0.0	0.0	0.0	0.0	14.0	0.0	0.0	0.0	0.0	0.0	0.0	0.0	0.0	0.0	0.0	0.0	0.0	0.0	0.0	0.0	0.0	0.0	0.0	0.0	0.0	0.0	629.0	0.0	0.0	0.0	0.0	0.0	0.0	0.0	0.0	0.0	0.0	0.0	0.0	0.0	0.0	0.0	0.0	568.0	0.0	0.0	0.0	0.0	0.0	73.0	0.0	0.0	0.0	0.0	280.0	0.0	0.0	0.0	0.0	0.0	0.0	11.0	0.0	107.0	0.0	0.0	0.0	0.0	0.0	0.0	0.0	0.0	0.0	0.0	0.0	0.0	0.0	0.0	0.0	0.0	0.0	0.0	0.0	0.0	0.0	0.0	0.0	0.0	0.0	2.0	0.0	0.0	0.0	406.0	0.0	0.0	0.0	0.0	0.0	0.0	0.0	0.0	0.0	0.0	0.0	0.0	0.0	0.0	0.0	0.0	0.0	212.0	0.0	0.0	0.0	0.0	33.0	683.0	11.0	0.0	0.0	0.0	0.0	0.0	0.0	0.0	0.0	0.0	0.0	0.0	0.0	0.0	0.0	0.0	28.0	19.0	0.0
s__Phocaeicola coprocola (1)	0.0	0.0	0.0	0.0	0.0	0.0	0.0	19.0	0.0	0.0	0.0	198.0	0.0	0.0	0.0	0.0	175.0	0.0	0.0	862.0	0.0	45.0	0.0	0.0	0.0	0.0	0.0	0.0	0.0	1.0	0.0	4.0	83.0	0.0	0.0	0.0	0.0	0.0	0.0	0.0	206.0	0.0	0.0	0.0	0.0	0.0	0.0	0.0	0.0	0.0	0.0	11.0	0.0	0.0	0.0	0.0	0.0	0.0	0.0	0.0	43.0	0.0	0.0	1.0	0.0	0.0	1.0	0.0	0.0	0.0	1.0	0.0	0.0	0.0	0.0	0.0	0.0	0.0	5.0	0.0	0.0	1.0	0.0	0.0	0.0	0.0	0.0	0.0	0.0	0.0	0.0	0.0	0.0	0.0	0.0	0.0	0.0	44.0	0.0	559.0	239.0	0.0	1983.0	0.0	0.0	0.0	0.0	0.0	284.0	0.0	0.0	0.0	0.0	0.0	17.0	0.0	0.0	0.0	0.0	92.0	0.0	0.0	0.0	0.0	0.0	0.0	0.0	0.0	25.0	23.0	0.0	240.0	0.0	0.0	0.0	18.0	0.0	0.0	0.0	0.0	0.0	0.0	0.0	0.0	0.0	0.0	0.0	0.0	1.0	0.0	0.0	0.0	0.0	0.0	0.0	0.0	0.0	0.0	0.0	0.0	33.0	0.0	0.0	0.0	0.0	0.0	0.0	0.0	0.0	0.0	0.0	0.0	91.0	0.0	0.0	0.0	0.0	0.0	0.0	116.0	64.0	0.0	0.0	0.0	0.0	0.0	0.0	0.0	0.0	1.0	0.0	1.0	0.0	0.0	0.0	25.0	0.0	0.0	1.0	0.0	10.0	0.0	0.0	0.0	0.0	0.0	0.0	0.0	0.0	0.0	0.0	0.0	0.0	641.0	0.0	0.0	66.0	0.0	0.0	0.0	0.0	0.0	26.0	0.0	2.0	0.0	0.0	0.0	0.0	0.0	0.0	0.0	0.0	0.0	0.0	0.0	0.0	0.0	0.0	0.0	105.0	0.0	0.0	0.0	0.0	14.0	0.0	0.0	0.0	0.0	0.0	0.0	0.0	0.0	718.0	0.0	0.0	0.0	0.0	0.0	0.0	0.0	0.0	0.0	0.0	0.0	0.0	0.0	74.0	0.0	0.0	270.0	0.0	0.0	0.0	0.0	1.0	0.0	435.0	0.0	0.0	0.0	0.0	0.0	0.0	0.0	0.0	0.0	0.0	0.0	37.0	0.0	0.0	35.0	0.0	0.0	0.0	0.0	0.0	0.0	21.0	0.0	0.0	0.0	0.0	0.0	0.0	0.0	0.0	0.0	377.0	0.0	0.0	0.0	0.0	0.0	0.0	0.0	0.0	0.0	0.0	0.0	0.0	0.0	0.0	0.0	0.0	0.0	0.0	0.0	0.0	0.0	0.0	0.0	0.0	0.0	0.0	0.0	0.0	0.0	0.0	41.0	0.0	0.0	0.0	0.0	5.0	0.0	0.0	0.0	100.0	0.0	0.0	0.0	0.0	0.0	0.0	0.0	0.0	0.0	0.0	0.0	0.0	3.0	0.0	0.0	0.0	0.0	0.0	0.0	0.0	0.0	303.0	9.0	0.0	0.0	0.0	0.0	0.0	0.0	635.0	0.0	0.0	0.0	0.0	0.0	0.0	0.0	0.0	69.0	2.0	0.0	0.0	0.0	0.0	0.0	0.0	0.0	0.0	0.0	0.0	0.0	0.0	0.0	0.0	0.0	0.0	9.0	0.0	33.0	0.0	0.0	0.0	1.0	0.0	0.0	3.0	0.0	197.0	0.0	0.0	0.0	0.0	0.0	3.0	0.0	0.0	0.0	0.0	0.0	0.0	0.0	0.0	0.0	0.0	0.0	0.0	0.0	0.0	69.0	0.0	318.0	0.0	71.0	3.0	3.0	0.0	0.0	0.0	1.0	0.0	3.0	0.0	0.0	0.0	0.0	0.0	92.0	0.0	0.0	0.0	0.0	19.0	341.0	3.0	0.0	0.0	0.0	0.0	0.0	0.0	0.0	0.0	282.0	0.0	0.0	0.0	0.0	0.0	0.0	0.0	0.0	0.0
s__Phocaeicola vulgatus (2)	35.0	0.0	88.0	0.0	13.0	0.0	10.0	0.0	0.0	49.0	82.0	92.0	135.0	0.0	1751.0	0.0	306.0	0.0	8.0	125.0	1192.0	32.0	0.0	0.0	0.0	16.0	0.0	150.0	0.0	0.0	0.0	16.0	95.0	0.0	0.0	0.0	39.0	0.0	759.0	0.0	206.0	756.0	59.0	91.0	0.0	0.0	107.0	432.0	0.0	0.0	963.0	14.0	113.0	28.0	0.0	0.0	0.0	0.0	13.0	0.0	82.0	0.0	0.0	3.0	0.0	759.0	0.0	0.0	212.0	43.0	4.0	0.0	0.0	9.0	0.0	44.0	0.0	0.0	113.0	14.0	64.0	9.0	0.0	0.0	0.0	0.0	91.0	0.0	23.0	267.0	0.0	0.0	600.0	0.0	0.0	0.0	0.0	66.0	17.0	0.0	45.0	0.0	0.0	0.0	2.0	0.0	2.0	79.0	0.0	0.0	6.0	0.0	2.0	3.0	5.0	0.0	0.0	0.0	0.0	65.0	57.0	0.0	0.0	345.0	46.0	688.0	0.0	192.0	17.0	4.0	432.0	74.0	0.0	154.0	213.0	0.0	1.0	415.0	0.0	0.0	0.0	12.0	0.0	846.0	0.0	0.0	482.0	59.0	9.0	0.0	4.0	0.0	701.0	271.0	0.0	90.0	0.0	4.0	22.0	39.0	29.0	76.0	0.0	2.0	0.0	8.0	15.0	83.0	19.0	0.0	11.0	0.0	41.0	561.0	37.0	0.0	0.0	4.0	0.0	16.0	0.0	173.0	0.0	1004.0	0.0	0.0	2.0	154.0	752.0	57.0	0.0	0.0	0.0	23.0	0.0	64.0	508.0	0.0	0.0	0.0	0.0	1060.0	10.0	333.0	0.0	0.0	0.0	123.0	12.0	18.0	0.0	24.0	0.0	62.0	0.0	36.0	215.0	305.0	9.0	0.0	0.0	1.0	69.0	0.0	3.0	59.0	0.0	0.0	2.0	0.0	209.0	381.0	0.0	0.0	490.0	0.0	47.0	0.0	0.0	0.0	0.0	110.0	0.0	0.0	0.0	0.0	0.0	42.0	0.0	0.0	338.0	0.0	25.0	0.0	334.0	0.0	4.0	0.0	0.0	0.0	0.0	334.0	0.0	64.0	6.0	10.0	0.0	0.0	37.0	0.0	0.0	138.0	0.0	98.0	374.0	15.0	12.0	4.0	627.0	600.0	3.0	0.0	316.0	556.0	0.0	0.0	0.0	0.0	414.0	0.0	0.0	16.0	0.0	207.0	164.0	65.0	150.0	21.0	4.0	0.0	5.0	0.0	667.0	0.0	8.0	182.0	47.0	0.0	63.0	114.0	77.0	0.0	0.0	0.0	17.0	0.0	1066.0	237.0	3.0	0.0	0.0	367.0	38.0	0.0	985.0	693.0	185.0	117.0	0.0	26.0	0.0	0.0	19.0	0.0	16.0	0.0	0.0	0.0	0.0	0.0	320.0	95.0	258.0	91.0	0.0	0.0	0.0	1460.0	637.0	0.0	18.0	14.0	0.0	0.0	0.0	891.0	0.0	208.0	0.0	0.0	12.0	24.0	40.0	1689.0	0.0	98.0	0.0	0.0	0.0	0.0	21.0	69.0	77.0	0.0	416.0	28.0	0.0	300.0	398.0	0.0	109.0	893.0	0.0	0.0	177.0	0.0	148.0	2370.0	0.0	0.0	2.0	8.0	0.0	96.0	73.0	2.0	0.0	0.0	0.0	0.0	0.0	1372.0	74.0	11.0	228.0	98.0	183.0	75.0	0.0	402.0	383.0	3439.0	0.0	0.0	0.0	0.0	0.0	663.0	16.0	0.0	1297.0	1.0	0.0	108.0	0.0	0.0	774.0	1314.0	0.0	0.0	0.0	92.0	0.0	5.0	1018.0	0.0	446.0	2.0	0.0	0.0	0.0	129.0	0.0	176.0	62.0	0.0	0.0	9.0	0.0	5.0	0.0	0.0	0.0	97.0	0.0	1.0	325.0	30.0	0.0	30.0	313.0	537.0	374.0	0.0	163.0	0.0	0.0	0.0	978.0	652.0	0.0	324.0	0.0	11.0	0.0	182.0	2006.0	101.0	54.0	0.0	7.0	34.0	0.0
s__Phocaeicola vulgatus (1)	0.0	3.0	56.0	0.0	54.0	0.0	21.0	29.0	0.0	96.0	372.0	51.0	1292.0	1115.0	630.0	0.0	83.0	8.0	14.0	17.0	810.0	64.0	0.0	40.0	0.0	28.0	0.0	0.0	7.0	2.0	0.0	17.0	117.0	1294.0	5.0	0.0	0.0	0.0	165.0	0.0	236.0	293.0	148.0	66.0	3.0	0.0	0.0	0.0	10.0	1396.0	322.0	684.0	0.0	105.0	5.0	1.0	11.0	4.0	9.0	0.0	46.0	0.0	0.0	0.0	0.0	54.0	135.0	0.0	0.0	121.0	0.0	1.0	9.0	0.0	0.0	231.0	0.0	0.0	4.0	264.0	1007.0	0.0	794.0	0.0	0.0	0.0	168.0	0.0	1843.0	237.0	1727.0	3.0	0.0	1074.0	78.0	7.0	0.0	0.0	13.0	0.0	239.0	7.0	246.0	40.0	0.0	0.0	0.0	395.0	128.0	283.0	0.0	0.0	0.0	0.0	0.0	1087.0	0.0	0.0	0.0	89.0	152.0	2244.0	23.0	248.0	20.0	563.0	7.0	372.0	7.0	0.0	356.0	36.0	0.0	0.0	286.0	72.0	0.0	0.0	349.0	4.0	5.0	85.0	0.0	346.0	0.0	434.0	0.0	0.0	6.0	0.0	0.0	17.0	56.0	49.0	0.0	181.0	0.0	0.0	17.0	24.0	0.0	400.0	38.0	0.0	0.0	0.0	37.0	139.0	56.0	0.0	0.0	0.0	14.0	1332.0	41.0	0.0	4.0	0.0	0.0	53.0	30.0	471.0	7.0	187.0	149.0	0.0	0.0	163.0	194.0	105.0	23.0	0.0	0.0	0.0	5.0	62.0	143.0	0.0	3.0	0.0	123.0	252.0	0.0	217.0	0.0	589.0	0.0	0.0	0.0	16.0	49.0	765.0	4.0	0.0	0.0	277.0	117.0	864.0	0.0	49.0	0.0	0.0	187.0	2.0	0.0	769.0	0.0	3.0	0.0	0.0	157.0	0.0	0.0	44.0	66.0	2.0	47.0	1671.0	5.0	0.0	37.0	3.0	0.0	0.0	492.0	0.0	1721.0	159.0	166.0	0.0	209.0	0.0	0.0	0.0	308.0	317.0	0.0	794.0	0.0	11.0	0.0	127.0	60.0	653.0	156.0	67.0	21.0	0.0	29.0	0.0	142.0	89.0	1.0	57.0	763.0	7.0	10.0	0.0	272.0	69.0	0.0	2553.0	0.0	0.0	0.0	0.0	0.0	0.0	596.0	201.0	51.0	17.0	0.0	217.0	7.0	30.0	245.0	10.0	0.0	1.0	11.0	0.0	106.0	0.0	3.0	168.0	0.0	0.0	50.0	55.0	66.0	0.0	1093.0	0.0	57.0	0.0	703.0	0.0	0.0	0.0	10.0	374.0	279.0	0.0	608.0	518.0	927.0	246.0	3822.0	45.0	0.0	2808.0	9.0	2.0	0.0	0.0	2.0	60.0	0.0	431.0	366.0	0.0	0.0	84.0	0.0	1.0	1539.0	0.0	121.0	0.0	29.0	215.0	402.0	15.0	0.0	406.0	219.0	187.0	65.0	0.0	11.0	78.0	66.0	0.0	57.0	61.0	0.0	1.0	462.0	23.0	15.0	14.0	343.0	34.0	314.0	13.0	1686.0	559.0	0.0	4.0	200.0	277.0	0.0	0.0	162.0	10.0	903.0	0.0	3.0	1.0	0.0	831.0	0.0	269.0	0.0	0.0	118.0	0.0	0.0	1.0	257.0	45.0	91.0	0.0	0.0	0.0	54.0	0.0	0.0	262.0	533.0	345.0	0.0	6.0	0.0	0.0	6.0	1889.0	19.0	0.0	2148.0	93.0	300.0	113.0	10.0	0.0	0.0	419.0	0.0	36.0	0.0	82.0	0.0	1.0	648.0	1.0	151.0	0.0	0.0	10.0	0.0	144.0	0.0	0.0	51.0	0.0	0.0	23.0	0.0	0.0	2.0	0.0	220.0	58.0	1707.0	0.0	0.0	22.0	5.0	0.0	498.0	340.0	76.0	43.0	5.0	20.0	0.0	0.0	197.0	642.0	316.0	290.0	0.0	83.0	0.0	259.0	77.0	666.0	778.0	1.0	0.0	24.0	0.0
s__Phocaeicola vulgatus (3)	0.0	0.0	0.0	0.0	0.0	2.0	0.0	0.0	0.0	0.0	3.0	0.0	149.0	512.0	0.0	0.0	0.0	0.0	0.0	0.0	189.0	0.0	0.0	0.0	0.0	0.0	0.0	0.0	0.0	0.0	0.0	0.0	0.0	198.0	0.0	0.0	0.0	0.0	0.0	0.0	316.0	34.0	16.0	0.0	0.0	0.0	0.0	0.0	33.0	0.0	43.0	0.0	0.0	379.0	5.0	0.0	356.0	0.0	0.0	0.0	0.0	4.0	0.0	0.0	0.0	0.0	0.0	0.0	0.0	75.0	0.0	0.0	0.0	0.0	0.0	0.0	0.0	0.0	0.0	23.0	0.0	0.0	17.0	0.0	0.0	0.0	98.0	0.0	378.0	40.0	84.0	0.0	0.0	0.0	2.0	0.0	0.0	0.0	0.0	0.0	0.0	0.0	20.0	0.0	0.0	0.0	0.0	34.0	0.0	58.0	0.0	0.0	0.0	0.0	0.0	0.0	0.0	0.0	38.0	0.0	35.0	0.0	7.0	53.0	0.0	26.0	0.0	0.0	4.0	0.0	0.0	0.0	0.0	0.0	15.0	0.0	0.0	0.0	10.0	0.0	0.0	0.0	0.0	40.0	0.0	0.0	0.0	0.0	0.0	0.0	0.0	11.0	0.0	0.0	0.0	11.0	0.0	0.0	0.0	0.0	0.0	0.0	0.0	0.0	0.0	0.0	0.0	0.0	0.0	0.0	0.0	0.0	0.0	0.0	0.0	0.0	0.0	0.0	0.0	110.0	0.0	26.0	0.0	0.0	30.0	0.0	0.0	0.0	77.0	0.0	0.0	0.0	0.0	256.0	0.0	0.0	30.0	0.0	0.0	0.0	0.0	469.0	6.0	17.0	0.0	49.0	0.0	0.0	0.0	0.0	14.0	138.0	0.0	0.0	0.0	143.0	22.0	0.0	0.0	707.0	0.0	0.0	13.0	0.0	0.0	0.0	0.0	0.0	0.0	0.0	0.0	0.0	0.0	7.0	0.0	0.0	104.0	405.0	0.0	0.0	0.0	0.0	0.0	0.0	0.0	0.0	0.0	16.0	118.0	0.0	0.0	0.0	0.0	0.0	10.0	132.0	0.0	0.0	0.0	1.0	0.0	15.0	106.0	65.0	141.0	0.0	0.0	274.0	50.0	0.0	6.0	0.0	0.0	0.0	106.0	0.0	0.0	0.0	52.0	0.0	0.0	0.0	0.0	0.0	0.0	0.0	0.0	0.0	0.0	623.0	0.0	0.0	0.0	41.0	0.0	6.0	0.0	0.0	0.0	0.0	0.0	0.0	0.0	0.0	0.0	28.0	0.0	0.0	119.0	0.0	0.0	0.0	38.0	0.0	30.0	0.0	70.0	29.0	0.0	0.0	0.0	149.0	0.0	0.0	167.0	0.0	188.0	286.0	0.0	0.0	0.0	0.0	0.0	0.0	0.0	0.0	0.0	0.0	0.0	0.0	0.0	0.0	0.0	0.0	0.0	0.0	483.0	0.0	71.0	0.0	0.0	0.0	0.0	11.0	0.0	77.0	0.0	27.0	0.0	0.0	0.0	76.0	10.0	0.0	40.0	0.0	0.0	0.0	0.0	85.0	0.0	0.0	7.0	0.0	22.0	0.0	279.0	0.0	0.0	0.0	79.0	58.0	0.0	0.0	67.0	0.0	0.0	0.0	0.0	0.0	0.0	0.0	0.0	24.0	0.0	0.0	438.0	0.0	0.0	0.0	0.0	0.0	0.0	0.0	0.0	0.0	153.0	0.0	0.0	11.0	97.0	35.0	0.0	0.0	0.0	0.0	0.0	0.0	0.0	0.0	0.0	0.0	278.0	0.0	0.0	0.0	0.0	0.0	0.0	0.0	0.0	0.0	0.0	0.0	156.0	0.0	0.0	0.0	0.0	150.0	0.0	0.0	0.0	0.0	0.0	0.0	0.0	0.0	0.0	0.0	0.0	0.0	57.0	0.0	231.0	0.0	0.0	0.0	0.0	0.0	17.0	53.0	0.0	21.0	21.0	0.0	0.0	0.0	64.0	159.0	47.0	0.0	0.0	0.0	0.0	7.0	87.0	12.0	657.0	0.0	0.0	0.0	7.0
g__Prevotella (2)	0.0	0.0	15.0	74.0	65.0	0.0	0.0	64.0	0.0	0.0	0.0	0.0	0.0	0.0	0.0	0.0	0.0	1687.0	0.0	0.0	0.0	0.0	0.0	0.0	0.0	0.0	0.0	0.0	246.0	0.0	0.0	5.0	272.0	0.0	0.0	0.0	0.0	0.0	0.0	75.0	31.0	0.0	0.0	0.0	0.0	0.0	0.0	0.0	0.0	12.0	0.0	0.0	0.0	0.0	0.0	0.0	0.0	429.0	0.0	205.0	0.0	0.0	0.0	0.0	0.0	200.0	0.0	0.0	0.0	0.0	0.0	0.0	0.0	125.0	0.0	0.0	0.0	0.0	0.0	0.0	0.0	0.0	0.0	0.0	0.0	0.0	0.0	0.0	0.0	0.0	0.0	0.0	0.0	0.0	0.0	0.0	0.0	0.0	0.0	0.0	0.0	0.0	0.0	0.0	0.0	0.0	0.0	0.0	0.0	236.0	0.0	1.0	0.0	0.0	588.0	0.0	0.0	0.0	0.0	0.0	0.0	0.0	27.0	0.0	0.0	0.0	0.0	0.0	32.0	243.0	334.0	0.0	0.0	0.0	0.0	474.0	0.0	0.0	0.0	0.0	0.0	0.0	0.0	0.0	0.0	0.0	0.0	0.0	0.0	0.0	0.0	40.0	0.0	611.0	0.0	0.0	162.0	0.0	0.0	0.0	77.0	0.0	158.0	0.0	0.0	0.0	0.0	0.0	0.0	0.0	348.0	0.0	201.0	0.0	0.0	0.0	0.0	6.0	0.0	0.0	476.0	0.0	0.0	0.0	0.0	815.0	0.0	0.0	0.0	835.0	6.0	0.0	0.0	0.0	0.0	315.0	0.0	0.0	0.0	0.0	3.0	0.0	35.0	0.0	0.0	0.0	0.0	0.0	633.0	0.0	0.0	0.0	0.0	0.0	0.0	0.0	0.0	7.0	0.0	0.0	0.0	874.0	0.0	0.0	0.0	0.0	0.0	0.0	0.0	0.0	0.0	0.0	0.0	0.0	0.0	0.0	107.0	0.0	0.0	0.0	24.0	0.0	0.0	0.0	0.0	591.0	0.0	0.0	0.0	375.0	0.0	0.0	0.0	0.0	0.0	0.0	0.0	0.0	0.0	441.0	0.0	0.0	0.0	0.0	0.0	28.0	0.0	0.0	63.0	0.0	0.0	0.0	1.0	0.0	0.0	200.0	0.0	6.0	0.0	0.0	0.0	0.0	253.0	0.0	0.0	0.0	0.0	0.0	0.0	0.0	1314.0	0.0	0.0	6.0	0.0	0.0	0.0	0.0	0.0	0.0	0.0	0.0	0.0	0.0	88.0	0.0	0.0	0.0	116.0	43.0	0.0	215.0	0.0	0.0	702.0	0.0	2.0	0.0	0.0	0.0	11.0	0.0	0.0	0.0	0.0	0.0	0.0	0.0	0.0	75.0	0.0	0.0	114.0	0.0	164.0	0.0	0.0	81.0	2.0	7.0	84.0	99.0	0.0	0.0	0.0	560.0	0.0	0.0	0.0	0.0	0.0	0.0	0.0	0.0	0.0	0.0	0.0	0.0	0.0	0.0	63.0	1.0	11.0	0.0	86.0	0.0	0.0	0.0	0.0	0.0	0.0	3022.0	0.0	9.0	0.0	0.0	0.0	0.0	0.0	0.0	0.0	0.0	0.0	0.0	0.0	0.0	0.0	0.0	0.0	0.0	0.0	0.0	0.0	3.0	0.0	774.0	0.0	0.0	0.0	0.0	0.0	0.0	152.0	92.0	0.0	94.0	0.0	32.0	0.0	0.0	0.0	0.0	0.0	0.0	0.0	0.0	522.0	0.0	174.0	0.0	0.0	832.0	0.0	0.0	0.0	0.0	0.0	0.0	0.0	137.0	0.0	0.0	0.0	0.0	0.0	0.0	0.0	0.0	0.0	0.0	0.0	120.0	0.0	0.0	0.0	77.0	0.0	814.0	0.0	153.0	0.0	0.0	14.0	0.0	26.0	0.0	0.0	0.0	0.0	32.0	0.0	8.0	0.0	0.0	0.0	0.0	0.0	0.0	0.0	0.0	0.0	0.0	0.0	0.0	0.0	0.0	0.0	0.0	0.0	0.0	340.0	0.0	0.0
s__Phocaeicola dorei (5)	0.0	0.0	0.0	0.0	0.0	0.0	13.0	0.0	0.0	11.0	0.0	0.0	0.0	0.0	0.0	0.0	0.0	0.0	0.0	0.0	24.0	0.0	0.0	0.0	0.0	16.0	0.0	0.0	0.0	0.0	0.0	0.0	0.0	0.0	0.0	0.0	0.0	0.0	0.0	0.0	0.0	0.0	0.0	0.0	0.0	4.0	0.0	0.0	2.0	0.0	0.0	0.0	0.0	18.0	0.0	0.0	0.0	0.0	4.0	0.0	9.0	0.0	0.0	0.0	0.0	0.0	3.0	0.0	0.0	0.0	0.0	0.0	0.0	2.0	0.0	0.0	0.0	0.0	0.0	0.0	0.0	0.0	0.0	0.0	0.0	0.0	0.0	0.0	7.0	0.0	0.0	0.0	0.0	0.0	0.0	0.0	0.0	0.0	0.0	0.0	0.0	0.0	0.0	0.0	0.0	0.0	0.0	0.0	0.0	0.0	0.0	0.0	0.0	0.0	0.0	25.0	0.0	0.0	0.0	1.0	0.0	0.0	2.0	0.0	0.0	0.0	0.0	0.0	0.0	0.0	0.0	8.0	0.0	0.0	0.0	0.0	0.0	0.0	0.0	0.0	0.0	22.0	0.0	0.0	0.0	0.0	0.0	0.0	0.0	0.0	0.0	0.0	0.0	0.0	0.0	6.0	0.0	0.0	0.0	6.0	0.0	0.0	3.0	0.0	0.0	0.0	7.0	0.0	0.0	0.0	0.0	0.0	0.0	44.0	3.0	0.0	0.0	0.0	0.0	0.0	0.0	0.0	0.0	0.0	0.0	0.0	0.0	0.0	0.0	0.0	0.0	0.0	0.0	5.0	0.0	0.0	0.0	0.0	0.0	0.0	0.0	0.0	0.0	0.0	0.0	0.0	0.0	0.0	0.0	0.0	0.0	0.0	0.0	0.0	0.0	0.0	0.0	0.0	12.0	0.0	0.0	0.0	0.0	0.0	0.0	0.0	0.0	0.0	0.0	0.0	0.0	10.0	0.0	4.0	0.0	0.0	0.0	0.0	0.0	0.0	1.0	0.0	0.0	0.0	0.0	9.0	0.0	0.0	0.0	0.0	0.0	0.0	0.0	2.0	0.0	0.0	0.0	0.0	0.0	0.0	0.0	0.0	0.0	0.0	0.0	0.0	0.0	0.0	0.0	0.0	0.0	0.0	0.0	0.0	0.0	0.0	0.0	2.0	0.0	0.0	0.0	0.0	0.0	0.0	0.0	0.0	0.0	0.0	0.0	0.0	0.0	0.0	0.0	0.0	0.0	0.0	0.0	0.0	0.0	0.0	59.0	0.0	0.0	0.0	0.0	0.0	0.0	0.0	6.0	0.0	1.0	0.0	0.0	0.0	0.0	0.0	0.0	0.0	0.0	0.0	0.0	0.0	0.0	0.0	0.0	0.0	0.0	0.0	0.0	0.0	0.0	0.0	0.0	0.0	0.0	0.0	0.0	0.0	0.0	15.0	0.0	0.0	28.0	0.0	0.0	0.0	0.0	0.0	0.0	0.0	0.0	0.0	0.0	0.0	0.0	0.0	1.0	0.0	0.0	0.0	0.0	4.0	0.0	0.0	0.0	0.0	0.0	0.0	0.0	0.0	0.0	0.0	0.0	0.0	0.0	0.0	0.0	0.0	0.0	0.0	0.0	0.0	0.0	0.0	0.0	0.0	0.0	0.0	0.0	0.0	0.0	65.0	0.0	160.0	51.0	0.0	0.0	0.0	0.0	0.0	3.0	0.0	63.0	0.0	0.0	24.0	0.0	0.0	0.0	0.0	0.0	0.0	0.0	0.0	0.0	0.0	0.0	0.0	0.0	0.0	0.0	11.0	0.0	0.0	0.0	0.0	0.0	0.0	0.0	3.0	0.0	12.0	0.0	4.0	0.0	0.0	0.0	0.0	4.0	0.0	0.0	0.0	0.0	0.0	0.0	0.0	0.0	0.0	0.0	0.0	0.0	0.0	0.0	0.0	0.0	0.0	0.0	0.0	0.0	0.0	0.0	0.0	0.0	0.0	0.0	0.0	2.0	0.0	0.0	0.0	0.0	0.0	0.0	2.0	0.0	0.0	0.0	0.0	6.0	0.0	0.0	0.0	0.0
s__Phocaeicola dorei (1)	3.0	1.0	0.0	262.0	0.0	0.0	306.0	0.0	252.0	88.0	0.0	0.0	0.0	0.0	0.0	0.0	0.0	0.0	0.0	0.0	0.0	0.0	0.0	0.0	0.0	26.0	2207.0	0.0	0.0	0.0	0.0	0.0	0.0	0.0	0.0	447.0	0.0	977.0	0.0	684.0	0.0	0.0	0.0	0.0	0.0	0.0	0.0	0.0	16.0	0.0	0.0	0.0	0.0	146.0	0.0	0.0	0.0	0.0	0.0	57.0	353.0	0.0	0.0	0.0	0.0	0.0	0.0	0.0	0.0	0.0	0.0	0.0	0.0	56.0	0.0	0.0	0.0	0.0	0.0	0.0	0.0	0.0	0.0	74.0	527.0	0.0	0.0	0.0	0.0	0.0	0.0	0.0	0.0	0.0	0.0	0.0	0.0	0.0	0.0	0.0	0.0	0.0	0.0	0.0	0.0	54.0	0.0	0.0	0.0	0.0	0.0	0.0	0.0	0.0	0.0	61.0	0.0	0.0	0.0	9.0	0.0	0.0	0.0	0.0	0.0	0.0	0.0	0.0	0.0	0.0	0.0	67.0	0.0	0.0	0.0	0.0	0.0	0.0	0.0	0.0	0.0	114.0	410.0	0.0	0.0	0.0	0.0	0.0	0.0	0.0	0.0	0.0	0.0	0.0	1614.0	7.0	0.0	0.0	0.0	0.0	0.0	0.0	7.0	0.0	1.0	0.0	38.0	0.0	0.0	0.0	0.0	208.0	0.0	24.0	50.0	0.0	0.0	0.0	1577.0	0.0	0.0	0.0	0.0	0.0	0.0	0.0	20.0	0.0	0.0	0.0	30.0	0.0	0.0	19.0	0.0	0.0	0.0	0.0	0.0	0.0	0.0	0.0	0.0	0.0	2.0	0.0	168.0	0.0	0.0	0.0	0.0	0.0	0.0	0.0	0.0	0.0	0.0	0.0	634.0	0.0	291.0	0.0	0.0	0.0	0.0	0.0	396.0	0.0	0.0	0.0	0.0	0.0	0.0	6.0	0.0	0.0	0.0	0.0	0.0	0.0	0.0	0.0	56.0	0.0	0.0	0.0	0.0	0.0	0.0	0.0	0.0	0.0	0.0	0.0	0.0	0.0	0.0	0.0	0.0	0.0	0.0	0.0	0.0	0.0	0.0	0.0	0.0	0.0	0.0	0.0	0.0	0.0	0.0	0.0	0.0	0.0	0.0	0.0	0.0	0.0	0.0	0.0	0.0	0.0	0.0	0.0	0.0	0.0	0.0	0.0	0.0	0.0	0.0	0.0	0.0	0.0	0.0	0.0	0.0	0.0	1086.0	0.0	0.0	0.0	0.0	0.0	0.0	0.0	13.0	0.0	11.0	0.0	0.0	293.0	0.0	0.0	0.0	0.0	0.0	0.0	0.0	0.0	0.0	30.0	0.0	0.0	0.0	0.0	0.0	0.0	0.0	0.0	0.0	0.0	0.0	3.0	0.0	0.0	3264.0	0.0	0.0	0.0	29.0	0.0	385.0	0.0	0.0	0.0	0.0	0.0	0.0	0.0	0.0	0.0	0.0	0.0	12.0	0.0	0.0	168.0	0.0	13.0	0.0	0.0	0.0	0.0	305.0	0.0	0.0	0.0	0.0	0.0	0.0	0.0	0.0	0.0	0.0	0.0	0.0	0.0	0.0	0.0	535.0	1073.0	0.0	0.0	0.0	0.0	0.0	0.0	0.0	148.0	0.0	508.0	162.0	0.0	0.0	216.0	0.0	0.0	31.0	0.0	49.0	0.0	0.0	95.0	0.0	0.0	259.0	0.0	0.0	0.0	0.0	0.0	0.0	62.0	0.0	0.0	0.0	2285.0	0.0	25.0	0.0	0.0	0.0	407.0	0.0	0.0	0.0	22.0	0.0	61.0	0.0	275.0	0.0	0.0	0.0	0.0	0.0	0.0	0.0	0.0	230.0	0.0	0.0	121.0	910.0	0.0	17.0	0.0	0.0	4216.0	0.0	0.0	0.0	0.0	0.0	0.0	0.0	0.0	0.0	0.0	0.0	0.0	0.0	0.0	0.0	0.0	0.0	0.0	0.0	0.0	0.0	14.0	36.0	0.0	0.0	0.0	0.0	0.0	0.0	0.0	0.0
s__Phocaeicola dorei (4)	0.0	0.0	0.0	0.0	0.0	0.0	0.0	0.0	0.0	0.0	0.0	0.0	0.0	0.0	0.0	0.0	0.0	0.0	0.0	0.0	120.0	0.0	0.0	0.0	0.0	0.0	0.0	0.0	0.0	0.0	0.0	0.0	0.0	0.0	0.0	0.0	0.0	0.0	34.0	0.0	0.0	42.0	0.0	0.0	0.0	0.0	0.0	0.0	0.0	0.0	37.0	0.0	0.0	0.0	0.0	0.0	0.0	0.0	0.0	0.0	0.0	0.0	0.0	0.0	0.0	101.0	0.0	0.0	0.0	0.0	0.0	0.0	0.0	0.0	0.0	0.0	0.0	0.0	0.0	0.0	0.0	0.0	0.0	0.0	0.0	0.0	0.0	0.0	0.0	16.0	0.0	0.0	0.0	0.0	0.0	0.0	0.0	0.0	0.0	0.0	0.0	0.0	0.0	0.0	0.0	0.0	0.0	59.0	0.0	0.0	0.0	0.0	0.0	0.0	0.0	0.0	0.0	0.0	0.0	0.0	0.0	0.0	0.0	35.0	0.0	19.0	0.0	92.0	0.0	0.0	0.0	25.0	0.0	7.0	0.0	0.0	0.0	0.0	0.0	0.0	0.0	0.0	0.0	36.0	0.0	0.0	4.0	0.0	0.0	0.0	0.0	0.0	0.0	0.0	0.0	0.0	0.0	0.0	0.0	0.0	0.0	0.0	0.0	0.0	0.0	0.0	0.0	0.0	0.0	0.0	0.0	0.0	0.0	0.0	0.0	0.0	0.0	0.0	0.0	0.0	0.0	0.0	0.0	10.0	0.0	0.0	0.0	0.0	69.0	0.0	0.0	0.0	0.0	0.0	0.0	0.0	24.0	0.0	0.0	0.0	0.0	63.0	59.0	13.0	0.0	0.0	0.0	0.0	0.0	0.0	0.0	0.0	0.0	0.0	0.0	0.0	6.0	0.0	0.0	0.0	0.0	0.0	0.0	0.0	0.0	0.0	0.0	0.0	0.0	0.0	0.0	6.0	0.0	0.0	0.0	0.0	0.0	0.0	0.0	0.0	0.0	0.0	0.0	0.0	0.0	0.0	0.0	0.0	26.0	0.0	97.0	0.0	0.0	0.0	0.0	0.0	0.0	0.0	0.0	0.0	0.0	19.0	0.0	0.0	183.0	0.0	0.0	0.0	0.0	0.0	0.0	0.0	0.0	0.0	35.0	0.0	0.0	0.0	48.0	0.0	0.0	0.0	0.0	0.0	0.0	0.0	0.0	0.0	0.0	0.0	0.0	4.0	0.0	14.0	0.0	0.0	0.0	0.0	0.0	0.0	1.0	0.0	0.0	0.0	0.0	18.0	0.0	0.0	0.0	0.0	0.0	0.0	0.0	0.0	0.0	0.0	47.0	22.0	0.0	0.0	0.0	283.0	0.0	0.0	92.0	19.0	8.0	52.0	0.0	0.0	0.0	0.0	0.0	0.0	0.0	0.0	0.0	0.0	0.0	0.0	0.0	0.0	0.0	0.0	0.0	0.0	0.0	26.0	26.0	0.0	0.0	0.0	0.0	3.0	0.0	59.0	0.0	23.0	0.0	0.0	0.0	0.0	0.0	0.0	0.0	0.0	0.0	0.0	0.0	0.0	0.0	0.0	0.0	0.0	10.0	0.0	0.0	0.0	0.0	0.0	16.0	39.0	0.0	0.0	35.0	0.0	0.0	0.0	0.0	0.0	0.0	0.0	0.0	13.0	0.0	0.0	0.0	0.0	0.0	0.0	0.0	0.0	0.0	0.0	0.0	0.0	11.0	0.0	0.0	17.0	48.0	58.0	0.0	0.0	0.0	0.0	0.0	0.0	0.0	0.0	4.0	0.0	0.0	0.0	0.0	0.0	6.0	0.0	0.0	0.0	0.0	0.0	0.0	0.0	98.0	0.0	6.0	0.0	0.0	0.0	0.0	0.0	0.0	0.0	0.0	0.0	0.0	0.0	0.0	0.0	0.0	0.0	0.0	0.0	0.0	0.0	0.0	28.0	0.0	0.0	0.0	22.0	0.0	0.0	0.0	0.0	0.0	0.0	59.0	75.0	0.0	0.0	0.0	0.0	0.0	0.0	105.0	0.0	0.0	0.0	0.0	0.0	0.0
s__Phocaeicola dorei (3)	0.0	0.0	0.0	0.0	0.0	0.0	0.0	0.0	0.0	0.0	6.0	0.0	125.0	119.0	0.0	0.0	0.0	0.0	0.0	0.0	92.0	0.0	0.0	0.0	0.0	9.0	0.0	0.0	0.0	0.0	0.0	0.0	0.0	49.0	0.0	0.0	0.0	0.0	0.0	0.0	0.0	10.0	0.0	0.0	0.0	0.0	0.0	0.0	0.0	0.0	15.0	0.0	0.0	14.0	0.0	0.0	0.0	0.0	0.0	0.0	0.0	0.0	0.0	0.0	0.0	0.0	0.0	0.0	0.0	0.0	0.0	0.0	0.0	0.0	0.0	0.0	0.0	0.0	0.0	0.0	7.0	0.0	4.0	0.0	0.0	0.0	185.0	0.0	10.0	24.0	10.0	0.0	0.0	288.0	0.0	0.0	0.0	3.0	0.0	0.0	0.0	0.0	8.0	0.0	0.0	0.0	0.0	62.0	0.0	0.0	0.0	0.0	0.0	0.0	0.0	0.0	0.0	0.0	0.0	0.0	20.0	0.0	0.0	20.0	0.0	10.0	0.0	44.0	0.0	20.0	0.0	0.0	0.0	0.0	0.0	0.0	0.0	0.0	76.0	0.0	0.0	0.0	0.0	11.0	0.0	0.0	0.0	0.0	0.0	0.0	0.0	4.0	0.0	0.0	0.0	0.0	0.0	0.0	0.0	0.0	0.0	12.0	0.0	0.0	0.0	0.0	0.0	0.0	0.0	0.0	0.0	0.0	0.0	0.0	0.0	0.0	0.0	0.0	0.0	0.0	5.0	36.0	0.0	0.0	83.0	0.0	0.0	0.0	30.0	0.0	0.0	0.0	0.0	0.0	0.0	0.0	0.0	0.0	0.0	0.0	0.0	14.0	56.0	9.0	0.0	19.0	0.0	0.0	0.0	0.0	0.0	0.0	0.0	0.0	0.0	0.0	7.0	0.0	0.0	0.0	0.0	0.0	8.0	0.0	0.0	0.0	0.0	0.0	0.0	0.0	0.0	0.0	0.0	0.0	0.0	0.0	0.0	28.0	0.0	0.0	0.0	0.0	0.0	0.0	0.0	0.0	7.0	815.0	13.0	0.0	0.0	0.0	0.0	0.0	0.0	69.0	0.0	0.0	0.0	0.0	0.0	0.0	0.0	60.0	5.0	0.0	0.0	0.0	0.0	0.0	82.0	0.0	0.0	0.0	56.0	0.0	0.0	0.0	17.0	0.0	0.0	0.0	0.0	0.0	0.0	0.0	0.0	0.0	0.0	167.0	0.0	9.0	0.0	18.0	0.0	0.0	0.0	0.0	0.0	0.0	18.0	0.0	0.0	0.0	0.0	57.0	0.0	0.0	0.0	0.0	0.0	0.0	38.0	0.0	0.0	0.0	32.0	0.0	0.0	0.0	0.0	32.0	0.0	0.0	84.0	0.0	420.0	12.0	0.0	0.0	0.0	2.0	0.0	0.0	0.0	0.0	0.0	0.0	0.0	0.0	0.0	0.0	0.0	0.0	0.0	0.0	133.0	0.0	83.0	0.0	11.0	0.0	17.0	0.0	0.0	19.0	0.0	17.0	0.0	0.0	0.0	0.0	0.0	0.0	0.0	0.0	0.0	0.0	3.0	0.0	0.0	0.0	0.0	0.0	14.0	0.0	36.0	0.0	0.0	0.0	23.0	58.0	0.0	0.0	32.0	0.0	4.0	0.0	0.0	0.0	0.0	0.0	0.0	24.0	0.0	0.0	93.0	0.0	0.0	0.0	0.0	0.0	0.0	0.0	0.0	0.0	0.0	0.0	0.0	11.0	188.0	0.0	0.0	0.0	0.0	0.0	0.0	0.0	0.0	0.0	0.0	0.0	0.0	0.0	0.0	0.0	0.0	36.0	0.0	0.0	0.0	0.0	0.0	0.0	59.0	0.0	0.0	0.0	0.0	0.0	0.0	0.0	0.0	0.0	0.0	0.0	0.0	0.0	0.0	0.0	0.0	0.0	2.0	0.0	47.0	0.0	0.0	0.0	0.0	0.0	11.0	14.0	0.0	0.0	0.0	0.0	0.0	0.0	0.0	76.0	174.0	0.0	0.0	11.0	0.0	17.0	0.0	0.0	155.0	0.0	0.0	0.0	2.0
s__Phocaeicola dorei (2)	0.0	0.0	0.0	0.0	16.0	0.0	0.0	20.0	0.0	0.0	60.0	50.0	370.0	1324.0	0.0	0.0	114.0	0.0	0.0	21.0	490.0	23.0	0.0	14.0	0.0	52.0	0.0	0.0	0.0	0.0	0.0	12.0	0.0	174.0	0.0	0.0	0.0	0.0	0.0	0.0	118.0	178.0	0.0	32.0	0.0	0.0	0.0	0.0	0.0	0.0	231.0	0.0	0.0	23.0	0.0	0.0	4.0	1.0	0.0	0.0	8.0	0.0	0.0	0.0	0.0	0.0	10.0	0.0	0.0	0.0	0.0	0.0	0.0	3.0	0.0	69.0	0.0	0.0	0.0	43.0	0.0	0.0	136.0	0.0	0.0	0.0	154.0	0.0	0.0	998.0	0.0	0.0	0.0	0.0	12.0	0.0	0.0	0.0	4.0	0.0	6.0	0.0	46.0	7.0	0.0	0.0	0.0	213.0	0.0	0.0	0.0	0.0	0.0	0.0	0.0	0.0	0.0	0.0	0.0	0.0	0.0	0.0	0.0	151.0	27.0	376.0	0.0	0.0	3.0	13.0	14.0	0.0	0.0	0.0	6.0	0.0	0.0	0.0	123.0	0.0	0.0	0.0	0.0	136.0	0.0	0.0	0.0	0.0	6.0	0.0	0.0	0.0	0.0	22.0	0.0	58.0	3.0	0.0	6.0	44.0	0.0	0.0	9.0	0.0	0.0	0.0	0.0	0.0	0.0	5.0	0.0	0.0	8.0	0.0	0.0	0.0	0.0	0.0	0.0	0.0	0.0	175.0	0.0	91.0	19.0	0.0	3.0	0.0	753.0	0.0	0.0	0.0	0.0	146.0	0.0	22.0	93.0	0.0	0.0	0.0	0.0	236.0	86.0	144.0	0.0	48.0	0.0	0.0	0.0	4.0	8.0	0.0	0.0	0.0	0.0	39.0	78.0	0.0	0.0	0.0	0.0	0.0	154.0	0.0	0.0	0.0	0.0	0.0	0.0	0.0	46.0	0.0	0.0	0.0	89.0	0.0	0.0	283.0	0.0	0.0	7.0	232.0	0.0	0.0	0.0	0.0	0.0	213.0	88.0	0.0	0.0	0.0	0.0	0.0	50.0	0.0	0.0	0.0	0.0	6.0	0.0	93.0	7.0	72.0	121.0	25.0	6.0	0.0	0.0	0.0	275.0	46.0	0.0	24.0	310.0	5.0	9.0	0.0	161.0	43.0	1.0	0.0	0.0	0.0	0.0	0.0	0.0	0.0	0.0	15.0	0.0	0.0	3.0	290.0	12.0	14.0	0.0	29.0	0.0	0.0	43.0	0.0	0.0	0.0	3.0	665.0	0.0	0.0	0.0	0.0	7.0	0.0	137.0	0.0	18.0	0.0	159.0	615.0	0.0	0.0	0.0	0.0	0.0	0.0	461.0	0.0	11.0	43.0	0.0	19.0	2.0	0.0	2.0	0.0	3.0	0.0	0.0	0.0	0.0	0.0	17.0	0.0	0.0	0.0	0.0	0.0	311.0	0.0	390.0	0.0	0.0	4.0	0.0	0.0	0.0	224.0	0.0	343.0	9.0	0.0	3.0	48.0	15.0	0.0	0.0	55.0	0.0	0.0	24.0	48.0	63.0	5.0	154.0	6.0	83.0	121.0	3.0	39.0	0.0	0.0	177.0	367.0	0.0	0.0	961.0	0.0	0.0	0.0	0.0	0.0	0.0	0.0	0.0	146.0	0.0	7.0	6.0	0.0	3.0	0.0	0.0	0.0	23.0	0.0	0.0	0.0	444.0	0.0	0.0	160.0	649.0	114.0	0.0	0.0	0.0	0.0	0.0	0.0	12.0	0.0	0.0	0.0	0.0	0.0	0.0	0.0	0.0	48.0	0.0	0.0	0.0	0.0	0.0	3.0	456.0	0.0	0.0	0.0	0.0	0.0	0.0	65.0	0.0	0.0	92.0	0.0	0.0	7.0	0.0	0.0	0.0	0.0	0.0	23.0	0.0	0.0	0.0	0.0	0.0	0.0	271.0	246.0	0.0	0.0	11.0	0.0	0.0	74.0	111.0	346.0	600.0	0.0	0.0	0.0	0.0	138.0	302.0	9.0	104.0	0.0	0.0	3.0	0.0
s__Bacteroides thetaiotaomicron (1)	0.0	0.0	6.0	0.0	11.0	0.0	11.0	0.0	0.0	3.0	0.0	16.0	0.0	0.0	0.0	0.0	7.0	0.0	0.0	5.0	0.0	7.0	0.0	5.0	471.0	4.0	26.0	5.0	0.0	0.0	0.0	62.0	5.0	0.0	0.0	171.0	0.0	0.0	22.0	0.0	90.0	14.0	9.0	10.0	320.0	5.0	195.0	6.0	0.0	3.0	21.0	35.0	12.0	44.0	0.0	0.0	13.0	0.0	2.0	23.0	34.0	0.0	0.0	0.0	0.0	17.0	5.0	0.0	47.0	14.0	0.0	0.0	3.0	5.0	287.0	6.0	65.0	0.0	3.0	0.0	16.0	0.0	159.0	0.0	310.0	0.0	26.0	0.0	8.0	24.0	6.0	0.0	0.0	6.0	1.0	0.0	0.0	8.0	0.0	0.0	0.0	0.0	5.0	0.0	0.0	5.0	10.0	20.0	0.0	33.0	34.0	0.0	0.0	0.0	0.0	57.0	0.0	0.0	0.0	9.0	14.0	9.0	8.0	0.0	4.0	85.0	0.0	108.0	3.0	0.0	26.0	32.0	0.0	94.0	7.0	0.0	0.0	12.0	71.0	0.0	0.0	6.0	0.0	24.0	0.0	0.0	22.0	8.0	0.0	0.0	0.0	0.0	0.0	3.0	39.0	11.0	0.0	135.0	0.0	3.0	0.0	67.0	5.0	0.0	0.0	0.0	0.0	14.0	5.0	0.0	0.0	33.0	0.0	0.0	0.0	0.0	0.0	0.0	1.0	0.0	0.0	11.0	0.0	36.0	0.0	1.0	2.0	47.0	131.0	13.0	2.0	0.0	0.0	2.0	1413.0	2.0	32.0	0.0	0.0	0.0	18.0	29.0	0.0	0.0	0.0	23.0	18.0	35.0	0.0	0.0	0.0	9.0	0.0	6.0	0.0	9.0	4.0	0.0	16.0	32.0	20.0	0.0	3.0	0.0	0.0	0.0	54.0	0.0	0.0	0.0	5.0	92.0	0.0	0.0	5.0	0.0	38.0	0.0	0.0	0.0	4.0	0.0	0.0	0.0	11.0	3.0	201.0	0.0	17.0	50.0	13.0	0.0	0.0	0.0	60.0	4.0	4.0	0.0	155.0	0.0	159.0	13.0	0.0	20.0	6.0	18.0	1.0	8.0	4.0	0.0	189.0	47.0	0.0	4.0	32.0	0.0	24.0	0.0	22.0	8.0	0.0	0.0	0.0	12.0	0.0	0.0	0.0	0.0	0.0	25.0	3.0	15.0	0.0	46.0	21.0	4.0	17.0	4.0	0.0	2.0	106.0	0.0	9.0	0.0	0.0	0.0	8.0	0.0	0.0	0.0	20.0	0.0	20.0	0.0	4.0	5.0	8.0	0.0	0.0	0.0	0.0	26.0	0.0	3.0	0.0	64.0	102.0	1.0	0.0	5.0	0.0	0.0	7.0	0.0	0.0	0.0	1.0	19.0	517.0	47.0	14.0	5.0	0.0	6.0	0.0	0.0	0.0	7.0	11.0	0.0	0.0	3.0	0.0	5.0	0.0	0.0	0.0	0.0	4.0	3.0	0.0	57.0	3.0	0.0	2.0	5.0	28.0	0.0	8.0	0.0	0.0	0.0	28.0	0.0	17.0	9.0	0.0	40.0	12.0	0.0	1.0	23.0	0.0	0.0	46.0	0.0	59.0	0.0	0.0	0.0	0.0	42.0	0.0	88.0	7.0	15.0	26.0	8.0	0.0	0.0	0.0	0.0	2.0	4.0	3.0	1.0	37.0	24.0	13.0	15.0	9.0	2.0	0.0	0.0	0.0	0.0	0.0	13.0	11.0	36.0	0.0	2.0	0.0	0.0	0.0	0.0	43.0	54.0	0.0	3.0	0.0	4.0	0.0	4.0	13.0	1.0	88.0	0.0	627.0	2.0	42.0	6.0	19.0	0.0	0.0	7.0	9.0	7.0	0.0	0.0	0.0	65.0	184.0	5.0	0.0	341.0	1.0	0.0	4.0	0.0	39.0	23.0	11.0	0.0	0.0	14.0	57.0	0.0	20.0	0.0	0.0	0.0	321.0	6.0	3.0	2.0	14.0	29.0	12.0	0.0	2.0	7.0	0.0
s__Bacteroides thetaiotaomicron (2)	0.0	0.0	0.0	0.0	0.0	0.0	0.0	0.0	0.0	0.0	0.0	0.0	0.0	0.0	0.0	0.0	19.0	0.0	0.0	0.0	28.0	0.0	0.0	0.0	1.0	0.0	0.0	0.0	0.0	0.0	0.0	0.0	0.0	0.0	0.0	130.0	0.0	0.0	3.0	0.0	1.0	25.0	12.0	0.0	0.0	0.0	0.0	0.0	0.0	9.0	2.0	0.0	0.0	0.0	23.0	0.0	1.0	0.0	0.0	0.0	0.0	0.0	0.0	0.0	0.0	0.0	0.0	0.0	45.0	0.0	0.0	0.0	0.0	0.0	110.0	0.0	0.0	0.0	0.0	0.0	0.0	0.0	4.0	0.0	0.0	0.0	0.0	0.0	0.0	0.0	0.0	0.0	0.0	0.0	0.0	0.0	0.0	0.0	0.0	0.0	0.0	0.0	0.0	0.0	0.0	0.0	1.0	0.0	0.0	0.0	0.0	0.0	0.0	0.0	0.0	0.0	0.0	0.0	0.0	0.0	0.0	0.0	0.0	0.0	0.0	0.0	0.0	0.0	0.0	0.0	0.0	11.0	0.0	0.0	0.0	0.0	0.0	0.0	0.0	0.0	0.0	0.0	0.0	4.0	0.0	0.0	13.0	0.0	0.0	0.0	0.0	0.0	0.0	0.0	0.0	1.0	0.0	0.0	0.0	0.0	0.0	38.0	0.0	0.0	0.0	0.0	0.0	21.0	0.0	0.0	0.0	0.0	0.0	0.0	0.0	0.0	0.0	0.0	0.0	0.0	0.0	1.0	0.0	0.0	0.0	0.0	0.0	0.0	0.0	0.0	0.0	0.0	0.0	0.0	104.0	0.0	15.0	0.0	0.0	0.0	0.0	0.0	0.0	0.0	0.0	0.0	0.0	0.0	0.0	0.0	0.0	0.0	0.0	0.0	0.0	3.0	4.0	0.0	0.0	2.0	0.0	0.0	0.0	0.0	0.0	0.0	0.0	24.0	0.0	0.0	0.0	0.0	0.0	0.0	0.0	0.0	0.0	0.0	0.0	0.0	0.0	3.0	0.0	0.0	0.0	0.0	13.0	0.0	0.0	0.0	0.0	0.0	0.0	0.0	0.0	0.0	0.0	0.0	39.0	0.0	0.0	0.0	0.0	0.0	0.0	0.0	0.0	0.0	0.0	0.0	16.0	0.0	0.0	0.0	0.0	0.0	0.0	0.0	0.0	0.0	0.0	0.0	0.0	2.0	0.0	0.0	0.0	0.0	0.0	0.0	0.0	0.0	0.0	4.0	0.0	0.0	0.0	0.0	0.0	0.0	0.0	0.0	0.0	0.0	0.0	0.0	0.0	0.0	0.0	0.0	0.0	0.0	0.0	0.0	0.0	0.0	0.0	0.0	0.0	0.0	0.0	0.0	0.0	0.0	14.0	3.0	1.0	0.0	0.0	0.0	0.0	0.0	0.0	0.0	0.0	0.0	0.0	0.0	38.0	0.0	0.0	0.0	0.0	0.0	0.0	0.0	0.0	209.0	1.0	0.0	0.0	0.0	0.0	0.0	0.0	0.0	7.0	0.0	0.0	0.0	0.0	0.0	0.0	0.0	0.0	0.0	0.0	0.0	0.0	0.0	0.0	0.0	0.0	0.0	2.0	0.0	0.0	3.0	0.0	0.0	0.0	0.0	0.0	0.0	37.0	0.0	0.0	0.0	0.0	0.0	0.0	0.0	0.0	0.0	0.0	0.0	9.0	0.0	0.0	0.0	0.0	0.0	0.0	0.0	0.0	0.0	6.0	0.0	0.0	0.0	0.0	0.0	0.0	0.0	0.0	0.0	0.0	0.0	0.0	2.0	11.0	0.0	0.0	0.0	0.0	48.0	0.0	0.0	0.0	0.0	0.0	0.0	0.0	0.0	7.0	0.0	0.0	0.0	0.0	0.0	0.0	0.0	0.0	0.0	0.0	0.0	0.0	0.0	0.0	0.0	0.0	0.0	0.0	0.0	0.0	0.0	3.0	0.0	0.0	0.0	0.0	0.0	0.0	0.0	9.0	0.0	0.0	0.0	0.0	0.0	0.0	0.0	52.0	0.0	4.0	0.0	0.0	0.0	0.0	0.0	0.0	0.0	0.0
s__Bacteroides ovatus (8)	0.0	0.0	0.0	0.0	0.0	0.0	0.0	0.0	0.0	0.0	0.0	0.0	12.0	0.0	7.0	0.0	0.0	0.0	0.0	0.0	46.0	0.0	0.0	0.0	0.0	0.0	0.0	0.0	0.0	0.0	0.0	0.0	0.0	0.0	0.0	0.0	6.0	0.0	0.0	0.0	0.0	17.0	0.0	0.0	0.0	0.0	0.0	0.0	0.0	181.0	0.0	0.0	0.0	0.0	0.0	0.0	0.0	0.0	0.0	0.0	0.0	0.0	0.0	0.0	0.0	0.0	0.0	0.0	0.0	0.0	0.0	0.0	0.0	0.0	0.0	0.0	0.0	0.0	0.0	67.0	6.0	0.0	0.0	0.0	0.0	0.0	0.0	0.0	0.0	0.0	21.0	0.0	0.0	0.0	0.0	0.0	0.0	0.0	0.0	0.0	0.0	0.0	0.0	0.0	0.0	0.0	0.0	16.0	0.0	0.0	0.0	0.0	0.0	0.0	0.0	0.0	0.0	0.0	0.0	0.0	0.0	0.0	0.0	0.0	0.0	0.0	0.0	0.0	0.0	0.0	0.0	0.0	0.0	0.0	0.0	0.0	0.0	25.0	0.0	0.0	0.0	0.0	0.0	41.0	0.0	20.0	0.0	0.0	0.0	0.0	0.0	0.0	0.0	0.0	0.0	0.0	0.0	0.0	0.0	0.0	0.0	41.0	0.0	0.0	0.0	0.0	0.0	7.0	0.0	0.0	0.0	0.0	0.0	0.0	0.0	0.0	0.0	0.0	0.0	0.0	0.0	0.0	0.0	0.0	0.0	0.0	0.0	0.0	8.0	0.0	0.0	0.0	0.0	0.0	0.0	0.0	11.0	0.0	0.0	0.0	0.0	5.0	0.0	0.0	0.0	2.0	0.0	0.0	0.0	0.0	0.0	0.0	0.0	0.0	0.0	6.0	0.0	19.0	0.0	0.0	0.0	0.0	0.0	0.0	0.0	0.0	0.0	0.0	0.0	0.0	0.0	0.0	0.0	0.0	0.0	0.0	0.0	0.0	0.0	0.0	0.0	0.0	0.0	0.0	0.0	0.0	0.0	0.0	19.0	0.0	0.0	0.0	0.0	0.0	0.0	0.0	0.0	0.0	0.0	0.0	0.0	0.0	0.0	0.0	0.0	0.0	0.0	0.0	0.0	0.0	11.0	0.0	0.0	0.0	4.0	0.0	0.0	0.0	0.0	0.0	0.0	0.0	0.0	31.0	0.0	0.0	0.0	0.0	4.0	14.0	0.0	0.0	0.0	10.0	0.0	0.0	0.0	0.0	0.0	0.0	0.0	0.0	0.0	0.0	0.0	0.0	0.0	0.0	0.0	0.0	0.0	0.0	24.0	0.0	0.0	0.0	0.0	0.0	0.0	0.0	0.0	6.0	0.0	0.0	49.0	9.0	74.0	0.0	0.0	0.0	0.0	5.0	0.0	0.0	0.0	0.0	0.0	0.0	0.0	0.0	0.0	0.0	0.0	0.0	0.0	0.0	0.0	38.0	14.0	0.0	0.0	0.0	0.0	0.0	0.0	56.0	0.0	0.0	0.0	0.0	0.0	0.0	0.0	0.0	0.0	0.0	0.0	0.0	11.0	0.0	0.0	0.0	0.0	0.0	0.0	0.0	0.0	0.0	0.0	0.0	9.0	30.0	0.0	0.0	16.0	0.0	0.0	0.0	0.0	0.0	0.0	3.0	0.0	0.0	0.0	0.0	32.0	0.0	0.0	0.0	0.0	18.0	0.0	0.0	0.0	0.0	0.0	0.0	0.0	0.0	0.0	17.0	0.0	0.0	0.0	0.0	0.0	0.0	0.0	0.0	15.0	0.0	0.0	0.0	0.0	0.0	0.0	0.0	0.0	0.0	0.0	0.0	0.0	0.0	8.0	0.0	0.0	0.0	0.0	0.0	0.0	0.0	0.0	0.0	0.0	0.0	0.0	0.0	0.0	0.0	0.0	0.0	3.0	0.0	0.0	0.0	6.0	0.0	0.0	0.0	0.0	0.0	12.0	0.0	0.0	0.0	0.0	0.0	0.0	0.0	0.0	5.0	0.0	0.0	0.0	0.0	0.0	0.0	0.0	0.0	0.0	0.0	0.0
s__Bacteroides ovatus (5)	0.0	0.0	0.0	0.0	0.0	0.0	0.0	0.0	0.0	0.0	0.0	0.0	0.0	0.0	13.0	0.0	0.0	0.0	0.0	6.0	9.0	0.0	0.0	0.0	0.0	0.0	0.0	0.0	0.0	0.0	0.0	0.0	13.0	0.0	0.0	33.0	0.0	18.0	0.0	42.0	41.0	4.0	2.0	0.0	0.0	0.0	0.0	0.0	0.0	390.0	0.0	0.0	0.0	0.0	14.0	0.0	14.0	0.0	1.0	0.0	0.0	4.0	42.0	0.0	0.0	0.0	0.0	0.0	1.0	0.0	0.0	0.0	0.0	0.0	0.0	0.0	0.0	0.0	0.0	534.0	2.0	0.0	0.0	0.0	0.0	0.0	0.0	0.0	0.0	0.0	17.0	0.0	0.0	0.0	16.0	0.0	0.0	0.0	0.0	0.0	0.0	0.0	0.0	0.0	0.0	0.0	0.0	0.0	0.0	1.0	0.0	0.0	0.0	0.0	0.0	0.0	0.0	0.0	0.0	2.0	0.0	0.0	0.0	0.0	0.0	0.0	2.0	0.0	0.0	0.0	0.0	0.0	0.0	0.0	4.0	0.0	0.0	154.0	0.0	0.0	0.0	0.0	0.0	69.0	0.0	74.0	0.0	0.0	0.0	0.0	0.0	0.0	0.0	0.0	0.0	0.0	0.0	0.0	0.0	0.0	0.0	71.0	0.0	0.0	0.0	0.0	9.0	4.0	0.0	0.0	0.0	0.0	0.0	0.0	8.0	0.0	0.0	0.0	0.0	0.0	0.0	0.0	0.0	0.0	0.0	0.0	0.0	0.0	0.0	0.0	3.0	0.0	0.0	0.0	0.0	0.0	0.0	0.0	0.0	0.0	0.0	0.0	0.0	0.0	0.0	11.0	0.0	0.0	2.0	0.0	10.0	0.0	0.0	0.0	0.0	47.0	5.0	1.0	0.0	17.0	0.0	0.0	0.0	1.0	0.0	0.0	0.0	9.0	0.0	0.0	2.0	0.0	0.0	0.0	0.0	0.0	1.0	0.0	0.0	0.0	0.0	4.0	0.0	0.0	0.0	0.0	0.0	0.0	2.0	0.0	0.0	0.0	0.0	0.0	0.0	0.0	0.0	0.0	0.0	0.0	0.0	0.0	0.0	0.0	0.0	0.0	0.0	0.0	0.0	0.0	75.0	0.0	0.0	0.0	0.0	0.0	21.0	0.0	0.0	0.0	0.0	0.0	0.0	59.0	0.0	0.0	0.0	0.0	0.0	80.0	0.0	0.0	0.0	0.0	0.0	1.0	0.0	0.0	0.0	0.0	0.0	0.0	0.0	0.0	0.0	0.0	0.0	0.0	0.0	0.0	0.0	0.0	0.0	0.0	0.0	0.0	0.0	0.0	0.0	0.0	0.0	0.0	0.0	0.0	11.0	5.0	10.0	0.0	0.0	0.0	0.0	0.0	0.0	0.0	0.0	0.0	0.0	0.0	0.0	0.0	0.0	0.0	0.0	0.0	0.0	0.0	0.0	57.0	6.0	0.0	0.0	0.0	0.0	0.0	0.0	100.0	1.0	0.0	11.0	10.0	0.0	0.0	0.0	0.0	0.0	0.0	0.0	0.0	41.0	31.0	0.0	0.0	8.0	0.0	0.0	0.0	0.0	0.0	0.0	0.0	0.0	0.0	0.0	0.0	13.0	0.0	0.0	0.0	0.0	0.0	0.0	0.0	0.0	0.0	0.0	0.0	198.0	0.0	0.0	0.0	0.0	16.0	0.0	0.0	0.0	0.0	0.0	0.0	0.0	2.0	0.0	5.0	0.0	7.0	0.0	0.0	0.0	0.0	0.0	127.0	0.0	0.0	8.0	0.0	0.0	8.0	0.0	0.0	0.0	0.0	0.0	0.0	0.0	0.0	2.0	0.0	0.0	0.0	0.0	0.0	0.0	0.0	0.0	0.0	0.0	0.0	0.0	0.0	0.0	0.0	0.0	0.0	16.0	0.0	0.0	0.0	0.0	0.0	0.0	0.0	0.0	7.0	30.0	0.0	4.0	0.0	0.0	0.0	0.0	0.0	0.0	30.0	0.0	0.0	1.0	6.0	0.0	0.0	0.0	0.0	0.0	0.0	0.0
s__Bacteroides ovatus (4)	0.0	0.0	0.0	0.0	0.0	0.0	0.0	0.0	7.0	0.0	0.0	0.0	6.0	0.0	0.0	0.0	15.0	0.0	0.0	0.0	41.0	0.0	0.0	10.0	0.0	0.0	0.0	0.0	0.0	0.0	0.0	0.0	0.0	0.0	0.0	290.0	218.0	5.0	4.0	20.0	1.0	30.0	28.0	0.0	0.0	0.0	0.0	0.0	0.0	0.0	0.0	0.0	0.0	0.0	40.0	0.0	4.0	0.0	0.0	0.0	26.0	0.0	28.0	0.0	0.0	0.0	0.0	0.0	44.0	0.0	0.0	0.0	0.0	0.0	0.0	0.0	0.0	0.0	0.0	193.0	25.0	0.0	0.0	0.0	0.0	0.0	0.0	0.0	0.0	0.0	4.0	0.0	0.0	0.0	0.0	0.0	0.0	0.0	0.0	0.0	0.0	0.0	5.0	0.0	0.0	0.0	0.0	38.0	0.0	5.0	0.0	0.0	0.0	0.0	0.0	0.0	0.0	0.0	0.0	4.0	0.0	0.0	0.0	0.0	0.0	0.0	0.0	0.0	0.0	0.0	0.0	5.0	0.0	0.0	45.0	0.0	0.0	0.0	0.0	0.0	0.0	0.0	0.0	0.0	0.0	15.0	10.0	0.0	0.0	0.0	0.0	0.0	0.0	0.0	0.0	1.0	0.0	0.0	7.0	0.0	0.0	0.0	0.0	0.0	0.0	0.0	0.0	60.0	0.0	0.0	2.0	0.0	0.0	0.0	10.0	0.0	0.0	0.0	4.0	0.0	0.0	0.0	0.0	0.0	0.0	0.0	0.0	3.0	23.0	0.0	5.0	0.0	0.0	0.0	0.0	0.0	15.0	0.0	0.0	0.0	0.0	6.0	0.0	0.0	0.0	2.0	0.0	0.0	0.0	0.0	0.0	0.0	0.0	0.0	0.0	20.0	0.0	11.0	10.0	0.0	0.0	0.0	0.0	0.0	0.0	0.0	5.0	53.0	0.0	0.0	0.0	0.0	0.0	0.0	0.0	0.0	0.0	0.0	0.0	0.0	0.0	30.0	0.0	0.0	0.0	0.0	0.0	3.0	9.0	0.0	0.0	0.0	0.0	0.0	0.0	0.0	0.0	0.0	0.0	0.0	0.0	0.0	0.0	0.0	0.0	0.0	0.0	0.0	0.0	0.0	2.0	0.0	0.0	0.0	0.0	0.0	6.0	0.0	0.0	0.0	0.0	0.0	0.0	103.0	0.0	0.0	0.0	0.0	9.0	8.0	0.0	0.0	0.0	0.0	0.0	0.0	0.0	9.0	0.0	0.0	0.0	0.0	0.0	0.0	0.0	0.0	0.0	0.0	0.0	0.0	0.0	0.0	82.0	0.0	0.0	0.0	0.0	0.0	0.0	0.0	0.0	13.0	0.0	0.0	86.0	7.0	603.0	0.0	0.0	0.0	0.0	57.0	0.0	0.0	0.0	0.0	0.0	0.0	0.0	0.0	0.0	16.0	0.0	0.0	0.0	0.0	0.0	223.0	0.0	0.0	0.0	0.0	0.0	0.0	0.0	0.0	6.0	0.0	0.0	0.0	0.0	0.0	0.0	0.0	0.0	0.0	0.0	0.0	16.0	22.0	0.0	0.0	21.0	0.0	0.0	0.0	0.0	0.0	0.0	0.0	5.0	24.0	0.0	0.0	45.0	0.0	0.0	0.0	0.0	0.0	0.0	7.0	0.0	0.0	0.0	0.0	25.0	0.0	0.0	0.0	30.0	6.0	2.0	3.0	11.0	0.0	7.0	0.0	0.0	1.0	0.0	9.0	0.0	93.0	0.0	0.0	0.0	0.0	0.0	0.0	18.0	0.0	0.0	0.0	0.0	128.0	0.0	24.0	0.0	0.0	0.0	0.0	0.0	0.0	6.0	0.0	0.0	0.0	0.0	0.0	0.0	0.0	0.0	0.0	0.0	0.0	0.0	14.0	0.0	0.0	0.0	0.0	13.0	0.0	0.0	0.0	8.0	0.0	0.0	0.0	0.0	0.0	0.0	0.0	13.0	0.0	0.0	0.0	0.0	0.0	0.0	0.0	0.0	0.0	18.0	5.0	2.0	0.0	0.0	0.0	0.0	0.0	0.0
s__Bacteroides fragilis (1)	0.0	985.0	0.0	39.0	0.0	0.0	67.0	2.0	0.0	0.0	33.0	1.0	0.0	0.0	9.0	0.0	19.0	0.0	2.0	0.0	0.0	0.0	0.0	0.0	44.0	0.0	3.0	0.0	0.0	1815.0	0.0	0.0	2.0	42.0	0.0	2.0	0.0	248.0	3.0	93.0	2.0	0.0	0.0	0.0	0.0	7.0	23.0	8.0	0.0	9.0	0.0	0.0	0.0	8.0	264.0	0.0	12.0	0.0	0.0	79.0	0.0	10.0	0.0	0.0	3.0	0.0	0.0	0.0	3.0	0.0	0.0	2.0	0.0	0.0	2491.0	0.0	70.0	0.0	17.0	0.0	0.0	0.0	0.0	2149.0	0.0	0.0	66.0	0.0	6.0	0.0	24.0	0.0	3.0	0.0	132.0	0.0	0.0	0.0	0.0	703.0	0.0	0.0	19.0	0.0	1682.0	13.0	48.0	0.0	0.0	138.0	566.0	0.0	0.0	0.0	1.0	0.0	0.0	303.0	0.0	9.0	0.0	0.0	0.0	108.0	0.0	11.0	0.0	0.0	4.0	1.0	0.0	10.0	4464.0	44.0	10.0	0.0	0.0	0.0	0.0	2.0	0.0	15.0	56.0	0.0	0.0	73.0	12.0	0.0	0.0	1.0	133.0	1.0	5.0	3.0	371.0	0.0	0.0	203.0	384.0	0.0	0.0	0.0	16.0	0.0	0.0	54.0	15.0	17.0	0.0	8.0	0.0	65.0	2.0	0.0	171.0	12.0	4.0	0.0	0.0	1.0	0.0	2.0	130.0	0.0	0.0	1.0	0.0	24.0	0.0	0.0	0.0	0.0	0.0	1.0	0.0	0.0	31.0	0.0	0.0	0.0	13.0	0.0	0.0	0.0	0.0	2.0	135.0	8.0	0.0	0.0	12.0	0.0	0.0	0.0	0.0	0.0	0.0	0.0	0.0	62.0	0.0	1.0	0.0	0.0	0.0	6.0	38.0	444.0	0.0	0.0	0.0	338.0	0.0	0.0	0.0	0.0	0.0	0.0	0.0	0.0	0.0	0.0	0.0	268.0	41.0	0.0	498.0	0.0	0.0	71.0	80.0	0.0	0.0	39.0	0.0	0.0	0.0	22.0	0.0	0.0	162.0	0.0	6.0	11.0	12.0	0.0	0.0	0.0	6.0	0.0	0.0	142.0	2999.0	0.0	2.0	0.0	3275.0	59.0	0.0	2.0	0.0	1.0	7.0	12.0	0.0	0.0	0.0	0.0	0.0	49.0	0.0	0.0	0.0	0.0	0.0	17.0	1.0	0.0	0.0	0.0	0.0	0.0	4.0	0.0	0.0	0.0	0.0	0.0	0.0	1.0	3.0	0.0	158.0	49.0	0.0	0.0	0.0	0.0	0.0	0.0	5.0	11.0	127.0	20.0	0.0	0.0	0.0	5.0	0.0	0.0	0.0	0.0	0.0	1.0	0.0	1.0	0.0	0.0	0.0	10.0	5.0	0.0	13.0	0.0	52.0	4.0	4.0	20.0	0.0	0.0	2.0	1.0	3.0	19.0	0.0	11.0	4.0	0.0	0.0	0.0	12.0	654.0	16.0	0.0	0.0	27.0	0.0	0.0	35.0	0.0	0.0	0.0	0.0	3.0	0.0	0.0	0.0	0.0	55.0	0.0	0.0	115.0	13.0	0.0	0.0	0.0	45.0	0.0	0.0	226.0	0.0	7.0	0.0	0.0	0.0	0.0	99.0	0.0	0.0	0.0	0.0	146.0	34.0	0.0	0.0	0.0	21.0	0.0	12.0	9.0	0.0	0.0	0.0	0.0	0.0	0.0	0.0	0.0	0.0	0.0	0.0	0.0	0.0	0.0	0.0	69.0	0.0	0.0	0.0	0.0	0.0	0.0	0.0	0.0	0.0	5.0	0.0	0.0	0.0	3.0	693.0	6.0	0.0	0.0	0.0	0.0	0.0	0.0	4.0	0.0	0.0	2.0	545.0	4.0	0.0	0.0	0.0	0.0	4.0	0.0	0.0	0.0	0.0	57.0	286.0	15.0	3586.0	0.0	2.0	0.0	0.0	0.0	800.0	0.0	7.0	0.0	11.0	0.0	130.0	2634.0	0.0	0.0	0.0
s__Paraprevotella xylaniphila (1)	0.0	0.0	0.0	0.0	0.0	0.0	0.0	0.0	0.0	0.0	0.0	0.0	0.0	0.0	0.0	0.0	0.0	3.0	0.0	0.0	0.0	0.0	0.0	11.0	0.0	0.0	0.0	0.0	0.0	0.0	0.0	1.0	24.0	0.0	0.0	0.0	0.0	0.0	0.0	0.0	0.0	0.0	6.0	0.0	0.0	0.0	0.0	0.0	0.0	0.0	0.0	0.0	0.0	0.0	0.0	0.0	0.0	1.0	14.0	0.0	0.0	0.0	0.0	0.0	0.0	0.0	0.0	0.0	0.0	0.0	0.0	0.0	0.0	0.0	0.0	0.0	0.0	0.0	0.0	0.0	0.0	0.0	0.0	0.0	0.0	0.0	6.0	0.0	0.0	0.0	0.0	0.0	4.0	0.0	0.0	0.0	0.0	0.0	0.0	0.0	0.0	0.0	0.0	0.0	0.0	0.0	0.0	0.0	0.0	0.0	0.0	0.0	0.0	0.0	0.0	0.0	0.0	0.0	0.0	85.0	0.0	0.0	11.0	0.0	16.0	0.0	0.0	0.0	25.0	0.0	0.0	0.0	0.0	0.0	0.0	2.0	0.0	0.0	0.0	0.0	0.0	52.0	0.0	0.0	0.0	0.0	0.0	0.0	0.0	0.0	0.0	0.0	0.0	0.0	0.0	0.0	4.0	0.0	0.0	0.0	10.0	0.0	0.0	0.0	0.0	0.0	0.0	0.0	0.0	0.0	27.0	0.0	0.0	0.0	0.0	0.0	0.0	0.0	0.0	0.0	0.0	0.0	0.0	0.0	0.0	0.0	10.0	0.0	0.0	41.0	26.0	0.0	0.0	0.0	0.0	9.0	0.0	0.0	0.0	0.0	0.0	0.0	0.0	0.0	0.0	0.0	0.0	0.0	0.0	19.0	0.0	0.0	0.0	0.0	0.0	0.0	19.0	0.0	0.0	0.0	0.0	0.0	3.0	0.0	0.0	0.0	0.0	0.0	0.0	0.0	0.0	0.0	0.0	46.0	0.0	0.0	0.0	0.0	0.0	0.0	0.0	0.0	0.0	0.0	0.0	12.0	0.0	0.0	0.0	0.0	0.0	0.0	9.0	0.0	0.0	0.0	0.0	0.0	0.0	0.0	0.0	0.0	0.0	0.0	0.0	0.0	9.0	0.0	0.0	0.0	0.0	0.0	0.0	0.0	0.0	0.0	0.0	0.0	0.0	211.0	0.0	0.0	0.0	0.0	0.0	0.0	0.0	0.0	0.0	0.0	0.0	21.0	0.0	0.0	0.0	9.0	0.0	0.0	0.0	0.0	0.0	0.0	0.0	0.0	0.0	0.0	8.0	0.0	0.0	0.0	0.0	0.0	0.0	0.0	0.0	0.0	0.0	0.0	0.0	0.0	0.0	0.0	0.0	0.0	0.0	0.0	0.0	7.0	0.0	0.0	0.0	0.0	29.0	0.0	7.0	0.0	0.0	0.0	0.0	0.0	0.0	30.0	37.0	46.0	0.0	0.0	0.0	0.0	0.0	0.0	0.0	0.0	0.0	0.0	0.0	0.0	0.0	0.0	0.0	0.0	53.0	0.0	29.0	0.0	0.0	0.0	0.0	0.0	0.0	0.0	0.0	0.0	0.0	0.0	0.0	0.0	0.0	0.0	0.0	0.0	23.0	0.0	0.0	0.0	0.0	0.0	0.0	0.0	0.0	0.0	0.0	0.0	0.0	0.0	0.0	0.0	0.0	0.0	0.0	0.0	68.0	0.0	0.0	0.0	0.0	1.0	28.0	0.0	0.0	0.0	0.0	0.0	0.0	0.0	0.0	21.0	0.0	0.0	10.0	0.0	0.0	0.0	0.0	0.0	0.0	261.0	0.0	0.0	0.0	0.0	0.0	0.0	0.0	0.0	0.0	0.0	0.0	0.0	0.0	0.0	0.0	90.0	0.0	0.0	24.0	0.0	0.0	14.0	0.0	0.0	0.0	0.0	0.0	0.0	0.0	384.0	0.0	6.0	0.0	6.0	93.0	0.0	0.0	83.0	0.0	0.0	0.0	0.0	0.0	0.0	0.0	0.0	0.0	80.0	0.0	86.0	0.0	0.0	0.0	0.0	5.0	0.0	0.0
s__Parabacteroides distasonis (2)	0.0	0.0	0.0	0.0	1.0	0.0	1.0	0.0	0.0	0.0	0.0	0.0	0.0	0.0	7.0	0.0	0.0	0.0	0.0	0.0	12.0	0.0	0.0	0.0	0.0	1.0	0.0	0.0	0.0	0.0	0.0	0.0	5.0	0.0	0.0	0.0	7.0	0.0	0.0	0.0	0.0	40.0	0.0	0.0	0.0	0.0	0.0	0.0	0.0	0.0	0.0	112.0	0.0	78.0	0.0	0.0	0.0	0.0	0.0	0.0	0.0	0.0	0.0	0.0	0.0	16.0	0.0	0.0	0.0	0.0	0.0	0.0	3.0	0.0	9.0	15.0	0.0	0.0	6.0	0.0	0.0	0.0	0.0	0.0	0.0	0.0	0.0	0.0	0.0	0.0	284.0	0.0	0.0	0.0	0.0	0.0	0.0	0.0	0.0	0.0	0.0	0.0	0.0	0.0	0.0	0.0	0.0	0.0	0.0	3.0	0.0	0.0	0.0	0.0	0.0	0.0	0.0	0.0	0.0	0.0	0.0	12.0	0.0	0.0	13.0	0.0	0.0	0.0	0.0	0.0	0.0	6.0	0.0	0.0	0.0	0.0	0.0	0.0	0.0	0.0	0.0	17.0	0.0	0.0	0.0	0.0	2.0	1.0	0.0	0.0	0.0	0.0	8.0	0.0	0.0	0.0	0.0	34.0	0.0	0.0	0.0	0.0	0.0	0.0	0.0	0.0	0.0	4.0	1.0	0.0	0.0	0.0	0.0	0.0	29.0	0.0	0.0	3.0	0.0	0.0	0.0	0.0	0.0	0.0	0.0	0.0	0.0	39.0	0.0	0.0	0.0	0.0	0.0	6.0	0.0	0.0	5.0	0.0	0.0	0.0	11.0	0.0	0.0	3.0	0.0	0.0	0.0	0.0	0.0	0.0	0.0	0.0	0.0	0.0	0.0	0.0	0.0	0.0	3.0	0.0	0.0	0.0	0.0	0.0	0.0	0.0	0.0	0.0	0.0	0.0	0.0	0.0	0.0	0.0	5.0	0.0	0.0	0.0	0.0	0.0	5.0	0.0	0.0	0.0	0.0	0.0	0.0	0.0	0.0	0.0	0.0	0.0	0.0	0.0	0.0	0.0	0.0	0.0	0.0	0.0	1.0	0.0	0.0	0.0	0.0	0.0	0.0	0.0	0.0	0.0	0.0	0.0	0.0	0.0	0.0	0.0	6.0	0.0	0.0	0.0	1.0	0.0	0.0	0.0	0.0	0.0	0.0	0.0	0.0	0.0	9.0	0.0	0.0	0.0	0.0	0.0	0.0	0.0	0.0	0.0	0.0	0.0	0.0	0.0	2.0	0.0	0.0	0.0	6.0	0.0	0.0	0.0	0.0	0.0	3.0	0.0	3.0	0.0	0.0	0.0	0.0	0.0	0.0	0.0	0.0	0.0	0.0	0.0	0.0	20.0	0.0	0.0	4.0	0.0	0.0	0.0	0.0	0.0	0.0	0.0	0.0	0.0	0.0	0.0	0.0	0.0	0.0	0.0	0.0	0.0	0.0	0.0	0.0	0.0	0.0	0.0	0.0	0.0	0.0	0.0	0.0	3.0	225.0	0.0	0.0	0.0	0.0	0.0	0.0	0.0	0.0	0.0	0.0	0.0	0.0	0.0	0.0	0.0	46.0	0.0	0.0	0.0	0.0	0.0	0.0	0.0	177.0	0.0	0.0	0.0	0.0	0.0	0.0	0.0	23.0	0.0	0.0	0.0	0.0	409.0	1.0	0.0	0.0	0.0	0.0	0.0	0.0	7.0	0.0	0.0	0.0	0.0	0.0	0.0	0.0	10.0	0.0	0.0	0.0	0.0	0.0	0.0	0.0	0.0	0.0	10.0	0.0	0.0	0.0	0.0	0.0	0.0	0.0	0.0	18.0	0.0	0.0	0.0	0.0	0.0	0.0	0.0	1.0	0.0	0.0	0.0	0.0	0.0	0.0	0.0	0.0	0.0	0.0	0.0	0.0	0.0	9.0	10.0	0.0	0.0	0.0	0.0	0.0	0.0	8.0	0.0	0.0	0.0	0.0	0.0	0.0	0.0	0.0	1.0	0.0	0.0	0.0	7.0	0.0	0.0	8.0	0.0	0.0
s__Parabacteroides distasonis (4)	0.0	0.0	0.0	0.0	0.0	0.0	0.0	0.0	0.0	0.0	0.0	27.0	0.0	0.0	0.0	0.0	0.0	0.0	0.0	11.0	0.0	0.0	0.0	0.0	0.0	7.0	0.0	0.0	1.0	0.0	0.0	20.0	1.0	0.0	0.0	0.0	1.0	0.0	0.0	0.0	0.0	0.0	0.0	9.0	0.0	0.0	0.0	0.0	0.0	24.0	0.0	0.0	0.0	0.0	22.0	0.0	0.0	0.0	0.0	0.0	0.0	0.0	0.0	0.0	0.0	0.0	0.0	0.0	0.0	0.0	0.0	0.0	2.0	1.0	0.0	1.0	0.0	0.0	0.0	0.0	0.0	0.0	0.0	0.0	51.0	0.0	0.0	0.0	0.0	0.0	0.0	0.0	0.0	0.0	0.0	0.0	0.0	33.0	0.0	0.0	0.0	0.0	0.0	0.0	3.0	0.0	0.0	0.0	0.0	0.0	0.0	0.0	0.0	0.0	0.0	0.0	0.0	0.0	0.0	0.0	0.0	0.0	0.0	0.0	0.0	0.0	0.0	55.0	0.0	0.0	0.0	0.0	0.0	0.0	4.0	0.0	0.0	0.0	0.0	0.0	0.0	0.0	0.0	0.0	0.0	0.0	0.0	0.0	0.0	0.0	0.0	7.0	0.0	0.0	0.0	0.0	0.0	0.0	0.0	0.0	0.0	0.0	0.0	0.0	6.0	0.0	0.0	0.0	0.0	0.0	0.0	7.0	0.0	3.0	0.0	0.0	0.0	0.0	0.0	0.0	0.0	0.0	0.0	0.0	0.0	0.0	0.0	7.0	0.0	13.0	0.0	0.0	0.0	0.0	20.0	0.0	0.0	0.0	0.0	0.0	0.0	0.0	7.0	0.0	0.0	4.0	0.0	0.0	0.0	0.0	0.0	0.0	0.0	5.0	0.0	3.0	0.0	93.0	3.0	0.0	0.0	0.0	0.0	0.0	0.0	0.0	0.0	0.0	0.0	0.0	2.0	4.0	0.0	0.0	0.0	0.0	0.0	0.0	0.0	0.0	0.0	0.0	0.0	0.0	0.0	0.0	57.0	0.0	0.0	0.0	0.0	0.0	12.0	0.0	0.0	0.0	0.0	0.0	0.0	0.0	0.0	1.0	0.0	0.0	0.0	0.0	0.0	0.0	0.0	0.0	0.0	0.0	0.0	0.0	0.0	0.0	0.0	0.0	0.0	0.0	0.0	0.0	11.0	0.0	0.0	0.0	0.0	0.0	0.0	0.0	0.0	0.0	0.0	0.0	0.0	0.0	0.0	0.0	0.0	0.0	0.0	0.0	0.0	0.0	1.0	0.0	0.0	0.0	0.0	0.0	0.0	0.0	1.0	0.0	0.0	0.0	3.0	0.0	0.0	0.0	0.0	0.0	0.0	8.0	0.0	0.0	0.0	0.0	0.0	0.0	0.0	0.0	0.0	0.0	0.0	0.0	0.0	0.0	0.0	0.0	0.0	0.0	0.0	0.0	6.0	0.0	0.0	0.0	0.0	0.0	0.0	0.0	0.0	0.0	0.0	0.0	0.0	30.0	0.0	12.0	0.0	0.0	11.0	20.0	9.0	0.0	0.0	0.0	26.0	0.0	0.0	0.0	0.0	0.0	0.0	0.0	0.0	9.0	0.0	0.0	0.0	0.0	0.0	0.0	0.0	0.0	0.0	0.0	0.0	54.0	0.0	0.0	0.0	69.0	0.0	0.0	0.0	0.0	0.0	0.0	8.0	0.0	0.0	0.0	0.0	6.0	133.0	0.0	0.0	0.0	0.0	23.0	0.0	0.0	0.0	0.0	0.0	0.0	0.0	0.0	0.0	0.0	0.0	0.0	0.0	0.0	0.0	0.0	0.0	0.0	0.0	24.0	0.0	0.0	0.0	0.0	0.0	0.0	0.0	0.0	213.0	0.0	0.0	30.0	0.0	14.0	20.0	0.0	0.0	0.0	0.0	0.0	0.0	0.0	0.0	0.0	0.0	0.0	0.0	5.0	0.0	0.0	0.0	0.0	0.0	3.0	0.0	0.0	67.0	0.0	0.0	0.0	0.0	0.0	7.0	0.0	0.0	0.0	0.0	0.0	0.0	0.0	0.0
s__Parabacteroides distasonis (3)	0.0	0.0	0.0	0.0	0.0	0.0	0.0	0.0	5.0	0.0	0.0	0.0	0.0	0.0	0.0	0.0	8.0	0.0	0.0	13.0	0.0	0.0	0.0	0.0	0.0	0.0	0.0	0.0	0.0	0.0	0.0	0.0	0.0	0.0	0.0	0.0	0.0	0.0	23.0	0.0	28.0	0.0	0.0	3.0	0.0	0.0	0.0	0.0	0.0	0.0	0.0	0.0	0.0	0.0	0.0	0.0	0.0	0.0	0.0	0.0	0.0	0.0	0.0	0.0	0.0	0.0	0.0	0.0	0.0	0.0	0.0	0.0	0.0	0.0	0.0	0.0	0.0	0.0	0.0	0.0	93.0	0.0	0.0	0.0	27.0	0.0	11.0	0.0	0.0	8.0	0.0	0.0	0.0	0.0	0.0	0.0	0.0	0.0	0.0	0.0	0.0	0.0	0.0	0.0	80.0	0.0	0.0	0.0	0.0	0.0	0.0	0.0	0.0	0.0	0.0	0.0	0.0	0.0	0.0	0.0	0.0	0.0	0.0	0.0	0.0	0.0	0.0	20.0	0.0	0.0	9.0	0.0	0.0	0.0	21.0	0.0	0.0	0.0	0.0	0.0	0.0	0.0	0.0	18.0	0.0	0.0	0.0	0.0	0.0	0.0	0.0	0.0	0.0	11.0	3.0	0.0	0.0	0.0	0.0	0.0	0.0	0.0	0.0	0.0	36.0	0.0	0.0	0.0	0.0	0.0	0.0	0.0	0.0	0.0	0.0	0.0	0.0	0.0	0.0	0.0	0.0	0.0	0.0	0.0	0.0	0.0	8.0	28.0	0.0	0.0	0.0	0.0	0.0	0.0	316.0	5.0	0.0	0.0	0.0	0.0	0.0	0.0	0.0	0.0	0.0	0.0	0.0	0.0	0.0	0.0	0.0	0.0	0.0	0.0	0.0	16.0	0.0	0.0	0.0	0.0	0.0	0.0	0.0	0.0	0.0	0.0	9.0	0.0	0.0	0.0	0.0	0.0	0.0	0.0	0.0	0.0	0.0	0.0	0.0	0.0	0.0	0.0	0.0	0.0	8.0	0.0	0.0	10.0	0.0	0.0	0.0	0.0	0.0	0.0	0.0	0.0	0.0	0.0	0.0	0.0	16.0	0.0	0.0	0.0	14.0	0.0	0.0	0.0	16.0	0.0	0.0	0.0	0.0	0.0	0.0	0.0	0.0	0.0	0.0	0.0	0.0	0.0	0.0	0.0	0.0	0.0	0.0	0.0	0.0	0.0	0.0	0.0	0.0	0.0	0.0	0.0	0.0	0.0	0.0	0.0	0.0	0.0	0.0	0.0	0.0	4.0	0.0	0.0	0.0	0.0	0.0	0.0	0.0	0.0	0.0	0.0	0.0	0.0	0.0	0.0	0.0	19.0	0.0	0.0	0.0	0.0	0.0	0.0	0.0	0.0	0.0	0.0	0.0	0.0	1.0	0.0	1.0	0.0	0.0	0.0	10.0	8.0	0.0	0.0	0.0	0.0	0.0	0.0	21.0	0.0	0.0	0.0	0.0	0.0	0.0	0.0	0.0	0.0	0.0	0.0	5.0	0.0	0.0	3.0	0.0	0.0	0.0	0.0	0.0	0.0	0.0	0.0	0.0	0.0	0.0	0.0	0.0	0.0	0.0	0.0	17.0	58.0	14.0	0.0	84.0	0.0	0.0	0.0	0.0	0.0	0.0	0.0	0.0	0.0	0.0	0.0	0.0	0.0	0.0	0.0	0.0	0.0	0.0	0.0	5.0	0.0	0.0	0.0	0.0	0.0	33.0	0.0	0.0	0.0	0.0	0.0	0.0	0.0	0.0	10.0	0.0	0.0	0.0	0.0	0.0	0.0	0.0	19.0	0.0	0.0	0.0	35.0	0.0	0.0	0.0	0.0	26.0	0.0	0.0	0.0	0.0	0.0	0.0	290.0	0.0	0.0	0.0	0.0	0.0	0.0	0.0	0.0	5.0	30.0	0.0	0.0	0.0	0.0	0.0	0.0	0.0	0.0	2.0	0.0	0.0	24.0	0.0	0.0	0.0	0.0	0.0	0.0	50.0	0.0	1.0	0.0	81.0	0.0	10.0	0.0	0.0	2.0	0.0
s__Bacteroides fragilis (2)	0.0	0.0	10.0	32.0	0.0	0.0	0.0	0.0	0.0	0.0	21.0	0.0	0.0	0.0	0.0	0.0	43.0	0.0	0.0	1.0	0.0	0.0	0.0	0.0	0.0	0.0	25.0	0.0	0.0	0.0	0.0	0.0	0.0	0.0	0.0	0.0	0.0	476.0	0.0	173.0	4.0	0.0	0.0	9.0	0.0	0.0	0.0	21.0	0.0	9.0	0.0	3.0	0.0	0.0	324.0	0.0	9.0	0.0	0.0	0.0	0.0	0.0	0.0	0.0	0.0	0.0	0.0	1453.0	0.0	0.0	0.0	0.0	0.0	0.0	0.0	0.0	0.0	0.0	0.0	0.0	0.0	0.0	0.0	0.0	0.0	0.0	19.0	0.0	0.0	0.0	0.0	0.0	0.0	0.0	30.0	0.0	0.0	0.0	0.0	0.0	0.0	0.0	2.0	8.0	772.0	0.0	120.0	0.0	0.0	0.0	1098.0	0.0	0.0	0.0	0.0	14.0	1514.0	163.0	0.0	0.0	0.0	0.0	274.0	0.0	0.0	11.0	0.0	6.0	0.0	0.0	0.0	0.0	0.0	36.0	33.0	0.0	0.0	0.0	0.0	0.0	0.0	0.0	143.0	0.0	0.0	31.0	53.0	5.0	0.0	0.0	0.0	0.0	31.0	0.0	379.0	0.0	0.0	0.0	983.0	0.0	0.0	36.0	0.0	0.0	0.0	296.0	16.0	0.0	0.0	0.0	0.0	15.0	0.0	47.0	98.0	52.0	0.0	0.0	0.0	0.0	0.0	0.0	706.0	0.0	0.0	0.0	0.0	21.0	0.0	0.0	0.0	0.0	0.0	0.0	0.0	0.0	0.0	0.0	62.0	0.0	0.0	0.0	4.0	0.0	0.0	0.0	0.0	0.0	0.0	0.0	0.0	0.0	0.0	0.0	0.0	0.0	0.0	0.0	0.0	54.0	0.0	0.0	0.0	0.0	0.0	19.0	0.0	985.0	0.0	0.0	5.0	0.0	2.0	0.0	0.0	5.0	0.0	0.0	0.0	1.0	0.0	0.0	0.0	0.0	0.0	0.0	99.0	4.0	0.0	190.0	0.0	0.0	0.0	33.0	0.0	0.0	0.0	0.0	0.0	0.0	262.0	0.0	0.0	10.0	2.0	0.0	0.0	1.0	0.0	0.0	2.0	0.0	0.0	0.0	0.0	0.0	0.0	0.0	0.0	0.0	1.0	0.0	14.0	0.0	0.0	0.0	0.0	1.0	0.0	0.0	0.0	0.0	0.0	0.0	0.0	0.0	0.0	20.0	0.0	0.0	0.0	0.0	0.0	0.0	0.0	0.0	0.0	0.0	0.0	0.0	0.0	0.0	44.0	14.0	0.0	0.0	0.0	0.0	496.0	2.0	0.0	0.0	0.0	28.0	3.0	0.0	0.0	32.0	0.0	0.0	0.0	0.0	0.0	0.0	0.0	0.0	0.0	0.0	0.0	0.0	0.0	0.0	0.0	3.0	0.0	0.0	0.0	25.0	0.0	1.0	0.0	0.0	0.0	42.0	1.0	4.0	0.0	0.0	0.0	0.0	0.0	0.0	33.0	0.0	0.0	65.0	0.0	0.0	0.0	0.0	0.0	0.0	0.0	0.0	0.0	0.0	0.0	0.0	0.0	0.0	0.0	0.0	31.0	0.0	57.0	0.0	0.0	0.0	0.0	0.0	0.0	6.0	0.0	200.0	0.0	0.0	0.0	0.0	0.0	0.0	0.0	62.0	0.0	0.0	0.0	0.0	0.0	0.0	0.0	0.0	0.0	0.0	5.0	328.0	0.0	0.0	0.0	0.0	0.0	0.0	0.0	0.0	0.0	0.0	0.0	0.0	0.0	0.0	0.0	0.0	0.0	0.0	0.0	0.0	0.0	0.0	0.0	0.0	2825.0	0.0	0.0	0.0	0.0	0.0	0.0	0.0	0.0	0.0	0.0	0.0	0.0	0.0	0.0	0.0	0.0	0.0	0.0	0.0	0.0	0.0	1.0	0.0	0.0	0.0	0.0	0.0	0.0	0.0	0.0	8.0	0.0	4.0	0.0	0.0	2.0	0.0	0.0	0.0	0.0	691.0	0.0	0.0	3417.0
g__Nanosynbacter (1)	1.0	0.0	0.0	0.0	0.0	0.0	0.0	0.0	0.0	0.0	0.0	0.0	0.0	0.0	0.0	3.0	0.0	0.0	0.0	0.0	0.0	0.0	0.0	0.0	0.0	0.0	0.0	0.0	0.0	0.0	3.0	0.0	0.0	0.0	1.0	3.0	0.0	2.0	0.0	1.0	0.0	0.0	1.0	1.0	0.0	0.0	2.0	1.0	4.0	0.0	0.0	0.0	0.0	0.0	0.0	0.0	0.0	0.0	1.0	0.0	0.0	0.0	0.0	3.0	0.0	0.0	0.0	0.0	0.0	0.0	0.0	0.0	0.0	0.0	0.0	0.0	0.0	6.0	0.0	0.0	0.0	0.0	0.0	0.0	0.0	0.0	0.0	0.0	0.0	0.0	0.0	0.0	0.0	1.0	0.0	0.0	0.0	0.0	0.0	0.0	0.0	0.0	0.0	0.0	0.0	0.0	0.0	0.0	0.0	0.0	0.0	0.0	1.0	1.0	0.0	0.0	0.0	0.0	0.0	0.0	0.0	0.0	0.0	0.0	0.0	0.0	0.0	0.0	0.0	0.0	0.0	0.0	0.0	0.0	0.0	0.0	0.0	0.0	0.0	0.0	0.0	0.0	0.0	0.0	3.0	0.0	0.0	0.0	0.0	0.0	0.0	0.0	0.0	0.0	2.0	0.0	0.0	0.0	0.0	0.0	0.0	0.0	0.0	0.0	0.0	0.0	0.0	0.0	0.0	1.0	0.0	0.0	0.0	0.0	5.0	0.0	1.0	0.0	0.0	0.0	0.0	0.0	0.0	0.0	0.0	0.0	0.0	0.0	0.0	0.0	0.0	0.0	7.0	0.0	0.0	0.0	0.0	2.0	0.0	2.0	0.0	0.0	0.0	0.0	0.0	0.0	0.0	2.0	0.0	0.0	0.0	0.0	2.0	0.0	0.0	0.0	1.0	0.0	0.0	0.0	0.0	0.0	0.0	0.0	0.0	0.0	0.0	0.0	0.0	0.0	0.0	0.0	0.0	0.0	1.0	0.0	0.0	0.0	0.0	0.0	0.0	0.0	0.0	0.0	0.0	0.0	0.0	0.0	0.0	0.0	0.0	0.0	3.0	0.0	0.0	0.0	0.0	0.0	0.0	0.0	0.0	0.0	0.0	0.0	0.0	0.0	0.0	0.0	0.0	0.0	0.0	0.0	0.0	0.0	0.0	0.0	0.0	0.0	0.0	0.0	0.0	0.0	0.0	0.0	0.0	0.0	0.0	0.0	0.0	0.0	0.0	0.0	0.0	0.0	0.0	0.0	0.0	0.0	0.0	0.0	0.0	0.0	0.0	1.0	0.0	0.0	0.0	0.0	0.0	0.0	0.0	0.0	0.0	0.0	0.0	0.0	0.0	0.0	2.0	5.0	0.0	0.0	2.0	0.0	0.0	0.0	0.0	0.0	0.0	0.0	0.0	0.0	0.0	0.0	0.0	0.0	0.0	0.0	0.0	0.0	0.0	0.0	0.0	0.0	0.0	0.0	0.0	0.0	0.0	0.0	0.0	0.0	0.0	0.0	3.0	0.0	0.0	0.0	1.0	0.0	0.0	0.0	0.0	0.0	0.0	0.0	0.0	0.0	0.0	2.0	0.0	0.0	0.0	0.0	0.0	0.0	0.0	0.0	0.0	0.0	0.0	1.0	0.0	0.0	0.0	0.0	0.0	0.0	0.0	0.0	0.0	0.0	0.0	0.0	0.0	0.0	1.0	0.0	0.0	0.0	1.0	0.0	0.0	1.0	0.0	0.0	0.0	0.0	0.0	0.0	0.0	0.0	2.0	0.0	0.0	0.0	0.0	0.0	0.0	0.0	0.0	0.0	0.0	0.0	0.0	0.0	0.0	0.0	0.0	0.0	1.0	0.0	0.0	0.0	0.0	0.0	0.0	0.0	0.0	0.0	0.0	0.0	0.0	0.0	0.0	0.0	0.0	0.0	3.0	2.0	2.0	1.0	4.0	0.0	0.0	0.0	0.0	2.0	0.0	0.0	0.0	0.0	0.0	0.0	1.0	0.0	0.0	2.0	0.0	0.0	0.0	0.0	0.0	0.0	2.0	0.0	1.0	0.0	0.0	0.0	0.0	0.0	0.0
s__Hominenteromicrobium mulieris (1)	0.0	0.0	0.0	0.0	21.0	0.0	0.0	0.0	0.0	0.0	0.0	0.0	0.0	0.0	34.0	0.0	11.0	0.0	0.0	33.0	0.0	0.0	0.0	4.0	0.0	46.0	0.0	0.0	14.0	0.0	0.0	0.0	3.0	0.0	0.0	0.0	42.0	0.0	3.0	0.0	0.0	0.0	0.0	0.0	0.0	0.0	0.0	0.0	0.0	0.0	0.0	0.0	0.0	0.0	0.0	0.0	0.0	4.0	34.0	0.0	170.0	0.0	0.0	0.0	0.0	0.0	6.0	0.0	7.0	46.0	0.0	0.0	89.0	39.0	0.0	37.0	42.0	0.0	0.0	0.0	0.0	1.0	0.0	0.0	0.0	0.0	219.0	0.0	0.0	0.0	0.0	0.0	0.0	0.0	0.0	0.0	0.0	22.0	0.0	0.0	0.0	0.0	0.0	25.0	0.0	0.0	0.0	0.0	0.0	0.0	0.0	0.0	13.0	0.0	3.0	19.0	0.0	24.0	0.0	0.0	0.0	0.0	0.0	92.0	0.0	8.0	0.0	0.0	279.0	0.0	41.0	10.0	0.0	0.0	0.0	0.0	0.0	0.0	0.0	0.0	0.0	0.0	0.0	12.0	0.0	39.0	0.0	0.0	32.0	0.0	0.0	0.0	46.0	0.0	0.0	11.0	0.0	0.0	0.0	0.0	8.0	0.0	7.0	0.0	0.0	0.0	3.0	18.0	14.0	0.0	0.0	31.0	0.0	0.0	0.0	0.0	0.0	7.0	0.0	6.0	2.0	0.0	0.0	0.0	0.0	0.0	6.0	0.0	0.0	26.0	35.0	0.0	0.0	0.0	0.0	16.0	0.0	0.0	0.0	0.0	4.0	0.0	15.0	0.0	0.0	0.0	0.0	32.0	8.0	1.0	0.0	0.0	0.0	2.0	0.0	111.0	1.0	4.0	0.0	9.0	8.0	0.0	0.0	0.0	0.0	0.0	75.0	0.0	0.0	0.0	31.0	0.0	0.0	88.0	0.0	0.0	20.0	0.0	0.0	0.0	7.0	0.0	0.0	0.0	12.0	13.0	48.0	0.0	261.0	0.0	0.0	0.0	12.0	0.0	0.0	0.0	22.0	62.0	0.0	0.0	0.0	34.0	0.0	0.0	0.0	5.0	16.0	0.0	0.0	0.0	0.0	0.0	0.0	94.0	0.0	25.0	0.0	75.0	6.0	0.0	0.0	0.0	0.0	0.0	0.0	0.0	0.0	0.0	0.0	246.0	7.0	0.0	0.0	0.0	2.0	76.0	2.0	0.0	0.0	0.0	0.0	0.0	50.0	1.0	12.0	9.0	17.0	0.0	0.0	0.0	0.0	4.0	90.0	17.0	0.0	0.0	17.0	0.0	0.0	0.0	0.0	25.0	0.0	0.0	0.0	0.0	0.0	0.0	0.0	5.0	0.0	0.0	0.0	0.0	43.0	0.0	0.0	0.0	0.0	0.0	9.0	177.0	4.0	0.0	0.0	0.0	0.0	0.0	0.0	0.0	0.0	10.0	0.0	0.0	0.0	0.0	0.0	59.0	6.0	0.0	2.0	0.0	0.0	0.0	5.0	15.0	1.0	0.0	0.0	25.0	0.0	0.0	0.0	0.0	0.0	0.0	0.0	0.0	0.0	0.0	0.0	25.0	0.0	0.0	0.0	0.0	0.0	0.0	0.0	0.0	0.0	0.0	0.0	0.0	0.0	0.0	173.0	0.0	0.0	0.0	0.0	0.0	9.0	2.0	0.0	34.0	0.0	0.0	48.0	12.0	0.0	0.0	0.0	0.0	0.0	0.0	0.0	0.0	2.0	0.0	0.0	38.0	0.0	0.0	0.0	0.0	0.0	0.0	0.0	0.0	0.0	0.0	0.0	0.0	44.0	0.0	0.0	0.0	0.0	0.0	0.0	65.0	0.0	0.0	0.0	22.0	11.0	66.0	0.0	0.0	0.0	0.0	0.0	0.0	0.0	0.0	0.0	0.0	2.0	6.0	16.0	16.0	25.0	0.0	8.0	0.0	0.0	0.0	0.0	0.0	0.0	0.0	0.0	0.0	0.0	1.0	0.0	0.0	111.0	0.0	1.0	0.0	0.0
s__Acutalibacter timonensis (1)	0.0	0.0	0.0	3.0	0.0	0.0	2.0	0.0	0.0	0.0	0.0	14.0	0.0	0.0	6.0	0.0	0.0	0.0	0.0	0.0	0.0	0.0	0.0	0.0	6.0	0.0	0.0	0.0	0.0	33.0	0.0	0.0	0.0	0.0	0.0	0.0	0.0	0.0	0.0	0.0	0.0	0.0	0.0	0.0	68.0	0.0	0.0	0.0	0.0	0.0	0.0	27.0	0.0	0.0	0.0	0.0	0.0	0.0	0.0	0.0	0.0	0.0	160.0	0.0	0.0	0.0	0.0	0.0	0.0	0.0	20.0	0.0	0.0	0.0	0.0	0.0	0.0	0.0	0.0	33.0	0.0	23.0	0.0	0.0	0.0	0.0	0.0	0.0	0.0	0.0	0.0	0.0	0.0	0.0	167.0	0.0	0.0	0.0	0.0	0.0	2.0	0.0	0.0	5.0	0.0	0.0	0.0	0.0	0.0	2.0	0.0	0.0	0.0	0.0	0.0	0.0	1.0	0.0	0.0	0.0	1.0	0.0	0.0	0.0	0.0	0.0	0.0	10.0	0.0	0.0	0.0	0.0	0.0	0.0	0.0	0.0	0.0	0.0	11.0	0.0	0.0	0.0	0.0	0.0	0.0	0.0	35.0	0.0	158.0	82.0	34.0	0.0	0.0	0.0	1.0	0.0	0.0	0.0	3.0	0.0	0.0	0.0	0.0	0.0	0.0	0.0	17.0	0.0	0.0	0.0	2.0	0.0	0.0	0.0	0.0	46.0	0.0	0.0	0.0	0.0	0.0	14.0	0.0	0.0	0.0	0.0	0.0	9.0	0.0	0.0	0.0	0.0	0.0	0.0	0.0	0.0	0.0	3.0	124.0	0.0	0.0	0.0	0.0	0.0	0.0	0.0	0.0	0.0	0.0	0.0	0.0	0.0	0.0	0.0	0.0	0.0	0.0	16.0	0.0	0.0	0.0	0.0	0.0	30.0	0.0	0.0	0.0	0.0	0.0	0.0	2.0	0.0	0.0	0.0	0.0	0.0	0.0	0.0	0.0	0.0	0.0	0.0	0.0	0.0	0.0	0.0	13.0	0.0	0.0	0.0	7.0	0.0	0.0	25.0	0.0	0.0	0.0	25.0	0.0	0.0	0.0	0.0	2.0	0.0	11.0	0.0	24.0	17.0	0.0	0.0	0.0	0.0	0.0	0.0	26.0	0.0	0.0	0.0	0.0	0.0	0.0	0.0	0.0	0.0	0.0	0.0	0.0	0.0	0.0	0.0	0.0	0.0	0.0	0.0	0.0	0.0	0.0	0.0	0.0	0.0	0.0	16.0	0.0	0.0	0.0	0.0	0.0	0.0	26.0	0.0	0.0	0.0	41.0	0.0	0.0	0.0	0.0	0.0	0.0	0.0	0.0	0.0	0.0	0.0	0.0	0.0	0.0	0.0	0.0	0.0	0.0	0.0	0.0	2.0	0.0	1.0	0.0	0.0	1.0	0.0	0.0	0.0	0.0	6.0	0.0	0.0	4.0	0.0	1.0	0.0	0.0	0.0	0.0	0.0	0.0	0.0	0.0	0.0	0.0	0.0	0.0	0.0	0.0	0.0	0.0	134.0	0.0	0.0	0.0	0.0	0.0	0.0	0.0	0.0	0.0	20.0	0.0	0.0	1.0	0.0	0.0	0.0	0.0	0.0	3.0	4.0	0.0	0.0	0.0	0.0	0.0	21.0	0.0	0.0	0.0	0.0	1.0	0.0	0.0	0.0	0.0	0.0	0.0	0.0	0.0	0.0	14.0	7.0	0.0	0.0	0.0	0.0	0.0	0.0	0.0	0.0	0.0	0.0	0.0	0.0	0.0	0.0	0.0	0.0	0.0	26.0	1.0	0.0	0.0	0.0	33.0	6.0	0.0	0.0	0.0	0.0	0.0	3.0	0.0	0.0	0.0	0.0	17.0	0.0	120.0	0.0	0.0	0.0	0.0	0.0	0.0	1.0	0.0	0.0	0.0	0.0	12.0	0.0	0.0	0.0	0.0	0.0	0.0	0.0	0.0	0.0	0.0	0.0	0.0	0.0	22.0	2.0	0.0	7.0	0.0	2.0	0.0	0.0	0.0	0.0	0.0	0.0	0.0
s__Blautia sp900541955 (1)	30.0	0.0	19.0	0.0	0.0	0.0	2.0	0.0	0.0	0.0	21.0	0.0	0.0	0.0	33.0	0.0	0.0	0.0	6.0	7.0	0.0	0.0	0.0	14.0	175.0	0.0	8.0	0.0	0.0	0.0	1018.0	0.0	0.0	0.0	0.0	0.0	0.0	0.0	0.0	0.0	0.0	0.0	47.0	0.0	0.0	0.0	0.0	4.0	0.0	22.0	0.0	0.0	47.0	0.0	9.0	0.0	19.0	0.0	0.0	35.0	0.0	2.0	166.0	0.0	107.0	0.0	0.0	0.0	0.0	0.0	6.0	0.0	0.0	0.0	5.0	0.0	20.0	0.0	3.0	0.0	0.0	0.0	0.0	0.0	0.0	0.0	0.0	0.0	0.0	244.0	6.0	0.0	0.0	19.0	8.0	16.0	10.0	0.0	0.0	18.0	14.0	0.0	0.0	0.0	315.0	5.0	0.0	0.0	0.0	0.0	3.0	0.0	0.0	0.0	0.0	0.0	376.0	10.0	0.0	0.0	0.0	0.0	1.0	14.0	9.0	0.0	0.0	5.0	0.0	0.0	0.0	0.0	1.0	14.0	2.0	0.0	0.0	24.0	0.0	0.0	0.0	0.0	68.0	0.0	408.0	0.0	31.0	0.0	0.0	0.0	25.0	0.0	6.0	0.0	0.0	0.0	0.0	0.0	276.0	0.0	0.0	4.0	0.0	0.0	43.0	95.0	0.0	0.0	0.0	0.0	0.0	0.0	0.0	126.0	36.0	0.0	0.0	0.0	0.0	0.0	0.0	0.0	20.0	168.0	68.0	0.0	0.0	7.0	13.0	0.0	0.0	36.0	0.0	0.0	28.0	0.0	0.0	12.0	0.0	0.0	0.0	0.0	0.0	8.0	0.0	0.0	21.0	62.0	0.0	0.0	27.0	0.0	0.0	0.0	0.0	0.0	0.0	0.0	4.0	13.0	0.0	0.0	0.0	0.0	0.0	0.0	0.0	9.0	0.0	0.0	0.0	4.0	0.0	0.0	0.0	0.0	0.0	0.0	4.0	0.0	0.0	9.0	0.0	2.0	0.0	0.0	12.0	9.0	0.0	0.0	13.0	0.0	0.0	23.0	0.0	0.0	0.0	0.0	0.0	25.0	0.0	13.0	0.0	0.0	0.0	0.0	0.0	0.0	6.0	0.0	0.0	0.0	0.0	0.0	0.0	0.0	0.0	0.0	0.0	0.0	0.0	0.0	0.0	29.0	0.0	0.0	0.0	2.0	39.0	0.0	0.0	0.0	0.0	0.0	0.0	0.0	0.0	0.0	0.0	0.0	0.0	0.0	0.0	0.0	0.0	0.0	0.0	0.0	4.0	19.0	9.0	0.0	0.0	29.0	0.0	87.0	0.0	3.0	0.0	0.0	0.0	0.0	0.0	0.0	0.0	34.0	110.0	22.0	205.0	0.0	215.0	0.0	0.0	20.0	0.0	9.0	185.0	0.0	35.0	12.0	0.0	0.0	0.0	4.0	24.0	0.0	22.0	70.0	0.0	161.0	0.0	0.0	7.0	8.0	0.0	0.0	0.0	13.0	0.0	0.0	0.0	0.0	0.0	0.0	12.0	0.0	0.0	0.0	15.0	5.0	13.0	0.0	12.0	19.0	0.0	0.0	0.0	88.0	0.0	0.0	10.0	0.0	0.0	0.0	0.0	0.0	0.0	0.0	0.0	0.0	64.0	0.0	34.0	26.0	0.0	0.0	0.0	18.0	0.0	15.0	0.0	0.0	0.0	0.0	0.0	0.0	0.0	0.0	0.0	0.0	0.0	15.0	0.0	60.0	0.0	0.0	0.0	0.0	0.0	110.0	46.0	0.0	32.0	42.0	0.0	92.0	0.0	1.0	27.0	0.0	44.0	0.0	93.0	0.0	0.0	818.0	37.0	38.0	0.0	0.0	0.0	0.0	0.0	0.0	0.0	0.0	17.0	0.0	73.0	0.0	0.0	0.0	0.0	2.0	0.0	0.0	0.0	75.0	0.0	0.0	30.0	0.0	0.0	0.0	4.0	61.0	1709.0	0.0	0.0	0.0	0.0	0.0	0.0	0.0	0.0	0.0	0.0	989.0	8.0	0.0	0.0	0.0	0.0
g__Dorea_A (1)	339.0	0.0	47.0	155.0	124.0	0.0	0.0	204.0	0.0	0.0	158.0	115.0	15.0	211.0	0.0	0.0	92.0	41.0	0.0	59.0	0.0	35.0	0.0	407.0	131.0	75.0	47.0	33.0	49.0	0.0	0.0	0.0	121.0	0.0	0.0	0.0	41.0	0.0	107.0	0.0	56.0	241.0	0.0	76.0	0.0	0.0	0.0	145.0	0.0	59.0	7.0	0.0	107.0	105.0	5.0	0.0	0.0	67.0	80.0	0.0	256.0	5.0	0.0	421.0	0.0	0.0	32.0	0.0	179.0	118.0	0.0	215.0	151.0	139.0	2.0	66.0	0.0	0.0	141.0	0.0	0.0	1.0	0.0	4.0	0.0	0.0	59.0	0.0	97.0	90.0	122.0	0.0	38.0	384.0	0.0	0.0	0.0	82.0	0.0	0.0	119.0	0.0	34.0	0.0	0.0	72.0	31.0	0.0	56.0	160.0	125.0	0.0	1252.0	0.0	41.0	68.0	0.0	95.0	53.0	16.0	100.0	0.0	90.0	30.0	135.0	144.0	5.0	0.0	221.0	143.0	159.0	78.0	0.0	71.0	0.0	121.0	0.0	42.0	0.0	0.0	0.0	39.0	317.0	37.0	0.0	0.0	81.0	317.0	148.0	0.0	26.0	0.0	78.0	130.0	0.0	112.0	32.0	0.0	0.0	220.0	169.0	3.0	83.0	0.0	0.0	0.0	101.0	52.0	38.0	0.0	43.0	48.0	133.0	0.0	179.0	67.0	0.0	96.0	30.0	29.0	267.0	28.0	0.0	0.0	0.0	74.0	193.0	0.0	0.0	50.0	58.0	0.0	0.0	41.0	0.0	62.0	0.0	162.0	0.0	0.0	44.0	161.0	149.0	422.0	0.0	1.0	0.0	51.0	158.0	46.0	0.0	0.0	0.0	145.0	0.0	15.0	29.0	28.0	80.0	80.0	102.0	57.0	41.0	0.0	1.0	0.0	58.0	237.0	0.0	0.0	0.0	91.0	0.0	11.0	179.0	0.0	77.0	247.0	207.0	0.0	46.0	67.0	33.0	77.0	51.0	73.0	0.0	0.0	27.0	0.0	0.0	0.0	71.0	90.0	0.0	254.0	0.0	22.0	0.0	70.0	0.0	60.0	4.0	45.0	58.0	43.0	21.0	31.0	219.0	0.0	18.0	255.0	0.0	50.0	40.0	276.0	2.0	131.0	45.0	0.0	1.0	0.0	42.0	123.0	0.0	0.0	0.0	0.0	99.0	66.0	91.0	0.0	462.0	48.0	48.0	158.0	187.0	466.0	0.0	0.0	0.0	364.0	33.0	259.0	61.0	59.0	160.0	0.0	133.0	112.0	0.0	163.0	123.0	388.0	46.0	0.0	71.0	127.0	0.0	0.0	214.0	139.0	0.0	112.0	0.0	0.0	415.0	0.0	0.0	212.0	0.0	0.0	127.0	83.0	120.0	0.0	91.0	165.0	0.0	55.0	33.0	232.0	29.0	267.0	40.0	7.0	0.0	59.0	70.0	0.0	632.0	144.0	0.0	0.0	0.0	0.0	211.0	0.0	0.0	75.0	29.0	0.0	4.0	0.0	181.0	128.0	108.0	0.0	203.0	33.0	0.0	0.0	105.0	152.0	0.0	25.0	0.0	89.0	34.0	0.0	51.0	0.0	13.0	64.0	0.0	272.0	0.0	0.0	0.0	50.0	0.0	152.0	170.0	101.0	0.0	37.0	77.0	0.0	0.0	0.0	22.0	93.0	17.0	433.0	61.0	81.0	86.0	277.0	192.0	44.0	87.0	117.0	0.0	245.0	0.0	47.0	26.0	328.0	106.0	0.0	0.0	26.0	114.0	0.0	63.0	1.0	0.0	0.0	0.0	74.0	0.0	0.0	0.0	0.0	37.0	0.0	0.0	0.0	0.0	0.0	0.0	0.0	60.0	0.0	96.0	87.0	0.0	82.0	0.0	1.0	0.0	0.0	0.0	0.0	24.0	151.0	60.0	0.0	0.0	80.0	153.0	9.0	49.0	129.0	11.0	0.0	0.0	51.0	0.0	0.0	0.0	0.0	112.0	150.0	175.0	72.0	0.0	186.0	37.0	0.0	63.0	260.0	2.0
s__Merdivicinus intestinigallinarum (1)	1.0	0.0	0.0	0.0	0.0	0.0	0.0	0.0	2.0	0.0	0.0	0.0	0.0	35.0	0.0	0.0	0.0	0.0	0.0	0.0	0.0	0.0	0.0	0.0	43.0	0.0	0.0	0.0	0.0	0.0	0.0	0.0	0.0	0.0	0.0	0.0	0.0	0.0	0.0	0.0	0.0	0.0	0.0	0.0	0.0	0.0	0.0	0.0	0.0	0.0	7.0	0.0	0.0	4.0	0.0	0.0	0.0	0.0	1.0	0.0	0.0	0.0	55.0	0.0	0.0	0.0	0.0	0.0	4.0	6.0	0.0	0.0	0.0	0.0	0.0	0.0	0.0	0.0	0.0	0.0	15.0	0.0	0.0	0.0	0.0	0.0	3.0	0.0	0.0	0.0	0.0	0.0	0.0	0.0	11.0	0.0	0.0	0.0	0.0	0.0	0.0	0.0	0.0	5.0	0.0	0.0	0.0	0.0	0.0	4.0	0.0	0.0	1.0	0.0	0.0	0.0	4.0	0.0	0.0	0.0	0.0	0.0	0.0	0.0	0.0	1.0	0.0	6.0	0.0	0.0	0.0	1.0	0.0	0.0	0.0	2.0	0.0	0.0	0.0	0.0	0.0	0.0	0.0	9.0	0.0	0.0	0.0	0.0	0.0	11.0	0.0	0.0	19.0	0.0	0.0	17.0	0.0	0.0	0.0	0.0	0.0	0.0	2.0	0.0	0.0	0.0	0.0	0.0	0.0	0.0	0.0	0.0	0.0	0.0	3.0	18.0	0.0	0.0	0.0	0.0	0.0	0.0	0.0	36.0	0.0	0.0	2.0	13.0	0.0	0.0	0.0	0.0	0.0	0.0	115.0	0.0	0.0	0.0	110.0	0.0	0.0	0.0	0.0	0.0	0.0	0.0	7.0	0.0	0.0	0.0	0.0	0.0	0.0	0.0	0.0	0.0	0.0	0.0	0.0	0.0	0.0	0.0	0.0	0.0	0.0	0.0	0.0	0.0	0.0	0.0	2.0	0.0	0.0	0.0	0.0	0.0	0.0	0.0	0.0	0.0	0.0	0.0	0.0	0.0	0.0	0.0	39.0	0.0	0.0	0.0	3.0	0.0	0.0	0.0	0.0	0.0	0.0	0.0	19.0	0.0	0.0	0.0	0.0	0.0	1.0	0.0	0.0	0.0	0.0	0.0	0.0	0.0	0.0	3.0	0.0	0.0	2.0	6.0	0.0	0.0	0.0	0.0	0.0	0.0	0.0	0.0	0.0	0.0	0.0	6.0	0.0	0.0	0.0	0.0	0.0	0.0	0.0	0.0	0.0	0.0	0.0	0.0	0.0	0.0	0.0	0.0	0.0	0.0	0.0	0.0	0.0	0.0	2.0	0.0	0.0	0.0	0.0	0.0	0.0	0.0	0.0	0.0	0.0	0.0	0.0	5.0	0.0	0.0	0.0	0.0	0.0	1.0	0.0	0.0	0.0	0.0	0.0	0.0	0.0	0.0	0.0	0.0	0.0	0.0	0.0	0.0	0.0	0.0	1.0	0.0	0.0	0.0	0.0	3.0	0.0	0.0	0.0	0.0	0.0	0.0	0.0	0.0	0.0	0.0	0.0	11.0	0.0	0.0	0.0	0.0	0.0	1.0	0.0	0.0	2.0	4.0	0.0	0.0	0.0	0.0	0.0	0.0	0.0	0.0	0.0	0.0	0.0	0.0	0.0	0.0	0.0	3.0	0.0	0.0	0.0	0.0	3.0	0.0	0.0	0.0	6.0	0.0	0.0	0.0	0.0	0.0	0.0	4.0	0.0	2.0	0.0	0.0	0.0	0.0	0.0	0.0	0.0	0.0	0.0	0.0	2.0	0.0	0.0	0.0	0.0	2.0	9.0	0.0	0.0	0.0	0.0	2.0	0.0	0.0	0.0	0.0	0.0	24.0	0.0	0.0	0.0	0.0	1.0	0.0	0.0	0.0	0.0	0.0	0.0	0.0	0.0	5.0	0.0	0.0	0.0	16.0	0.0	0.0	0.0	0.0	0.0	0.0	0.0	0.0	0.0	0.0	0.0	0.0	0.0	0.0	0.0	0.0	0.0	2.0	0.0	1.0	0.0	0.0	3.0	0.0	0.0	0.0	0.0
s__Lachnospira sp000437735 (1)	0.0	0.0	0.0	0.0	11.0	0.0	7.0	0.0	2.0	141.0	36.0	0.0	0.0	468.0	95.0	0.0	5.0	0.0	21.0	0.0	0.0	160.0	0.0	0.0	6.0	0.0	0.0	14.0	69.0	0.0	0.0	0.0	0.0	318.0	0.0	0.0	2.0	1.0	79.0	0.0	0.0	170.0	0.0	3.0	0.0	0.0	0.0	12.0	0.0	0.0	0.0	0.0	0.0	36.0	18.0	0.0	0.0	10.0	0.0	0.0	0.0	0.0	8.0	0.0	7.0	0.0	0.0	0.0	0.0	0.0	41.0	0.0	0.0	0.0	0.0	0.0	1.0	0.0	0.0	0.0	0.0	0.0	37.0	0.0	0.0	0.0	0.0	85.0	146.0	0.0	22.0	0.0	172.0	277.0	7.0	0.0	0.0	13.0	0.0	0.0	0.0	1.0	156.0	8.0	0.0	1.0	31.0	231.0	0.0	0.0	390.0	264.0	0.0	0.0	0.0	184.0	0.0	0.0	2.0	4.0	93.0	0.0	0.0	0.0	22.0	293.0	0.0	144.0	0.0	0.0	0.0	0.0	0.0	0.0	0.0	0.0	10.0	0.0	57.0	14.0	240.0	0.0	0.0	0.0	0.0	0.0	18.0	0.0	0.0	0.0	0.0	0.0	0.0	0.0	334.0	7.0	0.0	2.0	0.0	0.0	0.0	13.0	29.0	4.0	0.0	591.0	0.0	0.0	77.0	414.0	0.0	89.0	15.0	253.0	0.0	0.0	0.0	0.0	0.0	159.0	0.0	98.0	0.0	0.0	0.0	0.0	0.0	7.0	0.0	0.0	0.0	0.0	0.0	453.0	0.0	12.0	8.0	0.0	0.0	0.0	19.0	10.0	0.0	0.0	0.0	0.0	0.0	0.0	7.0	6.0	0.0	24.0	0.0	6.0	0.0	2.0	0.0	0.0	26.0	16.0	0.0	0.0	0.0	0.0	1.0	0.0	36.0	0.0	0.0	0.0	0.0	9.0	0.0	57.0	37.0	5.0	0.0	0.0	0.0	12.0	0.0	66.0	181.0	16.0	60.0	4.0	69.0	26.0	0.0	0.0	20.0	0.0	59.0	0.0	0.0	93.0	0.0	0.0	277.0	15.0	5.0	8.0	0.0	0.0	16.0	0.0	20.0	0.0	0.0	0.0	0.0	0.0	0.0	39.0	55.0	0.0	0.0	0.0	24.0	519.0	0.0	0.0	0.0	0.0	0.0	0.0	0.0	0.0	0.0	0.0	0.0	2.0	0.0	5.0	13.0	6.0	0.0	0.0	3.0	1.0	0.0	44.0	0.0	0.0	0.0	0.0	0.0	0.0	0.0	0.0	0.0	0.0	0.0	0.0	65.0	27.0	22.0	0.0	0.0	0.0	11.0	16.0	0.0	0.0	0.0	30.0	0.0	7.0	0.0	0.0	0.0	0.0	0.0	87.0	56.0	315.0	0.0	19.0	2.0	0.0	0.0	0.0	29.0	2.0	0.0	0.0	0.0	0.0	0.0	102.0	3.0	0.0	0.0	0.0	0.0	0.0	2.0	55.0	0.0	0.0	2.0	0.0	0.0	170.0	0.0	0.0	0.0	9.0	45.0	0.0	269.0	0.0	4.0	0.0	0.0	1.0	0.0	0.0	41.0	0.0	0.0	0.0	0.0	0.0	0.0	0.0	0.0	144.0	0.0	136.0	0.0	1.0	0.0	0.0	0.0	21.0	0.0	0.0	0.0	0.0	0.0	0.0	58.0	0.0	13.0	21.0	64.0	6.0	41.0	0.0	0.0	104.0	0.0	0.0	0.0	6.0	1.0	3.0	38.0	0.0	0.0	0.0	0.0	0.0	43.0	0.0	26.0	76.0	2.0	0.0	0.0	194.0	179.0	18.0	0.0	0.0	4.0	0.0	0.0	0.0	33.0	31.0	4.0	0.0	0.0	34.0	0.0	0.0	0.0	0.0	0.0	0.0	0.0	8.0	0.0	0.0	47.0	0.0	2.0	12.0	0.0	0.0	0.0	0.0	0.0	30.0	0.0	0.0	0.0	250.0	0.0	46.0	0.0	0.0	0.0	0.0	0.0	35.0	4.0	0.0	0.0	1.0	0.0
s__Lachnospira sp003451515 (2)	0.0	0.0	0.0	0.0	0.0	0.0	0.0	0.0	0.0	0.0	0.0	24.0	0.0	0.0	0.0	0.0	0.0	0.0	0.0	0.0	0.0	0.0	0.0	0.0	0.0	0.0	20.0	0.0	0.0	0.0	0.0	0.0	0.0	0.0	0.0	0.0	0.0	0.0	0.0	0.0	0.0	0.0	0.0	0.0	0.0	0.0	0.0	0.0	9.0	0.0	0.0	0.0	0.0	21.0	0.0	0.0	0.0	0.0	0.0	0.0	0.0	0.0	0.0	0.0	0.0	0.0	106.0	0.0	0.0	0.0	0.0	0.0	0.0	0.0	0.0	0.0	0.0	0.0	7.0	0.0	0.0	0.0	0.0	0.0	12.0	0.0	0.0	0.0	0.0	0.0	0.0	0.0	0.0	0.0	0.0	0.0	0.0	0.0	0.0	0.0	0.0	0.0	0.0	0.0	0.0	0.0	0.0	0.0	0.0	7.0	0.0	0.0	0.0	0.0	0.0	36.0	0.0	0.0	0.0	0.0	0.0	0.0	0.0	18.0	0.0	28.0	0.0	0.0	11.0	0.0	0.0	0.0	0.0	0.0	0.0	24.0	0.0	69.0	32.0	0.0	11.0	0.0	0.0	0.0	0.0	0.0	0.0	0.0	0.0	0.0	0.0	0.0	0.0	0.0	0.0	0.0	0.0	0.0	0.0	0.0	0.0	0.0	0.0	0.0	0.0	0.0	0.0	0.0	0.0	0.0	0.0	46.0	0.0	0.0	0.0	0.0	0.0	0.0	0.0	0.0	0.0	0.0	0.0	0.0	0.0	3.0	20.0	7.0	0.0	19.0	0.0	81.0	0.0	0.0	0.0	0.0	0.0	0.0	0.0	0.0	12.0	0.0	0.0	0.0	0.0	0.0	0.0	6.0	0.0	0.0	0.0	0.0	0.0	0.0	0.0	102.0	10.0	24.0	0.0	0.0	0.0	20.0	5.0	0.0	0.0	0.0	26.0	0.0	0.0	0.0	0.0	0.0	0.0	17.0	0.0	0.0	0.0	0.0	0.0	0.0	0.0	0.0	0.0	4.0	31.0	0.0	0.0	0.0	0.0	0.0	0.0	0.0	0.0	0.0	0.0	0.0	0.0	0.0	0.0	0.0	0.0	0.0	0.0	0.0	0.0	0.0	0.0	16.0	0.0	0.0	0.0	0.0	0.0	6.0	0.0	0.0	0.0	0.0	32.0	0.0	0.0	0.0	0.0	0.0	0.0	0.0	0.0	0.0	0.0	0.0	0.0	0.0	0.0	0.0	13.0	0.0	0.0	0.0	0.0	0.0	0.0	8.0	0.0	0.0	0.0	0.0	0.0	0.0	0.0	0.0	0.0	0.0	0.0	0.0	0.0	0.0	0.0	0.0	0.0	0.0	0.0	0.0	0.0	0.0	26.0	0.0	0.0	0.0	0.0	0.0	0.0	0.0	0.0	0.0	0.0	0.0	0.0	0.0	0.0	0.0	0.0	0.0	0.0	0.0	0.0	0.0	0.0	0.0	0.0	0.0	0.0	0.0	0.0	0.0	0.0	0.0	0.0	0.0	0.0	0.0	8.0	0.0	0.0	0.0	0.0	0.0	0.0	0.0	0.0	0.0	0.0	0.0	68.0	0.0	0.0	0.0	0.0	0.0	65.0	0.0	0.0	17.0	0.0	0.0	0.0	0.0	0.0	0.0	0.0	0.0	0.0	0.0	0.0	0.0	18.0	0.0	0.0	0.0	0.0	0.0	0.0	0.0	7.0	0.0	0.0	10.0	0.0	10.0	0.0	0.0	0.0	0.0	0.0	0.0	0.0	10.0	0.0	0.0	0.0	0.0	0.0	0.0	0.0	0.0	10.0	0.0	0.0	0.0	0.0	24.0	7.0	92.0	0.0	0.0	0.0	0.0	0.0	0.0	0.0	0.0	0.0	0.0	0.0	0.0	0.0	0.0	0.0	0.0	0.0	0.0	118.0	0.0	0.0	0.0	0.0	0.0	58.0	0.0	0.0	0.0	0.0	0.0	0.0	0.0	0.0	0.0	0.0	0.0	0.0	0.0	0.0	0.0	0.0	0.0	0.0	0.0	0.0	65.0	0.0	0.0	0.0	0.0	0.0
g__Lachnospira (2)	0.0	8.0	0.0	0.0	8.0	0.0	0.0	0.0	0.0	0.0	0.0	0.0	0.0	0.0	0.0	0.0	0.0	0.0	28.0	0.0	0.0	0.0	0.0	0.0	0.0	0.0	0.0	0.0	7.0	0.0	0.0	0.0	0.0	0.0	0.0	0.0	0.0	0.0	0.0	0.0	0.0	0.0	0.0	0.0	0.0	0.0	12.0	0.0	0.0	0.0	0.0	0.0	0.0	33.0	0.0	0.0	0.0	0.0	0.0	0.0	0.0	0.0	0.0	0.0	2.0	0.0	0.0	0.0	45.0	0.0	0.0	0.0	0.0	0.0	0.0	0.0	0.0	0.0	0.0	0.0	46.0	0.0	0.0	0.0	10.0	0.0	0.0	0.0	0.0	0.0	0.0	0.0	12.0	0.0	0.0	0.0	0.0	42.0	0.0	0.0	0.0	0.0	0.0	18.0	0.0	228.0	0.0	0.0	0.0	8.0	0.0	0.0	0.0	0.0	0.0	0.0	27.0	0.0	14.0	10.0	0.0	0.0	0.0	0.0	0.0	0.0	0.0	114.0	11.0	4.0	0.0	0.0	0.0	0.0	0.0	52.0	0.0	0.0	0.0	0.0	0.0	0.0	0.0	0.0	0.0	0.0	0.0	0.0	0.0	0.0	51.0	0.0	0.0	0.0	0.0	0.0	0.0	0.0	0.0	0.0	0.0	0.0	0.0	0.0	0.0	0.0	0.0	0.0	0.0	0.0	14.0	0.0	0.0	0.0	0.0	0.0	0.0	10.0	0.0	0.0	0.0	0.0	0.0	0.0	0.0	0.0	133.0	0.0	45.0	0.0	0.0	159.0	0.0	0.0	0.0	4.0	0.0	0.0	0.0	0.0	0.0	0.0	0.0	0.0	0.0	0.0	0.0	6.0	0.0	0.0	0.0	0.0	0.0	0.0	0.0	125.0	0.0	32.0	0.0	0.0	0.0	63.0	6.0	0.0	0.0	0.0	0.0	18.0	0.0	0.0	15.0	0.0	0.0	45.0	0.0	0.0	0.0	0.0	0.0	0.0	0.0	0.0	0.0	0.0	0.0	0.0	0.0	27.0	0.0	0.0	0.0	0.0	0.0	0.0	0.0	50.0	0.0	73.0	0.0	0.0	0.0	0.0	0.0	0.0	0.0	0.0	0.0	0.0	0.0	0.0	0.0	0.0	0.0	0.0	0.0	0.0	0.0	0.0	0.0	0.0	0.0	0.0	0.0	0.0	0.0	0.0	0.0	0.0	0.0	21.0	0.0	0.0	0.0	0.0	0.0	4.0	0.0	0.0	0.0	0.0	0.0	0.0	0.0	0.0	28.0	0.0	0.0	0.0	0.0	0.0	0.0	0.0	0.0	0.0	0.0	10.0	0.0	0.0	0.0	0.0	1.0	0.0	0.0	0.0	167.0	0.0	0.0	22.0	0.0	0.0	0.0	0.0	0.0	0.0	0.0	0.0	0.0	20.0	0.0	0.0	0.0	0.0	0.0	0.0	0.0	0.0	0.0	0.0	56.0	0.0	0.0	0.0	0.0	0.0	0.0	0.0	0.0	38.0	0.0	0.0	0.0	0.0	0.0	0.0	0.0	8.0	0.0	0.0	0.0	0.0	0.0	0.0	64.0	0.0	0.0	0.0	0.0	0.0	31.0	0.0	0.0	0.0	0.0	0.0	0.0	0.0	0.0	116.0	0.0	0.0	0.0	0.0	0.0	0.0	24.0	0.0	17.0	0.0	0.0	0.0	0.0	0.0	0.0	0.0	0.0	17.0	0.0	11.0	0.0	12.0	16.0	0.0	0.0	0.0	0.0	0.0	0.0	0.0	0.0	0.0	0.0	0.0	0.0	0.0	0.0	0.0	0.0	0.0	0.0	0.0	0.0	61.0	0.0	0.0	67.0	0.0	0.0	0.0	0.0	0.0	35.0	0.0	0.0	0.0	10.0	0.0	0.0	0.0	0.0	0.0	0.0	0.0	0.0	0.0	0.0	0.0	0.0	0.0	0.0	0.0	0.0	0.0	0.0	0.0	0.0	0.0	0.0	0.0	0.0	0.0	0.0	0.0	0.0	0.0	0.0	0.0	0.0	76.0	0.0	0.0	0.0	0.0	0.0
s__Lachnospira sp003451515 (1)	0.0	22.0	0.0	56.0	25.0	0.0	0.0	0.0	6.0	0.0	162.0	243.0	0.0	0.0	39.0	0.0	0.0	0.0	0.0	27.0	0.0	0.0	0.0	0.0	9.0	0.0	0.0	35.0	37.0	2.0	0.0	0.0	8.0	23.0	0.0	0.0	0.0	0.0	0.0	0.0	0.0	0.0	217.0	0.0	69.0	0.0	32.0	0.0	30.0	0.0	0.0	163.0	0.0	74.0	0.0	0.0	108.0	0.0	0.0	0.0	0.0	0.0	11.0	0.0	0.0	7.0	158.0	0.0	30.0	7.0	0.0	0.0	0.0	11.0	0.0	112.0	6.0	0.0	2.0	0.0	99.0	91.0	0.0	0.0	29.0	0.0	0.0	2.0	0.0	399.0	0.0	0.0	0.0	0.0	8.0	0.0	0.0	31.0	0.0	0.0	0.0	0.0	10.0	49.0	2.0	118.0	0.0	0.0	14.0	17.0	148.0	0.0	0.0	0.0	75.0	0.0	0.0	24.0	0.0	17.0	3.0	3.0	6.0	20.0	5.0	37.0	0.0	101.0	10.0	23.0	19.0	0.0	1.0	0.0	198.0	14.0	0.0	74.0	47.0	0.0	47.0	0.0	0.0	0.0	0.0	0.0	0.0	320.0	0.0	0.0	158.0	0.0	16.0	0.0	0.0	0.0	0.0	0.0	0.0	0.0	115.0	0.0	81.0	0.0	0.0	0.0	0.0	0.0	44.0	0.0	41.0	52.0	0.0	0.0	0.0	11.0	0.0	0.0	30.0	0.0	0.0	5.0	0.0	0.0	0.0	19.0	0.0	25.0	149.0	0.0	21.0	0.0	0.0	0.0	0.0	7.0	16.0	0.0	0.0	0.0	187.0	9.0	58.0	0.0	0.0	6.0	2.0	0.0	19.0	52.0	0.0	0.0	0.0	3.0	0.0	0.0	52.0	0.0	0.0	0.0	10.0	0.0	14.0	0.0	5.0	0.0	118.0	9.0	0.0	0.0	16.0	0.0	0.0	33.0	52.0	5.0	0.0	0.0	0.0	0.0	0.0	4.0	56.0	0.0	0.0	0.0	0.0	14.0	56.0	0.0	63.0	0.0	75.0	9.0	2.0	34.0	0.0	208.0	0.0	0.0	0.0	9.0	5.0	0.0	9.0	0.0	0.0	12.0	0.0	0.0	0.0	0.0	6.0	0.0	0.0	0.0	0.0	0.0	39.0	0.0	0.0	0.0	0.0	0.0	0.0	607.0	0.0	0.0	170.0	15.0	0.0	0.0	0.0	19.0	22.0	0.0	0.0	0.0	0.0	0.0	0.0	0.0	0.0	0.0	0.0	0.0	10.0	0.0	0.0	0.0	8.0	0.0	9.0	0.0	31.0	42.0	0.0	0.0	0.0	0.0	0.0	22.0	0.0	0.0	92.0	108.0	0.0	40.0	0.0	102.0	0.0	0.0	9.0	83.0	0.0	0.0	0.0	41.0	2.0	0.0	12.0	6.0	0.0	2.0	0.0	0.0	0.0	0.0	149.0	0.0	0.0	6.0	0.0	0.0	0.0	87.0	0.0	40.0	3.0	0.0	0.0	0.0	0.0	11.0	0.0	21.0	0.0	0.0	0.0	0.0	0.0	0.0	147.0	0.0	0.0	0.0	0.0	95.0	0.0	0.0	12.0	12.0	93.0	0.0	5.0	0.0	0.0	112.0	0.0	0.0	0.0	70.0	0.0	0.0	23.0	11.0	8.0	0.0	35.0	0.0	0.0	0.0	20.0	0.0	0.0	0.0	20.0	0.0	5.0	32.0	44.0	0.0	0.0	0.0	0.0	0.0	0.0	0.0	36.0	0.0	0.0	0.0	0.0	129.0	0.0	32.0	9.0	51.0	0.0	38.0	0.0	0.0	0.0	0.0	58.0	0.0	0.0	0.0	0.0	0.0	33.0	1.0	0.0	0.0	0.0	75.0	0.0	0.0	0.0	1.0	0.0	0.0	0.0	0.0	0.0	15.0	35.0	165.0	0.0	6.0	0.0	0.0	0.0	0.0	5.0	0.0	0.0	0.0	0.0	0.0	0.0	65.0	0.0	0.0	0.0	0.0	0.0	85.0	0.0	0.0	58.0	0.0	0.0
g__Lachnospira (1)	0.0	7.0	0.0	37.0	8.0	0.0	0.0	0.0	7.0	0.0	40.0	185.0	0.0	0.0	45.0	0.0	0.0	0.0	21.0	21.0	0.0	0.0	0.0	0.0	0.0	0.0	0.0	45.0	14.0	0.0	0.0	0.0	11.0	14.0	0.0	0.0	14.0	0.0	0.0	0.0	0.0	0.0	229.0	0.0	16.0	0.0	16.0	0.0	24.0	0.0	0.0	66.0	0.0	0.0	6.0	0.0	35.0	16.0	0.0	0.0	0.0	0.0	0.0	0.0	0.0	0.0	183.0	0.0	63.0	0.0	0.0	0.0	0.0	0.0	0.0	161.0	7.0	0.0	8.0	4.0	90.0	68.0	0.0	2.0	0.0	0.0	0.0	0.0	0.0	0.0	0.0	0.0	0.0	0.0	0.0	0.0	0.0	16.0	0.0	0.0	0.0	0.0	0.0	0.0	0.0	0.0	9.0	0.0	0.0	8.0	667.0	0.0	0.0	0.0	0.0	0.0	8.0	9.0	9.0	14.0	0.0	0.0	0.0	58.0	0.0	40.0	0.0	58.0	27.0	0.0	18.0	0.0	0.0	0.0	0.0	13.0	0.0	176.0	104.0	0.0	0.0	0.0	0.0	0.0	0.0	0.0	0.0	149.0	0.0	0.0	47.0	0.0	0.0	0.0	0.0	23.0	0.0	0.0	0.0	0.0	32.0	0.0	24.0	0.0	0.0	3.0	20.0	0.0	0.0	0.0	19.0	22.0	7.0	0.0	0.0	0.0	0.0	0.0	33.0	0.0	0.0	0.0	0.0	0.0	0.0	20.0	0.0	11.0	40.0	83.0	5.0	96.0	0.0	0.0	0.0	0.0	0.0	0.0	0.0	0.0	44.0	0.0	44.0	0.0	0.0	0.0	0.0	1.0	0.0	38.0	0.0	0.0	0.0	0.0	0.0	0.0	21.0	0.0	0.0	0.0	0.0	0.0	9.0	0.0	3.0	0.0	60.0	0.0	0.0	0.0	0.0	0.0	0.0	23.0	9.0	0.0	0.0	0.0	0.0	0.0	2.0	0.0	66.0	53.0	0.0	6.0	0.0	22.0	16.0	0.0	25.0	0.0	0.0	0.0	0.0	26.0	0.0	0.0	0.0	0.0	0.0	25.0	0.0	0.0	11.0	16.0	45.0	8.0	0.0	0.0	0.0	0.0	0.0	0.0	0.0	0.0	0.0	0.0	23.0	0.0	0.0	0.0	0.0	0.0	0.0	725.0	0.0	0.0	48.0	18.0	0.0	0.0	0.0	0.0	46.0	0.0	2.0	0.0	0.0	0.0	0.0	0.0	0.0	0.0	116.0	14.0	8.0	0.0	0.0	0.0	26.0	73.0	12.0	0.0	21.0	14.0	17.0	0.0	0.0	0.0	0.0	53.0	0.0	0.0	193.0	93.0	0.0	31.0	0.0	0.0	0.0	0.0	10.0	66.0	5.0	0.0	2.0	20.0	0.0	0.0	11.0	0.0	0.0	0.0	0.0	0.0	0.0	0.0	58.0	0.0	0.0	0.0	0.0	2.0	3.0	144.0	0.0	64.0	0.0	0.0	0.0	0.0	0.0	0.0	0.0	28.0	4.0	0.0	0.0	0.0	14.0	0.0	71.0	0.0	0.0	0.0	0.0	51.0	0.0	0.0	18.0	47.0	335.0	0.0	2.0	0.0	0.0	119.0	0.0	0.0	0.0	48.0	39.0	0.0	42.0	11.0	16.0	0.0	0.0	0.0	0.0	0.0	8.0	8.0	0.0	0.0	0.0	42.0	0.0	0.0	50.0	0.0	0.0	0.0	0.0	0.0	0.0	0.0	12.0	0.0	0.0	0.0	7.0	0.0	31.0	10.0	0.0	32.0	0.0	19.0	0.0	0.0	0.0	0.0	34.0	0.0	0.0	0.0	0.0	0.0	118.0	0.0	12.0	0.0	25.0	40.0	0.0	0.0	0.0	0.0	422.0	0.0	0.0	0.0	0.0	0.0	33.0	135.0	0.0	0.0	0.0	0.0	0.0	0.0	0.0	0.0	0.0	0.0	0.0	0.0	0.0	52.0	20.0	0.0	0.0	0.0	0.0	163.0	0.0	0.0	20.0	0.0	0.0
s__Lachnospira pectinoschiza_A (1)	8.0	0.0	0.0	12.0	112.0	0.0	0.0	0.0	80.0	0.0	0.0	6.0	0.0	2.0	0.0	0.0	177.0	8.0	0.0	0.0	0.0	0.0	0.0	0.0	76.0	26.0	228.0	0.0	34.0	78.0	0.0	0.0	197.0	0.0	0.0	0.0	97.0	0.0	0.0	0.0	70.0	0.0	31.0	854.0	13.0	0.0	11.0	0.0	0.0	3.0	0.0	0.0	0.0	9.0	47.0	0.0	9.0	17.0	2.0	0.0	0.0	2.0	50.0	0.0	0.0	0.0	0.0	0.0	27.0	0.0	29.0	0.0	9.0	0.0	0.0	87.0	0.0	0.0	6.0	0.0	0.0	515.0	0.0	0.0	28.0	92.0	0.0	0.0	0.0	1.0	0.0	416.0	0.0	0.0	0.0	40.0	8.0	8.0	18.0	0.0	18.0	0.0	0.0	5.0	0.0	0.0	1.0	114.0	16.0	71.0	0.0	15.0	0.0	0.0	16.0	15.0	248.0	34.0	33.0	34.0	0.0	0.0	2.0	0.0	18.0	0.0	0.0	0.0	7.0	0.0	30.0	0.0	0.0	40.0	130.0	162.0	0.0	2.0	116.0	21.0	0.0	0.0	4.0	0.0	0.0	10.0	0.0	0.0	0.0	0.0	3.0	0.0	1.0	0.0	0.0	104.0	17.0	259.0	56.0	0.0	74.0	0.0	66.0	0.0	0.0	0.0	3.0	31.0	9.0	0.0	9.0	24.0	3.0	0.0	2.0	15.0	0.0	1.0	27.0	144.0	0.0	0.0	0.0	28.0	0.0	98.0	0.0	0.0	0.0	0.0	6.0	0.0	0.0	0.0	0.0	0.0	0.0	1.0	56.0	0.0	100.0	39.0	59.0	0.0	0.0	0.0	0.0	0.0	11.0	157.0	0.0	61.0	0.0	108.0	0.0	47.0	7.0	0.0	37.0	628.0	16.0	11.0	0.0	0.0	1.0	0.0	0.0	0.0	0.0	0.0	0.0	119.0	233.0	29.0	0.0	8.0	13.0	111.0	4.0	0.0	7.0	19.0	76.0	42.0	247.0	27.0	14.0	110.0	8.0	0.0	8.0	0.0	2.0	12.0	0.0	0.0	0.0	0.0	0.0	0.0	0.0	0.0	0.0	7.0	2.0	0.0	0.0	0.0	127.0	11.0	7.0	11.0	0.0	5.0	0.0	25.0	8.0	6.0	307.0	0.0	2.0	4.0	0.0	12.0	0.0	6.0	0.0	0.0	0.0	30.0	0.0	92.0	0.0	46.0	22.0	16.0	0.0	8.0	0.0	0.0	0.0	6.0	19.0	3.0	1.0	105.0	7.0	718.0	26.0	0.0	45.0	1.0	0.0	0.0	0.0	0.0	51.0	53.0	0.0	0.0	0.0	0.0	17.0	101.0	132.0	191.0	695.0	0.0	0.0	63.0	0.0	204.0	29.0	50.0	0.0	0.0	1.0	0.0	0.0	2.0	83.0	12.0	78.0	0.0	140.0	0.0	0.0	0.0	0.0	0.0	0.0	21.0	42.0	4.0	229.0	0.0	0.0	0.0	20.0	0.0	252.0	0.0	4.0	23.0	108.0	1.0	247.0	0.0	0.0	68.0	36.0	0.0	81.0	17.0	13.0	0.0	0.0	84.0	0.0	0.0	0.0	0.0	467.0	10.0	0.0	9.0	10.0	10.0	0.0	0.0	8.0	157.0	16.0	0.0	45.0	57.0	14.0	0.0	0.0	0.0	339.0	41.0	0.0	0.0	51.0	29.0	0.0	4.0	0.0	164.0	0.0	0.0	0.0	200.0	0.0	50.0	0.0	153.0	216.0	0.0	0.0	132.0	0.0	108.0	36.0	0.0	23.0	0.0	74.0	44.0	0.0	0.0	790.0	2.0	80.0	0.0	0.0	0.0	0.0	0.0	0.0	94.0	0.0	0.0	0.0	51.0	294.0	0.0	7.0	1.0	0.0	131.0	0.0	0.0	0.0	0.0	133.0	26.0	0.0	6.0	36.0	151.0	0.0	0.0	18.0	0.0	0.0	145.0	0.0	0.0	0.0	0.0	24.0	0.0	0.0	4.0	83.0	0.0	22.0	0.0	1.0	0.0	0.0
s__Anthropogastromicrobium aceti (1)	0.0	0.0	2.0	67.0	31.0	0.0	26.0	14.0	0.0	41.0	0.0	10.0	0.0	0.0	0.0	0.0	24.0	32.0	17.0	0.0	1.0	63.0	0.0	4.0	0.0	0.0	36.0	36.0	26.0	44.0	0.0	0.0	17.0	0.0	0.0	0.0	49.0	0.0	7.0	25.0	55.0	0.0	0.0	0.0	182.0	4.0	12.0	2.0	0.0	0.0	0.0	39.0	21.0	83.0	40.0	0.0	77.0	58.0	13.0	0.0	3.0	1.0	6.0	0.0	16.0	0.0	30.0	0.0	54.0	11.0	70.0	0.0	0.0	6.0	0.0	15.0	0.0	0.0	10.0	0.0	0.0	1.0	0.0	0.0	16.0	0.0	34.0	89.0	18.0	0.0	0.0	0.0	24.0	68.0	9.0	0.0	0.0	21.0	0.0	0.0	60.0	0.0	3.0	45.0	0.0	12.0	33.0	68.0	87.0	52.0	92.0	0.0	3.0	0.0	17.0	67.0	87.0	29.0	77.0	41.0	89.0	0.0	57.0	9.0	0.0	56.0	0.0	52.0	53.0	18.0	37.0	0.0	4.0	56.0	0.0	26.0	23.0	89.0	95.0	39.0	0.0	0.0	0.0	0.0	0.0	0.0	0.0	0.0	11.0	0.0	60.0	0.0	0.0	0.0	0.0	62.0	27.0	30.0	0.0	16.0	27.0	0.0	30.0	0.0	0.0	0.0	17.0	21.0	29.0	0.0	27.0	59.0	3.0	0.0	30.0	0.0	0.0	25.0	28.0	24.0	18.0	5.0	0.0	0.0	0.0	30.0	35.0	56.0	1.0	47.0	66.0	0.0	0.0	0.0	8.0	14.0	28.0	0.0	0.0	0.0	0.0	9.0	72.0	31.0	0.0	0.0	13.0	49.0	8.0	43.0	0.0	16.0	615.0	41.0	0.0	92.0	34.0	0.0	32.0	40.0	48.0	14.0	5.0	0.0	0.0	0.0	0.0	0.0	0.0	0.0	2.0	9.0	0.0	13.0	22.0	0.0	15.0	14.0	19.0	0.0	45.0	0.0	26.0	75.0	94.0	43.0	0.0	18.0	15.0	0.0	0.0	0.0	48.0	0.0	14.0	23.0	0.0	33.0	0.0	16.0	0.0	23.0	1.0	26.0	31.0	12.0	0.0	0.0	21.0	0.0	29.0	0.0	0.0	48.0	0.0	53.0	0.0	34.0	110.0	57.0	1.0	0.0	10.0	0.0	0.0	0.0	0.0	0.0	0.0	20.0	18.0	16.0	0.0	6.0	48.0	13.0	0.0	20.0	0.0	0.0	0.0	44.0	45.0	13.0	36.0	13.0	5.0	0.0	0.0	0.0	6.0	14.0	10.0	0.0	67.0	6.0	50.0	0.0	1.0	0.0	3.0	0.0	0.0	63.0	142.0	75.0	0.0	15.0	0.0	0.0	0.0	1.0	24.0	61.0	27.0	0.0	3.0	34.0	0.0	4.0	22.0	11.0	45.0	35.0	0.0	0.0	0.0	69.0	64.0	0.0	0.0	3.0	0.0	0.0	10.0	11.0	0.0	70.0	30.0	10.0	35.0	0.0	2.0	41.0	17.0	1.0	87.0	0.0	22.0	140.0	36.0	0.0	89.0	23.0	0.0	26.0	0.0	30.0	29.0	0.0	1.0	0.0	22.0	3.0	0.0	0.0	9.0	123.0	0.0	5.0	23.0	38.0	118.0	16.0	0.0	22.0	36.0	0.0	0.0	0.0	0.0	28.0	0.0	22.0	55.0	26.0	22.0	28.0	9.0	31.0	115.0	0.0	0.0	0.0	0.0	31.0	3.0	14.0	37.0	12.0	0.0	16.0	0.0	0.0	25.0	0.0	21.0	0.0	16.0	52.0	54.0	83.0	0.0	0.0	90.0	0.0	0.0	25.0	0.0	0.0	60.0	97.0	40.0	0.0	26.0	21.0	77.0	14.0	0.0	16.0	2.0	0.0	0.0	0.0	0.0	0.0	0.0	1.0	0.0	56.0	4.0	59.0	5.0	18.0	89.0	0.0	0.0	0.0	0.0	0.0	0.0	0.0	39.0	21.0	0.0	40.0	0.0	4.0	27.0	0.0	12.0	14.0	0.0
s__Lachnospira sp000437735 (2)	0.0	0.0	0.0	0.0	9.0	0.0	0.0	0.0	0.0	0.0	0.0	0.0	0.0	0.0	0.0	0.0	14.0	0.0	0.0	52.0	0.0	81.0	0.0	0.0	0.0	0.0	0.0	40.0	0.0	9.0	0.0	0.0	0.0	0.0	0.0	0.0	22.0	0.0	0.0	0.0	0.0	0.0	0.0	0.0	0.0	0.0	0.0	0.0	0.0	0.0	0.0	22.0	0.0	2.0	0.0	0.0	0.0	0.0	0.0	0.0	0.0	0.0	0.0	0.0	0.0	0.0	0.0	0.0	0.0	5.0	0.0	0.0	0.0	0.0	0.0	0.0	30.0	0.0	3.0	0.0	0.0	2.0	0.0	0.0	0.0	0.0	46.0	33.0	0.0	0.0	0.0	0.0	0.0	0.0	0.0	0.0	0.0	22.0	0.0	0.0	0.0	0.0	0.0	0.0	0.0	0.0	0.0	0.0	6.0	0.0	0.0	0.0	0.0	0.0	0.0	23.0	0.0	4.0	22.0	0.0	0.0	2.0	4.0	0.0	0.0	0.0	0.0	6.0	5.0	0.0	31.0	40.0	0.0	0.0	2.0	0.0	0.0	0.0	4.0	0.0	0.0	0.0	0.0	0.0	0.0	0.0	0.0	0.0	0.0	0.0	0.0	0.0	288.0	0.0	0.0	17.0	10.0	0.0	23.0	2.0	0.0	0.0	9.0	0.0	0.0	0.0	0.0	35.0	0.0	0.0	0.0	0.0	0.0	0.0	0.0	0.0	0.0	0.0	6.0	0.0	0.0	0.0	0.0	0.0	0.0	0.0	0.0	0.0	8.0	0.0	1.0	0.0	0.0	0.0	0.0	0.0	0.0	0.0	0.0	0.0	0.0	0.0	2.0	8.0	0.0	0.0	0.0	1.0	0.0	0.0	0.0	0.0	1.0	6.0	0.0	0.0	0.0	0.0	0.0	4.0	18.0	29.0	0.0	0.0	0.0	0.0	0.0	0.0	0.0	0.0	0.0	8.0	0.0	0.0	0.0	0.0	0.0	0.0	0.0	0.0	2.0	0.0	0.0	24.0	0.0	0.0	0.0	4.0	37.0	0.0	0.0	0.0	0.0	0.0	0.0	0.0	0.0	0.0	0.0	10.0	0.0	0.0	0.0	0.0	9.0	2.0	0.0	0.0	0.0	0.0	0.0	0.0	0.0	9.0	0.0	0.0	4.0	0.0	52.0	0.0	3.0	0.0	0.0	0.0	0.0	0.0	0.0	0.0	0.0	8.0	0.0	0.0	0.0	2.0	0.0	1.0	0.0	0.0	0.0	0.0	0.0	0.0	0.0	0.0	18.0	9.0	1.0	0.0	0.0	0.0	14.0	0.0	0.0	0.0	0.0	0.0	0.0	0.0	1.0	1.0	1.0	0.0	0.0	0.0	4.0	0.0	0.0	0.0	0.0	0.0	0.0	0.0	0.0	0.0	1.0	0.0	0.0	0.0	0.0	16.0	0.0	0.0	0.0	0.0	0.0	0.0	0.0	0.0	295.0	0.0	0.0	0.0	0.0	0.0	0.0	0.0	0.0	0.0	0.0	0.0	7.0	0.0	0.0	58.0	0.0	0.0	17.0	0.0	0.0	0.0	0.0	0.0	0.0	0.0	0.0	0.0	0.0	0.0	0.0	0.0	0.0	0.0	35.0	0.0	0.0	0.0	0.0	0.0	0.0	0.0	0.0	0.0	66.0	0.0	0.0	0.0	0.0	0.0	0.0	169.0	0.0	0.0	0.0	2.0	0.0	0.0	0.0	47.0	0.0	19.0	0.0	0.0	0.0	0.0	0.0	0.0	0.0	0.0	1.0	0.0	1343.0	0.0	0.0	10.0	0.0	0.0	0.0	0.0	0.0	0.0	0.0	0.0	0.0	0.0	65.0	0.0	0.0	0.0	0.0	0.0	0.0	226.0	0.0	0.0	0.0	0.0	0.0	9.0	0.0	1.0	1.0	0.0	0.0	0.0	0.0	11.0	0.0	0.0	0.0	20.0	0.0	0.0	0.0	0.0	0.0	0.0	0.0	0.0	0.0	0.0	0.0	0.0	0.0	0.0	0.0	37.0	0.0	0.0	23.0	0.0	2.0	0.0	0.0
s__Hominimerdicola aceti (1)	0.0	0.0	0.0	0.0	4.0	0.0	45.0	0.0	0.0	0.0	0.0	0.0	0.0	0.0	0.0	0.0	0.0	0.0	0.0	0.0	0.0	0.0	0.0	0.0	127.0	0.0	0.0	0.0	12.0	11.0	0.0	0.0	0.0	0.0	0.0	0.0	16.0	0.0	0.0	0.0	2.0	0.0	110.0	0.0	0.0	0.0	0.0	0.0	0.0	0.0	0.0	0.0	0.0	93.0	23.0	0.0	42.0	14.0	0.0	0.0	0.0	0.0	0.0	0.0	0.0	0.0	0.0	0.0	0.0	0.0	56.0	0.0	0.0	0.0	0.0	56.0	0.0	0.0	1.0	9.0	0.0	28.0	0.0	0.0	9.0	0.0	0.0	230.0	0.0	3.0	0.0	0.0	17.0	0.0	0.0	0.0	0.0	38.0	0.0	0.0	0.0	0.0	0.0	1.0	4.0	0.0	37.0	0.0	6.0	11.0	0.0	115.0	0.0	0.0	0.0	0.0	0.0	48.0	11.0	6.0	0.0	0.0	0.0	0.0	0.0	0.0	2.0	7.0	0.0	0.0	0.0	0.0	0.0	0.0	3.0	0.0	126.0	47.0	0.0	16.0	0.0	0.0	0.0	9.0	0.0	0.0	0.0	0.0	0.0	0.0	62.0	0.0	270.0	0.0	5.0	159.0	0.0	0.0	0.0	0.0	0.0	0.0	0.0	0.0	0.0	7.0	11.0	6.0	0.0	0.0	16.0	26.0	0.0	0.0	0.0	2.0	0.0	0.0	0.0	306.0	0.0	0.0	0.0	0.0	0.0	2.0	0.0	0.0	0.0	0.0	11.0	0.0	0.0	0.0	0.0	0.0	2.0	0.0	127.0	0.0	0.0	0.0	0.0	0.0	0.0	72.0	0.0	0.0	0.0	52.0	0.0	0.0	0.0	0.0	0.0	0.0	12.0	0.0	0.0	0.0	12.0	0.0	0.0	0.0	0.0	0.0	0.0	0.0	1.0	0.0	0.0	0.0	0.0	0.0	0.0	0.0	80.0	0.0	31.0	0.0	0.0	48.0	0.0	194.0	139.0	76.0	32.0	0.0	0.0	0.0	0.0	0.0	0.0	2.0	0.0	0.0	0.0	0.0	0.0	0.0	0.0	0.0	0.0	11.0	51.0	5.0	0.0	0.0	0.0	0.0	55.0	0.0	0.0	272.0	0.0	0.0	0.0	0.0	0.0	0.0	2.0	0.0	0.0	0.0	0.0	0.0	0.0	0.0	0.0	0.0	0.0	0.0	0.0	0.0	0.0	0.0	0.0	0.0	0.0	0.0	0.0	324.0	62.0	0.0	9.0	1.0	7.0	0.0	0.0	0.0	0.0	0.0	95.0	0.0	0.0	6.0	0.0	0.0	0.0	0.0	0.0	9.0	0.0	0.0	0.0	41.0	0.0	0.0	0.0	0.0	0.0	0.0	0.0	17.0	0.0	0.0	0.0	0.0	1.0	0.0	8.0	0.0	0.0	0.0	0.0	0.0	0.0	0.0	466.0	0.0	0.0	0.0	0.0	0.0	0.0	0.0	0.0	0.0	0.0	0.0	8.0	1.0	0.0	11.0	0.0	45.0	2.0	0.0	21.0	43.0	0.0	0.0	11.0	0.0	4.0	10.0	0.0	114.0	41.0	0.0	0.0	0.0	5.0	0.0	0.0	0.0	0.0	0.0	0.0	0.0	0.0	22.0	43.0	0.0	96.0	0.0	1.0	0.0	0.0	0.0	0.0	0.0	0.0	0.0	0.0	0.0	0.0	81.0	0.0	0.0	0.0	0.0	0.0	0.0	0.0	2.0	0.0	0.0	0.0	0.0	0.0	0.0	0.0	0.0	0.0	0.0	28.0	0.0	5.0	0.0	0.0	261.0	0.0	179.0	47.0	0.0	0.0	97.0	3.0	0.0	126.0	2.0	52.0	0.0	0.0	0.0	0.0	0.0	0.0	0.0	0.0	0.0	0.0	0.0	0.0	0.0	3.0	0.0	0.0	0.0	1.0	77.0	0.0	9.0	18.0	19.0	0.0	0.0	0.0	4.0	0.0	48.0	0.0	0.0	0.0	201.0	0.0	2.0	26.0	0.0	11.0	0.0	0.0
s__Peptostreptococcus stomatis (1)	0.0	5.0	1.0	0.0	0.0	0.0	0.0	0.0	0.0	0.0	7.0	0.0	0.0	0.0	0.0	0.0	0.0	0.0	2.0	0.0	0.0	0.0	0.0	0.0	0.0	0.0	0.0	0.0	0.0	0.0	0.0	0.0	0.0	1.0	0.0	0.0	0.0	0.0	0.0	0.0	0.0	0.0	0.0	0.0	0.0	0.0	0.0	0.0	1.0	0.0	0.0	0.0	0.0	0.0	0.0	0.0	0.0	0.0	0.0	0.0	7.0	28.0	0.0	0.0	0.0	0.0	0.0	0.0	0.0	0.0	0.0	1.0	0.0	0.0	0.0	0.0	0.0	0.0	1.0	0.0	0.0	0.0	0.0	0.0	0.0	0.0	0.0	0.0	0.0	0.0	0.0	0.0	0.0	3.0	0.0	0.0	0.0	0.0	0.0	0.0	0.0	0.0	0.0	0.0	0.0	0.0	0.0	0.0	0.0	0.0	30.0	0.0	0.0	0.0	5.0	0.0	0.0	0.0	0.0	0.0	0.0	0.0	0.0	0.0	3.0	1.0	0.0	0.0	27.0	0.0	0.0	0.0	0.0	0.0	0.0	0.0	14.0	0.0	0.0	0.0	2.0	0.0	0.0	0.0	6.0	4.0	9.0	0.0	0.0	1.0	0.0	3.0	0.0	0.0	0.0	0.0	0.0	0.0	0.0	0.0	0.0	0.0	0.0	0.0	0.0	0.0	0.0	0.0	0.0	0.0	0.0	0.0	8.0	0.0	1.0	0.0	4.0	0.0	0.0	0.0	0.0	0.0	1.0	0.0	0.0	0.0	0.0	0.0	0.0	0.0	0.0	0.0	10.0	0.0	2.0	28.0	0.0	0.0	0.0	0.0	0.0	0.0	3.0	0.0	0.0	0.0	22.0	0.0	0.0	0.0	0.0	0.0	5.0	0.0	0.0	0.0	0.0	0.0	0.0	0.0	0.0	0.0	0.0	0.0	0.0	0.0	0.0	0.0	0.0	0.0	0.0	0.0	18.0	0.0	0.0	0.0	0.0	0.0	0.0	0.0	0.0	2.0	0.0	0.0	0.0	0.0	0.0	0.0	0.0	0.0	27.0	0.0	0.0	1.0	0.0	0.0	0.0	0.0	0.0	0.0	0.0	2.0	0.0	22.0	0.0	0.0	0.0	0.0	0.0	0.0	0.0	0.0	189.0	0.0	0.0	0.0	564.0	0.0	0.0	0.0	0.0	16.0	0.0	0.0	0.0	0.0	0.0	3.0	0.0	0.0	0.0	0.0	20.0	0.0	0.0	0.0	0.0	0.0	0.0	0.0	0.0	0.0	0.0	0.0	0.0	0.0	0.0	7.0	0.0	0.0	0.0	0.0	0.0	24.0	0.0	0.0	0.0	0.0	0.0	2.0	121.0	0.0	0.0	0.0	0.0	0.0	0.0	0.0	0.0	0.0	0.0	2.0	0.0	0.0	0.0	0.0	0.0	0.0	0.0	0.0	0.0	0.0	0.0	0.0	0.0	584.0	0.0	0.0	0.0	3.0	0.0	0.0	0.0	14.0	0.0	0.0	0.0	0.0	0.0	0.0	0.0	1.0	0.0	0.0	0.0	21.0	0.0	0.0	0.0	0.0	0.0	0.0	3.0	0.0	0.0	0.0	0.0	0.0	0.0	0.0	0.0	4.0	0.0	0.0	0.0	0.0	0.0	0.0	0.0	0.0	0.0	0.0	0.0	0.0	0.0	0.0	0.0	0.0	0.0	0.0	0.0	0.0	0.0	0.0	0.0	0.0	0.0	0.0	0.0	0.0	0.0	2.0	4.0	0.0	0.0	0.0	1.0	0.0	0.0	0.0	0.0	0.0	0.0	0.0	0.0	0.0	0.0	0.0	0.0	0.0	0.0	0.0	0.0	0.0	0.0	1.0	0.0	0.0	0.0	9.0	0.0	0.0	0.0	1.0	0.0	0.0	0.0	0.0	0.0	0.0	0.0	0.0	0.0	0.0	0.0	0.0	0.0	0.0	0.0	0.0	68.0	0.0	161.0	0.0	6.0	0.0	4.0	2.0	0.0	0.0	7.0	0.0	0.0	0.0	2.0	0.0	0.0	0.0	0.0	0.0	0.0	0.0	0.0
g__Anaerotignum (1)	5.0	0.0	12.0	0.0	0.0	0.0	0.0	0.0	0.0	23.0	0.0	0.0	0.0	0.0	0.0	0.0	0.0	0.0	0.0	0.0	0.0	0.0	0.0	0.0	13.0	0.0	0.0	0.0	0.0	0.0	0.0	0.0	0.0	0.0	0.0	0.0	0.0	0.0	0.0	0.0	0.0	0.0	0.0	0.0	34.0	0.0	0.0	0.0	0.0	0.0	0.0	42.0	4.0	0.0	0.0	0.0	0.0	0.0	0.0	0.0	0.0	0.0	86.0	0.0	0.0	0.0	1.0	0.0	11.0	0.0	0.0	0.0	0.0	0.0	12.0	0.0	24.0	0.0	0.0	0.0	104.0	0.0	0.0	0.0	0.0	0.0	0.0	0.0	0.0	0.0	39.0	0.0	0.0	0.0	0.0	0.0	0.0	0.0	0.0	0.0	0.0	0.0	0.0	0.0	0.0	0.0	0.0	0.0	0.0	23.0	0.0	0.0	0.0	0.0	0.0	0.0	0.0	5.0	0.0	0.0	0.0	0.0	0.0	0.0	0.0	31.0	0.0	17.0	0.0	0.0	0.0	0.0	0.0	0.0	0.0	0.0	0.0	0.0	0.0	0.0	0.0	0.0	0.0	0.0	0.0	0.0	0.0	0.0	0.0	0.0	0.0	0.0	0.0	0.0	0.0	0.0	0.0	0.0	19.0	0.0	0.0	3.0	0.0	0.0	0.0	0.0	0.0	0.0	0.0	0.0	0.0	0.0	0.0	0.0	0.0	0.0	0.0	0.0	0.0	0.0	0.0	0.0	0.0	24.0	0.0	0.0	0.0	0.0	0.0	0.0	0.0	0.0	0.0	4.0	100.0	0.0	0.0	0.0	113.0	0.0	0.0	0.0	0.0	0.0	0.0	0.0	0.0	0.0	0.0	0.0	0.0	0.0	0.0	0.0	0.0	0.0	0.0	0.0	0.0	0.0	0.0	0.0	0.0	0.0	0.0	0.0	0.0	0.0	0.0	0.0	0.0	6.0	0.0	0.0	0.0	0.0	0.0	0.0	0.0	0.0	0.0	0.0	0.0	4.0	0.0	0.0	0.0	0.0	0.0	0.0	0.0	0.0	0.0	0.0	0.0	0.0	0.0	0.0	0.0	7.0	0.0	0.0	0.0	0.0	0.0	0.0	0.0	0.0	26.0	0.0	0.0	0.0	0.0	0.0	0.0	0.0	0.0	11.0	0.0	0.0	0.0	0.0	0.0	0.0	0.0	0.0	0.0	0.0	0.0	0.0	0.0	0.0	0.0	0.0	0.0	0.0	0.0	0.0	0.0	0.0	0.0	0.0	0.0	0.0	0.0	0.0	0.0	0.0	0.0	0.0	9.0	0.0	4.0	0.0	0.0	0.0	0.0	0.0	0.0	0.0	0.0	0.0	0.0	3.0	0.0	4.0	0.0	0.0	0.0	0.0	3.0	0.0	0.0	2.0	0.0	0.0	0.0	3.0	13.0	0.0	0.0	0.0	0.0	0.0	16.0	0.0	0.0	0.0	0.0	0.0	0.0	0.0	0.0	25.0	0.0	1.0	0.0	0.0	0.0	0.0	0.0	0.0	0.0	0.0	2.0	0.0	0.0	0.0	0.0	0.0	0.0	0.0	0.0	1.0	0.0	0.0	0.0	0.0	0.0	0.0	0.0	0.0	0.0	0.0	0.0	0.0	0.0	0.0	0.0	0.0	0.0	0.0	0.0	0.0	17.0	0.0	0.0	0.0	0.0	0.0	0.0	0.0	12.0	0.0	0.0	0.0	0.0	0.0	0.0	0.0	0.0	0.0	0.0	0.0	0.0	0.0	0.0	0.0	0.0	0.0	0.0	0.0	0.0	0.0	0.0	0.0	0.0	0.0	0.0	0.0	0.0	0.0	0.0	0.0	0.0	0.0	14.0	0.0	0.0	0.0	26.0	0.0	4.0	0.0	0.0	0.0	0.0	3.0	4.0	2.0	0.0	0.0	220.0	0.0	0.0	0.0	0.0	2.0	0.0	0.0	31.0	0.0	0.0	14.0	0.0	0.0	0.0	0.0	0.0	0.0	0.0	0.0	0.0	0.0	0.0	0.0	0.0	17.0	0.0	0.0	0.0	0.0	0.0
s__Anaerotignum lactatifermentans (1)	0.0	0.0	0.0	0.0	0.0	0.0	0.0	0.0	7.0	0.0	3.0	0.0	0.0	0.0	0.0	0.0	0.0	0.0	0.0	0.0	0.0	0.0	0.0	8.0	85.0	0.0	0.0	0.0	0.0	29.0	0.0	0.0	0.0	0.0	0.0	0.0	0.0	0.0	0.0	0.0	0.0	0.0	0.0	0.0	0.0	2.0	0.0	0.0	0.0	1.0	0.0	0.0	0.0	18.0	0.0	0.0	0.0	0.0	0.0	0.0	0.0	0.0	0.0	0.0	0.0	28.0	0.0	0.0	0.0	0.0	0.0	0.0	0.0	0.0	49.0	0.0	0.0	0.0	0.0	0.0	0.0	0.0	0.0	0.0	0.0	0.0	0.0	0.0	0.0	0.0	0.0	0.0	0.0	0.0	2.0	0.0	0.0	0.0	0.0	0.0	0.0	0.0	0.0	0.0	0.0	0.0	0.0	0.0	0.0	0.0	0.0	0.0	0.0	0.0	0.0	0.0	26.0	20.0	0.0	0.0	0.0	1.0	12.0	32.0	0.0	0.0	0.0	0.0	0.0	0.0	0.0	0.0	0.0	0.0	0.0	0.0	0.0	2.0	0.0	0.0	0.0	0.0	0.0	0.0	0.0	0.0	0.0	0.0	0.0	2.0	0.0	0.0	0.0	0.0	4.0	0.0	0.0	0.0	67.0	0.0	0.0	0.0	0.0	0.0	0.0	0.0	0.0	0.0	0.0	0.0	0.0	0.0	0.0	0.0	0.0	0.0	0.0	0.0	0.0	0.0	0.0	0.0	0.0	0.0	0.0	0.0	0.0	0.0	8.0	0.0	0.0	0.0	0.0	0.0	0.0	0.0	0.0	0.0	189.0	0.0	0.0	0.0	0.0	0.0	0.0	0.0	0.0	0.0	0.0	0.0	0.0	8.0	0.0	0.0	0.0	0.0	0.0	0.0	0.0	0.0	0.0	0.0	0.0	0.0	3.0	0.0	0.0	13.0	0.0	0.0	0.0	17.0	0.0	0.0	0.0	0.0	0.0	0.0	0.0	0.0	0.0	0.0	0.0	0.0	0.0	0.0	1.0	0.0	0.0	0.0	10.0	0.0	0.0	0.0	0.0	0.0	0.0	0.0	0.0	0.0	0.0	0.0	4.0	0.0	0.0	0.0	0.0	0.0	0.0	0.0	0.0	0.0	0.0	0.0	0.0	0.0	0.0	0.0	0.0	0.0	0.0	0.0	0.0	0.0	0.0	0.0	0.0	0.0	0.0	0.0	0.0	0.0	0.0	0.0	0.0	0.0	0.0	0.0	0.0	0.0	0.0	0.0	0.0	0.0	0.0	0.0	0.0	0.0	25.0	0.0	0.0	2.0	0.0	0.0	0.0	0.0	0.0	0.0	0.0	0.0	0.0	0.0	0.0	0.0	0.0	0.0	0.0	18.0	0.0	0.0	0.0	5.0	0.0	0.0	0.0	100.0	0.0	0.0	0.0	0.0	0.0	0.0	0.0	23.0	0.0	3.0	4.0	0.0	0.0	0.0	5.0	0.0	0.0	0.0	0.0	0.0	0.0	6.0	0.0	0.0	0.0	0.0	0.0	0.0	0.0	0.0	0.0	0.0	0.0	0.0	0.0	0.0	0.0	0.0	4.0	0.0	0.0	0.0	0.0	0.0	0.0	0.0	0.0	0.0	0.0	0.0	0.0	0.0	0.0	0.0	0.0	0.0	0.0	0.0	0.0	0.0	0.0	0.0	0.0	46.0	2.0	3.0	0.0	0.0	0.0	0.0	0.0	0.0	0.0	0.0	0.0	0.0	0.0	0.0	0.0	0.0	0.0	6.0	0.0	0.0	84.0	0.0	12.0	11.0	0.0	0.0	0.0	0.0	0.0	0.0	19.0	6.0	0.0	0.0	0.0	0.0	0.0	0.0	0.0	0.0	0.0	0.0	0.0	0.0	0.0	0.0	0.0	0.0	0.0	0.0	0.0	2.0	0.0	0.0	0.0	28.0	0.0	0.0	0.0	0.0	0.0	0.0	0.0	0.0	0.0	0.0	0.0	0.0	0.0	0.0	0.0	0.0	0.0	0.0	0.0	0.0	3.0	0.0	0.0	0.0	0.0	0.0	0.0
f__Peptostreptococcaceae (1)	42.0	130.0	24.0	440.0	0.0	247.0	96.0	60.0	17.0	31.0	48.0	507.0	283.0	2.0	68.0	0.0	148.0	0.0	123.0	16.0	193.0	9.0	0.0	29.0	198.0	269.0	52.0	0.0	58.0	4.0	3.0	0.0	2.0	6.0	0.0	8.0	265.0	0.0	101.0	2.0	3.0	87.0	4.0	292.0	28.0	59.0	673.0	1216.0	901.0	7.0	0.0	24.0	2.0	107.0	12.0	127.0	2.0	525.0	119.0	1.0	0.0	1.0	0.0	0.0	20.0	9.0	70.0	0.0	68.0	191.0	56.0	4.0	51.0	8.0	1.0	17.0	12.0	0.0	48.0	105.0	68.0	1.0	8.0	7.0	10.0	0.0	3.0	4.0	17.0	397.0	12.0	0.0	0.0	1199.0	23.0	0.0	5.0	73.0	0.0	95.0	17.0	13.0	17.0	712.0	33.0	55.0	10.0	10.0	280.0	12.0	106.0	5.0	2.0	63.0	3.0	181.0	34.0	95.0	509.0	148.0	110.0	4.0	104.0	0.0	115.0	0.0	0.0	88.0	241.0	321.0	76.0	6.0	2.0	184.0	302.0	177.0	76.0	9.0	124.0	6.0	28.0	0.0	742.0	28.0	0.0	57.0	307.0	40.0	18.0	8.0	303.0	2.0	65.0	169.0	23.0	74.0	145.0	38.0	280.0	308.0	206.0	0.0	85.0	2.0	7.0	22.0	24.0	11.0	6.0	496.0	104.0	26.0	268.0	25.0	98.0	827.0	4.0	1.0	19.0	111.0	17.0	41.0	0.0	83.0	58.0	17.0	0.0	82.0	104.0	12.0	46.0	2.0	2.0	398.0	16.0	0.0	26.0	68.0	7.0	0.0	101.0	18.0	137.0	34.0	0.0	3.0	22.0	336.0	15.0	10.0	27.0	20.0	0.0	94.0	0.0	67.0	316.0	41.0	36.0	59.0	36.0	24.0	420.0	40.0	15.0	1.0	213.0	2.0	165.0	256.0	429.0	19.0	224.0	200.0	49.0	95.0	54.0	409.0	643.0	2.0	86.0	99.0	34.0	107.0	21.0	78.0	35.0	431.0	5.0	1.0	39.0	0.0	0.0	18.0	0.0	5.0	0.0	68.0	96.0	13.0	10.0	17.0	3.0	3.0	57.0	19.0	140.0	0.0	66.0	3.0	24.0	5.0	23.0	178.0	14.0	88.0	4.0	355.0	254.0	0.0	452.0	208.0	3.0	180.0	1.0	59.0	27.0	152.0	0.0	295.0	53.0	15.0	178.0	144.0	228.0	0.0	150.0	527.0	32.0	49.0	2.0	41.0	164.0	5.0	0.0	22.0	286.0	1640.0	28.0	23.0	7.0	278.0	0.0	3.0	45.0	2331.0	54.0	79.0	41.0	0.0	6.0	127.0	3.0	0.0	176.0	171.0	32.0	14.0	0.0	0.0	20.0	158.0	191.0	39.0	23.0	169.0	8.0	14.0	0.0	200.0	45.0	68.0	13.0	0.0	164.0	0.0	0.0	0.0	159.0	132.0	57.0	46.0	68.0	17.0	219.0	2.0	62.0	133.0	27.0	0.0	107.0	27.0	0.0	0.0	207.0	8.0	84.0	78.0	9.0	5.0	223.0	121.0	125.0	1036.0	33.0	432.0	130.0	150.0	18.0	23.0	0.0	173.0	90.0	1.0	13.0	277.0	69.0	100.0	2.0	78.0	4.0	71.0	5.0	11.0	0.0	47.0	335.0	0.0	198.0	0.0	135.0	28.0	0.0	13.0	0.0	70.0	37.0	177.0	93.0	133.0	9.0	160.0	203.0	1.0	0.0	23.0	2.0	0.0	124.0	3.0	0.0	0.0	25.0	0.0	191.0	108.0	82.0	43.0	42.0	8.0	146.0	97.0	5.0	299.0	3.0	0.0	0.0	0.0	8.0	12.0	8.0	3.0	86.0	161.0	84.0	0.0	20.0	53.0	114.0	0.0	158.0	30.0	0.0	186.0	147.0	4.0	18.0	252.0	9.0	0.0	208.0	111.0	219.0	140.0	263.0	24.0	4.0	0.0	0.0	0.0	0.0	71.0	30.0	270.0	4.0	0.0	308.0	9.0	103.0	0.0	193.0	60.0	1.0
g__Intestinibacter (1)	0.0	96.0	0.0	48.0	0.0	109.0	31.0	0.0	77.0	5.0	60.0	95.0	0.0	17.0	49.0	0.0	5.0	0.0	2.0	21.0	10.0	3.0	0.0	21.0	8.0	38.0	74.0	0.0	0.0	36.0	0.0	0.0	17.0	7.0	0.0	186.0	16.0	0.0	0.0	75.0	116.0	43.0	67.0	40.0	3.0	58.0	256.0	94.0	6.0	4.0	64.0	17.0	41.0	43.0	35.0	236.0	113.0	72.0	23.0	4.0	0.0	1.0	0.0	0.0	5.0	6.0	56.0	6.0	22.0	2.0	4.0	0.0	22.0	8.0	0.0	0.0	2.0	160.0	85.0	40.0	0.0	133.0	7.0	0.0	7.0	101.0	362.0	15.0	6.0	117.0	35.0	149.0	5.0	55.0	43.0	0.0	0.0	89.0	0.0	9.0	0.0	6.0	4.0	25.0	112.0	0.0	0.0	6.0	44.0	0.0	282.0	0.0	0.0	346.0	0.0	0.0	50.0	23.0	54.0	0.0	1.0	0.0	19.0	0.0	0.0	19.0	0.0	12.0	78.0	0.0	19.0	0.0	0.0	7.0	682.0	19.0	131.0	0.0	100.0	8.0	640.0	0.0	0.0	16.0	0.0	47.0	123.0	2.0	2.0	161.0	126.0	0.0	11.0	22.0	10.0	5.0	162.0	35.0	74.0	0.0	86.0	108.0	78.0	0.0	230.0	0.0	0.0	130.0	6.0	56.0	11.0	0.0	43.0	7.0	69.0	92.0	768.0	0.0	0.0	7.0	0.0	3.0	47.0	3.0	0.0	0.0	0.0	16.0	103.0	4.0	0.0	0.0	1.0	95.0	139.0	187.0	10.0	15.0	10.0	0.0	5.0	16.0	17.0	10.0	0.0	165.0	9.0	7.0	16.0	3.0	0.0	0.0	808.0	5.0	0.0	45.0	250.0	0.0	162.0	67.0	0.0	0.0	3.0	944.0	16.0	5.0	0.0	130.0	25.0	35.0	45.0	19.0	423.0	181.0	0.0	96.0	0.0	0.0	54.0	47.0	0.0	14.0	44.0	68.0	0.0	50.0	226.0	18.0	6.0	0.0	5.0	1.0	9.0	8.0	44.0	0.0	0.0	5.0	26.0	12.0	231.0	27.0	117.0	50.0	11.0	0.0	18.0	15.0	0.0	0.0	34.0	58.0	6.0	1.0	0.0	0.0	1.0	0.0	209.0	0.0	608.0	129.0	0.0	6.0	174.0	493.0	98.0	90.0	81.0	28.0	9.0	8.0	615.0	49.0	25.0	223.0	0.0	33.0	106.0	3.0	0.0	89.0	4.0	30.0	0.0	0.0	33.0	129.0	46.0	0.0	0.0	0.0	75.0	0.0	1.0	9.0	6.0	82.0	19.0	0.0	38.0	77.0	25.0	13.0	20.0	65.0	64.0	0.0	3.0	0.0	198.0	24.0	8.0	10.0	0.0	59.0	1.0	12.0	51.0	2.0	2.0	5.0	0.0	5.0	4.0	0.0	0.0	0.0	18.0	210.0	4.0	0.0	0.0	10.0	3.0	6.0	32.0	18.0	0.0	9.0	2.0	14.0	20.0	29.0	9.0	4.0	10.0	76.0	0.0	18.0	830.0	2.0	118.0	37.0	50.0	3.0	143.0	1.0	0.0	329.0	0.0	42.0	69.0	0.0	107.0	3.0	0.0	32.0	1.0	3.0	55.0	141.0	71.0	0.0	2.0	6.0	32.0	28.0	298.0	0.0	35.0	347.0	0.0	0.0	0.0	3.0	35.0	14.0	4.0	25.0	0.0	7.0	6.0	33.0	15.0	0.0	0.0	147.0	0.0	42.0	9.0	1.0	54.0	0.0	0.0	3.0	53.0	17.0	74.0	3.0	0.0	9.0	39.0	130.0	0.0	3.0	33.0	133.0	57.0	13.0	50.0	12.0	29.0	0.0	0.0	0.0	1.0	26.0	4.0	17.0	257.0	30.0	0.0	7.0	133.0	0.0	0.0	5.0	470.0	0.0	8.0	20.0	145.0	49.0	99.0	32.0	314.0	0.0	39.0	9.0	203.0	0.0	0.0	19.0	0.0	446.0	161.0	1.0	195.0	32.0	8.0	0.0	0.0
s__Terrisporobacter sp902363255 (1)	0.0	0.0	0.0	5.0	0.0	64.0	0.0	0.0	0.0	0.0	2.0	51.0	0.0	0.0	0.0	0.0	0.0	0.0	8.0	0.0	0.0	0.0	0.0	0.0	0.0	17.0	2.0	0.0	0.0	1.0	0.0	0.0	0.0	0.0	0.0	0.0	12.0	0.0	0.0	0.0	0.0	0.0	0.0	35.0	0.0	0.0	23.0	0.0	0.0	0.0	0.0	0.0	0.0	1.0	0.0	6.0	0.0	84.0	5.0	0.0	36.0	0.0	0.0	0.0	4.0	0.0	25.0	0.0	0.0	0.0	0.0	0.0	0.0	2.0	0.0	0.0	0.0	0.0	0.0	0.0	0.0	0.0	0.0	0.0	0.0	0.0	0.0	0.0	0.0	9.0	0.0	0.0	0.0	0.0	2.0	0.0	6.0	0.0	0.0	7.0	16.0	2.0	0.0	13.0	0.0	0.0	0.0	0.0	114.0	0.0	85.0	0.0	5.0	0.0	0.0	0.0	0.0	0.0	0.0	0.0	0.0	0.0	0.0	0.0	0.0	0.0	0.0	0.0	13.0	0.0	0.0	0.0	0.0	0.0	94.0	0.0	2.0	0.0	0.0	0.0	0.0	0.0	0.0	0.0	0.0	0.0	12.0	0.0	0.0	0.0	1.0	10.0	3.0	9.0	0.0	0.0	13.0	0.0	0.0	0.0	12.0	0.0	51.0	0.0	0.0	0.0	0.0	55.0	0.0	10.0	0.0	0.0	7.0	0.0	0.0	82.0	0.0	0.0	0.0	0.0	0.0	0.0	0.0	0.0	0.0	0.0	0.0	4.0	10.0	0.0	0.0	0.0	0.0	1.0	7.0	0.0	0.0	0.0	0.0	0.0	0.0	0.0	0.0	0.0	0.0	0.0	0.0	28.0	0.0	0.0	1.0	0.0	5.0	0.0	0.0	0.0	2.0	0.0	19.0	44.0	0.0	0.0	8.0	0.0	0.0	0.0	0.0	0.0	0.0	0.0	31.0	11.0	14.0	203.0	4.0	12.0	0.0	0.0	0.0	0.0	0.0	2.0	14.0	100.0	0.0	0.0	0.0	11.0	0.0	0.0	0.0	0.0	0.0	0.0	0.0	0.0	3.0	0.0	0.0	0.0	0.0	0.0	0.0	0.0	0.0	0.0	0.0	0.0	0.0	0.0	0.0	0.0	0.0	0.0	0.0	0.0	0.0	0.0	10.0	0.0	14.0	1.0	0.0	7.0	0.0	0.0	0.0	0.0	0.0	3.0	0.0	0.0	63.0	9.0	0.0	0.0	0.0	0.0	0.0	0.0	0.0	0.0	5.0	0.0	0.0	0.0	4.0	324.0	0.0	0.0	0.0	0.0	0.0	0.0	20.0	65.0	0.0	0.0	0.0	0.0	0.0	0.0	0.0	0.0	0.0	28.0	0.0	0.0	0.0	0.0	0.0	25.0	0.0	0.0	0.0	0.0	0.0	0.0	3.0	0.0	0.0	0.0	0.0	0.0	0.0	0.0	0.0	0.0	0.0	0.0	0.0	0.0	0.0	0.0	35.0	0.0	0.0	0.0	0.0	0.0	0.0	0.0	0.0	0.0	5.0	0.0	0.0	0.0	1.0	16.0	92.0	0.0	3.0	0.0	0.0	0.0	0.0	2.0	0.0	0.0	0.0	78.0	2.0	0.0	0.0	7.0	0.0	27.0	0.0	0.0	0.0	0.0	0.0	0.0	0.0	0.0	5.0	0.0	11.0	0.0	3.0	0.0	0.0	2.0	0.0	0.0	51.0	0.0	0.0	7.0	0.0	0.0	9.0	0.0	0.0	0.0	0.0	0.0	0.0	0.0	0.0	0.0	7.0	0.0	0.0	0.0	8.0	0.0	0.0	0.0	1.0	0.0	0.0	28.0	5.0	8.0	0.0	0.0	0.0	0.0	0.0	0.0	5.0	0.0	0.0	0.0	0.0	16.0	147.0	0.0	0.0	89.0	0.0	0.0	0.0	0.0	0.0	16.0	0.0	0.0	0.0	276.0	2.0	0.0	6.0	0.0	0.0	0.0	0.0	0.0	0.0	2.0	0.0	0.0	0.0	0.0	1.0	0.0	17.0	0.0	2.0	0.0	7.0
s__Enterocloster sp000431375 (1)	0.0	0.0	0.0	0.0	105.0	0.0	2.0	20.0	0.0	0.0	0.0	0.0	0.0	0.0	0.0	0.0	70.0	51.0	0.0	21.0	18.0	40.0	0.0	0.0	34.0	0.0	85.0	39.0	5.0	0.0	0.0	0.0	152.0	0.0	0.0	0.0	0.0	0.0	47.0	0.0	0.0	0.0	0.0	0.0	16.0	0.0	0.0	0.0	0.0	55.0	0.0	0.0	12.0	33.0	0.0	0.0	21.0	6.0	4.0	0.0	0.0	3.0	0.0	3.0	0.0	0.0	0.0	0.0	31.0	31.0	33.0	0.0	0.0	3.0	3.0	5.0	0.0	0.0	0.0	0.0	0.0	0.0	0.0	0.0	0.0	0.0	17.0	0.0	39.0	0.0	0.0	0.0	31.0	0.0	0.0	0.0	0.0	0.0	0.0	0.0	12.0	0.0	860.0	3.0	0.0	73.0	0.0	0.0	0.0	54.0	0.0	0.0	0.0	0.0	0.0	12.0	0.0	0.0	13.0	33.0	0.0	0.0	5.0	63.0	0.0	0.0	1.0	0.0	6.0	2.0	15.0	97.0	0.0	0.0	24.0	7.0	0.0	14.0	0.0	0.0	0.0	175.0	0.0	0.0	0.0	0.0	0.0	80.0	0.0	0.0	2.0	0.0	79.0	0.0	0.0	79.0	10.0	0.0	0.0	7.0	12.0	0.0	18.0	0.0	0.0	0.0	0.0	6.0	26.0	0.0	19.0	31.0	45.0	0.0	0.0	0.0	0.0	0.0	15.0	24.0	0.0	111.0	0.0	176.0	0.0	99.0	32.0	0.0	0.0	0.0	13.0	0.0	0.0	19.0	3.0	136.0	0.0	0.0	0.0	0.0	38.0	71.0	1.0	10.0	0.0	0.0	10.0	0.0	8.0	73.0	0.0	11.0	0.0	42.0	0.0	10.0	0.0	0.0	13.0	147.0	24.0	93.0	8.0	0.0	0.0	0.0	0.0	0.0	0.0	0.0	0.0	90.0	0.0	0.0	284.0	0.0	5.0	144.0	28.0	0.0	6.0	21.0	25.0	5.0	60.0	40.0	0.0	0.0	15.0	0.0	0.0	0.0	53.0	0.0	0.0	9.0	0.0	24.0	0.0	45.0	0.0	38.0	0.0	0.0	6.0	10.0	3.0	0.0	13.0	0.0	0.0	23.0	0.0	9.0	70.0	15.0	1.0	0.0	17.0	309.0	0.0	0.0	0.0	0.0	0.0	0.0	0.0	0.0	0.0	12.0	38.0	0.0	0.0	10.0	0.0	2.0	6.0	14.0	0.0	0.0	0.0	0.0	0.0	25.0	9.0	0.0	12.0	0.0	0.0	9.0	78.0	7.0	0.0	4.0	45.0	2.0	41.0	0.0	0.0	0.0	0.0	10.0	0.0	73.0	0.0	0.0	0.0	34.0	0.0	66.0	0.0	0.0	13.0	15.0	26.0	0.0	0.0	7.0	0.0	7.0	15.0	13.0	50.0	17.0	0.0	0.0	2.0	66.0	47.0	0.0	0.0	2.0	0.0	0.0	0.0	55.0	9.0	28.0	0.0	1.0	15.0	1.0	5.0	0.0	17.0	0.0	112.0	0.0	2.0	0.0	46.0	0.0	11.0	18.0	0.0	16.0	0.0	0.0	13.0	0.0	27.0	0.0	2.0	0.0	0.0	0.0	0.0	0.0	0.0	290.0	0.0	25.0	0.0	38.0	21.0	0.0	0.0	0.0	0.0	0.0	0.0	0.0	0.0	75.0	0.0	11.0	43.0	12.0	116.0	0.0	64.0	0.0	0.0	0.0	8.0	28.0	9.0	34.0	45.0	133.0	27.0	17.0	3.0	0.0	12.0	0.0	29.0	6.0	0.0	28.0	0.0	0.0	0.0	11.0	18.0	0.0	0.0	0.0	0.0	74.0	65.0	150.0	0.0	0.0	1.0	26.0	65.0	9.0	14.0	1.0	0.0	1.0	0.0	0.0	11.0	33.0	0.0	11.0	0.0	8.0	0.0	0.0	0.0	74.0	0.0	10.0	0.0	0.0	0.0	0.0	0.0	0.0	35.0	32.0	0.0	25.0	0.0	0.0	6.0	0.0	16.0	14.0	0.0
s__Pararoseburia lenta (1)	0.0	0.0	0.0	0.0	8.0	0.0	0.0	0.0	0.0	0.0	0.0	0.0	0.0	15.0	0.0	0.0	0.0	0.0	0.0	0.0	0.0	9.0	0.0	0.0	0.0	13.0	0.0	25.0	1.0	0.0	0.0	0.0	22.0	0.0	0.0	0.0	0.0	0.0	0.0	0.0	0.0	0.0	0.0	0.0	0.0	0.0	0.0	0.0	0.0	0.0	0.0	0.0	0.0	0.0	0.0	0.0	0.0	0.0	0.0	0.0	0.0	0.0	0.0	0.0	0.0	0.0	0.0	0.0	6.0	0.0	0.0	0.0	0.0	0.0	0.0	0.0	0.0	0.0	0.0	0.0	0.0	0.0	0.0	0.0	0.0	0.0	0.0	0.0	0.0	0.0	8.0	0.0	0.0	0.0	0.0	0.0	0.0	0.0	0.0	0.0	0.0	0.0	0.0	0.0	0.0	0.0	0.0	0.0	9.0	0.0	0.0	0.0	0.0	0.0	0.0	0.0	0.0	49.0	8.0	0.0	0.0	0.0	0.0	0.0	0.0	0.0	0.0	0.0	1.0	4.0	19.0	0.0	0.0	0.0	0.0	0.0	0.0	0.0	0.0	0.0	0.0	0.0	0.0	0.0	0.0	0.0	0.0	0.0	0.0	0.0	0.0	0.0	0.0	0.0	0.0	0.0	0.0	0.0	0.0	0.0	0.0	0.0	0.0	0.0	9.0	0.0	0.0	10.0	0.0	0.0	0.0	12.0	2.0	0.0	0.0	0.0	0.0	0.0	9.0	4.0	0.0	0.0	0.0	0.0	0.0	0.0	0.0	0.0	0.0	0.0	0.0	0.0	0.0	0.0	0.0	16.0	0.0	0.0	0.0	0.0	4.0	0.0	7.0	0.0	0.0	0.0	0.0	0.0	0.0	0.0	0.0	0.0	0.0	12.0	0.0	0.0	0.0	0.0	0.0	0.0	0.0	0.0	0.0	0.0	0.0	0.0	0.0	0.0	0.0	0.0	0.0	0.0	0.0	0.0	0.0	0.0	19.0	0.0	9.0	0.0	0.0	0.0	0.0	11.0	55.0	0.0	0.0	0.0	0.0	0.0	0.0	0.0	0.0	0.0	0.0	0.0	0.0	0.0	0.0	0.0	0.0	0.0	0.0	0.0	0.0	0.0	0.0	0.0	0.0	0.0	0.0	0.0	0.0	0.0	0.0	8.0	0.0	0.0	2.0	0.0	0.0	0.0	0.0	0.0	0.0	0.0	0.0	0.0	0.0	2.0	6.0	0.0	0.0	0.0	0.0	0.0	0.0	0.0	0.0	0.0	0.0	0.0	0.0	0.0	0.0	0.0	10.0	0.0	7.0	0.0	5.0	0.0	0.0	0.0	19.0	0.0	0.0	0.0	0.0	0.0	0.0	0.0	0.0	0.0	0.0	0.0	0.0	0.0	0.0	0.0	0.0	0.0	0.0	0.0	0.0	0.0	0.0	0.0	0.0	0.0	0.0	0.0	0.0	0.0	0.0	0.0	0.0	0.0	0.0	0.0	0.0	0.0	0.0	0.0	0.0	0.0	0.0	0.0	0.0	0.0	12.0	0.0	0.0	0.0	0.0	2.0	5.0	0.0	0.0	0.0	0.0	0.0	0.0	0.0	0.0	0.0	0.0	4.0	0.0	0.0	0.0	0.0	0.0	0.0	3.0	0.0	0.0	0.0	0.0	0.0	0.0	0.0	73.0	0.0	0.0	0.0	0.0	0.0	0.0	0.0	0.0	0.0	0.0	14.0	0.0	0.0	0.0	1.0	0.0	0.0	0.0	0.0	0.0	0.0	0.0	0.0	0.0	0.0	7.0	0.0	0.0	18.0	40.0	0.0	0.0	0.0	0.0	0.0	0.0	17.0	0.0	0.0	0.0	0.0	0.0	0.0	0.0	0.0	0.0	0.0	0.0	28.0	3.0	0.0	0.0	0.0	0.0	0.0	0.0	0.0	0.0	0.0	0.0	0.0	0.0	0.0	0.0	0.0	0.0	5.0	7.0	8.0	0.0	0.0	0.0	0.0	0.0	0.0	0.0	0.0	0.0	0.0	0.0	3.0	0.0	33.0	0.0	0.0	0.0	0.0	0.0	2.0	0.0
s__Dorea formicigenerans (1)	79.0	0.0	0.0	102.0	49.0	0.0	8.0	17.0	0.0	0.0	55.0	25.0	0.0	0.0	142.0	0.0	98.0	32.0	19.0	64.0	0.0	32.0	0.0	85.0	0.0	85.0	32.0	24.0	37.0	27.0	0.0	0.0	68.0	0.0	0.0	0.0	13.0	0.0	64.0	102.0	86.0	49.0	0.0	0.0	0.0	0.0	11.0	3.0	0.0	45.0	0.0	18.0	0.0	38.0	0.0	0.0	0.0	13.0	54.0	0.0	29.0	5.0	0.0	75.0	0.0	0.0	21.0	0.0	56.0	27.0	9.0	0.0	50.0	67.0	0.0	73.0	0.0	0.0	30.0	0.0	0.0	0.0	0.0	0.0	20.0	0.0	33.0	35.0	35.0	0.0	0.0	0.0	26.0	9.0	0.0	0.0	0.0	44.0	0.0	0.0	27.0	0.0	0.0	0.0	0.0	38.0	36.0	0.0	36.0	70.0	0.0	0.0	87.0	0.0	21.0	42.0	0.0	97.0	33.0	0.0	45.0	0.0	0.0	18.0	74.0	0.0	0.0	0.0	49.0	37.0	57.0	49.0	0.0	0.0	0.0	25.0	0.0	29.0	0.0	0.0	0.0	63.0	0.0	14.0	0.0	0.0	86.0	12.0	40.0	0.0	47.0	0.0	0.0	0.0	0.0	24.0	17.0	0.0	0.0	99.0	39.0	0.0	88.0	0.0	0.0	0.0	102.0	0.0	22.0	0.0	27.0	46.0	52.0	0.0	18.0	104.0	0.0	205.0	19.0	28.0	32.0	34.0	71.0	0.0	0.0	0.0	56.0	0.0	46.0	23.0	65.0	0.0	0.0	0.0	0.0	13.0	109.0	104.0	0.0	0.0	28.0	20.0	93.0	89.0	0.0	0.0	30.0	60.0	50.0	35.0	0.0	8.0	0.0	41.0	0.0	69.0	68.0	14.0	58.0	51.0	51.0	25.0	55.0	0.0	9.0	0.0	97.0	8.0	0.0	0.0	0.0	27.0	0.0	12.0	41.0	0.0	84.0	59.0	60.0	0.0	80.0	42.0	39.0	74.0	22.0	36.0	11.0	0.0	0.0	0.0	0.0	0.0	29.0	34.0	0.0	107.0	9.0	34.0	0.0	26.0	0.0	57.0	0.0	23.0	20.0	10.0	50.0	52.0	78.0	0.0	14.0	0.0	0.0	4.0	27.0	76.0	0.0	60.0	6.0	32.0	0.0	74.0	27.0	0.0	0.0	0.0	0.0	0.0	0.0	15.0	22.0	8.0	136.0	64.0	32.0	115.0	65.0	84.0	0.0	0.0	0.0	48.0	70.0	19.0	57.0	75.0	108.0	0.0	24.0	0.0	0.0	42.0	0.0	116.0	45.0	21.0	19.0	0.0	0.0	0.0	0.0	30.0	0.0	54.0	0.0	70.0	0.0	66.0	0.0	149.0	0.0	0.0	44.0	0.0	35.0	0.0	1.0	74.0	0.0	80.0	16.0	31.0	38.0	50.0	0.0	0.0	0.0	25.0	24.0	0.0	0.0	112.0	0.0	0.0	0.0	0.0	22.0	0.0	0.0	34.0	21.0	73.0	2.0	24.0	19.0	30.0	21.0	0.0	0.0	59.0	0.0	0.0	70.0	0.0	56.0	9.0	0.0	0.0	24.0	0.0	13.0	25.0	15.0	26.0	0.0	247.0	0.0	0.0	0.0	41.0	0.0	32.0	5.0	49.0	0.0	42.0	22.0	0.0	0.0	67.0	0.0	76.0	0.0	92.0	33.0	56.0	0.0	67.0	104.0	2.0	15.0	31.0	131.0	0.0	0.0	54.0	19.0	143.0	45.0	0.0	0.0	22.0	29.0	52.0	84.0	57.0	42.0	0.0	0.0	48.0	0.0	8.0	0.0	31.0	31.0	0.0	0.0	0.0	0.0	0.0	0.0	0.0	41.0	0.0	121.0	58.0	51.0	57.0	0.0	0.0	0.0	0.0	0.0	0.0	23.0	25.0	31.0	16.0	0.0	70.0	59.0	29.0	56.0	10.0	15.0	0.0	0.0	153.0	0.0	0.0	0.0	112.0	29.0	41.0	28.0	16.0	0.0	0.0	5.0	2.0	46.0	77.0	0.0
s__Agathobacter rectalis (1)	0.0	1.0	10.0	188.0	338.0	0.0	0.0	45.0	347.0	0.0	128.0	0.0	105.0	0.0	0.0	0.0	741.0	18.0	0.0	15.0	0.0	262.0	0.0	44.0	0.0	0.0	15.0	146.0	46.0	0.0	0.0	0.0	124.0	159.0	0.0	0.0	389.0	0.0	19.0	195.0	0.0	0.0	0.0	0.0	0.0	0.0	0.0	11.0	0.0	0.0	0.0	103.0	0.0	122.0	0.0	0.0	29.0	37.0	75.0	1.0	4.0	5.0	0.0	4.0	112.0	20.0	0.0	2.0	24.0	11.0	0.0	0.0	30.0	24.0	1.0	53.0	0.0	0.0	11.0	0.0	0.0	0.0	0.0	0.0	410.0	0.0	224.0	0.0	87.0	0.0	21.0	0.0	18.0	0.0	65.0	0.0	10.0	16.0	0.0	0.0	0.0	0.0	59.0	24.0	0.0	21.0	119.0	0.0	130.0	444.0	0.0	419.0	96.0	0.0	74.0	364.0	0.0	82.0	320.0	0.0	0.0	0.0	252.0	69.0	129.0	0.0	4.0	26.0	0.0	55.0	76.0	16.0	0.0	41.0	201.0	0.0	0.0	0.0	12.0	0.0	0.0	0.0	0.0	0.0	0.0	555.0	0.0	1.0	183.0	0.0	38.0	0.0	51.0	0.0	0.0	560.0	78.0	0.0	0.0	21.0	82.0	0.0	123.0	4.0	0.0	0.0	124.0	70.0	349.0	0.0	227.0	36.0	8.0	0.0	59.0	17.0	2.0	1324.0	122.0	295.0	796.0	32.0	0.0	0.0	0.0	27.0	149.0	10.0	60.0	0.0	0.0	0.0	0.0	99.0	335.0	1.0	172.0	0.0	0.0	0.0	60.0	109.0	365.0	192.0	0.0	11.0	314.0	242.0	214.0	15.0	0.0	70.0	0.0	137.0	0.0	5.0	5.0	40.0	162.0	0.0	50.0	0.0	0.0	0.0	0.0	13.0	0.0	0.0	0.0	0.0	0.0	15.0	0.0	107.0	223.0	58.0	76.0	43.0	357.0	0.0	70.0	346.0	283.0	66.0	340.0	33.0	0.0	0.0	109.0	0.0	0.0	0.0	72.0	29.0	0.0	0.0	0.0	0.0	0.0	76.0	0.0	0.0	0.0	36.0	13.0	0.0	214.0	0.0	105.0	0.0	564.0	0.0	0.0	21.0	93.0	68.0	7.0	28.0	69.0	193.0	0.0	60.0	5.0	719.0	0.0	0.0	0.0	0.0	162.0	9.0	12.0	69.0	81.0	26.0	198.0	81.0	72.0	0.0	0.0	0.0	0.0	0.0	56.0	65.0	5.0	55.0	465.0	0.0	3.0	0.0	487.0	152.0	0.0	0.0	62.0	0.0	103.0	0.0	0.0	0.0	0.0	60.0	0.0	121.0	0.0	0.0	0.0	0.0	0.0	236.0	0.0	0.0	0.0	0.0	178.0	0.0	0.0	139.0	4.0	28.0	105.0	9.0	140.0	215.0	807.0	0.0	6.0	0.0	67.0	0.0	0.0	15.0	370.0	38.0	0.0	77.0	0.0	35.0	0.0	996.0	321.0	0.0	0.0	492.0	69.0	10.0	84.0	2.0	599.0	11.0	143.0	0.0	31.0	12.0	681.0	125.0	464.0	1265.0	71.0	0.0	0.0	228.0	0.0	0.0	56.0	53.0	0.0	0.0	0.0	139.0	228.0	26.0	0.0	0.0	78.0	430.0	20.0	0.0	293.0	637.0	132.0	100.0	84.0	28.0	111.0	228.0	279.0	50.0	46.0	163.0	50.0	0.0	16.0	79.0	0.0	12.0	0.0	0.0	151.0	20.0	296.0	3.0	115.0	261.0	0.0	151.0	327.0	0.0	0.0	5.0	0.0	322.0	0.0	25.0	18.0	0.0	0.0	14.0	0.0	0.0	41.0	0.0	787.0	205.0	5.0	51.0	0.0	22.0	0.0	0.0	0.0	0.0	0.0	0.0	515.0	0.0	0.0	0.0	0.0	20.0	0.0	33.0	0.0	0.0	4.0	0.0	0.0	0.0	0.0	0.0	0.0	300.0	0.0	360.0	395.0	33.0	0.0	0.0	69.0	0.0	32.0	253.0	1.0
s__Agathobacter rectalis (2)	0.0	1.0	0.0	4.0	6.0	2.0	0.0	0.0	24.0	0.0	10.0	0.0	0.0	0.0	2.0	0.0	0.0	4.0	0.0	0.0	0.0	62.0	0.0	2.0	0.0	0.0	4.0	0.0	4.0	0.0	0.0	0.0	5.0	0.0	0.0	0.0	21.0	0.0	0.0	0.0	0.0	0.0	0.0	0.0	0.0	5.0	0.0	0.0	0.0	0.0	0.0	0.0	0.0	10.0	0.0	0.0	2.0	0.0	0.0	0.0	0.0	0.0	0.0	0.0	0.0	1.0	6.0	0.0	0.0	0.0	0.0	0.0	2.0	0.0	0.0	2.0	0.0	0.0	0.0	0.0	0.0	0.0	0.0	3.0	0.0	0.0	22.0	0.0	27.0	0.0	7.0	0.0	10.0	0.0	0.0	0.0	0.0	4.0	0.0	0.0	0.0	0.0	0.0	1.0	0.0	3.0	72.0	0.0	2.0	14.0	0.0	0.0	0.0	0.0	0.0	14.0	0.0	0.0	0.0	0.0	0.0	8.0	0.0	0.0	3.0	5.0	0.0	0.0	5.0	0.0	3.0	4.0	0.0	0.0	4.0	11.0	0.0	0.0	0.0	0.0	0.0	0.0	0.0	0.0	0.0	0.0	0.0	0.0	0.0	0.0	0.0	0.0	12.0	0.0	0.0	44.0	4.0	0.0	0.0	2.0	20.0	0.0	4.0	0.0	0.0	0.0	0.0	3.0	0.0	0.0	13.0	4.0	0.0	0.0	4.0	0.0	0.0	57.0	11.0	0.0	0.0	0.0	0.0	0.0	0.0	13.0	3.0	2.0	0.0	0.0	0.0	0.0	0.0	9.0	0.0	0.0	0.0	0.0	0.0	0.0	2.0	3.0	5.0	0.0	0.0	0.0	0.0	0.0	5.0	4.0	0.0	0.0	0.0	14.0	0.0	0.0	3.0	0.0	22.0	0.0	5.0	0.0	0.0	0.0	0.0	0.0	0.0	0.0	0.0	0.0	0.0	0.0	0.0	25.0	5.0	21.0	1.0	0.0	0.0	0.0	3.0	12.0	14.0	0.0	6.0	0.0	0.0	0.0	0.0	0.0	0.0	0.0	11.0	0.0	0.0	0.0	0.0	0.0	0.0	0.0	0.0	0.0	0.0	0.0	0.0	0.0	0.0	0.0	2.0	0.0	5.0	0.0	0.0	4.0	16.0	6.0	0.0	0.0	6.0	5.0	0.0	3.0	0.0	0.0	0.0	0.0	0.0	0.0	0.0	0.0	0.0	0.0	0.0	0.0	4.0	0.0	0.0	0.0	0.0	0.0	0.0	0.0	6.0	0.0	1.0	3.0	0.0	0.0	0.0	0.0	13.0	0.0	0.0	0.0	0.0	0.0	23.0	0.0	0.0	1.0	0.0	2.0	0.0	17.0	0.0	0.0	0.0	0.0	0.0	36.0	0.0	1.0	0.0	4.0	21.0	1.0	2.0	0.0	0.0	0.0	13.0	0.0	0.0	37.0	0.0	0.0	0.0	0.0	0.0	0.0	0.0	0.0	0.0	0.0	0.0	0.0	0.0	9.0	0.0	11.0	2.0	0.0	0.0	42.0	0.0	1.0	12.0	0.0	8.0	0.0	0.0	0.0	0.0	0.0	0.0	0.0	0.0	0.0	9.0	0.0	0.0	0.0	0.0	5.0	0.0	1.0	0.0	0.0	0.0	0.0	5.0	1.0	0.0	17.0	0.0	12.0	0.0	0.0	0.0	5.0	7.0	0.0	0.0	1.0	18.0	2.0	11.0	0.0	0.0	18.0	6.0	0.0	0.0	0.0	0.0	5.0	0.0	0.0	4.0	0.0	0.0	0.0	0.0	22.0	0.0	0.0	0.0	0.0	0.0	0.0	0.0	27.0	0.0	3.0	0.0	0.0	0.0	3.0	0.0	0.0	0.0	0.0	497.0	0.0	0.0	5.0	0.0	0.0	0.0	0.0	0.0	0.0	0.0	0.0	0.0	0.0	14.0	0.0	0.0	0.0	2.0	1.0	0.0	0.0	0.0	0.0	0.0	0.0	0.0	0.0	0.0	7.0	11.0	4.0	0.0	6.0	0.0	0.0	14.0	0.0	0.0	0.0	0.0
s__Pauljensenia variabilis (1)	0.0	1.0	0.0	1.0	0.0	0.0	0.0	0.0	0.0	0.0	0.0	0.0	0.0	0.0	0.0	0.0	0.0	0.0	0.0	0.0	0.0	0.0	2.0	0.0	0.0	0.0	0.0	0.0	0.0	0.0	0.0	0.0	0.0	0.0	0.0	0.0	5.0	0.0	0.0	0.0	0.0	0.0	1.0	0.0	0.0	0.0	0.0	0.0	0.0	0.0	0.0	2.0	6.0	1.0	0.0	0.0	0.0	0.0	0.0	5.0	0.0	10.0	5.0	0.0	0.0	0.0	0.0	0.0	0.0	0.0	0.0	2.0	0.0	0.0	3.0	2.0	0.0	0.0	0.0	0.0	3.0	0.0	0.0	0.0	1.0	0.0	0.0	0.0	0.0	0.0	0.0	0.0	0.0	0.0	0.0	0.0	0.0	0.0	0.0	0.0	0.0	0.0	0.0	0.0	0.0	4.0	1.0	0.0	2.0	0.0	0.0	0.0	9.0	0.0	0.0	0.0	0.0	0.0	2.0	0.0	0.0	0.0	0.0	0.0	0.0	0.0	1.0	0.0	2.0	0.0	0.0	0.0	0.0	0.0	0.0	0.0	0.0	0.0	2.0	0.0	0.0	0.0	0.0	3.0	0.0	0.0	0.0	0.0	0.0	0.0	0.0	0.0	0.0	0.0	0.0	0.0	0.0	0.0	0.0	0.0	1.0	0.0	2.0	0.0	0.0	0.0	0.0	0.0	0.0	0.0	0.0	0.0	0.0	0.0	0.0	0.0	0.0	2.0	0.0	0.0	0.0	0.0	0.0	0.0	0.0	0.0	0.0	0.0	0.0	0.0	0.0	0.0	0.0	1.0	4.0	0.0	0.0	0.0	0.0	2.0	0.0	0.0	0.0	0.0	0.0	0.0	0.0	0.0	0.0	0.0	0.0	0.0	0.0	0.0	24.0	0.0	0.0	0.0	0.0	0.0	3.0	0.0	0.0	0.0	0.0	3.0	0.0	0.0	0.0	0.0	0.0	2.0	6.0	0.0	0.0	2.0	0.0	0.0	0.0	0.0	2.0	0.0	0.0	0.0	0.0	0.0	0.0	0.0	0.0	0.0	0.0	0.0	0.0	0.0	0.0	0.0	0.0	0.0	0.0	0.0	1.0	0.0	3.0	0.0	0.0	0.0	0.0	0.0	0.0	0.0	0.0	0.0	0.0	0.0	0.0	1.0	0.0	0.0	0.0	0.0	0.0	0.0	0.0	0.0	0.0	0.0	0.0	0.0	0.0	0.0	0.0	3.0	0.0	0.0	0.0	0.0	5.0	11.0	0.0	5.0	0.0	0.0	0.0	3.0	0.0	0.0	4.0	0.0	0.0	0.0	0.0	0.0	0.0	10.0	0.0	0.0	0.0	0.0	0.0	0.0	0.0	0.0	0.0	0.0	0.0	0.0	0.0	0.0	0.0	0.0	0.0	0.0	0.0	2.0	0.0	0.0	0.0	0.0	0.0	0.0	0.0	0.0	0.0	0.0	0.0	0.0	0.0	0.0	0.0	0.0	0.0	3.0	0.0	0.0	5.0	0.0	0.0	0.0	0.0	0.0	0.0	1.0	0.0	0.0	0.0	3.0	0.0	15.0	0.0	0.0	0.0	0.0	0.0	0.0	0.0	0.0	0.0	0.0	0.0	0.0	0.0	0.0	0.0	0.0	0.0	0.0	8.0	0.0	0.0	0.0	0.0	0.0	0.0	0.0	0.0	0.0	0.0	0.0	0.0	4.0	0.0	0.0	0.0	0.0	0.0	0.0	0.0	0.0	4.0	0.0	0.0	0.0	0.0	0.0	3.0	0.0	0.0	0.0	0.0	0.0	0.0	0.0	0.0	0.0	0.0	3.0	0.0	1.0	0.0	1.0	0.0	0.0	0.0	4.0	0.0	0.0	0.0	0.0	0.0	7.0	0.0	0.0	0.0	0.0	0.0	0.0	0.0	0.0	0.0	0.0	0.0	0.0	0.0	0.0	0.0	0.0	0.0	0.0	3.0	0.0	0.0	0.0	0.0	0.0	0.0	0.0	0.0	0.0	0.0	0.0	0.0	0.0	21.0	8.0	0.0	0.0	0.0	0.0	0.0	0.0	0.0	10.0	0.0
s__Enterocloster sp900541315 (1)	14.0	0.0	0.0	26.0	6.0	0.0	7.0	6.0	0.0	37.0	0.0	0.0	0.0	0.0	0.0	0.0	8.0	10.0	0.0	1.0	1.0	14.0	0.0	5.0	0.0	4.0	0.0	0.0	10.0	0.0	0.0	0.0	42.0	0.0	0.0	0.0	13.0	423.0	26.0	0.0	0.0	0.0	0.0	0.0	0.0	0.0	0.0	0.0	0.0	6.0	0.0	38.0	0.0	0.0	0.0	0.0	0.0	5.0	9.0	134.0	0.0	0.0	0.0	0.0	0.0	0.0	4.0	0.0	55.0	0.0	0.0	0.0	44.0	25.0	17.0	5.0	112.0	0.0	26.0	0.0	0.0	0.0	0.0	0.0	13.0	0.0	9.0	0.0	6.0	8.0	0.0	0.0	0.0	0.0	0.0	0.0	223.0	0.0	0.0	0.0	0.0	0.0	0.0	0.0	0.0	0.0	0.0	0.0	0.0	4.0	0.0	0.0	0.0	0.0	0.0	12.0	0.0	6.0	6.0	0.0	0.0	0.0	3.0	17.0	16.0	17.0	0.0	28.0	3.0	1.0	6.0	20.0	113.0	37.0	0.0	9.0	0.0	0.0	0.0	0.0	0.0	0.0	0.0	4.0	0.0	30.0	0.0	8.0	0.0	0.0	0.0	0.0	0.0	0.0	0.0	24.0	0.0	0.0	0.0	18.0	0.0	14.0	2.0	0.0	0.0	0.0	0.0	0.0	8.0	0.0	3.0	12.0	24.0	0.0	29.0	0.0	0.0	3.0	31.0	4.0	10.0	9.0	0.0	22.0	2.0	3.0	26.0	10.0	1.0	0.0	0.0	0.0	0.0	16.0	0.0	6.0	0.0	0.0	0.0	0.0	0.0	3.0	8.0	6.0	0.0	0.0	0.0	0.0	2.0	4.0	4.0	0.0	0.0	3.0	0.0	5.0	0.0	0.0	8.0	9.0	2.0	8.0	9.0	0.0	0.0	0.0	7.0	0.0	0.0	0.0	0.0	27.0	0.0	0.0	24.0	0.0	2.0	0.0	0.0	0.0	3.0	31.0	0.0	0.0	8.0	7.0	0.0	7.0	17.0	0.0	20.0	0.0	8.0	33.0	7.0	0.0	7.0	0.0	0.0	9.0	0.0	10.0	0.0	14.0	4.0	6.0	0.0	0.0	4.0	0.0	36.0	0.0	0.0	1.0	0.0	17.0	0.0	0.0	0.0	21.0	0.0	0.0	12.0	7.0	0.0	0.0	0.0	0.0	21.0	21.0	12.0	0.0	0.0	0.0	3.0	2.0	0.0	0.0	0.0	0.0	242.0	0.0	11.0	0.0	0.0	32.0	6.0	0.0	0.0	14.0	10.0	6.0	21.0	12.0	5.0	0.0	5.0	0.0	0.0	0.0	0.0	6.0	0.0	0.0	0.0	0.0	0.0	0.0	0.0	0.0	0.0	0.0	7.0	0.0	8.0	0.0	0.0	0.0	0.0	0.0	17.0	4.0	32.0	0.0	0.0	0.0	0.0	0.0	4.0	0.0	0.0	0.0	0.0	0.0	0.0	0.0	0.0	0.0	17.0	0.0	4.0	3.0	1.0	0.0	4.0	0.0	7.0	0.0	0.0	5.0	0.0	0.0	0.0	40.0	0.0	0.0	0.0	4.0	0.0	0.0	7.0	0.0	0.0	0.0	29.0	0.0	0.0	0.0	0.0	11.0	0.0	0.0	0.0	16.0	0.0	16.0	5.0	0.0	0.0	0.0	24.0	16.0	14.0	11.0	0.0	2.0	12.0	12.0	25.0	5.0	20.0	0.0	0.0	0.0	0.0	19.0	4.0	0.0	31.0	19.0	38.0	0.0	0.0	20.0	0.0	0.0	14.0	0.0	0.0	2.0	0.0	0.0	0.0	3.0	15.0	0.0	22.0	0.0	0.0	1.0	5.0	21.0	0.0	0.0	3.0	7.0	0.0	10.0	0.0	0.0	0.0	0.0	0.0	0.0	0.0	5.0	11.0	6.0	0.0	8.0	0.0	0.0	10.0	0.0	4.0	21.0	0.0	0.0	11.0	0.0	0.0	0.0	0.0	2.0	3.0	4.0	0.0	0.0	6.0	0.0	21.0	76.0	0.0
g__Enterocloster (1)	0.0	60.0	7.0	4.0	0.0	111.0	6.0	0.0	9.0	7.0	17.0	0.0	179.0	3.0	7.0	0.0	5.0	0.0	0.0	0.0	13.0	0.0	0.0	0.0	5.0	0.0	0.0	0.0	0.0	9.0	27.0	0.0	0.0	54.0	0.0	551.0	0.0	1.0	1.0	38.0	56.0	10.0	18.0	10.0	3.0	11.0	64.0	14.0	3.0	1.0	193.0	11.0	22.0	0.0	22.0	0.0	6.0	0.0	3.0	21.0	4.0	0.0	27.0	65.0	0.0	6.0	0.0	109.0	7.0	1.0	0.0	0.0	0.0	2.0	40.0	2.0	10.0	0.0	2.0	10.0	26.0	0.0	16.0	5.0	0.0	0.0	8.0	13.0	3.0	6.0	7.0	0.0	0.0	7.0	27.0	1.0	63.0	0.0	80.0	41.0	0.0	0.0	8.0	11.0	126.0	0.0	0.0	37.0	0.0	1.0	0.0	15.0	0.0	0.0	0.0	0.0	30.0	0.0	0.0	14.0	1.0	20.0	145.0	0.0	0.0	23.0	1.0	0.0	0.0	0.0	2.0	0.0	16.0	6.0	19.0	0.0	57.0	0.0	8.0	0.0	49.0	9.0	1.0	73.0	82.0	19.0	3.0	0.0	0.0	0.0	26.0	0.0	10.0	9.0	33.0	16.0	0.0	176.0	33.0	0.0	0.0	17.0	0.0	9.0	10.0	34.0	0.0	0.0	0.0	0.0	0.0	3.0	0.0	6.0	20.0	0.0	83.0	0.0	0.0	0.0	0.0	0.0	138.0	28.0	0.0	6.0	0.0	15.0	5.0	0.0	1.0	0.0	0.0	3.0	60.0	11.0	6.0	0.0	92.0	0.0	0.0	1.0	0.0	3.0	0.0	79.0	8.0	0.0	0.0	0.0	0.0	0.0	164.0	0.0	0.0	1.0	0.0	0.0	0.0	0.0	0.0	0.0	0.0	30.0	67.0	219.0	3.0	57.0	272.0	561.0	0.0	4.0	0.0	0.0	6.0	0.0	0.0	0.0	0.0	477.0	0.0	2.0	0.0	0.0	2.0	0.0	36.0	0.0	0.0	0.0	11.0	0.0	0.0	0.0	7.0	3.0	36.0	0.0	79.0	0.0	49.0	3.0	14.0	4.0	0.0	0.0	0.0	0.0	9.0	56.0	4.0	24.0	11.0	0.0	11.0	0.0	10.0	0.0	1.0	18.0	0.0	11.0	0.0	18.0	0.0	0.0	0.0	0.0	6.0	0.0	0.0	0.0	12.0	0.0	0.0	0.0	0.0	3.0	18.0	0.0	0.0	20.0	0.0	1.0	0.0	0.0	0.0	16.0	0.0	10.0	0.0	0.0	89.0	17.0	0.0	0.0	0.0	0.0	280.0	0.0	29.0	0.0	49.0	5.0	11.0	40.0	9.0	12.0	26.0	11.0	4.0	335.0	8.0	0.0	0.0	20.0	109.0	1.0	109.0	0.0	0.0	1.0	0.0	12.0	54.0	11.0	8.0	3.0	7.0	830.0	3.0	0.0	0.0	30.0	0.0	0.0	0.0	6.0	1.0	0.0	0.0	37.0	23.0	0.0	0.0	0.0	0.0	37.0	4.0	0.0	0.0	22.0	2.0	0.0	21.0	0.0	32.0	5.0	0.0	42.0	0.0	42.0	0.0	0.0	92.0	0.0	11.0	32.0	7.0	5.0	39.0	8.0	18.0	9.0	14.0	0.0	0.0	75.0	230.0	15.0	8.0	3.0	0.0	0.0	0.0	0.0	24.0	0.0	0.0	1.0	0.0	10.0	0.0	12.0	2.0	0.0	0.0	46.0	0.0	17.0	11.0	0.0	2.0	9.0	0.0	6.0	10.0	97.0	18.0	0.0	39.0	10.0	0.0	0.0	0.0	27.0	4.0	0.0	125.0	7.0	31.0	15.0	3.0	13.0	0.0	0.0	2.0	0.0	0.0	17.0	0.0	73.0	18.0	22.0	33.0	4.0	5.0	1.0	0.0	0.0	19.0	0.0	4.0	12.0	32.0	7.0	55.0	1.0	48.0	5.0	11.0	0.0	0.0	7.0	0.0	2.0	107.0	13.0	24.0	79.0	0.0	0.0	176.0
s__Otoolea symbiosa (1)	0.0	0.0	6.0	0.0	0.0	0.0	2.0	0.0	0.0	0.0	10.0	4.0	0.0	8.0	6.0	0.0	0.0	0.0	0.0	6.0	26.0	0.0	0.0	0.0	1.0	0.0	0.0	0.0	0.0	18.0	0.0	0.0	0.0	11.0	0.0	0.0	0.0	0.0	0.0	0.0	0.0	7.0	0.0	1.0	3.0	2.0	0.0	0.0	0.0	0.0	34.0	5.0	8.0	4.0	15.0	0.0	32.0	0.0	0.0	0.0	0.0	0.0	2.0	0.0	0.0	0.0	0.0	0.0	0.0	0.0	2.0	0.0	0.0	9.0	19.0	0.0	0.0	0.0	5.0	0.0	3.0	0.0	0.0	1.0	0.0	0.0	1.0	0.0	0.0	0.0	3.0	0.0	0.0	0.0	1.0	6.0	0.0	0.0	0.0	0.0	0.0	0.0	0.0	0.0	0.0	0.0	0.0	13.0	0.0	0.0	0.0	259.0	0.0	0.0	0.0	0.0	7.0	8.0	0.0	6.0	0.0	3.0	16.0	0.0	0.0	6.0	0.0	4.0	0.0	0.0	0.0	0.0	0.0	0.0	0.0	0.0	2.0	0.0	4.0	0.0	0.0	0.0	0.0	0.0	83.0	0.0	3.0	0.0	0.0	0.0	14.0	0.0	0.0	0.0	3.0	0.0	0.0	0.0	7.0	0.0	0.0	15.0	0.0	0.0	0.0	25.0	0.0	0.0	0.0	0.0	0.0	0.0	0.0	0.0	0.0	0.0	47.0	0.0	0.0	0.0	0.0	0.0	0.0	0.0	0.0	0.0	0.0	0.0	4.0	16.0	0.0	0.0	0.0	0.0	26.0	0.0	0.0	0.0	51.0	0.0	0.0	0.0	0.0	0.0	0.0	8.0	0.0	0.0	0.0	0.0	0.0	0.0	68.0	0.0	0.0	0.0	0.0	12.0	0.0	0.0	0.0	0.0	0.0	119.0	27.0	0.0	0.0	17.0	14.0	0.0	0.0	0.0	0.0	0.0	0.0	0.0	0.0	0.0	0.0	56.0	0.0	0.0	0.0	0.0	0.0	0.0	15.0	0.0	0.0	0.0	0.0	0.0	0.0	0.0	6.0	9.0	6.0	0.0	40.0	0.0	31.0	0.0	0.0	6.0	0.0	0.0	0.0	0.0	1.0	0.0	0.0	10.0	0.0	0.0	0.0	0.0	21.0	0.0	0.0	0.0	0.0	0.0	0.0	0.0	0.0	13.0	0.0	0.0	0.0	0.0	0.0	0.0	0.0	0.0	0.0	0.0	0.0	4.0	7.0	0.0	0.0	0.0	0.0	0.0	0.0	0.0	0.0	0.0	10.0	16.0	0.0	0.0	0.0	0.0	0.0	0.0	0.0	0.0	24.0	0.0	0.0	0.0	2.0	0.0	0.0	41.0	0.0	3.0	18.0	0.0	0.0	14.0	3.0	0.0	0.0	78.0	9.0	0.0	17.0	13.0	0.0	0.0	0.0	10.0	0.0	6.0	2.0	2.0	0.0	31.0	0.0	0.0	0.0	0.0	0.0	0.0	0.0	0.0	0.0	0.0	0.0	50.0	0.0	0.0	0.0	0.0	0.0	0.0	0.0	0.0	0.0	2.0	0.0	0.0	0.0	0.0	45.0	1.0	0.0	0.0	0.0	65.0	0.0	0.0	0.0	0.0	5.0	7.0	0.0	0.0	4.0	0.0	0.0	8.0	18.0	0.0	0.0	0.0	140.0	0.0	1.0	1.0	0.0	0.0	0.0	0.0	7.0	0.0	0.0	0.0	0.0	0.0	0.0	0.0	5.0	0.0	0.0	10.0	0.0	4.0	0.0	0.0	0.0	2.0	0.0	0.0	5.0	40.0	0.0	0.0	3.0	2.0	0.0	0.0	0.0	0.0	0.0	0.0	62.0	0.0	23.0	4.0	0.0	0.0	0.0	0.0	0.0	0.0	0.0	0.0	0.0	10.0	12.0	11.0	37.0	0.0	0.0	1.0	0.0	0.0	0.0	0.0	6.0	0.0	8.0	1.0	0.0	0.0	9.0	0.0	0.0	0.0	1.0	0.0	0.0	0.0	12.0	0.0	5.0	33.0	0.0	0.0	0.0
g__Enterocloster (2)	0.0	0.0	0.0	0.0	0.0	0.0	0.0	0.0	0.0	0.0	0.0	0.0	0.0	0.0	0.0	0.0	2.0	0.0	0.0	0.0	12.0	0.0	0.0	0.0	1.0	0.0	0.0	0.0	0.0	0.0	0.0	0.0	0.0	0.0	0.0	0.0	0.0	0.0	0.0	0.0	0.0	3.0	0.0	0.0	4.0	0.0	0.0	4.0	0.0	0.0	5.0	0.0	0.0	4.0	9.0	0.0	0.0	0.0	0.0	0.0	0.0	0.0	0.0	0.0	0.0	0.0	0.0	5.0	1.0	3.0	6.0	0.0	0.0	0.0	0.0	1.0	0.0	0.0	0.0	0.0	13.0	0.0	0.0	0.0	0.0	0.0	4.0	0.0	0.0	0.0	9.0	0.0	0.0	0.0	0.0	0.0	0.0	0.0	0.0	0.0	0.0	0.0	0.0	0.0	0.0	0.0	0.0	0.0	0.0	0.0	0.0	0.0	0.0	0.0	0.0	0.0	1.0	0.0	0.0	2.0	2.0	0.0	0.0	0.0	0.0	11.0	0.0	0.0	0.0	0.0	0.0	0.0	0.0	0.0	0.0	0.0	0.0	0.0	0.0	0.0	0.0	0.0	0.0	0.0	0.0	0.0	0.0	0.0	0.0	0.0	32.0	0.0	4.0	1.0	0.0	0.0	0.0	0.0	0.0	0.0	0.0	0.0	0.0	0.0	0.0	22.0	0.0	0.0	0.0	0.0	0.0	2.0	0.0	0.0	1.0	0.0	0.0	0.0	0.0	0.0	0.0	0.0	0.0	2.0	0.0	0.0	1.0	2.0	0.0	8.0	0.0	0.0	0.0	0.0	10.0	0.0	0.0	0.0	0.0	0.0	0.0	0.0	0.0	0.0	0.0	0.0	0.0	0.0	0.0	0.0	0.0	0.0	0.0	0.0	0.0	5.0	0.0	0.0	0.0	0.0	0.0	0.0	0.0	0.0	16.0	26.0	0.0	0.0	14.0	0.0	0.0	0.0	0.0	0.0	2.0	0.0	0.0	0.0	0.0	0.0	0.0	1.0	0.0	0.0	0.0	0.0	13.0	0.0	0.0	0.0	0.0	0.0	0.0	0.0	0.0	0.0	0.0	0.0	0.0	0.0	0.0	6.0	0.0	0.0	0.0	0.0	0.0	0.0	0.0	0.0	7.0	0.0	15.0	0.0	0.0	0.0	0.0	0.0	0.0	0.0	0.0	0.0	0.0	0.0	0.0	0.0	0.0	0.0	0.0	1.0	0.0	0.0	0.0	0.0	0.0	0.0	0.0	0.0	0.0	0.0	0.0	0.0	0.0	0.0	0.0	0.0	0.0	0.0	0.0	0.0	2.0	0.0	3.0	0.0	0.0	0.0	0.0	0.0	0.0	0.0	0.0	0.0	1.0	0.0	0.0	0.0	0.0	0.0	0.0	0.0	0.0	3.0	0.0	0.0	0.0	0.0	5.0	0.0	0.0	0.0	0.0	0.0	0.0	5.0	0.0	0.0	0.0	0.0	0.0	19.0	0.0	0.0	0.0	0.0	0.0	0.0	0.0	0.0	0.0	0.0	0.0	10.0	6.0	0.0	0.0	0.0	0.0	0.0	0.0	0.0	0.0	4.0	0.0	0.0	0.0	0.0	0.0	0.0	0.0	3.0	0.0	16.0	0.0	0.0	0.0	0.0	0.0	0.0	0.0	0.0	0.0	5.0	0.0	0.0	2.0	0.0	0.0	0.0	18.0	7.0	9.0	0.0	0.0	0.0	0.0	0.0	3.0	0.0	0.0	0.0	0.0	0.0	0.0	0.0	0.0	0.0	0.0	0.0	0.0	7.0	0.0	0.0	2.0	0.0	0.0	0.0	1.0	0.0	0.0	0.0	0.0	0.0	0.0	0.0	0.0	0.0	0.0	0.0	0.0	0.0	0.0	0.0	0.0	0.0	0.0	0.0	0.0	0.0	0.0	0.0	0.0	0.0	0.0	0.0	0.0	0.0	0.0	0.0	0.0	0.0	3.0	4.0	0.0	0.0	0.0	0.0	0.0	0.0	0.0	0.0	0.0	0.0	0.0	0.0	0.0	0.0	0.0	2.0	0.0	0.0	0.0	0.0	0.0
s__CAG-217 sp000436335 (1)	0.0	0.0	0.0	0.0	17.0	0.0	0.0	0.0	0.0	0.0	0.0	0.0	0.0	0.0	0.0	0.0	0.0	7.0	0.0	0.0	0.0	15.0	0.0	0.0	120.0	0.0	0.0	13.0	9.0	53.0	0.0	0.0	3.0	0.0	0.0	0.0	0.0	0.0	0.0	0.0	0.0	0.0	0.0	0.0	0.0	0.0	0.0	0.0	0.0	0.0	0.0	0.0	0.0	0.0	0.0	0.0	0.0	44.0	0.0	0.0	0.0	0.0	0.0	0.0	0.0	0.0	0.0	0.0	3.0	0.0	0.0	0.0	0.0	13.0	0.0	60.0	0.0	0.0	0.0	0.0	0.0	0.0	0.0	0.0	0.0	0.0	22.0	0.0	0.0	0.0	0.0	0.0	0.0	30.0	0.0	0.0	0.0	0.0	0.0	0.0	0.0	0.0	0.0	0.0	0.0	0.0	0.0	0.0	0.0	0.0	0.0	0.0	0.0	0.0	0.0	0.0	0.0	0.0	4.0	0.0	0.0	0.0	1.0	0.0	0.0	0.0	0.0	0.0	0.0	0.0	28.0	0.0	0.0	0.0	110.0	0.0	0.0	0.0	0.0	0.0	0.0	0.0	0.0	0.0	0.0	0.0	0.0	0.0	0.0	0.0	0.0	0.0	0.0	0.0	0.0	0.0	0.0	0.0	0.0	0.0	0.0	0.0	0.0	0.0	0.0	0.0	16.0	72.0	0.0	0.0	39.0	0.0	0.0	0.0	28.0	0.0	0.0	1.0	0.0	0.0	52.0	0.0	0.0	0.0	0.0	1.0	11.0	0.0	0.0	0.0	39.0	0.0	0.0	0.0	0.0	38.0	0.0	0.0	0.0	0.0	0.0	0.0	97.0	0.0	1.0	0.0	0.0	0.0	0.0	17.0	0.0	0.0	0.0	29.0	0.0	0.0	0.0	0.0	0.0	0.0	0.0	0.0	0.0	0.0	0.0	0.0	0.0	0.0	0.0	0.0	0.0	0.0	0.0	29.0	0.0	0.0	0.0	0.0	0.0	0.0	52.0	0.0	0.0	88.0	0.0	28.0	0.0	0.0	22.0	0.0	0.0	0.0	41.0	0.0	0.0	102.0	0.0	0.0	0.0	12.0	0.0	0.0	0.0	0.0	14.0	0.0	0.0	40.0	0.0	0.0	0.0	0.0	0.0	0.0	0.0	0.0	0.0	0.0	32.0	0.0	0.0	0.0	0.0	0.0	0.0	0.0	0.0	0.0	0.0	0.0	0.0	0.0	0.0	0.0	54.0	0.0	0.0	0.0	0.0	0.0	0.0	0.0	0.0	0.0	0.0	0.0	0.0	0.0	0.0	0.0	0.0	0.0	0.0	0.0	0.0	0.0	18.0	0.0	0.0	0.0	0.0	0.0	0.0	0.0	0.0	0.0	0.0	0.0	0.0	42.0	0.0	0.0	0.0	0.0	0.0	0.0	0.0	19.0	0.0	2.0	33.0	0.0	0.0	0.0	0.0	0.0	0.0	0.0	0.0	0.0	0.0	18.0	0.0	0.0	0.0	0.0	0.0	0.0	73.0	0.0	9.0	0.0	0.0	44.0	0.0	0.0	0.0	0.0	0.0	0.0	0.0	0.0	0.0	0.0	0.0	0.0	0.0	0.0	41.0	0.0	0.0	0.0	0.0	0.0	0.0	0.0	0.0	0.0	0.0	0.0	0.0	0.0	0.0	0.0	19.0	0.0	0.0	0.0	0.0	0.0	0.0	0.0	0.0	65.0	0.0	0.0	0.0	46.0	0.0	0.0	0.0	0.0	0.0	0.0	0.0	23.0	0.0	0.0	0.0	0.0	0.0	0.0	0.0	0.0	0.0	0.0	0.0	0.0	0.0	0.0	0.0	0.0	0.0	0.0	0.0	0.0	0.0	0.0	0.0	0.0	0.0	44.0	0.0	0.0	0.0	32.0	0.0	100.0	0.0	0.0	0.0	0.0	0.0	0.0	0.0	0.0	0.0	0.0	0.0	27.0	0.0	0.0	56.0	29.0	0.0	0.0	0.0	0.0	0.0	0.0	0.0	0.0	0.0	0.0	0.0	0.0	0.0	0.0	10.0	0.0	0.0	0.0	0.0
g__Enterobacter (2)	0.0	0.0	23.0	0.0	0.0	0.0	0.0	0.0	0.0	0.0	4.0	0.0	0.0	0.0	0.0	98.0	0.0	0.0	0.0	0.0	0.0	0.0	0.0	0.0	0.0	0.0	0.0	0.0	0.0	0.0	0.0	0.0	0.0	5.0	29.0	0.0	0.0	0.0	0.0	0.0	0.0	0.0	0.0	0.0	0.0	0.0	0.0	0.0	26.0	0.0	0.0	0.0	0.0	12.0	0.0	5.0	0.0	0.0	0.0	0.0	0.0	2.0	0.0	0.0	2.0	0.0	0.0	0.0	0.0	2.0	0.0	0.0	0.0	0.0	3.0	0.0	0.0	5.0	0.0	0.0	0.0	0.0	0.0	0.0	0.0	0.0	0.0	0.0	0.0	0.0	0.0	0.0	0.0	0.0	0.0	0.0	0.0	0.0	0.0	0.0	0.0	0.0	0.0	0.0	0.0	0.0	0.0	0.0	0.0	0.0	0.0	0.0	0.0	0.0	0.0	0.0	0.0	0.0	35.0	0.0	0.0	0.0	0.0	0.0	0.0	0.0	0.0	0.0	0.0	0.0	0.0	3.0	0.0	0.0	0.0	0.0	0.0	0.0	3.0	0.0	0.0	0.0	0.0	0.0	0.0	0.0	0.0	0.0	0.0	0.0	0.0	0.0	0.0	13.0	0.0	0.0	0.0	0.0	0.0	0.0	0.0	0.0	0.0	67.0	0.0	0.0	0.0	0.0	0.0	10.0	3.0	0.0	0.0	0.0	0.0	0.0	0.0	0.0	0.0	0.0	0.0	0.0	0.0	0.0	0.0	0.0	0.0	0.0	0.0	0.0	0.0	0.0	74.0	0.0	17.0	0.0	0.0	0.0	0.0	0.0	0.0	0.0	0.0	0.0	0.0	0.0	0.0	0.0	0.0	0.0	0.0	0.0	0.0	0.0	0.0	0.0	0.0	0.0	3.0	0.0	0.0	0.0	0.0	0.0	0.0	0.0	0.0	0.0	0.0	0.0	0.0	0.0	0.0	0.0	0.0	5.0	0.0	0.0	0.0	0.0	0.0	6.0	157.0	0.0	0.0	0.0	0.0	0.0	0.0	0.0	0.0	0.0	0.0	0.0	0.0	0.0	0.0	0.0	0.0	0.0	0.0	0.0	0.0	0.0	0.0	0.0	0.0	0.0	0.0	7.0	0.0	0.0	0.0	0.0	22.0	0.0	0.0	0.0	0.0	0.0	0.0	0.0	0.0	0.0	0.0	0.0	8.0	0.0	0.0	0.0	0.0	0.0	0.0	0.0	0.0	0.0	0.0	0.0	0.0	0.0	0.0	0.0	0.0	0.0	0.0	0.0	0.0	0.0	0.0	0.0	0.0	0.0	0.0	0.0	0.0	0.0	0.0	0.0	0.0	8.0	0.0	0.0	0.0	0.0	0.0	7.0	0.0	0.0	0.0	0.0	0.0	0.0	0.0	21.0	3.0	0.0	2.0	0.0	0.0	0.0	0.0	0.0	0.0	0.0	11.0	0.0	0.0	0.0	0.0	0.0	0.0	0.0	0.0	0.0	0.0	0.0	0.0	5.0	0.0	3.0	0.0	2.0	399.0	0.0	0.0	0.0	0.0	0.0	0.0	0.0	67.0	0.0	0.0	0.0	0.0	0.0	0.0	0.0	0.0	0.0	0.0	1.0	0.0	0.0	0.0	0.0	0.0	0.0	0.0	0.0	0.0	0.0	0.0	15.0	0.0	0.0	0.0	0.0	0.0	0.0	4.0	0.0	0.0	0.0	0.0	0.0	0.0	0.0	15.0	0.0	0.0	0.0	0.0	0.0	1.0	0.0	0.0	0.0	0.0	0.0	0.0	0.0	0.0	0.0	0.0	6.0	0.0	0.0	0.0	0.0	0.0	0.0	0.0	0.0	0.0	0.0	0.0	0.0	0.0	0.0	6.0	0.0	0.0	0.0	0.0	0.0	0.0	0.0	0.0	0.0	0.0	2.0	0.0	0.0	0.0	0.0	0.0	0.0	0.0	0.0	0.0	0.0	0.0	0.0	0.0	0.0	0.0	0.0	0.0	0.0	0.0	0.0	0.0	0.0	0.0	0.0	7.0	1.0	0.0	0.0	0.0	0.0	0.0
c__Gammaproteobacteria (2)	0.0	40.0	0.0	0.0	0.0	0.0	0.0	0.0	29.0	0.0	0.0	0.0	0.0	0.0	10.0	48.0	0.0	0.0	0.0	0.0	0.0	0.0	0.0	0.0	0.0	0.0	0.0	0.0	0.0	0.0	0.0	0.0	0.0	0.0	56.0	0.0	0.0	0.0	0.0	0.0	0.0	0.0	0.0	0.0	0.0	0.0	0.0	0.0	0.0	0.0	0.0	0.0	0.0	0.0	0.0	0.0	0.0	0.0	0.0	0.0	0.0	0.0	0.0	121.0	58.0	0.0	0.0	313.0	0.0	0.0	0.0	0.0	0.0	0.0	120.0	0.0	0.0	0.0	0.0	0.0	0.0	0.0	0.0	38.0	0.0	116.0	0.0	0.0	0.0	0.0	0.0	53.0	0.0	6.0	0.0	0.0	38.0	0.0	0.0	42.0	0.0	2.0	0.0	0.0	15.0	0.0	4.0	0.0	0.0	0.0	0.0	190.0	32.0	0.0	0.0	18.0	0.0	0.0	0.0	0.0	0.0	0.0	0.0	0.0	0.0	0.0	0.0	0.0	0.0	0.0	0.0	0.0	112.0	0.0	0.0	0.0	113.0	0.0	0.0	0.0	24.0	0.0	0.0	0.0	726.0	0.0	0.0	11.0	0.0	0.0	0.0	0.0	0.0	19.0	0.0	0.0	0.0	0.0	0.0	0.0	0.0	0.0	0.0	2955.0	0.0	0.0	0.0	188.0	0.0	16.0	0.0	0.0	12.0	0.0	0.0	0.0	263.0	0.0	0.0	0.0	0.0	0.0	0.0	0.0	0.0	0.0	0.0	0.0	0.0	0.0	0.0	0.0	9.0	0.0	0.0	0.0	0.0	0.0	1070.0	0.0	0.0	0.0	0.0	0.0	0.0	0.0	0.0	0.0	0.0	0.0	0.0	0.0	236.0	0.0	0.0	0.0	0.0	0.0	0.0	0.0	0.0	0.0	0.0	0.0	8.0	0.0	0.0	230.0	48.0	0.0	0.0	0.0	0.0	0.0	0.0	0.0	0.0	0.0	14.0	13.0	0.0	16.0	0.0	0.0	0.0	0.0	227.0	0.0	0.0	0.0	0.0	393.0	0.0	0.0	0.0	15.0	0.0	0.0	54.0	153.0	0.0	0.0	515.0	0.0	0.0	0.0	0.0	0.0	0.0	25.0	0.0	0.0	0.0	0.0	0.0	0.0	0.0	0.0	0.0	0.0	110.0	0.0	0.0	0.0	0.0	0.0	0.0	0.0	0.0	0.0	0.0	0.0	0.0	0.0	0.0	0.0	0.0	4.0	65.0	0.0	0.0	0.0	0.0	115.0	0.0	0.0	0.0	9.0	0.0	0.0	0.0	0.0	0.0	0.0	0.0	0.0	0.0	340.0	0.0	81.0	19.0	0.0	347.0	0.0	0.0	0.0	33.0	0.0	0.0	0.0	0.0	0.0	7.0	10.0	0.0	32.0	1.0	0.0	0.0	0.0	14.0	0.0	0.0	0.0	0.0	0.0	45.0	0.0	0.0	49.0	0.0	6.0	0.0	0.0	149.0	0.0	0.0	27.0	0.0	0.0	0.0	83.0	200.0	198.0	0.0	0.0	0.0	0.0	0.0	0.0	0.0	0.0	0.0	0.0	0.0	0.0	0.0	0.0	0.0	57.0	0.0	0.0	0.0	0.0	0.0	0.0	0.0	0.0	0.0	29.0	18.0	0.0	0.0	56.0	0.0	0.0	0.0	0.0	0.0	0.0	0.0	0.0	0.0	0.0	79.0	0.0	0.0	0.0	0.0	0.0	0.0	0.0	0.0	0.0	561.0	0.0	0.0	23.0	0.0	0.0	0.0	0.0	0.0	0.0	0.0	0.0	0.0	102.0	0.0	0.0	0.0	0.0	37.0	0.0	0.0	0.0	9.0	0.0	0.0	0.0	0.0	0.0	0.0	2.0	0.0	0.0	0.0	0.0	0.0	0.0	949.0	0.0	0.0	245.0	0.0	0.0	0.0	0.0	28.0	0.0	0.0	2.0	0.0	0.0	84.0	0.0	0.0	0.0	0.0	0.0	104.0	0.0	0.0	0.0	0.0	0.0	223.0	0.0	0.0	15.0	0.0	0.0	0.0
c__Gammaproteobacteria (1)	15.0	214.0	10.0	0.0	1.0	12.0	33.0	4.0	156.0	1.0	51.0	6.0	57.0	1.0	63.0	1806.0	16.0	2.0	0.0	33.0	22.0	3.0	0.0	17.0	0.0	1.0	11.0	4.0	0.0	10.0	487.0	1696.0	0.0	8.0	1471.0	1149.0	3.0	2004.0	1.0	6.0	27.0	0.0	8.0	12.0	30.0	21.0	5.0	0.0	0.0	15.0	0.0	17.0	61.0	16.0	9.0	3.0	5.0	9.0	3.0	3.0	26.0	13.0	20.0	1189.0	262.0	1452.0	24.0	335.0	2.0	49.0	9.0	1.0	126.0	5.0	700.0	0.0	2.0	5.0	16.0	1133.0	11.0	1203.0	100.0	277.0	50.0	4357.0	1560.0	70.0	20.0	18.0	3.0	392.0	26.0	13.0	77.0	30.0	135.0	61.0	2035.0	490.0	618.0	85.0	27.0	3.0	222.0	7.0	0.0	0.0	0.0	1.0	57.0	1099.0	69.0	1105.0	1189.0	91.0	178.0	67.0	0.0	6.0	51.0	112.0	283.0	14.0	15.0	3.0	6520.0	80.0	15.0	1.0	1.0	0.0	1311.0	24.0	5.0	5.0	271.0	7.0	0.0	102.0	151.0	320.0	43.0	5.0	1519.0	58.0	4.0	9.0	0.0	160.0	24.0	1855.0	10.0	43.0	1.0	0.0	3.0	12.0	5.0	11.0	46.0	12.0	23.0	3030.0	844.0	61.0	159.0	3769.0	0.0	18.0	0.0	428.0	51.0	50.0	2.0	0.0	656.0	13.0	2.0	0.0	7.0	6.0	621.0	105.0	0.0	2.0	99.0	25.0	45.0	8.0	0.0	8.0	1260.0	1.0	16.0	0.0	29.0	0.0	833.0	6453.0	7.0	32.0	1.0	9.0	1078.0	997.0	42.0	3.0	42.0	0.0	173.0	0.0	1279.0	24.0	2.0	0.0	2.0	7.0	14.0	23.0	1.0	1.0	37.0	6.0	525.0	1433.0	1.0	531.0	73.0	1092.0	7.0	9.0	13.0	0.0	0.0	0.0	2.0	0.0	74.0	608.0	0.0	104.0	0.0	37.0	0.0	1.0	385.0	1.0	1.0	0.0	11.0	2115.0	11.0	88.0	4.0	38.0	7.0	18.0	112.0	350.0	11.0	9.0	2192.0	9.0	258.0	1614.0	8.0	2.0	7.0	118.0	3.0	191.0	943.0	2.0	25.0	2.0	772.0	7.0	3.0	8.0	384.0	38.0	23.0	56.0	2134.0	214.0	464.0	1570.0	0.0	0.0	7.0	16.0	231.0	182.0	33.0	2132.0	504.0	16.0	567.0	5.0	562.0	1.0	29.0	45.0	3695.0	2.0	11.0	39.0	37.0	172.0	1.0	0.0	124.0	26.0	1.0	19.0	12.0	918.0	526.0	269.0	93.0	4.0	2049.0	6.0	15.0	0.0	150.0	4.0	17.0	0.0	92.0	512.0	17.0	108.0	0.0	54.0	39.0	0.0	168.0	3379.0	117.0	15.0	2.0	0.0	4.0	2353.0	277.0	67.0	0.0	201.0	8.0	6.0	0.0	21.0	624.0	2.0	4.0	334.0	3132.0	1288.0	2.0	328.0	518.0	1464.0	0.0	31.0	0.0	3.0	0.0	0.0	0.0	1.0	0.0	2.0	4.0	1.0	508.0	0.0	220.0	770.0	0.0	9.0	7.0	55.0	1.0	3.0	7.0	24.0	432.0	77.0	44.0	299.0	68.0	418.0	0.0	27.0	3.0	762.0	42.0	4.0	0.0	370.0	0.0	1.0	394.0	19.0	43.0	51.0	9.0	6.0	7.0	250.0	2.0	0.0	4472.0	0.0	0.0	154.0	2.0	12.0	330.0	2.0	2.0	14.0	0.0	3.0	24.0	1304.0	449.0	4.0	45.0	0.0	333.0	2.0	8.0	4460.0	19.0	893.0	56.0	1400.0	277.0	38.0	0.0	8.0	2.0	0.0	2.0	0.0	174.0	58.0	2389.0	10.0	143.0	592.0	473.0	25.0	9.0	87.0	164.0	26.0	1.0	0.0	62.0	20.0	513.0	7.0	863.0	66.0	11.0	9.0	325.0	3.0	19.0	6.0	9.0	6.0	544.0	60.0	1282.0	192.0	0.0	96.0	669.0
g__Enterobacter (1)	9.0	0.0	0.0	3.0	0.0	0.0	11.0	386.0	1.0	0.0	0.0	26.0	0.0	0.0	0.0	13.0	0.0	0.0	0.0	0.0	0.0	0.0	0.0	0.0	0.0	0.0	0.0	0.0	133.0	0.0	0.0	0.0	0.0	0.0	19.0	7.0	8.0	0.0	0.0	0.0	0.0	8.0	120.0	0.0	0.0	0.0	0.0	0.0	64.0	0.0	0.0	0.0	0.0	0.0	0.0	0.0	0.0	0.0	0.0	0.0	0.0	10.0	0.0	0.0	0.0	0.0	0.0	19.0	0.0	0.0	0.0	0.0	0.0	0.0	2.0	0.0	0.0	0.0	0.0	0.0	0.0	0.0	9.0	0.0	5.0	10.0	0.0	0.0	0.0	0.0	0.0	261.0	0.0	0.0	0.0	0.0	0.0	0.0	0.0	0.0	0.0	4.0	0.0	0.0	0.0	0.0	0.0	0.0	0.0	0.0	0.0	3.0	0.0	4.0	0.0	10.0	0.0	0.0	0.0	0.0	0.0	0.0	0.0	0.0	0.0	0.0	0.0	0.0	0.0	0.0	0.0	0.0	0.0	0.0	3.0	7.0	2.0	0.0	0.0	0.0	0.0	0.0	0.0	0.0	7.0	0.0	0.0	91.0	0.0	8.0	0.0	0.0	0.0	0.0	0.0	0.0	0.0	0.0	0.0	0.0	0.0	18.0	0.0	105.0	0.0	0.0	0.0	0.0	22.0	0.0	0.0	0.0	6.0	0.0	0.0	0.0	0.0	0.0	0.0	0.0	0.0	0.0	0.0	0.0	0.0	0.0	0.0	0.0	0.0	0.0	0.0	0.0	176.0	0.0	0.0	0.0	0.0	0.0	0.0	0.0	0.0	0.0	0.0	0.0	0.0	0.0	0.0	0.0	0.0	1024.0	0.0	0.0	0.0	0.0	0.0	0.0	0.0	0.0	24.0	0.0	4.0	0.0	3.0	0.0	0.0	229.0	0.0	0.0	5.0	0.0	0.0	0.0	0.0	0.0	0.0	0.0	0.0	0.0	0.0	230.0	0.0	5.0	0.0	0.0	0.0	0.0	0.0	0.0	0.0	0.0	0.0	0.0	0.0	0.0	0.0	0.0	0.0	0.0	5.0	0.0	0.0	0.0	0.0	0.0	0.0	7.0	4.0	0.0	0.0	0.0	0.0	4.0	37.0	0.0	0.0	0.0	0.0	0.0	0.0	0.0	65.0	0.0	0.0	0.0	0.0	0.0	37.0	0.0	0.0	0.0	23.0	0.0	0.0	5.0	0.0	22.0	272.0	2.0	12.0	0.0	0.0	0.0	0.0	0.0	40.0	0.0	2.0	0.0	0.0	0.0	0.0	0.0	0.0	0.0	0.0	0.0	0.0	0.0	0.0	63.0	0.0	0.0	0.0	0.0	0.0	0.0	0.0	0.0	0.0	0.0	0.0	1.0	0.0	0.0	0.0	0.0	0.0	0.0	19.0	0.0	0.0	0.0	0.0	0.0	29.0	0.0	0.0	0.0	0.0	0.0	0.0	0.0	0.0	0.0	0.0	0.0	0.0	8.0	25.0	13.0	0.0	1.0	147.0	0.0	0.0	0.0	0.0	0.0	1.0	0.0	0.0	0.0	6.0	0.0	0.0	0.0	0.0	0.0	0.0	0.0	40.0	0.0	118.0	0.0	18.0	0.0	0.0	0.0	0.0	0.0	0.0	0.0	0.0	0.0	0.0	0.0	0.0	0.0	0.0	0.0	0.0	0.0	0.0	0.0	0.0	0.0	0.0	0.0	15.0	0.0	0.0	0.0	0.0	0.0	0.0	0.0	0.0	0.0	0.0	0.0	0.0	0.0	0.0	0.0	0.0	23.0	0.0	0.0	0.0	0.0	0.0	0.0	0.0	0.0	0.0	0.0	0.0	0.0	0.0	13.0	0.0	0.0	0.0	0.0	0.0	0.0	0.0	0.0	0.0	0.0	0.0	0.0	0.0	0.0	0.0	0.0	9.0	0.0	9.0	0.0	0.0	0.0	0.0	0.0	0.0	0.0	2.0	0.0	0.0	0.0	0.0	0.0	0.0	0.0	0.0	0.0	0.0	0.0	0.0	0.0	0.0	2.0	0.0
s__Klebsiella quasipneumoniae (1)	50.0	5.0	9.0	0.0	0.0	0.0	14.0	0.0	0.0	0.0	2.0	0.0	8.0	0.0	0.0	45.0	0.0	0.0	0.0	0.0	0.0	0.0	0.0	0.0	0.0	0.0	1.0	0.0	0.0	2.0	0.0	1.0	7.0	0.0	0.0	6.0	19.0	5.0	0.0	0.0	7.0	0.0	133.0	0.0	0.0	0.0	0.0	0.0	0.0	0.0	0.0	0.0	0.0	0.0	0.0	0.0	0.0	0.0	0.0	0.0	0.0	6.0	0.0	0.0	0.0	0.0	0.0	9.0	0.0	0.0	0.0	0.0	0.0	0.0	8.0	0.0	778.0	0.0	0.0	0.0	0.0	0.0	5.0	0.0	0.0	0.0	0.0	0.0	0.0	0.0	0.0	51.0	0.0	0.0	0.0	0.0	11.0	0.0	0.0	0.0	0.0	7.0	0.0	0.0	0.0	0.0	0.0	0.0	0.0	0.0	3.0	0.0	0.0	0.0	0.0	0.0	0.0	0.0	0.0	0.0	0.0	0.0	0.0	5.0	0.0	0.0	0.0	0.0	0.0	0.0	0.0	0.0	0.0	0.0	0.0	0.0	0.0	4.0	0.0	0.0	0.0	3.0	0.0	0.0	38.0	11.0	0.0	0.0	0.0	0.0	0.0	0.0	0.0	31.0	0.0	0.0	0.0	25.0	0.0	0.0	0.0	0.0	0.0	43.0	0.0	0.0	0.0	0.0	0.0	0.0	0.0	0.0	6.0	0.0	0.0	0.0	19.0	0.0	0.0	9.0	0.0	0.0	4.0	0.0	0.0	0.0	0.0	0.0	0.0	0.0	0.0	0.0	197.0	0.0	0.0	0.0	0.0	0.0	0.0	0.0	0.0	0.0	0.0	0.0	0.0	0.0	0.0	0.0	15.0	0.0	0.0	0.0	0.0	0.0	0.0	0.0	0.0	0.0	7.0	0.0	2.0	0.0	4.0	0.0	0.0	0.0	0.0	0.0	1.0	0.0	0.0	0.0	0.0	0.0	0.0	0.0	0.0	0.0	20.0	344.0	0.0	0.0	0.0	0.0	0.0	0.0	0.0	0.0	0.0	0.0	0.0	0.0	0.0	0.0	0.0	0.0	0.0	0.0	8.0	0.0	0.0	6.0	0.0	0.0	0.0	4.0	0.0	0.0	0.0	0.0	0.0	10.0	6.0	0.0	4.0	0.0	0.0	0.0	0.0	0.0	3.0	0.0	0.0	0.0	0.0	10.0	53.0	0.0	0.0	0.0	0.0	0.0	0.0	11.0	0.0	8.0	70.0	25.0	2.0	0.0	11.0	0.0	0.0	0.0	3.0	0.0	10.0	0.0	0.0	0.0	0.0	0.0	0.0	0.0	0.0	0.0	0.0	0.0	0.0	52.0	0.0	0.0	0.0	0.0	0.0	0.0	0.0	0.0	0.0	0.0	0.0	0.0	0.0	0.0	0.0	0.0	0.0	0.0	0.0	0.0	0.0	0.0	0.0	0.0	0.0	0.0	0.0	0.0	0.0	0.0	0.0	0.0	7.0	0.0	0.0	0.0	0.0	2.0	24.0	0.0	0.0	0.0	160.0	0.0	0.0	0.0	9.0	0.0	0.0	0.0	0.0	0.0	0.0	0.0	0.0	0.0	3.0	0.0	0.0	2.0	0.0	0.0	0.0	0.0	18.0	0.0	0.0	0.0	0.0	0.0	0.0	0.0	0.0	0.0	0.0	0.0	0.0	0.0	0.0	0.0	0.0	0.0	0.0	0.0	0.0	0.0	0.0	0.0	19.0	0.0	0.0	0.0	0.0	0.0	0.0	0.0	0.0	0.0	0.0	0.0	0.0	0.0	0.0	0.0	0.0	36.0	0.0	0.0	0.0	0.0	0.0	0.0	0.0	7.0	0.0	0.0	0.0	0.0	0.0	3.0	2.0	4.0	0.0	0.0	0.0	0.0	0.0	0.0	0.0	0.0	100.0	0.0	0.0	6.0	0.0	0.0	0.0	0.0	0.0	0.0	0.0	0.0	0.0	0.0	0.0	0.0	13.0	0.0	0.0	0.0	0.0	0.0	0.0	0.0	0.0	0.0	0.0	0.0	0.0	0.0	0.0	4.0	48.0
s__Klebsiella quasivariicola (1)	41.0	3.0	0.0	8.0	0.0	0.0	14.0	188.0	0.0	0.0	0.0	54.0	9.0	0.0	0.0	19.0	0.0	12.0	0.0	0.0	0.0	0.0	0.0	0.0	0.0	0.0	0.0	0.0	170.0	0.0	0.0	5.0	0.0	0.0	0.0	9.0	0.0	5.0	0.0	0.0	8.0	0.0	280.0	0.0	0.0	0.0	0.0	0.0	32.0	0.0	0.0	0.0	0.0	0.0	0.0	0.0	0.0	0.0	0.0	1.0	0.0	3.0	0.0	0.0	0.0	0.0	3.0	13.0	0.0	0.0	0.0	0.0	0.0	0.0	0.0	0.0	757.0	0.0	0.0	0.0	0.0	0.0	7.0	0.0	0.0	4.0	0.0	0.0	0.0	0.0	0.0	427.0	0.0	0.0	0.0	0.0	9.0	0.0	0.0	0.0	0.0	0.0	0.0	0.0	0.0	0.0	0.0	0.0	0.0	2.0	11.0	0.0	0.0	5.0	10.0	0.0	0.0	0.0	0.0	0.0	0.0	0.0	0.0	0.0	0.0	0.0	0.0	0.0	0.0	0.0	0.0	0.0	0.0	0.0	8.0	0.0	0.0	9.0	0.0	0.0	0.0	0.0	0.0	0.0	6.0	0.0	0.0	162.0	0.0	0.0	0.0	0.0	0.0	15.0	0.0	0.0	0.0	0.0	0.0	0.0	0.0	19.0	11.0	0.0	3.0	0.0	0.0	0.0	15.0	0.0	0.0	0.0	0.0	0.0	0.0	0.0	16.0	0.0	0.0	0.0	0.0	0.0	8.0	0.0	0.0	0.0	0.0	0.0	0.0	0.0	5.0	0.0	226.0	0.0	0.0	0.0	0.0	0.0	0.0	0.0	0.0	0.0	0.0	0.0	0.0	2.0	0.0	2.0	5.0	860.0	0.0	0.0	0.0	0.0	0.0	0.0	0.0	0.0	0.0	0.0	0.0	0.0	6.0	0.0	5.0	538.0	0.0	0.0	4.0	0.0	0.0	0.0	0.0	0.0	0.0	0.0	0.0	0.0	0.0	260.0	0.0	0.0	0.0	0.0	0.0	0.0	0.0	0.0	0.0	0.0	0.0	0.0	5.0	0.0	6.0	0.0	0.0	3.0	0.0	0.0	0.0	0.0	0.0	0.0	0.0	0.0	0.0	0.0	0.0	0.0	0.0	0.0	0.0	0.0	6.0	0.0	0.0	0.0	0.0	0.0	0.0	0.0	0.0	0.0	0.0	9.0	30.0	0.0	0.0	0.0	10.0	4.0	0.0	0.0	0.0	30.0	126.0	0.0	2.0	0.0	32.0	0.0	0.0	0.0	0.0	0.0	4.0	0.0	0.0	4.0	0.0	0.0	1.0	0.0	0.0	0.0	0.0	0.0	2.0	7.0	0.0	0.0	0.0	0.0	0.0	0.0	0.0	0.0	0.0	0.0	0.0	0.0	0.0	0.0	0.0	0.0	0.0	0.0	41.0	0.0	0.0	0.0	0.0	0.0	54.0	0.0	0.0	1.0	0.0	1.0	0.0	0.0	10.0	0.0	0.0	0.0	0.0	0.0	110.0	12.0	0.0	4.0	305.0	0.0	0.0	0.0	0.0	0.0	0.0	0.0	0.0	0.0	0.0	0.0	0.0	0.0	5.0	0.0	0.0	10.0	42.0	0.0	91.0	0.0	0.0	0.0	0.0	0.0	0.0	0.0	0.0	0.0	0.0	0.0	0.0	0.0	0.0	0.0	0.0	0.0	0.0	0.0	0.0	0.0	0.0	0.0	0.0	0.0	18.0	0.0	0.0	0.0	0.0	0.0	0.0	0.0	0.0	0.0	0.0	0.0	0.0	0.0	0.0	0.0	0.0	22.0	0.0	0.0	0.0	0.0	0.0	0.0	0.0	8.0	0.0	0.0	0.0	0.0	0.0	10.0	1.0	6.0	0.0	0.0	0.0	0.0	0.0	0.0	0.0	0.0	47.0	0.0	0.0	14.0	0.0	0.0	0.0	0.0	0.0	0.0	0.0	0.0	0.0	0.0	0.0	0.0	8.0	24.0	0.0	0.0	0.0	0.0	0.0	0.0	0.0	0.0	0.0	0.0	0.0	0.0	0.0	1.0	0.0
g__Rothia (1)	0.0	0.0	0.0	6.0	2.0	6.0	3.0	0.0	2.0	0.0	3.0	0.0	4.0	0.0	0.0	0.0	0.0	0.0	0.0	0.0	0.0	0.0	332.0	1.0	0.0	0.0	0.0	0.0	6.0	0.0	0.0	0.0	0.0	0.0	44.0	0.0	0.0	0.0	0.0	0.0	0.0	0.0	0.0	0.0	0.0	0.0	0.0	0.0	37.0	0.0	5.0	0.0	0.0	0.0	0.0	23.0	0.0	0.0	0.0	3.0	0.0	497.0	0.0	2.0	0.0	0.0	0.0	0.0	0.0	0.0	0.0	6.0	0.0	0.0	0.0	0.0	0.0	2.0	2.0	1.0	0.0	0.0	6.0	0.0	0.0	0.0	7.0	1.0	0.0	0.0	0.0	0.0	0.0	0.0	0.0	0.0	5.0	0.0	0.0	3.0	0.0	3.0	0.0	0.0	0.0	3.0	10.0	8.0	0.0	0.0	0.0	1.0	0.0	0.0	0.0	0.0	0.0	0.0	0.0	0.0	0.0	2.0	0.0	0.0	0.0	0.0	15.0	0.0	0.0	1.0	0.0	0.0	0.0	0.0	0.0	0.0	0.0	0.0	2.0	0.0	0.0	0.0	0.0	0.0	2.0	0.0	0.0	0.0	4.0	0.0	0.0	54.0	0.0	0.0	0.0	0.0	10.0	0.0	0.0	0.0	0.0	7.0	0.0	0.0	0.0	0.0	3.0	0.0	0.0	0.0	0.0	0.0	0.0	0.0	9.0	0.0	0.0	32.0	0.0	0.0	0.0	0.0	0.0	0.0	0.0	2.0	0.0	0.0	0.0	3.0	0.0	0.0	129.0	1.0	0.0	0.0	0.0	0.0	1.0	0.0	0.0	0.0	0.0	0.0	1.0	4.0	0.0	1.0	0.0	0.0	0.0	0.0	0.0	0.0	9.0	1.0	0.0	7.0	0.0	0.0	0.0	2.0	0.0	0.0	0.0	0.0	0.0	0.0	0.0	0.0	2.0	0.0	9.0	1.0	2.0	0.0	0.0	0.0	2.0	0.0	0.0	0.0	0.0	0.0	0.0	0.0	0.0	6.0	0.0	0.0	0.0	0.0	0.0	0.0	0.0	0.0	0.0	0.0	0.0	0.0	0.0	0.0	0.0	0.0	2.0	0.0	1.0	0.0	0.0	0.0	0.0	0.0	0.0	0.0	0.0	0.0	0.0	10.0	0.0	0.0	7.0	4.0	0.0	0.0	0.0	0.0	0.0	0.0	2.0	0.0	0.0	0.0	4.0	5.0	32.0	0.0	0.0	2.0	0.0	0.0	0.0	0.0	0.0	0.0	0.0	0.0	0.0	0.0	4.0	0.0	0.0	0.0	0.0	0.0	0.0	0.0	0.0	0.0	4.0	1.0	0.0	0.0	0.0	0.0	0.0	0.0	0.0	0.0	0.0	0.0	0.0	1.0	0.0	1.0	5.0	1.0	4.0	0.0	0.0	0.0	0.0	0.0	0.0	0.0	0.0	0.0	0.0	2.0	0.0	0.0	0.0	0.0	0.0	11.0	18.0	0.0	3.0	0.0	0.0	0.0	4.0	0.0	6.0	0.0	0.0	2.0	0.0	3.0	3.0	0.0	0.0	0.0	2.0	0.0	0.0	0.0	0.0	10.0	0.0	0.0	0.0	0.0	0.0	0.0	0.0	0.0	0.0	0.0	0.0	2.0	0.0	0.0	0.0	0.0	8.0	0.0	0.0	2.0	0.0	0.0	0.0	0.0	0.0	1.0	0.0	4.0	0.0	0.0	2.0	0.0	0.0	0.0	0.0	3.0	0.0	1.0	0.0	0.0	0.0	0.0	0.0	0.0	0.0	0.0	0.0	0.0	0.0	0.0	2.0	0.0	0.0	10.0	0.0	0.0	0.0	2.0	0.0	0.0	1.0	0.0	11.0	0.0	0.0	0.0	0.0	7.0	0.0	0.0	0.0	1.0	0.0	0.0	0.0	0.0	0.0	0.0	0.0	0.0	0.0	0.0	0.0	0.0	1.0	0.0	7.0	0.0	0.0	0.0	0.0	0.0	0.0	0.0	0.0	0.0	0.0	0.0	0.0	22.0	5.0	4.0	4.0	0.0	0.0
p__Actinomycetota (1)	197.0	0.0	0.0	3.0	0.0	0.0	67.0	177.0	900.0	321.0	569.0	26.0	404.0	0.0	0.0	2.0	38.0	0.0	1000.0	139.0	0.0	97.0	0.0	293.0	140.0	218.0	235.0	42.0	11.0	0.0	818.0	19.0	16.0	455.0	0.0	1325.0	0.0	880.0	157.0	49.0	325.0	1247.0	120.0	16.0	6.0	0.0	2.0	25.0	139.0	340.0	893.0	63.0	712.0	78.0	269.0	0.0	47.0	13.0	212.0	698.0	159.0	29.0	44.0	0.0	0.0	275.0	22.0	0.0	129.0	89.0	259.0	634.0	473.0	0.0	313.0	0.0	48.0	454.0	111.0	544.0	569.0	66.0	371.0	1.0	111.0	123.0	48.0	0.0	321.0	0.0	22.0	0.0	232.0	1.0	478.0	0.0	748.0	163.0	71.0	0.0	87.0	739.0	1087.0	508.0	1103.0	133.0	0.0	27.0	0.0	16.0	128.0	0.0	140.0	250.0	17.0	86.0	0.0	400.0	21.0	31.0	725.0	12.0	46.0	698.0	183.0	213.0	4.0	99.0	13.0	0.0	42.0	10.0	59.0	0.0	285.0	158.0	527.0	118.0	0.0	624.0	0.0	0.0	589.0	745.0	3.0	169.0	1556.0	224.0	44.0	2994.0	0.0	0.0	203.0	61.0	0.0	221.0	15.0	2199.0	0.0	32.0	46.0	281.0	0.0	48.0	1248.0	71.0	0.0	0.0	0.0	0.0	2.0	72.0	29.0	0.0	124.0	68.0	5.0	0.0	312.0	22.0	1034.0	464.0	0.0	101.0	64.0	30.0	67.0	1767.0	109.0	53.0	28.0	144.0	0.0	64.0	0.0	234.0	0.0	441.0	8.0	16.0	67.0	89.0	14.0	136.0	0.0	868.0	187.0	165.0	164.0	78.0	149.0	1007.0	0.0	150.0	1188.0	402.0	113.0	1198.0	0.0	75.0	150.0	105.0	67.0	0.0	0.0	0.0	0.0	0.0	0.0	0.0	238.0	127.0	0.0	72.0	0.0	381.0	452.0	35.0	290.0	0.0	108.0	85.0	72.0	161.0	42.0	30.0	145.0	479.0	138.0	0.0	126.0	3204.0	62.0	678.0	371.0	195.0	183.0	2013.0	498.0	13.0	1601.0	409.0	1667.0	67.0	578.0	36.0	0.0	12.0	33.0	0.0	186.0	75.0	0.0	422.0	55.0	20.0	21.0	0.0	150.0	33.0	5.0	32.0	228.0	606.0	0.0	786.0	0.0	11.0	72.0	256.0	85.0	176.0	202.0	52.0	13.0	94.0	53.0	139.0	0.0	243.0	0.0	0.0	23.0	0.0	0.0	157.0	17.0	0.0	63.0	722.0	403.0	49.0	353.0	157.0	26.0	0.0	42.0	14.0	50.0	1438.0	7.0	0.0	0.0	0.0	16.0	17.0	100.0	163.0	0.0	39.0	384.0	5.0	18.0	609.0	29.0	0.0	29.0	150.0	0.0	87.0	26.0	268.0	0.0	0.0	0.0	3.0	861.0	139.0	0.0	0.0	432.0	57.0	64.0	20.0	22.0	177.0	132.0	169.0	0.0	73.0	0.0	43.0	0.0	1358.0	100.0	3.0	77.0	220.0	520.0	206.0	142.0	651.0	105.0	60.0	157.0	415.0	0.0	102.0	0.0	0.0	455.0	214.0	37.0	154.0	91.0	324.0	2.0	88.0	13.0	66.0	33.0	955.0	66.0	390.0	73.0	92.0	164.0	704.0	0.0	395.0	0.0	120.0	9.0	0.0	276.0	0.0	55.0	299.0	0.0	1869.0	108.0	185.0	167.0	274.0	145.0	54.0	50.0	20.0	16.0	238.0	0.0	17.0	223.0	218.0	73.0	163.0	128.0	16.0	2988.0	47.0	0.0	0.0	1928.0	138.0	8.0	0.0	0.0	476.0	5.0	0.0	184.0	0.0	71.0	232.0	480.0	0.0	20.0	245.0	537.0	874.0	2.0	181.0	87.0	2846.0	11.0	0.0	0.0	1.0	10.0	0.0	0.0	144.0	363.0	0.0	110.0	2268.0	0.0	338.0	563.0	293.0	0.0	53.0	24.0	144.0	32.0	0.0	0.0	379.0	94.0	127.0	0.0	324.0	873.0
s__Bifidobacterium infantis (1)	439.0	0.0	3.0	29.0	7.0	113.0	36.0	12.0	207.0	28.0	0.0	0.0	428.0	0.0	88.0	0.0	0.0	16.0	1032.0	0.0	0.0	0.0	0.0	0.0	0.0	76.0	0.0	0.0	0.0	98.0	0.0	0.0	0.0	41.0	0.0	394.0	1.0	0.0	0.0	0.0	0.0	390.0	0.0	0.0	1.0	0.0	0.0	504.0	63.0	80.0	0.0	13.0	0.0	77.0	75.0	0.0	26.0	3.0	46.0	0.0	0.0	14.0	58.0	6.0	335.0	105.0	0.0	5.0	0.0	65.0	0.0	0.0	45.0	0.0	0.0	2.0	0.0	0.0	15.0	509.0	192.0	0.0	0.0	0.0	0.0	0.0	0.0	1.0	0.0	179.0	0.0	0.0	46.0	0.0	753.0	0.0	0.0	158.0	0.0	0.0	137.0	0.0	0.0	41.0	0.0	0.0	0.0	0.0	29.0	0.0	0.0	0.0	0.0	867.0	0.0	21.0	80.0	187.0	0.0	54.0	409.0	0.0	11.0	0.0	208.0	828.0	0.0	146.0	0.0	0.0	13.0	0.0	0.0	53.0	63.0	0.0	141.0	0.0	0.0	0.0	13.0	0.0	14.0	0.0	0.0	0.0	0.0	31.0	20.0	0.0	3540.0	383.0	30.0	0.0	1711.0	0.0	9.0	0.0	0.0	0.0	171.0	0.0	21.0	0.0	451.0	11.0	0.0	0.0	0.0	0.0	0.0	36.0	0.0	231.0	216.0	0.0	0.0	7.0	0.0	0.0	151.0	0.0	0.0	0.0	0.0	30.0	0.0	0.0	0.0	8.0	0.0	2347.0	0.0	0.0	0.0	0.0	0.0	117.0	0.0	0.0	0.0	7.0	0.0	0.0	2505.0	937.0	0.0	39.0	42.0	0.0	586.0	0.0	0.0	0.0	0.0	0.0	89.0	101.0	0.0	0.0	0.0	0.0	0.0	0.0	0.0	4.0	0.0	0.0	0.0	0.0	0.0	49.0	0.0	0.0	0.0	0.0	217.0	5.0	0.0	0.0	64.0	0.0	75.0	0.0	0.0	15.0	0.0	265.0	0.0	0.0	0.0	0.0	0.0	77.0	0.0	91.0	25.0	0.0	0.0	75.0	125.0	0.0	0.0	1551.0	0.0	109.0	43.0	0.0	7.0	0.0	0.0	0.0	0.0	39.0	0.0	0.0	0.0	0.0	38.0	0.0	0.0	0.0	127.0	0.0	0.0	13.0	0.0	0.0	90.0	127.0	31.0	0.0	36.0	12.0	0.0	2.0	0.0	49.0	0.0	22.0	0.0	0.0	22.0	0.0	0.0	0.0	0.0	0.0	687.0	0.0	89.0	0.0	0.0	0.0	0.0	2596.0	31.0	0.0	0.0	0.0	0.0	0.0	0.0	0.0	0.0	23.0	0.0	12.0	26.0	0.0	155.0	0.0	0.0	0.0	9.0	503.0	124.0	13.0	0.0	0.0	0.0	98.0	38.0	0.0	0.0	0.0	233.0	0.0	0.0	0.0	0.0	88.0	27.0	0.0	0.0	0.0	38.0	9.0	0.0	23.0	0.0	0.0	0.0	0.0	0.0	0.0	54.0	41.0	0.0	30.0	0.0	0.0	67.0	131.0	0.0	0.0	0.0	133.0	0.0	0.0	33.0	41.0	0.0	0.0	0.0	0.0	0.0	31.0	25.0	0.0	93.0	0.0	69.0	85.0	0.0	0.0	87.0	2116.0	0.0	42.0	0.0	0.0	0.0	0.0	0.0	0.0	62.0	0.0	112.0	0.0	5.0	70.0	690.0	0.0	0.0	20.0	0.0	0.0	0.0	0.0	0.0	9.0	98.0	0.0	21.0	709.0	0.0	82.0	0.0	0.0	0.0	0.0	1312.0	148.0	0.0	0.0	0.0	0.0	0.0	79.0	0.0	16.0	0.0	186.0	345.0	0.0	0.0	19.0	0.0	311.0	0.0	0.0	0.0	0.0	0.0	0.0	0.0	0.0	0.0	0.0	0.0	47.0	52.0	0.0	13.0	810.0	0.0	134.0	0.0	0.0	0.0	344.0	0.0	11.0	147.0	0.0	0.0	0.0	27.0	0.0	0.0	24.0	278.0
s__Bifidobacterium bifidum (1)	0.0	45.0	0.0	106.0	0.0	0.0	0.0	124.0	0.0	0.0	0.0	0.0	0.0	0.0	15.0	0.0	9.0	7.0	664.0	0.0	0.0	12.0	0.0	0.0	52.0	0.0	60.0	0.0	0.0	112.0	0.0	1.0	0.0	67.0	1871.0	0.0	0.0	49.0	21.0	43.0	168.0	0.0	133.0	0.0	0.0	0.0	560.0	218.0	0.0	100.0	0.0	106.0	0.0	103.0	180.0	0.0	0.0	0.0	0.0	0.0	105.0	5.0	0.0	0.0	240.0	0.0	15.0	0.0	0.0	0.0	36.0	355.0	25.0	73.0	0.0	0.0	156.0	0.0	14.0	227.0	538.0	77.0	22.0	0.0	0.0	44.0	109.0	0.0	0.0	0.0	0.0	0.0	0.0	0.0	423.0	39.0	0.0	84.0	263.0	0.0	96.0	30.0	0.0	0.0	0.0	0.0	45.0	0.0	0.0	42.0	0.0	0.0	0.0	0.0	45.0	0.0	0.0	202.0	0.0	11.0	4.0	3.0	33.0	23.0	39.0	235.0	0.0	236.0	120.0	151.0	65.0	0.0	0.0	214.0	0.0	82.0	0.0	0.0	110.0	0.0	288.0	0.0	103.0	84.0	0.0	101.0	133.0	0.0	0.0	0.0	98.0	0.0	0.0	0.0	0.0	0.0	0.0	0.0	0.0	0.0	83.0	29.0	116.0	4.0	859.0	0.0	0.0	30.0	0.0	230.0	0.0	195.0	0.0	0.0	139.0	0.0	0.0	3.0	0.0	0.0	0.0	0.0	0.0	0.0	0.0	0.0	0.0	0.0	0.0	0.0	0.0	261.0	0.0	0.0	0.0	0.0	193.0	195.0	0.0	0.0	0.0	17.0	0.0	0.0	0.0	0.0	425.0	0.0	10.0	0.0	339.0	0.0	0.0	0.0	0.0	0.0	6.0	0.0	382.0	0.0	0.0	0.0	0.0	0.0	0.0	0.0	265.0	0.0	0.0	0.0	0.0	0.0	107.0	0.0	59.0	0.0	22.0	0.0	0.0	0.0	0.0	0.0	74.0	0.0	0.0	48.0	0.0	0.0	2.0	228.0	0.0	0.0	0.0	189.0	0.0	0.0	0.0	0.0	0.0	17.0	0.0	0.0	0.0	0.0	167.0	0.0	15.0	183.0	0.0	2.0	153.0	197.0	0.0	132.0	0.0	0.0	0.0	0.0	0.0	0.0	0.0	377.0	0.0	0.0	0.0	267.0	158.0	0.0	122.0	0.0	0.0	27.0	14.0	18.0	3.0	243.0	0.0	0.0	168.0	0.0	0.0	0.0	0.0	0.0	0.0	50.0	0.0	0.0	166.0	0.0	177.0	37.0	0.0	0.0	0.0	0.0	64.0	0.0	0.0	0.0	0.0	0.0	0.0	0.0	37.0	51.0	81.0	47.0	345.0	0.0	0.0	0.0	0.0	0.0	0.0	104.0	0.0	0.0	0.0	167.0	0.0	226.0	0.0	43.0	0.0	0.0	264.0	0.0	0.0	0.0	233.0	255.0	0.0	0.0	0.0	0.0	0.0	0.0	0.0	0.0	0.0	0.0	0.0	0.0	0.0	137.0	0.0	101.0	173.0	0.0	0.0	0.0	13.0	0.0	0.0	0.0	0.0	12.0	0.0	0.0	0.0	0.0	17.0	0.0	0.0	0.0	0.0	24.0	0.0	0.0	10.0	0.0	50.0	0.0	0.0	0.0	0.0	0.0	0.0	152.0	0.0	0.0	0.0	0.0	0.0	0.0	54.0	214.0	0.0	0.0	0.0	72.0	433.0	104.0	0.0	0.0	41.0	357.0	0.0	0.0	0.0	0.0	145.0	0.0	51.0	0.0	0.0	0.0	0.0	0.0	287.0	43.0	22.0	0.0	0.0	0.0	132.0	63.0	0.0	124.0	0.0	0.0	0.0	0.0	193.0	0.0	0.0	0.0	0.0	18.0	0.0	0.0	0.0	0.0	0.0	0.0	0.0	0.0	0.0	0.0	88.0	0.0	330.0	0.0	0.0	111.0	0.0	119.0	0.0	133.0	0.0	225.0	139.0	0.0	0.0	0.0	0.0	0.0	108.0	19.0	0.0	205.0	0.0
s__Collinsella sp900760325 (1)	2406.0	0.0	0.0	0.0	186.0	0.0	0.0	0.0	1128.0	1571.0	0.0	0.0	0.0	0.0	0.0	0.0	0.0	938.0	0.0	269.0	0.0	831.0	2.0	2290.0	773.0	523.0	94.0	0.0	28.0	0.0	0.0	23.0	73.0	0.0	0.0	0.0	0.0	0.0	161.0	0.0	1611.0	0.0	192.0	0.0	127.0	0.0	0.0	0.0	106.0	0.0	0.0	0.0	0.0	512.0	0.0	0.0	323.0	335.0	1388.0	0.0	0.0	304.0	0.0	0.0	0.0	0.0	13.0	0.0	0.0	356.0	296.0	0.0	1348.0	0.0	0.0	577.0	0.0	0.0	761.0	0.0	0.0	0.0	0.0	0.0	641.0	0.0	67.0	1177.0	0.0	544.0	0.0	0.0	506.0	0.0	60.0	0.0	0.0	0.0	0.0	0.0	1906.0	0.0	0.0	0.0	0.0	621.0	1439.0	0.0	0.0	298.0	0.0	0.0	800.0	0.0	0.0	0.0	0.0	1077.0	21.0	825.0	0.0	0.0	0.0	0.0	0.0	0.0	1.0	984.0	209.0	360.0	658.0	0.0	7.0	0.0	0.0	528.0	1415.0	57.0	362.0	0.0	0.0	3.0	535.0	0.0	0.0	0.0	0.0	1305.0	0.0	0.0	0.0	81.0	0.0	0.0	0.0	769.0	356.0	0.0	0.0	116.0	285.0	0.0	12.0	11.0	0.0	0.0	0.0	0.0	0.0	0.0	0.0	526.0	68.0	0.0	112.0	400.0	0.0	0.0	1677.0	318.0	0.0	0.0	9.0	0.0	1800.0	82.0	808.0	0.0	0.0	133.0	52.0	0.0	0.0	103.0	0.0	0.0	0.0	1621.0	0.0	0.0	0.0	120.0	52.0	78.0	0.0	0.0	0.0	0.0	0.0	0.0	0.0	83.0	0.0	303.0	2.0	0.0	214.0	0.0	0.0	269.0	0.0	0.0	0.0	0.0	0.0	0.0	0.0	0.0	0.0	0.0	0.0	548.0	0.0	188.0	0.0	5415.0	0.0	0.0	1516.0	0.0	0.0	0.0	206.0	210.0	37.0	163.0	0.0	129.0	171.0	0.0	759.0	0.0	0.0	1385.0	0.0	24.0	0.0	0.0	0.0	0.0	0.0	0.0	0.0	0.0	0.0	0.0	0.0	13.0	0.0	0.0	0.0	1495.0	1.0	1170.0	0.0	282.0	60.0	0.0	722.0	0.0	0.0	458.0	0.0	0.0	0.0	0.0	0.0	2.0	164.0	0.0	125.0	803.0	0.0	109.0	0.0	0.0	41.0	0.0	0.0	2055.0	0.0	0.0	220.0	0.0	0.0	498.0	0.0	0.0	0.0	0.0	563.0	332.0	0.0	0.0	0.0	0.0	1474.0	14.0	0.0	0.0	0.0	1078.0	0.0	0.0	0.0	0.0	0.0	0.0	0.0	0.0	155.0	0.0	101.0	1098.0	150.0	0.0	4.0	0.0	0.0	462.0	63.0	1611.0	105.0	993.0	246.0	0.0	0.0	0.0	0.0	0.0	356.0	552.0	1232.0	0.0	0.0	0.0	2549.0	1041.0	0.0	108.0	0.0	4.0	0.0	0.0	0.0	1137.0	2161.0	0.0	0.0	27.0	0.0	0.0	0.0	508.0	1725.0	0.0	1180.0	0.0	0.0	0.0	42.0	0.0	329.0	731.0	0.0	97.0	0.0	0.0	0.0	0.0	0.0	0.0	1021.0	0.0	0.0	266.0	0.0	0.0	0.0	0.0	0.0	0.0	0.0	91.0	1356.0	4.0	365.0	0.0	111.0	0.0	0.0	0.0	1534.0	973.0	0.0	506.0	2891.0	0.0	67.0	0.0	0.0	3.0	0.0	0.0	828.0	1118.0	0.0	0.0	0.0	94.0	0.0	73.0	0.0	0.0	0.0	3.0	0.0	3337.0	0.0	0.0	76.0	194.0	0.0	0.0	0.0	0.0	0.0	1152.0	0.0	0.0	0.0	0.0	0.0	0.0	782.0	4.0	0.0	0.0	0.0	0.0	0.0	0.0	0.0	1796.0	7.0	0.0	0.0	0.0	0.0	1398.0	0.0	696.0	402.0	0.0	0.0	182.0	0.0	0.0	25.0	0.0	170.0	1386.0	0.0
s__Collinsella sp900760325 (2)	289.0	0.0	0.0	0.0	5.0	0.0	0.0	0.0	235.0	105.0	0.0	0.0	0.0	0.0	0.0	0.0	0.0	31.0	0.0	63.0	0.0	131.0	0.0	168.0	32.0	151.0	32.0	0.0	1.0	0.0	0.0	1.0	6.0	0.0	0.0	1.0	0.0	0.0	18.0	0.0	60.0	0.0	14.0	0.0	56.0	0.0	0.0	0.0	28.0	0.0	0.0	0.0	0.0	61.0	0.0	0.0	23.0	8.0	87.0	0.0	0.0	51.0	0.0	0.0	0.0	0.0	4.0	0.0	0.0	38.0	61.0	0.0	248.0	0.0	0.0	22.0	0.0	0.0	6.0	0.0	0.0	3.0	0.0	0.0	102.0	0.0	2.0	46.0	0.0	31.0	0.0	1.0	140.0	0.0	8.0	0.0	0.0	0.0	0.0	0.0	160.0	0.0	0.0	0.0	0.0	41.0	0.0	0.0	0.0	8.0	0.0	0.0	81.0	0.0	0.0	0.0	0.0	179.0	1.0	78.0	0.0	0.0	2.0	0.0	0.0	0.0	0.0	64.0	8.0	19.0	18.0	0.0	0.0	0.0	0.0	20.0	174.0	10.0	0.0	0.0	0.0	0.0	104.0	0.0	4.0	0.0	0.0	208.0	0.0	0.0	7.0	18.0	0.0	0.0	0.0	89.0	22.0	0.0	0.0	10.0	37.0	0.0	1.0	2.0	0.0	0.0	0.0	0.0	2.0	0.0	0.0	57.0	3.0	0.0	31.0	26.0	2.0	0.0	209.0	32.0	0.0	0.0	0.0	0.0	59.0	17.0	6.0	0.0	0.0	13.0	2.0	0.0	0.0	3.0	0.0	0.0	0.0	192.0	0.0	0.0	0.0	20.0	2.0	13.0	0.0	3.0	0.0	0.0	0.0	0.0	0.0	72.0	0.0	15.0	0.0	0.0	42.0	0.0	0.0	17.0	0.0	0.0	0.0	0.0	0.0	0.0	0.0	0.0	0.0	0.0	0.0	81.0	0.0	47.0	0.0	1022.0	0.0	0.0	344.0	0.0	0.0	0.0	39.0	29.0	3.0	12.0	0.0	61.0	34.0	0.0	98.0	0.0	0.0	340.0	0.0	7.0	0.0	0.0	0.0	0.0	0.0	0.0	0.0	3.0	0.0	0.0	0.0	0.0	1.0	0.0	0.0	80.0	0.0	132.0	6.0	5.0	0.0	0.0	110.0	0.0	2.0	39.0	0.0	0.0	0.0	0.0	0.0	0.0	55.0	0.0	31.0	176.0	0.0	19.0	0.0	0.0	13.0	0.0	0.0	321.0	0.0	0.0	64.0	0.0	0.0	65.0	0.0	0.0	0.0	0.0	36.0	26.0	0.0	0.0	0.0	0.0	250.0	0.0	0.0	0.0	0.0	0.0	0.0	0.0	6.0	0.0	0.0	0.0	0.0	0.0	83.0	0.0	12.0	107.0	27.0	0.0	0.0	0.0	0.0	40.0	2.0	181.0	33.0	0.0	0.0	1.0	0.0	0.0	0.0	0.0	93.0	104.0	231.0	0.0	0.0	0.0	79.0	146.0	0.0	23.0	0.0	0.0	0.0	0.0	0.0	44.0	119.0	0.0	0.0	1.0	10.0	0.0	2.0	52.0	133.0	0.0	0.0	0.0	0.0	0.0	35.0	0.0	63.0	204.0	0.0	13.0	0.0	0.0	0.0	0.0	0.0	0.0	93.0	0.0	0.0	35.0	0.0	0.0	0.0	0.0	0.0	0.0	0.0	8.0	150.0	0.0	30.0	2.0	21.0	0.0	0.0	0.0	284.0	78.0	0.0	22.0	75.0	0.0	0.0	0.0	0.0	2.0	0.0	0.0	84.0	191.0	0.0	0.0	0.0	8.0	0.0	0.0	0.0	0.0	0.0	0.0	0.0	615.0	0.0	0.0	15.0	11.0	0.0	0.0	0.0	0.0	0.0	184.0	0.0	2.0	0.0	0.0	0.0	0.0	47.0	0.0	0.0	0.0	2.0	0.0	0.0	1.0	0.0	129.0	0.0	0.0	0.0	0.0	0.0	221.0	0.0	48.0	17.0	0.0	0.0	0.0	0.0	0.0	19.0	0.0	0.0	137.0	2.0
g__Bifidobacterium (1)	0.0	1255.0	0.0	75.0	75.0	0.0	1466.0	1118.0	0.0	748.0	0.0	427.0	0.0	0.0	1061.0	0.0	129.0	37.0	3.0	377.0	0.0	261.0	0.0	766.0	251.0	83.0	1387.0	126.0	0.0	0.0	0.0	0.0	24.0	946.0	0.0	0.0	0.0	0.0	22.0	62.0	137.0	0.0	341.0	0.0	0.0	0.0	0.0	2301.0	842.0	2712.0	0.0	73.0	3200.0	637.0	1183.0	3.0	0.0	58.0	0.0	0.0	527.0	24.0	0.0	319.0	5358.0	0.0	0.0	1.0	552.0	653.0	3.0	3281.0	172.0	0.0	99.0	244.0	0.0	0.0	143.0	1172.0	0.0	620.0	728.0	2.0	335.0	616.0	38.0	338.0	1419.0	0.0	0.0	0.0	281.0	0.0	821.0	0.0	0.0	1335.0	0.0	2667.0	89.0	1954.0	340.0	2302.0	0.0	32.0	0.0	2221.0	1219.0	23.0	0.0	0.0	344.0	2531.0	36.0	12.0	342.0	88.0	484.0	353.0	0.0	0.0	5.0	840.0	1514.0	0.0	6.0	253.0	280.0	309.0	0.0	6.0	0.0	2169.0	0.0	7.0	0.0	131.0	0.0	1543.0	0.0	0.0	483.0	0.0	0.0	1268.0	0.0	1219.0	253.0	0.0	0.0	726.0	1898.0	444.0	0.0	0.0	28.0	1803.0	0.0	25.0	0.0	1790.0	85.0	5.0	0.0	3247.0	514.0	648.0	0.0	0.0	0.0	97.0	23.0	0.0	1033.0	0.0	0.0	9.0	275.0	217.0	0.0	1021.0	0.0	0.0	0.0	226.0	0.0	0.0	1185.0	255.0	741.0	0.0	1.0	38.0	0.0	168.0	316.0	140.0	0.0	0.0	1138.0	25.0	9.0	12.0	0.0	9.0	1057.0	1075.0	741.0	281.0	2982.0	0.0	4.0	222.0	0.0	985.0	50.0	0.0	0.0	121.0	887.0	0.0	219.0	0.0	1361.0	137.0	0.0	1951.0	3.0	3.0	1450.0	148.0	260.0	331.0	135.0	0.0	567.0	97.0	1265.0	0.0	1943.0	243.0	220.0	0.0	0.0	20.0	0.0	636.0	26.0	0.0	105.0	0.0	2079.0	0.0	188.0	358.0	0.0	1064.0	0.0	911.0	0.0	512.0	0.0	0.0	1136.0	0.0	138.0	5.0	7.0	0.0	835.0	176.0	0.0	173.0	852.0	0.0	6.0	497.0	0.0	0.0	4.0	252.0	859.0	2070.0	0.0	0.0	0.0	0.0	1474.0	828.0	236.0	517.0	1379.0	69.0	159.0	0.0	1259.0	244.0	3680.0	826.0	0.0	0.0	976.0	267.0	2.0	796.0	89.0	0.0	646.0	10.0	71.0	54.0	1484.0	1492.0	127.0	0.0	562.0	58.0	3.0	3183.0	6.0	0.0	4.0	0.0	0.0	0.0	2491.0	1079.0	0.0	75.0	1945.0	0.0	438.0	2.0	194.0	0.0	7.0	0.0	7.0	179.0	10.0	0.0	945.0	0.0	7.0	0.0	2098.0	0.0	94.0	0.0	180.0	1702.0	470.0	6.0	0.0	52.0	44.0	288.0	2.0	0.0	3.0	0.0	0.0	0.0	404.0	217.0	63.0	1548.0	1055.0	270.0	1069.0	4.0	626.0	312.0	0.0	1325.0	0.0	8.0	422.0	0.0	1061.0	0.0	269.0	1569.0	0.0	25.0	4.0	0.0	2590.0	329.0	524.0	0.0	325.0	934.0	306.0	13.0	512.0	257.0	0.0	0.0	43.0	1942.0	14.0	140.0	15.0	158.0	80.0	0.0	407.0	0.0	2075.0	1137.0	221.0	754.0	0.0	29.0	25.0	0.0	26.0	1053.0	3.0	615.0	1114.0	1581.0	68.0	158.0	312.0	5.0	0.0	0.0	0.0	0.0	595.0	1222.0	0.0	0.0	2626.0	0.0	0.0	7.0	0.0	135.0	1657.0	1957.0	0.0	246.0	58.0	36.0	0.0	1.0	0.0	462.0	0.0	0.0	64.0	0.0	516.0	8.0	0.0	2.0	1953.0	0.0	0.0	463.0	87.0	0.0	3.0	2492.0	0.0	0.0	0.0	107.0	0.0	446.0	689.0	0.0	0.0	0.0	296.0	791.0	18.0	68.0	289.0
s__Bifidobacterium dentium (1)	0.0	0.0	0.0	0.0	0.0	0.0	2.0	0.0	3.0	0.0	0.0	20.0	0.0	17.0	10.0	956.0	0.0	0.0	9.0	0.0	0.0	0.0	0.0	0.0	31.0	0.0	8.0	0.0	0.0	10.0	3.0	0.0	0.0	0.0	10.0	0.0	0.0	0.0	0.0	0.0	0.0	0.0	0.0	0.0	2.0	2039.0	5.0	0.0	0.0	0.0	0.0	27.0	0.0	0.0	0.0	361.0	0.0	0.0	0.0	0.0	0.0	0.0	0.0	3.0	0.0	0.0	0.0	15.0	0.0	0.0	0.0	6.0	0.0	0.0	0.0	0.0	0.0	0.0	4.0	0.0	3.0	0.0	33.0	0.0	0.0	7.0	0.0	0.0	0.0	4.0	0.0	0.0	0.0	0.0	1.0	55.0	0.0	0.0	0.0	0.0	0.0	39.0	0.0	0.0	284.0	0.0	34.0	0.0	0.0	0.0	52.0	0.0	0.0	0.0	0.0	0.0	0.0	0.0	0.0	0.0	0.0	0.0	0.0	0.0	0.0	0.0	0.0	0.0	0.0	0.0	0.0	0.0	1.0	0.0	0.0	0.0	0.0	20.0	0.0	0.0	1053.0	0.0	0.0	9.0	0.0	0.0	0.0	0.0	0.0	192.0	5.0	0.0	0.0	0.0	0.0	0.0	0.0	0.0	37.0	0.0	0.0	12.0	0.0	0.0	0.0	0.0	0.0	0.0	0.0	3541.0	0.0	0.0	0.0	0.0	0.0	18.0	0.0	77.0	0.0	0.0	0.0	0.0	0.0	0.0	0.0	0.0	0.0	0.0	0.0	0.0	0.0	0.0	0.0	4.0	0.0	0.0	0.0	0.0	91.0	0.0	0.0	0.0	0.0	0.0	0.0	0.0	0.0	0.0	0.0	0.0	0.0	0.0	54.0	0.0	0.0	0.0	0.0	32.0	7.0	0.0	0.0	0.0	0.0	1556.0	0.0	0.0	0.0	0.0	34.0	0.0	0.0	0.0	36.0	0.0	0.0	0.0	0.0	0.0	0.0	119.0	0.0	0.0	0.0	0.0	0.0	0.0	0.0	0.0	0.0	77.0	0.0	0.0	0.0	10.0	0.0	0.0	0.0	0.0	0.0	0.0	0.0	0.0	0.0	0.0	3.0	0.0	0.0	17.0	0.0	0.0	0.0	0.0	65.0	0.0	0.0	0.0	0.0	0.0	0.0	0.0	0.0	0.0	0.0	0.0	0.0	620.0	501.0	686.0	0.0	0.0	0.0	0.0	0.0	0.0	5.0	0.0	0.0	0.0	1.0	0.0	0.0	14.0	0.0	0.0	0.0	0.0	0.0	195.0	0.0	0.0	0.0	0.0	0.0	0.0	0.0	0.0	0.0	0.0	0.0	0.0	0.0	0.0	0.0	0.0	13.0	11.0	0.0	0.0	0.0	0.0	0.0	0.0	0.0	6.0	0.0	0.0	32.0	0.0	0.0	0.0	0.0	4.0	0.0	0.0	0.0	0.0	0.0	0.0	0.0	12.0	0.0	0.0	0.0	0.0	78.0	0.0	0.0	0.0	0.0	66.0	0.0	0.0	0.0	0.0	0.0	0.0	0.0	231.0	0.0	12.0	0.0	0.0	0.0	0.0	0.0	0.0	5.0	0.0	0.0	0.0	0.0	0.0	0.0	0.0	0.0	0.0	0.0	0.0	0.0	0.0	0.0	0.0	0.0	0.0	0.0	0.0	0.0	0.0	7.0	0.0	0.0	0.0	0.0	0.0	0.0	0.0	0.0	0.0	0.0	0.0	0.0	0.0	0.0	7.0	2.0	0.0	0.0	0.0	0.0	0.0	0.0	20.0	0.0	0.0	0.0	4.0	0.0	6.0	0.0	0.0	0.0	0.0	0.0	0.0	0.0	0.0	0.0	5.0	0.0	0.0	5.0	0.0	0.0	0.0	0.0	0.0	0.0	0.0	0.0	0.0	18.0	1.0	6.0	0.0	7.0	0.0	0.0	0.0	2537.0	0.0	0.0	0.0	7.0	0.0	12.0	0.0	0.0	0.0	90.0	0.0	0.0	0.0	9.0	0.0	45.0	0.0	429.0	0.0	0.0	2.0	0.0	0.0	0.0
s__Bifidobacterium animalis_B (1)	0.0	0.0	0.0	0.0	5.0	0.0	0.0	0.0	0.0	0.0	0.0	0.0	0.0	0.0	0.0	0.0	0.0	0.0	47.0	0.0	0.0	0.0	0.0	0.0	0.0	0.0	0.0	0.0	0.0	0.0	0.0	0.0	0.0	0.0	0.0	0.0	0.0	0.0	0.0	0.0	0.0	0.0	0.0	0.0	0.0	0.0	0.0	0.0	0.0	0.0	0.0	0.0	0.0	0.0	0.0	26.0	0.0	10.0	0.0	0.0	0.0	0.0	0.0	0.0	0.0	0.0	0.0	0.0	0.0	0.0	0.0	0.0	0.0	0.0	0.0	0.0	79.0	0.0	0.0	0.0	0.0	0.0	0.0	0.0	0.0	0.0	0.0	0.0	0.0	0.0	81.0	8.0	0.0	0.0	0.0	0.0	0.0	3.0	0.0	0.0	0.0	0.0	0.0	49.0	0.0	0.0	0.0	0.0	0.0	0.0	0.0	0.0	0.0	0.0	0.0	0.0	0.0	0.0	0.0	0.0	0.0	0.0	0.0	27.0	0.0	0.0	0.0	0.0	0.0	0.0	49.0	0.0	0.0	0.0	0.0	27.0	0.0	50.0	0.0	0.0	6.0	0.0	0.0	0.0	0.0	0.0	0.0	0.0	0.0	0.0	5.0	0.0	32.0	0.0	0.0	0.0	0.0	0.0	0.0	366.0	0.0	0.0	0.0	0.0	0.0	0.0	0.0	0.0	0.0	21.0	0.0	0.0	0.0	0.0	0.0	0.0	0.0	0.0	0.0	0.0	0.0	0.0	0.0	0.0	0.0	4.0	0.0	16.0	0.0	23.0	0.0	12.0	0.0	0.0	0.0	0.0	0.0	0.0	0.0	0.0	0.0	0.0	0.0	0.0	0.0	0.0	0.0	76.0	0.0	0.0	0.0	0.0	0.0	0.0	489.0	0.0	3.0	0.0	0.0	0.0	0.0	0.0	0.0	0.0	0.0	0.0	0.0	0.0	0.0	0.0	67.0	0.0	69.0	114.0	0.0	0.0	0.0	0.0	0.0	0.0	0.0	108.0	0.0	0.0	0.0	0.0	0.0	0.0	0.0	0.0	0.0	0.0	0.0	0.0	0.0	0.0	83.0	0.0	0.0	121.0	15.0	0.0	9.0	0.0	0.0	0.0	19.0	0.0	0.0	0.0	0.0	0.0	0.0	0.0	0.0	0.0	0.0	6.0	0.0	0.0	0.0	0.0	0.0	0.0	63.0	0.0	25.0	948.0	0.0	0.0	0.0	0.0	0.0	0.0	4.0	0.0	0.0	2.0	0.0	0.0	0.0	0.0	0.0	0.0	8.0	0.0	0.0	0.0	0.0	0.0	2.0	0.0	0.0	13.0	0.0	0.0	0.0	0.0	0.0	0.0	179.0	0.0	0.0	0.0	0.0	0.0	0.0	0.0	5.0	0.0	0.0	0.0	0.0	2.0	0.0	0.0	27.0	0.0	0.0	0.0	147.0	0.0	0.0	0.0	0.0	0.0	0.0	0.0	0.0	0.0	0.0	0.0	0.0	0.0	0.0	0.0	0.0	0.0	0.0	0.0	0.0	0.0	0.0	0.0	0.0	0.0	0.0	30.0	0.0	0.0	0.0	1.0	0.0	0.0	39.0	0.0	0.0	0.0	0.0	15.0	0.0	0.0	0.0	0.0	0.0	0.0	110.0	0.0	0.0	0.0	0.0	20.0	0.0	0.0	0.0	0.0	0.0	0.0	0.0	0.0	18.0	0.0	0.0	0.0	0.0	0.0	0.0	2.0	0.0	0.0	0.0	0.0	0.0	0.0	34.0	0.0	0.0	0.0	0.0	0.0	0.0	0.0	0.0	0.0	0.0	0.0	0.0	0.0	0.0	4.0	0.0	24.0	0.0	0.0	0.0	0.0	0.0	0.0	0.0	42.0	0.0	0.0	0.0	272.0	0.0	0.0	0.0	0.0	0.0	0.0	0.0	0.0	0.0	8.0	0.0	0.0	0.0	0.0	0.0	0.0	0.0	0.0	0.0	0.0	0.0	9.0	0.0	0.0	0.0	0.0	18.0	0.0	0.0	4.0	0.0	0.0	0.0	35.0	0.0	0.0	0.0	0.0	0.0
s__Enterocloster aldenensis (1)	0.0	10.0	0.0	0.0	0.0	9.0	0.0	0.0	0.0	0.0	6.0	0.0	0.0	0.0	0.0	0.0	0.0	0.0	0.0	0.0	0.0	0.0	0.0	0.0	3.0	0.0	0.0	0.0	0.0	2.0	0.0	0.0	0.0	6.0	0.0	0.0	0.0	0.0	0.0	0.0	0.0	0.0	0.0	6.0	0.0	0.0	8.0	1.0	0.0	6.0	0.0	0.0	0.0	0.0	0.0	0.0	0.0	0.0	0.0	0.0	0.0	0.0	6.0	3.0	0.0	0.0	0.0	8.0	0.0	0.0	0.0	0.0	0.0	5.0	0.0	0.0	0.0	0.0	0.0	0.0	10.0	0.0	0.0	0.0	0.0	0.0	0.0	0.0	0.0	0.0	0.0	0.0	0.0	2.0	0.0	0.0	0.0	0.0	14.0	0.0	0.0	0.0	0.0	0.0	0.0	0.0	0.0	9.0	0.0	0.0	0.0	12.0	0.0	0.0	0.0	0.0	1.0	0.0	0.0	0.0	4.0	0.0	21.0	0.0	0.0	8.0	0.0	0.0	0.0	0.0	0.0	0.0	0.0	0.0	0.0	0.0	7.0	0.0	0.0	0.0	20.0	0.0	0.0	8.0	77.0	0.0	0.0	0.0	0.0	0.0	0.0	0.0	0.0	0.0	0.0	0.0	0.0	10.0	0.0	0.0	0.0	0.0	0.0	0.0	0.0	0.0	0.0	0.0	0.0	7.0	0.0	0.0	0.0	0.0	4.0	0.0	5.0	0.0	0.0	0.0	0.0	0.0	1.0	0.0	0.0	0.0	0.0	3.0	8.0	6.0	0.0	0.0	0.0	0.0	13.0	0.0	0.0	0.0	2.0	0.0	0.0	0.0	0.0	0.0	0.0	0.0	3.0	0.0	0.0	0.0	0.0	0.0	5.0	0.0	0.0	0.0	0.0	0.0	0.0	0.0	0.0	0.0	0.0	13.0	0.0	0.0	4.0	0.0	15.0	29.0	0.0	4.0	0.0	0.0	0.0	0.0	0.0	0.0	0.0	11.0	0.0	2.0	0.0	0.0	0.0	0.0	0.0	0.0	0.0	7.0	0.0	0.0	0.0	0.0	0.0	0.0	4.0	0.0	13.0	0.0	0.0	4.0	0.0	0.0	0.0	0.0	0.0	0.0	5.0	1.0	0.0	0.0	0.0	0.0	0.0	0.0	0.0	0.0	0.0	0.0	0.0	0.0	0.0	0.0	0.0	0.0	0.0	0.0	0.0	0.0	0.0	0.0	0.0	0.0	0.0	0.0	0.0	0.0	0.0	0.0	0.0	0.0	0.0	0.0	0.0	0.0	0.0	21.0	0.0	0.0	1.0	0.0	0.0	0.0	0.0	0.0	0.0	0.0	47.0	0.0	15.0	0.0	0.0	0.0	5.0	0.0	5.0	2.0	1.0	0.0	0.0	24.0	0.0	0.0	0.0	12.0	5.0	0.0	8.0	0.0	0.0	0.0	0.0	0.0	0.0	16.0	0.0	0.0	0.0	23.0	0.0	0.0	0.0	1.0	0.0	0.0	0.0	0.0	0.0	0.0	0.0	3.0	0.0	7.0	0.0	0.0	0.0	0.0	0.0	0.0	0.0	5.0	0.0	0.0	8.0	0.0	3.0	0.0	0.0	0.0	0.0	18.0	0.0	0.0	0.0	0.0	0.0	0.0	0.0	0.0	0.0	0.0	0.0	0.0	0.0	0.0	0.0	0.0	45.0	0.0	0.0	0.0	0.0	0.0	0.0	0.0	0.0	0.0	0.0	0.0	0.0	0.0	0.0	5.0	0.0	0.0	0.0	0.0	0.0	0.0	0.0	0.0	0.0	0.0	0.0	0.0	0.0	0.0	0.0	0.0	0.0	0.0	0.0	0.0	0.0	16.0	0.0	0.0	8.0	0.0	19.0	0.0	0.0	0.0	0.0	0.0	0.0	0.0	0.0	0.0	0.0	11.0	0.0	3.0	0.0	0.0	0.0	0.0	0.0	0.0	2.0	0.0	0.0	0.0	0.0	0.0	3.0	0.0	0.0	0.0	10.0	0.0	0.0	0.0	0.0	0.0	12.0	0.0	0.0	0.0	0.0	0.0	4.0
s__Lentihominibacter faecis (2)	0.0	0.0	0.0	3.0	0.0	0.0	0.0	0.0	0.0	0.0	0.0	0.0	0.0	0.0	0.0	0.0	7.0	0.0	0.0	0.0	0.0	0.0	0.0	3.0	0.0	0.0	0.0	0.0	0.0	0.0	0.0	0.0	2.0	0.0	0.0	0.0	0.0	0.0	0.0	0.0	0.0	0.0	0.0	0.0	0.0	0.0	0.0	0.0	0.0	0.0	0.0	0.0	0.0	0.0	0.0	0.0	0.0	0.0	1.0	0.0	12.0	0.0	0.0	0.0	0.0	0.0	0.0	0.0	0.0	4.0	10.0	0.0	10.0	0.0	0.0	3.0	11.0	0.0	0.0	0.0	0.0	0.0	0.0	0.0	0.0	0.0	5.0	0.0	0.0	0.0	1.0	0.0	0.0	0.0	0.0	0.0	0.0	0.0	0.0	0.0	0.0	0.0	0.0	5.0	0.0	0.0	0.0	0.0	7.0	0.0	0.0	0.0	0.0	0.0	0.0	0.0	0.0	0.0	0.0	5.0	0.0	0.0	0.0	0.0	0.0	5.0	0.0	0.0	24.0	0.0	0.0	0.0	0.0	0.0	0.0	5.0	0.0	0.0	0.0	0.0	0.0	0.0	0.0	0.0	0.0	3.0	0.0	0.0	0.0	0.0	0.0	0.0	4.0	0.0	0.0	5.0	0.0	0.0	0.0	6.0	0.0	0.0	10.0	0.0	0.0	0.0	7.0	0.0	7.0	0.0	0.0	2.0	0.0	0.0	0.0	6.0	0.0	0.0	0.0	5.0	0.0	0.0	0.0	2.0	0.0	0.0	0.0	5.0	0.0	1.0	0.0	0.0	0.0	0.0	0.0	1.0	0.0	0.0	0.0	0.0	0.0	0.0	0.0	0.0	0.0	0.0	0.0	0.0	0.0	0.0	0.0	0.0	0.0	0.0	0.0	0.0	2.0	0.0	0.0	0.0	4.0	0.0	0.0	0.0	0.0	0.0	0.0	0.0	0.0	0.0	2.0	0.0	0.0	0.0	0.0	0.0	12.0	0.0	0.0	0.0	0.0	0.0	0.0	0.0	5.0	0.0	0.0	0.0	9.0	0.0	19.0	0.0	0.0	0.0	0.0	0.0	0.0	0.0	0.0	0.0	0.0	0.0	0.0	0.0	3.0	0.0	0.0	6.0	0.0	0.0	0.0	0.0	0.0	12.0	0.0	0.0	0.0	0.0	0.0	0.0	0.0	0.0	0.0	0.0	0.0	0.0	0.0	0.0	0.0	0.0	9.0	0.0	0.0	0.0	0.0	2.0	5.0	0.0	0.0	0.0	0.0	0.0	3.0	0.0	0.0	1.0	4.0	0.0	0.0	0.0	3.0	0.0	0.0	0.0	7.0	0.0	0.0	0.0	0.0	0.0	0.0	0.0	0.0	0.0	0.0	0.0	0.0	0.0	0.0	0.0	0.0	0.0	0.0	0.0	0.0	0.0	0.0	0.0	0.0	0.0	0.0	0.0	0.0	0.0	0.0	0.0	0.0	0.0	9.0	2.0	0.0	0.0	0.0	0.0	0.0	0.0	0.0	0.0	0.0	0.0	0.0	0.0	0.0	0.0	0.0	0.0	0.0	0.0	0.0	0.0	0.0	0.0	0.0	0.0	0.0	0.0	0.0	0.0	4.0	0.0	0.0	0.0	0.0	0.0	0.0	0.0	0.0	0.0	0.0	0.0	0.0	0.0	0.0	0.0	0.0	0.0	0.0	0.0	6.0	0.0	9.0	0.0	1.0	0.0	0.0	17.0	6.0	0.0	2.0	11.0	0.0	0.0	0.0	0.0	0.0	1.0	0.0	0.0	0.0	0.0	0.0	0.0	0.0	0.0	0.0	0.0	0.0	0.0	0.0	0.0	0.0	9.0	0.0	0.0	0.0	0.0	0.0	0.0	0.0	0.0	0.0	0.0	0.0	0.0	0.0	6.0	0.0	1.0	0.0	0.0	0.0	0.0	0.0	0.0	0.0	0.0	0.0	0.0	0.0	0.0	14.0	0.0	10.0	0.0	0.0	0.0	0.0	0.0	0.0	0.0	0.0	0.0	0.0	0.0	0.0	5.0	0.0	0.0	0.0	0.0	1.0	0.0	0.0
s__Anaerotignum faecicola (1)	0.0	0.0	0.0	0.0	6.0	0.0	0.0	0.0	0.0	0.0	0.0	0.0	0.0	0.0	0.0	0.0	0.0	0.0	0.0	20.0	0.0	0.0	0.0	0.0	0.0	31.0	0.0	19.0	13.0	0.0	0.0	14.0	9.0	0.0	0.0	0.0	7.0	0.0	3.0	0.0	0.0	0.0	0.0	9.0	10.0	0.0	0.0	0.0	0.0	0.0	0.0	0.0	0.0	0.0	0.0	0.0	0.0	0.0	2.0	0.0	1.0	0.0	0.0	0.0	0.0	0.0	2.0	0.0	0.0	26.0	15.0	0.0	4.0	37.0	0.0	6.0	0.0	0.0	0.0	0.0	0.0	0.0	0.0	0.0	0.0	0.0	0.0	0.0	0.0	0.0	0.0	0.0	2.0	0.0	0.0	0.0	0.0	1.0	0.0	0.0	0.0	0.0	0.0	37.0	0.0	1.0	0.0	0.0	0.0	0.0	0.0	0.0	1.0	0.0	17.0	20.0	0.0	0.0	2.0	12.0	0.0	0.0	0.0	8.0	0.0	0.0	0.0	0.0	5.0	5.0	20.0	44.0	0.0	0.0	0.0	9.0	0.0	0.0	5.0	13.0	0.0	3.0	0.0	14.0	0.0	0.0	0.0	0.0	4.0	0.0	0.0	0.0	32.0	0.0	0.0	28.0	0.0	0.0	0.0	6.0	0.0	0.0	0.0	0.0	0.0	0.0	0.0	0.0	0.0	0.0	2.0	37.0	9.0	0.0	0.0	0.0	0.0	6.0	0.0	0.0	0.0	0.0	0.0	0.0	0.0	6.0	2.0	33.0	0.0	21.0	4.0	0.0	0.0	0.0	0.0	1.0	0.0	0.0	0.0	0.0	5.0	0.0	41.0	11.0	0.0	0.0	0.0	0.0	0.0	0.0	0.0	0.0	0.0	8.0	0.0	0.0	0.0	16.0	0.0	0.0	0.0	0.0	0.0	0.0	0.0	0.0	15.0	0.0	0.0	0.0	0.0	0.0	0.0	0.0	16.0	0.0	19.0	0.0	0.0	0.0	0.0	0.0	0.0	0.0	10.0	0.0	0.0	2.0	0.0	0.0	0.0	0.0	6.0	0.0	0.0	88.0	0.0	8.0	0.0	0.0	0.0	0.0	0.0	0.0	14.0	0.0	9.0	0.0	0.0	0.0	0.0	0.0	0.0	8.0	0.0	3.0	0.0	0.0	3.0	15.0	0.0	0.0	12.0	0.0	0.0	0.0	0.0	0.0	0.0	17.0	19.0	0.0	0.0	5.0	0.0	0.0	0.0	0.0	0.0	0.0	0.0	0.0	6.0	0.0	15.0	0.0	0.0	0.0	0.0	40.0	13.0	0.0	0.0	13.0	7.0	0.0	14.0	0.0	0.0	0.0	0.0	20.0	0.0	0.0	0.0	0.0	0.0	0.0	0.0	0.0	0.0	0.0	0.0	0.0	0.0	0.0	0.0	0.0	0.0	9.0	19.0	12.0	10.0	0.0	0.0	0.0	0.0	8.0	0.0	0.0	0.0	0.0	0.0	0.0	0.0	0.0	0.0	0.0	0.0	0.0	0.0	8.0	0.0	0.0	0.0	33.0	1.0	0.0	0.0	2.0	0.0	1.0	0.0	0.0	0.0	0.0	0.0	0.0	3.0	0.0	8.0	0.0	0.0	0.0	0.0	0.0	51.0	0.0	0.0	0.0	0.0	0.0	0.0	44.0	0.0	0.0	12.0	0.0	0.0	0.0	0.0	0.0	15.0	0.0	19.0	22.0	0.0	21.0	0.0	7.0	0.0	0.0	0.0	0.0	0.0	3.0	0.0	0.0	4.0	0.0	0.0	0.0	0.0	0.0	0.0	0.0	0.0	0.0	0.0	17.0	0.0	0.0	0.0	3.0	20.0	0.0	0.0	0.0	0.0	0.0	0.0	0.0	0.0	0.0	13.0	17.0	76.0	0.0	0.0	0.0	0.0	0.0	0.0	0.0	9.0	0.0	4.0	0.0	0.0	34.0	0.0	0.0	25.0	0.0	1.0	8.0	0.0	0.0	0.0	0.0	0.0	0.0	0.0	0.0	0.0	4.0	0.0	0.0	18.0	0.0	13.0	5.0	0.0
s__Tyzzerella colina (1)	0.0	0.0	0.0	0.0	5.0	0.0	3.0	0.0	0.0	0.0	0.0	0.0	0.0	0.0	0.0	0.0	0.0	0.0	0.0	0.0	0.0	0.0	0.0	45.0	27.0	0.0	0.0	0.0	0.0	0.0	0.0	0.0	18.0	0.0	0.0	0.0	0.0	0.0	1.0	0.0	0.0	14.0	0.0	0.0	0.0	0.0	0.0	0.0	0.0	34.0	0.0	0.0	27.0	0.0	0.0	0.0	0.0	0.0	16.0	0.0	0.0	0.0	0.0	0.0	0.0	0.0	0.0	1.0	0.0	18.0	0.0	0.0	0.0	0.0	0.0	0.0	31.0	0.0	0.0	0.0	0.0	0.0	0.0	0.0	0.0	0.0	0.0	0.0	0.0	0.0	0.0	0.0	2.0	0.0	0.0	0.0	0.0	0.0	0.0	20.0	11.0	0.0	0.0	0.0	0.0	0.0	40.0	0.0	0.0	11.0	0.0	0.0	0.0	0.0	0.0	0.0	0.0	0.0	5.0	50.0	0.0	0.0	0.0	0.0	31.0	0.0	0.0	0.0	0.0	0.0	0.0	0.0	0.0	12.0	0.0	0.0	1.0	0.0	39.0	23.0	0.0	0.0	17.0	0.0	0.0	0.0	22.0	0.0	0.0	0.0	0.0	0.0	0.0	0.0	0.0	9.0	39.0	0.0	13.0	0.0	0.0	0.0	0.0	0.0	128.0	0.0	0.0	0.0	0.0	0.0	0.0	0.0	0.0	0.0	25.0	0.0	0.0	0.0	0.0	7.0	2.0	0.0	0.0	5.0	14.0	0.0	0.0	12.0	0.0	0.0	0.0	0.0	0.0	0.0	0.0	0.0	0.0	0.0	0.0	0.0	19.0	0.0	0.0	47.0	0.0	0.0	0.0	0.0	0.0	0.0	0.0	22.0	37.0	18.0	0.0	0.0	0.0	0.0	0.0	15.0	30.0	12.0	0.0	0.0	0.0	0.0	0.0	0.0	0.0	0.0	0.0	26.0	0.0	1.0	0.0	0.0	0.0	0.0	19.0	0.0	0.0	0.0	0.0	65.0	0.0	0.0	0.0	0.0	7.0	0.0	0.0	0.0	0.0	0.0	0.0	0.0	0.0	0.0	0.0	2.0	0.0	20.0	0.0	0.0	0.0	0.0	0.0	0.0	0.0	0.0	8.0	1.0	0.0	9.0	0.0	0.0	0.0	0.0	7.0	0.0	0.0	0.0	0.0	0.0	0.0	0.0	0.0	0.0	0.0	0.0	0.0	15.0	0.0	0.0	45.0	0.0	0.0	0.0	0.0	0.0	0.0	0.0	19.0	0.0	0.0	5.0	0.0	0.0	0.0	0.0	0.0	0.0	0.0	0.0	6.0	0.0	0.0	0.0	0.0	0.0	0.0	0.0	14.0	15.0	0.0	0.0	0.0	15.0	0.0	0.0	98.0	0.0	0.0	0.0	0.0	0.0	0.0	0.0	0.0	44.0	0.0	0.0	76.0	6.0	0.0	0.0	0.0	0.0	0.0	0.0	7.0	0.0	0.0	0.0	0.0	0.0	0.0	0.0	28.0	6.0	0.0	0.0	0.0	24.0	25.0	0.0	27.0	0.0	36.0	0.0	0.0	0.0	0.0	0.0	21.0	0.0	0.0	0.0	22.0	0.0	0.0	0.0	0.0	0.0	0.0	1.0	0.0	14.0	61.0	20.0	6.0	0.0	38.0	0.0	0.0	0.0	0.0	0.0	0.0	0.0	0.0	0.0	0.0	8.0	0.0	0.0	0.0	0.0	11.0	0.0	42.0	0.0	0.0	0.0	0.0	0.0	0.0	5.0	0.0	0.0	0.0	0.0	20.0	0.0	0.0	2.0	0.0	0.0	0.0	0.0	0.0	0.0	0.0	0.0	0.0	0.0	0.0	0.0	0.0	0.0	0.0	0.0	2.0	0.0	0.0	0.0	0.0	0.0	16.0	0.0	0.0	0.0	0.0	0.0	0.0	0.0	0.0	0.0	0.0	0.0	1.0	0.0	0.0	78.0	2.0	0.0	0.0	0.0	0.0	0.0	0.0	0.0	7.0	0.0	0.0	189.0	0.0	4.0	27.0	0.0	0.0	4.0	0.0
s__Anaerotignum faecicola (2)	0.0	0.0	0.0	0.0	0.0	0.0	1.0	0.0	0.0	0.0	0.0	3.0	0.0	0.0	6.0	0.0	6.0	0.0	0.0	0.0	0.0	0.0	0.0	0.0	24.0	0.0	0.0	3.0	0.0	5.0	0.0	0.0	0.0	0.0	0.0	0.0	0.0	0.0	0.0	0.0	0.0	0.0	0.0	0.0	0.0	0.0	0.0	0.0	0.0	0.0	9.0	11.0	0.0	0.0	0.0	0.0	0.0	0.0	1.0	0.0	12.0	0.0	0.0	0.0	0.0	0.0	0.0	0.0	1.0	0.0	4.0	0.0	0.0	0.0	0.0	7.0	0.0	0.0	0.0	0.0	18.0	0.0	0.0	0.0	0.0	0.0	0.0	0.0	0.0	0.0	0.0	0.0	0.0	0.0	7.0	0.0	0.0	0.0	0.0	0.0	0.0	0.0	0.0	26.0	0.0	0.0	0.0	0.0	0.0	0.0	0.0	0.0	0.0	0.0	0.0	0.0	10.0	0.0	0.0	3.0	0.0	0.0	0.0	0.0	0.0	0.0	0.0	0.0	0.0	0.0	0.0	0.0	0.0	0.0	0.0	0.0	0.0	0.0	0.0	0.0	0.0	0.0	0.0	0.0	0.0	0.0	0.0	0.0	0.0	0.0	24.0	0.0	8.0	0.0	0.0	0.0	0.0	0.0	0.0	0.0	0.0	1.0	0.0	0.0	0.0	0.0	0.0	0.0	0.0	0.0	0.0	0.0	0.0	0.0	0.0	0.0	0.0	0.0	0.0	0.0	0.0	0.0	0.0	4.0	0.0	0.0	0.0	0.0	0.0	2.0	2.0	0.0	0.0	0.0	33.0	0.0	0.0	0.0	0.0	0.0	0.0	0.0	0.0	0.0	0.0	0.0	0.0	0.0	0.0	0.0	0.0	3.0	0.0	0.0	0.0	6.0	0.0	0.0	0.0	0.0	0.0	0.0	0.0	0.0	0.0	0.0	0.0	0.0	0.0	0.0	5.0	0.0	0.0	0.0	0.0	0.0	0.0	0.0	0.0	0.0	0.0	0.0	0.0	0.0	0.0	0.0	3.0	0.0	0.0	0.0	11.0	0.0	0.0	0.0	0.0	0.0	0.0	0.0	0.0	0.0	3.0	0.0	0.0	7.0	0.0	0.0	0.0	0.0	0.0	0.0	0.0	0.0	0.0	0.0	0.0	0.0	0.0	0.0	0.0	0.0	0.0	0.0	0.0	0.0	0.0	0.0	0.0	0.0	0.0	9.0	4.0	0.0	0.0	0.0	0.0	0.0	0.0	0.0	0.0	0.0	0.0	0.0	0.0	0.0	0.0	0.0	0.0	0.0	0.0	0.0	3.0	0.0	0.0	0.0	0.0	0.0	0.0	0.0	0.0	0.0	0.0	6.0	0.0	0.0	0.0	0.0	0.0	8.0	0.0	0.0	0.0	0.0	0.0	1.0	0.0	0.0	0.0	0.0	4.0	0.0	0.0	0.0	0.0	0.0	0.0	0.0	0.0	0.0	0.0	0.0	0.0	0.0	0.0	0.0	0.0	0.0	0.0	0.0	0.0	0.0	0.0	0.0	0.0	0.0	0.0	0.0	0.0	0.0	6.0	0.0	0.0	0.0	3.0	0.0	0.0	0.0	0.0	0.0	2.0	0.0	0.0	16.0	0.0	0.0	0.0	0.0	0.0	6.0	0.0	0.0	0.0	8.0	3.0	0.0	0.0	0.0	10.0	0.0	0.0	8.0	0.0	0.0	0.0	0.0	0.0	0.0	2.0	5.0	0.0	0.0	0.0	0.0	0.0	0.0	0.0	0.0	0.0	0.0	0.0	0.0	0.0	0.0	0.0	0.0	0.0	0.0	13.0	0.0	0.0	0.0	0.0	1.0	0.0	0.0	0.0	0.0	0.0	0.0	0.0	0.0	0.0	0.0	3.0	0.0	0.0	0.0	0.0	0.0	0.0	0.0	0.0	0.0	0.0	0.0	0.0	0.0	0.0	0.0	0.0	0.0	0.0	0.0	11.0	0.0	0.0	0.0	0.0	0.0	0.0	0.0	0.0	0.0	0.0	8.0	0.0	0.0	0.0	19.0	0.0	0.0	0.0	0.0	0.0
s__Lentihominibacter faecis (1)	2.0	0.0	0.0	0.0	4.0	0.0	0.0	0.0	0.0	0.0	0.0	0.0	0.0	0.0	0.0	0.0	0.0	0.0	0.0	0.0	0.0	0.0	0.0	4.0	0.0	13.0	0.0	0.0	0.0	0.0	0.0	0.0	3.0	0.0	0.0	0.0	0.0	0.0	4.0	0.0	0.0	13.0	0.0	0.0	0.0	0.0	0.0	0.0	0.0	0.0	0.0	0.0	0.0	0.0	0.0	0.0	0.0	5.0	12.0	0.0	14.0	0.0	0.0	0.0	0.0	0.0	0.0	0.0	6.0	13.0	0.0	0.0	0.0	4.0	0.0	5.0	9.0	0.0	0.0	0.0	0.0	0.0	0.0	0.0	2.0	0.0	0.0	0.0	0.0	0.0	0.0	0.0	0.0	0.0	32.0	0.0	0.0	18.0	0.0	0.0	0.0	0.0	0.0	12.0	0.0	0.0	0.0	0.0	0.0	0.0	1.0	0.0	10.0	0.0	1.0	0.0	0.0	0.0	4.0	13.0	3.0	0.0	0.0	0.0	0.0	0.0	0.0	0.0	14.0	0.0	5.0	0.0	0.0	0.0	0.0	4.0	0.0	0.0	0.0	0.0	0.0	0.0	0.0	0.0	0.0	0.0	0.0	0.0	4.0	0.0	0.0	0.0	2.0	0.0	0.0	1.0	0.0	0.0	0.0	4.0	0.0	0.0	10.0	0.0	0.0	0.0	7.0	3.0	4.0	0.0	5.0	1.0	0.0	0.0	0.0	0.0	0.0	1.0	0.0	0.0	0.0	0.0	0.0	0.0	0.0	0.0	9.0	23.0	1.0	6.0	21.0	0.0	0.0	0.0	0.0	7.0	4.0	0.0	0.0	0.0	3.0	0.0	8.0	0.0	0.0	0.0	0.0	0.0	0.0	0.0	0.0	0.0	0.0	0.0	0.0	12.0	0.0	0.0	0.0	2.0	2.0	0.0	0.0	0.0	0.0	6.0	0.0	0.0	0.0	0.0	9.0	0.0	0.0	0.0	0.0	0.0	7.0	0.0	3.0	0.0	0.0	0.0	0.0	6.0	0.0	5.0	0.0	0.0	5.0	0.0	0.0	0.0	1.0	0.0	0.0	6.0	8.0	0.0	0.0	0.0	0.0	3.0	0.0	0.0	0.0	9.0	11.0	3.0	0.0	0.0	0.0	0.0	0.0	4.0	0.0	0.0	0.0	6.0	0.0	0.0	0.0	0.0	0.0	0.0	0.0	0.0	0.0	0.0	0.0	0.0	0.0	0.0	0.0	0.0	8.0	7.0	4.0	0.0	0.0	0.0	0.0	0.0	6.0	0.0	2.0	0.0	18.0	0.0	1.0	0.0	1.0	0.0	7.0	0.0	0.0	0.0	0.0	0.0	0.0	0.0	0.0	0.0	0.0	0.0	0.0	0.0	0.0	0.0	0.0	0.0	0.0	0.0	16.0	0.0	4.0	0.0	0.0	8.0	0.0	0.0	0.0	6.0	2.0	9.0	0.0	0.0	0.0	2.0	2.0	0.0	2.0	19.0	0.0	0.0	0.0	0.0	0.0	0.0	0.0	0.0	3.0	0.0	0.0	0.0	0.0	16.0	0.0	0.0	2.0	0.0	0.0	0.0	0.0	0.0	0.0	8.0	0.0	0.0	0.0	0.0	0.0	0.0	0.0	1.0	0.0	38.0	2.0	0.0	0.0	0.0	0.0	0.0	0.0	0.0	0.0	0.0	0.0	0.0	0.0	0.0	0.0	3.0	1.0	3.0	0.0	0.0	0.0	9.0	5.0	4.0	0.0	0.0	0.0	0.0	0.0	0.0	0.0	0.0	3.0	0.0	0.0	0.0	0.0	0.0	0.0	0.0	0.0	0.0	0.0	0.0	0.0	0.0	0.0	0.0	0.0	0.0	0.0	0.0	0.0	0.0	0.0	7.0	7.0	0.0	5.0	2.0	0.0	7.0	0.0	0.0	0.0	0.0	0.0	0.0	5.0	5.0	0.0	0.0	0.0	7.0	0.0	3.0	5.0	0.0	0.0	4.0	0.0	0.0	0.0	0.0	0.0	0.0	0.0	18.0	0.0	4.0	0.0	0.0	0.0	0.0	0.0	6.0	0.0
s__CAG-488 sp900539465 (1)	0.0	0.0	0.0	245.0	0.0	0.0	0.0	0.0	0.0	0.0	0.0	411.0	0.0	0.0	2.0	0.0	197.0	3.0	0.0	0.0	0.0	0.0	0.0	0.0	0.0	0.0	0.0	0.0	0.0	0.0	0.0	0.0	4.0	0.0	0.0	0.0	3.0	0.0	0.0	0.0	0.0	0.0	0.0	26.0	0.0	0.0	0.0	0.0	0.0	0.0	0.0	0.0	0.0	0.0	0.0	0.0	0.0	0.0	301.0	0.0	395.0	0.0	0.0	0.0	0.0	213.0	153.0	0.0	0.0	0.0	0.0	0.0	0.0	0.0	0.0	0.0	0.0	0.0	0.0	0.0	0.0	0.0	0.0	0.0	0.0	0.0	0.0	0.0	0.0	0.0	0.0	0.0	0.0	0.0	0.0	0.0	0.0	0.0	0.0	0.0	8.0	0.0	0.0	0.0	0.0	0.0	0.0	0.0	0.0	142.0	0.0	0.0	0.0	0.0	12.0	0.0	0.0	0.0	0.0	143.0	0.0	0.0	0.0	0.0	0.0	0.0	0.0	0.0	0.0	0.0	0.0	0.0	0.0	0.0	0.0	0.0	0.0	0.0	0.0	79.0	0.0	15.0	0.0	8.0	0.0	2.0	0.0	0.0	0.0	0.0	0.0	0.0	0.0	0.0	0.0	2.0	40.0	0.0	0.0	115.0	0.0	0.0	27.0	3.0	0.0	0.0	0.0	0.0	0.0	0.0	0.0	0.0	0.0	0.0	0.0	0.0	0.0	0.0	0.0	0.0	0.0	0.0	0.0	0.0	0.0	0.0	48.0	0.0	0.0	31.0	0.0	0.0	0.0	0.0	0.0	0.0	0.0	0.0	0.0	0.0	4.0	0.0	0.0	0.0	0.0	0.0	0.0	0.0	26.0	0.0	0.0	0.0	0.0	0.0	0.0	0.0	0.0	0.0	223.0	0.0	0.0	0.0	0.0	0.0	9.0	0.0	0.0	0.0	0.0	0.0	0.0	0.0	0.0	11.0	0.0	0.0	0.0	0.0	5.0	0.0	0.0	0.0	70.0	0.0	115.0	0.0	0.0	0.0	0.0	0.0	0.0	0.0	0.0	0.0	0.0	0.0	0.0	0.0	0.0	0.0	0.0	0.0	0.0	0.0	2.0	3.0	106.0	0.0	0.0	0.0	0.0	34.0	0.0	0.0	0.0	63.0	0.0	0.0	0.0	0.0	0.0	0.0	0.0	0.0	0.0	0.0	0.0	0.0	0.0	0.0	0.0	0.0	0.0	0.0	0.0	175.0	0.0	0.0	0.0	0.0	0.0	5.0	6.0	0.0	13.0	0.0	6.0	0.0	0.0	0.0	32.0	0.0	77.0	0.0	24.0	0.0	0.0	0.0	0.0	0.0	0.0	0.0	0.0	35.0	0.0	0.0	0.0	0.0	0.0	0.0	0.0	0.0	202.0	0.0	37.0	0.0	0.0	6.0	0.0	0.0	0.0	0.0	0.0	0.0	0.0	0.0	0.0	0.0	0.0	0.0	0.0	38.0	0.0	0.0	0.0	0.0	0.0	0.0	0.0	0.0	10.0	0.0	7.0	0.0	0.0	0.0	0.0	0.0	0.0	0.0	0.0	3.0	0.0	0.0	0.0	49.0	0.0	0.0	0.0	0.0	0.0	0.0	0.0	0.0	0.0	0.0	0.0	0.0	0.0	0.0	0.0	0.0	0.0	0.0	0.0	0.0	0.0	0.0	0.0	0.0	51.0	0.0	0.0	0.0	0.0	3.0	0.0	0.0	0.0	232.0	0.0	0.0	0.0	0.0	0.0	0.0	0.0	0.0	35.0	0.0	0.0	0.0	0.0	0.0	0.0	0.0	0.0	0.0	0.0	0.0	0.0	3.0	0.0	0.0	1.0	0.0	0.0	0.0	0.0	0.0	0.0	0.0	0.0	0.0	0.0	0.0	0.0	0.0	0.0	0.0	0.0	0.0	0.0	0.0	10.0	0.0	0.0	0.0	0.0	0.0	0.0	0.0	0.0	0.0	0.0	0.0	0.0	0.0	0.0	0.0	0.0	0.0	0.0	0.0	0.0	176.0	0.0	0.0	0.0	0.0	72.0	0.0	0.0
g__Acetatifactor (1)	0.0	0.0	0.0	24.0	26.0	0.0	1.0	0.0	5.0	0.0	0.0	0.0	0.0	132.0	0.0	0.0	0.0	0.0	0.0	0.0	0.0	83.0	0.0	0.0	10.0	5.0	1.0	55.0	0.0	3.0	0.0	0.0	0.0	47.0	0.0	0.0	0.0	0.0	0.0	0.0	0.0	0.0	6.0	0.0	0.0	0.0	0.0	0.0	0.0	0.0	2.0	16.0	0.0	10.0	47.0	0.0	15.0	0.0	0.0	3.0	3.0	1.0	6.0	0.0	0.0	0.0	0.0	0.0	24.0	15.0	0.0	0.0	0.0	0.0	0.0	0.0	14.0	0.0	1.0	0.0	36.0	0.0	0.0	0.0	0.0	0.0	0.0	0.0	0.0	0.0	28.0	0.0	0.0	0.0	1.0	0.0	0.0	34.0	0.0	0.0	0.0	0.0	0.0	11.0	0.0	0.0	0.0	0.0	0.0	0.0	0.0	0.0	0.0	0.0	0.0	51.0	0.0	0.0	0.0	0.0	2.0	0.0	4.0	0.0	0.0	54.0	0.0	0.0	8.0	0.0	16.0	37.0	0.0	0.0	2.0	0.0	0.0	40.0	0.0	0.0	0.0	0.0	0.0	0.0	0.0	0.0	0.0	0.0	0.0	0.0	51.0	0.0	15.0	0.0	0.0	0.0	0.0	0.0	0.0	0.0	7.0	0.0	27.0	0.0	0.0	0.0	0.0	0.0	33.0	0.0	0.0	20.0	0.0	0.0	0.0	0.0	0.0	0.0	14.0	45.0	0.0	0.0	0.0	0.0	0.0	0.0	0.0	18.0	0.0	54.0	0.0	0.0	0.0	0.0	0.0	0.0	0.0	0.0	0.0	0.0	40.0	1.0	28.0	0.0	0.0	0.0	0.0	0.0	0.0	0.0	0.0	0.0	0.0	10.0	0.0	0.0	0.0	46.0	0.0	41.0	0.0	0.0	0.0	0.0	0.0	0.0	0.0	0.0	0.0	0.0	0.0	19.0	0.0	20.0	0.0	0.0	29.0	5.0	0.0	0.0	0.0	7.0	0.0	8.0	0.0	0.0	24.0	0.0	0.0	0.0	41.0	0.0	0.0	0.0	0.0	0.0	0.0	0.0	0.0	8.0	0.0	0.0	0.0	0.0	0.0	0.0	45.0	0.0	4.0	0.0	8.0	0.0	0.0	10.0	14.0	0.0	0.0	0.0	121.0	0.0	0.0	0.0	0.0	0.0	0.0	0.0	0.0	0.0	0.0	22.0	0.0	0.0	0.0	0.0	5.0	0.0	0.0	0.0	0.0	0.0	0.0	0.0	0.0	0.0	0.0	6.0	0.0	0.0	0.0	3.0	7.0	0.0	11.0	0.0	107.0	0.0	25.0	0.0	0.0	0.0	0.0	0.0	0.0	21.0	0.0	0.0	0.0	13.0	0.0	0.0	0.0	0.0	10.0	0.0	21.0	0.0	0.0	22.0	0.0	0.0	0.0	0.0	14.0	15.0	0.0	0.0	0.0	0.0	0.0	0.0	0.0	4.0	0.0	0.0	0.0	4.0	0.0	0.0	0.0	0.0	62.0	0.0	0.0	0.0	0.0	0.0	0.0	0.0	0.0	0.0	0.0	0.0	12.0	0.0	0.0	0.0	0.0	0.0	78.0	0.0	0.0	0.0	0.0	0.0	5.0	0.0	0.0	5.0	0.0	0.0	0.0	52.0	0.0	2.0	7.0	0.0	12.0	0.0	0.0	5.0	0.0	0.0	0.0	0.0	46.0	0.0	11.0	22.0	0.0	0.0	0.0	0.0	0.0	23.0	0.0	0.0	0.0	0.0	7.0	0.0	21.0	20.0	0.0	0.0	10.0	0.0	21.0	0.0	0.0	0.0	0.0	0.0	0.0	50.0	0.0	0.0	2.0	0.0	0.0	0.0	9.0	0.0	14.0	0.0	0.0	0.0	0.0	0.0	0.0	5.0	0.0	0.0	0.0	0.0	0.0	0.0	0.0	24.0	0.0	0.0	2.0	22.0	4.0	0.0	0.0	0.0	0.0	0.0	0.0	0.0	0.0	5.0	0.0	4.0	0.0	10.0	0.0	0.0	0.0	0.0	12.0	0.0	0.0
s__Acetatifactor intestinalis (1)	0.0	0.0	0.0	32.0	56.0	0.0	0.0	0.0	0.0	0.0	0.0	10.0	0.0	51.0	0.0	0.0	17.0	0.0	0.0	0.0	0.0	56.0	0.0	0.0	0.0	0.0	0.0	0.0	46.0	0.0	0.0	0.0	110.0	0.0	0.0	0.0	45.0	0.0	0.0	0.0	0.0	78.0	0.0	7.0	0.0	0.0	0.0	0.0	0.0	0.0	0.0	0.0	0.0	0.0	0.0	0.0	0.0	14.0	2.0	0.0	1.0	0.0	0.0	0.0	0.0	0.0	8.0	0.0	0.0	21.0	15.0	0.0	0.0	83.0	0.0	42.0	0.0	0.0	0.0	0.0	41.0	0.0	0.0	0.0	14.0	0.0	12.0	0.0	0.0	0.0	0.0	0.0	0.0	0.0	0.0	0.0	0.0	25.0	0.0	0.0	0.0	0.0	0.0	0.0	0.0	0.0	0.0	3.0	3.0	21.0	0.0	0.0	0.0	0.0	8.0	0.0	10.0	2.0	0.0	24.0	0.0	0.0	8.0	0.0	0.0	0.0	0.0	0.0	0.0	1.0	30.0	24.0	0.0	0.0	0.0	21.0	0.0	0.0	3.0	0.0	0.0	0.0	0.0	0.0	0.0	0.0	0.0	0.0	0.0	0.0	0.0	0.0	14.0	0.0	0.0	0.0	0.0	0.0	0.0	0.0	0.0	0.0	0.0	0.0	0.0	0.0	35.0	0.0	0.0	0.0	12.0	0.0	1.0	0.0	0.0	0.0	0.0	0.0	10.0	0.0	0.0	4.0	0.0	0.0	0.0	15.0	19.0	0.0	0.0	55.0	30.0	0.0	0.0	3.0	0.0	65.0	0.0	0.0	8.0	0.0	47.0	0.0	17.0	0.0	0.0	0.0	0.0	0.0	27.0	0.0	0.0	0.0	0.0	24.0	0.0	0.0	10.0	0.0	0.0	15.0	20.0	0.0	0.0	0.0	0.0	0.0	0.0	0.0	0.0	0.0	0.0	0.0	0.0	0.0	7.0	0.0	99.0	0.0	0.0	0.0	0.0	0.0	0.0	0.0	20.0	29.0	6.0	0.0	25.0	0.0	931.0	0.0	25.0	0.0	0.0	0.0	0.0	0.0	0.0	0.0	0.0	16.0	0.0	19.0	52.0	13.0	0.0	0.0	0.0	0.0	13.0	0.0	0.0	53.0	0.0	33.0	1.0	7.0	55.0	0.0	0.0	0.0	0.0	0.0	0.0	0.0	0.0	39.0	0.0	0.0	0.0	0.0	0.0	0.0	0.0	0.0	0.0	0.0	0.0	0.0	0.0	29.0	6.0	0.0	34.0	0.0	31.0	20.0	0.0	0.0	0.0	0.0	0.0	0.0	18.0	0.0	0.0	0.0	0.0	0.0	0.0	6.0	0.0	0.0	17.0	0.0	0.0	0.0	0.0	0.0	0.0	0.0	90.0	0.0	64.0	0.0	0.0	10.0	0.0	0.0	28.0	5.0	0.0	0.0	0.0	0.0	0.0	33.0	197.0	0.0	0.0	0.0	0.0	0.0	0.0	0.0	2.0	0.0	1.0	0.0	27.0	0.0	7.0	0.0	0.0	22.0	12.0	0.0	0.0	6.0	0.0	0.0	5.0	0.0	0.0	19.0	0.0	0.0	57.0	0.0	0.0	0.0	0.0	0.0	0.0	1.0	0.0	0.0	0.0	0.0	0.0	16.0	0.0	0.0	0.0	6.0	0.0	0.0	8.0	0.0	0.0	0.0	71.0	4.0	0.0	139.0	0.0	34.0	0.0	23.0	8.0	0.0	0.0	27.0	0.0	7.0	0.0	0.0	39.0	0.0	0.0	0.0	4.0	0.0	0.0	0.0	12.0	0.0	0.0	48.0	0.0	20.0	0.0	0.0	11.0	0.0	0.0	0.0	0.0	0.0	0.0	27.0	0.0	0.0	12.0	79.0	0.0	47.0	0.0	0.0	0.0	0.0	0.0	0.0	0.0	5.0	0.0	0.0	0.0	18.0	0.0	0.0	0.0	83.0	0.0	0.0	0.0	0.0	0.0	0.0	0.0	0.0	0.0	0.0	0.0	40.0	0.0	0.0	12.0	0.0	39.0	0.0	0.0
s__Butyribacter sp003529475 (1)	0.0	2.0	0.0	0.0	27.0	0.0	0.0	0.0	0.0	16.0	0.0	0.0	0.0	0.0	0.0	0.0	0.0	0.0	0.0	0.0	0.0	0.0	0.0	0.0	4.0	36.0	0.0	0.0	13.0	0.0	0.0	0.0	0.0	0.0	0.0	0.0	15.0	0.0	0.0	0.0	0.0	0.0	0.0	0.0	0.0	0.0	0.0	0.0	0.0	0.0	0.0	0.0	0.0	33.0	0.0	0.0	0.0	0.0	0.0	0.0	0.0	0.0	0.0	0.0	0.0	0.0	0.0	0.0	0.0	5.0	0.0	0.0	0.0	0.0	0.0	0.0	0.0	0.0	0.0	0.0	0.0	0.0	0.0	0.0	0.0	0.0	25.0	0.0	0.0	0.0	29.0	0.0	0.0	5.0	0.0	0.0	0.0	3.0	0.0	0.0	0.0	0.0	0.0	0.0	0.0	0.0	0.0	0.0	0.0	0.0	0.0	0.0	0.0	0.0	0.0	2.0	0.0	0.0	25.0	70.0	0.0	0.0	0.0	0.0	0.0	0.0	0.0	0.0	0.0	0.0	3.0	0.0	0.0	0.0	0.0	0.0	0.0	0.0	20.0	4.0	46.0	0.0	0.0	0.0	0.0	0.0	0.0	0.0	0.0	0.0	0.0	0.0	0.0	0.0	0.0	20.0	0.0	0.0	0.0	0.0	0.0	0.0	0.0	0.0	0.0	0.0	0.0	0.0	0.0	0.0	0.0	41.0	0.0	0.0	0.0	0.0	0.0	0.0	0.0	79.0	0.0	0.0	0.0	0.0	0.0	0.0	0.0	12.0	0.0	0.0	13.0	0.0	0.0	0.0	0.0	0.0	0.0	0.0	0.0	0.0	123.0	0.0	0.0	0.0	0.0	0.0	0.0	0.0	0.0	0.0	0.0	0.0	0.0	0.0	0.0	0.0	0.0	0.0	0.0	0.0	31.0	0.0	0.0	0.0	0.0	0.0	0.0	0.0	0.0	0.0	0.0	0.0	0.0	0.0	0.0	0.0	0.0	0.0	5.0	0.0	0.0	0.0	0.0	0.0	43.0	0.0	0.0	0.0	0.0	0.0	46.0	0.0	18.0	0.0	0.0	0.0	0.0	0.0	0.0	0.0	0.0	0.0	0.0	0.0	0.0	0.0	0.0	0.0	0.0	0.0	0.0	0.0	0.0	19.0	0.0	0.0	0.0	0.0	0.0	0.0	0.0	0.0	0.0	0.0	0.0	0.0	0.0	0.0	0.0	0.0	0.0	0.0	0.0	0.0	53.0	5.0	0.0	0.0	0.0	0.0	0.0	0.0	0.0	0.0	2.0	0.0	20.0	0.0	0.0	0.0	0.0	0.0	0.0	0.0	30.0	0.0	11.0	0.0	0.0	0.0	0.0	0.0	0.0	0.0	0.0	101.0	0.0	0.0	0.0	0.0	0.0	0.0	0.0	0.0	0.0	0.0	0.0	9.0	0.0	0.0	0.0	0.0	0.0	0.0	0.0	0.0	0.0	0.0	0.0	0.0	0.0	0.0	0.0	0.0	0.0	0.0	0.0	0.0	0.0	0.0	64.0	0.0	0.0	0.0	0.0	40.0	7.0	0.0	0.0	0.0	0.0	0.0	0.0	0.0	0.0	3.0	0.0	0.0	0.0	0.0	0.0	0.0	40.0	0.0	0.0	0.0	0.0	0.0	0.0	0.0	0.0	0.0	0.0	0.0	0.0	0.0	0.0	0.0	0.0	0.0	0.0	0.0	0.0	0.0	0.0	18.0	0.0	0.0	0.0	30.0	0.0	0.0	0.0	0.0	0.0	39.0	0.0	0.0	5.0	0.0	0.0	0.0	0.0	0.0	0.0	0.0	19.0	0.0	0.0	0.0	0.0	79.0	0.0	0.0	0.0	0.0	0.0	6.0	0.0	0.0	0.0	0.0	16.0	0.0	0.0	35.0	11.0	0.0	0.0	0.0	0.0	0.0	0.0	0.0	0.0	0.0	0.0	0.0	0.0	0.0	0.0	0.0	0.0	0.0	0.0	0.0	0.0	0.0	0.0	0.0	0.0	0.0	0.0	0.0	0.0	96.0	0.0	0.0	12.0	0.0	0.0	0.0	0.0
s__UBA3402 sp003478355 (1)	0.0	0.0	0.0	4.0	2.0	0.0	0.0	0.0	0.0	0.0	0.0	0.0	0.0	0.0	0.0	0.0	2.0	0.0	0.0	0.0	0.0	18.0	0.0	0.0	0.0	1.0	0.0	0.0	3.0	0.0	0.0	0.0	13.0	0.0	0.0	0.0	36.0	0.0	1.0	0.0	0.0	0.0	0.0	0.0	0.0	0.0	0.0	0.0	0.0	0.0	0.0	29.0	0.0	0.0	0.0	0.0	0.0	0.0	0.0	0.0	0.0	0.0	0.0	0.0	0.0	0.0	0.0	0.0	0.0	5.0	0.0	0.0	0.0	0.0	0.0	0.0	0.0	0.0	0.0	0.0	0.0	0.0	0.0	0.0	0.0	0.0	0.0	0.0	0.0	0.0	0.0	0.0	0.0	0.0	0.0	0.0	0.0	0.0	0.0	0.0	0.0	0.0	0.0	5.0	0.0	0.0	0.0	0.0	0.0	2.0	0.0	0.0	0.0	0.0	8.0	10.0	0.0	5.0	0.0	0.0	5.0	0.0	0.0	0.0	0.0	0.0	0.0	0.0	3.0	0.0	23.0	5.0	0.0	0.0	0.0	3.0	0.0	0.0	0.0	0.0	0.0	0.0	0.0	0.0	0.0	0.0	0.0	0.0	0.0	0.0	0.0	0.0	16.0	0.0	0.0	7.0	6.0	0.0	0.0	0.0	0.0	0.0	0.0	0.0	0.0	0.0	0.0	0.0	0.0	0.0	4.0	11.0	2.0	0.0	8.0	0.0	0.0	4.0	7.0	13.0	5.0	0.0	0.0	0.0	0.0	0.0	5.0	0.0	0.0	0.0	3.0	0.0	0.0	0.0	0.0	13.0	0.0	0.0	0.0	0.0	0.0	0.0	1.0	0.0	0.0	0.0	0.0	0.0	23.0	0.0	0.0	0.0	0.0	0.0	0.0	6.0	0.0	0.0	0.0	0.0	0.0	0.0	0.0	0.0	0.0	0.0	0.0	0.0	0.0	0.0	0.0	0.0	0.0	0.0	7.0	0.0	0.0	0.0	0.0	0.0	0.0	0.0	7.0	0.0	20.0	0.0	0.0	0.0	0.0	0.0	0.0	0.0	0.0	0.0	0.0	0.0	0.0	3.0	0.0	0.0	0.0	0.0	0.0	0.0	0.0	0.0	0.0	0.0	0.0	0.0	8.0	0.0	0.0	9.0	0.0	0.0	0.0	0.0	0.0	0.0	0.0	0.0	0.0	0.0	0.0	0.0	0.0	0.0	0.0	21.0	54.0	0.0	0.0	0.0	0.0	6.0	0.0	0.0	0.0	0.0	0.0	0.0	0.0	0.0	7.0	0.0	5.0	0.0	0.0	0.0	0.0	0.0	0.0	0.0	0.0	0.0	9.0	0.0	0.0	0.0	0.0	5.0	0.0	0.0	0.0	0.0	0.0	0.0	0.0	0.0	0.0	0.0	9.0	0.0	10.0	0.0	0.0	0.0	0.0	0.0	5.0	0.0	4.0	0.0	0.0	0.0	0.0	0.0	18.0	0.0	0.0	0.0	0.0	0.0	0.0	0.0	0.0	0.0	0.0	0.0	9.0	0.0	8.0	7.0	0.0	0.0	0.0	0.0	0.0	0.0	0.0	0.0	0.0	0.0	0.0	0.0	0.0	0.0	3.0	0.0	0.0	0.0	17.0	0.0	0.0	0.0	0.0	0.0	0.0	0.0	0.0	0.0	0.0	0.0	11.0	3.0	4.0	0.0	0.0	0.0	13.0	0.0	0.0	6.0	0.0	9.0	0.0	18.0	0.0	15.0	0.0	0.0	0.0	0.0	0.0	13.0	0.0	0.0	15.0	0.0	0.0	15.0	0.0	0.0	0.0	0.0	0.0	4.0	0.0	8.0	0.0	26.0	0.0	0.0	0.0	0.0	0.0	0.0	0.0	0.0	0.0	0.0	0.0	0.0	0.0	17.0	0.0	0.0	0.0	0.0	0.0	0.0	0.0	0.0	0.0	0.0	0.0	0.0	0.0	7.0	0.0	0.0	0.0	0.0	0.0	0.0	0.0	0.0	0.0	0.0	0.0	0.0	0.0	0.0	1.0	3.0	0.0	0.0	0.0	0.0	10.0	0.0	0.0
s__Otoolea saccharolyticum_A (1)	0.0	0.0	0.0	1.0	0.0	0.0	0.0	0.0	0.0	0.0	0.0	0.0	0.0	0.0	0.0	0.0	8.0	0.0	0.0	0.0	13.0	0.0	0.0	0.0	0.0	0.0	0.0	0.0	0.0	0.0	0.0	0.0	0.0	0.0	0.0	0.0	0.0	0.0	0.0	0.0	0.0	14.0	0.0	0.0	0.0	0.0	0.0	0.0	0.0	0.0	39.0	0.0	37.0	0.0	14.0	0.0	10.0	0.0	0.0	0.0	0.0	0.0	1.0	0.0	0.0	10.0	4.0	0.0	0.0	2.0	0.0	0.0	0.0	0.0	1.0	0.0	13.0	0.0	0.0	0.0	0.0	0.0	0.0	0.0	0.0	0.0	11.0	0.0	0.0	0.0	0.0	0.0	0.0	0.0	0.0	0.0	0.0	0.0	0.0	0.0	0.0	0.0	9.0	0.0	0.0	0.0	0.0	0.0	0.0	0.0	0.0	0.0	0.0	0.0	0.0	0.0	0.0	0.0	0.0	0.0	0.0	0.0	0.0	0.0	0.0	6.0	0.0	9.0	0.0	0.0	0.0	0.0	0.0	0.0	7.0	0.0	0.0	0.0	0.0	0.0	0.0	0.0	0.0	0.0	0.0	0.0	0.0	0.0	0.0	0.0	0.0	0.0	0.0	0.0	0.0	0.0	0.0	0.0	0.0	0.0	0.0	0.0	0.0	0.0	3.0	0.0	0.0	0.0	0.0	0.0	0.0	0.0	0.0	43.0	0.0	0.0	0.0	0.0	0.0	0.0	0.0	0.0	0.0	18.0	0.0	0.0	0.0	0.0	0.0	21.0	0.0	0.0	0.0	0.0	7.0	12.0	0.0	0.0	0.0	0.0	0.0	21.0	0.0	0.0	0.0	0.0	0.0	0.0	0.0	0.0	0.0	0.0	0.0	5.0	0.0	0.0	0.0	0.0	0.0	2.0	0.0	0.0	0.0	0.0	0.0	0.0	0.0	0.0	0.0	0.0	0.0	3.0	0.0	0.0	0.0	0.0	0.0	0.0	0.0	0.0	0.0	0.0	0.0	0.0	0.0	0.0	0.0	0.0	0.0	0.0	0.0	0.0	0.0	0.0	0.0	0.0	0.0	0.0	0.0	0.0	0.0	0.0	0.0	0.0	0.0	0.0	0.0	0.0	9.0	0.0	0.0	12.0	0.0	0.0	25.0	0.0	0.0	13.0	0.0	71.0	0.0	0.0	6.0	0.0	0.0	0.0	0.0	0.0	0.0	0.0	0.0	0.0	0.0	0.0	0.0	0.0	4.0	6.0	0.0	0.0	0.0	0.0	0.0	59.0	0.0	0.0	0.0	0.0	0.0	0.0	0.0	0.0	0.0	0.0	0.0	0.0	0.0	0.0	0.0	0.0	0.0	0.0	18.0	8.0	0.0	0.0	0.0	0.0	0.0	0.0	0.0	0.0	0.0	0.0	0.0	234.0	0.0	0.0	0.0	0.0	0.0	4.0	0.0	0.0	0.0	0.0	0.0	0.0	0.0	0.0	0.0	0.0	0.0	6.0	0.0	1.0	0.0	5.0	0.0	0.0	0.0	0.0	0.0	0.0	17.0	0.0	0.0	0.0	0.0	0.0	0.0	0.0	0.0	15.0	0.0	0.0	0.0	12.0	0.0	0.0	0.0	0.0	0.0	0.0	0.0	0.0	0.0	0.0	0.0	0.0	0.0	0.0	0.0	0.0	0.0	0.0	0.0	0.0	0.0	0.0	0.0	0.0	27.0	1.0	0.0	0.0	0.0	0.0	0.0	0.0	6.0	0.0	0.0	0.0	0.0	0.0	0.0	0.0	0.0	0.0	0.0	0.0	1.0	0.0	0.0	0.0	4.0	0.0	0.0	0.0	0.0	0.0	0.0	7.0	0.0	315.0	0.0	0.0	0.0	0.0	26.0	0.0	0.0	0.0	0.0	0.0	0.0	0.0	36.0	0.0	0.0	0.0	0.0	0.0	0.0	0.0	4.0	26.0	0.0	0.0	6.0	6.0	14.0	0.0	0.0	0.0	0.0	0.0	0.0	0.0	0.0	7.0	11.0	0.0	0.0	0.0	0.0	0.0	0.0	0.0	0.0	7.0	0.0
g__Brotaphodocola (1)	0.0	0.0	0.0	5.0	17.0	0.0	0.0	0.0	8.0	5.0	0.0	3.0	0.0	0.0	0.0	0.0	7.0	6.0	0.0	3.0	0.0	51.0	0.0	0.0	0.0	0.0	33.0	21.0	5.0	0.0	0.0	0.0	32.0	0.0	0.0	0.0	17.0	0.0	3.0	0.0	0.0	0.0	0.0	0.0	0.0	0.0	0.0	0.0	61.0	0.0	14.0	8.0	0.0	0.0	0.0	0.0	0.0	2.0	0.0	0.0	0.0	5.0	0.0	0.0	0.0	0.0	14.0	0.0	14.0	11.0	0.0	0.0	0.0	14.0	7.0	4.0	6.0	0.0	19.0	0.0	0.0	9.0	0.0	0.0	0.0	0.0	0.0	0.0	11.0	52.0	0.0	0.0	32.0	0.0	0.0	0.0	0.0	2.0	0.0	0.0	0.0	0.0	16.0	0.0	0.0	20.0	7.0	38.0	0.0	14.0	0.0	0.0	0.0	0.0	0.0	5.0	0.0	0.0	3.0	3.0	0.0	0.0	0.0	10.0	6.0	113.0	0.0	13.0	3.0	16.0	18.0	27.0	0.0	0.0	14.0	9.0	0.0	65.0	26.0	0.0	0.0	0.0	0.0	0.0	0.0	0.0	20.0	1.0	0.0	0.0	0.0	0.0	0.0	0.0	0.0	16.0	0.0	0.0	0.0	6.0	7.0	0.0	6.0	0.0	0.0	34.0	0.0	0.0	12.0	0.0	8.0	18.0	11.0	0.0	0.0	0.0	0.0	0.0	28.0	29.0	0.0	40.0	48.0	0.0	5.0	25.0	17.0	0.0	0.0	0.0	4.0	0.0	0.0	0.0	0.0	2.0	0.0	0.0	0.0	0.0	34.0	0.0	3.0	0.0	0.0	1.0	4.0	1.0	8.0	26.0	0.0	19.0	0.0	20.0	0.0	0.0	0.0	0.0	0.0	31.0	0.0	29.0	16.0	0.0	0.0	0.0	3.0	16.0	0.0	0.0	0.0	9.0	0.0	16.0	28.0	0.0	0.0	103.0	0.0	0.0	0.0	2.0	21.0	7.0	23.0	13.0	0.0	5.0	8.0	0.0	31.0	0.0	4.0	0.0	0.0	20.0	0.0	12.0	0.0	28.0	0.0	0.0	0.0	1.0	0.0	0.0	0.0	0.0	11.0	0.0	8.0	0.0	0.0	7.0	25.0	9.0	0.0	0.0	13.0	38.0	0.0	0.0	9.0	0.0	0.0	0.0	0.0	0.0	0.0	7.0	15.0	27.0	0.0	3.0	11.0	0.0	0.0	0.0	0.0	0.0	0.0	9.0	0.0	0.0	11.0	25.0	8.0	0.0	0.0	27.0	0.0	14.0	15.0	0.0	15.0	0.0	15.0	4.0	0.0	0.0	0.0	7.0	0.0	11.0	31.0	0.0	26.0	0.0	0.0	15.0	0.0	0.0	4.0	61.0	11.0	0.0	0.0	8.0	0.0	0.0	7.0	17.0	12.0	12.0	0.0	0.0	0.0	0.0	23.0	0.0	0.0	0.0	8.0	0.0	0.0	0.0	0.0	4.0	12.0	5.0	25.0	3.0	3.0	0.0	0.0	0.0	28.0	0.0	0.0	0.0	23.0	0.0	12.0	19.0	0.0	2.0	0.0	17.0	13.0	105.0	12.0	0.0	43.0	0.0	10.0	0.0	0.0	0.0	0.0	22.0	16.0	0.0	0.0	7.0	22.0	4.0	0.0	0.0	0.0	0.0	17.0	0.0	0.0	14.0	0.0	12.0	0.0	4.0	14.0	15.0	0.0	0.0	0.0	0.0	0.0	12.0	0.0	0.0	35.0	0.0	0.0	21.0	0.0	0.0	34.0	0.0	0.0	9.0	0.0	6.0	0.0	9.0	0.0	4.0	39.0	0.0	7.0	0.0	0.0	0.0	0.0	0.0	0.0	0.0	1.0	19.0	0.0	0.0	0.0	0.0	0.0	0.0	0.0	0.0	0.0	0.0	0.0	0.0	0.0	21.0	1.0	39.0	0.0	25.0	0.0	0.0	0.0	0.0	0.0	0.0	0.0	0.0	29.0	3.0	8.0	25.0	0.0	0.0	10.0	0.0	9.0	5.0	0.0
s__Choladousia sp902363665 (1)	0.0	0.0	0.0	0.0	9.0	0.0	0.0	4.0	0.0	0.0	0.0	0.0	0.0	0.0	0.0	0.0	0.0	4.0	0.0	0.0	0.0	10.0	0.0	0.0	0.0	0.0	0.0	0.0	0.0	0.0	0.0	0.0	6.0	0.0	0.0	0.0	0.0	0.0	0.0	0.0	0.0	0.0	0.0	0.0	0.0	0.0	0.0	0.0	0.0	0.0	0.0	0.0	0.0	0.0	0.0	0.0	0.0	16.0	4.0	0.0	0.0	0.0	0.0	0.0	0.0	0.0	0.0	0.0	0.0	4.0	0.0	0.0	0.0	10.0	0.0	2.0	0.0	0.0	0.0	0.0	0.0	0.0	0.0	0.0	0.0	0.0	0.0	0.0	12.0	0.0	0.0	0.0	0.0	0.0	0.0	0.0	0.0	3.0	0.0	0.0	0.0	0.0	0.0	0.0	0.0	0.0	6.0	0.0	0.0	0.0	0.0	0.0	0.0	0.0	7.0	6.0	0.0	14.0	8.0	0.0	0.0	0.0	0.0	0.0	0.0	0.0	0.0	16.0	10.0	0.0	10.0	0.0	0.0	0.0	0.0	6.0	0.0	0.0	0.0	6.0	0.0	0.0	0.0	0.0	0.0	0.0	0.0	6.0	1.0	0.0	0.0	0.0	0.0	0.0	0.0	0.0	16.0	0.0	0.0	0.0	19.0	0.0	13.0	0.0	0.0	0.0	0.0	7.0	5.0	0.0	0.0	9.0	0.0	0.0	0.0	0.0	0.0	1.0	0.0	7.0	0.0	7.0	0.0	0.0	0.0	0.0	14.0	0.0	0.0	0.0	2.0	0.0	0.0	0.0	0.0	0.0	0.0	20.0	0.0	0.0	11.0	0.0	10.0	0.0	0.0	0.0	0.0	0.0	0.0	0.0	0.0	0.0	0.0	8.0	0.0	0.0	4.0	0.0	0.0	0.0	4.0	0.0	0.0	0.0	0.0	0.0	0.0	0.0	0.0	0.0	0.0	0.0	0.0	10.0	0.0	0.0	10.0	0.0	7.0	0.0	10.0	0.0	0.0	8.0	0.0	0.0	0.0	0.0	4.0	0.0	0.0	0.0	3.0	0.0	0.0	0.0	0.0	0.0	0.0	0.0	0.0	0.0	0.0	0.0	3.0	4.0	0.0	0.0	0.0	0.0	0.0	0.0	0.0	11.0	0.0	0.0	0.0	0.0	10.0	0.0	0.0	0.0	0.0	0.0	0.0	0.0	0.0	0.0	0.0	0.0	0.0	0.0	0.0	0.0	6.0	10.0	0.0	0.0	0.0	0.0	0.0	0.0	0.0	0.0	5.0	3.0	15.0	0.0	0.0	0.0	0.0	0.0	0.0	0.0	15.0	0.0	8.0	0.0	0.0	0.0	0.0	0.0	0.0	0.0	0.0	0.0	0.0	0.0	0.0	0.0	0.0	0.0	0.0	2.0	3.0	0.0	0.0	3.0	0.0	0.0	0.0	0.0	0.0	0.0	0.0	0.0	0.0	0.0	0.0	0.0	0.0	0.0	0.0	0.0	0.0	0.0	0.0	0.0	0.0	0.0	8.0	0.0	2.0	0.0	0.0	0.0	8.0	0.0	0.0	0.0	0.0	0.0	0.0	0.0	0.0	0.0	0.0	6.0	3.0	0.0	0.0	0.0	22.0	0.0	0.0	10.0	0.0	31.0	0.0	0.0	0.0	0.0	0.0	0.0	0.0	19.0	0.0	0.0	0.0	0.0	0.0	0.0	0.0	5.0	0.0	0.0	0.0	5.0	4.0	0.0	0.0	0.0	0.0	0.0	0.0	1.0	0.0	0.0	9.0	0.0	0.0	0.0	0.0	0.0	0.0	0.0	4.0	0.0	0.0	6.0	0.0	0.0	0.0	0.0	0.0	0.0	0.0	0.0	0.0	0.0	0.0	0.0	0.0	0.0	6.0	0.0	0.0	7.0	0.0	0.0	0.0	0.0	0.0	0.0	0.0	0.0	0.0	0.0	0.0	0.0	0.0	27.0	0.0	0.0	0.0	0.0	0.0	0.0	0.0	0.0	0.0	0.0	0.0	0.0	0.0	2.0	0.0	0.0	0.0	0.0	8.0	4.0	0.0
s__Anaerobutyricum soehngenii (1)	0.0	0.0	0.0	13.0	51.0	0.0	149.0	34.0	0.0	152.0	48.0	18.0	30.0	67.0	0.0	0.0	29.0	0.0	0.0	12.0	52.0	14.0	0.0	39.0	0.0	40.0	40.0	20.0	21.0	0.0	0.0	0.0	0.0	0.0	0.0	0.0	38.0	0.0	10.0	38.0	0.0	0.0	0.0	0.0	52.0	0.0	57.0	17.0	65.0	26.0	4.0	0.0	0.0	120.0	142.0	0.0	21.0	41.0	19.0	0.0	201.0	0.0	114.0	617.0	82.0	14.0	23.0	0.0	0.0	106.0	28.0	0.0	53.0	48.0	0.0	0.0	140.0	0.0	32.0	0.0	1.0	0.0	0.0	0.0	26.0	0.0	14.0	0.0	14.0	36.0	0.0	0.0	27.0	0.0	9.0	0.0	0.0	70.0	0.0	54.0	0.0	0.0	11.0	106.0	0.0	28.0	14.0	77.0	71.0	28.0	0.0	0.0	13.0	0.0	39.0	0.0	0.0	61.0	48.0	93.0	3.0	0.0	48.0	0.0	0.0	69.0	0.0	17.0	119.0	0.0	25.0	6.0	1.0	87.0	16.0	58.0	0.0	28.0	35.0	71.0	0.0	14.0	0.0	11.0	0.0	0.0	20.0	0.0	52.0	0.0	23.0	0.0	41.0	0.0	0.0	0.0	34.0	0.0	0.0	28.0	10.0	0.0	42.0	3.0	0.0	0.0	71.0	28.0	21.0	0.0	50.0	84.0	25.0	69.0	303.0	48.0	0.0	19.0	50.0	0.0	0.0	19.0	44.0	53.0	101.0	0.0	48.0	112.0	77.0	61.0	21.0	0.0	0.0	45.0	225.0	0.0	9.0	0.0	87.0	0.0	152.0	34.0	108.0	138.0	0.0	0.0	135.0	60.0	0.0	0.0	0.0	0.0	0.0	33.0	0.0	80.0	19.0	0.0	17.0	8.0	13.0	27.0	19.0	0.0	0.0	0.0	0.0	74.0	0.0	0.0	50.0	19.0	0.0	18.0	59.0	0.0	57.0	11.0	47.0	0.0	83.0	31.0	32.0	0.0	59.0	0.0	0.0	0.0	0.0	0.0	180.0	0.0	31.0	0.0	0.0	25.0	1.0	29.0	72.0	6.0	0.0	46.0	0.0	51.0	8.0	50.0	140.0	0.0	8.0	0.0	87.0	256.0	0.0	60.0	31.0	43.0	2.0	48.0	43.0	28.0	0.0	50.0	0.0	0.0	0.0	0.0	0.0	0.0	0.0	94.0	0.0	34.0	0.0	8.0	48.0	40.0	48.0	147.0	0.0	218.0	0.0	0.0	16.0	23.0	24.0	31.0	115.0	0.0	24.0	14.0	13.0	55.0	57.0	0.0	81.0	0.0	15.0	1.0	0.0	0.0	0.0	81.0	0.0	30.0	60.0	0.0	0.0	120.0	0.0	0.0	0.0	0.0	0.0	0.0	9.0	0.0	1.0	79.0	2.0	106.0	46.0	14.0	93.0	25.0	26.0	0.0	0.0	26.0	45.0	0.0	0.0	140.0	0.0	4.0	0.0	62.0	0.0	115.0	58.0	18.0	16.0	0.0	0.0	66.0	73.0	12.0	0.0	2.0	0.0	19.0	37.0	0.0	16.0	63.0	29.0	138.0	0.0	30.0	37.0	0.0	0.0	0.0	0.0	0.0	0.0	116.0	15.0	16.0	12.0	57.0	60.0	0.0	0.0	38.0	62.0	0.0	62.0	0.0	0.0	21.0	52.0	16.0	0.0	17.0	21.0	66.0	0.0	58.0	96.0	0.0	0.0	101.0	88.0	0.0	0.0	16.0	31.0	61.0	13.0	65.0	52.0	26.0	0.0	111.0	41.0	62.0	103.0	13.0	0.0	18.0	0.0	53.0	0.0	269.0	48.0	0.0	47.0	0.0	0.0	0.0	0.0	28.0	81.0	0.0	25.0	33.0	40.0	26.0	166.0	0.0	0.0	0.0	0.0	0.0	0.0	43.0	38.0	0.0	0.0	0.0	148.0	70.0	31.0	172.0	10.0	100.0	0.0	0.0	0.0	31.0	0.0	27.0	61.0	23.0	106.0	19.0	0.0	0.0	57.0	0.0	27.0	76.0	0.0
s__Anaerobutyricum soehngenii (2)	0.0	0.0	0.0	10.0	6.0	0.0	35.0	13.0	0.0	0.0	0.0	20.0	0.0	0.0	0.0	0.0	0.0	38.0	0.0	4.0	0.0	0.0	0.0	0.0	0.0	32.0	0.0	35.0	6.0	0.0	0.0	0.0	25.0	0.0	0.0	0.0	9.0	0.0	10.0	58.0	0.0	0.0	0.0	0.0	0.0	0.0	0.0	52.0	26.0	38.0	0.0	0.0	0.0	0.0	0.0	0.0	0.0	34.0	27.0	0.0	0.0	4.0	0.0	94.0	0.0	62.0	0.0	0.0	20.0	0.0	0.0	0.0	13.0	13.0	0.0	8.0	0.0	0.0	0.0	0.0	0.0	0.0	0.0	0.0	0.0	0.0	0.0	0.0	0.0	0.0	29.0	0.0	30.0	0.0	3.0	0.0	0.0	32.0	0.0	0.0	0.0	0.0	0.0	63.0	0.0	12.0	0.0	101.0	0.0	19.0	0.0	0.0	42.0	0.0	42.0	23.0	0.0	61.0	0.0	18.0	0.0	0.0	16.0	0.0	10.0	0.0	0.0	0.0	11.0	0.0	17.0	3.0	0.0	0.0	24.0	50.0	0.0	0.0	0.0	0.0	0.0	17.0	0.0	0.0	0.0	0.0	0.0	0.0	20.0	0.0	26.0	0.0	60.0	0.0	0.0	0.0	90.0	0.0	0.0	0.0	7.0	0.0	24.0	0.0	0.0	0.0	29.0	0.0	22.0	0.0	0.0	0.0	13.0	0.0	0.0	0.0	0.0	7.0	0.0	25.0	9.0	0.0	16.0	28.0	0.0	1.0	4.0	32.0	0.0	0.0	21.0	0.0	0.0	0.0	0.0	10.0	0.0	0.0	0.0	0.0	21.0	63.0	11.0	39.0	0.0	0.0	0.0	15.0	19.0	0.0	0.0	0.0	0.0	20.0	0.0	90.0	7.0	0.0	0.0	65.0	36.0	0.0	15.0	0.0	0.0	0.0	0.0	0.0	0.0	0.0	0.0	0.0	0.0	0.0	77.0	0.0	48.0	32.0	32.0	0.0	55.0	42.0	12.0	33.0	34.0	0.0	0.0	0.0	0.0	0.0	50.0	0.0	0.0	0.0	24.0	0.0	0.0	0.0	0.0	0.0	0.0	27.0	0.0	28.0	12.0	0.0	0.0	0.0	2.0	0.0	0.0	0.0	0.0	59.0	0.0	17.0	0.0	127.0	17.0	34.0	0.0	13.0	0.0	0.0	0.0	0.0	0.0	0.0	0.0	5.0	0.0	15.0	0.0	0.0	22.0	18.0	0.0	0.0	0.0	0.0	0.0	0.0	54.0	20.0	0.0	22.0	37.0	0.0	15.0	13.0	0.0	0.0	0.0	0.0	0.0	0.0	8.0	0.0	0.0	0.0	0.0	0.0	0.0	0.0	16.0	0.0	0.0	0.0	0.0	0.0	0.0	0.0	21.0	0.0	0.0	0.0	0.0	20.0	0.0	0.0	10.0	42.0	71.0	118.0	36.0	0.0	0.0	0.0	27.0	0.0	0.0	49.0	68.0	1.0	0.0	0.0	0.0	0.0	20.0	0.0	43.0	0.0	1.0	29.0	0.0	10.0	7.0	0.0	0.0	21.0	0.0	0.0	8.0	28.0	22.0	0.0	0.0	0.0	19.0	0.0	0.0	0.0	0.0	0.0	0.0	0.0	0.0	10.0	0.0	0.0	9.0	0.0	0.0	0.0	0.0	0.0	0.0	0.0	176.0	0.0	34.0	0.0	3.0	40.0	8.0	16.0	0.0	50.0	14.0	23.0	2.0	0.0	255.0	0.0	0.0	17.0	0.0	8.0	10.0	0.0	0.0	0.0	0.0	0.0	0.0	183.0	15.0	15.0	9.0	22.0	0.0	0.0	0.0	115.0	0.0	0.0	0.0	0.0	0.0	0.0	0.0	0.0	0.0	0.0	36.0	64.0	33.0	16.0	62.0	0.0	0.0	0.0	0.0	0.0	0.0	0.0	5.0	0.0	0.0	0.0	0.0	0.0	0.0	0.0	10.0	43.0	0.0	0.0	0.0	0.0	0.0	81.0	0.0	0.0	0.0	0.0	0.0	0.0	0.0	0.0	50.0	10.0	0.0
s__Anaerobutyricum hallii (2)	0.0	0.0	0.0	6.0	0.0	0.0	0.0	18.0	0.0	0.0	117.0	12.0	0.0	0.0	0.0	0.0	0.0	6.0	0.0	0.0	0.0	0.0	0.0	0.0	0.0	54.0	0.0	0.0	0.0	0.0	0.0	0.0	0.0	0.0	0.0	0.0	0.0	0.0	0.0	78.0	0.0	0.0	0.0	0.0	0.0	0.0	0.0	47.0	0.0	0.0	0.0	0.0	0.0	0.0	0.0	0.0	0.0	33.0	18.0	0.0	0.0	0.0	0.0	0.0	0.0	31.0	0.0	0.0	49.0	0.0	0.0	0.0	49.0	0.0	0.0	0.0	0.0	0.0	0.0	0.0	0.0	0.0	0.0	0.0	0.0	0.0	19.0	0.0	0.0	0.0	0.0	0.0	14.0	0.0	13.0	0.0	0.0	0.0	0.0	0.0	0.0	0.0	0.0	72.0	0.0	14.0	0.0	54.0	0.0	14.0	0.0	0.0	9.0	0.0	53.0	0.0	0.0	0.0	19.0	79.0	0.0	0.0	0.0	0.0	0.0	84.0	0.0	0.0	7.0	0.0	27.0	0.0	0.0	0.0	18.0	13.0	0.0	0.0	60.0	0.0	0.0	24.0	0.0	0.0	0.0	0.0	0.0	0.0	19.0	0.0	0.0	0.0	43.0	0.0	0.0	0.0	0.0	0.0	0.0	0.0	0.0	0.0	0.0	0.0	0.0	0.0	37.0	0.0	37.0	0.0	0.0	0.0	0.0	0.0	0.0	0.0	0.0	0.0	0.0	15.0	0.0	0.0	0.0	26.0	0.0	33.0	0.0	0.0	0.0	0.0	8.0	0.0	0.0	0.0	0.0	0.0	0.0	0.0	0.0	0.0	65.0	22.0	8.0	18.0	0.0	0.0	0.0	33.0	0.0	0.0	0.0	0.0	0.0	33.0	0.0	89.0	7.0	0.0	0.0	0.0	0.0	0.0	0.0	0.0	3.0	0.0	0.0	0.0	0.0	0.0	0.0	0.0	0.0	0.0	36.0	0.0	22.0	18.0	42.0	0.0	56.0	36.0	0.0	0.0	23.0	0.0	0.0	0.0	0.0	0.0	0.0	0.0	0.0	0.0	0.0	0.0	0.0	0.0	0.0	0.0	0.0	33.0	0.0	0.0	21.0	20.0	0.0	0.0	0.0	0.0	0.0	0.0	0.0	25.0	0.0	10.0	0.0	29.0	20.0	0.0	0.0	43.0	0.0	0.0	0.0	0.0	0.0	0.0	0.0	12.0	0.0	15.0	0.0	0.0	18.0	28.0	0.0	0.0	0.0	0.0	0.0	0.0	33.0	29.0	0.0	0.0	57.0	0.0	0.0	0.0	0.0	0.0	0.0	0.0	0.0	0.0	0.0	0.0	0.0	0.0	0.0	0.0	0.0	0.0	20.0	0.0	0.0	0.0	0.0	0.0	0.0	0.0	0.0	0.0	0.0	0.0	0.0	0.0	0.0	0.0	7.0	10.0	62.0	0.0	22.0	0.0	0.0	0.0	57.0	0.0	0.0	35.0	10.0	0.0	0.0	0.0	0.0	0.0	40.0	0.0	14.0	0.0	0.0	44.0	0.0	0.0	0.0	0.0	92.0	24.0	0.0	0.0	24.0	23.0	0.0	0.0	0.0	0.0	5.0	0.0	0.0	0.0	0.0	0.0	0.0	0.0	0.0	0.0	0.0	0.0	0.0	0.0	0.0	0.0	0.0	0.0	0.0	0.0	0.0	0.0	63.0	0.0	0.0	17.0	0.0	0.0	0.0	36.0	0.0	0.0	0.0	0.0	123.0	0.0	0.0	0.0	0.0	0.0	0.0	0.0	0.0	0.0	0.0	0.0	70.0	48.0	0.0	10.0	0.0	0.0	0.0	5.0	0.0	73.0	0.0	0.0	0.0	0.0	0.0	0.0	0.0	0.0	12.0	0.0	0.0	35.0	0.0	0.0	79.0	0.0	0.0	0.0	0.0	0.0	0.0	80.0	0.0	0.0	0.0	0.0	0.0	0.0	0.0	0.0	11.0	0.0	0.0	0.0	0.0	0.0	0.0	37.0	0.0	0.0	0.0	0.0	0.0	0.0	20.0	0.0	0.0	0.0	0.0
s__Anaerobutyricum hallii (1)	0.0	0.0	2.0	126.0	130.0	67.0	54.0	9.0	0.0	387.0	0.0	0.0	25.0	117.0	1.0	0.0	96.0	0.0	0.0	70.0	165.0	109.0	0.0	158.0	0.0	0.0	84.0	52.0	27.0	0.0	0.0	0.0	187.0	0.0	0.0	0.0	47.0	0.0	43.0	21.0	0.0	0.0	25.0	0.0	218.0	0.0	357.0	23.0	54.0	12.0	0.0	100.0	0.0	140.0	103.0	0.0	81.0	106.0	305.0	0.0	260.0	16.0	249.0	369.0	652.0	20.0	42.0	0.0	0.0	229.0	138.0	0.0	22.0	85.0	3.0	19.0	255.0	0.0	109.0	0.0	0.0	0.0	0.0	0.0	128.0	0.0	0.0	0.0	42.0	185.0	500.0	0.0	41.0	0.0	8.0	0.0	0.0	170.0	0.0	182.0	179.0	0.0	29.0	102.0	0.0	10.0	62.0	32.0	54.0	77.0	0.0	0.0	195.0	0.0	0.0	51.0	0.0	345.0	69.0	52.0	329.0	5.0	97.0	90.0	32.0	0.0	0.0	19.0	287.0	58.0	58.0	478.0	22.0	204.0	0.0	16.0	0.0	60.0	0.0	243.0	0.0	0.0	0.0	16.0	0.0	1.0	58.0	0.0	0.0	0.0	31.0	1.0	0.0	0.0	0.0	200.0	0.0	0.0	76.0	41.0	69.0	0.0	73.0	0.0	0.0	0.0	77.0	263.0	0.0	0.0	20.0	95.0	48.0	129.0	158.0	81.0	0.0	47.0	185.0	60.0	88.0	78.0	11.0	21.0	113.0	62.0	161.0	163.0	86.0	19.0	48.0	0.0	0.0	17.0	121.0	18.0	124.0	0.0	0.0	0.0	116.0	0.0	36.0	37.0	0.0	4.0	177.0	25.0	94.0	95.0	0.0	60.0	1.0	34.0	0.0	0.0	53.0	0.0	195.0	0.0	127.0	35.0	65.0	0.0	0.0	154.0	0.0	286.0	0.0	0.0	309.0	60.0	0.0	36.0	137.0	0.0	56.0	0.0	31.0	0.0	46.0	15.0	42.0	88.0	63.0	93.0	170.0	0.0	84.0	0.0	201.0	1.0	95.0	0.0	76.0	138.0	0.0	79.0	57.0	50.0	0.0	0.0	41.0	128.0	132.0	168.0	86.0	0.0	55.0	0.0	78.0	219.0	0.0	70.0	37.0	50.0	0.0	0.0	21.0	84.0	0.0	0.0	105.0	0.0	0.0	0.0	0.0	0.0	162.0	238.0	2.0	17.0	0.0	46.0	66.0	42.0	287.0	490.0	0.0	506.0	0.0	0.0	0.0	0.0	28.0	245.0	75.0	0.0	121.0	7.0	74.0	14.0	53.0	37.0	27.0	25.0	97.0	22.0	0.0	0.0	3.0	97.0	0.0	74.0	40.0	0.0	0.0	107.0	0.0	0.0	0.0	0.0	92.0	0.0	60.0	0.0	0.0	51.0	0.0	156.0	0.0	25.0	59.0	0.0	0.0	0.0	31.0	73.0	0.0	0.0	0.0	275.0	0.0	221.0	0.0	96.0	0.0	34.0	50.0	61.0	38.0	0.0	0.0	0.0	75.0	41.0	99.0	0.0	0.0	25.0	18.0	0.0	0.0	24.0	144.0	127.0	0.0	18.0	28.0	0.0	51.0	0.0	77.0	7.0	0.0	273.0	92.0	30.0	58.0	110.0	71.0	203.0	108.0	170.0	33.0	51.0	189.0	0.0	203.0	125.0	21.0	54.0	65.0	15.0	70.0	49.0	0.0	76.0	45.0	111.0	192.0	74.0	56.0	0.0	0.0	96.0	46.0	35.0	157.0	428.0	51.0	39.0	228.0	105.0	0.0	0.0	74.0	0.0	68.0	85.0	0.0	130.0	0.0	0.0	117.0	0.0	118.0	0.0	0.0	2.0	0.0	66.0	25.0	0.0	106.0	0.0	57.0	149.0	0.0	0.0	0.0	0.0	0.0	0.0	21.0	0.0	89.0	0.0	4.0	71.0	100.0	57.0	16.0	72.0	12.0	0.0	0.0	0.0	0.0	146.0	1.0	13.0	25.0	71.0	82.0	77.0	0.0	0.0	48.0	0.0	36.0	36.0	0.0
s__Anaerobutyricum hallii (3)	0.0	0.0	0.0	0.0	0.0	0.0	0.0	0.0	0.0	0.0	0.0	0.0	0.0	0.0	0.0	0.0	0.0	0.0	0.0	0.0	0.0	0.0	0.0	0.0	0.0	0.0	0.0	0.0	0.0	0.0	0.0	0.0	0.0	0.0	0.0	0.0	0.0	0.0	0.0	0.0	0.0	0.0	0.0	0.0	0.0	0.0	0.0	0.0	0.0	0.0	0.0	0.0	0.0	42.0	43.0	0.0	0.0	37.0	0.0	0.0	0.0	0.0	0.0	0.0	0.0	0.0	9.0	0.0	0.0	0.0	0.0	0.0	0.0	0.0	0.0	20.0	0.0	0.0	0.0	0.0	0.0	0.0	0.0	0.0	0.0	0.0	0.0	0.0	0.0	0.0	0.0	0.0	0.0	0.0	0.0	0.0	0.0	0.0	0.0	0.0	0.0	0.0	0.0	0.0	0.0	0.0	11.0	0.0	15.0	0.0	0.0	0.0	42.0	0.0	0.0	0.0	0.0	0.0	5.0	23.0	0.0	0.0	0.0	0.0	0.0	0.0	0.0	0.0	0.0	0.0	0.0	0.0	0.0	25.0	0.0	0.0	0.0	0.0	0.0	0.0	0.0	0.0	0.0	0.0	0.0	0.0	0.0	0.0	0.0	0.0	0.0	0.0	0.0	0.0	0.0	0.0	0.0	0.0	0.0	0.0	0.0	0.0	0.0	0.0	0.0	0.0	0.0	0.0	0.0	0.0	13.0	0.0	0.0	0.0	64.0	0.0	0.0	16.0	6.0	0.0	0.0	0.0	0.0	0.0	58.0	11.0	0.0	0.0	0.0	0.0	0.0	0.0	0.0	5.0	46.0	0.0	0.0	0.0	0.0	0.0	0.0	0.0	18.0	12.0	0.0	0.0	0.0	0.0	20.0	0.0	0.0	0.0	0.0	0.0	0.0	0.0	0.0	0.0	0.0	0.0	12.0	0.0	0.0	0.0	0.0	0.0	0.0	0.0	0.0	0.0	0.0	0.0	0.0	0.0	0.0	0.0	0.0	0.0	0.0	0.0	0.0	0.0	0.0	32.0	13.0	0.0	0.0	0.0	0.0	0.0	0.0	0.0	0.0	0.0	16.0	0.0	0.0	0.0	0.0	0.0	0.0	0.0	0.0	0.0	0.0	0.0	30.0	0.0	0.0	0.0	0.0	78.0	0.0	0.0	0.0	0.0	0.0	0.0	0.0	0.0	0.0	0.0	13.0	0.0	0.0	0.0	0.0	0.0	0.0	37.0	0.0	0.0	0.0	0.0	0.0	0.0	0.0	0.0	0.0	0.0	0.0	0.0	0.0	0.0	0.0	0.0	0.0	0.0	0.0	0.0	16.0	0.0	31.0	0.0	0.0	0.0	0.0	0.0	0.0	0.0	0.0	0.0	0.0	0.0	0.0	0.0	0.0	53.0	0.0	0.0	0.0	0.0	0.0	0.0	0.0	0.0	0.0	0.0	0.0	0.0	0.0	0.0	0.0	0.0	0.0	0.0	0.0	0.0	0.0	0.0	0.0	0.0	0.0	0.0	0.0	27.0	0.0	23.0	15.0	0.0	0.0	0.0	0.0	0.0	0.0	0.0	0.0	0.0	0.0	0.0	0.0	0.0	0.0	0.0	29.0	0.0	0.0	9.0	0.0	0.0	0.0	0.0	0.0	0.0	0.0	0.0	0.0	0.0	0.0	0.0	0.0	0.0	0.0	0.0	0.0	0.0	26.0	0.0	0.0	0.0	0.0	0.0	0.0	0.0	0.0	20.0	0.0	0.0	15.0	20.0	0.0	0.0	0.0	0.0	0.0	0.0	5.0	0.0	0.0	0.0	0.0	0.0	0.0	21.0	0.0	0.0	0.0	0.0	0.0	0.0	0.0	0.0	0.0	0.0	0.0	0.0	0.0	0.0	0.0	0.0	0.0	0.0	13.0	0.0	0.0	0.0	0.0	0.0	0.0	0.0	0.0	0.0	0.0	0.0	0.0	0.0	0.0	0.0	0.0	0.0	28.0	0.0	10.0	37.0	0.0	0.0	0.0	0.0	0.0	0.0	0.0	0.0	0.0	0.0	23.0	0.0	0.0	0.0	0.0	0.0	0.0	18.0	0.0
g__Sarcina (1)	0.0	6.0	0.0	0.0	0.0	4.0	0.0	6.0	6.0	0.0	0.0	0.0	0.0	3.0	0.0	0.0	0.0	0.0	0.0	0.0	0.0	0.0	0.0	0.0	0.0	0.0	0.0	0.0	36.0	0.0	0.0	0.0	0.0	0.0	0.0	0.0	0.0	0.0	0.0	0.0	0.0	0.0	36.0	2.0	0.0	37.0	0.0	0.0	0.0	0.0	0.0	0.0	0.0	0.0	0.0	71.0	0.0	0.0	0.0	0.0	0.0	1.0	0.0	0.0	0.0	0.0	0.0	0.0	0.0	0.0	0.0	0.0	0.0	0.0	0.0	0.0	31.0	0.0	26.0	0.0	0.0	0.0	0.0	0.0	0.0	332.0	55.0	0.0	0.0	0.0	0.0	0.0	0.0	9.0	0.0	0.0	2.0	0.0	3.0	2.0	0.0	0.0	0.0	0.0	0.0	0.0	0.0	0.0	0.0	0.0	0.0	0.0	0.0	513.0	109.0	0.0	89.0	2.0	1.0	0.0	0.0	0.0	7.0	0.0	0.0	0.0	0.0	0.0	0.0	0.0	0.0	0.0	0.0	1.0	6.0	0.0	18.0	0.0	0.0	0.0	0.0	0.0	0.0	0.0	0.0	0.0	1.0	0.0	3.0	0.0	0.0	0.0	0.0	0.0	0.0	0.0	0.0	0.0	0.0	0.0	0.0	0.0	0.0	0.0	0.0	0.0	0.0	3.0	0.0	0.0	0.0	12.0	4.0	0.0	0.0	8.0	100.0	0.0	0.0	0.0	0.0	0.0	0.0	3.0	0.0	0.0	0.0	0.0	1.0	0.0	0.0	0.0	0.0	0.0	0.0	0.0	2.0	0.0	335.0	0.0	0.0	0.0	0.0	0.0	0.0	0.0	1.0	0.0	0.0	0.0	3.0	0.0	186.0	0.0	0.0	0.0	0.0	0.0	0.0	1.0	0.0	0.0	0.0	34.0	0.0	454.0	0.0	0.0	0.0	78.0	0.0	0.0	238.0	0.0	0.0	0.0	0.0	0.0	0.0	4.0	0.0	1.0	0.0	0.0	0.0	0.0	6.0	0.0	0.0	0.0	0.0	0.0	0.0	0.0	0.0	0.0	0.0	0.0	0.0	0.0	0.0	6.0	0.0	0.0	0.0	78.0	0.0	20.0	4.0	0.0	0.0	0.0	414.0	0.0	0.0	0.0	0.0	9.0	0.0	0.0	78.0	0.0	0.0	0.0	44.0	42.0	70.0	24.0	0.0	0.0	3.0	0.0	2.0	24.0	0.0	2.0	0.0	0.0	6.0	0.0	0.0	0.0	0.0	0.0	466.0	0.0	0.0	14.0	0.0	0.0	0.0	0.0	0.0	0.0	0.0	0.0	0.0	193.0	0.0	0.0	53.0	0.0	0.0	0.0	0.0	0.0	0.0	0.0	0.0	0.0	1.0	0.0	0.0	0.0	0.0	0.0	1.0	0.0	0.0	12.0	0.0	0.0	0.0	0.0	0.0	0.0	0.0	0.0	0.0	0.0	0.0	0.0	0.0	11.0	15.0	0.0	0.0	0.0	0.0	0.0	0.0	0.0	0.0	0.0	0.0	0.0	0.0	0.0	0.0	1.0	76.0	0.0	0.0	0.0	0.0	0.0	0.0	0.0	0.0	0.0	0.0	0.0	0.0	3.0	0.0	0.0	0.0	0.0	0.0	0.0	0.0	0.0	0.0	0.0	0.0	0.0	0.0	0.0	0.0	0.0	0.0	4.0	0.0	0.0	0.0	0.0	0.0	0.0	0.0	0.0	0.0	0.0	0.0	0.0	0.0	0.0	0.0	0.0	0.0	0.0	0.0	0.0	0.0	0.0	0.0	0.0	0.0	124.0	1.0	0.0	0.0	0.0	20.0	0.0	0.0	0.0	0.0	72.0	0.0	0.0	0.0	1.0	0.0	0.0	0.0	0.0	19.0	3.0	0.0	0.0	5.0	0.0	117.0	0.0	0.0	0.0	0.0	2.0	14.0	0.0	0.0	0.0	0.0	0.0	53.0	0.0	0.0	0.0	0.0	0.0	0.0	0.0	0.0	0.0	1.0	0.0	0.0	0.0	28.0	2.0	0.0	0.0	0.0
g__Clostridium (2)	15.0	0.0	0.0	0.0	13.0	32.0	0.0	0.0	0.0	0.0	0.0	0.0	0.0	0.0	0.0	0.0	0.0	9.0	0.0	0.0	0.0	0.0	0.0	0.0	0.0	0.0	0.0	0.0	0.0	0.0	0.0	0.0	0.0	0.0	0.0	0.0	50.0	0.0	0.0	0.0	0.0	0.0	0.0	66.0	0.0	0.0	0.0	0.0	0.0	0.0	0.0	0.0	0.0	0.0	0.0	0.0	0.0	14.0	0.0	0.0	0.0	0.0	0.0	0.0	0.0	0.0	0.0	0.0	65.0	0.0	13.0	0.0	18.0	0.0	0.0	0.0	0.0	0.0	225.0	0.0	0.0	0.0	0.0	0.0	0.0	0.0	0.0	0.0	0.0	0.0	0.0	0.0	0.0	142.0	0.0	0.0	0.0	15.0	0.0	0.0	0.0	0.0	0.0	0.0	0.0	0.0	0.0	0.0	49.0	0.0	208.0	0.0	0.0	0.0	0.0	143.0	0.0	0.0	155.0	8.0	0.0	0.0	0.0	0.0	1.0	0.0	0.0	0.0	0.0	0.0	7.0	0.0	0.0	0.0	15.0	0.0	0.0	230.0	6.0	7.0	0.0	0.0	0.0	1.0	0.0	0.0	0.0	0.0	0.0	0.0	0.0	0.0	0.0	0.0	0.0	0.0	37.0	0.0	0.0	0.0	0.0	0.0	34.0	0.0	0.0	0.0	0.0	0.0	0.0	0.0	0.0	0.0	0.0	69.0	0.0	35.0	0.0	0.0	43.0	0.0	0.0	0.0	0.0	6.0	0.0	0.0	0.0	0.0	0.0	0.0	0.0	0.0	0.0	268.0	0.0	0.0	14.0	13.0	0.0	0.0	0.0	0.0	10.0	0.0	0.0	0.0	0.0	22.0	10.0	0.0	0.0	0.0	0.0	3.0	0.0	0.0	176.0	0.0	0.0	4.0	11.0	0.0	0.0	0.0	0.0	0.0	0.0	0.0	0.0	0.0	0.0	0.0	26.0	0.0	0.0	10.0	0.0	0.0	24.0	0.0	46.0	2.0	230.0	62.0	0.0	0.0	0.0	20.0	0.0	0.0	4.0	0.0	0.0	0.0	0.0	0.0	0.0	0.0	0.0	0.0	2.0	13.0	0.0	9.0	0.0	18.0	0.0	0.0	0.0	11.0	0.0	25.0	0.0	0.0	0.0	18.0	0.0	143.0	66.0	0.0	0.0	0.0	0.0	0.0	0.0	0.0	32.0	0.0	0.0	9.0	0.0	10.0	106.0	4.0	17.0	0.0	0.0	0.0	0.0	0.0	0.0	7.0	0.0	0.0	35.0	0.0	8.0	36.0	0.0	0.0	0.0	0.0	0.0	0.0	0.0	31.0	0.0	32.0	0.0	0.0	0.0	0.0	0.0	0.0	0.0	142.0	0.0	0.0	0.0	0.0	0.0	0.0	9.0	0.0	0.0	0.0	0.0	48.0	0.0	17.0	0.0	0.0	0.0	0.0	0.0	0.0	0.0	0.0	21.0	0.0	0.0	0.0	29.0	0.0	0.0	0.0	0.0	0.0	0.0	0.0	7.0	0.0	0.0	0.0	20.0	0.0	0.0	0.0	0.0	0.0	0.0	0.0	49.0	25.0	0.0	0.0	0.0	0.0	0.0	0.0	0.0	0.0	0.0	0.0	0.0	0.0	29.0	0.0	0.0	0.0	0.0	62.0	0.0	0.0	3.0	42.0	7.0	0.0	0.0	0.0	0.0	0.0	0.0	0.0	0.0	0.0	0.0	0.0	0.0	0.0	0.0	0.0	0.0	0.0	0.0	0.0	0.0	0.0	134.0	0.0	0.0	0.0	0.0	0.0	0.0	0.0	14.0	0.0	0.0	0.0	0.0	0.0	4.0	41.0	0.0	0.0	0.0	0.0	0.0	0.0	0.0	0.0	0.0	0.0	0.0	0.0	0.0	2.0	0.0	0.0	0.0	0.0	0.0	4.0	0.0	0.0	0.0	77.0	0.0	0.0	2.0	0.0	0.0	0.0	0.0	0.0	0.0	0.0	0.0	0.0	0.0	4.0	0.0	10.0	0.0	0.0	0.0	0.0	0.0	0.0	0.0	0.0	0.0
g__Clostridium (1)	22.0	6.0	0.0	10.0	5.0	563.0	14.0	10.0	4.0	0.0	1.0	68.0	8.0	0.0	26.0	0.0	4.0	42.0	3.0	0.0	0.0	0.0	0.0	0.0	0.0	6.0	1.0	0.0	0.0	0.0	0.0	0.0	16.0	0.0	0.0	0.0	32.0	0.0	0.0	0.0	0.0	0.0	0.0	36.0	0.0	0.0	57.0	21.0	7.0	0.0	0.0	0.0	0.0	4.0	16.0	1.0	12.0	15.0	2.0	0.0	0.0	0.0	2.0	0.0	8.0	0.0	29.0	0.0	38.0	0.0	17.0	0.0	52.0	0.0	0.0	0.0	2.0	0.0	178.0	2.0	0.0	2.0	0.0	0.0	0.0	1.0	28.0	0.0	0.0	22.0	0.0	0.0	5.0	154.0	5.0	0.0	0.0	18.0	0.0	6.0	35.0	0.0	0.0	0.0	0.0	0.0	1.0	0.0	37.0	0.0	387.0	0.0	2.0	141.0	0.0	91.0	0.0	22.0	214.0	0.0	4.0	0.0	11.0	0.0	0.0	0.0	0.0	0.0	22.0	0.0	22.0	0.0	1.0	0.0	61.0	0.0	75.0	381.0	0.0	0.0	0.0	0.0	0.0	0.0	0.0	22.0	7.0	0.0	0.0	0.0	6.0	0.0	9.0	6.0	0.0	0.0	84.0	0.0	0.0	9.0	0.0	0.0	0.0	0.0	0.0	0.0	0.0	12.0	7.0	19.0	2.0	46.0	11.0	45.0	4.0	52.0	1.0	0.0	73.0	20.0	0.0	0.0	0.0	11.0	7.0	0.0	0.0	31.0	11.0	0.0	0.0	1.0	2.0	404.0	0.0	17.0	15.0	46.0	66.0	0.0	3.0	10.0	5.0	0.0	0.0	0.0	0.0	37.0	0.0	10.0	29.0	0.0	0.0	0.0	1.0	4.0	157.0	0.0	12.0	57.0	9.0	0.0	6.0	0.0	2.0	0.0	7.0	0.0	0.0	0.0	8.0	10.0	37.0	43.0	0.0	0.0	0.0	1.0	41.0	0.0	11.0	5.0	582.0	120.0	0.0	43.0	40.0	16.0	0.0	0.0	0.0	0.0	0.0	0.0	0.0	0.0	0.0	0.0	0.0	0.0	0.0	0.0	8.0	27.0	3.0	0.0	17.0	0.0	4.0	14.0	3.0	38.0	1.0	0.0	0.0	0.0	1.0	391.0	105.0	0.0	69.0	0.0	2.0	0.0	8.0	8.0	0.0	64.0	0.0	0.0	0.0	11.0	84.0	4.0	18.0	8.0	0.0	3.0	27.0	0.0	0.0	0.0	2.0	0.0	14.0	0.0	0.0	330.0	8.0	0.0	0.0	0.0	0.0	0.0	5.0	50.0	15.0	1401.0	14.0	0.0	0.0	13.0	0.0	0.0	114.0	146.0	0.0	0.0	0.0	0.0	11.0	2.0	0.0	5.0	0.0	0.0	0.0	18.0	0.0	32.0	5.0	7.0	0.0	0.0	0.0	0.0	0.0	0.0	24.0	2.0	0.0	0.0	0.0	0.0	60.0	1.0	11.0	2.0	0.0	0.0	0.0	0.0	2.0	0.0	0.0	0.0	0.0	0.0	6.0	0.0	271.0	0.0	53.0	148.0	0.0	51.0	0.0	0.0	0.0	0.0	0.0	17.0	25.0	5.0	62.0	23.0	7.0	41.0	0.0	0.0	0.0	0.0	0.0	0.0	0.0	26.0	2.0	0.0	15.0	0.0	2.0	12.0	7.0	4.0	0.0	3.0	27.0	6.0	0.0	37.0	4.0	0.0	10.0	0.0	0.0	13.0	0.0	0.0	105.0	0.0	0.0	87.0	3.0	0.0	0.0	177.0	29.0	0.0	0.0	11.0	0.0	0.0	0.0	77.0	0.0	0.0	0.0	0.0	0.0	0.0	20.0	0.0	17.0	0.0	0.0	0.0	0.0	0.0	4.0	0.0	0.0	15.0	0.0	0.0	0.0	0.0	0.0	333.0	51.0	0.0	3.0	1.0	31.0	0.0	18.0	3.0	2.0	11.0	0.0	0.0	0.0	13.0	0.0	22.0	0.0	8.0	27.0	2.0	55.0	0.0	0.0	14.0	0.0
s__Clostridium lentum (1)	1.0	0.0	0.0	0.0	9.0	76.0	66.0	0.0	39.0	22.0	0.0	1.0	0.0	0.0	0.0	0.0	0.0	0.0	14.0	8.0	0.0	0.0	0.0	0.0	2.0	26.0	0.0	0.0	0.0	0.0	0.0	0.0	32.0	0.0	0.0	0.0	100.0	0.0	35.0	0.0	0.0	0.0	0.0	351.0	0.0	0.0	0.0	0.0	0.0	0.0	0.0	4.0	3.0	7.0	0.0	0.0	0.0	152.0	0.0	0.0	0.0	0.0	0.0	1.0	0.0	0.0	0.0	0.0	0.0	0.0	19.0	0.0	0.0	0.0	0.0	3.0	0.0	0.0	132.0	0.0	0.0	0.0	0.0	0.0	8.0	0.0	0.0	0.0	4.0	28.0	0.0	0.0	9.0	437.0	9.0	0.0	0.0	55.0	0.0	0.0	7.0	0.0	7.0	1.0	0.0	0.0	0.0	0.0	43.0	0.0	85.0	0.0	0.0	0.0	0.0	10.0	0.0	77.0	36.0	53.0	0.0	0.0	3.0	0.0	0.0	0.0	0.0	0.0	54.0	2.0	4.0	0.0	0.0	19.0	87.0	0.0	15.0	0.0	0.0	0.0	0.0	0.0	41.0	0.0	0.0	0.0	0.0	0.0	0.0	0.0	7.0	0.0	4.0	0.0	0.0	0.0	63.0	2.0	5.0	0.0	70.0	0.0	59.0	0.0	0.0	0.0	17.0	0.0	0.0	24.0	0.0	0.0	0.0	0.0	8.0	144.0	0.0	0.0	46.0	3.0	0.0	13.0	0.0	1.0	0.0	0.0	0.0	29.0	0.0	0.0	0.0	0.0	0.0	131.0	0.0	6.0	11.0	86.0	0.0	0.0	5.0	0.0	204.0	0.0	0.0	0.0	4.0	16.0	0.0	7.0	5.0	0.0	0.0	0.0	0.0	0.0	0.0	0.0	12.0	111.0	35.0	0.0	140.0	0.0	0.0	0.0	0.0	0.0	0.0	0.0	7.0	2.0	41.0	78.0	0.0	17.0	1.0	0.0	0.0	0.0	0.0	74.0	51.0	70.0	0.0	0.0	0.0	25.0	0.0	0.0	0.0	0.0	0.0	0.0	0.0	0.0	0.0	0.0	0.0	1.0	0.0	3.0	0.0	0.0	2.0	3.0	5.0	2.0	7.0	0.0	0.0	0.0	0.0	4.0	0.0	64.0	1.0	0.0	0.0	0.0	46.0	92.0	2.0	0.0	0.0	18.0	0.0	10.0	0.0	21.0	4.0	0.0	8.0	0.0	12.0	0.0	0.0	0.0	0.0	18.0	0.0	55.0	0.0	0.0	9.0	1.0	90.0	150.0	85.0	0.0	0.0	0.0	0.0	0.0	62.0	0.0	0.0	0.0	0.0	0.0	2.0	0.0	0.0	0.0	26.0	146.0	0.0	18.0	0.0	0.0	0.0	3.0	6.0	0.0	0.0	1.0	40.0	2.0	0.0	3.0	7.0	0.0	0.0	0.0	0.0	0.0	0.0	9.0	55.0	0.0	32.0	3.0	0.0	0.0	11.0	0.0	0.0	6.0	10.0	0.0	0.0	0.0	0.0	0.0	8.0	0.0	0.0	0.0	5.0	1.0	1835.0	0.0	17.0	0.0	0.0	0.0	8.0	7.0	0.0	0.0	0.0	0.0	6.0	0.0	0.0	15.0	0.0	22.0	0.0	1.0	2.0	0.0	0.0	0.0	0.0	350.0	12.0	0.0	0.0	1.0	4.0	0.0	0.0	8.0	0.0	11.0	27.0	0.0	0.0	9.0	0.0	6.0	0.0	0.0	0.0	0.0	0.0	0.0	0.0	0.0	0.0	0.0	0.0	0.0	0.0	0.0	12.0	4.0	3.0	0.0	0.0	13.0	0.0	68.0	3.0	4.0	0.0	0.0	1.0	0.0	0.0	0.0	0.0	0.0	0.0	0.0	3.0	0.0	0.0	0.0	71.0	0.0	0.0	0.0	4.0	0.0	0.0	0.0	0.0	0.0	7.0	0.0	4.0	4.0	18.0	0.0	0.0	3.0	0.0	0.0	0.0	2.0	0.0	9.0	0.0	0.0	56.0	6.0	0.0	0.0	8.0	0.0	2.0
g__Clostridium (3)	0.0	1.0	0.0	0.0	0.0	2.0	3.0	0.0	0.0	0.0	0.0	0.0	0.0	0.0	0.0	0.0	0.0	0.0	0.0	0.0	0.0	0.0	0.0	0.0	0.0	0.0	0.0	0.0	0.0	0.0	0.0	0.0	0.0	0.0	0.0	0.0	0.0	0.0	0.0	0.0	3.0	0.0	0.0	0.0	0.0	9.0	1.0	0.0	0.0	0.0	0.0	0.0	0.0	0.0	0.0	9.0	2.0	0.0	0.0	0.0	0.0	0.0	0.0	0.0	0.0	0.0	0.0	4.0	0.0	0.0	0.0	0.0	0.0	0.0	0.0	0.0	0.0	218.0	0.0	0.0	0.0	0.0	0.0	0.0	0.0	84.0	15.0	0.0	0.0	1.0	0.0	0.0	0.0	0.0	0.0	7.0	0.0	0.0	0.0	0.0	0.0	0.0	0.0	0.0	0.0	0.0	0.0	0.0	0.0	0.0	34.0	0.0	0.0	232.0	0.0	0.0	2.0	0.0	0.0	0.0	0.0	0.0	0.0	0.0	0.0	0.0	0.0	0.0	0.0	0.0	0.0	0.0	0.0	0.0	2.0	0.0	0.0	0.0	0.0	0.0	5.0	0.0	0.0	0.0	0.0	0.0	0.0	0.0	0.0	0.0	0.0	0.0	0.0	0.0	0.0	0.0	0.0	0.0	0.0	0.0	0.0	0.0	0.0	0.0	0.0	3.0	0.0	0.0	0.0	4.0	0.0	0.0	0.0	0.0	0.0	0.0	9.0	0.0	0.0	0.0	0.0	0.0	0.0	0.0	0.0	0.0	0.0	0.0	2.0	0.0	0.0	0.0	0.0	0.0	0.0	0.0	0.0	0.0	5.0	0.0	0.0	0.0	0.0	0.0	0.0	0.0	0.0	0.0	0.0	0.0	1.0	0.0	11.0	0.0	0.0	0.0	0.0	0.0	0.0	1.0	0.0	0.0	0.0	2.0	0.0	0.0	0.0	0.0	0.0	47.0	0.0	0.0	0.0	0.0	0.0	0.0	0.0	0.0	0.0	2.0	0.0	0.0	0.0	0.0	0.0	0.0	0.0	0.0	0.0	0.0	0.0	0.0	0.0	0.0	0.0	0.0	0.0	0.0	0.0	0.0	0.0	0.0	0.0	0.0	20.0	0.0	0.0	0.0	0.0	11.0	0.0	0.0	21.0	0.0	5.0	0.0	0.0	0.0	0.0	0.0	8.0	0.0	0.0	0.0	4.0	47.0	18.0	16.0	0.0	0.0	0.0	0.0	3.0	0.0	0.0	0.0	0.0	0.0	17.0	0.0	0.0	0.0	0.0	0.0	0.0	0.0	0.0	1.0	0.0	0.0	0.0	0.0	0.0	0.0	0.0	10.0	0.0	0.0	0.0	0.0	39.0	0.0	0.0	0.0	0.0	0.0	0.0	0.0	0.0	0.0	0.0	6.0	0.0	0.0	0.0	0.0	0.0	0.0	2.0	0.0	0.0	0.0	0.0	0.0	0.0	0.0	0.0	0.0	0.0	0.0	0.0	0.0	0.0	0.0	5.0	0.0	0.0	0.0	0.0	0.0	0.0	0.0	2.0	0.0	0.0	0.0	0.0	0.0	0.0	0.0	11.0	0.0	0.0	0.0	0.0	0.0	2.0	0.0	0.0	5.0	0.0	0.0	0.0	0.0	1.0	0.0	0.0	0.0	0.0	0.0	0.0	0.0	0.0	0.0	0.0	0.0	0.0	0.0	0.0	0.0	0.0	2.0	0.0	0.0	0.0	0.0	0.0	0.0	0.0	0.0	0.0	0.0	0.0	1.0	0.0	0.0	0.0	0.0	0.0	0.0	0.0	0.0	0.0	0.0	0.0	0.0	0.0	0.0	6.0	0.0	1.0	0.0	37.0	0.0	0.0	0.0	0.0	0.0	0.0	0.0	0.0	0.0	0.0	0.0	0.0	0.0	0.0	0.0	0.0	0.0	48.0	15.0	0.0	0.0	7.0	0.0	0.0	0.0	7.0	0.0	0.0	2.0	0.0	0.0	0.0	0.0	7.0	0.0	0.0	0.0	2.0	0.0	0.0	0.0	0.0	0.0	3.0	0.0	0.0	0.0	0.0	0.0	0.0
g__Blautia (1)	0.0	2.0	0.0	0.0	0.0	19.0	0.0	21.0	6.0	14.0	5.0	0.0	5.0	62.0	81.0	0.0	0.0	0.0	2.0	0.0	11.0	0.0	0.0	38.0	15.0	0.0	0.0	0.0	0.0	48.0	0.0	0.0	0.0	0.0	0.0	0.0	0.0	0.0	0.0	0.0	0.0	8.0	5.0	50.0	155.0	42.0	86.0	0.0	7.0	0.0	3.0	0.0	47.0	0.0	4.0	0.0	0.0	0.0	0.0	0.0	0.0	0.0	32.0	6.0	16.0	0.0	0.0	1.0	0.0	0.0	0.0	0.0	0.0	0.0	5.0	0.0	23.0	0.0	2.0	0.0	10.0	56.0	0.0	0.0	0.0	0.0	0.0	0.0	0.0	0.0	8.0	0.0	0.0	40.0	27.0	30.0	561.0	0.0	0.0	195.0	3.0	0.0	0.0	6.0	133.0	40.0	0.0	0.0	0.0	0.0	0.0	377.0	0.0	0.0	0.0	0.0	2.0	0.0	0.0	0.0	0.0	108.0	414.0	3.0	6.0	4.0	0.0	0.0	0.0	0.0	0.0	0.0	38.0	0.0	70.0	0.0	33.0	0.0	6.0	22.0	0.0	88.0	683.0	17.0	0.0	0.0	28.0	0.0	7.0	0.0	36.0	0.0	29.0	0.0	296.0	0.0	0.0	154.0	41.0	0.0	0.0	0.0	0.0	0.0	10.0	25.0	0.0	0.0	0.0	654.0	0.0	0.0	0.0	74.0	3.0	0.0	361.0	0.0	0.0	0.0	0.0	32.0	159.0	11.0	171.0	0.0	0.0	0.0	39.0	0.0	0.0	45.0	0.0	4.0	76.0	0.0	0.0	59.0	180.0	0.0	0.0	1.0	0.0	0.0	0.0	17.0	21.0	110.0	0.0	0.0	0.0	0.0	628.0	0.0	0.0	0.0	0.0	0.0	0.0	0.0	0.0	0.0	0.0	0.0	283.0	17.0	102.0	0.0	351.0	0.0	4.0	32.0	197.0	0.0	0.0	0.0	0.0	0.0	0.0	0.0	0.0	5.0	0.0	0.0	0.0	0.0	27.0	51.0	0.0	0.0	4.0	0.0	0.0	6.0	8.0	0.0	0.0	13.0	30.0	0.0	0.0	9.0	3.0	0.0	0.0	0.0	0.0	57.0	51.0	329.0	0.0	10.0	0.0	0.0	7.0	0.0	0.0	0.0	0.0	8.0	0.0	41.0	0.0	118.0	0.0	148.0	0.0	0.0	85.0	0.0	0.0	0.0	0.0	2.0	0.0	0.0	0.0	0.0	261.0	14.0	0.0	9.0	0.0	0.0	0.0	0.0	0.0	265.0	9.0	0.0	0.0	0.0	0.0	115.0	0.0	0.0	19.0	0.0	852.0	0.0	29.0	0.0	64.0	0.0	21.0	22.0	0.0	18.0	19.0	0.0	168.0	171.0	0.0	6.0	0.0	524.0	80.0	0.0	245.0	0.0	0.0	0.0	0.0	0.0	49.0	0.0	5.0	0.0	0.0	368.0	19.0	15.0	0.0	69.0	0.0	2.0	0.0	5.0	0.0	0.0	0.0	0.0	0.0	0.0	62.0	0.0	0.0	744.0	0.0	0.0	0.0	4.0	0.0	0.0	29.0	0.0	75.0	8.0	0.0	490.0	0.0	0.0	0.0	0.0	12.0	0.0	179.0	6.0	55.0	37.0	18.0	0.0	244.0	0.0	0.0	0.0	0.0	26.0	49.0	115.0	6.0	4.0	5.0	0.0	1.0	0.0	36.0	0.0	0.0	0.0	0.0	43.0	9.0	209.0	32.0	0.0	0.0	73.0	0.0	19.0	26.0	0.0	126.0	0.0	13.0	0.0	0.0	40.0	15.0	0.0	1898.0	0.0	0.0	2.0	0.0	726.0	0.0	101.0	749.0	371.0	0.0	13.0	0.0	0.0	0.0	0.0	7.0	0.0	296.0	38.0	0.0	17.0	0.0	46.0	52.0	7.0	0.0	82.0	8.0	0.0	0.0	0.0	0.0	26.0	70.0	34.0	0.0	0.0	0.0	5.0	391.0	1.0	0.0	0.0	0.0	40.0	146.0	10.0	8.0	0.0	0.0	0.0	36.0
g__Blautia (2)	0.0	0.0	0.0	0.0	19.0	0.0	0.0	0.0	0.0	0.0	0.0	0.0	0.0	0.0	0.0	0.0	0.0	0.0	0.0	0.0	0.0	28.0	0.0	23.0	0.0	0.0	0.0	0.0	0.0	0.0	0.0	0.0	0.0	0.0	0.0	0.0	48.0	0.0	0.0	0.0	0.0	0.0	0.0	0.0	0.0	0.0	0.0	0.0	0.0	0.0	0.0	0.0	0.0	0.0	0.0	0.0	0.0	7.0	0.0	0.0	58.0	5.0	0.0	0.0	0.0	0.0	0.0	0.0	0.0	0.0	0.0	0.0	28.0	0.0	0.0	3.0	0.0	0.0	0.0	0.0	128.0	0.0	0.0	0.0	0.0	0.0	0.0	192.0	34.0	0.0	0.0	0.0	0.0	0.0	0.0	0.0	0.0	11.0	0.0	0.0	0.0	0.0	0.0	0.0	0.0	0.0	0.0	0.0	0.0	0.0	0.0	0.0	0.0	0.0	0.0	34.0	0.0	0.0	28.0	0.0	0.0	0.0	6.0	0.0	0.0	0.0	0.0	0.0	0.0	0.0	10.0	0.0	0.0	60.0	0.0	0.0	0.0	0.0	0.0	0.0	0.0	0.0	0.0	0.0	0.0	0.0	0.0	0.0	0.0	0.0	0.0	0.0	0.0	0.0	0.0	0.0	0.0	0.0	0.0	0.0	11.0	0.0	29.0	0.0	0.0	0.0	0.0	14.0	41.0	0.0	0.0	0.0	8.0	0.0	0.0	114.0	0.0	25.0	9.0	0.0	0.0	0.0	0.0	0.0	0.0	0.0	0.0	0.0	0.0	0.0	0.0	0.0	0.0	0.0	0.0	0.0	12.0	0.0	0.0	0.0	23.0	0.0	22.0	93.0	0.0	0.0	0.0	0.0	0.0	0.0	0.0	0.0	0.0	17.0	0.0	0.0	9.0	0.0	0.0	0.0	0.0	21.0	29.0	0.0	0.0	0.0	0.0	0.0	0.0	0.0	0.0	0.0	0.0	0.0	0.0	0.0	0.0	36.0	0.0	0.0	20.0	0.0	29.0	9.0	111.0	0.0	0.0	0.0	7.0	0.0	0.0	0.0	0.0	0.0	0.0	0.0	0.0	0.0	0.0	0.0	0.0	0.0	0.0	0.0	0.0	0.0	0.0	0.0	0.0	0.0	0.0	0.0	0.0	0.0	0.0	0.0	1.0	0.0	0.0	49.0	0.0	0.0	0.0	0.0	0.0	0.0	0.0	0.0	0.0	0.0	0.0	90.0	0.0	0.0	0.0	0.0	0.0	0.0	0.0	0.0	0.0	0.0	0.0	0.0	32.0	26.0	83.0	0.0	0.0	0.0	0.0	0.0	0.0	0.0	15.0	0.0	0.0	0.0	0.0	0.0	0.0	0.0	0.0	51.0	0.0	0.0	0.0	0.0	0.0	0.0	0.0	0.0	13.0	0.0	0.0	0.0	0.0	0.0	0.0	6.0	14.0	0.0	66.0	0.0	0.0	0.0	13.0	0.0	0.0	0.0	0.0	129.0	0.0	0.0	0.0	0.0	26.0	0.0	9.0	0.0	27.0	0.0	3.0	0.0	0.0	0.0	15.0	0.0	0.0	0.0	0.0	0.0	0.0	19.0	0.0	0.0	0.0	0.0	16.0	0.0	0.0	0.0	24.0	0.0	0.0	0.0	0.0	0.0	0.0	0.0	0.0	0.0	0.0	0.0	0.0	0.0	0.0	0.0	0.0	0.0	0.0	0.0	0.0	58.0	0.0	30.0	0.0	0.0	0.0	0.0	0.0	0.0	0.0	0.0	0.0	24.0	0.0	0.0	34.0	0.0	0.0	40.0	7.0	0.0	0.0	0.0	0.0	0.0	0.0	0.0	0.0	34.0	0.0	0.0	370.0	0.0	0.0	0.0	0.0	0.0	0.0	0.0	0.0	0.0	0.0	12.0	0.0	12.0	0.0	0.0	0.0	0.0	0.0	0.0	0.0	0.0	0.0	0.0	0.0	30.0	0.0	0.0	0.0	0.0	0.0	0.0	0.0	0.0	0.0	0.0	0.0	0.0	0.0	12.0	0.0	0.0	0.0	0.0	0.0	0.0	8.0	21.0	0.0
s__Blautia_A sp028767025 (2)	0.0	0.0	0.0	0.0	0.0	0.0	0.0	0.0	0.0	8.0	0.0	0.0	0.0	0.0	0.0	0.0	0.0	0.0	0.0	0.0	0.0	0.0	0.0	0.0	27.0	0.0	0.0	0.0	0.0	0.0	0.0	0.0	0.0	0.0	0.0	0.0	0.0	0.0	10.0	0.0	0.0	0.0	0.0	0.0	0.0	0.0	0.0	0.0	0.0	0.0	0.0	0.0	0.0	0.0	0.0	0.0	0.0	0.0	0.0	0.0	0.0	0.0	0.0	8.0	0.0	0.0	0.0	0.0	0.0	0.0	0.0	0.0	0.0	0.0	0.0	0.0	14.0	0.0	0.0	0.0	0.0	0.0	0.0	0.0	0.0	0.0	0.0	0.0	0.0	0.0	0.0	0.0	0.0	4.0	0.0	0.0	0.0	0.0	0.0	62.0	0.0	0.0	0.0	0.0	0.0	0.0	0.0	0.0	0.0	0.0	0.0	0.0	0.0	0.0	0.0	0.0	0.0	0.0	0.0	0.0	0.0	0.0	0.0	0.0	0.0	0.0	0.0	12.0	0.0	0.0	0.0	0.0	4.0	11.0	0.0	0.0	0.0	0.0	0.0	0.0	0.0	26.0	0.0	0.0	0.0	0.0	0.0	0.0	0.0	0.0	0.0	0.0	0.0	0.0	46.0	0.0	0.0	79.0	0.0	0.0	0.0	0.0	0.0	0.0	4.0	0.0	0.0	0.0	0.0	0.0	0.0	0.0	0.0	63.0	2.0	0.0	91.0	0.0	0.0	0.0	0.0	0.0	14.0	0.0	17.0	0.0	0.0	0.0	34.0	0.0	0.0	0.0	0.0	0.0	0.0	0.0	0.0	0.0	0.0	0.0	0.0	0.0	0.0	0.0	0.0	0.0	0.0	0.0	0.0	0.0	0.0	13.0	0.0	0.0	0.0	0.0	0.0	0.0	0.0	0.0	0.0	0.0	0.0	0.0	206.0	1.0	0.0	13.0	0.0	0.0	0.0	3.0	0.0	0.0	0.0	0.0	0.0	0.0	0.0	0.0	0.0	0.0	0.0	0.0	0.0	0.0	0.0	0.0	0.0	0.0	0.0	0.0	0.0	0.0	43.0	0.0	0.0	0.0	36.0	0.0	0.0	0.0	16.0	3.0	0.0	0.0	0.0	0.0	5.0	0.0	0.0	0.0	0.0	0.0	0.0	0.0	0.0	0.0	0.0	0.0	0.0	0.0	0.0	36.0	0.0	0.0	0.0	0.0	11.0	0.0	0.0	0.0	0.0	0.0	0.0	0.0	0.0	3.0	0.0	0.0	0.0	0.0	0.0	0.0	0.0	0.0	0.0	0.0	0.0	0.0	0.0	0.0	0.0	11.0	0.0	0.0	0.0	0.0	0.0	0.0	0.0	0.0	0.0	0.0	0.0	0.0	0.0	0.0	0.0	0.0	0.0	0.0	0.0	0.0	0.0	16.0	0.0	0.0	249.0	0.0	0.0	0.0	0.0	0.0	41.0	0.0	0.0	0.0	0.0	0.0	0.0	0.0	0.0	111.0	0.0	0.0	0.0	0.0	0.0	0.0	0.0	0.0	0.0	0.0	0.0	0.0	0.0	0.0	0.0	0.0	0.0	0.0	0.0	10.0	21.0	0.0	0.0	0.0	0.0	0.0	0.0	0.0	0.0	0.0	22.0	0.0	21.0	0.0	21.0	0.0	0.0	0.0	66.0	8.0	0.0	0.0	0.0	0.0	0.0	0.0	0.0	0.0	0.0	0.0	8.0	0.0	0.0	0.0	0.0	0.0	0.0	3.0	0.0	0.0	0.0	0.0	0.0	13.0	0.0	0.0	0.0	0.0	3.0	0.0	0.0	20.0	0.0	0.0	0.0	0.0	0.0	0.0	0.0	0.0	0.0	0.0	0.0	0.0	0.0	0.0	0.0	0.0	0.0	0.0	0.0	0.0	0.0	0.0	466.0	14.0	0.0	0.0	0.0	0.0	0.0	5.0	0.0	13.0	0.0	0.0	6.0	0.0	0.0	0.0	0.0	0.0	0.0	0.0	0.0	0.0	0.0	0.0	0.0	2.0	0.0	0.0	0.0	24.0	0.0	0.0	0.0	0.0	0.0
s__Blautia_A sp028767025 (1)	62.0	0.0	36.0	2.0	0.0	0.0	4.0	0.0	2.0	29.0	0.0	0.0	27.0	0.0	0.0	0.0	1.0	0.0	0.0	4.0	0.0	0.0	0.0	15.0	63.0	0.0	0.0	0.0	0.0	0.0	0.0	0.0	0.0	0.0	0.0	0.0	0.0	0.0	11.0	23.0	0.0	0.0	0.0	0.0	20.0	0.0	0.0	0.0	0.0	13.0	19.0	1.0	133.0	12.0	0.0	0.0	0.0	0.0	3.0	58.0	0.0	0.0	24.0	20.0	0.0	8.0	1.0	0.0	1.0	0.0	11.0	0.0	0.0	4.0	0.0	0.0	49.0	0.0	0.0	0.0	22.0	0.0	0.0	0.0	0.0	0.0	0.0	18.0	0.0	1.0	25.0	0.0	0.0	11.0	3.0	9.0	0.0	0.0	0.0	8.0	9.0	0.0	10.0	0.0	0.0	0.0	0.0	0.0	0.0	2.0	0.0	16.0	0.0	0.0	0.0	0.0	2.0	0.0	0.0	8.0	0.0	16.0	0.0	0.0	0.0	0.0	0.0	12.0	0.0	0.0	0.0	0.0	31.0	56.0	22.0	0.0	0.0	0.0	3.0	0.0	0.0	33.0	162.0	0.0	0.0	12.0	36.0	0.0	0.0	0.0	7.0	0.0	0.0	0.0	67.0	0.0	0.0	450.0	0.0	0.0	0.0	0.0	0.0	6.0	51.0	245.0	0.0	0.0	0.0	298.0	0.0	0.0	0.0	157.0	38.0	0.0	438.0	0.0	0.0	0.0	0.0	0.0	73.0	86.0	42.0	0.0	0.0	17.0	12.0	0.0	0.0	0.0	0.0	0.0	14.0	0.0	0.0	0.0	0.0	0.0	0.0	12.0	0.0	0.0	0.0	0.0	12.0	3.0	0.0	0.0	4.0	66.0	0.0	0.0	0.0	5.0	0.0	0.0	0.0	5.0	0.0	0.0	0.0	0.0	498.0	48.0	0.0	38.0	8.0	0.0	1.0	10.0	0.0	0.0	0.0	0.0	0.0	0.0	2.0	0.0	0.0	0.0	0.0	0.0	0.0	0.0	7.0	27.0	0.0	0.0	19.0	0.0	0.0	0.0	80.0	0.0	166.0	0.0	223.0	6.0	222.0	0.0	35.0	0.0	0.0	19.0	0.0	37.0	14.0	224.0	3.0	35.0	0.0	0.0	8.0	0.0	0.0	34.0	0.0	17.0	0.0	0.0	0.0	83.0	0.0	0.0	0.0	0.0	49.0	0.0	0.0	3.0	0.0	0.0	0.0	0.0	0.0	0.0	0.0	18.0	0.0	0.0	0.0	23.0	0.0	0.0	0.0	0.0	14.0	18.0	2.0	0.0	102.0	61.0	0.0	0.0	20.0	18.0	0.0	0.0	0.0	6.0	117.0	0.0	0.0	40.0	8.0	0.0	0.0	0.0	23.0	19.0	0.0	3.0	0.0	82.0	10.0	4.0	246.0	3.0	12.0	0.0	0.0	0.0	163.0	0.0	15.0	1.0	0.0	0.0	37.0	142.0	0.0	539.0	0.0	10.0	0.0	4.0	2.0	0.0	0.0	0.0	0.0	0.0	0.0	0.0	0.0	0.0	2.0	0.0	0.0	0.0	0.0	19.0	55.0	0.0	76.0	0.0	0.0	57.0	0.0	0.0	0.0	0.0	33.0	0.0	173.0	0.0	84.0	23.0	0.0	5.0	19.0	16.0	0.0	0.0	0.0	0.0	30.0	26.0	0.0	0.0	37.0	0.0	10.0	0.0	37.0	0.0	5.0	0.0	0.0	71.0	3.0	20.0	0.0	0.0	0.0	62.0	0.0	32.0	0.0	0.0	8.0	11.0	19.0	61.0	0.0	0.0	7.0	0.0	0.0	9.0	0.0	13.0	1.0	47.0	4.0	0.0	0.0	0.0	9.0	0.0	0.0	0.0	0.0	0.0	4.0	0.0	413.0	60.0	0.0	0.0	0.0	0.0	82.0	37.0	14.0	25.0	0.0	0.0	22.0	0.0	10.0	61.0	0.0	11.0	0.0	0.0	0.0	26.0	0.0	0.0	0.0	12.0	0.0	0.0	26.0	101.0	7.0	0.0	0.0	0.0	0.0
g__Blautia_A (2)	946.0	0.0	0.0	232.0	175.0	0.0	0.0	65.0	316.0	0.0	0.0	56.0	36.0	13.0	269.0	0.0	22.0	16.0	0.0	82.0	205.0	89.0	0.0	148.0	0.0	30.0	138.0	186.0	90.0	893.0	0.0	0.0	124.0	0.0	0.0	0.0	26.0	0.0	51.0	145.0	0.0	529.0	87.0	66.0	0.0	0.0	0.0	63.0	0.0	117.0	0.0	251.0	368.0	64.0	1.0	0.0	18.0	133.0	50.0	0.0	54.0	24.0	468.0	344.0	0.0	143.0	9.0	0.0	10.0	331.0	256.0	1.0	172.0	28.0	0.0	23.0	44.0	0.0	129.0	89.0	0.0	2.0	0.0	0.0	175.0	0.0	70.0	0.0	103.0	62.0	0.0	0.0	34.0	0.0	25.0	0.0	0.0	119.0	0.0	0.0	606.0	0.0	19.0	104.0	0.0	18.0	165.0	279.0	58.0	125.0	0.0	0.0	231.0	2.0	51.0	82.0	0.0	147.0	28.0	101.0	432.0	0.0	4.0	716.0	144.0	26.0	5.0	33.0	156.0	121.0	78.0	243.0	0.0	0.0	0.0	174.0	0.0	818.0	0.0	257.0	0.0	15.0	0.0	26.0	0.0	0.0	350.0	25.0	80.0	0.0	9.0	129.0	117.0	104.0	0.0	83.0	60.0	0.0	0.0	78.0	246.0	0.0	43.0	0.0	0.0	0.0	161.0	91.0	87.0	0.0	16.0	100.0	38.0	0.0	1.0	48.0	0.0	73.0	65.0	82.0	385.0	25.0	0.0	0.0	0.0	70.0	152.0	170.0	17.0	18.0	210.0	0.0	0.0	21.0	0.0	27.0	181.0	152.0	164.0	0.0	30.0	84.0	156.0	173.0	1.0	0.0	0.0	95.0	127.0	35.0	0.0	32.0	0.0	72.0	0.0	76.0	28.0	269.0	212.0	185.0	176.0	81.0	7.0	0.0	4.0	48.0	24.0	0.0	0.0	0.0	13.0	185.0	0.0	104.0	30.0	0.0	34.0	160.0	32.0	0.0	74.0	76.0	0.0	139.0	42.0	56.0	0.0	83.0	50.0	0.0	0.0	0.0	99.0	67.0	0.0	327.0	599.0	18.0	0.0	195.0	0.0	107.0	0.0	58.0	273.0	51.0	75.0	4.0	68.0	0.0	241.0	0.0	0.0	133.0	71.0	84.0	2.0	474.0	69.0	99.0	1.0	0.0	100.0	0.0	0.0	0.0	0.0	0.0	0.0	37.0	64.0	91.0	201.0	68.0	0.0	110.0	162.0	140.0	0.0	0.0	0.0	0.0	125.0	89.0	24.0	108.0	247.0	0.0	56.0	0.0	80.0	372.0	15.0	0.0	12.0	0.0	166.0	0.0	0.0	0.0	5.0	66.0	0.0	109.0	0.0	0.0	0.0	120.0	0.0	126.0	0.0	0.0	62.0	383.0	81.0	0.0	0.0	52.0	0.0	23.0	28.0	146.0	55.0	0.0	308.0	5.0	0.0	50.0	122.0	0.0	0.0	91.0	0.0	0.0	0.0	0.0	0.0	103.0	176.0	49.0	42.0	0.0	170.0	0.0	71.0	220.0	19.0	0.0	201.0	2.0	0.0	0.0	2.0	75.0	0.0	12.0	0.0	816.0	45.0	0.0	19.0	0.0	12.0	9.0	328.0	361.0	100.0	0.0	0.0	28.0	58.0	123.0	165.0	59.0	136.0	119.0	47.0	52.0	0.0	0.0	361.0	2.0	112.0	78.0	24.0	126.0	59.0	227.0	156.0	9.0	59.0	247.0	1215.0	0.0	0.0	55.0	9.0	118.0	193.0	0.0	0.0	167.0	159.0	0.0	0.0	85.0	65.0	18.0	0.0	121.0	0.0	0.0	0.0	61.0	172.0	0.0	223.0	0.0	0.0	5.0	0.0	222.0	108.0	549.0	362.0	44.0	225.0	101.0	748.0	2.0	2.0	3.0	0.0	5.0	22.0	67.0	29.0	17.0	6.0	0.0	441.0	186.0	49.0	0.0	0.0	0.0	0.0	0.0	0.0	0.0	0.0	772.0	0.0	121.0	38.0	31.0	0.0	0.0	35.0	0.0	61.0	510.0	3.0
s__Blautia_A hydrogenotrophica (1)	3.0	0.0	0.0	0.0	0.0	0.0	0.0	0.0	0.0	0.0	0.0	46.0	0.0	0.0	0.0	0.0	0.0	0.0	0.0	0.0	0.0	0.0	0.0	0.0	0.0	0.0	0.0	0.0	0.0	0.0	0.0	0.0	0.0	0.0	0.0	0.0	0.0	0.0	0.0	0.0	0.0	0.0	24.0	4.0	0.0	32.0	0.0	0.0	0.0	0.0	0.0	5.0	2.0	0.0	0.0	0.0	0.0	0.0	1.0	0.0	0.0	0.0	0.0	0.0	0.0	0.0	0.0	0.0	7.0	0.0	0.0	0.0	0.0	0.0	0.0	14.0	4.0	0.0	0.0	0.0	0.0	0.0	0.0	0.0	0.0	0.0	0.0	0.0	0.0	2.0	0.0	0.0	0.0	0.0	69.0	0.0	0.0	0.0	0.0	0.0	21.0	0.0	0.0	0.0	0.0	0.0	0.0	0.0	4.0	12.0	0.0	0.0	39.0	0.0	0.0	0.0	0.0	0.0	0.0	9.0	19.0	0.0	0.0	0.0	0.0	0.0	0.0	0.0	0.0	0.0	0.0	24.0	0.0	0.0	1.0	0.0	0.0	0.0	21.0	0.0	0.0	0.0	0.0	0.0	0.0	0.0	0.0	0.0	43.0	0.0	0.0	0.0	0.0	0.0	0.0	1.0	0.0	0.0	0.0	0.0	0.0	0.0	0.0	0.0	0.0	0.0	2.0	0.0	4.0	0.0	0.0	4.0	0.0	0.0	0.0	0.0	0.0	0.0	0.0	0.0	0.0	0.0	0.0	51.0	0.0	0.0	0.0	18.0	0.0	0.0	7.0	0.0	0.0	0.0	0.0	0.0	23.0	0.0	0.0	0.0	0.0	2.0	0.0	10.0	0.0	0.0	0.0	0.0	0.0	0.0	0.0	0.0	0.0	0.0	0.0	0.0	0.0	0.0	24.0	0.0	5.0	0.0	0.0	0.0	0.0	0.0	0.0	0.0	0.0	0.0	0.0	0.0	0.0	0.0	5.0	0.0	0.0	0.0	1.0	0.0	0.0	0.0	0.0	4.0	0.0	0.0	0.0	0.0	0.0	0.0	0.0	0.0	0.0	0.0	16.0	30.0	0.0	0.0	0.0	0.0	0.0	0.0	0.0	0.0	4.0	0.0	0.0	0.0	0.0	0.0	0.0	0.0	0.0	0.0	3.0	0.0	0.0	20.0	0.0	0.0	0.0	46.0	0.0	56.0	0.0	0.0	0.0	0.0	0.0	0.0	0.0	0.0	0.0	0.0	0.0	0.0	0.0	0.0	0.0	0.0	0.0	0.0	0.0	0.0	0.0	0.0	0.0	0.0	0.0	0.0	11.0	0.0	0.0	0.0	0.0	0.0	0.0	0.0	0.0	0.0	0.0	0.0	0.0	0.0	0.0	0.0	0.0	0.0	0.0	0.0	0.0	0.0	0.0	0.0	0.0	0.0	0.0	0.0	0.0	19.0	0.0	0.0	0.0	0.0	13.0	0.0	0.0	0.0	0.0	0.0	0.0	0.0	0.0	0.0	0.0	0.0	0.0	4.0	12.0	0.0	0.0	0.0	0.0	0.0	0.0	0.0	0.0	0.0	0.0	0.0	0.0	0.0	0.0	0.0	0.0	0.0	0.0	0.0	0.0	0.0	0.0	45.0	0.0	0.0	0.0	7.0	19.0	0.0	0.0	0.0	0.0	0.0	0.0	0.0	0.0	0.0	0.0	0.0	0.0	0.0	0.0	0.0	0.0	0.0	0.0	0.0	0.0	0.0	5.0	0.0	0.0	0.0	0.0	0.0	0.0	0.0	0.0	0.0	0.0	0.0	0.0	0.0	0.0	0.0	0.0	0.0	0.0	0.0	0.0	0.0	0.0	0.0	0.0	4.0	0.0	0.0	0.0	0.0	0.0	0.0	0.0	0.0	0.0	0.0	3.0	0.0	0.0	0.0	0.0	0.0	0.0	0.0	0.0	0.0	0.0	0.0	0.0	0.0	0.0	0.0	85.0	0.0	0.0	0.0	0.0	0.0	0.0	0.0	0.0	0.0	0.0	0.0	0.0	35.0	0.0	0.0	0.0	35.0	0.0	0.0	0.0	5.0	0.0
g__Blautia_A (5)	0.0	0.0	0.0	31.0	0.0	0.0	0.0	0.0	0.0	0.0	0.0	0.0	11.0	0.0	0.0	0.0	3.0	7.0	0.0	0.0	0.0	36.0	0.0	21.0	0.0	0.0	0.0	121.0	0.0	0.0	0.0	0.0	0.0	0.0	0.0	0.0	0.0	0.0	0.0	29.0	0.0	153.0	0.0	45.0	0.0	0.0	0.0	0.0	0.0	0.0	0.0	0.0	0.0	0.0	0.0	0.0	0.0	82.0	74.0	0.0	20.0	13.0	0.0	258.0	0.0	0.0	0.0	0.0	0.0	0.0	0.0	0.0	0.0	0.0	0.0	0.0	0.0	0.0	0.0	34.0	0.0	0.0	0.0	0.0	0.0	0.0	0.0	0.0	0.0	68.0	0.0	0.0	0.0	0.0	0.0	0.0	0.0	15.0	0.0	0.0	0.0	0.0	0.0	0.0	0.0	0.0	59.0	0.0	0.0	0.0	0.0	0.0	0.0	0.0	0.0	30.0	0.0	191.0	0.0	0.0	0.0	0.0	0.0	0.0	100.0	0.0	0.0	0.0	45.0	33.0	14.0	217.0	0.0	0.0	0.0	117.0	0.0	448.0	0.0	0.0	0.0	0.0	0.0	0.0	0.0	0.0	0.0	0.0	0.0	0.0	0.0	19.0	0.0	0.0	0.0	0.0	0.0	0.0	0.0	0.0	0.0	0.0	0.0	0.0	0.0	0.0	105.0	0.0	0.0	0.0	0.0	0.0	0.0	0.0	0.0	0.0	0.0	0.0	0.0	0.0	0.0	20.0	0.0	0.0	0.0	20.0	0.0	0.0	4.0	56.0	64.0	0.0	0.0	0.0	0.0	0.0	0.0	0.0	62.0	0.0	26.0	24.0	0.0	78.0	0.0	0.0	0.0	0.0	0.0	0.0	0.0	25.0	0.0	12.0	0.0	0.0	10.0	0.0	0.0	0.0	0.0	37.0	4.0	0.0	0.0	0.0	0.0	0.0	0.0	0.0	0.0	0.0	0.0	19.0	0.0	0.0	0.0	0.0	0.0	0.0	0.0	8.0	0.0	0.0	0.0	0.0	0.0	0.0	0.0	0.0	0.0	0.0	23.0	0.0	0.0	0.0	0.0	5.0	0.0	60.0	0.0	0.0	0.0	0.0	0.0	0.0	0.0	0.0	0.0	0.0	0.0	0.0	0.0	0.0	0.0	22.0	0.0	0.0	0.0	0.0	0.0	0.0	92.0	0.0	0.0	0.0	0.0	0.0	0.0	0.0	38.0	0.0	87.0	36.0	0.0	45.0	0.0	80.0	0.0	0.0	0.0	0.0	0.0	0.0	25.0	0.0	0.0	0.0	0.0	0.0	26.0	0.0	0.0	0.0	0.0	0.0	0.0	0.0	0.0	0.0	0.0	0.0	0.0	0.0	0.0	0.0	0.0	0.0	0.0	0.0	0.0	0.0	0.0	49.0	46.0	0.0	0.0	34.0	0.0	0.0	0.0	49.0	0.0	0.0	0.0	0.0	0.0	0.0	0.0	0.0	0.0	0.0	0.0	0.0	0.0	0.0	0.0	18.0	108.0	35.0	0.0	0.0	0.0	0.0	21.0	0.0	0.0	0.0	0.0	0.0	0.0	0.0	0.0	0.0	0.0	5.0	0.0	0.0	7.0	0.0	0.0	0.0	0.0	0.0	0.0	0.0	0.0	0.0	0.0	0.0	23.0	36.0	0.0	0.0	0.0	0.0	0.0	0.0	0.0	0.0	0.0	0.0	0.0	0.0	0.0	0.0	0.0	0.0	0.0	0.0	64.0	0.0	286.0	0.0	0.0	0.0	0.0	0.0	0.0	0.0	0.0	0.0	0.0	0.0	0.0	0.0	57.0	0.0	0.0	0.0	0.0	0.0	0.0	0.0	0.0	0.0	0.0	0.0	0.0	0.0	0.0	0.0	0.0	0.0	0.0	70.0	0.0	0.0	266.0	0.0	0.0	0.0	0.0	0.0	0.0	0.0	0.0	0.0	0.0	10.0	87.0	0.0	0.0	0.0	0.0	0.0	0.0	0.0	0.0	0.0	0.0	121.0	0.0	29.0	0.0	0.0	0.0	0.0	0.0	0.0	0.0	0.0	0.0
g__Blautia_A (7)	0.0	0.0	0.0	0.0	10.0	0.0	0.0	0.0	6.0	0.0	0.0	0.0	0.0	28.0	0.0	0.0	0.0	0.0	0.0	12.0	0.0	0.0	0.0	0.0	0.0	24.0	0.0	0.0	5.0	0.0	0.0	0.0	0.0	0.0	0.0	0.0	15.0	0.0	7.0	0.0	0.0	0.0	67.0	0.0	0.0	0.0	0.0	51.0	0.0	0.0	0.0	150.0	49.0	47.0	0.0	0.0	0.0	0.0	0.0	0.0	0.0	0.0	110.0	0.0	0.0	0.0	0.0	1.0	13.0	54.0	0.0	0.0	15.0	9.0	0.0	5.0	0.0	0.0	5.0	0.0	0.0	0.0	0.0	0.0	0.0	0.0	6.0	0.0	14.0	0.0	0.0	0.0	18.0	0.0	0.0	0.0	0.0	0.0	0.0	0.0	0.0	0.0	5.0	44.0	0.0	13.0	0.0	152.0	19.0	0.0	0.0	0.0	0.0	0.0	8.0	0.0	0.0	0.0	4.0	0.0	126.0	0.0	0.0	0.0	0.0	24.0	0.0	82.0	0.0	0.0	0.0	0.0	0.0	0.0	0.0	0.0	0.0	0.0	0.0	0.0	0.0	0.0	0.0	0.0	0.0	0.0	0.0	0.0	0.0	0.0	0.0	0.0	16.0	0.0	0.0	5.0	0.0	0.0	0.0	0.0	0.0	0.0	0.0	0.0	0.0	0.0	0.0	0.0	5.0	0.0	4.0	37.0	11.0	0.0	0.0	0.0	0.0	30.0	5.0	0.0	0.0	0.0	0.0	0.0	0.0	0.0	6.0	67.0	0.0	0.0	0.0	0.0	0.0	0.0	0.0	1.0	345.0	312.0	0.0	0.0	0.0	0.0	23.0	0.0	0.0	0.0	0.0	0.0	0.0	15.0	0.0	0.0	0.0	0.0	0.0	34.0	0.0	0.0	0.0	0.0	3.0	0.0	0.0	0.0	0.0	0.0	17.0	0.0	0.0	0.0	4.0	0.0	0.0	0.0	29.0	0.0	60.0	5.0	15.0	0.0	15.0	0.0	8.0	0.0	8.0	0.0	0.0	0.0	0.0	0.0	0.0	0.0	0.0	7.0	0.0	0.0	159.0	0.0	0.0	0.0	0.0	0.0	0.0	0.0	0.0	0.0	8.0	0.0	0.0	0.0	0.0	0.0	0.0	180.0	0.0	0.0	0.0	11.0	43.0	4.0	0.0	0.0	0.0	0.0	0.0	0.0	0.0	0.0	0.0	7.0	0.0	5.0	0.0	0.0	0.0	0.0	36.0	0.0	0.0	0.0	0.0	0.0	0.0	16.0	0.0	75.0	67.0	0.0	0.0	0.0	0.0	0.0	9.0	0.0	17.0	0.0	11.0	0.0	0.0	0.0	0.0	23.0	0.0	0.0	0.0	0.0	0.0	0.0	0.0	0.0	0.0	0.0	21.0	0.0	0.0	0.0	0.0	0.0	0.0	0.0	0.0	0.0	9.0	0.0	0.0	0.0	0.0	21.0	0.0	0.0	0.0	0.0	0.0	0.0	0.0	0.0	0.0	0.0	0.0	0.0	9.0	0.0	0.0	0.0	0.0	0.0	45.0	0.0	59.0	0.0	0.0	0.0	0.0	105.0	0.0	0.0	0.0	4.0	0.0	0.0	5.0	0.0	7.0	0.0	36.0	7.0	29.0	0.0	0.0	0.0	0.0	0.0	13.0	0.0	0.0	48.0	5.0	0.0	0.0	0.0	5.0	0.0	0.0	12.0	15.0	74.0	0.0	8.0	0.0	2.0	0.0	0.0	0.0	0.0	0.0	10.0	0.0	104.0	0.0	0.0	0.0	31.0	0.0	0.0	0.0	0.0	0.0	21.0	0.0	0.0	0.0	0.0	0.0	0.0	0.0	0.0	0.0	0.0	0.0	0.0	0.0	0.0	35.0	0.0	2.0	0.0	0.0	0.0	0.0	0.0	0.0	0.0	0.0	0.0	0.0	107.0	0.0	0.0	0.0	0.0	0.0	22.0	8.0	0.0	0.0	0.0	0.0	0.0	0.0	0.0	0.0	0.0	0.0	0.0	0.0	2.0	0.0	0.0	0.0	0.0	18.0	0.0	0.0
s__Blautia_A faecis (1)	0.0	0.0	0.0	84.0	36.0	0.0	85.0	6.0	19.0	33.0	31.0	55.0	0.0	18.0	43.0	0.0	21.0	14.0	38.0	22.0	109.0	27.0	0.0	10.0	0.0	108.0	39.0	20.0	31.0	29.0	0.0	0.0	29.0	27.0	0.0	0.0	68.0	0.0	23.0	118.0	0.0	80.0	8.0	40.0	0.0	0.0	140.0	35.0	0.0	55.0	32.0	26.0	90.0	41.0	52.0	0.0	61.0	14.0	63.0	0.0	75.0	10.0	0.0	20.0	40.0	46.0	54.0	1.0	19.0	46.0	12.0	0.0	62.0	81.0	0.0	40.0	0.0	0.0	13.0	8.0	10.0	0.0	0.0	0.0	50.0	27.0	126.0	123.0	33.0	87.0	28.0	0.0	20.0	1.0	48.0	0.0	0.0	28.0	274.0	0.0	19.0	0.0	6.0	72.0	0.0	15.0	118.0	61.0	71.0	64.0	14.0	0.0	95.0	0.0	70.0	42.0	35.0	41.0	33.0	75.0	68.0	0.0	47.0	142.0	8.0	72.0	0.0	34.0	19.0	6.0	34.0	77.0	0.0	50.0	228.0	54.0	0.0	139.0	51.0	67.0	0.0	0.0	0.0	4.0	0.0	130.0	89.0	7.0	44.0	0.0	18.0	48.0	70.0	23.0	0.0	46.0	39.0	325.0	0.0	48.0	47.0	0.0	56.0	0.0	0.0	0.0	90.0	29.0	33.0	0.0	76.0	123.0	14.0	233.0	116.0	68.0	0.0	41.0	37.0	40.0	116.0	25.0	0.0	13.0	21.0	15.0	37.0	58.0	64.0	22.0	88.0	0.0	0.0	15.0	23.0	81.0	143.0	76.0	217.0	0.0	82.0	24.0	71.0	58.0	0.0	37.0	15.0	136.0	20.0	19.0	5.0	10.0	0.0	16.0	0.0	29.0	39.0	13.0	39.0	10.0	20.0	13.0	10.0	0.0	17.0	3.0	145.0	0.0	0.0	0.0	299.0	67.0	0.0	68.0	25.0	0.0	45.0	39.0	64.0	0.0	65.0	41.0	42.0	54.0	115.0	20.0	29.0	51.0	24.0	0.0	69.0	0.0	24.0	16.0	69.0	19.0	36.0	20.0	0.0	29.0	0.0	42.0	24.0	18.0	43.0	189.0	85.0	8.0	18.0	0.0	74.0	0.0	0.0	69.0	52.0	21.0	2.0	44.0	32.0	43.0	0.0	48.0	25.0	0.0	0.0	905.0	2086.0	0.0	75.0	68.0	33.0	18.0	65.0	24.0	48.0	93.0	19.0	53.0	0.0	4.0	0.0	15.0	65.0	10.0	39.0	65.0	87.0	0.0	137.0	38.0	28.0	42.0	47.0	54.0	50.0	36.0	46.0	0.0	0.0	0.0	0.0	55.0	13.0	86.0	62.0	64.0	26.0	112.0	0.0	99.0	0.0	0.0	36.0	43.0	46.0	124.0	0.0	26.0	0.0	48.0	23.0	24.0	20.0	83.0	77.0	0.0	0.0	75.0	85.0	145.0	85.0	33.0	87.0	138.0	0.0	14.0	53.0	16.0	36.0	30.0	5.0	5.0	16.0	33.0	11.0	15.0	38.0	0.0	37.0	14.0	5.0	49.0	93.0	36.0	0.0	26.0	0.0	13.0	31.0	0.0	2.0	122.0	44.0	9.0	0.0	42.0	39.0	0.0	0.0	1.0	25.0	23.0	29.0	23.0	56.0	21.0	80.0	0.0	82.0	0.0	45.0	7.0	113.0	15.0	44.0	58.0	25.0	104.0	19.0	27.0	21.0	10.0	36.0	48.0	0.0	14.0	0.0	34.0	16.0	135.0	13.0	31.0	37.0	14.0	135.0	0.0	66.0	119.0	0.0	50.0	44.0	143.0	0.0	261.0	26.0	0.0	29.0	151.0	3.0	0.0	38.0	66.0	94.0	0.0	123.0	11.0	118.0	65.0	15.0	0.0	0.0	0.0	0.0	0.0	31.0	90.0	54.0	39.0	0.0	14.0	75.0	43.0	99.0	0.0	9.0	21.0	0.0	0.0	0.0	87.0	0.0	41.0	87.0	86.0	97.0	73.0	0.0	36.0	86.0	0.0	22.0	54.0	0.0
s__Blautia_A difficilis (1)	0.0	0.0	0.0	0.0	0.0	0.0	0.0	0.0	0.0	0.0	0.0	14.0	0.0	0.0	0.0	0.0	5.0	0.0	0.0	0.0	0.0	14.0	0.0	0.0	0.0	9.0	0.0	0.0	42.0	0.0	0.0	0.0	5.0	0.0	0.0	0.0	0.0	0.0	0.0	0.0	0.0	20.0	0.0	0.0	0.0	0.0	0.0	0.0	0.0	0.0	0.0	0.0	0.0	0.0	0.0	0.0	0.0	16.0	13.0	0.0	0.0	0.0	0.0	18.0	0.0	14.0	0.0	0.0	0.0	0.0	0.0	6.0	0.0	8.0	0.0	0.0	0.0	0.0	0.0	0.0	0.0	0.0	0.0	0.0	8.0	0.0	0.0	0.0	0.0	0.0	35.0	0.0	0.0	0.0	0.0	0.0	0.0	0.0	0.0	0.0	0.0	0.0	0.0	0.0	0.0	0.0	0.0	0.0	0.0	0.0	0.0	0.0	16.0	0.0	17.0	0.0	0.0	0.0	22.0	0.0	0.0	0.0	17.0	0.0	0.0	0.0	0.0	0.0	0.0	0.0	0.0	0.0	0.0	0.0	0.0	0.0	0.0	0.0	13.0	0.0	0.0	0.0	0.0	0.0	0.0	0.0	0.0	0.0	17.0	0.0	0.0	0.0	0.0	0.0	0.0	0.0	0.0	0.0	0.0	23.0	0.0	0.0	19.0	0.0	0.0	0.0	0.0	0.0	0.0	0.0	0.0	0.0	0.0	0.0	0.0	0.0	0.0	16.0	0.0	0.0	0.0	0.0	0.0	0.0	0.0	0.0	10.0	0.0	0.0	9.0	0.0	0.0	0.0	0.0	0.0	0.0	15.0	28.0	0.0	0.0	8.0	0.0	35.0	120.0	0.0	0.0	0.0	12.0	0.0	0.0	0.0	0.0	0.0	5.0	0.0	0.0	0.0	15.0	0.0	0.0	0.0	0.0	0.0	0.0	0.0	3.0	0.0	0.0	0.0	0.0	0.0	0.0	0.0	0.0	0.0	0.0	0.0	0.0	0.0	0.0	0.0	0.0	0.0	0.0	0.0	0.0	0.0	0.0	0.0	0.0	0.0	0.0	0.0	0.0	0.0	0.0	0.0	0.0	0.0	0.0	0.0	0.0	0.0	0.0	15.0	0.0	0.0	0.0	0.0	0.0	0.0	0.0	0.0	0.0	0.0	6.0	0.0	0.0	30.0	0.0	0.0	0.0	0.0	0.0	0.0	0.0	0.0	0.0	0.0	14.0	0.0	0.0	0.0	0.0	0.0	38.0	0.0	0.0	0.0	0.0	0.0	0.0	0.0	0.0	0.0	0.0	0.0	0.0	0.0	52.0	0.0	0.0	0.0	0.0	0.0	0.0	0.0	0.0	0.0	0.0	0.0	0.0	0.0	0.0	0.0	18.0	0.0	0.0	0.0	0.0	0.0	0.0	0.0	0.0	15.0	0.0	0.0	0.0	0.0	0.0	0.0	0.0	0.0	0.0	0.0	0.0	0.0	0.0	0.0	0.0	0.0	0.0	0.0	0.0	0.0	0.0	0.0	0.0	0.0	0.0	0.0	0.0	9.0	0.0	0.0	33.0	0.0	0.0	0.0	30.0	0.0	0.0	0.0	0.0	0.0	0.0	0.0	0.0	0.0	0.0	0.0	0.0	0.0	0.0	0.0	0.0	0.0	0.0	0.0	0.0	0.0	0.0	0.0	0.0	0.0	0.0	13.0	0.0	0.0	0.0	23.0	0.0	0.0	0.0	0.0	0.0	22.0	32.0	0.0	10.0	0.0	0.0	12.0	0.0	0.0	0.0	0.0	0.0	0.0	0.0	0.0	0.0	0.0	0.0	0.0	0.0	21.0	9.0	0.0	0.0	0.0	0.0	0.0	0.0	0.0	0.0	8.0	15.0	0.0	0.0	0.0	51.0	0.0	0.0	28.0	14.0	0.0	0.0	0.0	0.0	0.0	0.0	0.0	0.0	0.0	0.0	0.0	0.0	0.0	0.0	0.0	10.0	0.0	0.0	0.0	37.0	0.0	0.0	0.0	0.0	0.0	13.0	9.0	11.0	0.0	21.0	0.0	0.0	0.0	0.0	0.0	0.0	0.0
g__Coprococcus_A (1)	0.0	0.0	0.0	19.0	47.0	0.0	0.0	0.0	21.0	0.0	0.0	18.0	0.0	0.0	0.0	0.0	17.0	9.0	0.0	25.0	0.0	30.0	0.0	6.0	0.0	37.0	16.0	16.0	14.0	0.0	0.0	0.0	25.0	0.0	0.0	0.0	5.0	0.0	11.0	0.0	0.0	0.0	0.0	15.0	0.0	0.0	0.0	11.0	0.0	0.0	0.0	27.0	0.0	0.0	0.0	0.0	0.0	15.0	25.0	0.0	9.0	5.0	0.0	0.0	0.0	0.0	16.0	0.0	34.0	18.0	0.0	0.0	23.0	20.0	0.0	15.0	0.0	0.0	0.0	0.0	0.0	0.0	0.0	0.0	23.0	0.0	6.0	0.0	0.0	0.0	0.0	0.0	12.0	6.0	0.0	0.0	0.0	23.0	0.0	0.0	0.0	0.0	0.0	0.0	0.0	17.0	19.0	0.0	46.0	0.0	0.0	0.0	19.0	0.0	16.0	23.0	0.0	0.0	32.0	0.0	33.0	0.0	22.0	22.0	12.0	8.0	0.0	0.0	26.0	6.0	18.0	44.0	0.0	0.0	9.0	26.0	0.0	0.0	0.0	0.0	0.0	6.0	0.0	4.0	0.0	0.0	62.0	7.0	39.0	0.0	0.0	0.0	0.0	0.0	0.0	0.0	0.0	0.0	0.0	0.0	10.0	0.0	33.0	0.0	0.0	0.0	27.0	15.0	18.0	0.0	19.0	0.0	11.0	0.0	11.0	33.0	0.0	2.0	16.0	26.0	26.0	21.0	0.0	0.0	0.0	6.0	78.0	0.0	0.0	0.0	28.0	0.0	0.0	0.0	0.0	16.0	0.0	182.0	0.0	0.0	26.0	10.0	30.0	0.0	0.0	0.0	0.0	14.0	11.0	6.0	0.0	0.0	0.0	44.0	0.0	28.0	26.0	0.0	31.0	0.0	25.0	14.0	2.0	0.0	0.0	0.0	7.0	0.0	0.0	0.0	0.0	0.0	0.0	0.0	22.0	0.0	19.0	0.0	14.0	0.0	24.0	0.0	0.0	41.0	21.0	12.0	16.0	34.0	3.0	0.0	0.0	0.0	19.0	0.0	0.0	8.0	4.0	0.0	0.0	0.0	0.0	0.0	0.0	54.0	45.0	0.0	15.0	33.0	0.0	0.0	19.0	0.0	0.0	30.0	0.0	19.0	1.0	19.0	25.0	9.0	0.0	0.0	0.0	0.0	0.0	0.0	0.0	0.0	0.0	42.0	0.0	0.0	0.0	31.0	16.0	36.0	8.0	0.0	0.0	0.0	0.0	0.0	19.0	46.0	27.0	39.0	47.0	0.0	41.0	0.0	25.0	17.0	29.0	0.0	16.0	0.0	50.0	0.0	0.0	0.0	0.0	28.0	0.0	18.0	0.0	10.0	0.0	0.0	0.0	0.0	0.0	0.0	12.0	0.0	21.0	0.0	0.0	22.0	0.0	19.0	0.0	13.0	25.0	26.0	16.0	0.0	0.0	0.0	24.0	0.0	0.0	28.0	0.0	0.0	0.0	0.0	0.0	0.0	16.0	0.0	10.0	0.0	14.0	0.0	7.0	21.0	25.0	0.0	0.0	0.0	0.0	0.0	40.0	0.0	0.0	31.0	0.0	0.0	1.0	0.0	15.0	42.0	18.0	0.0	0.0	7.0	0.0	0.0	0.0	8.0	0.0	0.0	0.0	0.0	0.0	13.0	33.0	0.0	34.0	0.0	16.0	0.0	0.0	26.0	0.0	10.0	0.0	18.0	18.0	12.0	19.0	0.0	36.0	0.0	0.0	15.0	0.0	31.0	22.0	0.0	0.0	1.0	18.0	0.0	10.0	0.0	0.0	0.0	0.0	11.0	0.0	0.0	0.0	0.0	17.0	0.0	26.0	30.0	0.0	0.0	0.0	89.0	0.0	0.0	25.0	36.0	14.0	11.0	0.0	0.0	0.0	0.0	0.0	0.0	5.0	0.0	20.0	0.0	0.0	30.0	0.0	40.0	34.0	25.0	0.0	0.0	0.0	0.0	0.0	0.0	0.0	114.0	38.0	44.0	0.0	23.0	0.0	0.0	0.0	0.0	14.0	3.0	0.0
s__Blautia_A acetigignens (1)	0.0	0.0	0.0	0.0	4.0	0.0	0.0	0.0	2.0	0.0	0.0	20.0	0.0	0.0	0.0	0.0	0.0	0.0	0.0	0.0	0.0	12.0	0.0	0.0	0.0	0.0	1.0	34.0	16.0	57.0	0.0	0.0	16.0	0.0	0.0	0.0	23.0	0.0	0.0	0.0	0.0	0.0	69.0	10.0	50.0	0.0	0.0	0.0	0.0	0.0	0.0	19.0	0.0	0.0	0.0	0.0	8.0	21.0	1.0	0.0	3.0	0.0	1.0	0.0	0.0	0.0	24.0	0.0	2.0	4.0	22.0	0.0	0.0	9.0	0.0	100.0	45.0	0.0	18.0	0.0	0.0	0.0	0.0	0.0	26.0	0.0	0.0	0.0	0.0	0.0	0.0	0.0	4.0	0.0	0.0	0.0	2.0	15.0	0.0	9.0	46.0	0.0	0.0	0.0	0.0	0.0	0.0	0.0	88.0	3.0	0.0	0.0	0.0	0.0	3.0	0.0	0.0	0.0	16.0	3.0	0.0	0.0	112.0	0.0	0.0	0.0	0.0	17.0	30.0	0.0	2.0	101.0	0.0	0.0	82.0	0.0	0.0	19.0	73.0	0.0	0.0	11.0	0.0	0.0	0.0	0.0	44.0	3.0	6.0	0.0	2.0	0.0	0.0	0.0	0.0	0.0	0.0	37.0	0.0	0.0	35.0	0.0	10.0	0.0	0.0	0.0	12.0	0.0	0.0	0.0	3.0	23.0	7.0	0.0	0.0	0.0	0.0	38.0	0.0	0.0	8.0	0.0	0.0	26.0	0.0	6.0	2.0	0.0	0.0	0.0	27.0	4.0	0.0	23.0	95.0	3.0	0.0	505.0	149.0	0.0	2.0	0.0	50.0	17.0	0.0	7.0	0.0	0.0	8.0	0.0	0.0	0.0	0.0	0.0	0.0	0.0	28.0	0.0	0.0	4.0	5.0	0.0	0.0	0.0	0.0	0.0	0.0	0.0	0.0	0.0	0.0	7.0	0.0	9.0	0.0	0.0	5.0	0.0	7.0	0.0	0.0	0.0	9.0	12.0	4.0	12.0	0.0	12.0	0.0	0.0	0.0	0.0	0.0	0.0	0.0	63.0	0.0	19.0	0.0	7.0	0.0	0.0	0.0	0.0	6.0	0.0	10.0	27.0	0.0	0.0	0.0	0.0	0.0	2.0	0.0	4.0	0.0	0.0	91.0	0.0	0.0	0.0	3.0	0.0	0.0	0.0	0.0	0.0	0.0	6.0	0.0	0.0	0.0	36.0	7.0	4.0	4.0	0.0	0.0	0.0	0.0	5.0	0.0	0.0	12.0	0.0	0.0	0.0	5.0	7.0	2.0	0.0	0.0	0.0	12.0	0.0	0.0	0.0	0.0	0.0	2.0	0.0	0.0	0.0	165.0	175.0	0.0	0.0	0.0	10.0	0.0	0.0	0.0	1.0	3.0	0.0	0.0	13.0	0.0	5.0	0.0	4.0	0.0	4.0	0.0	0.0	0.0	0.0	0.0	0.0	0.0	0.0	0.0	0.0	0.0	0.0	0.0	0.0	7.0	0.0	5.0	0.0	0.0	0.0	5.0	11.0	6.0	0.0	25.0	43.0	0.0	0.0	25.0	5.0	0.0	0.0	0.0	2.0	0.0	0.0	0.0	0.0	18.0	0.0	0.0	4.0	0.0	0.0	0.0	0.0	0.0	0.0	6.0	0.0	5.0	15.0	9.0	14.0	0.0	0.0	10.0	0.0	0.0	0.0	0.0	9.0	0.0	24.0	6.0	0.0	0.0	0.0	16.0	0.0	0.0	0.0	0.0	0.0	9.0	0.0	0.0	0.0	8.0	12.0	0.0	0.0	0.0	0.0	0.0	21.0	0.0	0.0	0.0	0.0	0.0	0.0	0.0	232.0	0.0	0.0	68.0	0.0	0.0	0.0	3.0	89.0	22.0	2.0	0.0	0.0	0.0	0.0	0.0	0.0	0.0	0.0	0.0	5.0	0.0	11.0	3.0	0.0	0.0	0.0	14.0	0.0	0.0	0.0	0.0	0.0	0.0	22.0	5.0	0.0	11.0	2.0	11.0	88.0	0.0	0.0	0.0	0.0	0.0
g__Blautia_A (3)	0.0	2.0	0.0	77.0	19.0	4.0	131.0	38.0	65.0	0.0	47.0	95.0	0.0	0.0	0.0	0.0	42.0	12.0	0.0	19.0	142.0	36.0	0.0	17.0	0.0	72.0	63.0	66.0	72.0	158.0	0.0	0.0	156.0	0.0	0.0	2.0	46.0	0.0	5.0	55.0	70.0	100.0	319.0	138.0	0.0	0.0	99.0	0.0	0.0	31.0	0.0	148.0	0.0	124.0	49.0	0.0	453.0	108.0	160.0	1.0	78.0	16.0	3.0	2.0	51.0	34.0	26.0	0.0	52.0	52.0	16.0	109.0	26.0	273.0	2.0	43.0	40.0	0.0	11.0	22.0	0.0	0.0	0.0	0.0	93.0	6.0	105.0	0.0	2.0	0.0	0.0	0.0	71.0	0.0	0.0	0.0	0.0	28.0	0.0	0.0	54.0	0.0	0.0	215.0	5.0	0.0	958.0	0.0	218.0	50.0	1.0	0.0	34.0	0.0	40.0	91.0	0.0	78.0	560.0	77.0	47.0	0.0	157.0	25.0	14.0	171.0	0.0	73.0	82.0	43.0	51.0	201.0	0.0	57.0	0.0	62.0	0.0	28.0	154.0	153.0	0.0	0.0	0.0	45.0	0.0	163.0	153.0	19.0	355.0	0.0	49.0	10.0	9.0	51.0	0.0	45.0	35.0	0.0	0.0	140.0	33.0	0.0	36.0	0.0	0.0	0.0	57.0	62.0	73.0	0.0	44.0	165.0	23.0	0.0	0.0	29.0	0.0	63.0	108.0	54.0	58.0	0.0	15.0	912.0	0.0	118.0	394.0	45.0	43.0	58.0	357.0	0.0	0.0	141.0	238.0	37.0	108.0	188.0	0.0	0.0	51.0	18.0	108.0	52.0	0.0	45.0	49.0	348.0	11.0	25.0	0.0	0.0	0.0	23.0	0.0	32.0	64.0	17.0	33.0	0.0	60.0	25.0	33.0	0.0	1.0	18.0	1975.0	0.0	0.0	0.0	40.0	28.0	0.0	55.0	74.0	0.0	43.0	56.0	256.0	1.0	26.0	32.0	51.0	84.0	119.0	15.0	0.0	0.0	15.0	0.0	122.0	0.0	45.0	9.0	0.0	295.0	16.0	55.0	0.0	4.0	0.0	48.0	13.0	44.0	22.0	314.0	342.0	77.0	17.0	0.0	74.0	0.0	2.0	77.0	8.0	41.0	0.0	131.0	83.0	16.0	0.0	182.0	31.0	0.0	0.0	0.0	0.0	0.0	0.0	28.0	11.0	11.0	0.0	69.0	543.0	124.0	28.0	15.0	0.0	0.0	0.0	62.0	56.0	156.0	75.0	57.0	212.0	0.0	6.0	2.0	7.0	15.0	55.0	77.0	40.0	18.0	68.0	0.0	0.0	0.0	0.0	71.0	0.0	19.0	143.0	477.0	0.0	4.0	0.0	79.0	0.0	0.0	16.0	51.0	10.0	0.0	0.0	22.0	0.0	33.0	64.0	16.0	11.0	366.0	12.0	0.0	0.0	25.0	63.0	0.0	0.0	29.0	0.0	0.0	2.0	0.0	0.0	106.0	19.0	45.0	39.0	38.0	9.0	58.0	12.0	10.0	36.0	0.0	5.0	1009.0	0.0	355.0	446.0	56.0	42.0	35.0	0.0	51.0	37.0	0.0	5.0	0.0	119.0	0.0	0.0	40.0	3.0	0.0	0.0	0.0	0.0	25.0	17.0	19.0	192.0	37.0	22.0	0.0	0.0	0.0	70.0	1.0	12.0	6.0	0.0	70.0	12.0	154.0	41.0	17.0	43.0	0.0	5.0	0.0	0.0	36.0	0.0	8.0	64.0	72.0	132.0	68.0	113.0	132.0	221.0	88.0	27.0	64.0	28.0	70.0	31.0	0.0	0.0	19.0	35.0	0.0	419.0	34.0	0.0	0.0	0.0	221.0	63.0	11.0	149.0	73.0	34.0	14.0	11.0	0.0	0.0	0.0	0.0	0.0	8.0	0.0	0.0	0.0	0.0	140.0	57.0	34.0	62.0	0.0	272.0	0.0	0.0	66.0	345.0	0.0	0.0	3.0	372.0	78.0	144.0	16.0	0.0	0.0	101.0	0.0	35.0	25.0	0.0
g__Blautia_A (4)	0.0	0.0	0.0	36.0	54.0	0.0	16.0	15.0	0.0	0.0	0.0	0.0	0.0	0.0	0.0	0.0	30.0	4.0	0.0	17.0	24.0	66.0	0.0	20.0	0.0	0.0	16.0	0.0	39.0	0.0	0.0	0.0	43.0	0.0	0.0	0.0	8.0	0.0	9.0	15.0	0.0	0.0	0.0	7.0	0.0	0.0	0.0	19.0	0.0	0.0	25.0	0.0	0.0	0.0	0.0	0.0	1.0	52.0	64.0	0.0	140.0	4.0	0.0	0.0	3.0	0.0	19.0	0.0	0.0	23.0	0.0	0.0	27.0	79.0	0.0	197.0	0.0	0.0	22.0	0.0	0.0	0.0	0.0	0.0	3.0	0.0	113.0	0.0	14.0	0.0	22.0	0.0	12.0	0.0	0.0	0.0	0.0	31.0	0.0	0.0	29.0	0.0	0.0	1.0	0.0	4.0	2.0	0.0	12.0	0.0	0.0	0.0	33.0	0.0	65.0	24.0	0.0	5.0	74.0	52.0	14.0	0.0	93.0	82.0	14.0	5.0	0.0	0.0	19.0	1.0	44.0	94.0	0.0	31.0	0.0	59.0	0.0	5.0	0.0	0.0	0.0	0.0	0.0	0.0	0.0	29.0	0.0	16.0	23.0	0.0	0.0	18.0	0.0	0.0	0.0	37.0	42.0	0.0	0.0	37.0	129.0	0.0	49.0	0.0	0.0	0.0	15.0	6.0	9.0	0.0	46.0	27.0	22.0	0.0	0.0	29.0	1.0	454.0	48.0	9.0	57.0	0.0	0.0	0.0	0.0	7.0	64.0	0.0	0.0	9.0	210.0	0.0	0.0	41.0	0.0	38.0	18.0	30.0	0.0	0.0	12.0	10.0	35.0	10.0	0.0	0.0	0.0	0.0	22.0	8.0	0.0	0.0	0.0	9.0	0.0	13.0	9.0	0.0	4.0	0.0	22.0	9.0	6.0	0.0	0.0	0.0	4.0	9.0	0.0	0.0	0.0	5.0	0.0	5.0	12.0	11.0	8.0	0.0	38.0	0.0	23.0	17.0	0.0	21.0	41.0	26.0	0.0	0.0	0.0	0.0	0.0	0.0	40.0	7.0	0.0	33.0	2.0	12.0	0.0	12.0	0.0	56.0	38.0	2.0	6.0	9.0	41.0	147.0	12.0	0.0	3.0	0.0	0.0	39.0	33.0	26.0	0.0	87.0	15.0	0.0	0.0	0.0	0.0	0.0	0.0	0.0	0.0	0.0	0.0	71.0	23.0	0.0	0.0	0.0	19.0	43.0	11.0	54.0	0.0	0.0	0.0	9.0	37.0	62.0	55.0	11.0	51.0	0.0	0.0	128.0	22.0	0.0	0.0	10.0	81.0	0.0	17.0	0.0	0.0	0.0	0.0	12.0	0.0	0.0	0.0	0.0	0.0	5.0	0.0	44.0	0.0	0.0	10.0	41.0	25.0	0.0	0.0	9.0	0.0	0.0	7.0	0.0	24.0	59.0	69.0	0.0	0.0	8.0	22.0	0.0	0.0	12.0	0.0	0.0	0.0	0.0	0.0	16.0	69.0	11.0	15.0	0.0	30.0	0.0	0.0	8.0	3.0	0.0	0.0	3.0	0.0	12.0	7.0	35.0	0.0	18.0	0.0	0.0	18.0	0.0	0.0	0.0	17.0	0.0	23.0	92.0	37.0	0.0	0.0	0.0	0.0	0.0	0.0	0.0	0.0	12.0	72.0	0.0	0.0	0.0	0.0	10.0	0.0	9.0	49.0	40.0	0.0	50.0	29.0	20.0	12.0	0.0	0.0	0.0	0.0	19.0	0.0	0.0	37.0	0.0	0.0	21.0	0.0	0.0	0.0	0.0	5.0	12.0	0.0	43.0	0.0	0.0	0.0	34.0	15.0	0.0	0.0	335.0	0.0	0.0	0.0	56.0	40.0	0.0	14.0	22.0	0.0	26.0	5.0	0.0	0.0	0.0	0.0	0.0	8.0	24.0	0.0	0.0	0.0	32.0	0.0	28.0	80.0	0.0	0.0	0.0	0.0	0.0	0.0	0.0	32.0	0.0	6.0	51.0	142.0	52.0	0.0	0.0	49.0	0.0	19.0	11.0	0.0
g__Blautia_A (1)	1105.0	247.0	414.0	243.0	231.0	477.0	339.0	562.0	700.0	808.0	1085.0	229.0	223.0	531.0	626.0	2.0	602.0	146.0	942.0	322.0	767.0	191.0	0.0	471.0	230.0	305.0	525.0	288.0	173.0	1062.0	0.0	3.0	435.0	746.0	0.0	125.0	407.0	2.0	280.0	820.0	101.0	455.0	112.0	335.0	957.0	2813.0	1041.0	42.0	159.0	601.0	300.0	70.0	433.0	304.0	429.0	0.0	100.0	199.0	617.0	272.0	274.0	31.0	2219.0	1316.0	839.0	529.0	367.0	158.0	413.0	488.0	236.0	217.0	817.0	688.0	2.0	465.0	681.0	0.0	354.0	149.0	1120.0	83.0	1.0	3.0	485.0	90.0	208.0	490.0	281.0	452.0	140.0	2.0	380.0	536.0	24.0	523.0	1921.0	116.0	278.0	1635.0	189.0	4.0	528.0	964.0	10.0	646.0	136.0	274.0	362.0	346.0	210.0	364.0	613.0	1.0	339.0	450.0	970.0	319.0	627.0	373.0	989.0	576.0	811.0	404.0	862.0	472.0	18.0	453.0	365.0	133.0	147.0	1317.0	956.0	641.0	665.0	184.0	428.0	246.0	431.0	664.0	2.0	149.0	424.0	540.0	64.0	732.0	486.0	83.0	243.0	3.0	58.0	50.0	507.0	211.0	1479.0	367.0	522.0	3.0	743.0	1979.0	204.0	848.0	207.0	7.0	1993.0	478.0	623.0	47.0	691.0	7.0	202.0	407.0	200.0	2040.0	1023.0	540.0	35.0	844.0	472.0	256.0	479.0	900.0	1362.0	55.0	1948.0	151.0	336.0	348.0	119.0	454.0	341.0	674.0	0.0	175.0	699.0	294.0	356.0	636.0	1044.0	5.0	184.0	172.0	403.0	547.0	0.0	110.0	584.0	828.0	209.0	152.0	577.0	92.0	1.0	216.0	2.0	132.0	93.0	671.0	899.0	177.0	248.0	349.0	526.0	4.0	7.0	445.0	124.0	545.0	13.0	476.0	1318.0	668.0	53.0	121.0	860.0	1155.0	197.0	277.0	490.0	2.0	338.0	375.0	201.0	481.0	338.0	342.0	211.0	763.0	402.0	1191.0	397.0	3.0	164.0	175.0	635.0	339.0	186.0	145.0	2861.0	171.0	0.0	428.0	45.0	849.0	520.0	1325.0	486.0	70.0	258.0	1.0	312.0	556.0	3.0	394.0	255.0	171.0	9.0	277.0	139.0	747.0	4.0	398.0	446.0	743.0	5097.0	35.0	0.0	310.0	299.0	360.0	331.0	729.0	687.0	159.0	272.0	159.0	826.0	575.0	345.0	446.0	107.0	1282.0	272.0	1688.0	160.0	1109.0	1094.0	698.0	557.0	192.0	340.0	233.0	505.0	229.0	358.0	769.0	525.0	397.0	1210.0	0.0	12.0	765.0	270.0	614.0	420.0	293.0	684.0	878.0	3421.0	479.0	360.0	316.0	376.0	163.0	224.0	299.0	5.0	352.0	1.0	393.0	272.0	459.0	209.0	553.0	539.0	5.0	166.0	613.0	345.0	1.0	1074.0	1002.0	640.0	706.0	4836.0	165.0	576.0	184.0	631.0	157.0	373.0	18.0	64.0	357.0	175.0	86.0	216.0	326.0	636.0	511.0	274.0	198.0	238.0	1677.0	399.0	227.0	157.0	455.0	216.0	2233.0	271.0	257.0	511.0	35.0	1062.0	530.0	492.0	328.0	13.0	146.0	895.0	344.0	433.0	493.0	502.0	179.0	360.0	2728.0	539.0	1095.0	379.0	165.0	262.0	254.0	189.0	342.0	222.0	335.0	376.0	86.0	279.0	365.0	560.0	579.0	1369.0	267.0	303.0	900.0	326.0	205.0	108.0	99.0	534.0	286.0	454.0	1033.0	392.0	341.0	375.0	304.0	3359.0	596.0	1009.0	703.0	320.0	4.0	503.0	276.0	4.0	204.0	889.0	448.0	309.0	526.0	398.0	353.0	333.0	290.0	1763.0	1309.0	2.0	176.0	0.0	2382.0	247.0	1319.0	369.0	194.0	21.0	121.0	473.0	432.0	96.0	432.0	952.0	1985.0	3.0	508.0	12.0	530.0	228.0	462.0	82.0	305.0	1459.0	94.0	366.0	191.0	340.0	4.0	205.0	617.0	10.0
s__Eubacterium_G sp000434315 (1)	0.0	0.0	0.0	225.0	1.0	0.0	23.0	0.0	1.0	0.0	0.0	5.0	0.0	0.0	0.0	0.0	0.0	0.0	0.0	0.0	21.0	0.0	0.0	0.0	0.0	0.0	0.0	0.0	0.0	20.0	0.0	0.0	2.0	0.0	0.0	0.0	6.0	0.0	0.0	0.0	0.0	0.0	3.0	0.0	13.0	0.0	0.0	0.0	0.0	0.0	0.0	0.0	0.0	0.0	0.0	0.0	0.0	0.0	0.0	0.0	0.0	2.0	0.0	0.0	0.0	0.0	0.0	0.0	0.0	0.0	19.0	0.0	0.0	7.0	0.0	0.0	0.0	0.0	0.0	0.0	0.0	44.0	0.0	0.0	11.0	0.0	3.0	0.0	0.0	0.0	0.0	0.0	4.0	0.0	0.0	0.0	0.0	0.0	0.0	0.0	0.0	0.0	0.0	1.0	0.0	0.0	0.0	0.0	0.0	26.0	4.0	0.0	0.0	0.0	0.0	30.0	0.0	0.0	8.0	3.0	0.0	0.0	0.0	0.0	0.0	0.0	0.0	0.0	2.0	0.0	5.0	0.0	0.0	0.0	0.0	1.0	0.0	0.0	0.0	0.0	0.0	0.0	0.0	0.0	0.0	0.0	0.0	0.0	0.0	0.0	0.0	0.0	0.0	0.0	9.0	5.0	0.0	0.0	0.0	0.0	86.0	0.0	12.0	0.0	17.0	0.0	11.0	36.0	0.0	0.0	21.0	122.0	0.0	0.0	0.0	0.0	0.0	0.0	0.0	0.0	0.0	0.0	0.0	0.0	0.0	0.0	0.0	0.0	1.0	0.0	4.0	0.0	0.0	0.0	0.0	33.0	0.0	0.0	0.0	0.0	9.0	0.0	4.0	0.0	0.0	0.0	0.0	19.0	3.0	0.0	0.0	11.0	0.0	0.0	0.0	0.0	0.0	0.0	0.0	7.0	0.0	0.0	0.0	0.0	0.0	0.0	0.0	0.0	0.0	0.0	3.0	0.0	0.0	4.0	0.0	0.0	0.0	0.0	0.0	0.0	0.0	27.0	0.0	0.0	0.0	0.0	0.0	0.0	0.0	0.0	0.0	0.0	0.0	0.0	0.0	0.0	0.0	0.0	0.0	37.0	0.0	0.0	0.0	0.0	4.0	2.0	0.0	0.0	0.0	0.0	0.0	13.0	0.0	0.0	0.0	0.0	0.0	0.0	0.0	0.0	0.0	0.0	0.0	0.0	0.0	0.0	0.0	0.0	0.0	0.0	0.0	0.0	0.0	0.0	0.0	47.0	0.0	0.0	0.0	0.0	0.0	29.0	0.0	0.0	0.0	0.0	0.0	0.0	0.0	0.0	0.0	0.0	0.0	0.0	9.0	0.0	0.0	0.0	0.0	0.0	0.0	0.0	0.0	0.0	15.0	54.0	0.0	0.0	0.0	13.0	0.0	0.0	0.0	0.0	0.0	0.0	0.0	21.0	0.0	4.0	7.0	60.0	0.0	0.0	0.0	0.0	0.0	0.0	20.0	0.0	0.0	0.0	0.0	0.0	0.0	0.0	10.0	0.0	0.0	0.0	1.0	0.0	0.0	2.0	0.0	0.0	0.0	0.0	0.0	0.0	0.0	0.0	0.0	0.0	0.0	10.0	0.0	0.0	0.0	0.0	0.0	0.0	0.0	0.0	0.0	35.0	0.0	28.0	0.0	0.0	18.0	0.0	0.0	0.0	0.0	0.0	0.0	0.0	0.0	0.0	0.0	0.0	0.0	0.0	0.0	11.0	0.0	17.0	0.0	42.0	0.0	0.0	0.0	0.0	0.0	0.0	0.0	0.0	12.0	0.0	0.0	0.0	0.0	0.0	0.0	0.0	0.0	0.0	11.0	0.0	0.0	36.0	0.0	2.0	29.0	0.0	0.0	0.0	0.0	0.0	0.0	0.0	0.0	0.0	72.0	0.0	12.0	0.0	0.0	0.0	0.0	0.0	0.0	0.0	0.0	0.0	6.0	0.0	0.0	0.0	0.0	11.0	0.0	0.0	0.0	0.0	0.0	0.0	0.0	0.0	0.0	0.0	0.0	0.0	0.0	0.0	0.0	0.0	20.0	0.0	0.0	0.0	0.0
s__Blautia stercoris (1)	0.0	0.0	0.0	0.0	11.0	0.0	0.0	0.0	0.0	0.0	0.0	0.0	0.0	0.0	0.0	0.0	0.0	0.0	0.0	0.0	0.0	13.0	0.0	0.0	0.0	0.0	0.0	0.0	26.0	0.0	0.0	0.0	0.0	0.0	0.0	0.0	54.0	0.0	0.0	0.0	0.0	0.0	0.0	0.0	0.0	0.0	0.0	0.0	0.0	0.0	0.0	0.0	0.0	0.0	0.0	0.0	0.0	0.0	13.0	0.0	12.0	0.0	0.0	0.0	0.0	0.0	0.0	0.0	0.0	0.0	0.0	0.0	22.0	0.0	0.0	0.0	0.0	0.0	0.0	0.0	52.0	0.0	0.0	0.0	0.0	0.0	0.0	448.0	0.0	0.0	0.0	0.0	0.0	0.0	0.0	0.0	0.0	29.0	0.0	0.0	0.0	0.0	0.0	0.0	0.0	0.0	0.0	0.0	0.0	28.0	0.0	0.0	0.0	0.0	21.0	0.0	0.0	0.0	0.0	0.0	0.0	0.0	39.0	0.0	0.0	0.0	0.0	0.0	0.0	0.0	0.0	0.0	0.0	118.0	0.0	0.0	0.0	0.0	0.0	0.0	0.0	0.0	0.0	0.0	0.0	0.0	0.0	10.0	0.0	0.0	0.0	0.0	0.0	0.0	0.0	0.0	0.0	0.0	0.0	0.0	20.0	0.0	0.0	3.0	0.0	0.0	0.0	0.0	0.0	0.0	0.0	24.0	0.0	0.0	0.0	97.0	0.0	0.0	37.0	0.0	0.0	0.0	0.0	0.0	0.0	0.0	0.0	0.0	0.0	0.0	0.0	0.0	0.0	0.0	0.0	0.0	80.0	0.0	0.0	0.0	0.0	0.0	40.0	63.0	0.0	0.0	0.0	0.0	19.0	0.0	0.0	0.0	0.0	32.0	0.0	0.0	0.0	0.0	0.0	0.0	59.0	92.0	377.0	0.0	0.0	0.0	0.0	0.0	0.0	0.0	0.0	0.0	0.0	0.0	0.0	0.0	0.0	25.0	0.0	0.0	25.0	0.0	41.0	27.0	164.0	0.0	0.0	0.0	20.0	0.0	0.0	0.0	1.0	0.0	0.0	0.0	0.0	0.0	0.0	0.0	0.0	0.0	0.0	0.0	0.0	0.0	0.0	0.0	0.0	0.0	0.0	0.0	0.0	0.0	0.0	0.0	0.0	0.0	0.0	0.0	0.0	0.0	0.0	0.0	0.0	0.0	0.0	0.0	0.0	130.0	0.0	45.0	0.0	0.0	0.0	3.0	35.0	0.0	0.0	0.0	0.0	0.0	0.0	0.0	0.0	40.0	0.0	0.0	0.0	0.0	0.0	0.0	0.0	0.0	79.0	0.0	0.0	0.0	0.0	0.0	0.0	0.0	0.0	74.0	0.0	0.0	0.0	0.0	0.0	0.0	0.0	0.0	13.0	0.0	0.0	0.0	0.0	0.0	0.0	0.0	25.0	0.0	78.0	0.0	0.0	0.0	47.0	0.0	0.0	0.0	0.0	25.0	0.0	0.0	0.0	0.0	36.0	0.0	40.0	33.0	13.0	6.0	0.0	0.0	0.0	6.0	35.0	0.0	0.0	0.0	0.0	0.0	0.0	61.0	0.0	0.0	0.0	0.0	17.0	0.0	0.0	0.0	8.0	0.0	0.0	0.0	0.0	0.0	0.0	0.0	0.0	0.0	0.0	0.0	0.0	11.0	162.0	0.0	0.0	0.0	0.0	0.0	0.0	37.0	0.0	0.0	0.0	0.0	0.0	27.0	0.0	0.0	0.0	0.0	0.0	15.0	0.0	0.0	82.0	0.0	0.0	0.0	12.0	0.0	0.0	0.0	0.0	0.0	0.0	0.0	0.0	17.0	0.0	0.0	54.0	0.0	0.0	0.0	0.0	0.0	0.0	0.0	0.0	0.0	0.0	7.0	0.0	0.0	0.0	0.0	0.0	0.0	0.0	0.0	0.0	0.0	0.0	0.0	0.0	61.0	0.0	0.0	0.0	0.0	0.0	0.0	0.0	0.0	0.0	0.0	0.0	0.0	0.0	23.0	0.0	0.0	0.0	0.0	0.0	0.0	49.0	0.0	0.0
s__Schaedlerella hominis (1)	0.0	0.0	0.0	0.0	6.0	0.0	0.0	0.0	0.0	40.0	0.0	0.0	0.0	0.0	0.0	0.0	0.0	0.0	0.0	0.0	0.0	0.0	0.0	10.0	0.0	49.0	0.0	0.0	0.0	13.0	0.0	0.0	9.0	0.0	0.0	0.0	33.0	0.0	0.0	0.0	0.0	0.0	0.0	0.0	0.0	0.0	0.0	0.0	0.0	0.0	0.0	0.0	0.0	0.0	0.0	0.0	0.0	0.0	0.0	0.0	4.0	0.0	0.0	0.0	28.0	0.0	0.0	16.0	0.0	0.0	0.0	0.0	0.0	0.0	0.0	7.0	0.0	0.0	0.0	0.0	0.0	0.0	0.0	0.0	0.0	0.0	0.0	0.0	0.0	0.0	0.0	0.0	11.0	0.0	0.0	0.0	0.0	0.0	0.0	0.0	0.0	0.0	0.0	0.0	0.0	0.0	0.0	0.0	0.0	0.0	0.0	0.0	12.0	0.0	0.0	0.0	0.0	0.0	0.0	0.0	0.0	0.0	36.0	0.0	0.0	7.0	0.0	1.0	0.0	0.0	2.0	24.0	0.0	0.0	0.0	0.0	0.0	0.0	0.0	0.0	0.0	0.0	0.0	0.0	0.0	0.0	0.0	0.0	0.0	0.0	0.0	0.0	0.0	0.0	0.0	0.0	0.0	0.0	0.0	0.0	0.0	0.0	0.0	0.0	0.0	0.0	7.0	0.0	0.0	0.0	0.0	13.0	15.0	0.0	0.0	38.0	0.0	1.0	0.0	0.0	0.0	0.0	0.0	0.0	0.0	0.0	7.0	0.0	0.0	0.0	2.0	0.0	0.0	0.0	0.0	0.0	0.0	0.0	0.0	0.0	14.0	0.0	0.0	5.0	0.0	0.0	0.0	0.0	0.0	0.0	0.0	0.0	0.0	1.0	0.0	0.0	20.0	0.0	0.0	0.0	0.0	0.0	4.0	0.0	0.0	0.0	10.0	0.0	0.0	0.0	0.0	0.0	0.0	0.0	0.0	0.0	0.0	11.0	0.0	0.0	0.0	1.0	0.0	0.0	0.0	0.0	0.0	12.0	0.0	0.0	0.0	0.0	0.0	0.0	0.0	0.0	0.0	0.0	0.0	0.0	0.0	0.0	0.0	0.0	0.0	0.0	0.0	0.0	0.0	0.0	0.0	0.0	0.0	0.0	0.0	2.0	0.0	0.0	10.0	0.0	0.0	0.0	0.0	0.0	0.0	0.0	0.0	0.0	0.0	0.0	0.0	0.0	0.0	0.0	4.0	0.0	0.0	0.0	0.0	14.0	0.0	272.0	0.0	0.0	8.0	3.0	75.0	0.0	0.0	0.0	0.0	0.0	0.0	0.0	0.0	0.0	0.0	0.0	0.0	0.0	0.0	0.0	0.0	0.0	32.0	0.0	0.0	0.0	0.0	86.0	0.0	0.0	12.0	0.0	0.0	0.0	0.0	11.0	0.0	0.0	0.0	0.0	38.0	0.0	0.0	0.0	0.0	0.0	0.0	0.0	0.0	0.0	0.0	0.0	0.0	0.0	0.0	0.0	4.0	0.0	19.0	0.0	4.0	0.0	0.0	0.0	0.0	0.0	0.0	0.0	0.0	0.0	0.0	9.0	0.0	0.0	0.0	0.0	0.0	0.0	1.0	0.0	8.0	0.0	0.0	3.0	0.0	0.0	0.0	0.0	0.0	0.0	0.0	0.0	0.0	7.0	0.0	0.0	0.0	0.0	0.0	0.0	0.0	4.0	0.0	0.0	0.0	0.0	25.0	0.0	0.0	0.0	0.0	0.0	0.0	1.0	0.0	0.0	27.0	0.0	0.0	0.0	0.0	0.0	0.0	0.0	0.0	0.0	0.0	4.0	0.0	0.0	0.0	0.0	0.0	0.0	0.0	0.0	0.0	0.0	0.0	0.0	0.0	0.0	4.0	6.0	0.0	0.0	0.0	0.0	0.0	0.0	0.0	0.0	0.0	0.0	0.0	0.0	0.0	2.0	0.0	0.0	24.0	0.0	0.0	0.0	0.0	0.0	0.0	0.0	0.0	0.0	0.0	0.0	0.0	0.0	0.0	0.0	0.0	0.0	4.0	0.0	0.0
g__Laedolimicola (1)	0.0	0.0	0.0	0.0	1.0	0.0	0.0	0.0	0.0	0.0	0.0	0.0	0.0	0.0	0.0	0.0	1.0	0.0	0.0	5.0	0.0	0.0	0.0	0.0	0.0	0.0	10.0	0.0	0.0	0.0	0.0	0.0	3.0	0.0	0.0	0.0	0.0	0.0	0.0	0.0	0.0	9.0	0.0	5.0	0.0	0.0	0.0	0.0	0.0	0.0	0.0	0.0	0.0	0.0	0.0	0.0	6.0	0.0	9.0	0.0	0.0	0.0	0.0	0.0	0.0	0.0	0.0	0.0	0.0	0.0	0.0	0.0	0.0	0.0	0.0	3.0	0.0	0.0	0.0	0.0	0.0	0.0	0.0	0.0	0.0	0.0	2.0	0.0	0.0	0.0	0.0	0.0	0.0	0.0	0.0	0.0	0.0	4.0	0.0	0.0	0.0	0.0	0.0	0.0	0.0	0.0	0.0	0.0	4.0	1.0	0.0	0.0	0.0	0.0	0.0	0.0	0.0	0.0	2.0	4.0	2.0	0.0	0.0	0.0	0.0	5.0	0.0	0.0	7.0	0.0	8.0	5.0	0.0	0.0	0.0	0.0	0.0	0.0	10.0	0.0	0.0	0.0	0.0	18.0	0.0	0.0	0.0	0.0	5.0	0.0	0.0	0.0	0.0	0.0	0.0	0.0	0.0	0.0	0.0	0.0	14.0	0.0	0.0	0.0	0.0	0.0	0.0	0.0	3.0	0.0	0.0	0.0	0.0	0.0	0.0	0.0	0.0	0.0	0.0	0.0	0.0	0.0	0.0	0.0	0.0	0.0	6.0	0.0	0.0	7.0	0.0	0.0	0.0	0.0	0.0	7.0	0.0	0.0	0.0	0.0	5.0	0.0	2.0	0.0	0.0	0.0	0.0	1.0	0.0	0.0	0.0	0.0	0.0	1.0	0.0	0.0	3.0	0.0	0.0	0.0	1.0	0.0	0.0	0.0	0.0	0.0	0.0	0.0	0.0	0.0	0.0	0.0	0.0	0.0	0.0	0.0	1.0	0.0	0.0	0.0	0.0	0.0	0.0	0.0	0.0	6.0	0.0	0.0	0.0	0.0	0.0	0.0	0.0	0.0	0.0	33.0	0.0	3.0	0.0	0.0	0.0	0.0	0.0	0.0	10.0	0.0	0.0	0.0	0.0	0.0	0.0	0.0	0.0	0.0	0.0	8.0	0.0	0.0	9.0	0.0	0.0	0.0	0.0	0.0	0.0	0.0	0.0	0.0	0.0	10.0	0.0	0.0	0.0	0.0	4.0	0.0	0.0	0.0	0.0	0.0	0.0	0.0	0.0	0.0	0.0	0.0	2.0	0.0	0.0	0.0	0.0	0.0	0.0	0.0	0.0	0.0	0.0	0.0	0.0	0.0	0.0	0.0	0.0	0.0	0.0	0.0	0.0	0.0	0.0	0.0	0.0	0.0	1.0	0.0	1.0	0.0	0.0	1.0	0.0	0.0	0.0	2.0	0.0	0.0	0.0	0.0	0.0	2.0	4.0	0.0	0.0	0.0	0.0	0.0	0.0	0.0	0.0	0.0	0.0	0.0	6.0	0.0	9.0	3.0	0.0	0.0	0.0	0.0	0.0	0.0	0.0	0.0	0.0	0.0	0.0	0.0	0.0	0.0	0.0	0.0	0.0	0.0	0.0	0.0	0.0	0.0	0.0	0.0	0.0	0.0	0.0	0.0	0.0	0.0	0.0	1.0	5.0	0.0	0.0	0.0	0.0	0.0	0.0	0.0	0.0	6.0	0.0	0.0	0.0	4.0	0.0	0.0	0.0	0.0	0.0	9.0	0.0	0.0	2.0	0.0	0.0	0.0	0.0	0.0	0.0	0.0	0.0	0.0	0.0	0.0	0.0	0.0	0.0	0.0	0.0	0.0	0.0	0.0	0.0	0.0	0.0	0.0	0.0	0.0	3.0	0.0	0.0	0.0	0.0	0.0	0.0	0.0	0.0	0.0	0.0	6.0	0.0	0.0	0.0	19.0	0.0	0.0	0.0	0.0	0.0	0.0	0.0	0.0	0.0	0.0	0.0	4.0	0.0	0.0	3.0	5.0	0.0	0.0	0.0	0.0	0.0	2.0	0.0
g__Lactonifactor (1)	0.0	0.0	0.0	0.0	0.0	0.0	10.0	0.0	0.0	0.0	0.0	4.0	0.0	0.0	0.0	0.0	0.0	0.0	0.0	0.0	0.0	0.0	0.0	2.0	6.0	0.0	0.0	0.0	0.0	0.0	0.0	0.0	0.0	0.0	0.0	0.0	0.0	0.0	0.0	0.0	0.0	0.0	0.0	0.0	0.0	0.0	0.0	5.0	0.0	0.0	8.0	3.0	0.0	3.0	0.0	0.0	0.0	0.0	0.0	0.0	0.0	0.0	6.0	0.0	0.0	0.0	0.0	0.0	0.0	0.0	0.0	0.0	0.0	6.0	0.0	1.0	0.0	0.0	0.0	0.0	7.0	0.0	0.0	0.0	0.0	0.0	13.0	0.0	0.0	0.0	1.0	0.0	0.0	0.0	1.0	0.0	0.0	0.0	0.0	0.0	0.0	0.0	0.0	2.0	0.0	0.0	0.0	0.0	0.0	0.0	0.0	0.0	0.0	0.0	0.0	0.0	1.0	0.0	0.0	0.0	0.0	0.0	2.0	0.0	0.0	30.0	0.0	0.0	0.0	0.0	0.0	0.0	0.0	0.0	0.0	0.0	0.0	0.0	0.0	0.0	0.0	0.0	0.0	12.0	0.0	0.0	0.0	0.0	0.0	0.0	16.0	0.0	2.0	0.0	0.0	0.0	0.0	0.0	0.0	0.0	0.0	0.0	0.0	0.0	0.0	0.0	0.0	0.0	0.0	0.0	0.0	0.0	0.0	0.0	11.0	0.0	0.0	0.0	0.0	4.0	0.0	0.0	0.0	7.0	0.0	0.0	1.0	8.0	10.0	0.0	0.0	0.0	0.0	0.0	8.0	5.0	0.0	0.0	0.0	0.0	0.0	0.0	0.0	0.0	0.0	2.0	0.0	1.0	0.0	0.0	0.0	0.0	0.0	0.0	0.0	0.0	0.0	0.0	0.0	0.0	0.0	0.0	0.0	18.0	0.0	0.0	0.0	0.0	0.0	0.0	1.0	0.0	0.0	0.0	0.0	0.0	5.0	0.0	0.0	0.0	0.0	0.0	0.0	0.0	0.0	0.0	0.0	0.0	0.0	0.0	0.0	0.0	0.0	0.0	0.0	0.0	19.0	0.0	0.0	0.0	25.0	0.0	3.0	0.0	0.0	0.0	0.0	3.0	0.0	0.0	0.0	5.0	0.0	0.0	0.0	0.0	0.0	0.0	0.0	0.0	0.0	0.0	0.0	0.0	0.0	0.0	0.0	0.0	0.0	0.0	0.0	0.0	0.0	0.0	0.0	0.0	2.0	0.0	0.0	0.0	0.0	0.0	0.0	1.0	0.0	0.0	0.0	1.0	12.0	2.0	0.0	0.0	4.0	0.0	0.0	0.0	0.0	0.0	0.0	0.0	0.0	0.0	0.0	0.0	0.0	0.0	0.0	0.0	0.0	0.0	0.0	0.0	0.0	0.0	0.0	5.0	0.0	0.0	1.0	0.0	0.0	0.0	0.0	2.0	0.0	0.0	0.0	0.0	3.0	0.0	0.0	0.0	0.0	0.0	0.0	0.0	0.0	3.0	0.0	0.0	0.0	0.0	0.0	0.0	0.0	1.0	0.0	0.0	0.0	0.0	0.0	0.0	0.0	0.0	0.0	0.0	0.0	0.0	0.0	0.0	0.0	0.0	0.0	0.0	0.0	0.0	0.0	0.0	0.0	0.0	0.0	28.0	0.0	0.0	14.0	0.0	0.0	0.0	56.0	0.0	19.0	0.0	0.0	0.0	0.0	0.0	0.0	0.0	0.0	0.0	0.0	0.0	0.0	0.0	0.0	0.0	0.0	0.0	0.0	0.0	0.0	0.0	0.0	0.0	0.0	0.0	0.0	0.0	0.0	0.0	0.0	0.0	0.0	0.0	0.0	0.0	0.0	0.0	0.0	0.0	0.0	11.0	4.0	0.0	0.0	0.0	0.0	0.0	0.0	0.0	0.0	0.0	0.0	0.0	0.0	3.0	0.0	0.0	0.0	0.0	1.0	0.0	0.0	0.0	0.0	3.0	0.0	0.0	0.0	0.0	0.0	0.0	0.0	0.0	0.0	0.0	0.0	0.0	6.0	0.0	0.0	0.0	0.0
s__Sellimonas intestinalis (2)	0.0	0.0	0.0	0.0	0.0	0.0	0.0	0.0	6.0	0.0	0.0	3.0	0.0	0.0	0.0	0.0	0.0	0.0	0.0	0.0	0.0	0.0	0.0	0.0	0.0	0.0	0.0	0.0	0.0	24.0	0.0	0.0	0.0	0.0	0.0	34.0	0.0	0.0	0.0	27.0	0.0	0.0	15.0	0.0	69.0	20.0	0.0	0.0	0.0	0.0	0.0	20.0	0.0	5.0	0.0	0.0	0.0	0.0	0.0	0.0	0.0	0.0	87.0	0.0	0.0	14.0	0.0	0.0	0.0	0.0	12.0	0.0	0.0	0.0	0.0	0.0	0.0	0.0	0.0	81.0	0.0	0.0	0.0	0.0	0.0	0.0	0.0	11.0	0.0	0.0	0.0	0.0	0.0	0.0	22.0	0.0	0.0	0.0	0.0	0.0	0.0	0.0	0.0	15.0	0.0	0.0	0.0	0.0	0.0	0.0	0.0	0.0	0.0	0.0	0.0	0.0	0.0	0.0	0.0	0.0	0.0	0.0	10.0	0.0	0.0	0.0	0.0	43.0	0.0	0.0	0.0	0.0	0.0	0.0	0.0	0.0	0.0	0.0	13.0	37.0	0.0	0.0	0.0	0.0	0.0	4.0	0.0	0.0	0.0	11.0	0.0	0.0	4.0	0.0	0.0	0.0	0.0	0.0	0.0	0.0	0.0	0.0	0.0	0.0	0.0	0.0	0.0	0.0	0.0	0.0	0.0	0.0	0.0	0.0	0.0	0.0	0.0	0.0	0.0	0.0	0.0	0.0	0.0	30.0	0.0	0.0	0.0	30.0	2.0	0.0	0.0	0.0	0.0	22.0	0.0	0.0	0.0	0.0	0.0	0.0	0.0	0.0	0.0	0.0	0.0	0.0	0.0	0.0	0.0	0.0	0.0	0.0	0.0	0.0	0.0	0.0	0.0	0.0	21.0	0.0	0.0	0.0	0.0	0.0	0.0	0.0	0.0	0.0	0.0	0.0	10.0	0.0	0.0	0.0	0.0	0.0	0.0	0.0	0.0	0.0	0.0	0.0	0.0	0.0	0.0	0.0	0.0	0.0	3.0	0.0	8.0	0.0	0.0	0.0	37.0	0.0	0.0	0.0	0.0	0.0	58.0	0.0	7.0	0.0	0.0	10.0	0.0	0.0	0.0	0.0	0.0	82.0	0.0	0.0	0.0	0.0	0.0	0.0	0.0	0.0	0.0	0.0	0.0	24.0	0.0	0.0	0.0	0.0	0.0	0.0	0.0	0.0	0.0	0.0	0.0	0.0	0.0	0.0	0.0	0.0	0.0	0.0	0.0	0.0	0.0	0.0	0.0	0.0	5.0	0.0	0.0	0.0	4.0	45.0	0.0	0.0	0.0	0.0	17.0	0.0	0.0	0.0	0.0	0.0	0.0	0.0	0.0	0.0	0.0	0.0	0.0	0.0	0.0	8.0	0.0	32.0	0.0	0.0	0.0	0.0	0.0	0.0	0.0	0.0	0.0	0.0	0.0	0.0	0.0	0.0	0.0	0.0	0.0	0.0	0.0	0.0	0.0	0.0	0.0	0.0	0.0	0.0	0.0	0.0	0.0	3.0	0.0	0.0	0.0	0.0	0.0	10.0	3.0	0.0	14.0	0.0	0.0	87.0	0.0	0.0	0.0	5.0	0.0	0.0	13.0	0.0	0.0	0.0	0.0	0.0	11.0	5.0	53.0	0.0	0.0	0.0	0.0	0.0	193.0	0.0	0.0	0.0	0.0	0.0	0.0	0.0	0.0	0.0	0.0	0.0	0.0	0.0	0.0	0.0	0.0	0.0	0.0	0.0	0.0	0.0	0.0	0.0	0.0	0.0	0.0	4.0	0.0	0.0	13.0	0.0	0.0	0.0	0.0	32.0	0.0	0.0	0.0	0.0	0.0	0.0	0.0	0.0	0.0	0.0	0.0	0.0	9.0	0.0	2.0	0.0	0.0	0.0	0.0	0.0	0.0	0.0	0.0	0.0	0.0	0.0	0.0	0.0	0.0	0.0	0.0	21.0	0.0	0.0	0.0	23.0	0.0	0.0	5.0	0.0	7.0	0.0	0.0	0.0	50.0	0.0	0.0	0.0	0.0
s__Sellimonas intestinalis (1)	4.0	0.0	0.0	0.0	0.0	0.0	33.0	0.0	0.0	0.0	0.0	0.0	0.0	0.0	0.0	0.0	0.0	0.0	0.0	0.0	35.0	0.0	0.0	0.0	0.0	0.0	0.0	0.0	0.0	0.0	0.0	0.0	0.0	0.0	0.0	169.0	0.0	0.0	0.0	40.0	0.0	0.0	54.0	2.0	55.0	11.0	0.0	32.0	0.0	0.0	17.0	0.0	0.0	0.0	27.0	0.0	0.0	0.0	0.0	0.0	0.0	0.0	318.0	0.0	8.0	22.0	0.0	0.0	0.0	0.0	11.0	0.0	0.0	0.0	0.0	0.0	6.0	0.0	0.0	0.0	50.0	0.0	0.0	0.0	0.0	0.0	20.0	34.0	0.0	0.0	3.0	0.0	0.0	0.0	135.0	0.0	0.0	0.0	0.0	35.0	0.0	0.0	0.0	43.0	0.0	0.0	0.0	0.0	0.0	0.0	0.0	0.0	0.0	0.0	0.0	0.0	0.0	46.0	0.0	22.0	0.0	12.0	21.0	0.0	0.0	4.0	0.0	0.0	0.0	0.0	0.0	0.0	0.0	0.0	0.0	0.0	0.0	0.0	33.0	0.0	0.0	0.0	9.0	0.0	0.0	36.0	0.0	0.0	0.0	0.0	6.0	0.0	0.0	6.0	0.0	0.0	0.0	0.0	150.0	0.0	0.0	0.0	22.0	0.0	22.0	0.0	0.0	0.0	0.0	0.0	0.0	0.0	0.0	0.0	1.0	0.0	0.0	0.0	0.0	0.0	0.0	0.0	0.0	106.0	0.0	6.0	0.0	50.0	0.0	0.0	0.0	0.0	0.0	15.0	0.0	2.0	0.0	0.0	3.0	0.0	0.0	0.0	0.0	8.0	0.0	0.0	0.0	0.0	0.0	0.0	9.0	0.0	0.0	0.0	0.0	0.0	0.0	0.0	45.0	0.0	0.0	0.0	0.0	0.0	0.0	5.0	0.0	0.0	0.0	0.0	12.0	0.0	0.0	0.0	0.0	0.0	0.0	0.0	0.0	0.0	0.0	0.0	0.0	14.0	0.0	0.0	0.0	34.0	0.0	0.0	0.0	0.0	0.0	0.0	28.0	0.0	0.0	24.0	0.0	0.0	234.0	0.0	11.0	0.0	0.0	11.0	0.0	0.0	0.0	0.0	3.0	28.0	0.0	0.0	4.0	0.0	4.0	28.0	2.0	17.0	0.0	0.0	0.0	12.0	0.0	0.0	0.0	0.0	0.0	0.0	0.0	0.0	0.0	12.0	0.0	0.0	0.0	0.0	0.0	0.0	0.0	0.0	0.0	0.0	0.0	0.0	0.0	0.0	0.0	0.0	0.0	0.0	0.0	0.0	0.0	0.0	0.0	0.0	18.0	0.0	0.0	0.0	0.0	0.0	32.0	0.0	0.0	0.0	0.0	0.0	0.0	0.0	0.0	14.0	0.0	19.0	0.0	0.0	1.0	1.0	0.0	0.0	0.0	8.0	0.0	0.0	0.0	0.0	0.0	0.0	3.0	0.0	0.0	0.0	0.0	15.0	1.0	8.0	0.0	0.0	0.0	0.0	0.0	17.0	0.0	0.0	0.0	0.0	0.0	0.0	0.0	0.0	0.0	0.0	26.0	0.0	0.0	96.0	0.0	0.0	0.0	31.0	0.0	0.0	78.0	0.0	3.0	0.0	0.0	0.0	34.0	0.0	27.0	0.0	46.0	0.0	0.0	0.0	0.0	0.0	4.0	0.0	0.0	0.0	0.0	0.0	0.0	0.0	0.0	0.0	0.0	0.0	0.0	0.0	0.0	0.0	0.0	0.0	0.0	17.0	16.0	0.0	0.0	0.0	0.0	38.0	14.0	0.0	19.0	0.0	0.0	0.0	0.0	26.0	0.0	0.0	12.0	19.0	0.0	0.0	0.0	0.0	2.0	0.0	0.0	0.0	17.0	0.0	0.0	0.0	0.0	0.0	0.0	0.0	0.0	5.0	0.0	0.0	0.0	0.0	2.0	0.0	2.0	0.0	0.0	30.0	0.0	0.0	0.0	41.0	0.0	0.0	0.0	0.0	8.0	0.0	0.0	14.0	0.0	0.0	0.0	0.0	0.0
g__Blautia_A (6)	191.0	0.0	0.0	19.0	0.0	0.0	31.0	0.0	0.0	11.0	226.0	0.0	0.0	0.0	0.0	0.0	0.0	0.0	0.0	0.0	0.0	22.0	0.0	0.0	0.0	16.0	0.0	75.0	0.0	276.0	0.0	0.0	0.0	13.0	0.0	0.0	0.0	0.0	0.0	102.0	28.0	0.0	0.0	0.0	211.0	0.0	173.0	0.0	0.0	93.0	0.0	0.0	0.0	0.0	36.0	0.0	0.0	0.0	0.0	0.0	121.0	0.0	44.0	0.0	0.0	0.0	0.0	0.0	0.0	0.0	0.0	0.0	0.0	0.0	0.0	0.0	0.0	0.0	0.0	0.0	0.0	0.0	0.0	0.0	0.0	0.0	0.0	34.0	0.0	0.0	0.0	0.0	0.0	0.0	0.0	0.0	0.0	0.0	0.0	0.0	0.0	0.0	0.0	0.0	0.0	0.0	0.0	0.0	0.0	0.0	41.0	0.0	0.0	0.0	0.0	0.0	0.0	41.0	17.0	0.0	0.0	0.0	0.0	0.0	37.0	0.0	0.0	24.0	0.0	0.0	0.0	0.0	0.0	0.0	0.0	0.0	0.0	0.0	0.0	0.0	0.0	0.0	0.0	0.0	0.0	0.0	0.0	0.0	0.0	0.0	0.0	0.0	0.0	0.0	0.0	0.0	0.0	0.0	0.0	0.0	0.0	0.0	0.0	0.0	0.0	0.0	0.0	0.0	0.0	0.0	0.0	44.0	0.0	0.0	185.0	0.0	0.0	0.0	0.0	0.0	0.0	0.0	0.0	0.0	0.0	16.0	0.0	0.0	0.0	97.0	0.0	0.0	0.0	53.0	0.0	0.0	0.0	0.0	0.0	0.0	45.0	0.0	0.0	0.0	0.0	0.0	0.0	0.0	0.0	0.0	0.0	0.0	0.0	0.0	0.0	0.0	0.0	63.0	0.0	0.0	17.0	0.0	12.0	0.0	0.0	0.0	0.0	110.0	0.0	0.0	0.0	0.0	0.0	0.0	0.0	0.0	0.0	0.0	0.0	0.0	0.0	29.0	0.0	0.0	0.0	0.0	45.0	0.0	26.0	0.0	0.0	0.0	0.0	13.0	0.0	45.0	0.0	0.0	0.0	9.0	0.0	0.0	0.0	0.0	0.0	0.0	0.0	0.0	14.0	0.0	0.0	0.0	0.0	0.0	0.0	0.0	0.0	0.0	0.0	0.0	0.0	0.0	85.0	0.0	0.0	0.0	0.0	0.0	0.0	22.0	0.0	0.0	0.0	0.0	0.0	29.0	0.0	0.0	65.0	0.0	0.0	159.0	43.0	0.0	0.0	0.0	0.0	0.0	0.0	0.0	0.0	0.0	0.0	0.0	0.0	0.0	0.0	0.0	0.0	0.0	0.0	0.0	0.0	0.0	0.0	0.0	0.0	139.0	0.0	0.0	0.0	0.0	0.0	0.0	21.0	0.0	0.0	0.0	0.0	21.0	0.0	0.0	0.0	0.0	0.0	0.0	0.0	0.0	0.0	0.0	0.0	0.0	0.0	24.0	0.0	0.0	0.0	22.0	0.0	0.0	0.0	0.0	0.0	0.0	0.0	0.0	41.0	65.0	0.0	10.0	0.0	0.0	0.0	0.0	0.0	0.0	0.0	0.0	0.0	0.0	0.0	0.0	0.0	0.0	0.0	0.0	0.0	0.0	0.0	0.0	0.0	0.0	0.0	0.0	0.0	0.0	0.0	0.0	0.0	0.0	21.0	0.0	0.0	0.0	16.0	0.0	0.0	0.0	0.0	0.0	0.0	0.0	0.0	0.0	0.0	0.0	0.0	0.0	0.0	0.0	0.0	0.0	0.0	67.0	0.0	0.0	0.0	68.0	0.0	0.0	0.0	140.0	0.0	0.0	80.0	0.0	62.0	0.0	0.0	0.0	0.0	0.0	90.0	0.0	0.0	42.0	0.0	0.0	0.0	0.0	0.0	0.0	0.0	0.0	0.0	0.0	30.0	0.0	0.0	0.0	0.0	0.0	0.0	11.0	0.0	0.0	0.0	0.0	0.0	240.0	0.0	0.0	0.0	0.0	242.0	0.0	0.0	0.0	15.0	0.0	0.0	0.0	0.0
s__Faecalimonas umbilicata (1)	23.0	0.0	0.0	3.0	0.0	63.0	0.0	0.0	5.0	178.0	13.0	0.0	0.0	8.0	0.0	0.0	0.0	0.0	0.0	0.0	27.0	0.0	0.0	0.0	11.0	0.0	0.0	0.0	0.0	15.0	87.0	0.0	0.0	0.0	0.0	0.0	0.0	232.0	17.0	0.0	0.0	2.0	1.0	21.0	8.0	42.0	25.0	42.0	132.0	0.0	0.0	0.0	61.0	0.0	0.0	1.0	4.0	0.0	0.0	98.0	0.0	0.0	0.0	0.0	0.0	17.0	3.0	23.0	0.0	0.0	0.0	0.0	0.0	27.0	4.0	0.0	2.0	3605.0	6.0	0.0	71.0	2.0	292.0	4.0	0.0	79.0	0.0	8.0	0.0	13.0	1.0	0.0	0.0	45.0	0.0	194.0	209.0	0.0	0.0	145.0	0.0	179.0	22.0	0.0	0.0	0.0	0.0	0.0	0.0	0.0	0.0	142.0	0.0	0.0	0.0	0.0	254.0	0.0	0.0	0.0	0.0	38.0	184.0	0.0	0.0	0.0	0.0	0.0	0.0	0.0	0.0	0.0	49.0	32.0	10.0	0.0	0.0	0.0	0.0	12.0	398.0	15.0	110.0	0.0	416.0	0.0	0.0	0.0	0.0	0.0	0.0	0.0	0.0	0.0	3.0	0.0	0.0	0.0	0.0	0.0	0.0	6.0	0.0	0.0	78.0	18.0	0.0	0.0	0.0	0.0	0.0	0.0	0.0	135.0	32.0	0.0	655.0	2.0	0.0	0.0	0.0	0.0	73.0	7.0	228.0	0.0	0.0	0.0	0.0	0.0	0.0	10.0	0.0	0.0	175.0	0.0	87.0	4.0	300.0	0.0	0.0	108.0	0.0	0.0	0.0	1.0	30.0	0.0	0.0	0.0	0.0	21.0	0.0	0.0	0.0	0.0	0.0	0.0	0.0	0.0	0.0	0.0	0.0	148.0	72.0	0.0	0.0	35.0	118.0	0.0	0.0	6.0	291.0	0.0	0.0	0.0	0.0	0.0	0.0	0.0	0.0	0.0	0.0	0.0	0.0	0.0	6.0	0.0	4.0	0.0	0.0	0.0	0.0	0.0	0.0	0.0	0.0	0.0	59.0	0.0	0.0	18.0	0.0	0.0	0.0	0.0	0.0	0.0	7.0	808.0	0.0	0.0	2.0	0.0	0.0	0.0	0.0	0.0	0.0	42.0	0.0	0.0	0.0	0.0	0.0	0.0	13.0	337.0	51.0	0.0	0.0	0.0	0.0	9.0	0.0	0.0	0.0	0.0	282.0	212.0	0.0	0.0	0.0	0.0	0.0	0.0	0.0	33.0	94.0	0.0	23.0	0.0	0.0	0.0	0.0	13.0	19.0	33.0	259.0	0.0	187.0	0.0	37.0	0.0	13.0	0.0	17.0	12.0	0.0	0.0	46.0	106.0	0.0	0.0	0.0	402.0	48.0	0.0	11.0	0.0	0.0	0.0	0.0	0.0	37.0	19.0	48.0	0.0	0.0	0.0	20.0	10.0	20.0	122.0	12.0	1.0	0.0	5.0	4.0	0.0	0.0	0.0	0.0	0.0	0.0	0.0	0.0	162.0	5.0	0.0	27.0	0.0	0.0	26.0	23.0	0.0	75.0	7.0	0.0	232.0	0.0	0.0	7.0	0.0	18.0	0.0	205.0	18.0	16.0	108.0	192.0	0.0	194.0	0.0	0.0	5.0	0.0	0.0	21.0	0.0	0.0	0.0	12.0	0.0	0.0	0.0	26.0	0.0	0.0	0.0	0.0	93.0	0.0	61.0	58.0	0.0	24.0	49.0	0.0	0.0	28.0	0.0	1.0	14.0	0.0	44.0	0.0	0.0	60.0	0.0	98.0	0.0	0.0	0.0	0.0	400.0	0.0	57.0	89.0	181.0	102.0	0.0	0.0	0.0	0.0	0.0	0.0	0.0	593.0	6.0	0.0	17.0	0.0	154.0	77.0	0.0	0.0	38.0	0.0	4.0	0.0	0.0	0.0	0.0	93.0	25.0	0.0	0.0	2.0	0.0	75.0	0.0	0.0	4.0	0.0	19.0	307.0	162.0	5.0	0.0	0.0	0.0	0.0
s__Dorea_D hominis (1)	0.0	0.0	0.0	0.0	13.0	0.0	61.0	0.0	0.0	0.0	0.0	0.0	0.0	0.0	0.0	0.0	0.0	0.0	0.0	0.0	0.0	0.0	0.0	0.0	0.0	0.0	0.0	0.0	4.0	0.0	0.0	0.0	3.0	0.0	0.0	0.0	0.0	0.0	0.0	0.0	0.0	0.0	0.0	0.0	0.0	0.0	0.0	0.0	0.0	0.0	0.0	0.0	0.0	0.0	0.0	0.0	0.0	0.0	0.0	0.0	0.0	0.0	0.0	0.0	0.0	0.0	0.0	0.0	0.0	0.0	0.0	0.0	0.0	0.0	0.0	2.0	0.0	0.0	0.0	0.0	0.0	0.0	0.0	0.0	0.0	0.0	8.0	0.0	0.0	0.0	0.0	0.0	0.0	0.0	0.0	0.0	0.0	12.0	0.0	0.0	0.0	0.0	0.0	0.0	0.0	0.0	0.0	0.0	0.0	0.0	0.0	0.0	0.0	0.0	7.0	0.0	0.0	0.0	0.0	0.0	0.0	0.0	34.0	8.0	0.0	41.0	0.0	0.0	0.0	0.0	17.0	0.0	0.0	0.0	0.0	0.0	0.0	0.0	0.0	0.0	0.0	0.0	0.0	0.0	0.0	0.0	0.0	0.0	0.0	0.0	0.0	0.0	0.0	0.0	0.0	0.0	0.0	0.0	0.0	28.0	11.0	0.0	0.0	0.0	0.0	0.0	12.0	0.0	0.0	0.0	0.0	0.0	0.0	0.0	0.0	0.0	0.0	13.0	0.0	0.0	0.0	0.0	0.0	0.0	0.0	0.0	13.0	0.0	0.0	11.0	0.0	0.0	0.0	0.0	0.0	1.0	0.0	0.0	0.0	0.0	0.0	0.0	0.0	0.0	0.0	0.0	21.0	25.0	0.0	0.0	0.0	0.0	0.0	0.0	0.0	0.0	0.0	0.0	32.0	0.0	0.0	0.0	5.0	0.0	79.0	0.0	13.0	0.0	0.0	0.0	0.0	0.0	0.0	0.0	7.0	0.0	0.0	0.0	0.0	0.0	0.0	0.0	0.0	0.0	0.0	0.0	0.0	0.0	5.0	0.0	0.0	0.0	4.0	0.0	0.0	0.0	0.0	0.0	0.0	0.0	0.0	45.0	0.0	0.0	0.0	22.0	0.0	0.0	0.0	0.0	13.0	0.0	0.0	22.0	0.0	0.0	0.0	47.0	0.0	0.0	0.0	0.0	0.0	0.0	0.0	0.0	0.0	0.0	0.0	0.0	0.0	0.0	0.0	0.0	0.0	27.0	19.0	0.0	0.0	0.0	0.0	0.0	0.0	0.0	5.0	0.0	0.0	0.0	0.0	0.0	57.0	9.0	0.0	0.0	0.0	0.0	0.0	0.0	0.0	0.0	0.0	0.0	0.0	0.0	0.0	0.0	0.0	0.0	0.0	0.0	0.0	0.0	0.0	0.0	3.0	0.0	0.0	0.0	0.0	0.0	0.0	9.0	0.0	0.0	0.0	0.0	0.0	0.0	0.0	0.0	0.0	0.0	0.0	0.0	0.0	0.0	0.0	0.0	0.0	0.0	3.0	0.0	0.0	0.0	0.0	6.0	0.0	0.0	0.0	0.0	0.0	0.0	0.0	0.0	0.0	0.0	0.0	0.0	0.0	0.0	0.0	0.0	0.0	0.0	0.0	0.0	31.0	0.0	0.0	0.0	0.0	7.0	0.0	0.0	0.0	2.0	0.0	0.0	0.0	0.0	0.0	0.0	0.0	0.0	0.0	0.0	24.0	32.0	0.0	0.0	0.0	0.0	0.0	0.0	0.0	9.0	0.0	0.0	2.0	236.0	0.0	0.0	0.0	0.0	0.0	0.0	0.0	0.0	0.0	11.0	0.0	0.0	0.0	0.0	2.0	0.0	56.0	0.0	0.0	0.0	0.0	79.0	0.0	0.0	11.0	20.0	0.0	0.0	0.0	0.0	0.0	0.0	0.0	0.0	0.0	0.0	0.0	0.0	0.0	4.0	0.0	34.0	120.0	0.0	0.0	0.0	0.0	0.0	0.0	0.0	0.0	0.0	17.0	19.0	0.0	4.0	0.0	0.0	0.0	0.0	0.0	20.0	0.0
s__Lachnoclostridium_B ammoniilytica (1)	0.0	0.0	0.0	24.0	9.0	0.0	0.0	21.0	0.0	0.0	0.0	25.0	0.0	0.0	0.0	0.0	11.0	7.0	0.0	11.0	0.0	6.0	0.0	0.0	0.0	23.0	22.0	9.0	14.0	0.0	0.0	0.0	34.0	0.0	0.0	0.0	10.0	0.0	21.0	0.0	0.0	17.0	0.0	0.0	0.0	0.0	0.0	0.0	0.0	0.0	0.0	0.0	0.0	0.0	0.0	0.0	0.0	16.0	10.0	0.0	0.0	0.0	0.0	158.0	0.0	0.0	0.0	0.0	0.0	4.0	0.0	0.0	0.0	0.0	0.0	22.0	0.0	0.0	0.0	29.0	0.0	0.0	0.0	0.0	0.0	0.0	2.0	0.0	0.0	0.0	0.0	0.0	0.0	0.0	0.0	0.0	0.0	12.0	0.0	0.0	28.0	0.0	12.0	19.0	0.0	0.0	0.0	0.0	0.0	26.0	0.0	0.0	63.0	0.0	0.0	16.0	0.0	7.0	6.0	0.0	20.0	0.0	0.0	14.0	0.0	0.0	0.0	0.0	13.0	2.0	8.0	30.0	0.0	0.0	19.0	11.0	0.0	0.0	0.0	0.0	0.0	15.0	0.0	35.0	0.0	0.0	0.0	0.0	24.0	0.0	12.0	0.0	0.0	0.0	0.0	0.0	0.0	0.0	0.0	11.0	10.0	0.0	0.0	0.0	0.0	0.0	20.0	17.0	13.0	0.0	2.0	12.0	10.0	0.0	0.0	0.0	0.0	31.0	17.0	14.0	11.0	9.0	22.0	0.0	0.0	12.0	15.0	0.0	0.0	12.0	11.0	0.0	0.0	0.0	0.0	9.0	72.0	0.0	0.0	0.0	25.0	1.0	25.0	20.0	0.0	0.0	0.0	32.0	5.0	13.0	0.0	0.0	0.0	25.0	0.0	41.0	23.0	11.0	21.0	11.0	28.0	0.0	10.0	0.0	0.0	0.0	0.0	0.0	0.0	0.0	26.0	0.0	0.0	0.0	15.0	0.0	0.0	0.0	30.0	0.0	0.0	20.0	0.0	0.0	23.0	24.0	0.0	0.0	0.0	0.0	0.0	0.0	18.0	0.0	52.0	29.0	3.0	0.0	0.0	0.0	0.0	28.0	0.0	13.0	6.0	7.0	15.0	0.0	0.0	0.0	0.0	0.0	0.0	25.0	21.0	21.0	0.0	8.0	0.0	0.0	0.0	0.0	0.0	0.0	0.0	0.0	0.0	0.0	0.0	38.0	23.0	20.0	0.0	0.0	0.0	24.0	48.0	0.0	0.0	0.0	0.0	0.0	14.0	58.0	12.0	16.0	24.0	0.0	0.0	0.0	19.0	15.0	0.0	0.0	11.0	0.0	12.0	0.0	0.0	0.0	0.0	0.0	0.0	0.0	0.0	0.0	0.0	0.0	0.0	40.0	0.0	0.0	23.0	0.0	10.0	0.0	0.0	0.0	0.0	4.0	2.0	0.0	0.0	14.0	24.0	0.0	0.0	0.0	0.0	0.0	0.0	29.0	0.0	0.0	0.0	0.0	0.0	0.0	0.0	0.0	9.0	0.0	130.0	0.0	19.0	17.0	29.0	0.0	23.0	0.0	0.0	0.0	0.0	0.0	0.0	3.0	0.0	17.0	0.0	0.0	20.0	0.0	0.0	0.0	0.0	43.0	0.0	0.0	0.0	0.0	0.0	0.0	0.0	0.0	44.0	10.0	29.0	0.0	0.0	0.0	0.0	0.0	0.0	22.0	7.0	11.0	16.0	29.0	49.0	0.0	11.0	0.0	0.0	0.0	0.0	25.0	4.0	0.0	18.0	0.0	0.0	8.0	0.0	49.0	0.0	0.0	0.0	0.0	0.0	11.0	0.0	0.0	0.0	22.0	19.0	0.0	10.0	0.0	0.0	0.0	0.0	33.0	0.0	0.0	10.0	6.0	0.0	15.0	0.0	0.0	0.0	0.0	0.0	0.0	0.0	0.0	0.0	18.0	0.0	17.0	0.0	0.0	20.0	0.0	0.0	0.0	0.0	0.0	0.0	0.0	0.0	0.0	0.0	23.0	0.0	7.0	0.0	0.0	5.0	0.0	8.0	21.0	0.0
g__Muricomes (1)	0.0	0.0	0.0	4.0	0.0	0.0	5.0	0.0	0.0	0.0	0.0	0.0	0.0	0.0	0.0	0.0	1.0	0.0	0.0	0.0	0.0	0.0	0.0	0.0	2.0	3.0	0.0	0.0	0.0	0.0	0.0	0.0	0.0	0.0	0.0	0.0	0.0	0.0	0.0	0.0	0.0	0.0	1.0	0.0	0.0	0.0	0.0	0.0	0.0	0.0	0.0	0.0	0.0	0.0	0.0	0.0	0.0	0.0	0.0	0.0	1.0	0.0	6.0	0.0	0.0	0.0	0.0	0.0	1.0	0.0	0.0	0.0	0.0	0.0	0.0	0.0	0.0	0.0	0.0	3.0	0.0	0.0	0.0	0.0	0.0	0.0	0.0	0.0	0.0	0.0	0.0	0.0	0.0	0.0	12.0	0.0	0.0	0.0	0.0	0.0	0.0	0.0	0.0	0.0	0.0	0.0	0.0	0.0	0.0	0.0	25.0	0.0	4.0	0.0	0.0	0.0	7.0	0.0	0.0	0.0	0.0	0.0	4.0	0.0	0.0	0.0	0.0	1.0	1.0	0.0	0.0	0.0	0.0	0.0	0.0	0.0	8.0	0.0	0.0	0.0	0.0	0.0	0.0	10.0	0.0	0.0	0.0	0.0	6.0	0.0	8.0	0.0	0.0	0.0	0.0	0.0	0.0	0.0	106.0	0.0	0.0	0.0	0.0	0.0	1.0	0.0	0.0	0.0	0.0	0.0	0.0	0.0	0.0	0.0	0.0	0.0	0.0	0.0	0.0	0.0	0.0	0.0	0.0	0.0	0.0	0.0	0.0	5.0	9.0	0.0	0.0	0.0	0.0	0.0	0.0	0.0	0.0	0.0	0.0	0.0	0.0	0.0	0.0	0.0	0.0	1.0	0.0	0.0	0.0	0.0	0.0	0.0	0.0	0.0	0.0	0.0	0.0	0.0	0.0	0.0	0.0	0.0	0.0	0.0	3.0	0.0	0.0	0.0	0.0	0.0	0.0	0.0	0.0	0.0	0.0	0.0	3.0	0.0	0.0	0.0	0.0	0.0	0.0	0.0	0.0	0.0	0.0	0.0	0.0	0.0	0.0	0.0	0.0	0.0	0.0	0.0	0.0	0.0	0.0	0.0	0.0	0.0	0.0	0.0	1.0	0.0	0.0	0.0	0.0	0.0	2.0	0.0	0.0	0.0	0.0	0.0	0.0	0.0	0.0	0.0	0.0	0.0	0.0	0.0	0.0	0.0	0.0	0.0	0.0	2.0	0.0	0.0	0.0	0.0	1.0	5.0	0.0	1.0	0.0	0.0	0.0	0.0	0.0	0.0	0.0	0.0	0.0	0.0	3.0	0.0	1.0	0.0	3.0	0.0	0.0	0.0	0.0	0.0	0.0	0.0	0.0	0.0	0.0	0.0	0.0	0.0	0.0	0.0	0.0	0.0	0.0	0.0	0.0	0.0	0.0	0.0	0.0	3.0	7.0	0.0	0.0	2.0	0.0	9.0	0.0	0.0	0.0	0.0	0.0	0.0	0.0	0.0	0.0	0.0	0.0	0.0	0.0	2.0	0.0	0.0	0.0	0.0	6.0	0.0	0.0	0.0	0.0	0.0	0.0	0.0	0.0	0.0	0.0	0.0	0.0	1.0	2.0	0.0	0.0	0.0	0.0	4.0	0.0	0.0	0.0	0.0	0.0	1.0	0.0	0.0	0.0	1.0	0.0	0.0	4.0	0.0	0.0	0.0	0.0	0.0	0.0	0.0	0.0	0.0	2.0	0.0	0.0	5.0	0.0	0.0	0.0	0.0	0.0	0.0	0.0	0.0	0.0	0.0	0.0	4.0	9.0	0.0	0.0	0.0	0.0	0.0	0.0	0.0	0.0	0.0	0.0	0.0	0.0	0.0	0.0	0.0	0.0	4.0	0.0	0.0	0.0	0.0	0.0	0.0	0.0	0.0	0.0	0.0	0.0	0.0	0.0	0.0	0.0	0.0	0.0	0.0	0.0	0.0	0.0	0.0	4.0	0.0	0.0	0.0	0.0	5.0	0.0	0.0	0.0	0.0	0.0	0.0	0.0	1.0	0.0	0.0	0.0	0.0	0.0	4.0	0.0	0.0	0.0
s__Merdimonas faecis (1)	0.0	0.0	0.0	0.0	0.0	0.0	0.0	0.0	1.0	0.0	0.0	0.0	0.0	0.0	6.0	0.0	1.0	0.0	0.0	0.0	0.0	0.0	0.0	0.0	0.0	0.0	0.0	0.0	0.0	6.0	0.0	0.0	0.0	0.0	0.0	0.0	0.0	0.0	0.0	22.0	0.0	0.0	7.0	0.0	0.0	0.0	0.0	0.0	0.0	0.0	0.0	3.0	0.0	0.0	0.0	0.0	0.0	0.0	4.0	0.0	0.0	0.0	0.0	0.0	0.0	2.0	0.0	0.0	0.0	0.0	2.0	0.0	0.0	0.0	0.0	0.0	0.0	0.0	0.0	0.0	0.0	0.0	0.0	0.0	11.0	0.0	0.0	0.0	0.0	0.0	0.0	0.0	0.0	0.0	50.0	0.0	0.0	0.0	0.0	0.0	0.0	0.0	0.0	0.0	0.0	0.0	0.0	0.0	0.0	0.0	0.0	0.0	0.0	0.0	0.0	0.0	0.0	0.0	0.0	0.0	1.0	0.0	0.0	0.0	0.0	0.0	0.0	75.0	0.0	0.0	0.0	0.0	0.0	0.0	0.0	0.0	26.0	0.0	4.0	22.0	0.0	0.0	0.0	0.0	21.0	4.0	0.0	0.0	0.0	5.0	0.0	0.0	0.0	0.0	0.0	0.0	0.0	0.0	0.0	0.0	0.0	15.0	0.0	0.0	0.0	0.0	0.0	0.0	0.0	0.0	0.0	0.0	0.0	0.0	0.0	0.0	0.0	0.0	0.0	0.0	0.0	0.0	0.0	0.0	0.0	0.0	0.0	0.0	0.0	0.0	0.0	0.0	0.0	0.0	0.0	0.0	8.0	0.0	1.0	0.0	0.0	0.0	0.0	0.0	0.0	0.0	0.0	0.0	0.0	0.0	0.0	0.0	0.0	0.0	0.0	0.0	0.0	0.0	0.0	0.0	0.0	0.0	0.0	9.0	0.0	0.0	0.0	0.0	0.0	0.0	0.0	0.0	0.0	0.0	0.0	0.0	0.0	0.0	0.0	0.0	0.0	0.0	0.0	0.0	0.0	0.0	10.0	0.0	0.0	0.0	15.0	0.0	0.0	0.0	0.0	0.0	0.0	0.0	0.0	0.0	0.0	0.0	0.0	0.0	2.0	0.0	0.0	0.0	0.0	0.0	0.0	0.0	0.0	0.0	0.0	0.0	6.0	0.0	0.0	0.0	0.0	0.0	0.0	0.0	0.0	0.0	0.0	0.0	0.0	0.0	0.0	0.0	0.0	0.0	0.0	0.0	0.0	0.0	0.0	0.0	0.0	0.0	0.0	0.0	0.0	0.0	0.0	0.0	18.0	0.0	0.0	0.0	0.0	0.0	0.0	0.0	0.0	0.0	0.0	0.0	29.0	0.0	0.0	0.0	0.0	0.0	0.0	10.0	0.0	0.0	0.0	3.0	0.0	6.0	0.0	0.0	0.0	0.0	14.0	1.0	0.0	0.0	0.0	6.0	0.0	0.0	6.0	0.0	0.0	0.0	0.0	0.0	0.0	0.0	0.0	0.0	0.0	0.0	5.0	0.0	0.0	0.0	0.0	0.0	0.0	16.0	0.0	0.0	0.0	0.0	0.0	6.0	0.0	0.0	0.0	10.0	0.0	0.0	0.0	0.0	0.0	0.0	0.0	0.0	0.0	18.0	0.0	0.0	0.0	0.0	0.0	0.0	0.0	0.0	0.0	0.0	0.0	0.0	59.0	0.0	1.0	0.0	0.0	0.0	0.0	0.0	5.0	2.0	0.0	0.0	0.0	0.0	0.0	0.0	0.0	0.0	0.0	0.0	0.0	0.0	2.0	0.0	0.0	0.0	0.0	0.0	6.0	1.0	0.0	0.0	0.0	6.0	0.0	15.0	0.0	0.0	0.0	0.0	0.0	0.0	0.0	0.0	0.0	0.0	0.0	0.0	0.0	0.0	0.0	0.0	0.0	8.0	0.0	5.0	0.0	0.0	0.0	0.0	0.0	0.0	0.0	0.0	0.0	0.0	0.0	0.0	0.0	0.0	3.0	0.0	0.0	6.0	0.0	0.0	0.0	0.0	0.0	0.0	0.0	4.0	0.0	0.0	0.0
g__Clostridium_AP (1)	0.0	0.0	0.0	0.0	0.0	0.0	9.0	0.0	2.0	15.0	6.0	0.0	0.0	0.0	53.0	0.0	0.0	0.0	0.0	0.0	25.0	0.0	0.0	3.0	0.0	0.0	0.0	0.0	0.0	18.0	0.0	0.0	0.0	15.0	0.0	0.0	0.0	0.0	0.0	0.0	0.0	5.0	0.0	0.0	0.0	6.0	0.0	32.0	0.0	0.0	7.0	0.0	13.0	12.0	0.0	0.0	29.0	0.0	0.0	0.0	8.0	0.0	21.0	0.0	0.0	9.0	0.0	0.0	0.0	0.0	6.0	0.0	0.0	5.0	0.0	2.0	9.0	0.0	0.0	0.0	44.0	0.0	0.0	0.0	0.0	0.0	0.0	0.0	0.0	0.0	12.0	0.0	0.0	0.0	1.0	0.0	0.0	0.0	0.0	0.0	0.0	0.0	0.0	0.0	0.0	0.0	0.0	0.0	0.0	0.0	0.0	0.0	0.0	0.0	0.0	0.0	0.0	0.0	0.0	19.0	0.0	0.0	4.0	0.0	0.0	0.0	0.0	8.0	0.0	0.0	0.0	0.0	0.0	0.0	0.0	0.0	0.0	0.0	15.0	0.0	0.0	0.0	0.0	0.0	0.0	13.0	7.0	0.0	0.0	0.0	0.0	0.0	4.0	0.0	0.0	0.0	0.0	0.0	22.0	0.0	0.0	0.0	0.0	0.0	0.0	0.0	0.0	0.0	0.0	0.0	0.0	0.0	0.0	0.0	6.0	0.0	0.0	0.0	0.0	0.0	0.0	0.0	0.0	17.0	0.0	0.0	0.0	38.0	39.0	0.0	0.0	0.0	0.0	6.0	0.0	0.0	4.0	0.0	47.0	0.0	0.0	0.0	0.0	0.0	0.0	0.0	0.0	0.0	0.0	0.0	5.0	0.0	0.0	0.0	0.0	0.0	0.0	0.0	0.0	0.0	0.0	0.0	0.0	4.0	28.0	19.0	1.0	0.0	0.0	0.0	0.0	6.0	0.0	0.0	0.0	0.0	0.0	0.0	0.0	0.0	0.0	0.0	0.0	0.0	0.0	0.0	25.0	0.0	0.0	0.0	0.0	0.0	0.0	0.0	0.0	0.0	13.0	3.0	0.0	0.0	0.0	0.0	0.0	0.0	0.0	5.0	0.0	11.0	14.0	0.0	6.0	6.0	0.0	0.0	0.0	0.0	0.0	6.0	0.0	22.0	0.0	0.0	0.0	0.0	0.0	0.0	0.0	0.0	0.0	0.0	0.0	0.0	0.0	0.0	0.0	0.0	0.0	0.0	0.0	13.0	0.0	0.0	0.0	0.0	0.0	0.0	0.0	0.0	0.0	0.0	1.0	0.0	0.0	0.0	0.0	0.0	0.0	0.0	0.0	0.0	0.0	8.0	0.0	0.0	0.0	19.0	0.0	16.0	0.0	0.0	0.0	13.0	0.0	0.0	0.0	0.0	0.0	0.0	0.0	30.0	0.0	0.0	0.0	0.0	0.0	0.0	0.0	2.0	1.0	22.0	0.0	0.0	0.0	42.0	0.0	0.0	0.0	0.0	0.0	0.0	0.0	0.0	0.0	0.0	0.0	0.0	0.0	0.0	0.0	0.0	0.0	3.0	0.0	0.0	0.0	0.0	0.0	0.0	0.0	0.0	0.0	0.0	0.0	0.0	19.0	0.0	0.0	8.0	0.0	0.0	0.0	7.0	0.0	6.0	0.0	0.0	0.0	0.0	30.0	0.0	0.0	0.0	7.0	0.0	0.0	0.0	0.0	4.0	0.0	0.0	0.0	0.0	0.0	0.0	0.0	0.0	0.0	20.0	0.0	27.0	0.0	0.0	0.0	0.0	0.0	8.0	10.0	0.0	0.0	0.0	1.0	0.0	0.0	0.0	0.0	0.0	2.0	0.0	0.0	0.0	0.0	6.0	0.0	0.0	0.0	0.0	6.0	0.0	0.0	0.0	0.0	0.0	0.0	0.0	0.0	8.0	0.0	0.0	0.0	0.0	5.0	0.0	5.0	0.0	0.0	11.0	0.0	0.0	6.0	0.0	0.0	1.0	0.0	0.0	0.0	0.0	0.0	0.0	0.0	0.0	0.0	0.0	0.0
s__Mediterraneibacter torques (1)	0.0	0.0	43.0	14.0	0.0	0.0	0.0	4.0	2.0	8.0	3.0	4.0	0.0	0.0	19.0	0.0	64.0	0.0	0.0	8.0	0.0	0.0	0.0	174.0	3.0	0.0	0.0	0.0	0.0	6.0	0.0	0.0	10.0	32.0	0.0	0.0	0.0	0.0	51.0	0.0	0.0	97.0	0.0	74.0	13.0	0.0	1.0	88.0	0.0	26.0	0.0	17.0	0.0	8.0	0.0	0.0	0.0	0.0	32.0	0.0	72.0	0.0	38.0	19.0	0.0	71.0	0.0	0.0	16.0	37.0	54.0	0.0	16.0	57.0	0.0	0.0	4.0	0.0	4.0	120.0	24.0	0.0	0.0	5.0	0.0	0.0	41.0	3.0	15.0	0.0	14.0	0.0	0.0	65.0	45.0	0.0	0.0	41.0	0.0	44.0	8.0	0.0	10.0	12.0	0.0	0.0	0.0	25.0	0.0	60.0	0.0	0.0	22.0	0.0	0.0	72.0	0.0	0.0	0.0	35.0	7.0	0.0	113.0	61.0	0.0	0.0	0.0	50.0	28.0	0.0	27.0	8.0	0.0	0.0	0.0	5.0	0.0	0.0	0.0	28.0	0.0	106.0	3.0	0.0	0.0	32.0	0.0	4.0	0.0	16.0	0.0	0.0	76.0	14.0	30.0	44.0	0.0	0.0	0.0	0.0	0.0	0.0	0.0	0.0	3.0	0.0	0.0	2.0	7.0	0.0	10.0	26.0	1.0	0.0	3.0	12.0	0.0	0.0	0.0	0.0	0.0	0.0	0.0	209.0	2.0	10.0	3.0	94.0	20.0	9.0	1.0	0.0	0.0	0.0	0.0	91.0	4.0	3.0	317.0	0.0	7.0	87.0	35.0	12.0	0.0	0.0	0.0	3.0	0.0	11.0	0.0	20.0	0.0	0.0	0.0	159.0	0.0	26.0	71.0	30.0	7.0	0.0	3.0	0.0	0.0	0.0	0.0	218.0	0.0	0.0	48.0	84.0	0.0	0.0	28.0	0.0	42.0	0.0	0.0	0.0	0.0	35.0	0.0	9.0	5.0	0.0	288.0	0.0	15.0	0.0	56.0	0.0	0.0	0.0	38.0	0.0	30.0	0.0	17.0	12.0	0.0	75.0	130.0	66.0	33.0	38.0	0.0	0.0	0.0	0.0	5.0	84.0	0.0	16.0	53.0	0.0	0.0	57.0	0.0	69.0	0.0	0.0	9.0	29.0	0.0	0.0	0.0	0.0	0.0	28.0	32.0	0.0	0.0	51.0	20.0	26.0	38.0	14.0	137.0	0.0	0.0	22.0	29.0	2.0	0.0	47.0	6.0	0.0	16.0	0.0	32.0	0.0	0.0	0.0	0.0	0.0	17.0	0.0	215.0	0.0	0.0	101.0	0.0	12.0	27.0	0.0	0.0	64.0	0.0	62.0	0.0	0.0	0.0	0.0	0.0	8.0	0.0	0.0	255.0	0.0	73.0	0.0	15.0	0.0	104.0	48.0	0.0	81.0	73.0	0.0	0.0	0.0	0.0	0.0	0.0	3.0	0.0	3.0	7.0	77.0	0.0	0.0	4.0	0.0	4.0	5.0	0.0	0.0	0.0	0.0	0.0	0.0	0.0	0.0	17.0	27.0	55.0	0.0	40.0	0.0	0.0	74.0	0.0	0.0	14.0	23.0	64.0	4.0	0.0	11.0	18.0	26.0	32.0	170.0	9.0	0.0	40.0	0.0	132.0	0.0	140.0	6.0	55.0	0.0	66.0	0.0	38.0	64.0	61.0	13.0	36.0	0.0	0.0	0.0	0.0	0.0	0.0	173.0	0.0	165.0	129.0	0.0	0.0	56.0	0.0	0.0	111.0	0.0	0.0	17.0	0.0	25.0	0.0	48.0	15.0	0.0	28.0	0.0	128.0	0.0	0.0	119.0	0.0	0.0	0.0	0.0	61.0	0.0	1.0	50.0	0.0	50.0	6.0	148.0	51.0	241.0	74.0	0.0	0.0	0.0	62.0	0.0	18.0	0.0	0.0	26.0	0.0	0.0	0.0	0.0	0.0	0.0	0.0	45.0	0.0	0.0	0.0	0.0	68.0	0.0	0.0	6.0	0.0
g__Bariatricus (1)	0.0	0.0	0.0	0.0	67.0	0.0	0.0	35.0	150.0	0.0	0.0	153.0	0.0	0.0	0.0	0.0	0.0	15.0	0.0	0.0	91.0	44.0	0.0	0.0	0.0	61.0	0.0	74.0	40.0	0.0	0.0	0.0	61.0	0.0	0.0	0.0	0.0	0.0	66.0	0.0	0.0	0.0	0.0	0.0	0.0	0.0	0.0	0.0	0.0	0.0	0.0	6.0	0.0	107.0	0.0	0.0	0.0	40.0	31.0	0.0	164.0	1.0	0.0	73.0	0.0	0.0	55.0	0.0	26.0	22.0	48.0	29.0	93.0	35.0	0.0	41.0	322.0	0.0	1.0	0.0	0.0	0.0	0.0	0.0	56.0	0.0	73.0	0.0	0.0	0.0	0.0	0.0	57.0	0.0	0.0	0.0	0.0	30.0	0.0	0.0	89.0	0.0	55.0	0.0	0.0	60.0	22.0	0.0	8.0	112.0	0.0	0.0	6.0	0.0	36.0	131.0	0.0	125.0	29.0	0.0	247.0	0.0	0.0	0.0	61.0	20.0	1.0	0.0	36.0	54.0	94.0	159.0	0.0	0.0	118.0	114.0	0.0	88.0	64.0	98.0	0.0	41.0	0.0	0.0	0.0	0.0	0.0	0.0	60.0	0.0	0.0	0.0	86.0	0.0	0.0	26.0	24.0	0.0	0.0	107.0	0.0	0.0	21.0	0.0	0.0	0.0	26.0	42.0	50.0	0.0	13.0	115.0	82.0	0.0	0.0	60.0	0.0	11.0	94.0	50.0	46.0	68.0	0.0	150.0	0.0	0.0	143.0	0.0	245.0	71.0	38.0	0.0	0.0	0.0	0.0	0.0	154.0	0.0	0.0	0.0	7.0	74.0	42.0	0.0	0.0	1.0	0.0	62.0	67.0	18.0	0.0	27.0	0.0	49.0	0.0	10.0	37.0	0.0	90.0	100.0	88.0	0.0	0.0	0.0	5.0	0.0	105.0	0.0	0.0	0.0	0.0	129.0	0.0	0.0	61.0	0.0	12.0	79.0	0.0	0.0	32.0	36.0	49.0	0.0	57.0	48.0	0.0	6.0	222.0	0.0	0.0	0.0	33.0	30.0	0.0	49.0	0.0	30.0	0.0	26.0	0.0	0.0	9.0	149.0	25.0	14.0	68.0	0.0	86.0	0.0	0.0	0.0	0.0	100.0	0.0	45.0	7.0	58.0	0.0	0.0	0.0	87.0	0.0	0.0	0.0	0.0	0.0	0.0	0.0	39.0	155.0	73.0	0.0	18.0	18.0	55.0	60.0	92.0	0.0	0.0	0.0	0.0	25.0	291.0	22.0	60.0	26.0	0.0	69.0	0.0	77.0	72.0	0.0	0.0	39.0	0.0	27.0	0.0	0.0	0.0	0.0	71.0	0.0	0.0	0.0	0.0	0.0	0.0	0.0	14.0	0.0	0.0	41.0	69.0	39.0	0.0	0.0	46.0	0.0	12.0	69.0	57.0	55.0	0.0	63.0	25.0	0.0	58.0	0.0	0.0	0.0	0.0	0.0	0.0	0.0	0.0	0.0	0.0	0.0	32.0	24.0	0.0	0.0	0.0	221.0	75.0	40.0	0.0	0.0	0.0	0.0	0.0	0.0	1.0	0.0	42.0	0.0	0.0	20.0	0.0	27.0	0.0	51.0	0.0	0.0	31.0	0.0	0.0	0.0	0.0	0.0	66.0	0.0	58.0	0.0	24.0	51.0	0.0	0.0	0.0	23.0	0.0	59.0	48.0	0.0	75.0	40.0	0.0	149.0	107.0	38.0	0.0	0.0	0.0	0.0	32.0	0.0	0.0	84.0	0.0	0.0	39.0	59.0	0.0	35.0	0.0	0.0	0.0	0.0	85.0	0.0	99.0	0.0	32.0	73.0	0.0	365.0	33.0	0.0	0.0	0.0	0.0	37.0	0.0	101.0	59.0	431.0	86.0	0.0	0.0	0.0	0.0	133.0	0.0	6.0	0.0	80.0	0.0	0.0	47.0	0.0	0.0	296.0	0.0	0.0	0.0	0.0	32.0	0.0	0.0	0.0	0.0	103.0	105.0	7.0	40.0	0.0	0.0	42.0	0.0	28.0	104.0	0.0
s__Faecalimonas phoceensis (1)	0.0	28.0	12.0	0.0	0.0	56.0	0.0	0.0	20.0	80.0	0.0	0.0	0.0	4.0	32.0	0.0	0.0	0.0	0.0	0.0	97.0	0.0	0.0	0.0	0.0	0.0	0.0	0.0	0.0	49.0	8.0	0.0	0.0	30.0	0.0	157.0	0.0	0.0	0.0	0.0	0.0	0.0	0.0	0.0	0.0	0.0	0.0	0.0	13.0	0.0	63.0	0.0	91.0	0.0	0.0	0.0	0.0	0.0	0.0	66.0	0.0	0.0	0.0	6.0	0.0	0.0	0.0	0.0	0.0	0.0	22.0	0.0	0.0	19.0	875.0	0.0	17.0	0.0	5.0	0.0	0.0	0.0	0.0	0.0	0.0	0.0	0.0	42.0	0.0	0.0	0.0	0.0	0.0	0.0	0.0	0.0	12.0	0.0	0.0	0.0	0.0	0.0	0.0	0.0	161.0	0.0	0.0	0.0	0.0	0.0	0.0	143.0	0.0	0.0	0.0	0.0	478.0	0.0	0.0	0.0	0.0	36.0	88.0	0.0	0.0	0.0	0.0	0.0	0.0	0.0	0.0	0.0	0.0	0.0	77.0	0.0	0.0	0.0	0.0	80.0	0.0	39.0	0.0	0.0	149.0	23.0	0.0	0.0	0.0	47.0	0.0	0.0	0.0	0.0	0.0	0.0	0.0	0.0	106.0	0.0	0.0	0.0	0.0	0.0	0.0	89.0	0.0	0.0	0.0	114.0	0.0	0.0	0.0	105.0	0.0	0.0	293.0	0.0	0.0	0.0	0.0	0.0	198.0	0.0	59.0	0.0	0.0	0.0	0.0	0.0	0.0	0.0	0.0	0.0	53.0	0.0	0.0	0.0	108.0	0.0	0.0	0.0	0.0	0.0	0.0	198.0	0.0	0.0	0.0	0.0	0.0	0.0	0.0	0.0	0.0	0.0	0.0	0.0	0.0	0.0	0.0	0.0	0.0	0.0	39.0	38.0	0.0	0.0	0.0	0.0	0.0	0.0	1.0	0.0	0.0	0.0	0.0	0.0	0.0	0.0	0.0	0.0	0.0	0.0	0.0	0.0	0.0	18.0	0.0	0.0	0.0	0.0	0.0	0.0	0.0	0.0	68.0	0.0	66.0	8.0	0.0	13.0	0.0	0.0	0.0	0.0	2.0	0.0	4.0	0.0	0.0	0.0	0.0	0.0	0.0	0.0	0.0	0.0	0.0	85.0	0.0	0.0	0.0	0.0	0.0	0.0	0.0	0.0	0.0	0.0	0.0	44.0	17.0	8.0	0.0	0.0	0.0	0.0	0.0	5.0	0.0	0.0	0.0	0.0	0.0	0.0	0.0	0.0	0.0	0.0	0.0	0.0	0.0	0.0	0.0	0.0	0.0	10.0	157.0	0.0	2.0	0.0	63.0	0.0	0.0	34.0	0.0	4.0	0.0	0.0	56.0	5.0	0.0	8.0	0.0	359.0	0.0	0.0	0.0	0.0	0.0	0.0	0.0	0.0	0.0	0.0	7.0	0.0	0.0	227.0	0.0	0.0	0.0	22.0	0.0	30.0	5.0	0.0	6.0	0.0	0.0	50.0	0.0	0.0	0.0	0.0	0.0	0.0	0.0	0.0	38.0	0.0	0.0	0.0	33.0	0.0	0.0	0.0	0.0	0.0	0.0	145.0	0.0	0.0	10.0	0.0	0.0	43.0	12.0	79.0	103.0	0.0	0.0	0.0	0.0	0.0	0.0	192.0	19.0	0.0	0.0	0.0	0.0	0.0	12.0	0.0	13.0	0.0	0.0	0.0	0.0	0.0	0.0	0.0	0.0	0.0	0.0	13.0	0.0	9.0	63.0	0.0	0.0	42.0	0.0	77.0	56.0	0.0	0.0	0.0	6.0	0.0	0.0	0.0	0.0	194.0	0.0	0.0	0.0	0.0	225.0	0.0	0.0	0.0	0.0	0.0	0.0	0.0	89.0	0.0	0.0	17.0	0.0	62.0	0.0	0.0	0.0	16.0	0.0	0.0	0.0	0.0	0.0	0.0	86.0	0.0	73.0	0.0	0.0	0.0	0.0	0.0	0.0	0.0	0.0	12.0	0.0	3.0	0.0	0.0	0.0	0.0	0.0
s__Oliverpabstia faecicola (1)	0.0	0.0	0.0	0.0	137.0	0.0	0.0	0.0	0.0	0.0	0.0	0.0	0.0	0.0	0.0	0.0	0.0	0.0	26.0	0.0	0.0	0.0	0.0	16.0	0.0	0.0	0.0	64.0	26.0	0.0	0.0	0.0	62.0	0.0	0.0	0.0	0.0	0.0	0.0	0.0	0.0	0.0	0.0	0.0	0.0	0.0	0.0	0.0	0.0	0.0	0.0	0.0	0.0	0.0	0.0	0.0	0.0	0.0	0.0	0.0	26.0	0.0	0.0	0.0	0.0	0.0	0.0	0.0	0.0	0.0	0.0	0.0	0.0	0.0	0.0	25.0	0.0	0.0	0.0	0.0	0.0	0.0	0.0	0.0	0.0	0.0	0.0	0.0	0.0	155.0	27.0	0.0	0.0	0.0	0.0	0.0	0.0	0.0	0.0	0.0	0.0	0.0	0.0	0.0	0.0	0.0	0.0	0.0	26.0	0.0	0.0	0.0	0.0	0.0	23.0	0.0	0.0	0.0	130.0	0.0	0.0	0.0	0.0	0.0	0.0	20.0	0.0	0.0	0.0	3.0	0.0	152.0	0.0	0.0	0.0	0.0	704.0	0.0	0.0	0.0	0.0	0.0	0.0	0.0	0.0	0.0	0.0	0.0	25.0	0.0	0.0	0.0	0.0	0.0	0.0	0.0	0.0	0.0	0.0	29.0	0.0	0.0	0.0	0.0	0.0	0.0	0.0	24.0	0.0	0.0	0.0	0.0	17.0	0.0	0.0	0.0	0.0	110.0	0.0	0.0	0.0	29.0	0.0	0.0	1853.0	0.0	0.0	0.0	0.0	0.0	0.0	0.0	0.0	80.0	0.0	0.0	0.0	108.0	0.0	0.0	0.0	0.0	51.0	41.0	0.0	0.0	0.0	179.0	0.0	0.0	0.0	0.0	0.0	0.0	0.0	0.0	0.0	0.0	0.0	0.0	0.0	75.0	14.0	0.0	0.0	0.0	0.0	0.0	0.0	0.0	0.0	0.0	0.0	0.0	78.0	0.0	98.0	0.0	0.0	0.0	2.0	0.0	0.0	0.0	0.0	0.0	0.0	0.0	0.0	0.0	0.0	0.0	8.0	0.0	0.0	0.0	0.0	0.0	0.0	34.0	0.0	0.0	0.0	119.0	0.0	0.0	0.0	4.0	0.0	0.0	0.0	0.0	0.0	0.0	0.0	0.0	0.0	0.0	0.0	0.0	0.0	0.0	0.0	0.0	0.0	0.0	0.0	0.0	0.0	59.0	61.0	0.0	0.0	0.0	0.0	11.0	0.0	0.0	0.0	0.0	0.0	0.0	0.0	311.0	22.0	0.0	0.0	0.0	0.0	0.0	0.0	0.0	0.0	0.0	0.0	0.0	20.0	0.0	0.0	0.0	0.0	0.0	0.0	0.0	0.0	0.0	0.0	0.0	0.0	0.0	0.0	0.0	21.0	0.0	0.0	0.0	0.0	0.0	0.0	0.0	0.0	0.0	0.0	73.0	0.0	0.0	0.0	0.0	0.0	0.0	0.0	0.0	0.0	0.0	0.0	0.0	0.0	0.0	133.0	0.0	27.0	0.0	0.0	0.0	0.0	0.0	0.0	0.0	0.0	235.0	0.0	0.0	0.0	0.0	0.0	0.0	0.0	30.0	0.0	0.0	0.0	1.0	0.0	0.0	0.0	15.0	0.0	0.0	19.0	93.0	0.0	0.0	0.0	0.0	0.0	50.0	45.0	0.0	0.0	0.0	0.0	0.0	0.0	12.0	0.0	0.0	0.0	0.0	0.0	44.0	0.0	0.0	31.0	0.0	0.0	0.0	0.0	0.0	76.0	0.0	0.0	0.0	108.0	0.0	0.0	0.0	0.0	0.0	0.0	0.0	0.0	79.0	0.0	0.0	0.0	0.0	0.0	0.0	0.0	0.0	0.0	0.0	0.0	0.0	0.0	0.0	0.0	22.0	0.0	0.0	0.0	0.0	0.0	0.0	0.0	0.0	73.0	0.0	0.0	0.0	16.0	91.0	0.0	0.0	64.0	0.0	0.0	0.0	0.0	0.0	0.0	21.0	0.0	0.0	0.0	58.0	0.0	0.0	0.0	0.0	43.0	0.0	0.0
s__Oliverpabstia intestinalis (1)	0.0	0.0	0.0	0.0	22.0	0.0	0.0	52.0	0.0	0.0	0.0	53.0	0.0	0.0	0.0	0.0	0.0	6.0	0.0	56.0	0.0	61.0	0.0	0.0	0.0	56.0	0.0	0.0	0.0	0.0	0.0	0.0	0.0	0.0	0.0	0.0	36.0	0.0	36.0	0.0	0.0	0.0	0.0	0.0	0.0	0.0	339.0	0.0	0.0	0.0	0.0	0.0	0.0	0.0	0.0	0.0	63.0	22.0	23.0	0.0	0.0	0.0	0.0	0.0	0.0	0.0	47.0	0.0	0.0	9.0	0.0	0.0	0.0	0.0	0.0	81.0	0.0	0.0	0.0	0.0	0.0	0.0	0.0	0.0	0.0	0.0	0.0	0.0	10.0	0.0	0.0	0.0	61.0	0.0	0.0	0.0	0.0	28.0	0.0	0.0	0.0	0.0	0.0	0.0	0.0	0.0	13.0	0.0	25.0	46.0	0.0	0.0	19.0	0.0	0.0	0.0	0.0	30.0	0.0	0.0	67.0	0.0	0.0	95.0	26.0	0.0	0.0	31.0	6.0	27.0	18.0	0.0	0.0	0.0	0.0	22.0	0.0	62.0	0.0	0.0	0.0	0.0	0.0	0.0	0.0	0.0	0.0	10.0	0.0	0.0	0.0	0.0	0.0	0.0	0.0	37.0	38.0	0.0	0.0	0.0	62.0	0.0	0.0	0.0	0.0	0.0	5.0	0.0	0.0	0.0	10.0	0.0	42.0	0.0	0.0	0.0	0.0	10.0	11.0	25.0	85.0	0.0	24.0	0.0	0.0	0.0	27.0	0.0	0.0	0.0	37.0	0.0	0.0	0.0	0.0	33.0	0.0	0.0	0.0	0.0	42.0	10.0	0.0	0.0	0.0	0.0	70.0	0.0	0.0	19.0	0.0	35.0	0.0	45.0	0.0	0.0	29.0	51.0	54.0	33.0	22.0	5.0	0.0	0.0	0.0	0.0	0.0	0.0	0.0	0.0	0.0	0.0	0.0	39.0	0.0	0.0	0.0	37.0	0.0	0.0	0.0	5.0	0.0	41.0	0.0	0.0	11.0	0.0	0.0	0.0	0.0	0.0	0.0	0.0	0.0	0.0	0.0	0.0	0.0	0.0	0.0	0.0	0.0	30.0	0.0	7.0	102.0	0.0	0.0	0.0	0.0	0.0	0.0	0.0	0.0	29.0	1.0	63.0	0.0	0.0	0.0	0.0	0.0	0.0	0.0	0.0	0.0	0.0	0.0	0.0	0.0	29.0	0.0	0.0	0.0	58.0	91.0	0.0	0.0	0.0	0.0	0.0	157.0	0.0	20.0	0.0	64.0	0.0	0.0	0.0	0.0	42.0	0.0	25.0	48.0	8.0	0.0	0.0	0.0	0.0	0.0	16.0	0.0	0.0	0.0	0.0	0.0	0.0	0.0	0.0	0.0	0.0	9.0	0.0	23.0	0.0	0.0	28.0	0.0	0.0	12.0	81.0	0.0	0.0	0.0	0.0	0.0	0.0	0.0	0.0	0.0	0.0	0.0	0.0	0.0	0.0	0.0	0.0	0.0	33.0	34.0	0.0	0.0	0.0	0.0	0.0	22.0	0.0	0.0	0.0	0.0	0.0	25.0	0.0	0.0	8.0	0.0	44.0	0.0	0.0	0.0	0.0	0.0	0.0	0.0	35.0	0.0	0.0	0.0	0.0	0.0	31.0	0.0	0.0	41.0	60.0	0.0	0.0	0.0	0.0	19.0	0.0	0.0	38.0	0.0	41.0	0.0	71.0	0.0	0.0	0.0	0.0	83.0	0.0	0.0	18.0	0.0	0.0	16.0	0.0	0.0	19.0	0.0	0.0	49.0	0.0	29.0	0.0	0.0	25.0	0.0	0.0	0.0	0.0	0.0	0.0	0.0	0.0	0.0	0.0	0.0	0.0	0.0	0.0	17.0	212.0	0.0	50.0	0.0	0.0	0.0	0.0	0.0	0.0	0.0	0.0	0.0	0.0	0.0	26.0	88.0	0.0	0.0	0.0	0.0	0.0	0.0	0.0	0.0	0.0	0.0	78.0	39.0	22.0	0.0	0.0	0.0	0.0	0.0	0.0	0.0	134.0	0.0
s__Mediterraneibacter lactaris (1)	0.0	0.0	0.0	0.0	0.0	0.0	39.0	0.0	0.0	0.0	0.0	0.0	0.0	0.0	0.0	0.0	0.0	0.0	0.0	86.0	0.0	65.0	0.0	0.0	0.0	63.0	0.0	86.0	0.0	0.0	0.0	0.0	79.0	0.0	0.0	0.0	0.0	0.0	0.0	0.0	0.0	0.0	0.0	0.0	0.0	0.0	0.0	0.0	0.0	0.0	0.0	0.0	0.0	0.0	0.0	0.0	44.0	0.0	0.0	0.0	0.0	0.0	0.0	21.0	0.0	0.0	0.0	0.0	48.0	0.0	0.0	0.0	0.0	0.0	0.0	33.0	0.0	0.0	0.0	0.0	0.0	0.0	0.0	0.0	0.0	0.0	0.0	0.0	64.0	69.0	24.0	0.0	0.0	0.0	0.0	0.0	0.0	0.0	0.0	0.0	0.0	0.0	0.0	20.0	0.0	0.0	0.0	0.0	27.0	39.0	0.0	0.0	0.0	0.0	0.0	0.0	0.0	0.0	0.0	11.0	69.0	0.0	0.0	0.0	0.0	0.0	0.0	0.0	0.0	0.0	0.0	0.0	0.0	0.0	0.0	53.0	0.0	86.0	0.0	0.0	0.0	0.0	0.0	0.0	0.0	0.0	0.0	13.0	0.0	0.0	0.0	0.0	0.0	0.0	0.0	9.0	36.0	177.0	622.0	12.0	0.0	0.0	14.0	0.0	0.0	0.0	169.0	0.0	0.0	0.0	0.0	0.0	51.0	0.0	0.0	0.0	0.0	0.0	109.0	38.0	0.0	0.0	0.0	0.0	0.0	0.0	63.0	0.0	0.0	0.0	22.0	0.0	0.0	75.0	0.0	0.0	0.0	0.0	0.0	0.0	0.0	0.0	10.0	35.0	0.0	0.0	0.0	0.0	11.0	0.0	0.0	0.0	0.0	0.0	0.0	0.0	16.0	0.0	0.0	0.0	28.0	24.0	0.0	0.0	0.0	0.0	0.0	0.0	0.0	0.0	0.0	0.0	0.0	0.0	0.0	0.0	0.0	0.0	0.0	0.0	22.0	0.0	0.0	25.0	195.0	0.0	0.0	0.0	148.0	0.0	0.0	0.0	0.0	0.0	8.0	142.0	0.0	59.0	0.0	0.0	0.0	0.0	0.0	0.0	0.0	0.0	73.0	0.0	0.0	0.0	0.0	0.0	0.0	0.0	0.0	0.0	0.0	0.0	59.0	0.0	0.0	0.0	0.0	0.0	0.0	0.0	0.0	0.0	0.0	233.0	0.0	0.0	0.0	5.0	6.0	27.0	16.0	0.0	0.0	0.0	0.0	22.0	212.0	0.0	0.0	0.0	37.0	0.0	0.0	0.0	0.0	0.0	0.0	478.0	97.0	9.0	0.0	0.0	0.0	0.0	0.0	0.0	0.0	0.0	0.0	0.0	0.0	0.0	0.0	0.0	0.0	0.0	0.0	0.0	0.0	0.0	0.0	0.0	0.0	0.0	21.0	0.0	10.0	0.0	0.0	0.0	0.0	0.0	0.0	0.0	0.0	0.0	28.0	0.0	0.0	0.0	0.0	59.0	28.0	0.0	23.0	0.0	0.0	41.0	0.0	0.0	35.0	0.0	0.0	13.0	0.0	49.0	1.0	10.0	0.0	0.0	0.0	53.0	0.0	0.0	44.0	0.0	5.0	36.0	115.0	6.0	0.0	0.0	0.0	0.0	0.0	72.0	0.0	0.0	163.0	50.0	109.0	0.0	0.0	0.0	0.0	0.0	0.0	0.0	0.0	0.0	0.0	0.0	0.0	17.0	0.0	0.0	0.0	0.0	0.0	0.0	0.0	0.0	42.0	0.0	91.0	0.0	0.0	0.0	0.0	0.0	0.0	0.0	0.0	82.0	0.0	0.0	0.0	23.0	0.0	0.0	0.0	0.0	0.0	0.0	0.0	0.0	52.0	0.0	0.0	209.0	0.0	0.0	0.0	0.0	0.0	0.0	0.0	0.0	0.0	0.0	0.0	0.0	0.0	0.0	0.0	0.0	0.0	151.0	5.0	0.0	0.0	0.0	0.0	0.0	0.0	0.0	0.0	149.0	0.0	0.0	0.0	0.0	0.0	0.0	0.0	0.0	0.0
s__Choladousia sp902363665 (2)	0.0	0.0	0.0	0.0	5.0	0.0	0.0	0.0	0.0	0.0	0.0	0.0	0.0	0.0	0.0	0.0	2.0	0.0	0.0	0.0	0.0	3.0	0.0	0.0	0.0	0.0	0.0	0.0	20.0	0.0	0.0	0.0	1.0	0.0	0.0	0.0	5.0	0.0	0.0	0.0	0.0	0.0	0.0	0.0	0.0	0.0	0.0	0.0	0.0	0.0	0.0	0.0	11.0	0.0	0.0	0.0	0.0	28.0	10.0	0.0	0.0	0.0	0.0	0.0	0.0	0.0	4.0	0.0	0.0	4.0	0.0	0.0	0.0	6.0	0.0	2.0	0.0	0.0	0.0	0.0	0.0	0.0	0.0	0.0	0.0	0.0	12.0	0.0	0.0	0.0	0.0	0.0	0.0	0.0	0.0	0.0	0.0	0.0	0.0	0.0	0.0	0.0	0.0	0.0	0.0	0.0	0.0	0.0	0.0	0.0	0.0	0.0	0.0	0.0	0.0	0.0	0.0	0.0	2.0	0.0	0.0	0.0	0.0	0.0	0.0	0.0	0.0	0.0	6.0	0.0	12.0	0.0	0.0	0.0	0.0	4.0	0.0	0.0	0.0	0.0	0.0	0.0	0.0	0.0	0.0	0.0	0.0	0.0	0.0	0.0	0.0	0.0	0.0	0.0	0.0	0.0	0.0	0.0	0.0	0.0	0.0	0.0	0.0	0.0	0.0	0.0	10.0	0.0	3.0	0.0	5.0	0.0	0.0	0.0	0.0	0.0	0.0	28.0	0.0	0.0	0.0	2.0	0.0	0.0	0.0	0.0	10.0	0.0	0.0	7.0	40.0	0.0	0.0	6.0	0.0	0.0	0.0	0.0	0.0	0.0	4.0	0.0	1.0	0.0	0.0	1.0	0.0	0.0	5.0	3.0	0.0	0.0	0.0	0.0	0.0	0.0	0.0	0.0	0.0	0.0	0.0	0.0	0.0	0.0	0.0	0.0	0.0	0.0	0.0	0.0	0.0	0.0	0.0	14.0	1.0	0.0	4.0	0.0	6.0	0.0	0.0	0.0	0.0	0.0	18.0	1.0	0.0	0.0	0.0	0.0	0.0	0.0	2.0	0.0	0.0	0.0	0.0	0.0	0.0	0.0	0.0	0.0	0.0	0.0	2.0	30.0	3.0	0.0	0.0	0.0	0.0	0.0	0.0	0.0	0.0	0.0	0.0	0.0	0.0	0.0	0.0	0.0	0.0	0.0	0.0	0.0	0.0	0.0	0.0	0.0	0.0	0.0	0.0	0.0	1.0	5.0	0.0	0.0	0.0	0.0	0.0	0.0	0.0	0.0	14.0	1.0	4.0	0.0	0.0	0.0	0.0	0.0	0.0	0.0	4.0	0.0	5.0	0.0	0.0	0.0	0.0	0.0	0.0	0.0	0.0	0.0	0.0	0.0	0.0	0.0	0.0	0.0	0.0	0.0	8.0	0.0	0.0	0.0	0.0	0.0	0.0	3.0	0.0	0.0	0.0	0.0	0.0	0.0	0.0	0.0	0.0	0.0	0.0	0.0	0.0	0.0	0.0	0.0	0.0	0.0	0.0	0.0	3.0	0.0	0.0	4.0	5.0	0.0	0.0	0.0	0.0	0.0	0.0	0.0	0.0	0.0	0.0	0.0	0.0	0.0	0.0	0.0	0.0	0.0	0.0	1.0	0.0	0.0	0.0	0.0	0.0	0.0	0.0	0.0	0.0	4.0	0.0	0.0	0.0	0.0	0.0	0.0	0.0	4.0	0.0	0.0	0.0	4.0	0.0	0.0	0.0	0.0	0.0	0.0	0.0	0.0	0.0	0.0	0.0	0.0	0.0	0.0	0.0	0.0	0.0	0.0	0.0	0.0	0.0	10.0	0.0	0.0	0.0	0.0	0.0	0.0	0.0	0.0	0.0	0.0	0.0	0.0	0.0	0.0	22.0	9.0	0.0	3.0	0.0	0.0	0.0	0.0	0.0	0.0	0.0	0.0	0.0	0.0	0.0	19.0	0.0	0.0	0.0	0.0	0.0	0.0	0.0	0.0	0.0	0.0	0.0	0.0	0.0	0.0	0.0	1.0	0.0	0.0	0.0	0.0	3.0	0.0	0.0
s__Fusicatenibacter sp900543115 (1)	0.0	0.0	0.0	0.0	12.0	0.0	0.0	0.0	52.0	0.0	239.0	0.0	0.0	0.0	0.0	0.0	23.0	0.0	0.0	0.0	0.0	17.0	0.0	0.0	0.0	0.0	0.0	38.0	3.0	0.0	0.0	0.0	14.0	0.0	0.0	0.0	52.0	0.0	18.0	0.0	0.0	0.0	0.0	0.0	0.0	0.0	0.0	0.0	0.0	0.0	0.0	0.0	0.0	0.0	0.0	0.0	0.0	0.0	15.0	0.0	0.0	0.0	0.0	0.0	0.0	0.0	0.0	0.0	0.0	12.0	0.0	0.0	0.0	0.0	0.0	0.0	0.0	0.0	17.0	0.0	0.0	0.0	0.0	0.0	144.0	0.0	0.0	0.0	0.0	0.0	0.0	0.0	100.0	0.0	0.0	0.0	0.0	0.0	0.0	46.0	10.0	0.0	34.0	0.0	0.0	0.0	0.0	0.0	3.0	0.0	0.0	0.0	0.0	0.0	0.0	50.0	0.0	0.0	18.0	24.0	0.0	0.0	0.0	0.0	0.0	0.0	0.0	0.0	2.0	0.0	74.0	51.0	0.0	0.0	0.0	18.0	0.0	8.0	33.0	0.0	0.0	0.0	0.0	0.0	0.0	0.0	0.0	0.0	0.0	0.0	0.0	0.0	0.0	0.0	0.0	34.0	0.0	0.0	0.0	0.0	0.0	0.0	0.0	0.0	0.0	0.0	0.0	20.0	72.0	0.0	39.0	0.0	41.0	0.0	0.0	36.0	0.0	3.0	48.0	67.0	81.0	0.0	0.0	0.0	0.0	100.0	321.0	0.0	0.0	0.0	11.0	0.0	0.0	0.0	0.0	0.0	0.0	0.0	0.0	0.0	34.0	29.0	36.0	0.0	0.0	0.0	0.0	0.0	0.0	7.0	0.0	0.0	0.0	2.0	0.0	0.0	0.0	0.0	0.0	46.0	43.0	0.0	0.0	0.0	0.0	0.0	0.0	0.0	0.0	0.0	0.0	0.0	0.0	4.0	0.0	0.0	20.0	0.0	75.0	0.0	57.0	22.0	0.0	10.0	0.0	27.0	0.0	0.0	0.0	0.0	0.0	0.0	7.0	0.0	0.0	0.0	0.0	0.0	0.0	0.0	0.0	0.0	0.0	0.0	4.0	79.0	19.0	0.0	0.0	0.0	0.0	0.0	0.0	2.0	0.0	0.0	0.0	0.0	0.0	0.0	0.0	0.0	78.0	0.0	0.0	0.0	0.0	0.0	0.0	31.0	0.0	0.0	0.0	0.0	24.0	0.0	0.0	13.0	0.0	0.0	0.0	0.0	0.0	0.0	0.0	0.0	4.0	0.0	0.0	0.0	0.0	37.0	25.0	0.0	75.0	0.0	0.0	0.0	0.0	0.0	0.0	0.0	0.0	69.0	0.0	0.0	0.0	0.0	0.0	0.0	0.0	0.0	0.0	35.0	0.0	0.0	0.0	0.0	0.0	0.0	51.0	4.0	110.0	14.0	0.0	0.0	0.0	0.0	0.0	0.0	0.0	0.0	30.0	0.0	0.0	0.0	0.0	18.0	32.0	0.0	12.0	0.0	0.0	0.0	119.0	0.0	42.0	0.0	0.0	0.0	0.0	0.0	0.0	0.0	0.0	8.0	0.0	0.0	0.0	0.0	0.0	0.0	51.0	0.0	0.0	9.0	0.0	0.0	0.0	0.0	0.0	0.0	58.0	0.0	0.0	24.0	32.0	0.0	0.0	0.0	0.0	0.0	0.0	14.0	0.0	19.0	0.0	11.0	169.0	0.0	0.0	0.0	0.0	0.0	0.0	5.0	0.0	0.0	0.0	0.0	0.0	0.0	32.0	156.0	0.0	0.0	0.0	0.0	0.0	0.0	0.0	0.0	0.0	0.0	57.0	0.0	0.0	0.0	0.0	0.0	0.0	0.0	0.0	46.0	0.0	25.0	0.0	0.0	0.0	0.0	0.0	0.0	0.0	0.0	0.0	0.0	0.0	0.0	0.0	0.0	0.0	105.0	0.0	0.0	0.0	0.0	0.0	0.0	0.0	0.0	0.0	0.0	45.0	0.0	33.0	6.0	0.0	5.0	0.0	0.0	0.0	8.0	0.0
s__Murimonas intestini (1)	0.0	0.0	0.0	3.0	14.0	0.0	0.0	0.0	0.0	0.0	0.0	0.0	0.0	0.0	0.0	0.0	14.0	8.0	0.0	18.0	0.0	3.0	0.0	0.0	0.0	0.0	10.0	8.0	8.0	0.0	0.0	0.0	16.0	0.0	0.0	0.0	0.0	0.0	1.0	0.0	0.0	0.0	0.0	0.0	0.0	0.0	0.0	0.0	0.0	0.0	0.0	4.0	0.0	0.0	0.0	0.0	0.0	12.0	11.0	0.0	10.0	0.0	0.0	0.0	0.0	0.0	0.0	0.0	11.0	9.0	0.0	0.0	0.0	52.0	0.0	0.0	0.0	0.0	0.0	0.0	0.0	0.0	0.0	0.0	0.0	0.0	11.0	0.0	5.0	0.0	7.0	0.0	0.0	0.0	0.0	0.0	0.0	8.0	0.0	0.0	0.0	0.0	0.0	3.0	0.0	0.0	0.0	0.0	8.0	4.0	0.0	0.0	14.0	0.0	10.0	0.0	0.0	9.0	8.0	19.0	7.0	0.0	78.0	0.0	0.0	0.0	0.0	0.0	10.0	5.0	11.0	13.0	0.0	0.0	0.0	6.0	0.0	0.0	0.0	0.0	0.0	0.0	0.0	0.0	0.0	0.0	0.0	4.0	0.0	0.0	0.0	0.0	0.0	0.0	0.0	0.0	12.0	0.0	0.0	12.0	2.0	0.0	15.0	0.0	0.0	0.0	6.0	0.0	17.0	0.0	4.0	8.0	6.0	0.0	0.0	7.0	0.0	9.0	2.0	3.0	25.0	11.0	0.0	0.0	26.0	2.0	20.0	8.0	0.0	5.0	11.0	0.0	0.0	0.0	0.0	2.0	0.0	0.0	42.0	0.0	8.0	0.0	10.0	6.0	0.0	1.0	0.0	0.0	7.0	0.0	0.0	0.0	0.0	4.0	0.0	5.0	8.0	0.0	0.0	0.0	3.0	8.0	0.0	0.0	0.0	0.0	0.0	0.0	0.0	0.0	0.0	33.0	0.0	5.0	6.0	0.0	9.0	0.0	19.0	0.0	23.0	3.0	0.0	0.0	0.0	14.0	0.0	0.0	10.0	0.0	0.0	0.0	14.0	0.0	0.0	14.0	0.0	0.0	0.0	3.0	0.0	0.0	0.0	0.0	6.0	19.0	6.0	0.0	0.0	0.0	26.0	0.0	0.0	7.0	0.0	7.0	2.0	21.0	17.0	0.0	0.0	0.0	0.0	0.0	0.0	0.0	0.0	0.0	0.0	10.0	0.0	0.0	0.0	0.0	18.0	12.0	0.0	0.0	0.0	0.0	0.0	0.0	7.0	0.0	16.0	8.0	16.0	0.0	0.0	0.0	3.0	9.0	19.0	0.0	7.0	0.0	8.0	0.0	98.0	0.0	0.0	16.0	0.0	0.0	0.0	0.0	0.0	0.0	0.0	47.0	0.0	0.0	4.0	0.0	12.0	0.0	0.0	3.0	0.0	5.0	0.0	15.0	0.0	16.0	0.0	0.0	0.0	4.0	0.0	0.0	0.0	0.0	0.0	0.0	0.0	0.0	0.0	8.0	16.0	0.0	12.0	0.0	3.0	0.0	0.0	8.0	2.0	0.0	0.0	7.0	0.0	0.0	0.0	0.0	0.0	0.0	0.0	0.0	5.0	0.0	0.0	23.0	21.0	0.0	0.0	24.0	0.0	0.0	0.0	0.0	0.0	0.0	0.0	0.0	0.0	4.0	7.0	0.0	0.0	0.0	0.0	0.0	18.0	6.0	0.0	20.0	0.0	43.0	6.0	1.0	5.0	0.0	0.0	0.0	0.0	12.0	0.0	0.0	11.0	0.0	0.0	4.0	0.0	0.0	0.0	0.0	0.0	0.0	0.0	13.0	0.0	5.0	0.0	0.0	3.0	0.0	0.0	0.0	0.0	0.0	0.0	0.0	13.0	0.0	23.0	10.0	0.0	27.0	0.0	0.0	0.0	1.0	0.0	0.0	5.0	0.0	0.0	0.0	0.0	12.0	5.0	0.0	0.0	0.0	3.0	0.0	0.0	0.0	0.0	0.0	0.0	0.0	7.0	9.0	0.0	11.0	0.0	0.0	0.0	0.0	4.0	9.0	0.0
g__Roseburia (1)	10.0	3.0	0.0	38.0	82.0	0.0	0.0	11.0	0.0	0.0	52.0	39.0	0.0	0.0	0.0	0.0	0.0	6.0	0.0	0.0	0.0	46.0	0.0	0.0	96.0	63.0	36.0	76.0	133.0	20.0	0.0	0.0	62.0	0.0	0.0	0.0	13.0	0.0	165.0	0.0	104.0	0.0	40.0	149.0	26.0	0.0	91.0	4.0	0.0	0.0	0.0	23.0	0.0	19.0	0.0	0.0	18.0	25.0	28.0	0.0	8.0	0.0	0.0	0.0	0.0	73.0	33.0	0.0	10.0	0.0	75.0	0.0	80.0	0.0	0.0	2.0	0.0	0.0	5.0	4.0	0.0	37.0	0.0	1.0	0.0	0.0	44.0	269.0	4.0	2.0	0.0	0.0	207.0	0.0	0.0	0.0	0.0	0.0	0.0	0.0	6.0	0.0	79.0	0.0	0.0	78.0	3.0	229.0	0.0	39.0	0.0	0.0	0.0	0.0	17.0	51.0	16.0	19.0	2.0	48.0	0.0	0.0	49.0	0.0	15.0	0.0	0.0	0.0	32.0	0.0	0.0	0.0	0.0	17.0	12.0	56.0	0.0	48.0	38.0	107.0	0.0	49.0	0.0	0.0	0.0	0.0	0.0	0.0	0.0	0.0	6.0	0.0	64.0	20.0	0.0	39.0	0.0	0.0	0.0	133.0	14.0	0.0	133.0	0.0	65.0	0.0	0.0	13.0	123.0	0.0	9.0	66.0	251.0	0.0	11.0	144.0	0.0	3.0	82.0	53.0	12.0	52.0	0.0	0.0	0.0	27.0	135.0	0.0	23.0	183.0	11.0	0.0	0.0	0.0	3.0	0.0	9.0	26.0	0.0	0.0	41.0	15.0	46.0	28.0	0.0	13.0	28.0	0.0	26.0	64.0	0.0	0.0	0.0	28.0	0.0	25.0	66.0	0.0	63.0	3.0	14.0	73.0	0.0	0.0	3.0	0.0	0.0	0.0	0.0	0.0	32.0	201.0	0.0	137.0	132.0	5.0	0.0	211.0	4.0	0.0	9.0	65.0	37.0	42.0	202.0	92.0	5.0	152.0	2.0	0.0	0.0	0.0	0.0	0.0	6.0	180.0	0.0	22.0	0.0	33.0	0.0	73.0	0.0	13.0	23.0	23.0	13.0	0.0	66.0	0.0	1.0	102.0	0.0	34.0	8.0	53.0	3.0	27.0	102.0	0.0	0.0	0.0	23.0	0.0	0.0	0.0	0.0	0.0	0.0	30.0	0.0	194.0	0.0	102.0	0.0	18.0	0.0	0.0	0.0	0.0	0.0	35.0	10.0	144.0	61.0	10.0	14.0	0.0	0.0	0.0	7.0	25.0	46.0	0.0	48.0	11.0	24.0	0.0	0.0	0.0	0.0	6.0	0.0	50.0	0.0	379.0	0.0	37.0	0.0	72.0	0.0	0.0	35.0	34.0	41.0	0.0	0.0	14.0	0.0	1.0	199.0	14.0	0.0	0.0	115.0	3.0	0.0	0.0	134.0	0.0	0.0	0.0	0.0	0.0	0.0	51.0	0.0	4.0	38.0	20.0	55.0	0.0	5.0	12.0	57.0	0.0	179.0	0.0	3.0	86.0	0.0	0.0	83.0	39.0	0.0	33.0	0.0	158.0	153.0	0.0	0.0	0.0	621.0	0.0	134.0	0.0	103.0	709.0	0.0	29.0	33.0	0.0	0.0	0.0	233.0	101.0	17.0	0.0	0.0	0.0	42.0	0.0	0.0	25.0	0.0	27.0	27.0	0.0	24.0	0.0	8.0	0.0	0.0	0.0	0.0	29.0	0.0	0.0	211.0	3.0	20.0	0.0	0.0	111.0	51.0	0.0	110.0	103.0	158.0	9.0	0.0	17.0	217.0	0.0	30.0	0.0	3.0	0.0	0.0	0.0	0.0	117.0	7.0	0.0	3.0	52.0	0.0	13.0	0.0	0.0	0.0	0.0	0.0	0.0	0.0	129.0	0.0	0.0	0.0	40.0	40.0	110.0	0.0	0.0	30.0	0.0	0.0	0.0	87.0	0.0	0.0	0.0	13.0	0.0	8.0	13.0	0.0	0.0	39.0	0.0	73.0	51.0	0.0
g__Roseburia (2)	0.0	0.0	0.0	20.0	0.0	0.0	30.0	0.0	66.0	0.0	0.0	12.0	0.0	18.0	0.0	0.0	6.0	0.0	0.0	0.0	0.0	0.0	0.0	0.0	6.0	0.0	0.0	239.0	0.0	19.0	0.0	0.0	42.0	0.0	0.0	35.0	74.0	0.0	110.0	0.0	0.0	0.0	0.0	10.0	0.0	0.0	0.0	0.0	0.0	0.0	0.0	6.0	0.0	0.0	0.0	0.0	0.0	0.0	17.0	0.0	0.0	1.0	7.0	6.0	0.0	0.0	6.0	2.0	0.0	0.0	0.0	0.0	6.0	0.0	0.0	0.0	0.0	0.0	0.0	0.0	0.0	0.0	0.0	0.0	0.0	0.0	0.0	0.0	0.0	0.0	0.0	0.0	0.0	179.0	0.0	0.0	13.0	0.0	443.0	64.0	0.0	0.0	0.0	0.0	0.0	0.0	0.0	0.0	48.0	21.0	0.0	23.0	0.0	0.0	5.0	0.0	0.0	43.0	0.0	0.0	135.0	0.0	0.0	0.0	0.0	0.0	0.0	0.0	11.0	0.0	0.0	0.0	6.0	84.0	14.0	0.0	0.0	0.0	50.0	63.0	0.0	0.0	0.0	0.0	0.0	0.0	0.0	0.0	0.0	0.0	0.0	0.0	150.0	0.0	0.0	0.0	0.0	0.0	0.0	0.0	0.0	0.0	15.0	0.0	0.0	0.0	0.0	0.0	38.0	0.0	51.0	0.0	33.0	0.0	0.0	64.0	0.0	8.0	117.0	0.0	0.0	46.0	35.0	0.0	0.0	0.0	0.0	0.0	0.0	0.0	0.0	0.0	0.0	0.0	0.0	0.0	144.0	40.0	0.0	0.0	0.0	62.0	10.0	0.0	0.0	0.0	0.0	0.0	10.0	56.0	0.0	0.0	0.0	21.0	0.0	0.0	0.0	0.0	172.0	0.0	31.0	5.0	0.0	0.0	0.0	0.0	66.0	0.0	0.0	0.0	0.0	0.0	93.0	0.0	21.0	0.0	0.0	0.0	0.0	0.0	33.0	167.0	0.0	82.0	54.0	24.0	0.0	0.0	22.0	0.0	17.0	0.0	0.0	7.0	0.0	16.0	0.0	21.0	0.0	0.0	0.0	0.0	0.0	0.0	0.0	0.0	38.0	0.0	0.0	0.0	0.0	0.0	384.0	0.0	0.0	34.0	2.0	101.0	54.0	11.0	0.0	14.0	0.0	0.0	0.0	171.0	0.0	0.0	0.0	3.0	0.0	0.0	144.0	0.0	0.0	0.0	0.0	0.0	0.0	0.0	0.0	132.0	31.0	0.0	13.0	16.0	0.0	0.0	0.0	0.0	6.0	0.0	0.0	0.0	0.0	0.0	0.0	0.0	0.0	0.0	1519.0	0.0	0.0	8.0	337.0	61.0	0.0	26.0	0.0	0.0	0.0	0.0	42.0	0.0	10.0	0.0	0.0	0.0	0.0	0.0	54.0	0.0	12.0	0.0	0.0	0.0	0.0	0.0	0.0	0.0	0.0	7.0	0.0	4.0	0.0	65.0	0.0	56.0	158.0	0.0	25.0	0.0	0.0	68.0	0.0	0.0	42.0	135.0	35.0	0.0	1.0	0.0	77.0	0.0	4.0	0.0	102.0	0.0	115.0	0.0	0.0	0.0	30.0	0.0	1.0	0.0	0.0	31.0	0.0	0.0	0.0	0.0	0.0	0.0	6.0	65.0	0.0	0.0	0.0	0.0	0.0	29.0	0.0	3.0	0.0	0.0	0.0	0.0	130.0	3.0	0.0	82.0	0.0	0.0	0.0	3.0	0.0	0.0	45.0	0.0	24.0	0.0	0.0	0.0	0.0	0.0	101.0	0.0	231.0	0.0	0.0	7.0	0.0	5.0	482.0	0.0	32.0	57.0	0.0	0.0	0.0	0.0	24.0	0.0	0.0	0.0	0.0	0.0	0.0	0.0	0.0	0.0	0.0	0.0	102.0	0.0	0.0	0.0	0.0	27.0	8.0	122.0	0.0	0.0	5.0	0.0	0.0	0.0	0.0	0.0	0.0	24.0	0.0	0.0	0.0	89.0	0.0	0.0	10.0	0.0	32.0	8.0	0.0
s__Roseburia hominis (1)	0.0	0.0	0.0	21.0	6.0	0.0	18.0	0.0	0.0	46.0	0.0	0.0	0.0	0.0	0.0	0.0	3.0	0.0	0.0	103.0	0.0	0.0	0.0	0.0	0.0	16.0	9.0	0.0	20.0	0.0	0.0	0.0	11.0	0.0	0.0	0.0	13.0	0.0	0.0	0.0	0.0	0.0	3.0	0.0	0.0	0.0	0.0	0.0	0.0	29.0	0.0	0.0	0.0	10.0	0.0	0.0	5.0	16.0	14.0	0.0	10.0	0.0	0.0	0.0	0.0	0.0	0.0	0.0	0.0	25.0	4.0	0.0	0.0	5.0	0.0	0.0	54.0	0.0	0.0	5.0	13.0	0.0	0.0	0.0	22.0	0.0	0.0	0.0	0.0	0.0	0.0	0.0	0.0	0.0	9.0	0.0	0.0	2.0	0.0	0.0	0.0	0.0	0.0	28.0	0.0	0.0	0.0	32.0	0.0	0.0	67.0	0.0	3.0	0.0	0.0	19.0	0.0	0.0	0.0	15.0	0.0	0.0	8.0	3.0	0.0	75.0	0.0	0.0	11.0	0.0	49.0	13.0	0.0	0.0	0.0	0.0	88.0	0.0	16.0	0.0	0.0	0.0	0.0	0.0	0.0	0.0	0.0	0.0	0.0	0.0	27.0	0.0	42.0	0.0	0.0	5.0	0.0	0.0	15.0	48.0	0.0	0.0	0.0	0.0	4.0	0.0	47.0	0.0	18.0	0.0	14.0	24.0	0.0	0.0	2.0	0.0	0.0	0.0	8.0	163.0	0.0	0.0	0.0	0.0	0.0	0.0	94.0	0.0	0.0	20.0	3.0	0.0	0.0	0.0	0.0	25.0	83.0	0.0	0.0	0.0	59.0	0.0	46.0	12.0	0.0	0.0	0.0	0.0	0.0	0.0	0.0	0.0	0.0	0.0	0.0	6.0	256.0	0.0	24.0	0.0	0.0	0.0	0.0	0.0	0.0	0.0	0.0	0.0	0.0	0.0	27.0	1.0	0.0	0.0	7.0	0.0	77.0	13.0	0.0	0.0	0.0	7.0	0.0	0.0	7.0	0.0	13.0	0.0	0.0	0.0	0.0	0.0	12.0	0.0	0.0	0.0	0.0	0.0	0.0	3.0	0.0	12.0	36.0	0.0	7.0	0.0	23.0	17.0	0.0	0.0	4.0	107.0	0.0	10.0	0.0	0.0	0.0	0.0	15.0	0.0	0.0	0.0	0.0	0.0	0.0	0.0	0.0	0.0	0.0	32.0	25.0	0.0	0.0	0.0	11.0	199.0	0.0	13.0	122.0	14.0	0.0	52.0	0.0	0.0	0.0	0.0	28.0	0.0	26.0	0.0	1.0	0.0	79.0	0.0	34.0	0.0	0.0	0.0	0.0	0.0	0.0	0.0	0.0	0.0	20.0	0.0	0.0	24.0	0.0	0.0	0.0	0.0	7.0	0.0	14.0	0.0	0.0	31.0	0.0	0.0	0.0	25.0	0.0	9.0	0.0	0.0	0.0	0.0	85.0	0.0	0.0	0.0	0.0	0.0	0.0	0.0	0.0	0.0	0.0	0.0	4.0	0.0	0.0	0.0	0.0	7.0	0.0	0.0	0.0	0.0	0.0	8.0	0.0	0.0	0.0	15.0	0.0	209.0	0.0	0.0	0.0	0.0	0.0	0.0	0.0	0.0	0.0	0.0	0.0	0.0	2.0	0.0	0.0	0.0	0.0	0.0	35.0	0.0	56.0	0.0	0.0	0.0	116.0	0.0	0.0	23.0	28.0	19.0	0.0	0.0	14.0	0.0	0.0	0.0	0.0	0.0	0.0	0.0	0.0	0.0	0.0	14.0	5.0	0.0	0.0	0.0	26.0	0.0	0.0	50.0	0.0	24.0	0.0	62.0	0.0	0.0	0.0	28.0	3.0	0.0	0.0	0.0	0.0	0.0	8.0	88.0	0.0	0.0	0.0	0.0	0.0	0.0	0.0	0.0	0.0	0.0	0.0	3.0	0.0	41.0	0.0	0.0	0.0	0.0	0.0	0.0	0.0	0.0	0.0	0.0	0.0	0.0	0.0	0.0	0.0	12.0	47.0	1.0	0.0	0.0	0.0	0.0	0.0
s__Agathobacter faecis (1)	57.0	0.0	0.0	108.0	78.0	4.0	0.0	0.0	205.0	0.0	369.0	14.0	0.0	0.0	0.0	0.0	0.0	39.0	0.0	0.0	35.0	362.0	0.0	47.0	0.0	49.0	107.0	0.0	41.0	294.0	0.0	0.0	86.0	0.0	0.0	725.0	0.0	3.0	0.0	0.0	0.0	0.0	0.0	0.0	1096.0	0.0	3.0	0.0	0.0	0.0	8.0	0.0	0.0	146.0	17.0	3.0	10.0	7.0	46.0	0.0	0.0	20.0	33.0	0.0	0.0	0.0	101.0	0.0	0.0	9.0	144.0	4.0	52.0	43.0	0.0	71.0	274.0	0.0	0.0	0.0	0.0	96.0	0.0	0.0	0.0	0.0	128.0	0.0	158.0	0.0	67.0	0.0	614.0	0.0	0.0	0.0	0.0	10.0	0.0	0.0	103.0	0.0	0.0	15.0	0.0	53.0	530.0	429.0	11.0	86.0	0.0	0.0	0.0	0.0	0.0	164.0	17.0	0.0	0.0	196.0	491.0	454.0	0.0	0.0	24.0	370.0	0.0	9.0	85.0	0.0	18.0	0.0	11.0	0.0	108.0	509.0	0.0	0.0	91.0	85.0	2541.0	0.0	0.0	0.0	0.0	0.0	157.0	0.0	0.0	0.0	0.0	4.0	295.0	0.0	0.0	140.0	29.0	0.0	0.0	19.0	296.0	203.0	39.0	0.0	153.0	0.0	0.0	41.0	0.0	0.0	14.0	382.0	11.0	0.0	75.0	0.0	0.0	3.0	167.0	0.0	0.0	0.0	0.0	0.0	0.0	91.0	148.0	97.0	0.0	34.0	22.0	0.0	0.0	374.0	0.0	0.0	0.0	42.0	0.0	0.0	31.0	71.0	84.0	0.0	34.0	0.0	0.0	0.0	22.0	166.0	0.0	0.0	0.0	550.0	0.0	29.0	69.0	0.0	215.0	491.0	189.0	2.0	0.0	0.0	0.0	6.0	0.0	43.0	0.0	0.0	0.0	0.0	0.0	107.0	141.0	35.0	16.0	0.0	0.0	0.0	53.0	108.0	76.0	0.0	116.0	15.0	56.0	315.0	0.0	0.0	415.0	0.0	93.0	0.0	0.0	108.0	0.0	26.0	0.0	0.0	0.0	80.0	0.0	0.0	25.0	17.0	0.0	0.0	7.0	0.0	11.0	0.0	0.0	96.0	111.0	89.0	5.0	0.0	52.0	58.0	6.0	91.0	0.0	0.0	0.0	0.0	0.0	0.0	0.0	13.0	0.0	0.0	23.0	20.0	10.0	0.0	0.0	24.0	351.0	0.0	0.0	0.0	45.0	0.0	38.0	212.0	0.0	0.0	0.0	0.0	90.0	0.0	206.0	0.0	0.0	0.0	117.0	0.0	1.0	0.0	0.0	30.0	0.0	212.0	14.0	328.0	0.0	411.0	0.0	260.0	14.0	0.0	0.0	178.0	139.0	1008.0	1.0	37.0	0.0	0.0	141.0	0.0	0.0	236.0	0.0	0.0	0.0	0.0	0.0	232.0	0.0	0.0	0.0	0.0	0.0	0.0	256.0	406.0	269.0	21.0	145.0	0.0	2.0	128.0	0.0	77.0	132.0	0.0	47.0	0.0	0.0	0.0	36.0	0.0	0.0	0.0	0.0	0.0	614.0	0.0	55.0	0.0	144.0	39.0	0.0	40.0	0.0	0.0	0.0	0.0	28.0	65.0	22.0	290.0	0.0	90.0	0.0	0.0	0.0	342.0	349.0	0.0	0.0	20.0	278.0	13.0	88.0	0.0	0.0	340.0	88.0	0.0	0.0	0.0	0.0	335.0	0.0	15.0	105.0	0.0	0.0	0.0	0.0	205.0	132.0	0.0	0.0	145.0	40.0	62.0	0.0	132.0	47.0	111.0	0.0	0.0	12.0	0.0	0.0	12.0	0.0	336.0	44.0	0.0	0.0	120.0	0.0	23.0	0.0	76.0	0.0	3.0	0.0	2.0	0.0	0.0	196.0	0.0	9.0	0.0	6.0	107.0	18.0	89.0	0.0	0.0	0.0	0.0	289.0	0.0	0.0	185.0	208.0	26.0	0.0	172.0	0.0	0.0	94.0	0.0	0.0	0.0	0.0
s__Fusicatenibacter saccharivorans (1)	104.0	0.0	3.0	180.0	119.0	0.0	122.0	130.0	203.0	99.0	439.0	0.0	0.0	280.0	2.0	0.0	451.0	35.0	0.0	247.0	63.0	120.0	0.0	369.0	0.0	0.0	230.0	161.0	33.0	0.0	0.0	0.0	120.0	367.0	1.0	0.0	155.0	0.0	111.0	157.0	232.0	201.0	2.0	74.0	0.0	1.0	1.0	81.0	0.0	212.0	11.0	112.0	0.0	180.0	145.0	0.0	22.0	81.0	434.0	0.0	298.0	12.0	307.0	1.0	234.0	0.0	66.0	0.0	374.0	66.0	210.0	0.0	0.0	1.0	3.0	0.0	494.0	0.0	108.0	80.0	0.0	213.0	0.0	5.0	190.0	0.0	129.0	0.0	205.0	423.0	372.0	0.0	224.0	601.0	0.0	0.0	0.0	149.0	10.0	0.0	203.0	0.0	26.0	105.0	3.0	70.0	128.0	0.0	89.0	57.0	142.0	0.0	69.0	0.0	25.0	250.0	221.0	300.0	351.0	314.0	0.0	0.0	104.0	611.0	0.0	60.0	3.0	222.0	144.0	0.0	77.0	138.0	0.0	194.0	108.0	263.0	21.0	187.0	203.0	237.0	0.0	0.0	0.0	0.0	0.0	0.0	0.0	78.0	1.0	342.0	58.0	0.0	125.0	0.0	0.0	147.0	94.0	0.0	108.0	102.0	59.0	328.0	174.0	1.0	371.0	0.0	23.0	238.0	328.0	2.0	47.0	242.0	219.0	370.0	146.0	176.0	0.0	353.0	265.0	341.0	114.0	8.0	31.0	36.0	11.0	94.0	279.0	93.0	40.0	1.0	17.0	2.0	0.0	292.0	80.0	31.0	558.0	0.0	35.0	0.0	126.0	62.0	181.0	353.0	0.0	6.0	53.0	217.0	71.0	132.0	0.0	69.0	778.0	239.0	1.0	441.0	88.0	0.0	159.0	175.0	193.0	88.0	126.0	0.0	179.0	3.0	1.0	127.0	0.0	2.0	369.0	59.0	1.0	67.0	182.0	20.0	231.0	268.0	443.0	2.0	108.0	220.0	139.0	279.0	199.0	38.0	26.0	106.0	344.0	0.0	0.0	0.0	45.0	0.0	0.0	253.0	0.0	87.0	0.0	61.0	0.0	170.0	10.0	245.0	167.0	277.0	0.0	0.0	71.0	0.0	306.0	382.0	1.0	255.0	167.0	58.0	5.0	380.0	144.0	77.0	3.0	69.0	157.0	0.0	0.0	0.0	0.0	0.0	0.0	191.0	120.0	79.0	159.0	25.0	184.0	423.0	52.0	75.0	675.0	26.0	0.0	854.0	353.0	315.0	61.0	278.0	171.0	0.0	261.0	17.0	156.0	93.0	12.0	117.0	179.0	1.0	137.0	108.0	1.0	0.0	0.0	193.0	0.0	121.0	13.0	4.0	0.0	321.0	0.0	66.0	0.0	3.0	106.0	120.0	135.0	129.0	0.0	54.0	1.0	107.0	149.0	123.0	180.0	452.0	0.0	0.0	3.0	0.0	216.0	297.0	0.0	85.0	33.0	5.0	0.0	73.0	350.0	362.0	912.0	58.0	90.0	0.0	0.0	391.0	308.0	2.0	123.0	0.0	115.0	0.0	169.0	285.0	138.0	20.0	182.0	128.0	0.0	0.0	138.0	0.0	75.0	85.0	48.0	67.0	253.0	140.0	0.0	158.0	205.0	75.0	403.0	142.0	705.0	0.0	71.0	157.0	249.0	0.0	273.0	2.0	198.0	3.0	98.0	42.0	67.0	41.0	170.0	113.0	310.0	226.0	211.0	139.0	27.0	1.0	1.0	140.0	12.0	306.0	194.0	379.0	137.0	90.0	294.0	193.0	201.0	0.0	86.0	1.0	338.0	52.0	0.0	109.0	156.0	36.0	188.0	0.0	179.0	27.0	4.0	2.0	296.0	12.0	233.0	0.0	120.0	99.0	296.0	117.0	183.0	0.0	0.0	0.0	1.0	2.0	9.0	278.0	627.0	0.0	0.0	60.0	96.0	269.0	1.0	376.0	118.0	2.0	1.0	0.0	0.0	0.0	0.0	525.0	292.0	207.0	1.0	75.0	0.0	0.0	211.0	3.0	62.0	80.0	3.0
s__Schaedlerella glycyrrhizinilytica_A (1)	4.0	0.0	0.0	3.0	0.0	15.0	8.0	0.0	0.0	9.0	20.0	18.0	17.0	0.0	3.0	0.0	1.0	0.0	0.0	0.0	0.0	0.0	0.0	0.0	0.0	0.0	0.0	0.0	0.0	0.0	0.0	0.0	0.0	10.0	0.0	0.0	0.0	0.0	5.0	0.0	0.0	7.0	0.0	0.0	0.0	0.0	0.0	0.0	0.0	0.0	0.0	0.0	31.0	0.0	0.0	0.0	0.0	0.0	0.0	0.0	0.0	0.0	0.0	0.0	0.0	0.0	0.0	0.0	0.0	0.0	0.0	0.0	7.0	0.0	0.0	0.0	7.0	0.0	0.0	11.0	26.0	0.0	0.0	3.0	0.0	0.0	0.0	5.0	0.0	0.0	0.0	0.0	0.0	0.0	2.0	0.0	0.0	0.0	0.0	19.0	0.0	0.0	7.0	0.0	0.0	0.0	0.0	0.0	0.0	0.0	0.0	0.0	2.0	0.0	0.0	0.0	0.0	0.0	0.0	0.0	0.0	0.0	0.0	0.0	3.0	0.0	0.0	0.0	0.0	0.0	0.0	0.0	2.0	0.0	3.0	0.0	0.0	3.0	0.0	0.0	0.0	2.0	0.0	0.0	0.0	5.0	0.0	0.0	0.0	0.0	0.0	0.0	0.0	0.0	0.0	0.0	0.0	0.0	17.0	0.0	0.0	0.0	0.0	0.0	13.0	0.0	0.0	0.0	0.0	0.0	0.0	0.0	0.0	14.0	0.0	0.0	0.0	0.0	0.0	0.0	0.0	0.0	39.0	0.0	16.0	0.0	0.0	0.0	0.0	12.0	0.0	0.0	0.0	0.0	4.0	0.0	17.0	1.0	0.0	0.0	0.0	15.0	0.0	0.0	0.0	0.0	14.0	0.0	0.0	0.0	8.0	0.0	0.0	0.0	0.0	5.0	0.0	0.0	13.0	7.0	0.0	0.0	0.0	0.0	0.0	0.0	0.0	0.0	0.0	0.0	0.0	2.0	0.0	0.0	0.0	0.0	0.0	0.0	3.0	0.0	0.0	0.0	0.0	0.0	0.0	0.0	14.0	0.0	0.0	0.0	0.0	0.0	0.0	0.0	0.0	0.0	0.0	0.0	5.0	0.0	0.0	5.0	0.0	0.0	0.0	17.0	0.0	0.0	2.0	0.0	0.0	8.0	0.0	0.0	0.0	0.0	9.0	0.0	0.0	14.0	0.0	0.0	0.0	15.0	0.0	0.0	0.0	0.0	0.0	0.0	0.0	11.0	0.0	7.0	0.0	0.0	5.0	5.0	0.0	6.0	0.0	0.0	0.0	73.0	0.0	0.0	0.0	0.0	0.0	0.0	0.0	0.0	0.0	0.0	0.0	0.0	0.0	0.0	0.0	0.0	0.0	0.0	64.0	0.0	0.0	0.0	0.0	0.0	0.0	0.0	0.0	0.0	0.0	0.0	0.0	0.0	0.0	0.0	6.0	0.0	0.0	0.0	0.0	0.0	0.0	0.0	0.0	7.0	0.0	0.0	0.0	10.0	0.0	21.0	0.0	0.0	2.0	0.0	0.0	0.0	0.0	0.0	0.0	0.0	0.0	0.0	0.0	0.0	9.0	0.0	0.0	0.0	0.0	0.0	0.0	0.0	0.0	0.0	0.0	0.0	0.0	0.0	0.0	0.0	1.0	0.0	9.0	0.0	0.0	0.0	0.0	0.0	10.0	11.0	0.0	0.0	0.0	0.0	37.0	0.0	1.0	6.0	0.0	0.0	7.0	0.0	0.0	0.0	0.0	0.0	11.0	14.0	0.0	0.0	0.0	0.0	0.0	30.0	0.0	30.0	0.0	0.0	0.0	0.0	6.0	8.0	1.0	0.0	0.0	0.0	0.0	0.0	0.0	0.0	0.0	0.0	0.0	0.0	0.0	0.0	0.0	0.0	0.0	0.0	0.0	0.0	8.0	0.0	61.0	0.0	0.0	0.0	0.0	0.0	0.0	6.0	0.0	0.0	0.0	0.0	6.0	0.0	0.0	30.0	0.0	0.0	30.0	0.0	0.0	0.0	0.0	0.0	0.0	0.0	0.0	0.0	0.0	16.0	0.0	0.0	0.0	5.0	0.0
s__Mediterraneibacter sp934309345 (1)	0.0	0.0	0.0	47.0	12.0	0.0	282.0	216.0	0.0	115.0	215.0	53.0	42.0	168.0	14.0	2.0	192.0	52.0	0.0	172.0	0.0	0.0	0.0	71.0	0.0	57.0	116.0	0.0	112.0	0.0	0.0	0.0	98.0	0.0	0.0	0.0	36.0	0.0	115.0	0.0	6.0	0.0	27.0	0.0	0.0	0.0	858.0	0.0	0.0	223.0	0.0	2.0	0.0	0.0	62.0	0.0	0.0	122.0	65.0	0.0	235.0	0.0	0.0	518.0	0.0	0.0	111.0	0.0	130.0	75.0	62.0	0.0	0.0	0.0	5.0	0.0	0.0	0.0	0.0	0.0	0.0	0.0	0.0	0.0	0.0	0.0	69.0	0.0	70.0	0.0	0.0	0.0	0.0	0.0	0.0	0.0	0.0	59.0	0.0	0.0	7.0	0.0	82.0	0.0	0.0	109.0	12.0	0.0	5.0	70.0	0.0	0.0	517.0	0.0	60.0	173.0	500.0	0.0	31.0	0.0	0.0	0.0	63.0	80.0	0.0	0.0	0.0	0.0	29.0	0.0	51.0	214.0	398.0	0.0	0.0	46.0	0.0	0.0	6.0	253.0	0.0	0.0	0.0	21.0	0.0	0.0	0.0	249.0	16.0	0.0	0.0	1.0	66.0	0.0	0.0	27.0	84.0	0.0	0.0	75.0	0.0	0.0	101.0	0.0	0.0	0.0	25.0	38.0	120.0	0.0	57.0	0.0	187.0	0.0	427.0	176.0	0.0	56.0	63.0	57.0	101.0	87.0	0.0	0.0	0.0	112.0	179.0	0.0	0.0	0.0	0.0	0.0	0.0	32.0	174.0	0.0	2.0	0.0	0.0	0.0	12.0	2.0	194.0	209.0	0.0	2.0	1485.0	175.0	27.0	0.0	0.0	0.0	0.0	13.0	0.0	90.0	6.0	0.0	0.0	0.0	46.0	227.0	435.0	0.0	0.0	0.0	603.0	0.0	185.0	0.0	0.0	252.0	1.0	0.0	94.0	0.0	65.0	0.0	0.0	0.0	18.0	129.0	44.0	26.0	76.0	29.0	0.0	0.0	84.0	69.0	0.0	0.0	43.0	0.0	0.0	22.0	0.0	67.0	0.0	24.0	0.0	0.0	0.0	358.0	259.0	13.0	32.0	0.0	20.0	0.0	0.0	0.0	0.0	3.0	140.0	84.0	21.0	89.0	0.0	67.0	0.0	13.0	58.0	0.0	0.0	0.0	0.0	0.0	0.0	450.0	109.0	0.0	0.0	77.0	83.0	104.0	104.0	204.0	0.0	62.0	0.0	35.0	130.0	17.0	56.0	135.0	184.0	0.0	0.0	0.0	230.0	30.0	0.0	0.0	77.0	0.0	53.0	162.0	0.0	2.0	0.0	21.0	0.0	92.0	5.0	0.0	0.0	0.0	0.0	0.0	0.0	0.0	294.0	1.0	88.0	0.0	362.0	24.0	0.0	78.0	379.0	87.0	82.0	0.0	0.0	71.0	0.0	0.0	0.0	0.0	0.0	196.0	0.0	0.0	0.0	0.0	392.0	0.0	65.0	0.0	12.0	20.0	0.0	0.0	113.0	0.0	32.0	0.0	0.0	190.0	61.0	0.0	48.0	1333.0	0.0	10.0	0.0	78.0	0.0	0.0	123.0	0.0	3.0	0.0	0.0	183.0	0.0	0.0	0.0	0.0	484.0	0.0	513.0	0.0	3.0	88.0	284.0	0.0	327.0	0.0	0.0	303.0	59.0	190.0	0.0	158.0	37.0	30.0	302.0	178.0	0.0	0.0	0.0	0.0	0.0	66.0	27.0	0.0	47.0	0.0	0.0	42.0	69.0	45.0	0.0	0.0	0.0	0.0	0.0	40.0	0.0	0.0	0.0	0.0	52.0	4.0	142.0	0.0	0.0	464.0	250.0	3.0	12.0	0.0	22.0	199.0	123.0	379.0	0.0	2.0	0.0	0.0	0.0	0.0	48.0	0.0	0.0	0.0	0.0	22.0	0.0	35.0	0.0	0.0	78.0	0.0	0.0	30.0	0.0	0.0	0.0	0.0	0.0	166.0	124.0	4.0	0.0	0.0	46.0	0.0	55.0	95.0	4.0
s__Mediterraneibacter sp934309345 (2)	0.0	0.0	0.0	16.0	9.0	0.0	0.0	27.0	0.0	0.0	0.0	12.0	0.0	0.0	28.0	0.0	34.0	0.0	0.0	0.0	0.0	0.0	0.0	19.0	0.0	0.0	12.0	0.0	0.0	0.0	0.0	0.0	0.0	0.0	0.0	0.0	19.0	0.0	16.0	0.0	0.0	0.0	0.0	0.0	0.0	0.0	165.0	0.0	0.0	0.0	0.0	0.0	0.0	0.0	12.0	0.0	0.0	0.0	0.0	0.0	73.0	0.0	0.0	0.0	0.0	0.0	24.0	1.0	27.0	12.0	19.0	0.0	0.0	0.0	0.0	0.0	0.0	0.0	0.0	0.0	0.0	0.0	0.0	0.0	0.0	0.0	11.0	0.0	0.0	0.0	0.0	0.0	0.0	0.0	0.0	0.0	0.0	26.0	0.0	0.0	0.0	0.0	0.0	0.0	0.0	59.0	0.0	0.0	0.0	0.0	0.0	0.0	0.0	0.0	0.0	0.0	0.0	0.0	0.0	0.0	0.0	0.0	0.0	0.0	0.0	0.0	0.0	0.0	42.0	0.0	78.0	0.0	0.0	0.0	0.0	12.0	0.0	0.0	0.0	137.0	0.0	0.0	0.0	10.0	0.0	0.0	0.0	0.0	0.0	0.0	0.0	0.0	0.0	0.0	0.0	0.0	33.0	0.0	0.0	0.0	0.0	0.0	100.0	0.0	0.0	0.0	0.0	0.0	33.0	0.0	0.0	0.0	85.0	0.0	0.0	0.0	0.0	0.0	0.0	12.0	0.0	0.0	0.0	0.0	0.0	0.0	0.0	0.0	0.0	0.0	0.0	0.0	0.0	23.0	0.0	0.0	0.0	0.0	0.0	0.0	0.0	0.0	23.0	0.0	0.0	0.0	0.0	0.0	12.0	0.0	0.0	0.0	0.0	8.0	0.0	25.0	22.0	0.0	0.0	0.0	0.0	0.0	91.0	0.0	0.0	0.0	0.0	0.0	32.0	0.0	0.0	0.0	0.0	0.0	11.0	0.0	0.0	0.0	0.0	0.0	67.0	0.0	2.0	0.0	0.0	0.0	0.0	0.0	0.0	19.0	0.0	0.0	0.0	0.0	0.0	0.0	0.0	0.0	0.0	14.0	0.0	0.0	0.0	138.0	0.0	0.0	0.0	3.0	19.0	0.0	0.0	0.0	0.0	8.0	0.0	0.0	0.0	76.0	0.0	47.0	0.0	8.0	0.0	0.0	0.0	0.0	0.0	0.0	0.0	14.0	0.0	0.0	0.0	18.0	0.0	61.0	141.0	151.0	0.0	0.0	0.0	0.0	30.0	0.0	0.0	0.0	0.0	0.0	0.0	0.0	48.0	0.0	0.0	0.0	0.0	0.0	0.0	52.0	0.0	0.0	0.0	0.0	0.0	108.0	0.0	0.0	0.0	0.0	0.0	0.0	0.0	0.0	26.0	0.0	0.0	0.0	50.0	12.0	0.0	0.0	0.0	0.0	0.0	0.0	7.0	62.0	0.0	0.0	0.0	0.0	0.0	0.0	0.0	5.0	0.0	0.0	0.0	0.0	0.0	0.0	0.0	28.0	0.0	0.0	0.0	0.0	0.0	0.0	0.0	237.0	33.0	0.0	14.0	64.0	0.0	0.0	0.0	15.0	0.0	0.0	0.0	0.0	0.0	0.0	0.0	0.0	0.0	0.0	0.0	0.0	0.0	0.0	0.0	0.0	0.0	0.0	9.0	0.0	0.0	0.0	0.0	0.0	0.0	59.0	0.0	11.0	0.0	0.0	102.0	75.0	0.0	0.0	0.0	0.0	0.0	17.0	0.0	0.0	8.0	0.0	0.0	0.0	0.0	0.0	40.0	0.0	0.0	0.0	0.0	53.0	0.0	0.0	0.0	0.0	0.0	0.0	0.0	0.0	0.0	1055.0	219.0	0.0	0.0	0.0	0.0	0.0	0.0	0.0	0.0	0.0	0.0	0.0	0.0	0.0	0.0	0.0	0.0	0.0	0.0	0.0	0.0	0.0	0.0	0.0	69.0	0.0	0.0	0.0	0.0	0.0	0.0	0.0	0.0	0.0	27.0	7.0	0.0	0.0	0.0	0.0	0.0	0.0	0.0
s__Ruminococcus_B gnavus (1)	124.0	203.0	295.0	6.0	0.0	965.0	3.0	3.0	51.0	96.0	140.0	2.0	51.0	29.0	18.0	0.0	40.0	0.0	19.0	47.0	39.0	0.0	0.0	143.0	22.0	8.0	2.0	36.0	0.0	106.0	3287.0	0.0	12.0	98.0	1.0	613.0	0.0	2569.0	79.0	43.0	18.0	128.0	6.0	35.0	26.0	479.0	172.0	68.0	301.0	140.0	168.0	1.0	516.0	4.0	10.0	0.0	1.0	0.0	0.0	135.0	45.0	6.0	103.0	1523.0	592.0	8.0	2.0	78.0	45.0	0.0	52.0	3.0	5.0	181.0	1002.0	0.0	53.0	133.0	59.0	29.0	289.0	22.0	1205.0	115.0	10.0	4.0	19.0	66.0	61.0	76.0	18.0	0.0	39.0	414.0	10.0	80.0	30.0	28.0	11.0	83.0	4.0	1036.0	88.0	2.0	230.0	71.0	2.0	33.0	0.0	4.0	410.0	129.0	25.0	0.0	0.0	13.0	524.0	10.0	0.0	12.0	19.0	233.0	178.0	15.0	4.0	0.0	2.0	19.0	0.0	0.0	0.0	0.0	255.0	41.0	23.0	0.0	682.0	6.0	5.0	59.0	437.0	284.0	315.0	26.0	741.0	82.0	25.0	56.0	0.0	533.0	10.0	3.0	61.0	5.0	61.0	0.0	0.0	93.0	581.0	13.0	0.0	90.0	7.0	18.0	1054.0	316.0	0.0	57.0	12.0	84.0	0.0	38.0	51.0	318.0	29.0	183.0	337.0	0.0	1.0	0.0	9.0	25.0	395.0	299.0	71.0	12.0	0.0	5.0	110.0	119.0	0.0	248.0	0.0	21.0	255.0	7.0	83.0	31.0	32.0	0.0	0.0	289.0	0.0	15.0	0.0	319.0	24.0	75.0	0.0	40.0	174.0	84.0	3356.0	0.0	0.0	9.0	0.0	22.0	61.0	718.0	6.0	12.0	20.0	1106.0	147.0	412.0	88.0	80.0	2948.0	3118.0	25.0	109.0	2.0	10.0	0.0	6.0	0.0	21.0	111.0	4142.0	0.0	4.0	0.0	0.0	0.0	0.0	125.0	47.0	3.0	0.0	30.0	2860.0	0.0	5.0	127.0	0.0	4269.0	0.0	411.0	21.0	185.0	50.0	4.0	58.0	9.0	16.0	0.0	3.0	30.0	108.0	17.0	356.0	3.0	7.0	113.0	0.0	72.0	85.0	6.0	165.0	165.0	8.0	27.0	149.0	0.0	1973.0	0.0	1231.0	49.0	0.0	13.0	52.0	2449.0	3.0	1.0	0.0	37.0	37.0	631.0	20.0	2261.0	81.0	3.0	0.0	0.0	0.0	4.0	921.0	308.0	27.0	16.0	0.0	363.0	385.0	0.0	9.0	30.0	148.0	382.0	0.0	1068.0	26.0	847.0	8.0	75.0	57.0	229.0	57.0	825.0	60.0	327.0	353.0	4.0	40.0	2.0	1255.0	193.0	0.0	191.0	2.0	94.0	4.0	21.0	14.0	297.0	128.0	428.0	150.0	7.0	722.0	332.0	67.0	73.0	414.0	34.0	34.0	150.0	18.0	3.0	28.0	1.0	0.0	16.0	52.0	362.0	0.0	10.0	546.0	4.0	12.0	121.0	59.0	21.0	5.0	120.0	0.0	246.0	8.0	11.0	642.0	32.0	52.0	11.0	97.0	793.0	0.0	340.0	21.0	167.0	328.0	189.0	14.0	759.0	68.0	11.0	0.0	0.0	285.0	63.0	240.0	43.0	472.0	30.0	1.0	65.0	0.0	73.0	8.0	19.0	0.0	15.0	306.0	5.0	40.0	83.0	0.0	8.0	103.0	19.0	308.0	71.0	3.0	40.0	61.0	0.0	300.0	63.0	143.0	989.0	0.0	104.0	17.0	215.0	10.0	9.0	1400.0	48.0	47.0	1291.0	244.0	703.0	29.0	0.0	62.0	0.0	0.0	0.0	0.0	52.0	12.0	930.0	664.0	1078.0	440.0	251.0	374.0	111.0	45.0	16.0	0.0	38.0	12.0	79.0	99.0	449.0	85.0	434.0	4.0	161.0	359.0	416.0	10.0	55.0	4.0	25.0	234.0	154.0	166.0	29.0	2888.0	0.0	2.0	0.0
s__Schaedlerella glycyrrhizinilytica_A (2)	5.0	0.0	0.0	1.0	0.0	6.0	0.0	0.0	1.0	4.0	9.0	0.0	1.0	0.0	0.0	0.0	0.0	0.0	0.0	0.0	0.0	0.0	0.0	0.0	0.0	0.0	0.0	0.0	0.0	0.0	0.0	0.0	0.0	0.0	0.0	0.0	0.0	0.0	0.0	0.0	0.0	0.0	3.0	4.0	0.0	0.0	0.0	0.0	0.0	0.0	2.0	6.0	12.0	0.0	0.0	0.0	0.0	0.0	2.0	0.0	0.0	0.0	2.0	0.0	0.0	0.0	0.0	0.0	0.0	0.0	0.0	0.0	0.0	3.0	0.0	0.0	0.0	0.0	0.0	9.0	21.0	0.0	0.0	0.0	0.0	0.0	0.0	12.0	0.0	0.0	0.0	0.0	0.0	0.0	3.0	0.0	0.0	0.0	0.0	50.0	3.0	0.0	0.0	0.0	0.0	0.0	0.0	0.0	0.0	0.0	0.0	0.0	0.0	0.0	0.0	0.0	0.0	0.0	0.0	0.0	0.0	0.0	0.0	0.0	0.0	0.0	0.0	0.0	0.0	0.0	0.0	0.0	5.0	0.0	2.0	0.0	0.0	0.0	0.0	0.0	0.0	0.0	0.0	0.0	0.0	0.0	0.0	0.0	0.0	0.0	0.0	0.0	0.0	0.0	0.0	0.0	0.0	0.0	8.0	0.0	0.0	0.0	0.0	0.0	4.0	0.0	0.0	0.0	0.0	0.0	0.0	0.0	0.0	0.0	5.0	0.0	0.0	0.0	0.0	0.0	0.0	0.0	0.0	0.0	0.0	0.0	0.0	0.0	3.0	2.0	0.0	0.0	0.0	0.0	0.0	0.0	15.0	0.0	0.0	0.0	0.0	5.0	0.0	0.0	0.0	0.0	0.0	0.0	0.0	0.0	0.0	0.0	0.0	0.0	0.0	0.0	0.0	0.0	0.0	5.0	3.0	0.0	0.0	0.0	0.0	0.0	0.0	0.0	0.0	0.0	0.0	0.0	0.0	0.0	4.0	0.0	0.0	0.0	0.0	0.0	0.0	0.0	0.0	0.0	0.0	0.0	0.0	0.0	0.0	0.0	0.0	0.0	0.0	0.0	0.0	0.0	0.0	0.0	0.0	0.0	0.0	3.0	0.0	0.0	0.0	0.0	0.0	6.0	3.0	0.0	2.0	0.0	0.0	0.0	0.0	0.0	0.0	0.0	0.0	5.0	0.0	0.0	5.0	26.0	0.0	0.0	0.0	0.0	0.0	0.0	0.0	0.0	0.0	0.0	0.0	0.0	0.0	4.0	0.0	3.0	0.0	0.0	0.0	0.0	0.0	0.0	0.0	0.0	2.0	0.0	0.0	0.0	0.0	0.0	0.0	0.0	0.0	0.0	0.0	0.0	0.0	0.0	0.0	0.0	0.0	0.0	0.0	0.0	0.0	0.0	0.0	0.0	0.0	0.0	0.0	0.0	0.0	0.0	7.0	0.0	0.0	0.0	0.0	0.0	19.0	0.0	6.0	0.0	1.0	0.0	0.0	0.0	0.0	15.0	0.0	0.0	0.0	0.0	0.0	0.0	0.0	0.0	0.0	11.0	9.0	0.0	0.0	0.0	0.0	0.0	0.0	0.0	0.0	0.0	0.0	0.0	0.0	0.0	0.0	0.0	0.0	0.0	0.0	0.0	3.0	0.0	0.0	0.0	0.0	0.0	0.0	4.0	0.0	0.0	0.0	0.0	0.0	0.0	0.0	0.0	0.0	0.0	0.0	0.0	0.0	0.0	0.0	0.0	0.0	0.0	0.0	13.0	0.0	0.0	0.0	0.0	0.0	12.0	0.0	23.0	0.0	0.0	0.0	0.0	0.0	4.0	0.0	0.0	0.0	0.0	0.0	0.0	0.0	3.0	0.0	0.0	0.0	0.0	0.0	0.0	0.0	0.0	0.0	0.0	0.0	0.0	0.0	0.0	63.0	0.0	0.0	3.0	0.0	0.0	0.0	3.0	0.0	1.0	0.0	0.0	0.0	0.0	0.0	0.0	0.0	0.0	0.0	0.0	0.0	0.0	0.0	0.0	0.0	0.0	0.0	0.0	0.0	0.0	0.0	0.0	0.0	0.0	0.0
s__Eubacterium_I ramulus_A (1)	0.0	0.0	0.0	0.0	26.0	0.0	0.0	0.0	0.0	0.0	0.0	224.0	0.0	0.0	0.0	0.0	59.0	0.0	15.0	0.0	28.0	25.0	0.0	0.0	0.0	0.0	0.0	0.0	4.0	0.0	0.0	0.0	45.0	0.0	0.0	0.0	4.0	0.0	0.0	0.0	0.0	0.0	91.0	0.0	0.0	0.0	0.0	0.0	0.0	0.0	0.0	0.0	0.0	0.0	14.0	0.0	0.0	3.0	3.0	0.0	12.0	0.0	0.0	0.0	0.0	0.0	81.0	0.0	88.0	0.0	0.0	0.0	0.0	0.0	0.0	35.0	0.0	0.0	0.0	0.0	0.0	0.0	0.0	0.0	33.0	0.0	0.0	0.0	0.0	0.0	49.0	0.0	15.0	0.0	0.0	0.0	0.0	0.0	0.0	0.0	15.0	0.0	39.0	0.0	0.0	0.0	119.0	0.0	48.0	28.0	0.0	0.0	0.0	0.0	27.0	0.0	41.0	62.0	5.0	0.0	0.0	3.0	19.0	0.0	0.0	3.0	0.0	0.0	8.0	0.0	0.0	0.0	0.0	20.0	0.0	5.0	0.0	253.0	0.0	113.0	0.0	0.0	0.0	0.0	0.0	0.0	46.0	0.0	8.0	0.0	0.0	0.0	0.0	0.0	0.0	36.0	13.0	0.0	0.0	35.0	0.0	0.0	53.0	0.0	0.0	0.0	43.0	13.0	0.0	0.0	9.0	0.0	8.0	0.0	0.0	13.0	0.0	11.0	6.0	10.0	0.0	0.0	0.0	0.0	0.0	0.0	2.0	10.0	0.0	0.0	0.0	0.0	0.0	0.0	0.0	0.0	0.0	0.0	0.0	0.0	33.0	41.0	4.0	0.0	0.0	0.0	0.0	0.0	0.0	45.0	0.0	0.0	0.0	3.0	0.0	70.0	25.0	0.0	0.0	0.0	17.0	0.0	0.0	0.0	10.0	0.0	0.0	0.0	0.0	0.0	0.0	0.0	0.0	0.0	29.0	0.0	23.0	0.0	41.0	0.0	13.0	0.0	0.0	89.0	6.0	0.0	0.0	0.0	0.0	0.0	0.0	0.0	0.0	0.0	0.0	183.0	0.0	10.0	0.0	13.0	0.0	0.0	0.0	0.0	16.0	31.0	0.0	0.0	32.0	0.0	21.0	0.0	0.0	7.0	54.0	0.0	0.0	43.0	0.0	52.0	0.0	0.0	0.0	0.0	0.0	0.0	0.0	0.0	25.0	16.0	93.0	0.0	0.0	9.0	29.0	12.0	76.0	0.0	0.0	0.0	0.0	0.0	0.0	27.0	15.0	0.0	4.0	0.0	0.0	0.0	0.0	0.0	0.0	110.0	11.0	0.0	0.0	0.0	0.0	0.0	0.0	0.0	0.0	0.0	0.0	0.0	0.0	0.0	0.0	0.0	0.0	0.0	0.0	0.0	4.0	0.0	0.0	0.0	0.0	0.0	0.0	11.0	25.0	0.0	0.0	0.0	0.0	0.0	0.0	0.0	0.0	0.0	0.0	0.0	0.0	0.0	0.0	0.0	0.0	0.0	37.0	0.0	0.0	0.0	0.0	0.0	0.0	0.0	0.0	0.0	0.0	8.0	0.0	0.0	0.0	0.0	0.0	21.0	0.0	0.0	0.0	0.0	30.0	0.0	0.0	12.0	0.0	0.0	0.0	4.0	0.0	40.0	0.0	27.0	0.0	20.0	12.0	0.0	0.0	0.0	0.0	0.0	39.0	15.0	0.0	0.0	0.0	11.0	0.0	0.0	0.0	0.0	0.0	0.0	0.0	6.0	0.0	0.0	7.0	0.0	0.0	0.0	44.0	18.0	0.0	45.0	67.0	0.0	97.0	10.0	0.0	0.0	0.0	0.0	60.0	0.0	37.0	0.0	0.0	0.0	0.0	58.0	0.0	0.0	3.0	24.0	0.0	9.0	0.0	0.0	0.0	0.0	0.0	0.0	0.0	0.0	82.0	199.0	0.0	6.0	5.0	0.0	0.0	0.0	0.0	0.0	0.0	0.0	0.0	0.0	0.0	0.0	0.0	0.0	0.0	13.0	0.0	0.0	0.0	0.0	0.0	5.0	0.0
s__Eubacterium_I ramulus (1)	0.0	0.0	0.0	86.0	17.0	0.0	0.0	0.0	0.0	0.0	0.0	0.0	110.0	0.0	0.0	0.0	0.0	0.0	0.0	48.0	0.0	0.0	0.0	0.0	0.0	0.0	0.0	38.0	0.0	0.0	0.0	0.0	20.0	0.0	0.0	0.0	0.0	0.0	12.0	0.0	0.0	0.0	26.0	51.0	0.0	0.0	0.0	0.0	0.0	0.0	0.0	17.0	0.0	0.0	0.0	0.0	0.0	0.0	10.0	0.0	0.0	0.0	0.0	0.0	0.0	0.0	12.0	0.0	0.0	3.0	37.0	0.0	22.0	7.0	0.0	28.0	0.0	0.0	0.0	0.0	0.0	0.0	0.0	0.0	0.0	0.0	3.0	0.0	38.0	0.0	0.0	0.0	19.0	0.0	0.0	0.0	0.0	45.0	0.0	0.0	0.0	0.0	14.0	0.0	0.0	24.0	0.0	0.0	0.0	23.0	0.0	0.0	8.0	0.0	0.0	50.0	0.0	0.0	14.0	17.0	0.0	0.0	0.0	0.0	35.0	14.0	0.0	44.0	0.0	0.0	15.0	160.0	0.0	0.0	0.0	5.0	0.0	0.0	0.0	0.0	0.0	16.0	0.0	26.0	0.0	0.0	61.0	4.0	0.0	0.0	0.0	0.0	0.0	0.0	0.0	0.0	0.0	0.0	0.0	0.0	0.0	0.0	0.0	0.0	0.0	0.0	0.0	10.0	35.0	0.0	0.0	23.0	12.0	0.0	6.0	62.0	0.0	6.0	3.0	0.0	58.0	39.0	0.0	0.0	0.0	31.0	18.0	0.0	0.0	0.0	6.0	0.0	0.0	0.0	0.0	19.0	129.0	0.0	0.0	0.0	0.0	0.0	8.0	86.0	0.0	0.0	0.0	0.0	7.0	12.0	0.0	0.0	0.0	15.0	0.0	0.0	8.0	0.0	0.0	36.0	28.0	5.0	0.0	0.0	0.0	0.0	0.0	0.0	0.0	0.0	0.0	0.0	0.0	0.0	19.0	0.0	18.0	0.0	0.0	0.0	37.0	37.0	8.0	0.0	17.0	16.0	0.0	0.0	0.0	0.0	0.0	0.0	3.0	0.0	0.0	0.0	0.0	17.0	0.0	30.0	0.0	59.0	0.0	0.0	0.0	0.0	2.0	18.0	0.0	0.0	0.0	0.0	0.0	0.0	0.0	7.0	0.0	0.0	17.0	0.0	0.0	0.0	0.0	0.0	0.0	0.0	0.0	0.0	0.0	11.0	0.0	0.0	0.0	20.0	0.0	11.0	0.0	0.0	0.0	0.0	0.0	398.0	43.0	0.0	21.0	0.0	14.0	0.0	11.0	0.0	0.0	29.0	5.0	0.0	6.0	0.0	37.0	0.0	0.0	0.0	0.0	37.0	0.0	64.0	0.0	0.0	0.0	0.0	0.0	134.0	0.0	0.0	29.0	78.0	4.0	0.0	0.0	24.0	0.0	13.0	46.0	0.0	69.0	37.0	0.0	0.0	0.0	135.0	0.0	0.0	0.0	139.0	0.0	0.0	0.0	0.0	0.0	0.0	0.0	25.0	5.0	4.0	0.0	0.0	41.0	20.0	27.0	0.0	0.0	12.0	0.0	0.0	23.0	0.0	0.0	0.0	0.0	25.0	13.0	0.0	37.0	0.0	0.0	0.0	0.0	0.0	0.0	0.0	0.0	0.0	219.0	0.0	0.0	0.0	1.0	15.0	12.0	0.0	0.0	0.0	24.0	0.0	0.0	0.0	0.0	21.0	0.0	35.0	150.0	0.0	0.0	0.0	0.0	0.0	0.0	24.0	12.0	0.0	0.0	0.0	15.0	6.0	79.0	0.0	0.0	0.0	0.0	0.0	0.0	0.0	0.0	26.0	0.0	0.0	13.0	0.0	0.0	0.0	0.0	0.0	0.0	7.0	0.0	0.0	7.0	21.0	0.0	0.0	0.0	0.0	0.0	0.0	0.0	0.0	0.0	0.0	0.0	83.0	0.0	17.0	66.0	20.0	0.0	0.0	7.0	0.0	0.0	0.0	0.0	0.0	0.0	0.0	8.0	59.0	55.0	14.0	0.0	0.0	4.0	0.0	3.0	0.0	0.0
g__Anaerostipes (2)	11.0	0.0	0.0	84.0	10.0	64.0	0.0	31.0	286.0	0.0	143.0	0.0	0.0	0.0	0.0	0.0	11.0	0.0	387.0	8.0	3.0	35.0	0.0	86.0	212.0	22.0	59.0	0.0	14.0	67.0	0.0	0.0	20.0	0.0	0.0	0.0	0.0	0.0	31.0	0.0	0.0	0.0	82.0	0.0	0.0	0.0	0.0	0.0	9.0	79.0	7.0	0.0	33.0	112.0	0.0	0.0	0.0	16.0	1.0	0.0	33.0	13.0	4.0	240.0	32.0	0.0	21.0	0.0	102.0	0.0	1.0	32.0	44.0	7.0	17.0	80.0	51.0	0.0	51.0	0.0	0.0	11.0	0.0	0.0	0.0	0.0	5.0	14.0	15.0	3.0	30.0	0.0	77.0	0.0	149.0	0.0	435.0	148.0	0.0	110.0	25.0	0.0	0.0	4.0	0.0	276.0	32.0	0.0	92.0	43.0	0.0	0.0	31.0	0.0	16.0	0.0	0.0	112.0	29.0	2.0	56.0	0.0	1.0	62.0	427.0	14.0	4.0	0.0	13.0	22.0	0.0	36.0	130.0	45.0	0.0	88.0	0.0	96.0	87.0	171.0	0.0	8.0	0.0	0.0	0.0	0.0	57.0	44.0	13.0	0.0	0.0	0.0	22.0	0.0	0.0	29.0	50.0	87.0	278.0	16.0	17.0	45.0	51.0	0.0	0.0	72.0	52.0	85.0	0.0	0.0	0.0	3.0	15.0	0.0	73.0	0.0	0.0	22.0	15.0	21.0	19.0	57.0	74.0	60.0	70.0	162.0	117.0	0.0	335.0	17.0	115.0	0.0	0.0	31.0	258.0	0.0	0.0	208.0	0.0	0.0	7.0	16.0	5.0	0.0	0.0	0.0	43.0	38.0	49.0	0.0	0.0	0.0	0.0	4.0	0.0	0.0	12.0	41.0	58.0	361.0	73.0	6.0	0.0	0.0	0.0	5.0	0.0	0.0	0.0	0.0	6.0	159.0	0.0	4.0	59.0	0.0	77.0	0.0	183.0	0.0	16.0	0.0	0.0	125.0	109.0	17.0	0.0	81.0	28.0	0.0	0.0	1.0	0.0	0.0	4.0	0.0	0.0	23.0	0.0	10.0	0.0	63.0	0.0	113.0	79.0	0.0	111.0	33.0	0.0	0.0	19.0	173.0	0.0	0.0	10.0	0.0	0.0	15.0	12.0	20.0	1.0	92.0	53.0	86.0	0.0	0.0	0.0	0.0	126.0	43.0	85.0	0.0	121.0	13.0	19.0	10.0	71.0	102.0	0.0	0.0	0.0	322.0	13.0	0.0	9.0	31.0	166.0	0.0	20.0	0.0	21.0	19.0	51.0	31.0	0.0	372.0	3.0	0.0	0.0	0.0	4.0	0.0	328.0	42.0	65.0	0.0	0.0	46.0	0.0	78.0	0.0	0.0	0.0	57.0	0.0	0.0	0.0	37.0	1.0	13.0	30.0	86.0	47.0	31.0	0.0	0.0	4.0	82.0	74.0	0.0	0.0	0.0	59.0	0.0	0.0	0.0	108.0	13.0	0.0	0.0	152.0	0.0	5.0	52.0	270.0	0.0	81.0	0.0	174.0	0.0	281.0	0.0	117.0	0.0	0.0	59.0	0.0	132.0	5.0	0.0	15.0	15.0	48.0	0.0	0.0	40.0	0.0	6.0	308.0	0.0	0.0	37.0	7.0	1.0	72.0	0.0	43.0	0.0	0.0	0.0	1.0	0.0	18.0	135.0	0.0	29.0	3.0	40.0	16.0	17.0	68.0	125.0	26.0	356.0	0.0	0.0	0.0	76.0	66.0	238.0	0.0	5.0	23.0	217.0	24.0	8.0	0.0	0.0	170.0	39.0	0.0	0.0	0.0	12.0	62.0	0.0	40.0	0.0	0.0	27.0	25.0	0.0	21.0	0.0	16.0	0.0	0.0	0.0	107.0	0.0	2.0	322.0	0.0	0.0	0.0	0.0	36.0	42.0	0.0	25.0	25.0	226.0	46.0	4.0	0.0	0.0	0.0	0.0	0.0	72.0	108.0	41.0	0.0	0.0	10.0	60.0	0.0	0.0	0.0	0.0	46.0	35.0	0.0
g__Anaerostipes (1)	53.0	0.0	6.0	71.0	102.0	72.0	181.0	49.0	223.0	0.0	208.0	553.0	45.0	275.0	1.0	0.0	49.0	13.0	84.0	20.0	17.0	88.0	0.0	174.0	129.0	37.0	155.0	72.0	15.0	72.0	0.0	1.0	25.0	89.0	0.0	0.0	223.0	0.0	63.0	50.0	0.0	0.0	51.0	0.0	0.0	2.0	0.0	4.0	32.0	95.0	20.0	0.0	26.0	175.0	85.0	1.0	131.0	9.0	105.0	3.0	60.0	9.0	18.0	0.0	90.0	1.0	106.0	0.0	235.0	85.0	65.0	40.0	58.0	41.0	42.0	293.0	103.0	1.0	144.0	3.0	0.0	22.0	0.0	0.0	92.0	0.0	17.0	534.0	131.0	117.0	157.0	0.0	210.0	0.0	281.0	2.0	592.0	170.0	43.0	349.0	110.0	2.0	352.0	37.0	3.0	753.0	113.0	3.0	13.0	105.0	3.0	1.0	19.0	1.0	25.0	77.0	366.0	86.0	132.0	102.0	295.0	321.0	51.0	109.0	716.0	24.0	2.0	189.0	12.0	109.0	60.0	175.0	176.0	101.0	0.0	101.0	0.0	252.0	243.0	400.0	1.0	24.0	0.0	18.0	0.0	3.0	535.0	56.0	177.0	0.0	285.0	0.0	6.0	0.0	0.0	82.0	22.0	126.0	179.0	51.0	55.0	240.0	57.0	1.0	0.0	61.0	593.0	224.0	47.0	2.0	28.0	79.0	17.0	0.0	83.0	67.0	6.0	41.0	201.0	58.0	32.0	305.0	124.0	175.0	193.0	253.0	47.0	66.0	8.0	37.0	508.0	1.0	0.0	48.0	72.0	17.0	773.0	605.0	0.0	0.0	115.0	48.0	51.0	28.0	1.0	8.0	148.0	289.0	146.0	74.0	0.0	30.0	0.0	32.0	0.0	46.0	67.0	507.0	213.0	265.0	237.0	157.0	740.0	0.0	10.0	40.0	99.0	193.0	0.0	2.0	107.0	49.0	1.0	87.0	89.0	0.0	162.0	216.0	103.0	1.0	123.0	35.0	284.0	225.0	169.0	9.0	276.0	57.0	48.0	0.0	0.0	0.0	93.0	54.0	50.0	89.0	0.0	28.0	0.0	407.0	0.0	28.0	0.0	109.0	164.0	209.0	97.0	33.0	9.0	0.0	71.0	78.0	2.0	299.0	29.0	14.0	7.0	137.0	121.0	29.0	0.0	107.0	121.0	109.0	0.0	0.0	0.0	1.0	624.0	211.0	57.0	185.0	424.0	33.0	129.0	20.0	123.0	282.0	0.0	0.0	1.0	838.0	150.0	0.0	12.0	95.0	167.0	0.0	16.0	0.0	68.0	27.0	110.0	13.0	65.0	915.0	87.0	221.0	0.0	1.0	0.0	45.0	417.0	64.0	145.0	0.0	0.0	123.0	0.0	0.0	437.0	0.0	72.0	186.0	79.0	6.0	0.0	267.0	0.0	27.0	146.0	184.0	251.0	137.0	0.0	32.0	14.0	66.0	98.0	2.0	0.0	53.0	115.0	281.0	0.0	0.0	38.0	466.0	283.0	42.0	379.0	1.0	0.0	116.0	219.0	6.0	215.0	154.0	132.0	420.0	225.0	2.0	193.0	141.0	429.0	140.0	0.0	0.0	46.0	0.0	44.0	323.0	120.0	22.0	0.0	18.0	214.0	105.0	457.0	55.0	140.0	114.0	351.0	136.0	84.0	346.0	149.0	508.0	0.0	0.0	40.0	8.0	22.0	62.0	110.0	91.0	75.0	50.0	59.0	149.0	44.0	108.0	62.0	656.0	2.0	147.0	9.0	36.0	181.0	330.0	0.0	20.0	285.0	852.0	86.0	73.0	89.0	213.0	254.0	30.0	0.0	13.0	380.0	35.0	106.0	2.0	174.0	55.0	0.0	4.0	143.0	374.0	65.0	272.0	66.0	207.0	177.0	40.0	150.0	3.0	0.0	1381.0	0.0	5.0	17.0	56.0	65.0	115.0	13.0	49.0	9.0	351.0	137.0	191.0	119.0	1.0	3.0	0.0	8.0	507.0	1469.0	94.0	304.0	0.0	64.0	193.0	0.0	95.0	71.0	1.0	21.0	54.0	1.0
s__Enterocloster sp001517625 (1)	0.0	0.0	73.0	0.0	0.0	0.0	0.0	7.0	0.0	0.0	44.0	0.0	27.0	0.0	0.0	0.0	4.0	0.0	0.0	5.0	10.0	0.0	0.0	2.0	0.0	0.0	8.0	0.0	0.0	0.0	0.0	3.0	0.0	0.0	0.0	0.0	0.0	0.0	0.0	36.0	0.0	0.0	8.0	0.0	0.0	0.0	0.0	50.0	26.0	53.0	9.0	0.0	60.0	6.0	0.0	0.0	4.0	0.0	3.0	43.0	0.0	0.0	0.0	6.0	0.0	9.0	0.0	0.0	0.0	0.0	0.0	0.0	0.0	0.0	0.0	0.0	29.0	0.0	0.0	0.0	99.0	21.0	0.0	0.0	0.0	0.0	5.0	0.0	26.0	6.0	20.0	0.0	0.0	0.0	0.0	0.0	191.0	0.0	0.0	85.0	0.0	0.0	49.0	0.0	0.0	23.0	0.0	0.0	0.0	0.0	0.0	2.0	0.0	0.0	0.0	0.0	41.0	0.0	0.0	5.0	0.0	50.0	0.0	27.0	0.0	25.0	0.0	12.0	0.0	3.0	0.0	0.0	168.0	28.0	0.0	0.0	0.0	0.0	3.0	0.0	0.0	0.0	0.0	0.0	0.0	0.0	11.0	11.0	0.0	0.0	0.0	0.0	0.0	22.0	62.0	0.0	0.0	0.0	0.0	0.0	0.0	0.0	0.0	0.0	0.0	209.0	0.0	0.0	2.0	124.0	0.0	0.0	0.0	208.0	4.0	0.0	0.0	0.0	0.0	0.0	0.0	4.0	78.0	45.0	0.0	3.0	0.0	0.0	0.0	14.0	0.0	2.0	0.0	0.0	5.0	7.0	0.0	0.0	0.0	0.0	0.0	47.0	0.0	0.0	0.0	0.0	14.0	0.0	0.0	3.0	6.0	35.0	0.0	0.0	0.0	0.0	0.0	0.0	28.0	29.0	0.0	0.0	15.0	0.0	10.0	0.0	0.0	14.0	921.0	0.0	0.0	19.0	0.0	0.0	25.0	0.0	0.0	11.0	0.0	0.0	0.0	13.0	0.0	0.0	0.0	0.0	41.0	8.0	0.0	0.0	9.0	0.0	0.0	0.0	55.0	0.0	0.0	4.0	0.0	13.0	2.0	24.0	0.0	10.0	0.0	9.0	0.0	0.0	42.0	383.0	0.0	17.0	0.0	0.0	59.0	0.0	0.0	0.0	0.0	238.0	0.0	0.0	0.0	0.0	0.0	0.0	0.0	0.0	40.0	0.0	32.0	134.0	0.0	6.0	0.0	0.0	0.0	0.0	0.0	0.0	0.0	0.0	0.0	28.0	0.0	7.0	0.0	0.0	19.0	34.0	10.0	0.0	10.0	9.0	0.0	0.0	28.0	109.0	0.0	0.0	0.0	0.0	47.0	27.0	0.0	0.0	79.0	9.0	0.0	0.0	27.0	3.0	2.0	8.0	0.0	67.0	73.0	0.0	299.0	0.0	0.0	6.0	0.0	4.0	197.0	7.0	24.0	0.0	0.0	0.0	4.0	2.0	0.0	16.0	4.0	7.0	0.0	11.0	0.0	0.0	0.0	0.0	0.0	0.0	13.0	0.0	17.0	0.0	0.0	0.0	7.0	0.0	0.0	15.0	207.0	0.0	0.0	3.0	0.0	200.0	33.0	0.0	4.0	0.0	29.0	0.0	264.0	0.0	148.0	257.0	0.0	4.0	74.0	45.0	0.0	0.0	0.0	0.0	0.0	0.0	0.0	0.0	9.0	0.0	0.0	0.0	6.0	0.0	18.0	0.0	8.0	79.0	0.0	0.0	0.0	5.0	4.0	100.0	0.0	23.0	87.0	0.0	9.0	0.0	0.0	137.0	14.0	0.0	40.0	0.0	0.0	11.0	0.0	8.0	0.0	0.0	6.0	0.0	0.0	0.0	22.0	0.0	0.0	0.0	0.0	0.0	4.0	0.0	85.0	10.0	0.0	0.0	0.0	0.0	0.0	15.0	20.0	10.0	0.0	0.0	9.0	0.0	2.0	7.0	39.0	11.0	0.0	0.0	0.0	10.0	0.0	17.0	0.0	0.0	0.0	16.0	0.0	42.0	10.0	0.0	0.0	5.0	0.0
s__Anaerostipes caccae (1)	0.0	10.0	44.0	0.0	0.0	0.0	0.0	0.0	0.0	0.0	2.0	0.0	0.0	0.0	20.0	0.0	0.0	0.0	0.0	0.0	0.0	0.0	0.0	0.0	15.0	0.0	0.0	0.0	0.0	5.0	0.0	0.0	0.0	0.0	0.0	0.0	0.0	0.0	0.0	0.0	0.0	24.0	0.0	9.0	36.0	7.0	0.0	0.0	0.0	0.0	67.0	0.0	0.0	1.0	0.0	0.0	0.0	0.0	0.0	6.0	0.0	0.0	6.0	0.0	0.0	8.0	0.0	0.0	2.0	0.0	0.0	0.0	0.0	0.0	0.0	0.0	0.0	0.0	0.0	43.0	137.0	0.0	104.0	0.0	0.0	0.0	0.0	10.0	0.0	0.0	0.0	0.0	0.0	10.0	0.0	15.0	0.0	0.0	0.0	0.0	0.0	8.0	0.0	0.0	0.0	0.0	0.0	18.0	0.0	0.0	17.0	0.0	0.0	0.0	0.0	0.0	0.0	0.0	0.0	0.0	0.0	0.0	0.0	0.0	0.0	0.0	0.0	0.0	0.0	0.0	0.0	0.0	0.0	0.0	4.0	0.0	47.0	0.0	2.0	0.0	120.0	0.0	0.0	0.0	0.0	0.0	0.0	0.0	0.0	0.0	0.0	0.0	17.0	8.0	27.0	0.0	0.0	0.0	0.0	0.0	0.0	11.0	0.0	0.0	24.0	0.0	0.0	0.0	0.0	47.0	0.0	0.0	0.0	12.0	0.0	0.0	65.0	0.0	0.0	0.0	0.0	0.0	0.0	3.0	0.0	0.0	1.0	2.0	21.0	0.0	0.0	0.0	0.0	0.0	4.0	0.0	0.0	0.0	9.0	0.0	0.0	0.0	0.0	0.0	0.0	12.0	0.0	0.0	0.0	0.0	0.0	0.0	6.0	0.0	0.0	0.0	0.0	0.0	0.0	2.0	0.0	0.0	0.0	127.0	40.0	0.0	0.0	0.0	76.0	13.0	0.0	0.0	0.0	0.0	0.0	0.0	0.0	0.0	0.0	0.0	0.0	0.0	0.0	0.0	0.0	0.0	0.0	0.0	0.0	0.0	0.0	0.0	0.0	0.0	0.0	0.0	36.0	0.0	25.0	0.0	0.0	0.0	5.0	0.0	0.0	0.0	0.0	0.0	0.0	11.0	0.0	0.0	0.0	0.0	3.0	0.0	0.0	0.0	0.0	0.0	0.0	0.0	0.0	0.0	0.0	16.0	0.0	128.0	0.0	0.0	0.0	0.0	0.0	2.0	0.0	0.0	2.0	0.0	14.0	0.0	0.0	0.0	0.0	0.0	0.0	0.0	0.0	20.0	0.0	0.0	0.0	0.0	0.0	0.0	0.0	0.0	0.0	0.0	0.0	0.0	0.0	0.0	8.0	0.0	0.0	0.0	112.0	1.0	62.0	0.0	0.0	49.0	0.0	0.0	0.0	29.0	2.0	0.0	32.0	0.0	0.0	0.0	0.0	0.0	14.0	0.0	0.0	0.0	0.0	0.0	10.0	0.0	0.0	12.0	0.0	1.0	0.0	2.0	0.0	0.0	0.0	0.0	0.0	0.0	0.0	0.0	0.0	0.0	0.0	0.0	0.0	0.0	0.0	0.0	0.0	0.0	31.0	2.0	0.0	15.0	0.0	6.0	0.0	0.0	8.0	0.0	0.0	0.0	0.0	0.0	0.0	0.0	0.0	4.0	4.0	0.0	0.0	13.0	18.0	6.0	0.0	0.0	0.0	0.0	0.0	0.0	0.0	0.0	0.0	0.0	3.0	0.0	0.0	0.0	0.0	0.0	0.0	0.0	0.0	1.0	11.0	0.0	0.0	0.0	0.0	0.0	0.0	0.0	0.0	0.0	18.0	0.0	0.0	0.0	0.0	40.0	0.0	0.0	52.0	12.0	0.0	0.0	0.0	22.0	0.0	0.0	0.0	0.0	0.0	4.0	0.0	0.0	0.0	0.0	20.0	5.0	0.0	0.0	0.0	0.0	0.0	0.0	0.0	0.0	1.0	0.0	384.0	0.0	27.0	8.0	3.0	0.0	0.0	0.0	0.0	0.0	26.0	0.0	0.0	27.0	0.0	0.0	0.0
g__Anaerostipes (5)	0.0	0.0	0.0	0.0	0.0	0.0	0.0	0.0	20.0	0.0	2.0	0.0	0.0	0.0	0.0	0.0	17.0	0.0	0.0	0.0	15.0	0.0	0.0	0.0	8.0	0.0	7.0	0.0	0.0	35.0	0.0	0.0	30.0	0.0	0.0	0.0	0.0	0.0	0.0	0.0	0.0	0.0	30.0	0.0	0.0	0.0	0.0	0.0	0.0	6.0	0.0	0.0	12.0	0.0	0.0	0.0	0.0	29.0	9.0	0.0	5.0	0.0	3.0	0.0	6.0	0.0	7.0	0.0	110.0	0.0	21.0	3.0	0.0	2.0	18.0	2.0	2.0	0.0	52.0	0.0	0.0	15.0	0.0	0.0	0.0	0.0	0.0	150.0	0.0	0.0	0.0	0.0	20.0	0.0	87.0	0.0	13.0	2.0	0.0	6.0	0.0	0.0	0.0	86.0	0.0	10.0	1.0	0.0	107.0	0.0	0.0	0.0	14.0	0.0	0.0	0.0	0.0	0.0	1.0	17.0	0.0	0.0	1.0	1.0	43.0	0.0	0.0	0.0	0.0	9.0	0.0	0.0	28.0	0.0	0.0	0.0	0.0	0.0	0.0	0.0	0.0	0.0	0.0	0.0	0.0	0.0	0.0	1.0	0.0	0.0	0.0	0.0	0.0	0.0	0.0	1.0	0.0	4.0	14.0	0.0	0.0	5.0	0.0	0.0	0.0	8.0	108.0	34.0	0.0	0.0	0.0	13.0	0.0	0.0	13.0	0.0	0.0	7.0	0.0	0.0	0.0	26.0	0.0	116.0	1.0	95.0	0.0	0.0	0.0	8.0	5.0	0.0	0.0	0.0	0.0	0.0	0.0	31.0	0.0	0.0	43.0	0.0	20.0	0.0	0.0	0.0	5.0	2.0	8.0	0.0	0.0	0.0	0.0	1.0	0.0	0.0	0.0	60.0	21.0	0.0	48.0	32.0	0.0	0.0	0.0	1.0	0.0	0.0	0.0	0.0	141.0	48.0	0.0	1.0	164.0	0.0	9.0	0.0	23.0	0.0	45.0	0.0	0.0	0.0	7.0	0.0	0.0	6.0	26.0	0.0	0.0	0.0	0.0	0.0	1.0	0.0	0.0	0.0	0.0	26.0	0.0	14.0	0.0	0.0	0.0	0.0	6.0	6.0	0.0	0.0	3.0	0.0	0.0	0.0	0.0	0.0	0.0	0.0	6.0	0.0	0.0	0.0	2.0	0.0	0.0	0.0	0.0	0.0	6.0	18.0	46.0	0.0	136.0	1.0	12.0	0.0	25.0	5.0	0.0	0.0	0.0	0.0	0.0	0.0	0.0	0.0	11.0	0.0	0.0	0.0	0.0	0.0	42.0	10.0	0.0	21.0	20.0	0.0	0.0	0.0	0.0	0.0	40.0	14.0	43.0	0.0	0.0	0.0	0.0	0.0	0.0	0.0	0.0	26.0	0.0	0.0	0.0	0.0	0.0	0.0	0.0	0.0	2.0	17.0	0.0	0.0	0.0	3.0	17.0	0.0	0.0	0.0	0.0	0.0	0.0	0.0	134.0	0.0	0.0	0.0	2.0	0.0	0.0	10.0	37.0	0.0	3.0	0.0	6.0	0.0	0.0	0.0	3.0	0.0	0.0	5.0	0.0	133.0	1.0	0.0	0.0	1.0	4.0	0.0	0.0	8.0	0.0	48.0	0.0	10.0	0.0	3.0	45.0	33.0	0.0	0.0	20.0	0.0	0.0	0.0	0.0	0.0	0.0	0.0	0.0	8.0	38.0	14.0	12.0	15.0	17.0	52.0	3.0	0.0	0.0	0.0	0.0	45.0	8.0	4.0	0.0	23.0	0.0	0.0	21.0	6.0	9.0	0.0	0.0	0.0	0.0	0.0	0.0	3.0	24.0	0.0	0.0	0.0	0.0	0.0	20.0	0.0	2.0	0.0	0.0	0.0	0.0	0.0	91.0	0.0	0.0	4.0	0.0	0.0	0.0	0.0	32.0	0.0	0.0	0.0	21.0	13.0	1.0	3.0	0.0	0.0	0.0	0.0	0.0	134.0	285.0	1.0	0.0	0.0	3.0	3.0	0.0	0.0	0.0	0.0	22.0	3.0	0.0
g__Anaerostipes (3)	0.0	0.0	0.0	0.0	0.0	0.0	29.0	0.0	106.0	0.0	91.0	85.0	0.0	83.0	0.0	0.0	5.0	0.0	0.0	0.0	15.0	0.0	0.0	61.0	50.0	0.0	41.0	0.0	0.0	12.0	0.0	0.0	11.0	73.0	0.0	0.0	50.0	0.0	0.0	7.0	0.0	0.0	8.0	2.0	0.0	0.0	0.0	0.0	0.0	32.0	0.0	0.0	37.0	0.0	37.0	0.0	88.0	18.0	18.0	0.0	27.0	0.0	12.0	0.0	1.0	0.0	37.0	0.0	15.0	94.0	43.0	24.0	0.0	21.0	19.0	67.0	73.0	0.0	27.0	0.0	0.0	16.0	0.0	0.0	127.0	0.0	0.0	17.0	0.0	0.0	8.0	0.0	39.0	0.0	13.0	0.0	167.0	15.0	0.0	72.0	0.0	0.0	25.0	28.0	0.0	22.0	18.0	0.0	34.0	0.0	0.0	0.0	14.0	0.0	0.0	37.0	68.0	0.0	29.0	24.0	0.0	68.0	35.0	31.0	183.0	5.0	0.0	41.0	0.0	62.0	0.0	0.0	3.0	0.0	0.0	0.0	0.0	0.0	0.0	0.0	0.0	0.0	37.0	12.0	0.0	0.0	0.0	43.0	0.0	0.0	0.0	0.0	0.0	0.0	0.0	44.0	0.0	31.0	41.0	0.0	0.0	62.0	0.0	0.0	0.0	44.0	180.0	13.0	87.0	0.0	0.0	67.0	0.0	0.0	32.0	89.0	0.0	0.0	0.0	0.0	0.0	19.0	0.0	11.0	39.0	18.0	0.0	25.0	0.0	42.0	217.0	0.0	0.0	0.0	0.0	0.0	0.0	615.0	0.0	0.0	26.0	0.0	4.0	0.0	0.0	0.0	63.0	44.0	59.0	45.0	0.0	0.0	0.0	21.0	0.0	166.0	0.0	68.0	79.0	0.0	24.0	46.0	111.0	0.0	0.0	26.0	13.0	23.0	0.0	0.0	44.0	4.0	0.0	34.0	23.0	0.0	54.0	0.0	144.0	0.0	108.0	46.0	152.0	0.0	3.0	0.0	83.0	58.0	5.0	0.0	0.0	0.0	35.0	0.0	12.0	70.0	0.0	0.0	0.0	64.0	0.0	39.0	0.0	0.0	0.0	0.0	17.0	37.0	10.0	0.0	36.0	0.0	0.0	103.0	0.0	0.0	2.0	0.0	43.0	0.0	0.0	0.0	11.0	0.0	0.0	0.0	0.0	0.0	163.0	95.0	35.0	125.0	33.0	11.0	46.0	9.0	28.0	52.0	0.0	0.0	0.0	0.0	0.0	0.0	0.0	0.0	14.0	0.0	0.0	0.0	0.0	0.0	148.0	16.0	0.0	233.0	29.0	0.0	0.0	0.0	0.0	0.0	159.0	2.0	31.0	0.0	0.0	0.0	0.0	0.0	0.0	0.0	0.0	5.0	0.0	0.0	0.0	0.0	0.0	0.0	0.0	0.0	73.0	41.0	0.0	0.0	0.0	132.0	36.0	0.0	0.0	0.0	0.0	0.0	0.0	0.0	1.0	125.0	42.0	0.0	40.0	0.0	0.0	56.0	293.0	0.0	30.0	0.0	15.0	96.0	0.0	0.0	193.0	107.0	0.0	47.0	0.0	0.0	34.0	0.0	0.0	54.0	15.0	0.0	0.0	57.0	104.0	50.0	0.0	32.0	38.0	102.0	103.0	100.0	0.0	0.0	79.0	0.0	0.0	0.0	0.0	0.0	0.0	0.0	0.0	41.0	8.0	30.0	27.0	12.0	67.0	79.0	77.0	0.0	0.0	0.0	0.0	22.0	11.0	93.0	0.0	9.0	31.0	0.0	25.0	7.0	15.0	33.0	0.0	0.0	0.0	0.0	73.0	5.0	22.0	0.0	0.0	0.0	0.0	0.0	12.0	102.0	19.0	62.0	0.0	112.0	0.0	0.0	4.0	0.0	0.0	17.0	0.0	0.0	0.0	29.0	85.0	0.0	0.0	0.0	24.0	75.0	15.0	100.0	44.0	0.0	0.0	0.0	0.0	94.0	132.0	107.0	0.0	0.0	3.0	54.0	0.0	23.0	30.0	0.0	4.0	23.0	0.0
s__Hominiventricola sp018223365 (1)	0.0	0.0	0.0	0.0	16.0	0.0	0.0	0.0	0.0	0.0	0.0	0.0	0.0	0.0	0.0	0.0	5.0	0.0	0.0	0.0	0.0	0.0	0.0	0.0	0.0	0.0	0.0	0.0	12.0	0.0	0.0	0.0	10.0	0.0	0.0	0.0	0.0	0.0	9.0	0.0	0.0	0.0	0.0	0.0	0.0	0.0	0.0	0.0	0.0	0.0	0.0	10.0	0.0	6.0	0.0	0.0	0.0	0.0	0.0	0.0	0.0	0.0	0.0	0.0	0.0	0.0	0.0	0.0	0.0	0.0	0.0	0.0	0.0	0.0	0.0	3.0	0.0	0.0	0.0	0.0	0.0	0.0	0.0	0.0	25.0	0.0	5.0	0.0	0.0	0.0	0.0	0.0	0.0	0.0	0.0	0.0	0.0	4.0	0.0	0.0	0.0	0.0	0.0	9.0	0.0	0.0	0.0	0.0	0.0	13.0	0.0	0.0	0.0	0.0	0.0	0.0	0.0	0.0	0.0	0.0	5.0	0.0	0.0	0.0	0.0	0.0	0.0	0.0	3.0	0.0	3.0	4.0	0.0	0.0	0.0	7.0	0.0	0.0	0.0	0.0	0.0	0.0	0.0	0.0	0.0	0.0	0.0	0.0	0.0	0.0	0.0	0.0	0.0	0.0	0.0	0.0	10.0	0.0	0.0	0.0	11.0	0.0	0.0	0.0	0.0	0.0	0.0	0.0	8.0	0.0	0.0	0.0	2.0	0.0	0.0	0.0	0.0	0.0	0.0	12.0	0.0	0.0	0.0	0.0	0.0	0.0	15.0	0.0	0.0	9.0	0.0	0.0	0.0	0.0	0.0	9.0	0.0	0.0	0.0	0.0	0.0	0.0	8.0	0.0	0.0	0.0	0.0	0.0	0.0	0.0	0.0	0.0	0.0	6.0	0.0	0.0	0.0	0.0	0.0	0.0	0.0	0.0	0.0	0.0	0.0	0.0	0.0	0.0	0.0	0.0	0.0	0.0	0.0	0.0	5.0	0.0	0.0	0.0	0.0	0.0	0.0	5.0	0.0	0.0	21.0	0.0	0.0	0.0	0.0	0.0	0.0	0.0	0.0	0.0	0.0	0.0	0.0	0.0	0.0	0.0	0.0	0.0	0.0	5.0	0.0	0.0	0.0	0.0	0.0	0.0	0.0	0.0	0.0	11.0	0.0	9.0	0.0	0.0	13.0	0.0	0.0	0.0	0.0	0.0	0.0	0.0	0.0	0.0	0.0	0.0	13.0	0.0	0.0	0.0	0.0	0.0	0.0	0.0	0.0	0.0	0.0	0.0	0.0	0.0	5.0	0.0	0.0	0.0	0.0	0.0	19.0	0.0	0.0	0.0	8.0	0.0	0.0	0.0	0.0	0.0	0.0	0.0	0.0	0.0	0.0	0.0	0.0	0.0	0.0	0.0	0.0	0.0	8.0	0.0	11.0	0.0	0.0	13.0	0.0	0.0	15.0	0.0	0.0	0.0	0.0	0.0	0.0	0.0	20.0	0.0	0.0	0.0	0.0	0.0	0.0	0.0	0.0	0.0	0.0	0.0	8.0	0.0	14.0	0.0	0.0	0.0	11.0	0.0	0.0	0.0	0.0	0.0	0.0	0.0	0.0	0.0	0.0	0.0	0.0	0.0	0.0	0.0	0.0	0.0	6.0	0.0	10.0	0.0	0.0	0.0	0.0	0.0	0.0	0.0	0.0	0.0	0.0	0.0	0.0	0.0	0.0	0.0	0.0	0.0	0.0	11.0	0.0	0.0	9.0	9.0	0.0	0.0	0.0	0.0	0.0	12.0	0.0	0.0	11.0	0.0	0.0	0.0	0.0	0.0	0.0	0.0	0.0	0.0	0.0	9.0	0.0	0.0	0.0	0.0	12.0	0.0	0.0	0.0	0.0	0.0	0.0	0.0	0.0	0.0	3.0	19.0	10.0	0.0	0.0	0.0	0.0	0.0	0.0	0.0	0.0	0.0	0.0	0.0	0.0	20.0	0.0	0.0	0.0	0.0	0.0	0.0	0.0	0.0	0.0	0.0	0.0	0.0	0.0	0.0	0.0	2.0	0.0	0.0	0.0	0.0	9.0	5.0	0.0
s__Limivivens sp900066135 (1)	0.0	0.0	0.0	0.0	8.0	0.0	0.0	0.0	0.0	0.0	0.0	0.0	0.0	0.0	0.0	0.0	0.0	0.0	0.0	0.0	0.0	0.0	0.0	0.0	0.0	0.0	0.0	0.0	4.0	0.0	0.0	0.0	0.0	0.0	0.0	0.0	0.0	0.0	0.0	0.0	0.0	0.0	0.0	0.0	0.0	0.0	0.0	0.0	0.0	0.0	0.0	0.0	0.0	0.0	0.0	0.0	0.0	5.0	0.0	0.0	0.0	0.0	0.0	0.0	0.0	0.0	0.0	0.0	0.0	5.0	10.0	0.0	0.0	0.0	0.0	0.0	0.0	0.0	0.0	0.0	0.0	0.0	0.0	0.0	0.0	0.0	0.0	0.0	0.0	0.0	14.0	0.0	0.0	0.0	0.0	0.0	0.0	0.0	0.0	0.0	0.0	0.0	0.0	12.0	0.0	0.0	0.0	0.0	11.0	0.0	0.0	0.0	0.0	0.0	10.0	9.0	0.0	19.0	0.0	0.0	0.0	0.0	0.0	0.0	10.0	0.0	0.0	0.0	20.0	0.0	0.0	0.0	0.0	0.0	0.0	0.0	0.0	0.0	0.0	0.0	0.0	0.0	0.0	0.0	0.0	0.0	0.0	0.0	8.0	0.0	0.0	0.0	0.0	0.0	0.0	0.0	0.0	0.0	0.0	0.0	0.0	0.0	0.0	0.0	0.0	0.0	0.0	0.0	18.0	0.0	0.0	0.0	7.0	0.0	17.0	20.0	0.0	18.0	0.0	0.0	33.0	0.0	0.0	0.0	0.0	0.0	8.0	0.0	0.0	0.0	4.0	0.0	0.0	0.0	0.0	0.0	0.0	0.0	0.0	0.0	0.0	2.0	0.0	0.0	0.0	0.0	0.0	0.0	0.0	0.0	0.0	0.0	0.0	0.0	0.0	0.0	6.0	0.0	0.0	0.0	0.0	0.0	0.0	0.0	0.0	0.0	0.0	0.0	0.0	0.0	0.0	0.0	0.0	0.0	0.0	0.0	0.0	0.0	8.0	0.0	0.0	0.0	0.0	0.0	0.0	0.0	0.0	2.0	32.0	0.0	0.0	0.0	0.0	0.0	0.0	0.0	0.0	6.0	0.0	0.0	0.0	0.0	0.0	0.0	0.0	0.0	0.0	0.0	0.0	0.0	0.0	0.0	0.0	0.0	0.0	0.0	0.0	0.0	0.0	0.0	0.0	0.0	0.0	0.0	0.0	0.0	0.0	0.0	0.0	0.0	0.0	0.0	0.0	0.0	0.0	13.0	0.0	0.0	0.0	0.0	0.0	0.0	20.0	0.0	0.0	0.0	0.0	0.0	0.0	0.0	0.0	0.0	0.0	0.0	15.0	0.0	0.0	0.0	0.0	0.0	0.0	33.0	0.0	0.0	0.0	0.0	0.0	0.0	0.0	0.0	0.0	0.0	10.0	0.0	8.0	0.0	0.0	2.0	0.0	0.0	0.0	0.0	0.0	0.0	0.0	0.0	0.0	0.0	0.0	0.0	0.0	0.0	0.0	0.0	0.0	0.0	0.0	0.0	0.0	0.0	2.0	0.0	0.0	0.0	15.0	1.0	0.0	0.0	0.0	0.0	0.0	0.0	0.0	0.0	0.0	0.0	0.0	0.0	0.0	0.0	0.0	0.0	0.0	0.0	0.0	2.0	0.0	0.0	0.0	0.0	0.0	0.0	0.0	0.0	0.0	2.0	0.0	0.0	0.0	0.0	22.0	0.0	0.0	0.0	0.0	0.0	0.0	11.0	7.0	0.0	0.0	0.0	0.0	0.0	0.0	2.0	0.0	0.0	2.0	0.0	0.0	0.0	0.0	0.0	0.0	0.0	0.0	0.0	0.0	8.0	0.0	0.0	0.0	0.0	0.0	0.0	0.0	0.0	0.0	0.0	0.0	0.0	0.0	0.0	4.0	0.0	0.0	0.0	0.0	0.0	0.0	0.0	0.0	0.0	0.0	0.0	0.0	0.0	0.0	6.0	0.0	0.0	0.0	0.0	0.0	0.0	0.0	0.0	0.0	0.0	0.0	0.0	0.0	0.0	0.0	1.0	0.0	0.0	0.0	0.0	0.0	0.0	0.0
s__Limivivens faecihominis (1)	0.0	0.0	0.0	0.0	24.0	0.0	2.0	25.0	0.0	0.0	0.0	19.0	0.0	0.0	0.0	0.0	0.0	0.0	0.0	0.0	10.0	34.0	0.0	0.0	0.0	0.0	5.0	12.0	0.0	0.0	0.0	0.0	9.0	0.0	0.0	0.0	12.0	0.0	0.0	0.0	0.0	0.0	35.0	0.0	0.0	0.0	0.0	0.0	0.0	0.0	0.0	17.0	0.0	0.0	0.0	0.0	0.0	25.0	9.0	0.0	0.0	5.0	0.0	0.0	0.0	0.0	0.0	0.0	22.0	8.0	34.0	0.0	0.0	29.0	0.0	6.0	0.0	0.0	18.0	0.0	0.0	1.0	0.0	0.0	20.0	0.0	10.0	0.0	8.0	0.0	0.0	0.0	20.0	0.0	0.0	0.0	0.0	4.0	0.0	0.0	0.0	0.0	0.0	0.0	0.0	0.0	0.0	43.0	14.0	23.0	0.0	0.0	12.0	0.0	11.0	0.0	0.0	0.0	44.0	26.0	27.0	0.0	5.0	0.0	0.0	11.0	0.0	18.0	10.0	21.0	27.0	11.0	0.0	0.0	0.0	43.0	0.0	7.0	9.0	0.0	0.0	0.0	0.0	0.0	0.0	0.0	0.0	2.0	0.0	0.0	8.0	0.0	0.0	0.0	0.0	33.0	18.0	0.0	0.0	21.0	0.0	0.0	0.0	0.0	0.0	0.0	0.0	10.0	12.0	0.0	5.0	25.0	12.0	0.0	0.0	29.0	0.0	20.0	56.0	35.0	0.0	0.0	0.0	0.0	0.0	10.0	33.0	31.0	0.0	0.0	5.0	0.0	0.0	0.0	0.0	9.0	0.0	115.0	0.0	0.0	12.0	0.0	14.0	18.0	0.0	0.0	7.0	14.0	6.0	10.0	0.0	0.0	0.0	11.0	0.0	52.0	4.0	0.0	15.0	0.0	16.0	0.0	2.0	0.0	0.0	0.0	0.0	0.0	0.0	0.0	0.0	0.0	0.0	0.0	8.0	0.0	55.0	0.0	0.0	0.0	30.0	37.0	11.0	21.0	60.0	6.0	0.0	0.0	0.0	0.0	0.0	0.0	9.0	11.0	0.0	17.0	0.0	0.0	0.0	5.0	0.0	18.0	3.0	0.0	18.0	8.0	15.0	0.0	0.0	0.0	19.0	0.0	0.0	15.0	7.0	0.0	0.0	28.0	18.0	0.0	0.0	0.0	26.0	0.0	0.0	0.0	0.0	0.0	0.0	12.0	36.0	0.0	0.0	0.0	17.0	11.0	21.0	0.0	0.0	0.0	0.0	28.0	17.0	3.0	10.0	14.0	17.0	0.0	0.0	0.0	17.0	20.0	10.0	0.0	18.0	0.0	0.0	0.0	0.0	0.0	0.0	0.0	0.0	10.0	41.0	17.0	0.0	0.0	0.0	0.0	0.0	0.0	7.0	0.0	7.0	0.0	0.0	0.0	0.0	19.0	7.0	16.0	25.0	26.0	0.0	0.0	0.0	4.0	0.0	0.0	0.0	0.0	22.0	0.0	0.0	0.0	0.0	0.0	28.0	5.0	4.0	0.0	0.0	18.0	0.0	5.0	13.0	0.0	0.0	20.0	0.0	0.0	0.0	0.0	0.0	0.0	0.0	70.0	11.0	0.0	0.0	0.0	37.0	0.0	0.0	24.0	0.0	0.0	0.0	0.0	0.0	0.0	0.0	15.0	37.0	6.0	8.0	0.0	0.0	30.0	0.0	0.0	10.0	4.0	0.0	13.0	0.0	16.0	9.0	7.0	15.0	0.0	0.0	125.0	0.0	3.0	0.0	9.0	43.0	17.0	0.0	29.0	0.0	18.0	0.0	0.0	0.0	0.0	0.0	10.0	0.0	32.0	0.0	0.0	15.0	0.0	23.0	11.0	0.0	0.0	0.0	0.0	22.0	0.0	5.0	7.0	17.0	12.0	0.0	0.0	0.0	0.0	0.0	0.0	9.0	0.0	1.0	17.0	0.0	12.0	0.0	13.0	5.0	0.0	5.0	0.0	0.0	4.0	0.0	0.0	0.0	0.0	0.0	5.0	7.0	15.0	0.0	0.0	3.0	0.0	5.0	5.0	0.0
s__Otoolea fessa (1)	13.0	0.0	0.0	53.0	48.0	14.0	0.0	15.0	22.0	0.0	0.0	0.0	0.0	0.0	0.0	0.0	63.0	0.0	0.0	25.0	37.0	38.0	0.0	9.0	21.0	3.0	0.0	33.0	26.0	0.0	0.0	0.0	90.0	0.0	0.0	0.0	11.0	0.0	81.0	0.0	0.0	0.0	0.0	0.0	0.0	0.0	0.0	0.0	0.0	0.0	0.0	0.0	0.0	39.0	0.0	0.0	15.0	10.0	16.0	0.0	13.0	0.0	0.0	0.0	0.0	0.0	25.0	0.0	21.0	30.0	0.0	0.0	0.0	87.0	0.0	2.0	20.0	0.0	12.0	20.0	0.0	0.0	0.0	0.0	25.0	0.0	0.0	0.0	68.0	0.0	0.0	0.0	44.0	71.0	1.0	0.0	0.0	10.0	0.0	0.0	11.0	0.0	45.0	24.0	0.0	75.0	22.0	0.0	0.0	67.0	0.0	0.0	0.0	0.0	14.0	82.0	0.0	20.0	12.0	41.0	48.0	0.0	3.0	0.0	23.0	35.0	0.0	47.0	25.0	5.0	49.0	52.0	0.0	0.0	0.0	19.0	0.0	0.0	0.0	0.0	0.0	31.0	0.0	0.0	0.0	0.0	0.0	19.0	0.0	0.0	0.0	0.0	0.0	42.0	0.0	78.0	0.0	0.0	0.0	22.0	5.0	60.0	43.0	1.0	0.0	0.0	0.0	43.0	37.0	31.0	37.0	41.0	87.0	0.0	3.0	0.0	0.0	3.0	16.0	41.0	41.0	14.0	131.0	67.0	12.0	31.0	56.0	44.0	10.0	27.0	17.0	0.0	0.0	0.0	47.0	27.0	20.0	0.0	0.0	0.0	34.0	36.0	29.0	3.0	0.0	1.0	20.0	0.0	21.0	28.0	0.0	36.0	0.0	57.0	0.0	0.0	0.0	0.0	18.0	47.0	10.0	32.0	52.0	0.0	0.0	20.0	2.0	0.0	0.0	0.0	0.0	63.0	0.0	11.0	97.0	0.0	0.0	0.0	29.0	0.0	10.0	46.0	12.0	16.0	52.0	25.0	0.0	0.0	0.0	0.0	44.0	0.0	27.0	0.0	1.0	194.0	0.0	0.0	0.0	35.0	0.0	86.0	6.0	27.0	22.0	5.0	4.0	0.0	0.0	0.0	39.0	0.0	0.0	24.0	70.0	23.0	0.0	4.0	18.0	48.0	0.0	3.0	0.0	0.0	0.0	0.0	0.0	0.0	0.0	13.0	73.0	0.0	0.0	8.0	24.0	15.0	6.0	20.0	0.0	0.0	0.0	32.0	10.0	16.0	11.0	50.0	35.0	0.0	34.0	83.0	40.0	68.0	25.0	6.0	25.0	0.0	26.0	0.0	0.0	0.0	0.0	0.0	0.0	0.0	51.0	0.0	0.0	47.0	0.0	0.0	9.0	0.0	12.0	1.0	20.0	0.0	0.0	48.0	0.0	7.0	39.0	17.0	36.0	31.0	64.0	0.0	0.0	0.0	0.0	0.0	0.0	3.0	0.0	0.0	0.0	0.0	0.0	50.0	32.0	6.0	22.0	2.0	57.0	0.0	0.0	0.0	32.0	0.0	0.0	0.0	43.0	0.0	6.0	5.0	0.0	5.0	0.0	0.0	7.0	0.0	38.0	0.0	7.0	1.0	92.0	4.0	0.0	0.0	0.0	80.0	0.0	30.0	0.0	87.0	58.0	9.0	6.0	37.0	0.0	0.0	0.0	0.0	22.0	47.0	0.0	36.0	0.0	32.0	149.0	30.0	28.0	0.0	0.0	0.0	0.0	52.0	0.0	0.0	37.0	0.0	65.0	39.0	0.0	0.0	4.0	0.0	44.0	104.0	0.0	0.0	0.0	0.0	0.0	13.0	62.0	0.0	0.0	0.0	0.0	0.0	40.0	0.0	4.0	0.0	18.0	71.0	60.0	29.0	30.0	0.0	0.0	0.0	0.0	0.0	11.0	12.0	0.0	0.0	0.0	16.0	12.0	82.0	0.0	67.0	0.0	0.0	0.0	0.0	0.0	0.0	0.0	0.0	0.0	5.0	74.0	49.0	0.0	4.0	0.0	0.0	18.0	67.0	0.0
s__Hominiventricola sp003480725 (1)	0.0	0.0	0.0	14.0	10.0	0.0	3.0	0.0	0.0	0.0	0.0	0.0	0.0	0.0	0.0	0.0	10.0	7.0	0.0	15.0	0.0	33.0	0.0	0.0	0.0	0.0	0.0	25.0	0.0	0.0	0.0	0.0	20.0	0.0	0.0	0.0	0.0	0.0	9.0	0.0	0.0	25.0	0.0	0.0	0.0	0.0	0.0	0.0	0.0	0.0	12.0	0.0	0.0	0.0	0.0	0.0	0.0	0.0	0.0	0.0	9.0	0.0	2.0	0.0	0.0	4.0	0.0	0.0	0.0	11.0	9.0	0.0	6.0	0.0	0.0	5.0	3.0	0.0	0.0	0.0	0.0	0.0	0.0	0.0	28.0	0.0	5.0	0.0	18.0	0.0	0.0	0.0	22.0	0.0	0.0	0.0	0.0	0.0	0.0	0.0	0.0	0.0	7.0	0.0	0.0	0.0	0.0	0.0	11.0	26.0	13.0	0.0	0.0	0.0	0.0	39.0	0.0	0.0	2.0	0.0	0.0	0.0	0.0	0.0	0.0	11.0	0.0	0.0	4.0	1.0	21.0	11.0	0.0	0.0	0.0	13.0	0.0	0.0	7.0	0.0	0.0	0.0	0.0	0.0	0.0	22.0	0.0	1.0	13.0	0.0	0.0	0.0	16.0	0.0	0.0	11.0	0.0	0.0	0.0	0.0	8.0	0.0	15.0	0.0	0.0	0.0	0.0	0.0	0.0	0.0	9.0	11.0	9.0	0.0	0.0	0.0	0.0	2.0	8.0	23.0	0.0	7.0	0.0	0.0	0.0	9.0	10.0	8.0	0.0	15.0	4.0	0.0	0.0	0.0	0.0	10.0	9.0	0.0	0.0	0.0	21.0	6.0	9.0	0.0	0.0	0.0	0.0	0.0	9.0	12.0	0.0	6.0	0.0	8.0	0.0	0.0	0.0	18.0	9.0	18.0	4.0	0.0	0.0	0.0	0.0	0.0	9.0	12.0	0.0	0.0	0.0	0.0	0.0	0.0	27.0	0.0	12.0	0.0	0.0	0.0	0.0	18.0	2.0	3.0	13.0	14.0	0.0	0.0	0.0	0.0	0.0	0.0	18.0	0.0	13.0	5.0	0.0	0.0	0.0	18.0	0.0	18.0	0.0	9.0	5.0	0.0	13.0	0.0	0.0	0.0	0.0	0.0	0.0	0.0	7.0	11.0	0.0	0.0	9.0	0.0	0.0	0.0	0.0	0.0	0.0	0.0	0.0	0.0	0.0	0.0	24.0	0.0	0.0	0.0	7.0	3.0	0.0	6.0	0.0	0.0	0.0	0.0	0.0	0.0	9.0	14.0	2.0	0.0	0.0	0.0	11.0	0.0	0.0	0.0	19.0	0.0	15.0	0.0	0.0	0.0	0.0	17.0	0.0	0.0	0.0	0.0	0.0	0.0	0.0	0.0	0.0	0.0	4.0	0.0	22.0	0.0	0.0	7.0	0.0	0.0	20.0	22.0	23.0	10.0	0.0	0.0	0.0	14.0	13.0	0.0	0.0	0.0	0.0	0.0	0.0	0.0	0.0	0.0	4.0	0.0	16.0	0.0	11.0	23.0	0.0	6.0	13.0	0.0	0.0	0.0	0.0	0.0	19.0	4.0	0.0	0.0	0.0	0.0	17.0	0.0	8.0	0.0	4.0	3.0	0.0	0.0	0.0	0.0	0.0	0.0	0.0	26.0	0.0	6.0	0.0	11.0	0.0	0.0	0.0	0.0	18.0	0.0	21.0	10.0	26.0	0.0	6.0	0.0	8.0	0.0	10.0	0.0	0.0	0.0	0.0	11.0	0.0	0.0	14.0	0.0	0.0	7.0	0.0	0.0	0.0	0.0	12.0	0.0	0.0	15.0	0.0	0.0	0.0	2.0	0.0	0.0	0.0	0.0	0.0	0.0	0.0	11.0	4.0	0.0	12.0	21.0	15.0	0.0	0.0	0.0	0.0	0.0	0.0	0.0	0.0	0.0	30.0	0.0	0.0	37.0	0.0	21.0	0.0	13.0	0.0	0.0	0.0	0.0	0.0	0.0	0.0	0.0	0.0	15.0	0.0	4.0	0.0	0.0	0.0	0.0	4.0	0.0	0.0
s__Hominifimenecus microfluidus (1)	0.0	0.0	0.0	0.0	6.0	0.0	0.0	0.0	0.0	0.0	0.0	0.0	0.0	0.0	0.0	0.0	0.0	0.0	0.0	0.0	0.0	5.0	0.0	3.0	0.0	0.0	0.0	0.0	7.0	0.0	0.0	0.0	3.0	0.0	0.0	0.0	0.0	0.0	0.0	0.0	0.0	0.0	0.0	0.0	0.0	0.0	0.0	0.0	0.0	0.0	0.0	0.0	0.0	0.0	0.0	0.0	0.0	2.0	0.0	0.0	0.0	0.0	0.0	0.0	0.0	0.0	0.0	0.0	0.0	0.0	0.0	0.0	0.0	0.0	0.0	4.0	0.0	0.0	0.0	0.0	0.0	0.0	0.0	0.0	0.0	0.0	0.0	0.0	0.0	0.0	0.0	0.0	0.0	0.0	0.0	0.0	0.0	0.0	0.0	0.0	0.0	0.0	0.0	0.0	0.0	0.0	0.0	0.0	4.0	0.0	0.0	0.0	0.0	0.0	0.0	0.0	0.0	0.0	8.0	0.0	1.0	0.0	0.0	0.0	0.0	0.0	0.0	0.0	4.0	0.0	5.0	8.0	0.0	0.0	0.0	0.0	0.0	0.0	0.0	0.0	0.0	0.0	0.0	0.0	0.0	0.0	0.0	0.0	0.0	0.0	0.0	0.0	0.0	0.0	0.0	0.0	0.0	0.0	0.0	0.0	0.0	0.0	13.0	0.0	0.0	0.0	0.0	0.0	0.0	0.0	0.0	0.0	0.0	0.0	0.0	0.0	0.0	6.0	17.0	6.0	0.0	0.0	0.0	0.0	0.0	0.0	6.0	0.0	0.0	0.0	2.0	0.0	0.0	0.0	0.0	0.0	0.0	0.0	0.0	0.0	11.0	0.0	0.0	0.0	0.0	0.0	0.0	0.0	0.0	0.0	0.0	0.0	0.0	3.0	0.0	0.0	0.0	0.0	0.0	0.0	4.0	0.0	0.0	0.0	0.0	0.0	0.0	0.0	0.0	0.0	0.0	0.0	0.0	0.0	0.0	0.0	6.0	0.0	0.0	0.0	0.0	0.0	0.0	0.0	2.0	3.0	0.0	0.0	0.0	0.0	0.0	0.0	3.0	0.0	0.0	0.0	0.0	0.0	0.0	7.0	0.0	0.0	0.0	0.0	0.0	0.0	0.0	0.0	0.0	0.0	0.0	0.0	0.0	3.0	0.0	10.0	0.0	0.0	0.0	0.0	0.0	0.0	0.0	0.0	0.0	0.0	0.0	0.0	0.0	0.0	0.0	0.0	0.0	0.0	1.0	4.0	0.0	0.0	0.0	0.0	0.0	0.0	0.0	0.0	1.0	0.0	0.0	0.0	0.0	0.0	0.0	0.0	0.0	0.0	14.0	0.0	12.0	0.0	0.0	0.0	0.0	0.0	0.0	0.0	0.0	0.0	0.0	0.0	0.0	0.0	0.0	0.0	6.0	0.0	5.0	0.0	0.0	0.0	0.0	0.0	0.0	0.0	9.0	0.0	0.0	0.0	0.0	0.0	1.0	0.0	0.0	0.0	0.0	0.0	0.0	0.0	0.0	0.0	0.0	0.0	0.0	0.0	2.0	0.0	0.0	0.0	0.0	0.0	0.0	0.0	0.0	0.0	0.0	0.0	0.0	0.0	0.0	0.0	0.0	0.0	0.0	0.0	0.0	0.0	0.0	0.0	0.0	0.0	0.0	0.0	0.0	0.0	0.0	0.0	0.0	0.0	0.0	0.0	0.0	0.0	0.0	0.0	0.0	21.0	0.0	5.0	0.0	0.0	0.0	0.0	0.0	0.0	0.0	0.0	0.0	3.0	0.0	0.0	5.0	0.0	0.0	0.0	0.0	0.0	0.0	0.0	0.0	0.0	0.0	5.0	0.0	0.0	0.0	0.0	6.0	0.0	0.0	0.0	0.0	0.0	0.0	0.0	0.0	0.0	4.0	0.0	0.0	0.0	0.0	0.0	0.0	0.0	0.0	0.0	0.0	0.0	0.0	0.0	0.0	5.0	0.0	0.0	0.0	0.0	0.0	0.0	0.0	0.0	0.0	0.0	0.0	0.0	0.0	18.0	0.0	9.0	0.0	0.0	0.0	0.0	8.0	0.0	0.0
s__Gallintestinimicrobium propionicum (1)	0.0	0.0	0.0	37.0	6.0	0.0	48.0	0.0	0.0	0.0	0.0	0.0	0.0	0.0	0.0	0.0	4.0	0.0	0.0	41.0	6.0	0.0	0.0	0.0	0.0	13.0	0.0	0.0	6.0	0.0	0.0	0.0	6.0	0.0	0.0	0.0	15.0	0.0	0.0	44.0	0.0	0.0	0.0	0.0	0.0	0.0	0.0	0.0	0.0	0.0	0.0	0.0	0.0	33.0	0.0	0.0	0.0	20.0	1.0	0.0	13.0	0.0	0.0	0.0	0.0	0.0	5.0	0.0	25.0	48.0	40.0	0.0	0.0	3.0	7.0	0.0	153.0	0.0	0.0	0.0	0.0	0.0	0.0	0.0	17.0	0.0	0.0	0.0	0.0	0.0	0.0	0.0	16.0	1.0	0.0	0.0	0.0	10.0	0.0	0.0	13.0	0.0	0.0	4.0	0.0	0.0	0.0	0.0	3.0	2.0	0.0	0.0	0.0	0.0	2.0	60.0	0.0	9.0	15.0	25.0	0.0	0.0	0.0	4.0	0.0	13.0	0.0	0.0	10.0	2.0	11.0	0.0	0.0	0.0	0.0	19.0	0.0	0.0	18.0	49.0	0.0	0.0	0.0	0.0	0.0	103.0	0.0	3.0	0.0	0.0	5.0	0.0	0.0	0.0	0.0	27.0	0.0	0.0	0.0	9.0	0.0	0.0	4.0	0.0	0.0	0.0	0.0	7.0	30.0	0.0	0.0	4.0	14.0	0.0	10.0	31.0	0.0	9.0	21.0	10.0	10.0	0.0	0.0	0.0	0.0	7.0	9.0	0.0	0.0	80.0	33.0	0.0	0.0	0.0	0.0	24.0	51.0	0.0	0.0	0.0	13.0	2.0	21.0	0.0	0.0	2.0	0.0	0.0	0.0	0.0	0.0	0.0	0.0	2.0	0.0	5.0	0.0	0.0	46.0	17.0	12.0	0.0	0.0	0.0	0.0	0.0	0.0	0.0	0.0	0.0	0.0	0.0	0.0	17.0	2.0	0.0	9.0	0.0	8.0	0.0	4.0	9.0	0.0	11.0	36.0	33.0	0.0	0.0	8.0	0.0	21.0	0.0	0.0	0.0	39.0	9.0	0.0	0.0	0.0	1.0	0.0	0.0	0.0	5.0	1.0	7.0	5.0	0.0	0.0	0.0	46.0	0.0	0.0	12.0	0.0	4.0	0.0	54.0	43.0	0.0	0.0	0.0	8.0	0.0	0.0	0.0	0.0	0.0	5.0	41.0	4.0	0.0	0.0	7.0	13.0	20.0	1.0	0.0	0.0	0.0	0.0	46.0	31.0	0.0	2.0	17.0	14.0	0.0	0.0	7.0	0.0	0.0	0.0	0.0	22.0	0.0	20.0	0.0	0.0	0.0	0.0	5.0	0.0	0.0	0.0	72.0	0.0	0.0	0.0	0.0	0.0	0.0	11.0	4.0	14.0	0.0	0.0	6.0	0.0	2.0	0.0	3.0	4.0	0.0	0.0	22.0	0.0	23.0	33.0	0.0	0.0	0.0	0.0	0.0	0.0	0.0	0.0	28.0	4.0	2.0	3.0	0.0	3.0	0.0	0.0	0.0	7.0	0.0	0.0	0.0	0.0	0.0	0.0	0.0	0.0	0.0	0.0	133.0	20.0	0.0	0.0	0.0	0.0	10.0	0.0	0.0	0.0	0.0	0.0	0.0	0.0	16.0	72.0	8.0	0.0	24.0	52.0	0.0	214.0	0.0	0.0	17.0	16.0	7.0	0.0	21.0	0.0	17.0	2.0	27.0	25.0	0.0	0.0	0.0	0.0	6.0	0.0	0.0	10.0	8.0	0.0	0.0	0.0	0.0	0.0	0.0	4.0	0.0	0.0	5.0	0.0	29.0	0.0	1.0	12.0	0.0	19.0	0.0	0.0	0.0	12.0	9.0	20.0	0.0	0.0	24.0	39.0	0.0	0.0	0.0	0.0	0.0	0.0	0.0	0.0	0.0	0.0	0.0	0.0	0.0	0.0	5.0	0.0	0.0	0.0	0.0	0.0	0.0	0.0	0.0	0.0	0.0	0.0	9.0	31.0	19.0	0.0	0.0	0.0	0.0	8.0	0.0	0.0
s__Otoolea sp000435655 (1)	6.0	0.0	42.0	0.0	0.0	0.0	14.0	0.0	0.0	67.0	0.0	0.0	0.0	0.0	0.0	0.0	12.0	0.0	0.0	0.0	13.0	0.0	0.0	4.0	4.0	0.0	6.0	0.0	0.0	0.0	0.0	0.0	0.0	0.0	0.0	0.0	0.0	0.0	0.0	0.0	0.0	0.0	0.0	0.0	0.0	0.0	0.0	21.0	18.0	0.0	68.0	3.0	147.0	0.0	0.0	0.0	0.0	0.0	0.0	0.0	0.0	0.0	0.0	6.0	1.0	0.0	0.0	0.0	0.0	0.0	0.0	0.0	0.0	0.0	0.0	0.0	8.0	0.0	0.0	0.0	0.0	0.0	0.0	0.0	0.0	0.0	0.0	21.0	2.0	5.0	0.0	0.0	0.0	0.0	0.0	0.0	0.0	0.0	0.0	0.0	0.0	0.0	24.0	0.0	24.0	0.0	0.0	0.0	0.0	0.0	0.0	0.0	0.0	0.0	0.0	12.0	0.0	0.0	0.0	0.0	0.0	0.0	2.0	104.0	0.0	11.0	0.0	0.0	0.0	0.0	0.0	0.0	0.0	0.0	0.0	4.0	0.0	0.0	4.0	0.0	0.0	0.0	0.0	0.0	0.0	0.0	0.0	0.0	0.0	0.0	0.0	0.0	0.0	0.0	0.0	0.0	0.0	0.0	0.0	0.0	0.0	0.0	0.0	0.0	0.0	0.0	0.0	8.0	2.0	0.0	0.0	0.0	0.0	113.0	7.0	0.0	0.0	0.0	0.0	4.0	0.0	0.0	0.0	28.0	0.0	0.0	0.0	0.0	3.0	0.0	0.0	0.0	0.0	0.0	0.0	6.0	0.0	0.0	0.0	0.0	0.0	53.0	9.0	0.0	0.0	0.0	0.0	0.0	0.0	0.0	0.0	0.0	0.0	0.0	0.0	0.0	0.0	0.0	9.0	0.0	0.0	0.0	0.0	0.0	0.0	0.0	0.0	0.0	0.0	0.0	0.0	10.0	0.0	7.0	0.0	0.0	0.0	0.0	0.0	0.0	0.0	13.0	0.0	8.0	0.0	0.0	0.0	0.0	0.0	0.0	0.0	0.0	0.0	0.0	0.0	46.0	0.0	0.0	0.0	7.0	0.0	33.0	16.0	4.0	1.0	49.0	0.0	0.0	26.0	0.0	0.0	0.0	0.0	0.0	10.0	0.0	0.0	0.0	0.0	0.0	0.0	0.0	0.0	0.0	0.0	0.0	0.0	0.0	17.0	0.0	16.0	28.0	0.0	0.0	0.0	0.0	0.0	0.0	0.0	0.0	0.0	0.0	0.0	0.0	0.0	0.0	0.0	0.0	0.0	0.0	4.0	0.0	0.0	0.0	0.0	0.0	0.0	4.0	0.0	0.0	0.0	0.0	159.0	0.0	0.0	0.0	0.0	0.0	0.0	0.0	0.0	1.0	0.0	1.0	0.0	0.0	0.0	0.0	0.0	0.0	0.0	0.0	0.0	6.0	0.0	0.0	30.0	0.0	0.0	0.0	6.0	0.0	0.0	0.0	0.0	4.0	0.0	5.0	2.0	0.0	0.0	0.0	0.0	13.0	15.0	0.0	0.0	0.0	0.0	0.0	0.0	0.0	0.0	16.0	35.0	0.0	0.0	0.0	0.0	0.0	0.0	0.0	0.0	0.0	0.0	0.0	0.0	0.0	0.0	0.0	0.0	0.0	0.0	29.0	0.0	0.0	0.0	0.0	0.0	0.0	12.0	0.0	0.0	0.0	0.0	0.0	0.0	0.0	7.0	0.0	0.0	0.0	0.0	0.0	0.0	0.0	0.0	0.0	2.0	0.0	0.0	0.0	3.0	0.0	0.0	73.0	10.0	0.0	0.0	0.0	0.0	4.0	0.0	0.0	0.0	127.0	0.0	0.0	0.0	0.0	0.0	0.0	0.0	56.0	0.0	0.0	0.0	0.0	28.0	4.0	0.0	0.0	0.0	0.0	0.0	2.0	3.0	0.0	0.0	0.0	8.0	0.0	0.0	21.0	0.0	2.0	0.0	0.0	0.0	0.0	0.0	0.0	7.0	13.0	0.0	3.0	0.0	12.0	0.0	0.0	0.0	0.0	0.0
s__Eubacterium_F sp003491505 (1)	0.0	0.0	0.0	0.0	0.0	0.0	0.0	0.0	0.0	0.0	0.0	0.0	0.0	26.0	0.0	0.0	5.0	0.0	0.0	0.0	0.0	0.0	0.0	0.0	52.0	0.0	0.0	0.0	0.0	0.0	0.0	0.0	0.0	0.0	0.0	0.0	0.0	0.0	0.0	0.0	0.0	0.0	0.0	0.0	0.0	0.0	0.0	0.0	0.0	0.0	0.0	0.0	0.0	13.0	0.0	0.0	0.0	1.0	0.0	0.0	0.0	0.0	0.0	0.0	0.0	0.0	0.0	0.0	0.0	0.0	15.0	0.0	0.0	0.0	0.0	0.0	2.0	0.0	0.0	0.0	31.0	0.0	0.0	0.0	0.0	0.0	0.0	0.0	0.0	8.0	0.0	0.0	0.0	0.0	0.0	0.0	0.0	0.0	0.0	0.0	0.0	0.0	0.0	1.0	0.0	0.0	0.0	0.0	18.0	0.0	0.0	0.0	0.0	0.0	0.0	0.0	0.0	13.0	6.0	0.0	0.0	0.0	0.0	0.0	0.0	0.0	0.0	0.0	0.0	0.0	9.0	0.0	0.0	0.0	0.0	0.0	0.0	0.0	0.0	0.0	0.0	0.0	0.0	0.0	0.0	0.0	0.0	0.0	0.0	0.0	0.0	0.0	0.0	0.0	0.0	17.0	0.0	0.0	0.0	0.0	0.0	0.0	0.0	0.0	0.0	0.0	3.0	0.0	20.0	0.0	0.0	0.0	0.0	0.0	0.0	0.0	0.0	0.0	0.0	49.0	0.0	0.0	0.0	0.0	0.0	0.0	0.0	0.0	0.0	0.0	2.0	0.0	0.0	0.0	0.0	0.0	0.0	0.0	0.0	0.0	26.0	0.0	0.0	0.0	0.0	0.0	0.0	0.0	0.0	5.0	0.0	0.0	0.0	0.0	0.0	0.0	0.0	0.0	0.0	0.0	19.0	0.0	0.0	0.0	0.0	0.0	0.0	0.0	0.0	0.0	1.0	0.0	0.0	0.0	0.0	0.0	0.0	0.0	0.0	0.0	0.0	0.0	0.0	0.0	27.0	0.0	0.0	0.0	0.0	0.0	7.0	0.0	6.0	0.0	0.0	29.0	0.0	0.0	0.0	0.0	0.0	0.0	0.0	0.0	4.0	0.0	0.0	4.0	0.0	0.0	0.0	0.0	0.0	13.0	0.0	0.0	0.0	0.0	13.0	0.0	0.0	0.0	0.0	0.0	0.0	0.0	0.0	0.0	0.0	0.0	0.0	0.0	0.0	0.0	7.0	0.0	0.0	0.0	0.0	0.0	0.0	0.0	0.0	0.0	3.0	0.0	2.0	0.0	0.0	0.0	0.0	0.0	6.0	0.0	0.0	0.0	0.0	0.0	0.0	0.0	0.0	0.0	0.0	0.0	0.0	0.0	0.0	0.0	0.0	0.0	0.0	0.0	0.0	0.0	6.0	6.0	0.0	0.0	0.0	0.0	0.0	0.0	0.0	0.0	0.0	0.0	0.0	0.0	0.0	0.0	0.0	0.0	0.0	0.0	0.0	0.0	0.0	0.0	0.0	0.0	7.0	0.0	0.0	0.0	0.0	21.0	0.0	0.0	0.0	0.0	0.0	0.0	0.0	0.0	0.0	4.0	0.0	0.0	0.0	0.0	0.0	0.0	0.0	0.0	0.0	0.0	0.0	16.0	0.0	0.0	0.0	0.0	0.0	0.0	0.0	0.0	0.0	0.0	14.0	0.0	0.0	0.0	0.0	0.0	0.0	0.0	0.0	0.0	2.0	27.0	0.0	0.0	0.0	0.0	0.0	0.0	0.0	0.0	0.0	0.0	0.0	0.0	0.0	0.0	0.0	0.0	0.0	0.0	0.0	7.0	0.0	30.0	0.0	0.0	16.0	0.0	0.0	0.0	0.0	0.0	0.0	0.0	9.0	0.0	0.0	0.0	0.0	0.0	0.0	0.0	0.0	0.0	0.0	0.0	0.0	6.0	0.0	0.0	0.0	52.0	0.0	0.0	0.0	0.0	0.0	0.0	0.0	0.0	0.0	0.0	0.0	0.0	0.0	0.0	0.0	1.0	0.0	0.0	0.0	0.0	0.0	0.0	0.0
s__Roseburia_D sp002299665 (1)	0.0	0.0	0.0	26.0	34.0	0.0	0.0	0.0	0.0	0.0	0.0	0.0	0.0	0.0	0.0	0.0	0.0	0.0	0.0	0.0	0.0	0.0	0.0	0.0	0.0	0.0	0.0	0.0	3.0	0.0	0.0	0.0	11.0	0.0	0.0	0.0	2.0	0.0	0.0	0.0	0.0	0.0	0.0	0.0	0.0	0.0	0.0	0.0	0.0	0.0	0.0	16.0	0.0	0.0	0.0	0.0	0.0	20.0	0.0	0.0	0.0	0.0	0.0	0.0	0.0	0.0	0.0	0.0	0.0	7.0	0.0	0.0	0.0	0.0	0.0	0.0	0.0	0.0	0.0	0.0	0.0	0.0	0.0	0.0	0.0	0.0	3.0	0.0	0.0	0.0	0.0	0.0	0.0	0.0	3.0	0.0	0.0	5.0	0.0	0.0	0.0	0.0	0.0	0.0	0.0	0.0	0.0	0.0	40.0	0.0	0.0	0.0	0.0	0.0	0.0	0.0	0.0	0.0	7.0	0.0	0.0	0.0	0.0	0.0	0.0	0.0	0.0	5.0	12.0	0.0	73.0	0.0	0.0	0.0	0.0	0.0	0.0	0.0	0.0	0.0	22.0	0.0	0.0	0.0	0.0	0.0	0.0	0.0	0.0	0.0	0.0	0.0	0.0	0.0	0.0	0.0	0.0	0.0	0.0	0.0	0.0	0.0	6.0	0.0	0.0	0.0	7.0	0.0	5.0	0.0	0.0	0.0	0.0	0.0	0.0	0.0	0.0	0.0	0.0	0.0	0.0	0.0	0.0	0.0	0.0	0.0	25.0	0.0	0.0	0.0	21.0	0.0	0.0	0.0	0.0	13.0	0.0	0.0	0.0	0.0	44.0	0.0	11.0	0.0	0.0	0.0	0.0	0.0	0.0	0.0	0.0	0.0	0.0	0.0	0.0	0.0	0.0	0.0	0.0	0.0	0.0	0.0	0.0	0.0	0.0	0.0	0.0	0.0	0.0	0.0	0.0	0.0	0.0	0.0	6.0	0.0	26.0	0.0	0.0	0.0	0.0	2.0	0.0	0.0	2.0	6.0	0.0	0.0	0.0	0.0	1.0	0.0	27.0	0.0	0.0	0.0	0.0	0.0	0.0	0.0	0.0	0.0	0.0	0.0	3.0	8.0	0.0	0.0	0.0	0.0	0.0	0.0	0.0	11.0	0.0	0.0	0.0	0.0	9.0	0.0	0.0	0.0	0.0	0.0	0.0	0.0	0.0	0.0	0.0	84.0	0.0	0.0	0.0	2.0	11.0	6.0	0.0	0.0	0.0	0.0	0.0	0.0	4.0	0.0	32.0	0.0	0.0	0.0	0.0	0.0	0.0	0.0	0.0	0.0	4.0	0.0	0.0	0.0	0.0	0.0	0.0	0.0	0.0	0.0	0.0	0.0	0.0	0.0	0.0	0.0	0.0	0.0	0.0	0.0	13.0	0.0	0.0	24.0	0.0	0.0	0.0	0.0	0.0	0.0	0.0	0.0	0.0	0.0	0.0	0.0	0.0	0.0	0.0	0.0	0.0	0.0	0.0	0.0	0.0	0.0	2.0	0.0	0.0	0.0	0.0	20.0	0.0	0.0	0.0	0.0	0.0	0.0	0.0	0.0	0.0	2.0	0.0	0.0	0.0	0.0	0.0	0.0	0.0	0.0	0.0	0.0	0.0	2.0	0.0	0.0	0.0	0.0	0.0	0.0	0.0	0.0	59.0	0.0	0.0	0.0	4.0	0.0	0.0	0.0	0.0	16.0	0.0	32.0	0.0	40.0	0.0	0.0	0.0	0.0	0.0	2.0	0.0	0.0	0.0	0.0	0.0	0.0	0.0	0.0	0.0	0.0	0.0	0.0	0.0	0.0	0.0	0.0	0.0	83.0	0.0	0.0	0.0	0.0	0.0	0.0	0.0	0.0	12.0	0.0	45.0	17.0	0.0	0.0	0.0	3.0	0.0	0.0	0.0	0.0	0.0	0.0	0.0	0.0	0.0	42.0	0.0	0.0	0.0	0.0	0.0	0.0	0.0	0.0	0.0	0.0	0.0	0.0	0.0	9.0	0.0	6.0	0.0	0.0	2.0	0.0	4.0	0.0	0.0
g__Wujia (1)	0.0	0.0	0.0	0.0	21.0	0.0	0.0	0.0	0.0	0.0	0.0	0.0	0.0	0.0	0.0	0.0	25.0	0.0	0.0	0.0	0.0	42.0	0.0	0.0	0.0	0.0	0.0	0.0	17.0	0.0	0.0	0.0	66.0	0.0	0.0	0.0	6.0	0.0	0.0	0.0	0.0	0.0	0.0	0.0	0.0	0.0	0.0	0.0	0.0	0.0	0.0	0.0	0.0	10.0	0.0	0.0	0.0	0.0	0.0	0.0	0.0	0.0	0.0	0.0	0.0	0.0	0.0	0.0	0.0	0.0	0.0	0.0	0.0	0.0	0.0	0.0	0.0	0.0	0.0	0.0	0.0	0.0	0.0	0.0	0.0	0.0	0.0	0.0	0.0	0.0	0.0	0.0	0.0	1.0	0.0	0.0	0.0	0.0	0.0	0.0	0.0	0.0	0.0	0.0	0.0	0.0	0.0	0.0	0.0	75.0	0.0	0.0	0.0	0.0	0.0	89.0	0.0	0.0	12.0	0.0	0.0	0.0	0.0	0.0	0.0	0.0	0.0	0.0	0.0	0.0	2.0	0.0	0.0	0.0	0.0	13.0	0.0	0.0	0.0	0.0	0.0	0.0	0.0	0.0	0.0	0.0	0.0	0.0	0.0	0.0	0.0	0.0	0.0	0.0	0.0	0.0	25.0	0.0	0.0	0.0	0.0	0.0	59.0	0.0	0.0	0.0	0.0	0.0	0.0	0.0	36.0	0.0	1.0	0.0	0.0	0.0	0.0	0.0	0.0	0.0	0.0	0.0	0.0	0.0	0.0	1.0	0.0	0.0	0.0	0.0	33.0	0.0	0.0	0.0	0.0	436.0	0.0	0.0	0.0	0.0	155.0	0.0	0.0	0.0	0.0	0.0	0.0	0.0	3.0	8.0	0.0	0.0	0.0	0.0	0.0	0.0	0.0	0.0	0.0	0.0	67.0	0.0	0.0	0.0	0.0	0.0	0.0	0.0	0.0	0.0	0.0	0.0	0.0	1.0	0.0	0.0	82.0	0.0	0.0	0.0	30.0	120.0	0.0	0.0	233.0	166.0	0.0	0.0	0.0	0.0	0.0	0.0	184.0	0.0	0.0	0.0	0.0	0.0	0.0	0.0	0.0	0.0	0.0	0.0	0.0	0.0	0.0	0.0	0.0	0.0	0.0	0.0	0.0	73.0	0.0	27.0	0.0	0.0	102.0	0.0	1.0	0.0	0.0	0.0	0.0	0.0	0.0	0.0	0.0	0.0	0.0	0.0	0.0	0.0	78.0	7.0	0.0	0.0	0.0	0.0	0.0	0.0	0.0	0.0	3.0	0.0	0.0	0.0	0.0	0.0	0.0	0.0	0.0	0.0	32.0	0.0	0.0	0.0	0.0	0.0	0.0	0.0	0.0	0.0	0.0	0.0	0.0	0.0	0.0	0.0	0.0	0.0	0.0	0.0	5.0	0.0	0.0	402.0	0.0	1.0	2.0	0.0	0.0	0.0	0.0	0.0	0.0	0.0	25.0	0.0	0.0	0.0	0.0	0.0	0.0	0.0	0.0	0.0	0.0	0.0	16.0	0.0	0.0	0.0	0.0	85.0	0.0	0.0	0.0	0.0	0.0	0.0	0.0	0.0	0.0	0.0	0.0	0.0	0.0	0.0	0.0	0.0	0.0	0.0	0.0	1.0	0.0	0.0	0.0	0.0	0.0	0.0	0.0	0.0	0.0	0.0	0.0	0.0	0.0	0.0	0.0	0.0	0.0	35.0	0.0	23.0	0.0	0.0	0.0	0.0	0.0	0.0	0.0	0.0	0.0	43.0	0.0	0.0	3.0	0.0	0.0	0.0	0.0	0.0	0.0	0.0	0.0	0.0	0.0	233.0	0.0	0.0	0.0	0.0	0.0	0.0	0.0	0.0	0.0	0.0	0.0	0.0	0.0	0.0	0.0	52.0	0.0	0.0	0.0	0.0	0.0	0.0	0.0	0.0	2.0	0.0	0.0	0.0	0.0	0.0	0.0	0.0	0.0	0.0	0.0	0.0	0.0	0.0	0.0	0.0	0.0	0.0	0.0	0.0	0.0	7.0	0.0	0.0	0.0	0.0	12.0	0.0	0.0
s__JAGTTR01 sp018223385 (1)	0.0	0.0	0.0	0.0	2.0	0.0	0.0	0.0	0.0	0.0	0.0	1.0	0.0	0.0	0.0	0.0	2.0	0.0	0.0	0.0	0.0	0.0	0.0	0.0	0.0	8.0	0.0	0.0	0.0	0.0	0.0	0.0	2.0	0.0	0.0	0.0	0.0	0.0	0.0	0.0	0.0	0.0	0.0	0.0	0.0	0.0	0.0	0.0	0.0	0.0	0.0	0.0	0.0	0.0	0.0	0.0	0.0	3.0	3.0	0.0	1.0	0.0	0.0	0.0	0.0	0.0	0.0	0.0	0.0	0.0	0.0	0.0	0.0	3.0	0.0	4.0	0.0	0.0	0.0	0.0	0.0	0.0	0.0	0.0	0.0	0.0	1.0	0.0	0.0	0.0	0.0	0.0	0.0	0.0	0.0	0.0	0.0	1.0	0.0	0.0	0.0	0.0	0.0	2.0	0.0	0.0	0.0	0.0	6.0	0.0	0.0	0.0	0.0	0.0	0.0	4.0	0.0	0.0	4.0	0.0	1.0	0.0	0.0	0.0	0.0	0.0	0.0	0.0	1.0	0.0	5.0	8.0	0.0	0.0	0.0	0.0	0.0	0.0	0.0	0.0	0.0	0.0	0.0	0.0	0.0	0.0	0.0	0.0	0.0	0.0	0.0	0.0	0.0	0.0	0.0	0.0	0.0	0.0	0.0	6.0	2.0	0.0	0.0	0.0	0.0	0.0	0.0	0.0	3.0	0.0	5.0	0.0	4.0	0.0	0.0	4.0	0.0	0.0	12.0	3.0	0.0	0.0	0.0	0.0	0.0	0.0	4.0	0.0	0.0	15.0	6.0	0.0	0.0	0.0	0.0	3.0	0.0	0.0	0.0	0.0	1.0	0.0	1.0	0.0	0.0	0.0	0.0	0.0	0.0	0.0	0.0	0.0	0.0	0.0	0.0	0.0	6.0	0.0	8.0	0.0	0.0	0.0	0.0	0.0	0.0	0.0	0.0	0.0	0.0	0.0	4.0	0.0	0.0	0.0	3.0	0.0	4.0	0.0	0.0	0.0	0.0	0.0	0.0	0.0	1.0	0.0	0.0	0.0	2.0	0.0	0.0	0.0	3.0	0.0	0.0	0.0	0.0	0.0	0.0	0.0	0.0	6.0	0.0	0.0	0.0	0.0	4.0	0.0	0.0	0.0	0.0	0.0	0.0	2.0	0.0	0.0	0.0	0.0	0.0	0.0	0.0	0.0	0.0	0.0	0.0	0.0	0.0	0.0	0.0	4.0	0.0	0.0	0.0	0.0	5.0	3.0	0.0	0.0	0.0	0.0	0.0	0.0	0.0	0.0	2.0	1.0	2.0	0.0	0.0	0.0	0.0	0.0	0.0	0.0	0.0	0.0	0.0	0.0	0.0	0.0	0.0	0.0	0.0	0.0	0.0	0.0	0.0	0.0	0.0	12.0	0.0	0.0	5.0	0.0	3.0	0.0	0.0	0.0	0.0	0.0	0.0	0.0	0.0	0.0	0.0	0.0	0.0	0.0	0.0	0.0	0.0	0.0	0.0	0.0	0.0	0.0	0.0	0.0	0.0	0.0	1.0	0.0	1.0	0.0	0.0	0.0	0.0	0.0	0.0	0.0	0.0	0.0	0.0	0.0	0.0	0.0	0.0	0.0	0.0	0.0	0.0	0.0	0.0	0.0	0.0	0.0	1.0	0.0	0.0	0.0	0.0	0.0	0.0	0.0	0.0	0.0	2.0	0.0	0.0	0.0	0.0	0.0	0.0	0.0	0.0	1.0	0.0	0.0	4.0	2.0	0.0	0.0	0.0	0.0	0.0	0.0	0.0	0.0	2.0	0.0	0.0	0.0	0.0	0.0	0.0	0.0	0.0	0.0	0.0	2.0	0.0	0.0	0.0	0.0	0.0	0.0	0.0	0.0	0.0	0.0	0.0	0.0	0.0	0.0	4.0	0.0	0.0	2.0	0.0	0.0	0.0	0.0	0.0	0.0	0.0	0.0	0.0	0.0	0.0	4.0	0.0	0.0	0.0	0.0	0.0	0.0	0.0	0.0	0.0	0.0	0.0	0.0	0.0	3.0	0.0	2.0	0.0	0.0	0.0	0.0	4.0	4.0	0.0
s__Ruthenibacterium lactatiformans (1)	0.0	0.0	2.0	0.0	0.0	0.0	7.0	0.0	2.0	2.0	1.0	10.0	0.0	0.0	3.0	0.0	8.0	0.0	0.0	4.0	4.0	0.0	0.0	18.0	10.0	1.0	0.0	0.0	0.0	0.0	0.0	0.0	2.0	1.0	0.0	0.0	0.0	0.0	0.0	4.0	0.0	0.0	1.0	1.0	0.0	28.0	0.0	96.0	0.0	0.0	0.0	3.0	39.0	0.0	3.0	0.0	0.0	0.0	2.0	0.0	80.0	0.0	46.0	0.0	0.0	2.0	0.0	0.0	1.0	51.0	5.0	0.0	7.0	18.0	0.0	1.0	0.0	0.0	0.0	22.0	32.0	0.0	1.0	0.0	0.0	0.0	2.0	0.0	0.0	0.0	0.0	0.0	0.0	2.0	20.0	0.0	0.0	7.0	281.0	0.0	2.0	0.0	0.0	11.0	0.0	0.0	0.0	2.0	8.0	1.0	0.0	43.0	8.0	0.0	0.0	0.0	2.0	9.0	1.0	8.0	4.0	0.0	26.0	1.0	0.0	2.0	0.0	34.0	9.0	0.0	2.0	4.0	0.0	0.0	2.0	0.0	88.0	0.0	7.0	0.0	0.0	16.0	0.0	13.0	0.0	0.0	0.0	0.0	1.0	1.0	46.0	0.0	6.0	1.0	0.0	1.0	0.0	0.0	105.0	0.0	0.0	0.0	11.0	11.0	3.0	0.0	0.0	7.0	0.0	0.0	2.0	10.0	1.0	0.0	2.0	7.0	0.0	0.0	0.0	2.0	0.0	3.0	0.0	33.0	0.0	0.0	0.0	17.0	5.0	3.0	1.0	0.0	0.0	0.0	97.0	1.0	0.0	1.0	46.0	0.0	1.0	7.0	1.0	6.0	0.0	8.0	0.0	0.0	0.0	0.0	0.0	0.0	0.0	1.0	1.0	1.0	0.0	40.0	27.0	0.0	0.0	0.0	0.0	45.0	0.0	0.0	0.0	0.0	0.0	0.0	5.0	18.0	0.0	0.0	6.0	0.0	3.0	0.0	0.0	0.0	0.0	0.0	0.0	0.0	0.0	0.0	11.0	0.0	2.0	0.0	21.0	0.0	7.0	0.0	24.0	0.0	5.0	4.0	95.0	0.0	44.0	1.0	0.0	0.0	7.0	20.0	4.0	9.0	4.0	0.0	1.0	51.0	0.0	11.0	6.0	0.0	0.0	0.0	0.0	8.0	0.0	0.0	1.0	0.0	0.0	0.0	0.0	0.0	0.0	16.0	7.0	0.0	0.0	7.0	16.0	1.0	42.0	1.0	161.0	1.0	0.0	0.0	3.0	0.0	0.0	0.0	4.0	0.0	11.0	0.0	0.0	0.0	24.0	2.0	0.0	0.0	3.0	0.0	39.0	0.0	1.0	5.0	2.0	0.0	5.0	9.0	2.0	15.0	4.0	0.0	0.0	9.0	3.0	0.0	4.0	21.0	0.0	0.0	389.0	18.0	1.0	0.0	0.0	4.0	0.0	3.0	1.0	5.0	1.0	0.0	7.0	0.0	0.0	0.0	0.0	0.0	1.0	5.0	0.0	0.0	0.0	2.0	6.0	0.0	0.0	4.0	0.0	0.0	0.0	0.0	0.0	3.0	1.0	0.0	4.0	5.0	0.0	0.0	0.0	0.0	0.0	54.0	0.0	0.0	4.0	2.0	2.0	11.0	0.0	0.0	0.0	7.0	17.0	0.0	2.0	0.0	31.0	11.0	69.0	9.0	6.0	0.0	3.0	0.0	0.0	2.0	59.0	5.0	2.0	3.0	4.0	0.0	0.0	0.0	0.0	2.0	0.0	15.0	0.0	9.0	76.0	0.0	4.0	0.0	0.0	3.0	8.0	0.0	0.0	0.0	0.0	1.0	0.0	15.0	0.0	0.0	0.0	0.0	30.0	0.0	0.0	6.0	5.0	2.0	3.0	0.0	0.0	0.0	0.0	0.0	0.0	42.0	0.0	9.0	2.0	8.0	1.0	0.0	0.0	0.0	2.0	0.0	13.0	18.0	0.0	2.0	0.0	0.0	0.0	0.0	0.0	0.0	0.0	4.0	0.0	2.0	0.0	3.0	18.0	0.0	0.0	0.0	0.0
g__Faecalibacterium (1)	0.0	3224.0	0.0	193.0	199.0	0.0	0.0	250.0	43.0	0.0	0.0	849.0	0.0	0.0	367.0	0.0	365.0	66.0	94.0	519.0	44.0	593.0	0.0	137.0	0.0	1011.0	456.0	197.0	211.0	0.0	0.0	48.0	172.0	0.0	0.0	0.0	379.0	2.0	356.0	195.0	0.0	0.0	117.0	1502.0	0.0	0.0	0.0	0.0	0.0	0.0	544.0	247.0	0.0	150.0	0.0	0.0	727.0	323.0	147.0	5.0	93.0	67.0	71.0	0.0	9.0	820.0	1050.0	0.0	249.0	28.0	876.0	0.0	539.0	623.0	36.0	833.0	0.0	0.0	132.0	0.0	1121.0	0.0	0.0	14.0	213.0	0.0	134.0	0.0	184.0	810.0	0.0	0.0	174.0	0.0	0.0	0.0	0.0	581.0	0.0	0.0	705.0	0.0	20.0	47.0	8.0	539.0	277.0	0.0	628.0	678.0	0.0	0.0	71.0	0.0	141.0	631.0	0.0	956.0	563.0	145.0	0.0	0.0	6.0	0.0	494.0	162.0	3.0	72.0	586.0	616.0	222.0	82.0	0.0	68.0	0.0	118.0	1.0	896.0	299.0	35.0	0.0	0.0	0.0	0.0	0.0	12.0	710.0	459.0	271.0	3.0	0.0	10.0	0.0	210.0	0.0	503.0	949.0	95.0	0.0	731.0	248.0	41.0	243.0	5.0	0.0	0.0	181.0	298.0	352.0	4.0	394.0	100.0	193.0	0.0	157.0	1058.0	4.0	1530.0	52.0	1057.0	0.0	220.0	0.0	0.0	0.0	742.0	179.0	4.0	95.0	102.0	490.0	6.0	0.0	0.0	0.0	712.0	1603.0	0.0	0.0	0.0	215.0	7.0	598.0	1167.0	0.0	205.0	0.0	890.0	385.0	11.0	14.0	153.0	3.0	183.0	0.0	71.0	786.0	0.0	127.0	16.0	979.0	144.0	193.0	0.0	17.0	0.0	0.0	0.0	0.0	0.0	24.0	238.0	0.0	559.0	122.0	46.0	228.0	798.0	118.0	0.0	199.0	464.0	1009.0	543.0	92.0	436.0	502.0	0.0	50.0	0.0	0.0	0.0	409.0	339.0	1682.0	1171.0	40.0	1700.0	0.0	48.0	0.0	141.0	9.0	73.0	63.0	17.0	516.0	12.0	73.0	0.0	126.0	0.0	0.0	31.0	56.0	205.0	29.0	407.0	597.0	0.0	3.0	0.0	65.0	0.0	2.0	0.0	0.0	0.0	0.0	57.0	284.0	0.0	0.0	622.0	869.0	415.0	40.0	319.0	0.0	0.0	0.0	1530.0	753.0	36.0	67.0	294.0	516.0	0.0	0.0	0.0	0.0	96.0	0.0	131.0	559.0	397.0	448.0	0.0	0.0	0.0	7.0	50.0	0.0	0.0	0.0	310.0	0.0	117.0	0.0	761.0	0.0	0.0	839.0	9.0	51.0	0.0	0.0	254.0	0.0	101.0	68.0	122.0	1492.0	0.0	17.0	84.0	5.0	411.0	1037.0	0.0	0.0	146.0	50.0	0.0	0.0	0.0	0.0	189.0	420.0	270.0	465.0	51.0	140.0	0.0	165.0	109.0	257.0	0.0	6.0	780.0	78.0	0.0	1260.0	25.0	0.0	96.0	0.0	477.0	91.0	0.0	72.0	0.0	1263.0	5.0	44.0	373.0	21.0	0.0	0.0	0.0	0.0	297.0	111.0	324.0	50.0	655.0	450.0	0.0	0.0	0.0	342.0	277.0	298.0	241.0	0.0	330.0	113.0	308.0	96.0	64.0	93.0	0.0	27.0	0.0	0.0	408.0	35.0	0.0	143.0	69.0	0.0	180.0	346.0	0.0	871.0	0.0	0.0	530.0	104.0	302.0	0.0	199.0	2.0	83.0	954.0	0.0	1044.0	523.0	5.0	0.0	0.0	486.0	573.0	0.0	436.0	177.0	487.0	267.0	0.0	538.0	0.0	0.0	3.0	0.0	6.0	83.0	33.0	0.0	0.0	498.0	68.0	121.0	0.0	349.0	257.0	0.0	0.0	576.0	35.0	0.0	0.0	904.0	389.0	69.0	33.0	985.0	0.0	0.0	68.0	1.0	317.0	168.0	0.0
g__Faecalibacterium (3)	0.0	0.0	6.0	497.0	158.0	0.0	585.0	522.0	87.0	0.0	3.0	1306.0	0.0	0.0	478.0	0.0	484.0	84.0	28.0	56.0	0.0	42.0	0.0	149.0	0.0	312.0	334.0	91.0	74.0	0.0	0.0	0.0	156.0	8.0	0.0	0.0	221.0	0.0	0.0	8.0	0.0	0.0	25.0	10.0	0.0	16.0	0.0	0.0	8.0	0.0	12.0	414.0	11.0	132.0	92.0	0.0	504.0	78.0	285.0	0.0	26.0	58.0	0.0	1.0	0.0	47.0	196.0	2.0	1546.0	73.0	581.0	0.0	17.0	0.0	0.0	133.0	0.0	0.0	0.0	0.0	0.0	0.0	0.0	0.0	431.0	0.0	567.0	0.0	189.0	36.0	0.0	0.0	523.0	0.0	0.0	0.0	0.0	259.0	0.0	0.0	0.0	0.0	0.0	43.0	0.0	120.0	152.0	8.0	1006.0	180.0	0.0	0.0	61.0	0.0	72.0	169.0	0.0	38.0	147.0	7.0	363.0	6.0	6.0	199.0	120.0	105.0	9.0	188.0	282.0	246.0	53.0	219.0	0.0	95.0	0.0	215.0	0.0	459.0	9.0	944.0	0.0	0.0	0.0	28.0	0.0	787.0	549.0	246.0	475.0	0.0	11.0	3.0	6.0	35.0	0.0	50.0	134.0	0.0	0.0	475.0	588.0	982.0	55.0	5.0	0.0	0.0	238.0	396.0	251.0	0.0	376.0	248.0	83.0	0.0	6.0	626.0	0.0	23.0	76.0	113.0	507.0	143.0	4.0	0.0	0.0	17.0	194.0	0.0	46.0	0.0	104.0	0.0	0.0	470.0	104.0	469.0	83.0	5.0	0.0	0.0	63.0	0.0	158.0	525.0	0.0	44.0	0.0	625.0	101.0	393.0	0.0	0.0	0.0	48.0	0.0	10.0	398.0	0.0	0.0	5.0	464.0	4.0	329.0	0.0	26.0	5.0	0.0	0.0	0.0	0.0	212.0	2.0	0.0	809.0	214.0	93.0	101.0	421.0	8.0	0.0	141.0	110.0	893.0	940.0	272.0	128.0	0.0	12.0	247.0	4.0	0.0	0.0	238.0	63.0	34.0	0.0	0.0	31.0	0.0	22.0	10.0	37.0	0.0	4.0	66.0	7.0	178.0	78.0	91.0	0.0	251.0	0.0	0.0	96.0	29.0	326.0	0.0	325.0	0.0	0.0	0.0	22.0	318.0	0.0	0.0	0.0	0.0	0.0	0.0	105.0	384.0	0.0	0.0	796.0	43.0	120.0	509.0	21.0	0.0	0.0	4.0	0.0	634.0	123.0	34.0	89.0	16.0	0.0	0.0	221.0	0.0	396.0	33.0	7.0	232.0	13.0	12.0	0.0	0.0	0.0	0.0	331.0	0.0	1666.0	10.0	0.0	0.0	40.0	0.0	722.0	0.0	0.0	499.0	378.0	133.0	0.0	0.0	172.0	0.0	227.0	298.0	150.0	194.0	458.0	0.0	0.0	0.0	199.0	9.0	0.0	0.0	0.0	87.0	0.0	0.0	0.0	328.0	865.0	0.0	274.0	54.0	109.0	138.0	139.0	0.0	191.0	12.0	0.0	825.0	6.0	0.0	107.0	13.0	0.0	0.0	0.0	0.0	25.0	702.0	0.0	24.0	0.0	183.0	0.0	3.0	224.0	0.0	0.0	0.0	0.0	0.0	451.0	0.0	76.0	79.0	91.0	346.0	0.0	3.0	0.0	370.0	35.0	83.0	311.0	6.0	505.0	110.0	292.0	64.0	412.0	558.0	0.0	0.0	0.0	0.0	435.0	0.0	0.0	117.0	0.0	0.0	216.0	1273.0	0.0	14.0	0.0	5.0	0.0	5.0	199.0	0.0	58.0	0.0	522.0	388.0	0.0	13.0	37.0	0.0	0.0	0.0	235.0	280.0	0.0	350.0	194.0	467.0	717.0	0.0	126.0	0.0	0.0	205.0	0.0	0.0	0.0	383.0	101.0	0.0	125.0	148.0	472.0	67.0	0.0	0.0	0.0	0.0	0.0	3199.0	0.0	8.0	12.0	295.0	0.0	55.0	125.0	0.0	0.0	315.0	0.0	150.0	337.0	0.0
s__Faecalibacterium prausnitzii (1)	0.0	0.0	0.0	0.0	0.0	0.0	0.0	0.0	0.0	0.0	0.0	0.0	0.0	0.0	0.0	0.0	0.0	0.0	0.0	0.0	0.0	39.0	0.0	0.0	0.0	0.0	29.0	0.0	0.0	0.0	0.0	32.0	0.0	0.0	0.0	0.0	97.0	0.0	0.0	0.0	0.0	0.0	0.0	0.0	0.0	0.0	0.0	0.0	0.0	0.0	277.0	0.0	0.0	0.0	0.0	0.0	0.0	62.0	35.0	0.0	0.0	0.0	0.0	0.0	0.0	59.0	0.0	0.0	0.0	0.0	0.0	0.0	105.0	0.0	0.0	0.0	0.0	0.0	0.0	0.0	0.0	0.0	0.0	0.0	29.0	0.0	6.0	0.0	29.0	0.0	0.0	0.0	0.0	0.0	0.0	0.0	0.0	0.0	0.0	0.0	0.0	0.0	0.0	0.0	0.0	36.0	0.0	0.0	100.0	0.0	0.0	0.0	0.0	0.0	0.0	0.0	0.0	0.0	0.0	0.0	0.0	0.0	0.0	0.0	0.0	0.0	0.0	0.0	71.0	0.0	64.0	0.0	0.0	0.0	0.0	30.0	0.0	0.0	0.0	0.0	0.0	0.0	0.0	0.0	0.0	0.0	0.0	0.0	0.0	0.0	0.0	0.0	0.0	0.0	0.0	0.0	75.0	0.0	0.0	0.0	0.0	0.0	0.0	0.0	0.0	0.0	0.0	0.0	0.0	0.0	50.0	0.0	0.0	0.0	0.0	0.0	0.0	0.0	0.0	0.0	0.0	0.0	0.0	0.0	0.0	74.0	0.0	0.0	0.0	0.0	0.0	0.0	0.0	0.0	0.0	75.0	0.0	0.0	0.0	0.0	0.0	0.0	0.0	0.0	0.0	0.0	0.0	0.0	194.0	0.0	0.0	0.0	0.0	156.0	0.0	119.0	92.0	0.0	0.0	0.0	103.0	0.0	15.0	0.0	0.0	0.0	0.0	0.0	0.0	0.0	0.0	0.0	0.0	0.0	0.0	0.0	0.0	11.0	0.0	0.0	39.0	40.0	0.0	0.0	0.0	232.0	0.0	0.0	10.0	0.0	0.0	0.0	26.0	0.0	0.0	0.0	0.0	0.0	0.0	0.0	0.0	38.0	0.0	24.0	8.0	0.0	0.0	0.0	0.0	0.0	14.0	0.0	0.0	0.0	0.0	0.0	0.0	23.0	0.0	0.0	0.0	0.0	0.0	0.0	0.0	0.0	0.0	0.0	0.0	0.0	0.0	0.0	0.0	0.0	0.0	67.0	0.0	0.0	0.0	0.0	0.0	0.0	0.0	12.0	0.0	0.0	0.0	0.0	0.0	0.0	0.0	0.0	0.0	0.0	0.0	0.0	0.0	0.0	0.0	0.0	0.0	0.0	0.0	0.0	0.0	0.0	0.0	0.0	0.0	162.0	0.0	0.0	244.0	0.0	18.0	0.0	0.0	0.0	0.0	0.0	65.0	0.0	0.0	0.0	0.0	0.0	0.0	87.0	0.0	0.0	0.0	0.0	0.0	0.0	0.0	0.0	0.0	0.0	0.0	63.0	0.0	0.0	17.0	0.0	0.0	0.0	0.0	0.0	0.0	0.0	0.0	0.0	0.0	0.0	0.0	0.0	0.0	135.0	63.0	0.0	0.0	0.0	0.0	0.0	0.0	24.0	0.0	0.0	0.0	0.0	0.0	0.0	0.0	0.0	0.0	0.0	0.0	0.0	0.0	0.0	0.0	0.0	0.0	0.0	0.0	132.0	0.0	0.0	0.0	0.0	0.0	0.0	0.0	0.0	0.0	40.0	30.0	0.0	21.0	0.0	0.0	48.0	0.0	0.0	431.0	0.0	0.0	51.0	0.0	0.0	0.0	0.0	0.0	0.0	0.0	0.0	0.0	0.0	0.0	0.0	0.0	0.0	0.0	0.0	0.0	0.0	0.0	0.0	0.0	128.0	0.0	0.0	0.0	0.0	0.0	0.0	0.0	0.0	0.0	0.0	0.0	0.0	0.0	387.0	0.0	0.0	0.0	0.0	0.0	0.0	0.0	0.0	0.0	0.0	0.0	0.0	0.0	0.0	0.0	0.0	17.0	0.0	0.0
s__Faecalibacterium longum (1)	53.0	0.0	8.0	123.0	72.0	0.0	74.0	83.0	22.0	0.0	1562.0	79.0	681.0	1283.0	551.0	0.0	25.0	12.0	37.0	230.0	32.0	105.0	0.0	11.0	0.0	270.0	302.0	201.0	91.0	1.0	0.0	13.0	72.0	136.0	2.0	0.0	0.0	0.0	10.0	26.0	2.0	67.0	499.0	240.0	653.0	0.0	166.0	19.0	414.0	532.0	1394.0	327.0	0.0	236.0	221.0	0.0	194.0	180.0	14.0	0.0	154.0	12.0	0.0	5.0	0.0	18.0	197.0	1.0	58.0	3.0	254.0	2.0	149.0	465.0	1618.0	54.0	1278.0	0.0	333.0	0.0	0.0	446.0	0.0	0.0	47.0	0.0	206.0	0.0	60.0	329.0	41.0	0.0	160.0	0.0	17.0	2.0	0.0	53.0	0.0	3.0	109.0	0.0	0.0	52.0	0.0	12.0	1043.0	382.0	32.0	21.0	0.0	0.0	0.0	1.0	61.0	104.0	0.0	318.0	104.0	306.0	148.0	10.0	143.0	0.0	163.0	130.0	3.0	157.0	84.0	97.0	22.0	41.0	0.0	46.0	1.0	69.0	0.0	41.0	615.0	120.0	0.0	0.0	120.0	1766.0	0.0	261.0	574.0	6.0	46.0	0.0	99.0	3.0	1194.0	20.0	372.0	370.0	42.0	0.0	0.0	71.0	94.0	430.0	144.0	4.0	116.0	3.0	99.0	48.0	127.0	0.0	45.0	230.0	145.0	0.0	45.0	799.0	0.0	53.0	164.0	100.0	115.0	20.0	0.0	99.0	72.0	389.0	9.0	137.0	747.0	691.0	20.0	0.0	0.0	358.0	89.0	91.0	342.0	557.0	5.0	0.0	27.0	9.0	39.0	23.0	0.0	1098.0	95.0	143.0	133.0	178.0	18.0	14.0	0.0	30.0	0.0	110.0	54.0	0.0	88.0	296.0	57.0	41.0	1078.0	0.0	4.0	6.0	1223.0	5.0	2.0	0.0	89.0	1100.0	1.0	44.0	0.0	23.0	622.0	55.0	136.0	4.0	228.0	7.0	158.0	278.0	473.0	20.0	19.0	251.0	30.0	0.0	538.0	3.0	23.0	2.0	179.0	117.0	655.0	64.0	0.0	88.0	186.0	321.0	28.0	83.0	13.0	32.0	137.0	25.0	6.0	0.0	184.0	0.0	0.0	76.0	75.0	23.0	44.0	49.0	240.0	0.0	1.0	1356.0	273.0	0.0	0.0	0.0	0.0	5.0	0.0	57.0	68.0	0.0	12.0	377.0	96.0	21.0	12.0	101.0	1.0	0.0	0.0	331.0	21.0	0.0	98.0	36.0	505.0	0.0	0.0	120.0	242.0	80.0	27.0	19.0	76.0	56.0	194.0	0.0	1.0	1.0	0.0	36.0	0.0	0.0	127.0	0.0	0.0	653.0	0.0	161.0	1918.0	110.0	33.0	716.0	52.0	0.0	3628.0	38.0	4.0	217.0	95.0	23.0	227.0	123.0	42.0	817.0	0.0	214.0	60.0	0.0	530.0	0.0	0.0	0.0	0.0	58.0	134.0	88.0	161.0	49.0	37.0	137.0	959.0	4.0	61.0	0.0	621.0	0.0	300.0	437.0	81.0	1.0	205.0	48.0	795.0	7.0	2.0	136.0	410.0	2102.0	8.0	785.0	36.0	29.0	0.0	0.0	66.0	0.0	0.0	0.0	3314.0	39.0	98.0	52.0	115.0	116.0	79.0	0.0	0.0	0.0	121.0	547.0	0.0	50.0	297.0	66.0	14.0	36.0	11.0	70.0	290.0	75.0	6.0	0.0	0.0	42.0	10.0	253.0	86.0	35.0	0.0	146.0	98.0	219.0	0.0	0.0	565.0	279.0	370.0	84.0	0.0	55.0	0.0	0.0	54.0	5.0	0.0	0.0	0.0	6.0	0.0	39.0	38.0	200.0	27.0	20.0	51.0	13.0	0.0	1.0	0.0	0.0	1724.0	9.0	12.0	63.0	222.0	0.0	6.0	10.0	53.0	267.0	1703.0	609.0	132.0	1084.0	0.0	0.0	383.0	1623.0	0.0	403.0	981.0	3.0	58.0	75.0	0.0	0.0	325.0	0.0	87.0	17.0	3.0
s__Faecalibacterium prausnitzii_I (1)	0.0	0.0	0.0	27.0	8.0	0.0	0.0	35.0	0.0	0.0	0.0	17.0	0.0	0.0	0.0	0.0	0.0	4.0	0.0	0.0	0.0	0.0	0.0	0.0	0.0	275.0	0.0	11.0	21.0	0.0	0.0	0.0	0.0	0.0	0.0	0.0	57.0	0.0	2.0	0.0	0.0	0.0	0.0	0.0	0.0	0.0	0.0	4.0	0.0	0.0	0.0	0.0	0.0	0.0	0.0	0.0	0.0	26.0	0.0	0.0	3.0	4.0	0.0	0.0	0.0	0.0	0.0	0.0	0.0	0.0	0.0	0.0	0.0	0.0	0.0	0.0	0.0	0.0	0.0	0.0	0.0	0.0	0.0	0.0	53.0	0.0	32.0	0.0	0.0	0.0	0.0	0.0	28.0	0.0	0.0	0.0	0.0	7.0	0.0	0.0	0.0	0.0	0.0	0.0	0.0	0.0	0.0	0.0	20.0	8.0	0.0	0.0	0.0	0.0	121.0	62.0	0.0	0.0	35.0	0.0	0.0	0.0	0.0	0.0	0.0	0.0	0.0	0.0	24.0	6.0	5.0	18.0	0.0	0.0	0.0	0.0	0.0	0.0	0.0	0.0	0.0	0.0	0.0	0.0	0.0	0.0	0.0	0.0	8.0	0.0	0.0	0.0	0.0	0.0	0.0	33.0	13.0	0.0	0.0	11.0	0.0	0.0	37.0	0.0	0.0	0.0	6.0	0.0	0.0	0.0	0.0	0.0	19.0	0.0	29.0	0.0	0.0	13.0	28.0	33.0	47.0	109.0	0.0	0.0	0.0	0.0	18.0	0.0	0.0	0.0	0.0	0.0	0.0	0.0	0.0	71.0	0.0	0.0	0.0	0.0	0.0	0.0	22.0	0.0	0.0	0.0	0.0	72.0	16.0	0.0	0.0	16.0	0.0	0.0	0.0	0.0	35.0	0.0	0.0	19.0	0.0	32.0	0.0	0.0	0.0	0.0	0.0	0.0	0.0	0.0	0.0	0.0	0.0	0.0	0.0	0.0	73.0	0.0	0.0	0.0	0.0	0.0	0.0	0.0	43.0	16.0	0.0	0.0	0.0	0.0	0.0	0.0	23.0	0.0	0.0	0.0	0.0	10.0	0.0	0.0	0.0	0.0	0.0	0.0	0.0	0.0	21.0	0.0	0.0	0.0	11.0	0.0	0.0	19.0	0.0	13.0	1.0	0.0	0.0	0.0	0.0	0.0	0.0	0.0	0.0	0.0	0.0	0.0	0.0	0.0	0.0	0.0	0.0	0.0	0.0	52.0	0.0	0.0	0.0	0.0	0.0	0.0	20.0	0.0	13.0	0.0	173.0	0.0	0.0	0.0	0.0	30.0	0.0	0.0	3.0	0.0	0.0	0.0	0.0	0.0	0.0	50.0	0.0	0.0	0.0	0.0	0.0	0.0	0.0	0.0	0.0	0.0	15.0	0.0	19.0	0.0	0.0	63.0	0.0	0.0	0.0	0.0	53.0	0.0	0.0	0.0	0.0	49.0	0.0	0.0	0.0	0.0	0.0	0.0	0.0	0.0	0.0	0.0	0.0	0.0	23.0	0.0	13.0	0.0	0.0	0.0	0.0	0.0	0.0	0.0	0.0	0.0	0.0	0.0	0.0	2.0	0.0	24.0	0.0	0.0	0.0	0.0	0.0	0.0	0.0	0.0	0.0	0.0	0.0	0.0	0.0	0.0	0.0	0.0	0.0	57.0	0.0	0.0	0.0	0.0	0.0	0.0	0.0	0.0	0.0	0.0	0.0	7.0	0.0	0.0	0.0	0.0	0.0	0.0	0.0	23.0	0.0	0.0	27.0	0.0	0.0	0.0	0.0	0.0	0.0	0.0	0.0	0.0	0.0	0.0	0.0	0.0	0.0	0.0	38.0	0.0	0.0	0.0	0.0	0.0	0.0	0.0	44.0	0.0	0.0	79.0	0.0	21.0	0.0	0.0	0.0	0.0	0.0	0.0	0.0	0.0	29.0	0.0	0.0	3.0	0.0	0.0	0.0	0.0	0.0	0.0	0.0	0.0	0.0	0.0	0.0	0.0	29.0	8.0	0.0	47.0	0.0	0.0	28.0	0.0	0.0	0.0	0.0
g__Faecalibacterium (2)	0.0	0.0	0.0	455.0	29.0	6.0	466.0	416.0	0.0	2598.0	152.0	80.0	0.0	0.0	0.0	0.0	73.0	0.0	160.0	287.0	16.0	82.0	0.0	36.0	838.0	194.0	233.0	16.0	52.0	0.0	0.0	0.0	23.0	375.0	0.0	0.0	34.0	0.0	11.0	685.0	0.0	0.0	993.0	53.0	0.0	0.0	0.0	10.0	55.0	0.0	86.0	130.0	0.0	219.0	325.0	0.0	20.0	177.0	36.0	0.0	33.0	16.0	0.0	0.0	168.0	117.0	305.0	0.0	124.0	34.0	143.0	0.0	101.0	26.0	0.0	354.0	0.0	0.0	283.0	915.0	0.0	289.0	0.0	8.0	74.0	1.0	375.0	1290.0	49.0	1323.0	21.0	0.0	318.0	1781.0	102.0	0.0	0.0	14.0	3.0	0.0	0.0	0.0	0.0	119.0	2.0	20.0	152.0	204.0	220.0	144.0	2.0	0.0	0.0	0.0	14.0	103.0	2006.0	263.0	89.0	76.0	0.0	31.0	385.0	41.0	25.0	117.0	2.0	745.0	84.0	540.0	86.0	30.0	1.0	99.0	1929.0	125.0	0.0	120.0	98.0	163.0	0.0	0.0	0.0	286.0	0.0	564.0	149.0	702.0	376.0	0.0	705.0	264.0	5.0	13.0	0.0	598.0	170.0	0.0	4.0	321.0	48.0	175.0	348.0	5.0	0.0	0.0	50.0	236.0	315.0	3.0	21.0	416.0	42.0	0.0	475.0	162.0	0.0	11.0	40.0	103.0	436.0	30.0	0.0	0.0	0.0	131.0	264.0	35.0	1363.0	0.0	176.0	0.0	0.0	582.0	0.0	962.0	386.0	171.0	0.0	0.0	23.0	0.0	85.0	53.0	0.0	123.0	330.0	0.0	69.0	30.0	0.0	0.0	0.0	24.0	0.0	172.0	15.0	13.0	0.0	362.0	159.0	6.0	116.0	0.0	0.0	0.0	3.0	0.0	0.0	0.0	288.0	36.0	8.0	683.0	8.0	230.0	236.0	456.0	167.0	0.0	99.0	270.0	222.0	553.0	219.0	11.0	0.0	476.0	333.0	0.0	0.0	0.0	249.0	59.0	222.0	76.0	120.0	45.0	0.0	31.0	349.0	855.0	0.0	335.0	81.0	87.0	451.0	184.0	0.0	0.0	130.0	715.0	0.0	83.0	41.0	137.0	43.0	703.0	62.0	0.0	0.0	233.0	537.0	0.0	0.0	0.0	0.0	0.0	606.0	52.0	183.0	0.0	0.0	167.0	26.0	151.0	251.0	860.0	0.0	1338.0	0.0	5.0	72.0	0.0	22.0	34.0	54.0	0.0	351.0	181.0	50.0	943.0	37.0	108.0	63.0	265.0	52.0	3.0	0.0	0.0	0.0	260.0	0.0	0.0	424.0	0.0	0.0	400.0	0.0	0.0	0.0	0.0	0.0	811.0	127.0	3.0	7.0	8.0	12.0	247.0	107.0	119.0	50.0	277.0	56.0	1.0	0.0	0.0	136.0	0.0	0.0	43.0	315.0	3.0	0.0	6.0	47.0	370.0	14.0	72.0	12.0	2532.0	68.0	59.0	32.0	173.0	156.0	695.0	95.0	189.0	0.0	1.0	75.0	91.0	0.0	22.0	0.0	190.0	246.0	0.0	0.0	0.0	131.0	1.0	74.0	321.0	1.0	0.0	2.0	0.0	0.0	92.0	0.0	20.0	31.0	94.0	85.0	0.0	0.0	1789.0	67.0	234.0	0.0	47.0	95.0	81.0	40.0	62.0	7.0	174.0	238.0	255.0	12.0	1977.0	6.0	38.0	0.0	0.0	336.0	49.0	0.0	136.0	109.0	34.0	64.0	0.0	90.0	174.0	90.0	19.0	0.0	563.0	0.0	484.0	108.0	0.0	116.0	0.0	0.0	0.0	559.0	0.0	457.0	16.0	192.0	83.0	114.0	20.0	0.0	0.0	2.0	0.0	0.0	0.0	14.0	27.0	811.0	2543.0	0.0	74.0	95.0	69.0	1032.0	29.0	69.0	0.0	2.0	0.0	173.0	0.0	0.0	320.0	263.0	48.0	111.0	114.0	3.0	0.0	305.0	0.0	89.0	0.0	2.0
g__Bittarella (1)	0.0	0.0	0.0	0.0	0.0	0.0	2.0	0.0	0.0	0.0	0.0	3.0	0.0	0.0	0.0	0.0	0.0	0.0	0.0	0.0	1.0	0.0	0.0	2.0	0.0	0.0	0.0	0.0	0.0	0.0	0.0	0.0	1.0	1.0	0.0	0.0	0.0	0.0	0.0	0.0	0.0	0.0	0.0	1.0	0.0	0.0	0.0	0.0	0.0	1.0	2.0	0.0	3.0	0.0	0.0	0.0	0.0	0.0	1.0	0.0	0.0	0.0	0.0	0.0	0.0	3.0	0.0	0.0	0.0	0.0	1.0	0.0	0.0	0.0	0.0	0.0	3.0	0.0	0.0	1.0	7.0	0.0	0.0	0.0	2.0	0.0	1.0	0.0	0.0	0.0	0.0	0.0	0.0	0.0	0.0	0.0	0.0	1.0	0.0	0.0	0.0	0.0	0.0	0.0	0.0	0.0	0.0	0.0	0.0	2.0	0.0	0.0	18.0	0.0	0.0	0.0	1.0	0.0	2.0	3.0	0.0	0.0	1.0	0.0	0.0	2.0	0.0	3.0	0.0	0.0	0.0	4.0	0.0	6.0	0.0	0.0	2.0	0.0	0.0	0.0	0.0	3.0	0.0	0.0	0.0	1.0	0.0	0.0	3.0	0.0	0.0	0.0	2.0	1.0	0.0	0.0	0.0	0.0	0.0	2.0	0.0	0.0	0.0	0.0	1.0	0.0	0.0	0.0	0.0	0.0	0.0	0.0	0.0	0.0	3.0	5.0	0.0	0.0	0.0	0.0	0.0	0.0	0.0	3.0	0.0	0.0	0.0	5.0	0.0	1.0	0.0	0.0	0.0	0.0	1.0	0.0	0.0	0.0	1.0	0.0	0.0	0.0	0.0	0.0	0.0	0.0	0.0	5.0	0.0	0.0	0.0	0.0	0.0	3.0	0.0	2.0	0.0	0.0	0.0	0.0	0.0	0.0	0.0	0.0	1.0	0.0	0.0	0.0	0.0	0.0	0.0	0.0	0.0	0.0	0.0	0.0	0.0	0.0	0.0	0.0	0.0	1.0	0.0	0.0	0.0	0.0	2.0	0.0	0.0	0.0	1.0	0.0	0.0	0.0	6.0	0.0	0.0	0.0	0.0	0.0	0.0	0.0	0.0	0.0	0.0	0.0	0.0	0.0	0.0	0.0	1.0	8.0	0.0	0.0	4.0	0.0	0.0	4.0	0.0	0.0	0.0	0.0	0.0	0.0	0.0	0.0	0.0	0.0	0.0	0.0	0.0	0.0	0.0	0.0	0.0	0.0	0.0	0.0	12.0	0.0	0.0	0.0	0.0	0.0	0.0	0.0	0.0	0.0	0.0	0.0	0.0	0.0	0.0	0.0	0.0	0.0	5.0	0.0	0.0	0.0	0.0	2.0	0.0	0.0	0.0	0.0	0.0	5.0	0.0	0.0	0.0	1.0	0.0	0.0	0.0	0.0	0.0	0.0	0.0	0.0	0.0	0.0	0.0	7.0	0.0	0.0	0.0	0.0	2.0	0.0	0.0	0.0	0.0	9.0	0.0	0.0	1.0	2.0	0.0	0.0	0.0	0.0	0.0	0.0	0.0	0.0	0.0	0.0	0.0	0.0	0.0	0.0	0.0	0.0	3.0	0.0	0.0	0.0	0.0	0.0	0.0	6.0	0.0	0.0	0.0	0.0	0.0	3.0	0.0	0.0	0.0	2.0	0.0	1.0	1.0	0.0	0.0	0.0	5.0	0.0	0.0	0.0	0.0	0.0	0.0	0.0	2.0	2.0	0.0	2.0	0.0	0.0	0.0	0.0	0.0	0.0	0.0	0.0	0.0	8.0	6.0	0.0	0.0	0.0	2.0	15.0	1.0	0.0	1.0	0.0	0.0	0.0	0.0	0.0	0.0	0.0	0.0	0.0	0.0	0.0	0.0	1.0	1.0	0.0	0.0	0.0	0.0	0.0	0.0	0.0	0.0	0.0	0.0	0.0	0.0	0.0	0.0	0.0	0.0	0.0	7.0	0.0	0.0	0.0	0.0	3.0	0.0	0.0	0.0	0.0	0.0	0.0	1.0	3.0	1.0	0.0	2.0	0.0	0.0	0.0	0.0	0.0	0.0
g__Anaerostipes (4)	0.0	0.0	0.0	0.0	0.0	0.0	41.0	0.0	0.0	0.0	129.0	0.0	0.0	0.0	0.0	0.0	0.0	0.0	0.0	0.0	0.0	0.0	0.0	63.0	3.0	0.0	0.0	0.0	0.0	0.0	0.0	0.0	0.0	0.0	0.0	0.0	0.0	2.0	0.0	0.0	0.0	0.0	0.0	0.0	0.0	0.0	0.0	0.0	0.0	6.0	0.0	48.0	0.0	0.0	0.0	0.0	9.0	0.0	11.0	0.0	2.0	0.0	0.0	0.0	0.0	0.0	0.0	0.0	21.0	0.0	0.0	69.0	35.0	0.0	0.0	17.0	127.0	0.0	0.0	0.0	0.0	0.0	0.0	0.0	0.0	0.0	0.0	0.0	0.0	0.0	0.0	0.0	0.0	0.0	0.0	0.0	0.0	14.0	0.0	0.0	0.0	0.0	0.0	0.0	0.0	0.0	37.0	0.0	0.0	0.0	0.0	0.0	0.0	0.0	0.0	0.0	0.0	13.0	0.0	0.0	0.0	0.0	0.0	0.0	0.0	0.0	0.0	0.0	0.0	116.0	45.0	0.0	0.0	0.0	0.0	0.0	0.0	85.0	0.0	0.0	0.0	0.0	133.0	0.0	0.0	0.0	69.0	0.0	6.0	0.0	0.0	0.0	0.0	0.0	0.0	19.0	0.0	0.0	0.0	0.0	0.0	0.0	0.0	0.0	0.0	0.0	0.0	0.0	20.0	0.0	0.0	0.0	0.0	0.0	0.0	0.0	0.0	0.0	0.0	0.0	0.0	62.0	0.0	0.0	0.0	71.0	0.0	24.0	0.0	0.0	0.0	0.0	0.0	0.0	0.0	0.0	0.0	0.0	0.0	0.0	0.0	0.0	0.0	409.0	0.0	0.0	0.0	0.0	0.0	0.0	0.0	0.0	0.0	0.0	0.0	0.0	0.0	160.0	0.0	0.0	0.0	0.0	0.0	0.0	0.0	0.0	25.0	0.0	0.0	0.0	0.0	0.0	0.0	0.0	74.0	0.0	11.0	0.0	0.0	0.0	0.0	0.0	0.0	0.0	0.0	0.0	0.0	0.0	20.0	0.0	0.0	0.0	0.0	0.0	0.0	52.0	0.0	0.0	0.0	0.0	0.0	0.0	0.0	0.0	0.0	0.0	41.0	0.0	0.0	0.0	0.0	0.0	0.0	0.0	0.0	0.0	0.0	0.0	9.0	0.0	0.0	0.0	0.0	0.0	0.0	0.0	0.0	0.0	0.0	0.0	0.0	0.0	0.0	30.0	11.0	0.0	0.0	0.0	0.0	0.0	0.0	0.0	0.0	0.0	0.0	0.0	0.0	0.0	0.0	0.0	0.0	0.0	0.0	0.0	46.0	0.0	0.0	0.0	0.0	0.0	0.0	13.0	0.0	0.0	0.0	0.0	0.0	48.0	0.0	0.0	0.0	0.0	0.0	0.0	0.0	0.0	0.0	0.0	0.0	0.0	0.0	0.0	34.0	0.0	0.0	0.0	0.0	38.0	36.0	0.0	0.0	0.0	0.0	0.0	0.0	0.0	0.0	0.0	0.0	0.0	0.0	0.0	0.0	0.0	0.0	0.0	73.0	33.0	0.0	124.0	0.0	0.0	0.0	99.0	0.0	0.0	0.0	0.0	0.0	0.0	0.0	0.0	0.0	0.0	0.0	0.0	0.0	0.0	0.0	0.0	31.0	0.0	34.0	0.0	0.0	0.0	0.0	0.0	1.0	0.0	0.0	0.0	0.0	0.0	0.0	0.0	39.0	0.0	0.0	0.0	3.0	32.0	0.0	0.0	0.0	0.0	0.0	0.0	32.0	0.0	0.0	0.0	178.0	0.0	24.0	2.0	0.0	0.0	0.0	6.0	0.0	0.0	97.0	0.0	0.0	0.0	0.0	0.0	0.0	0.0	0.0	0.0	0.0	0.0	0.0	68.0	0.0	0.0	0.0	0.0	0.0	0.0	0.0	0.0	0.0	0.0	0.0	0.0	0.0	0.0	0.0	0.0	0.0	686.0	42.0	0.0	0.0	0.0	0.0	176.0	0.0	0.0	324.0	0.0	0.0	0.0	0.0	0.0	0.0	0.0	0.0	0.0	0.0
d__Bacteria (3)	0.0	0.0	0.0	0.0	8.0	0.0	26.0	0.0	9.0	10.0	0.0	0.0	2.0	0.0	0.0	0.0	45.0	0.0	0.0	19.0	0.0	2.0	0.0	14.0	7.0	0.0	0.0	0.0	0.0	0.0	0.0	0.0	55.0	0.0	0.0	0.0	4.0	0.0	25.0	67.0	0.0	47.0	0.0	1.0	0.0	0.0	0.0	20.0	2.0	14.0	36.0	52.0	90.0	30.0	30.0	0.0	0.0	12.0	1.0	0.0	22.0	0.0	0.0	0.0	0.0	3.0	0.0	0.0	0.0	0.0	34.0	0.0	6.0	22.0	131.0	0.0	0.0	0.0	0.0	0.0	11.0	0.0	20.0	0.0	0.0	0.0	28.0	0.0	0.0	0.0	72.0	0.0	10.0	0.0	5.0	0.0	0.0	6.0	45.0	0.0	0.0	0.0	1.0	31.0	0.0	0.0	0.0	0.0	2.0	10.0	42.0	0.0	0.0	0.0	0.0	0.0	0.0	0.0	3.0	14.0	10.0	0.0	20.0	0.0	0.0	29.0	0.0	71.0	25.0	0.0	66.0	0.0	0.0	0.0	1.0	1.0	0.0	8.0	0.0	6.0	0.0	0.0	0.0	0.0	0.0	18.0	4.0	0.0	2.0	0.0	0.0	17.0	11.0	0.0	3.0	9.0	0.0	0.0	0.0	29.0	0.0	0.0	55.0	0.0	0.0	0.0	0.0	7.0	11.0	0.0	0.0	11.0	42.0	0.0	7.0	36.0	0.0	3.0	11.0	15.0	0.0	8.0	18.0	70.0	0.0	2.0	38.0	37.0	62.0	24.0	10.0	0.0	0.0	6.0	38.0	21.0	21.0	0.0	18.0	0.0	13.0	13.0	14.0	0.0	0.0	0.0	5.0	0.0	3.0	0.0	0.0	0.0	0.0	8.0	0.0	25.0	2.0	0.0	25.0	12.0	16.0	0.0	0.0	0.0	0.0	1.0	0.0	89.0	36.0	0.0	0.0	42.0	0.0	6.0	21.0	0.0	0.0	0.0	0.0	0.0	0.0	0.0	0.0	0.0	0.0	13.0	3.0	0.0	0.0	0.0	14.0	0.0	16.0	0.0	0.0	0.0	0.0	0.0	0.0	8.0	0.0	12.0	0.0	9.0	8.0	0.0	0.0	1.0	0.0	0.0	22.0	12.0	0.0	30.0	25.0	0.0	130.0	0.0	0.0	56.0	0.0	18.0	1.0	0.0	0.0	0.0	0.0	0.0	0.0	34.0	28.0	0.0	0.0	0.0	10.0	0.0	13.0	81.0	0.0	0.0	0.0	0.0	0.0	0.0	2.0	30.0	7.0	0.0	60.0	0.0	35.0	0.0	29.0	7.0	19.0	0.0	0.0	0.0	43.0	0.0	0.0	19.0	166.0	0.0	0.0	25.0	38.0	0.0	0.0	0.0	0.0	42.0	45.0	0.0	7.0	99.0	0.0	15.0	120.0	19.0	15.0	0.0	0.0	0.0	0.0	0.0	26.0	29.0	12.0	0.0	0.0	0.0	0.0	9.0	0.0	0.0	7.0	8.0	0.0	8.0	8.0	0.0	22.0	9.0	0.0	0.0	7.0	3.0	2.0	0.0	0.0	0.0	0.0	8.0	44.0	28.0	0.0	0.0	0.0	0.0	0.0	117.0	0.0	0.0	24.0	0.0	24.0	0.0	0.0	0.0	0.0	69.0	10.0	66.0	20.0	0.0	9.0	0.0	0.0	0.0	71.0	0.0	18.0	0.0	0.0	0.0	68.0	43.0	85.0	11.0	12.0	0.0	0.0	0.0	0.0	21.0	0.0	0.0	1.0	0.0	0.0	1.0	3.0	0.0	0.0	0.0	76.0	0.0	46.0	24.0	0.0	0.0	0.0	0.0	3.0	0.0	0.0	0.0	0.0	0.0	66.0	0.0	0.0	0.0	13.0	12.0	0.0	16.0	3.0	0.0	0.0	8.0	40.0	0.0	2.0	0.0	0.0	1.0	0.0	48.0	26.0	0.0	0.0	66.0	0.0	0.0	0.0	0.0	15.0	0.0	0.0	0.0	37.0	0.0	2.0	9.0	32.0	8.0	17.0	9.0	7.0	9.0	0.0
s__Agathobaculum ammoniilyticum (1)	0.0	0.0	0.0	0.0	0.0	0.0	0.0	0.0	0.0	0.0	0.0	5.0	0.0	0.0	3.0	0.0	0.0	0.0	0.0	0.0	0.0	0.0	0.0	0.0	0.0	0.0	0.0	0.0	0.0	0.0	0.0	0.0	0.0	0.0	0.0	0.0	0.0	0.0	0.0	0.0	0.0	13.0	0.0	1.0	0.0	0.0	0.0	0.0	0.0	0.0	0.0	0.0	0.0	1.0	0.0	0.0	0.0	0.0	1.0	0.0	0.0	0.0	0.0	0.0	0.0	2.0	0.0	0.0	1.0	0.0	0.0	0.0	0.0	0.0	0.0	2.0	1.0	0.0	0.0	0.0	0.0	0.0	0.0	0.0	0.0	0.0	0.0	2.0	0.0	0.0	22.0	0.0	0.0	0.0	0.0	0.0	0.0	0.0	0.0	0.0	0.0	0.0	0.0	0.0	0.0	0.0	0.0	0.0	0.0	0.0	0.0	0.0	0.0	0.0	0.0	0.0	0.0	0.0	0.0	0.0	0.0	0.0	0.0	5.0	0.0	0.0	0.0	0.0	2.0	0.0	1.0	1.0	0.0	0.0	0.0	0.0	0.0	0.0	0.0	0.0	0.0	0.0	0.0	4.0	0.0	3.0	0.0	0.0	0.0	0.0	0.0	0.0	2.0	2.0	0.0	0.0	0.0	0.0	0.0	0.0	0.0	0.0	0.0	0.0	0.0	0.0	0.0	0.0	0.0	0.0	0.0	0.0	0.0	0.0	0.0	0.0	0.0	0.0	0.0	0.0	0.0	0.0	0.0	4.0	0.0	0.0	0.0	0.0	15.0	6.0	0.0	0.0	0.0	0.0	0.0	0.0	0.0	0.0	0.0	0.0	0.0	0.0	1.0	8.0	0.0	0.0	0.0	0.0	0.0	0.0	0.0	0.0	0.0	0.0	0.0	6.0	0.0	0.0	9.0	1.0	1.0	0.0	0.0	0.0	0.0	9.0	2.0	0.0	0.0	0.0	3.0	0.0	0.0	0.0	0.0	0.0	0.0	0.0	0.0	0.0	0.0	0.0	0.0	0.0	0.0	0.0	0.0	0.0	0.0	0.0	0.0	0.0	0.0	0.0	0.0	0.0	1.0	0.0	0.0	0.0	0.0	1.0	0.0	1.0	0.0	0.0	8.0	0.0	0.0	0.0	0.0	0.0	0.0	0.0	0.0	0.0	0.0	0.0	0.0	0.0	0.0	0.0	0.0	0.0	0.0	0.0	0.0	0.0	0.0	0.0	0.0	0.0	17.0	0.0	0.0	0.0	0.0	0.0	0.0	0.0	0.0	0.0	0.0	0.0	0.0	0.0	0.0	0.0	0.0	0.0	0.0	0.0	4.0	0.0	0.0	0.0	0.0	0.0	0.0	0.0	0.0	0.0	0.0	0.0	0.0	0.0	0.0	0.0	0.0	0.0	0.0	0.0	0.0	0.0	0.0	0.0	0.0	0.0	0.0	1.0	0.0	0.0	0.0	5.0	0.0	0.0	0.0	0.0	0.0	0.0	0.0	0.0	0.0	0.0	0.0	0.0	0.0	3.0	0.0	0.0	0.0	0.0	7.0	0.0	0.0	0.0	0.0	0.0	2.0	0.0	0.0	0.0	3.0	0.0	0.0	0.0	0.0	0.0	2.0	0.0	0.0	4.0	0.0	0.0	0.0	0.0	0.0	0.0	0.0	0.0	0.0	0.0	0.0	0.0	0.0	0.0	0.0	0.0	0.0	12.0	0.0	0.0	0.0	0.0	0.0	0.0	0.0	0.0	0.0	0.0	0.0	0.0	0.0	0.0	0.0	0.0	0.0	0.0	0.0	1.0	0.0	0.0	0.0	0.0	0.0	0.0	6.0	0.0	0.0	0.0	0.0	0.0	0.0	4.0	0.0	0.0	0.0	0.0	0.0	0.0	0.0	3.0	0.0	0.0	0.0	0.0	5.0	0.0	0.0	0.0	0.0	0.0	0.0	0.0	0.0	0.0	0.0	0.0	0.0	0.0	1.0	0.0	0.0	0.0	0.0	0.0	0.0	0.0	0.0	0.0	0.0	0.0	0.0	1.0	0.0	0.0	0.0	0.0	0.0	0.0	0.0	0.0	0.0
s__Agathobaculum butyriciproducens (1)	40.0	0.0	0.0	58.0	44.0	0.0	9.0	0.0	19.0	0.0	44.0	0.0	0.0	0.0	22.0	0.0	39.0	21.0	0.0	22.0	13.0	40.0	0.0	18.0	0.0	0.0	31.0	0.0	0.0	0.0	0.0	0.0	19.0	13.0	0.0	0.0	0.0	0.0	18.0	0.0	0.0	0.0	39.0	0.0	0.0	0.0	22.0	0.0	0.0	31.0	0.0	0.0	0.0	3.0	0.0	0.0	0.0	7.0	37.0	36.0	7.0	1.0	0.0	5.0	0.0	23.0	24.0	0.0	26.0	3.0	69.0	0.0	0.0	15.0	46.0	14.0	0.0	0.0	11.0	0.0	0.0	16.0	0.0	1.0	17.0	0.0	8.0	0.0	0.0	0.0	0.0	0.0	0.0	1.0	0.0	0.0	0.0	8.0	0.0	54.0	17.0	0.0	16.0	6.0	0.0	56.0	60.0	53.0	0.0	0.0	0.0	0.0	25.0	0.0	0.0	14.0	19.0	0.0	13.0	0.0	22.0	42.0	35.0	0.0	38.0	166.0	0.0	12.0	16.0	8.0	15.0	111.0	0.0	28.0	35.0	23.0	0.0	26.0	13.0	0.0	0.0	0.0	27.0	0.0	0.0	0.0	13.0	0.0	23.0	0.0	0.0	0.0	22.0	14.0	0.0	13.0	0.0	0.0	0.0	32.0	0.0	0.0	15.0	0.0	0.0	0.0	5.0	38.0	16.0	0.0	10.0	29.0	24.0	0.0	0.0	27.0	0.0	11.0	44.0	26.0	0.0	15.0	36.0	0.0	57.0	113.0	61.0	0.0	0.0	0.0	4.0	0.0	0.0	0.0	0.0	0.0	0.0	62.0	43.0	0.0	32.0	5.0	0.0	0.0	0.0	0.0	0.0	15.0	0.0	0.0	18.0	5.0	23.0	26.0	0.0	12.0	0.0	0.0	9.0	29.0	0.0	0.0	20.0	0.0	0.0	0.0	26.0	0.0	0.0	0.0	17.0	0.0	0.0	12.0	16.0	11.0	0.0	3.0	0.0	0.0	51.0	20.0	44.0	31.0	8.0	0.0	5.0	0.0	25.0	0.0	53.0	0.0	7.0	0.0	0.0	24.0	6.0	11.0	0.0	11.0	0.0	30.0	0.0	0.0	0.0	0.0	18.0	0.0	0.0	0.0	27.0	0.0	0.0	8.0	0.0	34.0	0.0	33.0	21.0	0.0	0.0	0.0	16.0	0.0	0.0	0.0	0.0	0.0	0.0	40.0	0.0	12.0	0.0	38.0	29.0	16.0	15.0	0.0	0.0	0.0	0.0	223.0	24.0	40.0	10.0	0.0	0.0	0.0	19.0	18.0	33.0	11.0	0.0	0.0	22.0	0.0	49.0	0.0	0.0	0.0	0.0	30.0	123.0	0.0	7.0	0.0	0.0	20.0	0.0	0.0	0.0	0.0	0.0	0.0	13.0	0.0	0.0	17.0	58.0	0.0	21.0	0.0	0.0	20.0	0.0	0.0	5.0	43.0	24.0	0.0	0.0	13.0	0.0	0.0	252.0	7.0	61.0	12.0	34.0	8.0	9.0	0.0	9.0	14.0	0.0	22.0	17.0	0.0	59.0	21.0	0.0	5.0	32.0	17.0	21.0	7.0	0.0	36.0	11.0	0.0	0.0	25.0	18.0	0.0	23.0	27.0	65.0	0.0	0.0	14.0	0.0	0.0	36.0	30.0	36.0	0.0	28.0	0.0	26.0	0.0	17.0	0.0	4.0	22.0	8.0	0.0	0.0	42.0	0.0	29.0	28.0	0.0	28.0	0.0	0.0	13.0	4.0	12.0	30.0	8.0	10.0	40.0	0.0	80.0	0.0	11.0	11.0	36.0	0.0	21.0	0.0	0.0	0.0	14.0	25.0	0.0	17.0	0.0	0.0	0.0	0.0	0.0	16.0	0.0	5.0	10.0	25.0	28.0	0.0	0.0	0.0	0.0	17.0	0.0	0.0	0.0	0.0	4.0	0.0	0.0	78.0	0.0	39.0	0.0	11.0	0.0	0.0	0.0	0.0	0.0	0.0	36.0	0.0	0.0	8.0	0.0	10.0	0.0	0.0	0.0	23.0	38.0	0.0
s__Agathobaculum butyriciproducens (2)	0.0	0.0	0.0	0.0	5.0	0.0	0.0	0.0	0.0	0.0	7.0	0.0	3.0	0.0	0.0	0.0	0.0	0.0	22.0	0.0	0.0	27.0	0.0	7.0	5.0	0.0	0.0	12.0	18.0	33.0	0.0	0.0	5.0	26.0	0.0	0.0	0.0	0.0	0.0	0.0	0.0	58.0	0.0	0.0	0.0	0.0	0.0	0.0	0.0	0.0	0.0	0.0	0.0	0.0	0.0	0.0	0.0	0.0	0.0	0.0	0.0	0.0	0.0	0.0	0.0	0.0	0.0	0.0	0.0	0.0	0.0	0.0	0.0	0.0	0.0	0.0	0.0	0.0	14.0	0.0	0.0	0.0	0.0	0.0	0.0	0.0	0.0	0.0	27.0	4.0	9.0	0.0	0.0	8.0	0.0	0.0	0.0	0.0	0.0	0.0	0.0	0.0	0.0	0.0	0.0	0.0	0.0	8.0	25.0	0.0	0.0	0.0	0.0	0.0	0.0	0.0	44.0	0.0	12.0	0.0	5.0	0.0	0.0	0.0	14.0	34.0	0.0	0.0	0.0	15.0	14.0	27.0	0.0	0.0	0.0	0.0	0.0	0.0	0.0	53.0	0.0	0.0	0.0	0.0	0.0	8.0	0.0	0.0	0.0	0.0	0.0	8.0	0.0	0.0	0.0	0.0	9.0	0.0	0.0	0.0	0.0	0.0	0.0	0.0	0.0	0.0	0.0	0.0	0.0	0.0	0.0	0.0	0.0	0.0	29.0	0.0	0.0	0.0	0.0	0.0	34.0	0.0	0.0	1.0	10.0	0.0	41.0	0.0	0.0	31.0	0.0	0.0	0.0	0.0	0.0	0.0	13.0	0.0	0.0	0.0	17.0	0.0	0.0	69.0	0.0	0.0	0.0	0.0	9.0	13.0	0.0	0.0	0.0	0.0	0.0	11.0	0.0	0.0	0.0	0.0	6.0	14.0	0.0	0.0	0.0	0.0	0.0	0.0	0.0	0.0	0.0	0.0	0.0	13.0	22.0	0.0	17.0	10.0	12.0	0.0	29.0	6.0	9.0	23.0	0.0	11.0	0.0	0.0	0.0	0.0	10.0	0.0	12.0	2.0	15.0	22.0	0.0	0.0	0.0	11.0	0.0	0.0	0.0	0.0	11.0	17.0	0.0	0.0	6.0	0.0	11.0	0.0	0.0	0.0	0.0	18.0	0.0	0.0	0.0	20.0	0.0	0.0	0.0	0.0	0.0	0.0	0.0	0.0	0.0	10.0	0.0	0.0	0.0	0.0	0.0	0.0	0.0	0.0	0.0	0.0	0.0	0.0	0.0	18.0	0.0	0.0	7.0	0.0	0.0	81.0	5.0	0.0	16.0	0.0	28.0	0.0	18.0	0.0	0.0	0.0	0.0	0.0	29.0	0.0	0.0	0.0	0.0	0.0	0.0	0.0	0.0	0.0	0.0	0.0	13.0	0.0	0.0	0.0	0.0	0.0	0.0	7.0	0.0	0.0	24.0	0.0	0.0	0.0	0.0	0.0	0.0	14.0	0.0	0.0	0.0	11.0	0.0	2.0	0.0	0.0	10.0	0.0	0.0	51.0	16.0	13.0	0.0	0.0	0.0	0.0	0.0	0.0	0.0	11.0	0.0	0.0	0.0	78.0	0.0	0.0	0.0	0.0	0.0	0.0	0.0	17.0	0.0	0.0	0.0	0.0	0.0	0.0	0.0	10.0	0.0	0.0	13.0	0.0	57.0	0.0	16.0	8.0	0.0	9.0	0.0	12.0	0.0	13.0	22.0	0.0	0.0	0.0	10.0	0.0	0.0	0.0	0.0	0.0	16.0	23.0	0.0	0.0	0.0	0.0	0.0	0.0	10.0	0.0	0.0	9.0	14.0	0.0	0.0	4.0	0.0	0.0	4.0	0.0	0.0	0.0	0.0	0.0	0.0	0.0	0.0	0.0	0.0	0.0	0.0	0.0	0.0	0.0	0.0	0.0	0.0	0.0	8.0	0.0	0.0	6.0	0.0	0.0	0.0	0.0	0.0	0.0	0.0	0.0	0.0	0.0	0.0	10.0	0.0	14.0	0.0	0.0	0.0	0.0	0.0	0.0	14.0	50.0	0.0
s__Agathobaculum butyriciproducens (3)	0.0	0.0	0.0	0.0	9.0	0.0	0.0	0.0	0.0	0.0	0.0	0.0	0.0	0.0	44.0	0.0	25.0	0.0	0.0	0.0	0.0	0.0	0.0	0.0	0.0	11.0	0.0	0.0	0.0	0.0	0.0	0.0	0.0	0.0	0.0	0.0	0.0	0.0	0.0	0.0	0.0	0.0	0.0	0.0	0.0	0.0	0.0	0.0	0.0	0.0	0.0	0.0	0.0	0.0	0.0	0.0	0.0	0.0	12.0	0.0	0.0	0.0	0.0	0.0	0.0	0.0	0.0	0.0	0.0	0.0	0.0	0.0	0.0	0.0	0.0	1.0	0.0	0.0	0.0	0.0	0.0	5.0	0.0	0.0	0.0	0.0	0.0	0.0	0.0	6.0	0.0	0.0	0.0	0.0	0.0	0.0	0.0	0.0	0.0	0.0	0.0	0.0	0.0	0.0	0.0	0.0	0.0	0.0	0.0	18.0	0.0	0.0	9.0	0.0	0.0	0.0	0.0	17.0	0.0	0.0	0.0	0.0	0.0	0.0	0.0	0.0	0.0	0.0	7.0	0.0	0.0	0.0	0.0	15.0	0.0	0.0	0.0	0.0	0.0	22.0	0.0	0.0	0.0	0.0	0.0	13.0	0.0	0.0	16.0	0.0	0.0	0.0	7.0	5.0	0.0	0.0	0.0	0.0	0.0	0.0	0.0	0.0	0.0	0.0	0.0	0.0	0.0	0.0	0.0	0.0	22.0	0.0	0.0	0.0	19.0	0.0	0.0	4.0	0.0	0.0	38.0	15.0	0.0	0.0	0.0	17.0	0.0	0.0	0.0	8.0	0.0	0.0	0.0	0.0	0.0	0.0	0.0	0.0	0.0	0.0	0.0	18.0	0.0	15.0	0.0	0.0	0.0	0.0	9.0	0.0	0.0	0.0	0.0	0.0	0.0	0.0	20.0	18.0	0.0	5.0	25.0	5.0	0.0	0.0	0.0	0.0	0.0	0.0	0.0	0.0	0.0	0.0	0.0	0.0	0.0	0.0	12.0	7.0	0.0	0.0	0.0	0.0	0.0	0.0	0.0	0.0	0.0	0.0	0.0	0.0	0.0	0.0	7.0	0.0	0.0	0.0	0.0	0.0	0.0	12.0	0.0	0.0	0.0	0.0	0.0	0.0	0.0	0.0	0.0	0.0	9.0	0.0	0.0	0.0	0.0	0.0	0.0	0.0	0.0	0.0	0.0	0.0	0.0	0.0	0.0	0.0	0.0	0.0	0.0	0.0	0.0	0.0	0.0	0.0	0.0	0.0	0.0	0.0	0.0	0.0	0.0	0.0	0.0	0.0	0.0	0.0	0.0	0.0	0.0	0.0	6.0	0.0	0.0	0.0	0.0	0.0	0.0	0.0	0.0	0.0	0.0	0.0	0.0	0.0	0.0	0.0	0.0	0.0	0.0	0.0	0.0	0.0	0.0	0.0	0.0	0.0	0.0	0.0	0.0	0.0	0.0	0.0	0.0	0.0	0.0	0.0	0.0	0.0	0.0	0.0	0.0	0.0	38.0	0.0	0.0	0.0	31.0	0.0	0.0	0.0	0.0	0.0	0.0	0.0	0.0	6.0	0.0	0.0	0.0	0.0	0.0	0.0	6.0	0.0	0.0	0.0	0.0	0.0	0.0	0.0	0.0	0.0	0.0	0.0	0.0	0.0	0.0	0.0	0.0	0.0	0.0	0.0	0.0	0.0	0.0	9.0	0.0	0.0	17.0	0.0	0.0	23.0	0.0	0.0	0.0	0.0	0.0	0.0	0.0	0.0	0.0	0.0	9.0	0.0	0.0	0.0	0.0	0.0	0.0	0.0	0.0	0.0	0.0	27.0	0.0	1.0	0.0	0.0	0.0	0.0	0.0	0.0	0.0	0.0	0.0	0.0	0.0	0.0	0.0	0.0	0.0	0.0	0.0	0.0	0.0	0.0	0.0	0.0	0.0	0.0	0.0	0.0	0.0	0.0	0.0	8.0	0.0	0.0	0.0	12.0	0.0	0.0	15.0	0.0	0.0	7.0	0.0	0.0	0.0	0.0	0.0	16.0	0.0	0.0	0.0	0.0	0.0	0.0	0.0	0.0	0.0	0.0	0.0
s__Agathobaculum butyriciproducens (4)	20.0	0.0	0.0	0.0	2.0	0.0	0.0	10.0	6.0	0.0	22.0	0.0	0.0	0.0	9.0	0.0	16.0	0.0	0.0	0.0	0.0	0.0	0.0	0.0	0.0	0.0	0.0	0.0	0.0	0.0	0.0	0.0	0.0	15.0	0.0	0.0	0.0	0.0	0.0	0.0	0.0	0.0	0.0	23.0	0.0	0.0	0.0	0.0	0.0	14.0	0.0	0.0	0.0	7.0	0.0	0.0	0.0	0.0	0.0	8.0	1.0	0.0	0.0	0.0	0.0	0.0	0.0	0.0	4.0	0.0	22.0	0.0	0.0	0.0	0.0	0.0	0.0	0.0	0.0	0.0	0.0	10.0	0.0	0.0	0.0	0.0	4.0	0.0	0.0	0.0	0.0	0.0	0.0	0.0	0.0	0.0	0.0	0.0	0.0	0.0	0.0	0.0	0.0	0.0	0.0	0.0	0.0	18.0	0.0	0.0	0.0	0.0	0.0	0.0	0.0	0.0	0.0	3.0	0.0	12.0	7.0	0.0	6.0	0.0	0.0	0.0	0.0	0.0	0.0	0.0	0.0	0.0	0.0	22.0	7.0	7.0	0.0	8.0	7.0	0.0	0.0	0.0	0.0	0.0	0.0	0.0	0.0	0.0	0.0	0.0	0.0	0.0	0.0	0.0	0.0	0.0	0.0	0.0	0.0	0.0	0.0	0.0	0.0	0.0	0.0	0.0	0.0	13.0	0.0	0.0	0.0	0.0	0.0	28.0	0.0	7.0	0.0	0.0	0.0	0.0	0.0	37.0	0.0	0.0	6.0	0.0	8.0	1.0	0.0	0.0	0.0	0.0	0.0	0.0	43.0	0.0	0.0	0.0	0.0	0.0	0.0	0.0	0.0	0.0	0.0	0.0	0.0	0.0	0.0	0.0	0.0	0.0	0.0	0.0	0.0	3.0	0.0	0.0	0.0	0.0	0.0	0.0	4.0	0.0	0.0	0.0	0.0	0.0	0.0	0.0	0.0	0.0	0.0	0.0	0.0	0.0	0.0	0.0	0.0	0.0	1.0	0.0	0.0	0.0	0.0	0.0	0.0	0.0	0.0	0.0	0.0	0.0	0.0	0.0	0.0	0.0	0.0	0.0	0.0	0.0	0.0	0.0	0.0	0.0	0.0	0.0	0.0	0.0	0.0	0.0	0.0	0.0	0.0	0.0	0.0	0.0	0.0	0.0	0.0	0.0	0.0	0.0	5.0	0.0	0.0	0.0	0.0	0.0	0.0	0.0	11.0	0.0	0.0	0.0	0.0	0.0	0.0	0.0	0.0	0.0	0.0	0.0	0.0	4.0	0.0	0.0	0.0	0.0	0.0	0.0	0.0	0.0	0.0	0.0	0.0	0.0	0.0	0.0	0.0	0.0	0.0	0.0	27.0	0.0	0.0	0.0	0.0	0.0	0.0	0.0	0.0	0.0	0.0	0.0	0.0	0.0	0.0	0.0	0.0	0.0	0.0	0.0	0.0	21.0	0.0	0.0	0.0	4.0	9.0	0.0	0.0	0.0	0.0	0.0	0.0	0.0	0.0	5.0	0.0	0.0	2.0	0.0	0.0	0.0	0.0	0.0	0.0	0.0	0.0	0.0	0.0	0.0	0.0	0.0	0.0	0.0	0.0	0.0	2.0	0.0	3.0	5.0	0.0	0.0	0.0	0.0	17.0	0.0	0.0	0.0	0.0	0.0	0.0	0.0	0.0	0.0	0.0	0.0	0.0	0.0	9.0	0.0	0.0	0.0	0.0	0.0	0.0	0.0	0.0	0.0	0.0	0.0	0.0	0.0	0.0	10.0	0.0	0.0	0.0	0.0	0.0	1.0	0.0	0.0	0.0	6.0	0.0	0.0	0.0	0.0	6.0	0.0	0.0	3.0	0.0	0.0	18.0	0.0	0.0	0.0	0.0	0.0	0.0	0.0	0.0	0.0	7.0	0.0	23.0	0.0	0.0	0.0	0.0	0.0	0.0	0.0	0.0	0.0	0.0	0.0	0.0	0.0	0.0	0.0	0.0	0.0	0.0	0.0	0.0	0.0	0.0	0.0	0.0	0.0	0.0	37.0	0.0	0.0	0.0	0.0	0.0	0.0	0.0
s__Agathobaculum hominis (1)	0.0	0.0	0.0	0.0	0.0	0.0	0.0	0.0	0.0	0.0	0.0	49.0	0.0	0.0	0.0	0.0	0.0	0.0	0.0	6.0	0.0	0.0	0.0	0.0	1.0	0.0	0.0	0.0	5.0	0.0	0.0	0.0	0.0	0.0	0.0	0.0	0.0	0.0	0.0	46.0	0.0	0.0	0.0	0.0	0.0	0.0	0.0	0.0	0.0	0.0	0.0	0.0	0.0	7.0	0.0	0.0	0.0	1.0	0.0	0.0	0.0	0.0	0.0	0.0	0.0	0.0	18.0	0.0	0.0	0.0	0.0	0.0	0.0	0.0	0.0	0.0	0.0	0.0	0.0	0.0	0.0	0.0	0.0	0.0	0.0	0.0	0.0	0.0	0.0	0.0	0.0	0.0	0.0	0.0	0.0	0.0	0.0	1.0	0.0	0.0	0.0	0.0	0.0	0.0	0.0	0.0	0.0	0.0	0.0	8.0	0.0	0.0	0.0	0.0	6.0	0.0	0.0	2.0	6.0	4.0	0.0	0.0	0.0	1.0	0.0	0.0	0.0	0.0	0.0	0.0	27.0	0.0	0.0	0.0	0.0	18.0	0.0	14.0	0.0	0.0	0.0	0.0	0.0	0.0	0.0	0.0	0.0	19.0	0.0	0.0	5.0	26.0	0.0	0.0	0.0	29.0	26.0	0.0	0.0	2.0	22.0	0.0	8.0	0.0	0.0	0.0	0.0	0.0	1.0	0.0	3.0	0.0	0.0	0.0	0.0	0.0	0.0	3.0	0.0	0.0	0.0	0.0	0.0	0.0	0.0	0.0	0.0	0.0	29.0	0.0	11.0	0.0	0.0	0.0	0.0	0.0	0.0	0.0	0.0	0.0	0.0	0.0	2.0	0.0	0.0	0.0	21.0	25.0	0.0	20.0	0.0	0.0	0.0	14.0	0.0	0.0	0.0	0.0	3.0	0.0	0.0	0.0	0.0	0.0	0.0	0.0	0.0	0.0	0.0	0.0	0.0	0.0	0.0	0.0	0.0	0.0	1.0	0.0	0.0	0.0	0.0	0.0	0.0	0.0	15.0	0.0	0.0	0.0	0.0	0.0	9.0	0.0	5.0	0.0	0.0	0.0	0.0	2.0	0.0	0.0	0.0	0.0	0.0	0.0	4.0	0.0	0.0	0.0	0.0	0.0	0.0	0.0	0.0	0.0	0.0	0.0	0.0	0.0	18.0	0.0	0.0	16.0	0.0	0.0	0.0	0.0	0.0	0.0	0.0	0.0	0.0	0.0	0.0	0.0	0.0	0.0	0.0	0.0	0.0	0.0	0.0	0.0	0.0	0.0	6.0	0.0	15.0	0.0	0.0	0.0	0.0	5.0	0.0	0.0	0.0	0.0	0.0	0.0	0.0	0.0	0.0	13.0	0.0	0.0	38.0	0.0	0.0	0.0	0.0	0.0	0.0	0.0	2.0	0.0	0.0	0.0	0.0	0.0	0.0	0.0	0.0	6.0	0.0	0.0	1.0	0.0	0.0	0.0	55.0	0.0	0.0	0.0	0.0	0.0	0.0	0.0	0.0	0.0	0.0	0.0	16.0	42.0	16.0	0.0	12.0	0.0	0.0	0.0	0.0	0.0	0.0	0.0	24.0	0.0	0.0	0.0	0.0	0.0	0.0	0.0	0.0	0.0	0.0	0.0	0.0	0.0	0.0	0.0	0.0	0.0	0.0	22.0	0.0	0.0	0.0	0.0	0.0	0.0	0.0	0.0	0.0	0.0	0.0	10.0	0.0	0.0	0.0	0.0	49.0	0.0	0.0	0.0	0.0	0.0	0.0	0.0	1.0	0.0	0.0	0.0	0.0	0.0	0.0	0.0	0.0	0.0	0.0	0.0	0.0	0.0	0.0	0.0	0.0	0.0	0.0	0.0	0.0	0.0	0.0	0.0	0.0	0.0	0.0	0.0	0.0	0.0	0.0	17.0	0.0	0.0	0.0	0.0	0.0	0.0	0.0	0.0	14.0	0.0	0.0	0.0	0.0	0.0	0.0	1.0	1.0	0.0	0.0	0.0	0.0	0.0	0.0	0.0	0.0	8.0	0.0	0.0	0.0	0.0	0.0	0.0	16.0	0.0	0.0
s__Anaerofustis stercorihominis_A (1)	0.0	0.0	0.0	0.0	0.0	0.0	0.0	0.0	0.0	0.0	3.0	5.0	0.0	8.0	0.0	0.0	0.0	0.0	0.0	0.0	0.0	0.0	0.0	0.0	0.0	0.0	0.0	0.0	0.0	0.0	0.0	0.0	0.0	0.0	0.0	0.0	0.0	0.0	0.0	0.0	0.0	0.0	0.0	0.0	0.0	0.0	5.0	0.0	0.0	0.0	0.0	0.0	0.0	7.0	2.0	0.0	0.0	0.0	1.0	0.0	0.0	0.0	1.0	0.0	0.0	0.0	0.0	0.0	0.0	0.0	2.0	0.0	1.0	0.0	0.0	0.0	0.0	0.0	0.0	0.0	4.0	1.0	0.0	0.0	0.0	0.0	0.0	1.0	0.0	0.0	0.0	0.0	0.0	0.0	0.0	0.0	0.0	1.0	0.0	0.0	0.0	0.0	0.0	0.0	0.0	0.0	0.0	0.0	0.0	0.0	0.0	0.0	0.0	0.0	0.0	0.0	2.0	0.0	0.0	0.0	0.0	0.0	1.0	0.0	0.0	0.0	0.0	0.0	8.0	0.0	0.0	0.0	0.0	0.0	0.0	0.0	0.0	0.0	1.0	0.0	0.0	0.0	0.0	0.0	0.0	2.0	0.0	0.0	0.0	8.0	5.0	0.0	0.0	0.0	0.0	0.0	0.0	0.0	0.0	0.0	1.0	0.0	0.0	0.0	0.0	0.0	0.0	0.0	0.0	0.0	0.0	0.0	0.0	0.0	1.0	0.0	0.0	0.0	0.0	0.0	0.0	0.0	0.0	0.0	0.0	0.0	0.0	0.0	22.0	0.0	0.0	0.0	0.0	0.0	8.0	0.0	0.0	0.0	0.0	0.0	0.0	0.0	0.0	0.0	0.0	0.0	0.0	0.0	0.0	0.0	0.0	0.0	0.0	0.0	0.0	1.0	0.0	0.0	0.0	0.0	0.0	0.0	0.0	2.0	0.0	0.0	0.0	0.0	0.0	0.0	0.0	0.0	0.0	0.0	0.0	0.0	0.0	0.0	0.0	0.0	0.0	0.0	0.0	3.0	0.0	0.0	0.0	0.0	0.0	0.0	0.0	0.0	0.0	1.0	0.0	0.0	6.0	0.0	0.0	0.0	0.0	0.0	0.0	0.0	0.0	0.0	0.0	0.0	0.0	0.0	1.0	1.0	0.0	0.0	0.0	0.0	0.0	2.0	0.0	0.0	0.0	0.0	0.0	0.0	0.0	0.0	0.0	0.0	0.0	0.0	0.0	0.0	0.0	0.0	1.0	0.0	0.0	0.0	0.0	0.0	0.0	0.0	0.0	0.0	0.0	0.0	0.0	0.0	0.0	1.0	0.0	0.0	0.0	0.0	0.0	0.0	0.0	0.0	0.0	0.0	0.0	3.0	0.0	0.0	0.0	0.0	0.0	0.0	0.0	0.0	0.0	2.0	0.0	0.0	0.0	0.0	0.0	0.0	0.0	7.0	0.0	0.0	0.0	4.0	0.0	0.0	0.0	0.0	2.0	0.0	0.0	2.0	0.0	0.0	0.0	0.0	0.0	0.0	0.0	0.0	0.0	0.0	0.0	0.0	0.0	0.0	0.0	0.0	1.0	0.0	0.0	0.0	0.0	0.0	0.0	0.0	0.0	0.0	0.0	0.0	0.0	2.0	0.0	0.0	0.0	0.0	0.0	0.0	0.0	0.0	0.0	4.0	0.0	0.0	0.0	0.0	0.0	0.0	5.0	0.0	1.0	0.0	0.0	0.0	0.0	0.0	0.0	1.0	0.0	0.0	0.0	0.0	0.0	0.0	0.0	0.0	0.0	0.0	0.0	0.0	0.0	0.0	3.0	0.0	0.0	0.0	0.0	0.0	0.0	0.0	0.0	1.0	0.0	0.0	0.0	0.0	0.0	0.0	0.0	0.0	0.0	0.0	0.0	0.0	0.0	0.0	0.0	0.0	0.0	0.0	0.0	0.0	0.0	0.0	0.0	0.0	0.0	0.0	0.0	0.0	0.0	0.0	0.0	0.0	0.0	0.0	0.0	0.0	0.0	0.0	0.0	0.0	0.0	1.0	0.0	0.0	0.0	0.0	2.0	0.0	0.0	0.0	0.0
s__Hominilimicola fabiformis (1)	0.0	1.0	0.0	17.0	32.0	0.0	14.0	6.0	32.0	15.0	0.0	31.0	0.0	0.0	81.0	0.0	36.0	0.0	0.0	18.0	1.0	26.0	0.0	16.0	7.0	118.0	161.0	26.0	7.0	0.0	0.0	0.0	18.0	0.0	0.0	0.0	4.0	0.0	0.0	0.0	2.0	0.0	0.0	0.0	0.0	0.0	0.0	9.0	0.0	85.0	0.0	26.0	0.0	94.0	4.0	0.0	0.0	0.0	7.0	0.0	17.0	4.0	40.0	28.0	56.0	24.0	44.0	0.0	18.0	0.0	63.0	0.0	0.0	15.0	0.0	7.0	185.0	0.0	3.0	0.0	0.0	43.0	0.0	0.0	10.0	0.0	23.0	0.0	67.0	0.0	5.0	0.0	18.0	8.0	0.0	0.0	0.0	1.0	0.0	3.0	133.0	0.0	0.0	18.0	0.0	0.0	0.0	197.0	110.0	49.0	0.0	0.0	6.0	0.0	0.0	48.0	0.0	140.0	69.0	47.0	43.0	0.0	27.0	0.0	0.0	223.0	0.0	35.0	29.0	0.0	50.0	58.0	0.0	38.0	14.0	28.0	0.0	118.0	144.0	234.0	455.0	0.0	0.0	55.0	0.0	34.0	0.0	2.0	0.0	0.0	0.0	4.0	117.0	25.0	37.0	46.0	38.0	0.0	0.0	19.0	0.0	0.0	0.0	2.0	188.0	0.0	23.0	25.0	50.0	0.0	0.0	186.0	6.0	81.0	27.0	13.0	0.0	82.0	148.0	49.0	25.0	5.0	0.0	2.0	1.0	0.0	3.0	0.0	24.0	27.0	41.0	0.0	0.0	0.0	0.0	18.0	69.0	9.0	52.0	0.0	24.0	9.0	20.0	82.0	0.0	4.0	0.0	37.0	0.0	9.0	1.0	3.0	0.0	9.0	0.0	16.0	6.0	73.0	36.0	54.0	117.0	0.0	3.0	0.0	0.0	0.0	7.0	38.0	0.0	0.0	103.0	36.0	0.0	5.0	32.0	0.0	32.0	0.0	48.0	0.0	72.0	11.0	0.0	134.0	23.0	20.0	20.0	0.0	19.0	0.0	73.0	0.0	4.0	0.0	291.0	8.0	0.0	0.0	0.0	15.0	0.0	21.0	0.0	18.0	0.0	27.0	16.0	11.0	7.0	0.0	19.0	40.0	0.0	0.0	53.0	35.0	1.0	41.0	33.0	0.0	0.0	0.0	14.0	0.0	0.0	0.0	0.0	0.0	0.0	57.0	12.0	1.0	2.0	0.0	18.0	11.0	2.0	13.0	0.0	12.0	0.0	0.0	57.0	23.0	12.0	43.0	48.0	39.0	93.0	0.0	34.0	0.0	21.0	40.0	25.0	0.0	156.0	0.0	0.0	0.0	0.0	25.0	0.0	0.0	2.0	28.0	0.0	19.0	0.0	57.0	0.0	0.0	0.0	0.0	18.0	13.0	0.0	2.0	0.0	41.0	16.0	326.0	20.0	14.0	0.0	0.0	0.0	0.0	107.0	2.0	0.0	39.0	0.0	0.0	0.0	6.0	49.0	51.0	33.0	1.0	0.0	0.0	1.0	48.0	0.0	0.0	31.0	0.0	30.0	0.0	0.0	2.0	0.0	6.0	27.0	6.0	0.0	0.0	14.0	0.0	0.0	79.0	2.0	0.0	2.0	1.0	0.0	61.0	0.0	89.0	37.0	160.0	148.0	0.0	143.0	29.0	49.0	0.0	153.0	0.0	0.0	21.0	29.0	33.0	9.0	13.0	34.0	53.0	21.0	53.0	45.0	0.0	0.0	0.0	0.0	27.0	0.0	22.0	4.0	1.0	0.0	91.0	0.0	0.0	0.0	0.0	51.0	0.0	0.0	68.0	0.0	58.0	0.0	133.0	121.0	0.0	60.0	0.0	0.0	0.0	0.0	79.0	41.0	0.0	50.0	9.0	56.0	3.0	0.0	0.0	0.0	0.0	0.0	0.0	0.0	5.0	3.0	0.0	0.0	4.0	0.0	21.0	11.0	25.0	0.0	0.0	0.0	0.0	0.0	0.0	27.0	0.0	0.0	4.0	2.0	46.0	0.0	0.0	19.0	0.0	2.0	1.0	0.0
g__Haemophilus_D (2)	0.0	74.0	14.0	0.0	0.0	0.0	0.0	8.0	0.0	0.0	0.0	0.0	0.0	0.0	0.0	24.0	0.0	0.0	0.0	0.0	0.0	0.0	0.0	0.0	0.0	0.0	0.0	0.0	0.0	0.0	0.0	0.0	17.0	0.0	0.0	0.0	0.0	0.0	0.0	0.0	0.0	0.0	22.0	0.0	0.0	0.0	0.0	0.0	0.0	0.0	0.0	0.0	0.0	0.0	0.0	0.0	0.0	0.0	0.0	0.0	1.0	0.0	0.0	0.0	0.0	0.0	25.0	0.0	0.0	0.0	0.0	0.0	0.0	0.0	0.0	0.0	0.0	0.0	0.0	0.0	0.0	0.0	0.0	0.0	13.0	7.0	0.0	0.0	0.0	19.0	0.0	4.0	0.0	0.0	0.0	0.0	0.0	0.0	0.0	0.0	0.0	0.0	0.0	0.0	0.0	0.0	116.0	0.0	0.0	0.0	0.0	0.0	0.0	0.0	15.0	0.0	0.0	0.0	0.0	0.0	0.0	0.0	0.0	0.0	0.0	0.0	0.0	0.0	0.0	0.0	0.0	0.0	0.0	0.0	0.0	8.0	0.0	0.0	0.0	0.0	0.0	0.0	0.0	0.0	0.0	0.0	0.0	0.0	0.0	0.0	0.0	0.0	0.0	0.0	0.0	0.0	0.0	0.0	0.0	0.0	0.0	0.0	0.0	0.0	0.0	0.0	0.0	0.0	0.0	0.0	0.0	0.0	0.0	0.0	0.0	4.0	0.0	0.0	0.0	0.0	0.0	0.0	0.0	0.0	0.0	0.0	0.0	0.0	0.0	0.0	0.0	0.0	75.0	9.0	0.0	0.0	0.0	0.0	0.0	0.0	0.0	0.0	0.0	0.0	0.0	0.0	0.0	0.0	0.0	0.0	0.0	0.0	0.0	0.0	0.0	0.0	0.0	0.0	0.0	0.0	0.0	0.0	0.0	0.0	0.0	0.0	0.0	0.0	0.0	8.0	0.0	0.0	0.0	0.0	0.0	0.0	0.0	0.0	0.0	0.0	0.0	0.0	0.0	0.0	0.0	0.0	0.0	16.0	0.0	7.0	0.0	4.0	0.0	0.0	0.0	0.0	0.0	0.0	0.0	0.0	0.0	0.0	0.0	0.0	0.0	0.0	0.0	0.0	0.0	0.0	0.0	0.0	0.0	0.0	0.0	18.0	0.0	0.0	0.0	0.0	0.0	0.0	0.0	0.0	0.0	0.0	0.0	54.0	0.0	0.0	0.0	0.0	0.0	67.0	0.0	0.0	0.0	0.0	0.0	0.0	0.0	0.0	0.0	2.0	2.0	0.0	14.0	23.0	0.0	0.0	0.0	0.0	0.0	0.0	0.0	0.0	0.0	0.0	0.0	0.0	0.0	3.0	0.0	0.0	0.0	0.0	0.0	0.0	1.0	0.0	0.0	0.0	0.0	58.0	0.0	0.0	42.0	0.0	0.0	0.0	0.0	0.0	0.0	0.0	0.0	0.0	0.0	23.0	0.0	0.0	0.0	0.0	0.0	0.0	158.0	0.0	0.0	0.0	0.0	0.0	0.0	0.0	0.0	0.0	0.0	0.0	0.0	21.0	0.0	0.0	81.0	0.0	0.0	0.0	0.0	0.0	1.0	0.0	0.0	5.0	0.0	0.0	0.0	5.0	0.0	0.0	0.0	0.0	0.0	0.0	0.0	0.0	0.0	0.0	8.0	0.0	0.0	0.0	0.0	0.0	11.0	0.0	0.0	0.0	0.0	0.0	0.0	0.0	0.0	0.0	0.0	0.0	0.0	0.0	0.0	0.0	0.0	0.0	0.0	0.0	0.0	0.0	0.0	0.0	0.0	4.0	0.0	8.0	22.0	0.0	0.0	30.0	0.0	0.0	0.0	0.0	0.0	0.0	0.0	0.0	0.0	0.0	5.0	0.0	0.0	0.0	0.0	0.0	0.0	0.0	0.0	0.0	24.0	0.0	0.0	0.0	26.0	12.0	126.0	0.0	0.0	0.0	2.0	0.0	0.0	0.0	0.0	0.0	0.0	0.0	0.0	0.0	22.0	0.0	0.0	0.0	0.0	7.0	0.0	0.0	0.0	0.0	0.0
g__Haemophilus_D (1)	0.0	84.0	51.0	0.0	4.0	31.0	0.0	0.0	21.0	1.0	0.0	0.0	2.0	0.0	0.0	12.0	3.0	0.0	0.0	0.0	0.0	0.0	0.0	0.0	0.0	0.0	30.0	0.0	100.0	0.0	22.0	95.0	0.0	6.0	11.0	0.0	0.0	0.0	0.0	3.0	0.0	2.0	49.0	2.0	0.0	0.0	0.0	0.0	226.0	6.0	0.0	3.0	0.0	8.0	4.0	1346.0	8.0	0.0	0.0	0.0	0.0	28.0	0.0	0.0	0.0	0.0	52.0	0.0	0.0	1.0	0.0	0.0	0.0	0.0	0.0	0.0	0.0	0.0	33.0	0.0	6.0	0.0	1.0	0.0	0.0	3.0	0.0	9.0	13.0	25.0	2.0	24.0	5.0	249.0	0.0	0.0	0.0	0.0	0.0	3.0	0.0	0.0	0.0	4.0	0.0	34.0	113.0	402.0	8.0	0.0	41.0	6.0	0.0	0.0	36.0	14.0	0.0	0.0	5.0	0.0	0.0	0.0	10.0	0.0	0.0	4.0	0.0	0.0	0.0	48.0	0.0	0.0	0.0	0.0	0.0	26.0	0.0	21.0	15.0	0.0	12.0	0.0	0.0	0.0	18.0	1.0	0.0	68.0	0.0	0.0	0.0	0.0	5.0	0.0	2.0	4.0	30.0	0.0	0.0	11.0	0.0	6.0	0.0	43.0	0.0	0.0	0.0	0.0	3.0	0.0	4.0	15.0	14.0	0.0	17.0	0.0	0.0	0.0	2.0	11.0	0.0	0.0	0.0	0.0	0.0	4.0	0.0	0.0	0.0	4.0	1.0	1.0	852.0	83.0	0.0	0.0	0.0	0.0	0.0	4.0	0.0	0.0	0.0	0.0	0.0	3.0	8.0	0.0	0.0	0.0	0.0	0.0	11.0	0.0	0.0	0.0	0.0	3.0	1.0	14.0	0.0	16.0	118.0	2.0	1.0	0.0	2.0	0.0	46.0	53.0	0.0	0.0	275.0	6.0	0.0	0.0	0.0	19.0	0.0	0.0	0.0	1.0	31.0	0.0	0.0	0.0	5.0	0.0	0.0	0.0	0.0	0.0	0.0	0.0	0.0	0.0	0.0	1.0	0.0	0.0	0.0	0.0	0.0	0.0	0.0	0.0	2.0	0.0	1.0	0.0	8.0	0.0	0.0	0.0	0.0	0.0	0.0	0.0	13.0	0.0	34.0	15.0	0.0	0.0	0.0	14.0	0.0	429.0	0.0	0.0	0.0	0.0	0.0	139.0	1.0	0.0	0.0	0.0	0.0	0.0	1.0	0.0	0.0	0.0	0.0	0.0	0.0	212.0	0.0	0.0	0.0	0.0	0.0	0.0	0.0	25.0	7.0	12.0	0.0	0.0	24.0	0.0	0.0	0.0	0.0	22.0	0.0	0.0	0.0	0.0	0.0	22.0	0.0	157.0	26.0	4.0	56.0	0.0	0.0	0.0	0.0	0.0	0.0	0.0	0.0	0.0	0.0	29.0	0.0	2.0	3.0	0.0	0.0	0.0	307.0	20.0	13.0	0.0	0.0	0.0	1.0	0.0	1.0	2.0	0.0	0.0	5.0	50.0	0.0	4.0	49.0	19.0	41.0	0.0	0.0	0.0	0.0	90.0	0.0	0.0	2.0	0.0	8.0	50.0	0.0	0.0	16.0	22.0	0.0	8.0	0.0	1.0	0.0	40.0	0.0	0.0	0.0	0.0	58.0	2.0	0.0	7.0	0.0	0.0	3.0	4.0	0.0	1.0	2.0	0.0	0.0	1.0	0.0	5.0	0.0	6.0	0.0	4.0	0.0	0.0	0.0	131.0	0.0	0.0	0.0	0.0	6.0	21.0	0.0	10.0	0.0	46.0	56.0	0.0	0.0	0.0	0.0	0.0	0.0	2.0	23.0	2.0	0.0	0.0	0.0	11.0	0.0	3.0	0.0	0.0	0.0	45.0	9.0	0.0	0.0	0.0	33.0	97.0	291.0	0.0	0.0	0.0	0.0	0.0	11.0	3.0	1.0	0.0	2.0	7.0	2.0	7.0	37.0	0.0	4.0	1.0	0.0	16.0	8.0	20.0	49.0	0.0	0.0
g__Hungatella (1)	0.0	0.0	0.0	3.0	0.0	79.0	0.0	0.0	1.0	0.0	2.0	0.0	0.0	0.0	1.0	0.0	0.0	0.0	0.0	0.0	0.0	0.0	0.0	0.0	0.0	0.0	0.0	0.0	0.0	2.0	0.0	0.0	0.0	0.0	0.0	0.0	0.0	0.0	0.0	0.0	0.0	4.0	0.0	4.0	11.0	0.0	0.0	0.0	0.0	0.0	38.0	0.0	0.0	0.0	0.0	0.0	0.0	0.0	0.0	0.0	0.0	0.0	4.0	0.0	0.0	0.0	0.0	0.0	0.0	0.0	1.0	0.0	0.0	0.0	0.0	0.0	1.0	0.0	0.0	30.0	7.0	0.0	6.0	1.0	0.0	0.0	0.0	4.0	0.0	0.0	2.0	0.0	0.0	0.0	0.0	0.0	0.0	25.0	0.0	3.0	0.0	0.0	0.0	0.0	0.0	0.0	0.0	3.0	0.0	0.0	5.0	67.0	0.0	0.0	0.0	0.0	3.0	3.0	0.0	0.0	0.0	0.0	38.0	0.0	0.0	9.0	0.0	7.0	0.0	0.0	0.0	6.0	0.0	0.0	0.0	0.0	25.0	0.0	1.0	0.0	151.0	0.0	0.0	23.0	435.0	0.0	0.0	0.0	0.0	0.0	20.0	0.0	3.0	0.0	0.0	0.0	0.0	0.0	22.0	0.0	0.0	2.0	0.0	7.0	1.0	8.0	0.0	0.0	0.0	0.0	0.0	0.0	0.0	0.0	2.0	0.0	2.0	0.0	0.0	0.0	0.0	0.0	0.0	5.0	0.0	0.0	0.0	168.0	0.0	0.0	0.0	0.0	0.0	0.0	6.0	0.0	0.0	0.0	5.0	0.0	3.0	0.0	0.0	1.0	0.0	17.0	0.0	0.0	0.0	0.0	0.0	0.0	0.0	0.0	0.0	3.0	0.0	0.0	0.0	0.0	0.0	0.0	0.0	34.0	31.0	0.0	0.0	3.0	4.0	0.0	0.0	0.0	0.0	0.0	0.0	0.0	0.0	0.0	0.0	0.0	0.0	0.0	0.0	0.0	0.0	0.0	19.0	0.0	0.0	0.0	0.0	0.0	0.0	0.0	1.0	0.0	14.0	0.0	18.0	0.0	0.0	0.0	17.0	0.0	5.0	0.0	0.0	0.0	1.0	0.0	28.0	8.0	0.0	0.0	0.0	0.0	45.0	0.0	0.0	0.0	0.0	0.0	0.0	0.0	0.0	0.0	0.0	24.0	0.0	0.0	0.0	0.0	0.0	0.0	3.0	0.0	0.0	0.0	0.0	0.0	0.0	0.0	0.0	0.0	0.0	0.0	0.0	0.0	0.0	6.0	0.0	0.0	0.0	0.0	0.0	0.0	0.0	0.0	75.0	0.0	4.0	0.0	4.0	0.0	0.0	8.0	11.0	2.0	7.0	0.0	2.0	15.0	0.0	0.0	0.0	9.0	12.0	0.0	48.0	0.0	0.0	0.0	0.0	0.0	0.0	8.0	0.0	0.0	0.0	275.0	0.0	0.0	0.0	0.0	0.0	0.0	0.0	0.0	0.0	0.0	0.0	41.0	4.0	0.0	0.0	0.0	0.0	0.0	0.0	0.0	0.0	0.0	0.0	0.0	0.0	0.0	0.0	0.0	0.0	0.0	0.0	23.0	0.0	0.0	0.0	0.0	3.0	0.0	0.0	0.0	0.0	0.0	0.0	0.0	2.0	0.0	0.0	0.0	41.0	2.0	17.0	0.0	0.0	0.0	0.0	0.0	5.0	0.0	0.0	0.0	0.0	0.0	0.0	0.0	0.0	0.0	0.0	11.0	0.0	4.0	3.0	0.0	0.0	0.0	0.0	0.0	0.0	6.0	0.0	0.0	0.0	1.0	0.0	0.0	0.0	3.0	0.0	0.0	0.0	0.0	4.0	2.0	0.0	0.0	0.0	0.0	0.0	0.0	0.0	0.0	0.0	6.0	0.0	0.0	0.0	0.0	0.0	0.0	0.0	0.0	3.0	0.0	0.0	0.0	0.0	0.0	9.0	0.0	12.0	0.0	0.0	0.0	0.0	0.0	0.0	0.0	84.0	0.0	0.0	3.0	0.0	0.0	0.0
s__Dysosmobacter faecalis (1)	0.0	0.0	0.0	4.0	0.0	0.0	10.0	0.0	0.0	0.0	0.0	6.0	0.0	0.0	0.0	0.0	3.0	0.0	0.0	0.0	1.0	0.0	0.0	0.0	8.0	0.0	0.0	0.0	0.0	0.0	0.0	0.0	1.0	0.0	0.0	0.0	0.0	0.0	0.0	0.0	0.0	0.0	0.0	2.0	5.0	0.0	0.0	0.0	0.0	0.0	1.0	38.0	0.0	2.0	0.0	0.0	0.0	0.0	0.0	0.0	0.0	0.0	0.0	0.0	0.0	5.0	1.0	0.0	2.0	8.0	0.0	0.0	0.0	0.0	0.0	5.0	0.0	0.0	0.0	0.0	0.0	0.0	0.0	0.0	0.0	0.0	2.0	0.0	0.0	0.0	6.0	0.0	0.0	0.0	0.0	0.0	0.0	6.0	0.0	0.0	0.0	0.0	0.0	2.0	0.0	0.0	0.0	0.0	0.0	3.0	0.0	0.0	0.0	0.0	0.0	0.0	0.0	0.0	0.0	2.0	0.0	0.0	1.0	0.0	0.0	6.0	0.0	12.0	0.0	0.0	0.0	12.0	0.0	0.0	2.0	0.0	0.0	0.0	0.0	0.0	0.0	0.0	0.0	0.0	0.0	0.0	0.0	0.0	0.0	0.0	92.0	0.0	0.0	0.0	2.0	1.0	0.0	0.0	0.0	2.0	3.0	0.0	0.0	0.0	0.0	0.0	0.0	0.0	1.0	0.0	0.0	1.0	2.0	0.0	0.0	0.0	0.0	0.0	0.0	0.0	0.0	173.0	0.0	24.0	0.0	0.0	2.0	8.0	0.0	1.0	0.0	0.0	0.0	0.0	0.0	4.0	0.0	0.0	0.0	0.0	0.0	0.0	1.0	1.0	0.0	0.0	0.0	0.0	0.0	0.0	0.0	0.0	0.0	0.0	0.0	1.0	0.0	0.0	0.0	0.0	0.0	0.0	0.0	0.0	1.0	0.0	0.0	0.0	0.0	0.0	0.0	0.0	0.0	0.0	1.0	0.0	2.0	0.0	0.0	0.0	0.0	9.0	0.0	0.0	0.0	0.0	16.0	0.0	9.0	0.0	0.0	0.0	0.0	0.0	0.0	4.0	0.0	43.0	0.0	2.0	0.0	0.0	0.0	0.0	1.0	0.0	0.0	3.0	0.0	0.0	1.0	0.0	0.0	2.0	7.0	0.0	0.0	0.0	0.0	10.0	0.0	0.0	0.0	0.0	0.0	0.0	0.0	0.0	0.0	1.0	2.0	0.0	0.0	0.0	0.0	0.0	0.0	0.0	0.0	0.0	0.0	7.0	1.0	0.0	0.0	0.0	0.0	0.0	7.0	0.0	3.0	0.0	2.0	0.0	0.0	0.0	0.0	0.0	0.0	0.0	0.0	1.0	0.0	0.0	0.0	0.0	0.0	0.0	0.0	0.0	0.0	0.0	0.0	0.0	0.0	4.0	0.0	5.0	0.0	0.0	0.0	0.0	0.0	1.0	4.0	0.0	0.0	0.0	1.0	0.0	0.0	0.0	0.0	0.0	0.0	0.0	0.0	1.0	0.0	0.0	0.0	0.0	0.0	0.0	0.0	1.0	0.0	0.0	0.0	0.0	0.0	1.0	0.0	0.0	0.0	0.0	0.0	0.0	1.0	0.0	0.0	22.0	0.0	0.0	0.0	0.0	1.0	0.0	0.0	0.0	2.0	7.0	0.0	0.0	2.0	0.0	0.0	0.0	0.0	0.0	0.0	0.0	3.0	0.0	0.0	5.0	11.0	0.0	1.0	2.0	0.0	0.0	0.0	0.0	0.0	1.0	0.0	0.0	0.0	8.0	0.0	0.0	0.0	0.0	0.0	0.0	3.0	0.0	0.0	0.0	0.0	4.0	0.0	0.0	0.0	0.0	0.0	0.0	0.0	0.0	0.0	6.0	0.0	0.0	0.0	0.0	0.0	1.0	0.0	0.0	0.0	0.0	0.0	0.0	0.0	4.0	0.0	0.0	0.0	2.0	3.0	1.0	1.0	0.0	0.0	0.0	0.0	0.0	0.0	0.0	0.0	0.0	0.0	0.0	0.0	1.0	0.0	5.0	0.0	0.0	0.0	0.0	0.0
f__Oscillospiraceae (1)	0.0	0.0	0.0	7.0	0.0	0.0	0.0	0.0	0.0	0.0	0.0	7.0	0.0	0.0	0.0	0.0	5.0	0.0	0.0	7.0	0.0	0.0	0.0	0.0	11.0	0.0	0.0	0.0	0.0	0.0	0.0	0.0	0.0	0.0	0.0	0.0	0.0	0.0	0.0	1.0	0.0	0.0	0.0	0.0	0.0	0.0	0.0	0.0	0.0	0.0	3.0	7.0	0.0	2.0	0.0	0.0	4.0	0.0	0.0	0.0	0.0	0.0	0.0	0.0	0.0	3.0	2.0	0.0	0.0	0.0	8.0	0.0	0.0	3.0	0.0	6.0	0.0	0.0	0.0	0.0	0.0	11.0	1.0	0.0	1.0	0.0	0.0	13.0	0.0	15.0	0.0	0.0	0.0	0.0	0.0	0.0	0.0	3.0	0.0	0.0	0.0	0.0	0.0	0.0	0.0	0.0	0.0	0.0	0.0	0.0	0.0	0.0	0.0	0.0	0.0	0.0	9.0	0.0	0.0	2.0	0.0	0.0	0.0	5.0	0.0	0.0	0.0	4.0	0.0	0.0	0.0	2.0	0.0	0.0	0.0	0.0	2.0	0.0	5.0	0.0	0.0	0.0	0.0	0.0	0.0	0.0	0.0	0.0	0.0	0.0	41.0	0.0	0.0	3.0	0.0	0.0	0.0	0.0	6.0	0.0	0.0	0.0	3.0	0.0	0.0	0.0	0.0	2.0	3.0	0.0	0.0	0.0	0.0	0.0	0.0	0.0	0.0	0.0	0.0	3.0	0.0	8.0	0.0	0.0	0.0	3.0	0.0	1.0	3.0	0.0	2.0	0.0	0.0	0.0	0.0	4.0	0.0	0.0	0.0	0.0	2.0	0.0	0.0	0.0	0.0	0.0	0.0	0.0	0.0	0.0	0.0	3.0	0.0	0.0	0.0	10.0	0.0	0.0	0.0	0.0	1.0	0.0	0.0	0.0	0.0	0.0	0.0	0.0	0.0	0.0	0.0	0.0	0.0	0.0	0.0	0.0	2.0	0.0	0.0	0.0	0.0	0.0	0.0	0.0	0.0	0.0	6.0	0.0	0.0	0.0	6.0	0.0	0.0	1.0	0.0	14.0	0.0	20.0	0.0	0.0	0.0	0.0	0.0	2.0	4.0	0.0	0.0	0.0	0.0	0.0	0.0	0.0	0.0	1.0	3.0	0.0	0.0	0.0	0.0	0.0	0.0	0.0	0.0	0.0	0.0	0.0	0.0	0.0	0.0	0.0	0.0	0.0	0.0	0.0	0.0	0.0	0.0	0.0	0.0	0.0	0.0	2.0	0.0	0.0	0.0	0.0	0.0	0.0	5.0	0.0	1.0	0.0	0.0	0.0	0.0	0.0	3.0	0.0	0.0	0.0	0.0	1.0	0.0	2.0	0.0	0.0	0.0	0.0	0.0	0.0	0.0	0.0	0.0	1.0	2.0	0.0	0.0	2.0	0.0	0.0	0.0	2.0	0.0	0.0	0.0	0.0	0.0	0.0	2.0	0.0	0.0	0.0	0.0	0.0	0.0	0.0	0.0	0.0	0.0	0.0	0.0	0.0	0.0	0.0	0.0	0.0	0.0	0.0	0.0	2.0	0.0	0.0	12.0	0.0	0.0	0.0	0.0	1.0	0.0	0.0	0.0	0.0	1.0	0.0	3.0	0.0	1.0	0.0	0.0	0.0	0.0	3.0	0.0	0.0	0.0	0.0	0.0	0.0	0.0	0.0	0.0	0.0	5.0	0.0	0.0	0.0	4.0	0.0	0.0	3.0	18.0	0.0	0.0	0.0	0.0	3.0	0.0	0.0	0.0	0.0	19.0	0.0	0.0	0.0	0.0	0.0	3.0	0.0	0.0	1.0	0.0	0.0	0.0	2.0	0.0	0.0	0.0	0.0	0.0	0.0	0.0	0.0	0.0	0.0	0.0	0.0	6.0	2.0	0.0	0.0	0.0	0.0	0.0	0.0	0.0	4.0	0.0	4.0	0.0	0.0	0.0	6.0	0.0	5.0	2.0	0.0	0.0	0.0	0.0	1.0	0.0	3.0	0.0	7.0	0.0	2.0	0.0	0.0	0.0	0.0	0.0	0.0	0.0
s__Dysosmobacter welbionis (1)	0.0	0.0	1.0	0.0	0.0	0.0	20.0	0.0	3.0	0.0	0.0	14.0	249.0	0.0	12.0	0.0	26.0	0.0	0.0	0.0	6.0	3.0	0.0	1.0	29.0	5.0	9.0	5.0	0.0	13.0	0.0	0.0	2.0	1.0	0.0	0.0	0.0	0.0	5.0	0.0	0.0	0.0	41.0	11.0	95.0	0.0	57.0	55.0	0.0	0.0	31.0	86.0	0.0	11.0	62.0	0.0	21.0	0.0	3.0	0.0	11.0	0.0	86.0	0.0	0.0	18.0	16.0	0.0	6.0	61.0	24.0	0.0	2.0	6.0	0.0	64.0	10.0	0.0	0.0	21.0	58.0	76.0	0.0	0.0	15.0	0.0	2.0	0.0	11.0	0.0	66.0	0.0	0.0	0.0	13.0	0.0	0.0	11.0	0.0	5.0	0.0	0.0	0.0	2.0	0.0	0.0	3.0	0.0	0.0	33.0	0.0	0.0	0.0	0.0	0.0	8.0	0.0	2.0	0.0	18.0	2.0	0.0	5.0	16.0	0.0	43.0	1.0	87.0	9.0	0.0	2.0	7.0	0.0	0.0	2.0	11.0	0.0	7.0	17.0	0.0	0.0	5.0	0.0	2.0	0.0	10.0	0.0	0.0	12.0	0.0	32.0	2.0	5.0	18.0	24.0	7.0	0.0	23.0	0.0	0.0	12.0	0.0	15.0	0.0	4.0	0.0	10.0	2.0	7.0	0.0	24.0	6.0	1.0	0.0	0.0	6.0	0.0	0.0	0.0	5.0	0.0	10.0	0.0	33.0	0.0	2.0	4.0	61.0	17.0	20.0	6.0	0.0	0.0	10.0	44.0	30.0	3.0	0.0	0.0	0.0	0.0	16.0	4.0	23.0	0.0	0.0	0.0	0.0	0.0	0.0	0.0	9.0	0.0	2.0	0.0	15.0	0.0	25.0	52.0	3.0	3.0	0.0	0.0	0.0	15.0	0.0	29.0	0.0	0.0	0.0	4.0	26.0	0.0	1.0	10.0	0.0	5.0	0.0	0.0	0.0	1.0	20.0	0.0	17.0	1.0	7.0	0.0	0.0	10.0	0.0	1.0	0.0	6.0	0.0	0.0	25.0	6.0	39.0	0.0	10.0	0.0	11.0	34.0	5.0	46.0	8.0	9.0	12.0	26.0	0.0	26.0	20.0	0.0	6.0	11.0	0.0	0.0	1.0	16.0	0.0	0.0	0.0	0.0	0.0	0.0	0.0	0.0	0.0	0.0	0.0	0.0	1.0	0.0	7.0	4.0	1.0	2.0	2.0	0.0	0.0	0.0	3.0	0.0	0.0	0.0	2.0	0.0	0.0	40.0	38.0	8.0	0.0	20.0	13.0	0.0	0.0	2.0	0.0	0.0	0.0	0.0	5.0	0.0	12.0	0.0	0.0	0.0	13.0	0.0	15.0	0.0	0.0	51.0	1.0	3.0	5.0	0.0	31.0	0.0	7.0	5.0	25.0	0.0	17.0	25.0	2.0	0.0	3.0	9.0	0.0	0.0	2.0	0.0	0.0	0.0	0.0	0.0	15.0	9.0	0.0	0.0	1.0	2.0	0.0	0.0	11.0	13.0	0.0	10.0	0.0	0.0	1.0	0.0	0.0	39.0	0.0	0.0	1.0	9.0	0.0	0.0	50.0	0.0	0.0	21.0	0.0	15.0	0.0	0.0	23.0	35.0	33.0	0.0	14.0	0.0	0.0	3.0	0.0	0.0	46.0	16.0	1.0	27.0	0.0	2.0	16.0	38.0	13.0	5.0	3.0	1.0	0.0	0.0	15.0	0.0	1.0	0.0	31.0	0.0	10.0	207.0	0.0	2.0	3.0	0.0	9.0	33.0	0.0	9.0	4.0	3.0	25.0	0.0	23.0	0.0	0.0	14.0	0.0	0.0	0.0	12.0	14.0	2.0	0.0	7.0	2.0	11.0	8.0	0.0	10.0	0.0	0.0	0.0	0.0	7.0	12.0	4.0	11.0	0.0	4.0	36.0	25.0	6.0	8.0	0.0	0.0	1.0	0.0	0.0	2.0	0.0	10.0	9.0	34.0	0.0	8.0	4.0	37.0	9.0	0.0	1.0	3.0	0.0
g__Aristaeella (1)	0.0	0.0	0.0	0.0	1.0	0.0	0.0	0.0	0.0	0.0	0.0	0.0	0.0	0.0	0.0	0.0	1.0	0.0	0.0	0.0	0.0	13.0	0.0	0.0	0.0	0.0	0.0	0.0	0.0	0.0	0.0	0.0	0.0	0.0	0.0	0.0	0.0	0.0	0.0	0.0	0.0	0.0	0.0	0.0	0.0	0.0	0.0	0.0	0.0	0.0	0.0	0.0	0.0	0.0	0.0	0.0	0.0	25.0	0.0	0.0	0.0	0.0	0.0	0.0	0.0	0.0	16.0	0.0	0.0	41.0	0.0	0.0	0.0	0.0	0.0	54.0	0.0	0.0	0.0	0.0	0.0	0.0	0.0	0.0	0.0	0.0	0.0	0.0	0.0	0.0	0.0	0.0	0.0	0.0	0.0	0.0	0.0	26.0	0.0	0.0	0.0	0.0	0.0	32.0	0.0	0.0	0.0	0.0	0.0	0.0	0.0	0.0	0.0	0.0	0.0	0.0	0.0	0.0	271.0	34.0	0.0	0.0	16.0	0.0	0.0	0.0	0.0	0.0	0.0	0.0	0.0	0.0	0.0	0.0	0.0	0.0	0.0	91.0	0.0	0.0	0.0	0.0	0.0	0.0	0.0	0.0	0.0	0.0	0.0	0.0	0.0	0.0	0.0	0.0	0.0	0.0	3.0	0.0	0.0	0.0	3.0	0.0	11.0	0.0	0.0	0.0	5.0	0.0	0.0	0.0	0.0	0.0	0.0	0.0	0.0	0.0	0.0	0.0	0.0	0.0	0.0	0.0	0.0	0.0	0.0	2.0	2.0	0.0	0.0	0.0	46.0	0.0	0.0	0.0	0.0	0.0	0.0	0.0	0.0	0.0	27.0	0.0	31.0	0.0	0.0	0.0	0.0	0.0	0.0	0.0	0.0	0.0	0.0	0.0	0.0	0.0	313.0	0.0	0.0	0.0	0.0	0.0	0.0	0.0	0.0	0.0	0.0	0.0	0.0	0.0	26.0	0.0	0.0	0.0	0.0	0.0	0.0	0.0	5.0	0.0	0.0	0.0	0.0	0.0	142.0	0.0	0.0	0.0	0.0	0.0	0.0	0.0	0.0	0.0	0.0	0.0	0.0	0.0	0.0	0.0	0.0	0.0	0.0	0.0	8.0	3.0	82.0	0.0	0.0	0.0	0.0	0.0	0.0	5.0	0.0	0.0	0.0	0.0	0.0	0.0	0.0	0.0	0.0	0.0	0.0	0.0	0.0	0.0	0.0	33.0	0.0	0.0	0.0	8.0	40.0	15.0	0.0	0.0	0.0	0.0	0.0	0.0	15.0	0.0	6.0	0.0	3.0	0.0	0.0	0.0	0.0	0.0	10.0	0.0	0.0	0.0	0.0	0.0	0.0	0.0	0.0	0.0	0.0	0.0	0.0	0.0	0.0	0.0	0.0	0.0	0.0	0.0	0.0	0.0	0.0	0.0	0.0	0.0	0.0	0.0	0.0	0.0	0.0	0.0	0.0	0.0	0.0	0.0	0.0	0.0	0.0	0.0	0.0	0.0	0.0	0.0	0.0	0.0	0.0	0.0	2.0	0.0	0.0	0.0	0.0	0.0	0.0	0.0	0.0	0.0	0.0	0.0	0.0	0.0	0.0	0.0	0.0	0.0	31.0	0.0	0.0	0.0	0.0	0.0	0.0	0.0	0.0	0.0	0.0	0.0	0.0	0.0	0.0	0.0	0.0	0.0	57.0	0.0	0.0	0.0	0.0	0.0	0.0	0.0	0.0	0.0	0.0	0.0	0.0	0.0	0.0	0.0	0.0	0.0	0.0	0.0	0.0	0.0	0.0	0.0	0.0	0.0	0.0	0.0	0.0	0.0	0.0	0.0	0.0	0.0	0.0	7.0	0.0	0.0	0.0	0.0	0.0	0.0	0.0	0.0	0.0	0.0	22.0	0.0	4.0	8.0	0.0	0.0	0.0	0.0	0.0	0.0	0.0	0.0	0.0	0.0	0.0	0.0	0.0	33.0	0.0	0.0	0.0	0.0	0.0	0.0	0.0	0.0	0.0	0.0	0.0	4.0	0.0	0.0	0.0	15.0	0.0	0.0	0.0	0.0	4.0	0.0	0.0
o__Oscillospirales (1)	0.0	0.0	0.0	27.0	2.0	0.0	0.0	0.0	0.0	0.0	0.0	0.0	0.0	0.0	0.0	0.0	22.0	0.0	0.0	0.0	0.0	0.0	0.0	0.0	54.0	0.0	0.0	5.0	0.0	0.0	0.0	0.0	0.0	0.0	0.0	0.0	0.0	0.0	0.0	0.0	0.0	0.0	15.0	0.0	16.0	0.0	0.0	0.0	0.0	0.0	0.0	11.0	0.0	0.0	0.0	0.0	8.0	16.0	0.0	0.0	0.0	0.0	0.0	0.0	0.0	0.0	37.0	0.0	18.0	10.0	0.0	0.0	0.0	1.0	0.0	27.0	0.0	0.0	0.0	0.0	0.0	0.0	0.0	0.0	20.0	0.0	0.0	0.0	0.0	7.0	0.0	0.0	0.0	1.0	0.0	0.0	0.0	9.0	0.0	0.0	0.0	0.0	0.0	0.0	0.0	0.0	11.0	0.0	13.0	10.0	0.0	0.0	0.0	0.0	30.0	19.0	0.0	0.0	0.0	0.0	0.0	0.0	0.0	6.0	0.0	69.0	0.0	0.0	24.0	0.0	84.0	0.0	0.0	0.0	0.0	1.0	0.0	14.0	0.0	0.0	0.0	0.0	0.0	0.0	0.0	0.0	0.0	0.0	3.0	0.0	0.0	0.0	0.0	0.0	0.0	20.0	0.0	0.0	0.0	0.0	15.0	0.0	19.0	0.0	0.0	0.0	5.0	4.0	0.0	0.0	0.0	0.0	1.0	0.0	0.0	12.0	0.0	0.0	0.0	5.0	0.0	1.0	0.0	0.0	0.0	0.0	0.0	0.0	0.0	0.0	61.0	0.0	0.0	1.0	0.0	8.0	0.0	0.0	0.0	0.0	0.0	0.0	14.0	0.0	0.0	0.0	0.0	0.0	0.0	0.0	0.0	0.0	0.0	4.0	0.0	0.0	6.0	0.0	0.0	0.0	20.0	0.0	0.0	0.0	0.0	0.0	0.0	0.0	0.0	0.0	0.0	0.0	0.0	0.0	0.0	0.0	10.0	0.0	0.0	0.0	4.0	0.0	0.0	24.0	2.0	16.0	0.0	0.0	13.0	0.0	0.0	0.0	22.0	0.0	0.0	0.0	0.0	0.0	0.0	5.0	0.0	0.0	0.0	0.0	11.0	4.0	3.0	0.0	0.0	0.0	0.0	0.0	0.0	0.0	0.0	0.0	0.0	0.0	0.0	0.0	0.0	0.0	2.0	0.0	0.0	0.0	0.0	0.0	0.0	8.0	0.0	0.0	0.0	31.0	17.0	5.0	0.0	0.0	0.0	0.0	0.0	0.0	0.0	0.0	0.0	0.0	0.0	0.0	0.0	0.0	0.0	0.0	14.0	0.0	0.0	0.0	0.0	0.0	0.0	0.0	0.0	0.0	0.0	0.0	0.0	0.0	0.0	0.0	0.0	22.0	0.0	0.0	0.0	0.0	3.0	0.0	0.0	24.0	0.0	0.0	0.0	5.0	0.0	49.0	9.0	0.0	0.0	0.0	15.0	0.0	0.0	0.0	0.0	0.0	0.0	0.0	0.0	0.0	0.0	0.0	0.0	0.0	0.0	0.0	0.0	4.0	0.0	0.0	0.0	20.0	0.0	0.0	0.0	0.0	0.0	0.0	0.0	0.0	1.0	0.0	0.0	0.0	0.0	0.0	0.0	0.0	0.0	0.0	0.0	0.0	0.0	0.0	0.0	0.0	0.0	2.0	21.0	0.0	0.0	0.0	22.0	0.0	0.0	0.0	0.0	0.0	11.0	41.0	5.0	28.0	2.0	0.0	3.0	0.0	0.0	7.0	0.0	0.0	1.0	0.0	0.0	0.0	0.0	0.0	0.0	0.0	0.0	0.0	0.0	0.0	0.0	0.0	0.0	0.0	2.0	0.0	0.0	29.0	0.0	0.0	0.0	6.0	0.0	0.0	26.0	17.0	0.0	1.0	0.0	0.0	0.0	0.0	0.0	0.0	0.0	0.0	0.0	0.0	0.0	0.0	46.0	0.0	0.0	0.0	10.0	0.0	0.0	0.0	9.0	0.0	0.0	18.0	0.0	0.0	0.0	37.0	0.0	0.0	0.0	0.0	6.0	0.0	0.0
s__Onthenecus sp900199405 (1)	0.0	0.0	0.0	0.0	18.0	0.0	0.0	0.0	0.0	0.0	0.0	0.0	0.0	0.0	0.0	0.0	19.0	0.0	0.0	0.0	0.0	0.0	0.0	0.0	0.0	16.0	0.0	0.0	0.0	0.0	0.0	0.0	17.0	0.0	0.0	0.0	0.0	0.0	0.0	0.0	0.0	0.0	2.0	0.0	0.0	0.0	0.0	0.0	0.0	0.0	0.0	0.0	0.0	0.0	0.0	0.0	0.0	20.0	20.0	0.0	30.0	0.0	0.0	0.0	0.0	0.0	0.0	0.0	4.0	0.0	0.0	0.0	0.0	0.0	0.0	40.0	0.0	0.0	0.0	0.0	0.0	0.0	0.0	0.0	0.0	0.0	53.0	0.0	0.0	0.0	0.0	0.0	3.0	0.0	0.0	0.0	0.0	20.0	0.0	0.0	0.0	0.0	0.0	0.0	0.0	0.0	0.0	0.0	16.0	9.0	0.0	0.0	0.0	0.0	18.0	17.0	0.0	0.0	13.0	0.0	0.0	0.0	0.0	0.0	0.0	0.0	0.0	0.0	18.0	3.0	0.0	0.0	0.0	0.0	0.0	20.0	0.0	0.0	0.0	0.0	0.0	0.0	0.0	0.0	0.0	0.0	0.0	0.0	0.0	0.0	0.0	0.0	0.0	0.0	0.0	14.0	0.0	0.0	0.0	0.0	6.0	0.0	0.0	0.0	0.0	0.0	35.0	0.0	0.0	0.0	7.0	8.0	8.0	0.0	0.0	10.0	0.0	47.0	6.0	8.0	23.0	0.0	0.0	0.0	0.0	0.0	15.0	0.0	0.0	18.0	10.0	0.0	0.0	0.0	0.0	14.0	34.0	0.0	0.0	0.0	26.0	0.0	0.0	0.0	0.0	0.0	0.0	0.0	0.0	0.0	0.0	0.0	0.0	8.0	0.0	29.0	18.0	0.0	0.0	6.0	8.0	0.0	0.0	0.0	0.0	0.0	0.0	0.0	0.0	0.0	5.0	0.0	0.0	9.0	0.0	0.0	14.0	0.0	10.0	0.0	2.0	0.0	0.0	9.0	0.0	18.0	0.0	0.0	11.0	0.0	0.0	0.0	4.0	0.0	0.0	0.0	0.0	0.0	0.0	0.0	0.0	0.0	0.0	0.0	0.0	26.0	5.0	12.0	0.0	0.0	0.0	0.0	0.0	28.0	0.0	5.0	0.0	0.0	0.0	0.0	0.0	0.0	0.0	0.0	0.0	0.0	0.0	0.0	0.0	52.0	2.0	0.0	0.0	0.0	27.0	0.0	0.0	0.0	0.0	0.0	0.0	0.0	14.0	0.0	13.0	9.0	2.0	0.0	0.0	0.0	0.0	0.0	0.0	0.0	28.0	0.0	0.0	0.0	0.0	0.0	0.0	13.0	0.0	0.0	0.0	0.0	0.0	0.0	0.0	0.0	0.0	0.0	19.0	0.0	7.0	0.0	0.0	8.0	0.0	0.0	0.0	0.0	25.0	0.0	0.0	0.0	0.0	0.0	0.0	0.0	0.0	0.0	0.0	0.0	0.0	0.0	0.0	0.0	0.0	0.0	13.0	0.0	0.0	0.0	0.0	0.0	0.0	0.0	0.0	0.0	0.0	0.0	0.0	0.0	0.0	0.0	0.0	1.0	0.0	0.0	0.0	0.0	16.0	0.0	0.0	16.0	0.0	0.0	0.0	0.0	0.0	0.0	0.0	0.0	0.0	0.0	14.0	0.0	0.0	0.0	13.0	0.0	0.0	6.0	0.0	30.0	0.0	53.0	0.0	0.0	0.0	0.0	6.0	0.0	0.0	6.0	0.0	0.0	23.0	0.0	0.0	14.0	0.0	1.0	0.0	0.0	0.0	0.0	0.0	0.0	0.0	0.0	0.0	0.0	2.0	0.0	0.0	0.0	0.0	0.0	0.0	0.0	28.0	0.0	56.0	14.0	0.0	24.0	0.0	0.0	0.0	0.0	0.0	0.0	0.0	0.0	10.0	0.0	0.0	29.0	0.0	0.0	0.0	0.0	0.0	0.0	0.0	0.0	0.0	0.0	0.0	19.0	0.0	0.0	14.0	0.0	0.0	0.0	24.0	0.0	0.0	0.0	0.0
s__Hominicoprocola fusiformis (1)	0.0	0.0	2.0	0.0	6.0	0.0	0.0	0.0	0.0	0.0	0.0	51.0	0.0	0.0	0.0	0.0	144.0	0.0	0.0	0.0	0.0	5.0	0.0	0.0	0.0	16.0	0.0	43.0	18.0	0.0	0.0	32.0	6.0	0.0	0.0	0.0	2.0	0.0	3.0	0.0	0.0	0.0	40.0	0.0	0.0	0.0	0.0	0.0	0.0	0.0	0.0	65.0	0.0	0.0	0.0	0.0	0.0	17.0	17.0	0.0	54.0	2.0	0.0	0.0	0.0	0.0	51.0	0.0	149.0	49.0	40.0	0.0	0.0	0.0	0.0	83.0	0.0	0.0	0.0	0.0	0.0	0.0	0.0	0.0	17.0	0.0	27.0	0.0	0.0	0.0	0.0	0.0	9.0	0.0	0.0	0.0	0.0	0.0	0.0	0.0	0.0	0.0	0.0	10.0	0.0	0.0	0.0	0.0	20.0	0.0	0.0	0.0	0.0	0.0	61.0	90.0	0.0	0.0	22.0	0.0	22.0	0.0	2.0	0.0	0.0	82.0	0.0	0.0	6.0	2.0	52.0	162.0	0.0	0.0	0.0	30.0	0.0	0.0	0.0	17.0	0.0	0.0	0.0	0.0	0.0	0.0	0.0	0.0	8.0	0.0	0.0	0.0	0.0	0.0	0.0	70.0	4.0	0.0	0.0	42.0	27.0	0.0	119.0	4.0	0.0	0.0	19.0	0.0	29.0	0.0	63.0	24.0	5.0	0.0	0.0	0.0	0.0	87.0	2.0	32.0	0.0	0.0	0.0	0.0	0.0	2.0	37.0	0.0	0.0	0.0	2.0	0.0	0.0	0.0	0.0	28.0	49.0	0.0	2.0	0.0	47.0	1.0	63.0	0.0	0.0	0.0	0.0	0.0	43.0	0.0	0.0	0.0	0.0	3.0	0.0	0.0	141.0	0.0	0.0	0.0	94.0	0.0	0.0	0.0	2.0	0.0	0.0	0.0	0.0	0.0	0.0	0.0	0.0	0.0	8.0	0.0	50.0	0.0	0.0	0.0	23.0	0.0	0.0	0.0	38.0	38.0	0.0	0.0	93.0	0.0	0.0	0.0	90.0	0.0	0.0	220.0	0.0	0.0	0.0	0.0	0.0	0.0	0.0	0.0	21.0	14.0	35.0	0.0	0.0	0.0	15.0	0.0	0.0	65.0	0.0	20.0	2.0	15.0	23.0	0.0	0.0	0.0	0.0	0.0	0.0	0.0	0.0	0.0	0.0	39.0	11.0	0.0	0.0	0.0	33.0	31.0	29.0	0.0	0.0	0.0	0.0	1.0	10.0	0.0	54.0	0.0	0.0	0.0	0.0	0.0	0.0	0.0	4.0	0.0	22.0	0.0	1.0	0.0	0.0	0.0	0.0	0.0	0.0	0.0	0.0	0.0	0.0	0.0	0.0	103.0	0.0	0.0	144.0	0.0	22.0	0.0	0.0	0.0	2.0	0.0	12.0	38.0	61.0	0.0	0.0	0.0	0.0	21.0	0.0	0.0	0.0	0.0	0.0	0.0	0.0	0.0	0.0	0.0	20.0	0.0	16.0	17.0	39.0	0.0	0.0	27.0	0.0	0.0	0.0	10.0	0.0	0.0	63.0	0.0	0.0	0.0	0.0	0.0	27.0	0.0	0.0	0.0	0.0	0.0	0.0	0.0	0.0	0.0	0.0	0.0	0.0	168.0	0.0	0.0	0.0	46.0	31.0	0.0	0.0	0.0	20.0	0.0	0.0	3.0	0.0	124.0	0.0	19.0	45.0	5.0	9.0	0.0	0.0	0.0	0.0	20.0	0.0	0.0	0.0	0.0	0.0	0.0	0.0	0.0	0.0	0.0	0.0	0.0	0.0	37.0	0.0	0.0	0.0	0.0	11.0	0.0	0.0	0.0	0.0	0.0	0.0	104.0	0.0	0.0	91.0	15.0	0.0	38.0	0.0	0.0	0.0	0.0	0.0	0.0	0.0	0.0	0.0	0.0	0.0	128.0	0.0	62.0	100.0	0.0	4.0	0.0	0.0	0.0	0.0	0.0	0.0	0.0	31.0	146.0	3.0	67.0	0.0	0.0	9.0	0.0	0.0	10.0	0.0
s__Dysosmobacter faecalis_A (1)	0.0	0.0	0.0	5.0	0.0	0.0	0.0	0.0	0.0	0.0	0.0	0.0	0.0	0.0	16.0	0.0	1.0	0.0	0.0	0.0	0.0	1.0	0.0	0.0	0.0	0.0	0.0	4.0	0.0	0.0	0.0	0.0	0.0	0.0	0.0	0.0	3.0	0.0	0.0	0.0	0.0	0.0	0.0	0.0	0.0	0.0	0.0	0.0	0.0	0.0	0.0	0.0	0.0	0.0	0.0	0.0	0.0	0.0	0.0	0.0	0.0	0.0	0.0	0.0	0.0	0.0	36.0	0.0	1.0	0.0	0.0	0.0	0.0	0.0	0.0	2.0	0.0	0.0	0.0	2.0	0.0	202.0	0.0	0.0	0.0	0.0	0.0	0.0	0.0	14.0	0.0	0.0	1.0	0.0	0.0	0.0	0.0	0.0	0.0	0.0	0.0	0.0	0.0	0.0	0.0	0.0	19.0	0.0	0.0	0.0	0.0	0.0	0.0	0.0	0.0	2.0	0.0	0.0	0.0	0.0	0.0	0.0	0.0	4.0	0.0	0.0	0.0	0.0	1.0	3.0	0.0	1.0	0.0	13.0	0.0	1.0	0.0	12.0	0.0	0.0	0.0	0.0	0.0	4.0	0.0	5.0	0.0	0.0	0.0	0.0	0.0	0.0	0.0	0.0	0.0	9.0	0.0	0.0	0.0	0.0	2.0	0.0	4.0	0.0	0.0	0.0	0.0	0.0	17.0	0.0	0.0	2.0	0.0	0.0	0.0	0.0	0.0	0.0	0.0	3.0	0.0	3.0	0.0	0.0	0.0	3.0	1.0	0.0	0.0	0.0	0.0	0.0	0.0	0.0	0.0	1.0	8.0	0.0	0.0	0.0	2.0	1.0	0.0	0.0	0.0	0.0	0.0	2.0	0.0	0.0	0.0	2.0	0.0	0.0	0.0	19.0	5.0	0.0	6.0	3.0	1.0	0.0	0.0	0.0	0.0	0.0	0.0	0.0	0.0	0.0	0.0	0.0	0.0	0.0	1.0	0.0	0.0	0.0	0.0	0.0	0.0	0.0	7.0	4.0	6.0	0.0	0.0	0.0	26.0	0.0	0.0	0.0	1.0	3.0	0.0	3.0	0.0	22.0	0.0	3.0	0.0	15.0	0.0	5.0	0.0	0.0	0.0	0.0	0.0	0.0	0.0	0.0	0.0	8.0	10.0	2.0	0.0	0.0	0.0	0.0	0.0	0.0	0.0	0.0	0.0	0.0	0.0	0.0	0.0	0.0	0.0	0.0	0.0	0.0	0.0	0.0	0.0	0.0	0.0	0.0	0.0	1.0	0.0	0.0	0.0	0.0	4.0	0.0	0.0	0.0	0.0	0.0	0.0	0.0	0.0	0.0	4.0	0.0	0.0	0.0	0.0	9.0	0.0	0.0	0.0	0.0	0.0	0.0	0.0	0.0	0.0	0.0	0.0	14.0	0.0	0.0	0.0	0.0	0.0	0.0	0.0	0.0	0.0	0.0	9.0	0.0	0.0	18.0	5.0	0.0	0.0	0.0	0.0	0.0	0.0	0.0	0.0	0.0	0.0	0.0	5.0	0.0	0.0	0.0	0.0	0.0	9.0	0.0	0.0	4.0	0.0	0.0	15.0	0.0	0.0	0.0	0.0	19.0	4.0	0.0	0.0	0.0	0.0	0.0	0.0	0.0	0.0	0.0	0.0	0.0	23.0	5.0	0.0	2.0	3.0	4.0	0.0	0.0	0.0	0.0	0.0	0.0	4.0	0.0	0.0	3.0	0.0	0.0	5.0	0.0	7.0	0.0	0.0	0.0	0.0	0.0	0.0	0.0	0.0	0.0	0.0	3.0	0.0	0.0	0.0	0.0	0.0	45.0	0.0	2.0	0.0	0.0	0.0	0.0	8.0	0.0	0.0	0.0	0.0	0.0	0.0	3.0	0.0	0.0	4.0	0.0	46.0	0.0	0.0	0.0	0.0	0.0	0.0	0.0	0.0	0.0	13.0	0.0	0.0	0.0	0.0	0.0	0.0	0.0	1.0	0.0	0.0	0.0	0.0	7.0	0.0	0.0	11.0	4.0	0.0	1.0	0.0	0.0	0.0	0.0	3.0	0.0	0.0
s__Hominicoprocola sp900317525 (1)	0.0	0.0	0.0	0.0	0.0	0.0	0.0	0.0	0.0	0.0	0.0	0.0	0.0	0.0	0.0	0.0	5.0	0.0	0.0	0.0	0.0	0.0	0.0	0.0	0.0	0.0	0.0	0.0	2.0	0.0	0.0	0.0	0.0	0.0	0.0	0.0	1.0	0.0	0.0	0.0	0.0	0.0	0.0	0.0	0.0	0.0	0.0	0.0	0.0	0.0	0.0	0.0	0.0	0.0	0.0	0.0	0.0	1.0	12.0	0.0	0.0	0.0	0.0	0.0	0.0	0.0	0.0	0.0	0.0	42.0	0.0	0.0	0.0	0.0	0.0	6.0	0.0	0.0	0.0	0.0	0.0	0.0	0.0	0.0	0.0	0.0	0.0	0.0	0.0	0.0	0.0	0.0	0.0	0.0	0.0	0.0	0.0	7.0	0.0	0.0	0.0	0.0	0.0	0.0	0.0	0.0	0.0	0.0	2.0	4.0	0.0	0.0	0.0	0.0	4.0	16.0	0.0	0.0	2.0	9.0	0.0	0.0	0.0	0.0	0.0	0.0	0.0	8.0	2.0	0.0	9.0	0.0	0.0	0.0	0.0	0.0	0.0	0.0	0.0	0.0	0.0	0.0	0.0	0.0	0.0	0.0	0.0	0.0	0.0	0.0	0.0	0.0	0.0	0.0	0.0	0.0	0.0	0.0	0.0	0.0	0.0	0.0	49.0	0.0	0.0	0.0	3.0	0.0	4.0	0.0	12.0	0.0	5.0	0.0	0.0	0.0	0.0	2.0	0.0	0.0	0.0	0.0	0.0	0.0	0.0	0.0	0.0	0.0	0.0	0.0	0.0	0.0	0.0	0.0	0.0	0.0	0.0	0.0	0.0	0.0	9.0	0.0	20.0	0.0	0.0	0.0	0.0	0.0	8.0	0.0	0.0	0.0	0.0	0.0	0.0	0.0	5.0	0.0	0.0	0.0	8.0	0.0	0.0	0.0	0.0	0.0	0.0	0.0	0.0	0.0	0.0	0.0	0.0	0.0	4.0	0.0	0.0	0.0	0.0	0.0	0.0	0.0	0.0	0.0	4.0	0.0	0.0	0.0	0.0	0.0	0.0	0.0	35.0	0.0	0.0	0.0	0.0	0.0	0.0	0.0	0.0	0.0	0.0	0.0	3.0	2.0	32.0	1.0	0.0	0.0	0.0	0.0	0.0	8.0	0.0	0.0	0.0	0.0	0.0	0.0	0.0	0.0	0.0	0.0	0.0	0.0	0.0	0.0	0.0	1.0	0.0	0.0	0.0	0.0	7.0	0.0	0.0	0.0	0.0	0.0	0.0	0.0	0.0	0.0	6.0	0.0	2.0	0.0	0.0	0.0	0.0	0.0	10.0	0.0	0.0	0.0	0.0	0.0	0.0	0.0	0.0	0.0	0.0	0.0	0.0	0.0	0.0	0.0	0.0	0.0	0.0	0.0	0.0	0.0	7.0	0.0	0.0	0.0	0.0	0.0	0.0	0.0	0.0	0.0	0.0	0.0	0.0	0.0	11.0	0.0	0.0	0.0	0.0	0.0	0.0	0.0	0.0	0.0	0.0	0.0	3.0	0.0	2.0	0.0	0.0	0.0	0.0	0.0	0.0	0.0	0.0	0.0	0.0	0.0	0.0	0.0	0.0	0.0	3.0	0.0	0.0	0.0	0.0	0.0	0.0	0.0	0.0	0.0	0.0	0.0	0.0	0.0	0.0	0.0	0.0	0.0	19.0	0.0	0.0	0.0	0.0	0.0	4.0	0.0	0.0	10.0	0.0	43.0	0.0	17.0	0.0	0.0	0.0	0.0	0.0	0.0	0.0	0.0	0.0	0.0	0.0	0.0	0.0	0.0	0.0	0.0	0.0	0.0	0.0	1.0	0.0	0.0	0.0	0.0	0.0	0.0	0.0	0.0	0.0	0.0	0.0	2.0	15.0	0.0	38.0	17.0	0.0	0.0	0.0	0.0	0.0	0.0	0.0	0.0	0.0	1.0	0.0	0.0	0.0	23.0	0.0	0.0	0.0	0.0	0.0	0.0	0.0	0.0	0.0	0.0	0.0	0.0	0.0	0.0	0.0	4.0	0.0	0.0	0.0	0.0	6.0	0.0	0.0
s__Dysosmobacter segnis (1)	0.0	0.0	0.0	0.0	0.0	0.0	0.0	0.0	0.0	0.0	0.0	0.0	0.0	0.0	0.0	0.0	0.0	0.0	0.0	15.0	0.0	0.0	0.0	0.0	0.0	15.0	0.0	0.0	7.0	0.0	0.0	0.0	0.0	6.0	0.0	0.0	0.0	0.0	0.0	0.0	0.0	0.0	0.0	10.0	0.0	0.0	0.0	0.0	0.0	0.0	0.0	0.0	0.0	6.0	0.0	0.0	0.0	0.0	0.0	0.0	39.0	0.0	0.0	0.0	0.0	2.0	0.0	0.0	0.0	12.0	12.0	0.0	0.0	2.0	0.0	38.0	0.0	0.0	0.0	0.0	0.0	0.0	0.0	0.0	0.0	0.0	23.0	0.0	0.0	0.0	0.0	0.0	4.0	0.0	0.0	0.0	0.0	14.0	0.0	0.0	0.0	0.0	0.0	21.0	0.0	0.0	0.0	0.0	16.0	5.0	0.0	0.0	0.0	0.0	26.0	30.0	0.0	0.0	0.0	0.0	10.0	0.0	0.0	0.0	0.0	0.0	0.0	0.0	0.0	0.0	4.0	36.0	0.0	0.0	0.0	0.0	0.0	0.0	0.0	0.0	0.0	0.0	0.0	0.0	0.0	0.0	0.0	0.0	0.0	0.0	0.0	0.0	12.0	0.0	0.0	14.0	0.0	0.0	0.0	1.0	2.0	0.0	20.0	0.0	0.0	0.0	0.0	0.0	11.0	0.0	0.0	19.0	6.0	0.0	0.0	12.0	0.0	0.0	5.0	0.0	0.0	11.0	0.0	0.0	0.0	2.0	7.0	0.0	0.0	0.0	14.0	0.0	0.0	0.0	0.0	11.0	0.0	0.0	0.0	0.0	22.0	3.0	9.0	0.0	0.0	0.0	0.0	0.0	0.0	0.0	0.0	0.0	0.0	0.0	0.0	11.0	13.0	0.0	0.0	0.0	0.0	0.0	0.0	0.0	0.0	0.0	144.0	0.0	0.0	0.0	0.0	0.0	0.0	0.0	22.0	0.0	0.0	0.0	0.0	0.0	3.0	0.0	0.0	0.0	0.0	20.0	0.0	0.0	8.0	0.0	0.0	0.0	13.0	0.0	0.0	0.0	0.0	0.0	0.0	5.0	0.0	0.0	0.0	0.0	0.0	7.0	2.0	5.0	0.0	0.0	0.0	0.0	0.0	0.0	0.0	0.0	0.0	5.0	9.0	0.0	0.0	0.0	0.0	0.0	0.0	0.0	0.0	0.0	0.0	12.0	22.0	0.0	0.0	0.0	18.0	3.0	0.0	0.0	0.0	0.0	0.0	0.0	0.0	0.0	37.0	0.0	0.0	0.0	0.0	6.0	4.0	0.0	2.0	0.0	16.0	0.0	4.0	0.0	0.0	0.0	0.0	59.0	0.0	0.0	0.0	0.0	0.0	0.0	0.0	0.0	0.0	0.0	26.0	0.0	6.0	0.0	0.0	0.0	0.0	0.0	0.0	9.0	8.0	0.0	0.0	26.0	0.0	0.0	10.0	0.0	0.0	0.0	0.0	0.0	0.0	0.0	0.0	0.0	0.0	0.0	4.0	5.0	0.0	4.0	0.0	2.0	0.0	0.0	0.0	0.0	0.0	0.0	0.0	0.0	0.0	0.0	0.0	11.0	8.0	0.0	0.0	0.0	0.0	0.0	0.0	0.0	0.0	0.0	0.0	0.0	0.0	0.0	0.0	0.0	0.0	0.0	30.0	0.0	0.0	0.0	39.0	0.0	11.0	3.0	0.0	30.0	0.0	24.0	5.0	7.0	0.0	0.0	0.0	0.0	0.0	0.0	0.0	0.0	0.0	15.0	0.0	0.0	0.0	0.0	0.0	0.0	0.0	0.0	0.0	0.0	0.0	0.0	0.0	0.0	10.0	0.0	0.0	0.0	0.0	0.0	0.0	16.0	0.0	0.0	25.0	31.0	0.0	0.0	0.0	0.0	0.0	0.0	0.0	0.0	0.0	0.0	0.0	0.0	0.0	18.0	0.0	14.0	0.0	5.0	0.0	0.0	0.0	0.0	0.0	0.0	0.0	0.0	0.0	0.0	1.0	19.0	0.0	0.0	12.0	0.0	14.0	0.0	0.0
s__Evtepia gabavorous (1)	3.0	0.0	0.0	0.0	10.0	1.0	0.0	0.0	2.0	0.0	0.0	0.0	0.0	0.0	0.0	0.0	20.0	0.0	0.0	0.0	0.0	0.0	0.0	20.0	0.0	0.0	0.0	15.0	0.0	0.0	0.0	0.0	0.0	0.0	0.0	0.0	0.0	0.0	3.0	0.0	0.0	0.0	0.0	2.0	0.0	0.0	0.0	44.0	0.0	0.0	0.0	0.0	18.0	35.0	11.0	0.0	0.0	7.0	0.0	0.0	37.0	0.0	0.0	0.0	0.0	0.0	11.0	0.0	15.0	19.0	24.0	0.0	24.0	8.0	0.0	25.0	36.0	0.0	0.0	0.0	0.0	0.0	0.0	0.0	9.0	0.0	38.0	0.0	0.0	0.0	0.0	0.0	0.0	0.0	73.0	0.0	0.0	58.0	0.0	0.0	0.0	0.0	0.0	34.0	0.0	0.0	0.0	0.0	18.0	48.0	0.0	0.0	53.0	0.0	0.0	16.0	0.0	0.0	1.0	22.0	0.0	0.0	16.0	0.0	0.0	25.0	0.0	61.0	23.0	0.0	0.0	63.0	0.0	0.0	0.0	18.0	0.0	0.0	0.0	0.0	0.0	8.0	0.0	34.0	0.0	0.0	0.0	0.0	0.0	0.0	0.0	0.0	27.0	0.0	0.0	0.0	0.0	0.0	0.0	0.0	0.0	0.0	29.0	0.0	0.0	0.0	25.0	28.0	0.0	0.0	17.0	21.0	0.0	0.0	0.0	0.0	0.0	0.0	3.0	18.0	0.0	12.0	0.0	0.0	0.0	0.0	0.0	68.0	0.0	15.0	62.0	0.0	0.0	0.0	0.0	12.0	0.0	0.0	0.0	0.0	18.0	22.0	31.0	27.0	0.0	0.0	0.0	0.0	0.0	0.0	0.0	0.0	0.0	7.0	0.0	37.0	19.0	0.0	0.0	0.0	28.0	0.0	0.0	0.0	11.0	0.0	0.0	0.0	0.0	0.0	31.0	0.0	0.0	0.0	25.0	0.0	16.0	0.0	0.0	0.0	0.0	0.0	0.0	0.0	18.0	0.0	0.0	0.0	10.0	0.0	16.0	0.0	0.0	0.0	0.0	68.0	25.0	6.0	16.0	9.0	0.0	0.0	0.0	0.0	37.0	41.0	0.0	24.0	0.0	0.0	0.0	0.0	0.0	0.0	0.0	19.0	0.0	38.0	0.0	0.0	0.0	0.0	0.0	0.0	0.0	0.0	0.0	0.0	0.0	0.0	0.0	0.0	0.0	0.0	42.0	0.0	35.0	0.0	0.0	0.0	0.0	0.0	10.0	0.0	22.0	20.0	0.0	0.0	0.0	0.0	0.0	0.0	42.0	0.0	14.0	0.0	0.0	0.0	0.0	0.0	0.0	0.0	0.0	0.0	0.0	23.0	0.0	0.0	0.0	15.0	0.0	0.0	0.0	0.0	5.0	0.0	0.0	14.0	0.0	0.0	0.0	0.0	0.0	21.0	23.0	0.0	0.0	7.0	20.0	98.0	0.0	18.0	0.0	0.0	0.0	0.0	0.0	0.0	0.0	0.0	0.0	0.0	0.0	0.0	0.0	79.0	1.0	0.0	0.0	0.0	0.0	0.0	0.0	0.0	0.0	0.0	0.0	0.0	13.0	0.0	0.0	62.0	0.0	0.0	0.0	46.0	0.0	0.0	0.0	11.0	0.0	0.0	22.0	0.0	0.0	0.0	0.0	0.0	0.0	0.0	0.0	0.0	14.0	0.0	3.0	0.0	0.0	0.0	0.0	22.0	16.0	0.0	0.0	0.0	0.0	22.0	0.0	27.0	5.0	30.0	18.0	0.0	0.0	0.0	0.0	0.0	30.0	0.0	0.0	9.0	0.0	23.0	0.0	0.0	4.0	0.0	0.0	0.0	0.0	0.0	0.0	31.0	0.0	0.0	0.0	0.0	11.0	20.0	2.0	5.0	0.0	0.0	0.0	0.0	4.0	34.0	0.0	0.0	0.0	0.0	41.0	27.0	0.0	0.0	0.0	0.0	0.0	0.0	0.0	0.0	0.0	0.0	0.0	35.0	0.0	0.0	1.0	0.0	36.0	0.0	9.0	0.0	0.0
s__Lawsonibacter asaccharolyticus (1)	0.0	0.0	0.0	0.0	2.0	0.0	2.0	0.0	0.0	0.0	2.0	5.0	0.0	0.0	0.0	0.0	1.0	0.0	0.0	14.0	0.0	0.0	0.0	2.0	11.0	7.0	0.0	0.0	0.0	0.0	0.0	0.0	2.0	0.0	0.0	129.0	0.0	0.0	0.0	0.0	0.0	0.0	2.0	1.0	0.0	0.0	0.0	1.0	0.0	0.0	0.0	20.0	0.0	2.0	0.0	0.0	0.0	0.0	1.0	0.0	1.0	0.0	0.0	0.0	0.0	20.0	0.0	0.0	3.0	10.0	0.0	0.0	6.0	14.0	0.0	5.0	7.0	0.0	0.0	22.0	14.0	0.0	0.0	0.0	0.0	0.0	0.0	0.0	0.0	0.0	2.0	0.0	0.0	0.0	2.0	0.0	0.0	0.0	0.0	0.0	0.0	0.0	0.0	6.0	0.0	0.0	0.0	0.0	0.0	10.0	0.0	0.0	0.0	0.0	0.0	0.0	0.0	3.0	0.0	2.0	0.0	0.0	0.0	1.0	0.0	5.0	0.0	22.0	1.0	0.0	4.0	5.0	0.0	0.0	4.0	2.0	0.0	0.0	9.0	0.0	0.0	5.0	0.0	10.0	0.0	0.0	0.0	0.0	0.0	0.0	16.0	0.0	6.0	3.0	1.0	0.0	0.0	0.0	0.0	0.0	0.0	0.0	6.0	0.0	0.0	0.0	0.0	19.0	9.0	0.0	0.0	3.0	0.0	0.0	2.0	4.0	0.0	0.0	7.0	5.0	0.0	6.0	0.0	8.0	0.0	0.0	4.0	2.0	0.0	3.0	13.0	0.0	0.0	0.0	4.0	8.0	0.0	0.0	8.0	0.0	3.0	0.0	1.0	26.0	0.0	14.0	0.0	0.0	5.0	0.0	0.0	0.0	0.0	1.0	0.0	1.0	0.0	9.0	21.0	0.0	2.0	0.0	0.0	0.0	0.0	0.0	0.0	0.0	0.0	0.0	1.0	5.0	0.0	0.0	0.0	0.0	7.0	0.0	0.0	0.0	1.0	9.0	0.0	0.0	0.0	0.0	0.0	0.0	4.0	0.0	17.0	0.0	5.0	0.0	0.0	13.0	0.0	19.0	0.0	0.0	0.0	0.0	0.0	15.0	0.0	0.0	9.0	6.0	8.0	0.0	7.0	0.0	0.0	3.0	8.0	5.0	0.0	0.0	0.0	0.0	0.0	0.0	0.0	0.0	0.0	0.0	0.0	0.0	0.0	0.0	9.0	0.0	0.0	0.0	0.0	0.0	9.0	0.0	0.0	0.0	0.0	21.0	3.0	0.0	0.0	3.0	0.0	0.0	0.0	0.0	19.0	0.0	7.0	1.0	6.0	0.0	3.0	0.0	0.0	0.0	0.0	0.0	0.0	3.0	0.0	6.0	0.0	18.0	0.0	0.0	0.0	0.0	0.0	1.0	1.0	0.0	0.0	3.0	14.0	1.0	1.0	2.0	6.0	19.0	1.0	0.0	0.0	0.0	0.0	0.0	0.0	3.0	0.0	0.0	0.0	0.0	0.0	20.0	5.0	0.0	0.0	0.0	3.0	0.0	0.0	0.0	2.0	0.0	1.0	0.0	0.0	0.0	0.0	0.0	0.0	0.0	0.0	0.0	5.0	0.0	0.0	11.0	0.0	0.0	14.0	0.0	1.0	6.0	0.0	1.0	0.0	6.0	2.0	1.0	0.0	1.0	0.0	0.0	0.0	0.0	10.0	0.0	9.0	0.0	0.0	4.0	23.0	0.0	0.0	2.0	0.0	0.0	0.0	0.0	0.0	0.0	0.0	0.0	2.0	9.0	63.0	0.0	0.0	0.0	0.0	0.0	6.0	0.0	0.0	0.0	0.0	0.0	0.0	9.0	0.0	0.0	0.0	0.0	0.0	0.0	0.0	4.0	3.0	0.0	15.0	0.0	0.0	8.0	0.0	0.0	0.0	0.0	0.0	0.0	0.0	12.0	0.0	0.0	0.0	0.0	0.0	7.0	0.0	4.0	0.0	0.0	0.0	0.0	0.0	0.0	0.0	0.0	0.0	11.0	0.0	4.0	3.0	1.0	0.0	0.0	0.0	0.0	0.0
g__Lawsonibacter (1)	0.0	0.0	0.0	0.0	0.0	0.0	0.0	0.0	36.0	0.0	0.0	0.0	78.0	0.0	0.0	0.0	0.0	0.0	0.0	0.0	0.0	0.0	0.0	0.0	11.0	0.0	0.0	0.0	0.0	0.0	0.0	0.0	0.0	20.0	0.0	0.0	0.0	0.0	0.0	45.0	0.0	0.0	17.0	1.0	0.0	0.0	0.0	15.0	0.0	0.0	5.0	3.0	16.0	5.0	51.0	0.0	0.0	0.0	0.0	0.0	0.0	0.0	17.0	0.0	0.0	9.0	0.0	0.0	0.0	0.0	5.0	0.0	0.0	36.0	0.0	0.0	2.0	0.0	0.0	0.0	0.0	0.0	0.0	0.0	0.0	0.0	2.0	13.0	6.0	2.0	13.0	0.0	0.0	0.0	7.0	98.0	0.0	0.0	0.0	0.0	0.0	0.0	0.0	0.0	0.0	0.0	0.0	0.0	0.0	33.0	0.0	0.0	0.0	0.0	0.0	0.0	0.0	0.0	0.0	0.0	0.0	4.0	0.0	0.0	0.0	0.0	0.0	17.0	0.0	0.0	0.0	0.0	0.0	0.0	5.0	0.0	0.0	0.0	13.0	0.0	0.0	14.0	0.0	8.0	0.0	0.0	0.0	1.0	0.0	0.0	33.0	0.0	0.0	2.0	0.0	0.0	0.0	0.0	0.0	0.0	0.0	0.0	2.0	0.0	2.0	0.0	0.0	0.0	0.0	0.0	0.0	6.0	0.0	13.0	0.0	7.0	0.0	0.0	0.0	0.0	0.0	0.0	0.0	23.0	0.0	0.0	0.0	39.0	10.0	25.0	2.0	0.0	0.0	0.0	15.0	0.0	2.0	0.0	0.0	0.0	0.0	17.0	0.0	9.0	0.0	0.0	0.0	0.0	0.0	0.0	0.0	7.0	0.0	0.0	0.0	0.0	0.0	2.0	26.0	5.0	0.0	0.0	0.0	0.0	0.0	0.0	0.0	0.0	0.0	0.0	1.0	0.0	0.0	6.0	21.0	0.0	0.0	0.0	0.0	0.0	0.0	21.0	0.0	26.0	0.0	0.0	79.0	0.0	0.0	0.0	14.0	0.0	0.0	0.0	0.0	8.0	0.0	40.0	0.0	2.0	0.0	0.0	21.0	50.0	0.0	0.0	0.0	0.0	57.0	0.0	1.0	0.0	0.0	0.0	7.0	0.0	0.0	2.0	0.0	0.0	0.0	0.0	0.0	0.0	0.0	0.0	0.0	0.0	0.0	1.0	0.0	0.0	0.0	0.0	0.0	0.0	0.0	14.0	0.0	0.0	0.0	0.0	0.0	0.0	0.0	0.0	0.0	0.0	84.0	23.0	28.0	0.0	0.0	3.0	0.0	0.0	6.0	0.0	0.0	0.0	0.0	0.0	0.0	7.0	0.0	0.0	15.0	0.0	0.0	0.0	11.0	0.0	0.0	3.0	0.0	0.0	0.0	0.0	71.0	0.0	5.0	0.0	0.0	9.0	16.0	0.0	15.0	12.0	0.0	0.0	11.0	0.0	0.0	0.0	0.0	0.0	0.0	8.0	0.0	0.0	0.0	0.0	0.0	0.0	10.0	0.0	3.0	0.0	0.0	0.0	0.0	3.0	0.0	3.0	18.0	0.0	0.0	1.0	2.0	0.0	0.0	3.0	3.0	0.0	0.0	0.0	73.0	0.0	0.0	3.0	27.0	13.0	3.0	14.0	0.0	0.0	0.0	7.0	0.0	72.0	5.0	0.0	24.0	0.0	39.0	4.0	40.0	0.0	0.0	0.0	1.0	0.0	0.0	0.0	0.0	0.0	0.0	44.0	0.0	23.0	0.0	0.0	0.0	0.0	4.0	6.0	10.0	0.0	0.0	0.0	0.0	11.0	0.0	0.0	0.0	0.0	5.0	0.0	0.0	0.0	23.0	0.0	0.0	0.0	0.0	0.0	2.0	0.0	0.0	1.0	0.0	0.0	0.0	0.0	0.0	59.0	0.0	1.0	0.0	0.0	21.0	0.0	0.0	11.0	0.0	8.0	0.0	0.0	0.0	2.0	0.0	0.0	11.0	5.0	0.0	0.0	0.0	13.0	16.0	0.0	0.0	0.0	0.0
g__Pseudoscilispira (1)	0.0	0.0	0.0	0.0	0.0	0.0	1.0	0.0	0.0	0.0	0.0	8.0	0.0	0.0	11.0	0.0	1.0	0.0	0.0	0.0	0.0	0.0	0.0	0.0	5.0	0.0	0.0	0.0	0.0	0.0	0.0	0.0	0.0	0.0	0.0	0.0	0.0	0.0	3.0	0.0	0.0	8.0	0.0	1.0	0.0	0.0	0.0	0.0	0.0	0.0	4.0	1.0	0.0	0.0	20.0	0.0	0.0	0.0	1.0	0.0	0.0	0.0	0.0	0.0	0.0	7.0	2.0	0.0	1.0	0.0	8.0	0.0	3.0	1.0	0.0	0.0	0.0	0.0	0.0	0.0	0.0	0.0	0.0	0.0	0.0	0.0	9.0	0.0	0.0	1.0	5.0	0.0	0.0	0.0	0.0	0.0	0.0	1.0	0.0	0.0	0.0	0.0	0.0	4.0	0.0	0.0	0.0	0.0	0.0	1.0	0.0	0.0	0.0	0.0	0.0	5.0	0.0	0.0	0.0	1.0	2.0	0.0	0.0	0.0	0.0	0.0	0.0	5.0	4.0	0.0	0.0	9.0	0.0	0.0	0.0	0.0	0.0	0.0	0.0	3.0	0.0	0.0	0.0	2.0	0.0	2.0	0.0	0.0	0.0	0.0	0.0	0.0	0.0	2.0	0.0	2.0	0.0	0.0	0.0	2.0	0.0	0.0	0.0	0.0	0.0	0.0	0.0	0.0	2.0	0.0	0.0	0.0	6.0	1.0	0.0	4.0	0.0	0.0	0.0	0.0	0.0	1.0	0.0	0.0	0.0	0.0	1.0	5.0	0.0	5.0	2.0	0.0	0.0	0.0	3.0	6.0	2.0	0.0	0.0	0.0	1.0	1.0	4.0	2.0	0.0	0.0	0.0	1.0	0.0	0.0	0.0	0.0	0.0	0.0	0.0	3.0	1.0	6.0	4.0	2.0	1.0	0.0	0.0	0.0	3.0	0.0	0.0	0.0	0.0	0.0	0.0	3.0	0.0	3.0	2.0	0.0	3.0	0.0	0.0	0.0	0.0	0.0	0.0	0.0	4.0	0.0	0.0	0.0	6.0	0.0	1.0	0.0	0.0	0.0	9.0	8.0	0.0	0.0	0.0	0.0	0.0	3.0	0.0	2.0	0.0	2.0	0.0	0.0	0.0	0.0	0.0	0.0	0.0	4.0	0.0	0.0	2.0	0.0	0.0	0.0	0.0	0.0	4.0	0.0	0.0	0.0	0.0	0.0	0.0	0.0	1.0	0.0	0.0	0.0	0.0	2.0	0.0	0.0	0.0	0.0	0.0	0.0	0.0	0.0	0.0	0.0	2.0	0.0	0.0	0.0	3.0	0.0	2.0	0.0	3.0	0.0	0.0	0.0	0.0	0.0	0.0	0.0	0.0	2.0	0.0	0.0	0.0	0.0	0.0	0.0	0.0	0.0	9.0	0.0	0.0	0.0	0.0	0.0	0.0	5.0	0.0	6.0	0.0	0.0	6.0	2.0	0.0	4.0	3.0	0.0	0.0	0.0	0.0	0.0	0.0	2.0	0.0	4.0	0.0	0.0	0.0	2.0	0.0	4.0	0.0	7.0	0.0	0.0	0.0	0.0	0.0	0.0	0.0	0.0	8.0	0.0	0.0	0.0	1.0	0.0	0.0	0.0	0.0	0.0	2.0	0.0	0.0	0.0	0.0	0.0	0.0	0.0	0.0	2.0	0.0	0.0	0.0	0.0	0.0	0.0	0.0	1.0	3.0	1.0	3.0	0.0	5.0	2.0	4.0	0.0	0.0	0.0	0.0	0.0	0.0	1.0	0.0	7.0	1.0	3.0	0.0	0.0	0.0	0.0	0.0	0.0	5.0	3.0	0.0	2.0	0.0	0.0	0.0	0.0	0.0	0.0	0.0	0.0	0.0	0.0	0.0	2.0	6.0	0.0	0.0	0.0	2.0	0.0	2.0	0.0	0.0	0.0	0.0	0.0	0.0	0.0	0.0	0.0	0.0	0.0	0.0	5.0	6.0	4.0	0.0	0.0	0.0	0.0	0.0	0.0	0.0	0.0	0.0	8.0	0.0	2.0	0.0	0.0	6.0	0.0	0.0	0.0	0.0
s__Pseudoflavonifractor_A gallinarum (1)	0.0	0.0	0.0	0.0	0.0	0.0	0.0	0.0	0.0	0.0	2.0	0.0	32.0	0.0	9.0	0.0	1.0	0.0	2.0	0.0	0.0	0.0	0.0	0.0	0.0	0.0	0.0	0.0	0.0	0.0	0.0	0.0	0.0	0.0	0.0	0.0	0.0	0.0	0.0	0.0	0.0	0.0	29.0	0.0	0.0	0.0	0.0	0.0	0.0	2.0	1.0	0.0	0.0	1.0	0.0	0.0	54.0	0.0	0.0	3.0	0.0	0.0	0.0	0.0	0.0	0.0	0.0	0.0	0.0	0.0	1.0	0.0	0.0	0.0	0.0	0.0	0.0	0.0	0.0	0.0	14.0	6.0	0.0	0.0	4.0	0.0	0.0	0.0	0.0	0.0	0.0	0.0	0.0	0.0	0.0	0.0	0.0	0.0	0.0	0.0	0.0	0.0	5.0	0.0	0.0	6.0	0.0	0.0	0.0	0.0	0.0	0.0	0.0	0.0	0.0	0.0	6.0	0.0	0.0	0.0	0.0	1.0	0.0	0.0	0.0	0.0	0.0	0.0	0.0	0.0	0.0	0.0	0.0	27.0	0.0	0.0	0.0	0.0	0.0	0.0	0.0	0.0	0.0	0.0	0.0	0.0	0.0	0.0	0.0	0.0	8.0	0.0	0.0	7.0	0.0	0.0	0.0	0.0	0.0	0.0	0.0	0.0	0.0	0.0	0.0	0.0	0.0	0.0	0.0	0.0	0.0	0.0	0.0	0.0	0.0	0.0	0.0	0.0	0.0	0.0	0.0	0.0	0.0	0.0	0.0	0.0	0.0	0.0	0.0	0.0	0.0	0.0	0.0	0.0	5.0	1.0	0.0	0.0	0.0	0.0	0.0	0.0	0.0	0.0	0.0	0.0	0.0	0.0	0.0	0.0	0.0	0.0	0.0	0.0	0.0	0.0	0.0	0.0	9.0	4.0	0.0	0.0	0.0	0.0	0.0	0.0	0.0	0.0	0.0	0.0	0.0	0.0	0.0	0.0	0.0	0.0	0.0	0.0	0.0	0.0	0.0	0.0	2.0	2.0	0.0	0.0	0.0	0.0	0.0	0.0	0.0	0.0	0.0	0.0	0.0	0.0	0.0	0.0	0.0	0.0	3.0	2.0	0.0	0.0	0.0	0.0	0.0	0.0	3.0	0.0	0.0	0.0	0.0	0.0	0.0	0.0	0.0	0.0	0.0	0.0	0.0	0.0	3.0	0.0	0.0	0.0	0.0	0.0	7.0	0.0	0.0	0.0	0.0	0.0	0.0	0.0	0.0	0.0	0.0	0.0	0.0	0.0	0.0	0.0	0.0	0.0	0.0	0.0	0.0	7.0	0.0	0.0	0.0	0.0	0.0	0.0	0.0	0.0	0.0	0.0	0.0	0.0	0.0	0.0	0.0	0.0	0.0	0.0	0.0	0.0	10.0	0.0	0.0	3.0	0.0	0.0	0.0	0.0	0.0	4.0	0.0	0.0	0.0	0.0	0.0	0.0	0.0	0.0	0.0	0.0	0.0	0.0	0.0	0.0	0.0	1.0	0.0	1.0	0.0	0.0	0.0	17.0	0.0	0.0	0.0	0.0	0.0	0.0	0.0	0.0	0.0	0.0	0.0	0.0	0.0	0.0	0.0	0.0	0.0	0.0	0.0	0.0	0.0	0.0	1.0	0.0	0.0	0.0	0.0	0.0	3.0	3.0	0.0	0.0	0.0	0.0	0.0	0.0	0.0	0.0	3.0	0.0	0.0	0.0	8.0	0.0	2.0	0.0	0.0	0.0	6.0	0.0	0.0	0.0	0.0	0.0	0.0	0.0	0.0	0.0	6.0	1.0	0.0	0.0	9.0	0.0	0.0	0.0	4.0	0.0	0.0	0.0	0.0	0.0	0.0	10.0	1.0	0.0	0.0	0.0	0.0	0.0	0.0	0.0	0.0	0.0	1.0	0.0	0.0	9.0	0.0	0.0	0.0	0.0	0.0	2.0	0.0	5.0	0.0	0.0	0.0	0.0	0.0	0.0	0.0	0.0	0.0	0.0	0.0	4.0	0.0	0.0	0.0	0.0	0.0	0.0	0.0	0.0	0.0	0.0	0.0	0.0	0.0
s__Lawsonibacter faecis (1)	0.0	0.0	0.0	0.0	3.0	0.0	0.0	0.0	0.0	0.0	0.0	0.0	0.0	0.0	0.0	0.0	12.0	0.0	0.0	8.0	0.0	0.0	0.0	0.0	0.0	0.0	0.0	7.0	7.0	0.0	0.0	0.0	3.0	0.0	0.0	0.0	0.0	0.0	9.0	0.0	0.0	0.0	0.0	4.0	0.0	0.0	0.0	0.0	0.0	0.0	0.0	0.0	0.0	0.0	0.0	0.0	0.0	0.0	0.0	0.0	0.0	0.0	0.0	0.0	0.0	0.0	0.0	0.0	4.0	0.0	10.0	0.0	0.0	0.0	0.0	1.0	0.0	0.0	0.0	0.0	0.0	0.0	0.0	0.0	0.0	0.0	0.0	0.0	0.0	0.0	0.0	0.0	9.0	0.0	0.0	0.0	0.0	0.0	0.0	0.0	0.0	0.0	0.0	0.0	0.0	0.0	8.0	0.0	0.0	2.0	0.0	0.0	0.0	0.0	10.0	21.0	0.0	0.0	0.0	0.0	4.0	0.0	0.0	0.0	0.0	0.0	0.0	0.0	1.0	0.0	3.0	8.0	0.0	0.0	0.0	0.0	0.0	0.0	0.0	0.0	0.0	0.0	0.0	0.0	0.0	0.0	0.0	0.0	0.0	0.0	0.0	0.0	0.0	0.0	0.0	0.0	0.0	0.0	0.0	0.0	0.0	0.0	0.0	0.0	0.0	0.0	0.0	0.0	0.0	0.0	0.0	6.0	2.0	0.0	0.0	0.0	0.0	4.0	0.0	9.0	0.0	0.0	0.0	0.0	0.0	0.0	6.0	0.0	0.0	0.0	1.0	0.0	0.0	0.0	0.0	10.0	0.0	0.0	0.0	0.0	1.0	3.0	0.0	0.0	0.0	0.0	0.0	0.0	0.0	0.0	0.0	0.0	0.0	0.0	0.0	3.0	6.0	0.0	0.0	0.0	0.0	0.0	0.0	0.0	0.0	0.0	3.0	0.0	0.0	0.0	0.0	0.0	0.0	1.0	12.0	0.0	0.0	0.0	0.0	0.0	0.0	0.0	0.0	5.0	0.0	6.0	0.0	0.0	0.0	0.0	0.0	0.0	3.0	0.0	0.0	10.0	0.0	4.0	0.0	2.0	0.0	12.0	0.0	0.0	5.0	0.0	0.0	0.0	0.0	0.0	0.0	0.0	0.0	0.0	0.0	2.0	0.0	0.0	0.0	0.0	0.0	0.0	0.0	0.0	0.0	0.0	0.0	0.0	0.0	0.0	6.0	0.0	0.0	0.0	0.0	0.0	0.0	0.0	0.0	0.0	0.0	0.0	0.0	0.0	0.0	0.0	0.0	0.0	0.0	0.0	5.0	3.0	0.0	0.0	3.0	0.0	6.0	0.0	0.0	0.0	0.0	11.0	0.0	0.0	0.0	0.0	0.0	9.0	0.0	0.0	0.0	0.0	1.0	0.0	5.0	0.0	0.0	1.0	0.0	0.0	0.0	0.0	0.0	0.0	0.0	0.0	0.0	0.0	0.0	0.0	0.0	0.0	0.0	0.0	0.0	0.0	0.0	0.0	0.0	0.0	9.0	0.0	15.0	0.0	0.0	0.0	0.0	0.0	0.0	0.0	0.0	0.0	3.0	0.0	0.0	0.0	0.0	0.0	0.0	0.0	0.0	0.0	0.0	0.0	0.0	0.0	0.0	0.0	0.0	0.0	0.0	0.0	0.0	0.0	0.0	0.0	0.0	0.0	0.0	0.0	0.0	0.0	5.0	0.0	0.0	7.0	0.0	0.0	14.0	2.0	13.0	0.0	0.0	0.0	0.0	2.0	0.0	0.0	0.0	0.0	0.0	0.0	0.0	0.0	0.0	0.0	0.0	0.0	0.0	13.0	0.0	0.0	0.0	0.0	3.0	0.0	0.0	0.0	0.0	0.0	0.0	0.0	0.0	0.0	1.0	5.0	22.0	0.0	0.0	0.0	0.0	0.0	0.0	0.0	0.0	0.0	0.0	0.0	0.0	8.0	11.0	0.0	0.0	0.0	0.0	0.0	0.0	0.0	0.0	0.0	0.0	0.0	0.0	0.0	0.0	4.0	0.0	0.0	0.0	0.0	3.0	3.0	0.0
s__Vescimonas coprocola (1)	3.0	0.0	0.0	13.0	4.0	0.0	0.0	0.0	1.0	0.0	0.0	67.0	0.0	0.0	0.0	0.0	52.0	0.0	0.0	6.0	0.0	0.0	0.0	0.0	14.0	21.0	0.0	30.0	0.0	0.0	0.0	0.0	0.0	0.0	0.0	0.0	0.0	0.0	0.0	0.0	0.0	0.0	0.0	6.0	0.0	0.0	0.0	4.0	0.0	0.0	0.0	34.0	0.0	36.0	51.0	0.0	0.0	0.0	12.0	0.0	6.0	0.0	0.0	0.0	0.0	42.0	15.0	0.0	19.0	49.0	3.0	0.0	0.0	15.0	0.0	3.0	0.0	0.0	0.0	0.0	0.0	0.0	0.0	0.0	21.0	0.0	7.0	0.0	0.0	0.0	0.0	0.0	1.0	0.0	0.0	0.0	0.0	55.0	0.0	0.0	0.0	0.0	0.0	196.0	0.0	0.0	0.0	0.0	0.0	52.0	0.0	0.0	0.0	0.0	1.0	6.0	0.0	0.0	1.0	15.0	7.0	0.0	15.0	14.0	0.0	98.0	0.0	0.0	21.0	1.0	3.0	24.0	0.0	0.0	0.0	2.0	0.0	23.0	39.0	0.0	0.0	0.0	0.0	0.0	0.0	0.0	0.0	5.0	12.0	0.0	0.0	2.0	31.0	2.0	0.0	6.0	0.0	0.0	0.0	29.0	8.0	0.0	63.0	0.0	0.0	0.0	0.0	21.0	0.0	0.0	0.0	9.0	2.0	0.0	3.0	9.0	0.0	15.0	0.0	12.0	0.0	0.0	0.0	0.0	0.0	0.0	5.0	248.0	0.0	9.0	2.0	0.0	0.0	0.0	0.0	3.0	0.0	0.0	0.0	0.0	17.0	4.0	8.0	4.0	0.0	7.0	0.0	3.0	0.0	0.0	0.0	0.0	0.0	3.0	0.0	118.0	0.0	0.0	0.0	3.0	12.0	0.0	0.0	0.0	2.0	0.0	41.0	0.0	0.0	0.0	3.0	0.0	0.0	9.0	10.0	0.0	21.0	0.0	0.0	0.0	1.0	17.0	0.0	0.0	3.0	0.0	0.0	0.0	22.0	0.0	4.0	0.0	0.0	0.0	0.0	53.0	0.0	10.0	0.0	4.0	0.0	0.0	0.0	0.0	38.0	12.0	27.0	4.0	0.0	0.0	10.0	0.0	0.0	29.0	0.0	2.0	0.0	5.0	8.0	0.0	0.0	0.0	5.0	0.0	0.0	0.0	0.0	0.0	0.0	0.0	38.0	0.0	0.0	0.0	20.0	0.0	0.0	34.0	0.0	0.0	0.0	0.0	11.0	0.0	0.0	0.0	6.0	0.0	100.0	0.0	14.0	0.0	58.0	8.0	6.0	4.0	0.0	0.0	0.0	0.0	0.0	0.0	0.0	0.0	0.0	14.0	0.0	0.0	0.0	0.0	0.0	0.0	0.0	0.0	0.0	0.0	0.0	0.0	0.0	17.0	4.0	3.0	11.0	0.0	4.0	0.0	0.0	2.0	12.0	0.0	0.0	0.0	0.0	0.0	0.0	0.0	0.0	5.0	0.0	0.0	0.0	0.0	0.0	0.0	0.0	0.0	4.0	0.0	0.0	0.0	0.0	0.0	7.0	0.0	6.0	0.0	0.0	0.0	2.0	0.0	0.0	202.0	0.0	0.0	0.0	0.0	30.0	0.0	0.0	0.0	0.0	0.0	0.0	0.0	0.0	0.0	5.0	0.0	2.0	0.0	0.0	0.0	16.0	0.0	8.0	0.0	15.0	92.0	0.0	2.0	8.0	0.0	0.0	0.0	0.0	4.0	0.0	0.0	0.0	68.0	0.0	6.0	0.0	0.0	0.0	0.0	23.0	0.0	0.0	4.0	0.0	0.0	0.0	79.0	8.0	0.0	0.0	0.0	0.0	0.0	0.0	5.0	41.0	0.0	4.0	0.0	17.0	0.0	0.0	0.0	0.0	0.0	3.0	0.0	5.0	0.0	0.0	0.0	0.0	5.0	0.0	24.0	62.0	0.0	1.0	0.0	0.0	0.0	0.0	0.0	0.0	0.0	19.0	18.0	0.0	9.0	0.0	0.0	0.0	0.0	0.0	1.0	0.0
s__Flavonifractor plautii (1)	0.0	0.0	3.0	10.0	0.0	46.0	0.0	2.0	7.0	5.0	23.0	14.0	156.0	38.0	36.0	0.0	15.0	0.0	0.0	3.0	15.0	2.0	0.0	0.0	28.0	2.0	33.0	6.0	0.0	93.0	0.0	0.0	0.0	0.0	0.0	61.0	0.0	0.0	21.0	11.0	0.0	22.0	31.0	11.0	51.0	12.0	47.0	21.0	0.0	0.0	21.0	0.0	28.0	12.0	28.0	0.0	71.0	0.0	0.0	10.0	15.0	0.0	26.0	1.0	0.0	6.0	0.0	21.0	7.0	8.0	12.0	0.0	5.0	5.0	2.0	5.0	18.0	0.0	0.0	19.0	33.0	414.0	41.0	2.0	3.0	0.0	5.0	67.0	0.0	6.0	10.0	0.0	0.0	16.0	10.0	0.0	0.0	9.0	47.0	11.0	3.0	3.0	0.0	0.0	3.0	0.0	0.0	12.0	0.0	18.0	74.0	85.0	0.0	0.0	0.0	0.0	23.0	21.0	0.0	17.0	5.0	16.0	29.0	16.0	0.0	19.0	0.0	34.0	0.0	0.0	4.0	14.0	0.0	129.0	26.0	2.0	62.0	11.0	0.0	13.0	84.0	4.0	3.0	94.0	82.0	0.0	0.0	3.0	1.0	0.0	40.0	4.0	11.0	3.0	16.0	11.0	0.0	33.0	0.0	0.0	3.0	9.0	27.0	19.0	16.0	63.0	0.0	8.0	2.0	0.0	0.0	8.0	4.0	0.0	0.0	11.0	0.0	0.0	3.0	0.0	0.0	9.0	12.0	106.0	0.0	0.0	0.0	15.0	122.0	22.0	0.0	2.0	0.0	0.0	414.0	12.0	13.0	0.0	48.0	0.0	0.0	29.0	1.0	19.0	0.0	23.0	8.0	7.0	0.0	0.0	3.0	10.0	0.0	0.0	0.0	10.0	0.0	42.0	49.0	4.0	2.0	1.0	0.0	99.0	8.0	0.0	25.0	0.0	160.0	0.0	0.0	21.0	0.0	7.0	3.0	0.0	1.0	0.0	0.0	0.0	0.0	15.0	0.0	57.0	0.0	0.0	145.0	0.0	14.0	20.0	0.0	0.0	0.0	1.0	118.0	20.0	17.0	26.0	145.0	3.0	0.0	6.0	24.0	34.0	11.0	6.0	0.0	10.0	13.0	8.0	12.0	13.0	0.0	4.0	22.0	0.0	14.0	6.0	0.0	14.0	1.0	33.0	10.0	14.0	0.0	121.0	0.0	0.0	26.0	0.0	0.0	15.0	0.0	9.0	3.0	0.0	10.0	0.0	13.0	0.0	0.0	50.0	0.0	0.0	0.0	4.0	0.0	0.0	7.0	25.0	19.0	0.0	8.0	40.0	0.0	0.0	5.0	0.0	83.0	0.0	0.0	12.0	2.0	0.0	10.0	0.0	0.0	0.0	57.0	0.0	6.0	0.0	5.0	0.0	0.0	139.0	26.0	4.0	359.0	11.0	3.0	5.0	0.0	12.0	33.0	8.0	7.0	11.0	0.0	154.0	7.0	2.0	5.0	35.0	0.0	5.0	0.0	5.0	12.0	0.0	0.0	5.0	9.0	15.0	2.0	0.0	2.0	8.0	15.0	1.0	0.0	0.0	0.0	0.0	22.0	0.0	97.0	17.0	5.0	13.0	1.0	41.0	2.0	0.0	34.0	0.0	11.0	32.0	4.0	20.0	20.0	37.0	25.0	56.0	20.0	1.0	9.0	0.0	92.0	126.0	13.0	0.0	0.0	0.0	9.0	4.0	7.0	2.0	8.0	1.0	2.0	0.0	0.0	18.0	0.0	0.0	0.0	20.0	0.0	26.0	354.0	0.0	0.0	23.0	5.0	13.0	10.0	25.0	11.0	0.0	0.0	19.0	0.0	25.0	2.0	2.0	34.0	9.0	34.0	52.0	0.0	10.0	8.0	10.0	1.0	0.0	33.0	0.0	0.0	7.0	0.0	75.0	5.0	27.0	85.0	72.0	0.0	4.0	0.0	0.0	16.0	0.0	29.0	12.0	0.0	0.0	0.0	0.0	51.0	10.0	83.0	4.0	17.0	13.0	0.0	0.0	14.0	11.0	20.0	74.0	0.0	0.0	81.0
s__Flavonifractor plautii (2)	0.0	48.0	0.0	0.0	0.0	0.0	8.0	0.0	0.0	0.0	0.0	11.0	0.0	0.0	0.0	0.0	0.0	0.0	0.0	0.0	0.0	0.0	0.0	10.0	0.0	0.0	0.0	0.0	0.0	0.0	0.0	0.0	0.0	0.0	0.0	82.0	0.0	0.0	0.0	0.0	0.0	0.0	0.0	0.0	0.0	0.0	0.0	0.0	0.0	0.0	13.0	5.0	0.0	0.0	0.0	0.0	0.0	0.0	0.0	16.0	0.0	0.0	0.0	0.0	0.0	0.0	0.0	6.0	0.0	0.0	6.0	0.0	0.0	0.0	0.0	0.0	0.0	0.0	0.0	0.0	0.0	0.0	0.0	0.0	0.0	0.0	0.0	0.0	5.0	0.0	16.0	0.0	0.0	0.0	6.0	0.0	2.0	0.0	0.0	0.0	0.0	0.0	0.0	0.0	0.0	0.0	0.0	0.0	0.0	0.0	0.0	101.0	0.0	0.0	0.0	0.0	37.0	0.0	0.0	0.0	0.0	0.0	0.0	0.0	0.0	0.0	0.0	0.0	0.0	0.0	0.0	0.0	15.0	0.0	0.0	0.0	0.0	0.0	8.0	0.0	0.0	0.0	0.0	0.0	0.0	0.0	36.0	0.0	0.0	0.0	34.0	0.0	13.0	0.0	7.0	0.0	0.0	0.0	197.0	0.0	0.0	0.0	0.0	0.0	0.0	0.0	0.0	0.0	0.0	0.0	0.0	0.0	0.0	0.0	0.0	0.0	0.0	0.0	0.0	0.0	0.0	0.0	0.0	0.0	0.0	0.0	0.0	22.0	0.0	0.0	0.0	0.0	0.0	0.0	0.0	0.0	0.0	0.0	37.0	0.0	0.0	0.0	0.0	0.0	0.0	27.0	0.0	0.0	0.0	0.0	0.0	0.0	99.0	0.0	0.0	0.0	0.0	0.0	0.0	0.0	0.0	0.0	0.0	0.0	11.0	0.0	0.0	0.0	0.0	0.0	0.0	9.0	0.0	0.0	0.0	0.0	0.0	0.0	0.0	0.0	0.0	0.0	0.0	0.0	0.0	0.0	0.0	0.0	0.0	0.0	21.0	0.0	0.0	0.0	0.0	0.0	0.0	0.0	0.0	0.0	42.0	0.0	45.0	0.0	0.0	0.0	0.0	0.0	17.0	0.0	0.0	0.0	0.0	0.0	0.0	0.0	11.0	0.0	0.0	0.0	0.0	0.0	0.0	0.0	0.0	261.0	0.0	0.0	0.0	0.0	12.0	0.0	0.0	5.0	0.0	0.0	0.0	1.0	0.0	0.0	0.0	0.0	0.0	0.0	0.0	0.0	0.0	0.0	0.0	0.0	0.0	0.0	0.0	0.0	0.0	0.0	0.0	0.0	0.0	0.0	288.0	0.0	0.0	0.0	0.0	0.0	29.0	52.0	0.0	0.0	0.0	127.0	0.0	0.0	0.0	0.0	0.0	0.0	0.0	0.0	0.0	0.0	0.0	17.0	0.0	0.0	0.0	0.0	0.0	0.0	0.0	0.0	0.0	0.0	0.0	4.0	0.0	0.0	0.0	3.0	0.0	7.0	9.0	0.0	0.0	0.0	0.0	0.0	0.0	0.0	0.0	2.0	0.0	0.0	0.0	0.0	0.0	0.0	0.0	0.0	0.0	0.0	0.0	0.0	0.0	0.0	6.0	16.0	0.0	0.0	9.0	0.0	0.0	0.0	7.0	0.0	0.0	7.0	0.0	0.0	0.0	0.0	0.0	0.0	0.0	0.0	13.0	0.0	0.0	0.0	0.0	7.0	0.0	42.0	0.0	0.0	0.0	16.0	0.0	0.0	0.0	0.0	3.0	0.0	0.0	0.0	0.0	0.0	0.0	0.0	40.0	0.0	0.0	0.0	0.0	0.0	0.0	0.0	51.0	0.0	0.0	0.0	0.0	0.0	0.0	0.0	0.0	0.0	0.0	0.0	0.0	0.0	0.0	0.0	0.0	0.0	10.0	0.0	0.0	0.0	33.0	0.0	0.0	0.0	20.0	17.0	0.0	5.0	0.0	0.0	0.0	0.0	0.0	0.0	0.0	0.0	0.0	12.0	29.0	0.0	0.0	0.0	0.0
s__Faecousia sp003525905 (1)	0.0	0.0	0.0	16.0	0.0	0.0	0.0	0.0	0.0	0.0	0.0	0.0	0.0	0.0	0.0	0.0	2.0	0.0	0.0	0.0	0.0	0.0	0.0	0.0	1.0	0.0	0.0	0.0	0.0	0.0	0.0	0.0	0.0	0.0	0.0	0.0	0.0	0.0	0.0	0.0	0.0	0.0	0.0	3.0	0.0	0.0	0.0	4.0	0.0	0.0	0.0	13.0	0.0	0.0	0.0	0.0	0.0	0.0	1.0	0.0	0.0	0.0	0.0	0.0	0.0	5.0	5.0	0.0	7.0	17.0	0.0	0.0	0.0	0.0	0.0	6.0	0.0	0.0	0.0	0.0	0.0	0.0	0.0	0.0	0.0	0.0	5.0	0.0	0.0	0.0	0.0	0.0	0.0	0.0	0.0	0.0	0.0	11.0	0.0	0.0	0.0	0.0	0.0	0.0	0.0	0.0	0.0	0.0	2.0	0.0	0.0	0.0	0.0	0.0	0.0	0.0	0.0	1.0	3.0	0.0	0.0	0.0	0.0	0.0	0.0	10.0	0.0	17.0	0.0	0.0	4.0	0.0	0.0	0.0	0.0	0.0	0.0	0.0	10.0	0.0	0.0	0.0	0.0	0.0	0.0	0.0	0.0	0.0	0.0	0.0	0.0	0.0	5.0	0.0	0.0	0.0	0.0	0.0	0.0	0.0	0.0	0.0	0.0	0.0	0.0	0.0	0.0	1.0	0.0	0.0	0.0	0.0	0.0	0.0	0.0	0.0	0.0	0.0	0.0	1.0	0.0	0.0	0.0	0.0	0.0	0.0	0.0	3.0	0.0	1.0	0.0	0.0	0.0	0.0	0.0	11.0	0.0	0.0	0.0	0.0	0.0	0.0	3.0	0.0	0.0	0.0	0.0	0.0	0.0	0.0	0.0	0.0	0.0	0.0	0.0	0.0	0.0	0.0	0.0	0.0	0.0	0.0	0.0	0.0	0.0	0.0	0.0	0.0	0.0	0.0	0.0	0.0	0.0	0.0	4.0	0.0	3.0	0.0	0.0	0.0	0.0	0.0	0.0	0.0	0.0	0.0	0.0	0.0	0.0	0.0	0.0	0.0	0.0	0.0	0.0	0.0	0.0	0.0	0.0	0.0	0.0	0.0	0.0	0.0	11.0	0.0	0.0	2.0	0.0	0.0	0.0	0.0	0.0	0.0	0.0	0.0	0.0	0.0	1.0	0.0	0.0	0.0	0.0	0.0	0.0	0.0	0.0	0.0	0.0	3.0	0.0	0.0	0.0	0.0	2.0	3.0	0.0	0.0	0.0	0.0	0.0	0.0	2.0	0.0	0.0	0.0	0.0	0.0	0.0	0.0	0.0	0.0	3.0	0.0	0.0	0.0	0.0	0.0	0.0	0.0	0.0	0.0	0.0	0.0	0.0	0.0	0.0	0.0	0.0	0.0	0.0	0.0	0.0	0.0	0.0	0.0	0.0	0.0	0.0	0.0	2.0	0.0	0.0	0.0	0.0	1.0	0.0	0.0	0.0	0.0	0.0	0.0	0.0	0.0	0.0	0.0	0.0	0.0	0.0	0.0	0.0	0.0	0.0	0.0	0.0	0.0	0.0	0.0	0.0	0.0	0.0	0.0	0.0	0.0	0.0	6.0	0.0	0.0	0.0	0.0	0.0	0.0	0.0	0.0	0.0	0.0	0.0	0.0	0.0	0.0	0.0	0.0	0.0	0.0	0.0	0.0	16.0	0.0	0.0	0.0	0.0	0.0	0.0	0.0	0.0	4.0	0.0	0.0	0.0	0.0	0.0	0.0	0.0	0.0	0.0	0.0	0.0	0.0	0.0	0.0	0.0	0.0	0.0	0.0	0.0	0.0	0.0	0.0	0.0	5.0	0.0	0.0	0.0	0.0	0.0	0.0	0.0	0.0	0.0	0.0	0.0	0.0	6.0	0.0	0.0	0.0	0.0	1.0	0.0	0.0	0.0	0.0	0.0	0.0	0.0	0.0	0.0	0.0	0.0	0.0	0.0	0.0	0.0	0.0	0.0	0.0	0.0	0.0	0.0	0.0	0.0	0.0	0.0	24.0	0.0	2.0	0.0	0.0	5.0	0.0	0.0	0.0	0.0
s__CAG-170 sp900549635 (1)	0.0	0.0	0.0	0.0	0.0	0.0	0.0	0.0	0.0	0.0	0.0	0.0	0.0	0.0	0.0	0.0	9.0	0.0	0.0	3.0	0.0	0.0	0.0	0.0	0.0	0.0	0.0	0.0	0.0	0.0	0.0	0.0	0.0	0.0	0.0	0.0	4.0	0.0	0.0	0.0	0.0	0.0	0.0	0.0	0.0	0.0	0.0	0.0	0.0	0.0	0.0	22.0	0.0	0.0	0.0	0.0	0.0	4.0	0.0	0.0	0.0	0.0	0.0	0.0	0.0	0.0	0.0	0.0	0.0	47.0	4.0	0.0	0.0	0.0	0.0	0.0	0.0	0.0	0.0	0.0	0.0	0.0	0.0	0.0	0.0	0.0	4.0	0.0	0.0	0.0	0.0	0.0	0.0	0.0	0.0	0.0	0.0	28.0	0.0	0.0	0.0	0.0	0.0	32.0	0.0	0.0	0.0	0.0	6.0	0.0	0.0	0.0	0.0	0.0	0.0	20.0	0.0	0.0	0.0	3.0	0.0	0.0	0.0	0.0	0.0	5.0	0.0	0.0	13.0	0.0	18.0	0.0	0.0	0.0	0.0	0.0	0.0	0.0	0.0	0.0	0.0	0.0	0.0	0.0	0.0	0.0	0.0	0.0	1.0	0.0	0.0	0.0	0.0	0.0	0.0	6.0	0.0	0.0	0.0	0.0	0.0	0.0	57.0	0.0	0.0	0.0	22.0	0.0	0.0	0.0	14.0	0.0	5.0	0.0	0.0	0.0	0.0	0.0	0.0	0.0	0.0	1.0	0.0	0.0	0.0	0.0	0.0	0.0	0.0	0.0	135.0	0.0	0.0	0.0	0.0	0.0	0.0	0.0	0.0	0.0	35.0	0.0	21.0	0.0	0.0	0.0	0.0	0.0	1.0	0.0	0.0	0.0	0.0	0.0	0.0	0.0	11.0	0.0	0.0	0.0	0.0	0.0	0.0	0.0	0.0	0.0	0.0	0.0	0.0	0.0	0.0	0.0	0.0	0.0	1.0	0.0	0.0	0.0	0.0	0.0	0.0	0.0	0.0	0.0	0.0	10.0	0.0	0.0	0.0	0.0	0.0	0.0	12.0	0.0	0.0	0.0	0.0	0.0	0.0	0.0	0.0	0.0	0.0	0.0	5.0	0.0	0.0	11.0	0.0	0.0	0.0	0.0	0.0	9.0	0.0	0.0	0.0	0.0	0.0	0.0	0.0	0.0	0.0	0.0	0.0	0.0	0.0	0.0	0.0	21.0	0.0	0.0	0.0	0.0	21.0	0.0	0.0	0.0	0.0	0.0	0.0	0.0	0.0	0.0	3.0	0.0	0.0	0.0	0.0	0.0	0.0	0.0	0.0	0.0	0.0	0.0	0.0	0.0	0.0	0.0	0.0	0.0	0.0	0.0	0.0	0.0	0.0	0.0	0.0	24.0	0.0	0.0	36.0	0.0	5.0	0.0	0.0	8.0	0.0	0.0	0.0	0.0	0.0	0.0	0.0	0.0	0.0	0.0	3.0	0.0	0.0	0.0	0.0	0.0	0.0	0.0	0.0	0.0	0.0	0.0	0.0	0.0	0.0	0.0	0.0	45.0	0.0	0.0	0.0	0.0	0.0	0.0	0.0	0.0	0.0	8.0	0.0	0.0	5.0	0.0	0.0	0.0	0.0	0.0	0.0	0.0	0.0	0.0	0.0	0.0	0.0	0.0	0.0	0.0	0.0	0.0	39.0	0.0	0.0	0.0	0.0	0.0	0.0	0.0	0.0	33.0	0.0	8.0	0.0	43.0	0.0	0.0	0.0	0.0	0.0	0.0	0.0	0.0	0.0	0.0	0.0	0.0	0.0	0.0	0.0	0.0	4.0	0.0	0.0	0.0	0.0	0.0	0.0	0.0	0.0	0.0	0.0	0.0	0.0	0.0	0.0	11.0	0.0	0.0	75.0	34.0	0.0	0.0	0.0	0.0	0.0	0.0	0.0	0.0	0.0	0.0	0.0	0.0	0.0	6.0	0.0	0.0	0.0	0.0	0.0	0.0	0.0	0.0	0.0	0.0	0.0	0.0	0.0	0.0	0.0	5.0	0.0	0.0	2.0	0.0	4.0	0.0	0.0
s__Guopingia tenuis (1)	0.0	0.0	0.0	0.0	0.0	0.0	2.0	0.0	0.0	0.0	0.0	0.0	0.0	0.0	0.0	0.0	0.0	0.0	0.0	0.0	0.0	0.0	0.0	0.0	4.0	0.0	0.0	0.0	0.0	0.0	0.0	0.0	3.0	0.0	0.0	0.0	0.0	0.0	0.0	0.0	0.0	0.0	0.0	0.0	0.0	0.0	0.0	2.0	0.0	0.0	2.0	8.0	0.0	5.0	0.0	0.0	0.0	0.0	1.0	0.0	0.0	0.0	0.0	0.0	0.0	0.0	0.0	0.0	3.0	2.0	1.0	0.0	0.0	0.0	0.0	7.0	0.0	0.0	0.0	0.0	6.0	0.0	0.0	0.0	0.0	0.0	0.0	0.0	0.0	0.0	0.0	0.0	0.0	0.0	0.0	0.0	0.0	1.0	0.0	0.0	0.0	0.0	0.0	2.0	0.0	0.0	0.0	0.0	0.0	2.0	0.0	0.0	0.0	0.0	0.0	0.0	0.0	2.0	0.0	3.0	0.0	0.0	0.0	0.0	0.0	0.0	0.0	3.0	7.0	0.0	5.0	5.0	0.0	0.0	0.0	1.0	0.0	0.0	0.0	0.0	0.0	0.0	0.0	0.0	0.0	0.0	0.0	0.0	4.0	0.0	0.0	0.0	2.0	0.0	0.0	1.0	0.0	0.0	0.0	0.0	0.0	0.0	0.0	0.0	0.0	0.0	9.0	0.0	0.0	0.0	0.0	0.0	0.0	0.0	0.0	7.0	0.0	0.0	0.0	0.0	0.0	1.0	0.0	1.0	0.0	0.0	5.0	6.0	7.0	0.0	1.0	0.0	0.0	0.0	0.0	1.0	0.0	0.0	2.0	0.0	0.0	0.0	6.0	0.0	0.0	0.0	0.0	0.0	0.0	0.0	0.0	0.0	0.0	0.0	0.0	0.0	0.0	5.0	0.0	0.0	0.0	0.0	0.0	0.0	3.0	0.0	0.0	0.0	0.0	0.0	0.0	0.0	0.0	0.0	0.0	0.0	3.0	0.0	0.0	0.0	0.0	0.0	0.0	0.0	0.0	0.0	7.0	0.0	0.0	0.0	3.0	0.0	0.0	0.0	0.0	0.0	0.0	0.0	0.0	0.0	0.0	0.0	0.0	0.0	7.0	0.0	4.0	0.0	0.0	0.0	0.0	0.0	0.0	4.0	12.0	1.0	0.0	0.0	0.0	0.0	0.0	0.0	0.0	0.0	0.0	0.0	0.0	0.0	0.0	0.0	0.0	0.0	0.0	0.0	0.0	1.0	0.0	0.0	0.0	0.0	0.0	0.0	0.0	0.0	0.0	0.0	0.0	0.0	15.0	0.0	2.0	0.0	0.0	0.0	0.0	0.0	0.0	0.0	0.0	0.0	0.0	5.0	0.0	0.0	0.0	0.0	0.0	2.0	0.0	0.0	0.0	0.0	0.0	0.0	8.0	0.0	0.0	0.0	0.0	0.0	0.0	0.0	0.0	9.0	0.0	0.0	0.0	0.0	0.0	0.0	0.0	0.0	0.0	0.0	0.0	0.0	0.0	0.0	0.0	0.0	0.0	0.0	3.0	0.0	0.0	8.0	0.0	0.0	0.0	0.0	0.0	0.0	0.0	0.0	0.0	2.0	0.0	0.0	0.0	0.0	0.0	0.0	0.0	0.0	0.0	0.0	0.0	0.0	0.0	0.0	0.0	3.0	0.0	0.0	0.0	0.0	3.0	0.0	0.0	0.0	3.0	0.0	0.0	0.0	0.0	3.0	1.0	2.0	0.0	2.0	0.0	0.0	0.0	0.0	0.0	1.0	0.0	0.0	0.0	0.0	0.0	0.0	0.0	0.0	0.0	0.0	2.0	0.0	0.0	0.0	0.0	3.0	0.0	5.0	0.0	0.0	0.0	0.0	0.0	0.0	0.0	0.0	6.0	0.0	29.0	0.0	0.0	0.0	0.0	0.0	0.0	0.0	0.0	0.0	0.0	0.0	0.0	0.0	0.0	0.0	0.0	0.0	0.0	0.0	0.0	0.0	0.0	0.0	0.0	0.0	0.0	0.0	0.0	2.0	0.0	5.0	0.0	0.0	1.0	0.0	0.0	0.0	0.0
s__Phascolarctobacterium faecium (1)	15.0	0.0	5.0	0.0	5.0	0.0	0.0	0.0	272.0	0.0	0.0	0.0	0.0	0.0	381.0	0.0	346.0	0.0	0.0	0.0	694.0	0.0	0.0	47.0	0.0	0.0	0.0	71.0	1.0	0.0	0.0	0.0	1.0	0.0	0.0	44.0	0.0	0.0	0.0	0.0	0.0	0.0	0.0	213.0	0.0	0.0	0.0	58.0	0.0	0.0	336.0	166.0	69.0	138.0	0.0	0.0	0.0	0.0	0.0	0.0	3.0	0.0	0.0	3.0	0.0	540.0	0.0	0.0	114.0	130.0	0.0	0.0	58.0	0.0	1.0	0.0	0.0	0.0	0.0	0.0	0.0	1.0	238.0	0.0	554.0	0.0	0.0	0.0	0.0	0.0	437.0	0.0	0.0	0.0	119.0	0.0	0.0	375.0	0.0	0.0	0.0	32.0	0.0	0.0	0.0	68.0	0.0	177.0	1.0	46.0	0.0	0.0	0.0	0.0	0.0	0.0	0.0	0.0	2.0	2.0	0.0	0.0	0.0	339.0	0.0	0.0	1.0	151.0	0.0	0.0	17.0	744.0	0.0	0.0	0.0	0.0	0.0	0.0	0.0	0.0	0.0	437.0	0.0	2.0	0.0	1.0	77.0	19.0	0.0	0.0	0.0	0.0	39.0	116.0	0.0	232.0	27.0	0.0	0.0	6.0	0.0	67.0	0.0	0.0	0.0	0.0	0.0	0.0	8.0	0.0	0.0	237.0	0.0	0.0	1.0	0.0	0.0	8.0	0.0	0.0	0.0	0.0	0.0	0.0	43.0	0.0	0.0	0.0	127.0	475.0	0.0	0.0	0.0	1.0	0.0	0.0	147.0	0.0	3.0	0.0	391.0	0.0	6.0	0.0	0.0	2.0	0.0	0.0	5.0	0.0	41.0	0.0	1.0	0.0	0.0	0.0	231.0	0.0	12.0	90.0	0.0	0.0	5.0	0.0	0.0	329.0	0.0	0.0	1.0	0.0	0.0	0.0	0.0	202.0	607.0	0.0	0.0	0.0	71.0	0.0	133.0	121.0	0.0	0.0	200.0	0.0	0.0	0.0	0.0	0.0	0.0	0.0	0.0	0.0	208.0	0.0	0.0	0.0	0.0	174.0	0.0	0.0	219.0	315.0	0.0	13.0	0.0	0.0	0.0	0.0	0.0	0.0	0.0	4.0	46.0	0.0	1.0	0.0	273.0	8.0	0.0	0.0	0.0	275.0	0.0	0.0	0.0	0.0	0.0	0.0	0.0	0.0	0.0	116.0	29.0	0.0	17.0	0.0	0.0	0.0	0.0	0.0	51.0	0.0	0.0	116.0	140.0	0.0	16.0	0.0	115.0	0.0	0.0	0.0	0.0	0.0	15.0	0.0	0.0	0.0	0.0	124.0	223.0	275.0	0.0	419.0	0.0	196.0	0.0	0.0	0.0	0.0	0.0	0.0	0.0	0.0	0.0	0.0	2.0	0.0	635.0	0.0	85.0	0.0	273.0	0.0	2.0	0.0	154.0	0.0	26.0	1.0	0.0	0.0	0.0	0.0	0.0	208.0	0.0	0.0	0.0	25.0	0.0	0.0	0.0	0.0	226.0	0.0	99.0	0.0	0.0	1.0	0.0	0.0	0.0	4.0	0.0	0.0	250.0	0.0	20.0	0.0	30.0	0.0	95.0	0.0	351.0	0.0	708.0	0.0	0.0	0.0	0.0	0.0	1245.0	0.0	0.0	0.0	0.0	0.0	207.0	1.0	594.0	0.0	174.0	0.0	0.0	0.0	453.0	2.0	0.0	0.0	0.0	0.0	0.0	1.0	0.0	0.0	1.0	0.0	0.0	0.0	51.0	0.0	0.0	0.0	0.0	50.0	0.0	5.0	0.0	0.0	0.0	216.0	257.0	0.0	149.0	1.0	1.0	0.0	220.0	2.0	0.0	0.0	0.0	0.0	0.0	134.0	38.0	0.0	0.0	0.0	0.0	0.0	0.0	442.0	189.0	0.0	0.0	615.0	0.0	0.0	11.0	0.0	0.0	55.0	0.0	27.0	0.0	45.0	801.0	0.0	0.0	152.0	1.0	107.0	0.0	0.0	0.0	0.0	0.0	1.0	0.0
g__Dialister (1)	2.0	0.0	0.0	0.0	0.0	0.0	0.0	0.0	0.0	0.0	0.0	0.0	0.0	0.0	0.0	0.0	0.0	0.0	383.0	150.0	0.0	0.0	0.0	0.0	0.0	0.0	52.0	0.0	0.0	115.0	0.0	14.0	0.0	0.0	0.0	0.0	0.0	0.0	197.0	0.0	0.0	0.0	20.0	0.0	61.0	0.0	0.0	0.0	0.0	0.0	0.0	0.0	0.0	0.0	0.0	0.0	129.0	0.0	0.0	0.0	0.0	1.0	0.0	0.0	0.0	0.0	0.0	0.0	0.0	492.0	0.0	6.0	0.0	0.0	0.0	0.0	0.0	0.0	258.0	0.0	87.0	0.0	0.0	0.0	0.0	0.0	0.0	0.0	0.0	0.0	0.0	0.0	45.0	0.0	0.0	0.0	0.0	0.0	0.0	0.0	0.0	0.0	0.0	0.0	0.0	0.0	0.0	0.0	221.0	605.0	0.0	0.0	0.0	0.0	0.0	0.0	0.0	60.0	0.0	0.0	0.0	0.0	0.0	0.0	0.0	0.0	0.0	0.0	0.0	0.0	680.0	0.0	0.0	0.0	0.0	223.0	0.0	0.0	156.0	0.0	0.0	0.0	0.0	0.0	0.0	0.0	0.0	0.0	0.0	0.0	16.0	1.0	0.0	0.0	0.0	0.0	0.0	0.0	0.0	0.0	0.0	0.0	0.0	0.0	0.0	0.0	0.0	0.0	0.0	0.0	0.0	0.0	0.0	0.0	0.0	0.0	0.0	0.0	38.0	95.0	0.0	77.0	0.0	98.0	0.0	0.0	0.0	0.0	0.0	0.0	0.0	0.0	0.0	0.0	0.0	0.0	0.0	0.0	0.0	0.0	0.0	0.0	0.0	0.0	0.0	0.0	0.0	0.0	548.0	0.0	0.0	0.0	0.0	0.0	0.0	0.0	0.0	275.0	0.0	0.0	0.0	5.0	0.0	0.0	0.0	0.0	0.0	0.0	0.0	0.0	0.0	0.0	0.0	0.0	0.0	0.0	0.0	0.0	0.0	0.0	0.0	0.0	0.0	194.0	0.0	0.0	0.0	0.0	0.0	0.0	122.0	0.0	0.0	182.0	0.0	128.0	0.0	0.0	0.0	42.0	0.0	0.0	0.0	0.0	0.0	0.0	244.0	0.0	0.0	0.0	0.0	82.0	0.0	0.0	0.0	0.0	0.0	0.0	0.0	0.0	0.0	213.0	0.0	0.0	0.0	0.0	0.0	0.0	0.0	0.0	564.0	0.0	0.0	20.0	0.0	0.0	28.0	0.0	0.0	0.0	0.0	0.0	4.0	0.0	0.0	0.0	0.0	0.0	170.0	0.0	0.0	0.0	0.0	84.0	0.0	0.0	107.0	0.0	0.0	0.0	0.0	0.0	0.0	0.0	0.0	0.0	0.0	0.0	0.0	114.0	0.0	0.0	0.0	146.0	0.0	31.0	0.0	0.0	0.0	0.0	0.0	1046.0	0.0	0.0	0.0	0.0	0.0	0.0	0.0	0.0	0.0	0.0	0.0	0.0	0.0	0.0	0.0	0.0	0.0	50.0	0.0	0.0	0.0	0.0	0.0	0.0	0.0	0.0	0.0	0.0	0.0	0.0	0.0	0.0	0.0	46.0	0.0	0.0	0.0	0.0	0.0	0.0	0.0	0.0	0.0	0.0	0.0	0.0	0.0	0.0	0.0	126.0	10.0	468.0	0.0	0.0	0.0	0.0	0.0	0.0	0.0	0.0	0.0	0.0	0.0	0.0	0.0	550.0	0.0	0.0	0.0	0.0	0.0	0.0	0.0	0.0	0.0	0.0	0.0	0.0	0.0	0.0	0.0	0.0	0.0	0.0	0.0	0.0	160.0	0.0	0.0	0.0	0.0	0.0	0.0	0.0	0.0	0.0	0.0	0.0	0.0	0.0	73.0	0.0	314.0	158.0	0.0	0.0	0.0	0.0	0.0	0.0	0.0	18.0	0.0	0.0	0.0	0.0	0.0	0.0	0.0	0.0	379.0	0.0	0.0	0.0	0.0	0.0	0.0	0.0	0.0	0.0	176.0	0.0	0.0	0.0	0.0	0.0	0.0	0.0	0.0	0.0	0.0
s__Veillonella hominis (1)	10.0	27.0	66.0	0.0	0.0	1.0	0.0	0.0	8.0	0.0	1.0	0.0	0.0	0.0	0.0	0.0	0.0	0.0	0.0	0.0	0.0	0.0	0.0	0.0	0.0	0.0	0.0	0.0	0.0	0.0	0.0	23.0	0.0	0.0	0.0	60.0	13.0	17.0	0.0	0.0	51.0	12.0	13.0	0.0	0.0	36.0	0.0	0.0	0.0	0.0	0.0	0.0	0.0	0.0	0.0	15.0	0.0	0.0	0.0	0.0	0.0	9.0	0.0	0.0	0.0	0.0	0.0	4884.0	0.0	0.0	0.0	0.0	0.0	0.0	0.0	0.0	0.0	0.0	0.0	0.0	0.0	0.0	4.0	3.0	0.0	133.0	0.0	3.0	8.0	8.0	0.0	837.0	0.0	20.0	0.0	0.0	0.0	0.0	133.0	0.0	0.0	0.0	0.0	0.0	12.0	0.0	0.0	0.0	0.0	0.0	133.0	0.0	0.0	0.0	0.0	0.0	35.0	0.0	0.0	0.0	0.0	304.0	206.0	0.0	0.0	0.0	0.0	0.0	0.0	9.0	0.0	0.0	0.0	0.0	0.0	0.0	17.0	0.0	0.0	0.0	69.0	0.0	0.0	0.0	8.0	10.0	0.0	0.0	0.0	133.0	6.0	0.0	12.0	0.0	0.0	0.0	0.0	6.0	0.0	0.0	0.0	8.0	0.0	0.0	18.0	25.0	0.0	0.0	0.0	0.0	0.0	14.0	2.0	0.0	0.0	0.0	224.0	0.0	0.0	0.0	0.0	13.0	0.0	0.0	0.0	0.0	0.0	0.0	0.0	0.0	0.0	197.0	95.0	18.0	0.0	0.0	6.0	1.0	49.0	0.0	0.0	0.0	0.0	0.0	0.0	61.0	0.0	0.0	4.0	0.0	12.0	0.0	0.0	0.0	279.0	0.0	0.0	0.0	0.0	9.0	0.0	0.0	28.0	12.0	3.0	0.0	0.0	3.0	106.0	4.0	8.0	0.0	18.0	0.0	0.0	0.0	0.0	2.0	0.0	7.0	0.0	0.0	15.0	0.0	0.0	0.0	0.0	0.0	0.0	0.0	0.0	1.0	0.0	0.0	0.0	0.0	4.0	0.0	0.0	0.0	0.0	6.0	0.0	0.0	0.0	0.0	0.0	0.0	0.0	33.0	9.0	0.0	996.0	0.0	0.0	0.0	0.0	0.0	0.0	0.0	1851.0	0.0	0.0	0.0	50.0	0.0	274.0	173.0	0.0	0.0	0.0	0.0	0.0	12.0	0.0	0.0	0.0	0.0	0.0	0.0	125.0	0.0	0.0	0.0	0.0	0.0	0.0	0.0	0.0	0.0	0.0	0.0	0.0	0.0	0.0	0.0	0.0	0.0	412.0	89.0	15.0	0.0	0.0	0.0	0.0	0.0	87.0	0.0	5.0	0.0	40.0	468.0	0.0	71.0	0.0	0.0	219.0	0.0	0.0	0.0	2.0	0.0	0.0	0.0	0.0	0.0	0.0	11.0	0.0	146.0	0.0	0.0	0.0	0.0	2.0	0.0	0.0	0.0	0.0	0.0	0.0	0.0	53.0	0.0	0.0	0.0	0.0	10.0	0.0	0.0	0.0	0.0	0.0	0.0	0.0	0.0	219.0	2.0	0.0	0.0	0.0	0.0	0.0	0.0	0.0	0.0	4.0	0.0	0.0	0.0	0.0	8.0	0.0	5.0	0.0	0.0	0.0	0.0	0.0	0.0	0.0	16.0	0.0	0.0	0.0	0.0	0.0	0.0	0.0	0.0	4.0	294.0	0.0	244.0	0.0	0.0	0.0	0.0	0.0	0.0	0.0	0.0	0.0	4.0	0.0	4.0	5.0	6.0	0.0	0.0	4.0	0.0	35.0	0.0	4.0	0.0	0.0	6.0	22.0	5.0	5.0	0.0	0.0	0.0	0.0	0.0	0.0	0.0	0.0	0.0	0.0	17.0	13.0	10.0	168.0	0.0	0.0	0.0	136.0	0.0	0.0	0.0	11.0	0.0	0.0	4.0	15.0	0.0	0.0	0.0	0.0	0.0	0.0	0.0	16.0	0.0	8.0	0.0	0.0	146.0	0.0	0.0	301.0
s__Veillonella tobetsuensis (1)	0.0	10.0	74.0	0.0	0.0	0.0	0.0	0.0	0.0	0.0	0.0	0.0	0.0	0.0	0.0	0.0	0.0	0.0	0.0	0.0	0.0	0.0	0.0	0.0	0.0	0.0	0.0	0.0	0.0	0.0	0.0	0.0	0.0	0.0	0.0	0.0	0.0	0.0	0.0	0.0	49.0	7.0	0.0	0.0	0.0	0.0	0.0	0.0	0.0	0.0	0.0	0.0	0.0	4.0	0.0	16.0	0.0	0.0	0.0	0.0	0.0	0.0	0.0	0.0	0.0	0.0	0.0	0.0	0.0	0.0	0.0	0.0	0.0	0.0	2.0	0.0	0.0	0.0	0.0	0.0	0.0	0.0	0.0	0.0	0.0	0.0	0.0	0.0	0.0	0.0	0.0	12.0	0.0	0.0	0.0	0.0	0.0	0.0	114.0	8.0	0.0	0.0	0.0	0.0	0.0	0.0	0.0	0.0	0.0	0.0	15.0	0.0	0.0	0.0	0.0	0.0	0.0	0.0	0.0	0.0	0.0	0.0	0.0	0.0	0.0	0.0	0.0	0.0	0.0	11.0	0.0	0.0	0.0	0.0	0.0	0.0	0.0	0.0	0.0	0.0	0.0	0.0	0.0	0.0	46.0	0.0	0.0	0.0	0.0	0.0	0.0	0.0	11.0	0.0	0.0	0.0	0.0	14.0	0.0	0.0	0.0	0.0	0.0	0.0	0.0	0.0	0.0	0.0	0.0	0.0	0.0	0.0	0.0	0.0	0.0	0.0	13.0	0.0	0.0	0.0	0.0	0.0	0.0	0.0	0.0	0.0	0.0	0.0	0.0	0.0	0.0	0.0	3.0	13.0	0.0	0.0	4.0	0.0	0.0	0.0	0.0	0.0	0.0	0.0	0.0	2.0	0.0	0.0	0.0	0.0	0.0	0.0	0.0	0.0	0.0	0.0	0.0	2.0	0.0	0.0	0.0	0.0	0.0	9.0	0.0	0.0	0.0	0.0	10.0	0.0	0.0	0.0	0.0	0.0	0.0	0.0	0.0	0.0	0.0	0.0	0.0	0.0	0.0	0.0	0.0	0.0	3.0	0.0	0.0	0.0	0.0	0.0	0.0	0.0	0.0	0.0	0.0	0.0	0.0	0.0	0.0	0.0	0.0	0.0	0.0	0.0	0.0	0.0	0.0	0.0	0.0	0.0	5.0	0.0	0.0	0.0	0.0	0.0	0.0	0.0	0.0	0.0	0.0	0.0	101.0	0.0	13.0	197.0	0.0	0.0	0.0	0.0	0.0	4.0	0.0	0.0	0.0	0.0	0.0	0.0	24.0	0.0	0.0	0.0	0.0	0.0	0.0	29.0	0.0	0.0	0.0	0.0	0.0	0.0	0.0	0.0	0.0	0.0	0.0	0.0	3.0	0.0	0.0	0.0	0.0	0.0	5.0	0.0	0.0	0.0	12.0	0.0	0.0	4.0	0.0	0.0	1.0	0.0	0.0	0.0	0.0	0.0	0.0	0.0	0.0	0.0	0.0	6.0	3.0	0.0	0.0	0.0	0.0	0.0	0.0	0.0	2.0	0.0	0.0	10.0	0.0	0.0	0.0	0.0	0.0	0.0	0.0	0.0	0.0	0.0	0.0	0.0	0.0	0.0	1.0	0.0	53.0	9.0	0.0	0.0	0.0	0.0	0.0	0.0	0.0	0.0	6.0	0.0	0.0	0.0	0.0	0.0	0.0	0.0	0.0	0.0	0.0	0.0	0.0	0.0	0.0	0.0	0.0	0.0	0.0	0.0	0.0	0.0	0.0	0.0	0.0	0.0	2.0	0.0	0.0	0.0	0.0	0.0	0.0	0.0	0.0	0.0	0.0	0.0	0.0	0.0	0.0	7.0	0.0	0.0	0.0	0.0	29.0	0.0	0.0	0.0	0.0	0.0	659.0	0.0	0.0	0.0	0.0	0.0	0.0	0.0	0.0	0.0	0.0	0.0	0.0	24.0	0.0	0.0	62.0	0.0	0.0	13.0	0.0	0.0	0.0	0.0	0.0	0.0	0.0	0.0	0.0	0.0	7.0	0.0	0.0	0.0	0.0	0.0	0.0	0.0	0.0	0.0	0.0	20.0	7.0	0.0	478.0
g__Veillonella (1)	0.0	10.0	573.0	4.0	0.0	0.0	0.0	0.0	0.0	6.0	0.0	0.0	0.0	0.0	0.0	0.0	0.0	0.0	0.0	0.0	0.0	0.0	0.0	0.0	1.0	0.0	12.0	0.0	22.0	0.0	17.0	0.0	16.0	0.0	0.0	0.0	54.0	0.0	0.0	0.0	7.0	0.0	50.0	0.0	0.0	0.0	6.0	0.0	14.0	0.0	0.0	5.0	0.0	1.0	3.0	1458.0	3.0	8.0	0.0	0.0	0.0	0.0	0.0	0.0	0.0	0.0	7.0	113.0	1.0	2.0	0.0	1.0	17.0	0.0	11.0	0.0	2.0	104.0	4.0	0.0	0.0	0.0	14.0	0.0	16.0	3.0	3.0	16.0	27.0	4.0	0.0	289.0	8.0	0.0	0.0	0.0	35.0	0.0	0.0	14.0	0.0	0.0	0.0	0.0	0.0	2.0	29.0	12.0	3.0	0.0	194.0	2.0	0.0	50.0	48.0	0.0	23.0	0.0	5.0	0.0	7.0	0.0	0.0	0.0	0.0	0.0	0.0	0.0	0.0	28.0	0.0	0.0	0.0	0.0	6.0	0.0	0.0	12.0	0.0	20.0	0.0	0.0	0.0	0.0	4.0	0.0	2.0	7.0	0.0	0.0	0.0	0.0	0.0	1.0	10.0	0.0	0.0	183.0	0.0	0.0	2.0	19.0	0.0	0.0	0.0	0.0	0.0	0.0	7.0	0.0	15.0	0.0	0.0	17.0	8.0	0.0	35.0	8.0	2.0	0.0	0.0	0.0	4.0	0.0	0.0	0.0	0.0	0.0	1.0	0.0	0.0	0.0	0.0	46.0	0.0	0.0	0.0	0.0	0.0	0.0	0.0	0.0	0.0	0.0	0.0	117.0	0.0	3.0	0.0	69.0	0.0	0.0	6.0	0.0	0.0	0.0	6.0	0.0	0.0	57.0	1.0	2.0	0.0	0.0	0.0	0.0	0.0	0.0	128.0	0.0	0.0	0.0	444.0	0.0	0.0	8.0	0.0	0.0	0.0	2.0	7.0	0.0	0.0	0.0	0.0	0.0	0.0	0.0	3.0	0.0	0.0	0.0	0.0	0.0	5.0	0.0	0.0	0.0	5.0	3.0	0.0	0.0	0.0	0.0	3.0	4.0	5.0	0.0	0.0	0.0	0.0	3.0	0.0	0.0	0.0	17.0	0.0	0.0	0.0	0.0	0.0	0.0	0.0	0.0	0.0	25.0	20.0	400.0	0.0	1.0	0.0	12.0	17.0	3.0	1.0	0.0	0.0	0.0	0.0	5.0	0.0	4.0	0.0	4.0	22.0	0.0	80.0	0.0	0.0	0.0	0.0	0.0	0.0	2.0	1.0	0.0	0.0	0.0	0.0	0.0	61.0	4.0	0.0	0.0	0.0	0.0	20.0	0.0	0.0	0.0	0.0	1.0	0.0	232.0	0.0	6.0	195.0	0.0	0.0	0.0	0.0	0.0	3.0	0.0	0.0	0.0	0.0	191.0	0.0	0.0	5.0	0.0	0.0	6.0	0.0	6.0	0.0	0.0	0.0	12.0	8.0	0.0	0.0	16.0	0.0	0.0	1.0	86.0	0.0	4.0	20.0	4.0	198.0	0.0	0.0	0.0	0.0	0.0	0.0	18.0	0.0	0.0	3.0	57.0	0.0	0.0	30.0	23.0	0.0	3.0	0.0	0.0	0.0	0.0	5.0	4.0	0.0	0.0	0.0	11.0	33.0	75.0	0.0	0.0	0.0	0.0	0.0	0.0	0.0	0.0	0.0	0.0	0.0	0.0	1.0	12.0	0.0	0.0	9.0	0.0	0.0	22.0	0.0	0.0	0.0	0.0	6.0	34.0	10.0	11.0	0.0	4.0	17.0	0.0	0.0	0.0	3.0	0.0	0.0	4.0	60.0	1.0	4.0	0.0	0.0	29.0	0.0	0.0	0.0	1.0	39.0	0.0	15.0	0.0	0.0	2.0	14.0	12.0	263.0	0.0	0.0	182.0	0.0	0.0	5.0	0.0	0.0	6.0	0.0	0.0	0.0	2.0	14.0	0.0	4.0	10.0	0.0	9.0	5.0	7.0	0.0	7.0	0.0
s__Veillonella rogosae (1)	0.0	2.0	91.0	0.0	0.0	0.0	0.0	0.0	0.0	0.0	0.0	0.0	0.0	0.0	0.0	593.0	0.0	0.0	0.0	0.0	0.0	0.0	0.0	0.0	0.0	0.0	0.0	0.0	53.0	0.0	0.0	0.0	0.0	0.0	0.0	0.0	0.0	0.0	0.0	0.0	0.0	0.0	3.0	0.0	0.0	0.0	0.0	0.0	0.0	0.0	0.0	0.0	0.0	0.0	0.0	0.0	0.0	0.0	0.0	0.0	0.0	0.0	0.0	0.0	0.0	0.0	0.0	0.0	0.0	0.0	0.0	0.0	0.0	0.0	26.0	0.0	0.0	0.0	0.0	0.0	3.0	0.0	8.0	0.0	0.0	1.0	0.0	0.0	8.0	10.0	0.0	16.0	0.0	0.0	0.0	0.0	0.0	0.0	9.0	39.0	0.0	0.0	0.0	0.0	0.0	0.0	0.0	0.0	0.0	0.0	0.0	0.0	0.0	0.0	0.0	0.0	0.0	0.0	0.0	0.0	2.0	0.0	0.0	0.0	0.0	0.0	0.0	0.0	0.0	4.0	0.0	0.0	0.0	0.0	0.0	7.0	0.0	0.0	0.0	0.0	0.0	0.0	0.0	0.0	13.0	0.0	0.0	0.0	0.0	0.0	0.0	3.0	0.0	0.0	4.0	9.0	0.0	0.0	0.0	0.0	0.0	31.0	0.0	0.0	0.0	0.0	1.0	0.0	0.0	9.0	0.0	0.0	0.0	0.0	4.0	0.0	5.0	0.0	0.0	0.0	0.0	0.0	0.0	0.0	0.0	0.0	0.0	0.0	0.0	0.0	0.0	0.0	62.0	11.0	0.0	0.0	0.0	0.0	0.0	0.0	0.0	0.0	0.0	0.0	0.0	3.0	11.0	0.0	0.0	0.0	0.0	0.0	0.0	0.0	0.0	0.0	0.0	0.0	0.0	15.0	0.0	3.0	3.0	0.0	0.0	0.0	0.0	0.0	9.0	0.0	0.0	0.0	0.0	4.0	0.0	0.0	0.0	0.0	0.0	0.0	0.0	0.0	0.0	0.0	1.0	0.0	0.0	0.0	0.0	0.0	0.0	0.0	0.0	0.0	0.0	0.0	0.0	0.0	0.0	0.0	0.0	0.0	0.0	0.0	0.0	0.0	0.0	0.0	0.0	0.0	5.0	0.0	1.0	0.0	0.0	0.0	0.0	0.0	0.0	0.0	86.0	0.0	0.0	0.0	0.0	7.0	0.0	0.0	0.0	0.0	0.0	0.0	0.0	10.0	0.0	0.0	0.0	0.0	0.0	0.0	0.0	0.0	0.0	0.0	0.0	0.0	0.0	0.0	0.0	0.0	0.0	0.0	0.0	0.0	0.0	0.0	0.0	0.0	0.0	0.0	1.0	0.0	0.0	0.0	0.0	0.0	0.0	0.0	1.0	0.0	0.0	5.0	0.0	0.0	0.0	0.0	6.0	0.0	0.0	0.0	0.0	0.0	0.0	0.0	0.0	0.0	0.0	39.0	0.0	0.0	0.0	0.0	0.0	0.0	4.0	3.0	4.0	0.0	0.0	3.0	0.0	0.0	0.0	0.0	0.0	0.0	0.0	0.0	0.0	0.0	0.0	0.0	0.0	0.0	0.0	0.0	0.0	6.0	0.0	0.0	0.0	6.0	0.0	0.0	0.0	0.0	9.0	0.0	0.0	0.0	0.0	10.0	0.0	0.0	1.0	0.0	0.0	0.0	5.0	0.0	5.0	15.0	0.0	0.0	0.0	0.0	0.0	0.0	2.0	0.0	0.0	0.0	0.0	7.0	0.0	0.0	0.0	0.0	0.0	0.0	0.0	11.0	0.0	0.0	0.0	0.0	0.0	0.0	0.0	10.0	0.0	1.0	27.0	0.0	0.0	0.0	0.0	0.0	0.0	0.0	6.0	0.0	0.0	0.0	0.0	0.0	0.0	0.0	0.0	0.0	4.0	12.0	0.0	0.0	0.0	0.0	0.0	0.0	0.0	0.0	0.0	0.0	16.0	0.0	0.0	0.0	0.0	7.0	0.0	0.0	0.0	1.0	0.0	0.0	0.0	0.0	0.0	0.0	0.0	9.0	0.0	0.0	0.0
s__Veillonella tobetsuensis (2)	0.0	7.0	22.0	0.0	3.0	7.0	0.0	0.0	5.0	0.0	0.0	0.0	0.0	0.0	5.0	0.0	0.0	0.0	0.0	0.0	0.0	0.0	0.0	0.0	0.0	0.0	0.0	0.0	0.0	0.0	0.0	0.0	0.0	0.0	0.0	0.0	0.0	0.0	0.0	0.0	0.0	0.0	10.0	2.0	0.0	0.0	2.0	0.0	3.0	0.0	0.0	0.0	0.0	10.0	0.0	3.0	0.0	0.0	0.0	0.0	0.0	0.0	0.0	0.0	0.0	0.0	0.0	0.0	0.0	1.0	0.0	0.0	0.0	0.0	0.0	0.0	0.0	0.0	0.0	0.0	0.0	0.0	7.0	0.0	0.0	4.0	0.0	0.0	0.0	4.0	0.0	12.0	0.0	8.0	0.0	0.0	0.0	0.0	0.0	9.0	0.0	2.0	0.0	0.0	0.0	0.0	9.0	22.0	0.0	0.0	6.0	0.0	0.0	0.0	6.0	0.0	3.0	0.0	0.0	0.0	0.0	0.0	0.0	0.0	0.0	0.0	0.0	0.0	0.0	0.0	0.0	0.0	1.0	0.0	6.0	0.0	0.0	0.0	0.0	0.0	38.0	0.0	0.0	0.0	0.0	3.0	0.0	0.0	0.0	0.0	0.0	10.0	0.0	0.0	0.0	0.0	5.0	60.0	0.0	0.0	0.0	15.0	0.0	0.0	0.0	0.0	0.0	0.0	0.0	4.0	0.0	0.0	3.0	0.0	0.0	0.0	0.0	0.0	0.0	0.0	0.0	0.0	0.0	0.0	0.0	5.0	0.0	0.0	0.0	5.0	0.0	0.0	18.0	31.0	0.0	0.0	0.0	0.0	0.0	0.0	0.0	0.0	0.0	0.0	0.0	3.0	12.0	0.0	0.0	0.0	0.0	0.0	2.0	0.0	0.0	0.0	0.0	0.0	0.0	20.0	0.0	0.0	3.0	0.0	0.0	0.0	6.0	0.0	5.0	0.0	0.0	1.0	0.0	0.0	0.0	0.0	0.0	0.0	0.0	0.0	0.0	0.0	0.0	0.0	0.0	0.0	0.0	0.0	0.0	0.0	0.0	0.0	0.0	0.0	0.0	0.0	0.0	0.0	0.0	0.0	0.0	0.0	0.0	0.0	0.0	0.0	0.0	0.0	0.0	0.0	0.0	0.0	24.0	0.0	0.0	0.0	0.0	0.0	0.0	0.0	5.0	0.0	0.0	0.0	26.0	12.0	0.0	0.0	0.0	0.0	0.0	0.0	0.0	6.0	0.0	0.0	0.0	0.0	7.0	0.0	0.0	0.0	0.0	0.0	0.0	0.0	0.0	0.0	0.0	0.0	0.0	0.0	0.0	0.0	0.0	0.0	0.0	0.0	0.0	0.0	0.0	0.0	0.0	0.0	0.0	0.0	0.0	0.0	1.0	0.0	0.0	5.0	0.0	1.0	1.0	0.0	0.0	2.0	0.0	0.0	0.0	0.0	0.0	0.0	0.0	0.0	0.0	21.0	0.0	0.0	0.0	0.0	0.0	0.0	55.0	5.0	0.0	0.0	0.0	0.0	1.0	0.0	0.0	4.0	0.0	0.0	0.0	0.0	0.0	0.0	14.0	0.0	1.0	0.0	0.0	0.0	8.0	26.0	0.0	4.0	0.0	0.0	0.0	0.0	0.0	0.0	17.0	0.0	0.0	0.0	0.0	0.0	0.0	0.0	0.0	0.0	0.0	0.0	0.0	0.0	0.0	0.0	0.0	0.0	0.0	0.0	0.0	0.0	0.0	0.0	0.0	0.0	0.0	0.0	0.0	0.0	0.0	12.0	0.0	0.0	4.0	16.0	0.0	0.0	0.0	0.0	0.0	0.0	0.0	0.0	0.0	0.0	62.0	0.0	0.0	4.0	0.0	0.0	0.0	0.0	0.0	0.0	0.0	0.0	0.0	12.0	0.0	0.0	0.0	0.0	4.0	4.0	0.0	0.0	7.0	0.0	0.0	0.0	0.0	0.0	0.0	0.0	0.0	0.0	0.0	2.0	0.0	0.0	0.0	0.0	0.0	4.0	0.0	0.0	0.0	0.0	0.0	3.0	0.0	37.0	0.0	0.0	0.0
s__Nanosynbacter sp015257705 (2)	0.0	1.0	145.0	0.0	0.0	0.0	0.0	0.0	0.0	0.0	0.0	2.0	0.0	0.0	0.0	0.0	0.0	0.0	0.0	0.0	0.0	0.0	0.0	0.0	0.0	0.0	0.0	0.0	59.0	0.0	300.0	0.0	3.0	0.0	0.0	0.0	28.0	0.0	0.0	0.0	7.0	0.0	30.0	0.0	0.0	0.0	4.0	0.0	0.0	0.0	0.0	3.0	0.0	0.0	0.0	113.0	0.0	0.0	0.0	0.0	0.0	0.0	0.0	0.0	4.0	0.0	0.0	1.0	0.0	0.0	0.0	0.0	7.0	0.0	1.0	0.0	0.0	26.0	0.0	0.0	0.0	0.0	7.0	0.0	3.0	4.0	0.0	0.0	0.0	3.0	0.0	35.0	0.0	0.0	0.0	490.0	33.0	0.0	0.0	13.0	0.0	0.0	0.0	0.0	0.0	0.0	0.0	3.0	0.0	0.0	51.0	0.0	0.0	0.0	0.0	0.0	23.0	0.0	0.0	0.0	0.0	0.0	0.0	0.0	0.0	0.0	2.0	0.0	0.0	1.0	0.0	0.0	0.0	0.0	2.0	0.0	0.0	0.0	0.0	24.0	0.0	0.0	0.0	0.0	0.0	0.0	0.0	0.0	0.0	0.0	0.0	0.0	0.0	0.0	0.0	0.0	0.0	0.0	0.0	0.0	0.0	28.0	0.0	0.0	0.0	37.0	0.0	0.0	0.0	13.0	0.0	0.0	0.0	0.0	0.0	0.0	0.0	2.0	0.0	0.0	0.0	0.0	0.0	0.0	0.0	2.0	0.0	0.0	0.0	0.0	0.0	0.0	0.0	0.0	0.0	0.0	0.0	0.0	0.0	0.0	0.0	0.0	0.0	0.0	0.0	0.0	0.0	0.0	0.0	14.0	0.0	0.0	1.0	0.0	0.0	0.0	0.0	0.0	0.0	6.0	0.0	2.0	0.0	48.0	9.0	0.0	0.0	0.0	84.0	0.0	0.0	0.0	264.0	0.0	0.0	0.0	0.0	0.0	0.0	0.0	0.0	0.0	0.0	0.0	0.0	0.0	0.0	0.0	0.0	0.0	0.0	0.0	0.0	0.0	0.0	0.0	0.0	0.0	0.0	0.0	0.0	0.0	0.0	0.0	0.0	3.0	0.0	0.0	0.0	0.0	0.0	0.0	0.0	0.0	0.0	0.0	0.0	0.0	0.0	0.0	0.0	0.0	0.0	0.0	0.0	420.0	106.0	0.0	0.0	0.0	0.0	134.0	0.0	5.0	0.0	0.0	0.0	0.0	192.0	0.0	0.0	19.0	0.0	0.0	9.0	0.0	18.0	39.0	0.0	0.0	0.0	0.0	0.0	0.0	0.0	0.0	0.0	0.0	0.0	0.0	0.0	0.0	0.0	0.0	0.0	0.0	63.0	0.0	0.0	0.0	0.0	3.0	0.0	33.0	0.0	0.0	105.0	0.0	0.0	0.0	0.0	0.0	0.0	0.0	0.0	0.0	1.0	0.0	0.0	0.0	3.0	0.0	0.0	0.0	0.0	0.0	0.0	0.0	0.0	0.0	0.0	0.0	0.0	0.0	0.0	0.0	0.0	65.0	0.0	2.0	17.0	0.0	3.0	0.0	0.0	0.0	0.0	0.0	0.0	0.0	0.0	0.0	0.0	0.0	0.0	0.0	8.0	0.0	4.0	0.0	0.0	0.0	0.0	0.0	0.0	0.0	0.0	0.0	0.0	0.0	0.0	74.0	0.0	0.0	0.0	0.0	0.0	5.0	0.0	0.0	0.0	0.0	0.0	0.0	0.0	0.0	0.0	0.0	3.0	0.0	0.0	26.0	0.0	0.0	0.0	0.0	0.0	10.0	0.0	0.0	0.0	0.0	3.0	0.0	0.0	0.0	2.0	0.0	0.0	0.0	0.0	0.0	0.0	0.0	0.0	0.0	0.0	0.0	0.0	4.0	504.0	0.0	2.0	0.0	0.0	0.0	0.0	7.0	936.0	0.0	0.0	11.0	0.0	0.0	0.0	0.0	0.0	0.0	0.0	0.0	0.0	0.0	0.0	0.0	0.0	0.0	0.0	2.0	0.0	0.0	0.0	0.0	0.0
s__Nanosynbacter sp015257705 (1)	0.0	0.0	722.0	0.0	0.0	0.0	0.0	0.0	0.0	0.0	0.0	0.0	0.0	0.0	0.0	0.0	0.0	0.0	2.0	0.0	0.0	0.0	0.0	0.0	0.0	0.0	0.0	0.0	6.0	0.0	738.0	0.0	0.0	0.0	0.0	3.0	7.0	0.0	0.0	0.0	8.0	0.0	10.0	0.0	0.0	0.0	0.0	0.0	8.0	4.0	0.0	0.0	0.0	0.0	0.0	299.0	5.0	0.0	0.0	0.0	0.0	0.0	0.0	0.0	0.0	0.0	0.0	0.0	0.0	0.0	0.0	0.0	0.0	0.0	0.0	0.0	0.0	77.0	1.0	0.0	0.0	0.0	0.0	0.0	0.0	0.0	0.0	5.0	6.0	0.0	0.0	34.0	0.0	18.0	0.0	522.0	43.0	0.0	0.0	20.0	0.0	0.0	0.0	0.0	0.0	0.0	0.0	0.0	0.0	0.0	117.0	0.0	0.0	0.0	24.0	0.0	16.0	0.0	0.0	0.0	0.0	0.0	0.0	0.0	0.0	1.0	0.0	0.0	0.0	0.0	0.0	0.0	0.0	0.0	0.0	0.0	0.0	3.0	0.0	0.0	0.0	0.0	0.0	0.0	25.0	0.0	0.0	0.0	0.0	0.0	0.0	0.0	0.0	0.0	5.0	0.0	0.0	0.0	0.0	0.0	0.0	68.0	0.0	0.0	0.0	16.0	0.0	0.0	0.0	23.0	0.0	0.0	0.0	0.0	0.0	0.0	10.0	0.0	0.0	0.0	0.0	0.0	0.0	0.0	0.0	0.0	0.0	0.0	0.0	0.0	0.0	0.0	0.0	17.0	0.0	0.0	0.0	0.0	0.0	0.0	0.0	2.0	0.0	0.0	0.0	1.0	0.0	0.0	0.0	0.0	0.0	0.0	0.0	0.0	0.0	0.0	0.0	0.0	0.0	10.0	0.0	0.0	0.0	8.0	17.0	0.0	0.0	0.0	120.0	0.0	0.0	0.0	669.0	0.0	0.0	0.0	0.0	0.0	0.0	0.0	0.0	0.0	0.0	0.0	0.0	0.0	0.0	0.0	0.0	0.0	0.0	0.0	0.0	0.0	0.0	0.0	0.0	0.0	0.0	0.0	0.0	0.0	0.0	0.0	0.0	0.0	0.0	0.0	0.0	0.0	0.0	3.0	0.0	0.0	0.0	0.0	0.0	0.0	0.0	0.0	0.0	0.0	0.0	0.0	0.0	350.0	56.0	155.0	0.0	0.0	0.0	319.0	0.0	26.0	0.0	0.0	0.0	0.0	209.0	0.0	0.0	28.0	0.0	0.0	0.0	0.0	9.0	114.0	0.0	0.0	0.0	0.0	0.0	0.0	0.0	0.0	0.0	0.0	0.0	0.0	0.0	0.0	0.0	0.0	0.0	0.0	41.0	0.0	0.0	0.0	0.0	13.0	0.0	74.0	0.0	0.0	93.0	0.0	0.0	0.0	0.0	0.0	0.0	0.0	0.0	0.0	0.0	6.0	0.0	0.0	0.0	0.0	0.0	0.0	0.0	0.0	0.0	0.0	0.0	11.0	0.0	0.0	0.0	0.0	0.0	0.0	2.0	166.0	0.0	0.0	0.0	0.0	27.0	0.0	0.0	0.0	0.0	0.0	0.0	0.0	0.0	0.0	0.0	0.0	0.0	0.0	10.0	0.0	0.0	0.0	0.0	0.0	0.0	0.0	0.0	0.0	0.0	0.0	0.0	2.0	0.0	43.0	0.0	0.0	0.0	0.0	0.0	0.0	0.0	0.0	0.0	0.0	0.0	0.0	0.0	0.0	0.0	0.0	0.0	0.0	0.0	85.0	0.0	0.0	0.0	0.0	4.0	6.0	0.0	0.0	0.0	0.0	0.0	0.0	0.0	0.0	0.0	7.0	0.0	0.0	0.0	0.0	0.0	0.0	0.0	18.0	0.0	0.0	0.0	0.0	293.0	0.0	0.0	0.0	0.0	0.0	0.0	0.0	931.0	0.0	0.0	14.0	0.0	0.0	2.0	0.0	0.0	12.0	19.0	0.0	0.0	0.0	0.0	0.0	0.0	2.0	0.0	0.0	0.0	0.0	0.0	0.0	0.0
s__URXU01 sp900545025 (1)	0.0	0.0	0.0	0.0	168.0	0.0	0.0	0.0	0.0	0.0	0.0	0.0	0.0	0.0	0.0	0.0	0.0	821.0	0.0	0.0	0.0	0.0	0.0	0.0	0.0	0.0	0.0	703.0	0.0	0.0	0.0	0.0	83.0	0.0	0.0	0.0	0.0	0.0	0.0	0.0	0.0	0.0	0.0	0.0	0.0	0.0	0.0	0.0	0.0	0.0	0.0	0.0	10.0	0.0	0.0	0.0	2.0	0.0	0.0	0.0	0.0	0.0	0.0	0.0	0.0	0.0	0.0	0.0	0.0	0.0	0.0	0.0	0.0	0.0	0.0	0.0	0.0	0.0	0.0	0.0	0.0	0.0	0.0	0.0	380.0	1.0	0.0	0.0	0.0	0.0	0.0	1.0	0.0	0.0	0.0	0.0	0.0	0.0	510.0	0.0	656.0	0.0	0.0	0.0	0.0	0.0	0.0	0.0	0.0	0.0	0.0	0.0	5.0	0.0	0.0	0.0	0.0	0.0	0.0	0.0	0.0	0.0	0.0	0.0	0.0	0.0	0.0	0.0	60.0	0.0	0.0	0.0	0.0	0.0	0.0	18.0	0.0	0.0	14.0	0.0	0.0	0.0	0.0	0.0	0.0	0.0	0.0	65.0	0.0	0.0	2.0	0.0	0.0	0.0	0.0	0.0	0.0	0.0	0.0	0.0	0.0	0.0	2.0	0.0	0.0	0.0	0.0	0.0	0.0	0.0	0.0	0.0	87.0	0.0	0.0	0.0	0.0	0.0	0.0	139.0	0.0	0.0	0.0	0.0	0.0	0.0	210.0	0.0	0.0	0.0	0.0	0.0	0.0	108.0	0.0	0.0	0.0	0.0	0.0	0.0	3.0	2223.0	30.0	0.0	0.0	48.0	0.0	0.0	0.0	0.0	0.0	3701.0	0.0	0.0	0.0	0.0	1.0	0.0	0.0	0.0	0.0	0.0	0.0	0.0	0.0	0.0	0.0	0.0	0.0	0.0	0.0	0.0	0.0	0.0	0.0	0.0	0.0	0.0	2.0	0.0	225.0	190.0	0.0	0.0	0.0	118.0	0.0	435.0	0.0	636.0	0.0	0.0	0.0	0.0	0.0	0.0	0.0	0.0	0.0	0.0	0.0	0.0	0.0	0.0	0.0	0.0	0.0	0.0	0.0	1673.0	0.0	0.0	0.0	0.0	781.0	23.0	0.0	0.0	0.0	0.0	0.0	0.0	0.0	0.0	0.0	0.0	0.0	0.0	354.0	0.0	2.0	0.0	0.0	0.0	0.0	0.0	0.0	0.0	0.0	3.0	3.0	0.0	0.0	0.0	0.0	0.0	0.0	0.0	0.0	0.0	837.0	0.0	0.0	0.0	0.0	0.0	0.0	0.0	0.0	0.0	0.0	0.0	0.0	0.0	0.0	0.0	0.0	0.0	0.0	0.0	0.0	1.0	0.0	0.0	220.0	0.0	0.0	0.0	0.0	0.0	0.0	0.0	0.0	0.0	0.0	0.0	8.0	0.0	0.0	0.0	0.0	1.0	0.0	0.0	0.0	2950.0	0.0	0.0	0.0	0.0	0.0	1.0	0.0	0.0	0.0	0.0	0.0	0.0	1.0	0.0	0.0	0.0	1.0	0.0	0.0	0.0	0.0	0.0	0.0	0.0	0.0	0.0	1.0	0.0	0.0	0.0	0.0	0.0	0.0	1260.0	0.0	0.0	0.0	0.0	0.0	0.0	0.0	0.0	0.0	0.0	71.0	0.0	0.0	0.0	0.0	0.0	0.0	0.0	0.0	0.0	0.0	0.0	0.0	0.0	0.0	0.0	0.0	0.0	0.0	0.0	0.0	0.0	0.0	0.0	369.0	0.0	0.0	0.0	4.0	0.0	0.0	0.0	0.0	0.0	0.0	0.0	141.0	0.0	4.0	0.0	0.0	0.0	0.0	0.0	0.0	0.0	0.0	369.0	0.0	0.0	0.0	0.0	0.0	0.0	0.0	0.0	0.0	0.0	0.0	0.0	0.0	1.0	0.0	0.0	0.0	0.0	0.0	0.0	0.0	0.0	0.0	0.0	241.0	0.0	37.0	0.0	0.0	0.0	0.0	0.0	460.0	0.0	0.0
s__Megamonas funiformis (1)	0.0	0.0	0.0	0.0	498.0	0.0	0.0	0.0	0.0	0.0	0.0	0.0	18.0	2.0	0.0	0.0	0.0	263.0	0.0	0.0	0.0	0.0	0.0	0.0	0.0	36.0	0.0	635.0	4.0	0.0	0.0	5.0	1730.0	0.0	0.0	0.0	0.0	0.0	0.0	910.0	0.0	0.0	0.0	0.0	0.0	6.0	0.0	0.0	955.0	0.0	0.0	0.0	247.0	0.0	0.0	0.0	0.0	0.0	0.0	0.0	0.0	0.0	0.0	1.0	0.0	0.0	313.0	0.0	0.0	0.0	1.0	6.0	0.0	0.0	0.0	0.0	0.0	0.0	1.0	0.0	0.0	0.0	0.0	0.0	8.0	0.0	0.0	0.0	0.0	0.0	0.0	0.0	0.0	0.0	0.0	0.0	0.0	0.0	163.0	0.0	428.0	0.0	2.0	0.0	0.0	0.0	0.0	0.0	8.0	0.0	0.0	1.0	0.0	0.0	44.0	0.0	0.0	0.0	0.0	71.0	0.0	0.0	0.0	2.0	0.0	0.0	0.0	0.0	16.0	0.0	0.0	0.0	0.0	0.0	0.0	25.0	0.0	0.0	7.0	0.0	0.0	0.0	0.0	0.0	0.0	2.0	0.0	246.0	0.0	0.0	0.0	0.0	0.0	1897.0	0.0	0.0	1398.0	0.0	0.0	169.0	0.0	1.0	0.0	0.0	0.0	0.0	2.0	0.0	0.0	0.0	0.0	4.0	387.0	0.0	0.0	0.0	0.0	0.0	0.0	406.0	0.0	0.0	3.0	0.0	2.0	0.0	67.0	0.0	0.0	1.0	0.0	0.0	0.0	636.0	4.0	0.0	0.0	1.0	0.0	0.0	0.0	434.0	12.0	99.0	0.0	53.0	0.0	0.0	0.0	0.0	0.0	359.0	0.0	0.0	0.0	0.0	0.0	0.0	0.0	0.0	0.0	0.0	0.0	0.0	0.0	0.0	2.0	0.0	0.0	0.0	0.0	0.0	0.0	0.0	0.0	4.0	0.0	0.0	0.0	0.0	109.0	884.0	0.0	1.0	0.0	285.0	0.0	699.0	0.0	287.0	0.0	0.0	0.0	0.0	1725.0	0.0	0.0	2.0	0.0	2.0	0.0	0.0	0.0	0.0	0.0	0.0	0.0	3.0	807.0	1210.0	551.0	0.0	0.0	0.0	826.0	4.0	0.0	0.0	0.0	0.0	1.0	0.0	0.0	0.0	1.0	0.0	0.0	0.0	232.0	0.0	3.0	0.0	0.0	511.0	0.0	0.0	0.0	0.0	0.0	0.0	1.0	0.0	0.0	0.0	0.0	0.0	0.0	0.0	1148.0	0.0	745.0	312.0	0.0	0.0	0.0	0.0	0.0	0.0	0.0	0.0	0.0	0.0	0.0	0.0	0.0	3.0	0.0	1.0	0.0	0.0	0.0	0.0	0.0	164.0	410.0	0.0	0.0	595.0	0.0	0.0	0.0	0.0	0.0	0.0	0.0	1.0	1.0	0.0	0.0	0.0	3936.0	0.0	0.0	0.0	0.0	1466.0	0.0	0.0	0.0	0.0	0.0	2.0	0.0	0.0	0.0	5.0	0.0	0.0	5.0	0.0	0.0	0.0	6.0	0.0	0.0	0.0	0.0	0.0	0.0	0.0	3349.0	0.0	0.0	2442.0	0.0	0.0	0.0	0.0	0.0	750.0	3.0	1.0	0.0	0.0	14.0	0.0	0.0	0.0	0.0	0.0	177.0	4.0	92.0	0.0	0.0	0.0	0.0	475.0	0.0	0.0	0.0	1.0	0.0	0.0	0.0	3.0	1500.0	0.0	0.0	0.0	0.0	0.0	0.0	0.0	665.0	0.0	0.0	224.0	0.0	155.0	0.0	0.0	0.0	0.0	0.0	0.0	71.0	0.0	4.0	0.0	0.0	0.0	0.0	2490.0	150.0	0.0	0.0	0.0	0.0	0.0	0.0	0.0	728.0	0.0	0.0	0.0	0.0	0.0	0.0	0.0	540.0	0.0	0.0	0.0	0.0	0.0	0.0	0.0	0.0	0.0	0.0	0.0	44.0	0.0	36.0	0.0	0.0	0.0	0.0	0.0	245.0	0.0	0.0
s__Dialister invisus (1)	0.0	98.0	0.0	625.0	0.0	138.0	164.0	0.0	18.0	112.0	357.0	0.0	25.0	242.0	0.0	0.0	0.0	0.0	0.0	0.0	0.0	0.0	0.0	0.0	183.0	0.0	0.0	0.0	0.0	0.0	0.0	0.0	0.0	0.0	0.0	0.0	0.0	0.0	0.0	79.0	114.0	338.0	0.0	0.0	0.0	10.0	220.0	1.0	19.0	0.0	0.0	0.0	0.0	311.0	1.0	0.0	0.0	0.0	0.0	23.0	0.0	0.0	0.0	56.0	0.0	0.0	155.0	0.0	0.0	0.0	44.0	0.0	0.0	0.0	118.0	0.0	54.0	0.0	1.0	0.0	0.0	172.0	0.0	59.0	4.0	0.0	0.0	270.0	64.0	150.0	0.0	0.0	0.0	155.0	0.0	0.0	0.0	0.0	25.0	245.0	7.0	0.0	0.0	119.0	0.0	0.0	1.0	0.0	0.0	0.0	0.0	0.0	0.0	0.0	0.0	45.0	56.0	0.0	6.0	0.0	197.0	67.0	54.0	0.0	164.0	2.0	0.0	3.0	0.0	430.0	0.0	0.0	0.0	351.0	79.0	0.0	0.0	12.0	6.0	94.0	0.0	0.0	0.0	0.0	110.0	127.0	0.0	0.0	0.0	0.0	0.0	0.0	0.0	0.0	264.0	12.0	0.0	0.0	165.0	618.0	0.0	0.0	0.0	5.0	0.0	0.0	0.0	0.0	0.0	16.0	0.0	0.0	0.0	0.0	372.0	354.0	21.0	3.0	0.0	0.0	0.0	0.0	0.0	0.0	0.0	17.0	0.0	135.0	0.0	0.0	0.0	3.0	0.0	66.0	60.0	2.0	0.0	222.0	108.0	0.0	0.0	0.0	0.0	0.0	0.0	0.0	186.0	204.0	0.0	0.0	0.0	0.0	0.0	0.0	0.0	0.0	0.0	0.0	0.0	0.0	442.0	0.0	0.0	0.0	130.0	0.0	67.0	486.0	259.0	0.0	398.0	292.0	121.0	5.0	0.0	0.0	671.0	0.0	0.0	0.0	0.0	26.0	0.0	0.0	0.0	0.0	218.0	0.0	399.0	10.0	7.0	0.0	0.0	0.0	0.0	0.0	0.0	154.0	130.0	0.0	0.0	372.0	0.0	0.0	0.0	0.0	0.0	0.0	0.0	0.0	178.0	0.0	0.0	184.0	0.0	1.0	0.0	0.0	1.0	0.0	3.0	0.0	1.0	1.0	8.0	0.0	0.0	0.0	0.0	388.0	0.0	0.0	85.0	4.0	0.0	353.0	0.0	0.0	2.0	36.0	178.0	0.0	0.0	0.0	0.0	54.0	0.0	0.0	0.0	0.0	0.0	0.0	0.0	0.0	0.0	0.0	0.0	0.0	92.0	0.0	381.0	6.0	0.0	0.0	159.0	0.0	0.0	0.0	53.0	0.0	1.0	0.0	0.0	0.0	0.0	1.0	0.0	725.0	118.0	129.0	0.0	0.0	0.0	921.0	0.0	171.0	171.0	47.0	0.0	90.0	0.0	0.0	69.0	0.0	0.0	0.0	193.0	26.0	100.0	4.0	0.0	0.0	1.0	165.0	0.0	0.0	0.0	33.0	0.0	0.0	0.0	373.0	6.0	0.0	233.0	0.0	12.0	0.0	0.0	0.0	0.0	88.0	13.0	0.0	0.0	0.0	0.0	64.0	0.0	0.0	456.0	12.0	0.0	0.0	0.0	0.0	175.0	52.0	177.0	0.0	26.0	12.0	0.0	0.0	0.0	0.0	170.0	0.0	0.0	0.0	136.0	0.0	1.0	0.0	2.0	0.0	0.0	190.0	0.0	151.0	0.0	119.0	0.0	0.0	0.0	378.0	17.0	2.0	0.0	0.0	0.0	0.0	5.0	0.0	0.0	0.0	0.0	64.0	0.0	41.0	0.0	0.0	3.0	0.0	0.0	16.0	234.0	0.0	0.0	747.0	0.0	219.0	0.0	7.0	17.0	0.0	1.0	4.0	1.0	0.0	98.0	0.0	0.0	0.0	10.0	9.0	1.0	0.0	740.0	6.0	0.0	0.0	0.0	0.0	0.0	0.0	84.0	0.0	78.0	86.0	0.0	0.0	2.0
s__Hominibacterium hominis (1)	0.0	0.0	0.0	0.0	2.0	0.0	8.0	0.0	0.0	0.0	0.0	0.0	0.0	0.0	0.0	0.0	1.0	0.0	0.0	0.0	0.0	0.0	0.0	2.0	8.0	0.0	0.0	0.0	0.0	0.0	0.0	0.0	0.0	0.0	0.0	0.0	0.0	0.0	0.0	0.0	0.0	0.0	0.0	0.0	0.0	0.0	0.0	0.0	0.0	0.0	0.0	12.0	0.0	50.0	0.0	0.0	0.0	0.0	3.0	0.0	1.0	0.0	0.0	0.0	0.0	8.0	0.0	0.0	0.0	2.0	8.0	0.0	0.0	0.0	0.0	11.0	6.0	0.0	0.0	0.0	9.0	0.0	0.0	0.0	0.0	0.0	6.0	0.0	0.0	0.0	0.0	0.0	0.0	0.0	68.0	0.0	0.0	2.0	0.0	0.0	0.0	0.0	0.0	0.0	0.0	0.0	0.0	0.0	0.0	3.0	0.0	0.0	68.0	0.0	1.0	0.0	3.0	23.0	0.0	0.0	1.0	0.0	0.0	0.0	0.0	4.0	0.0	15.0	1.0	0.0	6.0	6.0	0.0	0.0	0.0	1.0	0.0	0.0	10.0	1.0	0.0	0.0	0.0	0.0	0.0	0.0	0.0	0.0	22.0	13.0	0.0	0.0	0.0	0.0	0.0	0.0	0.0	0.0	0.0	0.0	0.0	0.0	12.0	0.0	0.0	0.0	4.0	0.0	0.0	0.0	0.0	0.0	9.0	0.0	0.0	11.0	0.0	0.0	0.0	0.0	0.0	4.0	0.0	20.0	0.0	0.0	8.0	19.0	0.0	0.0	8.0	0.0	0.0	0.0	26.0	8.0	0.0	0.0	0.0	0.0	0.0	0.0	5.0	0.0	0.0	0.0	0.0	0.0	0.0	0.0	0.0	0.0	0.0	5.0	0.0	16.0	0.0	0.0	0.0	0.0	9.0	0.0	0.0	0.0	0.0	0.0	0.0	0.0	0.0	0.0	2.0	0.0	0.0	0.0	0.0	0.0	0.0	0.0	2.0	0.0	0.0	0.0	0.0	0.0	0.0	0.0	0.0	0.0	0.0	0.0	6.0	0.0	6.0	0.0	0.0	0.0	21.0	0.0	0.0	1.0	0.0	0.0	0.0	0.0	9.0	2.0	9.0	0.0	9.0	0.0	1.0	0.0	0.0	4.0	7.0	0.0	0.0	11.0	0.0	0.0	0.0	0.0	0.0	0.0	0.0	0.0	0.0	0.0	0.0	6.0	8.0	0.0	0.0	0.0	0.0	4.0	15.0	0.0	0.0	0.0	0.0	0.0	6.0	0.0	1.0	0.0	0.0	0.0	6.0	0.0	0.0	0.0	8.0	0.0	0.0	0.0	0.0	0.0	0.0	0.0	0.0	1.0	0.0	0.0	0.0	0.0	0.0	0.0	0.0	0.0	0.0	0.0	0.0	0.0	0.0	0.0	0.0	0.0	0.0	24.0	0.0	5.0	0.0	18.0	0.0	0.0	0.0	0.0	2.0	0.0	0.0	14.0	0.0	45.0	0.0	0.0	0.0	3.0	0.0	0.0	0.0	0.0	0.0	0.0	0.0	31.0	0.0	0.0	0.0	0.0	0.0	0.0	0.0	0.0	0.0	1.0	0.0	0.0	3.0	0.0	0.0	0.0	0.0	0.0	3.0	29.0	0.0	0.0	0.0	0.0	0.0	2.0	3.0	0.0	0.0	0.0	4.0	0.0	0.0	0.0	28.0	0.0	0.0	0.0	0.0	3.0	4.0	7.0	0.0	4.0	0.0	0.0	0.0	0.0	0.0	0.0	0.0	0.0	3.0	12.0	0.0	0.0	0.0	0.0	0.0	0.0	5.0	0.0	0.0	0.0	0.0	3.0	0.0	0.0	0.0	0.0	0.0	0.0	0.0	0.0	0.0	0.0	5.0	0.0	13.0	0.0	0.0	0.0	0.0	0.0	0.0	0.0	0.0	0.0	2.0	3.0	0.0	0.0	0.0	0.0	0.0	0.0	0.0	0.0	0.0	0.0	0.0	0.0	0.0	0.0	0.0	0.0	0.0	9.0	0.0	3.0	0.0	0.0	0.0	0.0	0.0	7.0	0.0
g__Collinsella (1)	1630.0	1.0	1.0	224.0	200.0	0.0	961.0	170.0	1090.0	669.0	0.0	224.0	1457.0	0.0	616.0	0.0	283.0	92.0	0.0	736.0	2127.0	6.0	0.0	1223.0	0.0	1275.0	0.0	222.0	173.0	0.0	0.0	23.0	320.0	0.0	0.0	0.0	34.0	1.0	632.0	1179.0	864.0	0.0	160.0	310.0	1130.0	2.0	0.0	827.0	184.0	0.0	0.0	350.0	0.0	588.0	196.0	0.0	0.0	200.0	1145.0	2.0	403.0	34.0	1.0	438.0	0.0	345.0	343.0	0.0	0.0	457.0	321.0	7.0	421.0	149.0	2.0	293.0	0.0	0.0	290.0	211.0	0.0	1.0	697.0	0.0	287.0	0.0	696.0	0.0	236.0	346.0	187.0	0.0	366.0	2.0	1353.0	0.0	0.0	195.0	1135.0	0.0	440.0	1705.0	51.0	305.0	0.0	156.0	0.0	82.0	153.0	245.0	0.0	0.0	1489.0	0.0	56.0	42.0	0.0	453.0	115.0	390.0	744.0	3.0	316.0	0.0	468.0	0.0	4.0	162.0	256.0	546.0	670.0	192.0	1.0	357.0	556.0	574.0	0.0	91.0	0.0	0.0	2.0	214.0	0.0	2.0	0.0	676.0	0.0	418.0	2434.0	0.0	4.0	3242.0	6.0	0.0	0.0	0.0	361.0	0.0	0.0	731.0	350.0	2.0	321.0	4.0	1.0	84.0	493.0	0.0	434.0	0.0	68.0	267.0	675.0	2.0	0.0	0.0	1.0	4.0	553.0	195.0	0.0	473.0	4.0	1.0	570.0	298.0	595.0	874.0	0.0	250.0	453.0	1.0	0.0	204.0	0.0	35.0	0.0	0.0	0.0	0.0	104.0	392.0	464.0	518.0	0.0	14.0	0.0	355.0	102.0	190.0	0.0	143.0	0.0	307.0	0.0	581.0	206.0	646.0	312.0	0.0	0.0	104.0	62.0	0.0	7.0	1.0	1461.0	0.0	0.0	1.0	207.0	554.0	0.0	140.0	155.0	2.0	408.0	0.0	2.0	2.0	273.0	288.0	200.0	207.0	0.0	347.0	0.0	0.0	734.0	0.0	161.0	3.0	484.0	0.0	0.0	173.0	447.0	71.0	1.0	171.0	0.0	248.0	53.0	0.0	526.0	1893.0	199.0	701.0	131.0	0.0	432.0	0.0	3.0	219.0	481.0	1216.0	37.0	1402.0	334.0	189.0	0.0	2.0	394.0	0.0	0.0	0.0	0.0	2.0	340.0	226.0	99.0	507.0	572.0	88.0	121.0	609.0	239.0	1681.0	1.0	2276.0	1.0	0.0	446.0	1066.0	138.0	337.0	409.0	0.0	516.0	98.0	427.0	333.0	624.0	0.0	57.0	2.0	350.0	68.0	0.0	1.0	0.0	187.0	0.0	370.0	2.0	0.0	620.0	692.0	0.0	0.0	0.0	0.0	987.0	329.0	190.0	2.0	0.0	254.0	0.0	290.0	573.0	673.0	130.0	360.0	516.0	3.0	1.0	270.0	0.0	0.0	0.0	877.0	121.0	2295.0	0.0	37.0	520.0	78.0	0.0	201.0	32.0	3.0	74.0	481.0	430.0	969.0	404.0	1.0	1272.0	68.0	0.0	0.0	1.0	977.0	742.0	309.0	3.0	169.0	143.0	0.0	1115.0	0.0	2.0	257.0	0.0	1254.0	1300.0	0.0	0.0	0.0	0.0	0.0	90.0	362.0	2.0	203.0	154.0	0.0	0.0	0.0	204.0	194.0	32.0	501.0	13.0	646.0	770.0	449.0	0.0	0.0	183.0	0.0	1909.0	1.0	2.0	272.0	341.0	0.0	423.0	1.0	0.0	699.0	273.0	0.0	281.0	0.0	0.0	113.0	0.0	240.0	0.0	292.0	0.0	587.0	247.0	0.0	0.0	0.0	1.0	2.0	0.0	198.0	428.0	1.0	350.0	66.0	374.0	922.0	449.0	2.0	1.0	0.0	246.0	1.0	72.0	0.0	12.0	435.0	6.0	7.0	282.0	154.0	0.0	0.0	17.0	1.0	0.0	310.0	0.0	0.0	1.0	746.0	272.0	936.0	429.0	275.0	0.0	0.0	403.0	2.0	175.0	1092.0	3.0
g__Adlercreutzia (1)	0.0	0.0	0.0	0.0	0.0	0.0	0.0	0.0	0.0	0.0	0.0	0.0	0.0	0.0	0.0	0.0	17.0	0.0	0.0	0.0	0.0	0.0	0.0	0.0	5.0	0.0	0.0	13.0	0.0	1.0	0.0	0.0	16.0	0.0	0.0	0.0	0.0	0.0	0.0	0.0	0.0	0.0	0.0	0.0	0.0	0.0	0.0	0.0	0.0	0.0	0.0	0.0	0.0	2.0	0.0	0.0	0.0	3.0	7.0	0.0	0.0	0.0	0.0	0.0	0.0	16.0	7.0	0.0	0.0	9.0	12.0	0.0	0.0	19.0	0.0	11.0	79.0	0.0	0.0	0.0	0.0	0.0	0.0	0.0	1.0	0.0	0.0	0.0	0.0	0.0	0.0	0.0	8.0	0.0	33.0	0.0	0.0	0.0	0.0	0.0	0.0	0.0	0.0	0.0	0.0	0.0	0.0	0.0	3.0	0.0	0.0	0.0	15.0	0.0	0.0	0.0	0.0	0.0	7.0	22.0	0.0	0.0	0.0	13.0	0.0	21.0	0.0	0.0	0.0	0.0	1.0	0.0	0.0	0.0	0.0	9.0	0.0	0.0	0.0	0.0	0.0	0.0	0.0	0.0	0.0	0.0	0.0	0.0	0.0	0.0	0.0	0.0	0.0	0.0	0.0	12.0	0.0	0.0	0.0	0.0	0.0	0.0	0.0	0.0	0.0	0.0	0.0	0.0	27.0	0.0	0.0	0.0	0.0	0.0	0.0	0.0	0.0	0.0	0.0	0.0	0.0	0.0	0.0	0.0	0.0	0.0	3.0	0.0	0.0	0.0	0.0	0.0	0.0	0.0	0.0	0.0	0.0	0.0	0.0	0.0	63.0	1.0	5.0	0.0	0.0	0.0	0.0	0.0	14.0	5.0	0.0	0.0	0.0	11.0	0.0	18.0	16.0	0.0	0.0	0.0	14.0	0.0	0.0	0.0	0.0	0.0	0.0	0.0	0.0	0.0	5.0	0.0	0.0	0.0	0.0	0.0	0.0	0.0	0.0	0.0	0.0	0.0	0.0	0.0	9.0	0.0	0.0	4.0	0.0	0.0	0.0	0.0	38.0	0.0	0.0	28.0	0.0	18.0	0.0	0.0	0.0	0.0	0.0	0.0	0.0	0.0	0.0	11.0	0.0	0.0	10.0	0.0	0.0	0.0	0.0	0.0	0.0	6.0	0.0	0.0	0.0	0.0	0.0	0.0	0.0	0.0	0.0	0.0	0.0	0.0	0.0	0.0	0.0	0.0	13.0	5.0	676.0	0.0	0.0	0.0	0.0	0.0	26.0	0.0	0.0	0.0	0.0	0.0	0.0	0.0	12.0	0.0	0.0	0.0	21.0	0.0	31.0	0.0	0.0	0.0	0.0	0.0	0.0	0.0	0.0	0.0	0.0	0.0	0.0	0.0	0.0	0.0	0.0	0.0	3.0	0.0	0.0	0.0	0.0	0.0	0.0	8.0	0.0	0.0	0.0	0.0	0.0	0.0	0.0	0.0	0.0	55.0	0.0	0.0	0.0	0.0	0.0	7.0	0.0	0.0	3.0	0.0	0.0	0.0	0.0	4.0	0.0	0.0	0.0	0.0	0.0	0.0	0.0	0.0	0.0	8.0	0.0	11.0	0.0	0.0	0.0	0.0	0.0	0.0	0.0	80.0	0.0	0.0	0.0	0.0	0.0	5.0	0.0	0.0	0.0	0.0	0.0	0.0	0.0	0.0	5.0	0.0	7.0	2.0	0.0	0.0	10.0	6.0	4.0	14.0	34.0	0.0	0.0	0.0	0.0	0.0	0.0	0.0	7.0	0.0	0.0	0.0	0.0	0.0	0.0	0.0	4.0	0.0	0.0	11.0	0.0	0.0	0.0	16.0	19.0	0.0	0.0	0.0	0.0	0.0	0.0	5.0	0.0	0.0	0.0	0.0	0.0	0.0	0.0	0.0	0.0	0.0	0.0	0.0	0.0	41.0	0.0	0.0	0.0	0.0	0.0	0.0	2.0	0.0	0.0	0.0	0.0	0.0	0.0	8.0	0.0	0.0	1.0	41.0	0.0	13.0	0.0	0.0	0.0	0.0	0.0	0.0	0.0
s__Eggerthella lenta (1)	8.0	0.0	8.0	0.0	1.0	0.0	0.0	0.0	0.0	0.0	22.0	0.0	23.0	41.0	17.0	0.0	2.0	0.0	0.0	0.0	10.0	2.0	0.0	0.0	0.0	17.0	11.0	0.0	0.0	17.0	0.0	7.0	0.0	23.0	0.0	96.0	0.0	0.0	0.0	1.0	0.0	0.0	0.0	5.0	24.0	0.0	229.0	12.0	17.0	15.0	11.0	12.0	11.0	0.0	19.0	0.0	0.0	0.0	8.0	0.0	7.0	0.0	98.0	152.0	48.0	8.0	0.0	0.0	0.0	0.0	10.0	0.0	0.0	13.0	90.0	1.0	1.0	0.0	0.0	42.0	13.0	10.0	0.0	117.0	0.0	0.0	2.0	13.0	0.0	1.0	10.0	0.0	0.0	4.0	102.0	43.0	21.0	7.0	9.0	0.0	0.0	7.0	0.0	0.0	0.0	4.0	0.0	0.0	0.0	0.0	0.0	0.0	5.0	0.0	0.0	0.0	15.0	22.0	0.0	0.0	0.0	0.0	22.0	0.0	0.0	35.0	0.0	0.0	0.0	1.0	0.0	0.0	0.0	0.0	6.0	0.0	0.0	0.0	0.0	0.0	0.0	3.0	14.0	0.0	0.0	0.0	0.0	3.0	13.0	0.0	0.0	8.0	0.0	0.0	29.0	0.0	0.0	0.0	0.0	10.0	4.0	45.0	0.0	0.0	34.0	11.0	0.0	0.0	7.0	0.0	0.0	13.0	0.0	0.0	0.0	144.0	0.0	0.0	8.0	0.0	0.0	0.0	0.0	36.0	0.0	0.0	4.0	0.0	63.0	6.0	0.0	0.0	0.0	0.0	0.0	0.0	8.0	0.0	0.0	0.0	2.0	4.0	0.0	0.0	0.0	15.0	0.0	32.0	0.0	0.0	4.0	1.0	0.0	0.0	0.0	0.0	0.0	22.0	28.0	6.0	0.0	0.0	0.0	0.0	0.0	57.0	32.0	0.0	0.0	0.0	5.0	17.0	0.0	1.0	13.0	0.0	9.0	3.0	0.0	0.0	9.0	0.0	0.0	0.0	0.0	8.0	78.0	0.0	0.0	0.0	0.0	0.0	0.0	4.0	0.0	5.0	0.0	0.0	0.0	3.0	10.0	0.0	28.0	0.0	8.0	14.0	2.0	0.0	0.0	0.0	8.0	29.0	0.0	2.0	0.0	0.0	0.0	0.0	0.0	13.0	0.0	9.0	0.0	10.0	0.0	0.0	0.0	0.0	10.0	7.0	0.0	0.0	18.0	56.0	0.0	6.0	3.0	16.0	0.0	0.0	0.0	41.0	0.0	0.0	0.0	13.0	17.0	0.0	0.0	0.0	0.0	0.0	7.0	31.0	0.0	9.0	2.0	0.0	0.0	0.0	3.0	0.0	36.0	0.0	14.0	0.0	0.0	0.0	0.0	5.0	10.0	0.0	0.0	6.0	0.0	0.0	9.0	0.0	22.0	0.0	1.0	2.0	0.0	0.0	3.0	0.0	0.0	4.0	26.0	30.0	19.0	72.0	0.0	14.0	0.0	0.0	0.0	0.0	31.0	0.0	2.0	5.0	3.0	0.0	0.0	4.0	0.0	0.0	1.0	0.0	0.0	5.0	0.0	0.0	11.0	3.0	0.0	1.0	0.0	0.0	0.0	11.0	10.0	2.0	12.0	0.0	8.0	0.0	0.0	3.0	37.0	7.0	4.0	25.0	7.0	0.0	0.0	54.0	156.0	0.0	8.0	8.0	0.0	0.0	0.0	0.0	6.0	3.0	0.0	0.0	5.0	0.0	12.0	16.0	0.0	1.0	0.0	0.0	0.0	22.0	22.0	0.0	17.0	20.0	0.0	3.0	8.0	0.0	0.0	0.0	0.0	8.0	140.0	2.0	2.0	0.0	25.0	0.0	0.0	1.0	49.0	0.0	0.0	0.0	0.0	0.0	17.0	0.0	10.0	8.0	0.0	12.0	1.0	33.0	0.0	0.0	0.0	0.0	0.0	0.0	16.0	0.0	0.0	0.0	0.0	9.0	0.0	0.0	12.0	60.0	0.0	4.0	0.0	1.0	4.0	0.0	207.0	0.0	18.0	0.0	0.0	13.0	14.0
s__Eggerthella lenta (2)	27.0	0.0	0.0	7.0	0.0	0.0	23.0	1.0	5.0	4.0	11.0	0.0	0.0	0.0	0.0	0.0	0.0	0.0	0.0	21.0	11.0	0.0	0.0	0.0	1.0	10.0	7.0	0.0	0.0	29.0	0.0	2.0	0.0	0.0	0.0	33.0	0.0	0.0	7.0	5.0	0.0	10.0	2.0	0.0	0.0	0.0	0.0	14.0	0.0	0.0	12.0	0.0	0.0	17.0	0.0	0.0	0.0	0.0	0.0	13.0	6.0	2.0	0.0	7.0	29.0	0.0	1.0	0.0	19.0	1.0	0.0	0.0	0.0	0.0	0.0	0.0	0.0	0.0	0.0	0.0	24.0	0.0	6.0	27.0	2.0	0.0	0.0	36.0	0.0	0.0	15.0	0.0	0.0	2.0	33.0	29.0	13.0	14.0	0.0	0.0	0.0	20.0	0.0	4.0	0.0	0.0	1.0	0.0	0.0	0.0	0.0	0.0	0.0	0.0	0.0	0.0	0.0	0.0	0.0	9.0	0.0	0.0	0.0	0.0	4.0	0.0	0.0	3.0	0.0	0.0	0.0	2.0	0.0	0.0	2.0	3.0	0.0	6.0	0.0	44.0	0.0	0.0	0.0	3.0	0.0	13.0	20.0	0.0	0.0	0.0	57.0	4.0	11.0	2.0	5.0	3.0	0.0	0.0	676.0	0.0	0.0	0.0	0.0	0.0	35.0	0.0	2.0	23.0	0.0	0.0	0.0	0.0	0.0	18.0	26.0	46.0	0.0	0.0	19.0	0.0	0.0	6.0	11.0	0.0	0.0	0.0	0.0	244.0	0.0	0.0	0.0	0.0	0.0	2.0	173.0	0.0	13.0	46.0	0.0	0.0	0.0	0.0	0.0	0.0	0.0	44.0	5.0	0.0	0.0	0.0	0.0	0.0	0.0	0.0	0.0	1.0	7.0	0.0	0.0	3.0	8.0	0.0	0.0	0.0	99.0	0.0	0.0	0.0	0.0	0.0	0.0	0.0	0.0	0.0	0.0	3.0	0.0	0.0	0.0	0.0	0.0	0.0	1.0	0.0	4.0	0.0	0.0	20.0	5.0	0.0	13.0	0.0	2.0	0.0	78.0	0.0	120.0	17.0	0.0	0.0	11.0	7.0	0.0	0.0	11.0	7.0	0.0	0.0	0.0	0.0	3.0	33.0	0.0	0.0	0.0	0.0	0.0	0.0	21.0	0.0	0.0	19.0	7.0	0.0	0.0	0.0	0.0	0.0	0.0	0.0	0.0	0.0	10.0	17.0	13.0	0.0	0.0	35.0	0.0	20.0	62.0	0.0	8.0	0.0	0.0	0.0	14.0	0.0	0.0	12.0	5.0	0.0	0.0	0.0	0.0	0.0	0.0	0.0	0.0	0.0	0.0	0.0	13.0	8.0	11.0	15.0	98.0	0.0	0.0	0.0	0.0	0.0	0.0	5.0	0.0	67.0	21.0	0.0	0.0	0.0	0.0	0.0	11.0	21.0	0.0	16.0	0.0	0.0	8.0	84.0	0.0	0.0	0.0	117.0	0.0	0.0	26.0	0.0	0.0	0.0	0.0	25.0	0.0	6.0	11.0	0.0	0.0	0.0	0.0	1.0	0.0	0.0	0.0	0.0	0.0	6.0	0.0	0.0	0.0	0.0	0.0	22.0	0.0	0.0	7.0	0.0	5.0	0.0	7.0	0.0	108.0	0.0	0.0	0.0	14.0	0.0	3.0	0.0	0.0	16.0	0.0	0.0	0.0	0.0	4.0	0.0	0.0	0.0	0.0	3.0	0.0	17.0	0.0	0.0	0.0	0.0	0.0	34.0	0.0	14.0	6.0	8.0	0.0	30.0	0.0	24.0	5.0	13.0	33.0	2.0	0.0	0.0	0.0	0.0	0.0	0.0	37.0	21.0	0.0	0.0	0.0	0.0	15.0	0.0	0.0	0.0	46.0	7.0	0.0	8.0	0.0	0.0	0.0	15.0	0.0	0.0	33.0	8.0	0.0	0.0	0.0	3.0	6.0	0.0	4.0	52.0	0.0	0.0	0.0	0.0	12.0	0.0	10.0	0.0	0.0	0.0	0.0	0.0	0.0	0.0	0.0	31.0	10.0
s__Adlercreutzia rubneri (1)	0.0	0.0	0.0	0.0	35.0	0.0	0.0	0.0	0.0	0.0	0.0	1.0	0.0	0.0	0.0	0.0	0.0	0.0	0.0	0.0	0.0	16.0	0.0	0.0	13.0	0.0	0.0	0.0	0.0	0.0	0.0	0.0	0.0	0.0	0.0	0.0	0.0	0.0	0.0	0.0	0.0	0.0	0.0	4.0	0.0	0.0	0.0	0.0	0.0	0.0	0.0	0.0	0.0	0.0	0.0	0.0	0.0	0.0	0.0	0.0	0.0	0.0	0.0	0.0	0.0	0.0	0.0	0.0	0.0	0.0	0.0	0.0	0.0	0.0	0.0	0.0	0.0	0.0	3.0	0.0	0.0	0.0	0.0	0.0	0.0	0.0	0.0	0.0	0.0	0.0	0.0	0.0	0.0	0.0	0.0	0.0	0.0	15.0	0.0	0.0	0.0	0.0	0.0	22.0	0.0	0.0	0.0	0.0	0.0	0.0	0.0	0.0	0.0	0.0	0.0	0.0	0.0	0.0	25.0	0.0	0.0	0.0	0.0	0.0	0.0	0.0	0.0	9.0	3.0	0.0	0.0	119.0	0.0	0.0	0.0	8.0	0.0	0.0	0.0	0.0	0.0	0.0	0.0	21.0	0.0	0.0	0.0	8.0	26.0	0.0	0.0	0.0	0.0	0.0	0.0	0.0	0.0	0.0	0.0	0.0	0.0	0.0	0.0	0.0	0.0	0.0	4.0	0.0	15.0	0.0	0.0	0.0	0.0	0.0	0.0	0.0	0.0	0.0	0.0	4.0	0.0	0.0	0.0	2.0	0.0	0.0	0.0	0.0	0.0	0.0	31.0	0.0	0.0	0.0	0.0	0.0	0.0	0.0	0.0	0.0	0.0	0.0	0.0	0.0	0.0	0.0	0.0	0.0	0.0	0.0	0.0	0.0	0.0	6.0	0.0	12.0	0.0	0.0	11.0	0.0	10.0	0.0	0.0	0.0	0.0	0.0	0.0	0.0	0.0	0.0	18.0	0.0	0.0	0.0	1.0	0.0	0.0	0.0	18.0	0.0	0.0	38.0	0.0	0.0	0.0	17.0	0.0	0.0	0.0	0.0	0.0	0.0	0.0	0.0	0.0	0.0	0.0	18.0	0.0	0.0	0.0	0.0	0.0	13.0	0.0	38.0	2.0	0.0	0.0	0.0	0.0	0.0	0.0	0.0	0.0	14.0	0.0	0.0	0.0	0.0	0.0	0.0	0.0	0.0	0.0	0.0	0.0	0.0	0.0	32.0	0.0	0.0	0.0	0.0	28.0	0.0	0.0	0.0	0.0	0.0	0.0	0.0	0.0	0.0	0.0	6.0	43.0	0.0	7.0	0.0	0.0	0.0	0.0	0.0	0.0	0.0	0.0	0.0	0.0	0.0	0.0	0.0	0.0	0.0	0.0	11.0	0.0	0.0	0.0	0.0	0.0	0.0	0.0	0.0	0.0	0.0	0.0	0.0	0.0	0.0	0.0	0.0	0.0	0.0	0.0	0.0	0.0	0.0	0.0	0.0	0.0	0.0	0.0	0.0	0.0	0.0	0.0	0.0	0.0	0.0	0.0	0.0	0.0	0.0	0.0	0.0	17.0	0.0	0.0	0.0	0.0	0.0	0.0	0.0	0.0	31.0	0.0	0.0	10.0	0.0	0.0	0.0	0.0	0.0	0.0	0.0	0.0	0.0	0.0	0.0	0.0	0.0	0.0	0.0	21.0	20.0	23.0	0.0	0.0	0.0	15.0	0.0	0.0	0.0	0.0	0.0	0.0	0.0	0.0	0.0	0.0	0.0	10.0	0.0	0.0	0.0	0.0	0.0	15.0	0.0	0.0	0.0	0.0	0.0	0.0	0.0	0.0	0.0	0.0	15.0	0.0	0.0	0.0	14.0	0.0	0.0	0.0	0.0	0.0	0.0	0.0	19.0	3.0	0.0	6.0	1.0	0.0	0.0	0.0	0.0	0.0	0.0	0.0	0.0	0.0	0.0	0.0	0.0	0.0	0.0	0.0	12.0	0.0	0.0	0.0	0.0	0.0	0.0	0.0	0.0	0.0	4.0	0.0	0.0	0.0	0.0	0.0	0.0	0.0	0.0	0.0	0.0	0.0
s__Gordonibacter pamelaeae (1)	0.0	0.0	0.0	2.0	0.0	0.0	4.0	0.0	0.0	0.0	0.0	0.0	0.0	0.0	0.0	0.0	0.0	0.0	0.0	0.0	0.0	0.0	0.0	0.0	4.0	0.0	0.0	0.0	0.0	0.0	0.0	0.0	0.0	3.0	0.0	0.0	0.0	0.0	0.0	0.0	0.0	0.0	0.0	0.0	8.0	0.0	0.0	2.0	0.0	0.0	1.0	9.0	0.0	1.0	0.0	0.0	0.0	0.0	7.0	0.0	0.0	0.0	16.0	0.0	0.0	0.0	0.0	0.0	0.0	3.0	0.0	0.0	0.0	0.0	0.0	1.0	3.0	0.0	0.0	8.0	6.0	0.0	0.0	0.0	0.0	0.0	0.0	0.0	0.0	0.0	1.0	0.0	0.0	0.0	18.0	0.0	0.0	3.0	0.0	0.0	0.0	0.0	0.0	2.0	0.0	0.0	0.0	0.0	0.0	0.0	0.0	0.0	0.0	0.0	0.0	0.0	0.0	0.0	0.0	2.0	0.0	0.0	0.0	0.0	0.0	5.0	0.0	3.0	0.0	0.0	0.0	5.0	0.0	0.0	1.0	1.0	0.0	0.0	1.0	0.0	0.0	0.0	0.0	0.0	0.0	0.0	0.0	0.0	0.0	0.0	6.0	0.0	0.0	1.0	0.0	0.0	0.0	0.0	0.0	0.0	1.0	0.0	0.0	0.0	0.0	0.0	0.0	2.0	0.0	0.0	2.0	1.0	0.0	0.0	9.0	0.0	0.0	0.0	1.0	0.0	0.0	0.0	0.0	0.0	0.0	0.0	3.0	0.0	4.0	0.0	2.0	0.0	0.0	0.0	0.0	0.0	5.0	0.0	0.0	0.0	4.0	0.0	1.0	35.0	0.0	0.0	0.0	0.0	0.0	0.0	0.0	0.0	0.0	0.0	0.0	0.0	5.0	0.0	0.0	0.0	4.0	0.0	0.0	0.0	0.0	3.0	0.0	0.0	0.0	0.0	1.0	0.0	0.0	0.0	3.0	0.0	0.0	0.0	0.0	0.0	0.0	0.0	0.0	0.0	0.0	0.0	0.0	0.0	4.0	0.0	0.0	0.0	11.0	0.0	0.0	0.0	3.0	0.0	0.0	0.0	0.0	1.0	0.0	7.0	9.0	4.0	0.0	0.0	0.0	0.0	5.0	4.0	0.0	7.0	0.0	0.0	0.0	0.0	0.0	0.0	0.0	0.0	0.0	0.0	0.0	0.0	0.0	0.0	0.0	2.0	5.0	0.0	0.0	7.0	2.0	0.0	0.0	0.0	0.0	0.0	0.0	0.0	0.0	0.0	0.0	0.0	6.0	0.0	0.0	0.0	0.0	0.0	3.0	0.0	2.0	0.0	0.0	0.0	0.0	0.0	0.0	0.0	0.0	0.0	0.0	0.0	0.0	0.0	0.0	0.0	0.0	0.0	0.0	0.0	0.0	0.0	0.0	0.0	0.0	0.0	0.0	0.0	0.0	0.0	0.0	3.0	0.0	0.0	0.0	0.0	0.0	0.0	0.0	0.0	0.0	0.0	2.0	0.0	0.0	0.0	0.0	0.0	0.0	0.0	0.0	5.0	0.0	0.0	0.0	0.0	0.0	0.0	3.0	0.0	0.0	0.0	0.0	0.0	0.0	0.0	0.0	0.0	0.0	0.0	0.0	0.0	0.0	4.0	0.0	0.0	2.0	0.0	0.0	5.0	0.0	0.0	4.0	0.0	0.0	0.0	0.0	0.0	0.0	0.0	0.0	7.0	0.0	6.0	0.0	7.0	0.0	0.0	0.0	0.0	0.0	0.0	0.0	0.0	0.0	1.0	0.0	0.0	0.0	0.0	0.0	0.0	0.0	0.0	0.0	0.0	0.0	0.0	0.0	7.0	0.0	0.0	0.0	0.0	0.0	0.0	0.0	0.0	4.0	0.0	0.0	0.0	0.0	0.0	0.0	0.0	0.0	0.0	0.0	0.0	0.0	0.0	0.0	0.0	0.0	0.0	0.0	0.0	0.0	0.0	0.0	0.0	0.0	0.0	0.0	0.0	0.0	0.0	0.0	10.0	0.0	0.0	0.0	0.0	0.0	0.0	0.0	0.0	0.0
g__Parasutterella (1)	14.0	0.0	0.0	0.0	0.0	0.0	0.0	0.0	0.0	10.0	0.0	0.0	0.0	0.0	0.0	0.0	30.0	0.0	0.0	127.0	91.0	0.0	0.0	0.0	0.0	6.0	0.0	0.0	0.0	0.0	0.0	0.0	3.0	31.0	0.0	0.0	0.0	0.0	6.0	19.0	0.0	5.0	89.0	0.0	0.0	0.0	0.0	14.0	0.0	17.0	0.0	10.0	0.0	4.0	23.0	0.0	50.0	5.0	0.0	0.0	30.0	0.0	0.0	0.0	0.0	0.0	0.0	0.0	0.0	77.0	19.0	0.0	0.0	0.0	0.0	0.0	3.0	0.0	0.0	30.0	0.0	0.0	0.0	0.0	0.0	0.0	0.0	0.0	0.0	169.0	0.0	0.0	0.0	0.0	0.0	0.0	0.0	0.0	0.0	0.0	0.0	0.0	0.0	0.0	0.0	0.0	30.0	0.0	2.0	0.0	0.0	0.0	0.0	0.0	0.0	0.0	0.0	0.0	0.0	0.0	33.0	0.0	1.0	0.0	85.0	0.0	0.0	0.0	0.0	0.0	24.0	54.0	325.0	0.0	0.0	157.0	0.0	65.0	0.0	0.0	0.0	0.0	0.0	0.0	0.0	151.0	0.0	0.0	2.0	0.0	0.0	0.0	0.0	1.0	0.0	0.0	0.0	0.0	0.0	0.0	0.0	0.0	0.0	0.0	0.0	0.0	0.0	0.0	0.0	0.0	15.0	0.0	1.0	0.0	0.0	0.0	0.0	0.0	8.0	0.0	0.0	0.0	0.0	0.0	0.0	0.0	0.0	0.0	0.0	0.0	0.0	0.0	0.0	0.0	113.0	0.0	44.0	2.0	0.0	0.0	0.0	0.0	0.0	0.0	0.0	0.0	0.0	0.0	37.0	0.0	0.0	0.0	0.0	2.0	0.0	9.0	0.0	1.0	0.0	0.0	0.0	0.0	0.0	0.0	0.0	0.0	0.0	0.0	0.0	0.0	0.0	0.0	0.0	0.0	13.0	0.0	0.0	0.0	7.0	0.0	0.0	0.0	0.0	9.0	0.0	1.0	0.0	65.0	87.0	0.0	0.0	0.0	0.0	64.0	0.0	97.0	0.0	0.0	0.0	0.0	0.0	40.0	0.0	0.0	0.0	2.0	0.0	0.0	0.0	0.0	140.0	0.0	0.0	0.0	5.0	0.0	0.0	0.0	0.0	0.0	0.0	19.0	8.0	0.0	0.0	0.0	0.0	0.0	0.0	53.0	0.0	272.0	0.0	9.0	10.0	0.0	0.0	0.0	0.0	0.0	0.0	0.0	0.0	0.0	1.0	0.0	0.0	0.0	0.0	0.0	0.0	0.0	0.0	0.0	0.0	0.0	77.0	0.0	0.0	0.0	0.0	0.0	0.0	0.0	0.0	0.0	0.0	4.0	0.0	0.0	0.0	0.0	13.0	0.0	0.0	0.0	248.0	0.0	0.0	0.0	0.0	13.0	0.0	7.0	0.0	347.0	234.0	0.0	18.0	0.0	0.0	0.0	0.0	0.0	0.0	0.0	0.0	0.0	0.0	5.0	4.0	2.0	0.0	0.0	0.0	8.0	7.0	0.0	0.0	0.0	0.0	0.0	0.0	0.0	0.0	4.0	0.0	0.0	0.0	0.0	0.0	0.0	0.0	0.0	0.0	0.0	0.0	0.0	0.0	0.0	0.0	169.0	0.0	84.0	0.0	0.0	4.0	0.0	0.0	0.0	0.0	61.0	0.0	0.0	0.0	129.0	0.0	0.0	0.0	0.0	0.0	0.0	0.0	49.0	0.0	0.0	0.0	0.0	73.0	80.0	0.0	0.0	0.0	0.0	0.0	0.0	0.0	0.0	107.0	0.0	0.0	6.0	0.0	5.0	0.0	0.0	0.0	0.0	34.0	0.0	0.0	1.0	0.0	0.0	42.0	0.0	0.0	0.0	0.0	50.0	0.0	0.0	0.0	0.0	0.0	0.0	0.0	0.0	0.0	0.0	0.0	2.0	0.0	0.0	0.0	0.0	0.0	5.0	63.0	30.0	0.0	0.0	0.0	0.0	0.0	0.0	0.0	0.0	0.0	0.0	0.0	130.0	0.0
g__Parasutterella (2)	0.0	0.0	0.0	0.0	1.0	166.0	0.0	0.0	0.0	0.0	0.0	0.0	0.0	0.0	0.0	1363.0	0.0	0.0	0.0	11.0	0.0	0.0	0.0	0.0	0.0	0.0	66.0	0.0	0.0	0.0	0.0	0.0	0.0	103.0	0.0	0.0	0.0	0.0	0.0	0.0	0.0	0.0	0.0	0.0	0.0	0.0	0.0	0.0	0.0	0.0	0.0	0.0	0.0	0.0	5.0	0.0	32.0	0.0	0.0	0.0	12.0	0.0	45.0	0.0	0.0	0.0	0.0	0.0	0.0	0.0	0.0	0.0	0.0	0.0	1.0	0.0	1.0	0.0	0.0	0.0	0.0	0.0	0.0	0.0	0.0	0.0	10.0	0.0	0.0	22.0	0.0	0.0	0.0	26.0	0.0	0.0	0.0	15.0	0.0	0.0	0.0	0.0	0.0	0.0	0.0	1.0	0.0	110.0	0.0	0.0	0.0	0.0	0.0	0.0	0.0	0.0	0.0	0.0	1.0	0.0	0.0	0.0	0.0	0.0	0.0	0.0	0.0	0.0	0.0	0.0	2.0	7.0	33.0	0.0	0.0	0.0	0.0	0.0	0.0	0.0	0.0	0.0	37.0	0.0	0.0	0.0	0.0	0.0	0.0	0.0	0.0	0.0	0.0	0.0	0.0	0.0	0.0	0.0	0.0	0.0	0.0	0.0	0.0	0.0	0.0	0.0	0.0	0.0	10.0	0.0	16.0	0.0	0.0	0.0	0.0	0.0	0.0	0.0	22.0	15.0	1.0	0.0	0.0	0.0	0.0	0.0	0.0	0.0	0.0	0.0	0.0	0.0	0.0	0.0	0.0	0.0	7.0	0.0	0.0	0.0	0.0	0.0	0.0	0.0	0.0	0.0	0.0	0.0	11.0	0.0	0.0	0.0	0.0	0.0	0.0	0.0	0.0	0.0	0.0	0.0	0.0	0.0	0.0	0.0	0.0	0.0	0.0	0.0	0.0	0.0	0.0	0.0	0.0	0.0	8.0	0.0	0.0	0.0	0.0	0.0	0.0	0.0	0.0	0.0	0.0	0.0	0.0	0.0	143.0	0.0	0.0	0.0	0.0	64.0	0.0	0.0	0.0	0.0	0.0	0.0	0.0	0.0	0.0	0.0	0.0	0.0	0.0	0.0	0.0	0.0	0.0	0.0	0.0	0.0	0.0	0.0	0.0	0.0	0.0	0.0	0.0	0.0	0.0	0.0	0.0	0.0	0.0	0.0	133.0	0.0	0.0	0.0	0.0	7.0	0.0	0.0	0.0	0.0	0.0	0.0	0.0	0.0	0.0	0.0	0.0	0.0	0.0	0.0	0.0	0.0	0.0	0.0	0.0	0.0	0.0	0.0	0.0	0.0	0.0	0.0	0.0	0.0	1.0	0.0	0.0	0.0	0.0	49.0	0.0	41.0	0.0	0.0	0.0	0.0	4.0	0.0	0.0	0.0	0.0	0.0	0.0	0.0	0.0	0.0	3.0	0.0	0.0	0.0	31.0	0.0	0.0	0.0	0.0	0.0	0.0	0.0	0.0	0.0	0.0	0.0	0.0	1091.0	0.0	0.0	0.0	6.0	0.0	0.0	0.0	0.0	0.0	0.0	0.0	0.0	5.0	0.0	0.0	0.0	0.0	0.0	0.0	0.0	0.0	0.0	0.0	0.0	0.0	0.0	0.0	0.0	0.0	23.0	0.0	66.0	0.0	0.0	0.0	0.0	0.0	0.0	0.0	0.0	0.0	0.0	0.0	0.0	0.0	0.0	0.0	0.0	0.0	0.0	0.0	0.0	0.0	4.0	0.0	0.0	0.0	0.0	0.0	0.0	0.0	0.0	0.0	0.0	0.0	0.0	0.0	0.0	0.0	0.0	0.0	0.0	0.0	0.0	0.0	0.0	0.0	0.0	0.0	0.0	0.0	0.0	0.0	2.0	0.0	0.0	0.0	30.0	0.0	0.0	0.0	0.0	0.0	0.0	0.0	0.0	0.0	0.0	0.0	0.0	0.0	0.0	0.0	0.0	0.0	0.0	10.0	68.0	0.0	7.0	0.0	0.0	0.0	0.0	0.0	0.0	4.0	0.0	0.0	0.0	0.0
d__Bacteria (4)	0.0	0.0	0.0	13.0	7.0	0.0	0.0	0.0	0.0	0.0	0.0	9.0	0.0	0.0	0.0	0.0	0.0	0.0	0.0	0.0	0.0	0.0	0.0	0.0	0.0	0.0	0.0	0.0	13.0	0.0	0.0	0.0	0.0	0.0	0.0	0.0	0.0	0.0	0.0	0.0	0.0	0.0	0.0	60.0	0.0	0.0	0.0	0.0	0.0	0.0	0.0	0.0	8.0	60.0	0.0	0.0	0.0	0.0	2.0	0.0	0.0	0.0	0.0	0.0	0.0	0.0	0.0	0.0	0.0	0.0	0.0	0.0	6.0	24.0	0.0	0.0	0.0	0.0	0.0	0.0	0.0	0.0	0.0	0.0	0.0	0.0	0.0	0.0	0.0	0.0	0.0	0.0	0.0	0.0	0.0	0.0	0.0	0.0	0.0	0.0	0.0	0.0	0.0	0.0	0.0	181.0	0.0	0.0	0.0	125.0	0.0	0.0	0.0	0.0	0.0	23.0	0.0	0.0	0.0	0.0	0.0	0.0	0.0	0.0	0.0	0.0	0.0	0.0	10.0	0.0	0.0	0.0	0.0	24.0	0.0	0.0	0.0	0.0	0.0	0.0	0.0	0.0	0.0	0.0	0.0	0.0	0.0	0.0	0.0	0.0	0.0	0.0	0.0	0.0	0.0	0.0	0.0	0.0	0.0	0.0	0.0	0.0	32.0	0.0	0.0	0.0	0.0	0.0	0.0	0.0	0.0	0.0	222.0	0.0	0.0	0.0	0.0	0.0	0.0	0.0	0.0	25.0	0.0	0.0	0.0	0.0	0.0	0.0	0.0	0.0	0.0	0.0	0.0	0.0	0.0	0.0	0.0	0.0	0.0	0.0	0.0	0.0	1.0	0.0	0.0	0.0	0.0	0.0	0.0	26.0	2.0	0.0	0.0	0.0	0.0	59.0	0.0	0.0	0.0	0.0	0.0	102.0	147.0	0.0	2.0	0.0	0.0	0.0	0.0	0.0	0.0	0.0	97.0	1.0	0.0	0.0	0.0	0.0	0.0	0.0	0.0	0.0	0.0	0.0	0.0	0.0	0.0	0.0	0.0	0.0	0.0	0.0	0.0	0.0	0.0	0.0	0.0	0.0	0.0	0.0	0.0	0.0	5.0	15.0	0.0	0.0	0.0	0.0	88.0	0.0	0.0	0.0	0.0	0.0	0.0	0.0	0.0	0.0	0.0	0.0	0.0	0.0	0.0	0.0	0.0	0.0	0.0	0.0	0.0	0.0	0.0	0.0	0.0	4.0	0.0	0.0	0.0	19.0	17.0	0.0	0.0	0.0	0.0	0.0	3.0	11.0	0.0	0.0	0.0	0.0	3.0	37.0	0.0	0.0	0.0	0.0	12.0	0.0	0.0	0.0	0.0	0.0	0.0	26.0	0.0	0.0	0.0	0.0	0.0	0.0	0.0	0.0	0.0	0.0	0.0	0.0	0.0	15.0	0.0	1.0	37.0	0.0	0.0	0.0	47.0	0.0	0.0	0.0	0.0	0.0	8.0	2.0	144.0	0.0	0.0	0.0	2.0	0.0	0.0	0.0	0.0	0.0	0.0	0.0	0.0	0.0	0.0	0.0	29.0	22.0	0.0	0.0	0.0	0.0	0.0	0.0	0.0	52.0	0.0	0.0	5.0	0.0	0.0	0.0	0.0	0.0	453.0	0.0	0.0	0.0	0.0	0.0	0.0	0.0	0.0	0.0	0.0	0.0	0.0	0.0	0.0	0.0	0.0	11.0	0.0	0.0	43.0	0.0	0.0	0.0	0.0	0.0	0.0	0.0	0.0	0.0	3.0	0.0	0.0	0.0	0.0	0.0	0.0	0.0	7.0	0.0	0.0	0.0	0.0	0.0	0.0	14.0	0.0	0.0	43.0	2.0	0.0	0.0	0.0	0.0	0.0	0.0	0.0	0.0	0.0	46.0	0.0	0.0	0.0	0.0	0.0	0.0	87.0	0.0	1.0	0.0	0.0	0.0	0.0	0.0	0.0	0.0	42.0	0.0	9.0	0.0	0.0	0.0	0.0	0.0	0.0	0.0	91.0	0.0	5.0	0.0	0.0	0.0	0.0	0.0	27.0	0.0	0.0
s__Sutterella wadsworthensis (1)	0.0	0.0	0.0	0.0	4.0	0.0	0.0	0.0	0.0	0.0	22.0	0.0	0.0	67.0	99.0	0.0	66.0	0.0	21.0	0.0	0.0	90.0	0.0	0.0	0.0	8.0	0.0	0.0	5.0	0.0	0.0	0.0	22.0	0.0	71.0	0.0	0.0	0.0	58.0	0.0	97.0	0.0	0.0	0.0	0.0	1.0	2.0	0.0	0.0	0.0	308.0	69.0	0.0	0.0	0.0	0.0	0.0	1.0	0.0	167.0	0.0	7.0	0.0	0.0	0.0	22.0	0.0	0.0	17.0	0.0	0.0	0.0	0.0	24.0	14.0	12.0	0.0	0.0	0.0	0.0	131.0	1.0	0.0	0.0	1.0	0.0	25.0	0.0	0.0	0.0	0.0	0.0	0.0	0.0	1.0	0.0	0.0	0.0	1.0	0.0	0.0	0.0	1.0	88.0	0.0	0.0	0.0	0.0	0.0	15.0	28.0	0.0	0.0	0.0	12.0	6.0	0.0	0.0	2.0	7.0	0.0	243.0	2.0	124.0	0.0	0.0	0.0	148.0	10.0	94.0	95.0	0.0	0.0	1.0	14.0	0.0	17.0	0.0	0.0	0.0	0.0	109.0	0.0	0.0	0.0	0.0	0.0	6.0	0.0	0.0	0.0	0.0	133.0	40.0	0.0	119.0	0.0	20.0	0.0	1.0	0.0	101.0	18.0	107.0	0.0	0.0	0.0	0.0	0.0	0.0	0.0	19.0	8.0	169.0	0.0	0.0	0.0	0.0	0.0	51.0	0.0	31.0	0.0	0.0	0.0	93.0	0.0	0.0	0.0	58.0	0.0	0.0	0.0	60.0	0.0	62.0	0.0	0.0	0.0	0.0	0.0	419.0	0.0	0.0	0.0	0.0	0.0	0.0	0.0	15.0	0.0	89.0	0.0	25.0	0.0	0.0	0.0	41.0	186.0	110.0	3.0	9.0	2.0	0.0	0.0	0.0	21.0	0.0	142.0	0.0	10.0	55.0	9.0	3.0	120.0	0.0	8.0	232.0	0.0	3.0	0.0	26.0	0.0	0.0	35.0	56.0	0.0	0.0	0.0	136.0	0.0	0.0	2.0	0.0	0.0	24.0	0.0	0.0	0.0	0.0	0.0	0.0	0.0	0.0	64.0	0.0	0.0	0.0	0.0	0.0	0.0	0.0	0.0	0.0	54.0	0.0	268.0	0.0	0.0	0.0	3.0	13.0	74.0	0.0	0.0	0.0	0.0	0.0	0.0	0.0	0.0	0.0	0.0	0.0	0.0	0.0	3.0	0.0	0.0	0.0	0.0	0.0	0.0	0.0	0.0	0.0	0.0	0.0	36.0	0.0	21.0	12.0	61.0	13.0	90.0	0.0	0.0	11.0	0.0	0.0	0.0	0.0	0.0	30.0	0.0	0.0	181.0	60.0	307.0	0.0	0.0	733.0	0.0	0.0	18.0	183.0	0.0	0.0	63.0	0.0	18.0	60.0	18.0	31.0	0.0	0.0	2.0	313.0	0.0	0.0	0.0	0.0	0.0	0.0	0.0	247.0	0.0	5.0	0.0	0.0	0.0	0.0	8.0	191.0	17.0	1.0	69.0	3.0	7.0	0.0	31.0	0.0	11.0	0.0	237.0	11.0	0.0	1.0	112.0	0.0	17.0	214.0	3.0	0.0	0.0	0.0	16.0	0.0	0.0	139.0	0.0	0.0	0.0	0.0	137.0	0.0	0.0	0.0	16.0	0.0	58.0	0.0	70.0	0.0	67.0	0.0	5.0	23.0	48.0	38.0	8.0	0.0	0.0	0.0	0.0	68.0	0.0	0.0	0.0	0.0	0.0	14.0	4.0	0.0	0.0	0.0	62.0	266.0	0.0	67.0	1.0	37.0	0.0	10.0	17.0	0.0	0.0	0.0	5.0	0.0	0.0	34.0	0.0	0.0	0.0	0.0	321.0	3.0	0.0	0.0	0.0	203.0	8.0	0.0	5.0	0.0	4.0	26.0	1.0	31.0	0.0	0.0	4.0	0.0	3.0	0.0	0.0	13.0	0.0	0.0	0.0	115.0	5.0	0.0	0.0	0.0	25.0	0.0	14.0	254.0	2.0	0.0	0.0
s__Sutterella wadsworthensis (2)	0.0	0.0	0.0	0.0	0.0	0.0	0.0	0.0	0.0	0.0	0.0	0.0	0.0	40.0	20.0	0.0	38.0	12.0	0.0	0.0	0.0	0.0	0.0	0.0	0.0	0.0	0.0	0.0	0.0	0.0	0.0	0.0	53.0	0.0	21.0	0.0	0.0	0.0	40.0	0.0	0.0	0.0	0.0	0.0	0.0	0.0	0.0	0.0	0.0	0.0	83.0	12.0	0.0	0.0	0.0	0.0	0.0	0.0	0.0	35.0	0.0	0.0	0.0	0.0	0.0	0.0	0.0	0.0	0.0	0.0	0.0	0.0	0.0	0.0	9.0	15.0	0.0	0.0	0.0	0.0	79.0	0.0	0.0	0.0	0.0	0.0	18.0	0.0	0.0	0.0	0.0	0.0	0.0	0.0	0.0	0.0	0.0	0.0	0.0	0.0	0.0	0.0	0.0	0.0	0.0	8.0	0.0	0.0	0.0	0.0	0.0	0.0	0.0	0.0	14.0	0.0	0.0	0.0	0.0	0.0	0.0	0.0	0.0	0.0	0.0	0.0	0.0	0.0	5.0	36.0	0.0	0.0	0.0	0.0	5.0	0.0	34.0	0.0	0.0	0.0	0.0	0.0	0.0	0.0	0.0	0.0	0.0	0.0	0.0	0.0	0.0	0.0	51.0	65.0	0.0	32.0	0.0	0.0	0.0	0.0	0.0	0.0	0.0	32.0	0.0	0.0	0.0	0.0	0.0	0.0	0.0	19.0	0.0	0.0	0.0	0.0	0.0	0.0	0.0	0.0	12.0	0.0	0.0	0.0	0.0	53.0	0.0	0.0	0.0	73.0	0.0	0.0	0.0	27.0	0.0	15.0	0.0	0.0	0.0	0.0	0.0	0.0	0.0	0.0	0.0	0.0	0.0	0.0	0.0	0.0	0.0	0.0	0.0	10.0	0.0	0.0	0.0	40.0	0.0	0.0	0.0	0.0	3.0	0.0	0.0	0.0	24.0	0.0	0.0	0.0	0.0	0.0	6.0	0.0	27.0	0.0	0.0	106.0	0.0	0.0	0.0	0.0	0.0	0.0	0.0	51.0	0.0	0.0	0.0	12.0	0.0	0.0	0.0	0.0	0.0	38.0	0.0	0.0	0.0	0.0	0.0	0.0	0.0	0.0	9.0	0.0	0.0	0.0	0.0	0.0	0.0	0.0	0.0	0.0	0.0	0.0	0.0	0.0	0.0	0.0	0.0	0.0	0.0	0.0	0.0	0.0	0.0	0.0	0.0	0.0	0.0	0.0	0.0	0.0	0.0	0.0	0.0	0.0	0.0	0.0	0.0	0.0	0.0	0.0	0.0	0.0	0.0	0.0	0.0	0.0	7.0	0.0	0.0	0.0	0.0	0.0	0.0	38.0	0.0	0.0	0.0	0.0	0.0	0.0	0.0	0.0	0.0	0.0	48.0	0.0	0.0	114.0	0.0	0.0	24.0	0.0	0.0	10.0	79.0	0.0	0.0	0.0	0.0	0.0	0.0	0.0	0.0	0.0	0.0	0.0	0.0	0.0	0.0	0.0	0.0	0.0	0.0	0.0	0.0	0.0	0.0	0.0	0.0	0.0	0.0	0.0	0.0	0.0	0.0	0.0	0.0	0.0	0.0	0.0	38.0	0.0	0.0	0.0	33.0	0.0	0.0	0.0	0.0	0.0	0.0	0.0	8.0	0.0	0.0	73.0	0.0	0.0	0.0	0.0	0.0	0.0	0.0	0.0	10.0	0.0	29.0	0.0	0.0	0.0	13.0	0.0	0.0	33.0	10.0	58.0	43.0	0.0	0.0	0.0	0.0	0.0	0.0	0.0	0.0	0.0	0.0	21.0	0.0	0.0	0.0	0.0	77.0	202.0	0.0	0.0	0.0	35.0	0.0	0.0	0.0	0.0	0.0	0.0	0.0	0.0	0.0	32.0	1.0	0.0	0.0	19.0	61.0	0.0	0.0	0.0	0.0	54.0	0.0	0.0	0.0	0.0	0.0	51.0	0.0	0.0	0.0	0.0	0.0	0.0	0.0	0.0	0.0	72.0	0.0	0.0	0.0	0.0	0.0	0.0	0.0	0.0	0.0	0.0	0.0	159.0	0.0	0.0	0.0
s__Merdimmobilis hominis (1)	0.0	0.0	0.0	0.0	0.0	0.0	0.0	0.0	0.0	0.0	0.0	4.0	0.0	0.0	6.0	0.0	5.0	0.0	0.0	0.0	0.0	0.0	0.0	0.0	0.0	0.0	0.0	0.0	0.0	5.0	0.0	0.0	1.0	1.0	0.0	0.0	0.0	0.0	0.0	0.0	0.0	0.0	0.0	0.0	0.0	0.0	0.0	1.0	0.0	0.0	2.0	0.0	3.0	3.0	0.0	0.0	0.0	0.0	1.0	0.0	0.0	0.0	0.0	0.0	0.0	0.0	3.0	0.0	0.0	1.0	0.0	0.0	0.0	0.0	0.0	1.0	0.0	0.0	0.0	3.0	0.0	0.0	0.0	0.0	0.0	0.0	2.0	9.0	7.0	0.0	1.0	0.0	0.0	0.0	0.0	0.0	0.0	0.0	0.0	0.0	0.0	0.0	0.0	1.0	0.0	0.0	0.0	0.0	0.0	1.0	0.0	0.0	1.0	0.0	0.0	0.0	0.0	0.0	0.0	0.0	1.0	0.0	0.0	0.0	0.0	0.0	0.0	0.0	0.0	0.0	0.0	1.0	0.0	0.0	4.0	0.0	0.0	0.0	0.0	0.0	0.0	0.0	0.0	0.0	0.0	0.0	0.0	0.0	0.0	0.0	0.0	0.0	3.0	0.0	0.0	0.0	0.0	0.0	11.0	5.0	0.0	0.0	0.0	0.0	0.0	0.0	0.0	0.0	1.0	0.0	0.0	0.0	1.0	0.0	0.0	5.0	2.0	0.0	0.0	0.0	0.0	0.0	0.0	11.0	0.0	0.0	0.0	2.0	7.0	0.0	0.0	0.0	0.0	0.0	0.0	0.0	2.0	0.0	0.0	0.0	1.0	0.0	0.0	0.0	0.0	0.0	0.0	0.0	0.0	0.0	0.0	0.0	0.0	0.0	0.0	0.0	0.0	0.0	0.0	0.0	0.0	0.0	0.0	0.0	0.0	8.0	0.0	7.0	0.0	0.0	0.0	0.0	0.0	0.0	1.0	0.0	0.0	0.0	0.0	0.0	0.0	0.0	0.0	3.0	0.0	0.0	0.0	0.0	0.0	0.0	0.0	0.0	0.0	0.0	0.0	3.0	0.0	0.0	0.0	0.0	0.0	0.0	0.0	0.0	0.0	0.0	0.0	0.0	0.0	0.0	0.0	0.0	0.0	0.0	6.0	0.0	0.0	0.0	0.0	0.0	0.0	0.0	0.0	0.0	0.0	0.0	0.0	0.0	0.0	0.0	0.0	0.0	0.0	0.0	0.0	2.0	0.0	0.0	0.0	0.0	0.0	0.0	0.0	0.0	0.0	0.0	0.0	0.0	0.0	0.0	4.0	0.0	0.0	0.0	0.0	0.0	0.0	0.0	0.0	0.0	0.0	0.0	0.0	0.0	0.0	0.0	0.0	0.0	0.0	0.0	0.0	0.0	0.0	0.0	2.0	0.0	0.0	0.0	4.0	0.0	3.0	0.0	0.0	0.0	0.0	0.0	0.0	3.0	0.0	0.0	0.0	0.0	0.0	5.0	0.0	0.0	0.0	2.0	0.0	0.0	0.0	0.0	21.0	0.0	0.0	0.0	0.0	0.0	0.0	0.0	0.0	0.0	0.0	0.0	3.0	0.0	0.0	8.0	0.0	0.0	0.0	0.0	0.0	0.0	0.0	0.0	2.0	0.0	0.0	0.0	0.0	3.0	0.0	3.0	0.0	0.0	0.0	0.0	0.0	6.0	1.0	0.0	0.0	0.0	0.0	0.0	0.0	0.0	9.0	0.0	0.0	0.0	0.0	0.0	0.0	0.0	0.0	0.0	0.0	0.0	0.0	0.0	0.0	0.0	0.0	0.0	2.0	0.0	0.0	0.0	3.0	0.0	0.0	0.0	0.0	4.0	0.0	0.0	0.0	0.0	0.0	0.0	0.0	0.0	0.0	0.0	0.0	0.0	4.0	0.0	0.0	0.0	0.0	0.0	0.0	0.0	0.0	4.0	0.0	0.0	5.0	1.0	3.0	0.0	0.0	0.0	0.0	0.0	0.0	0.0	0.0	1.0	0.0	0.0	0.0	0.0	0.0	8.0	7.0	0.0	0.0	0.0	0.0
g__Alitiscatomonas (1)	4.0	0.0	0.0	0.0	7.0	0.0	6.0	7.0	0.0	5.0	13.0	0.0	5.0	0.0	0.0	0.0	12.0	0.0	0.0	12.0	0.0	15.0	0.0	0.0	0.0	4.0	53.0	0.0	12.0	0.0	0.0	0.0	15.0	0.0	0.0	0.0	12.0	0.0	22.0	75.0	0.0	24.0	5.0	0.0	33.0	0.0	4.0	0.0	3.0	41.0	3.0	6.0	0.0	5.0	11.0	0.0	36.0	0.0	3.0	0.0	0.0	0.0	0.0	0.0	4.0	12.0	16.0	0.0	19.0	3.0	16.0	0.0	12.0	13.0	16.0	5.0	4.0	0.0	4.0	0.0	0.0	0.0	0.0	0.0	13.0	0.0	17.0	0.0	23.0	6.0	14.0	0.0	11.0	0.0	0.0	0.0	0.0	0.0	0.0	0.0	5.0	0.0	10.0	4.0	0.0	0.0	0.0	0.0	0.0	15.0	0.0	0.0	0.0	0.0	0.0	14.0	0.0	12.0	2.0	20.0	0.0	0.0	0.0	0.0	0.0	89.0	0.0	31.0	4.0	8.0	8.0	26.0	93.0	0.0	0.0	19.0	0.0	0.0	48.0	15.0	0.0	4.0	0.0	0.0	0.0	0.0	20.0	13.0	0.0	0.0	0.0	0.0	0.0	0.0	0.0	35.0	0.0	20.0	0.0	0.0	0.0	0.0	6.0	0.0	0.0	0.0	0.0	0.0	20.0	0.0	20.0	18.0	18.0	0.0	0.0	0.0	0.0	3.0	15.0	17.0	8.0	0.0	0.0	5.0	0.0	18.0	11.0	4.0	2.0	7.0	0.0	0.0	0.0	0.0	0.0	24.0	0.0	3.0	0.0	0.0	17.0	13.0	2.0	0.0	0.0	2.0	7.0	0.0	9.0	13.0	0.0	0.0	0.0	12.0	0.0	19.0	2.0	13.0	0.0	9.0	0.0	0.0	0.0	50.0	0.0	0.0	24.0	0.0	0.0	0.0	0.0	22.0	0.0	0.0	29.0	0.0	0.0	13.0	0.0	0.0	0.0	8.0	24.0	0.0	22.0	33.0	15.0	6.0	19.0	0.0	0.0	0.0	18.0	12.0	26.0	43.0	0.0	0.0	0.0	13.0	0.0	10.0	0.0	7.0	1.0	0.0	0.0	0.0	16.0	0.0	16.0	0.0	0.0	11.0	0.0	8.0	1.0	0.0	0.0	0.0	0.0	0.0	10.0	0.0	0.0	0.0	0.0	0.0	27.0	7.0	19.0	0.0	0.0	19.0	8.0	7.0	0.0	0.0	0.0	0.0	0.0	0.0	14.0	0.0	2.0	0.0	0.0	0.0	0.0	10.0	14.0	0.0	12.0	4.0	18.0	5.0	0.0	0.0	0.0	0.0	12.0	0.0	0.0	0.0	24.0	0.0	0.0	17.0	0.0	0.0	18.0	0.0	0.0	0.0	23.0	0.0	0.0	6.0	0.0	8.0	11.0	0.0	44.0	0.0	0.0	0.0	8.0	15.0	4.0	0.0	0.0	0.0	35.0	0.0	0.0	24.0	0.0	0.0	3.0	6.0	8.0	2.0	0.0	0.0	0.0	0.0	21.0	0.0	0.0	0.0	0.0	0.0	11.0	13.0	45.0	8.0	0.0	8.0	9.0	0.0	12.0	40.0	18.0	8.0	11.0	0.0	0.0	0.0	0.0	20.0	0.0	17.0	0.0	0.0	36.0	18.0	0.0	0.0	0.0	0.0	15.0	32.0	25.0	22.0	0.0	35.0	0.0	23.0	11.0	0.0	17.0	8.0	0.0	58.0	0.0	11.0	0.0	0.0	22.0	10.0	0.0	18.0	0.0	18.0	0.0	11.0	37.0	95.0	0.0	0.0	0.0	0.0	0.0	7.0	33.0	0.0	20.0	5.0	0.0	43.0	0.0	54.0	0.0	0.0	0.0	0.0	100.0	6.0	0.0	0.0	0.0	0.0	38.0	0.0	0.0	0.0	24.0	0.0	0.0	16.0	0.0	0.0	32.0	0.0	0.0	0.0	0.0	0.0	12.0	0.0	0.0	104.0	39.0	0.0	0.0	14.0	0.0	41.0	23.0	0.0	17.0	0.0	0.0
g__Alitiscatomonas (2)	0.0	0.0	0.0	5.0	0.0	0.0	0.0	0.0	0.0	3.0	0.0	0.0	0.0	0.0	0.0	0.0	16.0	0.0	0.0	0.0	0.0	0.0	0.0	0.0	0.0	0.0	12.0	0.0	0.0	0.0	0.0	2.0	0.0	0.0	0.0	0.0	0.0	0.0	0.0	0.0	0.0	0.0	0.0	0.0	6.0	0.0	5.0	0.0	3.0	0.0	6.0	0.0	0.0	4.0	0.0	0.0	35.0	0.0	0.0	0.0	0.0	0.0	0.0	0.0	0.0	0.0	0.0	0.0	0.0	0.0	0.0	0.0	0.0	0.0	0.0	3.0	0.0	0.0	0.0	0.0	0.0	0.0	0.0	0.0	6.0	0.0	6.0	0.0	3.0	20.0	0.0	0.0	0.0	0.0	0.0	0.0	0.0	0.0	0.0	0.0	0.0	0.0	0.0	0.0	0.0	0.0	21.0	0.0	0.0	0.0	0.0	0.0	0.0	0.0	0.0	0.0	0.0	0.0	0.0	0.0	4.0	0.0	0.0	0.0	0.0	48.0	0.0	9.0	0.0	0.0	0.0	11.0	4.0	0.0	0.0	0.0	0.0	0.0	8.0	0.0	0.0	0.0	0.0	0.0	0.0	8.0	0.0	0.0	0.0	0.0	0.0	0.0	0.0	0.0	0.0	0.0	0.0	0.0	0.0	0.0	0.0	0.0	0.0	0.0	0.0	0.0	0.0	0.0	0.0	0.0	0.0	0.0	9.0	0.0	0.0	0.0	0.0	0.0	6.0	0.0	0.0	11.0	0.0	0.0	0.0	14.0	5.0	0.0	0.0	0.0	0.0	0.0	0.0	0.0	0.0	6.0	9.0	0.0	0.0	0.0	0.0	0.0	0.0	4.0	0.0	0.0	0.0	2.0	0.0	0.0	0.0	0.0	0.0	0.0	0.0	0.0	0.0	0.0	0.0	0.0	0.0	0.0	0.0	0.0	0.0	0.0	0.0	0.0	0.0	0.0	0.0	7.0	0.0	3.0	9.0	0.0	0.0	0.0	0.0	0.0	0.0	0.0	11.0	0.0	4.0	0.0	4.0	20.0	9.0	0.0	0.0	0.0	0.0	9.0	0.0	0.0	0.0	0.0	0.0	3.0	0.0	6.0	0.0	0.0	0.0	0.0	0.0	0.0	0.0	0.0	3.0	0.0	0.0	0.0	0.0	0.0	0.0	0.0	0.0	9.0	0.0	0.0	8.0	0.0	0.0	0.0	0.0	0.0	0.0	0.0	0.0	0.0	0.0	12.0	0.0	0.0	0.0	0.0	0.0	0.0	0.0	0.0	0.0	0.0	0.0	0.0	2.0	0.0	0.0	3.0	10.0	0.0	10.0	0.0	0.0	0.0	6.0	0.0	0.0	0.0	0.0	0.0	0.0	0.0	28.0	0.0	0.0	0.0	0.0	0.0	8.0	0.0	2.0	0.0	0.0	0.0	0.0	0.0	0.0	0.0	0.0	0.0	0.0	0.0	0.0	0.0	0.0	11.0	18.0	0.0	0.0	0.0	0.0	0.0	10.0	0.0	0.0	0.0	0.0	0.0	0.0	12.0	0.0	0.0	0.0	0.0	0.0	0.0	2.0	3.0	0.0	0.0	0.0	0.0	0.0	0.0	0.0	19.0	0.0	0.0	0.0	0.0	0.0	0.0	0.0	0.0	0.0	0.0	0.0	7.0	0.0	0.0	0.0	0.0	0.0	0.0	0.0	0.0	0.0	0.0	0.0	5.0	0.0	0.0	0.0	0.0	0.0	0.0	15.0	10.0	0.0	0.0	0.0	0.0	0.0	8.0	0.0	0.0	7.0	20.0	14.0	0.0	0.0	0.0	0.0	0.0	0.0	14.0	0.0	10.0	0.0	17.0	0.0	0.0	0.0	0.0	0.0	0.0	0.0	21.0	0.0	0.0	0.0	0.0	0.0	0.0	40.0	0.0	0.0	0.0	0.0	0.0	0.0	0.0	0.0	0.0	8.0	0.0	0.0	0.0	0.0	0.0	0.0	0.0	0.0	0.0	0.0	0.0	0.0	0.0	0.0	25.0	15.0	0.0	0.0	0.0	0.0	7.0	0.0	0.0	0.0	4.0	0.0
s__Alitiscatomonas sp900066785 (1)	0.0	0.0	0.0	4.0	2.0	0.0	0.0	0.0	0.0	0.0	73.0	0.0	0.0	0.0	0.0	0.0	5.0	0.0	18.0	0.0	0.0	16.0	0.0	0.0	19.0	0.0	12.0	0.0	17.0	0.0	0.0	0.0	0.0	0.0	0.0	0.0	0.0	0.0	0.0	0.0	128.0	0.0	46.0	0.0	0.0	0.0	0.0	0.0	0.0	0.0	31.0	0.0	0.0	0.0	0.0	0.0	33.0	0.0	0.0	79.0	1.0	0.0	0.0	0.0	0.0	0.0	17.0	0.0	0.0	1.0	0.0	0.0	0.0	0.0	0.0	18.0	0.0	0.0	37.0	0.0	0.0	214.0	0.0	0.0	0.0	0.0	0.0	0.0	0.0	61.0	0.0	0.0	13.0	45.0	0.0	0.0	0.0	0.0	0.0	28.0	0.0	0.0	0.0	0.0	0.0	0.0	12.0	64.0	0.0	0.0	0.0	0.0	0.0	0.0	14.0	7.0	0.0	5.0	0.0	0.0	23.0	3.0	0.0	3.0	0.0	0.0	0.0	0.0	3.0	93.0	40.0	0.0	0.0	0.0	0.0	3.0	0.0	43.0	0.0	0.0	0.0	0.0	0.0	0.0	0.0	0.0	0.0	0.0	0.0	0.0	11.0	0.0	0.0	0.0	78.0	0.0	0.0	0.0	0.0	0.0	33.0	0.0	0.0	0.0	0.0	0.0	0.0	0.0	8.0	0.0	0.0	0.0	0.0	0.0	0.0	0.0	0.0	0.0	10.0	3.0	0.0	17.0	0.0	0.0	0.0	4.0	0.0	0.0	38.0	0.0	2.0	0.0	0.0	0.0	0.0	0.0	0.0	0.0	0.0	0.0	8.0	0.0	0.0	0.0	0.0	0.0	0.0	0.0	0.0	0.0	0.0	0.0	0.0	0.0	0.0	0.0	5.0	0.0	0.0	6.0	0.0	14.0	27.0	0.0	6.0	0.0	15.0	0.0	0.0	0.0	0.0	14.0	0.0	0.0	0.0	0.0	0.0	165.0	0.0	0.0	0.0	0.0	0.0	0.0	8.0	0.0	0.0	41.0	2.0	0.0	0.0	0.0	4.0	0.0	0.0	0.0	0.0	21.0	0.0	6.0	0.0	0.0	0.0	0.0	0.0	0.0	0.0	0.0	0.0	0.0	0.0	4.0	0.0	0.0	0.0	0.0	0.0	0.0	20.0	0.0	0.0	1.0	0.0	0.0	0.0	0.0	0.0	21.0	0.0	5.0	8.0	6.0	0.0	0.0	8.0	0.0	0.0	0.0	0.0	0.0	1.0	0.0	0.0	0.0	3.0	3.0	0.0	0.0	0.0	0.0	3.0	0.0	0.0	0.0	0.0	0.0	0.0	0.0	0.0	0.0	0.0	0.0	0.0	44.0	0.0	0.0	69.0	0.0	0.0	76.0	0.0	0.0	0.0	630.0	0.0	0.0	0.0	0.0	0.0	0.0	5.0	13.0	0.0	0.0	0.0	17.0	0.0	26.0	45.0	0.0	0.0	0.0	0.0	0.0	0.0	0.0	3.0	0.0	0.0	0.0	14.0	0.0	7.0	0.0	4.0	0.0	6.0	0.0	0.0	12.0	3.0	0.0	0.0	5.0	0.0	0.0	0.0	0.0	0.0	0.0	0.0	14.0	13.0	0.0	0.0	0.0	0.0	0.0	0.0	0.0	70.0	0.0	0.0	0.0	0.0	0.0	0.0	0.0	0.0	106.0	0.0	0.0	0.0	7.0	0.0	9.0	0.0	4.0	0.0	0.0	11.0	0.0	0.0	0.0	0.0	0.0	0.0	36.0	1.0	0.0	6.0	23.0	1.0	19.0	0.0	0.0	0.0	0.0	0.0	17.0	0.0	12.0	0.0	0.0	14.0	0.0	0.0	0.0	0.0	0.0	0.0	10.0	0.0	0.0	3.0	36.0	0.0	0.0	0.0	5.0	0.0	47.0	25.0	0.0	0.0	0.0	25.0	19.0	0.0	24.0	0.0	0.0	0.0	0.0	8.0	0.0	0.0	0.0	0.0	0.0	0.0	0.0	0.0	0.0	9.0	7.0	0.0	3.0	0.0	0.0	10.0	0.0	0.0
s__Ruminococcus_C sp937915125 (1)	0.0	0.0	0.0	0.0	0.0	0.0	1.0	0.0	0.0	0.0	0.0	0.0	0.0	0.0	0.0	0.0	0.0	0.0	0.0	0.0	0.0	0.0	0.0	0.0	0.0	0.0	0.0	0.0	0.0	0.0	0.0	0.0	0.0	0.0	0.0	0.0	0.0	0.0	4.0	1.0	0.0	0.0	0.0	7.0	18.0	1.0	0.0	0.0	0.0	0.0	6.0	0.0	0.0	0.0	0.0	0.0	0.0	0.0	0.0	0.0	0.0	0.0	0.0	0.0	0.0	3.0	0.0	0.0	0.0	0.0	9.0	0.0	0.0	0.0	0.0	0.0	1.0	0.0	0.0	0.0	0.0	6.0	0.0	0.0	0.0	0.0	18.0	0.0	0.0	0.0	9.0	0.0	0.0	0.0	0.0	0.0	0.0	0.0	0.0	0.0	0.0	0.0	0.0	6.0	0.0	0.0	11.0	0.0	0.0	0.0	0.0	0.0	0.0	0.0	0.0	0.0	0.0	3.0	0.0	0.0	0.0	0.0	0.0	0.0	0.0	0.0	0.0	4.0	0.0	0.0	0.0	0.0	0.0	0.0	0.0	0.0	0.0	0.0	0.0	0.0	0.0	0.0	0.0	0.0	0.0	4.0	26.0	0.0	0.0	0.0	0.0	0.0	0.0	0.0	0.0	0.0	0.0	0.0	0.0	0.0	0.0	1.0	0.0	0.0	0.0	0.0	0.0	4.0	0.0	0.0	0.0	0.0	0.0	0.0	0.0	0.0	0.0	0.0	2.0	0.0	0.0	0.0	0.0	10.0	0.0	0.0	0.0	10.0	0.0	0.0	0.0	0.0	0.0	0.0	15.0	0.0	0.0	0.0	0.0	0.0	0.0	0.0	2.0	0.0	0.0	0.0	0.0	0.0	0.0	1.0	0.0	0.0	0.0	0.0	0.0	8.0	0.0	0.0	13.0	1.0	0.0	0.0	0.0	0.0	0.0	0.0	0.0	0.0	0.0	0.0	0.0	0.0	0.0	0.0	2.0	0.0	0.0	0.0	0.0	0.0	0.0	0.0	0.0	0.0	0.0	0.0	0.0	0.0	0.0	0.0	2.0	0.0	0.0	0.0	0.0	13.0	0.0	0.0	0.0	0.0	0.0	0.0	0.0	4.0	7.0	0.0	0.0	0.0	0.0	0.0	5.0	0.0	0.0	0.0	0.0	0.0	0.0	0.0	2.0	0.0	0.0	0.0	0.0	0.0	0.0	0.0	0.0	0.0	0.0	11.0	0.0	0.0	0.0	0.0	0.0	0.0	0.0	0.0	0.0	0.0	0.0	0.0	4.0	0.0	0.0	0.0	0.0	0.0	0.0	0.0	0.0	0.0	8.0	0.0	0.0	0.0	0.0	0.0	0.0	0.0	0.0	0.0	0.0	0.0	0.0	0.0	0.0	0.0	0.0	0.0	0.0	0.0	0.0	0.0	0.0	0.0	0.0	0.0	13.0	4.0	0.0	0.0	0.0	0.0	0.0	0.0	0.0	0.0	0.0	0.0	0.0	0.0	0.0	0.0	0.0	6.0	0.0	0.0	0.0	0.0	0.0	7.0	0.0	0.0	0.0	0.0	0.0	0.0	0.0	0.0	0.0	0.0	0.0	0.0	5.0	0.0	0.0	0.0	0.0	0.0	0.0	0.0	8.0	0.0	0.0	0.0	0.0	0.0	0.0	0.0	0.0	6.0	7.0	0.0	0.0	0.0	0.0	0.0	0.0	0.0	0.0	0.0	0.0	0.0	0.0	4.0	0.0	6.0	0.0	0.0	0.0	0.0	0.0	8.0	0.0	0.0	0.0	0.0	0.0	0.0	0.0	0.0	0.0	0.0	0.0	0.0	0.0	0.0	0.0	0.0	0.0	2.0	0.0	0.0	1.0	3.0	3.0	0.0	0.0	0.0	0.0	0.0	0.0	0.0	0.0	0.0	0.0	11.0	0.0	0.0	0.0	0.0	0.0	0.0	0.0	0.0	3.0	0.0	0.0	0.0	0.0	14.0	7.0	0.0	0.0	4.0	0.0	0.0	0.0	0.0	0.0	0.0	0.0	0.0	0.0	0.0	0.0	0.0	15.0	0.0	5.0	0.0	0.0
g__Anaerotruncus (1)	0.0	0.0	0.0	0.0	0.0	0.0	1.0	0.0	0.0	0.0	0.0	1.0	0.0	0.0	0.0	0.0	0.0	0.0	0.0	0.0	0.0	0.0	0.0	0.0	0.0	0.0	0.0	0.0	0.0	0.0	0.0	0.0	4.0	0.0	0.0	0.0	0.0	0.0	0.0	0.0	0.0	1.0	0.0	0.0	0.0	0.0	0.0	3.0	0.0	0.0	0.0	4.0	0.0	0.0	17.0	0.0	0.0	0.0	1.0	0.0	5.0	0.0	0.0	0.0	0.0	1.0	0.0	0.0	1.0	26.0	0.0	0.0	0.0	0.0	0.0	0.0	0.0	0.0	0.0	16.0	1.0	0.0	0.0	0.0	0.0	0.0	1.0	1.0	0.0	0.0	5.0	0.0	0.0	0.0	4.0	0.0	0.0	7.0	0.0	0.0	0.0	0.0	0.0	2.0	0.0	0.0	0.0	0.0	0.0	0.0	0.0	0.0	0.0	0.0	0.0	0.0	0.0	0.0	0.0	1.0	0.0	0.0	0.0	0.0	0.0	10.0	0.0	2.0	0.0	0.0	2.0	1.0	0.0	0.0	0.0	0.0	13.0	0.0	1.0	0.0	0.0	0.0	0.0	0.0	6.0	0.0	0.0	0.0	0.0	0.0	0.0	0.0	1.0	0.0	0.0	0.0	0.0	0.0	9.0	0.0	0.0	1.0	2.0	0.0	0.0	0.0	0.0	0.0	0.0	0.0	0.0	0.0	0.0	0.0	0.0	0.0	0.0	0.0	0.0	0.0	0.0	0.0	0.0	1.0	0.0	0.0	0.0	4.0	0.0	0.0	2.0	0.0	0.0	0.0	0.0	1.0	1.0	0.0	1.0	0.0	2.0	1.0	0.0	0.0	0.0	0.0	0.0	0.0	0.0	0.0	0.0	0.0	1.0	0.0	0.0	3.0	0.0	0.0	5.0	0.0	1.0	0.0	0.0	0.0	16.0	0.0	0.0	0.0	0.0	0.0	1.0	0.0	0.0	0.0	0.0	0.0	0.0	0.0	0.0	0.0	0.0	3.0	0.0	0.0	0.0	0.0	4.0	0.0	2.0	0.0	0.0	0.0	0.0	0.0	0.0	0.0	0.0	0.0	0.0	0.0	0.0	0.0	18.0	2.0	0.0	0.0	0.0	0.0	0.0	0.0	5.0	0.0	0.0	0.0	0.0	0.0	0.0	0.0	0.0	0.0	0.0	0.0	0.0	0.0	0.0	0.0	0.0	0.0	0.0	6.0	0.0	0.0	0.0	0.0	2.0	0.0	0.0	0.0	0.0	0.0	0.0	7.0	0.0	0.0	0.0	0.0	0.0	3.0	0.0	0.0	1.0	0.0	0.0	0.0	0.0	0.0	0.0	0.0	0.0	0.0	2.0	0.0	0.0	0.0	0.0	0.0	0.0	0.0	0.0	0.0	0.0	1.0	0.0	0.0	0.0	1.0	0.0	0.0	45.0	0.0	0.0	0.0	0.0	0.0	0.0	0.0	0.0	2.0	0.0	16.0	0.0	0.0	0.0	1.0	0.0	0.0	0.0	0.0	0.0	0.0	0.0	0.0	0.0	0.0	0.0	0.0	0.0	0.0	0.0	0.0	0.0	0.0	0.0	0.0	0.0	0.0	0.0	0.0	0.0	0.0	0.0	13.0	0.0	0.0	0.0	0.0	0.0	1.0	0.0	1.0	0.0	1.0	0.0	0.0	1.0	0.0	0.0	0.0	22.0	0.0	3.0	0.0	2.0	0.0	0.0	5.0	0.0	0.0	0.0	0.0	0.0	0.0	0.0	0.0	0.0	0.0	0.0	0.0	0.0	0.0	0.0	0.0	0.0	0.0	0.0	0.0	3.0	0.0	0.0	0.0	0.0	0.0	0.0	9.0	0.0	0.0	0.0	0.0	0.0	0.0	0.0	0.0	0.0	0.0	0.0	0.0	0.0	0.0	0.0	0.0	0.0	0.0	0.0	0.0	0.0	0.0	0.0	0.0	0.0	0.0	0.0	0.0	0.0	0.0	0.0	0.0	0.0	0.0	0.0	0.0	10.0	0.0	0.0	2.0	0.0	0.0	0.0	0.0	0.0	0.0	0.0	0.0	0.0
s__Anaeromassilibacillus sp001305115 (1)	0.0	0.0	0.0	3.0	0.0	0.0	4.0	0.0	0.0	0.0	0.0	5.0	0.0	0.0	0.0	0.0	1.0	0.0	0.0	0.0	0.0	0.0	0.0	1.0	7.0	0.0	0.0	0.0	0.0	9.0	0.0	0.0	0.0	1.0	0.0	0.0	0.0	0.0	0.0	1.0	0.0	0.0	0.0	0.0	29.0	0.0	0.0	3.0	0.0	0.0	0.0	9.0	0.0	3.0	0.0	0.0	0.0	0.0	3.0	0.0	0.0	0.0	50.0	0.0	0.0	1.0	0.0	0.0	1.0	11.0	10.0	0.0	1.0	1.0	0.0	3.0	0.0	0.0	0.0	8.0	8.0	0.0	0.0	0.0	0.0	0.0	11.0	0.0	0.0	0.0	0.0	0.0	0.0	0.0	15.0	0.0	0.0	0.0	0.0	0.0	0.0	0.0	0.0	2.0	0.0	0.0	2.0	0.0	0.0	0.0	0.0	0.0	0.0	0.0	0.0	0.0	0.0	9.0	0.0	0.0	0.0	0.0	1.0	8.0	0.0	0.0	0.0	5.0	1.0	0.0	0.0	1.0	0.0	0.0	0.0	0.0	36.0	0.0	1.0	3.0	0.0	0.0	0.0	0.0	0.0	1.0	0.0	0.0	42.0	1.0	40.0	0.0	0.0	0.0	0.0	0.0	0.0	0.0	20.0	0.0	0.0	3.0	0.0	0.0	0.0	0.0	4.0	0.0	0.0	0.0	0.0	0.0	0.0	0.0	2.0	0.0	0.0	0.0	0.0	0.0	0.0	3.0	0.0	0.0	0.0	0.0	0.0	0.0	3.0	0.0	1.0	0.0	0.0	0.0	0.0	2.0	0.0	1.0	36.0	0.0	0.0	0.0	0.0	2.0	0.0	0.0	2.0	0.0	0.0	0.0	0.0	0.0	26.0	0.0	0.0	5.0	0.0	8.0	0.0	0.0	0.0	0.0	0.0	0.0	5.0	0.0	0.0	0.0	0.0	0.0	1.0	0.0	0.0	0.0	0.0	0.0	2.0	0.0	0.0	0.0	0.0	3.0	0.0	2.0	0.0	0.0	10.0	0.0	10.0	0.0	4.0	0.0	0.0	11.0	0.0	8.0	0.0	4.0	0.0	0.0	0.0	0.0	3.0	0.0	2.0	1.0	9.0	1.0	0.0	0.0	0.0	0.0	0.0	2.0	1.0	0.0	0.0	0.0	0.0	0.0	0.0	0.0	0.0	0.0	0.0	0.0	0.0	0.0	0.0	3.0	0.0	0.0	0.0	0.0	0.0	6.0	0.0	0.0	0.0	0.0	0.0	0.0	0.0	0.0	0.0	0.0	0.0	1.0	0.0	0.0	1.0	0.0	11.0	0.0	0.0	0.0	0.0	0.0	0.0	0.0	0.0	0.0	0.0	0.0	0.0	0.0	0.0	1.0	0.0	4.0	0.0	0.0	0.0	2.0	0.0	18.0	1.0	1.0	0.0	0.0	0.0	0.0	0.0	4.0	0.0	0.0	0.0	0.0	1.0	9.0	0.0	6.0	0.0	4.0	0.0	0.0	0.0	2.0	0.0	0.0	0.0	0.0	0.0	0.0	0.0	19.0	0.0	0.0	0.0	0.0	0.0	0.0	0.0	0.0	4.0	5.0	0.0	0.0	0.0	0.0	0.0	0.0	0.0	0.0	0.0	0.0	0.0	0.0	0.0	0.0	0.0	3.0	0.0	0.0	0.0	0.0	5.0	0.0	0.0	5.0	6.0	0.0	0.0	0.0	0.0	0.0	4.0	3.0	0.0	3.0	0.0	0.0	0.0	0.0	0.0	0.0	0.0	1.0	0.0	0.0	0.0	0.0	0.0	0.0	0.0	5.0	3.0	0.0	0.0	0.0	32.0	0.0	0.0	10.0	0.0	0.0	0.0	9.0	0.0	0.0	0.0	3.0	2.0	0.0	24.0	0.0	0.0	0.0	0.0	0.0	0.0	2.0	0.0	2.0	0.0	0.0	2.0	0.0	0.0	0.0	3.0	0.0	0.0	0.0	5.0	0.0	0.0	0.0	0.0	0.0	2.0	0.0	0.0	2.0	0.0	0.0	41.0	0.0	8.0	0.0	0.0	0.0	10.0
s__Clostridium_A leptum (1)	0.0	0.0	0.0	0.0	0.0	0.0	0.0	0.0	0.0	0.0	0.0	0.0	0.0	0.0	0.0	0.0	5.0	0.0	0.0	0.0	0.0	0.0	0.0	11.0	9.0	0.0	0.0	0.0	0.0	0.0	0.0	0.0	0.0	0.0	0.0	0.0	0.0	0.0	0.0	0.0	0.0	0.0	0.0	0.0	0.0	0.0	0.0	9.0	0.0	0.0	4.0	30.0	0.0	18.0	0.0	0.0	0.0	0.0	0.0	0.0	3.0	0.0	40.0	0.0	0.0	11.0	0.0	0.0	0.0	1.0	228.0	0.0	0.0	0.0	0.0	0.0	0.0	0.0	0.0	0.0	0.0	0.0	0.0	0.0	3.0	0.0	5.0	0.0	0.0	0.0	155.0	0.0	0.0	0.0	10.0	0.0	0.0	5.0	0.0	0.0	0.0	0.0	0.0	0.0	0.0	0.0	0.0	0.0	5.0	6.0	0.0	0.0	11.0	0.0	0.0	0.0	0.0	0.0	1.0	12.0	0.0	0.0	1.0	0.0	0.0	0.0	0.0	0.0	14.0	0.0	3.0	8.0	0.0	0.0	0.0	0.0	0.0	0.0	0.0	20.0	0.0	0.0	0.0	0.0	0.0	0.0	0.0	0.0	0.0	44.0	0.0	0.0	1.0	0.0	0.0	10.0	0.0	0.0	0.0	11.0	0.0	0.0	0.0	0.0	0.0	0.0	11.0	0.0	20.0	0.0	0.0	4.0	3.0	0.0	9.0	18.0	0.0	0.0	0.0	0.0	0.0	0.0	0.0	14.0	0.0	0.0	3.0	3.0	0.0	43.0	3.0	0.0	0.0	0.0	0.0	4.0	0.0	0.0	41.0	0.0	0.0	0.0	1.0	1.0	0.0	0.0	0.0	2.0	0.0	0.0	0.0	0.0	0.0	1.0	0.0	2.0	0.0	3.0	248.0	0.0	0.0	0.0	0.0	0.0	7.0	0.0	0.0	0.0	0.0	0.0	0.0	54.0	0.0	0.0	8.0	0.0	0.0	0.0	0.0	0.0	5.0	1.0	0.0	0.0	0.0	4.0	0.0	0.0	45.0	0.0	9.0	0.0	0.0	0.0	0.0	0.0	24.0	0.0	0.0	0.0	0.0	0.0	18.0	16.0	16.0	0.0	9.0	9.0	0.0	0.0	159.0	0.0	0.0	4.0	20.0	7.0	0.0	0.0	0.0	5.0	0.0	0.0	0.0	0.0	0.0	0.0	0.0	0.0	0.0	31.0	12.0	0.0	0.0	0.0	29.0	4.0	10.0	0.0	0.0	0.0	0.0	0.0	9.0	0.0	2.0	0.0	0.0	0.0	0.0	0.0	40.0	0.0	3.0	0.0	2.0	0.0	3.0	0.0	0.0	0.0	0.0	33.0	0.0	0.0	0.0	0.0	0.0	1.0	0.0	0.0	0.0	0.0	19.0	0.0	9.0	0.0	0.0	3.0	0.0	10.0	0.0	63.0	0.0	37.0	19.0	0.0	0.0	0.0	1.0	0.0	0.0	1.0	0.0	3.0	0.0	0.0	0.0	0.0	0.0	0.0	0.0	0.0	1.0	0.0	0.0	2.0	0.0	0.0	0.0	0.0	0.0	0.0	0.0	0.0	0.0	83.0	0.0	0.0	0.0	0.0	0.0	58.0	0.0	0.0	5.0	2.0	4.0	0.0	0.0	0.0	0.0	11.0	0.0	23.0	0.0	0.0	15.0	0.0	0.0	0.0	4.0	0.0	0.0	0.0	0.0	1.0	60.0	62.0	2.0	0.0	3.0	0.0	0.0	0.0	0.0	55.0	0.0	0.0	0.0	11.0	0.0	0.0	0.0	0.0	0.0	1.0	191.0	0.0	0.0	0.0	0.0	4.0	0.0	4.0	0.0	0.0	0.0	0.0	0.0	0.0	0.0	0.0	16.0	0.0	18.0	0.0	0.0	0.0	0.0	0.0	0.0	0.0	0.0	0.0	3.0	18.0	2.0	0.0	0.0	0.0	0.0	8.0	0.0	0.0	0.0	101.0	0.0	0.0	0.0	0.0	0.0	0.0	0.0	10.0	0.0	3.0	0.0	0.0	3.0	0.0	0.0	1.0	0.0
s__Clostridium_A leptum (2)	9.0	1.0	0.0	0.0	0.0	0.0	6.0	6.0	1.0	6.0	1.0	0.0	13.0	3.0	6.0	0.0	3.0	0.0	3.0	24.0	7.0	0.0	0.0	5.0	11.0	2.0	5.0	3.0	0.0	1.0	0.0	0.0	2.0	6.0	0.0	0.0	0.0	3.0	4.0	0.0	14.0	5.0	1.0	9.0	7.0	0.0	7.0	4.0	4.0	0.0	2.0	0.0	5.0	2.0	3.0	0.0	5.0	0.0	8.0	1.0	8.0	0.0	10.0	0.0	2.0	3.0	1.0	1.0	4.0	10.0	2.0	0.0	0.0	2.0	0.0	0.0	5.0	0.0	1.0	9.0	8.0	0.0	2.0	5.0	9.0	11.0	0.0	0.0	1.0	1.0	1.0	0.0	4.0	1.0	0.0	0.0	0.0	0.0	0.0	0.0	5.0	6.0	1.0	9.0	0.0	2.0	5.0	0.0	6.0	2.0	0.0	0.0	0.0	0.0	0.0	0.0	6.0	3.0	2.0	0.0	2.0	4.0	3.0	3.0	5.0	6.0	0.0	5.0	0.0	3.0	0.0	1.0	2.0	0.0	15.0	4.0	0.0	0.0	9.0	9.0	17.0	5.0	4.0	17.0	8.0	6.0	6.0	4.0	0.0	5.0	25.0	6.0	0.0	1.0	0.0	1.0	0.0	0.0	4.0	2.0	0.0	0.0	12.0	15.0	4.0	0.0	0.0	11.0	4.0	0.0	0.0	10.0	10.0	2.0	4.0	3.0	3.0	0.0	0.0	5.0	1.0	0.0	3.0	5.0	4.0	2.0	10.0	7.0	9.0	3.0	4.0	7.0	0.0	2.0	0.0	2.0	10.0	4.0	3.0	0.0	6.0	5.0	0.0	2.0	0.0	4.0	14.0	11.0	0.0	0.0	0.0	0.0	0.0	0.0	0.0	4.0	0.0	0.0	5.0	0.0	4.0	2.0	0.0	10.0	4.0	8.0	25.0	0.0	1.0	6.0	6.0	4.0	0.0	0.0	0.0	4.0	0.0	5.0	2.0	0.0	4.0	9.0	0.0	6.0	0.0	0.0	10.0	3.0	11.0	0.0	8.0	0.0	0.0	1.0	7.0	9.0	10.0	9.0	3.0	3.0	9.0	2.0	5.0	3.0	4.0	5.0	3.0	4.0	0.0	1.0	6.0	3.0	0.0	5.0	2.0	0.0	2.0	8.0	3.0	0.0	0.0	0.0	7.0	0.0	0.0	0.0	0.0	0.0	0.0	5.0	0.0	0.0	17.0	11.0	11.0	2.0	7.0	0.0	0.0	0.0	0.0	0.0	8.0	0.0	0.0	0.0	0.0	0.0	7.0	0.0	2.0	0.0	7.0	1.0	2.0	0.0	0.0	0.0	0.0	0.0	0.0	8.0	3.0	1.0	3.0	0.0	0.0	3.0	0.0	0.0	3.0	9.0	0.0	3.0	0.0	24.0	2.0	0.0	22.0	0.0	2.0	2.0	0.0	3.0	0.0	0.0	3.0	4.0	2.0	15.0	12.0	3.0	3.0	4.0	8.0	0.0	8.0	1.0	0.0	4.0	0.0	0.0	0.0	0.0	5.0	4.0	0.0	7.0	0.0	15.0	0.0	4.0	19.0	10.0	1.0	11.0	0.0	0.0	0.0	3.0	0.0	7.0	0.0	0.0	0.0	3.0	8.0	0.0	0.0	0.0	7.0	2.0	0.0	10.0	2.0	0.0	3.0	5.0	0.0	1.0	11.0	2.0	0.0	0.0	0.0	7.0	3.0	0.0	0.0	0.0	4.0	0.0	0.0	0.0	0.0	0.0	5.0	6.0	0.0	7.0	9.0	2.0	1.0	5.0	7.0	6.0	5.0	57.0	10.0	0.0	0.0	2.0	15.0	5.0	7.0	29.0	5.0	2.0	5.0	4.0	0.0	2.0	7.0	0.0	1.0	4.0	0.0	0.0	7.0	10.0	3.0	0.0	1.0	0.0	0.0	1.0	4.0	0.0	0.0	0.0	0.0	3.0	4.0	0.0	2.0	0.0	3.0	10.0	6.0	5.0	3.0	2.0	0.0	5.0	5.0	2.0	5.0	10.0	4.0	2.0	0.0	0.0	0.0
s__Negativibacillus massiliensis (1)	0.0	0.0	0.0	9.0	0.0	0.0	15.0	0.0	0.0	0.0	0.0	17.0	0.0	35.0	0.0	0.0	18.0	0.0	0.0	0.0	0.0	2.0	0.0	4.0	0.0	0.0	0.0	0.0	0.0	11.0	0.0	0.0	0.0	0.0	0.0	0.0	0.0	0.0	0.0	0.0	0.0	0.0	0.0	0.0	14.0	0.0	0.0	0.0	0.0	0.0	0.0	0.0	0.0	0.0	0.0	0.0	0.0	2.0	17.0	0.0	0.0	4.0	140.0	0.0	0.0	15.0	11.0	0.0	4.0	3.0	42.0	0.0	0.0	0.0	0.0	0.0	8.0	0.0	0.0	0.0	0.0	37.0	0.0	0.0	0.0	0.0	99.0	0.0	0.0	0.0	0.0	0.0	0.0	0.0	22.0	0.0	0.0	0.0	0.0	0.0	0.0	0.0	0.0	20.0	0.0	0.0	0.0	0.0	34.0	17.0	0.0	0.0	0.0	0.0	1.0	34.0	0.0	0.0	0.0	0.0	2.0	0.0	0.0	3.0	0.0	0.0	0.0	39.0	1.0	0.0	0.0	0.0	0.0	103.0	0.0	0.0	0.0	30.0	0.0	7.0	0.0	0.0	0.0	0.0	0.0	0.0	47.0	0.0	0.0	0.0	153.0	0.0	0.0	0.0	0.0	11.0	0.0	0.0	0.0	0.0	0.0	0.0	0.0	0.0	0.0	0.0	0.0	14.0	0.0	0.0	0.0	0.0	0.0	0.0	0.0	25.0	0.0	8.0	0.0	0.0	0.0	0.0	0.0	22.0	3.0	0.0	0.0	0.0	0.0	0.0	0.0	0.0	0.0	0.0	0.0	16.0	2.0	0.0	199.0	0.0	3.0	0.0	0.0	0.0	0.0	0.0	0.0	0.0	0.0	0.0	0.0	0.0	0.0	0.0	0.0	0.0	0.0	0.0	0.0	0.0	0.0	0.0	0.0	0.0	0.0	0.0	0.0	0.0	0.0	0.0	18.0	0.0	0.0	60.0	0.0	0.0	0.0	0.0	0.0	0.0	0.0	0.0	0.0	40.0	2.0	0.0	90.0	9.0	0.0	0.0	0.0	0.0	0.0	0.0	0.0	243.0	0.0	0.0	0.0	0.0	0.0	0.0	0.0	0.0	0.0	21.0	0.0	0.0	0.0	0.0	0.0	0.0	0.0	0.0	3.0	0.0	0.0	0.0	0.0	0.0	0.0	0.0	0.0	4.0	0.0	0.0	0.0	0.0	0.0	0.0	0.0	0.0	0.0	44.0	0.0	0.0	0.0	0.0	0.0	0.0	0.0	82.0	0.0	0.0	3.0	0.0	0.0	0.0	15.0	257.0	0.0	0.0	29.0	0.0	0.0	0.0	0.0	0.0	0.0	0.0	0.0	0.0	0.0	0.0	0.0	0.0	0.0	33.0	0.0	0.0	16.0	0.0	0.0	4.0	0.0	0.0	0.0	0.0	0.0	0.0	4.0	0.0	0.0	16.0	0.0	0.0	0.0	0.0	0.0	0.0	0.0	0.0	0.0	0.0	0.0	0.0	0.0	0.0	23.0	0.0	0.0	0.0	0.0	0.0	0.0	0.0	0.0	0.0	0.0	0.0	0.0	0.0	0.0	1.0	0.0	0.0	0.0	86.0	0.0	0.0	0.0	0.0	0.0	0.0	1.0	0.0	0.0	0.0	0.0	0.0	0.0	28.0	0.0	3.0	31.0	0.0	0.0	0.0	0.0	0.0	0.0	0.0	12.0	2.0	0.0	7.0	7.0	28.0	4.0	1.0	0.0	0.0	0.0	0.0	0.0	0.0	0.0	0.0	0.0	0.0	36.0	0.0	0.0	5.0	0.0	0.0	0.0	0.0	0.0	0.0	4.0	0.0	0.0	0.0	0.0	0.0	0.0	10.0	0.0	0.0	0.0	48.0	0.0	0.0	0.0	0.0	0.0	0.0	0.0	0.0	0.0	0.0	0.0	0.0	0.0	0.0	0.0	0.0	0.0	0.0	0.0	9.0	0.0	48.0	0.0	0.0	0.0	0.0	0.0	0.0	0.0	0.0	0.0	0.0	0.0	12.0	0.0	0.0	41.0	0.0	3.0	0.0	0.0
g__Gemmiger (1)	0.0	0.0	0.0	97.0	171.0	0.0	178.0	0.0	0.0	0.0	0.0	0.0	0.0	0.0	533.0	0.0	151.0	51.0	0.0	55.0	177.0	92.0	0.0	124.0	0.0	88.0	0.0	85.0	54.0	0.0	0.0	0.0	259.0	255.0	0.0	2.0	34.0	0.0	54.0	0.0	217.0	932.0	0.0	0.0	0.0	0.0	0.0	38.0	0.0	586.0	0.0	163.0	0.0	202.0	424.0	0.0	0.0	183.0	175.0	3.0	96.0	16.0	2.0	2.0	0.0	0.0	0.0	0.0	0.0	19.0	135.0	0.0	3.0	0.0	6.0	0.0	284.0	0.0	2.0	0.0	0.0	3.0	0.0	1.0	266.0	0.0	42.0	0.0	60.0	0.0	0.0	0.0	34.0	0.0	0.0	0.0	0.0	67.0	0.0	0.0	0.0	0.0	3.0	227.0	3.0	0.0	710.0	0.0	122.0	171.0	0.0	0.0	29.0	0.0	116.0	433.0	0.0	0.0	592.0	194.0	304.0	0.0	190.0	358.0	0.0	217.0	1.0	0.0	149.0	0.0	258.0	105.0	0.0	488.0	20.0	139.0	1.0	0.0	0.0	0.0	0.0	0.0	0.0	0.0	0.0	76.0	0.0	62.0	0.0	0.0	56.0	39.0	3.0	103.0	0.0	108.0	51.0	0.0	0.0	64.0	30.0	1.0	44.0	0.0	0.0	0.0	446.0	0.0	119.0	0.0	36.0	397.0	138.0	0.0	230.0	0.0	0.0	157.0	148.0	279.0	662.0	0.0	0.0	0.0	0.0	0.0	220.0	0.0	0.0	1.0	225.0	1.0	0.0	0.0	0.0	46.0	0.0	0.0	0.0	0.0	263.0	44.0	82.0	270.0	0.0	0.0	0.0	20.0	71.0	18.0	0.0	61.0	0.0	143.0	0.0	1016.0	124.0	123.0	68.0	0.0	64.0	0.0	20.0	0.0	0.0	0.0	0.0	0.0	1.0	0.0	165.0	0.0	1.0	0.0	69.0	130.0	546.0	0.0	0.0	0.0	312.0	204.0	0.0	0.0	279.0	157.0	539.0	0.0	114.0	590.0	0.0	0.0	85.0	0.0	2.0	0.0	305.0	211.0	0.0	102.0	0.0	0.0	0.0	273.0	93.0	602.0	0.0	0.0	114.0	0.0	269.0	0.0	0.0	243.0	0.0	150.0	6.0	60.0	524.0	0.0	2.0	0.0	57.0	0.0	0.0	1.0	0.0	0.0	0.0	308.0	91.0	1.0	0.0	38.0	95.0	384.0	85.0	51.0	1.0	0.0	0.0	0.0	112.0	61.0	137.0	143.0	36.0	0.0	0.0	380.0	618.0	73.0	62.0	63.0	95.0	0.0	81.0	0.0	1.0	0.0	0.0	131.0	0.0	0.0	2.0	0.0	14.0	0.0	0.0	376.0	1.0	0.0	58.0	0.0	67.0	0.0	0.0	225.0	0.0	32.0	36.0	154.0	124.0	156.0	0.0	8.0	0.0	491.0	332.0	0.0	0.0	85.0	0.0	0.0	0.0	0.0	259.0	0.0	154.0	0.0	69.0	0.0	0.0	0.0	104.0	0.0	90.0	0.0	217.0	0.0	0.0	179.0	1.0	0.0	33.0	146.0	1.0	0.0	102.0	0.0	16.0	0.0	0.0	0.0	0.0	381.0	100.0	0.0	0.0	0.0	0.0	291.0	0.0	107.0	496.0	14.0	147.0	0.0	0.0	0.0	177.0	90.0	56.0	247.0	494.0	101.0	19.0	228.0	450.0	76.0	120.0	0.0	0.0	0.0	0.0	32.0	24.0	677.0	169.0	0.0	0.0	78.0	0.0	0.0	0.0	0.0	202.0	2.0	0.0	65.0	0.0	0.0	0.0	197.0	62.0	0.0	258.0	0.0	3.0	0.0	0.0	348.0	3.0	0.0	21.0	160.0	491.0	80.0	0.0	0.0	0.0	0.0	17.0	0.0	22.0	577.0	374.0	0.0	0.0	19.0	0.0	39.0	0.0	0.0	0.0	0.0	0.0	0.0	67.0	0.0	0.0	0.0	0.0	43.0	1.0	43.0	0.0	0.0	115.0	0.0	75.0	98.0	2.0
s__Gemmiger sp900539695 (1)	0.0	0.0	0.0	40.0	21.0	0.0	0.0	0.0	0.0	0.0	0.0	0.0	0.0	0.0	0.0	0.0	0.0	5.0	0.0	0.0	0.0	13.0	0.0	4.0	0.0	24.0	0.0	0.0	24.0	0.0	0.0	0.0	19.0	0.0	0.0	0.0	54.0	0.0	0.0	160.0	0.0	0.0	0.0	0.0	0.0	0.0	0.0	7.0	0.0	0.0	0.0	0.0	0.0	0.0	0.0	0.0	0.0	32.0	12.0	0.0	17.0	0.0	0.0	0.0	0.0	0.0	30.0	0.0	0.0	27.0	0.0	0.0	0.0	0.0	0.0	0.0	0.0	0.0	0.0	0.0	0.0	0.0	0.0	0.0	22.0	294.0	0.0	0.0	0.0	0.0	0.0	0.0	17.0	0.0	0.0	0.0	0.0	17.0	0.0	0.0	0.0	0.0	0.0	10.0	0.0	0.0	7.0	134.0	70.0	36.0	0.0	0.0	15.0	0.0	15.0	54.0	0.0	0.0	0.0	0.0	0.0	0.0	0.0	0.0	0.0	0.0	0.0	0.0	19.0	0.0	32.0	0.0	0.0	0.0	0.0	35.0	0.0	105.0	0.0	115.0	0.0	0.0	0.0	0.0	0.0	0.0	0.0	0.0	51.0	0.0	0.0	0.0	0.0	30.0	0.0	0.0	35.0	0.0	0.0	0.0	63.0	0.0	36.0	0.0	0.0	0.0	6.0	67.0	10.0	0.0	20.0	16.0	18.0	0.0	0.0	21.0	0.0	93.0	136.0	40.0	33.0	0.0	0.0	0.0	0.0	0.0	46.0	0.0	0.0	0.0	10.0	0.0	0.0	0.0	0.0	0.0	0.0	0.0	0.0	0.0	16.0	0.0	40.0	0.0	0.0	3.0	0.0	0.0	12.0	0.0	0.0	0.0	0.0	9.0	0.0	0.0	12.0	0.0	0.0	0.0	14.0	0.0	0.0	0.0	0.0	0.0	0.0	0.0	0.0	0.0	0.0	0.0	0.0	0.0	28.0	0.0	35.0	0.0	0.0	0.0	10.0	0.0	0.0	103.0	0.0	32.0	0.0	0.0	0.0	0.0	0.0	0.0	32.0	0.0	0.0	0.0	0.0	7.0	0.0	0.0	0.0	0.0	0.0	9.0	16.0	7.0	0.0	0.0	17.0	0.0	0.0	0.0	0.0	0.0	0.0	15.0	2.0	0.0	0.0	0.0	0.0	0.0	6.0	0.0	0.0	0.0	0.0	0.0	0.0	30.0	6.0	0.0	0.0	190.0	20.0	0.0	14.0	84.0	0.0	0.0	0.0	0.0	21.0	0.0	10.0	0.0	94.0	0.0	0.0	0.0	0.0	0.0	0.0	0.0	14.0	0.0	0.0	0.0	0.0	0.0	0.0	8.0	0.0	0.0	0.0	0.0	0.0	0.0	0.0	0.0	0.0	0.0	27.0	0.0	13.0	0.0	0.0	18.0	0.0	9.0	17.0	21.0	26.0	0.0	0.0	24.0	0.0	0.0	0.0	0.0	0.0	0.0	0.0	0.0	0.0	0.0	0.0	0.0	57.0	17.0	11.0	0.0	0.0	0.0	9.0	10.0	6.0	2.0	0.0	0.0	0.0	0.0	0.0	0.0	0.0	0.0	0.0	6.0	6.0	0.0	0.0	0.0	9.0	0.0	0.0	15.0	0.0	0.0	0.0	0.0	0.0	0.0	139.0	0.0	86.0	27.0	25.0	0.0	0.0	0.0	24.0	0.0	13.0	7.0	0.0	14.0	150.0	9.0	6.0	0.0	0.0	0.0	0.0	0.0	0.0	0.0	0.0	0.0	39.0	140.0	0.0	0.0	0.0	0.0	0.0	0.0	0.0	0.0	0.0	37.0	0.0	0.0	0.0	0.0	28.0	0.0	0.0	0.0	0.0	0.0	0.0	0.0	0.0	0.0	48.0	162.0	0.0	26.0	0.0	0.0	0.0	0.0	10.0	0.0	0.0	0.0	0.0	0.0	0.0	18.0	0.0	0.0	0.0	0.0	0.0	0.0	0.0	0.0	0.0	0.0	0.0	0.0	0.0	76.0	0.0	0.0	0.0	0.0	0.0	0.0	23.0	0.0	0.0
g__Gemmiger (2)	0.0	0.0	0.0	19.0	6.0	0.0	223.0	0.0	0.0	0.0	0.0	52.0	70.0	0.0	0.0	0.0	17.0	7.0	0.0	22.0	60.0	21.0	0.0	22.0	0.0	77.0	178.0	6.0	12.0	79.0	0.0	1.0	4.0	0.0	0.0	0.0	8.0	0.0	22.0	0.0	0.0	0.0	0.0	95.0	0.0	0.0	0.0	0.0	0.0	6.0	0.0	0.0	0.0	84.0	0.0	0.0	52.0	58.0	160.0	0.0	36.0	17.0	0.0	0.0	0.0	54.0	82.0	0.0	33.0	144.0	0.0	0.0	0.0	0.0	0.0	116.0	0.0	0.0	10.0	0.0	0.0	200.0	0.0	0.0	17.0	0.0	146.0	0.0	7.0	14.0	0.0	0.0	45.0	11.0	0.0	0.0	0.0	5.0	0.0	0.0	0.0	0.0	0.0	39.0	0.0	0.0	0.0	0.0	29.0	42.0	0.0	0.0	49.0	0.0	3.0	43.0	0.0	69.0	70.0	0.0	15.0	0.0	15.0	0.0	56.0	51.0	0.0	0.0	32.0	13.0	30.0	52.0	0.0	0.0	0.0	245.0	0.0	21.0	0.0	74.0	0.0	0.0	0.0	180.0	0.0	0.0	118.0	0.0	578.0	0.0	303.0	6.0	5.0	5.0	0.0	71.0	0.0	0.0	0.0	44.0	0.0	0.0	0.0	0.0	0.0	0.0	6.0	76.0	190.0	0.0	20.0	0.0	27.0	0.0	0.0	33.0	0.0	68.0	75.0	95.0	0.0	0.0	0.0	0.0	0.0	14.0	12.0	0.0	35.0	0.0	120.0	0.0	0.0	82.0	0.0	25.0	0.0	0.0	0.0	0.0	81.0	14.0	24.0	26.0	0.0	0.0	0.0	88.0	13.0	37.0	0.0	0.0	0.0	49.0	0.0	153.0	86.0	179.0	0.0	0.0	25.0	0.0	0.0	0.0	18.0	82.0	0.0	0.0	0.0	0.0	0.0	20.0	0.0	31.0	67.0	0.0	70.0	33.0	352.0	0.0	0.0	51.0	23.0	109.0	58.0	57.0	0.0	0.0	0.0	0.0	0.0	0.0	29.0	19.0	22.0	126.0	441.0	8.0	0.0	7.0	0.0	0.0	0.0	32.0	35.0	68.0	66.0	2.0	0.0	0.0	95.0	0.0	0.0	0.0	0.0	29.0	0.0	39.0	0.0	0.0	0.0	0.0	52.0	0.0	0.0	0.0	0.0	1.0	0.0	120.0	17.0	0.0	0.0	24.0	11.0	85.0	13.0	0.0	0.0	0.0	0.0	0.0	29.0	65.0	20.0	39.0	68.0	0.0	44.0	0.0	0.0	9.0	16.0	26.0	4.0	1.0	122.0	0.0	0.0	0.0	0.0	374.0	0.0	0.0	0.0	0.0	0.0	0.0	0.0	0.0	0.0	0.0	19.0	1.0	11.0	0.0	0.0	13.0	0.0	130.0	6.0	56.0	8.0	215.0	0.0	0.0	0.0	146.0	142.0	0.0	0.0	0.0	17.0	0.0	0.0	0.0	0.0	58.0	108.0	20.0	10.0	0.0	2.0	22.0	2.0	71.0	16.0	0.0	0.0	0.0	0.0	15.0	0.0	28.0	5.0	992.0	0.0	0.0	153.0	0.0	0.0	0.0	19.0	29.0	13.0	44.0	23.0	0.0	0.0	0.0	0.0	0.0	0.0	1.0	70.0	18.0	78.0	0.0	0.0	0.0	0.0	0.0	18.0	11.0	0.0	24.0	15.0	8.0	15.0	98.0	5.0	0.0	0.0	0.0	0.0	21.0	0.0	0.0	38.0	0.0	44.0	3.0	54.0	0.0	31.0	0.0	64.0	0.0	170.0	48.0	0.0	0.0	0.0	0.0	70.0	0.0	0.0	0.0	0.0	2.0	0.0	139.0	214.0	0.0	170.0	10.0	55.0	10.0	0.0	0.0	0.0	0.0	0.0	0.0	0.0	0.0	0.0	0.0	0.0	4.0	0.0	0.0	17.0	0.0	0.0	0.0	0.0	0.0	0.0	0.0	0.0	0.0	44.0	161.0	36.0	185.0	0.0	0.0	174.0	0.0	3.0	76.0	0.0
g__Ruminococcus_E (1)	0.0	0.0	0.0	0.0	9.0	0.0	223.0	0.0	153.0	0.0	0.0	0.0	0.0	0.0	0.0	0.0	0.0	0.0	0.0	0.0	0.0	0.0	0.0	0.0	115.0	0.0	13.0	0.0	0.0	0.0	0.0	0.0	4.0	0.0	0.0	0.0	0.0	0.0	0.0	0.0	0.0	0.0	0.0	0.0	0.0	0.0	0.0	0.0	0.0	0.0	0.0	86.0	0.0	161.0	0.0	0.0	0.0	5.0	589.0	0.0	41.0	5.0	0.0	0.0	0.0	0.0	0.0	0.0	197.0	252.0	0.0	0.0	0.0	27.0	0.0	0.0	460.0	0.0	0.0	0.0	0.0	0.0	0.0	0.0	0.0	0.0	0.0	0.0	0.0	0.0	0.0	0.0	0.0	0.0	137.0	0.0	0.0	0.0	0.0	0.0	384.0	0.0	2.0	169.0	0.0	0.0	0.0	0.0	0.0	0.0	0.0	0.0	0.0	0.0	0.0	220.0	0.0	0.0	0.0	0.0	0.0	0.0	0.0	0.0	0.0	0.0	0.0	109.0	1.0	0.0	0.0	23.0	0.0	0.0	0.0	0.0	0.0	0.0	0.0	41.0	0.0	0.0	0.0	0.0	0.0	0.0	0.0	0.0	0.0	0.0	0.0	0.0	0.0	0.0	0.0	91.0	5.0	0.0	0.0	74.0	0.0	0.0	0.0	0.0	0.0	0.0	96.0	115.0	88.0	0.0	0.0	0.0	2.0	0.0	0.0	0.0	0.0	13.0	113.0	153.0	7.0	0.0	0.0	0.0	3.0	0.0	0.0	0.0	0.0	0.0	159.0	0.0	0.0	41.0	0.0	0.0	0.0	0.0	0.0	0.0	11.0	0.0	0.0	0.0	0.0	10.0	0.0	0.0	8.0	0.0	0.0	0.0	0.0	0.0	0.0	71.0	0.0	0.0	0.0	0.0	0.0	0.0	0.0	0.0	0.0	5.0	0.0	0.0	0.0	0.0	560.0	0.0	0.0	0.0	439.0	0.0	0.0	0.0	155.0	0.0	0.0	0.0	0.0	0.0	109.0	0.0	0.0	0.0	0.0	0.0	281.0	0.0	108.0	0.0	0.0	0.0	0.0	0.0	0.0	5.0	0.0	0.0	0.0	0.0	0.0	62.0	0.0	0.0	0.0	0.0	0.0	0.0	0.0	319.0	0.0	0.0	0.0	0.0	49.0	6.0	0.0	0.0	0.0	0.0	0.0	0.0	0.0	0.0	0.0	122.0	0.0	0.0	0.0	1.0	154.0	0.0	0.0	0.0	0.0	0.0	0.0	278.0	0.0	0.0	0.0	53.0	0.0	0.0	0.0	0.0	90.0	0.0	0.0	0.0	8.0	0.0	0.0	0.0	0.0	0.0	0.0	0.0	0.0	165.0	0.0	0.0	0.0	0.0	0.0	53.0	0.0	0.0	0.0	0.0	9.0	0.0	0.0	0.0	0.0	7.0	0.0	0.0	67.0	0.0	75.0	0.0	0.0	0.0	0.0	0.0	0.0	0.0	0.0	0.0	0.0	0.0	264.0	0.0	0.0	0.0	8.0	0.0	0.0	91.0	0.0	0.0	165.0	0.0	0.0	0.0	0.0	0.0	0.0	0.0	154.0	332.0	0.0	0.0	333.0	0.0	0.0	0.0	0.0	0.0	0.0	40.0	8.0	0.0	0.0	0.0	0.0	0.0	0.0	1.0	11.0	0.0	183.0	0.0	0.0	0.0	0.0	0.0	0.0	0.0	0.0	0.0	0.0	0.0	0.0	0.0	0.0	0.0	0.0	0.0	0.0	0.0	0.0	0.0	0.0	0.0	0.0	0.0	0.0	0.0	0.0	0.0	85.0	0.0	0.0	0.0	0.0	0.0	0.0	125.0	0.0	0.0	0.0	0.0	0.0	0.0	0.0	339.0	336.0	0.0	0.0	15.0	0.0	0.0	0.0	0.0	0.0	0.0	0.0	0.0	0.0	0.0	0.0	0.0	0.0	0.0	0.0	0.0	0.0	0.0	0.0	0.0	0.0	0.0	0.0	0.0	0.0	0.0	0.0	738.0	0.0	214.0	0.0	0.0	0.0	0.0	0.0	0.0	0.0
